ISO-10303-21;
HEADER;
FILE_DESCRIPTION (( 'STEP AP203' ),
    '1' );
FILE_NAME ('Button GH1358-ND 5A_91772A555.STEP.STEP',
    '2026-06-22T08:49:26',
    ( 'localuser' ),
    ( '' ),
    'SwSTEP 2.0',
    'SolidWorks 2025',
    '' );
FILE_SCHEMA (( 'CONFIG_CONTROL_DESIGN' ));
ENDSEC;

DATA;
#1 = EDGE_LOOP ( 'NONE', ( #1508, #2340, #1827, #989 ) ) ;
#2 =( BOUNDED_CURVE ( )  B_SPLINE_CURVE ( 2, ( #2124, #3073, #933, #1901, #2425, #2854, #2593, #704, #1672 ),
 .UNSPECIFIED., .F., .F. ) 
 B_SPLINE_CURVE_WITH_KNOTS ( ( 3, 2, 2, 2, 3 ),
 ( 0.08333333333333330095, 0.09259259259259260133, 0.1111111111111110078, 0.1296296296296295947, 0.1388888888888890061 ),
 .UNSPECIFIED. ) 
 CURVE ( )  GEOMETRIC_REPRESENTATION_ITEM ( )  RATIONAL_B_SPLINE_CURVE ( ( 0.9330127018922189652, 0.9330127018922189652, 1.000000000000000000, 0.8660254037844389297, 1.000000000000000000, 0.8660254037844389297, 1.000000000000000000, 0.9330127018922189652, 0.9330127018922189652 ) ) 
 REPRESENTATION_ITEM ( '' )  );
#3 = CARTESIAN_POINT ( 'NONE',  ( 2.659444251809579551, -2.324088772396479843E-15, 2.530078124999999734 ) ) ;
#4 = CARTESIAN_POINT ( 'NONE',  ( 1.833087104677061152, 3.174999999999995826, 3.952213541666658170 ) ) ;
#5 = ORIENTED_EDGE ( 'NONE', *, *, #2012, .F. ) ;
#6 = CARTESIAN_POINT ( 'NONE',  ( 2.303146282015595236, -1.329722125904787777, 0.04492095833333910326 ) ) ;
#7 = AXIS2_PLACEMENT_3D ( 'NONE', #2902, #1952, #1489 ) ;
#8 = CARTESIAN_POINT ( 'NONE',  ( 2.659444251809579551, 1.162044386198240069E-16, 0.1205071250000054051 ) ) ;
#9 = CARTESIAN_POINT ( 'NONE',  ( -1.433356380714540056E-14, -2.659444251809579551, 6.300390624999989697 ) ) ;
#10 = AXIS2_PLACEMENT_3D ( 'NONE', #2432, #2211, #2230 ) ;
#11 = CARTESIAN_POINT ( 'NONE',  ( -2.303146282015589907, 1.329722125904791996, 1.372526041666668029 ) ) ;
#12 = DIRECTION ( 'NONE',  ( 0.000000000000000000, 0.000000000000000000, -1.000000000000000000 ) ) ;
#13 = CIRCLE ( 'NONE', #1360, 2.659444251809579551 ) ;
#14 = CARTESIAN_POINT ( 'NONE',  ( 2.749630657015589730, -1.587499999999999911, 2.960026041666659946 ) ) ;
#15 = CARTESIAN_POINT ( 'NONE',  ( 2.749630657015589730, -1.587499999999999911, 6.829557291666650265 ) ) ;
#16 = CC_DESIGN_APPROVAL ( #2286, ( #1219 ) ) ;
#17 = AXIS2_PLACEMENT_3D ( 'NONE', #1938, #2188, #50 ) ;
#18 = CARTESIAN_POINT ( 'NONE',  ( 1.535430854677063195, 2.659444251809578219, 3.456119791666665275 ) ) ;
#19 = EDGE_LOOP ( 'NONE', ( #591, #291, #1988, #1830 ) ) ;
#20 = CARTESIAN_POINT ( 'NONE',  ( 2.735680435979737535, -1.457404154064104951, 0.4397790933519021839 ) ) ;
#21 = ADVANCED_FACE ( 'NONE', ( #3068 ), #2632, .T. ) ;
#22 = ORIENTED_EDGE ( 'NONE', *, *, #2490, .T. ) ;
#23 = DIRECTION ( 'NONE',  ( 1.000000000000000000, 0.000000000000000000, 0.000000000000000000 ) ) ;
#24 = CARTESIAN_POINT ( 'NONE',  ( 2.749630657015589730, -1.587499999999999911, 4.547526041666659857 ) ) ;
#25 = CARTESIAN_POINT ( 'NONE',  ( -2.303146282015595236, 1.329722125904789776, 2.960026041666665275 ) ) ;
#26 = CARTESIAN_POINT ( 'NONE',  ( -2.659444251809579551, 3.486133158594715031E-16, 0.5457031250000049516 ) ) ;
#27 =( BOUNDED_CURVE ( )  B_SPLINE_CURVE ( 2, ( #2973, #1063, #1298, #3022, #416, #2299, #668, #1365, #1596 ),
 .UNSPECIFIED., .F., .F. ) 
 B_SPLINE_CURVE_WITH_KNOTS ( ( 3, 2, 2, 2, 3 ),
 ( 0.4722222222222220434, 0.4814814814814820099, 0.5000000000000000000, 0.5185185185185190448, 0.5277777777777779011 ),
 .UNSPECIFIED. ) 
 CURVE ( )  GEOMETRIC_REPRESENTATION_ITEM ( )  RATIONAL_B_SPLINE_CURVE ( ( 0.9330127018922189652, 0.9330127018922199644, 1.000000000000000000, 0.8660254037844389297, 1.000000000000000000, 0.8660254037844389297, 1.000000000000000000, 0.9330127018922189652, 0.9330127018922189652 ) ) 
 REPRESENTATION_ITEM ( '' )  );
#28 = CARTESIAN_POINT ( 'NONE',  ( -3.174999999999999822, 3.888253587292845095E-16, 0.000000000000000000 ) ) ;
#29 = CARTESIAN_POINT ( 'NONE',  ( -2.659444251809579551, 5.868324150301109700E-15, 6.101953124999989875 ) ) ;
#30 = CARTESIAN_POINT ( 'NONE',  ( 2.659444251809579551, 1.743066579297359981E-16, 1.041796875000001954 ) ) ;
#31 = DIRECTION ( 'NONE',  ( 1.000000000000000000, 0.000000000000000000, 0.000000000000000000 ) ) ;
#32 = CARTESIAN_POINT ( 'NONE',  ( 2.659444251809579551, 3.660439816524454776E-15, 5.705078125000000888 ) ) ;
#33 = DIRECTION ( 'NONE',  ( 0.000000000000000000, 0.000000000000000000, 1.000000000000000000 ) ) ;
#34 = CARTESIAN_POINT ( 'NONE',  ( -3.070861709354126390, 1.880360481492350803E-16, 2.926953125000000266 ) ) ;
#35 = ORIENTED_EDGE ( 'NONE', *, *, #1435, .T. ) ;
#36 = CARTESIAN_POINT ( 'NONE',  ( 2.307032087767260098, -1.571444631375694678, 6.349999999999999645 ) ) ;
#37 = ORIENTED_EDGE ( 'NONE', *, *, #3071, .T. ) ;
#38 = CARTESIAN_POINT ( 'NONE',  ( 2.286000000000000032, -1.250950000000000006, 21.67890000000000228 ) ) ;
#39 = CARTESIAN_POINT ( 'NONE',  ( -2.749630657015595059, 1.587499999999999911, 4.150651041666659324 ) ) ;
#40 = ADVANCED_FACE ( 'NONE', ( #1401 ), #2819, .T. ) ;
#41 = CARTESIAN_POINT ( 'NONE',  ( 1.535430854677063195, 2.659444251809578219, 2.761588541666666785 ) ) ;
#42 = CYLINDRICAL_SURFACE ( 'NONE', #2954, 2.057399999999999896 ) ;
#43 = CARTESIAN_POINT ( 'NONE',  ( -2.749630657015589730, 1.587499999999999911, 3.257682291666660124 ) ) ;
#44 = EDGE_CURVE ( 'NONE', #559, #384, #2868, .T. ) ;
#45 = CARTESIAN_POINT ( 'NONE',  ( -1.803399999999999892, 0.000000000000000000, -3.810000000000000053 ) ) ;
#46 =( BOUNDED_CURVE ( )  B_SPLINE_CURVE ( 2, ( #1038, #2680, #2709, #791, #327, #104, #2010, #2481, #823 ),
 .UNSPECIFIED., .F., .F. ) 
 B_SPLINE_CURVE_WITH_KNOTS ( ( 3, 2, 2, 2, 3 ),
 ( 0.3055555555555554692, 0.3148148148148149916, 0.3333333333333335369, 0.3518518518518519711, 0.3611111111111109939 ),
 .UNSPECIFIED. ) 
 CURVE ( )  GEOMETRIC_REPRESENTATION_ITEM ( )  RATIONAL_B_SPLINE_CURVE ( ( 0.9330127018922189652, 0.9330127018922199644, 1.000000000000000000, 0.8660254037844389297, 1.000000000000000000, 0.8660254037844389297, 1.000000000000000000, 0.9330127018922189652, 0.9330127018922189652 ) ) 
 REPRESENTATION_ITEM ( '' )  );
#47 = PLANE ( 'NONE',  #2019 ) ;
#48 = CARTESIAN_POINT ( 'NONE',  ( -2.303146282015595236, -1.329722125904786001, 1.504817708333334947 ) ) ;
#49 = CARTESIAN_POINT ( 'NONE',  ( -2.659444251809579551, -1.743066579297359981E-15, 2.232421875000000000 ) ) ;
#50 = DIRECTION ( 'NONE',  ( 1.000000000000000000, 0.000000000000000000, 0.000000000000000000 ) ) ;
#51 = CARTESIAN_POINT ( 'NONE',  ( 1.535430854677063195, 2.659444251809578219, 5.837369791666665364 ) ) ;
#52 = ORIENTED_EDGE ( 'NONE', *, *, #354, .T. ) ;
#53 = DIRECTION ( 'NONE',  ( 1.000000000000000000, 0.000000000000000000, 0.000000000000000000 ) ) ;
#54 = ORIENTED_EDGE ( 'NONE', *, *, #654, .T. ) ;
#55 = CARTESIAN_POINT ( 'NONE',  ( -2.659444251809579551, -1.045839947578413819E-15, 3.720703125000000000 ) ) ;
#56 = CARTESIAN_POINT ( 'NONE',  ( 1.535430854677060752, -2.659444251809578219, 2.397786458333333481 ) ) ;
#57 = CARTESIAN_POINT ( 'NONE',  ( 2.303146282015595236, 1.329722125904786001, 5.870442708333329485 ) ) ;
#58 = CARTESIAN_POINT ( 'NONE',  ( 2.286000000000000032, 1.250950000000000006, 21.67890000000000228 ) ) ;
#59 =( BOUNDED_CURVE ( )  B_SPLINE_CURVE ( 2, ( #2136, #3072, #689, #519, #455, #3086, #1934, #1471, #2424 ),
 .UNSPECIFIED., .F., .F. ) 
 B_SPLINE_CURVE_WITH_KNOTS ( ( 3, 2, 2, 2, 3 ),
 ( 0.5277777777777779011, 0.5370370370370370905, 0.5555555555555560243, 0.5740740740740739589, 0.5833333333333330373 ),
 .UNSPECIFIED. ) 
 CURVE ( )  GEOMETRIC_REPRESENTATION_ITEM ( )  RATIONAL_B_SPLINE_CURVE ( ( 0.9330127018922189652, 0.9330127018922189652, 1.000000000000000000, 0.8660254037844389297, 1.000000000000000000, 0.8660254037844389297, 1.000000000000000000, 0.9330127018922189652, 0.9330127018922189652 ) ) 
 REPRESENTATION_ITEM ( '' )  );
#60 = CARTESIAN_POINT ( 'NONE',  ( 1.535430854677075185, 2.659444251809572890, 5.043619791666663410 ) ) ;
#61 = CARTESIAN_POINT ( 'NONE',  ( 3.174999999999999822, -9.354457308895818617E-15, 3.720703124999989786 ) ) ;
#62 = ADVANCED_FACE ( 'NONE', ( #2849 ), #2071, .F. ) ;
#63 = CARTESIAN_POINT ( 'NONE',  ( 1.535430854677072521, 2.659444251809572890, 2.761588541666666785 ) ) ;
#64 = AXIS2_PLACEMENT_3D ( 'NONE', #197, #3069, #716 ) ;
#65 = CARTESIAN_POINT ( 'NONE',  ( 1.535430854677063195, 2.659444251809578219, 0.2716794583333383972 ) ) ;
#66 = DIRECTION ( 'NONE',  ( 0.000000000000000000, 0.000000000000000000, 1.000000000000000000 ) ) ;
#67 = ORIENTED_EDGE ( 'NONE', *, *, #915, .F. ) ;
#68 = VECTOR ( 'NONE', #775, 1000.000000000000000 ) ;
#69 = CARTESIAN_POINT ( 'NONE',  ( -2.749630657015599944, -1.587499999999999911, 4.282942708333325577 ) ) ;
#70 = VECTOR ( 'NONE', #865, 1000.000000000000000 ) ;
#71 = VECTOR ( 'NONE', #1299, 1000.000000000000000 ) ;
#72 = ORIENTED_EDGE ( 'NONE', *, *, #2032, .F. ) ;
#73 = CARTESIAN_POINT ( 'NONE',  ( 4.762500000000000178, 5.832380380939270108E-16, 6.349999999999999645 ) ) ;
#74 = CARTESIAN_POINT ( 'NONE',  ( 0.000000000000000000, 2.659444251809579551, 1.141015625000002087 ) ) ;
#75 = CARTESIAN_POINT ( 'NONE',  ( -2.303146282015595236, 1.329722125904789776, 3.753776041666665453 ) ) ;
#76 = CARTESIAN_POINT ( 'NONE',  ( -2.659444251809575555, -0.7125959395879570835, 4.549900570248698983 ) ) ;
#77 = CARTESIAN_POINT ( 'NONE',  ( 3.174999999999999822, 1.162044386198240119E-15, 0.5457031249999989564 ) ) ;
#78 = CARTESIAN_POINT ( 'NONE',  ( 0.1079611609801364308, -3.131882786653322981, 0.4742939283475260948 ) ) ;
#79 = CARTESIAN_POINT ( 'NONE',  ( -4.762500000000000178, 0.000000000000000000, 6.349999999999999645 ) ) ;
#80 = CARTESIAN_POINT ( 'NONE',  ( 2.605503912391539831E-15, 2.659444251809579551, 2.827734374999999911 ) ) ;
#81 = CARTESIAN_POINT ( 'NONE',  ( 2.286000000000000032, 1.250950000000000006, 21.67890000000000228 ) ) ;
#82 = ADVANCED_FACE ( 'NONE', ( #1170 ), #269, .T. ) ;
#83 = CARTESIAN_POINT ( 'NONE',  ( 2.021380784422496912, -1.747272224391886342, 0.01202246856323517521 ) ) ;
#84 = CARTESIAN_POINT ( 'NONE',  ( 3.908255868587315071E-15, 2.659444251809579551, 4.415234374999995381 ) ) ;
#85 = ORIENTED_EDGE ( 'NONE', *, *, #2769, .T. ) ;
#86 = CARTESIAN_POINT ( 'NONE',  ( -3.174999999999999822, 5.577813053751549571E-15, 4.216796874999990230 ) ) ;
#87 = ORIENTED_EDGE ( 'NONE', *, *, #3032, .T. ) ;
#88 = CARTESIAN_POINT ( 'NONE',  ( 7.776507174585690191E-16, 3.174999999999999822, 0.8433593749999981348 ) ) ;
#89 = CARTESIAN_POINT ( 'NONE',  ( -1.833087104677061152, -3.174999999999995826, 6.730338541666649022 ) ) ;
#90 = CARTESIAN_POINT ( 'NONE',  ( -1.535430854677063195, -2.659444251809578219, 2.364713541666666252 ) ) ;
#91 = LINE ( 'NONE', #2015, #123 ) ;
#92 = CARTESIAN_POINT ( 'NONE',  ( 3.174999999999999822, 0.8507386859688149672, 1.374900570248697829 ) ) ;
#93 = CARTESIAN_POINT ( 'NONE',  ( -2.717000665641668533, -1.387358549274084307, 0.3841150286427584271 ) ) ;
#94 = FACE_OUTER_BOUND ( 'NONE', #1653, .T. ) ;
#95 = DIRECTION ( 'NONE',  ( 1.000000000000000000, 0.000000000000000000, 0.000000000000000000 ) ) ;
#96 = DIRECTION ( 'NONE',  ( 1.000000000000000000, 0.000000000000000000, 0.000000000000000000 ) ) ;
#97 = LINE ( 'NONE', #832, #1718 ) ;
#98 = VERTEX_POINT ( 'NONE', #987 ) ;
#99 = EDGE_CURVE ( 'NONE', #2578, #712, #623, .T. ) ;
#100 = CARTESIAN_POINT ( 'NONE',  ( 3.174999999999999822, 0.000000000000000000, 0.000000000000000000 ) ) ;
#101 = ORIENTED_EDGE ( 'NONE', *, *, #2099, .T. ) ;
#102 = EDGE_CURVE ( 'NONE', #2463, #679, #1995, .T. ) ;
#103 = ADVANCED_FACE ( 'NONE', ( #2503 ), #1160, .T. ) ;
#104 = CARTESIAN_POINT ( 'NONE',  ( -1.833087104677060930, 3.175000000000002043, 2.497005208333324955 ) ) ;
#105 = CARTESIAN_POINT ( 'NONE',  ( -2.749630657015595059, -1.587499999999999911, 6.664192708333319892 ) ) ;
#106 = CARTESIAN_POINT ( 'NONE',  ( 0.000000000000000000, 3.174999999999999822, 3.125390624999995204 ) ) ;
#107 = CARTESIAN_POINT ( 'NONE',  ( 2.749630657015595059, 1.587499999999999911, 2.199348958333330106 ) ) ;
#108 = FACE_OUTER_BOUND ( 'NONE', #970, .T. ) ;
#109 = CARTESIAN_POINT ( 'NONE',  ( -2.487739510048323499, -1.773204276623313591, 0.3950647988081520956 ) ) ;
#110 = APPLICATION_PROTOCOL_DEFINITION ( 'international standard', 'config_control_design', 1994, #150 ) ;
#111 = DIRECTION ( 'NONE',  ( 0.000000000000000000, 0.000000000000000000, -1.000000000000000000 ) ) ;
#112 = CARTESIAN_POINT ( 'NONE',  ( -3.937000000000000277, 0.000000000000000000, 15.74800000000000111 ) ) ;
#113 = CARTESIAN_POINT ( 'NONE',  ( -2.749630657015595059, -1.587499999999999911, 1.802473958333330017 ) ) ;
#114 = CARTESIAN_POINT ( 'NONE',  ( 2.659444251809579995, 0.7125959395879580827, 4.252244320248693477 ) ) ;
#115 = ORIENTED_EDGE ( 'NONE', *, *, #584, .T. ) ;
#116 = AXIS2_PLACEMENT_3D ( 'NONE', #1899, #1402, #1884 ) ;
#117 = CARTESIAN_POINT ( 'NONE',  ( 2.919144156322784234, 0.5063470388868017702, 6.349999999999999645 ) ) ;
#118 = ORIENTED_EDGE ( 'NONE', *, *, #272, .F. ) ;
#119 = CARTESIAN_POINT ( 'NONE',  ( -0.1896535411431708729, -2.751089765245531726, 0.09809442903357916410 ) ) ;
#120 = AXIS2_PLACEMENT_3D ( 'NONE', #749, #2871, #472 ) ;
#121 = EDGE_CURVE ( 'NONE', #3033, #1704, #600, .T. ) ;
#122 = CARTESIAN_POINT ( 'NONE',  ( -3.666174209354122304, 2.244884255301054691E-16, 0.1488281249999993672 ) ) ;
#123 = VECTOR ( 'NONE', #330, 1000.000000000000000 ) ;
#124 = CARTESIAN_POINT ( 'NONE',  ( -3.937000000000000277, 0.000000000000000000, 15.74800000000000111 ) ) ;
#125 = CARTESIAN_POINT ( 'NONE',  ( -3.174999999999999822, 3.888253587292845095E-16, 0.000000000000000000 ) ) ;
#126 = CARTESIAN_POINT ( 'NONE',  ( 0.000000000000000000, 0.000000000000000000, 0.000000000000000000 ) ) ;
#127 = DIRECTION ( 'NONE',  ( 1.000000000000000000, 0.000000000000000000, 0.000000000000000000 ) ) ;
#128 = CARTESIAN_POINT ( 'NONE',  ( -2.303146282015595236, 1.329722125904789776, 6.829557291666659147 ) ) ;
#129 = ORIENTED_EDGE ( 'NONE', *, *, #1929, .F. ) ;
#130 = DIRECTION ( 'NONE',  ( 1.000000000000000000, 0.000000000000000000, 0.000000000000000000 ) ) ;
#131 = EDGE_LOOP ( 'NONE', ( #1394, #2976, #2529, #1726 ) ) ;
#132 = CARTESIAN_POINT ( 'NONE',  ( -0.5228149004589422999, -2.671346316818645317, 0.06240621100125193915 ) ) ;
#133 = ORIENTED_EDGE ( 'NONE', *, *, #1744, .F. ) ;
#134 = EDGE_CURVE ( 'NONE', #174, #1333, #1017, .T. ) ;
#135 = DIRECTION ( 'NONE',  ( 1.000000000000000000, 0.000000000000000000, 0.000000000000000000 ) ) ;
#136 = CARTESIAN_POINT ( 'NONE',  ( -1.535430854677084067, -2.659444251809566673, 5.539713541666656305 ) ) ;
#137 = DATE_TIME_ROLE ( 'classification_date' ) ;
#138 = EDGE_CURVE ( 'NONE', #2357, #2081, #1816, .T. ) ;
#139 = CARTESIAN_POINT ( 'NONE',  ( -1.144540186358863565, 2.677137997267670322, 0.2520860254177303417 ) ) ;
#140 = CARTESIAN_POINT ( 'NONE',  ( 2.573987761568959698, 1.027389795432328112, 0.1119301944537876153 ) ) ;
#141 = DIRECTION ( 'NONE',  ( -1.000000000000000000, 0.000000000000000000, 0.000000000000000000 ) ) ;
#142 = ORIENTED_EDGE ( 'NONE', *, *, #1574, .T. ) ;
#143 = CARTESIAN_POINT ( 'NONE',  ( 2.546781508806555738, -1.216432866184726791, 6.350000000000000533 ) ) ;
#144 = VERTEX_POINT ( 'NONE', #2253 ) ;
#145 = CARTESIAN_POINT ( 'NONE',  ( -2.659444251809575555, -0.7125959395879570835, 3.855369320248693832 ) ) ;
#146 = ORIENTED_EDGE ( 'NONE', *, *, #332, .T. ) ;
#147 = CARTESIAN_POINT ( 'NONE',  ( -3.174999999999999822, 5.577813053751549571E-15, 4.216796874999990230 ) ) ;
#148 = FACE_OUTER_BOUND ( 'NONE', #2147, .T. ) ;
#149 = CARTESIAN_POINT ( 'NONE',  ( -1.170580309485593329, 2.666764424937802413, 0.2528868980981569536 ) ) ;
#150 = APPLICATION_CONTEXT ( 'configuration controlled 3d designs of mechanical parts and assemblies' ) ;
#151 = EDGE_CURVE ( 'NONE', #633, #941, #319, .T. ) ;
#152 = CARTESIAN_POINT ( 'NONE',  ( 2.123634778827621084, 1.825624419159501910, 0.1405574442433360494 ) ) ;
#153 = FACE_OUTER_BOUND ( 'NONE', #1926, .T. ) ;
#154 = ORIENTED_EDGE ( 'NONE', *, *, #2218, .T. ) ;
#155 =( BOUNDED_CURVE ( )  B_SPLINE_CURVE ( 2, ( #61, #1278, #537, #568, #1999, #1783, #1059, #298, #2718 ),
 .UNSPECIFIED., .F., .F. ) 
 B_SPLINE_CURVE_WITH_KNOTS ( ( 3, 2, 2, 2, 3 ),
 ( 0.5277777777777779011, 0.5370370370370370905, 0.5555555555555560243, 0.5740740740740739589, 0.5833333333333330373 ),
 .UNSPECIFIED. ) 
 CURVE ( )  GEOMETRIC_REPRESENTATION_ITEM ( )  RATIONAL_B_SPLINE_CURVE ( ( 0.9330127018922189652, 0.9330127018922189652, 1.000000000000000000, 0.8660254037844389297, 1.000000000000000000, 0.8660254037844389297, 1.000000000000000000, 0.9330127018922189652, 0.9330127018922189652 ) ) 
 REPRESENTATION_ITEM ( '' )  );
#156 = CARTESIAN_POINT ( 'NONE',  ( 1.488019091555714546, 2.796200573687728230, 6.349999999999998757 ) ) ;
#157 = VERTEX_POINT ( 'NONE', #542 ) ;
#158 = CARTESIAN_POINT ( 'NONE',  ( -0.8227143228331714742, -2.559544753737493128, 0.02700476726102804537 ) ) ;
#159 = VECTOR ( 'NONE', #2931, 1000.000000000000000 ) ;
#160 =( BOUNDED_CURVE ( )  B_SPLINE_CURVE ( 2, ( #231, #931, #1885, #3070, #2604, #2135, #43, #946, #2354 ),
 .UNSPECIFIED., .F., .F. ) 
 B_SPLINE_CURVE_WITH_KNOTS ( ( 3, 2, 2, 2, 3 ),
 ( 0.4166666666666665186, 0.4259259259259259855, 0.4444444444444444753, 0.4629629629629629650, 0.4722222222222220434 ),
 .UNSPECIFIED. ) 
 CURVE ( )  GEOMETRIC_REPRESENTATION_ITEM ( )  RATIONAL_B_SPLINE_CURVE ( ( 0.9330127018922189652, 0.9330127018922199644, 1.000000000000000000, 0.8660254037844389297, 1.000000000000000000, 0.8660254037844389297, 1.000000000000000000, 0.9330127018922189652, 0.9330127018922189652 ) ) 
 REPRESENTATION_ITEM ( '' )  );
#161 = ORIENTED_EDGE ( 'NONE', *, *, #2139, .T. ) ;
#162 = VECTOR ( 'NONE', #2326, 1000.000000000000000 ) ;
#163 = CARTESIAN_POINT ( 'NONE',  ( -2.057399999999999896, 2.519588324565765294E-16, -3.810000000000000053 ) ) ;
#164 = CARTESIAN_POINT ( 'NONE',  ( 2.749630657015604829, 1.587499999999999911, 6.267317708333320248 ) ) ;
#165 = AXIS2_PLACEMENT_3D ( 'NONE', #1230, #981, #2150 ) ;
#166 = APPROVAL_ROLE ( '' ) ;
#167 = CARTESIAN_POINT ( 'NONE',  ( -2.394979565051460479, 1.735023808604782225, 0.2963879513098343077 ) ) ;
#168 = CARTESIAN_POINT ( 'NONE',  ( 1.233174060055751253, 2.563078775054271397, 0.1795977990571639704 ) ) ;
#169 = CARTESIAN_POINT ( 'NONE',  ( 2.659444251809579995, 0.7125959395879614133, 5.045994320248694542 ) ) ;
#170 = VERTEX_POINT ( 'NONE', #1787 ) ;
#171 = EDGE_CURVE ( 'NONE', #394, #1542, #2394, .T. ) ;
#172 = CARTESIAN_POINT ( 'NONE',  ( -2.749630657015589730, 1.587499999999999911, 4.845182291666659147 ) ) ;
#173 = CARTESIAN_POINT ( 'NONE',  ( 2.749630657015595059, 1.587499999999999911, 3.786848958333324688 ) ) ;
#174 = VERTEX_POINT ( 'NONE', #1491 ) ;
#175 = ADVANCED_FACE ( 'NONE', ( #1740 ), #2035, .T. ) ;
#176 = CARTESIAN_POINT ( 'NONE',  ( -3.174999999999999822, -1.278248824818062079E-15, 3.323828124999995026 ) ) ;
#177 = ORIENTED_EDGE ( 'NONE', *, *, #1282, .T. ) ;
#178 = DIRECTION ( 'NONE',  ( 1.733406087350419758E-16, -1.000000000000000000, 0.000000000000000000 ) ) ;
#179 = DIRECTION ( 'NONE',  ( 0.000000000000000000, 0.000000000000000000, 1.000000000000000000 ) ) ;
#180 =( BOUNDED_CURVE ( )  B_SPLINE_CURVE ( 2, ( #747, #997, #2851, #717, #2402, #1670, #2621 ),
 .UNSPECIFIED., .F., .F. ) 
 B_SPLINE_CURVE_WITH_KNOTS ( ( 3, 2, 2, 3 ),
 ( 0.04846455101191000231, 0.05555555555555560104, 0.07407407407407409772, 0.08333333333333330095 ),
 .UNSPECIFIED. ) 
 CURVE ( )  GEOMETRIC_REPRESENTATION_ITEM ( )  RATIONAL_B_SPLINE_CURVE ( ( 0.9366860371835159516, 0.9486992185931280019, 1.000000000000000000, 0.8660254037844389297, 1.000000000000000000, 0.9330127018922189652, 0.9330127018922189652 ) ) 
 REPRESENTATION_ITEM ( '' )  );
#181 = CARTESIAN_POINT ( 'NONE',  ( 0.000000000000000000, 0.000000000000000000, 21.67890000000000228 ) ) ;
#182 = DATE_TIME_ROLE ( 'creation_date' ) ;
#183 = CARTESIAN_POINT ( 'NONE',  ( -0.3275620437050064671, 2.875896603510778693, 0.2286084939963442253 ) ) ;
#184 = CARTESIAN_POINT ( 'NONE',  ( 2.461765510590898209, -1.100943119316406094, 0.03726359846772933637 ) ) ;
#185 = CARTESIAN_POINT ( 'NONE',  ( 4.559631846685200127E-15, 2.659444251809579551, 5.208984374999990230 ) ) ;
#186 = ORIENTED_EDGE ( 'NONE', *, *, #1761, .F. ) ;
#187 = CARTESIAN_POINT ( 'NONE',  ( -2.749630657015599944, -1.587499999999999911, 3.489192708333324955 ) ) ;
#188 = CARTESIAN_POINT ( 'NONE',  ( -2.749630657015595059, -1.587499999999999911, 1.008723958333330062 ) ) ;
#189 = ORIENTED_EDGE ( 'NONE', *, *, #711, .F. ) ;
#190 = CARTESIAN_POINT ( 'NONE',  ( -3.174999999999999822, 7.088470755809258136E-15, 5.804296874999989697 ) ) ;
#191 = CARTESIAN_POINT ( 'NONE',  ( 3.091459064387720002, -0.7235370434297110354, 0.5155557481904280426 ) ) ;
#192 = EDGE_CURVE ( 'NONE', #2879, #2594, #572, .T. ) ;
#193 = EDGE_LOOP ( 'NONE', ( #1158, #2953, #624, #2496, #2144, #1409 ) ) ;
#194 = LINE ( 'NONE', #399, #412 ) ;
#195 = PLANE ( 'NONE',  #1610 ) ;
#196 = CARTESIAN_POINT ( 'NONE',  ( 2.303146282015595236, -1.329722125904789776, 0.1819010416666704821 ) ) ;
#197 = CARTESIAN_POINT ( 'NONE',  ( 0.000000000000000000, 0.000000000000000000, 0.000000000000000000 ) ) ;
#198 = CARTESIAN_POINT ( 'NONE',  ( -1.439880979453588505, 2.542476376991637643, 0.2613496873538140308 ) ) ;
#199 = CARTESIAN_POINT ( 'NONE',  ( 2.610578487738657305, 0.9199722340786478103, 0.1082730778343522632 ) ) ;
#200 = DIRECTION ( 'NONE',  ( 0.000000000000000000, -1.000000000000000000, 0.000000000000000000 ) ) ;
#201 = ORIENTED_EDGE ( 'NONE', *, *, #251, .F. ) ;
#202 = CARTESIAN_POINT ( 'NONE',  ( -3.174999999999999822, -1.278248824818062079E-15, 3.423046874999994937 ) ) ;
#203 = CARTESIAN_POINT ( 'NONE',  ( 2.749630657015595059, 1.587499999999999911, 1.405598958333329929 ) ) ;
#204 = ORIENTED_EDGE ( 'NONE', *, *, #734, .T. ) ;
#205 = CARTESIAN_POINT ( 'NONE',  ( 0.000000000000000000, 0.000000000000000000, 0.000000000000000000 ) ) ;
#206 = CARTESIAN_POINT ( 'NONE',  ( -2.659444251809579551, 5.287301957201990232E-15, 4.613671875000000533 ) ) ;
#207 = ORIENTED_EDGE ( 'NONE', *, *, #2329, .F. ) ;
#208 = CARTESIAN_POINT ( 'NONE',  ( 2.659444251809579551, -4.241462009623570299E-15, 4.216796874999995559 ) ) ;
#209 = CARTESIAN_POINT ( 'NONE',  ( 1.833087104677061152, 3.174999999999995826, 5.539713541666656305 ) ) ;
#210 = EDGE_CURVE ( 'NONE', #776, #2816, #1186, .T. ) ;
#211 = AXIS2_PLACEMENT_3D ( 'NONE', #1209, #485, #2120 ) ;
#212 = CARTESIAN_POINT ( 'NONE',  ( 1.535430854677063195, 2.659444251809578219, 0.3803385416666700269 ) ) ;
#213 = CARTESIAN_POINT ( 'NONE',  ( -3.547345040264625004E-13, 3.174999999999999822, 6.349999999999999645 ) ) ;
#214 = DIRECTION ( 'NONE',  ( 0.000000000000000000, 0.000000000000000000, 1.000000000000000000 ) ) ;
#215 = AXIS2_PLACEMENT_3D ( 'NONE', #2459, #818, #1774 ) ;
#216 = CONICAL_SURFACE ( 'NONE', #2759, 5.834444251809580706, 0.7853981633974426169 ) ;
#217 = LINE ( 'NONE', #2605, #268 ) ;
#218 = CYLINDRICAL_SURFACE ( 'NONE', #1815, 2.659444251809579551 ) ;
#219 = EDGE_LOOP ( 'NONE', ( #1976, #398, #619, #457 ) ) ;
#220 = CARTESIAN_POINT ( 'NONE',  ( 1.833087104677060930, -3.175000000000002043, 3.687630208333322113 ) ) ;
#221 = CARTESIAN_POINT ( 'NONE',  ( 1.833087104677060930, 3.174999999999990052, 3.158463541666662433 ) ) ;
#222 = ORIENTED_EDGE ( 'NONE', *, *, #2940, .T. ) ;
#223 = PLANE ( 'NONE',  #1962 ) ;
#224 = VERTEX_POINT ( 'NONE', #900 ) ;
#225 =( BOUNDED_CURVE ( )  B_SPLINE_CURVE ( 2, ( #2922, #785, #1328, #630, #1813, #3026, #883, #1825, #3059 ),
 .UNSPECIFIED., .F., .F. ) 
 B_SPLINE_CURVE_WITH_KNOTS ( ( 3, 2, 2, 2, 3 ),
 ( 0.7500000000000000000, 0.7592592592592589673, 0.7777777777777779011, 0.7962962962962959468, 0.8055555555555560243 ),
 .UNSPECIFIED. ) 
 CURVE ( )  GEOMETRIC_REPRESENTATION_ITEM ( )  RATIONAL_B_SPLINE_CURVE ( ( 0.9330127018922189652, 0.9330127018922199644, 1.000000000000000000, 0.8660254037844389297, 1.000000000000000000, 0.8660254037844389297, 1.000000000000000000, 0.9330127018922189652, 0.9330127018922189652 ) ) 
 REPRESENTATION_ITEM ( '' )  );
#226 = CARTESIAN_POINT ( 'NONE',  ( 1.535430854677058976, -2.659444251809578219, 2.497005208333330728 ) ) ;
#227 = CARTESIAN_POINT ( 'NONE',  ( 1.833087104677061152, 3.174999999999995826, 1.570963541666663188 ) ) ;
#228 = CARTESIAN_POINT ( 'NONE',  ( 1.535430854677063195, 2.659444251809578219, 1.174088541666668872 ) ) ;
#229 = CARTESIAN_POINT ( 'NONE',  ( -3.174999999999999822, 4.648177544792960277E-16, 1.041796874999997957 ) ) ;
#230 = EDGE_CURVE ( 'NONE', #850, #2879, #2520, .T. ) ;
#231 = CARTESIAN_POINT ( 'NONE',  ( 3.174999999999999822, -3.486133158594715622E-15, 2.926953124999995381 ) ) ;
#232 = LINE ( 'NONE', #2636, #2565 ) ;
#233 = ADVANCED_FACE ( 'NONE', ( #2103 ), #392, .T. ) ;
#234 = CARTESIAN_POINT ( 'NONE',  ( -3.174999999999999822, -2.033577675846919714E-15, 2.530078124999994849 ) ) ;
#235 = ORIENTED_EDGE ( 'NONE', *, *, #1643, .T. ) ;
#236 = CARTESIAN_POINT ( 'NONE',  ( 0.000000000000000000, 0.000000000000000000, -3.810000000000000053 ) ) ;
#237 = CARTESIAN_POINT ( 'NONE',  ( -3.888253587292845095E-16, -3.174999999999999822, 4.316015624999990585 ) ) ;
#238 = CARTESIAN_POINT ( 'NONE',  ( -1.535430854677063195, 2.659444251809578219, 4.382161458333326820 ) ) ;
#239 = ORIENTED_EDGE ( 'NONE', *, *, #2679, .F. ) ;
#240 = DIRECTION ( 'NONE',  ( 0.000000000000000000, 0.000000000000000000, 1.000000000000000000 ) ) ;
#241 = VERTEX_POINT ( 'NONE', #1327 ) ;
#242 = CARTESIAN_POINT ( 'NONE',  ( 2.749630657015589730, -1.587499999999999911, 2.860807291666660035 ) ) ;
#243 = CARTESIAN_POINT ( 'NONE',  ( 0.000000000000000000, 3.174999999999999822, 4.812109374999989697 ) ) ;
#244 = CARTESIAN_POINT ( 'NONE',  ( -3.547345040264625004E-13, 3.174999999999999822, 6.300390625000000355 ) ) ;
#245 = CARTESIAN_POINT ( 'NONE',  ( 2.749630657015595059, -1.587499999999999911, -0.2527352916666659732 ) ) ;
#246 = CARTESIAN_POINT ( 'NONE',  ( 1.535430854677063195, 2.659444251809578219, 1.074869791666669183 ) ) ;
#247 = CARTESIAN_POINT ( 'NONE',  ( 2.303146282015589907, -1.329722125904791996, 1.670182291666669983 ) ) ;
#248 = DIRECTION ( 'NONE',  ( 0.000000000000000000, 0.000000000000000000, 1.000000000000000000 ) ) ;
#249 = ORIENTED_EDGE ( 'NONE', *, *, #1075, .T. ) ;
#250 = CARTESIAN_POINT ( 'NONE',  ( 1.833087104677060930, -3.175000000000002043, 1.306380208333330462 ) ) ;
#251 = EDGE_CURVE ( 'NONE', #2643, #850, #656, .T. ) ;
#252 = CARTESIAN_POINT ( 'NONE',  ( 1.833087104677061152, -3.175000000000002043, 4.382161458333320603 ) ) ;
#253 = CARTESIAN_POINT ( 'NONE',  ( 0.000000000000000000, 2.659444251809579551, 2.728515625000000000 ) ) ;
#254 = ORIENTED_EDGE ( 'NONE', *, *, #1051, .F. ) ;
#255 = CARTESIAN_POINT ( 'NONE',  ( 2.413318812515983680, -1.868249844907113433, 0.3924184860389221541 ) ) ;
#256 = EDGE_LOOP ( 'NONE', ( #396, #1902, #1255, #741 ) ) ;
#257 = CARTESIAN_POINT ( 'NONE',  ( -1.555694487621369783E-14, -3.174999999999999822, 4.316015624999990585 ) ) ;
#258 = CARTESIAN_POINT ( 'NONE',  ( 2.749630657015589730, -1.587499999999999911, 3.753776041666660124 ) ) ;
#259 = CARTESIAN_POINT ( 'NONE',  ( -3.070861709354126390, 1.880360481492350803E-16, 0.6449218750000030864 ) ) ;
#260 = CARTESIAN_POINT ( 'NONE',  ( 2.659444251809579551, 0.000000000000000000, 0.000000000000000000 ) ) ;
#261 = CARTESIAN_POINT ( 'NONE',  ( 3.174999999999999822, -2.788906526875774786E-15, 2.232421874999995115 ) ) ;
#262 = CARTESIAN_POINT ( 'NONE',  ( -2.303146282015600121, -1.329722125904779784, 6.168098958333329662 ) ) ;
#263 =( BOUNDED_CURVE ( )  B_SPLINE_CURVE ( 2, ( #2502, #612, #2456, #1752, #2702, #1786, #1045, #2022, #1536 ),
 .UNSPECIFIED., .F., .T. ) 
 B_SPLINE_CURVE_WITH_KNOTS ( ( 3, 2, 2, 2, 3 ),
 ( 0.6944444444444450859, 0.7037037037037039422, 0.7222222222222219878, 0.7407407407407410327, 0.7500000000000000000 ),
 .UNSPECIFIED. ) 
 CURVE ( )  GEOMETRIC_REPRESENTATION_ITEM ( )  RATIONAL_B_SPLINE_CURVE ( ( 0.9330127018922189652, 0.9330127018922199644, 1.000000000000000000, 0.8660254037844389297, 1.000000000000000000, 0.8660254037844389297, 1.000000000000000000, 0.9330127018922179660, 0.9330127018922189652 ) ) 
 REPRESENTATION_ITEM ( '' )  );
#264 = CARTESIAN_POINT ( 'NONE',  ( 0.000000000000000000, 0.000000000000000000, 21.67890000000000228 ) ) ;
#265 = DIRECTION ( 'NONE',  ( 1.000000000000000000, 0.000000000000000000, 0.000000000000000000 ) ) ;
#266 = CIRCLE ( 'NONE', #2110, 4.762500000000000178 ) ;
#267 = CARTESIAN_POINT ( 'NONE',  ( 2.749630657015584845, -1.587499999999999911, 5.242057291666659680 ) ) ;
#268 = VECTOR ( 'NONE', #1166, 1000.000000000000000 ) ;
#269 = CYLINDRICAL_SURFACE ( 'NONE', #1112, 2.659444251809579551 ) ;
#270 = CARTESIAN_POINT ( 'NONE',  ( -1.535430854677063195, 2.659444251809578219, 3.588411458333331083 ) ) ;
#271 = EDGE_LOOP ( 'NONE', ( #1632, #1481 ) ) ;
#272 = EDGE_CURVE ( 'NONE', #2816, #353, #1373, .T. ) ;
#273 = MANIFOLD_SOLID_BREP ( 'NONE', #1468 ) ;
#274 = CARTESIAN_POINT ( 'NONE',  ( 3.174999999999999822, -6.739857439949790084E-15, 6.101953124999989875 ) ) ;
#275 = ORIENTED_EDGE ( 'NONE', *, *, #2083, .F. ) ;
#276 = CARTESIAN_POINT ( 'NONE',  ( -3.174999999999999822, 5.577813053751549571E-15, 4.117578124999989875 ) ) ;
#277 = CARTESIAN_POINT ( 'NONE',  ( -1.833087104677061152, 3.175000000000002043, 4.084505208333323090 ) ) ;
#278 = CARTESIAN_POINT ( 'NONE',  ( -1.535430854677063195, -2.659444251809578219, 3.158463541666662433 ) ) ;
#279 = CARTESIAN_POINT ( 'NONE',  ( -1.833087104677090018, -3.174999999999984279, 5.936588541666657726 ) ) ;
#280 = LINE ( 'NONE', #1403, #2967 ) ;
#281 = CARTESIAN_POINT ( 'NONE',  ( 1.535430854676979262, 2.659444251809734094, 5.936588541666667496 ) ) ;
#282 = CARTESIAN_POINT ( 'NONE',  ( -2.659444251809577775, 0.7125959395879696290, 2.891505679751297464 ) ) ;
#283 = ORIENTED_EDGE ( 'NONE', *, *, #1378, .T. ) ;
#284 = CARTESIAN_POINT ( 'NONE',  ( -2.659444251809579551, 2.788906526875774786E-15, 1.438671875000002043 ) ) ;
#285 = CARTESIAN_POINT ( 'NONE',  ( 2.659444251809579551, -2.324088772396479843E-15, 1.835546874999999911 ) ) ;
#286 =( BOUNDED_CURVE ( )  B_SPLINE_CURVE ( 2, ( #2864, #1696, #729, #2587, #2117, #2646, #449, #1399, #55 ),
 .UNSPECIFIED., .F., .F. ) 
 B_SPLINE_CURVE_WITH_KNOTS ( ( 3, 2, 2, 2, 3 ),
 ( 0.4166666666666665186, 0.4259259259259259855, 0.4444444444444444753, 0.4629629629629629650, 0.4722222222222220434 ),
 .UNSPECIFIED. ) 
 CURVE ( )  GEOMETRIC_REPRESENTATION_ITEM ( )  RATIONAL_B_SPLINE_CURVE ( ( 0.9330127018922189652, 0.9330127018922199644, 1.000000000000000000, 0.8660254037844389297, 1.000000000000000000, 0.8660254037844389297, 1.000000000000000000, 0.9330127018922189652, 0.9330127018922189652 ) ) 
 REPRESENTATION_ITEM ( '' )  );
#287 = CARTESIAN_POINT ( 'NONE',  ( -2.749630657015595059, 1.587499999999999911, 4.051432291666659857 ) ) ;
#288 = CARTESIAN_POINT ( 'NONE',  ( 3.070861709354126390, -5.641081444477046245E-16, 4.911328124999992717 ) ) ;
#289 = ORIENTED_EDGE ( 'NONE', *, *, #1179, .T. ) ;
#290 = LINE ( 'NONE', #2677, #3006 ) ;
#291 = ORIENTED_EDGE ( 'NONE', *, *, #2412, .T. ) ;
#292 = FACE_OUTER_BOUND ( 'NONE', #2119, .T. ) ;
#293 = CARTESIAN_POINT ( 'NONE',  ( -3.256879890489429719E-16, -2.659444251809579551, 0.7441406250000039968 ) ) ;
#294 = EDGE_CURVE ( 'NONE', #1874, #2463, #1671, .T. ) ;
#295 = CARTESIAN_POINT ( 'NONE',  ( -2.303146282015595236, -1.329722125904787777, 2.298567708333334902 ) ) ;
#296 = DIRECTION ( 'NONE',  ( 1.000000000000000000, 0.000000000000000000, 0.000000000000000000 ) ) ;
#297 = DIRECTION ( 'NONE',  ( 0.000000000000000000, 0.000000000000000000, -1.000000000000000000 ) ) ;
#298 = CARTESIAN_POINT ( 'NONE',  ( -3.174999999999999822, 0.8507386859688246261, 4.082130679751293734 ) ) ;
#299 = DIRECTION ( 'NONE',  ( 0.000000000000000000, 0.000000000000000000, 1.000000000000000000 ) ) ;
#300 = CARTESIAN_POINT ( 'NONE',  ( -2.659444251809579551, -1.743066579297359981E-15, 2.232421875000000000 ) ) ;
#301 = CARTESIAN_POINT ( 'NONE',  ( -3.174999999999999822, 0.8507386859688246261, 4.181349429751289648 ) ) ;
#302 = CARTESIAN_POINT ( 'NONE',  ( 1.923040953888291327, -1.849789069656522456, 0.007179523139891453611 ) ) ;
#303 = CARTESIAN_POINT ( 'NONE',  ( 2.303146282015595236, -1.329722125904789776, 6.432682291666659502 ) ) ;
#304 = ORIENTED_EDGE ( 'NONE', *, *, #2866, .T. ) ;
#305 = CARTESIAN_POINT ( 'NONE',  ( -3.174999999999999822, 7.088470755809258136E-15, 5.705078124999990230 ) ) ;
#306 = EDGE_LOOP ( 'NONE', ( #2526, #1855, #1113, #3002 ) ) ;
#307 = DIRECTION ( 'NONE',  ( 0.000000000000000000, 0.000000000000000000, -1.000000000000000000 ) ) ;
#308 = CARTESIAN_POINT ( 'NONE',  ( -2.303146282015595236, -1.329722125904787777, 0.6118489583333379667 ) ) ;
#309 = CARTESIAN_POINT ( 'NONE',  ( 2.303146282015595236, 1.329722125904786001, 3.489192708333330284 ) ) ;
#310 = CARTESIAN_POINT ( 'NONE',  ( -1.303081185094961941E-14, -2.659444251809579551, 4.712890625000000888 ) ) ;
#311 = EDGE_CURVE ( 'NONE', #631, #559, #603, .T. ) ;
#312 = CYLINDRICAL_SURFACE ( 'NONE', #2513, 4.762500000000000178 ) ;
#313 = LINE ( 'NONE', #2219, #1860 ) ;
#314 = CARTESIAN_POINT ( 'NONE',  ( -2.659444251809577775, -0.7125959395879664093, 0.6803693202487043346 ) ) ;
#315 = ORIENTED_EDGE ( 'NONE', *, *, #1539, .F. ) ;
#316 = CARTESIAN_POINT ( 'NONE',  ( -1.535430854677065859, -2.659444251809572890, 1.570963541666667629 ) ) ;
#317 = CARTESIAN_POINT ( 'NONE',  ( 1.833087104677060930, -3.175000000000002043, 2.100130208333330195 ) ) ;
#318 = AXIS2_PLACEMENT_3D ( 'NONE', #2553, #3007, #376 ) ;
#319 = LINE ( 'NONE', #1972, #325 ) ;
#320 = CARTESIAN_POINT ( 'NONE',  ( 3.174999999999999822, 0.000000000000000000, 0.000000000000000000 ) ) ;
#321 = ORIENTED_EDGE ( 'NONE', *, *, #1744, .T. ) ;
#322 = VECTOR ( 'NONE', #1558, 1000.000000000000000 ) ;
#323 = LINE ( 'NONE', #2909, #2056 ) ;
#324 = TOROIDAL_SURFACE ( 'NONE', #2414, 1.803399999999999892, 0.2540000000000000036 ) ;
#325 = VECTOR ( 'NONE', #831, 1000.000000000000000 ) ;
#326 = EDGE_LOOP ( 'NONE', ( #129, #1742, #1642, #1049 ) ) ;
#327 = CARTESIAN_POINT ( 'NONE',  ( 2.332952152375710015E-15, 3.174999999999999822, 2.430859374999994937 ) ) ;
#328 = CARTESIAN_POINT ( 'NONE',  ( 1.833087104677061152, -3.175000000000002043, 6.862630208333319715 ) ) ;
#329 = CARTESIAN_POINT ( 'NONE',  ( 2.303146282015595236, -1.329722125904789776, 4.944401041666659502 ) ) ;
#330 = DIRECTION ( 'NONE',  ( 0.000000000000000000, 0.000000000000000000, 1.000000000000000000 ) ) ;
#331 = CARTESIAN_POINT ( 'NONE',  ( -3.174999999999999822, 3.486133158594715622E-15, 1.736328124999995115 ) ) ;
#332 = EDGE_CURVE ( 'NONE', #3047, #642, #2216, .T. ) ;
#333 = CARTESIAN_POINT ( 'NONE',  ( -2.574574184198541449, -1.636427467193821261, 0.3910320440092042160 ) ) ;
#334 = APPLICATION_PROTOCOL_DEFINITION ( 'international standard', 'config_control_design', 1994, #1498 ) ;
#335 = DIRECTION ( 'NONE',  ( 0.000000000000000000, 0.000000000000000000, 1.000000000000000000 ) ) ;
#336 = CARTESIAN_POINT ( 'NONE',  ( -1.833087104677060930, -3.174999999999995826, 1.967838541666659502 ) ) ;
#337 = EDGE_CURVE ( 'NONE', #1973, #2241, #1975, .T. ) ;
#338 = EDGE_CURVE ( 'NONE', #1389, #2293, #232, .T. ) ;
#339 = CARTESIAN_POINT ( 'NONE',  ( 1.850136551190707079, -1.918434326176524429, 0.003705719770581963803 ) ) ;
#340 = CYLINDRICAL_SURFACE ( 'NONE', #414, 3.174999999999999822 ) ;
#341 = VERTEX_POINT ( 'NONE', #702 ) ;
#342 = FACE_OUTER_BOUND ( 'NONE', #2389, .T. ) ;
#343 = VERTEX_POINT ( 'NONE', #2387 ) ;
#344 = DIRECTION ( 'NONE',  ( -1.733406087350419758E-16, 1.000000000000000000, 0.000000000000000000 ) ) ;
#345 = CARTESIAN_POINT ( 'NONE',  ( 3.070861709354126390, -5.641081444477046245E-16, 0.9425781250000031530 ) ) ;
#346 = CARTESIAN_POINT ( 'NONE',  ( 3.070861709354126390, -5.641081444477046245E-16, 2.629296874999996092 ) ) ;
#347 = DIRECTION ( 'NONE',  ( 0.000000000000000000, 0.000000000000000000, 1.000000000000000000 ) ) ;
#348 = DIRECTION ( 'NONE',  ( 1.000000000000000000, 0.000000000000000000, 0.000000000000000000 ) ) ;
#349 = CARTESIAN_POINT ( 'NONE',  ( -0.4020477633703604670, -3.107470638728723866, 0.4620381474448362891 ) ) ;
#350 = FACE_OUTER_BOUND ( 'NONE', #1940, .T. ) ;
#351 = CARTESIAN_POINT ( 'NONE',  ( 2.445567952467623929, -1.133941294063252725, 0.03602926706900846932 ) ) ;
#352 = CARTESIAN_POINT ( 'NONE',  ( 0.000000000000000000, 2.659444251809579551, 7.491015624999990408 ) ) ;
#353 = VERTEX_POINT ( 'NONE', #1687 ) ;
#354 = EDGE_CURVE ( 'NONE', #1845, #144, #217, .T. ) ;
#355 = DIRECTION ( 'NONE',  ( 1.000000000000000000, 0.000000000000000000, 0.000000000000000000 ) ) ;
#356 = ORIENTED_EDGE ( 'NONE', *, *, #1685, .F. ) ;
#357 = CARTESIAN_POINT ( 'NONE',  ( 0.000000000000000000, 0.000000000000000000, 0.000000000000000000 ) ) ;
#358 = CARTESIAN_POINT ( 'NONE',  ( -1.535430854677063195, -2.659444251809578219, 0.6779947916666707597 ) ) ;
#359 = CARTESIAN_POINT ( 'NONE',  ( -3.888253587292845095E-16, -3.174999999999999822, 3.522265624999994849 ) ) ;
#360 = CARTESIAN_POINT ( 'NONE',  ( -2.286000000000000032, 1.250950000000000006, 21.67890000000000228 ) ) ;
#361 = CARTESIAN_POINT ( 'NONE',  ( 0.2747260248166958907, -3.126095373609421024, 0.4783093725173118149 ) ) ;
#362 = CARTESIAN_POINT ( 'NONE',  ( -2.659444251809579551, -1.743066579297359981E-15, 2.926953124999999822 ) ) ;
#363 = CARTESIAN_POINT ( 'NONE',  ( 2.659444251809579551, -7.843799606838110052E-15, 4.117578124999995204 ) ) ;
#364 = CARTESIAN_POINT ( 'NONE',  ( 1.833087104677060930, -3.175000000000002043, 2.000911458333327175 ) ) ;
#365 = CARTESIAN_POINT ( 'NONE',  ( 0.000000000000000000, 0.000000000000000000, 15.74800000000000111 ) ) ;
#366 = VERTEX_POINT ( 'NONE', #1422 ) ;
#367 = AXIS2_PLACEMENT_3D ( 'NONE', #2569, #967, #1377 ) ;
#368 = EDGE_CURVE ( 'NONE', #2210, #2348, #59, .T. ) ;
#369 = VECTOR ( 'NONE', #1309, 1000.000000000000000 ) ;
#370 =( BOUNDED_CURVE ( )  B_SPLINE_CURVE ( 2, ( #1993, #1256, #1529, #562, #88, #2258, #992, #1943, #2894 ),
 .UNSPECIFIED., .F., .F. ) 
 B_SPLINE_CURVE_WITH_KNOTS ( ( 3, 2, 2, 2, 3 ),
 ( 0.08333333333333330095, 0.09259259259259260133, 0.1111111111111110078, 0.1296296296296295947, 0.1388888888888890061 ),
 .UNSPECIFIED. ) 
 CURVE ( )  GEOMETRIC_REPRESENTATION_ITEM ( )  RATIONAL_B_SPLINE_CURVE ( ( 0.9330127018922189652, 0.9330127018922189652, 1.000000000000000000, 0.8660254037844389297, 1.000000000000000000, 0.8660254037844389297, 1.000000000000000000, 0.9330127018922189652, 0.9330127018922189652 ) ) 
 REPRESENTATION_ITEM ( '' )  );
#371 = ORIENTED_EDGE ( 'NONE', *, *, #1264, .F. ) ;
#372 = CARTESIAN_POINT ( 'NONE',  ( 3.174999999999999822, -9.354457308895818617E-15, 3.720703124999989786 ) ) ;
#373 = AXIS2_PLACEMENT_3D ( 'NONE', #1623, #200, #856 ) ;
#374 = EDGE_CURVE ( 'NONE', #2364, #384, #2306, .T. ) ;
#375 = ORIENTED_EDGE ( 'NONE', *, *, #1599, .T. ) ;
#376 = DIRECTION ( 'NONE',  ( 1.000000000000000000, 0.000000000000000000, 0.000000000000000000 ) ) ;
#377 = CARTESIAN_POINT ( 'NONE',  ( 1.535430854677054091, -2.659444251809583992, 5.672005208333326998 ) ) ;
#378 = PERSON_AND_ORGANIZATION ( #18446744073709551615, #18446744073709551615 ) ;
#379 = CARTESIAN_POINT ( 'NONE',  ( 2.303146282015589907, -1.329722125904793995, 4.051432291666665186 ) ) ;
#380 = CARTESIAN_POINT ( 'NONE',  ( 0.000000000000000000, 0.000000000000000000, 0.000000000000000000 ) ) ;
#381 = CARTESIAN_POINT ( 'NONE',  ( 0.000000000000000000, 0.000000000000000000, -3.556000000000000050 ) ) ;
#382 = ORIENTED_EDGE ( 'NONE', *, *, #919, .F. ) ;
#383 = CARTESIAN_POINT ( 'NONE',  ( -3.174999999999999822, 6.275039685470489619E-15, 4.911328124999990052 ) ) ;
#384 = VERTEX_POINT ( 'NONE', #1886 ) ;
#385 = CARTESIAN_POINT ( 'NONE',  ( 1.170231963603687309, -2.655725393581359839, 0.2400766584828367689 ) ) ;
#386 =( BOUNDED_CURVE ( )  B_SPLINE_CURVE ( 2, ( #202, #692, #187, #935, #2359, #220, #3042, #2108, #2091 ),
 .UNSPECIFIED., .F., .F. ) 
 B_SPLINE_CURVE_WITH_KNOTS ( ( 3, 2, 2, 2, 3 ),
 ( 0.4722222222222220434, 0.4814814814814820099, 0.5000000000000000000, 0.5185185185185190448, 0.5277777777777779011 ),
 .UNSPECIFIED. ) 
 CURVE ( )  GEOMETRIC_REPRESENTATION_ITEM ( )  RATIONAL_B_SPLINE_CURVE ( ( 0.9330127018922189652, 0.9330127018922199644, 1.000000000000000000, 0.8660254037844389297, 1.000000000000000000, 0.8660254037844389297, 1.000000000000000000, 0.9330127018922189652, 0.9330127018922189652 ) ) 
 REPRESENTATION_ITEM ( '' )  );
#387 = ORIENTED_EDGE ( 'NONE', *, *, #1534, .F. ) ;
#388 = CARTESIAN_POINT ( 'NONE',  ( 2.303146282015595236, 1.329722125904786001, 0.3141927083333370119 ) ) ;
#389 = EDGE_CURVE ( 'NONE', #2893, #2863, #1650, .T. ) ;
#390 = DIRECTION ( 'NONE',  ( -1.733406087350419758E-16, 1.000000000000000000, 0.000000000000000000 ) ) ;
#391 = CARTESIAN_POINT ( 'NONE',  ( 0.000000000000000000, 0.000000000000000000, -3.556000000000000050 ) ) ;
#392 = CYLINDRICAL_SURFACE ( 'NONE', #2560, 3.174999999999999822 ) ;
#393 = LINE ( 'NONE', #1388, #1663 ) ;
#394 = VERTEX_POINT ( 'NONE', #1193 ) ;
#395 = CARTESIAN_POINT ( 'NONE',  ( 3.175000000000002043, 0.8507386859688021996, 4.549900570248687437 ) ) ;
#396 = ORIENTED_EDGE ( 'NONE', *, *, #2676, .T. ) ;
#397 = CARTESIAN_POINT ( 'NONE',  ( -2.749630657015599944, -1.587499999999999911, 3.389973958333324600 ) ) ;
#398 = ORIENTED_EDGE ( 'NONE', *, *, #2785, .T. ) ;
#399 = CARTESIAN_POINT ( 'NONE',  ( -2.603499999999999925, 1.250950000000000006, 15.74800000000000111 ) ) ;
#400 = CARTESIAN_POINT ( 'NONE',  ( -2.286000000000000032, 1.250950000000000006, 15.74800000000000111 ) ) ;
#401 = CARTESIAN_POINT ( 'NONE',  ( 2.659444251809579551, -5.577813053751549571E-15, 5.804296874999989697 ) ) ;
#402 = EDGE_CURVE ( 'NONE', #776, #98, #1523, .T. ) ;
#403 = CARTESIAN_POINT ( 'NONE',  ( -2.141328492869849498, 2.022719329257808063, 0.2860992526113036449 ) ) ;
#404 = CARTESIAN_POINT ( 'NONE',  ( 2.556504234875615733, 1.074083213768082690, 0.1135210075274747515 ) ) ;
#405 = CARTESIAN_POINT ( 'NONE',  ( 1.535430854677075185, 2.659444251809572890, 5.142838541666661101 ) ) ;
#406 = ORIENTED_EDGE ( 'NONE', *, *, #2012, .T. ) ;
#407 = CARTESIAN_POINT ( 'NONE',  ( 1.535430854677065859, 2.659444251809572890, 1.868619791666667806 ) ) ;
#408 = CARTESIAN_POINT ( 'NONE',  ( -1.833087104677061152, -3.174999999999995826, 1.868619791666662255 ) ) ;
#409 = VERTEX_POINT ( 'NONE', #45 ) ;
#410 = CIRCLE ( 'NONE', #1154, 4.762500000000000178 ) ;
#411 = CARTESIAN_POINT ( 'NONE',  ( -0.6271003876306057156, -2.636762033109867343, 0.05042311558330537374 ) ) ;
#412 = VECTOR ( 'NONE', #178, 1000.000000000000000 ) ;
#413 = EDGE_LOOP ( 'NONE', ( #85, #1151, #721, #2257 ) ) ;
#414 = AXIS2_PLACEMENT_3D ( 'NONE', #1284, #66, #2521 ) ;
#415 = CARTESIAN_POINT ( 'NONE',  ( -2.303146282015589907, 1.329722125904793995, 5.242057291666659680 ) ) ;
#416 = CARTESIAN_POINT ( 'NONE',  ( -1.237943587285173908E-14, -2.659444251809579551, 3.224609374999995115 ) ) ;
#417 = DIRECTION ( 'NONE',  ( 0.000000000000000000, 0.000000000000000000, 1.000000000000000000 ) ) ;
#418 = LOCAL_TIME ( 18, 49, 26.00000000000000000, #2054 ) ;
#419 = CALENDAR_DATE ( 2026, 22, 6 ) ;
#420 = CARTESIAN_POINT ( 'NONE',  ( -2.106381116937041220, 2.057057914126343423, 0.2847575715014833975 ) ) ;
#421 = ADVANCED_FACE ( 'NONE', ( #1872 ), #1637, .T. ) ;
#422 = CARTESIAN_POINT ( 'NONE',  ( 2.276742754351634090, 1.616299652848122825, 0.1323531910196997508 ) ) ;
#423 = DIRECTION ( 'NONE',  ( 0.000000000000000000, 0.000000000000000000, 1.000000000000000000 ) ) ;
#424 = EDGE_LOOP ( 'NONE', ( #2297, #2537, #1304, #1081, #387, #1430, #1657, #2779, #1238, #3018, #1094, #574, #2374, #838, #371, #1221, #1693, #2812, #2901, #1052, #2839, #1459, #948, #3065, #22, #2207, #873, #1554, #1804, #3016, #544, #767, #1253, #3041, #2613, #1003 ) ) ;
#425 = CARTESIAN_POINT ( 'NONE',  ( -3.174999999999999822, -2.033577675846920109E-15, 2.629296874999995204 ) ) ;
#426 = EDGE_CURVE ( 'NONE', #447, #973, #155, .T. ) ;
#427 = EDGE_CURVE ( 'NONE', #384, #712, #1246, .T. ) ;
#428 = CARTESIAN_POINT ( 'NONE',  ( -2.749630657015595059, -1.587499999999999911, 2.596223958333330195 ) ) ;
#429 = ORIENTED_EDGE ( 'NONE', *, *, #2495, .F. ) ;
#430 = CARTESIAN_POINT ( 'NONE',  ( -2.286000000000000032, 1.250950000000000006, 21.67890000000000228 ) ) ;
#431 = CARTESIAN_POINT ( 'NONE',  ( -0.1385249826662057482, -2.759262671977561698, 0.1032878496779126298 ) ) ;
#432 =( BOUNDED_CURVE ( )  B_SPLINE_CURVE ( 2, ( #922, #1197, #2825, #475, #2151, #1857, #267, #2672, #541 ),
 .UNSPECIFIED., .F., .F. ) 
 B_SPLINE_CURVE_WITH_KNOTS ( ( 3, 2, 2, 2, 3 ),
 ( 0.6944444444444450859, 0.7037037037037039422, 0.7222222222222219878, 0.7407407407407410327, 0.7500000000000000000 ),
 .UNSPECIFIED. ) 
 CURVE ( )  GEOMETRIC_REPRESENTATION_ITEM ( )  RATIONAL_B_SPLINE_CURVE ( ( 0.9330127018922189652, 0.9330127018922199644, 1.000000000000000000, 0.8660254037844389297, 1.000000000000000000, 0.8660254037844389297, 1.000000000000000000, 0.9330127018922179660, 0.9330127018922189652 ) ) 
 REPRESENTATION_ITEM ( '' )  );
#433 = DIRECTION ( 'NONE',  ( 0.000000000000000000, 0.000000000000000000, 1.000000000000000000 ) ) ;
#434 = CARTESIAN_POINT ( 'NONE',  ( -1.833087104677061152, 3.175000000000002043, 0.9095052083333319271 ) ) ;
#435 = CARTESIAN_POINT ( 'NONE',  ( -1.535430854677063195, 2.659444251809578219, 2.100130208333329751 ) ) ;
#436 = LINE ( 'NONE', #3037, #2311 ) ;
#437 = CARTESIAN_POINT ( 'NONE',  ( -2.303364166551421288, 1.846940570684338923, 0.2925640942630539088 ) ) ;
#438 = CARTESIAN_POINT ( 'NONE',  ( -2.603499999999999925, -1.250950000000000006, 15.74800000000000111 ) ) ;
#439 = CARTESIAN_POINT ( 'NONE',  ( 2.659444251809579551, -2.963213184805509600E-15, 3.323828124999999911 ) ) ;
#440 = ORIENTED_EDGE ( 'NONE', *, *, #230, .F. ) ;
#441 = CARTESIAN_POINT ( 'NONE',  ( 1.833087104677060930, -3.175000000000002043, 2.893880208333326376 ) ) ;
#442 = CARTESIAN_POINT ( 'NONE',  ( 0.000000000000000000, 2.659444251809579551, 6.796484374999989697 ) ) ;
#443 = ORIENTED_EDGE ( 'NONE', *, *, #338, .F. ) ;
#444 = EDGE_CURVE ( 'NONE', #224, #144, #451, .T. ) ;
#445 = FACE_OUTER_BOUND ( 'NONE', #19, .T. ) ;
#446 = CARTESIAN_POINT ( 'NONE',  ( 3.015657077646341833, -0.9480561970958421014, 0.4929129720098584522 ) ) ;
#447 = VERTEX_POINT ( 'NONE', #1262 ) ;
#448 =( BOUNDED_CURVE ( )  B_SPLINE_CURVE ( 2, ( #2475, #1217, #2656, #524, #556, #2903, #784, #301, #1505 ),
 .UNSPECIFIED., .F., .F. ) 
 B_SPLINE_CURVE_WITH_KNOTS ( ( 3, 2, 2, 2, 3 ),
 ( 0.5277777777777779011, 0.5370370370370370905, 0.5555555555555560243, 0.5740740740740739589, 0.5833333333333330373 ),
 .UNSPECIFIED. ) 
 CURVE ( )  GEOMETRIC_REPRESENTATION_ITEM ( )  RATIONAL_B_SPLINE_CURVE ( ( 0.9330127018922189652, 0.9330127018922189652, 1.000000000000000000, 0.8660254037844389297, 1.000000000000000000, 0.8660254037844389297, 1.000000000000000000, 0.9330127018922189652, 0.9330127018922189652 ) ) 
 REPRESENTATION_ITEM ( '' )  );
#449 = CARTESIAN_POINT ( 'NONE',  ( -2.303146282015589907, 1.329722125904793995, 3.654557291666665098 ) ) ;
#450 = CARTESIAN_POINT ( 'NONE',  ( 2.749630657015589730, -1.587499999999999911, 1.372526041666664032 ) ) ;
#451 = B_SPLINE_CURVE_WITH_KNOTS ( 'NONE', 3,
 ( #1011, #1751, #2970, #2249, #2200, #998, #361, #2018, #1488, #2732, #78, #1967, #2500, #2486, #349, #2699, #2471, #1535, #2932, #796, #1043, #1028, #1721, #596, #1295, #1549, #2917, #2684, #553, #109, #1982, #2947, #333, #1310, #2264, #1949, #2899, #93, #782, #764, #1503, #2235 ),
 .UNSPECIFIED., .F., .F.,
 ( 4, 2, 2, 2, 1, 1, 2, 2, 2, 2, 2, 1, 1, 2, 2, 2, 2, 2, 1, 1, 2, 2, 2, 4 ),
 ( 0.000000000000000000, 0.1249999999999984734, 0.1874999999999977240, 0.2187499999999973632, 0.2343749999999971689, 0.2421874999999970857, 0.2460937499999970579, 0.2499999999999970024, 0.3749999999999956146, 0.4374999999999949485, 0.4687499999999946154, 0.4843749999999944489, 0.4921874999999944489, 0.4960937499999945044, 0.4999999999999945599, 0.6249999999999974465, 0.6874999999999988898, 0.7187499999999996669, 0.7343749999999998890, 0.7421875000000001110, 0.7460937500000002220, 0.7500000000000002220, 0.8750000000000001110, 1.000000000000000000 ),
 .UNSPECIFIED. ) ;
#452 = CARTESIAN_POINT ( 'NONE',  ( -2.303146282015595236, 1.329722125904789776, -0.2149739583333284965 ) ) ;
#453 = CARTESIAN_POINT ( 'NONE',  ( -3.174999999999999822, -1.278248824818062079E-15, 3.423046874999994937 ) ) ;
#454 = CARTESIAN_POINT ( 'NONE',  ( -2.659444251809577775, -0.7125959395879674085, 0.5811505702487049785 ) ) ;
#455 = CARTESIAN_POINT ( 'NONE',  ( 1.270512386190067924E-14, 2.659444251809579551, 3.621484374999995204 ) ) ;
#456 = DIRECTION ( 'NONE',  ( 0.000000000000000000, 0.000000000000000000, 1.000000000000000000 ) ) ;
#457 = ORIENTED_EDGE ( 'NONE', *, *, #1435, .F. ) ;
#458 = CARTESIAN_POINT ( 'NONE',  ( -1.031399486484716022, -2.451297376444169895, 0.000000000000000000 ) ) ;
#459 = CARTESIAN_POINT ( 'NONE',  ( 2.749630657015589730, -1.587499999999999911, 2.860807291666660035 ) ) ;
#460 = EDGE_LOOP ( 'NONE', ( #2791, #1462, #833, #1096 ) ) ;
#461 = CARTESIAN_POINT ( 'NONE',  ( 2.581066481238506238, -1.672820072959640747, 0.4161612770161101649 ) ) ;
#462 = EDGE_CURVE ( 'NONE', #1973, #366, #812, .T. ) ;
#463 = ORIENTED_EDGE ( 'NONE', *, *, #2083, .T. ) ;
#464 = LINE ( 'NONE', #1205, #2609 ) ;
#465 = CARTESIAN_POINT ( 'NONE',  ( -1.833087104677061152, 3.175000000000002043, 1.703255208333329440 ) ) ;
#466 = TOROIDAL_SURFACE ( 'NONE', #2808, 4.000499999999999723, 0.7620000000000000107 ) ;
#467 = EDGE_CURVE ( 'NONE', #343, #241, #313, .T. ) ;
#468 = CARTESIAN_POINT ( 'NONE',  ( -1.535430854677063195, -2.659444251809578219, 0.7772135416666692276 ) ) ;
#469 = VECTOR ( 'NONE', #2451, 1000.000000000000000 ) ;
#470 = CARTESIAN_POINT ( 'NONE',  ( 2.057399999999999896, 0.000000000000000000, -3.556000000000000050 ) ) ;
#471 = AXIS2_PLACEMENT_3D ( 'NONE', #1283, #2951, #2986 ) ;
#472 = DIRECTION ( 'NONE',  ( 0.000000000000000000, 0.000000000000000000, -1.000000000000000000 ) ) ;
#473 = DIRECTION ( 'NONE',  ( 0.000000000000000000, 0.000000000000000000, 1.000000000000000000 ) ) ;
#474 = ORIENTED_EDGE ( 'NONE', *, *, #2826, .T. ) ;
#475 = CARTESIAN_POINT ( 'NONE',  ( -1.833087104677060930, -3.174999999999995826, 5.043619791666658081 ) ) ;
#476 = CARTESIAN_POINT ( 'NONE',  ( -2.749630657015595059, 1.587499999999999911, 5.638932291666659324 ) ) ;
#477 = CARTESIAN_POINT ( 'NONE',  ( 1.535430854677063195, 2.659444251809578219, 2.662369791666664653 ) ) ;
#478 = EDGE_LOOP ( 'NONE', ( #822, #2794, #2106, #1356 ) ) ;
#479 = CARTESIAN_POINT ( 'NONE',  ( 2.659444251809583104, 0.7125959395879599700, 4.153025570248702003 ) ) ;
#480 = ORIENTED_EDGE ( 'NONE', *, *, #192, .F. ) ;
#481 = CARTESIAN_POINT ( 'NONE',  ( 2.749630657015584845, -1.587499999999999911, 4.448307291666659502 ) ) ;
#482 =( BOUNDED_CURVE ( )  B_SPLINE_CURVE ( 2, ( #1324, #2531, #1619, #136, #1076, #377, #1561, #2772, #638 ),
 .UNSPECIFIED., .F., .F. ) 
 B_SPLINE_CURVE_WITH_KNOTS ( ( 3, 2, 2, 2, 3 ),
 ( 0.8055555555555560243, 0.8148148148148149916, 0.8333333333333330373, 0.8518518518518520821, 0.8611111111111110494 ),
 .UNSPECIFIED. ) 
 CURVE ( )  GEOMETRIC_REPRESENTATION_ITEM ( )  RATIONAL_B_SPLINE_CURVE ( ( 0.9330127018922189652, 0.9330127018922199644, 1.000000000000000000, 0.8660254037844389297, 1.000000000000000000, 0.8660254037844389297, 1.000000000000000000, 0.9330127018922189652, 0.9330127018922189652 ) ) 
 REPRESENTATION_ITEM ( '' )  );
#483 = CARTESIAN_POINT ( 'NONE',  ( 1.833087104677061152, -3.175000000000002043, 5.275130208333326465 ) ) ;
#484 = CARTESIAN_POINT ( 'NONE',  ( 2.303146282015595236, -1.329722125904789776, 1.769401041666665009 ) ) ;
#485 = DIRECTION ( 'NONE',  ( 0.000000000000000000, 0.000000000000000000, 1.000000000000000000 ) ) ;
#486 = EDGE_CURVE ( 'NONE', #2608, #608, #852, .T. ) ;
#487 = CARTESIAN_POINT ( 'NONE',  ( 2.286000000000000032, -1.250950000000000006, 21.67890000000000228 ) ) ;
#488 = CARTESIAN_POINT ( 'NONE',  ( -9.770639671468279789E-16, -2.659444251809579551, 1.537890624999999956 ) ) ;
#489 =( BOUNDED_CURVE ( )  B_SPLINE_CURVE ( 2, ( #276, #942, #698, #2177, #257, #2162, #481, #1431, #498 ),
 .UNSPECIFIED., .F., .T. ) 
 B_SPLINE_CURVE_WITH_KNOTS ( ( 3, 2, 2, 2, 3 ),
 ( 0.5833333333333330373, 0.5925925925925930038, 0.6111111111111110494, 0.6296296296296299833, 0.6388888888888889506 ),
 .UNSPECIFIED. ) 
 CURVE ( )  GEOMETRIC_REPRESENTATION_ITEM ( )  RATIONAL_B_SPLINE_CURVE ( ( 0.9330127018922189652, 0.9330127018922199644, 1.000000000000000000, 0.8660254037844389297, 1.000000000000000000, 0.8660254037844389297, 1.000000000000000000, 0.9330127018922189652, 0.9330127018922189652 ) ) 
 REPRESENTATION_ITEM ( '' )  );
#490 = CARTESIAN_POINT ( 'NONE',  ( 2.749630657015604829, 1.587499999999999911, 4.679817708333319892 ) ) ;
#491 = ORIENTED_EDGE ( 'NONE', *, *, #1604, .F. ) ;
#492 = CARTESIAN_POINT ( 'NONE',  ( -2.303146282015589907, 1.329722125904795993, 6.035807291666659857 ) ) ;
#493 = CARTESIAN_POINT ( 'NONE',  ( -1.833087104677061152, -3.174999999999995826, 6.631119791666656660 ) ) ;
#494 = CARTESIAN_POINT ( 'NONE',  ( -1.535430854677063195, 2.659444251809578219, 5.175911458333321669 ) ) ;
#495 = VERTEX_POINT ( 'NONE', #670 ) ;
#496 = CARTESIAN_POINT ( 'NONE',  ( 2.444237036432065580, -1.834651847570238692, 0.3967234505004104683 ) ) ;
#497 = ORIENTED_EDGE ( 'NONE', *, *, #3092, .T. ) ;
#498 = CARTESIAN_POINT ( 'NONE',  ( 3.174999999999999822, -5.171097518582160185E-15, 4.514453124999990408 ) ) ;
#499 = CARTESIAN_POINT ( 'NONE',  ( -2.749630657015595059, 1.587499999999999911, 3.356901041666660035 ) ) ;
#500 = CARTESIAN_POINT ( 'NONE',  ( -1.535430854677063195, 2.659444251809578219, -0.2811197916666616781 ) ) ;
#501 = CARTESIAN_POINT ( 'NONE',  ( 0.000000000000000000, 2.659444251809579551, 0.3472656250000050182 ) ) ;
#502 = CARTESIAN_POINT ( 'NONE',  ( 2.749630657015589730, -1.587499999999999911, 1.273307291666663899 ) ) ;
#503 = CARTESIAN_POINT ( 'NONE',  ( -2.659444251809579551, 3.256879890489429719E-16, 0.000000000000000000 ) ) ;
#504 = ORIENTED_EDGE ( 'NONE', *, *, #2080, .F. ) ;
#505 = LINE ( 'NONE', #1232, #1470 ) ;
#506 = CARTESIAN_POINT ( 'NONE',  ( 1.954127934293654775E-15, 2.659444251809579551, 2.033984375000000178 ) ) ;
#507 = EDGE_CURVE ( 'NONE', #1704, #631, #482, .T. ) ;
#508 = CARTESIAN_POINT ( 'NONE',  ( 1.833087104677061152, 3.174999999999995826, 7.027994791666645646 ) ) ;
#509 = CARTESIAN_POINT ( 'NONE',  ( 2.303146282015595236, -1.329722125904789776, 4.845182291666659147 ) ) ;
#510 = ORIENTED_EDGE ( 'NONE', *, *, #826, .T. ) ;
#511 = CARTESIAN_POINT ( 'NONE',  ( 2.825954372637221379, -1.309736214166867141, 0.4552665464100955073 ) ) ;
#512 = ORIENTED_EDGE ( 'NONE', *, *, #1909, .T. ) ;
#513 = CARTESIAN_POINT ( 'NONE',  ( -2.659444251809579551, 5.868324150301109700E-15, 5.407421874999990052 ) ) ;
#514 = CARTESIAN_POINT ( 'NONE',  ( -1.833087104677061152, -3.174999999999995826, 2.761588541666660568 ) ) ;
#515 = CARTESIAN_POINT ( 'NONE',  ( 2.303146282015595236, -1.329722125904789776, 4.150651041666664653 ) ) ;
#516 = CARTESIAN_POINT ( 'NONE',  ( -1.833087104677061152, -3.175000000000002043, -0.4794937916666654476 ) ) ;
#517 = VECTOR ( 'NONE', #2897, 1000.000000000000000 ) ;
#518 = CARTESIAN_POINT ( 'NONE',  ( -2.749630657015595059, -1.587499999999999911, 1.008723958333330062 ) ) ;
#519 = CARTESIAN_POINT ( 'NONE',  ( 1.535430854677075185, 2.659444251809572890, 3.555338541666663410 ) ) ;
#520 = CARTESIAN_POINT ( 'NONE',  ( 3.174999999999999822, 0.000000000000000000, 0.000000000000000000 ) ) ;
#521 = CARTESIAN_POINT ( 'NONE',  ( 3.174999999999994493, -0.8507386859688255143, 6.165724429751287872 ) ) ;
#522 = EDGE_CURVE ( 'NONE', #2608, #805, #1576, .T. ) ;
#523 = VECTOR ( 'NONE', #1031, 1000.000000000000000 ) ;
#524 = CARTESIAN_POINT ( 'NONE',  ( 1.833087104677060930, 3.174999999999990052, 3.952213541666658170 ) ) ;
#525 = CARTESIAN_POINT ( 'NONE',  ( 2.749630657015595059, 1.587499999999999911, 6.961848958333320070 ) ) ;
#526 = LOCAL_TIME ( 18, 49, 26.00000000000000000, #3011 ) ;
#527 = CARTESIAN_POINT ( 'NONE',  ( -2.303146282015595236, 1.329722125904789776, 2.860807291666665364 ) ) ;
#528 = ORIENTED_EDGE ( 'NONE', *, *, #2197, .F. ) ;
#529 = EDGE_CURVE ( 'NONE', #1528, #157, #1212, .T. ) ;
#530 = CARTESIAN_POINT ( 'NONE',  ( -1.803399999999999892, 0.000000000000000000, -3.556000000000000050 ) ) ;
#531 = ORIENTED_EDGE ( 'NONE', *, *, #2490, .F. ) ;
#532 = FACE_OUTER_BOUND ( 'NONE', #1380, .T. ) ;
#533 = CARTESIAN_POINT ( 'NONE',  ( 2.749630657015589730, -1.587499999999999911, 5.341276041666659147 ) ) ;
#534 = CARTESIAN_POINT ( 'NONE',  ( 1.535430854677063195, 2.659444251809578219, 5.142838541666661989 ) ) ;
#535 = CARTESIAN_POINT ( 'NONE',  ( 2.303146282015585022, -1.329722125904801988, 4.845182291666659147 ) ) ;
#536 = CARTESIAN_POINT ( 'NONE',  ( 2.286000000000000032, 1.250950000000000006, 21.67890000000000228 ) ) ;
#537 = CARTESIAN_POINT ( 'NONE',  ( 2.749630657015599944, 1.587499999999999911, 3.786848958333324688 ) ) ;
#538 = CARTESIAN_POINT ( 'NONE',  ( 2.659444251809579551, 0.000000000000000000, 0.000000000000000000 ) ) ;
#539 = ORIENTED_EDGE ( 'NONE', *, *, #138, .T. ) ;
#540 = CARTESIAN_POINT ( 'NONE',  ( -3.643347881541429613E-13, 3.260925958031735128, 6.349999999999999645 ) ) ;
#541 = CARTESIAN_POINT ( 'NONE',  ( 3.174999999999999822, 4.299564228933484534E-15, 5.308203124999989697 ) ) ;
#542 = CARTESIAN_POINT ( 'NONE',  ( 3.937000000000000277, 4.821434448243130364E-16, 15.74800000000000111 ) ) ;
#543 = CARTESIAN_POINT ( 'NONE',  ( 0.000000000000000000, 2.659444251809579551, 5.109765625000000533 ) ) ;
#544 = ORIENTED_EDGE ( 'NONE', *, *, #2123, .T. ) ;
#545 = DIRECTION ( 'NONE',  ( -1.000000000000000000, 0.000000000000000000, 0.000000000000000000 ) ) ;
#546 = EDGE_CURVE ( 'NONE', #2568, #934, #436, .T. ) ;
#547 = ORIENTED_EDGE ( 'NONE', *, *, #3001, .F. ) ;
#548 = DIRECTION ( 'NONE',  ( -1.000000000000000000, -1.733406087350419758E-16, 0.000000000000000000 ) ) ;
#549 = CARTESIAN_POINT ( 'NONE',  ( 1.535430854677060752, -2.659444251809578219, 0.8102864583333370119 ) ) ;
#550 = CARTESIAN_POINT ( 'NONE',  ( 0.000000000000000000, 2.659444251809579551, 2.827734374999999911 ) ) ;
#551 = CARTESIAN_POINT ( 'NONE',  ( 2.603499999999999925, 1.250950000000000006, 21.67890000000000228 ) ) ;
#552 = DIRECTION ( 'NONE',  ( 0.000000000000000000, 0.000000000000000000, -1.000000000000000000 ) ) ;
#553 = CARTESIAN_POINT ( 'NONE',  ( -2.392126313610514643, -1.909430721043283485, 0.3992958538534476798 ) ) ;
#554 = CARTESIAN_POINT ( 'NONE',  ( 1.803399999999999892, 2.364058181074050425E-16, -3.810000000000000053 ) ) ;
#555 = CARTESIAN_POINT ( 'NONE',  ( 2.659444251809579551, -2.324088772396479843E-15, 1.835546874999999911 ) ) ;
#556 = CARTESIAN_POINT ( 'NONE',  ( 1.516811951748444971E-14, 3.174999999999999822, 4.018359374999990408 ) ) ;
#557 = CARTESIAN_POINT ( 'NONE',  ( -2.659444251809579551, 3.256879890489429719E-16, 0.000000000000000000 ) ) ;
#558 = DIRECTION ( 'NONE',  ( 0.000000000000000000, 0.000000000000000000, 1.000000000000000000 ) ) ;
#559 = VERTEX_POINT ( 'NONE', #1795 ) ;
#560 = CARTESIAN_POINT ( 'NONE',  ( -1.711224631113084810E-14, -3.174999999999999822, 5.903515624999990052 ) ) ;
#561 = ORIENTED_EDGE ( 'NONE', *, *, #1701, .F. ) ;
#562 = CARTESIAN_POINT ( 'NONE',  ( 1.833087104677060930, 3.174999999999995826, 0.7772135416666645646 ) ) ;
#563 = CARTESIAN_POINT ( 'NONE',  ( 2.749630657015589730, -1.587499999999999911, 6.928776041666650620 ) ) ;
#564 = EDGE_CURVE ( 'NONE', #1248, #2578, #2715, .T. ) ;
#565 = CARTESIAN_POINT ( 'NONE',  ( -1.535430854677063195, 2.659444251809578219, 3.687630208333328330 ) ) ;
#566 = LINE ( 'NONE', #2717, #159 ) ;
#567 = ADVANCED_FACE ( 'NONE', ( #2515 ), #897, .T. ) ;
#568 = CARTESIAN_POINT ( 'NONE',  ( 1.833087104677060930, 3.174999999999990052, 3.852994791666655150 ) ) ;
#569 = CARTESIAN_POINT ( 'NONE',  ( 2.659444251809579551, -2.963213184805509600E-15, 2.629296875000000089 ) ) ;
#570 = CARTESIAN_POINT ( 'NONE',  ( 1.535430854677072521, 2.659444251809572890, 1.967838541666665497 ) ) ;
#571 = VECTOR ( 'NONE', #1294, 1000.000000000000000 ) ;
#572 = LINE ( 'NONE', #1268, #1611 ) ;
#573 = CARTESIAN_POINT ( 'NONE',  ( 1.535430854677075185, 2.659444251809572890, 4.349088541666659147 ) ) ;
#574 = ORIENTED_EDGE ( 'NONE', *, *, #1767, .F. ) ;
#575 = FACE_BOUND ( 'NONE', #2129, .T. ) ;
#576 = VECTOR ( 'NONE', #390, 1000.000000000000000 ) ;
#577 = ORIENTED_EDGE ( 'NONE', *, *, #771, .T. ) ;
#578 = DIRECTION ( 'NONE',  ( -1.000000000000000000, 0.000000000000000000, 0.000000000000000000 ) ) ;
#579 = CARTESIAN_POINT ( 'NONE',  ( 1.535430854677060752, -2.659444251809578219, 1.604036458333335524 ) ) ;
#580 = CARTESIAN_POINT ( 'NONE',  ( 2.303146282015595236, 1.329722125904786001, 5.076692708333329307 ) ) ;
#581 = CARTESIAN_POINT ( 'NONE',  ( 2.659444251809577775, -0.7125959395879759573, 4.875880679751290359 ) ) ;
#582 = DIRECTION ( 'NONE',  ( 0.000000000000000000, 0.000000000000000000, 1.000000000000000000 ) ) ;
#583 = CARTESIAN_POINT ( 'NONE',  ( -3.547345040264625004E-13, 3.174999999999999822, 6.399609375000000711 ) ) ;
#584 = EDGE_CURVE ( 'NONE', #2923, #2522, #866, .T. ) ;
#585 = CARTESIAN_POINT ( 'NONE',  ( 2.303146282015589907, -1.329722125904791996, 1.769401041666665009 ) ) ;
#586 = CARTESIAN_POINT ( 'NONE',  ( -3.888253587292845095E-16, -3.174999999999999822, 0.4464843749999990452 ) ) ;
#587 = CARTESIAN_POINT ( 'NONE',  ( 2.350437956250437388, -1.307990001106255740, 0.02966151812699830553 ) ) ;
#588 = CARTESIAN_POINT ( 'NONE',  ( 0.000000000000000000, 0.000000000000000000, 0.000000000000000000 ) ) ;
#589 = ORIENTED_EDGE ( 'NONE', *, *, #2543, .F. ) ;
#590 = CARTESIAN_POINT ( 'NONE',  ( 0.000000000000000000, 0.000000000000000000, 0.000000000000000000 ) ) ;
#591 = ORIENTED_EDGE ( 'NONE', *, *, #2785, .F. ) ;
#592 = CARTESIAN_POINT ( 'NONE',  ( 0.000000000000000000, 0.000000000000000000, 9.525000000000000355 ) ) ;
#593 = CARTESIAN_POINT ( 'NONE',  ( -1.535430854677063195, 2.659444251809578219, 0.4134114583333383108 ) ) ;
#594 = CARTESIAN_POINT ( 'NONE',  ( -1.833087104677061152, -3.174999999999995826, 1.074869791666663410 ) ) ;
#595 = CARTESIAN_POINT ( 'NONE',  ( -2.057399999999999896, 2.519588324565765294E-16, 0.000000000000000000 ) ) ;
#596 = CARTESIAN_POINT ( 'NONE',  ( -1.459536036852403296, -2.725812884376556333, 0.4325143159392169645 ) ) ;
#597 = CARTESIAN_POINT ( 'NONE',  ( 3.174999999999999822, -0.8507386859688149672, 0.6094744297512980635 ) ) ;
#598 = CARTESIAN_POINT ( 'NONE',  ( 3.174999999999999822, -5.810221930991189253E-17, 1.438671874999996270 ) ) ;
#599 = ADVANCED_FACE ( 'NONE', ( #148 ), #1099, .T. ) ;
#600 = LINE ( 'NONE', #557, #71 ) ;
#601 = CARTESIAN_POINT ( 'NONE',  ( -2.659444251809579551, -1.045839947578414016E-15, 3.720703125000000000 ) ) ;
#602 = EDGE_LOOP ( 'NONE', ( #1645, #2125, #1648, #2807 ) ) ;
#603 =( BOUNDED_CURVE ( )  B_SPLINE_CURVE ( 2, ( #735, #2403, #1917, #281, #2592 ),
 .UNSPECIFIED., .F., .T. ) 
 B_SPLINE_CURVE_WITH_KNOTS ( ( 3, 2, 3 ),
 ( 0.8611111111111110494, 0.8703703703703709049, 0.8888888888888909490 ),
 .UNSPECIFIED. ) 
 CURVE ( )  GEOMETRIC_REPRESENTATION_ITEM ( )  RATIONAL_B_SPLINE_CURVE ( ( 0.9330127018922189652, 0.9330127018922199644, 1.000000000000000000, 0.8660254037844239416, 1.000000000000013989 ) ) 
 REPRESENTATION_ITEM ( '' )  );
#604 = FACE_OUTER_BOUND ( 'NONE', #2272, .T. ) ;
#605 = ORIENTED_EDGE ( 'NONE', *, *, #337, .T. ) ;
#606 = CARTESIAN_POINT ( 'NONE',  ( 2.089012186891534562, -1.700613258292442254, 0.02383817840383567130 ) ) ;
#607 =( BOUNDED_CURVE ( )  B_SPLINE_CURVE ( 2, ( #2591, #454, #2279, #1091, #2044, #2995, #854, #2121, #2836 ),
 .UNSPECIFIED., .F., .F. ) 
 B_SPLINE_CURVE_WITH_KNOTS ( ( 3, 2, 2, 2, 3 ),
 ( 0.02777777777777780052, 0.03703703703703704886, 0.05555555555555560104, 0.07407407407407409772, 0.08333333333333330095 ),
 .UNSPECIFIED. ) 
 CURVE ( )  GEOMETRIC_REPRESENTATION_ITEM ( )  RATIONAL_B_SPLINE_CURVE ( ( 0.9330127018922189652, 0.9330127018922189652, 1.000000000000000000, 0.8660254037844389297, 1.000000000000000000, 0.8660254037844389297, 1.000000000000000000, 0.9330127018922189652, 0.9330127018922189652 ) ) 
 REPRESENTATION_ITEM ( '' )  );
#608 = VERTEX_POINT ( 'NONE', #1587 ) ;
#609 = CARTESIAN_POINT ( 'NONE',  ( 3.174999999999999822, -5.171097518582160185E-15, 4.514453124999990408 ) ) ;
#610 = CARTESIAN_POINT ( 'NONE',  ( 0.000000000000000000, 0.000000000000000000, 15.74800000000000111 ) ) ;
#611 = APPROVAL_DATE_TIME ( #1385, #2286 ) ;
#612 = CARTESIAN_POINT ( 'NONE',  ( -3.175000000000002043, -0.8507386859688010894, 5.045994320248682996 ) ) ;
#613 = CARTESIAN_POINT ( 'NONE',  ( 2.327345471862518611, 1.536768839364927919, 0.1293374558595312418 ) ) ;
#614 = CARTESIAN_POINT ( 'NONE',  ( 2.286000000000000032, 1.250950000000000006, 21.67890000000000228 ) ) ;
#615 = ORIENTED_EDGE ( 'NONE', *, *, #374, .T. ) ;
#616 = AXIS2_PLACEMENT_3D ( 'NONE', #763, #1720, #2669 ) ;
#617 = FACE_OUTER_BOUND ( 'NONE', #219, .T. ) ;
#618 = CIRCLE ( 'NONE', #3053, 4.762500000000000178 ) ;
#619 = ORIENTED_EDGE ( 'NONE', *, *, #2983, .F. ) ;
#620 = ADVANCED_FACE ( 'NONE', ( #1129 ), #2086, .F. ) ;
#621 = CARTESIAN_POINT ( 'NONE',  ( -0.1412885761512141236, -2.758839843896105037, 0.1030080399866333402 ) ) ;
#622 = VECTOR ( 'NONE', #2790, 1000.000000000000227 ) ;
#623 = CIRCLE ( 'NONE', #17, 3.174999999999999822 ) ;
#624 = ORIENTED_EDGE ( 'NONE', *, *, #1643, .F. ) ;
#625 = LINE ( 'NONE', #2530, #2053 ) ;
#626 = CARTESIAN_POINT ( 'NONE',  ( 2.603499999999999925, 1.250950000000000006, 21.67890000000000228 ) ) ;
#627 = CALENDAR_DATE ( 2026, 22, 6 ) ;
#628 = CARTESIAN_POINT ( 'NONE',  ( -2.498074883028698512, 1.588458659296366537, 0.3008475931151117222 ) ) ;
#629 = CARTESIAN_POINT ( 'NONE',  ( 2.725367366995261609, -0.2990302408275474777, 0.06592311518572999129 ) ) ;
#630 = CARTESIAN_POINT ( 'NONE',  ( 1.833087104677060930, 3.174999999999990052, 5.539713541666656305 ) ) ;
#631 = VERTEX_POINT ( 'NONE', #401 ) ;
#632 = CARTESIAN_POINT ( 'NONE',  ( 3.174999999999999822, -5.171097518582160185E-15, 4.514453124999990408 ) ) ;
#633 = VERTEX_POINT ( 'NONE', #1349 ) ;
#634 = CARTESIAN_POINT ( 'NONE',  ( -1.031399486484716022, -2.451297376444169895, 0.000000000000000000 ) ) ;
#635 = ADVANCED_FACE ( 'NONE', ( #2301 ), #216, .T. ) ;
#636 = LINE ( 'NONE', #163, #765 ) ;
#637 = CARTESIAN_POINT ( 'NONE',  ( 0.000000000000000000, 0.000000000000000000, 0.000000000000000000 ) ) ;
#638 = CARTESIAN_POINT ( 'NONE',  ( 2.659444251809579551, -5.577813053751549571E-15, 5.804296874999989697 ) ) ;
#639 = CARTESIAN_POINT ( 'NONE',  ( -1.780994045887730914, 2.331335055493509056, 0.2727499871655165165 ) ) ;
#640 = CARTESIAN_POINT ( 'NONE',  ( 2.735842707722540013, -4.150822547500109773E-13, 0.07639845591296159921 ) ) ;
#641 = CARTESIAN_POINT ( 'NONE',  ( 2.659444251809579551, 3.660439816524454776E-15, 5.010546874999990408 ) ) ;
#642 = VERTEX_POINT ( 'NONE', #652 ) ;
#643 = CARTESIAN_POINT ( 'NONE',  ( -2.303146282015589907, 1.329722125904791996, 2.067057291666669627 ) ) ;
#644 = CARTESIAN_POINT ( 'NONE',  ( -3.888253587292845095E-16, -3.174999999999999822, 2.728515624999995115 ) ) ;
#645 = ORIENTED_EDGE ( 'NONE', *, *, #2472, .T. ) ;
#646 = CARTESIAN_POINT ( 'NONE',  ( -0.5572207364858603462, -2.660304242703179778, 0.05848081545691176386 ) ) ;
#647 =( BOUNDED_CURVE ( )  B_SPLINE_CURVE ( 2, ( #2342, #1425, #706, #1654, #2610, #2375, #492, #2390, #1903 ),
 .UNSPECIFIED., .F., .F. ) 
 B_SPLINE_CURVE_WITH_KNOTS ( ( 3, 2, 2, 2, 3 ),
 ( 0.7500000000000000000, 0.7592592592592589673, 0.7777777777777779011, 0.7962962962962959468, 0.8055555555555560243 ),
 .UNSPECIFIED. ) 
 CURVE ( )  GEOMETRIC_REPRESENTATION_ITEM ( )  RATIONAL_B_SPLINE_CURVE ( ( 0.9330127018922189652, 0.9330127018922199644, 1.000000000000000000, 0.8660254037844389297, 1.000000000000000000, 0.8660254037844389297, 1.000000000000000000, 0.9330127018922189652, 0.9330127018922189652 ) ) 
 REPRESENTATION_ITEM ( '' )  );
#648 = VERTEX_POINT ( 'NONE', #1597 ) ;
#649 = ADVANCED_FACE ( 'NONE', ( #2555 ), #1848, .T. ) ;
#650 = DIRECTION ( 'NONE',  ( 0.000000000000000000, 0.000000000000000000, 1.000000000000000000 ) ) ;
#651 = DIRECTION ( 'NONE',  ( 0.000000000000000000, -1.000000000000000000, 0.000000000000000000 ) ) ;
#652 = CARTESIAN_POINT ( 'NONE',  ( 4.000499999999999723, 0.000000000000000000, 9.525000000000000355 ) ) ;
#653 = ADVANCED_FACE ( 'NONE', ( #2982 ), #2062, .T. ) ;
#654 = EDGE_CURVE ( 'NONE', #2594, #2009, #2883, .T. ) ;
#655 = CARTESIAN_POINT ( 'NONE',  ( -2.475485577407794402, 1.621578396545946488, 0.2998701807407116449 ) ) ;
#656 = LINE ( 'NONE', #3058, #2963 ) ;
#657 = PLANE ( 'NONE',  #373 ) ;
#658 = ORIENTED_EDGE ( 'NONE', *, *, #1707, .F. ) ;
#659 = CARTESIAN_POINT ( 'NONE',  ( 3.174999999999999822, -0.8507386859688149672, 2.990724429751293378 ) ) ;
#660 = CARTESIAN_POINT ( 'NONE',  ( 2.749630657015589730, -1.587499999999999911, 1.273307291666663899 ) ) ;
#661 = VERTEX_POINT ( 'NONE', #2590 ) ;
#662 = DIRECTION ( 'NONE',  ( 0.000000000000000000, 0.000000000000000000, 1.000000000000000000 ) ) ;
#663 = CARTESIAN_POINT ( 'NONE',  ( 1.535430854677056534, -2.659444251809578219, 4.084505208333329307 ) ) ;
#664 = VECTOR ( 'NONE', #1480, 1000.000000000000000 ) ;
#665 = AXIS2_PLACEMENT_3D ( 'NONE', #2168, #1405, #1785 ) ;
#666 =( BOUNDED_SURFACE ( )  B_SPLINE_SURFACE ( 1, 2, ( 
 ( #1128, #2085, #2023, #1115, #2069, #2950, #586, #1143, #3035, #894, #1772, #1617, #2573, #434, #2098, #912, #1867, #684, #1634, #2588, #450, #815, #2721, #227, #1161, #465, #1647, #2865, #730, #1666, #2895, #2118, #1416, #2601, #1682, #2631, #2617, #760, #2848, #1175, #1226, #514, #2369, #958, #1913, #3082, #1189, #1464, #2132, #2419, #499, #1432, #1448, #975, #2399, #2178, #258, #1897, #1928, #4, #1206, #277, #39, #1697, #993, #2163, #943, #1944, #24, #2881, #744, #3067, #243, #928, #1715, #2647, #2666, #699, #714, #483, #533, #2146, #1484, #209, #1882, #2832, #2382, #2245, #1994, #1961, #1291, #1007, #2928, #1513, #2231, #1545, #2943, #2710, #2497, #824, #105, #89, #1779, #328, #563, #1025, #2447, #807, #2212 ),
 ( #2681, #593, #778, #2011, #308, #358, #293, #549, #1274, #345, #2433, #1257, #74, #1497, #2465, #1039, #1747, #1054, #1760, #579, #1530, #2960, #2482, #1240, #2913, #1732, #1978, #792, #2694, #2728, #2194, #56, #1002, #952, #2128, #477, #253, #2409, #527, #34, #1709, #1220, #2674, #725, #2141, #1939, #2626, #18, #2612, #270, #1692, #2642, #2377, #1443, #1427, #2442, #1656, #2428, #2876, #2395, #2842, #238, #969, #1184, #3090, #2173, #1905, #2859, #509, #288, #1676, #1199, #543, #494, #3077, #2153, #1923, #1458, #988, #740, #1725, #2890, #755, #51, #1235, #2660, #1477, #2189, #1955, #2906, #773, #1492, #303, #938, #1891, #708, #2026, #2492, #128, #1300, #2937, #2975, #1048, #2723, #2504, #2269, #2736, #1080, #352 ) ),
 .UNSPECIFIED., .F., .F., .T. ) 
 B_SPLINE_SURFACE_WITH_KNOTS ( ( 2, 2 ),
 ( 3, 2, 2, 2, 2, 2, 2, 2, 2, 2, 2, 2, 2, 2, 2, 2, 2, 2, 2, 2, 2, 2, 2, 2, 2, 2, 2, 2, 2, 2, 2, 2, 2, 2, 2, 2, 2, 2, 2, 2, 2, 2, 2, 2, 2, 2, 2, 2, 2, 2, 2, 2, 2, 2, 3 ),
 ( 0.000000000000000000, 1.000000000000000000 ),
 ( 0.000000000000000000, 0.01851851851851849667, 0.03703703703703704886, 0.05555555555555560104, 0.07407407407407409772, 0.09259259259259260133, 0.1111111111111110078, 0.1296296296296295947, 0.1481481481481480011, 0.1666666666666665186, 0.1851851851851850084, 0.2037037037037034981, 0.2222222222222219878, 0.2407407407407410049, 0.2592592592592595224, 0.2777777777777780122, 0.2962962962962965019, 0.3148148148148149916, 0.3333333333333335369, 0.3518518518518519711, 0.3703703703703705163, 0.3888888888888890061, 0.4074074074074074958, 0.4259259259259259855, 0.4444444444444444753, 0.4629629629629629650, 0.4814814814814820099, 0.5000000000000000000, 0.5185185185185190448, 0.5370370370370370905, 0.5555555555555560243, 0.5740740740740739589, 0.5925925925925930038, 0.6111111111111110494, 0.6296296296296299833, 0.6481481481481480289, 0.6666666666666670737, 0.6851851851851850084, 0.7037037037037039422, 0.7222222222222219878, 0.7407407407407410327, 0.7592592592592589673, 0.7777777777777779011, 0.7962962962962959468, 0.8148148148148149916, 0.8333333333333330373, 0.8518518518518520821, 0.8703703703703699057, 0.8888888888888889506, 0.9074074074074069962, 0.9259259259259260411, 0.9444444444444440867, 0.9629629629629630205, 0.9814814814814819544, 1.000000000000000000 ),
 .UNSPECIFIED. ) 
 GEOMETRIC_REPRESENTATION_ITEM ( )  RATIONAL_B_SPLINE_SURFACE ( (
 ( 1.000000000000000000, 0.8660254037844389297, 1.000000000000000000, 0.8660254037844389297, 1.000000000000000000, 0.8660254037844389297, 1.000000000000000000, 0.8660254037844389297, 1.000000000000000000, 0.8660254037844389297, 1.000000000000000000, 0.8660254037844389297, 1.000000000000000000, 0.8660254037844389297, 1.000000000000000000, 0.8660254037844389297, 1.000000000000000000, 0.8660254037844389297, 1.000000000000000000, 0.8660254037844389297, 1.000000000000000000, 0.8660254037844389297, 1.000000000000000000, 0.8660254037844389297, 1.000000000000000000, 0.8660254037844389297, 1.000000000000000000, 0.8660254037844389297, 1.000000000000000000, 0.8660254037844389297, 1.000000000000000000, 0.8660254037844389297, 1.000000000000000000, 0.8660254037844389297, 1.000000000000000000, 0.8660254037844389297, 1.000000000000000000, 0.8660254037844389297, 1.000000000000000000, 0.8660254037844389297, 1.000000000000000000, 0.8660254037844389297, 1.000000000000000000, 0.8660254037844389297, 1.000000000000000000, 0.8660254037844389297, 1.000000000000000000, 0.8660254037844389297, 1.000000000000000000, 0.8660254037844389297, 1.000000000000000000, 0.8660254037844389297, 1.000000000000000000, 0.8660254037844389297, 1.000000000000000000, 0.8660254037844389297, 1.000000000000000000, 0.8660254037844389297, 1.000000000000000000, 0.8660254037844389297, 1.000000000000000000, 0.8660254037844389297, 1.000000000000000000, 0.8660254037844389297, 1.000000000000000000, 0.8660254037844389297, 1.000000000000000000, 0.8660254037844389297, 1.000000000000000000, 0.8660254037844389297, 1.000000000000000000, 0.8660254037844389297, 1.000000000000000000, 0.8660254037844389297, 1.000000000000000000, 0.8660254037844389297, 1.000000000000000000, 0.8660254037844389297, 1.000000000000000000, 0.8660254037844389297, 1.000000000000000000, 0.8660254037844389297, 1.000000000000000000, 0.8660254037844389297, 1.000000000000000000, 0.8660254037844389297, 1.000000000000000000, 0.8660254037844389297, 1.000000000000000000, 0.8660254037844389297, 1.000000000000000000, 0.8660254037844389297, 1.000000000000000000, 0.8660254037844389297, 1.000000000000000000, 0.8660254037844389297, 1.000000000000000000, 0.8660254037844389297, 1.000000000000000000, 0.8660254037844389297, 1.000000000000000000, 0.8660254037844389297, 1.000000000000000000, 0.8660254037844389297, 1.000000000000000000, 0.8660254037844389297, 1.000000000000000000, 0.8660254037844389297, 1.000000000000000000),
 ( 1.000000000000000000, 0.8660254037844389297, 1.000000000000000000, 0.8660254037844389297, 1.000000000000000000, 0.8660254037844389297, 1.000000000000000000, 0.8660254037844389297, 1.000000000000000000, 0.8660254037844389297, 1.000000000000000000, 0.8660254037844389297, 1.000000000000000000, 0.8660254037844389297, 1.000000000000000000, 0.8660254037844389297, 1.000000000000000000, 0.8660254037844389297, 1.000000000000000000, 0.8660254037844389297, 1.000000000000000000, 0.8660254037844389297, 1.000000000000000000, 0.8660254037844389297, 1.000000000000000000, 0.8660254037844389297, 1.000000000000000000, 0.8660254037844389297, 1.000000000000000000, 0.8660254037844389297, 1.000000000000000000, 0.8660254037844389297, 1.000000000000000000, 0.8660254037844389297, 1.000000000000000000, 0.8660254037844389297, 1.000000000000000000, 0.8660254037844389297, 1.000000000000000000, 0.8660254037844389297, 1.000000000000000000, 0.8660254037844389297, 1.000000000000000000, 0.8660254037844389297, 1.000000000000000000, 0.8660254037844389297, 1.000000000000000000, 0.8660254037844389297, 1.000000000000000000, 0.8660254037844389297, 1.000000000000000000, 0.8660254037844389297, 1.000000000000000000, 0.8660254037844389297, 1.000000000000000000, 0.8660254037844389297, 1.000000000000000000, 0.8660254037844389297, 1.000000000000000000, 0.8660254037844389297, 1.000000000000000000, 0.8660254037844389297, 1.000000000000000000, 0.8660254037844389297, 1.000000000000000000, 0.8660254037844389297, 1.000000000000000000, 0.8660254037844389297, 1.000000000000000000, 0.8660254037844389297, 1.000000000000000000, 0.8660254037844389297, 1.000000000000000000, 0.8660254037844389297, 1.000000000000000000, 0.8660254037844389297, 1.000000000000000000, 0.8660254037844389297, 1.000000000000000000, 0.8660254037844389297, 1.000000000000000000, 0.8660254037844389297, 1.000000000000000000, 0.8660254037844389297, 1.000000000000000000, 0.8660254037844389297, 1.000000000000000000, 0.8660254037844389297, 1.000000000000000000, 0.8660254037844389297, 1.000000000000000000, 0.8660254037844389297, 1.000000000000000000, 0.8660254037844389297, 1.000000000000000000, 0.8660254037844389297, 1.000000000000000000, 0.8660254037844389297, 1.000000000000000000, 0.8660254037844389297, 1.000000000000000000, 0.8660254037844389297, 1.000000000000000000, 0.8660254037844389297, 1.000000000000000000, 0.8660254037844389297, 1.000000000000000000, 0.8660254037844389297, 1.000000000000000000) ) ) 
 REPRESENTATION_ITEM ( '' )  SURFACE ( )  );
#667 = CARTESIAN_POINT ( 'NONE',  ( 2.659444251809577775, 0.7125959395879664093, 0.2834943202487047453 ) ) ;
#668 = CARTESIAN_POINT ( 'NONE',  ( 2.303146282015589907, -1.329722125904793995, 3.356901041666665364 ) ) ;
#669 = CARTESIAN_POINT ( 'NONE',  ( -3.256879890489429719E-16, -2.659444251809579551, 1.637109374999999867 ) ) ;
#670 = CARTESIAN_POINT ( 'NONE',  ( -2.971327992603770085E-13, 2.659444251809579551, 6.349999999999999645 ) ) ;
#671 = DIRECTION ( 'NONE',  ( 0.000000000000000000, 0.000000000000000000, 1.000000000000000000 ) ) ;
#672 = EDGE_CURVE ( 'NONE', #2512, #1493, #945, .T. ) ;
#673 = CARTESIAN_POINT ( 'NONE',  ( 2.735842707722540013, -4.150822547500109773E-13, 0.07639845591296159921 ) ) ;
#674 = DIRECTION ( 'NONE',  ( 0.000000000000000000, 0.000000000000000000, -1.000000000000000000 ) ) ;
#675 = ORIENTED_EDGE ( 'NONE', *, *, #1164, .T. ) ;
#676 = DIRECTION ( 'NONE',  ( 0.000000000000000000, 0.000000000000000000, -1.000000000000000000 ) ) ;
#677 = DESIGN_CONTEXT ( 'detailed design', #150, 'design' ) ;
#678 = CARTESIAN_POINT ( 'NONE',  ( -1.833087104677061152, -3.174999999999995826, 0.2811197916666656749 ) ) ;
#679 = VERTEX_POINT ( 'NONE', #453 ) ;
#680 = DIRECTION ( 'NONE',  ( -0.000000000000000000, 1.000000000000000000, 0.000000000000000000 ) ) ;
#681 = CARTESIAN_POINT ( 'NONE',  ( 2.826330636349387859, -1.309087609576667033, 0.4553344608471981414 ) ) ;
#682 = ORIENTED_EDGE ( 'NONE', *, *, #1798, .T. ) ;
#683 = CARTESIAN_POINT ( 'NONE',  ( 2.303146282015589907, -1.329722125904791996, 2.463932291666664831 ) ) ;
#684 = CARTESIAN_POINT ( 'NONE',  ( -1.833087104677061152, -3.174999999999995826, 1.174088541666664209 ) ) ;
#685 = DIRECTION ( 'NONE',  ( -9.675876916087872480E-14, 0.8660254037844394848, 0.4999999999999986122 ) ) ;
#686 = FACE_OUTER_BOUND ( 'NONE', #1612, .T. ) ;
#687 =( BOUNDED_CURVE ( )  B_SPLINE_CURVE ( 2, ( #2979, #145, #836, #889, #2551, #663, #2510, #849, #1805 ),
 .UNSPECIFIED., .F., .F. ) 
 B_SPLINE_CURVE_WITH_KNOTS ( ( 3, 2, 2, 2, 3 ),
 ( 0.5833333333333330373, 0.5925925925925930038, 0.6111111111111110494, 0.6296296296296299833, 0.6388888888888889506 ),
 .UNSPECIFIED. ) 
 CURVE ( )  GEOMETRIC_REPRESENTATION_ITEM ( )  RATIONAL_B_SPLINE_CURVE ( ( 0.9330127018922189652, 0.9330127018922199644, 1.000000000000000000, 0.8660254037844389297, 1.000000000000000000, 0.8660254037844389297, 1.000000000000000000, 0.9330127018922189652, 0.9330127018922189652 ) ) 
 REPRESENTATION_ITEM ( '' )  );
#688 = DIRECTION ( 'NONE',  ( -1.000000000000000000, 0.000000000000000000, 0.000000000000000000 ) ) ;
#689 = CARTESIAN_POINT ( 'NONE',  ( 2.303146282015600121, 1.329722125904779784, 3.489192708333330284 ) ) ;
#690 = ORIENTED_EDGE ( 'NONE', *, *, #121, .T. ) ;
#691 = ADVANCED_FACE ( 'NONE', ( #1191 ), #732, .T. ) ;
#692 = CARTESIAN_POINT ( 'NONE',  ( -3.174999999999996714, -0.8507386859688139680, 3.458494320248693299 ) ) ;
#693 = CARTESIAN_POINT ( 'NONE',  ( -2.749630657015595059, -1.587499999999999911, 0.2149739583333329929 ) ) ;
#694 = ORIENTED_EDGE ( 'NONE', *, *, #2218, .F. ) ;
#695 = EDGE_CURVE ( 'NONE', #2060, #1301, #1562, .T. ) ;
#696 = FACE_BOUND ( 'NONE', #2724, .T. ) ;
#697 = EDGE_LOOP ( 'NONE', ( #2227, #1695, #1679, #1789 ) ) ;
#698 = CARTESIAN_POINT ( 'NONE',  ( -2.749630657015599944, -1.587499999999999911, 4.183723958333325221 ) ) ;
#699 = CARTESIAN_POINT ( 'NONE',  ( -1.833087104677061152, -3.174999999999995826, 5.142838541666656660 ) ) ;
#700 = CARTESIAN_POINT ( 'NONE',  ( -2.303146282015595236, -1.329722125904787777, 0.7110677083333359905 ) ) ;
#701 = DIRECTION ( 'NONE',  ( 0.000000000000000000, 0.000000000000000000, -1.000000000000000000 ) ) ;
#702 = CARTESIAN_POINT ( 'NONE',  ( -3.174999999999999822, -1.278248824818062079E-15, 3.323828124999995026 ) ) ;
#703 =( BOUNDED_CURVE ( )  B_SPLINE_CURVE ( 2, ( #2126, #1135, #1889, #1625, #2840, #250, #950, #1182, #2580 ),
 .UNSPECIFIED., .F., .F. ) 
 B_SPLINE_CURVE_WITH_KNOTS ( ( 3, 2, 2, 2, 3 ),
 ( 0.1388888888888890061, 0.1481481481481480011, 0.1666666666666665186, 0.1851851851851850084, 0.1944444444444445030 ),
 .UNSPECIFIED. ) 
 CURVE ( )  GEOMETRIC_REPRESENTATION_ITEM ( )  RATIONAL_B_SPLINE_CURVE ( ( 0.9330127018922189652, 0.9330127018922189652, 1.000000000000000000, 0.8660254037844389297, 1.000000000000000000, 0.8660254037844389297, 1.000000000000000000, 0.9330127018922189652, 0.9330127018922189652 ) ) 
 REPRESENTATION_ITEM ( '' )  );
#704 = CARTESIAN_POINT ( 'NONE',  ( -3.174999999999999822, 0.8507386859688149672, 0.9071306797512972420 ) ) ;
#705 = ORIENTED_EDGE ( 'NONE', *, *, #1245, .T. ) ;
#706 = CARTESIAN_POINT ( 'NONE',  ( 2.303146282015605006, 1.329722125904769792, 5.771223958333330017 ) ) ;
#707 = CARTESIAN_POINT ( 'NONE',  ( -2.749630657015595059, -1.587499999999999911, 4.977473958333320070 ) ) ;
#708 = CARTESIAN_POINT ( 'NONE',  ( 1.535430854677063195, 2.659444251809578219, 6.631119791666656660 ) ) ;
#709 = VERTEX_POINT ( 'NONE', #1869 ) ;
#710 = CARTESIAN_POINT ( 'NONE',  ( 2.351959934443441202, -1.931892005534604273, 0.3839686929731832565 ) ) ;
#711 = EDGE_CURVE ( 'NONE', #157, #2081, #2850, .T. ) ;
#712 = VERTEX_POINT ( 'NONE', #213 ) ;
#713 = CARTESIAN_POINT ( 'NONE',  ( -2.659444251809579551, 2.788906526875774786E-15, 2.133203125000000089 ) ) ;
#714 = CARTESIAN_POINT ( 'NONE',  ( -3.888253587292845095E-16, -3.174999999999999822, 5.208984374999990230 ) ) ;
#715 = AXIS2_PLACEMENT_3D ( 'NONE', #38, #1447, #23 ) ;
#716 = DIRECTION ( 'NONE',  ( 1.000000000000000000, 0.000000000000000000, 0.000000000000000000 ) ) ;
#717 = CARTESIAN_POINT ( 'NONE',  ( 1.535430854677060752, -2.659444251809578219, 0.1157552083333372034 ) ) ;
#718 = AXIS2_PLACEMENT_3D ( 'NONE', #1318, #2271, #130 ) ;
#719 = CARTESIAN_POINT ( 'NONE',  ( -2.303146282015595236, -1.329722125904786001, 1.405598958333335924 ) ) ;
#720 = CARTESIAN_POINT ( 'NONE',  ( 2.659444251809579551, -2.324088772396479843E-15, 2.530078124999999734 ) ) ;
#721 = ORIENTED_EDGE ( 'NONE', *, *, #3054, .F. ) ;
#722 = CC_DESIGN_SECURITY_CLASSIFICATION ( #2310, ( #1771 ) ) ;
#723 = CARTESIAN_POINT ( 'NONE',  ( -2.721777511104994821E-15, -3.174999999999999822, 2.827734374999995026 ) ) ;
#724 = CARTESIAN_POINT ( 'NONE',  ( -3.666174209354122304, 2.244884255301054691E-16, 4.911328124999986500 ) ) ;
#725 = CARTESIAN_POINT ( 'NONE',  ( 1.535430854677060752, -2.659444251809578219, 3.191536458333330106 ) ) ;
#726 = ORIENTED_EDGE ( 'NONE', *, *, #564, .F. ) ;
#727 = CARTESIAN_POINT ( 'NONE',  ( 2.659444251809579551, 3.660439816524454776E-15, 5.010546874999990408 ) ) ;
#728 = ORIENTED_EDGE ( 'NONE', *, *, #1947, .T. ) ;
#729 = CARTESIAN_POINT ( 'NONE',  ( 2.303146282015600121, 1.329722125904779784, 3.389973958333329929 ) ) ;
#730 = CARTESIAN_POINT ( 'NONE',  ( -2.749630657015595059, -1.587499999999999911, 1.901692708333329929 ) ) ;
#731 = CARTESIAN_POINT ( 'NONE',  ( -3.256879890489429719E-16, -2.659444251809579551, 0.04960937500000420219 ) ) ;
#732 = CYLINDRICAL_SURFACE ( 'NONE', #116, 2.659444251809579551 ) ;
#733 = CARTESIAN_POINT ( 'NONE',  ( -3.174999999999999822, -0.8507386859688149672, 0.9780255702486991831 ) ) ;
#734 = EDGE_CURVE ( 'NONE', #174, #991, #799, .T. ) ;
#735 = CARTESIAN_POINT ( 'NONE',  ( 2.659444251809579551, -5.577813053751549571E-15, 5.804296874999989697 ) ) ;
#736 = PLANE ( 'NONE',  #2516 ) ;
#737 = CARTESIAN_POINT ( 'NONE',  ( -3.174999999999999822, 3.888253587292845095E-16, 0.000000000000000000 ) ) ;
#738 = CARTESIAN_POINT ( 'NONE',  ( 2.749630657015589730, -1.587499999999999911, 2.166276041666659768 ) ) ;
#739 = CARTESIAN_POINT ( 'NONE',  ( -3.666174209354122304, 2.244884255301054691E-16, 6.498828124999986855 ) ) ;
#740 = CARTESIAN_POINT ( 'NONE',  ( 1.535430854677060752, -2.659444251809578219, 5.572786458333323978 ) ) ;
#741 = ORIENTED_EDGE ( 'NONE', *, *, #790, .T. ) ;
#742 = CARTESIAN_POINT ( 'NONE',  ( -2.659444251809577775, 0.7125959395879759573, 4.479005679751299596 ) ) ;
#743 = ORIENTED_EDGE ( 'NONE', *, *, #1947, .F. ) ;
#744 = CARTESIAN_POINT ( 'NONE',  ( 2.749630657015595059, 1.587499999999999911, 4.679817708333319892 ) ) ;
#745 = CARTESIAN_POINT ( 'NONE',  ( -2.303146282015595236, -1.329722125904787777, 3.886067708333329929 ) ) ;
#746 = DIRECTION ( 'NONE',  ( 1.000000000000000000, 0.000000000000000000, 0.000000000000000000 ) ) ;
#747 = CARTESIAN_POINT ( 'NONE',  ( -1.031399486484716022, -2.451297376444169451, 0.000000000000000000 ) ) ;
#748 =( BOUNDED_CURVE ( )  B_SPLINE_CURVE ( 2, ( #2623, #2185, #490, #2388, #1231, #2653, #1652, #2872, #2639 ),
 .UNSPECIFIED., .F., .F. ) 
 B_SPLINE_CURVE_WITH_KNOTS ( ( 3, 2, 2, 2, 3 ),
 ( 0.6388888888888889506, 0.6481481481481480289, 0.6666666666666670737, 0.6851851851851850084, 0.6944444444444450859 ),
 .UNSPECIFIED. ) 
 CURVE ( )  GEOMETRIC_REPRESENTATION_ITEM ( )  RATIONAL_B_SPLINE_CURVE ( ( 0.9330127018922189652, 0.9330127018922199644, 1.000000000000000000, 0.8660254037844389297, 1.000000000000000000, 0.8660254037844389297, 1.000000000000000000, 0.9330127018922189652, 0.9330127018922189652 ) ) 
 REPRESENTATION_ITEM ( '' )  );
#749 = CARTESIAN_POINT ( 'NONE',  ( 4.000499999999999723, 0.000000000000000000, 8.762999999999999901 ) ) ;
#750 = ADVANCED_FACE ( 'NONE', ( #1419 ), #2649, .T. ) ;
#751 = CARTESIAN_POINT ( 'NONE',  ( -2.659444251809579551, 2.788906526875774786E-15, 1.438671875000002043 ) ) ;
#752 = DIRECTION ( 'NONE',  ( 0.000000000000000000, 0.000000000000000000, 1.000000000000000000 ) ) ;
#753 = CARTESIAN_POINT ( 'NONE',  ( 2.749630657015604829, 1.587499999999999911, 5.374348958333319715 ) ) ;
#754 = CARTESIAN_POINT ( 'NONE',  ( 3.174999999999999822, -3.486133158594715622E-15, 3.026171874999994849 ) ) ;
#755 = CARTESIAN_POINT ( 'NONE',  ( 2.303146282015595236, 1.329722125904786001, 5.771223958333330017 ) ) ;
#756 = EDGE_LOOP ( 'NONE', ( #1072, #846, #2743, #1123 ) ) ;
#757 = LINE ( 'NONE', #1757, #68 ) ;
#758 = VERTEX_POINT ( 'NONE', #229 ) ;
#759 = CARTESIAN_POINT ( 'NONE',  ( 2.749630657015595059, 1.587499999999999911, 1.504817708333330062 ) ) ;
#760 = CARTESIAN_POINT ( 'NONE',  ( -1.833087104677061152, 3.175000000000002043, 2.497005208333324955 ) ) ;
#761 = CARTESIAN_POINT ( 'NONE',  ( 2.303146282015595236, -1.329722125904789776, 2.563151041666665186 ) ) ;
#762 = CARTESIAN_POINT ( 'NONE',  ( -2.659444251809579551, 4.590075325483039929E-15, 4.514453125000001066 ) ) ;
#763 = CARTESIAN_POINT ( 'NONE',  ( 0.000000000000000000, 0.000000000000000000, 0.000000000000000000 ) ) ;
#764 = CARTESIAN_POINT ( 'NONE',  ( -2.966995546068504463, -0.6405934744200160180, 0.3636132717158582217 ) ) ;
#765 = VECTOR ( 'NONE', #1831, 1000.000000000000000 ) ;
#766 = DIRECTION ( 'NONE',  ( 0.000000000000000000, 0.000000000000000000, 1.000000000000000000 ) ) ;
#767 = ORIENTED_EDGE ( 'NONE', *, *, #2983, .T. ) ;
#768 = PLANE ( 'NONE',  #1712 ) ;
#769 = VECTOR ( 'NONE', #1370, 1000.000000000000000 ) ;
#770 = CARTESIAN_POINT ( 'NONE',  ( -2.659444251809579551, 2.905110965495594873E-16, 0.6449218750000029754 ) ) ;
#771 = EDGE_CURVE ( 'NONE', #2364, #1248, #1146, .T. ) ;
#772 = CARTESIAN_POINT ( 'NONE',  ( 3.175000000000002043, 0.8507386859688139680, 3.061619320248693654 ) ) ;
#773 = CARTESIAN_POINT ( 'NONE',  ( -3.256879890489429719E-16, -2.659444251809579551, 6.300390624999989697 ) ) ;
#774 = ORIENTED_EDGE ( 'NONE', *, *, #2679, .T. ) ;
#775 = DIRECTION ( 'NONE',  ( 0.000000000000000000, 0.000000000000000000, 1.000000000000000000 ) ) ;
#776 = VERTEX_POINT ( 'NONE', #2633 ) ;
#777 = CARTESIAN_POINT ( 'NONE',  ( 1.833087104677060930, 3.174999999999995826, 1.570963541666663188 ) ) ;
#778 = CARTESIAN_POINT ( 'NONE',  ( -2.303146282015595236, 1.329722125904789776, 0.4795572916666709928 ) ) ;
#779 = CARTESIAN_POINT ( 'NONE',  ( 3.070861709354126390, -5.641081444477046245E-16, 5.804296874999986144 ) ) ;
#780 = DIRECTION ( 'NONE',  ( 0.000000000000000000, 0.000000000000000000, 1.000000000000000000 ) ) ;
#781 = PLANE ( 'NONE',  #1811 ) ;
#782 = CARTESIAN_POINT ( 'NONE',  ( -2.817945786239856254, -1.166116470386909576, 0.3780053852014596538 ) ) ;
#783 = CARTESIAN_POINT ( 'NONE',  ( -9.770639671468279789E-16, -2.659444251809579551, 0.8433593750000030198 ) ) ;
#784 = CARTESIAN_POINT ( 'NONE',  ( -2.749630657015589730, 1.587499999999999911, 4.150651041666659324 ) ) ;
#785 = CARTESIAN_POINT ( 'NONE',  ( 3.175000000000002043, 0.8507386859688139680, 5.442869320248688858 ) ) ;
#786 = EDGE_LOOP ( 'NONE', ( #2445, #115, #1590, #1866 ) ) ;
#787 = ADVANCED_FACE ( 'NONE', ( #686 ), #891, .T. ) ;
#788 = CARTESIAN_POINT ( 'NONE',  ( 3.174999999999999822, -5.171097518582160185E-15, 4.613671874999989875 ) ) ;
#789 = ORIENTED_EDGE ( 'NONE', *, *, #1334, .T. ) ;
#790 = EDGE_CURVE ( 'NONE', #2627, #2027, #1781, .T. ) ;
#791 = CARTESIAN_POINT ( 'NONE',  ( 1.833087104677060930, 3.174999999999990052, 2.364713541666660479 ) ) ;
#792 = CARTESIAN_POINT ( 'NONE',  ( -3.070861709354126390, 1.880360481492350803E-16, 2.133203124999997868 ) ) ;
#793 = CARTESIAN_POINT ( 'NONE',  ( -1.535430854677063195, 2.659444251809578219, 6.068880208333327531 ) ) ;
#794 = CARTESIAN_POINT ( 'NONE',  ( -1.833087104677060930, 3.175000000000002043, 2.397786458333327708 ) ) ;
#795 = CARTESIAN_POINT ( 'NONE',  ( 2.659444251809579551, 3.660439816524454776E-15, 5.010546874999990408 ) ) ;
#796 = CARTESIAN_POINT ( 'NONE',  ( -1.307517791767385695, -2.807274789484702104, 0.4371629853775471641 ) ) ;
#797 = CARTESIAN_POINT ( 'NONE',  ( 0.000000000000000000, 0.000000000000000000, 8.762999999999999901 ) ) ;
#798 = DIRECTION ( 'NONE',  ( 1.000000000000000000, 0.000000000000000000, 0.000000000000000000 ) ) ;
#799 =( BOUNDED_CURVE ( )  B_SPLINE_CURVE ( 2, ( #501, #1163, #2335, #1699, #26 ),
 .UNSPECIFIED., .F., .F. ) 
 B_SPLINE_CURVE_WITH_KNOTS ( ( 3, 2, 3 ),
 ( 0.000000000000000000, 0.01851851851851849667, 0.02777777777777780052 ),
 .UNSPECIFIED. ) 
 CURVE ( )  GEOMETRIC_REPRESENTATION_ITEM ( )  RATIONAL_B_SPLINE_CURVE ( ( 1.000000000000000000, 0.8660254037844389297, 1.000000000000000000, 0.9330127018922189652, 0.9330127018922189652 ) ) 
 REPRESENTATION_ITEM ( '' )  );
#800 = CARTESIAN_POINT ( 'NONE',  ( 2.137785583962103164, -1.612010548973489721, 0.01797876988359446357 ) ) ;
#801 = DIRECTION ( 'NONE',  ( 1.000000000000000000, 0.000000000000000000, 0.000000000000000000 ) ) ;
#802 = ORIENTED_EDGE ( 'NONE', *, *, #134, .F. ) ;
#803 = CARTESIAN_POINT ( 'NONE',  ( -3.174999999999996714, -0.8507386859688021996, 4.252244320248688148 ) ) ;
#804 = PRODUCT_RELATED_PRODUCT_CATEGORY ( 'detail', '', ( #2393 ) ) ;
#805 = VERTEX_POINT ( 'NONE', #551 ) ;
#806 = CARTESIAN_POINT ( 'NONE',  ( 2.303146282015595236, -1.329722125904787777, 0.04492095833333904775 ) ) ;
#807 = CARTESIAN_POINT ( 'NONE',  ( 1.833087104677061152, 3.174999999999995826, 7.127213541666649554 ) ) ;
#808 = ADVANCED_FACE ( 'NONE', ( #2435 ), #1009, .T. ) ;
#809 = CARTESIAN_POINT ( 'NONE',  ( -2.303146282015595236, -1.329722125904787777, 6.267317708333320248 ) ) ;
#810 = FACE_OUTER_BOUND ( 'NONE', #2999, .T. ) ;
#811 = CARTESIAN_POINT ( 'NONE',  ( -3.174999999999999822, 6.275039685470489619E-15, 4.911328124999990052 ) ) ;
#812 = LINE ( 'NONE', #2453, #1016 ) ;
#813 = CARTESIAN_POINT ( 'NONE',  ( -2.659444251809579551, 3.256879890489429719E-16, 0.000000000000000000 ) ) ;
#814 = CARTESIAN_POINT ( 'NONE',  ( 2.603499999999999925, 1.250950000000000006, 15.74800000000000111 ) ) ;
#815 = CARTESIAN_POINT ( 'NONE',  ( 3.666174209354122304, -6.734652765903157171E-16, 1.438671874999997158 ) ) ;
#816 = AXIS2_PLACEMENT_3D ( 'NONE', #1127, #1098, #1585 ) ;
#817 = CARTESIAN_POINT ( 'NONE',  ( 2.117446808179582973, -1.637108834777746935, 0.01691414279018623942 ) ) ;
#818 = DIRECTION ( 'NONE',  ( 0.000000000000000000, 0.000000000000000000, -1.000000000000000000 ) ) ;
#819 = ORIENTED_EDGE ( 'NONE', *, *, #1456, .F. ) ;
#820 = AXIS2_PLACEMENT_3D ( 'NONE', #236, #676, #1640 ) ;
#821 = CARTESIAN_POINT ( 'NONE',  ( 2.749630657015584845, -1.587499999999999911, 6.035807291666659857 ) ) ;
#822 = ORIENTED_EDGE ( 'NONE', *, *, #1264, .T. ) ;
#823 = CARTESIAN_POINT ( 'NONE',  ( -3.174999999999999822, -2.033577675846920109E-15, 2.629296874999995204 ) ) ;
#824 = CARTESIAN_POINT ( 'NONE',  ( -3.666174209354122304, 2.244884255301054691E-16, 6.598046874999987210 ) ) ;
#825 = CARTESIAN_POINT ( 'NONE',  ( -2.749630657015595059, -1.587499999999999911, 3.389973958333324600 ) ) ;
#826 = EDGE_CURVE ( 'NONE', #835, #2512, #1213, .T. ) ;
#827 = CARTESIAN_POINT ( 'NONE',  ( -1.833087104677060930, 3.175000000000002043, 1.604036458333328419 ) ) ;
#828 = CARTESIAN_POINT ( 'NONE',  ( 1.535430854677058976, -2.659444251809578219, 0.9095052083333354798 ) ) ;
#829 = ADVANCED_FACE ( 'NONE', ( #2182 ), #42, .T. ) ;
#830 = CARTESIAN_POINT ( 'NONE',  ( 0.000000000000000000, 0.000000000000000000, -7.384031027353249839E-19 ) ) ;
#831 = DIRECTION ( 'NONE',  ( -1.733406087350419758E-16, 1.000000000000000000, 0.000000000000000000 ) ) ;
#832 = CARTESIAN_POINT ( 'NONE',  ( -2.603499999999999925, 1.250950000000000006, 21.67890000000000228 ) ) ;
#833 = ORIENTED_EDGE ( 'NONE', *, *, #3032, .F. ) ;
#834 = CARTESIAN_POINT ( 'NONE',  ( 2.731328369776957476, -0.8285636778891480869, 6.349999999999998757 ) ) ;
#835 = VERTEX_POINT ( 'NONE', #1486 ) ;
#836 = CARTESIAN_POINT ( 'NONE',  ( -2.303146282015600121, -1.329722125904779784, 3.886067708333329929 ) ) ;
#837 = CARTESIAN_POINT ( 'NONE',  ( -3.666174209354122304, 2.244884255301054691E-16, 3.323828124999995026 ) ) ;
#838 = ORIENTED_EDGE ( 'NONE', *, *, #389, .F. ) ;
#839 = CARTESIAN_POINT ( 'NONE',  ( 2.659444251809579551, -4.241462009623570299E-15, 4.911328125000000711 ) ) ;
#840 = EDGE_CURVE ( 'NONE', #1968, #608, #2915, .T. ) ;
#841 = CARTESIAN_POINT ( 'NONE',  ( 2.603499999999999925, -1.250950000000000006, 21.67890000000000228 ) ) ;
#842 = CARTESIAN_POINT ( 'NONE',  ( -3.005406170135325183, -1.085448230481982242E-11, 0.3459619183257489627 ) ) ;
#843 = ADVANCED_FACE ( 'NONE', ( #2930 ), #1293, .T. ) ;
#844 = CARTESIAN_POINT ( 'NONE',  ( 0.000000000000000000, 0.000000000000000000, 9.525000000000000355 ) ) ;
#845 = DIRECTION ( 'NONE',  ( 0.000000000000000000, 0.000000000000000000, 1.000000000000000000 ) ) ;
#846 = ORIENTED_EDGE ( 'NONE', *, *, #2452, .T. ) ;
#847 = CARTESIAN_POINT ( 'NONE',  ( 2.841278976886619123, 0.9289177383960177670, 6.349999999999999645 ) ) ;
#848 = ORIENTED_EDGE ( 'NONE', *, *, #467, .F. ) ;
#849 = CARTESIAN_POINT ( 'NONE',  ( 2.659444251809577775, -0.7125959395879759573, 4.181349429751294977 ) ) ;
#850 = VERTEX_POINT ( 'NONE', #1734 ) ;
#851 = CYLINDRICAL_SURFACE ( 'NONE', #1661, 2.057399999999999896 ) ;
#852 = LINE ( 'NONE', #841, #3057 ) ;
#853 = COORDINATED_UNIVERSAL_TIME_OFFSET ( 10, 0, .AHEAD. ) ;
#854 = CARTESIAN_POINT ( 'NONE',  ( 2.303146282015595236, -1.329722125904789776, 0.8764322916666710261 ) ) ;
#855 = CARTESIAN_POINT ( 'NONE',  ( 2.237171977967840508, 1.676036458393286077, 0.1345870290436277095 ) ) ;
#856 = DIRECTION ( 'NONE',  ( 0.000000000000000000, 0.000000000000000000, -1.000000000000000000 ) ) ;
#857 = ORIENTED_EDGE ( 'NONE', *, *, #2996, .F. ) ;
#858 = EDGE_CURVE ( 'NONE', #1542, #1289, #91, .T. ) ;
#859 = AXIS2_PLACEMENT_3D ( 'NONE', #1454, #680, #1920 ) ;
#860 = CARTESIAN_POINT ( 'NONE',  ( 2.327743565888837018, 2.024607698529175881, 6.350000000000000533 ) ) ;
#861 = CIRCLE ( 'NONE', #1263, 0.2539999999999998925 ) ;
#862 = ORIENTED_EDGE ( 'NONE', *, *, #1909, .F. ) ;
#863 = CARTESIAN_POINT ( 'NONE',  ( -0.3626621695208611662, -2.715943392304858151, 0.08009463463059521282 ) ) ;
#864 = CARTESIAN_POINT ( 'NONE',  ( 3.908255868587315071E-15, 2.659444251809579551, 5.109765625000000533 ) ) ;
#865 = DIRECTION ( 'NONE',  ( 0.000000000000000000, 0.000000000000000000, -1.000000000000000000 ) ) ;
#866 = LINE ( 'NONE', #125, #1719 ) ;
#867 = CARTESIAN_POINT ( 'NONE',  ( -2.787422369669283917, 1.042747955037269136, 0.3165802614881134125 ) ) ;
#868 = CARTESIAN_POINT ( 'NONE',  ( 2.557231238244050520, 1.072174662615679619, 0.1134559552544295163 ) ) ;
#869 = CARTESIAN_POINT ( 'NONE',  ( -3.643347881541429613E-13, 3.260925958031735128, 6.349999999999999645 ) ) ;
#870 = ORIENTED_EDGE ( 'NONE', *, *, #171, .T. ) ;
#871 = CARTESIAN_POINT ( 'NONE',  ( 2.885647876954770208, 0.7175388933975003214, 6.350000000000001421 ) ) ;
#872 = EDGE_CURVE ( 'NONE', #1542, #2923, #1849, .T. ) ;
#873 = ORIENTED_EDGE ( 'NONE', *, *, #2313, .T. ) ;
#874 = CARTESIAN_POINT ( 'NONE',  ( 1.686230251413751047, -2.447210793848297428, 0.2992251470595416740 ) ) ;
#875 = ADVANCED_FACE ( 'NONE', ( #810 ), #466, .T. ) ;
#876 = ORIENTED_EDGE ( 'NONE', *, *, #1302, .T. ) ;
#877 = CARTESIAN_POINT ( 'NONE',  ( -2.659444251809577775, 0.7125959395879770675, 5.272755679751295332 ) ) ;
#878 = LINE ( 'NONE', #112, #70 ) ;
#879 = DIRECTION ( 'NONE',  ( 1.000000000000000000, 0.000000000000000000, 0.000000000000000000 ) ) ;
#880 = APPROVAL_ROLE ( '' ) ;
#881 = CARTESIAN_POINT ( 'NONE',  ( -2.716108843434322129, 1.208560383953152240, 0.3118504944479182361 ) ) ;
#882 = CARTESIAN_POINT ( 'NONE',  ( 0.7425828470288882155, 2.782241868859389733, 0.1971080957619029683 ) ) ;
#883 = CARTESIAN_POINT ( 'NONE',  ( -2.749630657015589730, 1.587499999999999911, 5.738151041666659680 ) ) ;
#884 = VERTEX_POINT ( 'NONE', #1515 ) ;
#885 = CARTESIAN_POINT ( 'NONE',  ( 2.929008687935767075, 0.2925395372136019856, 6.349999999999999645 ) ) ;
#886 = UNCERTAINTY_MEASURE_WITH_UNIT (LENGTH_MEASURE( 1.000000000000000082E-05 ), #1077, 'distance_accuracy_value', 'NONE');
#887 = CARTESIAN_POINT ( 'NONE',  ( 1.833087104677061152, -3.175000000000002043, 0.4134114583333325377 ) ) ;
#888 = ORIENTED_EDGE ( 'NONE', *, *, #507, .F. ) ;
#889 = CARTESIAN_POINT ( 'NONE',  ( -1.535430854677063195, -2.659444251809578219, 3.952213541666663943 ) ) ;
#890 = APPROVAL ( #1809, 'Coincident' ) ;
#891 =( BOUNDED_SURFACE ( )  B_SPLINE_SURFACE ( 1, 2, ( 
 ( #1636, #2134, #2620, #1684, #245, #1915, #1434, #516, #930, #2835, #2148, #979, #961 ),
 ( #1669, #2603, #1931, #3084, #6, #2101, #1450, #2401, #914, #2215, #1243, #2450, #1763 ) ),
 .UNSPECIFIED., .F., .F., .F. ) 
 B_SPLINE_SURFACE_WITH_KNOTS ( ( 2, 2 ),
 ( 3, 2, 2, 2, 2, 2, 3 ),
 ( 0.000000000000000000, 1.000000000000000000 ),
 ( 0.000000000000000000, 0.1666666666666665186, 0.3333333333333335369, 0.5000000000000000000, 0.6666666666666670737, 0.8333333333333330373, 1.000000000000000000 ),
 .UNSPECIFIED. ) 
 GEOMETRIC_REPRESENTATION_ITEM ( )  RATIONAL_B_SPLINE_SURFACE ( (
 ( 1.000000000000000000, 0.8660254037844389297, 1.000000000000000000, 0.8660254037844389297, 1.000000000000000000, 0.8660254037844389297, 1.000000000000000000, 0.8660254037844389297, 1.000000000000000000, 0.8660254037844389297, 1.000000000000000000, 0.8660254037844389297, 1.000000000000000000),
 ( 1.000000000000000000, 0.8660254037844389297, 1.000000000000000000, 0.8660254037844389297, 1.000000000000000000, 0.8660254037844389297, 1.000000000000000000, 0.8660254037844389297, 1.000000000000000000, 0.8660254037844389297, 1.000000000000000000, 0.8660254037844389297, 1.000000000000000000) ) ) 
 REPRESENTATION_ITEM ( '' )  SURFACE ( )  );
#892 = ORIENTED_EDGE ( 'NONE', *, *, #1767, .T. ) ;
#893 = CYLINDRICAL_SURFACE ( 'NONE', #816, 2.659444251809579551 ) ;
#894 = CARTESIAN_POINT ( 'NONE',  ( 3.666174209354122304, -6.734652765903157171E-16, 0.6449218749999983125 ) ) ;
#895 = EDGE_CURVE ( 'NONE', #1021, #1248, #2809, .T. ) ;
#896 = CARTESIAN_POINT ( 'NONE',  ( -1.535430854677063195, 2.659444251809578219, 1.306380208333335124 ) ) ;
#897 = PLANE ( 'NONE',  #2020 ) ;
#898 =( BOUNDED_CURVE ( )  B_SPLINE_CURVE ( 2, ( #1664, #3081, #1646, #957, #1896, #927, #242, #2817, #1881 ),
 .UNSPECIFIED., .F., .F. ) 
 B_SPLINE_CURVE_WITH_KNOTS ( ( 3, 2, 2, 2, 3 ),
 ( 0.3611111111111109939, 0.3703703703703705163, 0.3888888888888890061, 0.4074074074074074958, 0.4166666666666665186 ),
 .UNSPECIFIED. ) 
 CURVE ( )  GEOMETRIC_REPRESENTATION_ITEM ( )  RATIONAL_B_SPLINE_CURVE ( ( 0.9330127018922189652, 0.9330127018922199644, 1.000000000000000000, 0.8660254037844389297, 1.000000000000000000, 0.8660254037844389297, 1.000000000000000000, 0.9330127018922189652, 0.9330127018922189652 ) ) 
 REPRESENTATION_ITEM ( '' )  );
#899 = CARTESIAN_POINT ( 'NONE',  ( -2.757935605328466266, 1.112927568017552771, 0.3145765964876255927 ) ) ;
#900 = CARTESIAN_POINT ( 'NONE',  ( 1.647917978698850039, -2.713851752672039819, 0.5155557481904280426 ) ) ;
#901 = CARTESIAN_POINT ( 'NONE',  ( -2.659444251809577775, 0.7125959395879770675, 5.371974429751297464 ) ) ;
#902 = EDGE_LOOP ( 'NONE', ( #1887, #605, #1569 ) ) ;
#903 = FACE_OUTER_BOUND ( 'NONE', #1495, .T. ) ;
#904 = CARTESIAN_POINT ( 'NONE',  ( 3.666174209354122304, -6.734652765903157171E-16, 0.5457031249999986233 ) ) ;
#905 = ORIENTED_EDGE ( 'NONE', *, *, #2180, .T. ) ;
#906 = CARTESIAN_POINT ( 'NONE',  ( -2.303146282015589907, 1.329722125904793995, 4.448307291666664831 ) ) ;
#907 = CIRCLE ( 'NONE', #2107, 2.659444251809579551 ) ;
#908 = EDGE_LOOP ( 'NONE', ( #1673, #52, #289, #118, #2661 ) ) ;
#909 = AXIS2_PLACEMENT_3D ( 'NONE', #1390, #2792, #1608 ) ;
#910 = PLANE ( 'NONE',  #318 ) ;
#911 = AXIS2_PLACEMENT_3D ( 'NONE', #2688, #2239, #96 ) ;
#912 = CARTESIAN_POINT ( 'NONE',  ( -3.666174209354122304, 2.244884255301054691E-16, 1.041796874999996847 ) ) ;
#913 = CARTESIAN_POINT ( 'NONE',  ( -2.303146282015595236, 1.329722125904789776, 2.166276041666664653 ) ) ;
#914 = CARTESIAN_POINT ( 'NONE',  ( -2.303146282015595236, -1.329722125904789776, -0.2574237083333270060 ) ) ;
#915 = EDGE_CURVE ( 'NONE', #633, #2879, #505, .T. ) ;
#916 = CARTESIAN_POINT ( 'NONE',  ( -2.761169532028022289, 1.105453485877113007, 0.3147897714898944543 ) ) ;
#917 = CARTESIAN_POINT ( 'NONE',  ( 2.484587827907038804, 1.248001218083707675, 0.1194326355711129856 ) ) ;
#918 =( BOUNDED_CURVE ( )  B_SPLINE_CURVE ( 2, ( #1006, #2927, #759, #777, #1960, #1746, #1778, #1053, #2193 ),
 .UNSPECIFIED., .F., .F. ) 
 B_SPLINE_CURVE_WITH_KNOTS ( ( 3, 2, 2, 2, 3 ),
 ( 0.1944444444444445030, 0.2037037037037034981, 0.2222222222222219878, 0.2407407407407410049, 0.2500000000000000000 ),
 .UNSPECIFIED. ) 
 CURVE ( )  GEOMETRIC_REPRESENTATION_ITEM ( )  RATIONAL_B_SPLINE_CURVE ( ( 0.9330127018922189652, 0.9330127018922189652, 1.000000000000000000, 0.8660254037844389297, 1.000000000000000000, 0.8660254037844389297, 1.000000000000000000, 0.9330127018922189652, 0.9330127018922189652 ) ) 
 REPRESENTATION_ITEM ( '' )  );
#919 = EDGE_CURVE ( 'NONE', #394, #661, #1705, .T. ) ;
#920 = CARTESIAN_POINT ( 'NONE',  ( 3.174999999999999822, -5.171097518582160185E-15, 4.613671874999989875 ) ) ;
#921 = ORIENTED_EDGE ( 'NONE', *, *, #1224, .T. ) ;
#922 = CARTESIAN_POINT ( 'NONE',  ( -3.174999999999999822, 6.275039685470489619E-15, 4.911328124999990052 ) ) ;
#923 = CARTESIAN_POINT ( 'NONE',  ( -1.833087104677061152, 3.175000000000002043, 0.01653645833333318091 ) ) ;
#924 = VERTEX_POINT ( 'NONE', #1936 ) ;
#925 = CARTESIAN_POINT ( 'NONE',  ( -1.368218782904749973E-14, -2.659444251809579551, 4.812109374999989697 ) ) ;
#926 = ORIENTED_EDGE ( 'NONE', *, *, #1378, .F. ) ;
#927 = CARTESIAN_POINT ( 'NONE',  ( 1.833087104677060930, -3.175000000000002043, 2.794661458333329129 ) ) ;
#928 = CARTESIAN_POINT ( 'NONE',  ( -1.833087104677061152, 3.175000000000002043, 4.878255208333326820 ) ) ;
#929 = DIRECTION ( 'NONE',  ( 0.000000000000000000, 0.000000000000000000, 1.000000000000000000 ) ) ;
#930 = CARTESIAN_POINT ( 'NONE',  ( -2.749630657015589730, -1.587499999999999911, -0.5550799583333319021 ) ) ;
#931 = CARTESIAN_POINT ( 'NONE',  ( 3.175000000000002043, 0.8507386859688139680, 2.962400570248691523 ) ) ;
#932 = DIRECTION ( 'NONE',  ( 0.000000000000000000, 0.000000000000000000, 1.000000000000000000 ) ) ;
#933 = CARTESIAN_POINT ( 'NONE',  ( 2.749630657015595059, 1.587499999999999911, 0.6118489583333319715 ) ) ;
#934 = VERTEX_POINT ( 'NONE', #300 ) ;
#935 = CARTESIAN_POINT ( 'NONE',  ( -1.833087104677060930, -3.174999999999990052, 3.555338541666657637 ) ) ;
#936 = ADVANCED_FACE ( 'NONE', ( #1722 ), #2418, .T. ) ;
#937 = CARTESIAN_POINT ( 'NONE',  ( -3.888253587292845095E-16, -3.174999999999999822, 5.109765624999989875 ) ) ;
#938 = CARTESIAN_POINT ( 'NONE',  ( 3.070861709354126390, -5.641081444477046245E-16, 6.498828124999995737 ) ) ;
#939 = ORIENTED_EDGE ( 'NONE', *, *, #1538, .T. ) ;
#940 = CARTESIAN_POINT ( 'NONE',  ( 1.535430854677075185, 2.659444251809572890, 4.249869791666661456 ) ) ;
#941 = VERTEX_POINT ( 'NONE', #430 ) ;
#942 = CARTESIAN_POINT ( 'NONE',  ( -3.174999999999996714, -0.8507386859688021996, 4.153025570248692233 ) ) ;
#943 = CARTESIAN_POINT ( 'NONE',  ( -3.888253587292845095E-16, -3.174999999999999822, 4.415234374999990052 ) ) ;
#944 = CARTESIAN_POINT ( 'NONE',  ( 0.000000000000000000, 0.000000000000000000, 0.000000000000000000 ) ) ;
#945 = LINE ( 'NONE', #260, #1311 ) ;
#946 = CARTESIAN_POINT ( 'NONE',  ( -3.174999999999999822, 0.8507386859688149672, 3.288380679751292224 ) ) ;
#947 = LINE ( 'NONE', #520, #1414 ) ;
#948 = ORIENTED_EDGE ( 'NONE', *, *, #2386, .T. ) ;
#949 = APPROVAL ( #2773, 'Coincident' ) ;
#950 = CARTESIAN_POINT ( 'NONE',  ( 2.749630657015589730, -1.587499999999999911, 1.372526041666664032 ) ) ;
#951 = CARTESIAN_POINT ( 'NONE',  ( -1.833087104677061152, 3.175000000000002043, 6.366536458333314386 ) ) ;
#952 = CARTESIAN_POINT ( 'NONE',  ( 3.070861709354126390, -5.641081444477046245E-16, 2.530078124999999289 ) ) ;
#953 = ORIENTED_EDGE ( 'NONE', *, *, #2996, .T. ) ;
#954 = ADVANCED_FACE ( 'NONE', ( #1843 ), #1689, .F. ) ;
#955 = CARTESIAN_POINT ( 'NONE',  ( 2.393416366178711563, -1.889188118484058654, 0.3896676965226479328 ) ) ;
#956 = ORIENTED_EDGE ( 'NONE', *, *, #1950, .F. ) ;
#957 = CARTESIAN_POINT ( 'NONE',  ( -1.833087104677060930, -3.174999999999990052, 2.662369791666658880 ) ) ;
#958 = CARTESIAN_POINT ( 'NONE',  ( 1.833087104677061152, -3.175000000000002043, 2.893880208333326376 ) ) ;
#959 = AXIS2_PLACEMENT_3D ( 'NONE', #2051, #2275, #135 ) ;
#960 = DIRECTION ( 'NONE',  ( 1.000000000000000000, 0.000000000000000000, 0.000000000000000000 ) ) ;
#961 = CARTESIAN_POINT ( 'NONE',  ( 0.000000000000000000, 3.174999999999999822, -0.8574246249999980529 ) ) ;
#962 = VECTOR ( 'NONE', #1550, 1000.000000000000000 ) ;
#963 =( BOUNDED_CURVE ( )  B_SPLINE_CURVE ( 2, ( #285, #2187, #1753, #570, #506, #2457, #1921, #2171, #49 ),
 .UNSPECIFIED., .F., .F. ) 
 B_SPLINE_CURVE_WITH_KNOTS ( ( 3, 2, 2, 2, 3 ),
 ( 0.3055555555555554692, 0.3148148148148149916, 0.3333333333333335369, 0.3518518518518519711, 0.3611111111111109939 ),
 .UNSPECIFIED. ) 
 CURVE ( )  GEOMETRIC_REPRESENTATION_ITEM ( )  RATIONAL_B_SPLINE_CURVE ( ( 0.9330127018922189652, 0.9330127018922199644, 1.000000000000000000, 0.8660254037844389297, 1.000000000000000000, 0.8660254037844389297, 1.000000000000000000, 0.9330127018922189652, 0.9330127018922189652 ) ) 
 REPRESENTATION_ITEM ( '' )  );
#964 = AXIS2_PLACEMENT_3D ( 'NONE', #610, #1807, #1336 ) ;
#965 = DIRECTION ( 'NONE',  ( 0.000000000000000000, 0.000000000000000000, 1.000000000000000000 ) ) ;
#966 = CARTESIAN_POINT ( 'NONE',  ( 2.659444251809575555, 0.7125959395879623015, 2.565525570248702536 ) ) ;
#967 = DIRECTION ( 'NONE',  ( 0.000000000000000000, 0.000000000000000000, 1.000000000000000000 ) ) ;
#968 = CARTESIAN_POINT ( 'NONE',  ( 0.000000000000000000, 3.174999999999999822, 4.712890624999990230 ) ) ;
#969 = CARTESIAN_POINT ( 'NONE',  ( -2.303146282015595236, 1.329722125904789776, 4.448307291666664831 ) ) ;
#970 = EDGE_LOOP ( 'NONE', ( #857, #1478, #939, #743 ) ) ;
#971 = CARTESIAN_POINT ( 'NONE',  ( 2.432026219046439675, -1.847995881318774236, 0.3950212071675065495 ) ) ;
#972 = ADVANCED_FACE ( 'NONE', ( #2583 ), #768, .F. ) ;
#973 = VERTEX_POINT ( 'NONE', #1249 ) ;
#974 = CARTESIAN_POINT ( 'NONE',  ( 0.000000000000000000, 0.000000000000000000, 9.525000000000000355 ) ) ;
#975 = CARTESIAN_POINT ( 'NONE',  ( -1.833087104677061152, -3.174999999999995826, 3.555338541666657637 ) ) ;
#976 = ADVANCED_FACE ( 'NONE', ( #2203 ), #2094, .T. ) ;
#977 = ADVANCED_FACE ( 'NONE', ( #445 ), #1395, .T. ) ;
#978 = CARTESIAN_POINT ( 'NONE',  ( 2.303146282015595236, 1.329722125904786001, 2.695442708333330106 ) ) ;
#979 = CARTESIAN_POINT ( 'NONE',  ( -1.833087104677061152, 3.174999999999995826, -0.7818384583333308768 ) ) ;
#980 = CARTESIAN_POINT ( 'NONE',  ( 3.174999999999999822, -5.810221930991189253E-17, 1.339453124999996136 ) ) ;
#981 = DIRECTION ( 'NONE',  ( 0.000000000000000000, 0.000000000000000000, 1.000000000000000000 ) ) ;
#982 = DIRECTION ( 'NONE',  ( 0.000000000000000000, 0.000000000000000000, 1.000000000000000000 ) ) ;
#983 = ORIENTED_EDGE ( 'NONE', *, *, #1482, .F. ) ;
#984 = DIRECTION ( 'NONE',  ( 0.000000000000000000, 0.000000000000000000, -1.000000000000000000 ) ) ;
#985 = CARTESIAN_POINT ( 'NONE',  ( 3.174999999999999822, -0.8507386859688149672, 2.196974429751297198 ) ) ;
#986 =( BOUNDED_CURVE ( )  B_SPLINE_CURVE ( 2, ( #30, #1423, #1439, #1167, #1180, #2137, #11, #1472, #751 ),
 .UNSPECIFIED., .F., .F. ) 
 B_SPLINE_CURVE_WITH_KNOTS ( ( 3, 2, 2, 2, 3 ),
 ( 0.1944444444444445030, 0.2037037037037034981, 0.2222222222222219878, 0.2407407407407410049, 0.2500000000000000000 ),
 .UNSPECIFIED. ) 
 CURVE ( )  GEOMETRIC_REPRESENTATION_ITEM ( )  RATIONAL_B_SPLINE_CURVE ( ( 0.9330127018922189652, 0.9330127018922189652, 1.000000000000000000, 0.8660254037844389297, 1.000000000000000000, 0.8660254037844389297, 1.000000000000000000, 0.9330127018922189652, 0.9330127018922189652 ) ) 
 REPRESENTATION_ITEM ( '' )  );
#987 = CARTESIAN_POINT ( 'NONE',  ( 2.659444251809579551, 0.000000000000000000, -7.384031027353249839E-19 ) ) ;
#988 = CARTESIAN_POINT ( 'NONE',  ( -3.256879890489429719E-16, -2.659444251809579551, 5.506640624999990408 ) ) ;
#989 = ORIENTED_EDGE ( 'NONE', *, *, #2139, .F. ) ;
#990 = DIRECTION ( 'NONE',  ( 0.000000000000000000, 0.000000000000000000, -1.000000000000000000 ) ) ;
#991 = VERTEX_POINT ( 'NONE', #2888 ) ;
#992 = CARTESIAN_POINT ( 'NONE',  ( -2.749630657015589730, 1.587499999999999911, 0.9756510416666649421 ) ) ;
#993 = CARTESIAN_POINT ( 'NONE',  ( -2.749630657015595059, -1.587499999999999911, 4.282942708333325577 ) ) ;
#994 = CARTESIAN_POINT ( 'NONE',  ( -2.303146282015595236, -1.329722125904787777, 3.092317708333330195 ) ) ;
#995 = CARTESIAN_POINT ( 'NONE',  ( 1.833087104677060930, -3.175000000000002043, 6.068880208333315096 ) ) ;
#996 = ADVANCED_FACE ( 'NONE', ( #2345 ), #2405, .T. ) ;
#997 = CARTESIAN_POINT ( 'NONE',  ( -0.5367028183392226204, -2.659444251809580440, 0.02648840210613659721 ) ) ;
#998 = CARTESIAN_POINT ( 'NONE',  ( 0.3271862615679281827, -3.122441988472856700, 0.4796001021544732956 ) ) ;
#999 = CARTESIAN_POINT ( 'NONE',  ( -2.659444251809579551, 2.905110965495594873E-16, 1.339453125000001910 ) ) ;
#1000 = CARTESIAN_POINT ( 'NONE',  ( -3.174999999999999822, 3.486133158594715622E-15, 1.835546874999995026 ) ) ;
#1001 = CARTESIAN_POINT ( 'NONE',  ( -3.888253587292845095E-16, -3.174999999999999822, 6.697265624999990230 ) ) ;
#1002 = CARTESIAN_POINT ( 'NONE',  ( 2.303146282015595236, -1.329722125904789776, 2.463932291666664831 ) ) ;
#1003 = ORIENTED_EDGE ( 'NONE', *, *, #564, .T. ) ;
#1004 = CARTESIAN_POINT ( 'NONE',  ( 5.834444251809580706, 0.000000000000000000, 3.175000000000034905 ) ) ;
#1005 = EDGE_LOOP ( 'NONE', ( #491, #2066, #905, #2344 ) ) ;
#1006 = CARTESIAN_POINT ( 'NONE',  ( 3.174999999999999822, -5.810221930991189253E-17, 1.438671874999996270 ) ) ;
#1007 = CARTESIAN_POINT ( 'NONE',  ( 1.833087104677061152, -3.175000000000002043, 6.068880208333316872 ) ) ;
#1008 = CARTESIAN_POINT ( 'NONE',  ( 0.000000000000000000, 2.659444251809579551, 6.002734374999990408 ) ) ;
#1009 = CYLINDRICAL_SURFACE ( 'NONE', #1958, 3.174999999999999822 ) ;
#1010 = CYLINDRICAL_SURFACE ( 'NONE', #1907, 2.659444251809579551 ) ;
#1011 = CARTESIAN_POINT ( 'NONE',  ( 1.647917978698850039, -2.713851752672039819, 0.5155557481904280426 ) ) ;
#1012 = CARTESIAN_POINT ( 'NONE',  ( 1.647917978698850039, -2.713851752672039819, 0.5155557481904280426 ) ) ;
#1013 = CARTESIAN_POINT ( 'NONE',  ( -2.887440909600654582, 0.7594717138747091312, 0.3246586100629950122 ) ) ;
#1014 = CIRCLE ( 'NONE', #2305, 4.762500000000000178 ) ;
#1015 = DIRECTION ( 'NONE',  ( 0.000000000000000000, 0.000000000000000000, 1.000000000000000000 ) ) ;
#1016 = VECTOR ( 'NONE', #2670, 1000.000000000000000 ) ;
#1017 =( BOUNDED_CURVE ( )  B_SPLINE_CURVE ( 2, ( #1506, #65, #1019, #1251, #2205 ),
 .UNSPECIFIED., .F., .F. ) 
 B_SPLINE_CURVE_WITH_KNOTS ( ( 3, 2, 3 ),
 ( 0.000000000000000000, 0.1666666666666665186, 0.2500000000000000000 ),
 .UNSPECIFIED. ) 
 CURVE ( )  GEOMETRIC_REPRESENTATION_ITEM ( )  RATIONAL_B_SPLINE_CURVE ( ( 1.000000000000000000, 0.8660254037844389297, 1.000000000000000000, 0.9330127018922189652, 0.9330127018922189652 ) ) 
 REPRESENTATION_ITEM ( '' )  );
#1018 = ADVANCED_FACE ( 'NONE', ( #1474 ), #3045, .T. ) ;
#1019 = CARTESIAN_POINT ( 'NONE',  ( 2.303146282015595236, 1.329722125904789776, 0.1960932916666719983 ) ) ;
#1020 = CARTESIAN_POINT ( 'NONE',  ( 2.303146282015605006, 1.329722125904771790, 4.282942708333330017 ) ) ;
#1021 = VERTEX_POINT ( 'NONE', #190 ) ;
#1022 = CARTESIAN_POINT ( 'NONE',  ( -2.057399999999999896, 2.519588324565765294E-16, -3.556000000000000050 ) ) ;
#1023 = EDGE_LOOP ( 'NONE', ( #2855, #201, #1037, #321 ) ) ;
#1024 = DIRECTION ( 'NONE',  ( 1.000000000000000000, 0.000000000000000000, 0.000000000000000000 ) ) ;
#1025 = CARTESIAN_POINT ( 'NONE',  ( 3.666174209354122304, -6.734652765903157171E-16, 6.994921874999990408 ) ) ;
#1026 = CARTESIAN_POINT ( 'NONE',  ( 1.535430854677060752, -2.659444251809578219, 4.878255208333326820 ) ) ;
#1027 = CARTESIAN_POINT ( 'NONE',  ( -2.303146282015600121, -1.329722125904779784, 4.580598958333329307 ) ) ;
#1028 = CARTESIAN_POINT ( 'NONE',  ( -1.417428554811570374, -2.749516296093784451, 0.4338215016142930036 ) ) ;
#1029 = CYLINDRICAL_SURFACE ( 'NONE', #1570, 2.659444251809579551 ) ;
#1030 = CARTESIAN_POINT ( 'NONE',  ( 2.659444251809579551, -7.843799606838110052E-15, 4.117578124999995204 ) ) ;
#1031 = DIRECTION ( 'NONE',  ( 1.733406087350419758E-16, -1.000000000000000000, 0.000000000000000000 ) ) ;
#1032 = CARTESIAN_POINT ( 'NONE',  ( -3.174999999999999822, -1.278248824818062079E-15, 3.423046874999994937 ) ) ;
#1033 = CARTESIAN_POINT ( 'NONE',  ( 3.174999999999999822, -9.354457308895818617E-15, 3.819921874999990141 ) ) ;
#1034 = ORIENTED_EDGE ( 'NONE', *, *, #2969, .T. ) ;
#1035 = EDGE_CURVE ( 'NONE', #805, #648, #1138, .T. ) ;
#1036 = DIRECTION ( 'NONE',  ( 0.000000000000000000, 0.000000000000000000, 1.000000000000000000 ) ) ;
#1037 = ORIENTED_EDGE ( 'NONE', *, *, #2637, .F. ) ;
#1038 = CARTESIAN_POINT ( 'NONE',  ( 3.174999999999999822, -2.788906526875774786E-15, 2.232421874999995115 ) ) ;
#1039 = CARTESIAN_POINT ( 'NONE',  ( -3.070861709354126390, 1.880360481492350803E-16, 1.339453125000003020 ) ) ;
#1040 = CARTESIAN_POINT ( 'NONE',  ( 1.535430854677060752, -2.659444251809578219, 2.497005208333330728 ) ) ;
#1041 = CARTESIAN_POINT ( 'NONE',  ( 1.833087104677060930, 3.174999999999990052, 2.265494791666663232 ) ) ;
#1042 = FACE_OUTER_BOUND ( 'NONE', #1344, .T. ) ;
#1043 = CARTESIAN_POINT ( 'NONE',  ( -1.358335638451999783, -2.781546890765936197, 0.4356345872949573539 ) ) ;
#1044 = CARTESIAN_POINT ( 'NONE',  ( 2.303146282015589907, -1.329722125904791996, 0.9756510416666689389 ) ) ;
#1045 = CARTESIAN_POINT ( 'NONE',  ( 2.749630657015584845, -1.587499999999999911, 5.341276041666659147 ) ) ;
#1046 = CARTESIAN_POINT ( 'NONE',  ( -2.659444251809579551, 2.788906526875774786E-15, 2.133203125000000089 ) ) ;
#1047 = CARTESIAN_POINT ( 'NONE',  ( 2.151140531111768617, -1.595325641695404029, 0.01868123299058656664 ) ) ;
#1048 = CARTESIAN_POINT ( 'NONE',  ( -3.256879890489429719E-16, -2.659444251809579551, 7.094140624999989875 ) ) ;
#1049 = ORIENTED_EDGE ( 'NONE', *, *, #2638, .T. ) ;
#1050 = LINE ( 'NONE', #1460, #1064 ) ;
#1051 = EDGE_CURVE ( 'NONE', #642, #1510, #2104, .T. ) ;
#1052 = ORIENTED_EDGE ( 'NONE', *, *, #444, .F. ) ;
#1053 = CARTESIAN_POINT ( 'NONE',  ( -3.174999999999999822, 0.8507386859688149672, 1.800099429751296665 ) ) ;
#1054 = CARTESIAN_POINT ( 'NONE',  ( -1.535430854677063195, -2.659444251809578219, 1.471744791666669272 ) ) ;
#1055 = CARTESIAN_POINT ( 'NONE',  ( -2.749630657015595059, 1.587499999999999911, 3.257682291666660124 ) ) ;
#1056 = DIRECTION ( 'NONE',  ( 0.000000000000000000, 0.000000000000000000, -1.000000000000000000 ) ) ;
#1057 = EDGE_CURVE ( 'NONE', #2295, #1086, #1765, .T. ) ;
#1058 = CARTESIAN_POINT ( 'NONE',  ( -2.749630657015589730, 1.587499999999999911, 1.670182291666665098 ) ) ;
#1059 = CARTESIAN_POINT ( 'NONE',  ( -2.749630657015589730, 1.587499999999999911, 4.051432291666659857 ) ) ;
#1060 = CIRCLE ( 'NONE', #2798, 0.7619999999999996776 ) ;
#1061 = PERSON_AND_ORGANIZATION ( #18446744073709551615, #18446744073709551615 ) ;
#1062 = CARTESIAN_POINT ( 'NONE',  ( -2.303146282015589907, 1.329722125904793995, 2.960026041666665275 ) ) ;
#1063 = CARTESIAN_POINT ( 'NONE',  ( -2.659444251809575555, -0.7125959395879635228, 3.061619320248698539 ) ) ;
#1064 = VECTOR ( 'NONE', #545, 1000.000000000000000 ) ;
#1065 = CARTESIAN_POINT ( 'NONE',  ( 2.276003307867957126, -1.427403761008855465, 0.02541731938112155517 ) ) ;
#1066 = CARTESIAN_POINT ( 'NONE',  ( -1.535430854677047208, 2.659444251809583992, 4.481380208333329840 ) ) ;
#1067 = ORIENTED_EDGE ( 'NONE', *, *, #1604, .T. ) ;
#1068 = VECTOR ( 'NONE', #2971, 1000.000000000000000 ) ;
#1069 = AXIS2_PLACEMENT_3D ( 'NONE', #944, #1449, #960 ) ;
#1070 = CARTESIAN_POINT ( 'NONE',  ( 2.714306918135368729, 1.333591897256099168, 6.349999999999999645 ) ) ;
#1071 = AXIS2_PLACEMENT_3D ( 'NONE', #2330, #2813, #31 ) ;
#1072 = ORIENTED_EDGE ( 'NONE', *, *, #2509, .T. ) ;
#1073 = CARTESIAN_POINT ( 'NONE',  ( -1.833087104677061152, 3.175000000000002043, 3.191536458333323889 ) ) ;
#1074 = CARTESIAN_POINT ( 'NONE',  ( 1.555301434917139813E-15, 3.174999999999999822, 1.537890624999995071 ) ) ;
#1075 = EDGE_CURVE ( 'NONE', #3047, #1236, #410, .T. ) ;
#1076 = CARTESIAN_POINT ( 'NONE',  ( -1.433356380714540056E-14, -2.659444251809579551, 5.605859374999989875 ) ) ;
#1077 =( LENGTH_UNIT ( ) NAMED_UNIT ( * ) SI_UNIT ( .MILLI., .METRE. ) );
#1078 = DIRECTION ( 'NONE',  ( 0.000000000000000000, 0.000000000000000000, 1.000000000000000000 ) ) ;
#1079 = CARTESIAN_POINT ( 'NONE',  ( 3.110602869834275287E-15, 3.174999999999999822, 3.224609374999995115 ) ) ;
#1080 = CARTESIAN_POINT ( 'NONE',  ( 1.535430854677063195, 2.659444251809578219, 7.424869791666658614 ) ) ;
#1081 = ORIENTED_EDGE ( 'NONE', *, *, #2430, .F. ) ;
#1082 = CARTESIAN_POINT ( 'NONE',  ( 2.659444251809579551, 1.743066579297359981E-16, 1.736328125000005107 ) ) ;
#1083 = EDGE_LOOP ( 'NONE', ( #2138, #1120, #2254, #1440 ) ) ;
#1084 = CARTESIAN_POINT ( 'NONE',  ( -0.4074043845404159980, -2.704479485335407496, 0.07527039418407004134 ) ) ;
#1085 =( BOUNDED_CURVE ( )  B_SPLINE_CURVE ( 2, ( #1150, #2763, #1104, #1341, #2577, #2292, #3015, #2776, #439 ),
 .UNSPECIFIED., .F., .F. ) 
 B_SPLINE_CURVE_WITH_KNOTS ( ( 3, 2, 2, 2, 3 ),
 ( 0.3611111111111109939, 0.3703703703703705163, 0.3888888888888890061, 0.4074074074074074958, 0.4166666666666665186 ),
 .UNSPECIFIED. ) 
 CURVE ( )  GEOMETRIC_REPRESENTATION_ITEM ( )  RATIONAL_B_SPLINE_CURVE ( ( 0.9330127018922189652, 0.9330127018922199644, 1.000000000000000000, 0.8660254037844389297, 1.000000000000000000, 0.8660254037844389297, 1.000000000000000000, 0.9330127018922189652, 0.9330127018922189652 ) ) 
 REPRESENTATION_ITEM ( '' )  );
#1086 = VERTEX_POINT ( 'NONE', #555 ) ;
#1087 = CYLINDRICAL_SURFACE ( 'NONE', #959, 2.659444251809579551 ) ;
#1088 = DIRECTION ( 'NONE',  ( 0.000000000000000000, 0.000000000000000000, 1.000000000000000000 ) ) ;
#1089 = EDGE_CURVE ( 'NONE', #709, #1662, #263, .T. ) ;
#1090 = PERSON_AND_ORGANIZATION ( #18446744073709551615, #18446744073709551615 ) ;
#1091 = CARTESIAN_POINT ( 'NONE',  ( -1.535430854677063195, -2.659444251809578219, 0.6779947916666707597 ) ) ;
#1092 = DIRECTION ( 'NONE',  ( 1.000000000000000000, 0.000000000000000000, 0.000000000000000000 ) ) ;
#1093 = FACE_BOUND ( 'NONE', #271, .T. ) ;
#1094 = ORIENTED_EDGE ( 'NONE', *, *, #2940, .F. ) ;
#1095 = CARTESIAN_POINT ( 'NONE',  ( 2.675706812384937905, -0.9622222330369000209, 6.350000000000000533 ) ) ;
#1096 = ORIENTED_EDGE ( 'NONE', *, *, #1164, .F. ) ;
#1097 = CARTESIAN_POINT ( 'NONE',  ( 0.3283258271383025506, -2.793840640560242061, 0.1499980032228384053 ) ) ;
#1098 = DIRECTION ( 'NONE',  ( 0.000000000000000000, 0.000000000000000000, 1.000000000000000000 ) ) ;
#1099 = CYLINDRICAL_SURFACE ( 'NONE', #2517, 3.174999999999999822 ) ;
#1100 = COORDINATED_UNIVERSAL_TIME_OFFSET ( 10, 0, .AHEAD. ) ;
#1101 = CARTESIAN_POINT ( 'NONE',  ( -2.481227439812990987, 1.613233019130140278, 0.3001167652102531003 ) ) ;
#1102 = EDGE_CURVE ( 'NONE', #2654, #1110, #2000, .T. ) ;
#1103 = CARTESIAN_POINT ( 'NONE',  ( 2.500457585522199544, -1.020518546355837497, 0.04028246908740504978 ) ) ;
#1104 = CARTESIAN_POINT ( 'NONE',  ( -2.303146282015600121, -1.329722125904781782, 2.993098958333335169 ) ) ;
#1105 = ORIENTED_EDGE ( 'NONE', *, *, #2180, .F. ) ;
#1106 = AXIS2_PLACEMENT_3D ( 'NONE', #592, #307, #578 ) ;
#1107 = FACE_OUTER_BOUND ( 'NONE', #2877, .T. ) ;
#1108 = EDGE_CURVE ( 'NONE', #241, #1137, #2956, .T. ) ;
#1109 = VECTOR ( 'NONE', #766, 1000.000000000000000 ) ;
#1110 = VERTEX_POINT ( 'NONE', #1030 ) ;
#1111 = CARTESIAN_POINT ( 'NONE',  ( 1.833087104677060930, -3.175000000000002043, 3.588411458333325310 ) ) ;
#1112 = AXIS2_PLACEMENT_3D ( 'NONE', #1218, #33, #1476 ) ;
#1113 = ORIENTED_EDGE ( 'NONE', *, *, #294, .T. ) ;
#1114 = CARTESIAN_POINT ( 'NONE',  ( -2.303146282015595236, 1.329722125904789776, 0.5787760416666699603 ) ) ;
#1115 = CARTESIAN_POINT ( 'NONE',  ( -3.666174209354122304, 2.244884255301054691E-16, 0.2480468749999997224 ) ) ;
#1116 = APPROVAL_DATE_TIME ( #1337, #949 ) ;
#1117 = CARTESIAN_POINT ( 'NONE',  ( -0.7091053293717678452, 2.817128180754996158, 0.2391436890580930508 ) ) ;
#1118 = CARTESIAN_POINT ( 'NONE',  ( 2.719568656350080715, 0.4578999062296182365, 0.09240895985420805037 ) ) ;
#1119 = CARTESIAN_POINT ( 'NONE',  ( -1.535430854677044987, 2.659444251809583992, 5.275130208333326465 ) ) ;
#1120 = ORIENTED_EDGE ( 'NONE', *, *, #546, .T. ) ;
#1121 = DIRECTION ( 'NONE',  ( 0.000000000000000000, 0.000000000000000000, 1.000000000000000000 ) ) ;
#1122 = CARTESIAN_POINT ( 'NONE',  ( 2.749630657015595059, 1.587499999999999911, 0.6118489583333319715 ) ) ;
#1123 = ORIENTED_EDGE ( 'NONE', *, *, #2543, .T. ) ;
#1124 = EDGE_CURVE ( 'NONE', #98, #1845, #1203, .T. ) ;
#1125 = CARTESIAN_POINT ( 'NONE',  ( 3.174999999999999822, -0.8507386859688149672, 3.685255679751293201 ) ) ;
#1126 = ORIENTED_EDGE ( 'NONE', *, *, #1929, .T. ) ;
#1127 = CARTESIAN_POINT ( 'NONE',  ( 0.000000000000000000, 0.000000000000000000, 0.000000000000000000 ) ) ;
#1128 = CARTESIAN_POINT ( 'NONE',  ( 0.000000000000000000, 3.174999999999999822, 0.04960937499999999722 ) ) ;
#1129 = FACE_OUTER_BOUND ( 'NONE', #1023, .T. ) ;
#1130 = CARTESIAN_POINT ( 'NONE',  ( 0.000000000000000000, 2.879601836198494968, 0.2201575843889225226 ) ) ;
#1131 = CARTESIAN_POINT ( 'NONE',  ( 0.3723437507674489666, 2.868869693679341193, 0.2094254418697121534 ) ) ;
#1132 = FACE_OUTER_BOUND ( 'NONE', #2190, .T. ) ;
#1133 = ORIENTED_EDGE ( 'NONE', *, *, #546, .F. ) ;
#1134 = ADVANCED_BREP_SHAPE_REPRESENTATION ( 'Button GH1358-ND 5A_91772A555.STEP', ( #273, #2061 ), #3009 ) ;
#1135 = CARTESIAN_POINT ( 'NONE',  ( -3.174999999999999822, -0.8507386859688149672, 1.077244320248697651 ) ) ;
#1136 = CARTESIAN_POINT ( 'NONE',  ( 1.833087104677061152, -3.175000000000002043, 1.207161458333329662 ) ) ;
#1137 = VERTEX_POINT ( 'NONE', #2267 ) ;
#1138 = LINE ( 'NONE', #1155, #3004 ) ;
#1139 = CARTESIAN_POINT ( 'NONE',  ( -3.174999999999999822, 7.088470755809258136E-15, 5.705078124999990230 ) ) ;
#1140 = ADVANCED_FACE ( 'NONE', ( #2237 ), #1326, .T. ) ;
#1141 = EDGE_LOOP ( 'NONE', ( #2767, #690, #1181, #2221 ) ) ;
#1142 = DIRECTION ( 'NONE',  ( 1.000000000000000000, 0.000000000000000000, 0.000000000000000000 ) ) ;
#1143 = CARTESIAN_POINT ( 'NONE',  ( 1.833087104677061152, -3.175000000000002043, 0.5126302083333321713 ) ) ;
#1144 = EDGE_CURVE ( 'NONE', #1333, #1153, #2002, .T. ) ;
#1145 = CARTESIAN_POINT ( 'NONE',  ( -2.303146282015595236, 1.329722125904789776, 1.372526041666668029 ) ) ;
#1146 = LINE ( 'NONE', #2820, #2300 ) ;
#1147 = SECURITY_CLASSIFICATION_LEVEL ( 'unclassified' ) ;
#1148 = CARTESIAN_POINT ( 'NONE',  ( -2.103401613076114618, 2.059941899965494816, 0.2846438381860451061 ) ) ;
#1149 = CARTESIAN_POINT ( 'NONE',  ( 2.348922090331004409, 1.501574543928498873, 0.1280405021888288697 ) ) ;
#1150 = CARTESIAN_POINT ( 'NONE',  ( -2.659444251809579551, -1.743066579297359981E-15, 2.926953124999999822 ) ) ;
#1151 = ORIENTED_EDGE ( 'NONE', *, *, #338, .T. ) ;
#1152 = CARTESIAN_POINT ( 'NONE',  ( 1.535430854677063195, 2.659444251809578219, 6.730338541666658791 ) ) ;
#1153 = VERTEX_POINT ( 'NONE', #2949 ) ;
#1154 = AXIS2_PLACEMENT_3D ( 'NONE', #797, #111, #2934 ) ;
#1155 = CARTESIAN_POINT ( 'NONE',  ( 2.603499999999999925, 1.250950000000000006, 21.67890000000000228 ) ) ;
#1156 = CARTESIAN_POINT ( 'NONE',  ( -2.659444251809575555, -0.7125959395879570835, 4.649119320248694009 ) ) ;
#1157 = TOROIDAL_SURFACE ( 'NONE', #1465, 1.803399999999999892, 0.2540000000000000036 ) ;
#1158 = ORIENTED_EDGE ( 'NONE', *, *, #2391, .T. ) ;
#1159 = CARTESIAN_POINT ( 'NONE',  ( 2.659444251809577775, -0.7125959395879717384, 2.494630679751301816 ) ) ;
#1160 = CONICAL_SURFACE ( 'NONE', #471, 5.834444251809580706, 0.7853981633974426169 ) ;
#1161 = CARTESIAN_POINT ( 'NONE',  ( 0.000000000000000000, 3.174999999999999822, 1.637109374999994982 ) ) ;
#1162 = CARTESIAN_POINT ( 'NONE',  ( -1.535430854677063195, 2.659444251809578219, 0.5126302083333361681 ) ) ;
#1163 = CARTESIAN_POINT ( 'NONE',  ( -1.535430854677063195, 2.659444251809578219, 0.4134114583333381998 ) ) ;
#1164 = EDGE_CURVE ( 'NONE', #608, #648, #1738, .T. ) ;
#1165 = CARTESIAN_POINT ( 'NONE',  ( 6.513759780978859438E-16, 2.659444251809579551, 1.141015625000002087 ) ) ;
#1166 = DIRECTION ( 'NONE',  ( -0.7071067811865435759, 8.659560562354873694E-17, 0.7071067811865515695 ) ) ;
#1167 = CARTESIAN_POINT ( 'NONE',  ( 1.535430854677065859, 2.659444251809572890, 1.174088541666668872 ) ) ;
#1168 = VERTEX_POINT ( 'NONE', #598 ) ;
#1169 = CARTESIAN_POINT ( 'NONE',  ( -3.937000000000000277, 0.000000000000000000, 9.525000000000000355 ) ) ;
#1170 = FACE_OUTER_BOUND ( 'NONE', #2142, .T. ) ;
#1171 = ORIENTED_EDGE ( 'NONE', *, *, #840, .T. ) ;
#1172 = CARTESIAN_POINT ( 'NONE',  ( -2.659444251809579551, 5.868324150301109700E-15, 6.101953124999989875 ) ) ;
#1173 = EDGE_LOOP ( 'NONE', ( #2550, #615, #2873, #2563, #726 ) ) ;
#1174 = CARTESIAN_POINT ( 'NONE',  ( -2.659444251809579551, 5.287301957201990232E-15, 4.613671875000000533 ) ) ;
#1175 = CARTESIAN_POINT ( 'NONE',  ( -3.666174209354122304, 2.244884255301054691E-16, 2.629296874999996092 ) ) ;
#1176 = CARTESIAN_POINT ( 'NONE',  ( 1.535430854677060752, -2.659444251809578219, 0.9095052083333354798 ) ) ;
#1177 = DIRECTION ( 'NONE',  ( 0.000000000000000000, 0.000000000000000000, 1.000000000000000000 ) ) ;
#1178 = CARTESIAN_POINT ( 'NONE',  ( -1.535430854677058976, 2.659444251809578219, 1.207161458333336546 ) ) ;
#1179 = EDGE_CURVE ( 'NONE', #144, #353, #2341, .T. ) ;
#1180 = CARTESIAN_POINT ( 'NONE',  ( 1.302751956195769915E-15, 2.659444251809579551, 1.240234375000001998 ) ) ;
#1181 = ORIENTED_EDGE ( 'NONE', *, *, #2862, .F. ) ;
#1182 = CARTESIAN_POINT ( 'NONE',  ( 3.174999999999999822, -0.8507386859688149672, 1.403224429751297020 ) ) ;
#1183 = CARTESIAN_POINT ( 'NONE',  ( -1.833087104677061152, -3.174999999999995826, 5.837369791666653818 ) ) ;
#1184 = CARTESIAN_POINT ( 'NONE',  ( -3.070861709354126390, 1.880360481492350803E-16, 4.514453124999998401 ) ) ;
#1185 = ORIENTED_EDGE ( 'NONE', *, *, #1057, .F. ) ;
#1186 = B_SPLINE_CURVE_WITH_KNOTS ( 'NONE', 3,
 ( #2225, #339, #302, #83, #1986, #2936, #817, #800, #1047, #2025, #1540, #1065, #587, #1754, #2703, #1524, #351, #1773, #1369, #184, #1353, #1103, #2338, #2291, #629, #673 ),
 .UNSPECIFIED., .F., .F.,
 ( 4, 2, 2, 1, 2, 2, 2, 2, 1, 1, 1, 2, 2, 2, 4 ),
 ( 0.000000000000000000, 0.1250000000000000278, 0.1874999999999999167, 0.2187499999999997780, 0.2343749999999993616, 0.2499999999999989453, 0.3749999999999973910, 0.4374999999999966693, 0.4687499999999963918, 0.4843749999999961142, 0.4921874999999960032, 0.4960937499999959477, 0.4999999999999958922, 0.7499999999999978906, 1.000000000000000000 ),
 .UNSPECIFIED. ) ;
#1187 = ORIENTED_EDGE ( 'NONE', *, *, #192, .T. ) ;
#1188 = FACE_OUTER_BOUND ( 'NONE', #2049, .T. ) ;
#1189 = CARTESIAN_POINT ( 'NONE',  ( 2.749630657015595059, 1.587499999999999911, 3.092317708333324866 ) ) ;
#1190 = EDGE_LOOP ( 'NONE', ( #561, #921, #2586, #2678 ) ) ;
#1191 = FACE_OUTER_BOUND ( 'NONE', #3030, .T. ) ;
#1192 = DIRECTION ( 'NONE',  ( 1.224646799147353947E-16, 1.000000000000000000, 0.000000000000000000 ) ) ;
#1193 = CARTESIAN_POINT ( 'NONE',  ( -3.174999999999999822, 3.486133158594715228E-15, 1.736328124999995115 ) ) ;
#1194 = DIRECTION ( 'NONE',  ( 1.000000000000000000, 0.000000000000000000, 0.000000000000000000 ) ) ;
#1195 = ORIENTED_EDGE ( 'NONE', *, *, #1621, .F. ) ;
#1196 = ADVANCED_FACE ( 'NONE', ( #2761 ), #1851, .T. ) ;
#1197 = CARTESIAN_POINT ( 'NONE',  ( -3.175000000000002043, -0.8507386859688010894, 4.946775570248692411 ) ) ;
#1198 = CARTESIAN_POINT ( 'NONE',  ( 0.000000000000000000, 3.174999999999999822, 5.506640624999990408 ) ) ;
#1199 = CARTESIAN_POINT ( 'NONE',  ( 1.535430854677063195, 2.659444251809578219, 5.043619791666664298 ) ) ;
#1200 = ORIENTED_EDGE ( 'NONE', *, *, #1144, .F. ) ;
#1201 = EDGE_CURVE ( 'NONE', #1301, #2060, #1658, .T. ) ;
#1202 = CARTESIAN_POINT ( 'NONE',  ( 2.813547651030068319, -1.331027144050458411, 0.4530389607002928698 ) ) ;
#1203 = CIRCLE ( 'NONE', #1808, 2.659444251809579551 ) ;
#1204 = ORIENTED_EDGE ( 'NONE', *, *, #2430, .T. ) ;
#1205 = CARTESIAN_POINT ( 'NONE',  ( -2.659444251809579551, 3.256879890489429719E-16, 0.000000000000000000 ) ) ;
#1206 = CARTESIAN_POINT ( 'NONE',  ( 0.000000000000000000, 3.174999999999999822, 4.018359374999990408 ) ) ;
#1207 = AXIS2_PLACEMENT_3D ( 'NONE', #357, #1483, #1496 ) ;
#1208 = CARTESIAN_POINT ( 'NONE',  ( -1.535430854677063195, -2.659444251809578219, -0.01653645833332895859 ) ) ;
#1209 = CARTESIAN_POINT ( 'NONE',  ( 0.000000000000000000, 0.000000000000000000, -3.556000000000000050 ) ) ;
#1210 = AXIS2_PLACEMENT_3D ( 'NONE', #590, #3017, #355 ) ;
#1211 = CARTESIAN_POINT ( 'NONE',  ( 3.174999999999999822, -0.8507386859688149672, 1.304005679751295554 ) ) ;
#1212 = CIRCLE ( 'NONE', #964, 3.937000000000000277 ) ;
#1213 =( BOUNDED_CURVE ( )  B_SPLINE_CURVE ( 2, ( #762, #76, #1027, #2196, #310, #2713, #535, #581, #1980 ),
 .UNSPECIFIED., .F., .F. ) 
 B_SPLINE_CURVE_WITH_KNOTS ( ( 3, 2, 2, 2, 3 ),
 ( 0.5833333333333330373, 0.5925925925925930038, 0.6111111111111110494, 0.6296296296296299833, 0.6388888888888889506 ),
 .UNSPECIFIED. ) 
 CURVE ( )  GEOMETRIC_REPRESENTATION_ITEM ( )  RATIONAL_B_SPLINE_CURVE ( ( 0.9330127018922189652, 0.9330127018922199644, 1.000000000000000000, 0.8660254037844389297, 1.000000000000000000, 0.8660254037844389297, 1.000000000000000000, 0.9330127018922189652, 0.9330127018922189652 ) ) 
 REPRESENTATION_ITEM ( '' )  );
#1214 = CARTESIAN_POINT ( 'NONE',  ( 1.535430854677058976, -2.659444251809578219, 1.604036458333335524 ) ) ;
#1215 = LINE ( 'NONE', #503, #1109 ) ;
#1216 = CARTESIAN_POINT ( 'NONE',  ( 3.174999999999999822, -6.739857439949790084E-15, 6.201171874999990230 ) ) ;
#1217 = CARTESIAN_POINT ( 'NONE',  ( 3.175000000000005151, 0.8507386859688041980, 3.855369320248697829 ) ) ;
#1218 = CARTESIAN_POINT ( 'NONE',  ( 0.000000000000000000, 0.000000000000000000, 0.000000000000000000 ) ) ;
#1219 = PRODUCT_DEFINITION ( 'General', '', #1771, #677 ) ;
#1220 = CARTESIAN_POINT ( 'NONE',  ( -1.535430854677063195, -2.659444251809578219, 3.059244791666665186 ) ) ;
#1221 = ORIENTED_EDGE ( 'NONE', *, *, #1224, .F. ) ;
#1222 =( BOUNDED_CURVE ( )  B_SPLINE_CURVE ( 2, ( #86, #803, #69, #1711, #1957, #1527, #2925, #2892, #788 ),
 .UNSPECIFIED., .F., .T. ) 
 B_SPLINE_CURVE_WITH_KNOTS ( ( 3, 2, 2, 2, 3 ),
 ( 0.5833333333333330373, 0.5925925925925930038, 0.6111111111111110494, 0.6296296296296299833, 0.6388888888888889506 ),
 .UNSPECIFIED. ) 
 CURVE ( )  GEOMETRIC_REPRESENTATION_ITEM ( )  RATIONAL_B_SPLINE_CURVE ( ( 0.9330127018922189652, 0.9330127018922199644, 1.000000000000000000, 0.8660254037844389297, 1.000000000000000000, 0.8660254037844389297, 1.000000000000000000, 0.9330127018922189652, 0.9330127018922189652 ) ) 
 REPRESENTATION_ITEM ( '' )  );
#1223 = CARTESIAN_POINT ( 'NONE',  ( 2.014891895721357962, -1.884419792964718621, 6.349999999999998757 ) ) ;
#1224 = EDGE_CURVE ( 'NONE', #991, #2602, #607, .T. ) ;
#1225 = EDGE_LOOP ( 'NONE', ( #189, #2076, #1883, #539 ) ) ;
#1226 = CARTESIAN_POINT ( 'NONE',  ( -2.749630657015595059, -1.587499999999999911, 2.695442708333330106 ) ) ;
#1227 = CARTESIAN_POINT ( 'NONE',  ( -3.070861709354126390, 1.880360481492350803E-16, 4.613671874999995204 ) ) ;
#1228 = CARTESIAN_POINT ( 'NONE',  ( -1.711224631113084810E-14, -3.174999999999999822, 6.002734374999990408 ) ) ;
#1229 = CARTESIAN_POINT ( 'NONE',  ( 3.174999999999999822, -6.739857439949790084E-15, 6.201171874999990230 ) ) ;
#1230 = CARTESIAN_POINT ( 'NONE',  ( 0.000000000000000000, 0.000000000000000000, -7.384031027353249839E-19 ) ) ;
#1231 = CARTESIAN_POINT ( 'NONE',  ( 4.665904304751420031E-15, 3.174999999999999822, 4.812109374999989697 ) ) ;
#1232 = CARTESIAN_POINT ( 'NONE',  ( -2.286000000000000032, -1.250950000000000006, 21.67890000000000228 ) ) ;
#1233 = CARTESIAN_POINT ( 'NONE',  ( -2.659444251809579551, 5.287301957201990232E-15, 5.308203125000000355 ) ) ;
#1234 = CARTESIAN_POINT ( 'NONE',  ( 3.666174209354122304, -6.734652765903157171E-16, 6.895703124999986500 ) ) ;
#1235 = CARTESIAN_POINT ( 'NONE',  ( 0.000000000000000000, 2.659444251809579551, 5.903515624999990052 ) ) ;
#1236 = VERTEX_POINT ( 'NONE', #2423 ) ;
#1237 =( BOUNDED_CURVE ( )  B_SPLINE_CURVE ( 2, ( #176, #2273, #397, #2741, #2768, #1111, #3031, #1125, #372 ),
 .UNSPECIFIED., .F., .F. ) 
 B_SPLINE_CURVE_WITH_KNOTS ( ( 3, 2, 2, 2, 3 ),
 ( 0.4722222222222220434, 0.4814814814814820099, 0.5000000000000000000, 0.5185185185185190448, 0.5277777777777779011 ),
 .UNSPECIFIED. ) 
 CURVE ( )  GEOMETRIC_REPRESENTATION_ITEM ( )  RATIONAL_B_SPLINE_CURVE ( ( 0.9330127018922189652, 0.9330127018922199644, 1.000000000000000000, 0.8660254037844389297, 1.000000000000000000, 0.8660254037844389297, 1.000000000000000000, 0.9330127018922189652, 0.9330127018922189652 ) ) 
 REPRESENTATION_ITEM ( '' )  );
#1238 = ORIENTED_EDGE ( 'NONE', *, *, #1798, .F. ) ;
#1239 = CARTESIAN_POINT ( 'NONE',  ( 2.603499999999999925, 1.250950000000000006, 21.67890000000000228 ) ) ;
#1240 = CARTESIAN_POINT ( 'NONE',  ( 1.535430854677063195, 2.659444251809578219, 1.868619791666667806 ) ) ;
#1241 = EDGE_CURVE ( 'NONE', #2863, #1086, #280, .T. ) ;
#1242 = CARTESIAN_POINT ( 'NONE',  ( 2.303146282015595236, -1.329722125904789776, 3.356901041666665364 ) ) ;
#1243 = CARTESIAN_POINT ( 'NONE',  ( -2.303146282015595236, 1.329722125904786001, -0.4085960416666594708 ) ) ;
#1244 = CARTESIAN_POINT ( 'NONE',  ( 3.174999999999999822, 0.000000000000000000, 0.000000000000000000 ) ) ;
#1245 = EDGE_CURVE ( 'NONE', #1818, #758, #1451, .T. ) ;
#1246 = LINE ( 'NONE', #583, #1912 ) ;
#1247 = DIRECTION ( 'NONE',  ( 1.000000000000000000, 0.000000000000000000, 0.000000000000000000 ) ) ;
#1248 = VERTEX_POINT ( 'NONE', #1229 ) ;
#1249 = CARTESIAN_POINT ( 'NONE',  ( -3.174999999999999822, 5.577813053751549571E-15, 4.117578124999989875 ) ) ;
#1250 = CARTESIAN_POINT ( 'NONE',  ( -2.749630657015589730, 1.587499999999999911, 5.638932291666659324 ) ) ;
#1251 = CARTESIAN_POINT ( 'NONE',  ( 2.659444251809577775, 0.7125959395879686298, 0.1610136296346008633 ) ) ;
#1252 = CARTESIAN_POINT ( 'NONE',  ( 2.286000000000000032, -1.250950000000000006, 21.67890000000000228 ) ) ;
#1253 = ORIENTED_EDGE ( 'NONE', *, *, #1089, .T. ) ;
#1254 = CARTESIAN_POINT ( 'NONE',  ( -3.175000000000002043, -0.8507386859688010894, 5.740525570248681930 ) ) ;
#1255 = ORIENTED_EDGE ( 'NONE', *, *, #2509, .F. ) ;
#1256 = CARTESIAN_POINT ( 'NONE',  ( 3.174999999999999822, 0.8507386859688149672, 0.6803693202487000047 ) ) ;
#1257 = CARTESIAN_POINT ( 'NONE',  ( 1.535430854677063195, 2.659444251809578219, 1.074869791666669183 ) ) ;
#1258 = CARTESIAN_POINT ( 'NONE',  ( -1.535430854677063195, -2.659444251809578219, 4.745963541666661456 ) ) ;
#1259 = CARTESIAN_POINT ( 'NONE',  ( 3.174999999999999822, -2.788906526875774786E-15, 2.133203124999994760 ) ) ;
#1260 = AXIS2_PLACEMENT_3D ( 'NONE', #1946, #780, #2668 ) ;
#1261 = CARTESIAN_POINT ( 'NONE',  ( 2.749630657015595059, 1.587499999999999911, 1.405598958333329929 ) ) ;
#1262 = CARTESIAN_POINT ( 'NONE',  ( 3.174999999999999822, -9.354457308895818617E-15, 3.720703124999990230 ) ) ;
#1263 = AXIS2_PLACEMENT_3D ( 'NONE', #530, #2479, #990 ) ;
#1264 = EDGE_CURVE ( 'NONE', #2602, #2893, #1547, .T. ) ;
#1265 = DIRECTION ( 'NONE',  ( 0.000000000000000000, 0.000000000000000000, 1.000000000000000000 ) ) ;
#1266 = CARTESIAN_POINT ( 'NONE',  ( -1.535430854677072521, -2.659444251809572890, 3.852994791666666252 ) ) ;
#1267 = CARTESIAN_POINT ( 'NONE',  ( -3.174999999999999822, 0.8507386859688255143, 5.669630679751291424 ) ) ;
#1268 = CARTESIAN_POINT ( 'NONE',  ( -2.286000000000000032, 1.250950000000000006, 15.74800000000000111 ) ) ;
#1269 = CARTESIAN_POINT ( 'NONE',  ( 2.659444251809579551, -4.241462009623570299E-15, 4.216796874999995559 ) ) ;
#1270 = EDGE_LOOP ( 'NONE', ( #382, #870, #2843, #531 ) ) ;
#1271 = CARTESIAN_POINT ( 'NONE',  ( 1.558985195422983416, -2.232733656092673602, 6.349999999999999645 ) ) ;
#1272 = ORIENTED_EDGE ( 'NONE', *, *, #1338, .F. ) ;
#1273 = CARTESIAN_POINT ( 'NONE',  ( -3.174999999999999822, 4.648177544792960277E-16, 0.9425781249999980460 ) ) ;
#1274 = CARTESIAN_POINT ( 'NONE',  ( 2.303146282015595236, -1.329722125904789776, 0.8764322916666710261 ) ) ;
#1275 = CARTESIAN_POINT ( 'NONE',  ( -2.303146282015595236, -1.329722125904787777, 5.473567708333329840 ) ) ;
#1276 = CARTESIAN_POINT ( 'NONE',  ( 3.175000000000002043, 0.8507386859688139680, 2.168650570248697562 ) ) ;
#1277 = CARTESIAN_POINT ( 'NONE',  ( 0.000000000000000000, 0.000000000000000000, 6.349999999999999645 ) ) ;
#1278 = CARTESIAN_POINT ( 'NONE',  ( 3.175000000000005151, 0.8507386859688041980, 3.756150570248696141 ) ) ;
#1279 = LINE ( 'NONE', #2454, #962 ) ;
#1280 = CARTESIAN_POINT ( 'NONE',  ( -1.535430854677058976, 2.659444251809578219, 2.893880208333332149 ) ) ;
#1281 = CARTESIAN_POINT ( 'NONE',  ( 1.535430854677056534, -2.659444251809578219, 5.572786458333323978 ) ) ;
#1282 = EDGE_CURVE ( 'NONE', #1874, #341, #160, .T. ) ;
#1283 = CARTESIAN_POINT ( 'NONE',  ( 0.000000000000000000, 0.000000000000000000, 3.175000000000034905 ) ) ;
#1284 = CARTESIAN_POINT ( 'NONE',  ( 0.000000000000000000, 0.000000000000000000, 0.000000000000000000 ) ) ;
#1285 = ORIENTED_EDGE ( 'NONE', *, *, #426, .F. ) ;
#1286 = CARTESIAN_POINT ( 'NONE',  ( 2.659444251809579551, 0.000000000000000000, 0.000000000000000000 ) ) ;
#1287 = EDGE_CURVE ( 'NONE', #1236, #1510, #1060, .T. ) ;
#1288 =( BOUNDED_CURVE ( )  B_SPLINE_CURVE ( 2, ( #1000, #1953, #1522, #336, #1455, #317, #738, #985, #1723 ),
 .UNSPECIFIED., .F., .F. ) 
 B_SPLINE_CURVE_WITH_KNOTS ( ( 3, 2, 2, 2, 3 ),
 ( 0.2500000000000000000, 0.2592592592592595224, 0.2777777777777780122, 0.2962962962962965019, 0.3055555555555554692 ),
 .UNSPECIFIED. ) 
 CURVE ( )  GEOMETRIC_REPRESENTATION_ITEM ( )  RATIONAL_B_SPLINE_CURVE ( ( 0.9330127018922189652, 0.9330127018922189652, 1.000000000000000000, 0.8660254037844389297, 1.000000000000000000, 0.8660254037844389297, 1.000000000000000000, 0.9330127018922189652, 0.9330127018922189652 ) ) 
 REPRESENTATION_ITEM ( '' )  );
#1289 = VERTEX_POINT ( 'NONE', #261 ) ;
#1290 = DIRECTION ( 'NONE',  ( -1.733406087350419758E-16, 1.000000000000000000, 0.000000000000000000 ) ) ;
#1291 = CARTESIAN_POINT ( 'NONE',  ( -3.888253587292845095E-16, -3.174999999999999822, 6.002734374999990408 ) ) ;
#1292 = CARTESIAN_POINT ( 'NONE',  ( -3.256879890489429719E-16, -2.659444251809579551, 6.399609374999990052 ) ) ;
#1293 = CYLINDRICAL_SURFACE ( 'NONE', #1260, 2.659444251809579551 ) ;
#1294 = DIRECTION ( 'NONE',  ( 0.000000000000000000, 0.000000000000000000, -1.000000000000000000 ) ) ;
#1295 = CARTESIAN_POINT ( 'NONE',  ( -1.466234480530896001, -2.721986202256710285, 0.4323053924688790572 ) ) ;
#1296 = PERSON_AND_ORGANIZATION ( #18446744073709551615, #18446744073709551615 ) ;
#1297 = CARTESIAN_POINT ( 'NONE',  ( -2.659444251809579551, -1.045839947578413819E-15, 3.720703125000000000 ) ) ;
#1298 = CARTESIAN_POINT ( 'NONE',  ( -2.303146282015600121, -1.329722125904779784, 3.092317708333330195 ) ) ;
#1299 = DIRECTION ( 'NONE',  ( 0.000000000000000000, 0.000000000000000000, 1.000000000000000000 ) ) ;
#1300 = CARTESIAN_POINT ( 'NONE',  ( -3.070861709354126390, 1.880360481492350803E-16, 6.895703124999986500 ) ) ;
#1301 = VERTEX_POINT ( 'NONE', #470 ) ;
#1302 = EDGE_CURVE ( 'NONE', #2328, #1153, #180, .T. ) ;
#1303 = CARTESIAN_POINT ( 'NONE',  ( 2.785259814857268701, 1.133445444730758478, 6.349999999999999645 ) ) ;
#1304 = ORIENTED_EDGE ( 'NONE', *, *, #2391, .F. ) ;
#1305 = EDGE_CURVE ( 'NONE', #2737, #1968, #2650, .T. ) ;
#1306 = DIRECTION ( 'NONE',  ( -1.000000000000000000, -1.733406087350419758E-16, 0.000000000000000000 ) ) ;
#1307 =( BOUNDED_CURVE ( )  B_SPLINE_CURVE ( 2, ( #2473, #314, #2701, #2021, #783, #828, #1044, #2933, #2001 ),
 .UNSPECIFIED., .F., .F. ) 
 B_SPLINE_CURVE_WITH_KNOTS ( ( 3, 2, 2, 2, 3 ),
 ( 0.1388888888888890061, 0.1481481481481480011, 0.1666666666666665186, 0.1851851851851850084, 0.1944444444444445030 ),
 .UNSPECIFIED. ) 
 CURVE ( )  GEOMETRIC_REPRESENTATION_ITEM ( )  RATIONAL_B_SPLINE_CURVE ( ( 0.9330127018922189652, 0.9330127018922189652, 1.000000000000000000, 0.8660254037844389297, 1.000000000000000000, 0.8660254037844389297, 1.000000000000000000, 0.9330127018922189652, 0.9330127018922189652 ) ) 
 REPRESENTATION_ITEM ( '' )  );
#1308 = CARTESIAN_POINT ( 'NONE',  ( 2.749630657015595059, 1.587499999999999911, 2.993098958333324955 ) ) ;
#1309 = DIRECTION ( 'NONE',  ( 0.000000000000000000, 0.000000000000000000, 1.000000000000000000 ) ) ;
#1310 = CARTESIAN_POINT ( 'NONE',  ( -2.594726640476188617, -1.602221715032900562, 0.3900646396024348150 ) ) ;
#1311 = VECTOR ( 'NONE', #1177, 1000.000000000000000 ) ;
#1312 = CARTESIAN_POINT ( 'NONE',  ( 0.000000000000000000, 0.000000000000000000, 0.000000000000000000 ) ) ;
#1313 = CARTESIAN_POINT ( 'NONE',  ( 3.174999999999999822, -2.788906526875774786E-15, 2.133203124999994760 ) ) ;
#1314 = DIRECTION ( 'NONE',  ( 1.733406087350419758E-16, -1.000000000000000000, 0.000000000000000000 ) ) ;
#1315 = ORIENTED_EDGE ( 'NONE', *, *, #402, .T. ) ;
#1316 = VECTOR ( 'NONE', #1314, 1000.000000000000000 ) ;
#1317 = AXIS2_PLACEMENT_3D ( 'NONE', #844, #2974, #127 ) ;
#1318 = CARTESIAN_POINT ( 'NONE',  ( 0.000000000000000000, 0.000000000000000000, 0.000000000000000000 ) ) ;
#1319 = VERTEX_POINT ( 'NONE', #2385 ) ;
#1320 = CARTESIAN_POINT ( 'NONE',  ( 2.286000000000000032, -1.250950000000000006, 15.74800000000000111 ) ) ;
#1321 = EDGE_LOOP ( 'NONE', ( #5, #474, #2176, #2443 ) ) ;
#1322 =( BOUNDED_CURVE ( )  B_SPLINE_CURVE ( 2, ( #425, #3061, #2856, #1441, #723, #441, #14, #659, #2810 ),
 .UNSPECIFIED., .F., .F. ) 
 B_SPLINE_CURVE_WITH_KNOTS ( ( 3, 2, 2, 2, 3 ),
 ( 0.3611111111111109939, 0.3703703703703705163, 0.3888888888888890061, 0.4074074074074074958, 0.4166666666666665186 ),
 .UNSPECIFIED. ) 
 CURVE ( )  GEOMETRIC_REPRESENTATION_ITEM ( )  RATIONAL_B_SPLINE_CURVE ( ( 0.9330127018922189652, 0.9330127018922199644, 1.000000000000000000, 0.8660254037844389297, 1.000000000000000000, 0.8660254037844389297, 1.000000000000000000, 0.9330127018922189652, 0.9330127018922189652 ) ) 
 REPRESENTATION_ITEM ( '' )  );
#1323 = CARTESIAN_POINT ( 'NONE',  ( -2.659444251809579551, -1.743066579297359981E-15, 2.232421875000000000 ) ) ;
#1324 = CARTESIAN_POINT ( 'NONE',  ( -2.659444251809579551, 5.868324150301109700E-15, 5.407421874999990052 ) ) ;
#1325 = CALENDAR_DATE ( 2026, 22, 6 ) ;
#1326 = CYLINDRICAL_SURFACE ( 'NONE', #2013, 2.659444251809579551 ) ;
#1327 = CARTESIAN_POINT ( 'NONE',  ( 2.659444251809579551, -2.963213184805509600E-15, 2.629296875000000089 ) ) ;
#1328 = CARTESIAN_POINT ( 'NONE',  ( 2.749630657015604829, 1.587499999999999911, 5.473567708333320070 ) ) ;
#1329 = ORIENTED_EDGE ( 'NONE', *, *, #2801, .T. ) ;
#1330 = CARTESIAN_POINT ( 'NONE',  ( 2.858065524541641089, 0.8577522081462990444, 6.349999999999998757 ) ) ;
#1331 = ORIENTED_EDGE ( 'NONE', *, *, #2969, .F. ) ;
#1332 = CARTESIAN_POINT ( 'NONE',  ( 1.297369560731479687, -2.612749969978749309, 0.2543175869668968248 ) ) ;
#1333 = VERTEX_POINT ( 'NONE', #8 ) ;
#1334 = EDGE_CURVE ( 'NONE', #1818, #1839, #2422, .T. ) ;
#1335 = LINE ( 'NONE', #3034, #1517 ) ;
#1336 = DIRECTION ( 'NONE',  ( 1.000000000000000000, 0.000000000000000000, 0.000000000000000000 ) ) ;
#1337 = DATE_AND_TIME ( #419, #526 ) ;
#1338 = EDGE_CURVE ( 'NONE', #2643, #633, #2885, .T. ) ;
#1339 = CARTESIAN_POINT ( 'NONE',  ( -2.268972626048587404, 1.887080616661027666, 0.2911510335886876022 ) ) ;
#1340 = CARTESIAN_POINT ( 'NONE',  ( 2.004866400617748123, 1.963171800146451762, 0.1464623359993262597 ) ) ;
#1341 = CARTESIAN_POINT ( 'NONE',  ( -1.535430854677072521, -2.659444251809572890, 3.059244791666665186 ) ) ;
#1342 = ORIENTED_EDGE ( 'NONE', *, *, #2224, .T. ) ;
#1343 = CARTESIAN_POINT ( 'NONE',  ( 0.000000000000000000, 0.000000000000000000, 0.000000000000000000 ) ) ;
#1344 = EDGE_LOOP ( 'NONE', ( #547, #2599, #161, #2090 ) ) ;
#1345 = CARTESIAN_POINT ( 'NONE',  ( 0.1804501998332886659, -2.788819545317219539, 0.1352069534429121700 ) ) ;
#1346 = ORIENTED_EDGE ( 'NONE', *, *, #368, .T. ) ;
#1347 = CARTESIAN_POINT ( 'NONE',  ( 3.174999999999999822, -2.788906526875774786E-15, 2.133203124999994760 ) ) ;
#1348 = FACE_OUTER_BOUND ( 'NONE', #424, .T. ) ;
#1349 = CARTESIAN_POINT ( 'NONE',  ( -2.286000000000000032, -1.250950000000000006, 21.67890000000000228 ) ) ;
#1350 = CALENDAR_DATE ( 2026, 22, 6 ) ;
#1351 = CARTESIAN_POINT ( 'NONE',  ( -1.206443488268357678, 2.652067987730998055, 0.2539939148128502744 ) ) ;
#1352 = EDGE_CURVE ( 'NONE', #884, #1406, #2259, .T. ) ;
#1353 = CARTESIAN_POINT ( 'NONE',  ( 2.463870932477874032, -1.096578490003182527, 0.03742735775299790152 ) ) ;
#1354 = VECTOR ( 'NONE', #1532, 1000.000000000000000 ) ;
#1355 = CARTESIAN_POINT ( 'NONE',  ( 3.174999999999999822, -0.3665914177824098896, 0.5304284825923989422 ) ) ;
#1356 = ORIENTED_EDGE ( 'NONE', *, *, #1933, .F. ) ;
#1357 = AXIS2_PLACEMENT_3D ( 'NONE', #2464, #1306, #344 ) ;
#1358 = CARTESIAN_POINT ( 'NONE',  ( 1.833087104677060930, 3.174999999999990052, 4.646744791666657548 ) ) ;
#1359 = CARTESIAN_POINT ( 'NONE',  ( -2.749630657015595059, 1.587499999999999911, 0.08268229166666639374 ) ) ;
#1360 = AXIS2_PLACEMENT_3D ( 'NONE', #2204, #1015, #1970 ) ;
#1361 = ORIENTED_EDGE ( 'NONE', *, *, #2161, .F. ) ;
#1362 = LINE ( 'NONE', #2538, #322 ) ;
#1363 = VECTOR ( 'NONE', #932, 1000.000000000000000 ) ;
#1364 = DIRECTION ( 'NONE',  ( 1.000000000000000000, 0.000000000000000000, 0.000000000000000000 ) ) ;
#1365 = CARTESIAN_POINT ( 'NONE',  ( 2.659444251809577775, -0.7125959395879750691, 3.387599429751299684 ) ) ;
#1366 = CARTESIAN_POINT ( 'NONE',  ( 0.000000000000000000, 0.000000000000000000, 0.000000000000000000 ) ) ;
#1367 = PERSON_AND_ORGANIZATION_ROLE ( 'creator' ) ;
#1368 = CARTESIAN_POINT ( 'NONE',  ( -1.236289336195184330, 2.639236598057857819, 0.2549212996706327616 ) ) ;
#1369 = CARTESIAN_POINT ( 'NONE',  ( 2.459085661901704079, -1.106465035636286842, 0.03705663380075166491 ) ) ;
#1370 = DIRECTION ( 'NONE',  ( 1.117274028429801916E-13, -1.000000000000000000, 0.000000000000000000 ) ) ;
#1371 = ORIENTED_EDGE ( 'NONE', *, *, #2256, .F. ) ;
#1372 = EDGE_CURVE ( 'NONE', #3044, #224, #2355, .T. ) ;
#1373 = B_SPLINE_CURVE_WITH_KNOTS ( 'NONE', 3,
 ( #640, #1602, #1118, #2323, #1387, #199, #1852, #1838, #140, #3039, #2280, #868, #404, #2074, #917, #2789, #2561, #2748, #1149, #613, #3025, #1567, #2046, #2997, #422, #855, #1812, #152, #2762, #1579, #2533, #1340, #2058, #3014, #1824, #2775, #1589, #2545, #2307, #168, #882, #1131, #2088 ),
 .UNSPECIFIED., .F., .F.,
 ( 4, 2, 2, 2, 1, 1, 2, 2, 2, 2, 1, 1, 1, 2, 2, 2, 2, 2, 1, 1, 2, 2, 2, 2, 4 ),
 ( 0.000000000000000000, 0.1250000000000106304, 0.1875000000000159039, 0.2187500000000185130, 0.2343750000000197897, 0.2421875000000205114, 0.2460937500000207889, 0.2500000000000210387, 0.3125000000000245359, 0.3437500000000263123, 0.3593750000000272560, 0.3671875000000277556, 0.3710937500000279776, 0.3730468750000280886, 0.3750000000000281442, 0.4375000000000341949, 0.4687500000000370814, 0.4843750000000384692, 0.4921875000000391909, 0.4960937500000395239, 0.4980468750000396350, 0.5000000000000397460, 0.6250000000000297540, 0.7500000000000196509, 1.000000000000000000 ),
 .UNSPECIFIED. ) ;
#1374 = FACE_OUTER_BOUND ( 'NONE', #2846, .T. ) ;
#1375 = CARTESIAN_POINT ( 'NONE',  ( -1.833087104677061152, 3.175000000000002043, 1.604036458333328419 ) ) ;
#1376 = ORIENTED_EDGE ( 'NONE', *, *, #2539, .F. ) ;
#1377 = DIRECTION ( 'NONE',  ( 1.000000000000000000, 0.000000000000000000, 0.000000000000000000 ) ) ;
#1378 = EDGE_CURVE ( 'NONE', #1895, #3027, #618, .T. ) ;
#1379 = CARTESIAN_POINT ( 'NONE',  ( 0.02698329330558415715, -2.779744345594932664, 0.1199243224512340916 ) ) ;
#1380 = EDGE_LOOP ( 'NONE', ( #304, #1956, #283, #819 ) ) ;
#1381 = CARTESIAN_POINT ( 'NONE',  ( 2.659444251809579551, -1.045839947578413819E-15, 0.2480468750000040246 ) ) ;
#1382 = FACE_OUTER_BOUND ( 'NONE', #1321, .T. ) ;
#1383 = CARTESIAN_POINT ( 'NONE',  ( 2.303146282015595236, 1.329722125904786001, 1.107942708333333970 ) ) ;
#1384 = CARTESIAN_POINT ( 'NONE',  ( -2.603499999999999925, 1.250950000000000006, 21.67890000000000228 ) ) ;
#1385 = DATE_AND_TIME ( #1325, #418 ) ;
#1386 = CARTESIAN_POINT ( 'NONE',  ( -2.210855988490775914, 1.950698479878358871, 0.2888237800889782436 ) ) ;
#1387 = CARTESIAN_POINT ( 'NONE',  ( 2.643674246729645461, 0.8098324800981731020, 0.1045157962417341685 ) ) ;
#1388 = CARTESIAN_POINT ( 'NONE',  ( -3.174999999999999822, 3.888253587292845095E-16, 0.000000000000000000 ) ) ;
#1389 = VERTEX_POINT ( 'NONE', #77 ) ;
#1390 = CARTESIAN_POINT ( 'NONE',  ( 0.000000000000000000, 0.000000000000000000, 0.000000000000000000 ) ) ;
#1391 = CARTESIAN_POINT ( 'NONE',  ( 0.000000000000000000, 3.174999999999999822, 1.537890624999995071 ) ) ;
#1392 = PRODUCT_DEFINITION_SHAPE ( 'NONE', 'NONE',  #1219 ) ;
#1393 = ADVANCED_FACE ( 'NONE', ( #2698 ), #781, .F. ) ;
#1394 = ORIENTED_EDGE ( 'NONE', *, *, #1574, .F. ) ;
#1395 = CYLINDRICAL_SURFACE ( 'NONE', #1461, 3.174999999999999822 ) ;
#1396 = CARTESIAN_POINT ( 'NONE',  ( -2.603499999999999925, 1.250950000000000006, 15.74800000000000111 ) ) ;
#1397 = ADVANCED_FACE ( 'NONE', ( #2470 ), #312, .T. ) ;
#1398 = ORIENTED_EDGE ( 'NONE', *, *, #1035, .F. ) ;
#1399 = CARTESIAN_POINT ( 'NONE',  ( -2.659444251809577775, 0.7125959395879707392, 3.685255679751298974 ) ) ;
#1400 = DIRECTION ( 'NONE',  ( -1.000000000000000000, 0.000000000000000000, 0.000000000000000000 ) ) ;
#1401 = FACE_OUTER_BOUND ( 'NONE', #1005, .T. ) ;
#1402 = DIRECTION ( 'NONE',  ( 0.000000000000000000, 0.000000000000000000, 1.000000000000000000 ) ) ;
#1403 = CARTESIAN_POINT ( 'NONE',  ( 2.659444251809579551, 0.000000000000000000, 0.000000000000000000 ) ) ;
#1404 = CARTESIAN_POINT ( 'NONE',  ( 2.749630657015604829, 1.587499999999999911, 6.168098958333319892 ) ) ;
#1405 = DIRECTION ( 'NONE',  ( -1.224646799147351975E-16, 1.000000000000000000, 0.000000000000000000 ) ) ;
#1406 = VERTEX_POINT ( 'NONE', #595 ) ;
#1407 = CARTESIAN_POINT ( 'NONE',  ( -2.659444251809579551, 4.590075325483039929E-15, 3.819921874999995026 ) ) ;
#1408 = CARTESIAN_POINT ( 'NONE',  ( 2.749630657015599944, 1.587499999999999911, 3.092317708333324866 ) ) ;
#1409 = ORIENTED_EDGE ( 'NONE', *, *, #3019, .F. ) ;
#1410 = AXIS2_PLACEMENT_3D ( 'NONE', #391, #1620, #688 ) ;
#1411 = CARTESIAN_POINT ( 'NONE',  ( 2.286000000000000032, 1.250950000000000006, 15.74800000000000111 ) ) ;
#1412 = VECTOR ( 'NONE', #2208, 1000.000000000000000 ) ;
#1413 = ORIENTED_EDGE ( 'NONE', *, *, #1538, .F. ) ;
#1414 = VECTOR ( 'NONE', #982, 1000.000000000000000 ) ;
#1415 = CARTESIAN_POINT ( 'NONE',  ( 2.659444251809577775, -0.7125959395879727376, 2.593849429751298619 ) ) ;
#1416 = CARTESIAN_POINT ( 'NONE',  ( 2.749630657015589730, -1.587499999999999911, 2.166276041666659768 ) ) ;
#1417 = ADVANCED_FACE ( 'NONE', ( #2499 ), #1010, .T. ) ;
#1418 = ORIENTED_EDGE ( 'NONE', *, *, #1338, .T. ) ;
#1419 = FACE_OUTER_BOUND ( 'NONE', #2047, .T. ) ;
#1420 = LOCAL_TIME ( 18, 49, 26.00000000000000000, #2760 ) ;
#1421 = CARTESIAN_POINT ( 'NONE',  ( 2.303146282015595236, 1.329722125904786001, 1.008723958333336057 ) ) ;
#1422 = CARTESIAN_POINT ( 'NONE',  ( -2.659444251809579551, 3.256879890489424789E-16, 6.349999999999999645 ) ) ;
#1423 = CARTESIAN_POINT ( 'NONE',  ( 2.659444251809577775, 0.7125959395879674085, 1.077244320248704090 ) ) ;
#1424 = EDGE_LOOP ( 'NONE', ( #2367, #789, #2131, #2941 ) ) ;
#1425 = CARTESIAN_POINT ( 'NONE',  ( 2.659444251809579995, 0.7125959395879614133, 5.740525570248692588 ) ) ;
#1426 = CARTESIAN_POINT ( 'NONE',  ( -2.749630657015595059, -1.587499999999999911, 5.771223958333320248 ) ) ;
#1427 = CARTESIAN_POINT ( 'NONE',  ( -3.256879890489429719E-16, -2.659444251809579551, 3.919140624999994937 ) ) ;
#1428 = ORIENTED_EDGE ( 'NONE', *, *, #2063, .T. ) ;
#1429 = CARTESIAN_POINT ( 'NONE',  ( 2.449369547209947040, -1.828997225847434516, 0.3974402212363168374 ) ) ;
#1430 = ORIENTED_EDGE ( 'NONE', *, *, #826, .F. ) ;
#1431 = CARTESIAN_POINT ( 'NONE',  ( 3.174999999999999822, -0.8507386859688246261, 4.479005679751289826 ) ) ;
#1432 = CARTESIAN_POINT ( 'NONE',  ( -3.666174209354122304, 2.244884255301054691E-16, 3.423046874999992717 ) ) ;
#1433 = CARTESIAN_POINT ( 'NONE',  ( 1.535430854677063195, 2.659444251809578219, 1.967838541666665275 ) ) ;
#1434 = CARTESIAN_POINT ( 'NONE',  ( 3.888253587292845095E-16, -3.174999999999999822, -0.4039076249999990487 ) ) ;
#1435 = EDGE_CURVE ( 'NONE', #1557, #2860, #1487, .T. ) ;
#1436 = DIRECTION ( 'NONE',  ( 0.000000000000000000, 0.000000000000000000, -1.000000000000000000 ) ) ;
#1437 = CARTESIAN_POINT ( 'NONE',  ( 2.659444251809579551, 1.743066579297359981E-16, 1.736328125000005107 ) ) ;
#1438 = EDGE_CURVE ( 'NONE', #1839, #394, #2739, .T. ) ;
#1439 = CARTESIAN_POINT ( 'NONE',  ( 2.303146282015595236, 1.329722125904786001, 1.107942708333333970 ) ) ;
#1440 = ORIENTED_EDGE ( 'NONE', *, *, #1241, .F. ) ;
#1441 = CARTESIAN_POINT ( 'NONE',  ( -1.833087104677060930, -3.174999999999990052, 2.761588541666661012 ) ) ;
#1442 = CARTESIAN_POINT ( 'NONE',  ( 1.833087104677061152, -3.175000000000002043, 6.763411458333315807 ) ) ;
#1443 = CARTESIAN_POINT ( 'NONE',  ( -1.535430854677063195, -2.659444251809578219, 3.852994791666666252 ) ) ;
#1444 = EDGE_LOOP ( 'NONE', ( #2029, #67, #1272, #2777 ) ) ;
#1445 = CARTESIAN_POINT ( 'NONE',  ( 2.778039850727013871, -1.390090805259811768, 0.4468655549985458553 ) ) ;
#1446 = ORIENTED_EDGE ( 'NONE', *, *, #332, .F. ) ;
#1447 = DIRECTION ( 'NONE',  ( -0.000000000000000000, 1.000000000000000000, 0.000000000000000000 ) ) ;
#1448 = CARTESIAN_POINT ( 'NONE',  ( -2.749630657015595059, -1.587499999999999911, 3.489192708333324955 ) ) ;
#1449 = DIRECTION ( 'NONE',  ( 0.000000000000000000, 0.000000000000000000, 1.000000000000000000 ) ) ;
#1450 = CARTESIAN_POINT ( 'NONE',  ( 3.256879890489429719E-16, -2.659444251809579551, -0.1062513749999939999 ) ) ;
#1451 = LINE ( 'NONE', #28, #1615 ) ;
#1452 = CARTESIAN_POINT ( 'NONE',  ( -1.535430854677065859, -2.659444251809572890, 1.471744791666669272 ) ) ;
#1453 = FACE_OUTER_BOUND ( 'NONE', #1083, .T. ) ;
#1454 = CARTESIAN_POINT ( 'NONE',  ( -2.603499999999999925, -1.250950000000000006, 21.67890000000000228 ) ) ;
#1455 = CARTESIAN_POINT ( 'NONE',  ( -7.584059758742220120E-15, -3.174999999999999822, 2.033984374999994849 ) ) ;
#1456 = EDGE_CURVE ( 'NONE', #1236, #3027, #566, .T. ) ;
#1457 = CARTESIAN_POINT ( 'NONE',  ( -3.666174209354122304, 2.244884255301054691E-16, 5.705078124999983125 ) ) ;
#1458 = CARTESIAN_POINT ( 'NONE',  ( -1.535430854677063195, -2.659444251809578219, 5.440494791666664831 ) ) ;
#1459 = ORIENTED_EDGE ( 'NONE', *, *, #1893, .T. ) ;
#1460 = CARTESIAN_POINT ( 'NONE',  ( -2.603499999999999925, 1.250950000000000006, 21.67890000000000228 ) ) ;
#1461 = AXIS2_PLACEMENT_3D ( 'NONE', #1613, #2170, #2655 ) ;
#1462 = ORIENTED_EDGE ( 'NONE', *, *, #2676, .F. ) ;
#1463 = CARTESIAN_POINT ( 'NONE',  ( 2.303146282015589907, -1.329722125904793995, 2.563151041666665186 ) ) ;
#1464 = CARTESIAN_POINT ( 'NONE',  ( 1.833087104677061152, 3.174999999999995826, 3.158463541666662433 ) ) ;
#1465 = AXIS2_PLACEMENT_3D ( 'NONE', #2946, #297, #1518 ) ;
#1466 = CARTESIAN_POINT ( 'NONE',  ( -1.535430854677063195, -2.659444251809578219, 3.952213541666663943 ) ) ;
#1467 = CARTESIAN_POINT ( 'NONE',  ( -3.174999999999999822, 7.088470755809258136E-15, 5.804296874999989697 ) ) ;
#1468 = CLOSED_SHELL ( 'NONE', ( #2898, #2766, #1803, #1766, #1393, #567, #2598, #1819, #954, #620, #2657, #875, #1397, #1667, #1479, #2314, #1555, #653, #1660, #787, #62, #2884, #972, #1018, #2618, #1992, #2045, #599, #977, #649, #40, #2735, #2695, #2289, #996, #808, #2261, #233, #2304, #175, #2351, #750, #3036, #421, #1499, #2584, #1140, #2805, #21, #1196, #843, #691, #1417, #82, #2904, #2579, #1626, #976, #635, #103, #829, #2867, #1888, #936, #2276 ) ) ;
#1469 = CARTESIAN_POINT ( 'NONE',  ( -2.603499999999999925, -1.250950000000000006, 21.67890000000000228 ) ) ;
#1470 = VECTOR ( 'NONE', #984, 1000.000000000000000 ) ;
#1471 = CARTESIAN_POINT ( 'NONE',  ( -2.659444251809577775, 0.7125959395879759573, 3.784474429751294444 ) ) ;
#1472 = CARTESIAN_POINT ( 'NONE',  ( -2.659444251809577775, 0.7125959395879727376, 1.403224429751301461 ) ) ;
#1473 = VERTEX_POINT ( 'NONE', #811 ) ;
#1474 = FACE_OUTER_BOUND ( 'NONE', #1173, .T. ) ;
#1475 = CARTESIAN_POINT ( 'NONE',  ( 3.174999999999999822, -3.486133158594715228E-15, 3.026171874999994849 ) ) ;
#1476 = DIRECTION ( 'NONE',  ( 1.000000000000000000, 0.000000000000000000, 0.000000000000000000 ) ) ;
#1477 = CARTESIAN_POINT ( 'NONE',  ( -2.303146282015595236, 1.329722125904789776, 6.035807291666659857 ) ) ;
#1478 = ORIENTED_EDGE ( 'NONE', *, *, #1102, .T. ) ;
#1479 = ADVANCED_FACE ( 'NONE', ( #1042 ), #1157, .T. ) ;
#1480 = DIRECTION ( 'NONE',  ( 0.7071067811865435759, 0.000000000000000000, 0.7071067811865515695 ) ) ;
#1481 = ORIENTED_EDGE ( 'NONE', *, *, #1833, .F. ) ;
#1482 = EDGE_CURVE ( 'NONE', #941, #2594, #2485, .T. ) ;
#1483 = DIRECTION ( 'NONE',  ( 0.000000000000000000, 0.000000000000000000, -1.000000000000000000 ) ) ;
#1484 = CARTESIAN_POINT ( 'NONE',  ( 2.749630657015595059, 1.587499999999999911, 5.473567708333320070 ) ) ;
#1485 = CARTESIAN_POINT ( 'NONE',  ( 0.000000000000000000, 2.659444251809579551, 5.208984374999990230 ) ) ;
#1486 = CARTESIAN_POINT ( 'NONE',  ( -2.659444251809579551, 4.590075325483039929E-15, 4.514453125000001066 ) ) ;
#1487 = LINE ( 'NONE', #1244, #469 ) ;
#1488 = CARTESIAN_POINT ( 'NONE',  ( 0.1646057549405133547, -3.130910545867053862, 0.4756415176855948723 ) ) ;
#1489 = DIRECTION ( 'NONE',  ( 1.000000000000000000, 0.000000000000000000, 0.000000000000000000 ) ) ;
#1490 = CARTESIAN_POINT ( 'NONE',  ( 5.443555022209989642E-15, 3.174999999999999822, 5.506640624999990408 ) ) ;
#1491 = CARTESIAN_POINT ( 'NONE',  ( 0.000000000000000000, 2.659444251809579551, 0.3472656250000050182 ) ) ;
#1492 = CARTESIAN_POINT ( 'NONE',  ( 1.535430854677060752, -2.659444251809578219, 6.366536458333326820 ) ) ;
#1493 = VERTEX_POINT ( 'NONE', #795 ) ;
#1494 = CARTESIAN_POINT ( 'NONE',  ( 3.937000000000000277, 4.821434448243130364E-16, 9.525000000000000355 ) ) ;
#1495 = EDGE_LOOP ( 'NONE', ( #2891, #2396, #2675, #1892 ) ) ;
#1496 = DIRECTION ( 'NONE',  ( 1.000000000000000000, 0.000000000000000000, 0.000000000000000000 ) ) ;
#1497 = CARTESIAN_POINT ( 'NONE',  ( -1.535430854677063195, 2.659444251809578219, 1.207161458333336546 ) ) ;
#1498 = APPLICATION_CONTEXT ( 'configuration controlled 3d designs of mechanical parts and assemblies' ) ;
#1499 = ADVANCED_FACE ( 'NONE', ( #108 ), #1998, .T. ) ;
#1500 = CARTESIAN_POINT ( 'NONE',  ( 1.535430854677063195, 2.659444251809578219, 3.555338541666663410 ) ) ;
#1501 = CARTESIAN_POINT ( 'NONE',  ( 0.000000000000000000, 0.000000000000000000, 0.000000000000000000 ) ) ;
#1502 = DIRECTION ( 'NONE',  ( 1.000000000000000000, 0.000000000000000000, 0.000000000000000000 ) ) ;
#1503 = CARTESIAN_POINT ( 'NONE',  ( -3.014775053479920697, -0.3357273028830470851, 0.3553308016715551743 ) ) ;
#1504 = CARTESIAN_POINT ( 'NONE',  ( -6.352561930950339622E-15, -2.659444251809579551, 1.637109374999999867 ) ) ;
#1505 = CARTESIAN_POINT ( 'NONE',  ( -3.174999999999999822, 5.577813053751549571E-15, 4.216796874999990230 ) ) ;
#1506 = CARTESIAN_POINT ( 'NONE',  ( 0.000000000000000000, 2.659444251809579551, 0.3472656250000050182 ) ) ;
#1507 = FACE_OUTER_BOUND ( 'NONE', #1270, .T. ) ;
#1508 = ORIENTED_EDGE ( 'NONE', *, *, #1201, .F. ) ;
#1509 = CARTESIAN_POINT ( 'NONE',  ( 1.833087104677060930, -3.175000000000002043, 5.969661458333325399 ) ) ;
#1510 = VERTEX_POINT ( 'NONE', #2263 ) ;
#1511 = CC_DESIGN_PERSON_AND_ORGANIZATION_ASSIGNMENT ( #1577, #1835, ( #1219 ) ) ;
#1512 = CARTESIAN_POINT ( 'NONE',  ( 0.000000000000000000, 0.000000000000000000, 9.525000000000000355 ) ) ;
#1513 = CARTESIAN_POINT ( 'NONE',  ( 3.666174209354122304, -6.734652765903157171E-16, 6.201171874999987566 ) ) ;
#1514 = CARTESIAN_POINT ( 'NONE',  ( -3.256879890489429719E-16, -2.659444251809579551, 4.812109374999989697 ) ) ;
#1515 = CARTESIAN_POINT ( 'NONE',  ( 2.057399999999999896, 0.000000000000000000, 0.000000000000000000 ) ) ;
#1516 = EDGE_CURVE ( 'NONE', #2006, #1021, #2968, .T. ) ;
#1517 = VECTOR ( 'NONE', #650, 1000.000000000000000 ) ;
#1518 = DIRECTION ( 'NONE',  ( -1.000000000000000000, 0.000000000000000000, 0.000000000000000000 ) ) ;
#1519 = DIRECTION ( 'NONE',  ( 0.000000000000000000, 0.000000000000000000, 1.000000000000000000 ) ) ;
#1520 = AXIS2_PLACEMENT_3D ( 'NONE', #2283, #1571, #1556 ) ;
#1521 = CARTESIAN_POINT ( 'NONE',  ( 2.659444251809577775, -0.7125959395879717384, 1.800099429751302216 ) ) ;
#1522 = CARTESIAN_POINT ( 'NONE',  ( -2.749630657015595059, -1.587499999999999911, 1.901692708333329929 ) ) ;
#1523 = CIRCLE ( 'NONE', #165, 2.659444251809579551 ) ;
#1524 = CARTESIAN_POINT ( 'NONE',  ( 2.426279965651468640, -1.171990294211182393, 0.03461432982506655598 ) ) ;
#1525 = CARTESIAN_POINT ( 'NONE',  ( -2.659444251809579551, 5.287301957201990232E-15, 4.613671875000000533 ) ) ;
#1526 = ORIENTED_EDGE ( 'NONE', *, *, #151, .F. ) ;
#1527 = CARTESIAN_POINT ( 'NONE',  ( 1.833087104677060930, -3.175000000000002043, 4.481380208333324511 ) ) ;
#1528 = VERTEX_POINT ( 'NONE', #124 ) ;
#1529 = CARTESIAN_POINT ( 'NONE',  ( 2.749630657015595059, 1.587499999999999911, 0.7110677083333319937 ) ) ;
#1530 = CARTESIAN_POINT ( 'NONE',  ( 2.303146282015595236, -1.329722125904789776, 1.670182291666669983 ) ) ;
#1531 = CARTESIAN_POINT ( 'NONE',  ( -3.070861709354126390, 1.880360481492350803E-16, 3.819921874999992806 ) ) ;
#1532 = DIRECTION ( 'NONE',  ( 1.000000000000000000, 0.000000000000000000, 0.000000000000000000 ) ) ;
#1533 = CARTESIAN_POINT ( 'NONE',  ( 1.833087104677060930, 3.174999999999995826, 1.471744791666662167 ) ) ;
#1534 = EDGE_CURVE ( 'NONE', #2512, #3033, #2815, .T. ) ;
#1535 = CARTESIAN_POINT ( 'NONE',  ( -1.137811498302486291, -2.886282115012238858, 0.4421549442209228298 ) ) ;
#1536 = CARTESIAN_POINT ( 'NONE',  ( 3.174999999999999822, 4.299564228933484534E-15, 5.407421874999990052 ) ) ;
#1537 = CARTESIAN_POINT ( 'NONE',  ( 2.286000000000000032, 1.250950000000000006, 21.67890000000000228 ) ) ;
#1538 = EDGE_CURVE ( 'NONE', #1110, #1756, #1335, .T. ) ;
#1539 = EDGE_CURVE ( 'NONE', #2009, #850, #194, .T. ) ;
#1540 = CARTESIAN_POINT ( 'NONE',  ( 2.222052803531604503, -1.504609652106484896, 0.02244662584055978627 ) ) ;
#1541 = CYLINDRICAL_SURFACE ( 'NONE', #2265, 3.937000000000000277 ) ;
#1542 = VERTEX_POINT ( 'NONE', #1347 ) ;
#1543 = CARTESIAN_POINT ( 'NONE',  ( 2.303146282015595236, 1.329722125904786001, 1.802473958333334902 ) ) ;
#1544 = EDGE_LOOP ( 'NONE', ( #1187, #983, #1526, #2938 ) ) ;
#1545 = CARTESIAN_POINT ( 'NONE',  ( 1.833087104677061152, 3.174999999999995826, 6.333463541666658259 ) ) ;
#1546 = CARTESIAN_POINT ( 'NONE',  ( -2.749630657015595059, 1.587499999999999911, 1.670182291666665098 ) ) ;
#1547 =( BOUNDED_CURVE ( )  B_SPLINE_CURVE ( 2, ( #1700, #1932, #1421, #246, #1165, #1178, #2372, #2149, #2183 ),
 .UNSPECIFIED., .F., .F. ) 
 B_SPLINE_CURVE_WITH_KNOTS ( ( 3, 2, 2, 2, 3 ),
 ( 0.08333333333333330095, 0.09259259259259260133, 0.1111111111111110078, 0.1296296296296295947, 0.1388888888888890061 ),
 .UNSPECIFIED. ) 
 CURVE ( )  GEOMETRIC_REPRESENTATION_ITEM ( )  RATIONAL_B_SPLINE_CURVE ( ( 0.9330127018922189652, 0.9330127018922189652, 1.000000000000000000, 0.8660254037844389297, 1.000000000000000000, 0.8660254037844389297, 1.000000000000000000, 0.9330127018922189652, 0.9330127018922189652 ) ) 
 REPRESENTATION_ITEM ( '' )  );
#1548 = DIRECTION ( 'NONE',  ( -1.733406087350419758E-16, 1.000000000000000000, 0.000000000000000000 ) ) ;
#1549 = CARTESIAN_POINT ( 'NONE',  ( -1.800074832784410273, -2.528622806050038196, 0.4218461659507765638 ) ) ;
#1550 = DIRECTION ( 'NONE',  ( -1.000000000000000000, 0.000000000000000000, 0.000000000000000000 ) ) ;
#1551 = CARTESIAN_POINT ( 'NONE',  ( -2.659444251809577775, 0.7125959395879707392, 2.990724429751298707 ) ) ;
#1552 = CARTESIAN_POINT ( 'NONE',  ( -1.833087104677060930, -3.174999999999995826, 1.868619791666662255 ) ) ;
#1553 = FACE_OUTER_BOUND ( 'NONE', #1225, .T. ) ;
#1554 = ORIENTED_EDGE ( 'NONE', *, *, #102, .T. ) ;
#1555 = ADVANCED_FACE ( 'NONE', ( #2540 ), #851, .T. ) ;
#1556 = DIRECTION ( 'NONE',  ( -1.000000000000000000, 0.000000000000000000, 0.000000000000000000 ) ) ;
#1557 = VERTEX_POINT ( 'NONE', #609 ) ;
#1558 = DIRECTION ( 'NONE',  ( 0.000000000000000000, 0.000000000000000000, 1.000000000000000000 ) ) ;
#1559 = ORIENTED_EDGE ( 'NONE', *, *, #2716, .T. ) ;
#1560 = CARTESIAN_POINT ( 'NONE',  ( 6.513759780978859438E-16, 2.659444251809579551, 0.4464843750000035416 ) ) ;
#1561 = CARTESIAN_POINT ( 'NONE',  ( 2.303146282015585022, -1.329722125904803987, 5.738151041666659680 ) ) ;
#1562 = CIRCLE ( 'NONE', #211, 2.057399999999999896 ) ;
#1563 =( BOUNDED_CURVE ( )  B_SPLINE_CURVE ( 2, ( #1381, #667, #388, #3048, #1560, #2757, #1114, #2084, #2744 ),
 .UNSPECIFIED., .F., .F. ) 
 B_SPLINE_CURVE_WITH_KNOTS ( ( 3, 2, 2, 2, 3 ),
 ( 0.08333333333333330095, 0.09259259259259260133, 0.1111111111111110078, 0.1296296296296295947, 0.1388888888888890061 ),
 .UNSPECIFIED. ) 
 CURVE ( )  GEOMETRIC_REPRESENTATION_ITEM ( )  RATIONAL_B_SPLINE_CURVE ( ( 0.9330127018922189652, 0.9330127018922189652, 1.000000000000000000, 0.8660254037844389297, 1.000000000000000000, 0.8660254037844389297, 1.000000000000000000, 0.9330127018922189652, 0.9330127018922189652 ) ) 
 REPRESENTATION_ITEM ( '' )  );
#1564 = PERSON_AND_ORGANIZATION_ROLE ( 'design_supplier' ) ;
#1565 = DIRECTION ( 'NONE',  ( 0.000000000000000000, 0.000000000000000000, 1.000000000000000000 ) ) ;
#1566 = AXIS2_PLACEMENT_3D ( 'NONE', #974, #2600, #1911 ) ;
#1567 = CARTESIAN_POINT ( 'NONE',  ( 2.311565375666693622, 1.561870799987147951, 0.1302805174723672965 ) ) ;
#1568 = FACE_OUTER_BOUND ( 'NONE', #306, .T. ) ;
#1569 = ORIENTED_EDGE ( 'NONE', *, *, #2506, .F. ) ;
#1570 = AXIS2_PLACEMENT_3D ( 'NONE', #1312, #1265, #2685 ) ;
#1571 = DIRECTION ( 'NONE',  ( 0.000000000000000000, 0.000000000000000000, -1.000000000000000000 ) ) ;
#1572 = ORIENTED_EDGE ( 'NONE', *, *, #486, .T. ) ;
#1573 = CARTESIAN_POINT ( 'NONE',  ( 0.5056103084732622710, -2.790115844096253017, 0.1683051606218252394 ) ) ;
#1574 = EDGE_CURVE ( 'NONE', #2060, #1406, #636, .T. ) ;
#1575 = CARTESIAN_POINT ( 'NONE',  ( -2.603499999999999925, 1.250950000000000006, 21.67890000000000228 ) ) ;
#1576 = LINE ( 'NONE', #626, #576 ) ;
#1577 = PERSON_AND_ORGANIZATION ( #18446744073709551615, #18446744073709551615 ) ;
#1578 = CARTESIAN_POINT ( 'NONE',  ( -2.010179881942785407, 2.154587065889198350, 0.2809416195919276493 ) ) ;
#1579 = CARTESIAN_POINT ( 'NONE',  ( 2.050903013112347129, 1.911823793970256702, 0.1442070941574768728 ) ) ;
#1580 = LINE ( 'NONE', #3040, #622 ) ;
#1581 = VERTEX_POINT ( 'NONE', #1575 ) ;
#1582 = CARTESIAN_POINT ( 'NONE',  ( 1.722186992104221215, 2.633794579331288244, 6.349999999999998757 ) ) ;
#1583 = ORIENTED_EDGE ( 'NONE', *, *, #1035, .T. ) ;
#1584 = CARTESIAN_POINT ( 'NONE',  ( 0.1664499930871367606, -2.788303420068856120, 0.1338110157641499154 ) ) ;
#1585 = DIRECTION ( 'NONE',  ( 1.000000000000000000, 0.000000000000000000, 0.000000000000000000 ) ) ;
#1586 = DIRECTION ( 'NONE',  ( 1.000000000000000000, 0.000000000000000000, 0.000000000000000000 ) ) ;
#1587 = CARTESIAN_POINT ( 'NONE',  ( 2.603499999999999925, -1.250950000000000006, 15.74800000000000111 ) ) ;
#1588 = CARTESIAN_POINT ( 'NONE',  ( -1.684757279542874686, 2.399809850335120842, 0.2694082682833240927 ) ) ;
#1589 = CARTESIAN_POINT ( 'NONE',  ( 1.838825312133296919, 2.137874298999052680, 0.1544197326423036032 ) ) ;
#1590 = ORIENTED_EDGE ( 'NONE', *, *, #1829, .F. ) ;
#1591 = CARTESIAN_POINT ( 'NONE',  ( -2.659444251809579551, 2.788906526875774786E-15, 2.133203125000000089 ) ) ;
#1592 = CARTESIAN_POINT ( 'NONE',  ( 2.749630657015589730, -1.587499999999999911, 3.654557291666659768 ) ) ;
#1593 = ORIENTED_EDGE ( 'NONE', *, *, #1305, .T. ) ;
#1594 = CARTESIAN_POINT ( 'NONE',  ( 0.1067931526322356273, -2.785400483823858853, 0.1278763916375117438 ) ) ;
#1595 = CARTESIAN_POINT ( 'NONE',  ( 3.174999999999999822, 4.299564228933484534E-15, 5.407421874999990052 ) ) ;
#1596 = CARTESIAN_POINT ( 'NONE',  ( 2.659444251809579551, -7.843799606838110052E-15, 3.423046874999994937 ) ) ;
#1597 = CARTESIAN_POINT ( 'NONE',  ( 2.603499999999999925, 1.250950000000000006, 15.74800000000000111 ) ) ;
#1598 =( BOUNDED_CURVE ( )  B_SPLINE_CURVE ( 2, ( #720, #966, #1918, #1951, #1688, #2404, #2900, #282, #1703 ),
 .UNSPECIFIED., .F., .F. ) 
 B_SPLINE_CURVE_WITH_KNOTS ( ( 3, 2, 2, 2, 3 ),
 ( 0.3055555555555554692, 0.3148148148148149916, 0.3333333333333335369, 0.3518518518518519711, 0.3611111111111109939 ),
 .UNSPECIFIED. ) 
 CURVE ( )  GEOMETRIC_REPRESENTATION_ITEM ( )  RATIONAL_B_SPLINE_CURVE ( ( 0.9330127018922189652, 0.9330127018922199644, 1.000000000000000000, 0.8660254037844389297, 1.000000000000000000, 0.8660254037844389297, 1.000000000000000000, 0.9330127018922189652, 0.9330127018922189652 ) ) 
 REPRESENTATION_ITEM ( '' )  );
#1599 = EDGE_CURVE ( 'NONE', #1153, #2480, #1563, .T. ) ;
#1600 = DATE_AND_TIME ( #1350, #2714 ) ;
#1601 = CARTESIAN_POINT ( 'NONE',  ( -2.180164361615753776, 1.983356013060047385, 0.2876082377170831039 ) ) ;
#1602 = CARTESIAN_POINT ( 'NONE',  ( 2.744355947319822686, 0.2430198838648550685, 0.08491169551019522865 ) ) ;
#1603 = VECTOR ( 'NONE', #1770, 1000.000000000000000 ) ;
#1604 = EDGE_CURVE ( 'NONE', #341, #679, #625, .T. ) ;
#1605 = CYLINDRICAL_SURFACE ( 'NONE', #2361, 2.659444251809579551 ) ;
#1606 = VERTEX_POINT ( 'NONE', #147 ) ;
#1607 = AXIS2_PLACEMENT_3D ( 'NONE', #2217, #552, #348 ) ;
#1608 = DIRECTION ( 'NONE',  ( 1.000000000000000000, 0.000000000000000000, 0.000000000000000000 ) ) ;
#1609 = CARTESIAN_POINT ( 'NONE',  ( 1.833087104677061152, -3.175000000000002043, 2.000911458333327175 ) ) ;
#1610 = AXIS2_PLACEMENT_3D ( 'NONE', #2252, #651, #2554 ) ;
#1611 = VECTOR ( 'NONE', #2441, 1000.000000000000000 ) ;
#1612 = EDGE_LOOP ( 'NONE', ( #2244, #1126, #1710, #1842, #1329 ) ) ;
#1613 = CARTESIAN_POINT ( 'NONE',  ( 0.000000000000000000, 0.000000000000000000, 0.000000000000000000 ) ) ;
#1614 = CARTESIAN_POINT ( 'NONE',  ( -0.6751137334101061649, -2.619123048214974325, 0.04477543728766405357 ) ) ;
#1615 = VECTOR ( 'NONE', #214, 1000.000000000000000 ) ;
#1616 = CARTESIAN_POINT ( 'NONE',  ( -2.659444251809579551, 5.287301957201990232E-15, 5.308203125000000355 ) ) ;
#1617 = CARTESIAN_POINT ( 'NONE',  ( 1.833087104677061152, 3.174999999999995826, 0.7772135416666645646 ) ) ;
#1618 = CARTESIAN_POINT ( 'NONE',  ( 1.535430854677060752, -2.659444251809578219, 1.703255208333334103 ) ) ;
#1619 = CARTESIAN_POINT ( 'NONE',  ( -2.303146282015600121, -1.329722125904779784, 5.473567708333329840 ) ) ;
#1620 = DIRECTION ( 'NONE',  ( 0.000000000000000000, 0.000000000000000000, 1.000000000000000000 ) ) ;
#1621 = EDGE_CURVE ( 'NONE', #157, #1528, #2156, .T. ) ;
#1622 = DIRECTION ( 'NONE',  ( 0.000000000000000000, 0.000000000000000000, 1.000000000000000000 ) ) ;
#1623 = CARTESIAN_POINT ( 'NONE',  ( 2.286000000000000032, 1.250950000000000006, 21.67890000000000228 ) ) ;
#1624 = ORIENTED_EDGE ( 'NONE', *, *, #1482, .T. ) ;
#1625 = CARTESIAN_POINT ( 'NONE',  ( -1.833087104677060930, -3.174999999999995826, 1.174088541666664209 ) ) ;
#1626 = ADVANCED_FACE ( 'NONE', ( #2770 ), #893, .T. ) ;
#1627 = CARTESIAN_POINT ( 'NONE',  ( -3.888253587292845095E-16, -3.174999999999999822, 0.3472656249999990230 ) ) ;
#1628 = ORIENTED_EDGE ( 'NONE', *, *, #1456, .T. ) ;
#1629 = DIRECTION ( 'NONE',  ( -1.117274028429801916E-13, 1.000000000000000000, 0.000000000000000000 ) ) ;
#1630 = CARTESIAN_POINT ( 'NONE',  ( 2.322120159535149053, -1.961466878734113406, 0.3799061245843163848 ) ) ;
#1631 = B_SPLINE_CURVE_WITH_KNOTS ( 'NONE', 3,
 ( #1776, #2725, #1271, #2228, #1223, #2175, #36, #1817, #143, #1095, #834, #2989, #2977, #885, #117, #871, #1330, #847, #1303, #1070, #2523, #2028, #1802, #860, #2064, #1582, #156, #2765 ),
 .UNSPECIFIED., .F., .F.,
 ( 4, 2, 2, 2, 2, 2, 2, 1, 2, 2, 1, 2, 2, 2, 4 ),
 ( 0.000000000000000000, 0.1250000000000000555, 0.1875000000000001110, 0.2500000000000001665, 0.3125000000000002776, 0.3750000000000002776, 0.5000000000000002220, 0.5625000000000001110, 0.5937500000000001110, 0.6250000000000001110, 0.6875000000000001110, 0.7187500000000001110, 0.7500000000000001110, 0.8750000000000000000, 1.000000000000000000 ),
 .UNSPECIFIED. ) ;
#1632 = ORIENTED_EDGE ( 'NONE', *, *, #1352, .F. ) ;
#1633 = CARTESIAN_POINT ( 'NONE',  ( -6.352561930950339622E-15, -2.659444251809579551, 2.331640624999999911 ) ) ;
#1634 = CARTESIAN_POINT ( 'NONE',  ( -3.888253587292845095E-16, -3.174999999999999822, 1.240234374999996003 ) ) ;
#1635 = CARTESIAN_POINT ( 'NONE',  ( 3.070861709354126390, -5.641081444477046245E-16, 0.2480468750000037192 ) ) ;
#1636 = CARTESIAN_POINT ( 'NONE',  ( 0.000000000000000000, 3.174999999999999822, 0.04960937499999999722 ) ) ;
#1637 = CYLINDRICAL_SURFACE ( 'NONE', #2266, 2.659444251809579551 ) ;
#1638 = CARTESIAN_POINT ( 'NONE',  ( -2.286000000000000032, -1.250950000000000006, 15.74800000000000111 ) ) ;
#1639 = ORIENTED_EDGE ( 'NONE', *, *, #2032, .T. ) ;
#1640 = DIRECTION ( 'NONE',  ( 0.000000000000000000, -1.000000000000000000, 0.000000000000000000 ) ) ;
#1641 = CARTESIAN_POINT ( 'NONE',  ( 2.749630657015589730, -1.587499999999999911, 2.067057291666659857 ) ) ;
#1642 = ORIENTED_EDGE ( 'NONE', *, *, #1302, .F. ) ;
#1643 = EDGE_CURVE ( 'NONE', #495, #366, #907, .T. ) ;
#1644 = FACE_OUTER_BOUND ( 'NONE', #2229, .T. ) ;
#1645 = ORIENTED_EDGE ( 'NONE', *, *, #2495, .T. ) ;
#1646 = CARTESIAN_POINT ( 'NONE',  ( -2.749630657015599944, -1.587499999999999911, 2.596223958333330195 ) ) ;
#1647 = CARTESIAN_POINT ( 'NONE',  ( -2.749630657015595059, 1.587499999999999911, 1.769401041666665009 ) ) ;
#1648 = ORIENTED_EDGE ( 'NONE', *, *, #2751, .F. ) ;
#1649 = CARTESIAN_POINT ( 'NONE',  ( -2.603499999999999925, 1.250950000000000006, 15.74800000000000111 ) ) ;
#1650 =( BOUNDED_CURVE ( )  B_SPLINE_CURVE ( 2, ( #2837, #2852, #719, #1452, #488, #1214, #247, #2184, #1437 ),
 .UNSPECIFIED., .F., .F. ) 
 B_SPLINE_CURVE_WITH_KNOTS ( ( 3, 2, 2, 2, 3 ),
 ( 0.1388888888888890061, 0.1481481481481480011, 0.1666666666666665186, 0.1851851851851850084, 0.1944444444444445030 ),
 .UNSPECIFIED. ) 
 CURVE ( )  GEOMETRIC_REPRESENTATION_ITEM ( )  RATIONAL_B_SPLINE_CURVE ( ( 0.9330127018922189652, 0.9330127018922189652, 1.000000000000000000, 0.8660254037844389297, 1.000000000000000000, 0.8660254037844389297, 1.000000000000000000, 0.9330127018922189652, 0.9330127018922189652 ) ) 
 REPRESENTATION_ITEM ( '' )  );
#1651 = CARTESIAN_POINT ( 'NONE',  ( 0.5367028183392473784, -2.659444251809578219, 6.323511597893861413 ) ) ;
#1652 = CARTESIAN_POINT ( 'NONE',  ( -2.749630657015589730, 1.587499999999999911, 4.944401041666659502 ) ) ;
#1653 = EDGE_LOOP ( 'NONE', ( #2755, #1204, #2782, #888 ) ) ;
#1654 = CARTESIAN_POINT ( 'NONE',  ( 1.535430854677075185, 2.659444251809572890, 5.837369791666653818 ) ) ;
#1655 = CARTESIAN_POINT ( 'NONE',  ( -2.749630657015595059, 1.587499999999999911, 4.845182291666659147 ) ) ;
#1656 = CARTESIAN_POINT ( 'NONE',  ( 2.303146282015595236, -1.329722125904789776, 4.051432291666665186 ) ) ;
#1657 = ORIENTED_EDGE ( 'NONE', *, *, #1989, .F. ) ;
#1658 = CIRCLE ( 'NONE', #1410, 2.057399999999999896 ) ;
#1659 = CARTESIAN_POINT ( 'NONE',  ( 2.622187039182585888, -1.619035111830388285, 0.4222284762215358644 ) ) ;
#1660 = ADVANCED_FACE ( 'NONE', ( #2514 ), #1087, .T. ) ;
#1661 = AXIS2_PLACEMENT_3D ( 'NONE', #1846, #2041, #2287 ) ;
#1662 = VERTEX_POINT ( 'NONE', #1595 ) ;
#1663 = VECTOR ( 'NONE', #2308, 1000.000000000000000 ) ;
#1664 = CARTESIAN_POINT ( 'NONE',  ( -3.174999999999999822, -2.033577675846920109E-15, 2.530078124999994849 ) ) ;
#1665 = VECTOR ( 'NONE', #2353, 1000.000000000000000 ) ;
#1666 = CARTESIAN_POINT ( 'NONE',  ( -1.833087104677061152, -3.174999999999995826, 1.967838541666659502 ) ) ;
#1667 = ADVANCED_FACE ( 'NONE', ( #1806, #2097 ), #910, .F. ) ;
#1668 = CARTESIAN_POINT ( 'NONE',  ( 2.303146282015595236, 1.329722125904786001, 0.3141927083333370119 ) ) ;
#1669 = CARTESIAN_POINT ( 'NONE',  ( 0.000000000000000000, 2.659444251809579551, 0.3472656250000050182 ) ) ;
#1670 = CARTESIAN_POINT ( 'NONE',  ( 2.659444251809577775, -0.7125959395879686298, 0.2125994297513032760 ) ) ;
#1671 = LINE ( 'NONE', #2822, #1363 ) ;
#1672 = CARTESIAN_POINT ( 'NONE',  ( -3.174999999999999822, 4.648177544792960277E-16, 0.9425781249999979350 ) ) ;
#1673 = ORIENTED_EDGE ( 'NONE', *, *, #1124, .T. ) ;
#1674 = CYLINDRICAL_SURFACE ( 'NONE', #909, 3.174999999999999822 ) ;
#1675 = CARTESIAN_POINT ( 'NONE',  ( 3.666174209354122304, -6.734652765903157171E-16, 5.308203124999994138 ) ) ;
#1676 = CARTESIAN_POINT ( 'NONE',  ( 2.303146282015595236, 1.329722125904786001, 4.977473958333329840 ) ) ;
#1677 = ORIENTED_EDGE ( 'NONE', *, *, #138, .F. ) ;
#1678 = CARTESIAN_POINT ( 'NONE',  ( 2.151683181737937822, -2.117029540824254319, 0.3572241884369705689 ) ) ;
#1679 = ORIENTED_EDGE ( 'NONE', *, *, #1850, .F. ) ;
#1680 = CC_DESIGN_DATE_AND_TIME_ASSIGNMENT ( #1600, #182, ( #1219 ) ) ;
#1681 = PLANE ( 'NONE',  #715 ) ;
#1682 = CARTESIAN_POINT ( 'NONE',  ( 2.749630657015595059, 1.587499999999999911, 2.298567708333330017 ) ) ;
#1683 = CARTESIAN_POINT ( 'NONE',  ( 2.303146282015595236, -1.329722125904789776, 0.9756510416666689389 ) ) ;
#1684 = CARTESIAN_POINT ( 'NONE',  ( 3.666174209354122304, 2.244884255301054691E-16, -0.1771491249999993522 ) ) ;
#1685 = EDGE_CURVE ( 'NONE', #934, #241, #3051, .T. ) ;
#1686 = CARTESIAN_POINT ( 'NONE',  ( -1.833087104677060930, -3.174999999999995826, 1.074869791666663410 ) ) ;
#1687 = CARTESIAN_POINT ( 'NONE',  ( 0.000000000000000000, 2.879601836198494968, 0.2201575843889225226 ) ) ;
#1688 = CARTESIAN_POINT ( 'NONE',  ( 1.954127934293654775E-15, 2.659444251809579551, 2.728515625000000000 ) ) ;
#1689 = PLANE ( 'NONE',  #859 ) ;
#1690 = CARTESIAN_POINT ( 'NONE',  ( -1.535430854677063195, -2.659444251809578219, 5.440494791666664831 ) ) ;
#1691 = CARTESIAN_POINT ( 'NONE',  ( -2.749630657015595059, -1.587499999999999911, 6.564973958333319537 ) ) ;
#1692 = CARTESIAN_POINT ( 'NONE',  ( -2.303146282015595236, 1.329722125904789776, 3.654557291666665098 ) ) ;
#1693 = ORIENTED_EDGE ( 'NONE', *, *, #734, .F. ) ;
#1694 = CARTESIAN_POINT ( 'NONE',  ( 2.636389862995482058, -1.599799561095804679, 0.4243594830571554843 ) ) ;
#1695 = ORIENTED_EDGE ( 'NONE', *, *, #2638, .F. ) ;
#1696 = CARTESIAN_POINT ( 'NONE',  ( 2.659444251809575555, 0.7125959395879614133, 3.359275570248698273 ) ) ;
#1697 = CARTESIAN_POINT ( 'NONE',  ( -3.666174209354122304, 2.244884255301054691E-16, 4.216796874999988454 ) ) ;
#1698 = CARTESIAN_POINT ( 'NONE',  ( 3.070861709354126390, -5.641081444477046245E-16, 4.216796874999994671 ) ) ;
#1699 = CARTESIAN_POINT ( 'NONE',  ( -2.659444251809577775, 0.7125959395879686298, 0.5102556797513040365 ) ) ;
#1700 = CARTESIAN_POINT ( 'NONE',  ( 2.659444251809579551, -1.045839947578413819E-15, 0.9425781250000039302 ) ) ;
#1701 = EDGE_CURVE ( 'NONE', #991, #2480, #464, .T. ) ;
#1702 = CARTESIAN_POINT ( 'NONE',  ( -1.535430854677084067, -2.659444251809566673, 6.234244791666655239 ) ) ;
#1703 = CARTESIAN_POINT ( 'NONE',  ( -2.659444251809579551, -1.743066579297359981E-15, 2.926953124999999822 ) ) ;
#1704 = VERTEX_POINT ( 'NONE', #513 ) ;
#1705 = LINE ( 'NONE', #737, #3050 ) ;
#1706 = CARTESIAN_POINT ( 'NONE',  ( 1.833087104677060930, 3.174999999999990052, 5.440494791666653285 ) ) ;
#1707 = EDGE_CURVE ( 'NONE', #3047, #1895, #2417, .T. ) ;
#1708 = CARTESIAN_POINT ( 'NONE',  ( 1.833087104677061152, -3.175000000000002043, 5.175911458333321669 ) ) ;
#1709 = CARTESIAN_POINT ( 'NONE',  ( -2.303146282015595236, -1.329722125904787777, 2.993098958333335169 ) ) ;
#1710 = ORIENTED_EDGE ( 'NONE', *, *, #210, .T. ) ;
#1711 = CARTESIAN_POINT ( 'NONE',  ( -1.833087104677060930, -3.174999999999995826, 4.349088541666653818 ) ) ;
#1712 = AXIS2_PLACEMENT_3D ( 'NONE', #540, #2439, #1629 ) ;
#1713 = ORIENTED_EDGE ( 'NONE', *, *, #444, .T. ) ;
#1714 = DIRECTION ( 'NONE',  ( 0.000000000000000000, 0.000000000000000000, 1.000000000000000000 ) ) ;
#1715 = CARTESIAN_POINT ( 'NONE',  ( -2.749630657015595059, 1.587499999999999911, 4.944401041666659502 ) ) ;
#1716 = CARTESIAN_POINT ( 'NONE',  ( 1.535430854677063195, 2.659444251809578219, 4.349088541666659147 ) ) ;
#1717 = CARTESIAN_POINT ( 'NONE',  ( -2.749630657015589730, 1.587499999999999911, 2.463932291666659946 ) ) ;
#1718 = VECTOR ( 'NONE', #2240, 1000.000000000000000 ) ;
#1719 = VECTOR ( 'NONE', #2993, 1000.000000000000000 ) ;
#1720 = DIRECTION ( 'NONE',  ( 0.000000000000000000, 0.000000000000000000, -1.000000000000000000 ) ) ;
#1721 = CARTESIAN_POINT ( 'NONE',  ( -1.442700908689543482, -2.735352699287246114, 0.4330380460545135146 ) ) ;
#1722 = FACE_OUTER_BOUND ( 'NONE', #2455, .T. ) ;
#1723 = CARTESIAN_POINT ( 'NONE',  ( 3.174999999999999822, -2.788906526875774786E-15, 2.232421874999995115 ) ) ;
#1724 = CARTESIAN_POINT ( 'NONE',  ( -1.833087104677061152, -3.174999999999995826, 5.043619791666658081 ) ) ;
#1725 = CARTESIAN_POINT ( 'NONE',  ( 2.303146282015595236, -1.329722125904789776, 5.638932291666659324 ) ) ;
#1726 = ORIENTED_EDGE ( 'NONE', *, *, #1352, .T. ) ;
#1727 = EDGE_CURVE ( 'NONE', #973, #1557, #489, .T. ) ;
#1728 = LINE ( 'NONE', #1004, #664 ) ;
#1729 =( BOUNDED_CURVE ( )  B_SPLINE_CURVE ( 2, ( #1233, #1985, #2935, #1690, #2687, #1281, #2406, #2426, #32 ),
 .UNSPECIFIED., .F., .F. ) 
 B_SPLINE_CURVE_WITH_KNOTS ( ( 3, 2, 2, 2, 3 ),
 ( 0.6944444444444450859, 0.7037037037037039422, 0.7222222222222219878, 0.7407407407407410327, 0.7500000000000000000 ),
 .UNSPECIFIED. ) 
 CURVE ( )  GEOMETRIC_REPRESENTATION_ITEM ( )  RATIONAL_B_SPLINE_CURVE ( ( 0.9330127018922189652, 0.9330127018922199644, 1.000000000000000000, 0.8660254037844389297, 1.000000000000000000, 0.8660254037844389297, 1.000000000000000000, 0.9330127018922179660, 0.9330127018922189652 ) ) 
 REPRESENTATION_ITEM ( '' )  );
#1730 = ORIENTED_EDGE ( 'NONE', *, *, #2452, .F. ) ;
#1731 = CARTESIAN_POINT ( 'NONE',  ( 3.174999999999999822, -3.486133158594715228E-15, 2.926953124999994937 ) ) ;
#1732 = CARTESIAN_POINT ( 'NONE',  ( -1.535430854677063195, 2.659444251809578219, 2.000911458333332948 ) ) ;
#1733 = CARTESIAN_POINT ( 'NONE',  ( -1.535430854677063195, -2.659444251809578219, 5.539713541666656305 ) ) ;
#1734 = CARTESIAN_POINT ( 'NONE',  ( -2.603499999999999925, -1.250950000000000006, 15.74800000000000111 ) ) ;
#1735 = CARTESIAN_POINT ( 'NONE',  ( 0.000000000000000000, 0.000000000000000000, 9.525000000000000355 ) ) ;
#1736 = DIRECTION ( 'NONE',  ( 1.000000000000000000, 0.000000000000000000, 0.000000000000000000 ) ) ;
#1737 = CARTESIAN_POINT ( 'NONE',  ( 3.091459064387720002, -0.7235370434297110354, 0.5155557481904280426 ) ) ;
#1738 = LINE ( 'NONE', #814, #1603 ) ;
#1739 = LINE ( 'NONE', #81, #523 ) ;
#1740 = FACE_OUTER_BOUND ( 'NONE', #786, .T. ) ;
#1741 = DIRECTION ( 'NONE',  ( -1.000000000000000000, 0.000000000000000000, 0.000000000000000000 ) ) ;
#1742 = ORIENTED_EDGE ( 'NONE', *, *, #1144, .T. ) ;
#1743 = DIRECTION ( 'NONE',  ( 0.000000000000000000, 0.000000000000000000, 1.000000000000000000 ) ) ;
#1744 = EDGE_CURVE ( 'NONE', #1581, #2009, #2349, .T. ) ;
#1745 = VERTEX_POINT ( 'NONE', #1174 ) ;
#1746 = CARTESIAN_POINT ( 'NONE',  ( -1.833087104677060930, 3.175000000000002043, 1.703255208333329440 ) ) ;
#1747 = CARTESIAN_POINT ( 'NONE',  ( -2.303146282015595236, -1.329722125904787777, 1.405598958333335924 ) ) ;
#1748 = CARTESIAN_POINT ( 'NONE',  ( -3.070861709354126390, 1.880360481492350803E-16, 5.407421874999998934 ) ) ;
#1749 = DIRECTION ( 'NONE',  ( 1.000000000000000000, 0.000000000000000000, 0.000000000000000000 ) ) ;
#1750 = CARTESIAN_POINT ( 'NONE',  ( 0.000000000000000000, 0.000000000000000000, 0.000000000000000000 ) ) ;
#1751 = CARTESIAN_POINT ( 'NONE',  ( 1.324210065128866409, -2.898898893115075204, 0.5057120996232448151 ) ) ;
#1752 = CARTESIAN_POINT ( 'NONE',  ( -1.833087104677060930, -3.174999999999995826, 5.142838541666658436 ) ) ;
#1753 = CARTESIAN_POINT ( 'NONE',  ( 2.303146282015600121, 1.329722125904781782, 1.901692708333334814 ) ) ;
#1754 = CARTESIAN_POINT ( 'NONE',  ( 2.374461762914451324, -1.267087763080336327, 0.03112963878563839923 ) ) ;
#1755 = LINE ( 'NONE', #320, #1859 ) ;
#1756 = VERTEX_POINT ( 'NONE', #208 ) ;
#1757 = CARTESIAN_POINT ( 'NONE',  ( -3.174999999999999822, 3.888253587292845095E-16, 0.000000000000000000 ) ) ;
#1758 = ORIENTED_EDGE ( 'NONE', *, *, #3071, .F. ) ;
#1759 = FACE_OUTER_BOUND ( 'NONE', #1544, .T. ) ;
#1760 = CARTESIAN_POINT ( 'NONE',  ( -3.256879890489429719E-16, -2.659444251809579551, 1.537890625000005063 ) ) ;
#1761 = EDGE_CURVE ( 'NONE', #2923, #1874, #898, .T. ) ;
#1762 = CARTESIAN_POINT ( 'NONE',  ( -3.256879890489429719E-16, -2.659444251809579551, 2.430859374999999822 ) ) ;
#1763 = CARTESIAN_POINT ( 'NONE',  ( 0.000000000000000000, 2.659444251809579551, -0.5597683749999929903 ) ) ;
#1764 = CIRCLE ( 'NONE', #2957, 4.000499999999999723 ) ;
#1765 =( BOUNDED_CURVE ( )  B_SPLINE_CURVE ( 2, ( #284, #2186, #48, #316, #1504, #2720, #585, #1521, #2746 ),
 .UNSPECIFIED., .F., .F. ) 
 B_SPLINE_CURVE_WITH_KNOTS ( ( 3, 2, 2, 2, 3 ),
 ( 0.2500000000000000000, 0.2592592592592595224, 0.2777777777777780122, 0.2962962962962965019, 0.3055555555555554692 ),
 .UNSPECIFIED. ) 
 CURVE ( )  GEOMETRIC_REPRESENTATION_ITEM ( )  RATIONAL_B_SPLINE_CURVE ( ( 0.9330127018922189652, 0.9330127018922189652, 1.000000000000000000, 0.8660254037844389297, 1.000000000000000000, 0.8660254037844389297, 1.000000000000000000, 0.9330127018922189652, 0.9330127018922189652 ) ) 
 REPRESENTATION_ITEM ( '' )  );
#1766 = ADVANCED_FACE ( 'NONE', ( #1188 ), #1681, .F. ) ;
#1767 = EDGE_CURVE ( 'NONE', #2568, #343, #2179, .T. ) ;
#1768 = DIRECTION ( 'NONE',  ( 0.000000000000000000, 0.000000000000000000, 1.000000000000000000 ) ) ;
#1769 = CIRCLE ( 'NONE', #215, 1.803399999999999892 ) ;
#1770 = DIRECTION ( 'NONE',  ( -1.733406087350419758E-16, 1.000000000000000000, 0.000000000000000000 ) ) ;
#1771 = PRODUCT_DEFINITION_FORMATION_WITH_SPECIFIED_SOURCE ( 'Symmetric', '', #2393, .NOT_KNOWN. ) ;
#1772 = CARTESIAN_POINT ( 'NONE',  ( 2.749630657015595059, 1.587499999999999911, 0.7110677083333319937 ) ) ;
#1773 = CARTESIAN_POINT ( 'NONE',  ( 2.455054363582560129, -1.114735032103312040, 0.03674690693773832034 ) ) ;
#1774 = DIRECTION ( 'NONE',  ( -1.000000000000000000, 0.000000000000000000, 0.000000000000000000 ) ) ;
#1775 = ORIENTED_EDGE ( 'NONE', *, *, #654, .F. ) ;
#1776 = CARTESIAN_POINT ( 'NONE',  ( 1.031399486484763761, -2.451297376444149911, 6.349999999999999645 ) ) ;
#1777 = ORIENTED_EDGE ( 'NONE', *, *, #1057, .T. ) ;
#1778 = CARTESIAN_POINT ( 'NONE',  ( -2.749630657015589730, 1.587499999999999911, 1.769401041666665009 ) ) ;
#1779 = CARTESIAN_POINT ( 'NONE',  ( -3.888253587292845095E-16, -3.174999999999999822, 6.796484374999979039 ) ) ;
#1780 = CARTESIAN_POINT ( 'NONE',  ( -2.749630657015595059, -1.587499999999999911, 1.802473958333330017 ) ) ;
#1781 = LINE ( 'NONE', #58, #2511 ) ;
#1782 = CARTESIAN_POINT ( 'NONE',  ( -3.174999999999999822, 3.888253587292845095E-16, 0.000000000000000000 ) ) ;
#1783 = CARTESIAN_POINT ( 'NONE',  ( -1.833087104677060930, 3.175000000000002043, 3.985286458333325399 ) ) ;
#1784 = EDGE_CURVE ( 'NONE', #2081, #2357, #2262, .T. ) ;
#1785 = DIRECTION ( 'NONE',  ( -1.000000000000000000, -1.224646799147353700E-16, 0.000000000000000000 ) ) ;
#1786 = CARTESIAN_POINT ( 'NONE',  ( 1.833087104677060930, -3.175000000000002043, 5.275130208333326465 ) ) ;
#1787 = CARTESIAN_POINT ( 'NONE',  ( 2.659444251809579551, 3.660439816524454776E-15, 5.705078125000000888 ) ) ;
#1788 = DIRECTION ( 'NONE',  ( 1.000000000000000000, 0.000000000000000000, 0.000000000000000000 ) ) ;
#1789 = ORIENTED_EDGE ( 'NONE', *, *, #1124, .F. ) ;
#1790 = CARTESIAN_POINT ( 'NONE',  ( 1.031399486484763761, -2.451297376444149911, 6.349999999999999645 ) ) ;
#1791 = ORIENTED_EDGE ( 'NONE', *, *, #2637, .T. ) ;
#1792 = CARTESIAN_POINT ( 'NONE',  ( -0.4671001669807705037, -2.687838723514190065, 0.06865541612983590281 ) ) ;
#1793 = CARTESIAN_POINT ( 'NONE',  ( 3.666174209354122304, -6.734652765903157171E-16, 2.926953124999994049 ) ) ;
#1794 = CARTESIAN_POINT ( 'NONE',  ( 2.659444251809579995, 0.7125959395879580827, 4.946775570248692411 ) ) ;
#1795 = CARTESIAN_POINT ( 'NONE',  ( -1.459608957177969703E-13, 2.659444251809579551, 6.002734375000001066 ) ) ;
#1796 = APPROVAL_STATUS ( 'not_yet_approved' ) ;
#1797 = CARTESIAN_POINT ( 'NONE',  ( -2.998225229444690942, 0.2573239265961035915, 0.3387809776341834667 ) ) ;
#1798 = EDGE_CURVE ( 'NONE', #2547, #2654, #286, .T. ) ;
#1799 = CARTESIAN_POINT ( 'NONE',  ( -1.833087104677060930, 3.175000000000002043, 3.290755208333327353 ) ) ;
#1800 = CARTESIAN_POINT ( 'NONE',  ( 0.000000000000000000, 0.000000000000000000, 6.349999999999999645 ) ) ;
#1801 = EDGE_LOOP ( 'NONE', ( #2431, #463, #2270, #1105 ) ) ;
#1802 = CARTESIAN_POINT ( 'NONE',  ( 2.516888355051591031, 1.719041119581899757, 6.350000000000000533 ) ) ;
#1803 = ADVANCED_FACE ( 'NONE', ( #292 ), #2693, .F. ) ;
#1804 = ORIENTED_EDGE ( 'NONE', *, *, #2347, .T. ) ;
#1805 = CARTESIAN_POINT ( 'NONE',  ( 2.659444251809579551, -4.241462009623570299E-15, 4.216796874999995559 ) ) ;
#1806 = FACE_BOUND ( 'NONE', #2274, .T. ) ;
#1807 = DIRECTION ( 'NONE',  ( 0.000000000000000000, 0.000000000000000000, 1.000000000000000000 ) ) ;
#1808 = AXIS2_PLACEMENT_3D ( 'NONE', #830, #335, #2985 ) ;
#1809 = APPROVAL_STATUS ( 'not_yet_approved' ) ;
#1810 = CARTESIAN_POINT ( 'NONE',  ( -0.1537494413806636540, 2.883479910093157628, 0.2240356582835784371 ) ) ;
#1811 = AXIS2_PLACEMENT_3D ( 'NONE', #536, #2981, #1548 ) ;
#1812 = CARTESIAN_POINT ( 'NONE',  ( 2.154907023243517461, 1.785735525726379613, 0.1389391823294205686 ) ) ;
#1813 = CARTESIAN_POINT ( 'NONE',  ( 5.443555022209989642E-15, 3.174999999999999822, 5.605859374999989875 ) ) ;
#1814 = ORIENTED_EDGE ( 'NONE', *, *, #427, .F. ) ;
#1815 = AXIS2_PLACEMENT_3D ( 'NONE', #2373, #473, #1194 ) ;
#1816 = CIRCLE ( 'NONE', #1317, 3.937000000000000277 ) ;
#1817 = CARTESIAN_POINT ( 'NONE',  ( 2.473046563883019910, -1.338277345852485700, 6.349999999999999645 ) ) ;
#1818 = VERTEX_POINT ( 'NONE', #1273 ) ;
#1819 = ADVANCED_FACE ( 'NONE', ( #1759 ), #2959, .F. ) ;
#1820 = CARTESIAN_POINT ( 'NONE',  ( 0.1550679458032510061, -2.787826809022599495, 0.1326783551139088524 ) ) ;
#1821 = CARTESIAN_POINT ( 'NONE',  ( 2.659444251809579551, -2.963213184805509600E-15, 3.323828124999999911 ) ) ;
#1822 = DIRECTION ( 'NONE',  ( 0.000000000000000000, 0.000000000000000000, 1.000000000000000000 ) ) ;
#1823 = CARTESIAN_POINT ( 'NONE',  ( -2.603111974221088420, 1.420727133415178756, 0.3057455952862418447 ) ) ;
#1824 = CARTESIAN_POINT ( 'NONE',  ( 1.971790324401398342, 1.998529851750768138, 0.1480568323635702288 ) ) ;
#1825 = CARTESIAN_POINT ( 'NONE',  ( -3.174999999999999822, 0.8507386859688255143, 5.768849429751281122 ) ) ;
#1826 = ORIENTED_EDGE ( 'NONE', *, *, #1784, .T. ) ;
#1827 = ORIENTED_EDGE ( 'NONE', *, *, #2063, .F. ) ;
#1828 = CARTESIAN_POINT ( 'NONE',  ( 0.1767043891325805471, -2.788686605019028875, 0.1348330783632158136 ) ) ;
#1829 = EDGE_CURVE ( 'NONE', #1289, #2522, #46, .T. ) ;
#1830 = ORIENTED_EDGE ( 'NONE', *, *, #1089, .F. ) ;
#1831 = DIRECTION ( 'NONE',  ( 0.000000000000000000, 0.000000000000000000, 1.000000000000000000 ) ) ;
#1832 = DIRECTION ( 'NONE',  ( 0.000000000000000000, 0.000000000000000000, 1.000000000000000000 ) ) ;
#1833 = EDGE_CURVE ( 'NONE', #1406, #884, #2908, .T. ) ;
#1834 = CARTESIAN_POINT ( 'NONE',  ( 0.000000000000000000, 0.000000000000000000, 0.000000000000000000 ) ) ;
#1835 = PERSON_AND_ORGANIZATION_ROLE ( 'creator' ) ;
#1836 = CARTESIAN_POINT ( 'NONE',  ( -2.486304718292519755, 1.605817292406111596, 0.3003357299104567613 ) ) ;
#1837 =( BOUNDED_CURVE ( )  B_SPLINE_CURVE ( 2, ( #641, #169, #2546, #405, #185, #1119, #2075, #901, #2339 ),
 .UNSPECIFIED., .F., .T. ) 
 B_SPLINE_CURVE_WITH_KNOTS ( ( 3, 2, 2, 2, 3 ),
 ( 0.7500000000000000000, 0.7592592592592589673, 0.7777777777777779011, 0.7962962962962959468, 0.8055555555555560243 ),
 .UNSPECIFIED. ) 
 CURVE ( )  GEOMETRIC_REPRESENTATION_ITEM ( )  RATIONAL_B_SPLINE_CURVE ( ( 0.9330127018922189652, 0.9330127018922199644, 1.000000000000000000, 0.8660254037844389297, 1.000000000000000000, 0.8660254037844389297, 1.000000000000000000, 0.9330127018922189652, 0.9330127018922189652 ) ) 
 REPRESENTATION_ITEM ( '' )  );
#1838 = CARTESIAN_POINT ( 'NONE',  ( 2.582434963350074941, 1.003636438673868980, 0.1111216228706243814 ) ) ;
#1839 = VERTEX_POINT ( 'NONE', #2912 ) ;
#1840 = CYLINDRICAL_SURFACE ( 'NONE', #1210, 3.174999999999999822 ) ;
#1841 = CARTESIAN_POINT ( 'NONE',  ( 2.749630657015589730, -1.587499999999999911, 0.4795572916666659968 ) ) ;
#1842 = ORIENTED_EDGE ( 'NONE', *, *, #272, .T. ) ;
#1843 = FACE_OUTER_BOUND ( 'NONE', #1444, .T. ) ;
#1844 = CARTESIAN_POINT ( 'NONE',  ( 1.769268856503220189, -1.985530519002615346, 0.000000000000000000 ) ) ;
#1845 = VERTEX_POINT ( 'NONE', #2446 ) ;
#1846 = CARTESIAN_POINT ( 'NONE',  ( 0.000000000000000000, 0.000000000000000000, -3.810000000000000053 ) ) ;
#1847 = CARTESIAN_POINT ( 'NONE',  ( -1.535430854677063195, -2.659444251809578219, 1.570963541666667629 ) ) ;
#1848 = CYLINDRICAL_SURFACE ( 'NONE', #3010, 3.174999999999999822 ) ;
#1849 =( BOUNDED_CURVE ( )  B_SPLINE_CURVE ( 2, ( #1259, #1276, #107, #1041, #2945, #794, #1717, #2697, #2484 ),
 .UNSPECIFIED., .F., .F. ) 
 B_SPLINE_CURVE_WITH_KNOTS ( ( 3, 2, 2, 2, 3 ),
 ( 0.3055555555555554692, 0.3148148148148149916, 0.3333333333333335369, 0.3518518518518519711, 0.3611111111111109939 ),
 .UNSPECIFIED. ) 
 CURVE ( )  GEOMETRIC_REPRESENTATION_ITEM ( )  RATIONAL_B_SPLINE_CURVE ( ( 0.9330127018922189652, 0.9330127018922199644, 1.000000000000000000, 0.8660254037844389297, 1.000000000000000000, 0.8660254037844389297, 1.000000000000000000, 0.9330127018922189652, 0.9330127018922189652 ) ) 
 REPRESENTATION_ITEM ( '' )  );
#1850 = EDGE_CURVE ( 'NONE', #1845, #2328, #2462, .T. ) ;
#1851 = CYLINDRICAL_SURFACE ( 'NONE', #2407, 2.659444251809579551 ) ;
#1852 = CARTESIAN_POINT ( 'NONE',  ( 2.599324105781930960, 0.9546345900761129544, 0.1094533921318283920 ) ) ;
#1853 = VECTOR ( 'NONE', #1436, 1000.000000000000000 ) ;
#1854 = CARTESIAN_POINT ( 'NONE',  ( 2.735842707722540013, -4.150822547500109773E-13, 0.07639845591296159921 ) ) ;
#1855 = ORIENTED_EDGE ( 'NONE', *, *, #1761, .T. ) ;
#1856 = AXIS2_PLACEMENT_3D ( 'NONE', #2572, #2783, #1364 ) ;
#1857 = CARTESIAN_POINT ( 'NONE',  ( 1.833087104677060930, -3.175000000000002043, 5.175911458333321669 ) ) ;
#1858 = CARTESIAN_POINT ( 'NONE',  ( 3.666174209354122304, -6.734652765903157171E-16, 1.339453124999995914 ) ) ;
#1859 = VECTOR ( 'NONE', #2206, 1000.000000000000000 ) ;
#1860 = VECTOR ( 'NONE', #2758, 1000.000000000000000 ) ;
#1861 = ORIENTED_EDGE ( 'NONE', *, *, #2844, .F. ) ;
#1862 = DIRECTION ( 'NONE',  ( 1.000000000000000000, 0.000000000000000000, 0.000000000000000000 ) ) ;
#1863 = CARTESIAN_POINT ( 'NONE',  ( 2.563551768152275478, -1.694883045077454131, 0.4136206926930174888 ) ) ;
#1864 = CC_DESIGN_APPROVAL ( #949, ( #1771 ) ) ;
#1865 = AXIS2_PLACEMENT_3D ( 'NONE', #2874, #752, #265 ) ;
#1866 = ORIENTED_EDGE ( 'NONE', *, *, #858, .F. ) ;
#1867 = CARTESIAN_POINT ( 'NONE',  ( -2.749630657015595059, -1.587499999999999911, 1.107942708333329973 ) ) ;
#1868 = CARTESIAN_POINT ( 'NONE',  ( -3.070861709354126390, 1.880360481492350803E-16, -0.1488281249999954814 ) ) ;
#1869 = CARTESIAN_POINT ( 'NONE',  ( -3.174999999999999822, 6.275039685470489619E-15, 5.010546874999990408 ) ) ;
#1870 = DIRECTION ( 'NONE',  ( 1.000000000000000000, 0.000000000000000000, 0.000000000000000000 ) ) ;
#1871 = EDGE_CURVE ( 'NONE', #1168, #661, #918, .T. ) ;
#1872 = FACE_OUTER_BOUND ( 'NONE', #2978, .T. ) ;
#1873 = DIRECTION ( 'NONE',  ( 1.000000000000000000, 0.000000000000000000, 0.000000000000000000 ) ) ;
#1874 = VERTEX_POINT ( 'NONE', #1731 ) ;
#1875 = CARTESIAN_POINT ( 'NONE',  ( 2.057399999999999896, 0.000000000000000000, -3.810000000000000053 ) ) ;
#1876 = CARTESIAN_POINT ( 'NONE',  ( 1.833087104677061152, 3.174999999999995826, 1.471744791666662167 ) ) ;
#1877 = ORIENTED_EDGE ( 'NONE', *, *, #294, .F. ) ;
#1878 =( BOUNDED_CURVE ( )  B_SPLINE_CURVE ( 2, ( #305, #1254, #2691, #2955, #560, #1509, #821, #2461, #274 ),
 .UNSPECIFIED., .F., .F. ) 
 B_SPLINE_CURVE_WITH_KNOTS ( ( 3, 2, 2, 2, 3 ),
 ( 0.8055555555555560243, 0.8148148148148149916, 0.8333333333333330373, 0.8518518518518520821, 0.8611111111111110494 ),
 .UNSPECIFIED. ) 
 CURVE ( )  GEOMETRIC_REPRESENTATION_ITEM ( )  RATIONAL_B_SPLINE_CURVE ( ( 0.9330127018922189652, 0.9330127018922199644, 1.000000000000000000, 0.8660254037844389297, 1.000000000000000000, 0.8660254037844389297, 1.000000000000000000, 0.9330127018922189652, 0.9330127018922189652 ) ) 
 REPRESENTATION_ITEM ( '' )  );
#1879 = CARTESIAN_POINT ( 'NONE',  ( 1.535430854677056534, -2.659444251809578219, 4.878255208333325932 ) ) ;
#1880 = ORIENTED_EDGE ( 'NONE', *, *, #1621, .T. ) ;
#1881 = CARTESIAN_POINT ( 'NONE',  ( 3.174999999999999822, -3.486133158594715622E-15, 2.926953124999995381 ) ) ;
#1882 = CARTESIAN_POINT ( 'NONE',  ( 0.000000000000000000, 3.174999999999999822, 5.605859374999989875 ) ) ;
#1883 = ORIENTED_EDGE ( 'NONE', *, *, #2539, .T. ) ;
#1884 = DIRECTION ( 'NONE',  ( 1.000000000000000000, 0.000000000000000000, 0.000000000000000000 ) ) ;
#1885 = CARTESIAN_POINT ( 'NONE',  ( 2.749630657015599944, 1.587499999999999911, 2.993098958333324955 ) ) ;
#1886 = CARTESIAN_POINT ( 'NONE',  ( -1.742566491433969875E-13, 3.174999999999999822, 6.300390624999989697 ) ) ;
#1887 = ORIENTED_EDGE ( 'NONE', *, *, #462, .F. ) ;
#1888 = ADVANCED_FACE ( 'NONE', ( #532 ), #2727, .T. ) ;
#1889 = CARTESIAN_POINT ( 'NONE',  ( -2.749630657015595059, -1.587499999999999911, 1.107942708333329973 ) ) ;
#1890 = CARTESIAN_POINT ( 'NONE',  ( 2.749630657015595059, 1.587499999999999911, 4.580598958333319537 ) ) ;
#1891 = CARTESIAN_POINT ( 'NONE',  ( 2.303146282015595236, 1.329722125904786001, 6.564973958333329307 ) ) ;
#1892 = ORIENTED_EDGE ( 'NONE', *, *, #2961, .F. ) ;
#1893 = EDGE_CURVE ( 'NONE', #2293, #758, #370, .T. ) ;
#1894 = DIRECTION ( 'NONE',  ( 1.000000000000000000, 0.000000000000000000, 0.000000000000000000 ) ) ;
#1895 = VERTEX_POINT ( 'NONE', #73 ) ;
#1896 = CARTESIAN_POINT ( 'NONE',  ( -2.721777511104994821E-15, -3.174999999999999822, 2.728515624999995115 ) ) ;
#1897 = CARTESIAN_POINT ( 'NONE',  ( 3.666174209354122304, -6.734652765903157171E-16, 3.819921874999992806 ) ) ;
#1898 = DIRECTION ( 'NONE',  ( 1.000000000000000000, 0.000000000000000000, 0.000000000000000000 ) ) ;
#1899 = CARTESIAN_POINT ( 'NONE',  ( 0.000000000000000000, 0.000000000000000000, 0.000000000000000000 ) ) ;
#1900 = CARTESIAN_POINT ( 'NONE',  ( 1.833087104676966117, 3.175000000000189448, 6.234244791666671226 ) ) ;
#1901 = CARTESIAN_POINT ( 'NONE',  ( 1.833087104677060930, 3.174999999999995826, 0.6779947916666649865 ) ) ;
#1902 = ORIENTED_EDGE ( 'NONE', *, *, #1305, .F. ) ;
#1903 = CARTESIAN_POINT ( 'NONE',  ( -2.659444251809579551, 5.868324150301109700E-15, 6.101953124999989875 ) ) ;
#1904 = CARTESIAN_POINT ( 'NONE',  ( 2.749630657015589730, -1.587499999999999911, 4.448307291666659502 ) ) ;
#1905 = CARTESIAN_POINT ( 'NONE',  ( -3.256879890489429719E-16, -2.659444251809579551, 4.712890625000000888 ) ) ;
#1906 = EDGE_LOOP ( 'NONE', ( #204, #3080, #3074, #1200, #802 ) ) ;
#1907 = AXIS2_PLACEMENT_3D ( 'NONE', #2683, #582, #1502 ) ;
#1908 = CARTESIAN_POINT ( 'NONE',  ( 2.303146282015600121, 1.329722125904779784, 4.183723958333329662 ) ) ;
#1909 = EDGE_CURVE ( 'NONE', #1510, #642, #1764, .T. ) ;
#1910 = ORIENTED_EDGE ( 'NONE', *, *, #872, .F. ) ;
#1911 = DIRECTION ( 'NONE',  ( 1.000000000000000000, 0.000000000000000000, 0.000000000000000000 ) ) ;
#1912 = VECTOR ( 'NONE', #1519, 1000.000000000000000 ) ;
#1913 = CARTESIAN_POINT ( 'NONE',  ( 2.749630657015589730, -1.587499999999999911, 2.960026041666659946 ) ) ;
#1914 = ORIENTED_EDGE ( 'NONE', *, *, #99, .T. ) ;
#1915 = CARTESIAN_POINT ( 'NONE',  ( 1.833087104677061152, -3.174999999999995826, -0.3283214583333324277 ) ) ;
#1916 = CARTESIAN_POINT ( 'NONE',  ( -3.174999999999999822, 4.648177544792960277E-16, 0.9425781249999979350 ) ) ;
#1917 = CARTESIAN_POINT ( 'NONE',  ( 2.303146282015605006, 1.329722125904769792, 5.870442708333329485 ) ) ;
#1918 = CARTESIAN_POINT ( 'NONE',  ( 2.303146282015600121, 1.329722125904781782, 2.596223958333335080 ) ) ;
#1919 = ORIENTED_EDGE ( 'NONE', *, *, #2769, .F. ) ;
#1920 = DIRECTION ( 'NONE',  ( 1.000000000000000000, 0.000000000000000000, 0.000000000000000000 ) ) ;
#1921 = CARTESIAN_POINT ( 'NONE',  ( -2.303146282015589907, 1.329722125904791996, 2.166276041666664653 ) ) ;
#1922 = CARTESIAN_POINT ( 'NONE',  ( -1.833087104677061152, 3.175000000000002043, 4.779036458333322912 ) ) ;
#1923 = CARTESIAN_POINT ( 'NONE',  ( -2.303146282015595236, -1.329722125904787777, 5.374348958333329485 ) ) ;
#1924 = ORIENTED_EDGE ( 'NONE', *, *, #2844, .T. ) ;
#1925 = CARTESIAN_POINT ( 'NONE',  ( 2.225526129470235759, -2.052739970024313632, 0.3669287213500453948 ) ) ;
#1926 = EDGE_LOOP ( 'NONE', ( #1361, #2740, #2705, #1185 ) ) ;
#1927 = CARTESIAN_POINT ( 'NONE',  ( -2.303146282015595236, -1.329722125904786001, 2.199348958333334991 ) ) ;
#1928 = CARTESIAN_POINT ( 'NONE',  ( 2.749630657015595059, 1.587499999999999911, 3.886067708333324600 ) ) ;
#1929 = EDGE_CURVE ( 'NONE', #1333, #776, #2317, .T. ) ;
#1930 = CARTESIAN_POINT ( 'NONE',  ( -2.303146282015595236, 1.329722125904789776, 4.547526041666659857 ) ) ;
#1931 = CARTESIAN_POINT ( 'NONE',  ( 2.303146282015595236, 1.329722125904789776, 0.1960932916666719983 ) ) ;
#1932 = CARTESIAN_POINT ( 'NONE',  ( 2.659444251809577775, 0.7125959395879664093, 0.9780255702487046232 ) ) ;
#1933 = EDGE_CURVE ( 'NONE', #2602, #924, #1362, .T. ) ;
#1934 = CARTESIAN_POINT ( 'NONE',  ( -2.303146282015589907, 1.329722125904793995, 3.753776041666665453 ) ) ;
#1935 = ORIENTED_EDGE ( 'NONE', *, *, #895, .F. ) ;
#1936 = CARTESIAN_POINT ( 'NONE',  ( 2.659444251809579551, 1.743066579297359981E-16, 1.041796875000001954 ) ) ;
#1937 = CARTESIAN_POINT ( 'NONE',  ( 3.174999999999999822, 4.299564228933484534E-15, 5.308203124999989697 ) ) ;
#1938 = CARTESIAN_POINT ( 'NONE',  ( 0.000000000000000000, 0.000000000000000000, 6.349999999999999645 ) ) ;
#1939 = CARTESIAN_POINT ( 'NONE',  ( 3.070861709354126390, -5.641081444477046245E-16, 3.323828125000000799 ) ) ;
#1940 = EDGE_LOOP ( 'NONE', ( #54, #133, #528, #1624 ) ) ;
#1941 = CARTESIAN_POINT ( 'NONE',  ( 0.000000000000000000, 0.000000000000000000, 15.74800000000000111 ) ) ;
#1942 = ORIENTED_EDGE ( 'NONE', *, *, #1727, .F. ) ;
#1943 = CARTESIAN_POINT ( 'NONE',  ( -3.174999999999999822, 0.8507386859688149672, 1.006349429751297597 ) ) ;
#1944 = CARTESIAN_POINT ( 'NONE',  ( 1.833087104677061152, -3.175000000000002043, 4.481380208333324511 ) ) ;
#1945 = CARTESIAN_POINT ( 'NONE',  ( -3.070861709354126390, 1.880360481492350803E-16, 3.026171874999997069 ) ) ;
#1946 = CARTESIAN_POINT ( 'NONE',  ( 0.000000000000000000, 0.000000000000000000, 0.000000000000000000 ) ) ;
#1947 = EDGE_CURVE ( 'NONE', #2348, #1756, #687, .T. ) ;
#1948 = CARTESIAN_POINT ( 'NONE',  ( 1.833087104677060930, -3.175000000000002043, 1.207161458333329884 ) ) ;
#1949 = CARTESIAN_POINT ( 'NONE',  ( -2.608488276958520036, -1.578372988092400897, 0.3893985436324967075 ) ) ;
#1950 = EDGE_CURVE ( 'NONE', #341, #447, #1237, .T. ) ;
#1951 = CARTESIAN_POINT ( 'NONE',  ( 1.535430854677072521, 2.659444251809572890, 2.662369791666664653 ) ) ;
#1952 = DIRECTION ( 'NONE',  ( 0.000000000000000000, 0.000000000000000000, 1.000000000000000000 ) ) ;
#1953 = CARTESIAN_POINT ( 'NONE',  ( -3.175000000000005151, -0.8507386859688149672, 1.870994320248699605 ) ) ;
#1954 = CARTESIAN_POINT ( 'NONE',  ( -2.749630657015595059, -1.587499999999999911, 4.183723958333325221 ) ) ;
#1955 = CARTESIAN_POINT ( 'NONE',  ( -2.303146282015595236, -1.329722125904787777, 6.168098958333329662 ) ) ;
#1956 = ORIENTED_EDGE ( 'NONE', *, *, #1707, .T. ) ;
#1957 = CARTESIAN_POINT ( 'NONE',  ( -1.555694487621369783E-14, -3.174999999999999822, 4.415234374999990052 ) ) ;
#1958 = AXIS2_PLACEMENT_3D ( 'NONE', #1501, #2468, #1749 ) ;
#1959 = ORIENTED_EDGE ( 'NONE', *, *, #1833, .T. ) ;
#1960 = CARTESIAN_POINT ( 'NONE',  ( 1.555301434917139813E-15, 3.174999999999999822, 1.637109374999994982 ) ) ;
#1961 = CARTESIAN_POINT ( 'NONE',  ( -1.833087104677061152, -3.174999999999995826, 5.936588541666656837 ) ) ;
#1962 = AXIS2_PLACEMENT_3D ( 'NONE', #2585, #240, #1894 ) ;
#1963 = CARTESIAN_POINT ( 'NONE',  ( -3.256879890489429719E-16, -2.659444251809579551, 3.224609374999995115 ) ) ;
#1964 = CARTESIAN_POINT ( 'NONE',  ( 0.000000000000000000, 0.000000000000000000, -3.810000000000000053 ) ) ;
#1965 = VECTOR ( 'NONE', #2918, 1000.000000000000000 ) ;
#1966 = CARTESIAN_POINT ( 'NONE',  ( 3.174999999999999822, -5.810221930991189253E-17, 1.339453124999996136 ) ) ;
#1967 = CARTESIAN_POINT ( 'NONE',  ( 0.09692769427181581465, -3.131982750261180115, 0.4740331305899231351 ) ) ;
#1968 = VERTEX_POINT ( 'NONE', #1320 ) ;
#1969 = CARTESIAN_POINT ( 'NONE',  ( -2.860999084187104469, 0.8436157003735686999, 0.3222650097665018532 ) ) ;
#1970 = DIRECTION ( 'NONE',  ( 1.000000000000000000, 0.000000000000000000, 0.000000000000000000 ) ) ;
#1971 = EDGE_CURVE ( 'NONE', #2328, #3044, #3013, .T. ) ;
#1972 = CARTESIAN_POINT ( 'NONE',  ( -2.286000000000000032, 1.250950000000000006, 21.67890000000000228 ) ) ;
#1973 = VERTEX_POINT ( 'NONE', #1172 ) ;
#1974 = CARTESIAN_POINT ( 'NONE',  ( 0.000000000000000000, 0.000000000000000000, -3.810000000000000053 ) ) ;
#1975 =( BOUNDED_CURVE ( )  B_SPLINE_CURVE ( 2, ( #29, #2886, #262, #1702, #9, #1651, #2652 ),
 .UNSPECIFIED., .F., .T. ) 
 B_SPLINE_CURVE_WITH_KNOTS ( ( 3, 2, 2, 3 ),
 ( 0.8055555555555560243, 0.8148148148148149916, 0.8333333333333330373, 0.8404243378769790107 ),
 .UNSPECIFIED. ) 
 CURVE ( )  GEOMETRIC_REPRESENTATION_ITEM ( )  RATIONAL_B_SPLINE_CURVE ( ( 0.9330127018922189652, 0.9330127018922199644, 1.000000000000000000, 0.8660254037844389297, 1.000000000000000000, 0.9486992185931250043, 0.9366860371835139532 ) ) 
 REPRESENTATION_ITEM ( '' )  );
#1976 = ORIENTED_EDGE ( 'NONE', *, *, #2256, .T. ) ;
#1977 = CARTESIAN_POINT ( 'NONE',  ( 2.659444251809579551, 1.162044386198240069E-16, 0.1205071250000054051 ) ) ;
#1978 = CARTESIAN_POINT ( 'NONE',  ( -2.303146282015595236, 1.329722125904789776, 2.067057291666669627 ) ) ;
#1979 = CARTESIAN_POINT ( 'NONE',  ( 0.000000000000000000, 2.659444251809579551, 3.621484374999995204 ) ) ;
#1980 = CARTESIAN_POINT ( 'NONE',  ( 2.659444251809579551, -4.241462009623570299E-15, 4.911328125000000711 ) ) ;
#1981 = CARTESIAN_POINT ( 'NONE',  ( -3.174999999999999822, 0.8507386859688149672, 1.700880679751295199 ) ) ;
#1982 = CARTESIAN_POINT ( 'NONE',  ( -2.516595629040659698, -1.729495547087878782, 0.3937482153249888817 ) ) ;
#1983 = CARTESIAN_POINT ( 'NONE',  ( 2.749630657015589730, -1.587499999999999911, 0.5787760416666660745 ) ) ;
#1984 = CARTESIAN_POINT ( 'NONE',  ( 2.303146282015600121, 1.329722125904779784, 2.695442708333330106 ) ) ;
#1985 = CARTESIAN_POINT ( 'NONE',  ( -2.659444251809575555, -0.7125959395879570835, 5.343650570248698273 ) ) ;
#1986 = CARTESIAN_POINT ( 'NONE',  ( 2.052331034742969074, -1.713168198889446048, 0.01357598766525505013 ) ) ;
#1987 = DIRECTION ( 'NONE',  ( 1.000000000000000000, 0.000000000000000000, 0.000000000000000000 ) ) ;
#1988 = ORIENTED_EDGE ( 'NONE', *, *, #2634, .T. ) ;
#1989 = EDGE_CURVE ( 'NONE', #1110, #835, #2078, .T. ) ;
#1990 = FACE_BOUND ( 'NONE', #460, .T. ) ;
#1991 = ORIENTED_EDGE ( 'NONE', *, *, #102, .F. ) ;
#1992 = ADVANCED_FACE ( 'NONE', ( #696, #1644 ), #223, .T. ) ;
#1993 = CARTESIAN_POINT ( 'NONE',  ( 3.174999999999999822, 1.162044386198240119E-15, 0.6449218749999988676 ) ) ;
#1994 = CARTESIAN_POINT ( 'NONE',  ( -2.749630657015595059, -1.587499999999999911, 5.870442708333319715 ) ) ;
#1995 =( BOUNDED_CURVE ( )  B_SPLINE_CURVE ( 2, ( #754, #772, #1408, #221, #1079, #1799, #2458, #2476, #1032 ),
 .UNSPECIFIED., .F., .F. ) 
 B_SPLINE_CURVE_WITH_KNOTS ( ( 3, 2, 2, 2, 3 ),
 ( 0.4166666666666665186, 0.4259259259259259855, 0.4444444444444444753, 0.4629629629629629650, 0.4722222222222220434 ),
 .UNSPECIFIED. ) 
 CURVE ( )  GEOMETRIC_REPRESENTATION_ITEM ( )  RATIONAL_B_SPLINE_CURVE ( ( 0.9330127018922189652, 0.9330127018922199644, 1.000000000000000000, 0.8660254037844389297, 1.000000000000000000, 0.8660254037844389297, 1.000000000000000000, 0.9330127018922189652, 0.9330127018922189652 ) ) 
 REPRESENTATION_ITEM ( '' )  );
#1996 = CARTESIAN_POINT ( 'NONE',  ( 0.000000000000000000, 2.659444251809579551, 4.415234374999995381 ) ) ;
#1997 = CARTESIAN_POINT ( 'NONE',  ( 2.286000000000000032, -1.250950000000000006, 15.74800000000000111 ) ) ;
#1998 = CYLINDRICAL_SURFACE ( 'NONE', #2853, 2.659444251809579551 ) ;
#1999 = CARTESIAN_POINT ( 'NONE',  ( 1.516811951748444971E-14, 3.174999999999999822, 3.919140624999990052 ) ) ;
#2000 =( BOUNDED_CURVE ( )  B_SPLINE_CURVE ( 2, ( #1297, #2488, #2251, #1266, #2474, #2222, #379, #2686, #363 ),
 .UNSPECIFIED., .F., .T. ) 
 B_SPLINE_CURVE_WITH_KNOTS ( ( 3, 2, 2, 2, 3 ),
 ( 0.4722222222222220434, 0.4814814814814820099, 0.5000000000000000000, 0.5185185185185190448, 0.5277777777777779011 ),
 .UNSPECIFIED. ) 
 CURVE ( )  GEOMETRIC_REPRESENTATION_ITEM ( )  RATIONAL_B_SPLINE_CURVE ( ( 0.9330127018922189652, 0.9330127018922199644, 1.000000000000000000, 0.8660254037844389297, 1.000000000000000000, 0.8660254037844389297, 1.000000000000000000, 0.9330127018922189652, 0.9330127018922189652 ) ) 
 REPRESENTATION_ITEM ( '' )  );
#2001 = CARTESIAN_POINT ( 'NONE',  ( 2.659444251809579551, 1.743066579297359981E-16, 1.041796875000001954 ) ) ;
#2002 = LINE ( 'NONE', #2734, #2209 ) ;
#2003 = CARTESIAN_POINT ( 'NONE',  ( 2.659444251809579551, -1.045839947578414016E-15, 0.9425781250000039302 ) ) ;
#2004 = CARTESIAN_POINT ( 'NONE',  ( -3.175000000000005151, -0.8507386859688149672, 1.771775570248698362 ) ) ;
#2005 = CARTESIAN_POINT ( 'NONE',  ( -2.603499999999999925, -1.250950000000000006, 21.67890000000000228 ) ) ;
#2006 = VERTEX_POINT ( 'NONE', #1139 ) ;
#2007 = PLANE ( 'NONE',  #2213 ) ;
#2008 = CC_DESIGN_PERSON_AND_ORGANIZATION_ASSIGNMENT ( #1090, #1564, ( #1771 ) ) ;
#2009 = VERTEX_POINT ( 'NONE', #1396 ) ;
#2010 = CARTESIAN_POINT ( 'NONE',  ( -2.749630657015589730, 1.587499999999999911, 2.563151041666659857 ) ) ;
#2011 = CARTESIAN_POINT ( 'NONE',  ( -3.070861709354126390, 1.880360481492350803E-16, 0.5457031250000045075 ) ) ;
#2012 = EDGE_CURVE ( 'NONE', #3078, #1137, #2845, .T. ) ;
#2013 = AXIS2_PLACEMENT_3D ( 'NONE', #126, #1565, #95 ) ;
#2014 = CARTESIAN_POINT ( 'NONE',  ( -3.666174209354122304, 2.244884255301054691E-16, 0.9425781249999973799 ) ) ;
#2015 = CARTESIAN_POINT ( 'NONE',  ( 3.174999999999999822, 0.000000000000000000, 0.000000000000000000 ) ) ;
#2016 = CIRCLE ( 'NONE', #2756, 1.803399999999999892 ) ;
#2017 = DIRECTION ( 'NONE',  ( 1.000000000000000000, 0.000000000000000000, 0.000000000000000000 ) ) ;
#2018 = CARTESIAN_POINT ( 'NONE',  ( 0.2005593392913856410, -3.129630420634801347, 0.4765082991197962525 ) ) ;
#2019 = AXIS2_PLACEMENT_3D ( 'NONE', #2607, #456, #2838 ) ;
#2020 = AXIS2_PLACEMENT_3D ( 'NONE', #181, #2277, #879 ) ;
#2021 = CARTESIAN_POINT ( 'NONE',  ( -1.535430854677065859, -2.659444251809572890, 0.7772135416666692276 ) ) ;
#2022 = CARTESIAN_POINT ( 'NONE',  ( 3.175000000000003375, -0.8507386859688157443, 5.371974429751291247 ) ) ;
#2023 = CARTESIAN_POINT ( 'NONE',  ( -2.749630657015595059, 1.587499999999999911, 0.1819010416666665131 ) ) ;
#2024 = VECTOR ( 'NONE', #701, 1000.000000000000000 ) ;
#2025 = CARTESIAN_POINT ( 'NONE',  ( 2.156958271781202363, -1.587977126995051558, 0.01898857279890209943 ) ) ;
#2026 = CARTESIAN_POINT ( 'NONE',  ( 0.000000000000000000, 2.659444251809579551, 6.697265624999990230 ) ) ;
#2027 = VERTEX_POINT ( 'NONE', #1411 ) ;
#2028 = CARTESIAN_POINT ( 'NONE',  ( 2.553739841969980606, 1.654755765671696910, 6.350000000000000533 ) ) ;
#2029 = ORIENTED_EDGE ( 'NONE', *, *, #230, .T. ) ;
#2030 = CARTESIAN_POINT ( 'NONE',  ( 0.1288597674978189389, -2.786591614223142610, 0.1300708911548956459 ) ) ;
#2031 = CARTESIAN_POINT ( 'NONE',  ( 2.303146282015595236, -1.329722125904789776, 6.531901041666659857 ) ) ;
#2032 = EDGE_CURVE ( 'NONE', #1745, #1493, #2833, .T. ) ;
#2033 = DIRECTION ( 'NONE',  ( 1.000000000000000000, 1.733406087350419758E-16, 0.000000000000000000 ) ) ;
#2034 = CARTESIAN_POINT ( 'NONE',  ( 2.659444251809575555, 0.7125959395879614133, 2.664744320248698450 ) ) ;
#2035 = CYLINDRICAL_SURFACE ( 'NONE', #911, 3.174999999999999822 ) ;
#2036 = DIRECTION ( 'NONE',  ( 0.000000000000000000, 0.000000000000000000, -1.000000000000000000 ) ) ;
#2037 = ORIENTED_EDGE ( 'NONE', *, *, #790, .F. ) ;
#2038 = CARTESIAN_POINT ( 'NONE',  ( 3.174999999999999822, 1.162044386198240119E-15, 0.6449218749999989786 ) ) ;
#2039 = ORIENTED_EDGE ( 'NONE', *, *, #1971, .T. ) ;
#2040 = CARTESIAN_POINT ( 'NONE',  ( -0.9259151585172097354, -2.510928119730438723, 0.01405414039032165316 ) ) ;
#2041 = DIRECTION ( 'NONE',  ( 0.000000000000000000, 0.000000000000000000, 1.000000000000000000 ) ) ;
#2042 = DIRECTION ( 'NONE',  ( 0.000000000000000000, 0.000000000000000000, -1.000000000000000000 ) ) ;
#2043 = PERSON_AND_ORGANIZATION ( #18446744073709551615, #18446744073709551615 ) ;
#2044 = CARTESIAN_POINT ( 'NONE',  ( -3.256879890489429719E-16, -2.659444251809579551, 0.7441406250000039968 ) ) ;
#2045 = ADVANCED_FACE ( 'NONE', ( #1990, #575, #342 ), #2007, .T. ) ;
#2046 = CARTESIAN_POINT ( 'NONE',  ( 2.308376160459712612, 1.566887525996551345, 0.1304706221744370287 ) ) ;
#2047 = EDGE_LOOP ( 'NONE', ( #1034, #705, #2397, #443 ) ) ;
#2048 = CARTESIAN_POINT ( 'NONE',  ( -3.174999999999999822, 0.8507386859688255143, 4.875880679751290359 ) ) ;
#2049 = EDGE_LOOP ( 'NONE', ( #1171, #2911, #1730, #1593 ) ) ;
#2050 = ORIENTED_EDGE ( 'NONE', *, *, #2719, .F. ) ;
#2051 = CARTESIAN_POINT ( 'NONE',  ( 0.000000000000000000, 0.000000000000000000, 0.000000000000000000 ) ) ;
#2052 = CARTESIAN_POINT ( 'NONE',  ( 3.174999999999999822, -6.739857439949790084E-15, 6.201171874999990230 ) ) ;
#2053 = VECTOR ( 'NONE', #2332, 1000.000000000000000 ) ;
#2054 = COORDINATED_UNIVERSAL_TIME_OFFSET ( 10, 0, .AHEAD. ) ;
#2055 = CARTESIAN_POINT ( 'NONE',  ( -2.440723930793266661, 1.671862120335287250, 0.2983834227059285471 ) ) ;
#2056 = VECTOR ( 'NONE', #1036, 1000.000000000000000 ) ;
#2057 =( BOUNDED_CURVE ( )  B_SPLINE_CURVE ( 2, ( #2089, #1355, #2324 ),
 .UNSPECIFIED., .F., .T. ) 
 B_SPLINE_CURVE_WITH_KNOTS ( ( 3, 3 ),
 ( 0.07934343016394669601, 0.08333333333333330095 ),
 .UNSPECIFIED. ) 
 CURVE ( )  GEOMETRIC_REPRESENTATION_ITEM ( )  RATIONAL_B_SPLINE_CURVE ( ( 0.9454511066202060388, 0.9330127018922189652, 0.9330127018922189652 ) ) 
 REPRESENTATION_ITEM ( '' )  );
#2058 = CARTESIAN_POINT ( 'NONE',  ( 1.985772648084001224, 1.983710280503168999, 0.1473849280305062903 ) ) ;
#2059 = LINE ( 'NONE', #869, #769 ) ;
#2060 = VERTEX_POINT ( 'NONE', #1022 ) ;
#2061 = AXIS2_PLACEMENT_3D ( 'NONE', #2438, #299, #1247 ) ;
#2062 = CONICAL_SURFACE ( 'NONE', #2658, 5.834444251809580706, 0.7853981633974426169 ) ;
#2063 = EDGE_CURVE ( 'NONE', #409, #3060, #2016, .T. ) ;
#2064 = CARTESIAN_POINT ( 'NONE',  ( 2.145510401668680789, 2.244773641337081571, 6.350000000000000533 ) ) ;
#2065 = APPROVAL_PERSON_ORGANIZATION ( #1061, #2286, #2994 ) ;
#2066 = ORIENTED_EDGE ( 'NONE', *, *, #1950, .T. ) ;
#2067 = CARTESIAN_POINT ( 'NONE',  ( 0.1826991610877273520, -2.788898746713531551, 0.1354314570342111113 ) ) ;
#2068 = CARTESIAN_POINT ( 'NONE',  ( -1.535430854677072521, -2.659444251809572890, 2.364713541666665808 ) ) ;
#2069 = CARTESIAN_POINT ( 'NONE',  ( -2.749630657015595059, -1.587499999999999911, 0.3141927083333330706 ) ) ;
#2070 = DIRECTION ( 'NONE',  ( 1.000000000000000000, 0.000000000000000000, 0.000000000000000000 ) ) ;
#2071 =( BOUNDED_SURFACE ( )  B_SPLINE_SURFACE ( 1, 2, ( 
 ( #2352, #500, #452, #1868, #2370, #1208, #731, #2400, #196, #1635, #1668, #212, #2799, #1162, #2834, #259, #700, #468, #2619, #1176, #1683, #2164, #1383, #228, #2100, #896, #1145, #2133, #3083, #1847, #669, #1618, #484, #2574, #2334, #1433, #3052, #435, #913, #2383, #295, #90, #1762, #1040, #761, #346, #978, #41, #550, #2467, #25, #1945, #994, #278, #1963, #2449, #1242, #2696, #309, #1500, #1979, #565, #75, #1531, #745, #1466, #2896, #2648, #515, #1698, #2420, #1716, #1996, #2667, #1930, #1227, #2195, #1258, #1514, #1026, #329, #2214, #580, #534, #1485, #2929, #2712, #1748, #1275, #1733, #2181, #2434, #2232, #779, #57, #2682, #1008, #793, #2483, #2944, #809, #2914, #1292, #2882, #2031, #2260, #3029, #1152, #442 ),
 ( #2729, #923, #1359, #122, #693, #678, #1627, #887, #1841, #904, #1122, #2079, #2327, #2315, #2964, #2014, #188, #594, #2109, #1136, #660, #1858, #203, #1876, #1391, #1375, #1546, #2581, #1780, #408, #2793, #1609, #1641, #2092, #3043, #2595, #3062, #2343, #2567, #2827, #428, #2811, #644, #2980, #459, #1793, #1308, #2246, #106, #1073, #1055, #837, #825, #2498, #359, #2742, #1592, #2549, #173, #2172, #2140, #2127, #287, #2427, #1954, #2673, #237, #252, #1904, #2392, #1890, #2641, #968, #1922, #1655, #724, #707, #1724, #937, #1708, #2152, #1675, #3076, #2841, #1198, #2611, #476, #1457, #1426, #1183, #2875, #2659, #2376, #2625, #2905, #3089, #2360, #951, #2857, #739, #1691, #493, #1001, #1442, #15, #1234, #525, #508, #2408 ) ),
 .UNSPECIFIED., .F., .F., .T. ) 
 B_SPLINE_SURFACE_WITH_KNOTS ( ( 2, 2 ),
 ( 3, 2, 2, 2, 2, 2, 2, 2, 2, 2, 2, 2, 2, 2, 2, 2, 2, 2, 2, 2, 2, 2, 2, 2, 2, 2, 2, 2, 2, 2, 2, 2, 2, 2, 2, 2, 2, 2, 2, 2, 2, 2, 2, 2, 2, 2, 2, 2, 2, 2, 2, 2, 2, 2, 3 ),
 ( 0.000000000000000000, 1.000000000000000000 ),
 ( 0.000000000000000000, 0.01851851851851849667, 0.03703703703703704886, 0.05555555555555560104, 0.07407407407407409772, 0.09259259259259260133, 0.1111111111111110078, 0.1296296296296295947, 0.1481481481481480011, 0.1666666666666665186, 0.1851851851851850084, 0.2037037037037034981, 0.2222222222222219878, 0.2407407407407410049, 0.2592592592592595224, 0.2777777777777780122, 0.2962962962962965019, 0.3148148148148149916, 0.3333333333333335369, 0.3518518518518519711, 0.3703703703703705163, 0.3888888888888890061, 0.4074074074074074958, 0.4259259259259259855, 0.4444444444444444753, 0.4629629629629629650, 0.4814814814814820099, 0.5000000000000000000, 0.5185185185185190448, 0.5370370370370370905, 0.5555555555555560243, 0.5740740740740739589, 0.5925925925925930038, 0.6111111111111110494, 0.6296296296296299833, 0.6481481481481480289, 0.6666666666666670737, 0.6851851851851850084, 0.7037037037037039422, 0.7222222222222219878, 0.7407407407407410327, 0.7592592592592589673, 0.7777777777777779011, 0.7962962962962959468, 0.8148148148148149916, 0.8333333333333330373, 0.8518518518518520821, 0.8703703703703699057, 0.8888888888888889506, 0.9074074074074069962, 0.9259259259259260411, 0.9444444444444440867, 0.9629629629629630205, 0.9814814814814819544, 1.000000000000000000 ),
 .UNSPECIFIED. ) 
 GEOMETRIC_REPRESENTATION_ITEM ( )  RATIONAL_B_SPLINE_SURFACE ( (
 ( 1.000000000000000000, 0.8660254037844389297, 1.000000000000000000, 0.8660254037844389297, 1.000000000000000000, 0.8660254037844389297, 1.000000000000000000, 0.8660254037844389297, 1.000000000000000000, 0.8660254037844389297, 1.000000000000000000, 0.8660254037844389297, 1.000000000000000000, 0.8660254037844389297, 1.000000000000000000, 0.8660254037844389297, 1.000000000000000000, 0.8660254037844389297, 1.000000000000000000, 0.8660254037844389297, 1.000000000000000000, 0.8660254037844389297, 1.000000000000000000, 0.8660254037844389297, 1.000000000000000000, 0.8660254037844389297, 1.000000000000000000, 0.8660254037844389297, 1.000000000000000000, 0.8660254037844389297, 1.000000000000000000, 0.8660254037844389297, 1.000000000000000000, 0.8660254037844389297, 1.000000000000000000, 0.8660254037844389297, 1.000000000000000000, 0.8660254037844389297, 1.000000000000000000, 0.8660254037844389297, 1.000000000000000000, 0.8660254037844389297, 1.000000000000000000, 0.8660254037844389297, 1.000000000000000000, 0.8660254037844389297, 1.000000000000000000, 0.8660254037844389297, 1.000000000000000000, 0.8660254037844389297, 1.000000000000000000, 0.8660254037844389297, 1.000000000000000000, 0.8660254037844389297, 1.000000000000000000, 0.8660254037844389297, 1.000000000000000000, 0.8660254037844389297, 1.000000000000000000, 0.8660254037844389297, 1.000000000000000000, 0.8660254037844389297, 1.000000000000000000, 0.8660254037844389297, 1.000000000000000000, 0.8660254037844389297, 1.000000000000000000, 0.8660254037844389297, 1.000000000000000000, 0.8660254037844389297, 1.000000000000000000, 0.8660254037844389297, 1.000000000000000000, 0.8660254037844389297, 1.000000000000000000, 0.8660254037844389297, 1.000000000000000000, 0.8660254037844389297, 1.000000000000000000, 0.8660254037844389297, 1.000000000000000000, 0.8660254037844389297, 1.000000000000000000, 0.8660254037844389297, 1.000000000000000000, 0.8660254037844389297, 1.000000000000000000, 0.8660254037844389297, 1.000000000000000000, 0.8660254037844389297, 1.000000000000000000, 0.8660254037844389297, 1.000000000000000000, 0.8660254037844389297, 1.000000000000000000, 0.8660254037844389297, 1.000000000000000000, 0.8660254037844389297, 1.000000000000000000, 0.8660254037844389297, 1.000000000000000000, 0.8660254037844389297, 1.000000000000000000, 0.8660254037844389297, 1.000000000000000000, 0.8660254037844389297, 1.000000000000000000, 0.8660254037844389297, 1.000000000000000000),
 ( 1.000000000000000000, 0.8660254037844389297, 1.000000000000000000, 0.8660254037844389297, 1.000000000000000000, 0.8660254037844389297, 1.000000000000000000, 0.8660254037844389297, 1.000000000000000000, 0.8660254037844389297, 1.000000000000000000, 0.8660254037844389297, 1.000000000000000000, 0.8660254037844389297, 1.000000000000000000, 0.8660254037844389297, 1.000000000000000000, 0.8660254037844389297, 1.000000000000000000, 0.8660254037844389297, 1.000000000000000000, 0.8660254037844389297, 1.000000000000000000, 0.8660254037844389297, 1.000000000000000000, 0.8660254037844389297, 1.000000000000000000, 0.8660254037844389297, 1.000000000000000000, 0.8660254037844389297, 1.000000000000000000, 0.8660254037844389297, 1.000000000000000000, 0.8660254037844389297, 1.000000000000000000, 0.8660254037844389297, 1.000000000000000000, 0.8660254037844389297, 1.000000000000000000, 0.8660254037844389297, 1.000000000000000000, 0.8660254037844389297, 1.000000000000000000, 0.8660254037844389297, 1.000000000000000000, 0.8660254037844389297, 1.000000000000000000, 0.8660254037844389297, 1.000000000000000000, 0.8660254037844389297, 1.000000000000000000, 0.8660254037844389297, 1.000000000000000000, 0.8660254037844389297, 1.000000000000000000, 0.8660254037844389297, 1.000000000000000000, 0.8660254037844389297, 1.000000000000000000, 0.8660254037844389297, 1.000000000000000000, 0.8660254037844389297, 1.000000000000000000, 0.8660254037844389297, 1.000000000000000000, 0.8660254037844389297, 1.000000000000000000, 0.8660254037844389297, 1.000000000000000000, 0.8660254037844389297, 1.000000000000000000, 0.8660254037844389297, 1.000000000000000000, 0.8660254037844389297, 1.000000000000000000, 0.8660254037844389297, 1.000000000000000000, 0.8660254037844389297, 1.000000000000000000, 0.8660254037844389297, 1.000000000000000000, 0.8660254037844389297, 1.000000000000000000, 0.8660254037844389297, 1.000000000000000000, 0.8660254037844389297, 1.000000000000000000, 0.8660254037844389297, 1.000000000000000000, 0.8660254037844389297, 1.000000000000000000, 0.8660254037844389297, 1.000000000000000000, 0.8660254037844389297, 1.000000000000000000, 0.8660254037844389297, 1.000000000000000000, 0.8660254037844389297, 1.000000000000000000, 0.8660254037844389297, 1.000000000000000000, 0.8660254037844389297, 1.000000000000000000, 0.8660254037844389297, 1.000000000000000000, 0.8660254037844389297, 1.000000000000000000, 0.8660254037844389297, 1.000000000000000000) ) ) 
 REPRESENTATION_ITEM ( '' )  SURFACE ( )  );
#2072 = PERSON_AND_ORGANIZATION ( #18446744073709551615, #18446744073709551615 ) ;
#2073 = CARTESIAN_POINT ( 'NONE',  ( -1.154986172322195692, 2.672997703342213871, 0.2524070907102996530 ) ) ;
#2074 = CARTESIAN_POINT ( 'NONE',  ( 2.521713010810380684, 1.164325474586714648, 0.1165983550962217258 ) ) ;
#2075 = CARTESIAN_POINT ( 'NONE',  ( -2.303146282015589907, 1.329722125904795993, 5.341276041666659147 ) ) ;
#2076 = ORIENTED_EDGE ( 'NONE', *, *, #529, .F. ) ;
#2077 = CYLINDRICAL_SURFACE ( 'NONE', #1520, 3.937000000000000277 ) ;
#2078 =( BOUNDED_CURVE ( )  B_SPLINE_CURVE ( 2, ( #2157, #479, #1908, #940, #3046, #2365, #906, #742, #2331 ),
 .UNSPECIFIED., .F., .F. ) 
 B_SPLINE_CURVE_WITH_KNOTS ( ( 3, 2, 2, 2, 3 ),
 ( 0.5277777777777779011, 0.5370370370370370905, 0.5555555555555560243, 0.5740740740740739589, 0.5833333333333330373 ),
 .UNSPECIFIED. ) 
 CURVE ( )  GEOMETRIC_REPRESENTATION_ITEM ( )  RATIONAL_B_SPLINE_CURVE ( ( 0.9330127018922189652, 0.9330127018922189652, 1.000000000000000000, 0.8660254037844389297, 1.000000000000000000, 0.8660254037844389297, 1.000000000000000000, 0.9330127018922189652, 0.9330127018922189652 ) ) 
 REPRESENTATION_ITEM ( '' )  );
#2079 = CARTESIAN_POINT ( 'NONE',  ( 1.833087104677061152, 3.174999999999995826, 0.6779947916666649865 ) ) ;
#2080 = EDGE_CURVE ( 'NONE', #2547, #2210, #2939, .T. ) ;
#2081 = VERTEX_POINT ( 'NONE', #1494 ) ;
#2082 = CARTESIAN_POINT ( 'NONE',  ( -0.2847403262944833147, -2.733064774797028917, 0.08828578485388238750 ) ) ;
#2083 = EDGE_CURVE ( 'NONE', #973, #1606, #757, .T. ) ;
#2084 = CARTESIAN_POINT ( 'NONE',  ( -2.659444251809577775, 0.7125959395879696290, 0.6094744297513022824 ) ) ;
#2085 = CARTESIAN_POINT ( 'NONE',  ( -1.833087104677061152, 3.175000000000002043, 0.1157552083333330678 ) ) ;
#2086 = PLANE ( 'NONE',  #2111 ) ;
#2087 = CARTESIAN_POINT ( 'NONE',  ( -2.766034769529571502, 1.094146966025549172, 0.3151123391574762178 ) ) ;
#2088 = CARTESIAN_POINT ( 'NONE',  ( 0.000000000000000000, 2.879601836198494968, 0.2201575843889225226 ) ) ;
#2089 = CARTESIAN_POINT ( 'NONE',  ( 3.091459064387720002, -0.7235370434297110354, 0.5155557481904280426 ) ) ;
#2090 = ORIENTED_EDGE ( 'NONE', *, *, #2716, .F. ) ;
#2091 = CARTESIAN_POINT ( 'NONE',  ( 3.174999999999999822, -9.354457308895818617E-15, 3.819921874999990141 ) ) ;
#2092 = CARTESIAN_POINT ( 'NONE',  ( 3.666174209354122304, -6.734652765903157171E-16, 2.133203124999992095 ) ) ;
#2093 = ORIENTED_EDGE ( 'NONE', *, *, #672, .T. ) ;
#2094 = CYLINDRICAL_SURFACE ( 'NONE', #2606, 2.659444251809579551 ) ;
#2095 = CARTESIAN_POINT ( 'NONE',  ( 2.821030357338279781, -1.318220428959946622, 0.4543780416674114697 ) ) ;
#2096 = ORIENTED_EDGE ( 'NONE', *, *, #1850, .T. ) ;
#2097 = FACE_OUTER_BOUND ( 'NONE', #2325, .T. ) ;
#2098 = CARTESIAN_POINT ( 'NONE',  ( -2.749630657015595059, 1.587499999999999911, 0.9756510416666649421 ) ) ;
#2099 = EDGE_CURVE ( 'NONE', #98, #2816, #1728, .T. ) ;
#2100 = CARTESIAN_POINT ( 'NONE',  ( 0.000000000000000000, 2.659444251809579551, 1.240234375000001998 ) ) ;
#2101 = CARTESIAN_POINT ( 'NONE',  ( 1.535430854677063195, -2.659444251809578219, -0.03066520833332734078 ) ) ;
#2102 = CARTESIAN_POINT ( 'NONE',  ( -0.9169707360435167542, 2.765826310645128849, 0.2451060484070750889 ) ) ;
#2103 = FACE_OUTER_BOUND ( 'NONE', #1801, .T. ) ;
#2104 = CIRCLE ( 'NONE', #1865, 4.000499999999999723 ) ;
#2105 = CARTESIAN_POINT ( 'NONE',  ( 0.000000000000000000, 0.000000000000000000, 8.762999999999999901 ) ) ;
#2106 = ORIENTED_EDGE ( 'NONE', *, *, #2924, .F. ) ;
#2107 = AXIS2_PLACEMENT_3D ( 'NONE', #2319, #433, #1142 ) ;
#2108 = CARTESIAN_POINT ( 'NONE',  ( 3.174999999999999822, -0.8507386859688149672, 3.784474429751294444 ) ) ;
#2109 = CARTESIAN_POINT ( 'NONE',  ( -3.888253587292845095E-16, -3.174999999999999822, 1.141015624999998090 ) ) ;
#2110 = AXIS2_PLACEMENT_3D ( 'NONE', #2105, #674, #1873 ) ;
#2111 = AXIS2_PLACEMENT_3D ( 'NONE', #1384, #2033, #2542 ) ;
#2112 = ORIENTED_EDGE ( 'NONE', *, *, #467, .T. ) ;
#2113 = CARTESIAN_POINT ( 'NONE',  ( 2.749630657015584845, -1.587499999999999911, 6.135026041666659324 ) ) ;
#2114 = CARTESIAN_POINT ( 'NONE',  ( -2.303146282015600121, -1.329722125904779784, 4.679817708333329662 ) ) ;
#2115 = APPROVAL_PERSON_ORGANIZATION ( #2043, #890, #880 ) ;
#2116 = ORIENTED_EDGE ( 'NONE', *, *, #2155, .F. ) ;
#2117 = CARTESIAN_POINT ( 'NONE',  ( 2.605503912391539831E-15, 2.659444251809579551, 3.522265624999999734 ) ) ;
#2118 = CARTESIAN_POINT ( 'NONE',  ( 1.833087104677061152, -3.175000000000002043, 2.100130208333329751 ) ) ;
#2119 = EDGE_LOOP ( 'NONE', ( #675, #1398, #2750, #1572 ) ) ;
#2120 = DIRECTION ( 'NONE',  ( -1.000000000000000000, 0.000000000000000000, 0.000000000000000000 ) ) ;
#2121 = CARTESIAN_POINT ( 'NONE',  ( 2.659444251809577775, -0.7125959395879686298, 0.9071306797513036813 ) ) ;
#2122 = CARTESIAN_POINT ( 'NONE',  ( 3.174999999999999822, -6.739857439949790084E-15, 6.101953124999989875 ) ) ;
#2123 = EDGE_CURVE ( 'NONE', #1606, #2860, #1222, .T. ) ;
#2124 = CARTESIAN_POINT ( 'NONE',  ( 3.174999999999999822, 1.162044386198240119E-15, 0.5457031249999989564 ) ) ;
#2125 = ORIENTED_EDGE ( 'NONE', *, *, #1516, .T. ) ;
#2126 = CARTESIAN_POINT ( 'NONE',  ( -3.174999999999999822, 4.648177544792960277E-16, 1.041796874999997957 ) ) ;
#2127 = CARTESIAN_POINT ( 'NONE',  ( -1.833087104677061152, 3.175000000000002043, 3.985286458333325399 ) ) ;
#2128 = CARTESIAN_POINT ( 'NONE',  ( 2.303146282015595236, 1.329722125904786001, 2.596223958333335080 ) ) ;
#2129 = EDGE_LOOP ( 'NONE', ( #440, #315, #1775, #480 ) ) ;
#2130 = DIRECTION ( 'NONE',  ( 0.000000000000000000, 0.000000000000000000, 1.000000000000000000 ) ) ;
#2131 = ORIENTED_EDGE ( 'NONE', *, *, #2961, .T. ) ;
#2132 = CARTESIAN_POINT ( 'NONE',  ( 0.000000000000000000, 3.174999999999999822, 3.224609374999995115 ) ) ;
#2133 = CARTESIAN_POINT ( 'NONE',  ( -3.070861709354126390, 1.880360481492350803E-16, 1.438671875000001377 ) ) ;
#2134 = CARTESIAN_POINT ( 'NONE',  ( 1.833087104677061152, 3.175000000000002043, -0.02597679166666649539 ) ) ;
#2135 = CARTESIAN_POINT ( 'NONE',  ( -1.833087104677060930, 3.175000000000002043, 3.191536458333323889 ) ) ;
#2136 = CARTESIAN_POINT ( 'NONE',  ( 2.659444251809579551, -7.843799606838110052E-15, 3.423046874999994937 ) ) ;
#2137 = CARTESIAN_POINT ( 'NONE',  ( -1.535430854677058976, 2.659444251809578219, 1.306380208333335124 ) ) ;
#2138 = ORIENTED_EDGE ( 'NONE', *, *, #2242, .T. ) ;
#2139 = EDGE_CURVE ( 'NONE', #2060, #409, #861, .T. ) ;
#2140 = CARTESIAN_POINT ( 'NONE',  ( 0.000000000000000000, 3.174999999999999822, 3.919140624999990052 ) ) ;
#2141 = CARTESIAN_POINT ( 'NONE',  ( 2.303146282015595236, -1.329722125904789776, 3.257682291666665453 ) ) ;
#2142 = EDGE_LOOP ( 'NONE', ( #222, #406, #2160, #848 ) ) ;
#2143 = CARTESIAN_POINT ( 'NONE',  ( 2.650002201677989166, -1.581168063843986671, 0.4264128368161741456 ) ) ;
#2144 = ORIENTED_EDGE ( 'NONE', *, *, #311, .F. ) ;
#2145 = CARTESIAN_POINT ( 'NONE',  ( -2.659444251809577775, -0.7125959395879642999, 2.168650570248704224 ) ) ;
#2146 = CARTESIAN_POINT ( 'NONE',  ( 3.666174209354122304, -6.734652765903157171E-16, 5.407421874999985612 ) ) ;
#2147 = EDGE_LOOP ( 'NONE', ( #2316, #154, #577, #1935 ) ) ;
#2148 = CARTESIAN_POINT ( 'NONE',  ( -2.749630657015595059, 1.587499999999999911, -0.7062522916666650330 ) ) ;
#2149 = CARTESIAN_POINT ( 'NONE',  ( -2.659444251809577775, 0.7125959395879696290, 1.304005679751302216 ) ) ;
#2150 = DIRECTION ( 'NONE',  ( 1.000000000000000000, 0.000000000000000000, 0.000000000000000000 ) ) ;
#2151 = CARTESIAN_POINT ( 'NONE',  ( -1.633459559367229821E-14, -3.174999999999999822, 5.109765624999989875 ) ) ;
#2152 = CARTESIAN_POINT ( 'NONE',  ( 2.749630657015589730, -1.587499999999999911, 5.242057291666659680 ) ) ;
#2153 = CARTESIAN_POINT ( 'NONE',  ( -3.070861709354126390, 1.880360481492350803E-16, 5.308203124999994138 ) ) ;
#2154 = EDGE_LOOP ( 'NONE', ( #2624, #2096, #2039, #2169, #1713 ) ) ;
#2155 = EDGE_CURVE ( 'NONE', #495, #559, #290, .T. ) ;
#2156 = CIRCLE ( 'NONE', #1856, 3.937000000000000277 ) ;
#2157 = CARTESIAN_POINT ( 'NONE',  ( 2.659444251809579551, -7.843799606838110052E-15, 4.117578124999995204 ) ) ;
#2158 = AXIS2_PLACEMENT_3D ( 'NONE', #2333, #179, #2489 ) ;
#2159 =( BOUNDED_CURVE ( )  B_SPLINE_CURVE ( 2, ( #1937, #2889, #753, #1706, #1490, #2440, #1250, #1267, #2223 ),
 .UNSPECIFIED., .F., .F. ) 
 B_SPLINE_CURVE_WITH_KNOTS ( ( 3, 2, 2, 2, 3 ),
 ( 0.7500000000000000000, 0.7592592592592589673, 0.7777777777777779011, 0.7962962962962959468, 0.8055555555555560243 ),
 .UNSPECIFIED. ) 
 CURVE ( )  GEOMETRIC_REPRESENTATION_ITEM ( )  RATIONAL_B_SPLINE_CURVE ( ( 0.9330127018922189652, 0.9330127018922199644, 1.000000000000000000, 0.8660254037844389297, 1.000000000000000000, 0.8660254037844389297, 1.000000000000000000, 0.9330127018922189652, 0.9330127018922189652 ) ) 
 REPRESENTATION_ITEM ( '' )  );
#2160 = ORIENTED_EDGE ( 'NONE', *, *, #1108, .F. ) ;
#2161 = EDGE_CURVE ( 'NONE', #2893, #2295, #323, .T. ) ;
#2162 = CARTESIAN_POINT ( 'NONE',  ( 1.833087104677060930, -3.175000000000002043, 4.382161458333320603 ) ) ;
#2163 = CARTESIAN_POINT ( 'NONE',  ( -1.833087104677061152, -3.174999999999995826, 4.349088541666653818 ) ) ;
#2164 = CARTESIAN_POINT ( 'NONE',  ( 3.070861709354126390, -5.641081444477046245E-16, 1.041796875000001510 ) ) ;
#2165 = CARTESIAN_POINT ( 'NONE',  ( 3.937000000000000277, 4.821434448243130364E-16, 15.74800000000000111 ) ) ;
#2166 = CARTESIAN_POINT ( 'NONE',  ( -4.000499999999999723, 4.899199519988989770E-16, 8.762999999999999901 ) ) ;
#2167 = CARTESIAN_POINT ( 'NONE',  ( 3.175000000000002043, 0.8507386859688010894, 6.137400570248687792 ) ) ;
#2168 = CARTESIAN_POINT ( 'NONE',  ( 1.803399999999999892, 2.208528037582335310E-16, -3.556000000000000050 ) ) ;
#2169 = ORIENTED_EDGE ( 'NONE', *, *, #1372, .T. ) ;
#2170 = DIRECTION ( 'NONE',  ( 0.000000000000000000, 0.000000000000000000, 1.000000000000000000 ) ) ;
#2171 = CARTESIAN_POINT ( 'NONE',  ( -2.659444251809577775, 0.7125959395879696290, 2.196974429751297198 ) ) ;
#2172 = CARTESIAN_POINT ( 'NONE',  ( 1.833087104677061152, 3.174999999999995826, 3.852994791666655150 ) ) ;
#2173 = CARTESIAN_POINT ( 'NONE',  ( -1.535430854677063195, -2.659444251809578219, 4.646744791666663765 ) ) ;
#2174 = ORIENTED_EDGE ( 'NONE', *, *, #151, .T. ) ;
#2175 = CARTESIAN_POINT ( 'NONE',  ( 2.214579501302436970, -1.681827131972805089, 6.349999999999999645 ) ) ;
#2176 = ORIENTED_EDGE ( 'NONE', *, *, #2080, .T. ) ;
#2177 = CARTESIAN_POINT ( 'NONE',  ( -1.833087104677060930, -3.174999999999995826, 4.249869791666657015 ) ) ;
#2178 = CARTESIAN_POINT ( 'NONE',  ( 1.833087104677061152, -3.175000000000002043, 3.687630208333322113 ) ) ;
#2179 =( BOUNDED_CURVE ( )  B_SPLINE_CURVE ( 2, ( #713, #2145, #1927, #2880, #1633, #2630, #683, #1159, #3 ),
 .UNSPECIFIED., .F., .F. ) 
 B_SPLINE_CURVE_WITH_KNOTS ( ( 3, 2, 2, 2, 3 ),
 ( 0.2500000000000000000, 0.2592592592592595224, 0.2777777777777780122, 0.2962962962962965019, 0.3055555555555554692 ),
 .UNSPECIFIED. ) 
 CURVE ( )  GEOMETRIC_REPRESENTATION_ITEM ( )  RATIONAL_B_SPLINE_CURVE ( ( 0.9330127018922189652, 0.9330127018922189652, 1.000000000000000000, 0.8660254037844389297, 1.000000000000000000, 0.8660254037844389297, 1.000000000000000000, 0.9330127018922189652, 0.9330127018922189652 ) ) 
 REPRESENTATION_ITEM ( '' )  );
#2180 = EDGE_CURVE ( 'NONE', #447, #2629, #2413, .T. ) ;
#2181 = CARTESIAN_POINT ( 'NONE',  ( -3.256879890489429719E-16, -2.659444251809579551, 5.605859374999989875 ) ) ;
#2182 = FACE_OUTER_BOUND ( 'NONE', #2192, .T. ) ;
#2183 = CARTESIAN_POINT ( 'NONE',  ( -2.659444251809579551, 2.905110965495594380E-16, 1.339453125000001910 ) ) ;
#2184 = CARTESIAN_POINT ( 'NONE',  ( 2.659444251809577775, -0.7125959395879696290, 1.700880679751300750 ) ) ;
#2185 = CARTESIAN_POINT ( 'NONE',  ( 3.175000000000002043, 0.8507386859688021996, 4.649119320248687792 ) ) ;
#2186 = CARTESIAN_POINT ( 'NONE',  ( -2.659444251809577775, -0.7125959395879642999, 1.474119320248701293 ) ) ;
#2187 = CARTESIAN_POINT ( 'NONE',  ( 2.659444251809575555, 0.7125959395879623015, 1.870994320248697829 ) ) ;
#2188 = DIRECTION ( 'NONE',  ( 0.000000000000000000, 0.000000000000000000, 1.000000000000000000 ) ) ;
#2189 = CARTESIAN_POINT ( 'NONE',  ( -3.070861709354126390, 1.880360481492350803E-16, 6.101953124999996092 ) ) ;
#2190 = EDGE_LOOP ( 'NONE', ( #87, #2037, #589, #1583 ) ) ;
#2191 = DIRECTION ( 'NONE',  ( 0.000000000000000000, 0.000000000000000000, 1.000000000000000000 ) ) ;
#2192 = EDGE_LOOP ( 'NONE', ( #2596, #142, #1959, #207 ) ) ;
#2193 = CARTESIAN_POINT ( 'NONE',  ( -3.174999999999999822, 3.486133158594715622E-15, 1.835546874999995026 ) ) ;
#2194 = CARTESIAN_POINT ( 'NONE',  ( -3.256879890489429719E-16, -2.659444251809579551, 2.331640624999999911 ) ) ;
#2195 = CARTESIAN_POINT ( 'NONE',  ( -2.303146282015595236, -1.329722125904787777, 4.679817708333329662 ) ) ;
#2196 = CARTESIAN_POINT ( 'NONE',  ( -1.535430854677063195, -2.659444251809578219, 4.646744791666661989 ) ) ;
#2197 = EDGE_CURVE ( 'NONE', #941, #1581, #1050, .T. ) ;
#2198 =( BOUNDED_CURVE ( )  B_SPLINE_CURVE ( 2, ( #1082, #2738, #1543, #407, #2255, #2752, #643, #2312, #1591 ),
 .UNSPECIFIED., .F., .F. ) 
 B_SPLINE_CURVE_WITH_KNOTS ( ( 3, 2, 2, 2, 3 ),
 ( 0.1944444444444445030, 0.2037037037037034981, 0.2222222222222219878, 0.2407407407407410049, 0.2500000000000000000 ),
 .UNSPECIFIED. ) 
 CURVE ( )  GEOMETRIC_REPRESENTATION_ITEM ( )  RATIONAL_B_SPLINE_CURVE ( ( 0.9330127018922189652, 0.9330127018922189652, 1.000000000000000000, 0.8660254037844389297, 1.000000000000000000, 0.8660254037844389297, 1.000000000000000000, 0.9330127018922189652, 0.9330127018922189652 ) ) 
 REPRESENTATION_ITEM ( '' )  );
#2199 = DIRECTION ( 'NONE',  ( 0.000000000000000000, 0.000000000000000000, 1.000000000000000000 ) ) ;
#2200 = CARTESIAN_POINT ( 'NONE',  ( 0.4933557358545000437, -3.106220128372624067, 0.4837423331824121098 ) ) ;
#2201 = LINE ( 'NONE', #813, #1965 ) ;
#2202 = ORIENTED_EDGE ( 'NONE', *, *, #1051, .T. ) ;
#2203 = FACE_OUTER_BOUND ( 'NONE', #193, .T. ) ;
#2204 = CARTESIAN_POINT ( 'NONE',  ( 0.000000000000000000, 0.000000000000000000, 6.349999999999999645 ) ) ;
#2205 = CARTESIAN_POINT ( 'NONE',  ( 2.659444251809579551, 1.162044386198240069E-16, 0.1205071250000054051 ) ) ;
#2206 = DIRECTION ( 'NONE',  ( 0.000000000000000000, 0.000000000000000000, 1.000000000000000000 ) ) ;
#2207 = ORIENTED_EDGE ( 'NONE', *, *, #1829, .T. ) ;
#2208 = DIRECTION ( 'NONE',  ( 0.000000000000000000, 0.000000000000000000, 1.000000000000000000 ) ) ;
#2209 = VECTOR ( 'NONE', #1078, 1000.000000000000000 ) ;
#2210 = VERTEX_POINT ( 'NONE', #2444 ) ;
#2211 = DIRECTION ( 'NONE',  ( 0.000000000000000000, 0.000000000000000000, 1.000000000000000000 ) ) ;
#2212 = CARTESIAN_POINT ( 'NONE',  ( 0.000000000000000000, 3.174999999999999822, 7.193359374999979572 ) ) ;
#2213 = AXIS2_PLACEMENT_3D ( 'NONE', #1941, #2191, #53 ) ;
#2214 = CARTESIAN_POINT ( 'NONE',  ( 3.070861709354126390, -5.641081444477046245E-16, 5.010546874999991296 ) ) ;
#2215 = CARTESIAN_POINT ( 'NONE',  ( -3.070861709354126390, -5.641081444477046245E-16, -0.3330098749999930163 ) ) ;
#2216 = CIRCLE ( 'NONE', #120, 0.7620000000000005658 ) ;
#2217 = CARTESIAN_POINT ( 'NONE',  ( 0.000000000000000000, 0.000000000000000000, 0.5155557481904280426 ) ) ;
#2218 = EDGE_CURVE ( 'NONE', #2006, #2364, #1878, .T. ) ;
#2219 = CARTESIAN_POINT ( 'NONE',  ( 2.659444251809579551, 0.000000000000000000, 0.000000000000000000 ) ) ;
#2220 = CARTESIAN_POINT ( 'NONE',  ( 2.343021531002740687, -2.291767665075438831, 0.5494315556218565266 ) ) ;
#2221 = ORIENTED_EDGE ( 'NONE', *, *, #672, .F. ) ;
#2222 = CARTESIAN_POINT ( 'NONE',  ( 1.535430854677056534, -2.659444251809578219, 3.985286458333331616 ) ) ;
#2223 = CARTESIAN_POINT ( 'NONE',  ( -3.174999999999999822, 7.088470755809258136E-15, 5.705078124999990230 ) ) ;
#2224 = EDGE_CURVE ( 'NONE', #2241, #2578, #1631, .T. ) ;
#2225 = CARTESIAN_POINT ( 'NONE',  ( 1.769268856503220189, -1.985530519002615346, 0.000000000000000000 ) ) ;
#2226 = LINE ( 'NONE', #2689, #1316 ) ;
#2227 = ORIENTED_EDGE ( 'NONE', *, *, #402, .F. ) ;
#2228 = CARTESIAN_POINT ( 'NONE',  ( 1.906972165911358985, -1.977591629338408152, 6.350000000000000533 ) ) ;
#2229 = EDGE_LOOP ( 'NONE', ( #2202, #512 ) ) ;
#2230 = DIRECTION ( 'NONE',  ( 1.000000000000000000, 0.000000000000000000, 0.000000000000000000 ) ) ;
#2231 = CARTESIAN_POINT ( 'NONE',  ( 2.749630657015595059, 1.587499999999999911, 6.267317708333320248 ) ) ;
#2232 = CARTESIAN_POINT ( 'NONE',  ( 2.303146282015595236, -1.329722125904789776, 5.738151041666659680 ) ) ;
#2233 = CARTESIAN_POINT ( 'NONE',  ( 0.000000000000000000, 0.000000000000000000, 8.762999999999999901 ) ) ;
#2234 = DIRECTION ( 'NONE',  ( 0.000000000000000000, 0.000000000000000000, 1.000000000000000000 ) ) ;
#2235 = CARTESIAN_POINT ( 'NONE',  ( -3.005406170135325183, -1.085448230481982242E-11, 0.3459619183257489627 ) ) ;
#2236 = CARTESIAN_POINT ( 'NONE',  ( -2.659444251809579551, 5.287301957201990232E-15, 5.308203125000000355 ) ) ;
#2237 = FACE_OUTER_BOUND ( 'NONE', #2571, .T. ) ;
#2238 = CARTESIAN_POINT ( 'NONE',  ( 2.286000000000000032, -1.250950000000000006, 21.67890000000000228 ) ) ;
#2239 = DIRECTION ( 'NONE',  ( 0.000000000000000000, 0.000000000000000000, 1.000000000000000000 ) ) ;
#2240 = DIRECTION ( 'NONE',  ( 1.733406087350419758E-16, -1.000000000000000000, 0.000000000000000000 ) ) ;
#2241 = VERTEX_POINT ( 'NONE', #1790 ) ;
#2242 = EDGE_CURVE ( 'NONE', #2863, #2568, #2198, .T. ) ;
#2243 = DIRECTION ( 'NONE',  ( 0.000000000000000000, 0.000000000000000000, -1.000000000000000000 ) ) ;
#2244 = ORIENTED_EDGE ( 'NONE', *, *, #134, .T. ) ;
#2245 = CARTESIAN_POINT ( 'NONE',  ( -3.666174209354122304, 2.244884255301054691E-16, 5.804296874999986144 ) ) ;
#2246 = CARTESIAN_POINT ( 'NONE',  ( 1.833087104677061152, 3.174999999999995826, 3.059244791666659413 ) ) ;
#2247 = DIRECTION ( 'NONE',  ( 0.000000000000000000, 0.000000000000000000, 1.000000000000000000 ) ) ;
#2248 = DIRECTION ( 'NONE',  ( 1.000000000000000000, 0.000000000000000000, 0.000000000000000000 ) ) ;
#2249 = CARTESIAN_POINT ( 'NONE',  ( 0.6159258311126203367, -3.088429198414795351, 0.4868638766896432046 ) ) ;
#2250 = PERSON_AND_ORGANIZATION_ROLE ( 'design_owner' ) ;
#2251 = CARTESIAN_POINT ( 'NONE',  ( -2.303146282015600121, -1.329722125904779784, 3.786848958333330017 ) ) ;
#2252 = CARTESIAN_POINT ( 'NONE',  ( -2.603499999999999925, 1.250950000000000006, 21.67890000000000228 ) ) ;
#2253 = CARTESIAN_POINT ( 'NONE',  ( -3.005406170135325183, -1.085448230481982242E-11, 0.3459619183257489627 ) ) ;
#2254 = ORIENTED_EDGE ( 'NONE', *, *, #2472, .F. ) ;
#2255 = CARTESIAN_POINT ( 'NONE',  ( 1.302751956195769915E-15, 2.659444251809579551, 1.934765625000000044 ) ) ;
#2256 = EDGE_CURVE ( 'NONE', #1557, #1473, #2524, .T. ) ;
#2257 = ORIENTED_EDGE ( 'NONE', *, *, #1372, .F. ) ;
#2258 = CARTESIAN_POINT ( 'NONE',  ( -1.833087104677060930, 3.175000000000002043, 0.9095052083333319271 ) ) ;
#2259 = CIRCLE ( 'NONE', #616, 2.057399999999999896 ) ;
#2260 = CARTESIAN_POINT ( 'NONE',  ( 3.070861709354126390, -5.641081444477046245E-16, 6.598046874999987210 ) ) ;
#2261 = ADVANCED_FACE ( 'NONE', ( #617 ), #2548, .T. ) ;
#2262 = CIRCLE ( 'NONE', #1566, 3.937000000000000277 ) ;
#2263 = CARTESIAN_POINT ( 'NONE',  ( -4.000499999999999723, 5.365789950464129446E-16, 9.525000000000000355 ) ) ;
#2264 = CARTESIAN_POINT ( 'NONE',  ( -2.603027612045534234, -1.587870787691648466, 0.3896632238667481207 ) ) ;
#2265 = AXIS2_PLACEMENT_3D ( 'NONE', #365, #2036, #1741 ) ;
#2266 = AXIS2_PLACEMENT_3D ( 'NONE', #2437, #1768, #1736 ) ;
#2267 = CARTESIAN_POINT ( 'NONE',  ( -2.659444251809579551, -1.045839947578414016E-15, 3.026171874999994849 ) ) ;
#2268 = CARTESIAN_POINT ( 'NONE',  ( -7.584059758742220120E-15, -3.174999999999999822, 1.934765624999995159 ) ) ;
#2269 = CARTESIAN_POINT ( 'NONE',  ( 3.070861709354126390, -5.641081444477046245E-16, 7.292578124999987921 ) ) ;
#2270 = ORIENTED_EDGE ( 'NONE', *, *, #2448, .F. ) ;
#2271 = DIRECTION ( 'NONE',  ( 0.000000000000000000, 0.000000000000000000, 1.000000000000000000 ) ) ;
#2272 = EDGE_LOOP ( 'NONE', ( #1195, #2640, #1826, #1376 ) ) ;
#2273 = CARTESIAN_POINT ( 'NONE',  ( -3.174999999999996714, -0.8507386859688139680, 3.359275570248691611 ) ) ;
#2274 = EDGE_LOOP ( 'NONE', ( #235, #2708, #1342, #1914, #1924 ) ) ;
#2275 = DIRECTION ( 'NONE',  ( 0.000000000000000000, 0.000000000000000000, 1.000000000000000000 ) ) ;
#2276 = ADVANCED_FACE ( 'NONE', ( #604 ), #2077, .T. ) ;
#2277 = DIRECTION ( 'NONE',  ( 0.000000000000000000, 0.000000000000000000, 1.000000000000000000 ) ) ;
#2278 = PERSON_AND_ORGANIZATION_ROLE ( 'classification_officer' ) ;
#2279 = CARTESIAN_POINT ( 'NONE',  ( -2.303146282015595236, -1.329722125904787777, 0.6118489583333379667 ) ) ;
#2280 = CARTESIAN_POINT ( 'NONE',  ( 2.560012502720338645, 1.064867186913038166, 0.1132068795792342542 ) ) ;
#2281 = DIRECTION ( 'NONE',  ( 0.000000000000000000, 0.000000000000000000, -1.000000000000000000 ) ) ;
#2282 = ORIENTED_EDGE ( 'NONE', *, *, #1287, .T. ) ;
#2283 = CARTESIAN_POINT ( 'NONE',  ( 0.000000000000000000, 0.000000000000000000, 15.74800000000000111 ) ) ;
#2284 = ORIENTED_EDGE ( 'NONE', *, *, #1971, .F. ) ;
#2285 = CARTESIAN_POINT ( 'NONE',  ( -0.04444159848175571748, -2.773317301113086941, 0.1127981821482149233 ) ) ;
#2286 = APPROVAL ( #1796, 'Coincident' ) ;
#2287 = DIRECTION ( 'NONE',  ( 1.000000000000000000, 0.000000000000000000, 0.000000000000000000 ) ) ;
#2288 = CARTESIAN_POINT ( 'NONE',  ( 2.215674660054613110, 2.512338915742517553, 6.305852663155921967 ) ) ;
#2289 = ADVANCED_FACE ( 'NONE', ( #2494 ), #2507, .T. ) ;
#2290 = CARTESIAN_POINT ( 'NONE',  ( -2.777479796966647374, 1.067094570351339700, 0.3158846331977460675 ) ) ;
#2291 = CARTESIAN_POINT ( 'NONE',  ( 2.669525925013707113, -0.5390369485962001050, 0.05737446439779361057 ) ) ;
#2292 = CARTESIAN_POINT ( 'NONE',  ( 1.535430854677058976, -2.659444251809578219, 3.191536458333330106 ) ) ;
#2293 = VERTEX_POINT ( 'NONE', #2038 ) ;
#2294 = CARTESIAN_POINT ( 'NONE',  ( -2.659444251809579551, 2.788906526875774786E-15, 1.438671875000002043 ) ) ;
#2295 = VERTEX_POINT ( 'NONE', #2294 ) ;
#2296 = CARTESIAN_POINT ( 'NONE',  ( 0.1828031197622731474, -2.788901801557498672, 0.1354419475519377247 ) ) ;
#2297 = ORIENTED_EDGE ( 'NONE', *, *, #2224, .F. ) ;
#2298 = CARTESIAN_POINT ( 'NONE',  ( -2.303146282015600121, -1.329722125904781782, 2.298567708333334902 ) ) ;
#2299 = CARTESIAN_POINT ( 'NONE',  ( 1.535430854677056534, -2.659444251809578219, 3.290755208333333570 ) ) ;
#2300 = VECTOR ( 'NONE', #2371, 1000.000000000000000 ) ;
#2301 = FACE_OUTER_BOUND ( 'NONE', #2378, .T. ) ;
#2302 = APPROVAL_DATE_TIME ( #2787, #890 ) ;
#2303 = CARTESIAN_POINT ( 'NONE',  ( -1.137410708600529397, 2.679933657961445004, 0.2518671870924007461 ) ) ;
#2304 = ADVANCED_FACE ( 'NONE', ( #1107 ), #1840, .T. ) ;
#2305 = AXIS2_PLACEMENT_3D ( 'NONE', #1800, #558, #1987 ) ;
#2306 =( BOUNDED_CURVE ( )  B_SPLINE_CURVE ( 2, ( #2122, #2167, #1404, #1900, #2622 ),
 .UNSPECIFIED., .F., .F. ) 
 B_SPLINE_CURVE_WITH_KNOTS ( ( 3, 2, 3 ),
 ( 0.8611111111111110494, 0.8703703703703709049, 0.8888888888888909490 ),
 .UNSPECIFIED. ) 
 CURVE ( )  GEOMETRIC_REPRESENTATION_ITEM ( )  RATIONAL_B_SPLINE_CURVE ( ( 0.9330127018922189652, 0.9330127018922199644, 1.000000000000000000, 0.8660254037844239416, 1.000000000000013989 ) ) 
 REPRESENTATION_ITEM ( '' )  );
#2307 = CARTESIAN_POINT ( 'NONE',  ( 1.395671170743824518, 2.471524609975051412, 0.1733073234843854615 ) ) ;
#2308 = DIRECTION ( 'NONE',  ( 0.000000000000000000, 0.000000000000000000, 1.000000000000000000 ) ) ;
#2309 = ORIENTED_EDGE ( 'NONE', *, *, #1282, .F. ) ;
#2310 = SECURITY_CLASSIFICATION ( '', '', #1147 ) ;
#2311 = VECTOR ( 'NONE', #1088, 1000.000000000000000 ) ;
#2312 = CARTESIAN_POINT ( 'NONE',  ( -2.659444251809577775, 0.7125959395879727376, 2.097755679751300839 ) ) ;
#2313 = EDGE_CURVE ( 'NONE', #2522, #2463, #1322, .T. ) ;
#2314 = ADVANCED_FACE ( 'NONE', ( #1374 ), #3088, .T. ) ;
#2315 = CARTESIAN_POINT ( 'NONE',  ( -1.833087104677061152, 3.175000000000002043, 0.8102864583333312387 ) ) ;
#2316 = ORIENTED_EDGE ( 'NONE', *, *, #1516, .F. ) ;
#2317 =( BOUNDED_CURVE ( )  B_SPLINE_CURVE ( 2, ( #1977, #2942, #806, #606, #1844 ),
 .UNSPECIFIED., .F., .F. ) 
 B_SPLINE_CURVE_WITH_KNOTS ( ( 3, 2, 3 ),
 ( 0.2500000000000000000, 0.3333333333333335369, 0.3847918249418895154 ),
 .UNSPECIFIED. ) 
 CURVE ( )  GEOMETRIC_REPRESENTATION_ITEM ( )  RATIONAL_B_SPLINE_CURVE ( ( 0.9330127018922189652, 0.9330127018922189652, 1.000000000000000000, 0.9586352161892910395, 0.9428132649459389780 ) ) 
 REPRESENTATION_ITEM ( '' )  );
#2318 = CARTESIAN_POINT ( 'NONE',  ( -0.2569648248503105803, -2.738754253372769121, 0.09117529985389513647 ) ) ;
#2319 = CARTESIAN_POINT ( 'NONE',  ( 0.000000000000000000, 0.000000000000000000, 6.349999999999999645 ) ) ;
#2320 = CARTESIAN_POINT ( 'NONE',  ( 2.603499999999999925, -1.250950000000000006, 21.67890000000000228 ) ) ;
#2321 = DIRECTION ( 'NONE',  ( 0.000000000000000000, 0.000000000000000000, 1.000000000000000000 ) ) ;
#2322 = CARTESIAN_POINT ( 'NONE',  ( -2.100525048743274503, 2.062717496002008488, 0.2845341656107771011 ) ) ;
#2323 = CARTESIAN_POINT ( 'NONE',  ( 2.664879508837155075, 0.7281739867603844729, 0.1017210596418609836 ) ) ;
#2324 = CARTESIAN_POINT ( 'NONE',  ( 3.174999999999999822, 1.162044386198240119E-15, 0.5457031249999989564 ) ) ;
#2325 = EDGE_LOOP ( 'NONE', ( #239, #926 ) ) ;
#2326 = DIRECTION ( 'NONE',  ( 0.000000000000000000, 0.000000000000000000, 1.000000000000000000 ) ) ;
#2327 = CARTESIAN_POINT ( 'NONE',  ( 0.000000000000000000, 3.174999999999999822, 0.7441406249999981126 ) ) ;
#2328 = VERTEX_POINT ( 'NONE', #458 ) ;
#2329 = EDGE_CURVE ( 'NONE', #1301, #884, #2566, .T. ) ;
#2330 = CARTESIAN_POINT ( 'NONE',  ( 0.000000000000000000, 0.000000000000000000, 0.000000000000000000 ) ) ;
#2331 = CARTESIAN_POINT ( 'NONE',  ( -2.659444251809579551, 4.590075325483039929E-15, 4.514453125000001066 ) ) ;
#2332 = DIRECTION ( 'NONE',  ( 0.000000000000000000, 0.000000000000000000, 1.000000000000000000 ) ) ;
#2333 = CARTESIAN_POINT ( 'NONE',  ( 0.000000000000000000, 0.000000000000000000, 0.000000000000000000 ) ) ;
#2334 = CARTESIAN_POINT ( 'NONE',  ( 2.303146282015595236, 1.329722125904786001, 1.901692708333334814 ) ) ;
#2335 = CARTESIAN_POINT ( 'NONE',  ( -2.303146282015595236, 1.329722125904789776, 0.4795572916666709928 ) ) ;
#2336 = PERSON_AND_ORGANIZATION ( #18446744073709551615, #18446744073709551615 ) ;
#2337 = CARTESIAN_POINT ( 'NONE',  ( -1.505467849987011553, 2.506367051713968674, 0.2634789278499519716 ) ) ;
#2338 = CARTESIAN_POINT ( 'NONE',  ( 2.557122578504667842, -0.8987295822723525562, 0.04461220675100439903 ) ) ;
#2339 = CARTESIAN_POINT ( 'NONE',  ( -2.659444251809579551, 5.868324150301109700E-15, 5.407421874999990052 ) ) ;
#2340 = ORIENTED_EDGE ( 'NONE', *, *, #3001, .T. ) ;
#2341 = B_SPLINE_CURVE_WITH_KNOTS ( 'NONE', 3,
 ( #842, #1797, #2519, #1013, #1969, #2919, #2821, #867, #2290, #2087, #916, #899, #2803, #881, #2532, #1823, #2575, #3024, #628, #1836, #1101, #2788, #655, #2055, #167, #437, #1339, #1386, #1601, #403, #2558, #3038, #420, #1148, #2322, #2774, #1578, #639, #1588, #2337, #198, #2544, #3012, #1368, #1351, #149, #2073, #139, #2303, #2102, #1117, #183, #1810, #1130 ),
 .UNSPECIFIED., .F., .F.,
 ( 4, 2, 2, 2, 1, 1, 2, 2, 2, 1, 1, 1, 1, 2, 2, 2, 2, 1, 1, 1, 1, 2, 2, 2, 2, 2, 2, 1, 1, 2, 2, 2, 4 ),
 ( 0.000000000000000000, 0.1249999999998331335, 0.1874999999997496725, 0.2187499999997079558, 0.2343749999996872502, 0.2421874999996770916, 0.2460937499996721789, 0.2499999999996672662, 0.3124999999995907163, 0.3437499999995525246, 0.3593749999995335398, 0.3671874999995239364, 0.3710937499995191624, 0.3730468749995167199, 0.3749999999995142774, 0.4374999999994291233, 0.4687499999993864352, 0.4843749999993650635, 0.4921874999993542943, 0.4960937499993487987, 0.4980468749993461341, 0.4990234374993448019, 0.4999999999993435251, 0.6249999999995041744, 0.6874999999995844435, 0.7187499999996246336, 0.7343749999996447286, 0.7421874999996548317, 0.7460937499996598277, 0.7480468749996623812, 0.7499999999996650457, 0.8749999999998324673, 1.000000000000000000 ),
 .UNSPECIFIED. ) ;
#2342 = CARTESIAN_POINT ( 'NONE',  ( 2.659444251809579551, 3.660439816524454776E-15, 5.705078125000000888 ) ) ;
#2343 = CARTESIAN_POINT ( 'NONE',  ( -1.833087104677061152, 3.175000000000002043, 2.397786458333327708 ) ) ;
#2344 = ORIENTED_EDGE ( 'NONE', *, *, #2347, .F. ) ;
#2345 = FACE_OUTER_BOUND ( 'NONE', #413, .T. ) ;
#2346 = CARTESIAN_POINT ( 'NONE',  ( -2.659444251809579551, 3.256879890489429719E-16, 0.000000000000000000 ) ) ;
#2347 = EDGE_CURVE ( 'NONE', #679, #2629, #386, .T. ) ;
#2348 = VERTEX_POINT ( 'NONE', #1407 ) ;
#2349 = LINE ( 'NONE', #2368, #2707 ) ;
#2350 = CYLINDRICAL_SURFACE ( 'NONE', #3056, 2.659444251809579551 ) ;
#2351 = ADVANCED_FACE ( 'NONE', ( #903 ), #1674, .T. ) ;
#2352 = CARTESIAN_POINT ( 'NONE',  ( 0.000000000000000000, 2.659444251809579551, -0.3472656249999949707 ) ) ;
#2353 = DIRECTION ( 'NONE',  ( -1.000000000000000000, 0.000000000000000000, 0.000000000000000000 ) ) ;
#2354 = CARTESIAN_POINT ( 'NONE',  ( -3.174999999999999822, -1.278248824818062079E-15, 3.323828124999995026 ) ) ;
#2355 = CIRCLE ( 'NONE', #1607, 3.174999999999999822 ) ;
#2356 = DIRECTION ( 'NONE',  ( 1.000000000000000000, 0.000000000000000000, 0.000000000000000000 ) ) ;
#2357 = VERTEX_POINT ( 'NONE', #1169 ) ;
#2358 = VECTOR ( 'NONE', #2130, 1000.000000000000000 ) ;
#2359 = CARTESIAN_POINT ( 'NONE',  ( -1.477929415875513847E-14, -3.174999999999999822, 3.621484374999995204 ) ) ;
#2360 = CARTESIAN_POINT ( 'NONE',  ( 0.000000000000000000, 3.174999999999999822, 6.300390624999989697 ) ) ;
#2361 = AXIS2_PLACEMENT_3D ( 'NONE', #2562, #423, #2534 ) ;
#2362 =( BOUNDED_CURVE ( )  B_SPLINE_CURVE ( 2, ( #1012, #2220, #1983, #597, #2501 ),
 .UNSPECIFIED., .F., .F. ) 
 B_SPLINE_CURVE_WITH_KNOTS ( ( 3, 2, 3 ),
 ( 0.06519695299811739675, 0.07407407407407409772, 0.08333333333333330095 ),
 .UNSPECIFIED. ) 
 CURVE ( )  GEOMETRIC_REPRESENTATION_ITEM ( )  RATIONAL_B_SPLINE_CURVE ( ( 0.9331268006303430340, 0.9357773295677710435, 1.000000000000000000, 0.9330127018922189652, 0.9330127018922189652 ) ) 
 REPRESENTATION_ITEM ( '' )  );
#2363 = VECTOR ( 'NONE', #685, 999.9999999999998863 ) ;
#2364 = VERTEX_POINT ( 'NONE', #3075 ) ;
#2365 = CARTESIAN_POINT ( 'NONE',  ( -1.535430854677056534, 2.659444251809578219, 4.382161458333326820 ) ) ;
#2366 = CC_DESIGN_APPROVAL ( #890, ( #2310 ) ) ;
#2367 = ORIENTED_EDGE ( 'NONE', *, *, #1245, .F. ) ;
#2368 = CARTESIAN_POINT ( 'NONE',  ( -2.603499999999999925, 1.250950000000000006, 21.67890000000000228 ) ) ;
#2369 = CARTESIAN_POINT ( 'NONE',  ( -3.888253587292845095E-16, -3.174999999999999822, 2.827734374999995026 ) ) ;
#2370 = CARTESIAN_POINT ( 'NONE',  ( -2.303146282015595236, -1.329722125904787777, -0.08268229166666218877 ) ) ;
#2371 = DIRECTION ( 'NONE',  ( 0.000000000000000000, 0.000000000000000000, 1.000000000000000000 ) ) ;
#2372 = CARTESIAN_POINT ( 'NONE',  ( -2.303146282015595236, 1.329722125904789776, 1.273307291666669894 ) ) ;
#2373 = CARTESIAN_POINT ( 'NONE',  ( 0.000000000000000000, 0.000000000000000000, 0.000000000000000000 ) ) ;
#2374 = ORIENTED_EDGE ( 'NONE', *, *, #2242, .F. ) ;
#2375 = CARTESIAN_POINT ( 'NONE',  ( -1.535430854677044987, 2.659444251809583992, 5.969661458333325399 ) ) ;
#2376 = CARTESIAN_POINT ( 'NONE',  ( 2.749630657015589730, -1.587499999999999911, 6.035807291666659857 ) ) ;
#2377 = CARTESIAN_POINT ( 'NONE',  ( -2.303146282015595236, -1.329722125904787777, 3.786848958333330017 ) ) ;
#2378 = EDGE_LOOP ( 'NONE', ( #1315, #101, #2958 ) ) ;
#2379 = CARTESIAN_POINT ( 'NONE',  ( 2.645928467638459125, -1.586770289382247512, 0.4257968630655909470 ) ) ;
#2380 = EDGE_LOOP ( 'NONE', ( #2284, #876, #375, #497, #2828, #1777, #645, #2690, #2907, #2692, #1346, #728, #2665, #1639, #3063, #2988, #2582, #3091, #2764, #694, #429, #3087, #1371, #1942, #1285, #956, #2309, #186, #1910, #2645, #2990, #2505, #1331, #1919 ) ) ;
#2381 = CARTESIAN_POINT ( 'NONE',  ( -2.279815923342600064E-15, -2.659444251809579551, 2.430859374999999822 ) ) ;
#2382 = CARTESIAN_POINT ( 'NONE',  ( -2.749630657015595059, 1.587499999999999911, 5.738151041666659680 ) ) ;
#2383 = CARTESIAN_POINT ( 'NONE',  ( -3.070861709354126390, 1.880360481492350803E-16, 2.232421875000001332 ) ) ;
#2384 = DIRECTION ( 'NONE',  ( 0.000000000000000000, 0.000000000000000000, 1.000000000000000000 ) ) ;
#2385 = CARTESIAN_POINT ( 'NONE',  ( 3.174999999999999822, 4.299564228933484534E-15, 5.308203124999989697 ) ) ;
#2386 = EDGE_CURVE ( 'NONE', #758, #1168, #703, .T. ) ;
#2387 = CARTESIAN_POINT ( 'NONE',  ( 2.659444251809579551, -2.324088772396479843E-15, 2.530078124999999734 ) ) ;
#2388 = CARTESIAN_POINT ( 'NONE',  ( 1.833087104677060930, 3.174999999999990052, 4.745963541666655239 ) ) ;
#2389 = EDGE_LOOP ( 'NONE', ( #3005, #1880 ) ) ;
#2390 = CARTESIAN_POINT ( 'NONE',  ( -2.659444251809577775, 0.7125959395879770675, 6.066505679751295510 ) ) ;
#2391 = EDGE_CURVE ( 'NONE', #170, #1973, #647, .T. ) ;
#2392 = CARTESIAN_POINT ( 'NONE',  ( 3.666174209354122304, -6.734652765903157171E-16, 4.514453124999992184 ) ) ;
#2393 = PRODUCT ( 'Button GH1358-ND 5A_91772A555.STEP', 'Button GH1358-ND 5A_91772A555.STEP', '', ( #2487 ) ) ;
#2394 =( BOUNDED_CURVE ( )  B_SPLINE_CURVE ( 2, ( #2491, #2004, #113, #1552, #2268, #364, #2722, #2921, #1313 ),
 .UNSPECIFIED., .F., .T. ) 
 B_SPLINE_CURVE_WITH_KNOTS ( ( 3, 2, 2, 2, 3 ),
 ( 0.2500000000000000000, 0.2592592592592595224, 0.2777777777777780122, 0.2962962962962965019, 0.3055555555555554692 ),
 .UNSPECIFIED. ) 
 CURVE ( )  GEOMETRIC_REPRESENTATION_ITEM ( )  RATIONAL_B_SPLINE_CURVE ( ( 0.9330127018922189652, 0.9330127018922189652, 1.000000000000000000, 0.8660254037844389297, 1.000000000000000000, 0.8660254037844389297, 1.000000000000000000, 0.9330127018922189652, 0.9330127018922189652 ) ) 
 REPRESENTATION_ITEM ( '' )  );
#2395 = CARTESIAN_POINT ( 'NONE',  ( 1.535430854677063195, 2.659444251809578219, 4.249869791666661456 ) ) ;
#2396 = ORIENTED_EDGE ( 'NONE', *, *, #919, .T. ) ;
#2397 = ORIENTED_EDGE ( 'NONE', *, *, #1893, .F. ) ;
#2398 = DIRECTION ( 'NONE',  ( 0.000000000000000000, 0.000000000000000000, -1.000000000000000000 ) ) ;
#2399 = CARTESIAN_POINT ( 'NONE',  ( -3.888253587292845095E-16, -3.174999999999999822, 3.621484374999995204 ) ) ;
#2400 = CARTESIAN_POINT ( 'NONE',  ( 1.535430854677060752, -2.659444251809578219, 0.1157552083333372034 ) ) ;
#2401 = CARTESIAN_POINT ( 'NONE',  ( -1.535430854677060752, -2.659444251809578219, -0.1818375416666606070 ) ) ;
#2402 = CARTESIAN_POINT ( 'NONE',  ( 2.303146282015595236, -1.329722125904789776, 0.1819010416666704821 ) ) ;
#2403 = CARTESIAN_POINT ( 'NONE',  ( 2.659444251809579995, 0.7125959395879570835, 5.839744320248694720 ) ) ;
#2404 = CARTESIAN_POINT ( 'NONE',  ( -1.535430854677058976, 2.659444251809578219, 2.794661458333335347 ) ) ;
#2405 = CYLINDRICAL_SURFACE ( 'NONE', #367, 3.174999999999999822 ) ;
#2406 = CARTESIAN_POINT ( 'NONE',  ( 2.303146282015585022, -1.329722125904803987, 5.638932291666659324 ) ) ;
#2407 = AXIS2_PLACEMENT_3D ( 'NONE', #3055, #671, #1870 ) ;
#2408 = CARTESIAN_POINT ( 'NONE',  ( 0.000000000000000000, 3.174999999999999822, 7.094140624999989875 ) ) ;
#2409 = CARTESIAN_POINT ( 'NONE',  ( -1.535430854677063195, 2.659444251809578219, 2.794661458333335347 ) ) ;
#2410 = EDGE_LOOP ( 'NONE', ( #275, #2753, #35, #2416 ) ) ;
#2411 = VECTOR ( 'NONE', #1743, 1000.000000000000000 ) ;
#2412 = EDGE_CURVE ( 'NONE', #1473, #1319, #432, .T. ) ;
#2413 = LINE ( 'NONE', #100, #2411 ) ;
#2414 = AXIS2_PLACEMENT_3D ( 'NONE', #381, #2281, #141 ) ;
#2415 = AXIS2_PLACEMENT_3D ( 'NONE', #2589, #929, #1898 ) ;
#2416 = ORIENTED_EDGE ( 'NONE', *, *, #2123, .F. ) ;
#2417 = LINE ( 'NONE', #2616, #2556 ) ;
#2418 = TOROIDAL_SURFACE ( 'NONE', #7, 4.000499999999999723, 0.7620000000000000107 ) ;
#2419 = CARTESIAN_POINT ( 'NONE',  ( -1.833087104677061152, 3.175000000000002043, 3.290755208333327797 ) ) ;
#2420 = CARTESIAN_POINT ( 'NONE',  ( 2.303146282015595236, 1.329722125904786001, 4.282942708333330017 ) ) ;
#2421 = CARTESIAN_POINT ( 'NONE',  ( -2.749630657015599944, -1.587499999999999911, 5.870442708333319715 ) ) ;
#2422 =( BOUNDED_CURVE ( )  B_SPLINE_CURVE ( 2, ( #1916, #733, #518, #1686, #2635, #1948, #502, #1211, #980 ),
 .UNSPECIFIED., .F., .T. ) 
 B_SPLINE_CURVE_WITH_KNOTS ( ( 3, 2, 2, 2, 3 ),
 ( 0.1388888888888890061, 0.1481481481481480011, 0.1666666666666665186, 0.1851851851851850084, 0.1944444444444445030 ),
 .UNSPECIFIED. ) 
 CURVE ( )  GEOMETRIC_REPRESENTATION_ITEM ( )  RATIONAL_B_SPLINE_CURVE ( ( 0.9330127018922189652, 0.9330127018922189652, 1.000000000000000000, 0.8660254037844389297, 1.000000000000000000, 0.8660254037844389297, 1.000000000000000000, 0.9330127018922189652, 0.9330127018922189652 ) ) 
 REPRESENTATION_ITEM ( '' )  );
#2423 = CARTESIAN_POINT ( 'NONE',  ( -4.762500000000000178, 0.000000000000000000, 8.762999999999999901 ) ) ;
#2424 = CARTESIAN_POINT ( 'NONE',  ( -2.659444251809579551, 4.590075325483039929E-15, 3.819921874999994582 ) ) ;
#2425 = CARTESIAN_POINT ( 'NONE',  ( 7.776507174585690191E-16, 3.174999999999999822, 0.7441406249999981126 ) ) ;
#2426 = CARTESIAN_POINT ( 'NONE',  ( 2.659444251809579995, -0.7125959395879724045, 5.669630679751296753 ) ) ;
#2427 = CARTESIAN_POINT ( 'NONE',  ( -3.666174209354122304, 2.244884255301054691E-16, 4.117578124999990763 ) ) ;
#2428 = CARTESIAN_POINT ( 'NONE',  ( 3.070861709354126390, -5.641081444477046245E-16, 4.117578124999996980 ) ) ;
#2429 = EDGE_LOOP ( 'NONE', ( #682, #953, #2508, #504 ) ) ;
#2430 = EDGE_CURVE ( 'NONE', #3033, #170, #1729, .T. ) ;
#2431 = ORIENTED_EDGE ( 'NONE', *, *, #426, .T. ) ;
#2432 = CARTESIAN_POINT ( 'NONE',  ( 0.000000000000000000, 0.000000000000000000, -7.384031027353249839E-19 ) ) ;
#2433 = CARTESIAN_POINT ( 'NONE',  ( 2.303146282015595236, 1.329722125904786001, 1.008723958333336057 ) ) ;
#2434 = CARTESIAN_POINT ( 'NONE',  ( 1.535430854677060752, -2.659444251809578219, 5.672005208333327886 ) ) ;
#2435 = FACE_OUTER_BOUND ( 'NONE', #602, .T. ) ;
#2436 = CARTESIAN_POINT ( 'NONE',  ( 2.303146282015605006, 1.329722125904771790, 4.977473958333329840 ) ) ;
#2437 = CARTESIAN_POINT ( 'NONE',  ( 0.000000000000000000, 0.000000000000000000, 0.000000000000000000 ) ) ;
#2438 = CARTESIAN_POINT ( 'NONE',  ( 0.000000000000000000, 0.000000000000000000, 0.000000000000000000 ) ) ;
#2439 = DIRECTION ( 'NONE',  ( 1.000000000000000000, 1.117274028429801916E-13, 0.000000000000000000 ) ) ;
#2440 = CARTESIAN_POINT ( 'NONE',  ( -1.833087104677060930, 3.175000000000013145, 5.572786458333323978 ) ) ;
#2441 = DIRECTION ( 'NONE',  ( -1.733406087350419758E-16, 1.000000000000000000, 0.000000000000000000 ) ) ;
#2442 = CARTESIAN_POINT ( 'NONE',  ( 1.535430854677060752, -2.659444251809578219, 3.985286458333331616 ) ) ;
#2443 = ORIENTED_EDGE ( 'NONE', *, *, #2528, .F. ) ;
#2444 = CARTESIAN_POINT ( 'NONE',  ( 2.659444251809579551, -7.843799606838110052E-15, 3.423046874999994937 ) ) ;
#2445 = ORIENTED_EDGE ( 'NONE', *, *, #872, .T. ) ;
#2446 = CARTESIAN_POINT ( 'NONE',  ( -2.659444251809579551, 3.572566738891140119E-16, -7.384031027353249839E-19 ) ) ;
#2447 = CARTESIAN_POINT ( 'NONE',  ( 2.749630657015595059, 1.587499999999999911, 7.061067708333319537 ) ) ;
#2448 = EDGE_CURVE ( 'NONE', #2629, #1606, #448, .T. ) ;
#2449 = CARTESIAN_POINT ( 'NONE',  ( 1.535430854677060752, -2.659444251809578219, 3.290755208333333570 ) ) ;
#2450 = CARTESIAN_POINT ( 'NONE',  ( -1.535430854677063195, 2.659444251809578219, -0.4841822083333260363 ) ) ;
#2451 = DIRECTION ( 'NONE',  ( 0.000000000000000000, 0.000000000000000000, 1.000000000000000000 ) ) ;
#2452 = EDGE_CURVE ( 'NONE', #2737, #2608, #2920, .T. ) ;
#2453 = CARTESIAN_POINT ( 'NONE',  ( -2.659444251809579551, 3.256879890489429719E-16, 0.000000000000000000 ) ) ;
#2454 = CARTESIAN_POINT ( 'NONE',  ( 2.286000000000000032, 1.250950000000000006, 15.74800000000000111 ) ) ;
#2455 = EDGE_LOOP ( 'NONE', ( #2726, #2282, #254, #1446 ) ) ;
#2456 = CARTESIAN_POINT ( 'NONE',  ( -2.749630657015599944, -1.587499999999999911, 5.076692708333319537 ) ) ;
#2457 = CARTESIAN_POINT ( 'NONE',  ( -1.535430854677058976, 2.659444251809578219, 2.100130208333330195 ) ) ;
#2458 = CARTESIAN_POINT ( 'NONE',  ( -2.749630657015589730, 1.587499999999999911, 3.356901041666660035 ) ) ;
#2459 = CARTESIAN_POINT ( 'NONE',  ( 0.000000000000000000, 0.000000000000000000, -3.810000000000000053 ) ) ;
#2460 = ORIENTED_EDGE ( 'NONE', *, *, #44, .F. ) ;
#2461 = CARTESIAN_POINT ( 'NONE',  ( 3.174999999999994493, -0.8507386859688255143, 6.066505679751286628 ) ) ;
#2462 = CIRCLE ( 'NONE', #10, 2.659444251809579551 ) ;
#2463 = VERTEX_POINT ( 'NONE', #1475 ) ;
#2464 = CARTESIAN_POINT ( 'NONE',  ( -2.286000000000000032, 1.250950000000000006, 21.67890000000000228 ) ) ;
#2465 = CARTESIAN_POINT ( 'NONE',  ( -2.303146282015595236, 1.329722125904789776, 1.273307291666669894 ) ) ;
#2466 = VECTOR ( 'NONE', #798, 1000.000000000000000 ) ;
#2467 = CARTESIAN_POINT ( 'NONE',  ( -1.535430854677063195, 2.659444251809578219, 2.893880208333331705 ) ) ;
#2468 = DIRECTION ( 'NONE',  ( 0.000000000000000000, 0.000000000000000000, 1.000000000000000000 ) ) ;
#2469 = AXIS2_PLACEMENT_3D ( 'NONE', #588, #2477, #1788 ) ;
#2470 = FACE_OUTER_BOUND ( 'NONE', #2493, .T. ) ;
#2471 = CARTESIAN_POINT ( 'NONE',  ( -0.9343659831805688487, -2.967153323601075865, 0.4479261984448752454 ) ) ;
#2472 = EDGE_CURVE ( 'NONE', #1086, #934, #963, .T. ) ;
#2473 = CARTESIAN_POINT ( 'NONE',  ( -2.659444251809579551, 2.905110965495594380E-16, 0.6449218750000029754 ) ) ;
#2474 = CARTESIAN_POINT ( 'NONE',  ( -1.237943587285173908E-14, -2.659444251809579551, 3.919140624999994937 ) ) ;
#2475 = CARTESIAN_POINT ( 'NONE',  ( 3.174999999999999822, -9.354457308895818617E-15, 3.819921874999990141 ) ) ;
#2476 = CARTESIAN_POINT ( 'NONE',  ( -3.174999999999999822, 0.8507386859688149672, 3.387599429751293911 ) ) ;
#2477 = DIRECTION ( 'NONE',  ( 0.000000000000000000, 0.000000000000000000, 1.000000000000000000 ) ) ;
#2478 = EDGE_LOOP ( 'NONE', ( #1791, #1418, #2174, #2830 ) ) ;
#2479 = DIRECTION ( 'NONE',  ( 0.000000000000000000, -1.000000000000000000, 0.000000000000000000 ) ) ;
#2480 = VERTEX_POINT ( 'NONE', #770 ) ;
#2481 = CARTESIAN_POINT ( 'NONE',  ( -3.174999999999999822, 0.8507386859688149672, 2.593849429751292401 ) ) ;
#2482 = CARTESIAN_POINT ( 'NONE',  ( 2.303146282015595236, 1.329722125904786001, 1.802473958333334902 ) ) ;
#2483 = CARTESIAN_POINT ( 'NONE',  ( -2.303146282015595236, 1.329722125904789776, 6.135026041666659324 ) ) ;
#2484 = CARTESIAN_POINT ( 'NONE',  ( -3.174999999999999822, -2.033577675846920109E-15, 2.530078124999994849 ) ) ;
#2485 = LINE ( 'NONE', #360, #571 ) ;
#2486 = CARTESIAN_POINT ( 'NONE',  ( -0.1478358166350869918, -3.132957698313214578, 0.4682725104894449597 ) ) ;
#2487 = MECHANICAL_CONTEXT ( 'NONE', #1498, 'mechanical' ) ;
#2488 = CARTESIAN_POINT ( 'NONE',  ( -2.659444251809575555, -0.7125959395879635228, 3.756150570248697473 ) ) ;
#2489 = DIRECTION ( 'NONE',  ( 1.000000000000000000, 0.000000000000000000, 0.000000000000000000 ) ) ;
#2490 = EDGE_CURVE ( 'NONE', #661, #1289, #1288, .T. ) ;
#2491 = CARTESIAN_POINT ( 'NONE',  ( -3.174999999999999822, 3.486133158594715622E-15, 1.736328124999995115 ) ) ;
#2492 = CARTESIAN_POINT ( 'NONE',  ( -1.535430854677063195, 2.659444251809578219, 6.763411458333327353 ) ) ;
#2493 = EDGE_LOOP ( 'NONE', ( #658, #249, #1628, #774 ) ) ;
#2494 = FACE_OUTER_BOUND ( 'NONE', #1424, .T. ) ;
#2495 = EDGE_CURVE ( 'NONE', #1319, #2006, #2159, .T. ) ;
#2496 = ORIENTED_EDGE ( 'NONE', *, *, #2155, .T. ) ;
#2497 = CARTESIAN_POINT ( 'NONE',  ( -2.749630657015595059, 1.587499999999999911, 6.531901041666650976 ) ) ;
#2498 = CARTESIAN_POINT ( 'NONE',  ( -1.833087104677061152, -3.174999999999995826, 3.456119791666659946 ) ) ;
#2499 = FACE_OUTER_BOUND ( 'NONE', #2429, .T. ) ;
#2500 = CARTESIAN_POINT ( 'NONE',  ( 0.09334592147221913716, -3.132010599846828391, 0.4739485535451071208 ) ) ;
#2501 = CARTESIAN_POINT ( 'NONE',  ( 3.174999999999999822, 1.162044386198240119E-15, 0.6449218749999988676 ) ) ;
#2502 = CARTESIAN_POINT ( 'NONE',  ( -3.174999999999999822, 6.275039685470489619E-15, 5.010546874999990408 ) ) ;
#2503 = FACE_OUTER_BOUND ( 'NONE', #908, .T. ) ;
#2504 = CARTESIAN_POINT ( 'NONE',  ( 2.303146282015595236, -1.329722125904789776, 7.226432291666659680 ) ) ;
#2505 = ORIENTED_EDGE ( 'NONE', *, *, #1334, .F. ) ;
#2506 = EDGE_CURVE ( 'NONE', #366, #2241, #13, .T. ) ;
#2507 = CYLINDRICAL_SURFACE ( 'NONE', #718, 3.174999999999999822 ) ;
#2508 = ORIENTED_EDGE ( 'NONE', *, *, #368, .F. ) ;
#2509 = EDGE_CURVE ( 'NONE', #2627, #2737, #1739, .T. ) ;
#2510 = CARTESIAN_POINT ( 'NONE',  ( 2.303146282015585022, -1.329722125904801988, 4.150651041666664653 ) ) ;
#2511 = VECTOR ( 'NONE', #1056, 1000.000000000000000 ) ;
#2512 = VERTEX_POINT ( 'NONE', #2784 ) ;
#2513 = AXIS2_PLACEMENT_3D ( 'NONE', #1735, #2731, #2916 ) ;
#2514 = FACE_OUTER_BOUND ( 'NONE', #902, .T. ) ;
#2515 = FACE_OUTER_BOUND ( 'NONE', #2478, .T. ) ;
#2516 = AXIS2_PLACEMENT_3D ( 'NONE', #264, #248, #2356 ) ;
#2517 = AXIS2_PLACEMENT_3D ( 'NONE', #1834, #1822, #2070 ) ;
#2518 = CALENDAR_DATE ( 2026, 22, 6 ) ;
#2519 = CARTESIAN_POINT ( 'NONE',  ( -2.959485900812330872, 0.4800911211322219652, 0.3325575329820487647 ) ) ;
#2520 = LINE ( 'NONE', #438, #2858 ) ;
#2521 = DIRECTION ( 'NONE',  ( 1.000000000000000000, 0.000000000000000000, 0.000000000000000000 ) ) ;
#2522 = VERTEX_POINT ( 'NONE', #2541 ) ;
#2523 = CARTESIAN_POINT ( 'NONE',  ( 2.620953419374646209, 1.527166469067337662, 6.350000000000000533 ) ) ;
#2524 =( BOUNDED_CURVE ( )  B_SPLINE_CURVE ( 2, ( #632, #395, #3028, #1358, #2778, #2536, #172, #2048, #383 ),
 .UNSPECIFIED., .F., .F. ) 
 B_SPLINE_CURVE_WITH_KNOTS ( ( 3, 2, 2, 2, 3 ),
 ( 0.6388888888888889506, 0.6481481481481480289, 0.6666666666666670737, 0.6851851851851850084, 0.6944444444444450859 ),
 .UNSPECIFIED. ) 
 CURVE ( )  GEOMETRIC_REPRESENTATION_ITEM ( )  RATIONAL_B_SPLINE_CURVE ( ( 0.9330127018922189652, 0.9330127018922199644, 1.000000000000000000, 0.8660254037844389297, 1.000000000000000000, 0.8660254037844389297, 1.000000000000000000, 0.9330127018922189652, 0.9330127018922189652 ) ) 
 REPRESENTATION_ITEM ( '' )  );
#2525 = CC_DESIGN_PERSON_AND_ORGANIZATION_ASSIGNMENT ( #378, #2278, ( #2310 ) ) ;
#2526 = ORIENTED_EDGE ( 'NONE', *, *, #584, .F. ) ;
#2527 = CARTESIAN_POINT ( 'NONE',  ( 0.8193412643729367506, -2.743347567574987877, 0.2017129646017351008 ) ) ;
#2528 = EDGE_CURVE ( 'NONE', #1137, #2210, #27, .T. ) ;
#2529 = ORIENTED_EDGE ( 'NONE', *, *, #2329, .T. ) ;
#2530 = CARTESIAN_POINT ( 'NONE',  ( -3.174999999999999822, 3.888253587292845095E-16, 0.000000000000000000 ) ) ;
#2531 = CARTESIAN_POINT ( 'NONE',  ( -2.659444251809575555, -0.7125959395879560843, 5.442869320248688858 ) ) ;
#2532 = CARTESIAN_POINT ( 'NONE',  ( -2.673300362765525851, 1.294841538317482055, 0.3093808700818931889 ) ) ;
#2533 = CARTESIAN_POINT ( 'NONE',  ( 2.020517959993164414, 1.945897786079868741, 0.1456986983599598828 ) ) ;
#2534 = DIRECTION ( 'NONE',  ( 1.000000000000000000, 0.000000000000000000, 0.000000000000000000 ) ) ;
#2535 = ORIENTED_EDGE ( 'NONE', *, *, #1784, .F. ) ;
#2536 = CARTESIAN_POINT ( 'NONE',  ( -1.833087104677060930, 3.175000000000007372, 4.779036458333322912 ) ) ;
#2537 = ORIENTED_EDGE ( 'NONE', *, *, #337, .F. ) ;
#2538 = CARTESIAN_POINT ( 'NONE',  ( 2.659444251809579551, 0.000000000000000000, 0.000000000000000000 ) ) ;
#2539 = EDGE_CURVE ( 'NONE', #1528, #2357, #878, .T. ) ;
#2540 = FACE_OUTER_BOUND ( 'NONE', #131, .T. ) ;
#2541 = CARTESIAN_POINT ( 'NONE',  ( -3.174999999999999822, -2.033577675846919714E-15, 2.629296874999995204 ) ) ;
#2542 = DIRECTION ( 'NONE',  ( -1.733406087350419758E-16, 1.000000000000000000, 0.000000000000000000 ) ) ;
#2543 = EDGE_CURVE ( 'NONE', #805, #2627, #3049, .T. ) ;
#2544 = CARTESIAN_POINT ( 'NONE',  ( -1.332227213858602877, 2.595732089420464739, 0.2579266360820863802 ) ) ;
#2545 = CARTESIAN_POINT ( 'NONE',  ( 1.697614219142856040, 2.259319811699366021, 0.1607491531700214471 ) ) ;
#2546 = CARTESIAN_POINT ( 'NONE',  ( 2.303146282015605006, 1.329722125904769792, 5.076692708333329307 ) ) ;
#2547 = VERTEX_POINT ( 'NONE', #1821 ) ;
#2548 = CYLINDRICAL_SURFACE ( 'NONE', #2962, 3.174999999999999822 ) ;
#2549 = CARTESIAN_POINT ( 'NONE',  ( 3.666174209354122304, -6.734652765903157171E-16, 3.720703124999990230 ) ) ;
#2550 = ORIENTED_EDGE ( 'NONE', *, *, #771, .F. ) ;
#2551 = CARTESIAN_POINT ( 'NONE',  ( -1.303081185094961941E-14, -2.659444251809579551, 4.018359374999995737 ) ) ;
#2552 = ORIENTED_EDGE ( 'NONE', *, *, #1075, .F. ) ;
#2553 = CARTESIAN_POINT ( 'NONE',  ( 0.000000000000000000, 0.000000000000000000, 6.349999999999999645 ) ) ;
#2554 = DIRECTION ( 'NONE',  ( 0.000000000000000000, 0.000000000000000000, -1.000000000000000000 ) ) ;
#2555 = FACE_OUTER_BOUND ( 'NONE', #2410, .T. ) ;
#2556 = VECTOR ( 'NONE', #2398, 1000.000000000000000 ) ;
#2557 = SHAPE_DEFINITION_REPRESENTATION ( #1392, #1134 ) ;
#2558 = CARTESIAN_POINT ( 'NONE',  ( -2.121131823801313931, 2.042685929371010012, 0.2853220469737700049 ) ) ;
#2559 = VECTOR ( 'NONE', #1400, 1000.000000000000000 ) ;
#2560 = AXIS2_PLACEMENT_3D ( 'NONE', #380, #1622, #2576 ) ;
#2561 = CARTESIAN_POINT ( 'NONE',  ( 2.401113491474668571, 1.410856691953446429, 0.1248576880602352557 ) ) ;
#2562 = CARTESIAN_POINT ( 'NONE',  ( 0.000000000000000000, 0.000000000000000000, 0.000000000000000000 ) ) ;
#2563 = ORIENTED_EDGE ( 'NONE', *, *, #99, .F. ) ;
#2564 = APPROVAL_PERSON_ORGANIZATION ( #2336, #949, #166 ) ;
#2565 = VECTOR ( 'NONE', #965, 1000.000000000000000 ) ;
#2566 = LINE ( 'NONE', #1875, #162 ) ;
#2567 = CARTESIAN_POINT ( 'NONE',  ( -2.749630657015595059, 1.587499999999999911, 2.463932291666659946 ) ) ;
#2568 = VERTEX_POINT ( 'NONE', #1046 ) ;
#2569 = CARTESIAN_POINT ( 'NONE',  ( 0.000000000000000000, 0.000000000000000000, 0.000000000000000000 ) ) ;
#2570 = CARTESIAN_POINT ( 'NONE',  ( -0.1617282532903463188, -2.755659661365025048, 0.1009360449808321403 ) ) ;
#2571 = EDGE_LOOP ( 'NONE', ( #1133, #892, #2112, #356 ) ) ;
#2572 = CARTESIAN_POINT ( 'NONE',  ( 0.000000000000000000, 0.000000000000000000, 15.74800000000000111 ) ) ;
#2573 = CARTESIAN_POINT ( 'NONE',  ( 0.000000000000000000, 3.174999999999999822, 0.8433593749999981348 ) ) ;
#2574 = CARTESIAN_POINT ( 'NONE',  ( 3.070861709354126390, -5.641081444477046245E-16, 1.835546875000000133 ) ) ;
#2575 = CARTESIAN_POINT ( 'NONE',  ( -2.566524705259269012, 1.482786395173291805, 0.3039452483267630067 ) ) ;
#2576 = DIRECTION ( 'NONE',  ( 1.000000000000000000, 0.000000000000000000, 0.000000000000000000 ) ) ;
#2577 = CARTESIAN_POINT ( 'NONE',  ( -2.279815923342600064E-15, -2.659444251809579551, 3.125390625000000089 ) ) ;
#2578 = VERTEX_POINT ( 'NONE', #2771 ) ;
#2579 = ADVANCED_FACE ( 'NONE', ( #2797 ), #2818, .T. ) ;
#2580 = CARTESIAN_POINT ( 'NONE',  ( 3.174999999999999822, -5.810221930991189253E-17, 1.438671874999996270 ) ) ;
#2581 = CARTESIAN_POINT ( 'NONE',  ( -3.666174209354122304, 2.244884255301054691E-16, 1.736328124999997113 ) ) ;
#2582 = ORIENTED_EDGE ( 'NONE', *, *, #311, .T. ) ;
#2583 = FACE_OUTER_BOUND ( 'NONE', #2824, .T. ) ;
#2584 = ADVANCED_FACE ( 'NONE', ( #1382 ), #2350, .T. ) ;
#2585 = CARTESIAN_POINT ( 'NONE',  ( 0.000000000000000000, 0.000000000000000000, 9.525000000000000355 ) ) ;
#2586 = ORIENTED_EDGE ( 'NONE', *, *, #1933, .T. ) ;
#2587 = CARTESIAN_POINT ( 'NONE',  ( 1.535430854677072521, 2.659444251809572890, 3.456119791666665275 ) ) ;
#2588 = CARTESIAN_POINT ( 'NONE',  ( 1.833087104677061152, -3.175000000000002043, 1.306380208333330462 ) ) ;
#2589 = CARTESIAN_POINT ( 'NONE',  ( 0.000000000000000000, 0.000000000000000000, 0.000000000000000000 ) ) ;
#2590 = CARTESIAN_POINT ( 'NONE',  ( -3.174999999999999822, 3.486133158594715228E-15, 1.835546874999995026 ) ) ;
#2591 = CARTESIAN_POINT ( 'NONE',  ( -2.659444251809579551, 3.486133158594715031E-16, 0.5457031250000049516 ) ) ;
#2592 = CARTESIAN_POINT ( 'NONE',  ( -1.459608957177969703E-13, 2.659444251809579551, 6.002734375000001066 ) ) ;
#2593 = CARTESIAN_POINT ( 'NONE',  ( -2.749630657015589730, 1.587499999999999911, 0.8764322916666650309 ) ) ;
#2594 = VERTEX_POINT ( 'NONE', #400 ) ;
#2595 = CARTESIAN_POINT ( 'NONE',  ( 1.833087104677061152, 3.174999999999995826, 2.265494791666663232 ) ) ;
#2596 = ORIENTED_EDGE ( 'NONE', *, *, #1201, .T. ) ;
#2597 = CARTESIAN_POINT ( 'NONE',  ( 2.303146282015585022, -1.329722125904803987, 4.944401041666659502 ) ) ;
#2598 = ADVANCED_FACE ( 'NONE', ( #350 ), #195, .F. ) ;
#2599 = ORIENTED_EDGE ( 'NONE', *, *, #695, .F. ) ;
#2600 = DIRECTION ( 'NONE',  ( 0.000000000000000000, 0.000000000000000000, 1.000000000000000000 ) ) ;
#2601 = CARTESIAN_POINT ( 'NONE',  ( 3.666174209354122304, -6.734652765903157171E-16, 2.232421874999995559 ) ) ;
#2602 = VERTEX_POINT ( 'NONE', #2003 ) ;
#2603 = CARTESIAN_POINT ( 'NONE',  ( 1.535430854677063195, 2.659444251809578219, 0.2716794583333383972 ) ) ;
#2604 = CARTESIAN_POINT ( 'NONE',  ( 3.110602869834275287E-15, 3.174999999999999822, 3.125390624999995204 ) ) ;
#2605 = CARTESIAN_POINT ( 'NONE',  ( -5.834444251809580706, 7.145133477782269391E-16, 3.175000000000034905 ) ) ;
#2606 = AXIS2_PLACEMENT_3D ( 'NONE', #205, #2795, #1862 ) ;
#2607 = CARTESIAN_POINT ( 'NONE',  ( 0.000000000000000000, 0.000000000000000000, -3.692015513676624920E-19 ) ) ;
#2608 = VERTEX_POINT ( 'NONE', #2320 ) ;
#2609 = VECTOR ( 'NONE', #2847, 1000.000000000000000 ) ;
#2610 = CARTESIAN_POINT ( 'NONE',  ( 4.559631846685200127E-15, 2.659444251809579551, 5.903515624999990052 ) ) ;
#2611 = CARTESIAN_POINT ( 'NONE',  ( -1.833087104677061152, 3.175000000000002043, 5.572786458333323978 ) ) ;
#2612 = CARTESIAN_POINT ( 'NONE',  ( 0.000000000000000000, 2.659444251809579551, 3.522265624999999734 ) ) ;
#2613 = ORIENTED_EDGE ( 'NONE', *, *, #895, .T. ) ;
#2614 = CARTESIAN_POINT ( 'NONE',  ( 2.790321339385599231, -1.369956036437429914, 0.4489717779164285605 ) ) ;
#2615 = ORIENTED_EDGE ( 'NONE', *, *, #1989, .T. ) ;
#2616 = CARTESIAN_POINT ( 'NONE',  ( 4.762500000000000178, 5.832380380939270108E-16, 9.525000000000000355 ) ) ;
#2617 = CARTESIAN_POINT ( 'NONE',  ( 0.000000000000000000, 3.174999999999999822, 2.430859374999994937 ) ) ;
#2618 = ADVANCED_FACE ( 'NONE', ( #1348 ), #666, .F. ) ;
#2619 = CARTESIAN_POINT ( 'NONE',  ( -3.256879890489429719E-16, -2.659444251809579551, 0.8433593750000030198 ) ) ;
#2620 = CARTESIAN_POINT ( 'NONE',  ( 2.749630657015595059, 1.587499999999999911, -0.1015629583333329949 ) ) ;
#2621 = CARTESIAN_POINT ( 'NONE',  ( 2.659444251809579551, -1.045839947578413819E-15, 0.2480468750000040246 ) ) ;
#2622 = CARTESIAN_POINT ( 'NONE',  ( -1.742566491433969875E-13, 3.174999999999999822, 6.300390624999989697 ) ) ;
#2623 = CARTESIAN_POINT ( 'NONE',  ( 3.174999999999999822, -5.171097518582160185E-15, 4.613671874999989875 ) ) ;
#2624 = ORIENTED_EDGE ( 'NONE', *, *, #354, .F. ) ;
#2625 = CARTESIAN_POINT ( 'NONE',  ( 3.666174209354122304, -6.734652765903157171E-16, 6.101953124999983658 ) ) ;
#2626 = CARTESIAN_POINT ( 'NONE',  ( 2.303146282015595236, 1.329722125904786001, 3.389973958333329929 ) ) ;
#2627 = VERTEX_POINT ( 'NONE', #614 ) ;
#2628 = CARTESIAN_POINT ( 'NONE',  ( 2.513282460671456331, -1.756588782694834094, 0.4063999505562739256 ) ) ;
#2629 = VERTEX_POINT ( 'NONE', #1033 ) ;
#2630 = CARTESIAN_POINT ( 'NONE',  ( 1.535430854677058976, -2.659444251809578219, 2.397786458333333925 ) ) ;
#2631 = CARTESIAN_POINT ( 'NONE',  ( 1.833087104677061152, 3.174999999999995826, 2.364713541666660035 ) ) ;
#2632 = CYLINDRICAL_SURFACE ( 'NONE', #2415, 2.659444251809579551 ) ;
#2633 = CARTESIAN_POINT ( 'NONE',  ( 1.769268856503220189, -1.985530519002615346, 0.000000000000000000 ) ) ;
#2634 = EDGE_CURVE ( 'NONE', #1319, #1662, #1755, .T. ) ;
#2635 = CARTESIAN_POINT ( 'NONE',  ( -1.166476076187854022E-15, -3.174999999999999822, 1.141015624999998090 ) ) ;
#2636 = CARTESIAN_POINT ( 'NONE',  ( 3.174999999999999822, 0.000000000000000000, 0.000000000000000000 ) ) ;
#2637 = EDGE_CURVE ( 'NONE', #1581, #2643, #97, .T. ) ;
#2638 = EDGE_CURVE ( 'NONE', #2328, #776, #2664, .T. ) ;
#2639 = CARTESIAN_POINT ( 'NONE',  ( -3.174999999999999822, 6.275039685470489619E-15, 5.010546874999990408 ) ) ;
#2640 = ORIENTED_EDGE ( 'NONE', *, *, #711, .T. ) ;
#2641 = CARTESIAN_POINT ( 'NONE',  ( 1.833087104677061152, 3.174999999999995826, 4.646744791666657548 ) ) ;
#2642 = CARTESIAN_POINT ( 'NONE',  ( -3.070861709354126390, 1.880360481492350803E-16, 3.720703124999996003 ) ) ;
#2643 = VERTEX_POINT ( 'NONE', #2005 ) ;
#2644 = CARTESIAN_POINT ( 'NONE',  ( 2.700113841753828403, -1.511536948680757497, 0.4340310617301449403 ) ) ;
#2645 = ORIENTED_EDGE ( 'NONE', *, *, #171, .F. ) ;
#2646 = CARTESIAN_POINT ( 'NONE',  ( -1.535430854677058976, 2.659444251809578219, 3.588411458333331083 ) ) ;
#2647 = CARTESIAN_POINT ( 'NONE',  ( -3.666174209354122304, 2.244884255301054691E-16, 5.010546874999991296 ) ) ;
#2648 = CARTESIAN_POINT ( 'NONE',  ( 1.535430854677060752, -2.659444251809578219, 4.084505208333329307 ) ) ;
#2649 = CYLINDRICAL_SURFACE ( 'NONE', #64, 3.174999999999999822 ) ;
#2650 = LINE ( 'NONE', #487, #1853 ) ;
#2651 = CC_DESIGN_PERSON_AND_ORGANIZATION_ASSIGNMENT ( #2072, #1367, ( #1771 ) ) ;
#2652 = CARTESIAN_POINT ( 'NONE',  ( 1.031399486484763761, -2.451297376444149911, 6.349999999999999645 ) ) ;
#2653 = CARTESIAN_POINT ( 'NONE',  ( -1.833087104677060930, 3.175000000000007372, 4.878255208333325932 ) ) ;
#2654 = VERTEX_POINT ( 'NONE', #601 ) ;
#2655 = DIRECTION ( 'NONE',  ( 1.000000000000000000, 0.000000000000000000, 0.000000000000000000 ) ) ;
#2656 = CARTESIAN_POINT ( 'NONE',  ( 2.749630657015599944, 1.587499999999999911, 3.886067708333324600 ) ) ;
#2657 = ADVANCED_FACE ( 'NONE', ( #1553 ), #1541, .T. ) ;
#2658 = AXIS2_PLACEMENT_3D ( 'NONE', #2869, #2384, #746 ) ;
#2659 = CARTESIAN_POINT ( 'NONE',  ( 1.833087104677061152, -3.175000000000002043, 5.969661458333323623 ) ) ;
#2660 = CARTESIAN_POINT ( 'NONE',  ( -1.535430854677063195, 2.659444251809578219, 5.969661458333323623 ) ) ;
#2661 = ORIENTED_EDGE ( 'NONE', *, *, #2099, .F. ) ;
#2662 = AXIS2_PLACEMENT_3D ( 'NONE', #1239, #548, #1290 ) ;
#2663 = DIRECTION ( 'NONE',  ( -1.000000000000000000, 0.000000000000000000, 0.000000000000000000 ) ) ;
#2664 = CIRCLE ( 'NONE', #2711, 2.659444251809579551 ) ;
#2665 = ORIENTED_EDGE ( 'NONE', *, *, #2719, .T. ) ;
#2666 = CARTESIAN_POINT ( 'NONE',  ( -2.749630657015595059, -1.587499999999999911, 5.076692708333319537 ) ) ;
#2667 = CARTESIAN_POINT ( 'NONE',  ( -1.535430854677063195, 2.659444251809578219, 4.481380208333329840 ) ) ;
#2668 = DIRECTION ( 'NONE',  ( 1.000000000000000000, 0.000000000000000000, 0.000000000000000000 ) ) ;
#2669 = DIRECTION ( 'NONE',  ( 1.000000000000000000, 0.000000000000000000, 0.000000000000000000 ) ) ;
#2670 = DIRECTION ( 'NONE',  ( 0.000000000000000000, 0.000000000000000000, 1.000000000000000000 ) ) ;
#2671 =( NAMED_UNIT ( * ) SI_UNIT ( $, .STERADIAN. ) SOLID_ANGLE_UNIT ( ) );
#2672 = CARTESIAN_POINT ( 'NONE',  ( 3.175000000000003375, -0.8507386859688157443, 5.272755679751290891 ) ) ;
#2673 = CARTESIAN_POINT ( 'NONE',  ( -1.833087104677061152, -3.174999999999995826, 4.249869791666656127 ) ) ;
#2674 = CARTESIAN_POINT ( 'NONE',  ( -3.256879890489429719E-16, -2.659444251809579551, 3.125390625000000089 ) ) ;
#2675 = ORIENTED_EDGE ( 'NONE', *, *, #1871, .F. ) ;
#2676 = EDGE_CURVE ( 'NONE', #2027, #1968, #2226, .T. ) ;
#2677 = CARTESIAN_POINT ( 'NONE',  ( -2.971327992603770085E-13, 2.659444251809579551, 6.697265625000009770 ) ) ;
#2678 = ORIENTED_EDGE ( 'NONE', *, *, #3092, .F. ) ;
#2679 = EDGE_CURVE ( 'NONE', #3027, #1895, #1014, .T. ) ;
#2680 = CARTESIAN_POINT ( 'NONE',  ( 3.175000000000002043, 0.8507386859688139680, 2.267869320248698362 ) ) ;
#2681 = CARTESIAN_POINT ( 'NONE',  ( 0.000000000000000000, 2.659444251809579551, 0.3472656250000050182 ) ) ;
#2682 = CARTESIAN_POINT ( 'NONE',  ( 1.535430854677063195, 2.659444251809578219, 5.936588541666656837 ) ) ;
#2683 = CARTESIAN_POINT ( 'NONE',  ( 0.000000000000000000, 0.000000000000000000, 0.000000000000000000 ) ) ;
#2684 = CARTESIAN_POINT ( 'NONE',  ( -2.316322319549401154, -2.007135681516969417, 0.4024916300113877687 ) ) ;
#2685 = DIRECTION ( 'NONE',  ( 1.000000000000000000, 0.000000000000000000, 0.000000000000000000 ) ) ;
#2686 = CARTESIAN_POINT ( 'NONE',  ( 2.659444251809577775, -0.7125959395879750691, 4.082130679751299063 ) ) ;
#2687 = CARTESIAN_POINT ( 'NONE',  ( -1.368218782904749973E-14, -2.659444251809579551, 5.506640624999990408 ) ) ;
#2688 = CARTESIAN_POINT ( 'NONE',  ( 0.000000000000000000, 0.000000000000000000, 0.000000000000000000 ) ) ;
#2689 = CARTESIAN_POINT ( 'NONE',  ( 2.286000000000000032, 1.250950000000000006, 15.74800000000000111 ) ) ;
#2690 = ORIENTED_EDGE ( 'NONE', *, *, #1685, .T. ) ;
#2691 = CARTESIAN_POINT ( 'NONE',  ( -2.749630657015599944, -1.587499999999999911, 5.771223958333320248 ) ) ;
#2692 = ORIENTED_EDGE ( 'NONE', *, *, #2528, .T. ) ;
#2693 = PLANE ( 'NONE',  #2662 ) ;
#2694 = CARTESIAN_POINT ( 'NONE',  ( -2.303146282015595236, -1.329722125904787777, 2.199348958333334991 ) ) ;
#2695 = ADVANCED_FACE ( 'NONE', ( #1507 ), #2952, .T. ) ;
#2696 = CARTESIAN_POINT ( 'NONE',  ( 3.070861709354126390, -5.641081444477046245E-16, 3.423046874999998490 ) ) ;
#2697 = CARTESIAN_POINT ( 'NONE',  ( -3.174999999999999822, 0.8507386859688149672, 2.494630679751290714 ) ) ;
#2698 = FACE_OUTER_BOUND ( 'NONE', #256, .T. ) ;
#2699 = CARTESIAN_POINT ( 'NONE',  ( -0.7993683792681459677, -3.009674772486819805, 0.4515911209374275370 ) ) ;
#2700 =( BOUNDED_CURVE ( )  B_SPLINE_CURVE ( 2, ( #1269, #114, #1020, #573, #84, #1066, #2987, #2749, #1525 ),
 .UNSPECIFIED., .F., .F. ) 
 B_SPLINE_CURVE_WITH_KNOTS ( ( 3, 2, 2, 2, 3 ),
 ( 0.6388888888888889506, 0.6481481481481480289, 0.6666666666666670737, 0.6851851851851850084, 0.6944444444444450859 ),
 .UNSPECIFIED. ) 
 CURVE ( )  GEOMETRIC_REPRESENTATION_ITEM ( )  RATIONAL_B_SPLINE_CURVE ( ( 0.9330127018922189652, 0.9330127018922199644, 1.000000000000000000, 0.8660254037844389297, 1.000000000000000000, 0.8660254037844389297, 1.000000000000000000, 0.9330127018922189652, 0.9330127018922189652 ) ) 
 REPRESENTATION_ITEM ( '' )  );
#2701 = CARTESIAN_POINT ( 'NONE',  ( -2.303146282015595236, -1.329722125904786001, 0.7110677083333359905 ) ) ;
#2702 = CARTESIAN_POINT ( 'NONE',  ( -1.633459559367229821E-14, -3.174999999999999822, 5.208984374999990230 ) ) ;
#2703 = CARTESIAN_POINT ( 'NONE',  ( 2.409224382874990411, -1.203974120584300866, 0.03343679133604304798 ) ) ;
#2704 = CARTESIAN_POINT ( 'NONE',  ( 0.000000000000000000, 0.000000000000000000, -7.384031027353249839E-19 ) ) ;
#2705 = ORIENTED_EDGE ( 'NONE', *, *, #1241, .T. ) ;
#2706 = DIRECTION ( 'NONE',  ( 0.000000000000000000, 0.000000000000000000, -1.000000000000000000 ) ) ;
#2707 = VECTOR ( 'NONE', #3066, 1000.000000000000000 ) ;
#2708 = ORIENTED_EDGE ( 'NONE', *, *, #2506, .T. ) ;
#2709 = CARTESIAN_POINT ( 'NONE',  ( 2.749630657015595059, 1.587499999999999911, 2.298567708333330017 ) ) ;
#2710 = CARTESIAN_POINT ( 'NONE',  ( -1.833087104677061152, 3.175000000000002043, 6.465755208333317405 ) ) ;
#2711 = AXIS2_PLACEMENT_3D ( 'NONE', #2704, #845, #801 ) ;
#2712 = CARTESIAN_POINT ( 'NONE',  ( -2.303146282015595236, 1.329722125904789776, 5.341276041666659147 ) ) ;
#2713 = CARTESIAN_POINT ( 'NONE',  ( 1.535430854677056534, -2.659444251809578219, 4.779036458333328241 ) ) ;
#2714 = LOCAL_TIME ( 18, 49, 26.00000000000000000, #853 ) ;
#2715 =( BOUNDED_CURVE ( )  B_SPLINE_CURVE ( 2, ( #2052, #3008, #164, #2288, #2745 ),
 .UNSPECIFIED., .F., .F. ) 
 B_SPLINE_CURVE_WITH_KNOTS ( ( 3, 2, 3 ),
 ( 0.8611111111111110494, 0.8703703703703699057, 0.8817978843453340154 ),
 .UNSPECIFIED. ) 
 CURVE ( )  GEOMETRIC_REPRESENTATION_ITEM ( )  RATIONAL_B_SPLINE_CURVE ( ( 0.9330127018922189652, 0.9330127018922199644, 1.000000000000000000, 0.9173261851906510111, 0.9366860371838239274 ) ) 
 REPRESENTATION_ITEM ( '' )  );
#2716 = EDGE_CURVE ( 'NONE', #3060, #409, #1769, .T. ) ;
#2717 = CARTESIAN_POINT ( 'NONE',  ( -4.762500000000000178, 0.000000000000000000, 9.525000000000000355 ) ) ;
#2718 = CARTESIAN_POINT ( 'NONE',  ( -3.174999999999999822, 5.577813053751549571E-15, 4.117578124999989875 ) ) ;
#2719 = EDGE_CURVE ( 'NONE', #1756, #1745, #2700, .T. ) ;
#2720 = CARTESIAN_POINT ( 'NONE',  ( 1.535430854677058976, -2.659444251809578219, 1.703255208333333881 ) ) ;
#2721 = CARTESIAN_POINT ( 'NONE',  ( 2.749630657015595059, 1.587499999999999911, 1.504817708333330062 ) ) ;
#2722 = CARTESIAN_POINT ( 'NONE',  ( 2.749630657015589730, -1.587499999999999911, 2.067057291666659857 ) ) ;
#2723 = CARTESIAN_POINT ( 'NONE',  ( 1.535430854677060752, -2.659444251809578219, 7.160286458333327886 ) ) ;
#2724 = EDGE_LOOP ( 'NONE', ( #1677, #2535 ) ) ;
#2725 = CARTESIAN_POINT ( 'NONE',  ( 1.305284370529798954, -2.362659275248056190, 6.350000000000002309 ) ) ;
#2726 = ORIENTED_EDGE ( 'NONE', *, *, #2866, .F. ) ;
#2727 = CYLINDRICAL_SURFACE ( 'NONE', #1106, 4.762500000000000178 ) ;
#2728 = CARTESIAN_POINT ( 'NONE',  ( -1.535430854677063195, -2.659444251809578219, 2.265494791666668561 ) ) ;
#2729 = CARTESIAN_POINT ( 'NONE',  ( 0.000000000000000000, 3.174999999999999822, -0.04960937499999999722 ) ) ;
#2730 = CARTESIAN_POINT ( 'NONE',  ( -3.175000000000002043, -0.8507386859688010894, 5.839744320248684062 ) ) ;
#2731 = DIRECTION ( 'NONE',  ( 0.000000000000000000, 0.000000000000000000, -1.000000000000000000 ) ) ;
#2732 = CARTESIAN_POINT ( 'NONE',  ( 0.1246544554931709042, -3.131688671488959130, 0.4746893443920008337 ) ) ;
#2733 = LINE ( 'NONE', #538, #1068 ) ;
#2734 = CARTESIAN_POINT ( 'NONE',  ( 2.659444251809579551, 0.000000000000000000, 0.000000000000000000 ) ) ;
#2735 = ADVANCED_FACE ( 'NONE', ( #1568 ), #340, .T. ) ;
#2736 = CARTESIAN_POINT ( 'NONE',  ( 2.303146282015595236, 1.329722125904786001, 7.358723958333319715 ) ) ;
#2737 = VERTEX_POINT ( 'NONE', #1252 ) ;
#2738 = CARTESIAN_POINT ( 'NONE',  ( 2.659444251809577775, 0.7125959395879674085, 1.771775570248703691 ) ) ;
#2739 =( BOUNDED_CURVE ( )  B_SPLINE_CURVE ( 2, ( #1966, #92, #1261, #1533, #1074, #827, #1058, #1981, #331 ),
 .UNSPECIFIED., .F., .F. ) 
 B_SPLINE_CURVE_WITH_KNOTS ( ( 3, 2, 2, 2, 3 ),
 ( 0.1944444444444445030, 0.2037037037037034981, 0.2222222222222219878, 0.2407407407407410049, 0.2500000000000000000 ),
 .UNSPECIFIED. ) 
 CURVE ( )  GEOMETRIC_REPRESENTATION_ITEM ( )  RATIONAL_B_SPLINE_CURVE ( ( 0.9330127018922189652, 0.9330127018922189652, 1.000000000000000000, 0.8660254037844389297, 1.000000000000000000, 0.8660254037844389297, 1.000000000000000000, 0.9330127018922189652, 0.9330127018922189652 ) ) 
 REPRESENTATION_ITEM ( '' )  );
#2740 = ORIENTED_EDGE ( 'NONE', *, *, #389, .T. ) ;
#2741 = CARTESIAN_POINT ( 'NONE',  ( -1.833087104677060930, -3.174999999999990052, 3.456119791666659946 ) ) ;
#2742 = CARTESIAN_POINT ( 'NONE',  ( 1.833087104677061152, -3.175000000000002043, 3.588411458333325310 ) ) ;
#2743 = ORIENTED_EDGE ( 'NONE', *, *, #522, .T. ) ;
#2744 = CARTESIAN_POINT ( 'NONE',  ( -2.659444251809579551, 2.905110965495594380E-16, 0.6449218750000029754 ) ) ;
#2745 = CARTESIAN_POINT ( 'NONE',  ( 1.231344995240934104, 2.926502093403505089, 6.350000000000000533 ) ) ;
#2746 = CARTESIAN_POINT ( 'NONE',  ( 2.659444251809579551, -2.324088772396479843E-15, 1.835546874999999911 ) ) ;
#2747 = CC_DESIGN_PERSON_AND_ORGANIZATION_ASSIGNMENT ( #1296, #2250, ( #2393 ) ) ;
#2748 = CARTESIAN_POINT ( 'NONE',  ( 2.366653280597922571, 1.471348177172421501, 0.1269638444361674001 ) ) ;
#2749 = CARTESIAN_POINT ( 'NONE',  ( -2.659444251809577775, 0.7125959395879770675, 4.578224429751295510 ) ) ;
#2750 = ORIENTED_EDGE ( 'NONE', *, *, #522, .F. ) ;
#2751 = EDGE_CURVE ( 'NONE', #1662, #1021, #225, .T. ) ;
#2752 = CARTESIAN_POINT ( 'NONE',  ( -1.535430854677058976, 2.659444251809578219, 2.000911458333332948 ) ) ;
#2753 = ORIENTED_EDGE ( 'NONE', *, *, #1727, .T. ) ;
#2754 = CARTESIAN_POINT ( 'NONE',  ( -0.2125492896243142416, -2.747022587492073953, 0.09574826974228883847 ) ) ;
#2755 = ORIENTED_EDGE ( 'NONE', *, *, #121, .F. ) ;
#2756 = AXIS2_PLACEMENT_3D ( 'NONE', #1974, #2706, #2663 ) ;
#2757 = CARTESIAN_POINT ( 'NONE',  ( -1.535430854677058976, 2.659444251809578219, 0.5126302083333361681 ) ) ;
#2758 = DIRECTION ( 'NONE',  ( 0.000000000000000000, 0.000000000000000000, 1.000000000000000000 ) ) ;
#2759 = AXIS2_PLACEMENT_3D ( 'NONE', #3023, #417, #2786 ) ;
#2760 = COORDINATED_UNIVERSAL_TIME_OFFSET ( 10, 0, .AHEAD. ) ;
#2761 = FACE_OUTER_BOUND ( 'NONE', #326, .T. ) ;
#2762 = CARTESIAN_POINT ( 'NONE',  ( 2.069935816182521648, 1.889740739483285692, 0.1432602710608547047 ) ) ;
#2763 = CARTESIAN_POINT ( 'NONE',  ( -2.659444251809575555, -0.7125959395879635228, 2.962400570248697296 ) ) ;
#2764 = ORIENTED_EDGE ( 'NONE', *, *, #374, .F. ) ;
#2765 = CARTESIAN_POINT ( 'NONE',  ( 1.231344995240934104, 2.926502093403505089, 6.349999999999999645 ) ) ;
#2766 = ADVANCED_FACE ( 'NONE', ( #1132 ), #657, .F. ) ;
#2767 = ORIENTED_EDGE ( 'NONE', *, *, #1534, .T. ) ;
#2768 = CARTESIAN_POINT ( 'NONE',  ( -1.477929415875513847E-14, -3.174999999999999822, 3.522265624999994849 ) ) ;
#2769 = EDGE_CURVE ( 'NONE', #3044, #1389, #2057, .T. ) ;
#2770 = FACE_OUTER_BOUND ( 'NONE', #1906, .T. ) ;
#2771 = CARTESIAN_POINT ( 'NONE',  ( 1.231344995240934104, 2.926502093403505089, 6.349999999999999645 ) ) ;
#2772 = CARTESIAN_POINT ( 'NONE',  ( 2.659444251809577775, -0.7125959395879770675, 5.768849429751291780 ) ) ;
#2773 = APPROVAL_STATUS ( 'not_yet_approved' ) ;
#2774 = CARTESIAN_POINT ( 'NONE',  ( -2.085406849710045751, 2.077288831056249840, 0.2839580089159799425 ) ) ;
#2775 = CARTESIAN_POINT ( 'NONE',  ( 1.968100420938386108, 2.002409569238638554, 0.1482336234418002441 ) ) ;
#2776 = CARTESIAN_POINT ( 'NONE',  ( 2.659444251809577775, -0.7125959395879727376, 3.288380679751297997 ) ) ;
#2777 = ORIENTED_EDGE ( 'NONE', *, *, #251, .T. ) ;
#2778 = CARTESIAN_POINT ( 'NONE',  ( 4.665904304751420031E-15, 3.174999999999999822, 4.712890624999990230 ) ) ;
#2779 = ORIENTED_EDGE ( 'NONE', *, *, #1102, .F. ) ;
#2780 = CARTESIAN_POINT ( 'NONE',  ( 1.898319602758143709, -2.312588790976690678, 0.3249517974270602627 ) ) ;
#2781 = CC_DESIGN_DATE_AND_TIME_ASSIGNMENT ( #2802, #137, ( #2310 ) ) ;
#2782 = ORIENTED_EDGE ( 'NONE', *, *, #3019, .T. ) ;
#2783 = DIRECTION ( 'NONE',  ( 0.000000000000000000, 0.000000000000000000, 1.000000000000000000 ) ) ;
#2784 = CARTESIAN_POINT ( 'NONE',  ( 2.659444251809579551, -4.241462009623570299E-15, 4.911328125000000711 ) ) ;
#2785 = EDGE_CURVE ( 'NONE', #1473, #709, #393, .T. ) ;
#2786 = DIRECTION ( 'NONE',  ( 1.000000000000000000, 0.000000000000000000, 0.000000000000000000 ) ) ;
#2787 = DATE_AND_TIME ( #627, #1420 ) ;
#2788 = CARTESIAN_POINT ( 'NONE',  ( -2.477835287735814518, 1.618171551705313016, 0.2999708787978171420 ) ) ;
#2789 = CARTESIAN_POINT ( 'NONE',  ( 2.422689375737290263, 1.370605851850170920, 0.1235375232982388743 ) ) ;
#2790 = DIRECTION ( 'NONE',  ( 0.000000000000000000, -0.8660254037844339337, 0.5000000000000079936 ) ) ;
#2791 = ORIENTED_EDGE ( 'NONE', *, *, #840, .F. ) ;
#2792 = DIRECTION ( 'NONE',  ( 0.000000000000000000, 0.000000000000000000, 1.000000000000000000 ) ) ;
#2793 = CARTESIAN_POINT ( 'NONE',  ( -3.888253587292845095E-16, -3.174999999999999822, 1.934765624999995159 ) ) ;
#2794 = ORIENTED_EDGE ( 'NONE', *, *, #2161, .T. ) ;
#2795 = DIRECTION ( 'NONE',  ( 0.000000000000000000, 0.000000000000000000, 1.000000000000000000 ) ) ;
#2796 = CARTESIAN_POINT ( 'NONE',  ( -0.1494993017370170874, -2.757574093660026371, 0.1021762582669583780 ) ) ;
#2797 = FACE_OUTER_BOUND ( 'NONE', #478, .T. ) ;
#2798 = AXIS2_PLACEMENT_3D ( 'NONE', #2166, #1192, #2870 ) ;
#2799 = CARTESIAN_POINT ( 'NONE',  ( 0.000000000000000000, 2.659444251809579551, 0.4464843750000035416 ) ) ;
#2800 = DIRECTION ( 'NONE',  ( 1.000000000000000000, 0.000000000000000000, 0.000000000000000000 ) ) ;
#2801 = EDGE_CURVE ( 'NONE', #353, #174, #1580, .T. ) ;
#2802 = DATE_AND_TIME ( #2518, #2966 ) ;
#2803 = CARTESIAN_POINT ( 'NONE',  ( -2.757129357410732506, 1.114790509222578940, 0.3145234599121361496 ) ) ;
#2804 = DIRECTION ( 'NONE',  ( 0.000000000000000000, 0.000000000000000000, -1.000000000000000000 ) ) ;
#2805 = ADVANCED_FACE ( 'NONE', ( #153 ), #1605, .T. ) ;
#2806 = CARTESIAN_POINT ( 'NONE',  ( 2.659444251809579551, 1.743066579297359981E-16, 1.736328125000005107 ) ) ;
#2807 = ORIENTED_EDGE ( 'NONE', *, *, #2634, .F. ) ;
#2808 = AXIS2_PLACEMENT_3D ( 'NONE', #2233, #2247, #2965 ) ;
#2809 =( BOUNDED_CURVE ( )  B_SPLINE_CURVE ( 2, ( #1467, #2730, #2421, #279, #1228, #995, #2113, #521, #1216 ),
 .UNSPECIFIED., .F., .F. ) 
 B_SPLINE_CURVE_WITH_KNOTS ( ( 3, 2, 2, 2, 3 ),
 ( 0.8055555555555560243, 0.8148148148148149916, 0.8333333333333330373, 0.8518518518518520821, 0.8611111111111110494 ),
 .UNSPECIFIED. ) 
 CURVE ( )  GEOMETRIC_REPRESENTATION_ITEM ( )  RATIONAL_B_SPLINE_CURVE ( ( 0.9330127018922189652, 0.9330127018922199644, 1.000000000000000000, 0.8660254037844389297, 1.000000000000000000, 0.8660254037844389297, 1.000000000000000000, 0.9330127018922189652, 0.9330127018922189652 ) ) 
 REPRESENTATION_ITEM ( '' )  );
#2810 = CARTESIAN_POINT ( 'NONE',  ( 3.174999999999999822, -3.486133158594715622E-15, 3.026171874999994849 ) ) ;
#2811 = CARTESIAN_POINT ( 'NONE',  ( -1.833087104677061152, -3.174999999999995826, 2.662369791666658880 ) ) ;
#2812 = ORIENTED_EDGE ( 'NONE', *, *, #2801, .F. ) ;
#2813 = DIRECTION ( 'NONE',  ( 0.000000000000000000, 0.000000000000000000, 1.000000000000000000 ) ) ;
#2814 = CARTESIAN_POINT ( 'NONE',  ( 2.482817056023258306, -1.791756022789079639, 0.4021208035751565602 ) ) ;
#2815 =( BOUNDED_CURVE ( )  B_SPLINE_CURVE ( 2, ( #839, #1794, #2436, #60, #864, #3021, #415, #877, #1616 ),
 .UNSPECIFIED., .F., .F. ) 
 B_SPLINE_CURVE_WITH_KNOTS ( ( 3, 2, 2, 2, 3 ),
 ( 0.6388888888888889506, 0.6481481481481480289, 0.6666666666666670737, 0.6851851851851850084, 0.6944444444444450859 ),
 .UNSPECIFIED. ) 
 CURVE ( )  GEOMETRIC_REPRESENTATION_ITEM ( )  RATIONAL_B_SPLINE_CURVE ( ( 0.9330127018922189652, 0.9330127018922199644, 1.000000000000000000, 0.8660254037844389297, 1.000000000000000000, 0.8660254037844389297, 1.000000000000000000, 0.9330127018922189652, 0.9330127018922189652 ) ) 
 REPRESENTATION_ITEM ( '' )  );
#2816 = VERTEX_POINT ( 'NONE', #1854 ) ;
#2817 = CARTESIAN_POINT ( 'NONE',  ( 3.174999999999999822, -0.8507386859688149672, 2.891505679751292135 ) ) ;
#2818 = CYLINDRICAL_SURFACE ( 'NONE', #2158, 2.659444251809579551 ) ;
#2819 = CYLINDRICAL_SURFACE ( 'NONE', #1069, 3.174999999999999822 ) ;
#2820 = CARTESIAN_POINT ( 'NONE',  ( 3.174999999999999822, 0.000000000000000000, 0.000000000000000000 ) ) ;
#2821 = CARTESIAN_POINT ( 'NONE',  ( -2.807408880028043008, 0.9924851440854302043, 0.3180164006956959777 ) ) ;
#2822 = CARTESIAN_POINT ( 'NONE',  ( 3.174999999999999822, 0.000000000000000000, 0.000000000000000000 ) ) ;
#2823 = FACE_OUTER_BOUND ( 'NONE', #1, .T. ) ;
#2824 = EDGE_LOOP ( 'NONE', ( #1861, #1814, #2460, #2116 ) ) ;
#2825 = CARTESIAN_POINT ( 'NONE',  ( -2.749630657015599944, -1.587499999999999911, 4.977473958333320070 ) ) ;
#2826 = EDGE_CURVE ( 'NONE', #3078, #2547, #1085, .T. ) ;
#2827 = CARTESIAN_POINT ( 'NONE',  ( -3.666174209354122304, 2.244884255301054691E-16, 2.530078124999993516 ) ) ;
#2828 = ORIENTED_EDGE ( 'NONE', *, *, #2924, .T. ) ;
#2829 = CARTESIAN_POINT ( 'NONE',  ( 2.923206623654759806, -1.141358928038483045, 0.4729294402255947438 ) ) ;
#2830 = ORIENTED_EDGE ( 'NONE', *, *, #2197, .T. ) ;
#2831 = CARTESIAN_POINT ( 'NONE',  ( 2.659444251809579551, -2.963213184805509600E-15, 2.629296875000000089 ) ) ;
#2832 = CARTESIAN_POINT ( 'NONE',  ( -1.833087104677061152, 3.175000000000002043, 5.672005208333315451 ) ) ;
#2833 =( BOUNDED_CURVE ( )  B_SPLINE_CURVE ( 2, ( #206, #1156, #2114, #3064, #925, #1879, #2597, #2861, #727 ),
 .UNSPECIFIED., .F., .F. ) 
 B_SPLINE_CURVE_WITH_KNOTS ( ( 3, 2, 2, 2, 3 ),
 ( 0.6944444444444450859, 0.7037037037037039422, 0.7222222222222219878, 0.7407407407407410327, 0.7500000000000000000 ),
 .UNSPECIFIED. ) 
 CURVE ( )  GEOMETRIC_REPRESENTATION_ITEM ( )  RATIONAL_B_SPLINE_CURVE ( ( 0.9330127018922189652, 0.9330127018922199644, 1.000000000000000000, 0.8660254037844389297, 1.000000000000000000, 0.8660254037844389297, 1.000000000000000000, 0.9330127018922179660, 0.9330127018922189652 ) ) 
 REPRESENTATION_ITEM ( '' )  );
#2834 = CARTESIAN_POINT ( 'NONE',  ( -2.303146282015595236, 1.329722125904789776, 0.5787760416666699603 ) ) ;
#2835 = CARTESIAN_POINT ( 'NONE',  ( -3.666174209354122304, -6.734652765903157171E-16, -0.6306661249999984120 ) ) ;
#2836 = CARTESIAN_POINT ( 'NONE',  ( 2.659444251809579551, -1.045839947578413819E-15, 0.9425781250000039302 ) ) ;
#2837 = CARTESIAN_POINT ( 'NONE',  ( -2.659444251809579551, 2.905110965495594380E-16, 1.339453125000001910 ) ) ;
#2838 = DIRECTION ( 'NONE',  ( 1.000000000000000000, 0.000000000000000000, 0.000000000000000000 ) ) ;
#2839 = ORIENTED_EDGE ( 'NONE', *, *, #3054, .T. ) ;
#2840 = CARTESIAN_POINT ( 'NONE',  ( -1.166476076187854022E-15, -3.174999999999999822, 1.240234374999996003 ) ) ;
#2841 = CARTESIAN_POINT ( 'NONE',  ( 1.833087104677061152, 3.174999999999995826, 5.440494791666652397 ) ) ;
#2842 = CARTESIAN_POINT ( 'NONE',  ( 0.000000000000000000, 2.659444251809579551, 4.316015624999995914 ) ) ;
#2843 = ORIENTED_EDGE ( 'NONE', *, *, #858, .T. ) ;
#2844 = EDGE_CURVE ( 'NONE', #712, #495, #2059, .T. ) ;
#2845 = LINE ( 'NONE', #2346, #2358 ) ;
#2846 = EDGE_LOOP ( 'NONE', ( #1428, #1559 ) ) ;
#2847 = DIRECTION ( 'NONE',  ( 0.000000000000000000, 0.000000000000000000, 1.000000000000000000 ) ) ;
#2848 = CARTESIAN_POINT ( 'NONE',  ( -2.749630657015595059, 1.587499999999999911, 2.563151041666659857 ) ) ;
#2849 = FACE_OUTER_BOUND ( 'NONE', #2380, .T. ) ;
#2850 = LINE ( 'NONE', #2165, #2024 ) ;
#2851 = CARTESIAN_POINT ( 'NONE',  ( -3.256879890489429719E-16, -2.659444251809579551, 0.04960937500000420219 ) ) ;
#2852 = CARTESIAN_POINT ( 'NONE',  ( -2.659444251809577775, -0.7125959395879664093, 1.374900570248704268 ) ) ;
#2853 = AXIS2_PLACEMENT_3D ( 'NONE', #1750, #2199, #2017 ) ;
#2854 = CARTESIAN_POINT ( 'NONE',  ( -1.833087104677060930, 3.175000000000002043, 0.8102864583333312387 ) ) ;
#2855 = ORIENTED_EDGE ( 'NONE', *, *, #1539, .T. ) ;
#2856 = CARTESIAN_POINT ( 'NONE',  ( -2.749630657015599944, -1.587499999999999911, 2.695442708333330106 ) ) ;
#2857 = CARTESIAN_POINT ( 'NONE',  ( -2.749630657015595059, 1.587499999999999911, 6.432682291666650620 ) ) ;
#2858 = VECTOR ( 'NONE', #1092, 1000.000000000000000 ) ;
#2859 = CARTESIAN_POINT ( 'NONE',  ( 1.535430854677060752, -2.659444251809578219, 4.779036458333329129 ) ) ;
#2860 = VERTEX_POINT ( 'NONE', #920 ) ;
#2861 = CARTESIAN_POINT ( 'NONE',  ( 2.659444251809579995, -0.7125959395879724045, 4.975099429751296931 ) ) ;
#2862 = EDGE_CURVE ( 'NONE', #1493, #1704, #1837, .T. ) ;
#2863 = VERTEX_POINT ( 'NONE', #2806 ) ;
#2864 = CARTESIAN_POINT ( 'NONE',  ( 2.659444251809579551, -2.963213184805509600E-15, 3.323828124999999911 ) ) ;
#2865 = CARTESIAN_POINT ( 'NONE',  ( -3.666174209354122304, 2.244884255301054691E-16, 1.835546874999994360 ) ) ;
#2866 = EDGE_CURVE ( 'NONE', #1236, #3047, #266, .T. ) ;
#2867 = ADVANCED_FACE ( 'NONE', ( #2823 ), #324, .T. ) ;
#2868 = LINE ( 'NONE', #244, #2363 ) ;
#2869 = CARTESIAN_POINT ( 'NONE',  ( 0.000000000000000000, 0.000000000000000000, 3.175000000000034905 ) ) ;
#2870 = DIRECTION ( 'NONE',  ( -1.000000000000000000, 1.224646799147354686E-16, 0.000000000000000000 ) ) ;
#2871 = DIRECTION ( 'NONE',  ( 0.000000000000000000, -1.000000000000000000, 0.000000000000000000 ) ) ;
#2872 = CARTESIAN_POINT ( 'NONE',  ( -3.174999999999999822, 0.8507386859688255143, 4.975099429751291602 ) ) ;
#2873 = ORIENTED_EDGE ( 'NONE', *, *, #427, .T. ) ;
#2874 = CARTESIAN_POINT ( 'NONE',  ( 0.000000000000000000, 0.000000000000000000, 9.525000000000000355 ) ) ;
#2875 = CARTESIAN_POINT ( 'NONE',  ( -3.888253587292845095E-16, -3.174999999999999822, 5.903515624999990052 ) ) ;
#2876 = CARTESIAN_POINT ( 'NONE',  ( 2.303146282015595236, 1.329722125904786001, 4.183723958333329662 ) ) ;
#2877 = EDGE_LOOP ( 'NONE', ( #177, #1067, #1991, #1877 ) ) ;
#2878 = CARTESIAN_POINT ( 'NONE',  ( 2.806225728288395782, -1.343396864871259533, 0.4517472158467545906 ) ) ;
#2879 = VERTEX_POINT ( 'NONE', #1638 ) ;
#2880 = CARTESIAN_POINT ( 'NONE',  ( -1.535430854677065859, -2.659444251809572890, 2.265494791666668561 ) ) ;
#2881 = CARTESIAN_POINT ( 'NONE',  ( 3.666174209354122304, -6.734652765903157171E-16, 4.613671874999988987 ) ) ;
#2882 = CARTESIAN_POINT ( 'NONE',  ( 1.535430854677060752, -2.659444251809578219, 6.465755208333317405 ) ) ;
#2883 = LINE ( 'NONE', #1649, #1665 ) ;
#2884 = ADVANCED_FACE ( 'NONE', ( #1093, #2998 ), #47, .F. ) ;
#2885 = LINE ( 'NONE', #1469, #517 ) ;
#2886 = CARTESIAN_POINT ( 'NONE',  ( -2.659444251809575555, -0.7125959395879560843, 6.137400570248687792 ) ) ;
#2887 = FACE_OUTER_BOUND ( 'NONE', #756, .T. ) ;
#2888 = CARTESIAN_POINT ( 'NONE',  ( -2.659444251809579551, 3.486133158594715031E-16, 0.5457031250000049516 ) ) ;
#2889 = CARTESIAN_POINT ( 'NONE',  ( 3.175000000000002043, 0.8507386859688139680, 5.343650570248687615 ) ) ;
#2890 = CARTESIAN_POINT ( 'NONE',  ( 3.070861709354126390, -5.641081444477046245E-16, 5.705078124999993783 ) ) ;
#2891 = ORIENTED_EDGE ( 'NONE', *, *, #1438, .T. ) ;
#2892 = CARTESIAN_POINT ( 'NONE',  ( 3.174999999999999822, -0.8507386859688246261, 4.578224429751291069 ) ) ;
#2893 = VERTEX_POINT ( 'NONE', #999 ) ;
#2894 = CARTESIAN_POINT ( 'NONE',  ( -3.174999999999999822, 4.648177544792960277E-16, 1.041796874999997957 ) ) ;
#2895 = CARTESIAN_POINT ( 'NONE',  ( -3.888253587292845095E-16, -3.174999999999999822, 2.033984374999994849 ) ) ;
#2896 = CARTESIAN_POINT ( 'NONE',  ( -3.256879890489429719E-16, -2.659444251809579551, 4.018359374999995737 ) ) ;
#2897 = DIRECTION ( 'NONE',  ( 1.000000000000000000, 0.000000000000000000, 0.000000000000000000 ) ) ;
#2898 = ADVANCED_FACE ( 'NONE', ( #2887 ), #736, .T. ) ;
#2899 = CARTESIAN_POINT ( 'NONE',  ( -2.610615833629897242, -1.574655520191195368, 0.3892952347244237887 ) ) ;
#2900 = CARTESIAN_POINT ( 'NONE',  ( -2.303146282015589907, 1.329722125904791996, 2.860807291666665364 ) ) ;
#2901 = ORIENTED_EDGE ( 'NONE', *, *, #1179, .F. ) ;
#2902 = CARTESIAN_POINT ( 'NONE',  ( 0.000000000000000000, 0.000000000000000000, 8.762999999999999901 ) ) ;
#2903 = CARTESIAN_POINT ( 'NONE',  ( -1.833087104677060930, 3.175000000000002043, 4.084505208333323090 ) ) ;
#2904 = ADVANCED_FACE ( 'NONE', ( #1453 ), #218, .T. ) ;
#2905 = CARTESIAN_POINT ( 'NONE',  ( 2.749630657015595059, 1.587499999999999911, 6.168098958333319892 ) ) ;
#2906 = CARTESIAN_POINT ( 'NONE',  ( -1.535430854677063195, -2.659444251809578219, 6.234244791666655239 ) ) ;
#2907 = ORIENTED_EDGE ( 'NONE', *, *, #1108, .T. ) ;
#2908 = CIRCLE ( 'NONE', #1207, 2.057399999999999896 ) ;
#2909 = CARTESIAN_POINT ( 'NONE',  ( -2.659444251809579551, 3.256879890489429719E-16, 0.000000000000000000 ) ) ;
#2910 = CIRCLE ( 'NONE', #665, 0.2540000000000001146 ) ;
#2911 = ORIENTED_EDGE ( 'NONE', *, *, #486, .F. ) ;
#2912 = CARTESIAN_POINT ( 'NONE',  ( 3.174999999999999822, -5.810221930991189253E-17, 1.339453124999996136 ) ) ;
#2913 = CARTESIAN_POINT ( 'NONE',  ( 0.000000000000000000, 2.659444251809579551, 1.934765625000000044 ) ) ;
#2914 = CARTESIAN_POINT ( 'NONE',  ( -1.535430854677063195, -2.659444251809578219, 6.333463541666658259 ) ) ;
#2915 = LINE ( 'NONE', #1997, #1354 ) ;
#2916 = DIRECTION ( 'NONE',  ( -1.000000000000000000, 0.000000000000000000, 0.000000000000000000 ) ) ;
#2917 = CARTESIAN_POINT ( 'NONE',  ( -2.043531290519649879, -2.310652241606012236, 0.4132041768684373007 ) ) ;
#2918 = DIRECTION ( 'NONE',  ( 0.000000000000000000, 0.000000000000000000, 1.000000000000000000 ) ) ;
#2919 = CARTESIAN_POINT ( 'NONE',  ( -2.820870127068486166, 0.9568833425195841791, 0.3190336703365489468 ) ) ;
#2920 = LINE ( 'NONE', #2238, #2466 ) ;
#2921 = CARTESIAN_POINT ( 'NONE',  ( 3.174999999999999822, -0.8507386859688149672, 2.097755679751296398 ) ) ;
#2922 = CARTESIAN_POINT ( 'NONE',  ( 3.174999999999999822, 4.299564228933484534E-15, 5.407421874999990052 ) ) ;
#2923 = VERTEX_POINT ( 'NONE', #234 ) ;
#2924 = EDGE_CURVE ( 'NONE', #924, #2295, #986, .T. ) ;
#2925 = CARTESIAN_POINT ( 'NONE',  ( 2.749630657015584845, -1.587499999999999911, 4.547526041666659857 ) ) ;
#2926 = ORIENTED_EDGE ( 'NONE', *, *, #1287, .F. ) ;
#2927 = CARTESIAN_POINT ( 'NONE',  ( 3.174999999999999822, 0.8507386859688149672, 1.474119320248699072 ) ) ;
#2928 = CARTESIAN_POINT ( 'NONE',  ( 2.749630657015589730, -1.587499999999999911, 6.135026041666659324 ) ) ;
#2929 = CARTESIAN_POINT ( 'NONE',  ( -1.535430854677063195, 2.659444251809578219, 5.275130208333326465 ) ) ;
#2930 = FACE_OUTER_BOUND ( 'NONE', #1141, .T. ) ;
#2931 = DIRECTION ( 'NONE',  ( 0.000000000000000000, 0.000000000000000000, -1.000000000000000000 ) ) ;
#2932 = CARTESIAN_POINT ( 'NONE',  ( -1.205776939078272436, -2.856480250177407143, 0.4401855477320852916 ) ) ;
#2933 = CARTESIAN_POINT ( 'NONE',  ( 2.659444251809577775, -0.7125959395879696290, 1.006349429751302038 ) ) ;
#2934 = DIRECTION ( 'NONE',  ( 1.000000000000000000, 0.000000000000000000, 0.000000000000000000 ) ) ;
#2935 = CARTESIAN_POINT ( 'NONE',  ( -2.303146282015600121, -1.329722125904779784, 5.374348958333329485 ) ) ;
#2936 = CARTESIAN_POINT ( 'NONE',  ( 2.096172045176003085, -1.662398079766455483, 0.01581638239749170657 ) ) ;
#2937 = CARTESIAN_POINT ( 'NONE',  ( -2.303146282015595236, -1.329722125904787777, 6.961848958333320070 ) ) ;
#2938 = ORIENTED_EDGE ( 'NONE', *, *, #915, .T. ) ;
#2939 = LINE ( 'NONE', #1286, #1412 ) ;
#2940 = EDGE_CURVE ( 'NONE', #343, #3078, #1598, .T. ) ;
#2941 = ORIENTED_EDGE ( 'NONE', *, *, #2386, .F. ) ;
#2942 = CARTESIAN_POINT ( 'NONE',  ( 2.659444251809577775, -0.7125959395879674085, 0.08000062036541047417 ) ) ;
#2943 = CARTESIAN_POINT ( 'NONE',  ( 0.000000000000000000, 3.174999999999999822, 6.399609374999990052 ) ) ;
#2944 = CARTESIAN_POINT ( 'NONE',  ( -3.070861709354126390, 1.880360481492350803E-16, 6.201171874999987566 ) ) ;
#2945 = CARTESIAN_POINT ( 'NONE',  ( 2.332952152375710015E-15, 3.174999999999999822, 2.331640624999995026 ) ) ;
#2946 = CARTESIAN_POINT ( 'NONE',  ( 0.000000000000000000, 0.000000000000000000, -3.556000000000000050 ) ) ;
#2947 = CARTESIAN_POINT ( 'NONE',  ( -2.555909938250330526, -1.666948578565537131, 0.3919139923981485030 ) ) ;
#2948 = CARTESIAN_POINT ( 'NONE',  ( 4.762500000000000178, 5.832380380939270108E-16, 8.762999999999999901 ) ) ;
#2949 = CARTESIAN_POINT ( 'NONE',  ( 2.659444251809579551, -1.045839947578414016E-15, 0.2480468750000040246 ) ) ;
#2950 = CARTESIAN_POINT ( 'NONE',  ( -1.833087104677061152, -3.174999999999995826, 0.3803385416666658636 ) ) ;
#2951 = DIRECTION ( 'NONE',  ( 0.000000000000000000, 0.000000000000000000, 1.000000000000000000 ) ) ;
#2952 = CYLINDRICAL_SURFACE ( 'NONE', #2469, 3.174999999999999822 ) ;
#2953 = ORIENTED_EDGE ( 'NONE', *, *, #462, .T. ) ;
#2954 = AXIS2_PLACEMENT_3D ( 'NONE', #1964, #347, #296 ) ;
#2955 = CARTESIAN_POINT ( 'NONE',  ( -1.833087104677090018, -3.174999999999984279, 5.837369791666653818 ) ) ;
#2956 =( BOUNDED_CURVE ( )  B_SPLINE_CURVE ( 2, ( #569, #2034, #1984, #63, #80, #1280, #1062, #1551, #2972 ),
 .UNSPECIFIED., .F., .F. ) 
 B_SPLINE_CURVE_WITH_KNOTS ( ( 3, 2, 2, 2, 3 ),
 ( 0.4166666666666665186, 0.4259259259259259855, 0.4444444444444444753, 0.4629629629629629650, 0.4722222222222220434 ),
 .UNSPECIFIED. ) 
 CURVE ( )  GEOMETRIC_REPRESENTATION_ITEM ( )  RATIONAL_B_SPLINE_CURVE ( ( 0.9330127018922189652, 0.9330127018922199644, 1.000000000000000000, 0.8660254037844389297, 1.000000000000000000, 0.8660254037844389297, 1.000000000000000000, 0.9330127018922189652, 0.9330127018922189652 ) ) 
 REPRESENTATION_ITEM ( '' )  );
#2957 = AXIS2_PLACEMENT_3D ( 'NONE', #1512, #1714, #1024 ) ;
#2958 = ORIENTED_EDGE ( 'NONE', *, *, #210, .F. ) ;
#2959 = PLANE ( 'NONE',  #1357 ) ;
#2960 = CARTESIAN_POINT ( 'NONE',  ( 3.070861709354126390, -5.641081444477046245E-16, 1.736328125000002442 ) ) ;
#2961 = EDGE_CURVE ( 'NONE', #1839, #1168, #947, .T. ) ;
#2962 = AXIS2_PLACEMENT_3D ( 'NONE', #1343, #1121, #3000 ) ;
#2963 = VECTOR ( 'NONE', #2804, 1000.000000000000000 ) ;
#2964 = CARTESIAN_POINT ( 'NONE',  ( -2.749630657015595059, 1.587499999999999911, 0.8764322916666650309 ) ) ;
#2965 = DIRECTION ( 'NONE',  ( 1.000000000000000000, 0.000000000000000000, 0.000000000000000000 ) ) ;
#2966 = LOCAL_TIME ( 18, 49, 26.00000000000000000, #1100 ) ;
#2967 = VECTOR ( 'NONE', #3085, 1000.000000000000000 ) ;
#2968 = LINE ( 'NONE', #1782, #369 ) ;
#2969 = EDGE_CURVE ( 'NONE', #1389, #1818, #2, .T. ) ;
#2970 = CARTESIAN_POINT ( 'NONE',  ( 1.014802843289333234, -3.001546776050333598, 0.4973086756771523675 ) ) ;
#2971 = DIRECTION ( 'NONE',  ( 0.000000000000000000, 0.000000000000000000, 1.000000000000000000 ) ) ;
#2972 = CARTESIAN_POINT ( 'NONE',  ( -2.659444251809579551, -1.045839947578413819E-15, 3.026171874999994849 ) ) ;
#2973 = CARTESIAN_POINT ( 'NONE',  ( -2.659444251809579551, -1.045839947578413819E-15, 3.026171874999994849 ) ) ;
#2974 = DIRECTION ( 'NONE',  ( 0.000000000000000000, 0.000000000000000000, 1.000000000000000000 ) ) ;
#2975 = CARTESIAN_POINT ( 'NONE',  ( -1.535430854677063195, -2.659444251809578219, 7.027994791666658081 ) ) ;
#2976 = ORIENTED_EDGE ( 'NONE', *, *, #695, .T. ) ;
#2977 = CARTESIAN_POINT ( 'NONE',  ( 2.917228754155022141, -0.1385629956827989784, 6.349999999999998757 ) ) ;
#2978 = EDGE_LOOP ( 'NONE', ( #1758, #510, #2093, #72 ) ) ;
#2979 = CARTESIAN_POINT ( 'NONE',  ( -2.659444251809579551, 4.590075325483039929E-15, 3.819921874999994582 ) ) ;
#2980 = CARTESIAN_POINT ( 'NONE',  ( 1.833087104677061152, -3.175000000000002043, 2.794661458333329573 ) ) ;
#2981 = DIRECTION ( 'NONE',  ( 1.000000000000000000, 1.733406087350419758E-16, 0.000000000000000000 ) ) ;
#2982 = FACE_OUTER_BOUND ( 'NONE', #2154, .T. ) ;
#2983 = EDGE_CURVE ( 'NONE', #2860, #709, #748, .T. ) ;
#2984 =( NAMED_UNIT ( * ) PLANE_ANGLE_UNIT ( ) SI_UNIT ( $, .RADIAN. ) );
#2985 = DIRECTION ( 'NONE',  ( 1.000000000000000000, 0.000000000000000000, 0.000000000000000000 ) ) ;
#2986 = DIRECTION ( 'NONE',  ( 1.000000000000000000, 0.000000000000000000, 0.000000000000000000 ) ) ;
#2987 = CARTESIAN_POINT ( 'NONE',  ( -2.303146282015589907, 1.329722125904793995, 4.547526041666659857 ) ) ;
#2988 = ORIENTED_EDGE ( 'NONE', *, *, #507, .T. ) ;
#2989 = CARTESIAN_POINT ( 'NONE',  ( 2.867788970126938342, -0.4195599117335371275, 6.349999999999997868 ) ) ;
#2990 = ORIENTED_EDGE ( 'NONE', *, *, #1438, .F. ) ;
#2991 = CARTESIAN_POINT ( 'NONE',  ( -0.4546867204132186702, -2.691359561491315500, 0.07003575158716368598 ) ) ;
#2992 = CARTESIAN_POINT ( 'NONE',  ( -2.659444251809575555, -0.7125959395879635228, 2.267869320248698362 ) ) ;
#2993 = DIRECTION ( 'NONE',  ( 0.000000000000000000, 0.000000000000000000, 1.000000000000000000 ) ) ;
#2994 = APPROVAL_ROLE ( '' ) ;
#2995 = CARTESIAN_POINT ( 'NONE',  ( 1.535430854677060752, -2.659444251809578219, 0.8102864583333370119 ) ) ;
#2996 = EDGE_CURVE ( 'NONE', #2654, #2348, #1215, .T. ) ;
#2997 = CARTESIAN_POINT ( 'NONE',  ( 2.306059235793606721, 1.570514978253917171, 0.1306085807432426360 ) ) ;
#2998 = FACE_OUTER_BOUND ( 'NONE', #697, .T. ) ;
#2999 = EDGE_LOOP ( 'NONE', ( #2926, #2552, #146, #862 ) ) ;
#3000 = DIRECTION ( 'NONE',  ( 1.000000000000000000, 0.000000000000000000, 0.000000000000000000 ) ) ;
#3001 = EDGE_CURVE ( 'NONE', #1301, #3060, #2910, .T. ) ;
#3002 = ORIENTED_EDGE ( 'NONE', *, *, #2313, .F. ) ;
#3003 = CARTESIAN_POINT ( 'NONE',  ( -0.4892680379640045873, -2.681372154708945743, 0.06617642495689493587 ) ) ;
#3004 = VECTOR ( 'NONE', #12, 1000.000000000000000 ) ;
#3005 = ORIENTED_EDGE ( 'NONE', *, *, #529, .T. ) ;
#3006 = VECTOR ( 'NONE', #2243, 1000.000000000000000 ) ;
#3007 = DIRECTION ( 'NONE',  ( 0.000000000000000000, 0.000000000000000000, 1.000000000000000000 ) ) ;
#3008 = CARTESIAN_POINT ( 'NONE',  ( 3.175000000000002043, 0.8507386859688010894, 6.236619320248689924 ) ) ;
#3009 =( GEOMETRIC_REPRESENTATION_CONTEXT ( 3 ) GLOBAL_UNCERTAINTY_ASSIGNED_CONTEXT ( ( #886 ) ) GLOBAL_UNIT_ASSIGNED_CONTEXT ( ( #1077, #2984, #2671 ) ) REPRESENTATION_CONTEXT ( 'NONE', 'WORKASPACE' ) );
#3010 = AXIS2_PLACEMENT_3D ( 'NONE', #1366, #2321, #2800 ) ;
#3011 = COORDINATED_UNIVERSAL_TIME_OFFSET ( 10, 0, .AHEAD. ) ;
#3012 = CARTESIAN_POINT ( 'NONE',  ( -1.294798467079243620, 2.613329122472005217, 0.2567474205702571788 ) ) ;
#3013 = B_SPLINE_CURVE_WITH_KNOTS ( 'NONE', 3,
 ( #634, #2040, #158, #1614, #411, #646, #132, #3003, #1792, #2991, #1084, #863, #2082, #2318, #2754, #119, #2570, #2796, #621, #431, #2285, #1379, #1594, #2030, #1820, #1584, #1828, #1345, #2296, #2067, #1097, #1573, #2527, #3020, #385, #1332, #874, #2780, #1678, #1925, #1630, #710, #955, #255, #971, #496, #1429, #2814, #2628, #1863, #461, #3079, #1659, #1694, #2379, #2143, #2644, #20, #1445, #2614, #2878, #1202, #2095, #3093, #511, #681, #2829, #446, #191 ),
 .UNSPECIFIED., .F., .F.,
 ( 4, 2, 2, 1, 2, 2, 2, 2, 1, 1, 2, 2, 2, 2, 1, 1, 2, 2, 2, 2, 2, 2, 2, 2, 1, 2, 2, 2, 2, 1, 2, 2, 2, 2, 1, 1, 2, 2, 4 ),
 ( 0.000000000000000000, 0.06249999999999852895, 0.09374999999999773792, 0.1093749999999973355, 0.1171874999999971689, 0.1249999999999970440, 0.1562499999999967526, 0.1718749999999965861, 0.1796874999999965028, 0.1835937499999964473, 0.1855468749999964473, 0.1874999999999964195, 0.2187499999999960865, 0.2343749999999959199, 0.2421874999999958644, 0.2460937499999958089, 0.2480468749999958367, 0.2499999999999958367, 0.3749999999999962808, 0.4374999999999964473, 0.4999999999999966693, 0.6249999999999970024, 0.6874999999999971134, 0.7187499999999971134, 0.7343749999999970024, 0.7421874999999972244, 0.7499999999999973355, 0.7812499999999975575, 0.7968749999999976685, 0.8046874999999976685, 0.8085937499999977796, 0.8124999999999977796, 0.8437499999999975575, 0.8593749999999975575, 0.8671874999999974465, 0.8710937499999974465, 0.8730468749999974465, 0.8749999999999973355, 1.000000000000000000 ),
 .UNSPECIFIED. ) ;
#3014 = CARTESIAN_POINT ( 'NONE',  ( 1.977407722722354322, 1.992591692987746299, 0.1477871569089205250 ) ) ;
#3015 = CARTESIAN_POINT ( 'NONE',  ( 2.303146282015589907, -1.329722125904793995, 3.257682291666665453 ) ) ;
#3016 = ORIENTED_EDGE ( 'NONE', *, *, #2448, .T. ) ;
#3017 = DIRECTION ( 'NONE',  ( 0.000000000000000000, 0.000000000000000000, 1.000000000000000000 ) ) ;
#3018 = ORIENTED_EDGE ( 'NONE', *, *, #2826, .F. ) ;
#3019 = EDGE_CURVE ( 'NONE', #170, #631, #2733, .T. ) ;
#3020 = CARTESIAN_POINT ( 'NONE',  ( 0.9317960140614841569, -2.720775207414578567, 0.2138400772419432050 ) ) ;
#3021 = CARTESIAN_POINT ( 'NONE',  ( -1.535430854677047208, 2.659444251809583992, 5.175911458333330550 ) ) ;
#3022 = CARTESIAN_POINT ( 'NONE',  ( -1.535430854677072521, -2.659444251809572890, 3.158463541666662433 ) ) ;
#3023 = CARTESIAN_POINT ( 'NONE',  ( 0.000000000000000000, 0.000000000000000000, 3.175000000000034905 ) ) ;
#3024 = CARTESIAN_POINT ( 'NONE',  ( -2.521306580082471438, 1.553522111024788988, 0.3018751018078107418 ) ) ;
#3025 = CARTESIAN_POINT ( 'NONE',  ( 2.316333119022935261, 1.554343879825385466, 0.1299960816879643100 ) ) ;
#3026 = CARTESIAN_POINT ( 'NONE',  ( -1.833087104677060930, 3.175000000000013145, 5.672005208333315451 ) ) ;
#3027 = VERTEX_POINT ( 'NONE', #79 ) ;
#3028 = CARTESIAN_POINT ( 'NONE',  ( 2.749630657015604829, 1.587499999999999911, 4.580598958333319537 ) ) ;
#3029 = CARTESIAN_POINT ( 'NONE',  ( 2.303146282015595236, 1.329722125904786001, 6.664192708333319892 ) ) ;
#3030 = EDGE_LOOP ( 'NONE', ( #2615, #37, #2050, #1413 ) ) ;
#3031 = CARTESIAN_POINT ( 'NONE',  ( 2.749630657015589730, -1.587499999999999911, 3.654557291666659768 ) ) ;
#3032 = EDGE_CURVE ( 'NONE', #648, #2027, #1279, .T. ) ;
#3033 = VERTEX_POINT ( 'NONE', #2236 ) ;
#3034 = CARTESIAN_POINT ( 'NONE',  ( 2.659444251809579551, 0.000000000000000000, 0.000000000000000000 ) ) ;
#3035 = CARTESIAN_POINT ( 'NONE',  ( 2.749630657015589730, -1.587499999999999911, 0.5787760416666660745 ) ) ;
#3036 = ADVANCED_FACE ( 'NONE', ( #94 ), #1029, .T. ) ;
#3037 = CARTESIAN_POINT ( 'NONE',  ( -2.659444251809579551, 3.256879890489429719E-16, 0.000000000000000000 ) ) ;
#3038 = CARTESIAN_POINT ( 'NONE',  ( -2.110836132792659914, 2.052736525944875545, 0.2849277658838438310 ) ) ;
#3039 = CARTESIAN_POINT ( 'NONE',  ( 2.564191774940873358, 1.053815280492942374, 0.1128302542777969569 ) ) ;
#3040 = CARTESIAN_POINT ( 'NONE',  ( 0.000000000000000000, 3.174999999999999822, 0.04960937499999999722 ) ) ;
#3041 = ORIENTED_EDGE ( 'NONE', *, *, #2751, .T. ) ;
#3042 = CARTESIAN_POINT ( 'NONE',  ( 2.749630657015589730, -1.587499999999999911, 3.753776041666660124 ) ) ;
#3043 = CARTESIAN_POINT ( 'NONE',  ( 2.749630657015595059, 1.587499999999999911, 2.199348958333330106 ) ) ;
#3044 = VERTEX_POINT ( 'NONE', #1737 ) ;
#3045 = CYLINDRICAL_SURFACE ( 'NONE', #1071, 3.174999999999999822 ) ;
#3046 = CARTESIAN_POINT ( 'NONE',  ( 1.270512386190067924E-14, 2.659444251809579551, 4.316015624999995914 ) ) ;
#3047 = VERTEX_POINT ( 'NONE', #2948 ) ;
#3048 = CARTESIAN_POINT ( 'NONE',  ( 1.535430854677063195, 2.659444251809578219, 0.3803385416666699714 ) ) ;
#3049 = LINE ( 'NONE', #1537, #2559 ) ;
#3050 = VECTOR ( 'NONE', #662, 1000.000000000000000 ) ;
#3051 =( BOUNDED_CURVE ( )  B_SPLINE_CURVE ( 2, ( #1323, #2992, #2298, #2068, #2381, #226, #1463, #1415, #2831 ),
 .UNSPECIFIED., .F., .F. ) 
 B_SPLINE_CURVE_WITH_KNOTS ( ( 3, 2, 2, 2, 3 ),
 ( 0.3611111111111109939, 0.3703703703703705163, 0.3888888888888890061, 0.4074074074074074958, 0.4166666666666665186 ),
 .UNSPECIFIED. ) 
 CURVE ( )  GEOMETRIC_REPRESENTATION_ITEM ( )  RATIONAL_B_SPLINE_CURVE ( ( 0.9330127018922189652, 0.9330127018922199644, 1.000000000000000000, 0.8660254037844389297, 1.000000000000000000, 0.8660254037844389297, 1.000000000000000000, 0.9330127018922189652, 0.9330127018922189652 ) ) 
 REPRESENTATION_ITEM ( '' )  );
#3052 = CARTESIAN_POINT ( 'NONE',  ( 0.000000000000000000, 2.659444251809579551, 2.033984375000000178 ) ) ;
#3053 = AXIS2_PLACEMENT_3D ( 'NONE', #1277, #2234, #2248 ) ;
#3054 = EDGE_CURVE ( 'NONE', #224, #2293, #2362, .T. ) ;
#3055 = CARTESIAN_POINT ( 'NONE',  ( 0.000000000000000000, 0.000000000000000000, 0.000000000000000000 ) ) ;
#3056 = AXIS2_PLACEMENT_3D ( 'NONE', #637, #1832, #1586 ) ;
#3057 = VECTOR ( 'NONE', #2042, 1000.000000000000000 ) ;
#3058 = CARTESIAN_POINT ( 'NONE',  ( -2.603499999999999925, -1.250950000000000006, 21.67890000000000228 ) ) ;
#3059 = CARTESIAN_POINT ( 'NONE',  ( -3.174999999999999822, 7.088470755809258136E-15, 5.804296874999989697 ) ) ;
#3060 = VERTEX_POINT ( 'NONE', #554 ) ;
#3061 = CARTESIAN_POINT ( 'NONE',  ( -3.174999999999996714, -0.8507386859688139680, 2.664744320248692677 ) ) ;
#3062 = CARTESIAN_POINT ( 'NONE',  ( 0.000000000000000000, 3.174999999999999822, 2.331640624999995026 ) ) ;
#3063 = ORIENTED_EDGE ( 'NONE', *, *, #2862, .T. ) ;
#3064 = CARTESIAN_POINT ( 'NONE',  ( -1.535430854677063195, -2.659444251809578219, 4.745963541666659680 ) ) ;
#3065 = ORIENTED_EDGE ( 'NONE', *, *, #1871, .T. ) ;
#3066 = DIRECTION ( 'NONE',  ( 0.000000000000000000, 0.000000000000000000, -1.000000000000000000 ) ) ;
#3067 = CARTESIAN_POINT ( 'NONE',  ( 1.833087104677061152, 3.174999999999995826, 4.745963541666655239 ) ) ;
#3068 = FACE_OUTER_BOUND ( 'NONE', #1190, .T. ) ;
#3069 = DIRECTION ( 'NONE',  ( 0.000000000000000000, 0.000000000000000000, 1.000000000000000000 ) ) ;
#3070 = CARTESIAN_POINT ( 'NONE',  ( 1.833087104677060930, 3.174999999999990052, 3.059244791666659413 ) ) ;
#3071 = EDGE_CURVE ( 'NONE', #835, #1745, #2201, .T. ) ;
#3072 = CARTESIAN_POINT ( 'NONE',  ( 2.659444251809583104, 0.7125959395879599700, 3.458494320248696852 ) ) ;
#3073 = CARTESIAN_POINT ( 'NONE',  ( 3.174999999999999822, 0.8507386859688149672, 0.5811505702486996494 ) ) ;
#3074 = ORIENTED_EDGE ( 'NONE', *, *, #1599, .F. ) ;
#3075 = CARTESIAN_POINT ( 'NONE',  ( 3.174999999999999822, -6.739857439949790084E-15, 6.101953124999989875 ) ) ;
#3076 = CARTESIAN_POINT ( 'NONE',  ( 2.749630657015595059, 1.587499999999999911, 5.374348958333319715 ) ) ;
#3077 = CARTESIAN_POINT ( 'NONE',  ( -2.303146282015595236, 1.329722125904789776, 5.242057291666659680 ) ) ;
#3078 = VERTEX_POINT ( 'NONE', #362 ) ;
#3079 = CARTESIAN_POINT ( 'NONE',  ( 2.608317315725997343, -1.637358100523142568, 0.4201726589170159398 ) ) ;
#3080 = ORIENTED_EDGE ( 'NONE', *, *, #1701, .T. ) ;
#3081 = CARTESIAN_POINT ( 'NONE',  ( -3.174999999999996714, -0.8507386859688139680, 2.565525570248696763 ) ) ;
#3082 = CARTESIAN_POINT ( 'NONE',  ( 3.666174209354122304, -6.734652765903157171E-16, 3.026171874999991740 ) ) ;
#3083 = CARTESIAN_POINT ( 'NONE',  ( -2.303146282015595236, -1.329722125904787777, 1.504817708333334947 ) ) ;
#3084 = CARTESIAN_POINT ( 'NONE',  ( 3.070861709354126390, 1.880360481492350803E-16, 0.1205071250000055022 ) ) ;
#3085 = DIRECTION ( 'NONE',  ( 0.000000000000000000, 0.000000000000000000, 1.000000000000000000 ) ) ;
#3086 = CARTESIAN_POINT ( 'NONE',  ( -1.535430854677056534, 2.659444251809578219, 3.687630208333327886 ) ) ;
#3087 = ORIENTED_EDGE ( 'NONE', *, *, #2412, .F. ) ;
#3088 = PLANE ( 'NONE',  #820 ) ;
#3089 = CARTESIAN_POINT ( 'NONE',  ( 1.833087104677061152, 3.174999999999995826, 6.234244791666655239 ) ) ;
#3090 = CARTESIAN_POINT ( 'NONE',  ( -2.303146282015595236, -1.329722125904787777, 4.580598958333329307 ) ) ;
#3091 = ORIENTED_EDGE ( 'NONE', *, *, #44, .T. ) ;
#3092 = EDGE_CURVE ( 'NONE', #2480, #924, #1307, .T. ) ;
#3093 = CARTESIAN_POINT ( 'NONE',  ( 2.824014239167529361, -1.313082903603718155, 0.4549159432186031804 ) ) ;
ENDSEC;
END-ISO-10303-21;
