ISO-10303-21;
HEADER;
FILE_DESCRIPTION (( 'STEP AP203' ),
    '1' );
FILE_NAME ('InternalMount.STEP',
    '2026-06-22T08:49:51',
    ( 'localuser' ),
    ( '' ),
    'SwSTEP 2.0',
    'SolidWorks 2025',
    '' );
FILE_SCHEMA (( 'CONFIG_CONTROL_DESIGN' ));
ENDSEC;

DATA;
#1 = CARTESIAN_POINT ( 'NONE',  ( 0.000000000000000000, 30.29982358402804010, 0.000000000000000000 ) ) ;
#2 = ORIENTED_EDGE ( 'NONE', *, *, #4425, .F. ) ;
#3 = CARTESIAN_POINT ( 'NONE',  ( -2.050000000000001599, 34.29999999999999716, 183.0000000000000000 ) ) ;
#4 = DIRECTION ( 'NONE',  ( -0.000000000000000000, 0.000000000000000000, 1.000000000000000000 ) ) ;
#5 = ORIENTED_EDGE ( 'NONE', *, *, #2720, .T. ) ;
#6 = CARTESIAN_POINT ( 'NONE',  ( 5.829330599566593385, -32.18385272431964950, 143.0000000000000284 ) ) ;
#7 = AXIS2_PLACEMENT_3D ( 'NONE', #6690, #6204, #1916 ) ;
#8 = EDGE_CURVE ( 'NONE', #6834, #5471, #5784, .T. ) ;
#9 = EDGE_LOOP ( 'NONE', ( #2191, #5002 ) ) ;
#10 = DIRECTION ( 'NONE',  ( -0.000000000000000000, -1.000000000000000000, -0.000000000000000000 ) ) ;
#11 = CARTESIAN_POINT ( 'NONE',  ( -14.18649656053331221, 31.22874001796025922, 150.6314132567108004 ) ) ;
#12 = DIRECTION ( 'NONE',  ( -0.000000000000000000, -0.000000000000000000, -1.000000000000000000 ) ) ;
#13 = FACE_OUTER_BOUND ( 'NONE', #3178, .T. ) ;
#14 = ADVANCED_FACE ( 'NONE', ( #1571 ), #6369, .F. ) ;
#15 = LINE ( 'NONE', #2134, #1453 ) ;
#16 = DIRECTION ( 'NONE',  ( -0.7071067811865417996, 0.7071067811865532349, 0.000000000000000000 ) ) ;
#17 = ADVANCED_FACE ( 'NONE', ( #5393 ), #2216, .F. ) ;
#18 = ORIENTED_EDGE ( 'NONE', *, *, #1949, .T. ) ;
#19 = CARTESIAN_POINT ( 'NONE',  ( -3.265987202574514914, -33.64183894487069892, 183.0000000000000000 ) ) ;
#20 = DIRECTION ( 'NONE',  ( 1.000000000000000000, -2.925022541443934832E-16, 0.000000000000000000 ) ) ;
#21 = ORIENTED_EDGE ( 'NONE', *, *, #5415, .T. ) ;
#22 = CARTESIAN_POINT ( 'NONE',  ( -19.29068031419767593, 32.57860343897490907, 94.81339956005864167 ) ) ;
#23 = DIRECTION ( 'NONE',  ( 0.000000000000000000, 1.000000000000000000, 0.000000000000000000 ) ) ;
#24 = EDGE_LOOP ( 'NONE', ( #6154, #3506, #4806, #5955 ) ) ;
#25 = CARTESIAN_POINT ( 'NONE',  ( 4.468068730591642890, -32.43975741685359537, 143.0000000000000284 ) ) ;
#26 = CIRCLE ( 'NONE', #6254, 1.650000000000017231 ) ;
#27 = CARTESIAN_POINT ( 'NONE',  ( 22.40753308247727915, 30.51696650449147796, 35.54193425132270789 ) ) ;
#28 = ORIENTED_EDGE ( 'NONE', *, *, #1406, .T. ) ;
#29 = CARTESIAN_POINT ( 'NONE',  ( -5.829330599566598714, -33.80101928582859472, 183.0000000000000000 ) ) ;
#30 = CARTESIAN_POINT ( 'NONE',  ( -14.20037457679227089, 31.22241762028245660, 119.3694109575645541 ) ) ;
#31 = VECTOR ( 'NONE', #6692, 1000.000000000000000 ) ;
#32 = EDGE_LOOP ( 'NONE', ( #5165, #18, #263, #892, #2714, #3137, #2208, #631, #875, #5156 ) ) ;
#33 = ORIENTED_EDGE ( 'NONE', *, *, #6696, .F. ) ;
#34 = CARTESIAN_POINT ( 'NONE',  ( -7.500011671745328456, -29.49982358402804294, 44.39999999999997726 ) ) ;
#35 = EDGE_CURVE ( 'NONE', #4406, #6460, #3173, .T. ) ;
#36 = ORIENTED_EDGE ( 'NONE', *, *, #567, .F. ) ;
#37 = CARTESIAN_POINT ( 'NONE',  ( 3.265987202574514914, 33.64183894487069892, 5.000000000000000000 ) ) ;
#38 = AXIS2_PLACEMENT_3D ( 'NONE', #4431, #5892, #212 ) ;
#39 = ORIENTED_EDGE ( 'NONE', *, *, #3159, .T. ) ;
#40 = VECTOR ( 'NONE', #4012, 1000.000000000000000 ) ;
#41 = FACE_OUTER_BOUND ( 'NONE', #5349, .T. ) ;
#42 = EDGE_CURVE ( 'NONE', #1731, #3109, #2649, .T. ) ;
#43 = CARTESIAN_POINT ( 'NONE',  ( 7.694539878861258231, -37.07037958987112347, 147.9999999999999716 ) ) ;
#44 = CARTESIAN_POINT ( 'NONE',  ( 19.52000000000059288, 32.43993218241971732, 37.70000000000000284 ) ) ;
#45 = AXIS2_PLACEMENT_3D ( 'NONE', #2766, #90, #2409 ) ;
#46 = EDGE_CURVE ( 'NONE', #5645, #1514, #3997, .T. ) ;
#47 = ADVANCED_FACE ( 'NONE', ( #3702, #6307 ), #627, .F. ) ;
#48 = CARTESIAN_POINT ( 'NONE',  ( 0.000000000000000000, -30.49982358402804294, 64.00000000000001421 ) ) ;
#49 = AXIS2_PLACEMENT_3D ( 'NONE', #5306, #4260, #5335 ) ;
#50 = CARTESIAN_POINT ( 'NONE',  ( 12.19999999999988738, 33.49982358402804294, 150.8999999999999488 ) ) ;
#51 = ORIENTED_EDGE ( 'NONE', *, *, #4770, .F. ) ;
#52 = CARTESIAN_POINT ( 'NONE',  ( -9.613850716524055429, 36.61921546168144914, 117.9666549855149924 ) ) ;
#53 = LINE ( 'NONE', #3856, #5613 ) ;
#54 = VECTOR ( 'NONE', #838, 1000.000000000000000 ) ;
#55 = EDGE_CURVE ( 'NONE', #1242, #1089, #1605, .T. ) ;
#56 = ORIENTED_EDGE ( 'NONE', *, *, #3978, .T. ) ;
#57 = DIRECTION ( 'NONE',  ( 0.000000000000000000, -1.000000000000000000, 0.000000000000000000 ) ) ;
#58 = LINE ( 'NONE', #1106, #6128 ) ;
#59 = VECTOR ( 'NONE', #6290, 1000.000000000000000 ) ;
#60 = VERTEX_POINT ( 'NONE', #3737 ) ;
#61 = VECTOR ( 'NONE', #2898, 1000.000000000000000 ) ;
#62 = CARTESIAN_POINT ( 'NONE',  ( -4.468068730591641113, -32.43975741685360958, 58.00000000000002132 ) ) ;
#63 = DIRECTION ( 'NONE',  ( 0.7071067811865416886, -0.7071067811865532349, 0.000000000000000000 ) ) ;
#64 = ORIENTED_EDGE ( 'NONE', *, *, #4699, .T. ) ;
#65 = CARTESIAN_POINT ( 'NONE',  ( 5.829330599566576510, 3.002405480509394540E-15, 143.0000000000000284 ) ) ;
#66 = CARTESIAN_POINT ( 'NONE',  ( -4.468068730591641113, -32.43975741685360958, 183.0000000000000000 ) ) ;
#67 = APPROVAL_PERSON_ORGANIZATION ( #6803, #5278, #361 ) ;
#68 = CARTESIAN_POINT ( 'NONE',  ( 5.829330599566612037, -33.80101928582860182, 143.0000000000000284 ) ) ;
#69 = ORIENTED_EDGE ( 'NONE', *, *, #4864, .F. ) ;
#70 = CARTESIAN_POINT ( 'NONE',  ( -18.00403507737571829, 33.30549604388724561, 32.32990994323473899 ) ) ;
#71 = ORIENTED_EDGE ( 'NONE', *, *, #3489, .T. ) ;
#72 = LINE ( 'NONE', #1545, #2823 ) ;
#73 = AXIS2_PLACEMENT_3D ( 'NONE', #6655, #3536, #1479 ) ;
#74 = DIRECTION ( 'NONE',  ( -0.000000000000000000, 0.000000000000000000, 1.000000000000000000 ) ) ;
#75 = ORIENTED_EDGE ( 'NONE', *, *, #3448, .T. ) ;
#76 = DIRECTION ( 'NONE',  ( 0.000000000000000000, 1.000000000000000000, 0.000000000000000000 ) ) ;
#77 = CARTESIAN_POINT ( 'NONE',  ( 9.200408079774252457, 36.72508803716405623, 119.7069979353598796 ) ) ;
#78 = CARTESIAN_POINT ( 'NONE',  ( 16.69920262141328493, 33.97830220431314530, 35.74172382057424358 ) ) ;
#79 = EDGE_CURVE ( 'NONE', #2184, #6600, #5854, .T. ) ;
#80 = EDGE_CURVE ( 'NONE', #4812, #1051, #6544, .T. ) ;
#81 = CARTESIAN_POINT ( 'NONE',  ( 15.69237908486685207, 30.49982358402804294, 188.0000000000000000 ) ) ;
#82 = CARTESIAN_POINT ( 'NONE',  ( -3.265987202574514914, 33.64183894487069892, 5.000000000000000000 ) ) ;
#83 = ORIENTED_EDGE ( 'NONE', *, *, #1586, .T. ) ;
#84 = DIRECTION ( 'NONE',  ( 1.000000000000000000, 0.000000000000000000, 0.000000000000000000 ) ) ;
#85 = DIRECTION ( 'NONE',  ( -0.7071067811865398012, -0.7071067811865552333, 0.000000000000000000 ) ) ;
#86 = ORIENTED_EDGE ( 'NONE', *, *, #1903, .F. ) ;
#87 = CARTESIAN_POINT ( 'NONE',  ( 6.003786700256150688, -37.38271213257202419, 43.37088560881939969 ) ) ;
#88 = CARTESIAN_POINT ( 'NONE',  ( 7.500011671745321351, -37.10969448707032114, 153.9999999999999716 ) ) ;
#89 = EDGE_LOOP ( 'NONE', ( #4865, #700, #6566, #1810 ) ) ;
#90 = DIRECTION ( 'NONE',  ( 0.000000000000000000, -1.000000000000000000, 0.000000000000000000 ) ) ;
#91 = DIRECTION ( 'NONE',  ( -0.000000000000000000, -0.000000000000000000, -1.000000000000000000 ) ) ;
#92 = ORIENTED_EDGE ( 'NONE', *, *, #6696, .T. ) ;
#93 = DIRECTION ( 'NONE',  ( 0.000000000000000000, -0.000000000000000000, 1.000000000000000000 ) ) ;
#94 = EDGE_CURVE ( 'NONE', #6036, #366, #6433, .T. ) ;
#95 = CARTESIAN_POINT ( 'NONE',  ( -1.650000000000010791, -34.29999999999999716, 0.000000000000000000 ) ) ;
#96 = EDGE_LOOP ( 'NONE', ( #5229, #1564 ) ) ;
#97 = ORIENTED_EDGE ( 'NONE', *, *, #6160, .F. ) ;
#98 = DIRECTION ( 'NONE',  ( -0.000000000000000000, -0.000000000000000000, -1.000000000000000000 ) ) ;
#99 = ORIENTED_EDGE ( 'NONE', *, *, #6649, .T. ) ;
#100 = CARTESIAN_POINT ( 'NONE',  ( -5.829330599566602267, 37.40853518598355976, 163.0000000000000000 ) ) ;
#101 = EDGE_CURVE ( 'NONE', #429, #5047, #5882, .T. ) ;
#102 = DIRECTION ( 'NONE',  ( 1.000000000000000000, 0.000000000000000000, 0.000000000000000000 ) ) ;
#103 = CIRCLE ( 'NONE', #4004, 3.000000000000002665 ) ;
#104 = ORIENTED_EDGE ( 'NONE', *, *, #3025, .F. ) ;
#105 = CARTESIAN_POINT ( 'NONE',  ( 13.49520964031608017, 31.53378947098092766, 152.4295897530283241 ) ) ;
#106 = DIRECTION ( 'NONE',  ( -0.000000000000000000, -0.000000000000000000, -1.000000000000000000 ) ) ;
#107 = CARTESIAN_POINT ( 'NONE',  ( 0.000000000000000000, 0.000000000000000000, 64.00000000000001421 ) ) ;
#108 = AXIS2_PLACEMENT_3D ( 'NONE', #3517, #5595, #977 ) ;
#109 = DIRECTION ( 'NONE',  ( 0.000000000000000000, 0.000000000000000000, -1.000000000000000000 ) ) ;
#110 = DIRECTION ( 'NONE',  ( -0.000000000000000000, 1.000000000000000000, -0.000000000000000000 ) ) ;
#111 = ORIENTED_EDGE ( 'NONE', *, *, #6378, .T. ) ;
#112 = CARTESIAN_POINT ( 'NONE',  ( -21.50000000000000000, 29.49982358402804294, 96.49999999999998579 ) ) ;
#113 = EDGE_CURVE ( 'NONE', #897, #1762, #5911, .T. ) ;
#114 = DIRECTION ( 'NONE',  ( -0.7071067811865402453, -0.7071067811865547892, 0.000000000000000000 ) ) ;
#115 = VERTEX_POINT ( 'NONE', #125 ) ;
#116 = CARTESIAN_POINT ( 'NONE',  ( 0.000000000000000000, 0.000000000000000000, 0.000000000000000000 ) ) ;
#117 = DIRECTION ( 'NONE',  ( -0.000000000000000000, 0.000000000000000000, 1.000000000000000000 ) ) ;
#118 = ORIENTED_EDGE ( 'NONE', *, *, #1037, .F. ) ;
#119 = CARTESIAN_POINT ( 'NONE',  ( 0.000000000000000000, 0.000000000000000000, 163.0000000000000000 ) ) ;
#120 = CARTESIAN_POINT ( 'NONE',  ( 22.51915201491818408, 30.43464134148951317, 34.47231288847565622 ) ) ;
#121 = EDGE_CURVE ( 'NONE', #3246, #4091, #2662, .T. ) ;
#122 = ORIENTED_EDGE ( 'NONE', *, *, #6481, .T. ) ;
#123 = CARTESIAN_POINT ( 'NONE',  ( 10.21412202993611196, 32.74389301365572891, 119.7728991884524419 ) ) ;
#124 = CYLINDRICAL_SURFACE ( 'NONE', #5859, 1.650000000000017231 ) ;
#125 = CARTESIAN_POINT ( 'NONE',  ( -7.500011671745328456, -29.49982358402804294, 152.5999999999999659 ) ) ;
#126 = EDGE_CURVE ( 'NONE', #6879, #4018, #2761, .T. ) ;
#127 = VECTOR ( 'NONE', #5449, 1000.000000000000000 ) ;
#128 = CARTESIAN_POINT ( 'NONE',  ( -16.98412536343293766, 35.29982358402804010, 90.96300362600423739 ) ) ;
#129 = EDGE_LOOP ( 'NONE', ( #5429, #5946 ) ) ;
#130 = CARTESIAN_POINT ( 'NONE',  ( 6.543084970172111881, -37.29076151482225043, 148.1500834749729734 ) ) ;
#131 = VERTEX_POINT ( 'NONE', #1214 ) ;
#132 = PLANE ( 'NONE',  #6056 ) ;
#133 = LINE ( 'NONE', #171, #6514 ) ;
#134 = CIRCLE ( 'NONE', #4163, 1.199999999999999734 ) ;
#135 = ORIENTED_EDGE ( 'NONE', *, *, #3622, .T. ) ;
#136 = EDGE_CURVE ( 'NONE', #5438, #395, #3555, .T. ) ;
#137 = ORIENTED_EDGE ( 'NONE', *, *, #5963, .T. ) ;
#138 = AXIS2_PLACEMENT_3D ( 'NONE', #5569, #2471, #390 ) ;
#139 = CARTESIAN_POINT ( 'NONE',  ( -12.58217911247346876, 35.70866336690929899, 153.8817728647861998 ) ) ;
#140 = CARTESIAN_POINT ( 'NONE',  ( -3.250000000000000000, -34.29999999999999716, 188.0000000000000000 ) ) ;
#141 = DIRECTION ( 'NONE',  ( 0.000000000000000000, 0.000000000000000000, -1.000000000000000000 ) ) ;
#142 = VECTOR ( 'NONE', #2088, 1000.000000000000000 ) ;
#143 = ORIENTED_EDGE ( 'NONE', *, *, #6390, .F. ) ;
#144 = DIRECTION ( 'NONE',  ( 0.000000000000000000, -1.000000000000000000, 0.000000000000000000 ) ) ;
#145 = CARTESIAN_POINT ( 'NONE',  ( -10.71248817432767275, 32.58439234932366446, 152.2434425946636054 ) ) ;
#146 = DIRECTION ( 'NONE',  ( -0.000000000000000000, -0.000000000000000000, -1.000000000000000000 ) ) ;
#147 = ORIENTED_EDGE ( 'NONE', *, *, #2005, .F. ) ;
#148 = DIRECTION ( 'NONE',  ( 0.000000000000000000, -1.000000000000000000, 0.000000000000000000 ) ) ;
#149 = CARTESIAN_POINT ( 'NONE',  ( 13.98584434313093716, -13.98584434313064939, 5.000000000000000000 ) ) ;
#150 = VECTOR ( 'NONE', #6199, 1000.000000000000000 ) ;
#151 = ORIENTED_EDGE ( 'NONE', *, *, #738, .T. ) ;
#152 = CARTESIAN_POINT ( 'NONE',  ( 13.67196633800489636, 35.30562150369774344, 116.8788885907361532 ) ) ;
#153 = DIRECTION ( 'NONE',  ( 1.000000000000000000, 0.000000000000000000, 0.000000000000000000 ) ) ;
#154 = ORIENTED_EDGE ( 'NONE', *, *, #2817, .F. ) ;
#155 = CARTESIAN_POINT ( 'NONE',  ( -2.049999999999999822, -34.29999999999999716, 188.0000000000000000 ) ) ;
#156 = CARTESIAN_POINT ( 'NONE',  ( 22.08449273884730957, 30.75222684579957999, 36.31146613129507728 ) ) ;
#157 = ORIENTED_EDGE ( 'NONE', *, *, #5839, .F. ) ;
#158 = FACE_BOUND ( 'NONE', #4193, .T. ) ;
#159 = CIRCLE ( 'NONE', #2059, 1.699999999999977529 ) ;
#160 = LINE ( 'NONE', #2246, #4857 ) ;
#161 = EDGE_CURVE ( 'NONE', #4316, #6528, #5490, .T. ) ;
#162 = EDGE_CURVE ( 'NONE', #5929, #5466, #3831, .T. ) ;
#163 = AXIS2_PLACEMENT_3D ( 'NONE', #4662, #2001, #444 ) ;
#164 = DIRECTION ( 'NONE',  ( 0.000000000000000000, 0.000000000000000000, -1.000000000000000000 ) ) ;
#165 = CIRCLE ( 'NONE', #4850, 3.000000000000002665 ) ;
#166 = DIRECTION ( 'NONE',  ( -0.000000000000000000, -1.000000000000000000, -0.000000000000000000 ) ) ;
#167 = ORIENTED_EDGE ( 'NONE', *, *, #2256, .T. ) ;
#168 = PLANE ( 'NONE',  #1161 ) ;
#169 = VERTEX_POINT ( 'NONE', #1283 ) ;
#170 = CARTESIAN_POINT ( 'NONE',  ( 0.000000000000000000, -30.49982358402804294, 64.00000000000001421 ) ) ;
#171 = CARTESIAN_POINT ( 'NONE',  ( 12.19999999999988738, 30.49982358402804294, 152.8999999999999488 ) ) ;
#172 =( GEOMETRIC_REPRESENTATION_CONTEXT ( 3 ) GLOBAL_UNCERTAINTY_ASSIGNED_CONTEXT ( ( #6294 ) ) GLOBAL_UNIT_ASSIGNED_CONTEXT ( ( #887, #2067, #998 ) ) REPRESENTATION_CONTEXT ( 'NONE', 'WORKASPACE' ) );
#173 = EDGE_CURVE ( 'NONE', #1572, #3312, #6537, .T. ) ;
#174 = VECTOR ( 'NONE', #1291, 1000.000000000000000 ) ;
#175 = EDGE_CURVE ( 'NONE', #3493, #5879, #1316, .T. ) ;
#176 = ORIENTED_EDGE ( 'NONE', *, *, #3358, .T. ) ;
#177 = VECTOR ( 'NONE', #1969, 1000.000000000000000 ) ;
#178 = CARTESIAN_POINT ( 'NONE',  ( 12.70501845062729807, 31.86048465643260386, 152.8393550779454131 ) ) ;
#179 = CARTESIAN_POINT ( 'NONE',  ( 10.24344722282887332, 36.44821936032966647, 117.2173252804240491 ) ) ;
#180 = CARTESIAN_POINT ( 'NONE',  ( 0.000000000000000000, 0.000000000000000000, 5.000000000000000000 ) ) ;
#181 = EDGE_CURVE ( 'NONE', #5018, #1221, #2353, .T. ) ;
#182 = VECTOR ( 'NONE', #5006, 1000.000000000000000 ) ;
#183 = ORIENTED_EDGE ( 'NONE', *, *, #597, .F. ) ;
#184 = CYLINDRICAL_SURFACE ( 'NONE', #3117, 2.000000000000001776 ) ;
#185 = DIRECTION ( 'NONE',  ( 0.000000000000000000, 0.000000000000000000, -1.000000000000000000 ) ) ;
#186 = CARTESIAN_POINT ( 'NONE',  ( 5.829330599566602267, 33.80101928582860182, 188.0000000000000000 ) ) ;
#187 = ORIENTED_EDGE ( 'NONE', *, *, #3126, .T. ) ;
#188 = CARTESIAN_POINT ( 'NONE',  ( -9.876947940293664630, -36.54912464040150155, 47.84089178629140804 ) ) ;
#189 = LINE ( 'NONE', #5066, #2833 ) ;
#190 = ORIENTED_EDGE ( 'NONE', *, *, #2135, .F. ) ;
#191 = FACE_OUTER_BOUND ( 'NONE', #2957, .T. ) ;
#192 = LINE ( 'NONE', #6492, #3252 ) ;
#193 = VERTEX_POINT ( 'NONE', #5045 ) ;
#194 = CARTESIAN_POINT ( 'NONE',  ( -4.597716912597112682, -37.57981045711256485, 46.78506029340751837 ) ) ;
#195 = ORIENTED_EDGE ( 'NONE', *, *, #2367, .T. ) ;
#196 = FACE_OUTER_BOUND ( 'NONE', #6714, .T. ) ;
#197 = LINE ( 'NONE', #2318, #2736 ) ;
#198 = DIRECTION ( 'NONE',  ( -1.138138323803736265E-16, 1.000000000000000000, 0.000000000000000000 ) ) ;
#199 = EDGE_CURVE ( 'NONE', #6375, #629, #6657, .T. ) ;
#200 = CARTESIAN_POINT ( 'NONE',  ( 12.01073388038737733, 35.90489999966344214, 153.8999999999999488 ) ) ;
#201 = EDGE_LOOP ( 'NONE', ( #2684, #5378, #4322, #4769 ) ) ;
#202 = CARTESIAN_POINT ( 'NONE',  ( -13.98584434313094604, -13.98584434313071689, 188.0000000000000000 ) ) ;
#203 = ORIENTED_EDGE ( 'NONE', *, *, #6584, .T. ) ;
#204 = CARTESIAN_POINT ( 'NONE',  ( -22.00000000000000000, 0.000000000000000000, 140.0000000000000000 ) ) ;
#205 = EDGE_CURVE ( 'NONE', #354, #3854, #6605, .T. ) ;
#206 = CARTESIAN_POINT ( 'NONE',  ( -19.84999999999940457, 30.29982358402804010, 34.70000000000000284 ) ) ;
#207 = ADVANCED_FACE ( 'NONE', ( #4978 ), #3305, .F. ) ;
#208 = CLOSED_SHELL ( 'NONE', ( #5750, #5720, #256, #5323, #3400, #802, #1024, #514, #525, #2944, #1079, #2514, #6313, #5869, #5321, #1713, #1062, #1048, #775, #4751, #5992, #3932, #294, #692, #4930, #5502, #1294, #2990, #3587, #1494, #2860, #2176, #4258, #5832, #2422, #5870, #5526, #2522, #4476, #3765, #3923, #6176, #3830, #3075, #1866, #3118, #856, #3791, #5285, #6475, #656, #5330, #293, #4466, #2345, #1385, #6169, #2977, #4958, #17, #2725, #5477, #2552, #4997, #4303, #5971, #2503, #3066, #6088, #4533, #440, #2301, #5952, #2129, #1653, #447, #5764, #4644, #3336, #249, #2519 ) ) ;
#209 = ORIENTED_EDGE ( 'NONE', *, *, #121, .T. ) ;
#210 = VERTEX_POINT ( 'NONE', #689 ) ;
#211 = CARTESIAN_POINT ( 'NONE',  ( 13.17646142196056935, 31.66835054966286123, 149.1499016946914367 ) ) ;
#212 = DIRECTION ( 'NONE',  ( -1.000000000000000000, 0.000000000000000000, 0.000000000000000000 ) ) ;
#213 = DIRECTION ( 'NONE',  ( 1.000000000000000000, 0.000000000000000000, 0.000000000000000000 ) ) ;
#214 = EDGE_CURVE ( 'NONE', #6623, #2426, #2996, .T. ) ;
#215 = CIRCLE ( 'NONE', #1111, 1.650000000000017231 ) ;
#216 = EDGE_LOOP ( 'NONE', ( #3943, #313, #5443, #1465 ) ) ;
#217 = CIRCLE ( 'NONE', #3337, 1.649999999999998579 ) ;
#218 = DIRECTION ( 'NONE',  ( -1.000000000000000000, 0.000000000000000000, -0.000000000000000000 ) ) ;
#219 = ADVANCED_FACE ( 'NONE', ( #1835 ), #5458, .F. ) ;
#220 = DIRECTION ( 'NONE',  ( 0.000000000000000000, -1.000000000000000000, 0.000000000000000000 ) ) ;
#221 = DIRECTION ( 'NONE',  ( -0.000000000000000000, 0.000000000000000000, 1.000000000000000000 ) ) ;
#222 = VERTEX_POINT ( 'NONE', #4940 ) ;
#223 = FACE_OUTER_BOUND ( 'NONE', #2582, .T. ) ;
#224 = LINE ( 'NONE', #6101, #5183 ) ;
#225 = AXIS2_PLACEMENT_3D ( 'NONE', #5666, #6675, #339 ) ;
#226 = DIRECTION ( 'NONE',  ( 0.000000000000000000, 1.000000000000000000, -0.000000000000000000 ) ) ;
#227 = ADVANCED_FACE ( 'NONE', ( #6047 ), #1246, .F. ) ;
#228 = FACE_OUTER_BOUND ( 'NONE', #5013, .T. ) ;
#229 = ORIENTED_EDGE ( 'NONE', *, *, #2187, .F. ) ;
#230 = CARTESIAN_POINT ( 'NONE',  ( 6.397958626452089978E-15, -34.29999999999999716, 5.000000000000004441 ) ) ;
#231 = VERTEX_POINT ( 'NONE', #2846 ) ;
#232 = CARTESIAN_POINT ( 'NONE',  ( -3.250000000000001332, 34.29999999999999716, 5.000000000000000000 ) ) ;
#233 = CARTESIAN_POINT ( 'NONE',  ( 7.500011671745327568, -37.10969448707032114, 147.9999999999999716 ) ) ;
#234 = CARTESIAN_POINT ( 'NONE',  ( 7.500011671745328456, -39.49982358402804294, 150.9999999999999716 ) ) ;
#235 = CARTESIAN_POINT ( 'NONE',  ( 10.90270123098036592, 36.25666038241593725, 153.6118056218939785 ) ) ;
#236 = ORIENTED_EDGE ( 'NONE', *, *, #6125, .T. ) ;
#237 = DIRECTION ( 'NONE',  ( -0.000000000000000000, -1.000000000000000000, -0.000000000000000000 ) ) ;
#238 = ORIENTED_EDGE ( 'NONE', *, *, #3531, .F. ) ;
#239 = CARTESIAN_POINT ( 'NONE',  ( 17.50001167174533023, 29.49982358402804294, 188.0000000000000000 ) ) ;
#240 = CARTESIAN_POINT ( 'NONE',  ( -5.829330599566602267, 0.000000000000000000, 183.0000000000000000 ) ) ;
#241 = CIRCLE ( 'NONE', #2466, 1.200000000000000178 ) ;
#242 = ORIENTED_EDGE ( 'NONE', *, *, #4265, .T. ) ;
#243 = ORIENTED_EDGE ( 'NONE', *, *, #628, .F. ) ;
#244 = CARTESIAN_POINT ( 'NONE',  ( 14.14396506204042936, 31.24822722181854928, 151.4413929632200961 ) ) ;
#245 = CARTESIAN_POINT ( 'NONE',  ( 12.19999999999999574, 35.84047432721856552, 116.4999999999999858 ) ) ;
#246 = LINE ( 'NONE', #1298, #1382 ) ;
#247 = AXIS2_PLACEMENT_3D ( 'NONE', #1819, #146, #4995 ) ;
#248 = CIRCLE ( 'NONE', #3366, 2.000000000000001776 ) ;
#249 = ADVANCED_FACE ( 'NONE', ( #6571 ), #1801, .T. ) ;
#250 = ORIENTED_EDGE ( 'NONE', *, *, #2076, .F. ) ;
#251 = DIRECTION ( 'NONE',  ( -0.000000000000000000, 0.000000000000000000, 1.000000000000000000 ) ) ;
#252 = LINE ( 'NONE', #814, #6411 ) ;
#253 = DIRECTION ( 'NONE',  ( 0.000000000000000000, 1.000000000000000000, -0.000000000000000000 ) ) ;
#254 = DIRECTION ( 'NONE',  ( -1.000000000000000000, 0.000000000000000000, 0.000000000000000000 ) ) ;
#255 = CARTESIAN_POINT ( 'NONE',  ( 3.101721574042646701, -31.94979379083875415, 0.000000000000000000 ) ) ;
#256 = ADVANCED_FACE ( 'NONE', ( #2876 ), #5011, .F. ) ;
#257 = EDGE_CURVE ( 'NONE', #2156, #297, #3623, .T. ) ;
#258 = CARTESIAN_POINT ( 'NONE',  ( 14.88064891463613648, 34.81311868548448984, 120.8617536907359948 ) ) ;
#259 = AXIS2_PLACEMENT_3D ( 'NONE', #4723, #3215, #3185 ) ;
#260 = CARTESIAN_POINT ( 'NONE',  ( -23.73057117962473939, 29.49982358402804294, 188.0000000000000000 ) ) ;
#261 = ORIENTED_EDGE ( 'NONE', *, *, #936, .F. ) ;
#262 = CARTESIAN_POINT ( 'NONE',  ( -7.500011671745328456, -37.10969448707032114, 42.99999999999997158 ) ) ;
#263 = ORIENTED_EDGE ( 'NONE', *, *, #5661, .T. ) ;
#264 = DIRECTION ( 'NONE',  ( -1.000000000000000000, 0.000000000000000000, 0.000000000000000000 ) ) ;
#265 = DIRECTION ( 'NONE',  ( 0.000000000000000000, 0.000000000000000000, 1.000000000000000000 ) ) ;
#266 = EDGE_CURVE ( 'NONE', #2790, #60, #4002, .T. ) ;
#267 = AXIS2_PLACEMENT_3D ( 'NONE', #3627, #6857, #555 ) ;
#268 = CARTESIAN_POINT ( 'NONE',  ( 1.650000000000023892, -34.29999999999999716, 0.000000000000000000 ) ) ;
#269 = DIRECTION ( 'NONE',  ( 1.000000000000000000, 0.000000000000000000, 0.000000000000000000 ) ) ;
#270 = CARTESIAN_POINT ( 'NONE',  ( 19.51999999999999602, 35.29982358402804010, 88.84999999999999432 ) ) ;
#271 = ORIENTED_EDGE ( 'NONE', *, *, #3965, .T. ) ;
#272 = AXIS2_PLACEMENT_3D ( 'NONE', #5126, #352, #2021 ) ;
#273 = CARTESIAN_POINT ( 'NONE',  ( 13.49378938312966447, 31.53439575356038915, 117.9692723266149130 ) ) ;
#274 = ORIENTED_EDGE ( 'NONE', *, *, #6524, .T. ) ;
#275 = FACE_BOUND ( 'NONE', #3730, .T. ) ;
#276 = LINE ( 'NONE', #240, #6296 ) ;
#277 = B_SPLINE_CURVE_WITH_KNOTS ( 'NONE', 3,
 ( #1685, #714, #3817, #5968, #6454, #5516, #1790, #4892, #611, #3395, #1757, #5900, #6488, #4830, #2271, #2731, #5932, #2310, #1168, #3257, #3292, #1721, #5414, #3921, #645, #4368, #3324, #2202 ),
 .UNSPECIFIED., .F., .F.,
 ( 4, 2, 2, 2, 2, 2, 2, 2, 2, 2, 2, 2, 2, 4 ),
 ( 3.469446951953614189E-18, 0.001283901411177671391, 0.001925852116766502966, 0.002567802822355334975, 0.003209753527944171105, 0.003851704233533007667, 0.004493654939121843363, 0.005135605644710679492, 0.005777556350299516488, 0.006419507055888351750, 0.007703408467066022274, 0.008345359172654848862, 0.008987309878243676317, 0.01027121128942131735 ),
 .UNSPECIFIED. ) ;
#278 = AXIS2_PLACEMENT_3D ( 'NONE', #65, #4188, #2185 ) ;
#279 = ORIENTED_EDGE ( 'NONE', *, *, #2640, .T. ) ;
#280 = PLANE ( 'NONE',  #2151 ) ;
#281 = FACE_OUTER_BOUND ( 'NONE', #465, .T. ) ;
#282 = DIRECTION ( 'NONE',  ( -1.000000000000000000, 0.000000000000000000, 0.000000000000000000 ) ) ;
#283 = VECTOR ( 'NONE', #1420, 1000.000000000000000 ) ;
#284 = AXIS2_PLACEMENT_3D ( 'NONE', #3447, #6613, #3976 ) ;
#285 = ORIENTED_EDGE ( 'NONE', *, *, #5653, .T. ) ;
#286 = LINE ( 'NONE', #1300, #2328 ) ;
#287 = CARTESIAN_POINT ( 'NONE',  ( -14.78041939575439656, 34.85590146795001942, 121.0430487438402167 ) ) ;
#288 = DIRECTION ( 'NONE',  ( 1.000000000000000000, 0.000000000000000000, 0.000000000000000000 ) ) ;
#289 = LINE ( 'NONE', #2182, #4609 ) ;
#290 = DIRECTION ( 'NONE',  ( 0.000000000000000000, 0.000000000000000000, -1.000000000000000000 ) ) ;
#291 = CARTESIAN_POINT ( 'NONE',  ( 12.19999999999999574, 43.49982358402805005, 119.5000000000000000 ) ) ;
#292 = AXIS2_PLACEMENT_3D ( 'NONE', #6570, #5942, #3899 ) ;
#293 = ADVANCED_FACE ( 'NONE', ( #1865 ), #1493, .F. ) ;
#294 = ADVANCED_FACE ( 'NONE', ( #6256 ), #5187, .F. ) ;
#295 = DIRECTION ( 'NONE',  ( -1.000000000000000000, 0.000000000000000000, 0.000000000000000000 ) ) ;
#296 = DIRECTION ( 'NONE',  ( -1.000000000000000000, 0.000000000000000000, 0.000000000000000000 ) ) ;
#297 = VERTEX_POINT ( 'NONE', #6187 ) ;
#298 = DIRECTION ( 'NONE',  ( 1.000000000000000000, 0.000000000000000000, 0.000000000000000000 ) ) ;
#299 = ORIENTED_EDGE ( 'NONE', *, *, #6252, .F. ) ;
#300 = CARTESIAN_POINT ( 'NONE',  ( 13.98584434313093361, -13.98584434313062808, 143.0000000000000284 ) ) ;
#301 = CARTESIAN_POINT ( 'NONE',  ( -19.84999999999999787, 35.29982358402804010, 91.84999999999999432 ) ) ;
#302 = CARTESIAN_POINT ( 'NONE',  ( -23.73057117962473939, 29.49982358402804294, 0.000000000000000000 ) ) ;
#303 = CARTESIAN_POINT ( 'NONE',  ( -7.111657617825673405, -37.18657378570658523, 153.9810518602288028 ) ) ;
#304 = DIRECTION ( 'NONE',  ( -0.000000000000000000, -0.000000000000000000, -1.000000000000000000 ) ) ;
#305 = EDGE_CURVE ( 'NONE', #3966, #3486, #5080, .T. ) ;
#306 = ORIENTED_EDGE ( 'NONE', *, *, #744, .F. ) ;
#307 = CARTESIAN_POINT ( 'NONE',  ( 4.806612853264691232, -37.55372114456850596, 152.3360080980681346 ) ) ;
#308 = ORIENTED_EDGE ( 'NONE', *, *, #6500, .T. ) ;
#309 = DIRECTION ( 'NONE',  ( -0.7071067811865398012, -0.7071067811865552333, 0.000000000000000000 ) ) ;
#310 = PLANE ( 'NONE',  #6405 ) ;
#311 = ORIENTED_EDGE ( 'NONE', *, *, #161, .F. ) ;
#312 = EDGE_CURVE ( 'NONE', #6866, #1929, #938, .T. ) ;
#313 = ORIENTED_EDGE ( 'NONE', *, *, #6552, .F. ) ;
#314 = LINE ( 'NONE', #4089, #40 ) ;
#315 = CARTESIAN_POINT ( 'NONE',  ( 6.397958626452089978E-15, -34.29999999999999716, 188.0000000000000000 ) ) ;
#316 = LINE ( 'NONE', #5200, #1825 ) ;
#317 = ORIENTED_EDGE ( 'NONE', *, *, #5464, .F. ) ;
#318 = ORIENTED_EDGE ( 'NONE', *, *, #1025, .T. ) ;
#319 = CARTESIAN_POINT ( 'NONE',  ( -1.650000000000212186, 34.29999999999999716, 0.000000000000000000 ) ) ;
#320 = FACE_OUTER_BOUND ( 'NONE', #562, .T. ) ;
#321 = CARTESIAN_POINT ( 'NONE',  ( 0.000000000000000000, 0.000000000000000000, 163.0000000000000000 ) ) ;
#322 = CARTESIAN_POINT ( 'NONE',  ( -10.47745386578321813, 32.66066701321636856, 120.5248545260812563 ) ) ;
#323 = APPLICATION_PROTOCOL_DEFINITION ( 'international standard', 'config_control_design', 1994, #4339 ) ;
#324 = PLANE ( 'NONE',  #3510 ) ;
#325 = VECTOR ( 'NONE', #832, 1000.000000000000000 ) ;
#326 = CARTESIAN_POINT ( 'NONE',  ( 15.17843562926401901, 34.68424314288292720, 119.0876218790194088 ) ) ;
#327 = EDGE_CURVE ( 'NONE', #4633, #4951, #5740, .T. ) ;
#328 = CARTESIAN_POINT ( 'NONE',  ( 10.21331406667797914, 32.74414448116827003, 150.6334188552982312 ) ) ;
#329 = ORIENTED_EDGE ( 'NONE', *, *, #3882, .T. ) ;
#330 = CARTESIAN_POINT ( 'NONE',  ( 12.19999999999999574, 30.49982358402804294, 121.5000000000000000 ) ) ;
#331 = CIRCLE ( 'NONE', #5893, 1.200000000000000178 ) ;
#332 = ORIENTED_EDGE ( 'NONE', *, *, #4640, .T. ) ;
#333 = CYLINDRICAL_SURFACE ( 'NONE', #6167, 3.000000000000002665 ) ;
#334 = DIRECTION ( 'NONE',  ( -0.000000000000000000, -0.000000000000000000, 1.000000000000000000 ) ) ;
#335 = DIRECTION ( 'NONE',  ( -0.7071067811865417996, -0.7071067811865532349, 0.000000000000000000 ) ) ;
#336 = CIRCLE ( 'NONE', #5124, 1.649999999999998579 ) ;
#337 = LINE ( 'NONE', #3586, #3779 ) ;
#338 = EDGE_CURVE ( 'NONE', #2282, #1125, #337, .T. ) ;
#339 = DIRECTION ( 'NONE',  ( 0.000000000000000000, 0.000000000000000000, -1.000000000000000000 ) ) ;
#340 = VERTEX_POINT ( 'NONE', #3056 ) ;
#341 = CARTESIAN_POINT ( 'NONE',  ( 4.578005061217498728, -37.58251009924892827, 151.7868524016724905 ) ) ;
#342 = ORIENTED_EDGE ( 'NONE', *, *, #1828, .T. ) ;
#343 = DIRECTION ( 'NONE',  ( 0.000000000000000000, -1.000000000000000000, 0.000000000000000000 ) ) ;
#344 = CARTESIAN_POINT ( 'NONE',  ( -0.000000000000000000, 29.49982358402804294, 170.4999999999999716 ) ) ;
#345 = EDGE_CURVE ( 'NONE', #6578, #5681, #3143, .T. ) ;
#346 = EDGE_CURVE ( 'NONE', #2204, #5589, #3650, .T. ) ;
#347 = VERTEX_POINT ( 'NONE', #5253 ) ;
#348 = EDGE_LOOP ( 'NONE', ( #1108, #5397, #5940, #448 ) ) ;
#349 = CYLINDRICAL_SURFACE ( 'NONE', #2814, 2.000000000000001776 ) ;
#350 = DIRECTION ( 'NONE',  ( -1.000000000000000000, 0.000000000000000000, 0.000000000000000000 ) ) ;
#351 = ORIENTED_EDGE ( 'NONE', *, *, #4231, .F. ) ;
#352 = DIRECTION ( 'NONE',  ( -0.000000000000000000, -1.000000000000000000, -0.000000000000000000 ) ) ;
#353 = EDGE_CURVE ( 'NONE', #1755, #2043, #5809, .T. ) ;
#354 = VERTEX_POINT ( 'NONE', #3787 ) ;
#355 = ORIENTED_EDGE ( 'NONE', *, *, #2567, .F. ) ;
#356 = LINE ( 'NONE', #2480, #777 ) ;
#357 = AXIS2_PLACEMENT_3D ( 'NONE', #1556, #608, #2102 ) ;
#358 = CARTESIAN_POINT ( 'NONE',  ( -17.50001167174533023, 29.49982358402804294, 188.0000000000000000 ) ) ;
#359 = DIRECTION ( 'NONE',  ( -0.000000000000000000, 0.000000000000000000, 1.000000000000000000 ) ) ;
#360 = CARTESIAN_POINT ( 'NONE',  ( -5.829330599566602267, 33.80101928582860182, 188.0000000000000000 ) ) ;
#361 = APPROVAL_ROLE ( '' ) ;
#362 = DIRECTION ( 'NONE',  ( 0.000000000000000000, 0.000000000000000000, -1.000000000000000000 ) ) ;
#363 = VECTOR ( 'NONE', #110, 1000.000000000000000 ) ;
#364 = CARTESIAN_POINT ( 'NONE',  ( 14.78269795834972378, 34.85493063457438012, 121.0390357264505923 ) ) ;
#365 = LINE ( 'NONE', #5656, #2584 ) ;
#366 = VERTEX_POINT ( 'NONE', #5902 ) ;
#367 = AXIS2_PLACEMENT_3D ( 'NONE', #4228, #6758, #3139 ) ;
#368 = CARTESIAN_POINT ( 'NONE',  ( -19.84999999999940457, 27.79982358402804365, 33.05000000000000426 ) ) ;
#369 = ORIENTED_EDGE ( 'NONE', *, *, #2207, .T. ) ;
#370 = CARTESIAN_POINT ( 'NONE',  ( 0.000000000000000000, 29.49982358402804294, 188.0000000000000000 ) ) ;
#371 = DIRECTION ( 'NONE',  ( 0.000000000000000000, 0.000000000000000000, -1.000000000000000000 ) ) ;
#372 = VECTOR ( 'NONE', #5303, 1000.000000000000000 ) ;
#373 = CARTESIAN_POINT ( 'NONE',  ( 15.03810432921950913, 34.74539340565596035, 151.8926809831149001 ) ) ;
#374 = CARTESIAN_POINT ( 'NONE',  ( -7.304416283795467812, -37.14922506561158855, 153.9999999999999432 ) ) ;
#375 = DIRECTION ( 'NONE',  ( -1.000000000000000000, 1.598721155460225418E-14, 0.000000000000000000 ) ) ;
#376 = ORIENTED_EDGE ( 'NONE', *, *, #5033, .T. ) ;
#377 = CARTESIAN_POINT ( 'NONE',  ( 12.70656520172518889, 31.86062111651009232, 117.5483156300119987 ) ) ;
#378 = DIRECTION ( 'NONE',  ( -0.000000000000000000, -0.000000000000000000, -1.000000000000000000 ) ) ;
#379 = ORIENTED_EDGE ( 'NONE', *, *, #6277, .T. ) ;
#380 = DIRECTION ( 'NONE',  ( -0.000000000000000000, 0.000000000000000000, 1.000000000000000000 ) ) ;
#381 = AXIS2_PLACEMENT_3D ( 'NONE', #1958, #401, #886 ) ;
#382 = CARTESIAN_POINT ( 'NONE',  ( -13.40070767083131287, 31.57454900143193299, 121.1202053148594189 ) ) ;
#383 = EDGE_CURVE ( 'NONE', #5733, #1535, #889, .T. ) ;
#384 = ADVANCED_FACE ( 'NONE', ( #3728 ), #6423, .F. ) ;
#385 = B_SPLINE_CURVE_WITH_KNOTS ( 'NONE', 3,
 ( #1781, #4359, #2260, #3807, #3843, #4395, #6516, #5371, #1158, #602, #5958, #4464, #3282, #2721, #5504, #4855, #77, #638, #5434, #667, #3878, #5989, #1223, #2821, #4954, #179, #6549, #3911, #773, #4090, #2959, #245 ),
 .UNSPECIFIED., .F., .F.,
 ( 4, 2, 2, 2, 2, 2, 2, 2, 2, 2, 2, 2, 2, 2, 2, 4 ),
 ( 0.009705080363281189462, 0.01030356496952227960, 0.01090204957576336800, 0.01150053418200445814, 0.01209901878824554827, 0.01269750339448663667, 0.01329598800072772508, 0.01389447260696881521, 0.01449295721320990535, 0.01509144181945099375, 0.01568992642569208562, 0.01628841103193317402, 0.01688689563817426242, 0.01748538024441535083, 0.01808386485065643923, 0.01928083406313860562 ),
 .UNSPECIFIED. ) ;
#386 = VERTEX_POINT ( 'NONE', #6359 ) ;
#387 = VECTOR ( 'NONE', #1121, 1000.000000000000000 ) ;
#388 = ORIENTED_EDGE ( 'NONE', *, *, #161, .T. ) ;
#389 = DIRECTION ( 'NONE',  ( -1.000000000000000000, 0.000000000000000000, 0.000000000000000000 ) ) ;
#390 = DIRECTION ( 'NONE',  ( 1.000000000000000000, 0.000000000000000000, 0.000000000000000000 ) ) ;
#391 = ORIENTED_EDGE ( 'NONE', *, *, #5377, .F. ) ;
#392 = LINE ( 'NONE', #5233, #2262 ) ;
#393 = EDGE_CURVE ( 'NONE', #1237, #4951, #3681, .T. ) ;
#394 = AXIS2_PLACEMENT_3D ( 'NONE', #5050, #2541, #1391 ) ;
#395 = VERTEX_POINT ( 'NONE', #5842 ) ;
#396 = ORIENTED_EDGE ( 'NONE', *, *, #4693, .T. ) ;
#397 = CARTESIAN_POINT ( 'NONE',  ( -16.98412536343293766, 27.79982358402804365, 30.40000000000000924 ) ) ;
#398 = CIRCLE ( 'NONE', #4955, 1.199999999999999734 ) ;
#399 = CARTESIAN_POINT ( 'NONE',  ( -15.09925208689639220, 34.71878627597250500, 118.7030857699723185 ) ) ;
#400 = CARTESIAN_POINT ( 'NONE',  ( 10.48014450401061382, -36.38059765285318292, 151.3987857360379792 ) ) ;
#401 = DIRECTION ( 'NONE',  ( 0.000000000000000000, 0.000000000000000000, -1.000000000000000000 ) ) ;
#402 = EDGE_CURVE ( 'NONE', #3155, #3130, #446, .T. ) ;
#403 = CALENDAR_DATE ( 2026, 22, 6 ) ;
#404 = DIRECTION ( 'NONE',  ( -0.000000000000000000, 0.000000000000000000, 1.000000000000000000 ) ) ;
#405 = LOCAL_TIME ( 18, 49, 51.00000000000000000, #5172 ) ;
#406 = AXIS2_PLACEMENT_3D ( 'NONE', #5261, #559, #1085 ) ;
#407 = FACE_OUTER_BOUND ( 'NONE', #2492, .T. ) ;
#408 = CARTESIAN_POINT ( 'NONE',  ( 10.90064477660905773, 32.52192736644705207, 149.3739406206359774 ) ) ;
#409 = VERTEX_POINT ( 'NONE', #1136 ) ;
#410 = AXIS2_PLACEMENT_3D ( 'NONE', #1346, #3548, #3474 ) ;
#411 = DIRECTION ( 'NONE',  ( 1.000000000000000000, 0.000000000000000000, 0.000000000000000000 ) ) ;
#412 = ORIENTED_EDGE ( 'NONE', *, *, #6687, .F. ) ;
#413 = FACE_BOUND ( 'NONE', #3435, .T. ) ;
#414 = CARTESIAN_POINT ( 'NONE',  ( 6.397958626452089978E-15, -34.29999999999999716, 0.000000000000000000 ) ) ;
#415 = CARTESIAN_POINT ( 'NONE',  ( -5.682027704922949951, -37.43155649665578011, 153.3944067722870841 ) ) ;
#416 = CARTESIAN_POINT ( 'NONE',  ( 9.298790326107244653, 36.70032367947505492, 150.1107878492652219 ) ) ;
#417 = ORIENTED_EDGE ( 'NONE', *, *, #4991, .F. ) ;
#418 = CARTESIAN_POINT ( 'NONE',  ( -4.468068730591641113, -32.43975741685360958, 143.0000000000000284 ) ) ;
#419 = DIRECTION ( 'NONE',  ( -0.7071067811865416886, 0.7071067811865532349, 0.000000000000000000 ) ) ;
#420 = VERTEX_POINT ( 'NONE', #4739 ) ;
#421 = CARTESIAN_POINT ( 'NONE',  ( -1.650000000000010791, -34.29999999999999716, 183.0000000000000000 ) ) ;
#422 = LINE ( 'NONE', #4084, #2175 ) ;
#423 = EDGE_CURVE ( 'NONE', #4717, #1468, #1776, .T. ) ;
#424 = ORIENTED_EDGE ( 'NONE', *, *, #6500, .F. ) ;
#425 = ORIENTED_EDGE ( 'NONE', *, *, #1252, .F. ) ;
#426 = CARTESIAN_POINT ( 'NONE',  ( -1.650000000000010791, -34.29999999999999716, 188.0000000000000000 ) ) ;
#427 = EDGE_CURVE ( 'NONE', #4881, #4320, #6883, .T. ) ;
#428 = DIRECTION ( 'NONE',  ( -0.000000000000000000, -0.000000000000000000, -1.000000000000000000 ) ) ;
#429 = VERTEX_POINT ( 'NONE', #5320 ) ;
#430 = CARTESIAN_POINT ( 'NONE',  ( 2.049999999999999822, 34.29999999999999716, 0.000000000000000000 ) ) ;
#431 = VERTEX_POINT ( 'NONE', #4247 ) ;
#432 = ORIENTED_EDGE ( 'NONE', *, *, #4016, .F. ) ;
#433 = DIRECTION ( 'NONE',  ( -0.000000000000000000, -0.000000000000000000, -1.000000000000000000 ) ) ;
#434 = CARTESIAN_POINT ( 'NONE',  ( -15.17986950526427137, 34.68361422723200604, 119.0986115534925887 ) ) ;
#435 = EDGE_CURVE ( 'NONE', #6827, #4284, #6303, .T. ) ;
#436 = CARTESIAN_POINT ( 'NONE',  ( 0.000000000000000000, 0.000000000000000000, 64.00000000000001421 ) ) ;
#437 = CARTESIAN_POINT ( 'NONE',  ( -5.829330599566604931, -6.634584557488565057E-16, 183.0000000000000000 ) ) ;
#438 = DATE_AND_TIME ( #3084, #4076 ) ;
#439 = CARTESIAN_POINT ( 'NONE',  ( 9.315805153825596818, -36.69636646082793874, 48.39597112517929389 ) ) ;
#440 = ADVANCED_FACE ( 'NONE', ( #191 ), #6595, .F. ) ;
#441 = CARTESIAN_POINT ( 'NONE',  ( -21.50000000000000000, 0.000000000000000000, 96.49999999999998579 ) ) ;
#442 = CARTESIAN_POINT ( 'NONE',  ( -19.84999999999999787, 30.29982358402804010, 90.20000000000000284 ) ) ;
#443 = VERTEX_POINT ( 'NONE', #5480 ) ;
#444 = DIRECTION ( 'NONE',  ( -1.000000000000000000, 0.000000000000000000, 0.000000000000000000 ) ) ;
#445 = DIRECTION ( 'NONE',  ( -0.7071067811865416886, 0.7071067811865532349, 0.000000000000000000 ) ) ;
#446 = CIRCLE ( 'NONE', #6778, 1.699999999999977751 ) ;
#447 = ADVANCED_FACE ( 'NONE', ( #2236, #1759 ), #2312, .F. ) ;
#448 = ORIENTED_EDGE ( 'NONE', *, *, #6562, .F. ) ;
#449 = DIRECTION ( 'NONE',  ( -0.000000000000000000, -1.000000000000000000, 0.000000000000000000 ) ) ;
#450 = DIRECTION ( 'NONE',  ( 0.000000000000000000, -1.000000000000000000, 0.000000000000000000 ) ) ;
#451 = VECTOR ( 'NONE', #4239, 1000.000000000000000 ) ;
#452 = EDGE_LOOP ( 'NONE', ( #707, #3270, #3894, #4936 ) ) ;
#453 = CARTESIAN_POINT ( 'NONE',  ( -9.745903732158483379, -36.58438872709326262, 149.0015257618383089 ) ) ;
#454 = CARTESIAN_POINT ( 'NONE',  ( -2.050000000000001599, 34.29999999999999716, 188.0000000000000000 ) ) ;
#455 = ORIENTED_EDGE ( 'NONE', *, *, #2337, .T. ) ;
#456 = CARTESIAN_POINT ( 'NONE',  ( -18.70273356437481738, 32.91828452707817121, 37.47634400275692457 ) ) ;
#457 = CARTESIAN_POINT ( 'NONE',  ( 0.000000000000000000, -29.49982358402804294, 188.0000000000000000 ) ) ;
#458 = CIRCLE ( 'NONE', #4567, 3.000000000000002665 ) ;
#459 = ORIENTED_EDGE ( 'NONE', *, *, #2792, .T. ) ;
#460 = ORIENTED_EDGE ( 'NONE', *, *, #3017, .F. ) ;
#461 = CARTESIAN_POINT ( 'NONE',  ( -4.468068730591641113, -32.43975741685360958, 188.0000000000000000 ) ) ;
#462 = CARTESIAN_POINT ( 'NONE',  ( 13.99428227470932740, 35.17910796091423720, 148.4880586577081658 ) ) ;
#463 = ORIENTED_EDGE ( 'NONE', *, *, #5890, .T. ) ;
#464 = DIRECTION ( 'NONE',  ( 0.000000000000000000, -0.000000000000000000, -1.000000000000000000 ) ) ;
#465 = EDGE_LOOP ( 'NONE', ( #2919, #3518, #4054, #2314 ) ) ;
#466 = ORIENTED_EDGE ( 'NONE', *, *, #5358, .T. ) ;
#467 = DIRECTION ( 'NONE',  ( -1.000000000000000000, 0.000000000000000000, 0.000000000000000000 ) ) ;
#468 = CARTESIAN_POINT ( 'NONE',  ( -14.19960965374521855, 31.22276550624237856, 151.0418209368546343 ) ) ;
#469 = DIRECTION ( 'NONE',  ( -0.000000000000000000, 0.000000000000000000, 1.000000000000000000 ) ) ;
#470 = DIRECTION ( 'NONE',  ( 0.000000000000000000, -1.000000000000000000, 0.000000000000000000 ) ) ;
#471 = PERSON_AND_ORGANIZATION ( #18446744073709551615, #18446744073709551615 ) ;
#472 = CARTESIAN_POINT ( 'NONE',  ( -22.70022666796064215, 30.29982358402804010, 90.91394020423587108 ) ) ;
#473 = EDGE_CURVE ( 'NONE', #6716, #6026, #5111, .T. ) ;
#474 = AXIS2_PLACEMENT_3D ( 'NONE', #6360, #1597, #3729 ) ;
#475 = FACE_BOUND ( 'NONE', #5074, .T. ) ;
#476 = DIRECTION ( 'NONE',  ( -0.7071067811865416886, -0.7071067811865532349, 0.000000000000000000 ) ) ;
#477 = EDGE_LOOP ( 'NONE', ( #3659, #6546, #1287, #5907 ) ) ;
#478 = CARTESIAN_POINT ( 'NONE',  ( 18.62192639123158955, 32.96426366481684767, 94.71840382952858306 ) ) ;
#479 = FACE_BOUND ( 'NONE', #4471, .T. ) ;
#480 = EDGE_CURVE ( 'NONE', #3274, #5271, #5783, .T. ) ;
#481 = VECTOR ( 'NONE', #12, 1000.000000000000000 ) ;
#482 = ORIENTED_EDGE ( 'NONE', *, *, #6594, .F. ) ;
#483 = DIRECTION ( 'NONE',  ( -0.000000000000000000, -1.000000000000000000, -0.000000000000000000 ) ) ;
#484 = CIRCLE ( 'NONE', #1257, 3.000000000000002665 ) ;
#485 = CARTESIAN_POINT ( 'NONE',  ( 3.265987202574514914, -33.64183894487069892, 0.000000000000000000 ) ) ;
#486 = EDGE_LOOP ( 'NONE', ( #3938, #5199, #4256, #874, #5282, #6835, #3639, #5389, #2194, #4462, #6719, #2551, #6269, #5770, #6701, #5596, #4851, #6289, #950, #4252, #3974, #2181, #4410, #2103, #1623, #4108, #5268, #6233, #6645, #721 ) ) ;
#487 = CARTESIAN_POINT ( 'NONE',  ( 12.82654749145193307, 31.81172751459926218, 121.4036007240025157 ) ) ;
#488 = FACE_OUTER_BOUND ( 'NONE', #6164, .T. ) ;
#489 = EDGE_LOOP ( 'NONE', ( #6016, #5814 ) ) ;
#490 = LINE ( 'NONE', #4777, #1169 ) ;
#491 = EDGE_CURVE ( 'NONE', #3529, #6882, #5970, .T. ) ;
#492 = CARTESIAN_POINT ( 'NONE',  ( -13.77033014253350451, 31.41456283129791416, 118.2543870046846024 ) ) ;
#493 = CIRCLE ( 'NONE', #3613, 1.650000000000017231 ) ;
#494 = DIRECTION ( 'NONE',  ( -0.000000000000000000, 0.000000000000000000, 1.000000000000000000 ) ) ;
#495 = ORIENTED_EDGE ( 'NONE', *, *, #3653, .F. ) ;
#496 = AXIS2_PLACEMENT_3D ( 'NONE', #6437, #6574, #660 ) ;
#497 = DIRECTION ( 'NONE',  ( 1.000000000000000000, 0.000000000000000000, 0.000000000000000000 ) ) ;
#498 = CARTESIAN_POINT ( 'NONE',  ( 0.000000000000000000, 0.000000000000000000, 170.4999999999999716 ) ) ;
#499 = ORIENTED_EDGE ( 'NONE', *, *, #4399, .F. ) ;
#500 = CARTESIAN_POINT ( 'NONE',  ( -1.650000000000212186, 34.29999999999999716, 188.0000000000000000 ) ) ;
#501 = ORIENTED_EDGE ( 'NONE', *, *, #2577, .F. ) ;
#502 = DIRECTION ( 'NONE',  ( 1.000000000000000000, 0.000000000000000000, 0.000000000000000000 ) ) ;
#503 = CARTESIAN_POINT ( 'NONE',  ( -17.08707835169356315, 33.78497629423302584, 90.63036375681765833 ) ) ;
#504 = CARTESIAN_POINT ( 'NONE',  ( 4.450000000000000178, 34.29999999999999716, 188.0000000000000000 ) ) ;
#505 = FACE_OUTER_BOUND ( 'NONE', #6422, .T. ) ;
#506 = AXIS2_PLACEMENT_3D ( 'NONE', #3593, #380, #1429 ) ;
#507 = PRODUCT_DEFINITION_SHAPE ( 'NONE', 'NONE',  #3008 ) ;
#508 = VECTOR ( 'NONE', #524, 1000.000000000000000 ) ;
#509 = VECTOR ( 'NONE', #4276, 1000.000000000000000 ) ;
#510 = CYLINDRICAL_SURFACE ( 'NONE', #566, 1.650000000000017231 ) ;
#511 = LINE ( 'NONE', #5315, #2906 ) ;
#512 = ORIENTED_EDGE ( 'NONE', *, *, #5910, .T. ) ;
#513 = CARTESIAN_POINT ( 'NONE',  ( 16.69920262141268807, 33.97830220431343662, 92.89172382057427058 ) ) ;
#514 = ADVANCED_FACE ( 'NONE', ( #6564 ), #6491, .F. ) ;
#515 = EDGE_CURVE ( 'NONE', #1323, #1594, #2051, .T. ) ;
#516 = CARTESIAN_POINT ( 'NONE',  ( -13.98584434313094782, -13.98584434313071867, 143.0000000000000284 ) ) ;
#517 = CIRCLE ( 'NONE', #3184, 3.000000000000002665 ) ;
#518 = ORIENTED_EDGE ( 'NONE', *, *, #257, .F. ) ;
#519 = CARTESIAN_POINT ( 'NONE',  ( -17.08773215722820993, 33.78464812007329954, 93.07174868101627396 ) ) ;
#520 = AXIS2_PLACEMENT_3D ( 'NONE', #4586, #4074, #265 ) ;
#521 = LINE ( 'NONE', #5289, #1802 ) ;
#522 = ORIENTED_EDGE ( 'NONE', *, *, #560, .F. ) ;
#523 = LINE ( 'NONE', #2643, #2258 ) ;
#524 = DIRECTION ( 'NONE',  ( 1.000000000000000000, 0.000000000000000000, 0.000000000000000000 ) ) ;
#525 = ADVANCED_FACE ( 'NONE', ( #2377 ), #4104, .F. ) ;
#526 = VERTEX_POINT ( 'NONE', #1888 ) ;
#527 = CARTESIAN_POINT ( 'NONE',  ( 19.51999999999999602, 35.29982358402804010, 91.84999999999999432 ) ) ;
#528 = DIRECTION ( 'NONE',  ( 2.925022541443934832E-16, 1.000000000000000000, 0.000000000000000000 ) ) ;
#529 = AXIS2_PLACEMENT_3D ( 'NONE', #5978, #4976, #1212 ) ;
#530 = DIRECTION ( 'NONE',  ( 0.000000000000000000, 0.000000000000000000, 1.000000000000000000 ) ) ;
#531 = EDGE_CURVE ( 'NONE', #915, #4011, #4659, .T. ) ;
#532 = VERTEX_POINT ( 'NONE', #2412 ) ;
#533 = FACE_OUTER_BOUND ( 'NONE', #5447, .T. ) ;
#534 = DIRECTION ( 'NONE',  ( -0.000000000000000000, 0.000000000000000000, 1.000000000000000000 ) ) ;
#535 = ORIENTED_EDGE ( 'NONE', *, *, #3770, .T. ) ;
#536 = CARTESIAN_POINT ( 'NONE',  ( 21.50000000000000000, 30.49982358402804294, 96.49999999999998579 ) ) ;
#537 = ORIENTED_EDGE ( 'NONE', *, *, #6602, .T. ) ;
#538 = B_SPLINE_CURVE_WITH_KNOTS ( 'NONE', 3,
 ( #1550, #4763, #5864, #5313, #2227, #603, #543, #2132, #6876, #3283 ),
 .UNSPECIFIED., .F., .F.,
 ( 4, 2, 2, 2, 4 ),
 ( 0.000000000000000000, 0.001056940281398942479, 0.002113880562797884957, 0.003170820844196827436, 0.004227761125595769914 ),
 .UNSPECIFIED. ) ;
#539 = EDGE_CURVE ( 'NONE', #4284, #3905, #6103, .T. ) ;
#540 = DIRECTION ( 'NONE',  ( -1.000000000000000000, 0.000000000000000000, 0.000000000000000000 ) ) ;
#541 = CARTESIAN_POINT ( 'NONE',  ( -12.45677473852101080, 31.95925915669434758, 148.8999999999997499 ) ) ;
#542 = DIRECTION ( 'NONE',  ( -0.000000000000000000, 0.000000000000000000, 1.000000000000000000 ) ) ;
#543 = CARTESIAN_POINT ( 'NONE',  ( -21.02436171593878811, 31.48769512623510991, 31.92290974557458227 ) ) ;
#544 = DIRECTION ( 'NONE',  ( 0.000000000000000000, 1.000000000000000000, -0.000000000000000000 ) ) ;
#545 = CARTESIAN_POINT ( 'NONE',  ( -3.250000000000000000, -34.29999999999999716, 5.000000000000004441 ) ) ;
#546 = ORIENTED_EDGE ( 'NONE', *, *, #3890, .T. ) ;
#547 = CARTESIAN_POINT ( 'NONE',  ( -9.200195270956937676, 36.72514134780443840, 119.2972076114509150 ) ) ;
#548 = CARTESIAN_POINT ( 'NONE',  ( -23.73057117962473939, -29.49982358402804294, 188.0000000000000000 ) ) ;
#549 = VECTOR ( 'NONE', #530, 1000.000000000000000 ) ;
#550 = EDGE_LOOP ( 'NONE', ( #2914, #2235, #3534, #1419, #5427 ) ) ;
#551 = ADVANCED_FACE ( 'NONE', ( #4065, #407, #3045 ), #2526, .T. ) ;
#552 = CARTESIAN_POINT ( 'NONE',  ( -17.54736834860957728, 33.54820972346057317, 93.78035833770360341 ) ) ;
#553 = CARTESIAN_POINT ( 'NONE',  ( -12.20000000000010942, 33.49982358402804294, 150.8999999999997783 ) ) ;
#554 = ORIENTED_EDGE ( 'NONE', *, *, #4334, .F. ) ;
#555 = DIRECTION ( 'NONE',  ( 0.000000000000000000, 0.000000000000000000, -1.000000000000000000 ) ) ;
#556 = CARTESIAN_POINT ( 'NONE',  ( -23.00000000000000000, 29.49982358402804294, 30.40000000000000924 ) ) ;
#557 = ORIENTED_EDGE ( 'NONE', *, *, #2687, .F. ) ;
#558 = CARTESIAN_POINT ( 'NONE',  ( -17.08773215722843020, 33.78464812007318585, 35.92174868101809437 ) ) ;
#559 = DIRECTION ( 'NONE',  ( 0.000000000000000000, 0.000000000000000000, -1.000000000000000000 ) ) ;
#560 = EDGE_CURVE ( 'NONE', #4951, #1237, #6442, .T. ) ;
#561 = DIRECTION ( 'NONE',  ( -1.000000000000000000, 0.000000000000000000, 0.000000000000000000 ) ) ;
#562 = EDGE_LOOP ( 'NONE', ( #5416, #2998, #6885, #3561 ) ) ;
#563 = FACE_OUTER_BOUND ( 'NONE', #3801, .T. ) ;
#564 = VERTEX_POINT ( 'NONE', #5069 ) ;
#565 = CARTESIAN_POINT ( 'NONE',  ( 23.00000000000000000, 27.79982358402804365, 96.00000000000000000 ) ) ;
#566 = AXIS2_PLACEMENT_3D ( 'NONE', #2595, #6287, #6322 ) ;
#567 = EDGE_CURVE ( 'NONE', #2511, #3458, #3219, .T. ) ;
#568 = EDGE_LOOP ( 'NONE', ( #5019, #4319, #4428, #1003 ) ) ;
#569 = DIRECTION ( 'NONE',  ( 1.000000000000000000, 0.000000000000000000, 0.000000000000000000 ) ) ;
#570 = LINE ( 'NONE', #6875, #3371 ) ;
#571 = FACE_OUTER_BOUND ( 'NONE', #5305, .T. ) ;
#572 = EDGE_CURVE ( 'NONE', #659, #2544, #4138, .T. ) ;
#573 = CARTESIAN_POINT ( 'NONE',  ( -7.500011671745328456, -34.49982358402804294, 45.99999999999997158 ) ) ;
#574 = CARTESIAN_POINT ( 'NONE',  ( 5.829330599566606708, -33.80101928582858761, 38.00000000000003553 ) ) ;
#575 = ORIENTED_EDGE ( 'NONE', *, *, #2969, .T. ) ;
#576 = CARTESIAN_POINT ( 'NONE',  ( -10.40250370672108460, 36.40324497571157281, 117.0902933896171874 ) ) ;
#577 = DIRECTION ( 'NONE',  ( 0.000000000000000000, 1.000000000000000000, 0.000000000000000000 ) ) ;
#578 = EDGE_LOOP ( 'NONE', ( #2368, #4176, #5125, #803 ) ) ;
#579 = CARTESIAN_POINT ( 'NONE',  ( -18.42112743440636535, 33.07669516488957129, 94.49246655366704317 ) ) ;
#580 = DIRECTION ( 'NONE',  ( 0.000000000000000000, 0.000000000000000000, -1.000000000000000000 ) ) ;
#581 = ORIENTED_EDGE ( 'NONE', *, *, #4562, .T. ) ;
#582 = CARTESIAN_POINT ( 'NONE',  ( -4.450000000000000178, -34.29999999999999716, 5.000000000000004441 ) ) ;
#583 = AXIS2_PLACEMENT_3D ( 'NONE', #6530, #6565, #3961 ) ;
#584 = CARTESIAN_POINT ( 'NONE',  ( 22.00000000000000000, 0.000000000000000000, 64.00000000000001421 ) ) ;
#585 = ORIENTED_EDGE ( 'NONE', *, *, #5491, .F. ) ;
#586 = DIRECTION ( 'NONE',  ( 0.000000000000000000, 0.000000000000000000, 1.000000000000000000 ) ) ;
#587 = CARTESIAN_POINT ( 'NONE',  ( -5.829330599566598714, -33.80101928582859472, 0.000000000000000000 ) ) ;
#588 = VECTOR ( 'NONE', #5242, 1000.000000000000000 ) ;
#589 = DIRECTION ( 'NONE',  ( 1.000000000000000000, 0.000000000000000000, 0.000000000000000000 ) ) ;
#590 = ORIENTED_EDGE ( 'NONE', *, *, #2302, .T. ) ;
#591 = CARTESIAN_POINT ( 'NONE',  ( -16.98412536343293766, 35.29982358402804010, 0.000000000000000000 ) ) ;
#592 = ORIENTED_EDGE ( 'NONE', *, *, #1744, .F. ) ;
#593 = CARTESIAN_POINT ( 'NONE',  ( -17.50001167174533023, -29.49982358402804294, 188.0000000000000000 ) ) ;
#594 = AXIS2_PLACEMENT_3D ( 'NONE', #4689, #2555, #6801 ) ;
#595 = ADVANCED_FACE ( 'NONE', ( #4026 ), #3431, .F. ) ;
#596 = CARTESIAN_POINT ( 'NONE',  ( 8.819166743180019807, -36.81896449916600034, 43.29856275392619835 ) ) ;
#597 = EDGE_CURVE ( 'NONE', #943, #5836, #215, .T. ) ;
#598 = ORIENTED_EDGE ( 'NONE', *, *, #1105, .T. ) ;
#599 = VECTOR ( 'NONE', #6339, 1000.000000000000000 ) ;
#600 = ADVANCED_FACE ( 'NONE', ( #2971, #6662, #1373, #5099 ), #5279, .T. ) ;
#601 = CARTESIAN_POINT ( 'NONE',  ( -12.32692885415161577, 32.00867490838577112, 152.8999999999998636 ) ) ;
#602 = CARTESIAN_POINT ( 'NONE',  ( 9.967664308902703496, 36.52460065553715651, 121.5136975779211355 ) ) ;
#603 = CARTESIAN_POINT ( 'NONE',  ( -21.29631801194541652, 31.30403249243823893, 32.05352673946298836 ) ) ;
#604 = AXIS2_PLACEMENT_3D ( 'NONE', #119, #6658, #6461 ) ;
#605 = CARTESIAN_POINT ( 'NONE',  ( 0.000000000000000000, 0.000000000000000000, 188.0000000000000000 ) ) ;
#606 = ADVANCED_FACE ( 'NONE', ( #3654 ), #2101, .T. ) ;
#607 = VECTOR ( 'NONE', #4756, 1000.000000000000000 ) ;
#608 = DIRECTION ( 'NONE',  ( 0.000000000000000000, 0.000000000000000000, -1.000000000000000000 ) ) ;
#609 = ORIENTED_EDGE ( 'NONE', *, *, #4932, .F. ) ;
#610 = CARTESIAN_POINT ( 'NONE',  ( -10.72802433287920643, 36.30864665672858393, 116.8787471491902181 ) ) ;
#611 = CARTESIAN_POINT ( 'NONE',  ( 21.82139276064165401, 30.93908994128132761, 89.91525944089491418 ) ) ;
#612 = AXIS2_PLACEMENT_3D ( 'NONE', #2502, #343, #3063 ) ;
#613 = VERTEX_POINT ( 'NONE', #3220 ) ;
#614 = CARTESIAN_POINT ( 'NONE',  ( 6.731817491860637936, -37.25721594663844627, 43.09346885809188166 ) ) ;
#615 = ADVANCED_FACE ( 'NONE', ( #475, #5731, #2561, #970 ), #2169, .F. ) ;
#616 = CYLINDRICAL_SURFACE ( 'NONE', #1356, 3.000000000000002665 ) ;
#617 = CIRCLE ( 'NONE', #6619, 1.650000000000017231 ) ;
#618 = ORIENTED_EDGE ( 'NONE', *, *, #3877, .F. ) ;
#619 = AXIS2_PLACEMENT_3D ( 'NONE', #5140, #1832, #5697 ) ;
#620 = LINE ( 'NONE', #1885, #822 ) ;
#621 = PLANE ( 'NONE',  #4396 ) ;
#622 = ORIENTED_EDGE ( 'NONE', *, *, #678, .F. ) ;
#623 = CARTESIAN_POINT ( 'NONE',  ( -7.500011671745328456, -29.49982358402804294, 47.59999999999996589 ) ) ;
#624 = CARTESIAN_POINT ( 'NONE',  ( -9.413849468914676307E-15, -32.18385272431964950, 143.0000000000000284 ) ) ;
#625 = APPROVAL_PERSON_ORGANIZATION ( #2446, #4545, #5617 ) ;
#626 = AXIS2_PLACEMENT_3D ( 'NONE', #2576, #2504, #5194 ) ;
#627 = PLANE ( 'NONE',  #2100 ) ;
#628 = EDGE_CURVE ( 'NONE', #1977, #1988, #2211, .T. ) ;
#629 = VERTEX_POINT ( 'NONE', #3685 ) ;
#630 = DIRECTION ( 'NONE',  ( -0.000000000000000000, 0.000000000000000000, 1.000000000000000000 ) ) ;
#631 = ORIENTED_EDGE ( 'NONE', *, *, #4815, .T. ) ;
#632 = LINE ( 'NONE', #2851, #5944 ) ;
#633 = AXIS2_PLACEMENT_3D ( 'NONE', #2214, #5457, #688 ) ;
#634 = DIRECTION ( 'NONE',  ( 1.000000000000000000, 0.000000000000000000, 0.000000000000000000 ) ) ;
#635 = EDGE_LOOP ( 'NONE', ( #167, #2955 ) ) ;
#636 = EDGE_CURVE ( 'NONE', #1890, #3569, #4694, .T. ) ;
#637 = CARTESIAN_POINT ( 'NONE',  ( 13.68392902371478215, 31.45235520768140702, 152.2472815138321209 ) ) ;
#638 = CARTESIAN_POINT ( 'NONE',  ( 9.199603925199109966, 36.72528948546609229, 119.3050045450625163 ) ) ;
#639 = DIRECTION ( 'NONE',  ( -0.000000000000000000, 0.000000000000000000, 1.000000000000000000 ) ) ;
#640 = EDGE_CURVE ( 'NONE', #2009, #1840, #103, .T. ) ;
#641 = DIRECTION ( 'NONE',  ( 0.000000000000000000, 0.000000000000000000, -1.000000000000000000 ) ) ;
#642 = DIRECTION ( 'NONE',  ( 0.000000000000000000, 1.000000000000000000, 0.000000000000000000 ) ) ;
#643 = EDGE_LOOP ( 'NONE', ( #2696, #3299, #771, #5976 ) ) ;
#644 = CARTESIAN_POINT ( 'NONE',  ( -9.611626620866834614, 36.61979767586514356, 121.0295348090703413 ) ) ;
#645 = CARTESIAN_POINT ( 'NONE',  ( 20.77496761436265515, 31.65157867465406838, 94.58114210939571365 ) ) ;
#646 = EDGE_CURVE ( 'NONE', #115, #1377, #1878, .T. ) ;
#647 = ORIENTED_EDGE ( 'NONE', *, *, #3317, .T. ) ;
#648 = DIRECTION ( 'NONE',  ( 0.000000000000000000, 1.000000000000000000, 0.000000000000000000 ) ) ;
#649 = CARTESIAN_POINT ( 'NONE',  ( -5.829330599566602267, 33.80101928582860182, 0.000000000000000000 ) ) ;
#650 = VERTEX_POINT ( 'NONE', #5833 ) ;
#651 = CARTESIAN_POINT ( 'NONE',  ( 0.000000000000000000, 0.000000000000000000, 183.0000000000000000 ) ) ;
#652 = CARTESIAN_POINT ( 'NONE',  ( 22.40175477195720433, 30.52121021461842432, 33.83951361099239108 ) ) ;
#653 = ORIENTED_EDGE ( 'NONE', *, *, #35, .F. ) ;
#654 = CARTESIAN_POINT ( 'NONE',  ( -3.101721574042660468, -31.94979379083876125, 188.0000000000000000 ) ) ;
#655 = DIRECTION ( 'NONE',  ( -1.000000000000000000, 0.000000000000000000, 0.000000000000000000 ) ) ;
#656 = ADVANCED_FACE ( 'NONE', ( #3719 ), #5211, .T. ) ;
#657 = CARTESIAN_POINT ( 'NONE',  ( -19.84999999999999787, 95.39982358402802731, 91.84999999999999432 ) ) ;
#658 = CARTESIAN_POINT ( 'NONE',  ( 7.500011671745328456, -29.49982358402804294, 44.39999999999997016 ) ) ;
#659 = VERTEX_POINT ( 'NONE', #6807 ) ;
#660 = DIRECTION ( 'NONE',  ( 0.000000000000000000, 0.000000000000000000, -1.000000000000000000 ) ) ;
#661 = ORIENTED_EDGE ( 'NONE', *, *, #5236, .F. ) ;
#662 = DIRECTION ( 'NONE',  ( 0.000000000000000000, 0.000000000000000000, -1.000000000000000000 ) ) ;
#663 = LINE ( 'NONE', #2396, #2630 ) ;
#664 = AXIS2_PLACEMENT_3D ( 'NONE', #5548, #5582, #4544 ) ;
#665 = ORIENTED_EDGE ( 'NONE', *, *, #3940, .F. ) ;
#666 = CARTESIAN_POINT ( 'NONE',  ( -12.20000000000011298, 35.84047432721853710, 147.8999999999997783 ) ) ;
#667 = CARTESIAN_POINT ( 'NONE',  ( 9.298790326107356563, 36.70032367947503360, 118.7107878492652162 ) ) ;
#668 = AXIS2_PLACEMENT_3D ( 'NONE', #1197, #5994, #5927 ) ;
#669 = CARTESIAN_POINT ( 'NONE',  ( 19.52000000000059288, 32.43993218241971732, 31.69999999999999929 ) ) ;
#670 = VECTOR ( 'NONE', #2587, 1000.000000000000000 ) ;
#671 = ORIENTED_EDGE ( 'NONE', *, *, #5437, .F. ) ;
#672 = DIRECTION ( 'NONE',  ( -1.000000000000000000, 0.000000000000000000, -0.000000000000000000 ) ) ;
#673 = CARTESIAN_POINT ( 'NONE',  ( -11.57570063155857554, 32.28790943784794365, 152.8043850784480355 ) ) ;
#674 = DIRECTION ( 'NONE',  ( 1.000000000000000000, 0.000000000000000000, 0.000000000000000000 ) ) ;
#675 = VERTEX_POINT ( 'NONE', #5314 ) ;
#676 = CARTESIAN_POINT ( 'NONE',  ( -10.47958679480194100, -36.38075776231552538, 45.59830122140518682 ) ) ;
#677 = DIRECTION ( 'NONE',  ( 0.000000000000000000, -1.000000000000000000, 0.000000000000000000 ) ) ;
#678 = EDGE_CURVE ( 'NONE', #1431, #5773, #5865, .T. ) ;
#679 = ORIENTED_EDGE ( 'NONE', *, *, #266, .T. ) ;
#680 = CARTESIAN_POINT ( 'NONE',  ( 5.667910009459131260, -37.43438811231713714, 43.59237613465180772 ) ) ;
#681 = DIRECTION ( 'NONE',  ( -0.000000000000000000, 0.000000000000000000, 1.000000000000000000 ) ) ;
#682 = EDGE_CURVE ( 'NONE', #3073, #564, #4304, .T. ) ;
#683 = EDGE_LOOP ( 'NONE', ( #1255, #2240, #6115, #4325, #695 ) ) ;
#684 = CARTESIAN_POINT ( 'NONE',  ( -17.50001167174533023, -29.49982358402804294, 188.0000000000000000 ) ) ;
#685 = CARTESIAN_POINT ( 'NONE',  ( 22.49839151763700684, 30.45004372078449606, 35.11938592444078466 ) ) ;
#686 = ORIENTED_EDGE ( 'NONE', *, *, #4200, .F. ) ;
#687 = CARTESIAN_POINT ( 'NONE',  ( 2.049999999999998934, -34.29999999999999716, 183.0000000000000000 ) ) ;
#688 = DIRECTION ( 'NONE',  ( 0.000000000000000000, 0.000000000000000000, -1.000000000000000000 ) ) ;
#689 = CARTESIAN_POINT ( 'NONE',  ( -12.20000000000000284, 33.49982358402804294, 116.4999999999998295 ) ) ;
#690 = VECTOR ( 'NONE', #4280, 1000.000000000000000 ) ;
#691 = DIRECTION ( 'NONE',  ( 1.000000000000000000, 0.000000000000000000, 0.000000000000000000 ) ) ;
#692 = ADVANCED_FACE ( 'NONE', ( #5802 ), #510, .F. ) ;
#693 = ORIENTED_EDGE ( 'NONE', *, *, #5535, .F. ) ;
#694 = DIRECTION ( 'NONE',  ( -1.000000000000000000, 0.000000000000000000, -0.000000000000000000 ) ) ;
#695 = ORIENTED_EDGE ( 'NONE', *, *, #6390, .T. ) ;
#696 = DIRECTION ( 'NONE',  ( -0.000000000000000000, 0.000000000000000000, -1.000000000000000000 ) ) ;
#697 = DIRECTION ( 'NONE',  ( 0.000000000000000000, -1.000000000000000000, 0.000000000000000000 ) ) ;
#698 = CIRCLE ( 'NONE', #6025, 1.599999999999990319 ) ;
#699 = B_SPLINE_CURVE_WITH_KNOTS ( 'NONE', 3,
 ( #3827, #3796, #5977, #6044, #5908, #5941, #1179, #4904, #6535, #1143, #3303, #5390, #1766, #123, #724, #4451, #5487, #2317, #2742, #5524, #4872, #2213, #2245, #2841, #4378, #3866, #3334, #6009, #4975, #6569 ),
 .UNSPECIFIED., .F., .F.,
 ( 4, 2, 2, 2, 2, 2, 2, 2, 2, 2, 2, 2, 2, 2, 4 ),
 ( 0.006504334963486804733, 0.006906214222093756509, 0.007308093480700707419, 0.007709972739307659195, 0.008111851997914610105, 0.008915610515128504984, 0.009317489773735454159, 0.009719369032342401599, 0.01012124829094935077, 0.01052312754955629995, 0.01092500680816324912, 0.01132688606677019656, 0.01172876532537714574, 0.01213064458398409318, 0.01293440310119799153 ),
 .UNSPECIFIED. ) ;
#700 = ORIENTED_EDGE ( 'NONE', *, *, #6353, .T. ) ;
#701 = B_SPLINE_CURVE_WITH_KNOTS ( 'NONE', 3,
 ( #1599, #4670, #5847, #3131, #6362, #3663, #5221, #3731, #6785, #453, #1043, #1081, #4149, #2146, #2572, #3201, #4705, #5325, #2608, #6820, #5876, #4185, #5256, #3166, #5294, #2538, #1533, #6260, #4744, #1109, #1012, #3232, #4804, #1497 ),
 .UNSPECIFIED., .F., .F.,
 ( 4, 2, 2, 2, 2, 2, 2, 2, 2, 2, 2, 2, 2, 2, 2, 2, 4 ),
 ( 0.009444525362028563867, 0.01003887094585892772, 0.01063321652968929158, 0.01122756211351965544, 0.01182190769735001930, 0.01241625328118038316, 0.01301059886501074875, 0.01360494444884111087, 0.01419929003267147646, 0.01479363561650183859, 0.01538798120033220418, 0.01598232678416256630, 0.01657667236799293189, 0.01717101795182329749, 0.01776536353565365961, 0.01835970911948402173, 0.01895405470331438733 ),
 .UNSPECIFIED. ) ;
#702 = VECTOR ( 'NONE', #2546, 1000.000000000000000 ) ;
#703 = DIRECTION ( 'NONE',  ( -1.000000000000000000, 0.000000000000000000, 0.000000000000000000 ) ) ;
#704 = CARTESIAN_POINT ( 'NONE',  ( -5.829330599566602267, 0.000000000000000000, 183.0000000000000000 ) ) ;
#705 = CARTESIAN_POINT ( 'NONE',  ( -3.250000000000000000, -34.29999999999999716, 5.000000000000004441 ) ) ;
#706 = AXIS2_PLACEMENT_3D ( 'NONE', #591, #497, #3176 ) ;
#707 = ORIENTED_EDGE ( 'NONE', *, *, #3357, .F. ) ;
#708 = FACE_OUTER_BOUND ( 'NONE', #6615, .T. ) ;
#709 = CARTESIAN_POINT ( 'NONE',  ( -10.62990146386603030, 32.61136971660410211, 149.6541008276007290 ) ) ;
#710 = CARTESIAN_POINT ( 'NONE',  ( 0.000000000000000000, 0.000000000000000000, 188.0000000000000000 ) ) ;
#711 = VERTEX_POINT ( 'NONE', #4795 ) ;
#712 = AXIS2_PLACEMENT_3D ( 'NONE', #816, #4342, #6532 ) ;
#713 = CARTESIAN_POINT ( 'NONE',  ( -10.50029838117873915, -36.37476232220967631, 46.19588942236780582 ) ) ;
#714 = CARTESIAN_POINT ( 'NONE',  ( 19.89319591221837413, 32.21536993100914259, 88.84999999999999432 ) ) ;
#715 = AXIS2_PLACEMENT_3D ( 'NONE', #1063, #2629, #3187 ) ;
#716 = ORIENTED_EDGE ( 'NONE', *, *, #4770, .T. ) ;
#717 = CARTESIAN_POINT ( 'NONE',  ( 4.899739247326501790, -37.54176857210333651, 47.50905884862342532 ) ) ;
#718 = EDGE_CURVE ( 'NONE', #6723, #3109, #5675, .T. ) ;
#719 = DIRECTION ( 'NONE',  ( 0.000000000000000000, -1.000000000000000000, 0.000000000000000000 ) ) ;
#720 = EDGE_CURVE ( 'NONE', #6418, #2762, #1031, .T. ) ;
#721 = ORIENTED_EDGE ( 'NONE', *, *, #3580, .F. ) ;
#722 = CARTESIAN_POINT ( 'NONE',  ( -4.901727224559150997, -37.54150916358286594, 44.48755871473375834 ) ) ;
#723 = ORIENTED_EDGE ( 'NONE', *, *, #5359, .T. ) ;
#724 = CARTESIAN_POINT ( 'NONE',  ( 10.20032164668491248, 32.74818221541182339, 119.6394754297266729 ) ) ;
#725 = AXIS2_PLACEMENT_3D ( 'NONE', #3267, #5008, #93 ) ;
#726 = DIRECTION ( 'NONE',  ( -0.000000000000000000, -0.000000000000000000, -1.000000000000000000 ) ) ;
#727 = VECTOR ( 'NONE', #6887, 1000.000000000000000 ) ;
#728 = CARTESIAN_POINT ( 'NONE',  ( 0.000000000000000000, 0.000000000000000000, 0.000000000000000000 ) ) ;
#729 = AXIS2_PLACEMENT_3D ( 'NONE', #6389, #577, #3124 ) ;
#730 = EDGE_CURVE ( 'NONE', #2212, #2642, #2631, .T. ) ;
#731 = DIRECTION ( 'NONE',  ( -1.000000000000000000, 0.000000000000000000, 0.000000000000000000 ) ) ;
#732 = VERTEX_POINT ( 'NONE', #6352 ) ;
#733 = CARTESIAN_POINT ( 'NONE',  ( 3.101721574042661800, 31.94979379083875415, 188.0000000000000000 ) ) ;
#734 = ORIENTED_EDGE ( 'NONE', *, *, #2367, .F. ) ;
#735 = CARTESIAN_POINT ( 'NONE',  ( 0.000000000000000000, -34.49982358402804294, 0.000000000000000000 ) ) ;
#736 = DIRECTION ( 'NONE',  ( 0.7071067811865552333, -0.7071067811865398012, 0.000000000000000000 ) ) ;
#737 = VECTOR ( 'NONE', #2953, 1000.000000000000000 ) ;
#738 = EDGE_CURVE ( 'NONE', #3241, #740, #15, .T. ) ;
#739 = ORIENTED_EDGE ( 'NONE', *, *, #2485, .T. ) ;
#740 = VERTEX_POINT ( 'NONE', #3253 ) ;
#741 = CARTESIAN_POINT ( 'NONE',  ( 13.49378938312955967, 31.53439575356043534, 149.3692723266148903 ) ) ;
#742 = CARTESIAN_POINT ( 'NONE',  ( 0.000000000000000000, 0.000000000000000000, 188.0000000000000000 ) ) ;
#743 = CARTESIAN_POINT ( 'NONE',  ( 17.75978283500547050, 33.43762367747621056, 32.23904610096644063 ) ) ;
#744 = EDGE_CURVE ( 'NONE', #6834, #6036, #5375, .T. ) ;
#745 = EDGE_LOOP ( 'NONE', ( #417, #2338, #3226, #317, #2405, #6822, #4800, #2040, #1487, #5708, #2057, #261 ) ) ;
#746 = DIRECTION ( 'NONE',  ( -0.000000000000000000, 0.000000000000000000, 1.000000000000000000 ) ) ;
#747 = DIRECTION ( 'NONE',  ( -0.000000000000000000, -0.000000000000000000, -1.000000000000000000 ) ) ;
#748 = DIRECTION ( 'NONE',  ( -1.000000000000000000, 0.000000000000000000, 0.000000000000000000 ) ) ;
#749 = ORIENTED_EDGE ( 'NONE', *, *, #1879, .T. ) ;
#750 = CARTESIAN_POINT ( 'NONE',  ( -7.500011671745328456, -37.10969448707032114, 48.99999999999997158 ) ) ;
#751 = DIRECTION ( 'NONE',  ( -0.000000000000000000, 0.000000000000000000, 1.000000000000000000 ) ) ;
#752 = VERTEX_POINT ( 'NONE', #3883 ) ;
#753 = CARTESIAN_POINT ( 'NONE',  ( 4.808994203379293175, -37.55341620215788367, 44.65936094539060264 ) ) ;
#754 = LINE ( 'NONE', #260, #4585 ) ;
#755 = ORIENTED_EDGE ( 'NONE', *, *, #2616, .T. ) ;
#756 = CARTESIAN_POINT ( 'NONE',  ( -6.008284178906065698, -37.38057492638861135, 48.61017213645098423 ) ) ;
#757 = ORIENTED_EDGE ( 'NONE', *, *, #1195, .F. ) ;
#758 = DIRECTION ( 'NONE',  ( -0.000000000000000000, -0.000000000000000000, -1.000000000000000000 ) ) ;
#759 = CARTESIAN_POINT ( 'NONE',  ( -1.949449338866589724E-13, 34.29999999999999716, 188.0000000000000000 ) ) ;
#760 = CC_DESIGN_PERSON_AND_ORGANIZATION_ASSIGNMENT ( #5765, #2558, ( #6174 ) ) ;
#761 = DIRECTION ( 'NONE',  ( 5.150515019224750132E-16, -1.000000000000000000, 0.000000000000000000 ) ) ;
#762 = CARTESIAN_POINT ( 'NONE',  ( 12.19999999999988738, 35.84047432721860815, 153.8999999999999488 ) ) ;
#763 = EDGE_LOOP ( 'NONE', ( #137, #2711, #953, #4306 ) ) ;
#764 = CARTESIAN_POINT ( 'NONE',  ( 0.000000000000000000, -30.49982358402804294, 143.0000000000000284 ) ) ;
#765 = ORIENTED_EDGE ( 'NONE', *, *, #3502, .F. ) ;
#766 = CARTESIAN_POINT ( 'NONE',  ( 6.397958626452089978E-15, -34.29999999999999716, 5.000000000000004441 ) ) ;
#767 = LINE ( 'NONE', #3418, #5741 ) ;
#768 = EDGE_CURVE ( 'NONE', #1535, #5733, #217, .T. ) ;
#769 = AXIS2_PLACEMENT_3D ( 'NONE', #2614, #5264, #4288 ) ;
#770 = ORIENTED_EDGE ( 'NONE', *, *, #5654, .F. ) ;
#771 = ORIENTED_EDGE ( 'NONE', *, *, #5661, .F. ) ;
#772 = CARTESIAN_POINT ( 'NONE',  ( 14.18534269749025967, 31.22926488095094655, 150.6228276798493937 ) ) ;
#773 = CARTESIAN_POINT ( 'NONE',  ( 10.89764946371563603, 36.25818013851554156, 116.7905921036569197 ) ) ;
#774 = DIRECTION ( 'NONE',  ( 0.000000000000000000, 0.000000000000000000, -1.000000000000000000 ) ) ;
#775 = ADVANCED_FACE ( 'NONE', ( #2825 ), #5896, .F. ) ;
#776 = EDGE_LOOP ( 'NONE', ( #36, #6496 ) ) ;
#777 = VECTOR ( 'NONE', #4612, 1000.000000000000000 ) ;
#778 = CARTESIAN_POINT ( 'NONE',  ( -12.20000000000000284, 33.49982358402804294, 117.4999999999998295 ) ) ;
#779 = CARTESIAN_POINT ( 'NONE',  ( -11.33750239525530112, 32.37231991548387100, 149.0909538056567101 ) ) ;
#780 = CARTESIAN_POINT ( 'NONE',  ( 6.397958626452089978E-15, -34.29999999999999716, 188.0000000000000000 ) ) ;
#781 = EDGE_CURVE ( 'NONE', #3377, #4571, #331, .T. ) ;
#782 = CARTESIAN_POINT ( 'NONE',  ( -7.500011671745328456, -37.10969448707032114, 42.99999999999997158 ) ) ;
#783 = CARTESIAN_POINT ( 'NONE',  ( -23.00000000000000000, 27.79982358402804365, 96.00000000000000000 ) ) ;
#784 = VECTOR ( 'NONE', #4555, 1000.000000000000000 ) ;
#785 = CARTESIAN_POINT ( 'NONE',  ( 12.96237338839716102, 35.57241106277812293, 122.4078407007226588 ) ) ;
#786 = CARTESIAN_POINT ( 'NONE',  ( -7.500011671745328456, -44.49982358402804294, 150.9999999999999716 ) ) ;
#787 = VERTEX_POINT ( 'NONE', #6521 ) ;
#788 = CARTESIAN_POINT ( 'NONE',  ( -4.519428727797664358, -37.58930590972976660, 46.39466422122176681 ) ) ;
#789 = ORIENTED_EDGE ( 'NONE', *, *, #423, .F. ) ;
#790 = CARTESIAN_POINT ( 'NONE',  ( -16.98412536343293766, 30.29982358402804010, 33.81300362600231324 ) ) ;
#791 = CARTESIAN_POINT ( 'NONE',  ( -5.829330599566601379, -37.40853518598355265, 25.00000000000000000 ) ) ;
#792 = CARTESIAN_POINT ( 'NONE',  ( 14.78269795834961364, 34.85493063457442275, 152.4390357264504701 ) ) ;
#793 = DIRECTION ( 'NONE',  ( -0.000000000000000000, 0.000000000000000000, 1.000000000000000000 ) ) ;
#794 = CARTESIAN_POINT ( 'NONE',  ( 11.25902901001907352, 36.14759441469681178, 153.7550739785598353 ) ) ;
#795 = ORIENTED_EDGE ( 'NONE', *, *, #4700, .T. ) ;
#796 = CARTESIAN_POINT ( 'NONE',  ( 4.500255067693330169, -37.59158555294947490, 150.7975486999520456 ) ) ;
#797 = ORIENTED_EDGE ( 'NONE', *, *, #4758, .F. ) ;
#798 = DIRECTION ( 'NONE',  ( -1.138138323803736265E-16, -1.000000000000000000, 0.000000000000000000 ) ) ;
#799 = EDGE_CURVE ( 'NONE', #1318, #6161, #2198, .T. ) ;
#800 = DIRECTION ( 'NONE',  ( -1.000000000000000000, 0.000000000000000000, 0.000000000000000000 ) ) ;
#801 = CIRCLE ( 'NONE', #4706, 3.000000000000002665 ) ;
#802 = ADVANCED_FACE ( 'NONE', ( #6555 ), #1785, .F. ) ;
#803 = ORIENTED_EDGE ( 'NONE', *, *, #6731, .T. ) ;
#804 = EDGE_LOOP ( 'NONE', ( #4583, #4491, #3360 ) ) ;
#805 = CYLINDRICAL_SURFACE ( 'NONE', #5158, 1.649999999999998579 ) ;
#806 = EDGE_CURVE ( 'NONE', #1929, #210, #895, .T. ) ;
#807 = DIRECTION ( 'NONE',  ( 0.000000000000000000, 0.000000000000000000, 1.000000000000000000 ) ) ;
#808 = ADVANCED_FACE ( 'NONE', ( #708 ), #184, .F. ) ;
#809 = CARTESIAN_POINT ( 'NONE',  ( 19.52000000000059288, 27.79982358402804365, 34.70000000000000284 ) ) ;
#810 = CIRCLE ( 'NONE', #5817, 1.200000000000000178 ) ;
#811 = AXIS2_PLACEMENT_3D ( 'NONE', #1297, #3422, #5539 ) ;
#812 = ORIENTED_EDGE ( 'NONE', *, *, #1404, .F. ) ;
#813 = CARTESIAN_POINT ( 'NONE',  ( 23.00000000000000000, 29.49982358402804294, 30.40000000000000924 ) ) ;
#814 = CARTESIAN_POINT ( 'NONE',  ( 2.049999999999999822, 34.29999999999999716, 188.0000000000000000 ) ) ;
#815 = DIRECTION ( 'NONE',  ( 0.000000000000000000, 0.000000000000000000, 1.000000000000000000 ) ) ;
#816 = CARTESIAN_POINT ( 'NONE',  ( 12.19999999999999574, 33.49982358402804294, 119.5000000000000000 ) ) ;
#817 = CARTESIAN_POINT ( 'NONE',  ( -9.745903732158488708, -36.58438872709325551, 44.00152576183833730 ) ) ;
#818 = CARTESIAN_POINT ( 'NONE',  ( -23.00000000000000000, 27.79982358402804365, 30.40000000000000924 ) ) ;
#819 = CIRCLE ( 'NONE', #1261, 34.29999999999999716 ) ;
#820 = EDGE_CURVE ( 'NONE', #3569, #5047, #2228, .T. ) ;
#821 = DIRECTION ( 'NONE',  ( -0.000000000000000000, 0.000000000000000000, 1.000000000000000000 ) ) ;
#822 = VECTOR ( 'NONE', #2739, 1000.000000000000000 ) ;
#823 = CARTESIAN_POINT ( 'NONE',  ( 11.33619066768989114, 32.37277505547504575, 149.0916529981180929 ) ) ;
#824 = ORIENTED_EDGE ( 'NONE', *, *, #6888, .F. ) ;
#825 = DIRECTION ( 'NONE',  ( -0.000000000000000000, 0.000000000000000000, 1.000000000000000000 ) ) ;
#826 = ORIENTED_EDGE ( 'NONE', *, *, #6762, .T. ) ;
#827 = CARTESIAN_POINT ( 'NONE',  ( -9.516351144965558007, 36.64457815129156160, 149.5444133193810785 ) ) ;
#828 = LINE ( 'NONE', #2419, #4202 ) ;
#829 = VECTOR ( 'NONE', #954, 1000.000000000000000 ) ;
#830 = ADVANCED_FACE ( 'NONE', ( #4363 ), #1715, .F. ) ;
#831 = CARTESIAN_POINT ( 'NONE',  ( 15.09830666897831719, 34.71919814336422405, 151.7008211090697500 ) ) ;
#832 = DIRECTION ( 'NONE',  ( -0.000000000000000000, -0.000000000000000000, -1.000000000000000000 ) ) ;
#833 = LINE ( 'NONE', #5188, #4340 ) ;
#834 = ORIENTED_EDGE ( 'NONE', *, *, #3770, .F. ) ;
#835 = CIRCLE ( 'NONE', #3053, 1.649999999999998579 ) ;
#836 = CARTESIAN_POINT ( 'NONE',  ( 5.676670271137862045, -37.43237256780698630, 153.3904204517198480 ) ) ;
#837 = ORIENTED_EDGE ( 'NONE', *, *, #6584, .F. ) ;
#838 = DIRECTION ( 'NONE',  ( -0.000000000000000000, -0.000000000000000000, -1.000000000000000000 ) ) ;
#839 = CARTESIAN_POINT ( 'NONE',  ( -5.829330599566598714, -33.80101928582859472, 188.0000000000000000 ) ) ;
#840 = AXIS2_PLACEMENT_3D ( 'NONE', #230, #2452, #5625 ) ;
#841 = CIRCLE ( 'NONE', #6391, 2.000000000000001776 ) ;
#842 = ORIENTED_EDGE ( 'NONE', *, *, #6429, .T. ) ;
#843 = EDGE_LOOP ( 'NONE', ( #2479, #4046 ) ) ;
#844 = CARTESIAN_POINT ( 'NONE',  ( -13.98584434313094604, -13.98584434313071689, 0.000000000000000000 ) ) ;
#845 = DIRECTION ( 'NONE',  ( 0.000000000000000000, -0.000000000000000000, -1.000000000000000000 ) ) ;
#846 = CYLINDRICAL_SURFACE ( 'NONE', #2935, 3.000000000000002665 ) ;
#847 = ADVANCED_FACE ( 'NONE', ( #3850, #1751 ), #4961, .F. ) ;
#848 = AXIS2_PLACEMENT_3D ( 'NONE', #2150, #3172, #4841 ) ;
#849 = ORIENTED_EDGE ( 'NONE', *, *, #6888, .T. ) ;
#850 = CARTESIAN_POINT ( 'NONE',  ( 7.500011671745328456, -34.49982358402804294, 42.99999999999996447 ) ) ;
#851 = CARTESIAN_POINT ( 'NONE',  ( -14.87641751951195523, 34.81492727455542280, 120.8698430895321394 ) ) ;
#852 = CARTESIAN_POINT ( 'NONE',  ( 8.459178057512477977, -36.90333693359227141, 153.8492235941493220 ) ) ;
#853 = CARTESIAN_POINT ( 'NONE',  ( -11.22152037170458172, 32.41266150001685276, 121.2490781291659658 ) ) ;
#854 = FACE_OUTER_BOUND ( 'NONE', #6215, .T. ) ;
#855 = VECTOR ( 'NONE', #1312, 1000.000000000000000 ) ;
#856 = ADVANCED_FACE ( 'NONE', ( #3916 ), #6482, .F. ) ;
#857 = CARTESIAN_POINT ( 'NONE',  ( -3.250000000000001332, 34.29999999999999716, 188.0000000000000000 ) ) ;
#858 = CARTESIAN_POINT ( 'NONE',  ( 11.70023725405748038, 32.24301573810724619, 152.8407022907650799 ) ) ;
#859 = ORIENTED_EDGE ( 'NONE', *, *, #4357, .F. ) ;
#860 = CARTESIAN_POINT ( 'NONE',  ( -6.180400243800727722, -37.35259019166127104, 48.70128328975776100 ) ) ;
#861 = EDGE_LOOP ( 'NONE', ( #1358, #1118 ) ) ;
#862 = CARTESIAN_POINT ( 'NONE',  ( 5.829330599566612037, 33.80101928582860182, 25.00000000000000000 ) ) ;
#863 = EDGE_CURVE ( 'NONE', #4055, #3635, #5962, .T. ) ;
#864 = CYLINDRICAL_SURFACE ( 'NONE', #2286, 3.000000000000002665 ) ;
#865 = CARTESIAN_POINT ( 'NONE',  ( -4.140216108916100701, -32.18385272431964950, 143.0000000000000284 ) ) ;
#866 = DIRECTION ( 'NONE',  ( -0.000000000000000000, 0.000000000000000000, 1.000000000000000000 ) ) ;
#867 = CARTESIAN_POINT ( 'NONE',  ( -1.650000000000010791, -34.29999999999999716, 5.000000000000004441 ) ) ;
#868 = ORIENTED_EDGE ( 'NONE', *, *, #3170, .T. ) ;
#869 = CARTESIAN_POINT ( 'NONE',  ( 13.17646142196067593, 31.66835054966282570, 117.7499016946915162 ) ) ;
#870 = ORIENTED_EDGE ( 'NONE', *, *, #6040, .F. ) ;
#871 = DIRECTION ( 'NONE',  ( -0.000000000000000000, -0.000000000000000000, -1.000000000000000000 ) ) ;
#872 = EDGE_CURVE ( 'NONE', #2156, #6053, #3287, .T. ) ;
#873 = LINE ( 'NONE', #1979, #4517 ) ;
#874 = ORIENTED_EDGE ( 'NONE', *, *, #4427, .F. ) ;
#875 = ORIENTED_EDGE ( 'NONE', *, *, #2037, .T. ) ;
#876 = DIRECTION ( 'NONE',  ( -0.000000000000000000, 0.000000000000000000, 1.000000000000000000 ) ) ;
#877 = FACE_BOUND ( 'NONE', #5157, .T. ) ;
#878 = VERTEX_POINT ( 'NONE', #5511 ) ;
#879 = CARTESIAN_POINT ( 'NONE',  ( 16.98412536343293766, 27.79982358402804365, 30.40000000000000924 ) ) ;
#880 = ORIENTED_EDGE ( 'NONE', *, *, #6612, .F. ) ;
#881 = EDGE_LOOP ( 'NONE', ( #4946, #424 ) ) ;
#882 = FACE_BOUND ( 'NONE', #477, .T. ) ;
#883 = CARTESIAN_POINT ( 'NONE',  ( -14.43156057564139694, 35.00189086345615408, 117.4855431710027460 ) ) ;
#884 = CARTESIAN_POINT ( 'NONE',  ( 9.872828880007718411, -36.55023906371924625, 152.8462222030664464 ) ) ;
#885 = CLOSED_SHELL ( 'NONE', ( #2476, #2680, #3152, #6011, #227, #1065, #2606, #6764, #6321, #3804, #3288, #2844, #6864, #3104, #3364, #4224, #4941, #1760, #6217, #5831, #384, #1367, #4814, #2845, #2655, #990, #2467, #2854, #6863, #2014, #5120, #6727, #2754, #5920, #207, #595, #1837, #4653, #5751, #2891, #2925, #14, #600, #615, #5021, #3718, #994, #4433, #3296, #6737, #2475, #830, #4779, #4509, #606, #911, #3278, #3853, #6771, #2168, #808, #4111, #3325, #1783, #5301, #847, #5541, #2255, #6894, #2970, #1115, #6871, #3227, #3055, #219, #1627, #3112, #1469, #4052, #6210, #5677, #5574, #1823, #47, #4646, #6457, #4858, #1742, #4793, #896, #1413, #1192, #5212, #1856, #551, #2780, #3094, #4270 ) ) ;
#886 = DIRECTION ( 'NONE',  ( -1.000000000000000000, 0.000000000000000000, -0.000000000000000000 ) ) ;
#887 =( LENGTH_UNIT ( ) NAMED_UNIT ( * ) SI_UNIT ( .MILLI., .METRE. ) );
#888 = CARTESIAN_POINT ( 'NONE',  ( -19.84999999999999787, 30.29982358402804010, 91.84999999999999432 ) ) ;
#889 = CIRCLE ( 'NONE', #1443, 1.649999999999998579 ) ;
#890 = CARTESIAN_POINT ( 'NONE',  ( 15.09582924925626912, 34.72027606203085526, 118.6904893629576350 ) ) ;
#891 = DIRECTION ( 'NONE',  ( -0.000000000000000000, 0.000000000000000000, 1.000000000000000000 ) ) ;
#892 = ORIENTED_EDGE ( 'NONE', *, *, #3788, .F. ) ;
#893 = CARTESIAN_POINT ( 'NONE',  ( 16.62665002401161729, 34.01376763370204515, 91.03002832077648065 ) ) ;
#894 = EDGE_CURVE ( 'NONE', #5161, #2544, #2787, .T. ) ;
#895 = CIRCLE ( 'NONE', #2999, 3.000000000000002665 ) ;
#896 = ADVANCED_FACE ( 'NONE', ( #2862 ), #6416, .F. ) ;
#897 = VERTEX_POINT ( 'NONE', #397 ) ;
#898 = CARTESIAN_POINT ( 'NONE',  ( -9.301305212265532418, 36.69968750329132945, 150.1010331276142153 ) ) ;
#899 = DIRECTION ( 'NONE',  ( 0.000000000000000000, 0.000000000000000000, 1.000000000000000000 ) ) ;
#900 = CARTESIAN_POINT ( 'NONE',  ( -18.67972728963940554, 32.93133881751674608, 89.08330692839918186 ) ) ;
#901 = CARTESIAN_POINT ( 'NONE',  ( -6.543135558914340955, -37.29075875339920287, 148.1499732965923215 ) ) ;
#902 = EDGE_CURVE ( 'NONE', #5758, #2762, #3225, .T. ) ;
#903 = DIRECTION ( 'NONE',  ( -1.000000000000000000, 0.000000000000000000, 0.000000000000000000 ) ) ;
#904 = VERTEX_POINT ( 'NONE', #850 ) ;
#905 = CARTESIAN_POINT ( 'NONE',  ( 5.246622815226827719, -37.49496422058835776, 152.9901664923855265 ) ) ;
#906 = CARTESIAN_POINT ( 'NONE',  ( -5.829330599566612037, 33.80101928582860182, 183.0000000000000000 ) ) ;
#907 = EDGE_LOOP ( 'NONE', ( #1532, #6298 ) ) ;
#908 = CARTESIAN_POINT ( 'NONE',  ( -19.84999999999940457, 30.29982358402804010, 34.70000000000000284 ) ) ;
#909 = CARTESIAN_POINT ( 'NONE',  ( -12.70310356956594333, 31.86124976681688992, 121.4398743736362292 ) ) ;
#910 = VERTEX_POINT ( 'NONE', #6095 ) ;
#911 = ADVANCED_FACE ( 'NONE', ( #5647 ), #919, .T. ) ;
#912 = ORIENTED_EDGE ( 'NONE', *, *, #5359, .F. ) ;
#913 = CARTESIAN_POINT ( 'NONE',  ( 0.000000000000000000, 0.000000000000000000, 38.00000000000002842 ) ) ;
#914 = DIRECTION ( 'NONE',  ( 1.000000000000000000, -8.881784197001252323E-16, 0.000000000000000000 ) ) ;
#915 = VERTEX_POINT ( 'NONE', #5573 ) ;
#916 = CARTESIAN_POINT ( 'NONE',  ( -4.140216108916099813, -32.18385272431964950, 143.0000000000000284 ) ) ;
#917 = ORIENTED_EDGE ( 'NONE', *, *, #2802, .F. ) ;
#918 = EDGE_LOOP ( 'NONE', ( #4835, #1906 ) ) ;
#919 = PLANE ( 'NONE',  #3684 ) ;
#920 = VECTOR ( 'NONE', #5520, 1000.000000000000000 ) ;
#921 = DIRECTION ( 'NONE',  ( 1.138138323803736265E-16, -1.000000000000000000, 0.000000000000000000 ) ) ;
#922 = CARTESIAN_POINT ( 'NONE',  ( 3.249999999999998668, -34.29999999999999716, 183.0000000000000000 ) ) ;
#923 = CARTESIAN_POINT ( 'NONE',  ( -10.47958097625464013, 32.65998503500371442, 118.4715873670114235 ) ) ;
#924 = DIRECTION ( 'NONE',  ( 0.000000000000000000, 1.000000000000000000, 0.000000000000000000 ) ) ;
#925 = VECTOR ( 'NONE', #642, 1000.000000000000000 ) ;
#926 = DIRECTION ( 'NONE',  ( 0.000000000000000000, -0.000000000000000000, -1.000000000000000000 ) ) ;
#927 = CARTESIAN_POINT ( 'NONE',  ( -5.829330599566612037, 33.80101928582860182, 163.0000000000000000 ) ) ;
#928 = ORIENTED_EDGE ( 'NONE', *, *, #6093, .T. ) ;
#929 = VECTOR ( 'NONE', #1948, 1000.000000000000000 ) ;
#930 = CARTESIAN_POINT ( 'NONE',  ( 7.500011671745328456, -39.49982358402804294, 149.3999999999999773 ) ) ;
#931 = VERTEX_POINT ( 'NONE', #4538 ) ;
#932 = CARTESIAN_POINT ( 'NONE',  ( 3.101721574042647589, -31.94979379083876125, 5.000000000000000000 ) ) ;
#933 = CARTESIAN_POINT ( 'NONE',  ( 12.19999999999999574, 30.49982358402804294, 117.5000000000000000 ) ) ;
#934 = AXIS2_PLACEMENT_3D ( 'NONE', #4298, #76, #5311 ) ;
#935 = CARTESIAN_POINT ( 'NONE',  ( -17.53932909709289589, 33.55240791952473245, 89.92941053367569282 ) ) ;
#936 = EDGE_CURVE ( 'NONE', #3823, #4923, #5611, .T. ) ;
#937 = EDGE_CURVE ( 'NONE', #4423, #6076, #6223, .T. ) ;
#938 = LINE ( 'NONE', #1424, #1992 ) ;
#939 = CARTESIAN_POINT ( 'NONE',  ( -19.84999999999940457, 27.79982358402804365, 34.70000000000000284 ) ) ;
#940 = VERTEX_POINT ( 'NONE', #2963 ) ;
#941 = CARTESIAN_POINT ( 'NONE',  ( 4.520062313380918795, -37.58922940835171289, 150.6016178959950196 ) ) ;
#942 = LINE ( 'NONE', #454, #6726 ) ;
#943 = VERTEX_POINT ( 'NONE', #319 ) ;
#944 = DIRECTION ( 'NONE',  ( -0.000000000000000000, 0.000000000000000000, 1.000000000000000000 ) ) ;
#945 = AXIS2_PLACEMENT_3D ( 'NONE', #1702, #3871, #1288 ) ;
#946 = LINE ( 'NONE', #839, #3857 ) ;
#947 = EDGE_CURVE ( 'NONE', #6755, #2795, #3038, .T. ) ;
#948 = ORIENTED_EDGE ( 'NONE', *, *, #718, .T. ) ;
#949 = VECTOR ( 'NONE', #6439, 1000.000000000000000 ) ;
#950 = ORIENTED_EDGE ( 'NONE', *, *, #3501, .F. ) ;
#951 = FACE_BOUND ( 'NONE', #4038, .T. ) ;
#952 = DIRECTION ( 'NONE',  ( 0.000000000000000000, 0.000000000000000000, -1.000000000000000000 ) ) ;
#953 = ORIENTED_EDGE ( 'NONE', *, *, #2005, .T. ) ;
#954 = DIRECTION ( 'NONE',  ( 0.000000000000000000, 1.000000000000000000, 0.000000000000000000 ) ) ;
#955 = EDGE_CURVE ( 'NONE', #2017, #5104, #5026, .T. ) ;
#956 = VECTOR ( 'NONE', #3906, 1000.000000000000000 ) ;
#957 = VERTEX_POINT ( 'NONE', #778 ) ;
#958 = ORIENTED_EDGE ( 'NONE', *, *, #305, .T. ) ;
#959 = DIRECTION ( 'NONE',  ( 1.000000000000000000, 0.000000000000000000, 0.000000000000000000 ) ) ;
#960 = CIRCLE ( 'NONE', #4626, 37.86000000000017707 ) ;
#961 = AXIS2_PLACEMENT_3D ( 'NONE', #1822, #4102, #6070 ) ;
#962 = FACE_OUTER_BOUND ( 'NONE', #1148, .T. ) ;
#963 = FACE_OUTER_BOUND ( 'NONE', #3101, .T. ) ;
#964 = LINE ( 'NONE', #2066, #1501 ) ;
#965 = APPROVAL_ROLE ( '' ) ;
#966 = CARTESIAN_POINT ( 'NONE',  ( -21.80583257322040325, 30.95127262233688015, 89.55427016921700556 ) ) ;
#967 = EDGE_CURVE ( 'NONE', #1762, #420, #286, .T. ) ;
#968 = CIRCLE ( 'NONE', #5403, 34.29999999999999716 ) ;
#969 = AXIS2_PLACEMENT_3D ( 'NONE', #2254, #3907, #1189 ) ;
#970 = FACE_BOUND ( 'NONE', #2355, .T. ) ;
#971 = CARTESIAN_POINT ( 'NONE',  ( 11.94941233118281154, 32.15150324057092490, 152.8882892153430362 ) ) ;
#972 = VERTEX_POINT ( 'NONE', #5094 ) ;
#973 = CARTESIAN_POINT ( 'NONE',  ( 16.97182763938054606, 33.84308143393214152, 93.44603641846440212 ) ) ;
#974 = CARTESIAN_POINT ( 'NONE',  ( -9.834944423443603867, 36.56045426834889156, 152.7562504146159483 ) ) ;
#975 = ORIENTED_EDGE ( 'NONE', *, *, #4143, .T. ) ;
#976 = CARTESIAN_POINT ( 'NONE',  ( -6.542552641123779544, -37.29086142928165515, 153.8498382299646039 ) ) ;
#977 = DIRECTION ( 'NONE',  ( 0.000000000000000000, 0.000000000000000000, 1.000000000000000000 ) ) ;
#978 = ORIENTED_EDGE ( 'NONE', *, *, #539, .T. ) ;
#979 = DIRECTION ( 'NONE',  ( 1.000000000000000000, 0.000000000000000000, 0.000000000000000000 ) ) ;
#980 = LINE ( 'NONE', #2539, #2724 ) ;
#981 = EDGE_LOOP ( 'NONE', ( #4750, #1018, #3706, #388, #5523, #3962, #2303, #5602, #2912, #4817, #2745, #1451 ) ) ;
#982 = CARTESIAN_POINT ( 'NONE',  ( -7.500011671745328456, -34.49982358402804294, 44.39999999999997726 ) ) ;
#983 = FACE_OUTER_BOUND ( 'NONE', #6165, .T. ) ;
#984 = ORIENTED_EDGE ( 'NONE', *, *, #5787, .T. ) ;
#985 = ORIENTED_EDGE ( 'NONE', *, *, #2458, .T. ) ;
#986 = CARTESIAN_POINT ( 'NONE',  ( -17.64920538662942562, 33.49481132162880925, 32.65488399841581924 ) ) ;
#987 = CARTESIAN_POINT ( 'NONE',  ( 12.39416287600549182, 35.77438181221332059, 147.8999999999999204 ) ) ;
#988 = ORIENTED_EDGE ( 'NONE', *, *, #4137, .T. ) ;
#989 = LINE ( 'NONE', #3107, #3171 ) ;
#990 = ADVANCED_FACE ( 'NONE', ( #2369, #2406, #1882, #4056, #4503, #4019, #1407, #1440, #882, #6624, #3000 ), #5129, .T. ) ;
#991 = VERTEX_POINT ( 'NONE', #5167 ) ;
#992 = EDGE_LOOP ( 'NONE', ( #4229, #3578 ) ) ;
#993 = CARTESIAN_POINT ( 'NONE',  ( -22.00000000000000000, -29.49982358402804294, 140.0000000000000000 ) ) ;
#994 = ADVANCED_FACE ( 'NONE', ( #6127 ), #5543, .T. ) ;
#995 = CARTESIAN_POINT ( 'NONE',  ( -14.78463189990914550, 34.85411097057898644, 117.9641388705228024 ) ) ;
#996 = DIRECTION ( 'NONE',  ( 0.000000000000000000, 0.000000000000000000, 1.000000000000000000 ) ) ;
#997 = LINE ( 'NONE', #6839, #5933 ) ;
#998 =( NAMED_UNIT ( * ) SI_UNIT ( $, .STERADIAN. ) SOLID_ANGLE_UNIT ( ) );
#999 = CARTESIAN_POINT ( 'NONE',  ( 10.19054459892469922, -36.46284034329922719, 44.65824916457692240 ) ) ;
#1000 = DIRECTION ( 'NONE',  ( 0.000000000000000000, 0.000000000000000000, 1.000000000000000000 ) ) ;
#1001 = EDGE_CURVE ( 'NONE', #5589, #650, #356, .T. ) ;
#1002 = LINE ( 'NONE', #1098, #1478 ) ;
#1003 = ORIENTED_EDGE ( 'NONE', *, *, #5890, .F. ) ;
#1004 = PLANE ( 'NONE',  #5290 ) ;
#1005 = CARTESIAN_POINT ( 'NONE',  ( -9.611626620866948301, 36.61979767586511514, 152.4295348090703328 ) ) ;
#1006 = AXIS2_PLACEMENT_3D ( 'NONE', #6146, #866, #6113 ) ;
#1007 = ORIENTED_EDGE ( 'NONE', *, *, #2965, .T. ) ;
#1008 = CARTESIAN_POINT ( 'NONE',  ( -18.01982662317406181, 33.29696929005871198, 94.23247846793371707 ) ) ;
#1009 = DIRECTION ( 'NONE',  ( -0.000000000000000000, 0.000000000000000000, 1.000000000000000000 ) ) ;
#1010 = CIRCLE ( 'NONE', #5446, 1.650000000000017231 ) ;
#1011 = ORIENTED_EDGE ( 'NONE', *, *, #5950, .T. ) ;
#1012 = CARTESIAN_POINT ( 'NONE',  ( -8.275607949477672420, -36.94499383306101947, 153.9046161760477958 ) ) ;
#1013 = LINE ( 'NONE', #5258, #4849 ) ;
#1014 = VERTEX_POINT ( 'NONE', #1366 ) ;
#1015 = CARTESIAN_POINT ( 'NONE',  ( -19.29068031419880214, 32.57860343897426958, 37.66339956005899126 ) ) ;
#1016 = DIRECTION ( 'NONE',  ( -1.000000000000000000, 0.000000000000000000, -0.000000000000000000 ) ) ;
#1017 = ORIENTED_EDGE ( 'NONE', *, *, #4066, .T. ) ;
#1018 = ORIENTED_EDGE ( 'NONE', *, *, #1236, .F. ) ;
#1019 = CARTESIAN_POINT ( 'NONE',  ( -19.70233707807522805, 32.32997964849035810, 31.69999999999996376 ) ) ;
#1020 = CARTESIAN_POINT ( 'NONE',  ( 0.000000000000000000, 0.000000000000000000, 38.00000000000002842 ) ) ;
#1021 = EDGE_LOOP ( 'NONE', ( #797, #5913 ) ) ;
#1022 = CARTESIAN_POINT ( 'NONE',  ( 0.000000000000000000, 0.000000000000000000, 38.00000000000003553 ) ) ;
#1023 = ORIENTED_EDGE ( 'NONE', *, *, #6049, .T. ) ;
#1024 = ADVANCED_FACE ( 'NONE', ( #6725 ), #1954, .F. ) ;
#1025 = EDGE_CURVE ( 'NONE', #3312, #5104, #5724, .T. ) ;
#1026 = CYLINDRICAL_SURFACE ( 'NONE', #3449, 34.29999999999999716 ) ;
#1027 = CARTESIAN_POINT ( 'NONE',  ( -12.71153491878083486, 31.85861932738030688, 148.9499082607445359 ) ) ;
#1028 = CARTESIAN_POINT ( 'NONE',  ( -22.00000000000000000, 0.000000000000000000, 64.00000000000001421 ) ) ;
#1029 = CARTESIAN_POINT ( 'NONE',  ( 19.16151495331359200, 32.65362448020660935, 37.68411499232028206 ) ) ;
#1030 = AXIS2_PLACEMENT_3D ( 'NONE', #2901, #1794, #5418 ) ;
#1031 = LINE ( 'NONE', #3153, #2672 ) ;
#1032 = CARTESIAN_POINT ( 'NONE',  ( -12.20000000000000284, 33.49982358402804294, 122.4999999999998295 ) ) ;
#1033 = ORIENTED_EDGE ( 'NONE', *, *, #3711, .T. ) ;
#1034 = LINE ( 'NONE', #4177, #59 ) ;
#1035 = DIRECTION ( 'NONE',  ( 1.000000000000000000, 0.000000000000000000, 0.000000000000000000 ) ) ;
#1036 = CIRCLE ( 'NONE', #2800, 34.29999999999999716 ) ;
#1037 = EDGE_CURVE ( 'NONE', #443, #5643, #1667, .T. ) ;
#1038 = EDGE_LOOP ( 'NONE', ( #5683, #1952, #4187, #1174 ) ) ;
#1039 = CARTESIAN_POINT ( 'NONE',  ( -22.57908623379589486, 30.39035784356588366, 93.10690155710865668 ) ) ;
#1040 = AXIS2_PLACEMENT_3D ( 'NONE', #1020, #4125, #6235 ) ;
#1041 = LINE ( 'NONE', #2078, #2002 ) ;
#1042 = ORIENTED_EDGE ( 'NONE', *, *, #6132, .T. ) ;
#1043 = CARTESIAN_POINT ( 'NONE',  ( -9.873363871829077709, -36.55009432985138318, 149.1544699058933645 ) ) ;
#1044 = LINE ( 'NONE', #2573, #2622 ) ;
#1045 = EDGE_LOOP ( 'NONE', ( #812, #2257, #5247, #1229 ) ) ;
#1046 = DIRECTION ( 'NONE',  ( -1.000000000000000000, 0.000000000000000000, 0.000000000000000000 ) ) ;
#1047 = FACE_OUTER_BOUND ( 'NONE', #4669, .T. ) ;
#1048 = ADVANCED_FACE ( 'NONE', ( #5204 ), #1026, .F. ) ;
#1049 = VECTOR ( 'NONE', #5054, 1000.000000000000114 ) ;
#1050 = DIRECTION ( 'NONE',  ( 1.000000000000000000, 0.000000000000000000, 0.000000000000000000 ) ) ;
#1051 = VERTEX_POINT ( 'NONE', #5760 ) ;
#1052 = AXIS2_PLACEMENT_3D ( 'NONE', #5396, #630, #5947 ) ;
#1053 = PLANE ( 'NONE',  #706 ) ;
#1054 = CARTESIAN_POINT ( 'NONE',  ( 0.000000000000000000, 29.49982358402804294, 188.0000000000000000 ) ) ;
#1055 = ORIENTED_EDGE ( 'NONE', *, *, #1244, .F. ) ;
#1056 = LINE ( 'NONE', #5269, #4061 ) ;
#1057 = CIRCLE ( 'NONE', #4944, 1.199999999999999734 ) ;
#1058 = EDGE_LOOP ( 'NONE', ( #4986, #5915, #3983, #5623 ) ) ;
#1059 = DIRECTION ( 'NONE',  ( 0.000000000000000000, -1.000000000000000000, 0.000000000000000000 ) ) ;
#1060 = PLANE ( 'NONE',  #4172 ) ;
#1061 = LINE ( 'NONE', #2858, #2806 ) ;
#1062 = ADVANCED_FACE ( 'NONE', ( #2553 ), #5794, .F. ) ;
#1063 = CARTESIAN_POINT ( 'NONE',  ( -12.20000000000010942, 43.49982358402805005, 150.8999999999997783 ) ) ;
#1064 = AXIS2_PLACEMENT_3D ( 'NONE', #170, #6542, #2358 ) ;
#1065 = ADVANCED_FACE ( 'NONE', ( #2128 ), #5273, .F. ) ;
#1066 = AXIS2_PLACEMENT_3D ( 'NONE', #6325, #6487, #3323 ) ;
#1067 = AXIS2_PLACEMENT_3D ( 'NONE', #4024, #5031, #5098 ) ;
#1068 = DIRECTION ( 'NONE',  ( 1.000000000000000000, 0.000000000000000000, 0.000000000000000000 ) ) ;
#1069 = LINE ( 'NONE', #4765, #5369 ) ;
#1070 = ORIENTED_EDGE ( 'NONE', *, *, #1551, .T. ) ;
#1071 = CARTESIAN_POINT ( 'NONE',  ( -12.20000000000000107, 35.84047432721856552, 116.4999999999998295 ) ) ;
#1072 = DIRECTION ( 'NONE',  ( 1.000000000000000000, 0.000000000000000000, 0.000000000000000000 ) ) ;
#1073 = AXIS2_PLACEMENT_3D ( 'NONE', #6230, #1872, #5087 ) ;
#1074 = EDGE_CURVE ( 'NONE', #5836, #943, #1010, .T. ) ;
#1075 = ORIENTED_EDGE ( 'NONE', *, *, #6562, .T. ) ;
#1076 = CARTESIAN_POINT ( 'NONE',  ( -22.42326571091873078, 30.50550999197871604, 93.40113402927221387 ) ) ;
#1077 = VECTOR ( 'NONE', #4905, 1000.000000000000000 ) ;
#1078 = CARTESIAN_POINT ( 'NONE',  ( -4.450000000000001066, 34.29999999999999716, 188.0000000000000000 ) ) ;
#1079 = ADVANCED_FACE ( 'NONE', ( #6279 ), #2657, .F. ) ;
#1080 = ORIENTED_EDGE ( 'NONE', *, *, #6425, .T. ) ;
#1081 = CARTESIAN_POINT ( 'NONE',  ( -10.09425323345330305, -36.48970760811177172, 149.4805617112226912 ) ) ;
#1082 = CARTESIAN_POINT ( 'NONE',  ( 21.68798944000246109, 31.03288987268075871, 32.61755898159866973 ) ) ;
#1083 = VERTEX_POINT ( 'NONE', #1515 ) ;
#1084 = DIRECTION ( 'NONE',  ( 1.000000000000000000, 0.000000000000000000, 0.000000000000000000 ) ) ;
#1085 = DIRECTION ( 'NONE',  ( -1.000000000000000000, 0.000000000000000000, 0.000000000000000000 ) ) ;
#1086 = AXIS2_PLACEMENT_3D ( 'NONE', #3470, #5073, #298 ) ;
#1087 = DIRECTION ( 'NONE',  ( -0.000000000000000000, -0.000000000000000000, 1.000000000000000000 ) ) ;
#1088 = EDGE_CURVE ( 'NONE', #4622, #1546, #4238, .T. ) ;
#1089 = VERTEX_POINT ( 'NONE', #993 ) ;
#1090 = DIRECTION ( 'NONE',  ( -1.000000000000000000, 0.000000000000000000, 0.000000000000000000 ) ) ;
#1091 = ORIENTED_EDGE ( 'NONE', *, *, #3214, .T. ) ;
#1092 = CARTESIAN_POINT ( 'NONE',  ( 4.468068730591642890, -32.43975741685359537, 163.0000000000000000 ) ) ;
#1093 = ORIENTED_EDGE ( 'NONE', *, *, #2085, .F. ) ;
#1094 = CARTESIAN_POINT ( 'NONE',  ( -14.13222004911769680, 31.25333972961438178, 150.3663024213385881 ) ) ;
#1095 = CARTESIAN_POINT ( 'NONE',  ( -4.468068730591639337, 32.43975741685360248, 188.0000000000000000 ) ) ;
#1096 = CARTESIAN_POINT ( 'NONE',  ( 18.27604726304783611, 33.15727549004673591, 37.43621240481223822 ) ) ;
#1097 = DIRECTION ( 'NONE',  ( -0.000000000000000000, 0.000000000000000000, 1.000000000000000000 ) ) ;
#1098 = CARTESIAN_POINT ( 'NONE',  ( -0.000000000000000000, 29.49982358402804294, 96.00000000000000000 ) ) ;
#1099 = EDGE_LOOP ( 'NONE', ( #1739, #3766, #5759, #5672 ) ) ;
#1100 = CARTESIAN_POINT ( 'NONE',  ( -11.44211568541462754, 36.09011709771407084, 122.4089895033367270 ) ) ;
#1101 = FACE_OUTER_BOUND ( 'NONE', #5934, .T. ) ;
#1102 = VECTOR ( 'NONE', #2287, 1000.000000000000000 ) ;
#1103 = ORIENTED_EDGE ( 'NONE', *, *, #4734, .T. ) ;
#1104 = CARTESIAN_POINT ( 'NONE',  ( -22.33534558503141909, 30.57002251346087363, 93.53781125204218938 ) ) ;
#1105 = EDGE_CURVE ( 'NONE', #297, #6882, #4788, .T. ) ;
#1106 = CARTESIAN_POINT ( 'NONE',  ( -12.20000000000010942, 30.49982358402804294, 148.8999999999997783 ) ) ;
#1107 = EDGE_CURVE ( 'NONE', #5773, #5714, #1579, .T. ) ;
#1108 = ORIENTED_EDGE ( 'NONE', *, *, #2302, .F. ) ;
#1109 = CARTESIAN_POINT ( 'NONE',  ( -8.463249142988889417, -36.90239629582300296, 153.8477514015706618 ) ) ;
#1110 = CARTESIAN_POINT ( 'NONE',  ( 12.19999999999999751, 32.05698051906948365, 121.5000000000000000 ) ) ;
#1111 = AXIS2_PLACEMENT_3D ( 'NONE', #1855, #821, #2936 ) ;
#1112 = ORIENTED_EDGE ( 'NONE', *, *, #2337, .F. ) ;
#1113 = CARTESIAN_POINT ( 'NONE',  ( -22.03458518113482967, 30.78759245012623325, 36.76203179045125324 ) ) ;
#1114 = CARTESIAN_POINT ( 'NONE',  ( -13.77305176158008670, 31.41391659592511587, 120.7618527364481622 ) ) ;
#1115 = ADVANCED_FACE ( 'NONE', ( #4651 ), #2625, .F. ) ;
#1116 = VECTOR ( 'NONE', #5440, 1000.000000000000000 ) ;
#1117 = CARTESIAN_POINT ( 'NONE',  ( -1.949449338866589724E-13, 34.29999999999999716, 188.0000000000000000 ) ) ;
#1118 = ORIENTED_EDGE ( 'NONE', *, *, #1329, .F. ) ;
#1119 = CARTESIAN_POINT ( 'NONE',  ( -12.20000000000010942, 30.49982358402804294, 152.8999999999997783 ) ) ;
#1120 = ORIENTED_EDGE ( 'NONE', *, *, #5436, .F. ) ;
#1121 = DIRECTION ( 'NONE',  ( -0.000000000000000000, -0.000000000000000000, -1.000000000000000000 ) ) ;
#1122 = CARTESIAN_POINT ( 'NONE',  ( -21.02436171593885916, 31.48769512623506017, 89.07290974557437835 ) ) ;
#1123 = AXIS2_PLACEMENT_3D ( 'NONE', #553, #5351, #580 ) ;
#1124 = EDGE_CURVE ( 'NONE', #4122, #115, #4166, .T. ) ;
#1125 = VERTEX_POINT ( 'NONE', #3607 ) ;
#1126 = DIRECTION ( 'NONE',  ( -1.000000000000000000, 0.000000000000000000, 0.000000000000000000 ) ) ;
#1127 = DIRECTION ( 'NONE',  ( -0.000000000000000000, -1.000000000000000000, -0.000000000000000000 ) ) ;
#1128 = CARTESIAN_POINT ( 'NONE',  ( 17.20787629534653007, 33.72367251306796021, 36.62213386705148821 ) ) ;
#1129 = DIRECTION ( 'NONE',  ( 0.000000000000000000, 0.000000000000000000, 1.000000000000000000 ) ) ;
#1130 = CARTESIAN_POINT ( 'NONE',  ( 0.000000000000000000, 0.000000000000000000, 143.0000000000000284 ) ) ;
#1131 = ORIENTED_EDGE ( 'NONE', *, *, #4390, .T. ) ;
#1132 = CARTESIAN_POINT ( 'NONE',  ( -3.265987202574514914, -33.64183894487069892, 58.00000000000002132 ) ) ;
#1133 = DIRECTION ( 'NONE',  ( -1.000000000000000000, 0.000000000000000000, -0.000000000000000000 ) ) ;
#1134 = VECTOR ( 'NONE', #1689, 1000.000000000000000 ) ;
#1135 = VERTEX_POINT ( 'NONE', #6873 ) ;
#1136 = CARTESIAN_POINT ( 'NONE',  ( -23.73057117962473939, 29.49982358402804294, 188.0000000000000000 ) ) ;
#1137 = LINE ( 'NONE', #3199, #2234 ) ;
#1138 = VERTEX_POINT ( 'NONE', #5240 ) ;
#1139 = DIRECTION ( 'NONE',  ( -0.000000000000000000, -0.000000000000000000, -1.000000000000000000 ) ) ;
#1140 = CIRCLE ( 'NONE', #4712, 1.599999999999990319 ) ;
#1141 = CARTESIAN_POINT ( 'NONE',  ( 19.52000000000059288, 30.29982358402804010, 34.70000000000000284 ) ) ;
#1142 = ORIENTED_EDGE ( 'NONE', *, *, #4899, .T. ) ;
#1143 = CARTESIAN_POINT ( 'NONE',  ( 10.62291726263883263, 32.61414788255612507, 120.7572767437558525 ) ) ;
#1144 = CARTESIAN_POINT ( 'NONE',  ( -13.92909155704778890, 31.34459913159264843, 120.5398283859337454 ) ) ;
#1145 = EDGE_CURVE ( 'NONE', #5733, #4423, #4131, .T. ) ;
#1146 = CIRCLE ( 'NONE', #1488, 1.699999999999977751 ) ;
#1147 = CARTESIAN_POINT ( 'NONE',  ( -16.98412536343293766, 27.79982358402804365, 30.40000000000000924 ) ) ;
#1148 = EDGE_LOOP ( 'NONE', ( #4642, #51, #3908, #1892, #2114 ) ) ;
#1149 = LINE ( 'NONE', #4352, #3044 ) ;
#1150 = ORIENTED_EDGE ( 'NONE', *, *, #4949, .T. ) ;
#1151 = LINE ( 'NONE', #4785, #1932 ) ;
#1152 = AXIS2_PLACEMENT_3D ( 'NONE', #6868, #4, #5717 ) ;
#1153 = PLANE ( 'NONE',  #2513 ) ;
#1154 = EDGE_CURVE ( 'NONE', #4878, #2212, #4233, .T. ) ;
#1155 = ORIENTED_EDGE ( 'NONE', *, *, #4302, .T. ) ;
#1156 = AXIS2_PLACEMENT_3D ( 'NONE', #5197, #6234, #6793 ) ;
#1157 = FACE_OUTER_BOUND ( 'NONE', #4624, .T. ) ;
#1158 = CARTESIAN_POINT ( 'NONE',  ( 10.24819796119814974, 36.44688221740690182, 121.7866502518752725 ) ) ;
#1159 = CARTESIAN_POINT ( 'NONE',  ( 19.52000000000059288, 30.29982358402804010, 31.69999999999999929 ) ) ;
#1160 = EDGE_CURVE ( 'NONE', #1135, #6267, #458, .T. ) ;
#1161 = AXIS2_PLACEMENT_3D ( 'NONE', #764, #4422, #5982 ) ;
#1162 = DIRECTION ( 'NONE',  ( -0.000000000000000000, -0.000000000000000000, -1.000000000000000000 ) ) ;
#1163 = VECTOR ( 'NONE', #5398, 1000.000000000000000 ) ;
#1164 = FACE_OUTER_BOUND ( 'NONE', #643, .T. ) ;
#1165 = EDGE_CURVE ( 'NONE', #3905, #904, #1570, .T. ) ;
#1166 = ORIENTED_EDGE ( 'NONE', *, *, #4977, .F. ) ;
#1167 = CARTESIAN_POINT ( 'NONE',  ( -9.838153242078805150, 36.55959254989083007, 117.6396250533920949 ) ) ;
#1168 = CARTESIAN_POINT ( 'NONE',  ( 22.34097877688391520, 30.56585408863565334, 92.89184464549590814 ) ) ;
#1169 = VECTOR ( 'NONE', #4807, 1000.000000000000000 ) ;
#1170 = ORIENTED_EDGE ( 'NONE', *, *, #6049, .F. ) ;
#1171 = CARTESIAN_POINT ( 'NONE',  ( 4.520062313380913466, -37.58922940835170579, 45.60161789599496274 ) ) ;
#1172 = CARTESIAN_POINT ( 'NONE',  ( -4.468068730591637561, 32.43975741685360958, 5.000000000000000000 ) ) ;
#1173 = CIRCLE ( 'NONE', #5739, 1.699999999999972422 ) ;
#1174 = ORIENTED_EDGE ( 'NONE', *, *, #5926, .F. ) ;
#1175 = CIRCLE ( 'NONE', #2167, 3.000000000000002665 ) ;
#1176 = DIRECTION ( 'NONE',  ( 0.000000000000000000, -1.000000000000000000, 0.000000000000000000 ) ) ;
#1177 = DIRECTION ( 'NONE',  ( 0.000000000000000000, 0.000000000000000000, -1.000000000000000000 ) ) ;
#1178 = ORIENTED_EDGE ( 'NONE', *, *, #1618, .T. ) ;
#1179 = CARTESIAN_POINT ( 'NONE',  ( 11.22577410284333510, 32.41119111308739775, 121.2514985576497537 ) ) ;
#1180 = DIRECTION ( 'NONE',  ( -0.000000000000000000, -0.000000000000000000, -1.000000000000000000 ) ) ;
#1181 = VECTOR ( 'NONE', #6264, 1000.000000000000000 ) ;
#1182 = DIRECTION ( 'NONE',  ( 0.000000000000000000, 0.000000000000000000, 1.000000000000000000 ) ) ;
#1183 = CARTESIAN_POINT ( 'NONE',  ( 0.000000000000000000, 0.000000000000000000, 188.0000000000000000 ) ) ;
#1184 = VERTEX_POINT ( 'NONE', #2847 ) ;
#1185 = CARTESIAN_POINT ( 'NONE',  ( -16.98412536343293766, 33.83665299108656654, 35.58699637399769244 ) ) ;
#1186 = EDGE_LOOP ( 'NONE', ( #5189, #5259, #2357, #2778 ) ) ;
#1187 = CARTESIAN_POINT ( 'NONE',  ( -3.101721574042660468, -31.94979379083876125, 38.00000000000002842 ) ) ;
#1188 = CIRCLE ( 'NONE', #4759, 1.650000000000017231 ) ;
#1189 = DIRECTION ( 'NONE',  ( 0.000000000000000000, 0.000000000000000000, 1.000000000000000000 ) ) ;
#1190 = ORIENTED_EDGE ( 'NONE', *, *, #2808, .F. ) ;
#1191 = CARTESIAN_POINT ( 'NONE',  ( -14.01296473848129764, 35.17253527826569126, 148.4782744722771213 ) ) ;
#1192 = ADVANCED_FACE ( 'NONE', ( #1215 ), #3373, .F. ) ;
#1193 = DIRECTION ( 'NONE',  ( 0.000000000000000000, 0.000000000000000000, -1.000000000000000000 ) ) ;
#1194 = DIRECTION ( 'NONE',  ( 0.000000000000000000, 0.000000000000000000, -1.000000000000000000 ) ) ;
#1195 = EDGE_CURVE ( 'NONE', #6407, #6053, #3123, .T. ) ;
#1196 = ORIENTED_EDGE ( 'NONE', *, *, #5619, .F. ) ;
#1197 = CARTESIAN_POINT ( 'NONE',  ( 0.000000000000000000, 0.000000000000000000, 163.0000000000000000 ) ) ;
#1198 = CARTESIAN_POINT ( 'NONE',  ( -11.69754073753355428, 32.24399390276806088, 152.8400051745800852 ) ) ;
#1199 = LINE ( 'NONE', #3852, #6812 ) ;
#1200 = EDGE_LOOP ( 'NONE', ( #3645, #4356 ) ) ;
#1201 = CARTESIAN_POINT ( 'NONE',  ( -11.44507173185821536, 36.08917468612125390, 116.5903031295822245 ) ) ;
#1202 = CARTESIAN_POINT ( 'NONE',  ( -19.84999999999940457, 30.29982358402804010, 34.70000000000000284 ) ) ;
#1203 = EDGE_CURVE ( 'NONE', #1514, #1438, #6538, .T. ) ;
#1204 = ORIENTED_EDGE ( 'NONE', *, *, #5406, .T. ) ;
#1205 = CARTESIAN_POINT ( 'NONE',  ( 12.19999999999999574, 35.84047432721856552, 116.4999999999999858 ) ) ;
#1206 = CARTESIAN_POINT ( 'NONE',  ( 22.00000000000000000, 0.000000000000000000, 140.0000000000000000 ) ) ;
#1207 = VERTEX_POINT ( 'NONE', #3902 ) ;
#1208 = DIRECTION ( 'NONE',  ( 0.000000000000000000, -1.000000000000000000, 0.000000000000000000 ) ) ;
#1209 = FACE_OUTER_BOUND ( 'NONE', #3012, .T. ) ;
#1210 = ORIENTED_EDGE ( 'NONE', *, *, #353, .F. ) ;
#1211 = DIRECTION ( 'NONE',  ( 0.000000000000000000, 0.000000000000000000, 1.000000000000000000 ) ) ;
#1212 = DIRECTION ( 'NONE',  ( -1.000000000000000000, 0.000000000000000000, 0.000000000000000000 ) ) ;
#1213 = EDGE_CURVE ( 'NONE', #3891, #1967, #2448, .T. ) ;
#1214 = CARTESIAN_POINT ( 'NONE',  ( 23.00000000000000000, 27.79982358402804365, 96.00000000000000000 ) ) ;
#1215 = FACE_OUTER_BOUND ( 'NONE', #3582, .T. ) ;
#1216 = ORIENTED_EDGE ( 'NONE', *, *, #5712, .T. ) ;
#1217 = LINE ( 'NONE', #202, #6270 ) ;
#1218 = ORIENTED_EDGE ( 'NONE', *, *, #2640, .F. ) ;
#1219 = LINE ( 'NONE', #3310, #6614 ) ;
#1220 = DIRECTION ( 'NONE',  ( 0.000000000000000000, -1.000000000000000000, 0.000000000000000000 ) ) ;
#1221 = VERTEX_POINT ( 'NONE', #5559 ) ;
#1222 = CARTESIAN_POINT ( 'NONE',  ( 13.76916061850503681, 31.41507531481870785, 152.1470552860015459 ) ) ;
#1223 = CARTESIAN_POINT ( 'NONE',  ( 9.609681212280085205, 36.62030779807651015, 117.9737462555051621 ) ) ;
#1224 = VECTOR ( 'NONE', #1263, 1000.000000000000000 ) ;
#1225 = CARTESIAN_POINT ( 'NONE',  ( -3.250000000000001332, 34.29999999999999716, 183.0000000000000000 ) ) ;
#1226 = EDGE_CURVE ( 'NONE', #1676, #5383, #5459, .T. ) ;
#1227 = VECTOR ( 'NONE', #1247, 1000.000000000000000 ) ;
#1228 = EDGE_CURVE ( 'NONE', #732, #6587, #6504, .T. ) ;
#1229 = ORIENTED_EDGE ( 'NONE', *, *, #1800, .T. ) ;
#1230 = DIRECTION ( 'NONE',  ( -1.000000000000000000, 0.000000000000000000, 0.000000000000000000 ) ) ;
#1231 = DIRECTION ( 'NONE',  ( -0.000000000000000000, 0.000000000000000000, 1.000000000000000000 ) ) ;
#1232 = CARTESIAN_POINT ( 'NONE',  ( -17.50001167174533023, 29.49982358402804294, 188.0000000000000000 ) ) ;
#1233 = ORIENTED_EDGE ( 'NONE', *, *, #2883, .T. ) ;
#1234 = FACE_OUTER_BOUND ( 'NONE', #3346, .T. ) ;
#1235 = CARTESIAN_POINT ( 'NONE',  ( -12.20000000000010942, 33.49982358402804294, 150.8999999999997783 ) ) ;
#1236 = EDGE_CURVE ( 'NONE', #6469, #4591, #1836, .T. ) ;
#1237 = VERTEX_POINT ( 'NONE', #3413 ) ;
#1238 = CARTESIAN_POINT ( 'NONE',  ( 4.806612853264691232, -37.55372114456850596, 47.33600809806813459 ) ) ;
#1239 = PLANE ( 'NONE',  #3250 ) ;
#1240 = EDGE_LOOP ( 'NONE', ( #5127, #5192 ) ) ;
#1241 = CARTESIAN_POINT ( 'NONE',  ( -6.543135558914333849, -37.29075875339920287, 43.14997329659229308 ) ) ;
#1242 = VERTEX_POINT ( 'NONE', #1736 ) ;
#1243 = CARTESIAN_POINT ( 'NONE',  ( -22.70022666796064215, 30.29982358402804010, 35.63605979576231420 ) ) ;
#1244 = EDGE_CURVE ( 'NONE', #6787, #1676, #6606, .T. ) ;
#1245 = DIRECTION ( 'NONE',  ( -0.000000000000000000, 1.000000000000000000, -0.000000000000000000 ) ) ;
#1246 = CYLINDRICAL_SURFACE ( 'NONE', #1328, 1.649999999999998579 ) ;
#1247 = DIRECTION ( 'NONE',  ( -0.000000000000000000, -0.000000000000000000, -1.000000000000000000 ) ) ;
#1248 = VERTEX_POINT ( 'NONE', #3478 ) ;
#1249 = CARTESIAN_POINT ( 'NONE',  ( 19.52000000000059288, 95.39982358402802731, 34.70000000000000284 ) ) ;
#1250 = ORIENTED_EDGE ( 'NONE', *, *, #3581, .T. ) ;
#1251 = CARTESIAN_POINT ( 'NONE',  ( 1.650000000000023892, -34.29999999999999716, 188.0000000000000000 ) ) ;
#1252 = EDGE_CURVE ( 'NONE', #429, #3529, #6672, .T. ) ;
#1253 = CARTESIAN_POINT ( 'NONE',  ( 3.265987202574514914, -33.64183894487069892, 188.0000000000000000 ) ) ;
#1254 = CIRCLE ( 'NONE', #3928, 1.600000000000004086 ) ;
#1255 = ORIENTED_EDGE ( 'NONE', *, *, #2237, .T. ) ;
#1256 = ORIENTED_EDGE ( 'NONE', *, *, #327, .T. ) ;
#1257 = AXIS2_PLACEMENT_3D ( 'NONE', #5079, #4628, #6079 ) ;
#1258 = CARTESIAN_POINT ( 'NONE',  ( -15.09925208689651122, 34.71878627597247657, 150.1030857699723526 ) ) ;
#1259 = PLANE ( 'NONE',  #1364 ) ;
#1260 = DIRECTION ( 'NONE',  ( -0.000000000000000000, 0.000000000000000000, 1.000000000000000000 ) ) ;
#1261 = AXIS2_PLACEMENT_3D ( 'NONE', #3071, #3488, #3029 ) ;
#1262 = VERTEX_POINT ( 'NONE', #658 ) ;
#1263 = DIRECTION ( 'NONE',  ( 0.000000000000000000, 0.000000000000000000, 1.000000000000000000 ) ) ;
#1264 = CARTESIAN_POINT ( 'NONE',  ( -11.00458630250725278, 32.48695469381403456, 152.5086276066144251 ) ) ;
#1265 = DIRECTION ( 'NONE',  ( -1.000000000000000000, 0.000000000000000000, 0.000000000000000000 ) ) ;
#1266 = ORIENTED_EDGE ( 'NONE', *, *, #1124, .T. ) ;
#1267 = AXIS2_PLACEMENT_3D ( 'NONE', #4528, #1351, #5114 ) ;
#1268 = CARTESIAN_POINT ( 'NONE',  ( -7.891451543192968821, -37.02895149474006331, 48.98079176448669614 ) ) ;
#1269 = CC_DESIGN_PERSON_AND_ORGANIZATION_ASSIGNMENT ( #471, #6284, ( #4400 ) ) ;
#1270 = DIRECTION ( 'NONE',  ( -0.000000000000000000, -0.000000000000000000, -1.000000000000000000 ) ) ;
#1271 = AXIS2_PLACEMENT_3D ( 'NONE', #180, #774, #3316 ) ;
#1272 = ORIENTED_EDGE ( 'NONE', *, *, #902, .T. ) ;
#1273 = CARTESIAN_POINT ( 'NONE',  ( 14.55490832203901341, 34.95066536247760780, 117.6309993638993490 ) ) ;
#1274 = DIRECTION ( 'NONE',  ( 0.000000000000000000, -0.000000000000000000, -1.000000000000000000 ) ) ;
#1275 = EDGE_LOOP ( 'NONE', ( #6236, #985, #4890, #369 ) ) ;
#1276 = CARTESIAN_POINT ( 'NONE',  ( -3.250000000000001332, 34.29999999999999716, 188.0000000000000000 ) ) ;
#1277 = EDGE_CURVE ( 'NONE', #675, #1135, #4525, .T. ) ;
#1278 = ORIENTED_EDGE ( 'NONE', *, *, #2160, .T. ) ;
#1279 = FACE_BOUND ( 'NONE', #2855, .T. ) ;
#1280 = VECTOR ( 'NONE', #309, 1000.000000000000000 ) ;
#1281 = CARTESIAN_POINT ( 'NONE',  ( -19.84999999999999787, 30.29982358402804010, 93.50000000000000000 ) ) ;
#1282 = AXIS2_PLACEMENT_3D ( 'NONE', #2767, #1177, #3301 ) ;
#1283 = CARTESIAN_POINT ( 'NONE',  ( -15.69237908486685207, 30.49982358402804294, 96.49999999999998579 ) ) ;
#1284 = EDGE_CURVE ( 'NONE', #6301, #4273, #2354, .T. ) ;
#1285 = AXIS2_PLACEMENT_3D ( 'NONE', #4063, #3005, #4508 ) ;
#1286 = DIRECTION ( 'NONE',  ( -0.000000000000000000, -0.000000000000000000, -1.000000000000000000 ) ) ;
#1287 = ORIENTED_EDGE ( 'NONE', *, *, #1574, .T. ) ;
#1288 = DIRECTION ( 'NONE',  ( 0.000000000000000000, 0.000000000000000000, -1.000000000000000000 ) ) ;
#1289 = ORIENTED_EDGE ( 'NONE', *, *, #5377, .T. ) ;
#1290 = DIRECTION ( 'NONE',  ( -0.000000000000000000, -0.000000000000000000, -1.000000000000000000 ) ) ;
#1291 = DIRECTION ( 'NONE',  ( 1.000000000000000000, 0.000000000000000000, 0.000000000000000000 ) ) ;
#1292 = AXIS2_PLACEMENT_3D ( 'NONE', #4043, #3483, #4638 ) ;
#1293 = ORIENTED_EDGE ( 'NONE', *, *, #4309, .F. ) ;
#1294 = ADVANCED_FACE ( 'NONE', ( #2288 ), #2390, .F. ) ;
#1295 = AXIS2_PLACEMENT_3D ( 'NONE', #2385, #6183, #4551 ) ;
#1296 = DIRECTION ( 'NONE',  ( -0.7071067811865417996, -0.7071067811865532349, 0.000000000000000000 ) ) ;
#1297 = CARTESIAN_POINT ( 'NONE',  ( 19.51999999999999602, 95.39982358402802731, 91.84999999999999432 ) ) ;
#1298 = CARTESIAN_POINT ( 'NONE',  ( -1.650000000000010791, -34.29999999999999716, 188.0000000000000000 ) ) ;
#1299 = ORIENTED_EDGE ( 'NONE', *, *, #5155, .T. ) ;
#1300 = CARTESIAN_POINT ( 'NONE',  ( -16.98412536343293766, 27.79982358402804365, 96.00000000000000000 ) ) ;
#1301 = CARTESIAN_POINT ( 'NONE',  ( -10.21336874034331821, 32.74412771024387325, 151.1674730412934764 ) ) ;
#1302 = DIRECTION ( 'NONE',  ( 0.000000000000000000, 1.000000000000000000, -0.000000000000000000 ) ) ;
#1303 = CARTESIAN_POINT ( 'NONE',  ( -8.990245282272123717, -36.77748707902204472, 43.38892559951442962 ) ) ;
#1304 = LINE ( 'NONE', #783, #2726 ) ;
#1305 = PRODUCT_RELATED_PRODUCT_CATEGORY ( 'detail', '', ( #3998 ) ) ;
#1306 = CARTESIAN_POINT ( 'NONE',  ( 4.578005061217496952, -37.58251009924891406, 46.78685240167246917 ) ) ;
#1307 = LINE ( 'NONE', #5035, #6363 ) ;
#1308 = ORIENTED_EDGE ( 'NONE', *, *, #4265, .F. ) ;
#1309 = CARTESIAN_POINT ( 'NONE',  ( -6.542552641123780433, -37.29086142928164804, 48.84983822996461100 ) ) ;
#1310 = EDGE_LOOP ( 'NONE', ( #2997, #6784, #4115, #6412 ) ) ;
#1311 = DIRECTION ( 'NONE',  ( 0.000000000000000000, 1.000000000000000000, 0.000000000000000000 ) ) ;
#1312 = DIRECTION ( 'NONE',  ( -5.150515019224728438E-16, 1.000000000000000000, 0.000000000000000000 ) ) ;
#1313 = DIRECTION ( 'NONE',  ( 1.000000000000000000, 0.000000000000000000, 0.000000000000000000 ) ) ;
#1314 = EDGE_CURVE ( 'NONE', #4633, #6365, #6627, .T. ) ;
#1315 = EDGE_CURVE ( 'NONE', #2741, #613, #5219, .T. ) ;
#1316 = LINE ( 'NONE', #3969, #1655 ) ;
#1317 = CARTESIAN_POINT ( 'NONE',  ( 9.967664308902602244, 36.52460065553717783, 152.9136975779210559 ) ) ;
#1318 = VERTEX_POINT ( 'NONE', #5110 ) ;
#1319 = CARTESIAN_POINT ( 'NONE',  ( 5.118993140623778970, -37.51250113548018561, 152.8355996416041762 ) ) ;
#1320 = ORIENTED_EDGE ( 'NONE', *, *, #4864, .T. ) ;
#1321 = DIRECTION ( 'NONE',  ( 0.000000000000000000, -1.000000000000000000, 0.000000000000000000 ) ) ;
#1322 = CARTESIAN_POINT ( 'NONE',  ( 23.73057117962473939, 29.49982358402804294, 188.0000000000000000 ) ) ;
#1323 = VERTEX_POINT ( 'NONE', #1897 ) ;
#1324 = ORIENTED_EDGE ( 'NONE', *, *, #2934, .F. ) ;
#1325 = CARTESIAN_POINT ( 'NONE',  ( 19.51999999999999602, 95.39982358402802731, 91.84999999999999432 ) ) ;
#1326 = CARTESIAN_POINT ( 'NONE',  ( 3.101721574042647589, -31.94979379083875415, 38.00000000000002842 ) ) ;
#1327 = PLANE ( 'NONE',  #1271 ) ;
#1328 = AXIS2_PLACEMENT_3D ( 'NONE', #657, #4453, #164 ) ;
#1329 = EDGE_CURVE ( 'NONE', #4201, #4122, #3345, .T. ) ;
#1330 = VERTEX_POINT ( 'NONE', #867 ) ;
#1331 = VECTOR ( 'NONE', #251, 1000.000000000000000 ) ;
#1332 = CARTESIAN_POINT ( 'NONE',  ( 0.000000000000000000, 30.49982358402804294, 96.49999999999998579 ) ) ;
#1333 = CARTESIAN_POINT ( 'NONE',  ( -12.07435749749322795, 32.10479657990124025, 152.8999999999998067 ) ) ;
#1334 = DIRECTION ( 'NONE',  ( -1.000000000000000000, 0.000000000000000000, 0.000000000000000000 ) ) ;
#1335 = LINE ( 'NONE', #5353, #2818 ) ;
#1336 = CARTESIAN_POINT ( 'NONE',  ( -10.34389349699903171, -36.41963496526225441, 46.97556961836362177 ) ) ;
#1337 = FACE_OUTER_BOUND ( 'NONE', #1777, .T. ) ;
#1338 = EDGE_CURVE ( 'NONE', #4091, #3246, #5010, .T. ) ;
#1339 = AXIS2_PLACEMENT_3D ( 'NONE', #3018, #5147, #375 ) ;
#1340 = DIRECTION ( 'NONE',  ( 0.000000000000000000, -1.000000000000000000, 0.000000000000000000 ) ) ;
#1341 = CARTESIAN_POINT ( 'NONE',  ( 10.71258326339100542, 32.58435784236334598, 149.5565817190637006 ) ) ;
#1342 = ORIENTED_EDGE ( 'NONE', *, *, #3237, .F. ) ;
#1343 = CARTESIAN_POINT ( 'NONE',  ( -4.806685503521491043, -37.55371145287566748, 44.66393513256936387 ) ) ;
#1344 = EDGE_LOOP ( 'NONE', ( #4353, #376, #2218, #5743 ) ) ;
#1345 = CARTESIAN_POINT ( 'NONE',  ( -9.613850716524153128, 36.61921546168142072, 149.3666549855149412 ) ) ;
#1346 = CARTESIAN_POINT ( 'NONE',  ( 0.000000000000000000, 0.000000000000000000, 188.0000000000000000 ) ) ;
#1347 = CARTESIAN_POINT ( 'NONE',  ( 15.09582924925616787, 34.72027606203090500, 150.0904893629576122 ) ) ;
#1348 = DIRECTION ( 'NONE',  ( -0.000000000000000000, -0.000000000000000000, -1.000000000000000000 ) ) ;
#1349 = CARTESIAN_POINT ( 'NONE',  ( 5.829330599566602267, 0.000000000000000000, 163.0000000000000000 ) ) ;
#1350 = ORIENTED_EDGE ( 'NONE', *, *, #3457, .F. ) ;
#1351 = DIRECTION ( 'NONE',  ( 0.000000000000000000, -1.000000000000000000, 0.000000000000000000 ) ) ;
#1352 = ORIENTED_EDGE ( 'NONE', *, *, #5571, .T. ) ;
#1353 = PLANE ( 'NONE',  #4737 ) ;
#1354 = EDGE_CURVE ( 'NONE', #2511, #2585, #833, .T. ) ;
#1355 = CARTESIAN_POINT ( 'NONE',  ( 1.649999999999822498, 34.29999999999999716, 188.0000000000000000 ) ) ;
#1356 = AXIS2_PLACEMENT_3D ( 'NONE', #2703, #4216, #1632 ) ;
#1357 = ORIENTED_EDGE ( 'NONE', *, *, #1226, .T. ) ;
#1358 = ORIENTED_EDGE ( 'NONE', *, *, #5963, .F. ) ;
#1359 = CARTESIAN_POINT ( 'NONE',  ( -3.265987202574514914, -33.64183894487069892, 188.0000000000000000 ) ) ;
#1360 = DIRECTION ( 'NONE',  ( -0.000000000000000000, -1.000000000000000000, -0.000000000000000000 ) ) ;
#1361 = CARTESIAN_POINT ( 'NONE',  ( 7.500011671745328456, -34.49982358402804294, 44.39999999999997016 ) ) ;
#1362 = CIRCLE ( 'NONE', #1484, 1.199999999999999734 ) ;
#1363 = EDGE_CURVE ( 'NONE', #3486, #6688, #336, .T. ) ;
#1364 = AXIS2_PLACEMENT_3D ( 'NONE', #704, #2226, #6022 ) ;
#1365 = ORIENTED_EDGE ( 'NONE', *, *, #4607, .T. ) ;
#1366 = CARTESIAN_POINT ( 'NONE',  ( 3.101721574042661800, 31.94979379083875415, 188.0000000000000000 ) ) ;
#1367 = ADVANCED_FACE ( 'NONE', ( #3551 ), #4037, .F. ) ;
#1368 = CARTESIAN_POINT ( 'NONE',  ( -13.68146631802554936, 35.30354842867019016, 116.8634144040346428 ) ) ;
#1369 = CARTESIAN_POINT ( 'NONE',  ( -12.20000000000000284, 33.49982358402804294, 119.4999999999998295 ) ) ;
#1370 = DIRECTION ( 'NONE',  ( 0.7071067811865398012, 0.7071067811865552333, 0.000000000000000000 ) ) ;
#1371 = CARTESIAN_POINT ( 'NONE',  ( -7.694563431458783853, -37.07037482980076248, 42.99999999999996447 ) ) ;
#1372 = CARTESIAN_POINT ( 'NONE',  ( 1.649999999999822498, 34.29999999999999716, 183.0000000000000000 ) ) ;
#1373 = FACE_BOUND ( 'NONE', #1513, .T. ) ;
#1374 = EDGE_CURVE ( 'NONE', #5228, #5161, #2981, .T. ) ;
#1375 = CIRCLE ( 'NONE', #1267, 3.000000000000002665 ) ;
#1376 = CARTESIAN_POINT ( 'NONE',  ( 11.69145165740851233, 32.24690826620291517, 148.9489694132455497 ) ) ;
#1377 = VERTEX_POINT ( 'NONE', #2423 ) ;
#1378 = CARTESIAN_POINT ( 'NONE',  ( 19.16151495331299159, 32.65362448020696462, 94.83411499232028063 ) ) ;
#1379 = ORIENTED_EDGE ( 'NONE', *, *, #820, .T. ) ;
#1380 = CARTESIAN_POINT ( 'NONE',  ( -11.25890555324080289, 36.14764157672214395, 148.0448461103361240 ) ) ;
#1381 = CARTESIAN_POINT ( 'NONE',  ( 17.50001167174533023, -29.49982358402804294, 64.00000000000001421 ) ) ;
#1382 = VECTOR ( 'NONE', #2336, 1000.000000000000000 ) ;
#1383 = CARTESIAN_POINT ( 'NONE',  ( 14.55878818990928458, 34.94904912741038316, 152.7641561057215256 ) ) ;
#1384 = CARTESIAN_POINT ( 'NONE',  ( -4.806685503521483938, -37.55371145287566748, 149.6639351325693497 ) ) ;
#1385 = ADVANCED_FACE ( 'NONE', ( #3093 ), #2460, .F. ) ;
#1386 = CARTESIAN_POINT ( 'NONE',  ( 10.72350690455329847, 36.30998631586621883, 148.2811724667834596 ) ) ;
#1387 = ORIENTED_EDGE ( 'NONE', *, *, #2894, .T. ) ;
#1388 = AXIS2_PLACEMENT_3D ( 'NONE', #527, #5815, #3235 ) ;
#1389 = CARTESIAN_POINT ( 'NONE',  ( 7.500011671745328456, -39.49982358402804294, 44.39999999999997016 ) ) ;
#1390 = ORIENTED_EDGE ( 'NONE', *, *, #4710, .F. ) ;
#1391 = DIRECTION ( 'NONE',  ( 0.000000000000000000, 0.000000000000000000, 1.000000000000000000 ) ) ;
#1392 = CARTESIAN_POINT ( 'NONE',  ( 12.19999999999999574, 33.49982358402804294, 117.5000000000000000 ) ) ;
#1393 = VECTOR ( 'NONE', #6810, 1000.000000000000000 ) ;
#1394 = CIRCLE ( 'NONE', #5293, 1.649999999999998579 ) ;
#1395 = ORIENTED_EDGE ( 'NONE', *, *, #967, .T. ) ;
#1396 = ORIENTED_EDGE ( 'NONE', *, *, #3501, .T. ) ;
#1397 = PLANE ( 'NONE',  #4372 ) ;
#1398 = DIRECTION ( 'NONE',  ( -0.000000000000000000, 0.000000000000000000, 1.000000000000000000 ) ) ;
#1399 = ORIENTED_EDGE ( 'NONE', *, *, #5629, .F. ) ;
#1400 = CARTESIAN_POINT ( 'NONE',  ( 0.000000000000000000, 0.000000000000000000, 163.0000000000000000 ) ) ;
#1401 = AXIS2_PLACEMENT_3D ( 'NONE', #5499, #736, #4984 ) ;
#1402 = ORIENTED_EDGE ( 'NONE', *, *, #4042, .T. ) ;
#1403 = AXIS2_PLACEMENT_3D ( 'NONE', #5106, #5699, #2978 ) ;
#1404 = EDGE_CURVE ( 'NONE', #4717, #3213, #6817, .T. ) ;
#1405 = EDGE_LOOP ( 'NONE', ( #5841, #33, #1849, #299, #3508, #6041, #355, #5855, #1936, #2127, #842, #318 ) ) ;
#1406 = EDGE_CURVE ( 'NONE', #3073, #6541, #3790, .T. ) ;
#1407 = FACE_BOUND ( 'NONE', #2075, .T. ) ;
#1408 = DIRECTION ( 'NONE',  ( 0.000000000000000000, -1.000000000000000000, 0.000000000000000000 ) ) ;
#1409 = DIRECTION ( 'NONE',  ( -1.000000000000000000, 0.000000000000000000, 0.000000000000000000 ) ) ;
#1410 = LINE ( 'NONE', #6768, #2372 ) ;
#1411 = DIRECTION ( 'NONE',  ( 1.000000000000000000, 0.000000000000000000, 0.000000000000000000 ) ) ;
#1412 = CIRCLE ( 'NONE', #1086, 37.86000000000017707 ) ;
#1413 = ADVANCED_FACE ( 'NONE', ( #4590 ), #6707, .F. ) ;
#1414 = EDGE_CURVE ( 'NONE', #2003, #4827, #5895, .T. ) ;
#1415 = CARTESIAN_POINT ( 'NONE',  ( 15.03810432921961215, 34.74539340565591772, 120.4926809831149086 ) ) ;
#1416 = DIRECTION ( 'NONE',  ( -0.000000000000000000, -1.000000000000000000, -0.000000000000000000 ) ) ;
#1417 = ORIENTED_EDGE ( 'NONE', *, *, #4001, .F. ) ;
#1418 = LINE ( 'NONE', #930, #2852 ) ;
#1419 = ORIENTED_EDGE ( 'NONE', *, *, #5076, .F. ) ;
#1420 = DIRECTION ( 'NONE',  ( -0.7071067811865398012, -0.7071067811865552333, 0.000000000000000000 ) ) ;
#1421 = FACE_OUTER_BOUND ( 'NONE', #5997, .T. ) ;
#1422 = EDGE_CURVE ( 'NONE', #3365, #1242, #2497, .T. ) ;
#1423 = LINE ( 'NONE', #6145, #4369 ) ;
#1424 = CARTESIAN_POINT ( 'NONE',  ( -12.20000000000000284, 43.49982358402805005, 122.4999999999998295 ) ) ;
#1425 = CARTESIAN_POINT ( 'NONE',  ( 9.962104369716611174, 36.52611917617944215, 148.8923830561568309 ) ) ;
#1426 = ORIENTED_EDGE ( 'NONE', *, *, #6403, .T. ) ;
#1427 = CARTESIAN_POINT ( 'NONE',  ( 13.91939985694163973, 31.34879660842654303, 120.5300854648819637 ) ) ;
#1428 = ORIENTED_EDGE ( 'NONE', *, *, #4908, .F. ) ;
#1429 = DIRECTION ( 'NONE',  ( 1.000000000000000000, 0.000000000000000000, 0.000000000000000000 ) ) ;
#1430 = CARTESIAN_POINT ( 'NONE',  ( -7.500011671745328456, -37.10969448707032114, 147.9999999999999716 ) ) ;
#1431 = VERTEX_POINT ( 'NONE', #5385 ) ;
#1432 = ORIENTED_EDGE ( 'NONE', *, *, #4734, .F. ) ;
#1433 = CARTESIAN_POINT ( 'NONE',  ( 12.19999999999988916, 32.05698051906951918, 152.8999999999999488 ) ) ;
#1434 = DIRECTION ( 'NONE',  ( -1.000000000000000000, 2.925022541443934832E-16, 0.000000000000000000 ) ) ;
#1435 = ORIENTED_EDGE ( 'NONE', *, *, #4597, .T. ) ;
#1436 = DIRECTION ( 'NONE',  ( -0.000000000000000000, 0.000000000000000000, 1.000000000000000000 ) ) ;
#1437 = VECTOR ( 'NONE', #269, 1000.000000000000000 ) ;
#1438 = VERTEX_POINT ( 'NONE', #2180 ) ;
#1439 = EDGE_LOOP ( 'NONE', ( #5694, #686, #2159, #5432 ) ) ;
#1440 = FACE_BOUND ( 'NONE', #5961, .T. ) ;
#1441 = CARTESIAN_POINT ( 'NONE',  ( -12.96000641247179885, 35.57327795492430766, 122.4085083022381326 ) ) ;
#1442 = CARTESIAN_POINT ( 'NONE',  ( 9.470134553371527986, -36.65674259038893013, 153.2708521651080105 ) ) ;
#1443 = AXIS2_PLACEMENT_3D ( 'NONE', #2639, #1562, #1530 ) ;
#1444 = CARTESIAN_POINT ( 'NONE',  ( -11.69582041301483422, 32.24534096513662718, 117.5475646105699497 ) ) ;
#1445 = CARTESIAN_POINT ( 'NONE',  ( 5.829330599566602267, 33.80101928582860182, 188.0000000000000000 ) ) ;
#1446 = EDGE_CURVE ( 'NONE', #910, #6792, #3454, .T. ) ;
#1447 = EDGE_CURVE ( 'NONE', #1870, #2850, #6394, .T. ) ;
#1448 = AXIS2_PLACEMENT_3D ( 'NONE', #3389, #6449, #218 ) ;
#1449 = CARTESIAN_POINT ( 'NONE',  ( 14.14943829973754852, 35.11689329691014905, 121.7887467676832500 ) ) ;
#1450 = CARTESIAN_POINT ( 'NONE',  ( -3.250000000000001332, 34.29999999999999716, 188.0000000000000000 ) ) ;
#1451 = ORIENTED_EDGE ( 'NONE', *, *, #720, .F. ) ;
#1452 = CARTESIAN_POINT ( 'NONE',  ( 16.86727110663668228, 33.89518482460105275, 93.26602111132295647 ) ) ;
#1453 = VECTOR ( 'NONE', #4271, 1000.000000000000000 ) ;
#1454 = ORIENTED_EDGE ( 'NONE', *, *, #1557, .T. ) ;
#1455 = LINE ( 'NONE', #300, #283 ) ;
#1456 = EDGE_CURVE ( 'NONE', #3365, #5300, #1041, .T. ) ;
#1457 = DIRECTION ( 'NONE',  ( 0.000000000000000000, 1.000000000000000000, 0.000000000000000000 ) ) ;
#1458 = CARTESIAN_POINT ( 'NONE',  ( 13.67484737546537765, 35.30450767325046257, 153.5195355563800490 ) ) ;
#1459 = DIRECTION ( 'NONE',  ( -0.000000000000000000, -1.000000000000000000, -0.000000000000000000 ) ) ;
#1460 = CARTESIAN_POINT ( 'NONE',  ( 9.357856458044643944, 36.68537381823682608, 149.9188173947101461 ) ) ;
#1461 = EDGE_CURVE ( 'NONE', #2043, #5669, #2889, .T. ) ;
#1462 = VERTEX_POINT ( 'NONE', #88 ) ;
#1463 = CARTESIAN_POINT ( 'NONE',  ( 13.91643603571001542, 31.35011232279544302, 118.4650529267296122 ) ) ;
#1464 = CARTESIAN_POINT ( 'NONE',  ( -0.000000000000000000, 30.49982358402804294, 170.4999999999999716 ) ) ;
#1465 = ORIENTED_EDGE ( 'NONE', *, *, #55, .T. ) ;
#1466 = DIRECTION ( 'NONE',  ( 1.000000000000000000, 0.000000000000000000, 0.000000000000000000 ) ) ;
#1467 = DIRECTION ( 'NONE',  ( 0.000000000000000000, 0.000000000000000000, -1.000000000000000000 ) ) ;
#1468 = VERTEX_POINT ( 'NONE', #2206 ) ;
#1469 = ADVANCED_FACE ( 'NONE', ( #1563 ), #616, .F. ) ;
#1470 = ORIENTED_EDGE ( 'NONE', *, *, #3424, .F. ) ;
#1471 = DIRECTION ( 'NONE',  ( 0.000000000000000000, 0.000000000000000000, 1.000000000000000000 ) ) ;
#1472 = CARTESIAN_POINT ( 'NONE',  ( 19.51999999999999602, 35.29982358402804010, 91.84999999999999432 ) ) ;
#1473 = ORIENTED_EDGE ( 'NONE', *, *, #393, .T. ) ;
#1474 = CARTESIAN_POINT ( 'NONE',  ( 15.69237908486685207, -30.49982358402804294, 140.0000000000000000 ) ) ;
#1475 = ORIENTED_EDGE ( 'NONE', *, *, #5801, .F. ) ;
#1476 = VERTEX_POINT ( 'NONE', #5775 ) ;
#1477 = DIRECTION ( 'NONE',  ( 0.000000000000000000, 1.000000000000000000, 0.000000000000000000 ) ) ;
#1478 = VECTOR ( 'NONE', #6844, 1000.000000000000000 ) ;
#1479 = DIRECTION ( 'NONE',  ( -1.000000000000000000, 0.000000000000000000, 0.000000000000000000 ) ) ;
#1480 = CARTESIAN_POINT ( 'NONE',  ( 10.48029085734396304, -36.38055490040377293, 150.6030442284516084 ) ) ;
#1481 = CARTESIAN_POINT ( 'NONE',  ( -10.26867463609386988, 32.72682602555557452, 118.9631105026317641 ) ) ;
#1482 = DATE_TIME_ROLE ( 'creation_date' ) ;
#1483 = CARTESIAN_POINT ( 'NONE',  ( -7.500011671745328456, -39.49982358402804294, 150.9999999999999716 ) ) ;
#1484 = AXIS2_PLACEMENT_3D ( 'NONE', #6450, #1682, #748 ) ;
#1485 = CARTESIAN_POINT ( 'NONE',  ( -5.829330599566604931, -6.634584557488565057E-16, 5.000000000000000000 ) ) ;
#1486 = CARTESIAN_POINT ( 'NONE',  ( 10.41201701318683348, 32.68153863890328381, 149.9937210260674192 ) ) ;
#1487 = ORIENTED_EDGE ( 'NONE', *, *, #1707, .F. ) ;
#1488 = AXIS2_PLACEMENT_3D ( 'NONE', #2403, #6651, #4783 ) ;
#1489 = CARTESIAN_POINT ( 'NONE',  ( 16.69026424479698889, 33.98269380848054055, 90.83208777949568002 ) ) ;
#1490 = DIRECTION ( 'NONE',  ( -0.000000000000000000, -0.000000000000000000, -1.000000000000000000 ) ) ;
#1491 = AXIS2_PLACEMENT_3D ( 'NONE', #6379, #1646, #1126 ) ;
#1492 = ORIENTED_EDGE ( 'NONE', *, *, #3512, .F. ) ;
#1493 = PLANE ( 'NONE',  #1006 ) ;
#1494 = ADVANCED_FACE ( 'NONE', ( #4248 ), #3262, .F. ) ;
#1495 = DIRECTION ( 'NONE',  ( -1.000000000000000000, 0.000000000000000000, 0.000000000000000000 ) ) ;
#1496 = ORIENTED_EDGE ( 'NONE', *, *, #5358, .F. ) ;
#1497 = CARTESIAN_POINT ( 'NONE',  ( -7.500011671745324904, -37.10969448707032114, 153.9999999999999716 ) ) ;
#1498 = CARTESIAN_POINT ( 'NONE',  ( 15.69237908486685207, -30.49982358402804294, 64.00000000000001421 ) ) ;
#1499 = ORIENTED_EDGE ( 'NONE', *, *, #720, .T. ) ;
#1500 = PLANE ( 'NONE',  #506 ) ;
#1501 = VECTOR ( 'NONE', #6693, 1000.000000000000000 ) ;
#1502 = FACE_OUTER_BOUND ( 'NONE', #4080, .T. ) ;
#1503 = EDGE_CURVE ( 'NONE', #6451, #1758, #5810, .T. ) ;
#1504 = ORIENTED_EDGE ( 'NONE', *, *, #4569, .T. ) ;
#1505 = AXIS2_PLACEMENT_3D ( 'NONE', #565, #4813, #6832 ) ;
#1506 = ORIENTED_EDGE ( 'NONE', *, *, #5086, .F. ) ;
#1507 = CARTESIAN_POINT ( 'NONE',  ( 16.98412536343293766, 29.79982358402804010, 96.00000000000000000 ) ) ;
#1508 = CARTESIAN_POINT ( 'NONE',  ( 2.049999999999998934, -34.29999999999999716, 188.0000000000000000 ) ) ;
#1509 = ORIENTED_EDGE ( 'NONE', *, *, #175, .T. ) ;
#1510 = LINE ( 'NONE', #916, #4385 ) ;
#1511 = AXIS2_PLACEMENT_3D ( 'NONE', #2047, #3699, #4839 ) ;
#1512 = EDGE_CURVE ( 'NONE', #6827, #904, #5843, .T. ) ;
#1513 = EDGE_LOOP ( 'NONE', ( #837, #2803 ) ) ;
#1514 = VERTEX_POINT ( 'NONE', #1078 ) ;
#1515 = CARTESIAN_POINT ( 'NONE',  ( 17.50001167174533023, 29.49982358402804294, 30.40000000000000924 ) ) ;
#1516 = VECTOR ( 'NONE', #63, 1000.000000000000114 ) ;
#1517 = AXIS2_PLACEMENT_3D ( 'NONE', #1560, #2004, #4245 ) ;
#1518 = CARTESIAN_POINT ( 'NONE',  ( 0.000000000000000000, 30.29982358402804010, 0.000000000000000000 ) ) ;
#1519 = DIRECTION ( 'NONE',  ( -0.000000000000000000, 0.000000000000000000, 1.000000000000000000 ) ) ;
#1520 = CARTESIAN_POINT ( 'NONE',  ( -10.41201702141197849, 32.68153792250328138, 120.4061019169778746 ) ) ;
#1521 = COORDINATED_UNIVERSAL_TIME_OFFSET ( 10, 0, .AHEAD. ) ;
#1522 = CARTESIAN_POINT ( 'NONE',  ( 10.48014450401061026, -36.38059765285318292, 46.39878573603800049 ) ) ;
#1523 = AXIS2_PLACEMENT_3D ( 'NONE', #4726, #3651, #4207 ) ;
#1524 = CARTESIAN_POINT ( 'NONE',  ( 0.000000000000000000, 0.000000000000000000, 96.00000000000000000 ) ) ;
#1525 = FACE_OUTER_BOUND ( 'NONE', #2840, .T. ) ;
#1526 = EDGE_LOOP ( 'NONE', ( #826, #311, #3204, #5475, #271 ) ) ;
#1527 = CARTESIAN_POINT ( 'NONE',  ( 16.85845163052994877, 33.89957238171556497, 90.45010357172473903 ) ) ;
#1528 = FACE_OUTER_BOUND ( 'NONE', #2688, .T. ) ;
#1529 = ORIENTED_EDGE ( 'NONE', *, *, #1618, .F. ) ;
#1530 = DIRECTION ( 'NONE',  ( 0.000000000000000000, 0.000000000000000000, -1.000000000000000000 ) ) ;
#1531 = CARTESIAN_POINT ( 'NONE',  ( 9.199603925199003385, 36.72528948546611360, 150.7050045450624793 ) ) ;
#1532 = ORIENTED_EDGE ( 'NONE', *, *, #6779, .T. ) ;
#1533 = CARTESIAN_POINT ( 'NONE',  ( -9.321256757493044276, -36.69498867866966663, 153.3919836432449131 ) ) ;
#1534 = DIRECTION ( 'NONE',  ( 0.000000000000000000, 0.000000000000000000, -1.000000000000000000 ) ) ;
#1535 = VERTEX_POINT ( 'NONE', #3164 ) ;
#1536 = CARTESIAN_POINT ( 'NONE',  ( -21.04444516293907341, 31.47280103159523534, 37.45604093999764217 ) ) ;
#1537 = CARTESIAN_POINT ( 'NONE',  ( -13.40386265240931429, 31.57321376137704760, 117.8819103891894997 ) ) ;
#1538 = EDGE_CURVE ( 'NONE', #231, #972, #5903, .T. ) ;
#1539 = EDGE_CURVE ( 'NONE', #1977, #5510, #521, .T. ) ;
#1540 = CARTESIAN_POINT ( 'NONE',  ( -5.829330599566602267, -32.18385272431964950, 143.0000000000000284 ) ) ;
#1541 = ORIENTED_EDGE ( 'NONE', *, *, #1404, .T. ) ;
#1542 = DIRECTION ( 'NONE',  ( -0.000000000000000000, -0.000000000000000000, -1.000000000000000000 ) ) ;
#1543 = CARTESIAN_POINT ( 'NONE',  ( 14.42866334644707216, 35.00308843301157680, 148.8822766742216857 ) ) ;
#1544 = ORIENTED_EDGE ( 'NONE', *, *, #94, .F. ) ;
#1545 = CARTESIAN_POINT ( 'NONE',  ( 3.101721574042646701, -31.94979379083875415, 188.0000000000000000 ) ) ;
#1546 = VERTEX_POINT ( 'NONE', #5254 ) ;
#1547 = DIRECTION ( 'NONE',  ( 0.000000000000000000, 0.000000000000000000, -1.000000000000000000 ) ) ;
#1548 = CYLINDRICAL_SURFACE ( 'NONE', #259, 3.000000000000002665 ) ;
#1549 = CARTESIAN_POINT ( 'NONE',  ( 3.265987202574514914, -33.64183894487069892, 38.00000000000002842 ) ) ;
#1550 = CARTESIAN_POINT ( 'NONE',  ( -22.70022666796064215, 30.29982358402804010, 33.76394020423769149 ) ) ;
#1551 = EDGE_CURVE ( 'NONE', #2118, #5271, #3922, .T. ) ;
#1552 = APPROVAL_STATUS ( 'not_yet_approved' ) ;
#1553 = CARTESIAN_POINT ( 'NONE',  ( 8.993755660580195155, -36.77662077711092081, 43.39107830720733716 ) ) ;
#1554 = VECTOR ( 'NONE', #5360, 1000.000000000000000 ) ;
#1555 = CARTESIAN_POINT ( 'NONE',  ( 0.000000000000000000, 0.000000000000000000, 188.0000000000000000 ) ) ;
#1556 = CARTESIAN_POINT ( 'NONE',  ( 0.000000000000000000, 0.000000000000000000, 163.0000000000000000 ) ) ;
#1557 = EDGE_CURVE ( 'NONE', #2361, #3425, #3026, .T. ) ;
#1558 = ORIENTED_EDGE ( 'NONE', *, *, #162, .F. ) ;
#1559 = CARTESIAN_POINT ( 'NONE',  ( 17.32865811757009666, 33.66189906600859416, 89.79167898650703705 ) ) ;
#1560 = CARTESIAN_POINT ( 'NONE',  ( -1.949449338866589724E-13, 34.29999999999999716, 188.0000000000000000 ) ) ;
#1561 = ORIENTED_EDGE ( 'NONE', *, *, #5144, .T. ) ;
#1562 = DIRECTION ( 'NONE',  ( 0.000000000000000000, -1.000000000000000000, 0.000000000000000000 ) ) ;
#1563 = FACE_OUTER_BOUND ( 'NONE', #1670, .T. ) ;
#1564 = ORIENTED_EDGE ( 'NONE', *, *, #2900, .F. ) ;
#1565 = LINE ( 'NONE', #6398, #4728 ) ;
#1566 = CARTESIAN_POINT ( 'NONE',  ( 19.52000000000059288, 30.29982358402804010, 36.35000000000000142 ) ) ;
#1567 = ORIENTED_EDGE ( 'NONE', *, *, #5703, .T. ) ;
#1568 = CARTESIAN_POINT ( 'NONE',  ( -17.65717562621414061, 33.49061911815094561, 36.75381449557485780 ) ) ;
#1569 = CARTESIAN_POINT ( 'NONE',  ( -12.45677473852089889, 31.95925915669439021, 117.4999999999998295 ) ) ;
#1570 = CIRCLE ( 'NONE', #2223, 3.000000000000009770 ) ;
#1571 = FACE_OUTER_BOUND ( 'NONE', #2379, .T. ) ;
#1572 = VERTEX_POINT ( 'NONE', #4312 ) ;
#1573 = LINE ( 'NONE', #5820, #372 ) ;
#1574 = EDGE_CURVE ( 'NONE', #1980, #2642, #3708, .T. ) ;
#1575 = PLANE ( 'NONE',  #1040 ) ;
#1576 = ORIENTED_EDGE ( 'NONE', *, *, #1338, .T. ) ;
#1577 = FACE_OUTER_BOUND ( 'NONE', #5049, .T. ) ;
#1578 = EDGE_LOOP ( 'NONE', ( #2681, #3836, #3019, #5412 ) ) ;
#1579 = LINE ( 'NONE', #5826, #4014 ) ;
#1580 = CARTESIAN_POINT ( 'NONE',  ( -14.18546122767056339, 31.22921108843249272, 151.1764865721300737 ) ) ;
#1581 = EDGE_CURVE ( 'NONE', #3155, #1633, #1137, .T. ) ;
#1582 = LINE ( 'NONE', #1095, #588 ) ;
#1583 = DIRECTION ( 'NONE',  ( -0.000000000000000000, 0.000000000000000000, 1.000000000000000000 ) ) ;
#1584 = EDGE_CURVE ( 'NONE', #1462, #2729, #5322, .T. ) ;
#1585 = VECTOR ( 'NONE', #3328, 1000.000000000000000 ) ;
#1586 = EDGE_CURVE ( 'NONE', #526, #897, #6424, .T. ) ;
#1587 = DIRECTION ( 'NONE',  ( 0.000000000000000000, 0.000000000000000000, -1.000000000000000000 ) ) ;
#1588 = DIRECTION ( 'NONE',  ( -0.000000000000000000, -0.000000000000000000, -1.000000000000000000 ) ) ;
#1589 = ORIENTED_EDGE ( 'NONE', *, *, #3237, .T. ) ;
#1590 = CARTESIAN_POINT ( 'NONE',  ( -9.964878277605356161, 36.52536356677821772, 117.4892873663584538 ) ) ;
#1591 = CARTESIAN_POINT ( 'NONE',  ( 3.249999999999998668, -34.29999999999999716, 188.0000000000000000 ) ) ;
#1592 = CIRCLE ( 'NONE', #3812, 1.600000000000004086 ) ;
#1593 = EDGE_CURVE ( 'NONE', #6792, #3416, #58, .T. ) ;
#1594 = VERTEX_POINT ( 'NONE', #4514 ) ;
#1595 = CARTESIAN_POINT ( 'NONE',  ( 7.500011671745327568, -37.10969448707032114, 42.99999999999996447 ) ) ;
#1596 = CIRCLE ( 'NONE', #3261, 34.29999999999999716 ) ;
#1597 = DIRECTION ( 'NONE',  ( 0.000000000000000000, 0.000000000000000000, -1.000000000000000000 ) ) ;
#1598 = ORIENTED_EDGE ( 'NONE', *, *, #1824, .T. ) ;
#1599 = CARTESIAN_POINT ( 'NONE',  ( -7.500011671745328456, -37.10969448707032114, 147.9999999999999716 ) ) ;
#1600 = CARTESIAN_POINT ( 'NONE',  ( 22.33413993554586341, 30.57085774232135122, 33.63973003137478912 ) ) ;
#1601 = EDGE_LOOP ( 'NONE', ( #512, #2904 ) ) ;
#1602 = FACE_OUTER_BOUND ( 'NONE', #6759, .T. ) ;
#1603 = LINE ( 'NONE', #1666, #3525 ) ;
#1604 = CIRCLE ( 'NONE', #6038, 1.699999999999977751 ) ;
#1605 = LINE ( 'NONE', #1640, #4672 ) ;
#1606 = ORIENTED_EDGE ( 'NONE', *, *, #5415, .F. ) ;
#1607 = CIRCLE ( 'NONE', #5053, 1.650000000000017231 ) ;
#1608 = CARTESIAN_POINT ( 'NONE',  ( 19.52000000000059288, 32.43993218241971732, 37.70000000000000284 ) ) ;
#1609 = VERTEX_POINT ( 'NONE', #649 ) ;
#1610 = LINE ( 'NONE', #536, #607 ) ;
#1611 = VECTOR ( 'NONE', #5607, 1000.000000000000000 ) ;
#1612 = EDGE_LOOP ( 'NONE', ( #3862, #2251, #3398, #2507 ) ) ;
#1613 = DIRECTION ( 'NONE',  ( -0.000000000000000000, 0.000000000000000000, 1.000000000000000000 ) ) ;
#1614 = CARTESIAN_POINT ( 'NONE',  ( 9.749957598231265621, -36.58331574958753407, 149.0058267138038559 ) ) ;
#1615 = CARTESIAN_POINT ( 'NONE',  ( 18.80164692323911524, 32.86215026400831363, 37.61846238166542378 ) ) ;
#1616 = AXIS2_PLACEMENT_3D ( 'NONE', #232, #5455, #1732 ) ;
#1617 = EDGE_CURVE ( 'NONE', #5139, #5589, #801, .T. ) ;
#1618 = EDGE_CURVE ( 'NONE', #4262, #3589, #4032, .T. ) ;
#1619 = AXIS2_PLACEMENT_3D ( 'NONE', #1693, #5326, #5421 ) ;
#1620 = AXIS2_PLACEMENT_3D ( 'NONE', #5806, #3158, #1133 ) ;
#1621 = DIRECTION ( 'NONE',  ( 1.000000000000000000, 0.000000000000000000, 0.000000000000000000 ) ) ;
#1622 = CARTESIAN_POINT ( 'NONE',  ( 5.829330599566602267, -33.80101928582860182, 188.0000000000000000 ) ) ;
#1623 = ORIENTED_EDGE ( 'NONE', *, *, #4269, .T. ) ;
#1624 = DIRECTION ( 'NONE',  ( -1.000000000000000000, 0.000000000000000000, 0.000000000000000000 ) ) ;
#1625 = FACE_OUTER_BOUND ( 'NONE', #4482, .T. ) ;
#1626 = AXIS2_PLACEMENT_3D ( 'NONE', #2410, #3355, #2373 ) ;
#1627 = ADVANCED_FACE ( 'NONE', ( #2347 ), #5549, .F. ) ;
#1628 = CIRCLE ( 'NONE', #626, 1.699999999999977751 ) ;
#1629 = VERTEX_POINT ( 'NONE', #2797 ) ;
#1630 = CARTESIAN_POINT ( 'NONE',  ( -19.58841420926938781, 32.40058595659106544, 94.85360056138686957 ) ) ;
#1631 = CIRCLE ( 'NONE', #5517, 1.200000000000000178 ) ;
#1632 = DIRECTION ( 'NONE',  ( 0.000000000000000000, 0.000000000000000000, -1.000000000000000000 ) ) ;
#1633 = VERTEX_POINT ( 'NONE', #2238 ) ;
#1634 = CARTESIAN_POINT ( 'NONE',  ( 13.17857210308857496, 31.66747362246237429, 121.2489571710853795 ) ) ;
#1635 = CARTESIAN_POINT ( 'NONE',  ( 21.26399742293250483, 31.32505876877479523, 37.14828708065889629 ) ) ;
#1636 = VERTEX_POINT ( 'NONE', #1172 ) ;
#1637 = CARTESIAN_POINT ( 'NONE',  ( -20.48063514337641422, 31.84395317525241964, 37.64792859159355487 ) ) ;
#1638 = EDGE_CURVE ( 'NONE', #1083, #5327, #1307, .T. ) ;
#1639 = CARTESIAN_POINT ( 'NONE',  ( -13.92066641800828819, 31.34823434572460599, 118.4719943732711300 ) ) ;
#1640 = CARTESIAN_POINT ( 'NONE',  ( -22.00000000000000000, -29.49982358402804294, 64.00000000000001421 ) ) ;
#1641 = ORIENTED_EDGE ( 'NONE', *, *, #781, .F. ) ;
#1642 = CARTESIAN_POINT ( 'NONE',  ( -18.40024315629796803, 33.08831122494006394, 32.06896714896988954 ) ) ;
#1643 = VERTEX_POINT ( 'NONE', #2836 ) ;
#1644 = PLANE ( 'NONE',  #1505 ) ;
#1645 = VERTEX_POINT ( 'NONE', #3926 ) ;
#1646 = DIRECTION ( 'NONE',  ( -0.000000000000000000, -0.000000000000000000, -1.000000000000000000 ) ) ;
#1647 = DIRECTION ( 'NONE',  ( 0.000000000000000000, 1.000000000000000000, 0.000000000000000000 ) ) ;
#1648 = CARTESIAN_POINT ( 'NONE',  ( 17.78361904225278778, 33.42389039845092924, 37.15383566133573368 ) ) ;
#1649 = DIRECTION ( 'NONE',  ( -0.000000000000000000, 0.000000000000000000, 1.000000000000000000 ) ) ;
#1650 = CARTESIAN_POINT ( 'NONE',  ( 17.50001167174533023, -29.49982358402804294, 38.00000000000003553 ) ) ;
#1651 = ORIENTED_EDGE ( 'NONE', *, *, #491, .F. ) ;
#1652 = DIRECTION ( 'NONE',  ( 0.000000000000000000, 0.000000000000000000, -1.000000000000000000 ) ) ;
#1653 = ADVANCED_FACE ( 'NONE', ( #228 ), #3861, .F. ) ;
#1654 = DIRECTION ( 'NONE',  ( 0.000000000000000000, -1.000000000000000000, 0.000000000000000000 ) ) ;
#1655 = VECTOR ( 'NONE', #1735, 1000.000000000000000 ) ;
#1656 = ORIENTED_EDGE ( 'NONE', *, *, #4302, .F. ) ;
#1657 = CARTESIAN_POINT ( 'NONE',  ( -17.24483201919280972, 33.70529654333425640, 93.37534688759097889 ) ) ;
#1658 = CARTESIAN_POINT ( 'NONE',  ( 7.500011671745328456, -44.49982358402804294, 42.99999999999996447 ) ) ;
#1659 = EDGE_LOOP ( 'NONE', ( #1131, #2543, #6330, #2962 ) ) ;
#1660 = LINE ( 'NONE', #3824, #4174 ) ;
#1661 = CARTESIAN_POINT ( 'NONE',  ( -5.829330599566612037, 33.80101928582860182, 5.000000000000000000 ) ) ;
#1662 = EDGE_CURVE ( 'NONE', #297, #915, #6039, .T. ) ;
#1663 = AXIS2_PLACEMENT_3D ( 'NONE', #6631, #2449, #1998 ) ;
#1664 = ORIENTED_EDGE ( 'NONE', *, *, #1791, .F. ) ;
#1665 = DIRECTION ( 'NONE',  ( -0.000000000000000000, 0.000000000000000000, 1.000000000000000000 ) ) ;
#1666 = CARTESIAN_POINT ( 'NONE',  ( -0.000000000000000000, -30.49982358402804294, 140.0000000000000000 ) ) ;
#1667 = CIRCLE ( 'NONE', #6107, 1.200000000000000178 ) ;
#1668 = CARTESIAN_POINT ( 'NONE',  ( 0.000000000000000000, 29.49982358402804294, 96.49999999999998579 ) ) ;
#1669 = EDGE_CURVE ( 'NONE', #340, #5537, #4918, .T. ) ;
#1670 = EDGE_LOOP ( 'NONE', ( #2837, #912, #5867 ) ) ;
#1671 = CARTESIAN_POINT ( 'NONE',  ( 0.000000000000000000, -29.49982358402804294, 163.0000000000000000 ) ) ;
#1672 = ORIENTED_EDGE ( 'NONE', *, *, #3547, .T. ) ;
#1673 = CARTESIAN_POINT ( 'NONE',  ( -3.250000000000001332, 34.29999999999999716, 0.000000000000000000 ) ) ;
#1674 = CARTESIAN_POINT ( 'NONE',  ( 7.890465925131519676, -37.02915081526514740, 48.98078669152540243 ) ) ;
#1675 = VECTOR ( 'NONE', #691, 1000.000000000000000 ) ;
#1676 = VERTEX_POINT ( 'NONE', #2764 ) ;
#1677 = EDGE_CURVE ( 'NONE', #2786, #3532, #192, .T. ) ;
#1678 = FACE_OUTER_BOUND ( 'NONE', #6795, .T. ) ;
#1679 = CARTESIAN_POINT ( 'NONE',  ( 0.000000000000000000, 0.000000000000000000, 188.0000000000000000 ) ) ;
#1680 = CARTESIAN_POINT ( 'NONE',  ( 16.51910635216797374, 34.06609350038928596, 34.50337046852479261 ) ) ;
#1681 = DIRECTION ( 'NONE',  ( 0.000000000000000000, 0.000000000000000000, -1.000000000000000000 ) ) ;
#1682 = DIRECTION ( 'NONE',  ( -0.000000000000000000, -0.000000000000000000, 1.000000000000000000 ) ) ;
#1683 = EDGE_LOOP ( 'NONE', ( #3443, #4846 ) ) ;
#1684 = LINE ( 'NONE', #2635, #3746 ) ;
#1685 = CARTESIAN_POINT ( 'NONE',  ( 19.51999999999999602, 32.43993218242007259, 88.84999999999999432 ) ) ;
#1686 = AXIS2_PLACEMENT_3D ( 'NONE', #1450, #2972, #296 ) ;
#1687 = ORIENTED_EDGE ( 'NONE', *, *, #5456, .F. ) ;
#1688 = CARTESIAN_POINT ( 'NONE',  ( 0.000000000000000000, -34.49982358402804294, 105.0000000000000000 ) ) ;
#1689 = DIRECTION ( 'NONE',  ( 0.000000000000000000, -1.000000000000000000, 0.000000000000000000 ) ) ;
#1690 = EDGE_LOOP ( 'NONE', ( #2989, #4933 ) ) ;
#1691 = FACE_OUTER_BOUND ( 'NONE', #6859, .T. ) ;
#1692 = CIRCLE ( 'NONE', #4155, 3.000000000000002665 ) ;
#1693 = CARTESIAN_POINT ( 'NONE',  ( 0.000000000000000000, 30.29982358402804010, 0.000000000000000000 ) ) ;
#1694 = ORIENTED_EDGE ( 'NONE', *, *, #5654, .T. ) ;
#1695 = FACE_BOUND ( 'NONE', #992, .T. ) ;
#1696 = CARTESIAN_POINT ( 'NONE',  ( -1.949449338866589724E-13, 34.29999999999999716, 188.0000000000000000 ) ) ;
#1697 = AXIS2_PLACEMENT_3D ( 'NONE', #6159, #1813, #3981 ) ;
#1698 = EDGE_CURVE ( 'NONE', #1468, #4738, #3362, .T. ) ;
#1699 = DIRECTION ( 'NONE',  ( -0.000000000000000000, -0.000000000000000000, -1.000000000000000000 ) ) ;
#1700 = CARTESIAN_POINT ( 'NONE',  ( 0.000000000000000000, -30.49982358402804294, 58.00000000000002132 ) ) ;
#1701 = ORIENTED_EDGE ( 'NONE', *, *, #80, .F. ) ;
#1702 = CARTESIAN_POINT ( 'NONE',  ( -12.20000000000000284, 43.49982358402805005, 119.4999999999998295 ) ) ;
#1703 = VERTEX_POINT ( 'NONE', #3401 ) ;
#1704 = CARTESIAN_POINT ( 'NONE',  ( -16.98412536343293766, 35.29982358402804010, 33.81300362600231324 ) ) ;
#1705 = AXIS2_PLACEMENT_3D ( 'NONE', #5266, #6371, #4195 ) ;
#1706 = CARTESIAN_POINT ( 'NONE',  ( 10.09385412478355626, -36.48981823216623610, 47.52012475005779635 ) ) ;
#1707 = EDGE_CURVE ( 'NONE', #2707, #5161, #3432, .T. ) ;
#1708 = ORIENTED_EDGE ( 'NONE', *, *, #2457, .T. ) ;
#1709 = AXIS2_PLACEMENT_3D ( 'NONE', #4206, #6318, #2967 ) ;
#1710 = CARTESIAN_POINT ( 'NONE',  ( -14.88059411620123029, 34.81314283978775137, 149.5380232130360412 ) ) ;
#1711 = DIRECTION ( 'NONE',  ( 1.000000000000000000, 0.000000000000000000, 0.000000000000000000 ) ) ;
#1712 = CARTESIAN_POINT ( 'NONE',  ( 4.140216108916103366, -32.18385272431964950, 143.0000000000000284 ) ) ;
#1713 = ADVANCED_FACE ( 'NONE', ( #1726 ), #4931, .F. ) ;
#1714 = AXIS2_PLACEMENT_3D ( 'NONE', #4956, #1260, #213 ) ;
#1715 = PLANE ( 'NONE',  #1448 ) ;
#1716 = CIRCLE ( 'NONE', #612, 1.649999999999998579 ) ;
#1717 = CARTESIAN_POINT ( 'NONE',  ( -12.20000000000000284, 33.49982358402804294, 119.4999999999998295 ) ) ;
#1718 = DIRECTION ( 'NONE',  ( 1.000000000000000000, 0.000000000000000000, 0.000000000000000000 ) ) ;
#1719 = ORIENTED_EDGE ( 'NONE', *, *, #2126, .T. ) ;
#1720 = FACE_OUTER_BOUND ( 'NONE', #3773, .T. ) ;
#1721 = CARTESIAN_POINT ( 'NONE',  ( 21.41527081415389233, 31.22171563630807967, 94.18350713192324974 ) ) ;
#1722 = CIRCLE ( 'NONE', #5612, 34.29999999999999716 ) ;
#1723 = CIRCLE ( 'NONE', #3503, 34.29999999999999716 ) ;
#1724 = ORIENTED_EDGE ( 'NONE', *, *, #4608, .T. ) ;
#1725 = CARTESIAN_POINT ( 'NONE',  ( 6.004370996121432213, -37.38120691421378439, 48.60801510129618919 ) ) ;
#1726 = FACE_OUTER_BOUND ( 'NONE', #3445, .T. ) ;
#1727 = VERTEX_POINT ( 'NONE', #4478 ) ;
#1728 = AXIS2_PLACEMENT_3D ( 'NONE', #6291, #3724, #5216 ) ;
#1729 = LINE ( 'NONE', #5905, #2931 ) ;
#1730 = DIRECTION ( 'NONE',  ( 0.000000000000000000, 0.000000000000000000, 1.000000000000000000 ) ) ;
#1731 = VERTEX_POINT ( 'NONE', #3893 ) ;
#1732 = DIRECTION ( 'NONE',  ( -1.000000000000000000, 0.000000000000000000, 0.000000000000000000 ) ) ;
#1733 = LINE ( 'NONE', #4938, #855 ) ;
#1734 = CIRCLE ( 'NONE', #3963, 3.000000000000002665 ) ;
#1735 = DIRECTION ( 'NONE',  ( -0.000000000000000000, -0.000000000000000000, -1.000000000000000000 ) ) ;
#1736 = CARTESIAN_POINT ( 'NONE',  ( -22.00000000000000000, -29.49982358402804294, 64.00000000000001421 ) ) ;
#1737 = ORIENTED_EDGE ( 'NONE', *, *, #4991, .T. ) ;
#1738 = CARTESIAN_POINT ( 'NONE',  ( 4.450000000000000178, 34.29999999999999716, 0.000000000000000000 ) ) ;
#1739 = ORIENTED_EDGE ( 'NONE', *, *, #3736, .F. ) ;
#1740 = CARTESIAN_POINT ( 'NONE',  ( -5.829330599566612037, 33.80101928582860182, 25.00000000000000000 ) ) ;
#1741 = VECTOR ( 'NONE', #3495, 1000.000000000000000 ) ;
#1742 = ADVANCED_FACE ( 'NONE', ( #6004, #5482 ), #1239, .F. ) ;
#1743 = DIRECTION ( 'NONE',  ( 0.000000000000000000, 0.000000000000000000, 1.000000000000000000 ) ) ;
#1744 = EDGE_CURVE ( 'NONE', #409, #2762, #754, .T. ) ;
#1745 = ORIENTED_EDGE ( 'NONE', *, *, #4295, .T. ) ;
#1746 = CARTESIAN_POINT ( 'NONE',  ( 14.20048006593463796, 31.22236964387566971, 151.1679022048925276 ) ) ;
#1747 = DIRECTION ( 'NONE',  ( 1.000000000000000000, 0.000000000000000000, 0.000000000000000000 ) ) ;
#1748 = DIRECTION ( 'NONE',  ( 0.7071067811865416886, 0.7071067811865532349, 0.000000000000000000 ) ) ;
#1749 = EDGE_CURVE ( 'NONE', #1242, #5634, #6073, .T. ) ;
#1750 = ORIENTED_EDGE ( 'NONE', *, *, #5239, .T. ) ;
#1751 = FACE_OUTER_BOUND ( 'NONE', #3342, .T. ) ;
#1752 = EDGE_CURVE ( 'NONE', #5036, #6688, #3822, .T. ) ;
#1753 = CARTESIAN_POINT ( 'NONE',  ( 19.51999999999999602, 27.79982358402804365, 93.50000000000000000 ) ) ;
#1754 = DIRECTION ( 'NONE',  ( 0.000000000000000000, 0.000000000000000000, 1.000000000000000000 ) ) ;
#1755 = VERTEX_POINT ( 'NONE', #442 ) ;
#1756 = CARTESIAN_POINT ( 'NONE',  ( -10.18788375562216686, -36.46358420957070479, 44.65302156820256840 ) ) ;
#1757 = CARTESIAN_POINT ( 'NONE',  ( 22.16022385764400937, 30.69715993933151665, 90.41028684637298340 ) ) ;
#1758 = VERTEX_POINT ( 'NONE', #927 ) ;
#1759 = FACE_BOUND ( 'NONE', #861, .T. ) ;
#1760 = ADVANCED_FACE ( 'NONE', ( #5213 ), #2450, .F. ) ;
#1761 = CARTESIAN_POINT ( 'NONE',  ( -7.500011671745328456, -39.49982358402804294, 47.59999999999996589 ) ) ;
#1762 = VERTEX_POINT ( 'NONE', #2489 ) ;
#1763 = CARTESIAN_POINT ( 'NONE',  ( 0.000000000000000000, 0.000000000000000000, 163.0000000000000000 ) ) ;
#1764 = DIRECTION ( 'NONE',  ( -0.000000000000000000, 0.000000000000000000, 1.000000000000000000 ) ) ;
#1765 = EDGE_LOOP ( 'NONE', ( #6344, #5093 ) ) ;
#1766 = CARTESIAN_POINT ( 'NONE',  ( 10.26873184982040677, 32.72680804369167618, 120.0370182596010409 ) ) ;
#1767 = DIRECTION ( 'NONE',  ( -1.000000000000000000, 0.000000000000000000, 0.000000000000000000 ) ) ;
#1768 = CARTESIAN_POINT ( 'NONE',  ( 3.250000000000000000, 34.29999999999999716, 188.0000000000000000 ) ) ;
#1769 = EDGE_CURVE ( 'NONE', #4242, #3520, #26, .T. ) ;
#1770 = DIRECTION ( 'NONE',  ( -0.000000000000000000, -0.000000000000000000, -1.000000000000000000 ) ) ;
#1771 = VERTEX_POINT ( 'NONE', #5100 ) ;
#1772 = CARTESIAN_POINT ( 'NONE',  ( 5.250554390501468660, -37.49441335582042711, 149.0054438502901064 ) ) ;
#1773 = EDGE_LOOP ( 'NONE', ( #4128, #2348, #3919, #5636 ) ) ;
#1774 = CARTESIAN_POINT ( 'NONE',  ( -16.98412536343293766, 30.29982358402804010, 35.58699637399769244 ) ) ;
#1775 = FACE_OUTER_BOUND ( 'NONE', #1965, .T. ) ;
#1776 = CIRCLE ( 'NONE', #2556, 1.599999999999997202 ) ;
#1777 = EDGE_LOOP ( 'NONE', ( #1496, #6074, #2881, #1672 ) ) ;
#1778 = EDGE_CURVE ( 'NONE', #4812, #3246, #6248, .T. ) ;
#1779 = EDGE_LOOP ( 'NONE', ( #2669, #4164, #4732, #2782 ) ) ;
#1780 = CARTESIAN_POINT ( 'NONE',  ( -14.43156057564151062, 35.00189086345609724, 148.8855431710026949 ) ) ;
#1781 = CARTESIAN_POINT ( 'NONE',  ( 12.19999999999999751, 35.84047432721857263, 122.5000000000000000 ) ) ;
#1782 = DIRECTION ( 'NONE',  ( 1.000000000000000000, 0.000000000000000000, 0.000000000000000000 ) ) ;
#1783 = ADVANCED_FACE ( 'NONE', ( #4621 ), #4660, .F. ) ;
#1784 = ORIENTED_EDGE ( 'NONE', *, *, #5023, .T. ) ;
#1785 = CYLINDRICAL_SURFACE ( 'NONE', #4449, 3.000000000000009770 ) ;
#1786 = DIRECTION ( 'NONE',  ( -0.7071067811865552333, 0.7071067811865398012, 0.000000000000000000 ) ) ;
#1787 = DIRECTION ( 'NONE',  ( -1.000000000000000000, 0.000000000000000000, 0.000000000000000000 ) ) ;
#1788 = EDGE_LOOP ( 'NONE', ( #6203, #5610, #6179, #2451 ) ) ;
#1789 = CARTESIAN_POINT ( 'NONE',  ( -9.873363871829088367, -36.55009432985137607, 44.15446990589339293 ) ) ;
#1790 = CARTESIAN_POINT ( 'NONE',  ( 21.40534392041474021, 31.22851888015750532, 89.50858651476612238 ) ) ;
#1791 = EDGE_CURVE ( 'NONE', #6108, #564, #4889, .T. ) ;
#1792 = ORIENTED_EDGE ( 'NONE', *, *, #2038, .F. ) ;
#1793 = DIRECTION ( 'NONE',  ( 0.000000000000000000, 0.000000000000000000, 1.000000000000000000 ) ) ;
#1794 = DIRECTION ( 'NONE',  ( -0.000000000000000000, 0.000000000000000000, 1.000000000000000000 ) ) ;
#1795 = ORIENTED_EDGE ( 'NONE', *, *, #3491, .T. ) ;
#1796 = DIRECTION ( 'NONE',  ( 1.000000000000000000, 0.000000000000000000, 0.000000000000000000 ) ) ;
#1797 = ORIENTED_EDGE ( 'NONE', *, *, #4057, .F. ) ;
#1798 = FACE_OUTER_BOUND ( 'NONE', #5015, .T. ) ;
#1799 = LINE ( 'NONE', #3409, #4409 ) ;
#1800 = EDGE_CURVE ( 'NONE', #4738, #3213, #6467, .T. ) ;
#1801 = PLANE ( 'NONE',  #4791 ) ;
#1802 = VECTOR ( 'NONE', #3129, 1000.000000000000000 ) ;
#1803 = DIRECTION ( 'NONE',  ( 0.000000000000000000, 1.000000000000000000, 0.000000000000000000 ) ) ;
#1804 = VERTEX_POINT ( 'NONE', #1964 ) ;
#1805 = CARTESIAN_POINT ( 'NONE',  ( -4.140216108916099813, -32.18385272431964950, 58.00000000000002132 ) ) ;
#1806 = ORIENTED_EDGE ( 'NONE', *, *, #1363, .T. ) ;
#1807 = CARTESIAN_POINT ( 'NONE',  ( 0.000000000000000000, 0.000000000000000000, 140.0000000000000000 ) ) ;
#1808 = DIRECTION ( 'NONE',  ( 0.000000000000000000, 0.000000000000000000, 1.000000000000000000 ) ) ;
#1809 = AXIS2_PLACEMENT_3D ( 'NONE', #4506, #359, #5577 ) ;
#1810 = ORIENTED_EDGE ( 'NONE', *, *, #6459, .T. ) ;
#1811 = AXIS2_PLACEMENT_3D ( 'NONE', #1679, #106, #3384 ) ;
#1812 = CARTESIAN_POINT ( 'NONE',  ( -12.58580670791471157, 35.70738633278232044, 147.9186764505610370 ) ) ;
#1813 = DIRECTION ( 'NONE',  ( 0.000000000000000000, 1.000000000000000000, 0.000000000000000000 ) ) ;
#1814 = CARTESIAN_POINT ( 'NONE',  ( -16.98412536343293766, 27.79982358402804365, 96.00000000000000000 ) ) ;
#1815 = CIRCLE ( 'NONE', #6376, 1.599999999999997202 ) ;
#1816 = ORIENTED_EDGE ( 'NONE', *, *, #4269, .F. ) ;
#1817 = CARTESIAN_POINT ( 'NONE',  ( 7.500011671745328456, -39.49982358402804294, 45.99999999999997158 ) ) ;
#1818 = CARTESIAN_POINT ( 'NONE',  ( -12.20000000000011120, 32.05698051906943391, 148.8999999999997783 ) ) ;
#1819 = CARTESIAN_POINT ( 'NONE',  ( -3.265987202574514914, 33.64183894487069892, 188.0000000000000000 ) ) ;
#1820 = AXIS2_PLACEMENT_3D ( 'NONE', #4386, #2324, #694 ) ;
#1821 = PLANE ( 'NONE',  #4515 ) ;
#1822 = CARTESIAN_POINT ( 'NONE',  ( 3.265987202574514914, 33.64183894487069892, 0.000000000000000000 ) ) ;
#1823 = ADVANCED_FACE ( 'NONE', ( #6698 ), #4067, .F. ) ;
#1824 = EDGE_CURVE ( 'NONE', #5047, #5180, #365, .T. ) ;
#1825 = VECTOR ( 'NONE', #5092, 1000.000000000000114 ) ;
#1826 = CARTESIAN_POINT ( 'NONE',  ( 4.597744587136985750, -37.57980675232368384, 45.21536489448471485 ) ) ;
#1827 = DIRECTION ( 'NONE',  ( -0.000000000000000000, -0.000000000000000000, -1.000000000000000000 ) ) ;
#1828 = EDGE_CURVE ( 'NONE', #6787, #4529, #4796, .T. ) ;
#1829 = ORIENTED_EDGE ( 'NONE', *, *, #6132, .F. ) ;
#1830 = CARTESIAN_POINT ( 'NONE',  ( -5.680244029124893679, -37.43182559806163567, 43.60697478359838897 ) ) ;
#1831 = ORIENTED_EDGE ( 'NONE', *, *, #947, .T. ) ;
#1832 = DIRECTION ( 'NONE',  ( -0.000000000000000000, 0.000000000000000000, 1.000000000000000000 ) ) ;
#1833 = CIRCLE ( 'NONE', #394, 1.599999999999997202 ) ;
#1834 = CARTESIAN_POINT ( 'NONE',  ( 23.00000000000000000, 27.79982358402804365, 30.40000000000000924 ) ) ;
#1835 = FACE_OUTER_BOUND ( 'NONE', #4443, .T. ) ;
#1836 = LINE ( 'NONE', #6048, #1675 ) ;
#1837 = ADVANCED_FACE ( 'NONE', ( #4272 ), #3120, .F. ) ;
#1838 = VERTEX_POINT ( 'NONE', #3655 ) ;
#1839 = CARTESIAN_POINT ( 'NONE',  ( 4.499531502626519242, -37.59167216941681744, 151.3939842693602316 ) ) ;
#1840 = VERTEX_POINT ( 'NONE', #6386 ) ;
#1841 = DIRECTION ( 'NONE',  ( -1.000000000000000000, 0.000000000000000000, 0.000000000000000000 ) ) ;
#1842 = CARTESIAN_POINT ( 'NONE',  ( 7.500011671745328456, -34.49982358402804294, 150.9999999999999716 ) ) ;
#1843 = AXIS2_PLACEMENT_3D ( 'NONE', #3816, #3256, #1652 ) ;
#1844 = VERTEX_POINT ( 'NONE', #6808 ) ;
#1845 = CIRCLE ( 'NONE', #4967, 3.000000000000009770 ) ;
#1846 = CARTESIAN_POINT ( 'NONE',  ( 12.70656520172507697, 31.86062111651014206, 148.9483156300119902 ) ) ;
#1847 = PLANE ( 'NONE',  #4268 ) ;
#1848 = CARTESIAN_POINT ( 'NONE',  ( 17.32865811757070773, 33.66189906600828152, 32.64167898650705979 ) ) ;
#1849 = ORIENTED_EDGE ( 'NONE', *, *, #4700, .F. ) ;
#1850 = DIRECTION ( 'NONE',  ( -0.000000000000000000, -0.000000000000000000, -1.000000000000000000 ) ) ;
#1851 = DIRECTION ( 'NONE',  ( -0.7071067811865398012, -0.7071067811865552333, 0.000000000000000000 ) ) ;
#1852 = DIRECTION ( 'NONE',  ( -1.000000000000000000, 0.000000000000000000, 0.000000000000000000 ) ) ;
#1853 = CARTESIAN_POINT ( 'NONE',  ( 13.98584434313094604, 13.98584434313071689, 188.0000000000000000 ) ) ;
#1854 = DIRECTION ( 'NONE',  ( -0.000000000000000000, -0.000000000000000000, -1.000000000000000000 ) ) ;
#1855 = CARTESIAN_POINT ( 'NONE',  ( -1.949449338866589724E-13, 34.29999999999999716, 0.000000000000000000 ) ) ;
#1856 = ADVANCED_FACE ( 'NONE', ( #3221 ), #5376, .F. ) ;
#1857 = CARTESIAN_POINT ( 'NONE',  ( 10.90409415567158824, 32.52077003951129797, 152.4289250260734150 ) ) ;
#1858 = MANIFOLD_SOLID_BREP ( 'Boss-Extrude3', #208 ) ;
#1859 = VERTEX_POINT ( 'NONE', #3190 ) ;
#1860 = CARTESIAN_POINT ( 'NONE',  ( -5.123145995605447922, -37.51193699491097533, 47.84109293723592771 ) ) ;
#1861 = ORIENTED_EDGE ( 'NONE', *, *, #2550, .T. ) ;
#1862 = CARTESIAN_POINT ( 'NONE',  ( -10.72802433287930945, 36.30864665672854841, 148.2787471491901670 ) ) ;
#1863 = FACE_BOUND ( 'NONE', #9, .T. ) ;
#1864 = CARTESIAN_POINT ( 'NONE',  ( 14.14943829973744549, 35.11689329691017747, 153.1887467676832273 ) ) ;
#1865 = FACE_OUTER_BOUND ( 'NONE', #6525, .T. ) ;
#1866 = ADVANCED_FACE ( 'NONE', ( #1525 ), #5768, .F. ) ;
#1867 = DIRECTION ( 'NONE',  ( -0.000000000000000000, 0.000000000000000000, 1.000000000000000000 ) ) ;
#1868 = ORIENTED_EDGE ( 'NONE', *, *, #2733, .T. ) ;
#1869 = CARTESIAN_POINT ( 'NONE',  ( 14.12971570005613664, 31.25447274687933330, 118.9572224779038550 ) ) ;
#1870 = VERTEX_POINT ( 'NONE', #6288 ) ;
#1871 = CARTESIAN_POINT ( 'NONE',  ( -5.829330599566600490, -33.80101928582859472, 58.00000000000002132 ) ) ;
#1872 = DIRECTION ( 'NONE',  ( -0.000000000000000000, 0.000000000000000000, 1.000000000000000000 ) ) ;
#1873 = EDGE_CURVE ( 'NONE', #6723, #4923, #1002, .T. ) ;
#1874 = ORIENTED_EDGE ( 'NONE', *, *, #2160, .F. ) ;
#1875 = CARTESIAN_POINT ( 'NONE',  ( -7.500011671745328456, -29.49982358402804294, 45.99999999999997158 ) ) ;
#1876 = DIRECTION ( 'NONE',  ( 0.000000000000000000, 0.000000000000000000, 1.000000000000000000 ) ) ;
#1877 = FACE_OUTER_BOUND ( 'NONE', #804, .T. ) ;
#1878 = CIRCLE ( 'NONE', #5552, 1.599999999999990319 ) ;
#1879 = EDGE_CURVE ( 'NONE', #4571, #3377, #241, .T. ) ;
#1880 = ORIENTED_EDGE ( 'NONE', *, *, #3195, .T. ) ;
#1881 = VECTOR ( 'NONE', #2069, 1000.000000000000000 ) ;
#1882 = FACE_BOUND ( 'NONE', #5386, .T. ) ;
#1883 = DIRECTION ( 'NONE',  ( -0.000000000000000000, 0.000000000000000000, 1.000000000000000000 ) ) ;
#1884 = DIRECTION ( 'NONE',  ( 0.000000000000000000, 0.000000000000000000, -1.000000000000000000 ) ) ;
#1885 = CARTESIAN_POINT ( 'NONE',  ( 16.98412536343293766, 27.79982358402804365, 30.40000000000000924 ) ) ;
#1886 = CARTESIAN_POINT ( 'NONE',  ( -7.887768586792711645, -37.02973495072986765, 43.01874535263546306 ) ) ;
#1887 = DIRECTION ( 'NONE',  ( 0.000000000000000000, -1.000000000000000000, 0.000000000000000000 ) ) ;
#1888 = CARTESIAN_POINT ( 'NONE',  ( -23.00000000000000000, 27.79982358402804365, 30.40000000000000924 ) ) ;
#1889 = DIRECTION ( 'NONE',  ( 0.000000000000000000, 1.000000000000000000, 0.000000000000000000 ) ) ;
#1890 = VERTEX_POINT ( 'NONE', #1622 ) ;
#1891 = CARTESIAN_POINT ( 'NONE',  ( 19.51999999999999602, 32.43993218242007970, 94.85000000000000853 ) ) ;
#1892 = ORIENTED_EDGE ( 'NONE', *, *, #5485, .F. ) ;
#1893 = CARTESIAN_POINT ( 'NONE',  ( -9.299832711562084242, 36.70006006148517486, 151.6933428382441491 ) ) ;
#1894 = CARTESIAN_POINT ( 'NONE',  ( -12.20000000000000284, 30.49982358402804294, 117.4999999999998295 ) ) ;
#1895 = FACE_OUTER_BOUND ( 'NONE', #4701, .T. ) ;
#1896 = CARTESIAN_POINT ( 'NONE',  ( -3.250000000000000000, -34.29999999999999716, 188.0000000000000000 ) ) ;
#1897 = CARTESIAN_POINT ( 'NONE',  ( 12.19999999999999574, 35.84047432721856552, 116.4999999999999858 ) ) ;
#1898 = ORIENTED_EDGE ( 'NONE', *, *, #6548, .T. ) ;
#1899 = DIRECTION ( 'NONE',  ( -1.000000000000000000, 0.000000000000000000, 0.000000000000000000 ) ) ;
#1900 = ORIENTED_EDGE ( 'NONE', *, *, #539, .F. ) ;
#1901 = DIRECTION ( 'NONE',  ( 1.000000000000000000, 0.000000000000000000, 0.000000000000000000 ) ) ;
#1902 = DIRECTION ( 'NONE',  ( 0.000000000000000000, 0.000000000000000000, -1.000000000000000000 ) ) ;
#1903 = EDGE_CURVE ( 'NONE', #354, #878, #5027, .T. ) ;
#1904 = AXIS2_PLACEMENT_3D ( 'NONE', #3616, #1889, #6137 ) ;
#1905 = ORIENTED_EDGE ( 'NONE', *, *, #3597, .T. ) ;
#1906 = ORIENTED_EDGE ( 'NONE', *, *, #1037, .T. ) ;
#1907 = CARTESIAN_POINT ( 'NONE',  ( 0.000000000000000000, 0.000000000000000000, 188.0000000000000000 ) ) ;
#1908 = DIRECTION ( 'NONE',  ( 0.000000000000000000, 1.000000000000000000, -0.000000000000000000 ) ) ;
#1909 = VERTEX_POINT ( 'NONE', #2170 ) ;
#1910 = CARTESIAN_POINT ( 'NONE',  ( -4.450000000000001066, 34.29999999999999716, 5.000000000000000000 ) ) ;
#1911 = EDGE_CURVE ( 'NONE', #5180, #5451, #4150, .T. ) ;
#1912 = AXIS2_PLACEMENT_3D ( 'NONE', #4888, #3885, #1787 ) ;
#1913 = ORIENTED_EDGE ( 'NONE', *, *, #4665, .T. ) ;
#1914 = CIRCLE ( 'NONE', #6033, 1.650000000000017231 ) ;
#1915 = ORIENTED_EDGE ( 'NONE', *, *, #4137, .F. ) ;
#1916 = DIRECTION ( 'NONE',  ( 0.000000000000000000, 0.000000000000000000, 1.000000000000000000 ) ) ;
#1917 = DIRECTION ( 'NONE',  ( 1.000000000000000000, 0.000000000000000000, 0.000000000000000000 ) ) ;
#1918 = CARTESIAN_POINT ( 'NONE',  ( 9.315805153825598595, -36.69636646082793874, 153.3959711251793010 ) ) ;
#1919 = CARTESIAN_POINT ( 'NONE',  ( -11.69754073753344770, 32.24399390276810351, 121.4400051745801505 ) ) ;
#1920 = EDGE_CURVE ( 'NONE', #4599, #366, #3687, .T. ) ;
#1921 = CALENDAR_DATE ( 2026, 22, 6 ) ;
#1922 = CARTESIAN_POINT ( 'NONE',  ( -5.829330599566602267, 0.000000000000000000, 25.00000000000000000 ) ) ;
#1923 = VECTOR ( 'NONE', #2683, 1000.000000000000000 ) ;
#1924 = DIRECTION ( 'NONE',  ( -1.000000000000000000, 0.000000000000000000, 0.000000000000000000 ) ) ;
#1925 = VECTOR ( 'NONE', #1139, 1000.000000000000000 ) ;
#1926 = CARTESIAN_POINT ( 'NONE',  ( 10.30644399781013654, 32.71498552970830076, 150.2422231333526383 ) ) ;
#1927 = EDGE_LOOP ( 'NONE', ( #1426, #1708 ) ) ;
#1928 = CARTESIAN_POINT ( 'NONE',  ( 17.19446571849520922, 33.73050845328440772, 89.94404399592721688 ) ) ;
#1929 = VERTEX_POINT ( 'NONE', #1032 ) ;
#1930 = CYLINDRICAL_SURFACE ( 'NONE', #3959, 34.29999999999999716 ) ;
#1931 = FACE_BOUND ( 'NONE', #4601, .T. ) ;
#1932 = VECTOR ( 'NONE', #5858, 1000.000000000000000 ) ;
#1933 = CARTESIAN_POINT ( 'NONE',  ( -19.10996091828712196, 32.68358471750199357, 88.93880132253765680 ) ) ;
#1934 = CARTESIAN_POINT ( 'NONE',  ( -5.527951126532543391, -37.45452745456761789, 148.7305532908240480 ) ) ;
#1935 = CARTESIAN_POINT ( 'NONE',  ( 10.39583446715705861, 36.40515529869173861, 148.4951556724526540 ) ) ;
#1936 = ORIENTED_EDGE ( 'NONE', *, *, #6826, .F. ) ;
#1937 = AXIS2_PLACEMENT_3D ( 'NONE', #2952, #944, #2986 ) ;
#1938 = DIRECTION ( 'NONE',  ( -0.000000000000000000, -1.000000000000000000, -0.000000000000000000 ) ) ;
#1939 = ORIENTED_EDGE ( 'NONE', *, *, #5143, .F. ) ;
#1940 = FACE_BOUND ( 'NONE', #5287, .T. ) ;
#1941 = DIRECTION ( 'NONE',  ( 1.000000000000000000, 0.000000000000000000, 0.000000000000000000 ) ) ;
#1942 = AXIS2_PLACEMENT_3D ( 'NONE', #4635, #378, #6751 ) ;
#1943 = CIRCLE ( 'NONE', #4192, 1.199999999999999734 ) ;
#1944 = ORIENTED_EDGE ( 'NONE', *, *, #3464, .F. ) ;
#1945 = ORIENTED_EDGE ( 'NONE', *, *, #4223, .F. ) ;
#1946 = CARTESIAN_POINT ( 'NONE',  ( -2.049999999999999822, -34.29999999999999716, 183.0000000000000000 ) ) ;
#1947 = EDGE_CURVE ( 'NONE', #3854, #4226, #2022, .T. ) ;
#1948 = DIRECTION ( 'NONE',  ( -1.000000000000000000, 0.000000000000000000, 0.000000000000000000 ) ) ;
#1949 = EDGE_CURVE ( 'NONE', #1248, #1859, #511, .T. ) ;
#1950 = ORIENTED_EDGE ( 'NONE', *, *, #2695, .F. ) ;
#1951 = LINE ( 'NONE', #4092, #150 ) ;
#1952 = ORIENTED_EDGE ( 'NONE', *, *, #1920, .F. ) ;
#1953 = EDGE_LOOP ( 'NONE', ( #92, #5530, #2718, #3191 ) ) ;
#1954 = CYLINDRICAL_SURFACE ( 'NONE', #4683, 1.600000000000004086 ) ;
#1955 = DIRECTION ( 'NONE',  ( 0.000000000000000000, -0.000000000000000000, -1.000000000000000000 ) ) ;
#1956 = EDGE_CURVE ( 'NONE', #5195, #6787, #1069, .T. ) ;
#1957 = DIRECTION ( 'NONE',  ( 0.000000000000000000, -1.000000000000000000, 0.000000000000000000 ) ) ;
#1958 = CARTESIAN_POINT ( 'NONE',  ( 0.000000000000000000, 0.000000000000000000, 5.000000000000000000 ) ) ;
#1959 = DATE_AND_TIME ( #3574, #5508 ) ;
#1960 = CARTESIAN_POINT ( 'NONE',  ( 5.829330599566593385, -32.18385272431964950, 58.00000000000002132 ) ) ;
#1961 = CIRCLE ( 'NONE', #5861, 1.699999999999977529 ) ;
#1962 = EDGE_CURVE ( 'NONE', #991, #4529, #4240, .T. ) ;
#1963 = CARTESIAN_POINT ( 'NONE',  ( 12.58605257482721917, 35.70729383841866422, 122.4812269510362057 ) ) ;
#1964 = CARTESIAN_POINT ( 'NONE',  ( 4.468068730591642890, 32.43975741685359537, 5.000000000000000000 ) ) ;
#1965 = EDGE_LOOP ( 'NONE', ( #4183, #2477, #1509, #4332 ) ) ;
#1966 = CARTESIAN_POINT ( 'NONE',  ( 17.50001167174533023, 29.49982358402804294, 96.00000000000000000 ) ) ;
#1967 = VERTEX_POINT ( 'NONE', #3720 ) ;
#1968 = DIRECTION ( 'NONE',  ( -0.000000000000000000, -0.000000000000000000, -1.000000000000000000 ) ) ;
#1969 = DIRECTION ( 'NONE',  ( -0.000000000000000000, -1.000000000000000000, -0.000000000000000000 ) ) ;
#1970 = EDGE_CURVE ( 'NONE', #3598, #5723, #2474, .T. ) ;
#1971 = CARTESIAN_POINT ( 'NONE',  ( -17.88107766555251033, 33.37160316450830067, 89.58078400519300999 ) ) ;
#1972 = CARTESIAN_POINT ( 'NONE',  ( 22.00000000000000000, -29.49982358402804294, 64.00000000000001421 ) ) ;
#1973 = DIRECTION ( 'NONE',  ( -0.000000000000000000, 0.000000000000000000, 1.000000000000000000 ) ) ;
#1974 = VERTEX_POINT ( 'NONE', #5345 ) ;
#1975 = CARTESIAN_POINT ( 'NONE',  ( 5.123008384192294429, -37.51195525133549324, 149.1591199446586984 ) ) ;
#1976 = DIRECTION ( 'NONE',  ( -0.000000000000000000, -1.000000000000000000, -0.000000000000000000 ) ) ;
#1977 = VERTEX_POINT ( 'NONE', #574 ) ;
#1978 = DIRECTION ( 'NONE',  ( -0.000000000000000000, 0.000000000000000000, 1.000000000000000000 ) ) ;
#1979 = CARTESIAN_POINT ( 'NONE',  ( -5.829330599566617366, -3.002405480509428066E-15, 143.0000000000000284 ) ) ;
#1980 = VERTEX_POINT ( 'NONE', #2694 ) ;
#1981 = ORIENTED_EDGE ( 'NONE', *, *, #5918, .F. ) ;
#1982 = DIRECTION ( 'NONE',  ( -0.7071067811865416886, 0.7071067811865532349, 0.000000000000000000 ) ) ;
#1983 = FACE_OUTER_BOUND ( 'NONE', #2016, .T. ) ;
#1984 = EDGE_LOOP ( 'NONE', ( #3095, #4278, #1218, #6749 ) ) ;
#1985 = DIRECTION ( 'NONE',  ( 0.000000000000000000, 0.000000000000000000, -1.000000000000000000 ) ) ;
#1986 = EDGE_CURVE ( 'NONE', #6541, #3073, #248, .T. ) ;
#1987 = ORIENTED_EDGE ( 'NONE', *, *, #5068, .T. ) ;
#1988 = VERTEX_POINT ( 'NONE', #1650 ) ;
#1989 = CARTESIAN_POINT ( 'NONE',  ( -7.500011671745328456, -39.49982358402804294, 152.5999999999999659 ) ) ;
#1990 = CARTESIAN_POINT ( 'NONE',  ( -14.55411270533147317, 34.95100095874712309, 121.3702184509968873 ) ) ;
#1991 = CARTESIAN_POINT ( 'NONE',  ( -5.829330599566598714, -33.80101928582859472, 183.0000000000000000 ) ) ;
#1992 = VECTOR ( 'NONE', #6221, 1000.000000000000000 ) ;
#1993 = CARTESIAN_POINT ( 'NONE',  ( -10.30883830800518552, 32.71423061786805420, 118.8356921005345583 ) ) ;
#1994 = COORDINATED_UNIVERSAL_TIME_OFFSET ( 10, 0, .AHEAD. ) ;
#1995 = CARTESIAN_POINT ( 'NONE',  ( 8.991434884447874865, -36.77718906890731887, 48.61025676952864671 ) ) ;
#1996 = EDGE_CURVE ( 'NONE', #4784, #3795, #2360, .T. ) ;
#1997 = VECTOR ( 'NONE', #1649, 1000.000000000000000 ) ;
#1998 = DIRECTION ( 'NONE',  ( 1.000000000000000000, 0.000000000000000000, 0.000000000000000000 ) ) ;
#1999 = CARTESIAN_POINT ( 'NONE',  ( 10.26669301251421018, 32.72744714478989891, 150.3705563330166228 ) ) ;
#2000 = ORIENTED_EDGE ( 'NONE', *, *, #2052, .T. ) ;
#2001 = DIRECTION ( 'NONE',  ( -0.000000000000000000, -0.000000000000000000, -1.000000000000000000 ) ) ;
#2002 = VECTOR ( 'NONE', #3661, 1000.000000000000000 ) ;
#2003 = VERTEX_POINT ( 'NONE', #4438 ) ;
#2004 = DIRECTION ( 'NONE',  ( -0.000000000000000000, -0.000000000000000000, -1.000000000000000000 ) ) ;
#2005 = EDGE_CURVE ( 'NONE', #1377, #115, #1140, .T. ) ;
#2006 = CARTESIAN_POINT ( 'NONE',  ( 12.19999999999988738, 35.84047432721860815, 153.8999999999999488 ) ) ;
#2007 = CARTESIAN_POINT ( 'NONE',  ( -4.902022463899057492, -37.54147330308026653, 152.5131310987043776 ) ) ;
#2008 = CARTESIAN_POINT ( 'NONE',  ( 10.89764946371553833, 36.25818013851556998, 148.1905921036568259 ) ) ;
#2009 = VERTEX_POINT ( 'NONE', #5965 ) ;
#2010 = CARTESIAN_POINT ( 'NONE',  ( 12.45555375391223940, 31.95883535201119585, 121.4876705040544920 ) ) ;
#2011 = CARTESIAN_POINT ( 'NONE',  ( 3.249999999999998668, -34.29999999999999716, 5.000000000000004441 ) ) ;
#2012 = VERTEX_POINT ( 'NONE', #6484 ) ;
#2013 = CARTESIAN_POINT ( 'NONE',  ( 13.98584434313093361, -13.98584434313062808, 163.0000000000000000 ) ) ;
#2014 = ADVANCED_FACE ( 'NONE', ( #1164 ), #2757, .T. ) ;
#2015 = CARTESIAN_POINT ( 'NONE',  ( -4.450000000000000178, -34.29999999999999716, 0.000000000000000000 ) ) ;
#2016 = EDGE_LOOP ( 'NONE', ( #351, #6643, #243, #2856, #5202, #455, #755, #5849 ) ) ;
#2017 = VERTEX_POINT ( 'NONE', #5928 ) ;
#2018 = DIRECTION ( 'NONE',  ( -0.000000000000000000, -0.000000000000000000, -1.000000000000000000 ) ) ;
#2019 = LINE ( 'NONE', #1508, #2478 ) ;
#2020 = ORIENTED_EDGE ( 'NONE', *, *, #6001, .T. ) ;
#2021 = DIRECTION ( 'NONE',  ( 0.000000000000000000, 0.000000000000000000, -1.000000000000000000 ) ) ;
#2022 = CIRCLE ( 'NONE', #5912, 34.29999999999999716 ) ;
#2023 = EDGE_LOOP ( 'NONE', ( #4197, #3162, #2603, #2517 ) ) ;
#2024 = ORIENTED_EDGE ( 'NONE', *, *, #1414, .T. ) ;
#2025 = CARTESIAN_POINT ( 'NONE',  ( 12.19999999999988738, 43.49982358402805005, 150.8999999999999488 ) ) ;
#2026 = AXIS2_PLACEMENT_3D ( 'NONE', #6523, #2789, #2341 ) ;
#2027 = CARTESIAN_POINT ( 'NONE',  ( -13.98584434313094782, -13.98584434313071867, 58.00000000000002132 ) ) ;
#2028 = DIRECTION ( 'NONE',  ( -1.000000000000000000, -0.000000000000000000, 0.000000000000000000 ) ) ;
#2029 = FACE_BOUND ( 'NONE', #1021, .T. ) ;
#2030 = PERSON_AND_ORGANIZATION_ROLE ( 'creator' ) ;
#2031 = CARTESIAN_POINT ( 'NONE',  ( -22.43275175418798995, 30.49936466288769310, 90.28919036877306326 ) ) ;
#2032 = VECTOR ( 'NONE', #534, 1000.000000000000000 ) ;
#2033 = CARTESIAN_POINT ( 'NONE',  ( 12.19999999999988738, 30.49982358402804294, 148.8999999999999488 ) ) ;
#2034 = DIRECTION ( 'NONE',  ( -1.000000000000000000, -1.138138323803736265E-16, 0.000000000000000000 ) ) ;
#2035 = ORIENTED_EDGE ( 'NONE', *, *, #3634, .T. ) ;
#2036 = DIRECTION ( 'NONE',  ( -0.000000000000000000, -1.000000000000000000, -0.000000000000000000 ) ) ;
#2037 = EDGE_CURVE ( 'NONE', #4742, #409, #6586, .T. ) ;
#2038 = EDGE_CURVE ( 'NONE', #4201, #1377, #4860, .T. ) ;
#2039 = FACE_OUTER_BOUND ( 'NONE', #6008, .T. ) ;
#2040 = ORIENTED_EDGE ( 'NONE', *, *, #894, .F. ) ;
#2041 = CARTESIAN_POINT ( 'NONE',  ( -7.500011671745328456, -34.49982358402804294, 45.99999999999997158 ) ) ;
#2042 = CARTESIAN_POINT ( 'NONE',  ( 0.000000000000000000, -29.49982358402804294, 0.000000000000000000 ) ) ;
#2043 = VERTEX_POINT ( 'NONE', #5411 ) ;
#2044 = CARTESIAN_POINT ( 'NONE',  ( 6.397958626452089978E-15, -34.29999999999999716, 188.0000000000000000 ) ) ;
#2045 = CARTESIAN_POINT ( 'NONE',  ( 5.829330599566601379, -37.40853518598355265, 25.00000000000000000 ) ) ;
#2046 = EDGE_LOOP ( 'NONE', ( #765, #5705, #6616, #3368 ) ) ;
#2047 = CARTESIAN_POINT ( 'NONE',  ( 3.265987202574514914, -33.64183894487069892, 183.0000000000000000 ) ) ;
#2048 = CIRCLE ( 'NONE', #6604, 1.649999999999998579 ) ;
#2049 = CARTESIAN_POINT ( 'NONE',  ( -12.20000000000000107, 32.05698051906948365, 117.4999999999998295 ) ) ;
#2050 = ORIENTED_EDGE ( 'NONE', *, *, #55, .F. ) ;
#2051 = B_SPLINE_CURVE_WITH_KNOTS ( 'NONE', 3,
 ( #1205, #3327, #5448, #2796, #3361, #4928, #152, #2276, #3925, #6037, #1273, #5003, #5655, #5176, #890, #326, #3467, #6697, #3007, #3504, #1415, #258, #364, #3990, #6247, #1449, #5135, #6177, #2487, #4620, #785, #1963, #6136, #6736 ),
 .UNSPECIFIED., .F., .F.,
 ( 4, 2, 2, 2, 2, 2, 2, 2, 2, 2, 2, 2, 2, 2, 2, 2, 4 ),
 ( 0.000000000000000000, 0.0006065675227050743414, 0.001213135045410148683, 0.001819702568115223133, 0.002426270090820297366, 0.003032837613525371599, 0.003639405136230446265, 0.004245972658935520498, 0.004852540181640594731, 0.005459107704345668964, 0.006065675227050743197, 0.006672242749755817430, 0.007278810272460892530, 0.007885377795165966763, 0.008491945317871040996, 0.009098512840576115229, 0.009705080363281189462 ),
 .UNSPECIFIED. ) ;
#2052 = EDGE_CURVE ( 'NONE', #1645, #1431, #5032, .T. ) ;
#2053 = CIRCLE ( 'NONE', #1714, 1.200000000000000178 ) ;
#2054 = ORIENTED_EDGE ( 'NONE', *, *, #79, .F. ) ;
#2055 = CARTESIAN_POINT ( 'NONE',  ( -17.08707835169373723, 33.78497629423295479, 33.48036375681598287 ) ) ;
#2056 = CARTESIAN_POINT ( 'NONE',  ( 14.87748513670723050, 34.81447135629503009, 149.5321376998859080 ) ) ;
#2057 = ORIENTED_EDGE ( 'NONE', *, *, #1873, .T. ) ;
#2058 = CARTESIAN_POINT ( 'NONE',  ( 12.19999999999988738, 30.49982358402804294, 150.8999999999999488 ) ) ;
#2059 = AXIS2_PLACEMENT_3D ( 'NONE', #5328, #4709, #1084 ) ;
#2060 = ORIENTED_EDGE ( 'NONE', *, *, #1824, .F. ) ;
#2061 = EDGE_CURVE ( 'NONE', #2741, #3819, #6257, .T. ) ;
#2062 = CARTESIAN_POINT ( 'NONE',  ( 5.829330599566612037, 33.80101928582860182, 25.00000000000000000 ) ) ;
#2063 = CIRCLE ( 'NONE', #5954, 3.000000000000002665 ) ;
#2064 = CARTESIAN_POINT ( 'NONE',  ( -13.92909155704789015, 31.34459913159260580, 151.9398283859336800 ) ) ;
#2065 = PLANE ( 'NONE',  #5154 ) ;
#2066 = CARTESIAN_POINT ( 'NONE',  ( -0.000000000000000000, 29.49982358402804294, 170.4999999999999716 ) ) ;
#2067 =( NAMED_UNIT ( * ) PLANE_ANGLE_UNIT ( ) SI_UNIT ( $, .RADIAN. ) );
#2068 = CARTESIAN_POINT ( 'NONE',  ( -21.29631801194537388, 31.30403249243827446, 89.20352673946263167 ) ) ;
#2069 = DIRECTION ( 'NONE',  ( -1.138138323803736265E-16, 1.000000000000000000, 0.000000000000000000 ) ) ;
#2070 = DIRECTION ( 'NONE',  ( -0.000000000000000000, -0.000000000000000000, 1.000000000000000000 ) ) ;
#2071 = EDGE_LOOP ( 'NONE', ( #3271, #1701 ) ) ;
#2072 = VECTOR ( 'NONE', #1231, 1000.000000000000000 ) ;
#2073 = DIRECTION ( 'NONE',  ( 0.000000000000000000, 0.000000000000000000, 1.000000000000000000 ) ) ;
#2074 = PLANE ( 'NONE',  #1728 ) ;
#2075 = EDGE_LOOP ( 'NONE', ( #5746, #4225 ) ) ;
#2076 = EDGE_CURVE ( 'NONE', #3155, #1870, #4036, .T. ) ;
#2077 = CARTESIAN_POINT ( 'NONE',  ( 12.19999999999988738, 33.49982358402804294, 150.8999999999999488 ) ) ;
#2078 = CARTESIAN_POINT ( 'NONE',  ( -17.50001167174533023, -29.49982358402804294, 188.0000000000000000 ) ) ;
#2079 = EDGE_LOOP ( 'NONE', ( #795, #3762, #3098, #1724, #1233, #5217, #4919, #2123 ) ) ;
#2080 = CARTESIAN_POINT ( 'NONE',  ( -2.049999999999999822, -34.29999999999999716, 188.0000000000000000 ) ) ;
#2081 = LINE ( 'NONE', #1464, #508 ) ;
#2082 = ORIENTED_EDGE ( 'NONE', *, *, #4665, .F. ) ;
#2083 = CARTESIAN_POINT ( 'NONE',  ( -21.80867989599167700, 30.94802536792814962, 36.97770950375673493 ) ) ;
#2084 = CARTESIAN_POINT ( 'NONE',  ( -14.12974494262759606, 31.25445957465765900, 120.0427573744815106 ) ) ;
#2085 = EDGE_CURVE ( 'NONE', #897, #60, #2306, .T. ) ;
#2086 = ORIENTED_EDGE ( 'NONE', *, *, #2092, .F. ) ;
#2087 = ORIENTED_EDGE ( 'NONE', *, *, #4485, .T. ) ;
#2088 = DIRECTION ( 'NONE',  ( -0.000000000000000000, -0.000000000000000000, -1.000000000000000000 ) ) ;
#2089 = LINE ( 'NONE', #5304, #702 ) ;
#2090 = ORIENTED_EDGE ( 'NONE', *, *, #6184, .T. ) ;
#2091 = CARTESIAN_POINT ( 'NONE',  ( -15.69237908486685207, -30.49982358402804294, 188.0000000000000000 ) ) ;
#2092 = EDGE_CURVE ( 'NONE', #2212, #5752, #4963, .T. ) ;
#2093 = ORIENTED_EDGE ( 'NONE', *, *, #473, .T. ) ;
#2094 = CARTESIAN_POINT ( 'NONE',  ( -19.84999999999940457, 95.39982358402802731, 34.70000000000000284 ) ) ;
#2095 = CARTESIAN_POINT ( 'NONE',  ( -3.250000000000000000, -34.29999999999999716, 188.0000000000000000 ) ) ;
#2096 = LINE ( 'NONE', #4235, #2362 ) ;
#2097 = CARTESIAN_POINT ( 'NONE',  ( -12.07435749749312137, 32.10479657990128999, 121.4999999999998437 ) ) ;
#2098 = EDGE_CURVE ( 'NONE', #4413, #6451, #1199, .T. ) ;
#2099 = B_SPLINE_CURVE_WITH_KNOTS ( 'NONE', 3,
 ( #6182, #6743, #6637, #2905, #1380, #5040, #1862, #3995, #6109, #5590, #2454, #1345, #827, #5075, #898, #2418, #3013, #2493, #4550, #1893, #3509, #5627, #1005, #974, #5772, #5838, #3224, #3090, #4142, #2636, #2600, #5284, #3619, #3196 ),
 .UNSPECIFIED., .F., .F.,
 ( 4, 2, 2, 2, 2, 2, 2, 2, 2, 2, 2, 2, 2, 2, 2, 2, 4 ),
 ( 3.469446951953614189E-18, 0.0005991401848168143723, 0.001198280369633625275, 0.001797420554450436178, 0.002396560739267247081, 0.002995700924084057984, 0.003594841108900868887, 0.004193981293717679790, 0.004793121478534490693, 0.005392261663351301595, 0.005991401848168112498, 0.006590542032984923401, 0.007189682217801734304, 0.007788822402618545207, 0.008387962587435356110, 0.008987102772252167013, 0.009586242957068977916 ),
 .UNSPECIFIED. ) ;
#2100 = AXIS2_PLACEMENT_3D ( 'NONE', #1, #2188, #5818 ) ;
#2101 = PLANE ( 'NONE',  #4329 ) ;
#2102 = DIRECTION ( 'NONE',  ( -1.000000000000000000, 0.000000000000000000, 0.000000000000000000 ) ) ;
#2103 = ORIENTED_EDGE ( 'NONE', *, *, #2295, .T. ) ;
#2104 = CARTESIAN_POINT ( 'NONE',  ( -10.89935591828428052, 36.25767486177966248, 116.7896702296433773 ) ) ;
#2105 = LINE ( 'NONE', #2139, #509 ) ;
#2106 = VECTOR ( 'NONE', #3660, 1000.000000000000000 ) ;
#2107 = ORIENTED_EDGE ( 'NONE', *, *, #3678, .T. ) ;
#2108 = CARTESIAN_POINT ( 'NONE',  ( -16.98412536343293766, 30.29982358402804010, 0.000000000000000000 ) ) ;
#2109 = DIRECTION ( 'NONE',  ( 0.000000000000000000, 0.000000000000000000, -1.000000000000000000 ) ) ;
#2110 = AXIS2_PLACEMENT_3D ( 'NONE', #4722, #4350, #467 ) ;
#2111 = VERTEX_POINT ( 'NONE', #3918 ) ;
#2112 = CARTESIAN_POINT ( 'NONE',  ( 1.649999999999822498, 34.29999999999999716, 5.000000000000004441 ) ) ;
#2113 = CARTESIAN_POINT ( 'NONE',  ( 12.19999999999988738, 43.49982358402805005, 150.8999999999999488 ) ) ;
#2114 = ORIENTED_EDGE ( 'NONE', *, *, #1001, .F. ) ;
#2115 = LINE ( 'NONE', #5781, #5840 ) ;
#2116 = LINE ( 'NONE', #6402, #4522 ) ;
#2117 = VECTOR ( 'NONE', #166, 1000.000000000000000 ) ;
#2118 = VERTEX_POINT ( 'NONE', #5442 ) ;
#2119 = EDGE_CURVE ( 'NONE', #3972, #4684, #1592, .T. ) ;
#2120 = ORIENTED_EDGE ( 'NONE', *, *, #402, .F. ) ;
#2121 = LINE ( 'NONE', #3670, #142 ) ;
#2122 = DIRECTION ( 'NONE',  ( -0.000000000000000000, -1.000000000000000000, -0.000000000000000000 ) ) ;
#2123 = ORIENTED_EDGE ( 'NONE', *, *, #1538, .T. ) ;
#2124 = DIRECTION ( 'NONE',  ( 0.000000000000000000, 0.000000000000000000, -1.000000000000000000 ) ) ;
#2125 = EDGE_CURVE ( 'NONE', #1967, #1636, #4362, .T. ) ;
#2126 = EDGE_CURVE ( 'NONE', #4591, #6418, #5996, .T. ) ;
#2127 = ORIENTED_EDGE ( 'NONE', *, *, #6435, .F. ) ;
#2128 = FACE_OUTER_BOUND ( 'NONE', #6678, .T. ) ;
#2129 = ADVANCED_FACE ( 'NONE', ( #3353, #6590 ), #6068, .F. ) ;
#2130 = CARTESIAN_POINT ( 'NONE',  ( -13.92066641800839832, 31.34823434572455625, 149.8719943732710362 ) ) ;
#2131 = CARTESIAN_POINT ( 'NONE',  ( 7.500011671745328456, -39.49982358402804294, 47.59999999999997300 ) ) ;
#2132 = CARTESIAN_POINT ( 'NONE',  ( -20.44679761948645336, 31.86576842056575742, 31.74446479931919285 ) ) ;
#2133 = AXIS2_PLACEMENT_3D ( 'NONE', #6178, #1416, #3542 ) ;
#2134 = CARTESIAN_POINT ( 'NONE',  ( 5.829330599566604931, -6.634584557488565057E-16, 25.00000000000000000 ) ) ;
#2135 = EDGE_CURVE ( 'NONE', #1438, #3133, #1362, .T. ) ;
#2136 = DIRECTION ( 'NONE',  ( 0.000000000000000000, 0.000000000000000000, -1.000000000000000000 ) ) ;
#2137 = ORIENTED_EDGE ( 'NONE', *, *, #1512, .T. ) ;
#2138 = CARTESIAN_POINT ( 'NONE',  ( -12.20000000000010942, 33.49982358402804294, 153.8999999999997783 ) ) ;
#2139 = CARTESIAN_POINT ( 'NONE',  ( 0.000000000000000000, 29.49982358402804294, 30.40000000000000924 ) ) ;
#2140 = AXIS2_PLACEMENT_3D ( 'NONE', #4724, #1647, #3648 ) ;
#2141 = ORIENTED_EDGE ( 'NONE', *, *, #1213, .F. ) ;
#2142 = CARTESIAN_POINT ( 'NONE',  ( -18.70273356437377643, 32.91828452707877517, 94.62634400275625524 ) ) ;
#2143 = AXIS2_PLACEMENT_3D ( 'NONE', #4112, #4552, #2456 ) ;
#2144 = CARTESIAN_POINT ( 'NONE',  ( -23.00000000000000000, 27.79982358402804365, 30.40000000000000924 ) ) ;
#2145 = ORIENTED_EDGE ( 'NONE', *, *, #427, .T. ) ;
#2146 = CARTESIAN_POINT ( 'NONE',  ( -10.34127412728088480, -36.42037888670235191, 150.0170275213537252 ) ) ;
#2147 = DIRECTION ( 'NONE',  ( -1.000000000000000000, -0.000000000000000000, 0.000000000000000000 ) ) ;
#2148 = VERTEX_POINT ( 'NONE', #3955 ) ;
#2149 = CARTESIAN_POINT ( 'NONE',  ( -17.89290465626432081, 33.36527210999279447, 36.97956367141402012 ) ) ;
#2150 = CARTESIAN_POINT ( 'NONE',  ( 0.000000000000000000, 0.000000000000000000, 188.0000000000000000 ) ) ;
#2151 = AXIS2_PLACEMENT_3D ( 'NONE', #3563, #2402, #1982 ) ;
#2152 = ORIENTED_EDGE ( 'NONE', *, *, #730, .T. ) ;
#2153 = ORIENTED_EDGE ( 'NONE', *, *, #126, .T. ) ;
#2154 = CIRCLE ( 'NONE', #3161, 1.699999999999977751 ) ;
#2155 = LINE ( 'NONE', #733, #5379 ) ;
#2156 = VERTEX_POINT ( 'NONE', #3428 ) ;
#2157 = LINE ( 'NONE', #2192, #4064 ) ;
#2158 = CIRCLE ( 'NONE', #3840, 34.29999999999999716 ) ;
#2159 = ORIENTED_EDGE ( 'NONE', *, *, #3914, .F. ) ;
#2160 = EDGE_CURVE ( 'NONE', #1980, #6460, #3814, .T. ) ;
#2161 = EDGE_CURVE ( 'NONE', #1840, #2009, #1692, .T. ) ;
#2162 = CARTESIAN_POINT ( 'NONE',  ( -16.98412536343293766, 33.83665299108656654, 90.96300362600423739 ) ) ;
#2163 = CARTESIAN_POINT ( 'NONE',  ( 10.09502937044246984, -36.48949111752740038, 149.4819847489308415 ) ) ;
#2164 = CARTESIAN_POINT ( 'NONE',  ( 19.34100090103673608, 32.54764086664650335, 37.69999999999998153 ) ) ;
#2165 = VECTOR ( 'NONE', #5747, 1000.000000000000000 ) ;
#2166 = CIRCLE ( 'NONE', #840, 1.650000000000017231 ) ;
#2167 = AXIS2_PLACEMENT_3D ( 'NONE', #5381, #677, #4863 ) ;
#2168 = ADVANCED_FACE ( 'NONE', ( #2966 ), #4614, .T. ) ;
#2169 = PLANE ( 'NONE',  #4121 ) ;
#2170 = CARTESIAN_POINT ( 'NONE',  ( 4.468068730591639337, -32.43975741685360248, 188.0000000000000000 ) ) ;
#2171 = ORIENTED_EDGE ( 'NONE', *, *, #6550, .F. ) ;
#2172 = LINE ( 'NONE', #5899, #3514 ) ;
#2173 = DIRECTION ( 'NONE',  ( 0.000000000000000000, 0.000000000000000000, -1.000000000000000000 ) ) ;
#2174 = AXIS2_PLACEMENT_3D ( 'NONE', #4472, #2791, #254 ) ;
#2175 = VECTOR ( 'NONE', #4675, 1000.000000000000000 ) ;
#2176 = ADVANCED_FACE ( 'NONE', ( #5029 ), #2371, .F. ) ;
#2177 = ORIENTED_EDGE ( 'NONE', *, *, #383, .T. ) ;
#2178 = CARTESIAN_POINT ( 'NONE',  ( -3.265987202574514914, -33.64183894487069892, 188.0000000000000000 ) ) ;
#2179 = AXIS2_PLACEMENT_3D ( 'NONE', #1518, #1408, #1955 ) ;
#2180 = CARTESIAN_POINT ( 'NONE',  ( -4.450000000000001066, 34.29999999999999716, 183.0000000000000000 ) ) ;
#2181 = ORIENTED_EDGE ( 'NONE', *, *, #2567, .T. ) ;
#2182 = CARTESIAN_POINT ( 'NONE',  ( -3.101721574042660468, 31.94979379083876125, 188.0000000000000000 ) ) ;
#2183 = DIRECTION ( 'NONE',  ( 0.000000000000000000, 0.000000000000000000, -1.000000000000000000 ) ) ;
#2184 = VERTEX_POINT ( 'NONE', #4133 ) ;
#2185 = DIRECTION ( 'NONE',  ( 5.150515019224728438E-16, -1.000000000000000000, 0.000000000000000000 ) ) ;
#2186 = FACE_OUTER_BOUND ( 'NONE', #1953, .T. ) ;
#2187 = EDGE_CURVE ( 'NONE', #4095, #3799, #3713, .T. ) ;
#2188 = DIRECTION ( 'NONE',  ( 0.000000000000000000, -1.000000000000000000, 0.000000000000000000 ) ) ;
#2189 = VERTEX_POINT ( 'NONE', #1991 ) ;
#2190 = DIRECTION ( 'NONE',  ( 0.000000000000000000, 0.000000000000000000, -1.000000000000000000 ) ) ;
#2191 = ORIENTED_EDGE ( 'NONE', *, *, #345, .T. ) ;
#2192 = CARTESIAN_POINT ( 'NONE',  ( -5.829330599566601379, -37.40853518598355265, 183.0000000000000000 ) ) ;
#2193 = DIRECTION ( 'NONE',  ( -1.000000000000000000, 0.000000000000000000, 0.000000000000000000 ) ) ;
#2194 = ORIENTED_EDGE ( 'NONE', *, *, #1539, .F. ) ;
#2195 = CARTESIAN_POINT ( 'NONE',  ( -12.70310356956605524, 31.86124976681685439, 152.8398743736361780 ) ) ;
#2196 = CYLINDRICAL_SURFACE ( 'NONE', #4719, 3.000000000000002665 ) ;
#2197 = CARTESIAN_POINT ( 'NONE',  ( 16.63382166050305955, 34.01026436275417808, 35.54533832740933263 ) ) ;
#2198 = LINE ( 'NONE', #81, #1224 ) ;
#2199 = CARTESIAN_POINT ( 'NONE',  ( 0.000000000000000000, 0.000000000000000000, 0.000000000000000000 ) ) ;
#2200 = VERTEX_POINT ( 'NONE', #2929 ) ;
#2201 = DIRECTION ( 'NONE',  ( 0.000000000000000000, 0.000000000000000000, 1.000000000000000000 ) ) ;
#2202 = CARTESIAN_POINT ( 'NONE',  ( 19.51999999999999602, 32.43993218242007970, 94.85000000000000853 ) ) ;
#2203 = EDGE_CURVE ( 'NONE', #4684, #3972, #1254, .T. ) ;
#2204 = VERTEX_POINT ( 'NONE', #6097 ) ;
#2205 = CARTESIAN_POINT ( 'NONE',  ( 4.656657748670990138, -37.57261013441004849, 45.02315479325902459 ) ) ;
#2206 = CARTESIAN_POINT ( 'NONE',  ( -7.500011671745328456, -34.49982358402804294, 47.59999999999996589 ) ) ;
#2207 = EDGE_CURVE ( 'NONE', #2585, #3035, #810, .T. ) ;
#2208 = ORIENTED_EDGE ( 'NONE', *, *, #2439, .F. ) ;
#2209 = CARTESIAN_POINT ( 'NONE',  ( -4.468068730591641113, -32.43975741685360958, 5.000000000000000000 ) ) ;
#2210 = DIRECTION ( 'NONE',  ( -1.000000000000000000, 0.000000000000000000, 0.000000000000000000 ) ) ;
#2211 = CIRCLE ( 'NONE', #6102, 34.29999999999999716 ) ;
#2212 = VERTEX_POINT ( 'NONE', #5096 ) ;
#2213 = CARTESIAN_POINT ( 'NONE',  ( 10.62593397978731780, 32.61266193995802354, 118.2591048514406111 ) ) ;
#2214 = CARTESIAN_POINT ( 'NONE',  ( -12.20000000000000284, 33.49982358402804294, 119.4999999999998295 ) ) ;
#2215 = AXIS2_PLACEMENT_3D ( 'NONE', #2339, #2304, #4859 ) ;
#2216 = PLANE ( 'NONE',  #769 ) ;
#2217 = EDGE_CURVE ( 'NONE', #3241, #1221, #2588, .T. ) ;
#2218 = ORIENTED_EDGE ( 'NONE', *, *, #5711, .T. ) ;
#2219 = DIRECTION ( 'NONE',  ( -0.000000000000000000, 0.000000000000000000, 1.000000000000000000 ) ) ;
#2220 = ORIENTED_EDGE ( 'NONE', *, *, #3159, .F. ) ;
#2221 = CARTESIAN_POINT ( 'NONE',  ( -4.468068730591637561, 32.43975741685360958, 183.0000000000000000 ) ) ;
#2222 = CARTESIAN_POINT ( 'NONE',  ( -22.59135028247221300, 30.38139233054306487, 90.58242038164060261 ) ) ;
#2223 = AXIS2_PLACEMENT_3D ( 'NONE', #3183, #5310, #5980 ) ;
#2224 = ORIENTED_EDGE ( 'NONE', *, *, #4357, .T. ) ;
#2225 = CARTESIAN_POINT ( 'NONE',  ( -12.96000641247190899, 35.57327795492425793, 153.8085083022380672 ) ) ;
#2226 = DIRECTION ( 'NONE',  ( 1.000000000000000000, 0.000000000000000000, -0.000000000000000000 ) ) ;
#2227 = CARTESIAN_POINT ( 'NONE',  ( -21.80583257322057023, 30.95127262233675580, 32.40427016921763936 ) ) ;
#2228 = LINE ( 'NONE', #4403, #5234 ) ;
#2229 = DIRECTION ( 'NONE',  ( -0.000000000000000000, -0.000000000000000000, -1.000000000000000000 ) ) ;
#2230 = DIRECTION ( 'NONE',  ( -0.000000000000000000, -0.000000000000000000, -1.000000000000000000 ) ) ;
#2231 = ORIENTED_EDGE ( 'NONE', *, *, #4818, .F. ) ;
#2232 = CARTESIAN_POINT ( 'NONE',  ( -9.961870570138804837, 36.52618947512546299, 121.5075600997332970 ) ) ;
#2233 = DIRECTION ( 'NONE',  ( -0.000000000000000000, -0.000000000000000000, -1.000000000000000000 ) ) ;
#2234 = VECTOR ( 'NONE', #5874, 1000.000000000000000 ) ;
#2235 = ORIENTED_EDGE ( 'NONE', *, *, #427, .F. ) ;
#2236 = FACE_OUTER_BOUND ( 'NONE', #2463, .T. ) ;
#2237 = EDGE_CURVE ( 'NONE', #4255, #5047, #6474, .T. ) ;
#2238 = CARTESIAN_POINT ( 'NONE',  ( -3.101721574042660912, -31.94979379083876836, 183.0000000000000000 ) ) ;
#2239 = EDGE_CURVE ( 'NONE', #4776, #711, #5263, .T. ) ;
#2240 = ORIENTED_EDGE ( 'NONE', *, *, #820, .F. ) ;
#2241 = CARTESIAN_POINT ( 'NONE',  ( -3.101721574042660468, 31.94979379083876125, 188.0000000000000000 ) ) ;
#2242 = VECTOR ( 'NONE', #1588, 1000.000000000000000 ) ;
#2243 = CARTESIAN_POINT ( 'NONE',  ( -7.304416283795467812, -37.14922506561158144, 48.99999999999997158 ) ) ;
#2244 = ORIENTED_EDGE ( 'NONE', *, *, #799, .F. ) ;
#2245 = CARTESIAN_POINT ( 'NONE',  ( 10.71258326339110667, 32.58435784236333177, 118.1565817190637802 ) ) ;
#2246 = CARTESIAN_POINT ( 'NONE',  ( -7.500011671745328456, -44.49982358402804294, 153.9999999999999716 ) ) ;
#2247 = DIRECTION ( 'NONE',  ( 0.000000000000000000, 0.000000000000000000, -1.000000000000000000 ) ) ;
#2248 = CARTESIAN_POINT ( 'NONE',  ( 5.829330599566612037, 33.80101928582860182, 183.0000000000000000 ) ) ;
#2249 = VERTEX_POINT ( 'NONE', #4540 ) ;
#2250 = CARTESIAN_POINT ( 'NONE',  ( 5.667910009459141918, -37.43438811231713714, 148.5923761346518006 ) ) ;
#2251 = ORIENTED_EDGE ( 'NONE', *, *, #173, .F. ) ;
#2252 = CARTESIAN_POINT ( 'NONE',  ( 7.500011671745328456, -34.49982358402804294, 147.9999999999999716 ) ) ;
#2253 = AXIS2_PLACEMENT_3D ( 'NONE', #6829, #6408, #3138 ) ;
#2254 = CARTESIAN_POINT ( 'NONE',  ( -7.500011671745328456, -39.49982358402804294, 45.99999999999997158 ) ) ;
#2255 = ADVANCED_FACE ( 'NONE', ( #6130, #6170 ), #6730, .F. ) ;
#2256 = EDGE_CURVE ( 'NONE', #1462, #5948, #3363, .T. ) ;
#2257 = ORIENTED_EDGE ( 'NONE', *, *, #423, .T. ) ;
#2258 = VECTOR ( 'NONE', #4774, 1000.000000000000000 ) ;
#2259 = DIRECTION ( 'NONE',  ( -0.7071067811865532349, 0.7071067811865417996, 0.000000000000000000 ) ) ;
#2260 = CARTESIAN_POINT ( 'NONE',  ( 11.82204967505889570, 35.96745459712089144, 122.4822508517195274 ) ) ;
#2261 = FACE_BOUND ( 'NONE', #6471, .T. ) ;
#2262 = VECTOR ( 'NONE', #5719, 1000.000000000000000 ) ;
#2263 = EDGE_CURVE ( 'NONE', #1988, #395, #5762, .T. ) ;
#2264 = ORIENTED_EDGE ( 'NONE', *, *, #4057, .T. ) ;
#2265 = DIRECTION ( 'NONE',  ( -0.000000000000000000, -0.000000000000000000, -1.000000000000000000 ) ) ;
#2266 = CIRCLE ( 'NONE', #5608, 1.600000000000004086 ) ;
#2267 = CARTESIAN_POINT ( 'NONE',  ( -12.20000000000011120, 32.05698051906943391, 152.8999999999997783 ) ) ;
#2268 = CARTESIAN_POINT ( 'NONE',  ( 7.500011671745328456, -34.49982358402804294, 45.99999999999997158 ) ) ;
#2269 = ORIENTED_EDGE ( 'NONE', *, *, #6343, .T. ) ;
#2270 = CYLINDRICAL_SURFACE ( 'NONE', #1626, 2.000000000000001776 ) ;
#2271 = CARTESIAN_POINT ( 'NONE',  ( 22.51915201491758722, 30.43464134148994660, 91.62231288847564770 ) ) ;
#2272 = B_SPLINE_CURVE_WITH_KNOTS ( 'NONE', 3,
 ( #2777, #6052, #4910, #6540, #130, #3415, #2250, #1772, #1975, #5597, #5561, #3480, #3553, #941, #796, #1839, #341, #307, #2984, #1319, #905, #3590, #836, #6149, #2392, #5635, #4592, #2425 ),
 .UNSPECIFIED., .F., .F.,
 ( 4, 2, 2, 2, 2, 2, 2, 2, 2, 2, 2, 2, 2, 4 ),
 ( 0.009509541973058746253, 0.01009949879063107812, 0.01068945560820340826, 0.01186936924334806853, 0.01245932606092040040, 0.01304928287849273227, 0.01363923969606506241, 0.01422919651363739255, 0.01540911014878213608, 0.01599906696635450959, 0.01658902378392688309, 0.01717898060149925313, 0.01776893741907162316, 0.01894885105421640140 ),
 .UNSPECIFIED. ) ;
#2273 = VECTOR ( 'NONE', #5150, 1000.000000000000000 ) ;
#2274 = CIRCLE ( 'NONE', #961, 1.699999999999977529 ) ;
#2275 = EDGE_LOOP ( 'NONE', ( #6202, #5352, #6739, #39 ) ) ;
#2276 = CARTESIAN_POINT ( 'NONE',  ( 13.99428227470943753, 35.17910796091420167, 117.0880586577082312 ) ) ;
#2277 = CARTESIAN_POINT ( 'NONE',  ( 0.000000000000000000, 29.49982358402804294, 96.49999999999998579 ) ) ;
#2278 = ORIENTED_EDGE ( 'NONE', *, *, #1277, .F. ) ;
#2279 = AXIS2_PLACEMENT_3D ( 'NONE', #2716, #404, #634 ) ;
#2280 = LINE ( 'NONE', #2241, #5277 ) ;
#2281 = CARTESIAN_POINT ( 'NONE',  ( 20.94333626840374762, 31.54034811504525493, 37.34759334255898011 ) ) ;
#2282 = VERTEX_POINT ( 'NONE', #3186 ) ;
#2283 = LINE ( 'NONE', #4417, #5500 ) ;
#2284 = CYLINDRICAL_SURFACE ( 'NONE', #2843, 1.650000000000017231 ) ;
#2285 = EDGE_CURVE ( 'NONE', #4377, #3635, #134, .T. ) ;
#2286 = AXIS2_PLACEMENT_3D ( 'NONE', #301, #5184, #371 ) ;
#2287 = DIRECTION ( 'NONE',  ( 0.000000000000000000, -0.000000000000000000, -1.000000000000000000 ) ) ;
#2288 = FACE_OUTER_BOUND ( 'NONE', #5973, .T. ) ;
#2289 = VERTEX_POINT ( 'NONE', #6380 ) ;
#2290 = CARTESIAN_POINT ( 'NONE',  ( 5.829330599566602267, -33.80101928582860182, 188.0000000000000000 ) ) ;
#2291 = ORIENTED_EDGE ( 'NONE', *, *, #5112, .T. ) ;
#2292 = DIRECTION ( 'NONE',  ( -0.000000000000000000, -1.000000000000000000, -0.000000000000000000 ) ) ;
#2293 = VECTOR ( 'NONE', #3591, 1000.000000000000000 ) ;
#2294 = DIRECTION ( 'NONE',  ( -0.000000000000000000, -0.000000000000000000, -1.000000000000000000 ) ) ;
#2295 = EDGE_CURVE ( 'NONE', #3365, #1643, #1036, .T. ) ;
#2296 = ORIENTED_EDGE ( 'NONE', *, *, #2969, .F. ) ;
#2297 = ORIENTED_EDGE ( 'NONE', *, *, #1329, .T. ) ;
#2298 = CARTESIAN_POINT ( 'NONE',  ( -15.17986950526438150, 34.68361422723196341, 150.4986115534926228 ) ) ;
#2299 = CARTESIAN_POINT ( 'NONE',  ( 3.249999999999998668, -34.29999999999999716, 5.000000000000004441 ) ) ;
#2300 = CARTESIAN_POINT ( 'NONE',  ( 16.69026424479757864, 33.98269380848024213, 33.68208777949561039 ) ) ;
#2301 = ADVANCED_FACE ( 'NONE', ( #963 ), #5340, .F. ) ;
#2302 = EDGE_CURVE ( 'NONE', #1138, #5738, #698, .T. ) ;
#2303 = ORIENTED_EDGE ( 'NONE', *, *, #744, .T. ) ;
#2304 = DIRECTION ( 'NONE',  ( 0.000000000000000000, -1.000000000000000000, 0.000000000000000000 ) ) ;
#2305 = CARTESIAN_POINT ( 'NONE',  ( -10.71476365442153345, 32.58364189924046883, 149.5541521245990282 ) ) ;
#2306 = LINE ( 'NONE', #2828, #363 ) ;
#2307 = EDGE_CURVE ( 'NONE', #1629, #940, #4819, .T. ) ;
#2308 = ORIENTED_EDGE ( 'NONE', *, *, #42, .F. ) ;
#2309 = FACE_OUTER_BOUND ( 'NONE', #4868, .T. ) ;
#2310 = CARTESIAN_POINT ( 'NONE',  ( 22.40753308247667874, 30.51696650449190784, 92.69193425132269226 ) ) ;
#2311 = ORIENTED_EDGE ( 'NONE', *, *, #2076, .T. ) ;
#2312 = PLANE ( 'NONE',  #6336 ) ;
#2313 = DIRECTION ( 'NONE',  ( 0.000000000000000000, 0.000000000000000000, -1.000000000000000000 ) ) ;
#2314 = ORIENTED_EDGE ( 'NONE', *, *, #1145, .F. ) ;
#2315 = CARTESIAN_POINT ( 'NONE',  ( 7.500011671745328456, -39.49982358402804294, 152.5999999999999659 ) ) ;
#2316 = ORIENTED_EDGE ( 'NONE', *, *, #515, .T. ) ;
#2317 = CARTESIAN_POINT ( 'NONE',  ( 10.26669301251431676, 32.72744714478986339, 118.9705563330166740 ) ) ;
#2318 = CARTESIAN_POINT ( 'NONE',  ( -15.69237908486685207, 30.49982358402804294, 188.0000000000000000 ) ) ;
#2319 = VECTOR ( 'NONE', #2909, 1000.000000000000000 ) ;
#2320 = CARTESIAN_POINT ( 'NONE',  ( -19.84999999999940457, 95.39982358402802731, 34.70000000000000284 ) ) ;
#2321 = CARTESIAN_POINT ( 'NONE',  ( 11.44595684413911485, 36.08890024145399167, 153.8099975102745418 ) ) ;
#2322 = VECTOR ( 'NONE', #295, 1000.000000000000000 ) ;
#2323 = ORIENTED_EDGE ( 'NONE', *, *, #4025, .T. ) ;
#2324 = DIRECTION ( 'NONE',  ( 0.000000000000000000, 0.000000000000000000, -1.000000000000000000 ) ) ;
#2325 = ORIENTED_EDGE ( 'NONE', *, *, #4908, .T. ) ;
#2326 = LINE ( 'NONE', #204, #5730 ) ;
#2327 = LINE ( 'NONE', #6055, #174 ) ;
#2328 = VECTOR ( 'NONE', #3570, 1000.000000000000000 ) ;
#2329 = EDGE_LOOP ( 'NONE', ( #4564, #868, #3451, #238 ) ) ;
#2330 = ORIENTED_EDGE ( 'NONE', *, *, #6072, .T. ) ;
#2331 = CARTESIAN_POINT ( 'NONE',  ( -13.14542045118275126, 35.50511649671123138, 153.7535292262437565 ) ) ;
#2332 = EDGE_CURVE ( 'NONE', #4684, #5005, #3113, .T. ) ;
#2333 = DIRECTION ( 'NONE',  ( -0.000000000000000000, -1.000000000000000000, -0.000000000000000000 ) ) ;
#2334 = AXIS2_PLACEMENT_3D ( 'NONE', #6572, #1867, #4454 ) ;
#2335 = EDGE_CURVE ( 'NONE', #1859, #4413, #1582, .T. ) ;
#2336 = DIRECTION ( 'NONE',  ( -0.000000000000000000, -0.000000000000000000, -1.000000000000000000 ) ) ;
#2337 = EDGE_CURVE ( 'NONE', #2563, #6121, #5922, .T. ) ;
#2338 = ORIENTED_EDGE ( 'NONE', *, *, #1638, .T. ) ;
#2339 = CARTESIAN_POINT ( 'NONE',  ( 12.19999999999999574, 33.49982358402804294, 119.5000000000000000 ) ) ;
#2340 = DIRECTION ( 'NONE',  ( -0.000000000000000000, -1.000000000000000000, -0.000000000000000000 ) ) ;
#2341 = DIRECTION ( 'NONE',  ( 0.000000000000000000, 0.000000000000000000, -1.000000000000000000 ) ) ;
#2342 = ORIENTED_EDGE ( 'NONE', *, *, #6347, .T. ) ;
#2343 = CARTESIAN_POINT ( 'NONE',  ( -12.20000000000010942, 43.49982358402805005, 150.8999999999997783 ) ) ;
#2344 = CARTESIAN_POINT ( 'NONE',  ( -19.84999999999999787, 30.29982358402804010, 91.84999999999999432 ) ) ;
#2345 = ADVANCED_FACE ( 'NONE', ( #3216 ), #2065, .F. ) ;
#2346 = CARTESIAN_POINT ( 'NONE',  ( 5.250554390501464219, -37.49441335582042711, 44.00544385029009931 ) ) ;
#2347 = FACE_OUTER_BOUND ( 'NONE', #4211, .T. ) ;
#2348 = ORIENTED_EDGE ( 'NONE', *, *, #3160, .T. ) ;
#2349 = CARTESIAN_POINT ( 'NONE',  ( -7.500011671745324904, -37.10969448707032114, 153.9999999999999716 ) ) ;
#2350 = ORIENTED_EDGE ( 'NONE', *, *, #531, .F. ) ;
#2351 = CARTESIAN_POINT ( 'NONE',  ( 0.000000000000000000, 0.000000000000000000, 96.49999999999998579 ) ) ;
#2352 = CARTESIAN_POINT ( 'NONE',  ( -1.949449338866589724E-13, 34.29999999999999716, 183.0000000000000000 ) ) ;
#2353 = LINE ( 'NONE', #6080, #6434 ) ;
#2354 = LINE ( 'NONE', #128, #2117 ) ;
#2355 = EDGE_LOOP ( 'NONE', ( #6314, #4479 ) ) ;
#2356 = CARTESIAN_POINT ( 'NONE',  ( -7.500011671745328456, -44.49982358402804294, 45.99999999999997158 ) ) ;
#2357 = ORIENTED_EDGE ( 'NONE', *, *, #2395, .F. ) ;
#2358 = DIRECTION ( 'NONE',  ( 0.000000000000000000, -0.000000000000000000, 1.000000000000000000 ) ) ;
#2359 = DIRECTION ( 'NONE',  ( 0.000000000000000000, -1.000000000000000000, 0.000000000000000000 ) ) ;
#2360 = CIRCLE ( 'NONE', #2026, 3.000000000000002665 ) ;
#2361 = VERTEX_POINT ( 'NONE', #4205 ) ;
#2362 = VECTOR ( 'NONE', #3715, 1000.000000000000000 ) ;
#2363 = CARTESIAN_POINT ( 'NONE',  ( 13.76626402111474157, 31.41634462328264732, 149.6493661105998001 ) ) ;
#2364 = FACE_BOUND ( 'NONE', #4787, .T. ) ;
#2365 = CARTESIAN_POINT ( 'NONE',  ( -19.84999999999940457, 30.29982358402804010, 34.70000000000000284 ) ) ;
#2366 = AXIS2_PLACEMENT_3D ( 'NONE', #1249, #237, #2849 ) ;
#2367 = EDGE_CURVE ( 'NONE', #6623, #5180, #570, .T. ) ;
#2368 = ORIENTED_EDGE ( 'NONE', *, *, #2098, .F. ) ;
#2369 = FACE_BOUND ( 'NONE', #4495, .T. ) ;
#2370 = CARTESIAN_POINT ( 'NONE',  ( 15.69237908486685207, 30.49982358402804294, 170.4999999999999716 ) ) ;
#2371 = CYLINDRICAL_SURFACE ( 'NONE', #5581, 1.650000000000017231 ) ;
#2372 = VECTOR ( 'NONE', #4100, 1000.000000000000000 ) ;
#2373 = DIRECTION ( 'NONE',  ( 0.000000000000000000, 0.000000000000000000, -1.000000000000000000 ) ) ;
#2374 = DIRECTION ( 'NONE',  ( 0.000000000000000000, -0.000000000000000000, -1.000000000000000000 ) ) ;
#2375 = EDGE_CURVE ( 'NONE', #231, #2563, #5586, .T. ) ;
#2376 = AXIS2_PLACEMENT_3D ( 'NONE', #107, #1583, #5829 ) ;
#2377 = FACE_OUTER_BOUND ( 'NONE', #5292, .T. ) ;
#2378 = CARTESIAN_POINT ( 'NONE',  ( -22.00000000000000000, 0.000000000000000000, 64.00000000000001421 ) ) ;
#2379 = EDGE_LOOP ( 'NONE', ( #2607, #6014, #4964, #6653 ) ) ;
#2380 = CARTESIAN_POINT ( 'NONE',  ( -6.181144505024506408, -37.35246663815594559, 43.29836096008565249 ) ) ;
#2381 = ORIENTED_EDGE ( 'NONE', *, *, #1228, .F. ) ;
#2382 = LINE ( 'NONE', #370, #3633 ) ;
#2383 = EDGE_CURVE ( 'NONE', #5537, #3377, #5275, .T. ) ;
#2384 = AXIS2_PLACEMENT_3D ( 'NONE', #1807, #5984, #3939 ) ;
#2385 = CARTESIAN_POINT ( 'NONE',  ( 0.000000000000000000, 0.000000000000000000, 0.000000000000000000 ) ) ;
#2386 = CARTESIAN_POINT ( 'NONE',  ( 0.000000000000000000, 0.000000000000000000, 188.0000000000000000 ) ) ;
#2387 = CIRCLE ( 'NONE', #4629, 1.699999999999977751 ) ;
#2388 = CARTESIAN_POINT ( 'NONE',  ( -4.500114523322227278, -37.59160237722840492, 151.1985538701710539 ) ) ;
#2389 = VECTOR ( 'NONE', #5318, 1000.000000000000000 ) ;
#2390 = CYLINDRICAL_SURFACE ( 'NONE', #2565, 32.10000000000000142 ) ;
#2391 = ORIENTED_EDGE ( 'NONE', *, *, #4578, .T. ) ;
#2392 = CARTESIAN_POINT ( 'NONE',  ( 6.179224217856535084, -37.35277845801139307, 153.7006147395889570 ) ) ;
#2393 = ORIENTED_EDGE ( 'NONE', *, *, #6818, .F. ) ;
#2394 = CARTESIAN_POINT ( 'NONE',  ( 19.51999999999999602, 35.29982358402804010, 94.85000000000000853 ) ) ;
#2395 = EDGE_CURVE ( 'NONE', #2184, #2810, #2096, .T. ) ;
#2396 = CARTESIAN_POINT ( 'NONE',  ( 23.00000000000000000, 27.79982358402804365, 96.00000000000000000 ) ) ;
#2397 = CC_DESIGN_SECURITY_CLASSIFICATION ( #4400, ( #6174 ) ) ;
#2398 = AXIS2_PLACEMENT_3D ( 'NONE', #291, #5000, #3957 ) ;
#2399 = ORIENTED_EDGE ( 'NONE', *, *, #4510, .F. ) ;
#2400 = VECTOR ( 'NONE', #6744, 1000.000000000000000 ) ;
#2401 = ORIENTED_EDGE ( 'NONE', *, *, #781, .T. ) ;
#2402 = DIRECTION ( 'NONE',  ( 0.7071067811865533459, 0.7071067811865417996, 0.000000000000000000 ) ) ;
#2403 = CARTESIAN_POINT ( 'NONE',  ( -3.265987202574514914, -33.64183894487069892, 38.00000000000002842 ) ) ;
#2404 = CARTESIAN_POINT ( 'NONE',  ( 3.249999999999998668, -34.29999999999999716, 188.0000000000000000 ) ) ;
#2405 = ORIENTED_EDGE ( 'NONE', *, *, #4815, .F. ) ;
#2406 = FACE_BOUND ( 'NONE', #4259, .T. ) ;
#2407 = CYLINDRICAL_SURFACE ( 'NONE', #3860, 1.699999999999977529 ) ;
#2408 = CARTESIAN_POINT ( 'NONE',  ( -3.250000000000000000, -34.29999999999999716, 183.0000000000000000 ) ) ;
#2409 = DIRECTION ( 'NONE',  ( 0.000000000000000000, 0.000000000000000000, -1.000000000000000000 ) ) ;
#2410 = CARTESIAN_POINT ( 'NONE',  ( 12.19999999999999574, 30.49982358402804294, 119.5000000000000000 ) ) ;
#2411 = CARTESIAN_POINT ( 'NONE',  ( -19.84999999999940457, 30.29982358402804010, 31.69999999999999929 ) ) ;
#2412 = CARTESIAN_POINT ( 'NONE',  ( -12.20000000000010942, 35.84047432721853710, 153.8999999999997783 ) ) ;
#2413 = DIRECTION ( 'NONE',  ( 0.000000000000000000, 0.000000000000000000, -1.000000000000000000 ) ) ;
#2414 = ORIENTED_EDGE ( 'NONE', *, *, #6731, .F. ) ;
#2415 = CARTESIAN_POINT ( 'NONE',  ( 3.265987202574514914, 33.64183894487069892, 188.0000000000000000 ) ) ;
#2416 = EDGE_CURVE ( 'NONE', #1323, #1476, #1061, .T. ) ;
#2417 = ORIENTED_EDGE ( 'NONE', *, *, #214, .T. ) ;
#2418 = CARTESIAN_POINT ( 'NONE',  ( -9.220378268119699072, 36.72010302387156599, 150.4967211008305412 ) ) ;
#2419 = CARTESIAN_POINT ( 'NONE',  ( -19.84999999999940457, 35.29982358402804010, 31.69999999999999929 ) ) ;
#2420 = PLANE ( 'NONE',  #4926 ) ;
#2421 = CARTESIAN_POINT ( 'NONE',  ( -6.008284178906063033, -37.38057492638861135, 153.6101721364509842 ) ) ;
#2422 = ADVANCED_FACE ( 'NONE', ( #3777 ), #3348, .F. ) ;
#2423 = CARTESIAN_POINT ( 'NONE',  ( -7.500011671745328456, -29.49982358402804294, 149.3999999999999773 ) ) ;
#2424 = ORIENTED_EDGE ( 'NONE', *, *, #3512, .T. ) ;
#2425 = CARTESIAN_POINT ( 'NONE',  ( 7.500011671745321351, -37.10969448707032114, 153.9999999999999716 ) ) ;
#2426 = VERTEX_POINT ( 'NONE', #4989 ) ;
#2427 = CARTESIAN_POINT ( 'NONE',  ( 12.19999999999999574, 33.49982358402804294, 119.5000000000000000 ) ) ;
#2428 = DIRECTION ( 'NONE',  ( 0.000000000000000000, 0.000000000000000000, -1.000000000000000000 ) ) ;
#2429 = B_SPLINE_CURVE_WITH_KNOTS ( 'NONE', 3,
 ( #4880, #6285, #1674, #5210, #6770, #5173, #1995, #439, #3043, #5690, #4848, #1706, #6440, #4136, #4355, #1522, #3652, #3803, #6473, #5800, #3243, #999, #3116, #3277, #5244, #4727, #6320, #1553, #596, #5399, #5985, #5431, #6577, #6510 ),
 .UNSPECIFIED., .F., .F.,
 ( 4, 2, 2, 2, 2, 2, 2, 2, 2, 2, 2, 2, 2, 2, 2, 2, 4 ),
 ( 8.673617379884035472E-19, 0.0005943463733161723998, 0.001188692746632343932, 0.001783039119948515465, 0.002377385493264686997, 0.002971731866580858313, 0.003566078239897030062, 0.004160424613213201811, 0.004754770986529373127, 0.005349117359845544442, 0.005943463733161715758, 0.006537810106477887941, 0.007132156479794059256, 0.007726502853110230572, 0.008320849226426403622, 0.008915195599742572335, 0.009509541973058744518 ),
 .UNSPECIFIED. ) ;
#2430 = ORIENTED_EDGE ( 'NONE', *, *, #5174, .F. ) ;
#2431 = EDGE_CURVE ( 'NONE', #4516, #3481, #5468, .T. ) ;
#2432 = B_SPLINE_CURVE_WITH_KNOTS ( 'NONE', 3,
 ( #3247, #601, #4854, #2195, #5241, #4326, #5923, #3679, #2064, #3806, #4264, #1580, #468, #3714, #11, #1094, #4761, #4789, #2130, #2589, #5827, #5795, #2689, #1027, #541, #3148 ),
 .UNSPECIFIED., .F., .F.,
 ( 4, 2, 2, 2, 2, 2, 2, 2, 2, 2, 2, 2, 4 ),
 ( 0.006437367315192638745, 0.006843821958708373038, 0.007250276602224107331, 0.008063185889255546426, 0.008876095176286985522, 0.009282549819802740632, 0.009689004463318495741, 0.01009545910683425085, 0.01050191375035000596, 0.01090836839386576107, 0.01131482303738151791, 0.01212773232441303334, 0.01294064161144454703 ),
 .UNSPECIFIED. ) ;
#2433 = ORIENTED_EDGE ( 'NONE', *, *, #4598, .F. ) ;
#2434 = FACE_OUTER_BOUND ( 'NONE', #4982, .T. ) ;
#2435 = CYLINDRICAL_SURFACE ( 'NONE', #4486, 1.650000000000017231 ) ;
#2436 = LINE ( 'NONE', #5757, #2612 ) ;
#2437 = AXIS2_PLACEMENT_3D ( 'NONE', #2077, #57, #4311 ) ;
#2438 = ORIENTED_EDGE ( 'NONE', *, *, #3402, .F. ) ;
#2439 = EDGE_CURVE ( 'NONE', #4434, #5195, #2917, .T. ) ;
#2440 = VERTEX_POINT ( 'NONE', #2752 ) ;
#2441 = VECTOR ( 'NONE', #672, 1000.000000000000000 ) ;
#2442 = CARTESIAN_POINT ( 'NONE',  ( 5.829330599566593385, -30.49982358402804294, 143.0000000000000284 ) ) ;
#2443 = CARTESIAN_POINT ( 'NONE',  ( -21.50000000000000000, 0.000000000000000000, 96.49999999999998579 ) ) ;
#2444 = DIRECTION ( 'NONE',  ( 0.000000000000000000, -0.000000000000000000, -1.000000000000000000 ) ) ;
#2445 = CARTESIAN_POINT ( 'NONE',  ( -12.20000000000000107, 32.05698051906948365, 117.4999999999998295 ) ) ;
#2446 = PERSON_AND_ORGANIZATION ( #18446744073709551615, #18446744073709551615 ) ;
#2447 = CARTESIAN_POINT ( 'NONE',  ( -23.00000000000000000, 27.79982358402804365, 30.40000000000000924 ) ) ;
#2448 = CIRCLE ( 'NONE', #6790, 32.10000000000000142 ) ;
#2449 = DIRECTION ( 'NONE',  ( -0.000000000000000000, 0.000000000000000000, 1.000000000000000000 ) ) ;
#2450 = CYLINDRICAL_SURFACE ( 'NONE', #1686, 1.199999999999999734 ) ;
#2451 = ORIENTED_EDGE ( 'NONE', *, *, #863, .F. ) ;
#2452 = DIRECTION ( 'NONE',  ( 0.000000000000000000, 0.000000000000000000, -1.000000000000000000 ) ) ;
#2453 = EDGE_LOOP ( 'NONE', ( #6814, #6710, #5553, #3526 ) ) ;
#2454 = CARTESIAN_POINT ( 'NONE',  ( -9.838153242078902849, 36.55959254989080165, 149.0396250533920863 ) ) ;
#2455 = FACE_BOUND ( 'NONE', #489, .T. ) ;
#2456 = DIRECTION ( 'NONE',  ( 0.000000000000000000, 0.000000000000000000, -1.000000000000000000 ) ) ;
#2457 = EDGE_CURVE ( 'NONE', #1703, #1184, #3818, .T. ) ;
#2458 = EDGE_CURVE ( 'NONE', #3458, #2511, #6139, .T. ) ;
#2459 = CARTESIAN_POINT ( 'NONE',  ( -6.731679714890159261, -37.25723328709625548, 153.9063989864854989 ) ) ;
#2460 = PLANE ( 'NONE',  #3230 ) ;
#2461 = ORIENTED_EDGE ( 'NONE', *, *, #2894, .F. ) ;
#2462 = CARTESIAN_POINT ( 'NONE',  ( 14.20048006593474632, 31.22236964387563418, 119.7679022048925930 ) ) ;
#2463 = EDGE_LOOP ( 'NONE', ( #5518, #1950 ) ) ;
#2464 = CARTESIAN_POINT ( 'NONE',  ( 4.468068730591642890, -32.43975741685359537, 143.0000000000000284 ) ) ;
#2465 = DIRECTION ( 'NONE',  ( -0.000000000000000000, -0.000000000000000000, -1.000000000000000000 ) ) ;
#2466 = AXIS2_PLACEMENT_3D ( 'NONE', #3781, #2070, #6323 ) ;
#2467 = ADVANCED_FACE ( 'NONE', ( #3315 ), #6581, .F. ) ;
#2468 = EDGE_LOOP ( 'NONE', ( #2645, #5395, #2120, #6198 ) ) ;
#2469 = ORIENTED_EDGE ( 'NONE', *, *, #4436, .T. ) ;
#2470 = PLANE ( 'NONE',  #1156 ) ;
#2471 = DIRECTION ( 'NONE',  ( -0.000000000000000000, 0.000000000000000000, 1.000000000000000000 ) ) ;
#2472 = EDGE_LOOP ( 'NONE', ( #5265, #4351, #6667, #2798 ) ) ;
#2473 = DIRECTION ( 'NONE',  ( 0.000000000000000000, 0.000000000000000000, -1.000000000000000000 ) ) ;
#2474 = CIRCLE ( 'NONE', #6368, 1.200000000000000178 ) ;
#2475 = ADVANCED_FACE ( 'NONE', ( #4883 ), #1259, .T. ) ;
#2476 = ADVANCED_FACE ( 'NONE', ( #2784 ), #2196, .F. ) ;
#2477 = ORIENTED_EDGE ( 'NONE', *, *, #5109, .F. ) ;
#2478 = VECTOR ( 'NONE', #428, 1000.000000000000000 ) ;
#2479 = ORIENTED_EDGE ( 'NONE', *, *, #937, .F. ) ;
#2480 = CARTESIAN_POINT ( 'NONE',  ( -22.70022666796064215, 30.29982358402804010, 188.0000000000000000 ) ) ;
#2481 = CARTESIAN_POINT ( 'NONE',  ( 19.51999999999999602, 30.29982358402804010, 94.85000000000000853 ) ) ;
#2482 = DIRECTION ( 'NONE',  ( -0.000000000000000000, -0.000000000000000000, -1.000000000000000000 ) ) ;
#2483 = FACE_BOUND ( 'NONE', #2537, .T. ) ;
#2484 = DIRECTION ( 'NONE',  ( 0.000000000000000000, -1.000000000000000000, 0.000000000000000000 ) ) ;
#2485 = EDGE_CURVE ( 'NONE', #1594, #1323, #385, .T. ) ;
#2486 = AXIS2_PLACEMENT_3D ( 'NONE', #2095, #6413, #6837 ) ;
#2487 = CARTESIAN_POINT ( 'NONE',  ( 13.50152142405814182, 35.37124109809184347, 122.2097803909242373 ) ) ;
#2488 = CIRCLE ( 'NONE', #3046, 32.10000000000000142 ) ;
#2489 = CARTESIAN_POINT ( 'NONE',  ( -16.98412536343293766, 27.79982358402804365, 96.00000000000000000 ) ) ;
#2490 = ORIENTED_EDGE ( 'NONE', *, *, #5337, .F. ) ;
#2491 = CARTESIAN_POINT ( 'NONE',  ( 16.52095165630702667, 34.06519862589189529, 92.07301320687976443 ) ) ;
#2492 = EDGE_LOOP ( 'NONE', ( #6490, #2656, #6426, #4457 ) ) ;
#2493 = CARTESIAN_POINT ( 'NONE',  ( -9.199807550975160453, 36.72523847526348817, 151.0969731810579901 ) ) ;
#2494 = LINE ( 'NONE', #1894, #177 ) ;
#2495 = CARTESIAN_POINT ( 'NONE',  ( -4.468068730591641113, -32.43975741685360958, 38.00000000000002842 ) ) ;
#2496 = CARTESIAN_POINT ( 'NONE',  ( -6.180400243800725946, -37.35259019166127104, 153.7012832897577255 ) ) ;
#2497 = LINE ( 'NONE', #4632, #6448 ) ;
#2498 = VERTEX_POINT ( 'NONE', #6618 ) ;
#2499 = LINE ( 'NONE', #1389, #5164 ) ;
#2500 = LINE ( 'NONE', #6786, #2273 ) ;
#2501 = ORIENTED_EDGE ( 'NONE', *, *, #3251, .F. ) ;
#2502 = CARTESIAN_POINT ( 'NONE',  ( -19.84999999999999787, 30.29982358402804010, 91.84999999999999432 ) ) ;
#2503 = ADVANCED_FACE ( 'NONE', ( #5160, #877 ), #1847, .F. ) ;
#2504 = DIRECTION ( 'NONE',  ( -0.000000000000000000, 0.000000000000000000, 1.000000000000000000 ) ) ;
#2505 = VECTOR ( 'NONE', #91, 1000.000000000000000 ) ;
#2506 = CIRCLE ( 'NONE', #5067, 3.000000000000002665 ) ;
#2507 = ORIENTED_EDGE ( 'NONE', *, *, #955, .T. ) ;
#2508 = EDGE_LOOP ( 'NONE', ( #3865, #242, #5532, #2244 ) ) ;
#2509 = FACE_OUTER_BOUND ( 'NONE', #2765, .T. ) ;
#2510 = CARTESIAN_POINT ( 'NONE',  ( 19.52000000000059288, 27.79982358402804365, 33.05000000000000426 ) ) ;
#2511 = VERTEX_POINT ( 'NONE', #4535 ) ;
#2512 = DIRECTION ( 'NONE',  ( -0.000000000000000000, -1.000000000000000000, -0.000000000000000000 ) ) ;
#2513 = AXIS2_PLACEMENT_3D ( 'NONE', #2559, #74, #102 ) ;
#2514 = ADVANCED_FACE ( 'NONE', ( #3528 ), #2435, .F. ) ;
#2515 = ORIENTED_EDGE ( 'NONE', *, *, #640, .F. ) ;
#2516 = VECTOR ( 'NONE', #5576, 1000.000000000000000 ) ;
#2517 = ORIENTED_EDGE ( 'NONE', *, *, #6512, .T. ) ;
#2518 = CARTESIAN_POINT ( 'NONE',  ( -3.250000000000000000, -34.29999999999999716, 0.000000000000000000 ) ) ;
#2519 = ADVANCED_FACE ( 'NONE', ( #4566 ), #3030, .F. ) ;
#2520 = CARTESIAN_POINT ( 'NONE',  ( -14.01296473848118040, 35.17253527826576942, 117.0782744722771724 ) ) ;
#2521 = CARTESIAN_POINT ( 'NONE',  ( 7.697010219495005856, -37.06988032454860615, 153.9999999999999432 ) ) ;
#2522 = ADVANCED_FACE ( 'NONE', ( #2993, #5642, #6718, #2364 ), #6197, .T. ) ;
#2523 = CARTESIAN_POINT ( 'NONE',  ( -10.71476365442141621, 32.58364189924049015, 118.1541521245990793 ) ) ;
#2524 = DATE_AND_TIME ( #403, #405 ) ;
#2525 = DIRECTION ( 'NONE',  ( -0.000000000000000000, -1.000000000000000000, -0.000000000000000000 ) ) ;
#2526 = PLANE ( 'NONE',  #4886 ) ;
#2527 = EDGE_CURVE ( 'NONE', #6255, #409, #4604, .T. ) ;
#2528 = CARTESIAN_POINT ( 'NONE',  ( 11.94601722982509173, 32.15363933552572462, 148.9000000000000341 ) ) ;
#2529 = ORIENTED_EDGE ( 'NONE', *, *, #6158, .F. ) ;
#2530 = CARTESIAN_POINT ( 'NONE',  ( 2.049999999999998934, -34.29999999999999716, 188.0000000000000000 ) ) ;
#2531 = ORIENTED_EDGE ( 'NONE', *, *, #1970, .T. ) ;
#2532 = DIRECTION ( 'NONE',  ( 1.000000000000000000, 0.000000000000000000, 0.000000000000000000 ) ) ;
#2533 = CARTESIAN_POINT ( 'NONE',  ( 13.14544720291863555, 35.50511224343506456, 153.7535937641529529 ) ) ;
#2534 = DESIGN_CONTEXT ( 'detailed design', #4339, 'design' ) ;
#2535 = CARTESIAN_POINT ( 'NONE',  ( -5.123145995605439929, -37.51193699491097533, 152.8410929372359135 ) ) ;
#2536 = CARTESIAN_POINT ( 'NONE',  ( 10.24344722282877207, 36.44821936032969489, 148.6173252804239553 ) ) ;
#2537 = EDGE_LOOP ( 'NONE', ( #1454, #2597 ) ) ;
#2538 = CARTESIAN_POINT ( 'NONE',  ( -9.472237046586093001, -36.65619833668245775, 153.2690101389202653 ) ) ;
#2539 = CARTESIAN_POINT ( 'NONE',  ( -17.50001167174533023, -29.49982358402804294, 188.0000000000000000 ) ) ;
#2540 = ORIENTED_EDGE ( 'NONE', *, *, #6818, .T. ) ;
#2541 = DIRECTION ( 'NONE',  ( -0.000000000000000000, -1.000000000000000000, 0.000000000000000000 ) ) ;
#2542 = CARTESIAN_POINT ( 'NONE',  ( -22.70022666796064215, 30.29982358402804010, 92.78605979576413176 ) ) ;
#2543 = ORIENTED_EDGE ( 'NONE', *, *, #955, .F. ) ;
#2544 = VERTEX_POINT ( 'NONE', #5022 ) ;
#2545 = FACE_OUTER_BOUND ( 'NONE', #3688, .T. ) ;
#2546 = DIRECTION ( 'NONE',  ( 0.000000000000000000, 0.000000000000000000, 1.000000000000000000 ) ) ;
#2547 = ORIENTED_EDGE ( 'NONE', *, *, #6035, .F. ) ;
#2548 = LINE ( 'NONE', #4682, #6051 ) ;
#2549 = EDGE_LOOP ( 'NONE', ( #6058, #5252, #1880, #2330 ) ) ;
#2550 = EDGE_CURVE ( 'NONE', #3200, #4784, #6684, .T. ) ;
#2551 = ORIENTED_EDGE ( 'NONE', *, *, #136, .F. ) ;
#2552 = ADVANCED_FACE ( 'NONE', ( #3564 ), #6091, .F. ) ;
#2553 = FACE_OUTER_BOUND ( 'NONE', #486, .T. ) ;
#2554 = CARTESIAN_POINT ( 'NONE',  ( -12.39407562301211208, 35.77441151289499288, 116.4999999999998295 ) ) ;
#2555 = DIRECTION ( 'NONE',  ( 0.000000000000000000, -0.000000000000000000, -1.000000000000000000 ) ) ;
#2556 = AXIS2_PLACEMENT_3D ( 'NONE', #2041, #449, #2569 ) ;
#2557 = DIRECTION ( 'NONE',  ( -0.000000000000000000, -0.000000000000000000, -1.000000000000000000 ) ) ;
#2558 = PERSON_AND_ORGANIZATION_ROLE ( 'creator' ) ;
#2559 = CARTESIAN_POINT ( 'NONE',  ( 0.000000000000000000, 0.000000000000000000, 64.00000000000001421 ) ) ;
#2560 = AXIS2_PLACEMENT_3D ( 'NONE', #3952, #3426, #2927 ) ;
#2561 = FACE_BOUND ( 'NONE', #4214, .T. ) ;
#2562 = CARTESIAN_POINT ( 'NONE',  ( 4.450000000000000178, 34.29999999999999716, 188.0000000000000000 ) ) ;
#2563 = VERTEX_POINT ( 'NONE', #1326 ) ;
#2564 = CARTESIAN_POINT ( 'NONE',  ( -5.829330599566602267, 33.80101928582860182, 188.0000000000000000 ) ) ;
#2565 = AXIS2_PLACEMENT_3D ( 'NONE', #5012, #1286, #731 ) ;
#2566 = CARTESIAN_POINT ( 'NONE',  ( 23.00000000000000000, 29.49982358402804294, 96.00000000000000000 ) ) ;
#2567 = EDGE_CURVE ( 'NONE', #4527, #5300, #5043, .T. ) ;
#2568 = VERTEX_POINT ( 'NONE', #2510 ) ;
#2569 = DIRECTION ( 'NONE',  ( 0.000000000000000000, 0.000000000000000000, 1.000000000000000000 ) ) ;
#2570 = CARTESIAN_POINT ( 'NONE',  ( -13.98584434313094782, -13.98584434313071867, 38.00000000000002842 ) ) ;
#2571 = ORIENTED_EDGE ( 'NONE', *, *, #2395, .T. ) ;
#2572 = CARTESIAN_POINT ( 'NONE',  ( -10.40091286902958423, -36.40332795557190337, 150.2100619858133257 ) ) ;
#2573 = CARTESIAN_POINT ( 'NONE',  ( 17.50001167174533023, -29.49982358402804294, 188.0000000000000000 ) ) ;
#2574 = ORIENTED_EDGE ( 'NONE', *, *, #2125, .F. ) ;
#2575 = DIRECTION ( 'NONE',  ( -0.000000000000000000, -0.000000000000000000, -1.000000000000000000 ) ) ;
#2576 = CARTESIAN_POINT ( 'NONE',  ( -3.265987202574514914, 33.64183894487069892, 188.0000000000000000 ) ) ;
#2577 = EDGE_CURVE ( 'NONE', #5005, #1262, #6593, .T. ) ;
#2578 = ORIENTED_EDGE ( 'NONE', *, *, #5409, .F. ) ;
#2579 = ORIENTED_EDGE ( 'NONE', *, *, #3710, .F. ) ;
#2580 = CYLINDRICAL_SURFACE ( 'NONE', #2253, 3.000000000000002665 ) ;
#2581 = CARTESIAN_POINT ( 'NONE',  ( -4.468068730591641113, -32.43975741685360958, 143.0000000000000284 ) ) ;
#2582 = EDGE_LOOP ( 'NONE', ( #2926, #3979, #5921, #5071 ) ) ;
#2583 = DIRECTION ( 'NONE',  ( 0.000000000000000000, 0.000000000000000000, 1.000000000000000000 ) ) ;
#2584 = VECTOR ( 'NONE', #4105, 1000.000000000000000 ) ;
#2585 = VERTEX_POINT ( 'NONE', #2922 ) ;
#2586 = ORIENTED_EDGE ( 'NONE', *, *, #2061, .F. ) ;
#2587 = DIRECTION ( 'NONE',  ( -0.000000000000000000, -1.000000000000000000, -0.000000000000000000 ) ) ;
#2588 = CIRCLE ( 'NONE', #3147, 34.29999999999999716 ) ;
#2589 = CARTESIAN_POINT ( 'NONE',  ( -13.77033014253361820, 31.41456283129786442, 149.6543870046846223 ) ) ;
#2590 = CARTESIAN_POINT ( 'NONE',  ( 17.50001167174533023, -29.49982358402804294, 188.0000000000000000 ) ) ;
#2591 = LINE ( 'NONE', #4169, #6382 ) ;
#2592 = CARTESIAN_POINT ( 'NONE',  ( -22.03624989340315210, 30.78706362647005790, 89.76984502205083061 ) ) ;
#2593 = EDGE_CURVE ( 'NONE', #3621, #4088, #1596, .T. ) ;
#2594 = CIRCLE ( 'NONE', #5374, 34.29999999999999716 ) ;
#2595 = CARTESIAN_POINT ( 'NONE',  ( 6.397958626452089978E-15, -34.29999999999999716, 188.0000000000000000 ) ) ;
#2596 = CARTESIAN_POINT ( 'NONE',  ( -5.829330599566604931, -6.634584557488565057E-16, 183.0000000000000000 ) ) ;
#2597 = ORIENTED_EDGE ( 'NONE', *, *, #3203, .T. ) ;
#2598 = CIRCLE ( 'NONE', #5592, 34.29999999999999716 ) ;
#2599 = CARTESIAN_POINT ( 'NONE',  ( 17.33924559335542170, 33.65644540908873950, 93.91942050055504865 ) ) ;
#2600 = CARTESIAN_POINT ( 'NONE',  ( -11.44211568541473056, 36.09011709771405663, 153.8089895033366474 ) ) ;
#2601 = EDGE_CURVE ( 'NONE', #5454, #915, #5055, .T. ) ;
#2602 = CIRCLE ( 'NONE', #6833, 32.10000000000000142 ) ;
#2603 = ORIENTED_EDGE ( 'NONE', *, *, #6641, .F. ) ;
#2604 = DIRECTION ( 'NONE',  ( 1.000000000000000000, 0.000000000000000000, 0.000000000000000000 ) ) ;
#2605 = CARTESIAN_POINT ( 'NONE',  ( 4.468068730591642890, -32.43975741685359537, 38.00000000000002842 ) ) ;
#2606 = ADVANCED_FACE ( 'NONE', ( #281 ), #6060, .F. ) ;
#2607 = ORIENTED_EDGE ( 'NONE', *, *, #5609, .F. ) ;
#2608 = CARTESIAN_POINT ( 'NONE',  ( -10.48043153444420028, -36.38051389574383165, 151.3953122374171869 ) ) ;
#2609 = FACE_BOUND ( 'NONE', #5332, .T. ) ;
#2610 = ORIENTED_EDGE ( 'NONE', *, *, #2332, .F. ) ;
#2611 = CARTESIAN_POINT ( 'NONE',  ( -18.28435426518007745, 33.15244643367598343, 37.26407715805360965 ) ) ;
#2612 = VECTOR ( 'NONE', #4568, 1000.000000000000000 ) ;
#2613 = DIRECTION ( 'NONE',  ( 1.000000000000000000, 0.000000000000000000, 0.000000000000000000 ) ) ;
#2614 = CARTESIAN_POINT ( 'NONE',  ( 13.98584434313093361, -13.98584434313062808, 38.00000000000002842 ) ) ;
#2615 = AXIS2_PLACEMENT_3D ( 'NONE', #2427, #6263, #6151 ) ;
#2616 = EDGE_CURVE ( 'NONE', #6121, #2786, #1146, .T. ) ;
#2617 = ORIENTED_EDGE ( 'NONE', *, *, #4598, .T. ) ;
#2618 = CARTESIAN_POINT ( 'NONE',  ( -18.82178787395491781, 32.85038230390072300, 31.87767553141459231 ) ) ;
#2619 = DIRECTION ( 'NONE',  ( 1.000000000000000000, 0.000000000000000000, 0.000000000000000000 ) ) ;
#2620 = ORIENTED_EDGE ( 'NONE', *, *, #2965, .F. ) ;
#2621 = CARTESIAN_POINT ( 'NONE',  ( -15.69237908486685207, -30.49982358402804294, 140.0000000000000000 ) ) ;
#2622 = VECTOR ( 'NONE', #4671, 1000.000000000000000 ) ;
#2623 = VECTOR ( 'NONE', #1887, 1000.000000000000000 ) ;
#2624 = ORIENTED_EDGE ( 'NONE', *, *, #345, .F. ) ;
#2625 = CYLINDRICAL_SURFACE ( 'NONE', #3690, 3.000000000000002665 ) ;
#2626 = CIRCLE ( 'NONE', #619, 1.199999999999999734 ) ;
#2627 = FACE_OUTER_BOUND ( 'NONE', #3875, .T. ) ;
#2628 = DIRECTION ( 'NONE',  ( -0.000000000000000000, -0.000000000000000000, -1.000000000000000000 ) ) ;
#2629 = DIRECTION ( 'NONE',  ( -0.000000000000000000, -1.000000000000000000, -0.000000000000000000 ) ) ;
#2630 = VECTOR ( 'NONE', #800, 1000.000000000000000 ) ;
#2631 = LINE ( 'NONE', #6877, #451 ) ;
#2632 = DIRECTION ( 'NONE',  ( 0.7071067811865416886, -0.7071067811865532349, 0.000000000000000000 ) ) ;
#2633 = ORIENTED_EDGE ( 'NONE', *, *, #3126, .F. ) ;
#2634 = AXIS2_PLACEMENT_3D ( 'NONE', #1717, #220, #185 ) ;
#2635 = CARTESIAN_POINT ( 'NONE',  ( 0.000000000000000000, 30.49982358402804294, 96.49999999999998579 ) ) ;
#2636 = CARTESIAN_POINT ( 'NONE',  ( -11.25843782810459004, 36.14778468294319680, 153.7549650493122613 ) ) ;
#2637 = B_SPLINE_CURVE_WITH_KNOTS ( 'NONE', 3,
 ( #4902, #2243, #4376, #6495, #1309, #860, #756, #3434, #6567, #2903, #1860, #6599, #4518, #5038, #194, #788, #4548, #3367, #6140, #5522, #2974, #1343, #722, #5551, #4448, #5484, #1830, #6007, #2380, #1241, #3406, #2839, #5587, #262 ),
 .UNSPECIFIED., .F., .F.,
 ( 4, 2, 2, 2, 2, 2, 2, 2, 2, 2, 2, 2, 2, 2, 2, 2, 4 ),
 ( 0.000000000000000000, 0.0005902828351267860006, 0.001180565670253572001, 0.001770848505380358002, 0.002361131340507144002, 0.002951414175633930003, 0.003541697010760716004, 0.004131979845887501571, 0.004722262681014288005, 0.005312545516141074439, 0.005902828351267860006, 0.006493111186394645573, 0.007083394021521432007, 0.007673676856648218442, 0.008263959691775003141, 0.008854242526901789576, 0.009444525362028576010 ),
 .UNSPECIFIED. ) ;
#2638 = ORIENTED_EDGE ( 'NONE', *, *, #3839, .F. ) ;
#2639 = CARTESIAN_POINT ( 'NONE',  ( 19.51999999999999602, 30.29982358402804010, 91.84999999999999432 ) ) ;
#2640 = EDGE_CURVE ( 'NONE', #1909, #1870, #3151, .T. ) ;
#2641 = DIRECTION ( 'NONE',  ( 1.000000000000000000, 0.000000000000000000, 0.000000000000000000 ) ) ;
#2642 = VERTEX_POINT ( 'NONE', #3072 ) ;
#2643 = CARTESIAN_POINT ( 'NONE',  ( 17.50001167174533023, 29.49982358402804294, 188.0000000000000000 ) ) ;
#2644 = FACE_OUTER_BOUND ( 'NONE', #4876, .T. ) ;
#2645 = ORIENTED_EDGE ( 'NONE', *, *, #6805, .F. ) ;
#2646 = CARTESIAN_POINT ( 'NONE',  ( -17.50001167174533023, 29.49982358402804294, 170.4999999999999716 ) ) ;
#2647 = DIRECTION ( 'NONE',  ( -1.000000000000000000, 2.925022541443934832E-16, 0.000000000000000000 ) ) ;
#2648 = EDGE_CURVE ( 'NONE', #347, #6161, #2594, .T. ) ;
#2649 = LINE ( 'NONE', #6337, #549 ) ;
#2650 = ORIENTED_EDGE ( 'NONE', *, *, #2648, .T. ) ;
#2651 = CARTESIAN_POINT ( 'NONE',  ( -18.26293444093327523, 33.16423633076657751, 32.14928710279641422 ) ) ;
#2652 = CARTESIAN_POINT ( 'NONE',  ( -22.70022666796064215, 30.29982358402804010, 188.0000000000000000 ) ) ;
#2653 = ORIENTED_EDGE ( 'NONE', *, *, #1422, .T. ) ;
#2654 = CARTESIAN_POINT ( 'NONE',  ( -16.98412536343293766, 30.29982358402804010, 90.96300362600423739 ) ) ;
#2655 = ADVANCED_FACE ( 'NONE', ( #3705 ), #5231, .T. ) ;
#2656 = ORIENTED_EDGE ( 'NONE', *, *, #5291, .T. ) ;
#2657 = CYLINDRICAL_SURFACE ( 'NONE', #5118, 1.199999999999999734 ) ;
#2658 = DIRECTION ( 'NONE',  ( -0.000000000000000000, -0.000000000000000000, -1.000000000000000000 ) ) ;
#2659 = CARTESIAN_POINT ( 'NONE',  ( 9.469191858868926559, -36.65699210166126676, 148.7281476372508564 ) ) ;
#2660 = DIRECTION ( 'NONE',  ( 1.138138323803736265E-16, 1.000000000000000000, 0.000000000000000000 ) ) ;
#2661 = AXIS2_PLACEMENT_3D ( 'NONE', #1117, #4809, #561 ) ;
#2662 = CIRCLE ( 'NONE', #2988, 1.200000000000000178 ) ;
#2663 = CARTESIAN_POINT ( 'NONE',  ( -7.500011671745328456, -29.49982358402804294, 150.9999999999999716 ) ) ;
#2664 = CARTESIAN_POINT ( 'NONE',  ( -21.50000000000000000, 30.49982358402804294, 96.49999999999998579 ) ) ;
#2665 = ORIENTED_EDGE ( 'NONE', *, *, #4344, .T. ) ;
#2666 = CARTESIAN_POINT ( 'NONE',  ( -10.72506496359653383, 36.30952151025840635, 122.1196113442304920 ) ) ;
#2667 = CARTESIAN_POINT ( 'NONE',  ( -3.265987202574514914, -33.64183894487069892, 38.00000000000002842 ) ) ;
#2668 = VECTOR ( 'NONE', #483, 1000.000000000000000 ) ;
#2669 = ORIENTED_EDGE ( 'NONE', *, *, #6612, .T. ) ;
#2670 = CARTESIAN_POINT ( 'NONE',  ( -19.84999999999999787, 95.39982358402802731, 90.20000000000000284 ) ) ;
#2671 = CARTESIAN_POINT ( 'NONE',  ( 7.500011671745328456, -44.49982358402804294, 153.9999999999999716 ) ) ;
#2672 = VECTOR ( 'NONE', #4764, 1000.000000000000000 ) ;
#2673 = ORIENTED_EDGE ( 'NONE', *, *, #3547, .F. ) ;
#2674 = CARTESIAN_POINT ( 'NONE',  ( 12.70501845062740465, 31.86048465643256833, 121.4393550779454642 ) ) ;
#2675 = CARTESIAN_POINT ( 'NONE',  ( 21.25503916633108759, 31.33112643211679327, 32.24551980229078652 ) ) ;
#2676 = ORIENTED_EDGE ( 'NONE', *, *, #1244, .T. ) ;
#2677 = FACE_OUTER_BOUND ( 'NONE', #1659, .T. ) ;
#2678 = DIRECTION ( 'NONE',  ( 0.000000000000000000, 0.000000000000000000, 1.000000000000000000 ) ) ;
#2679 = EDGE_CURVE ( 'NONE', #1184, #1629, #2019, .T. ) ;
#2680 = ADVANCED_FACE ( 'NONE', ( #3600 ), #3177, .F. ) ;
#2681 = ORIENTED_EDGE ( 'NONE', *, *, #4427, .T. ) ;
#2682 = EDGE_LOOP ( 'NONE', ( #2035, #4914, #4972, #5151 ) ) ;
#2683 = DIRECTION ( 'NONE',  ( -0.000000000000000000, -1.000000000000000000, -0.000000000000000000 ) ) ;
#2684 = ORIENTED_EDGE ( 'NONE', *, *, #6252, .T. ) ;
#2685 = CARTESIAN_POINT ( 'NONE',  ( 17.50001167174533023, -29.49982358402804294, 163.0000000000000000 ) ) ;
#2686 = B_SPLINE_CURVE_WITH_KNOTS ( 'NONE', 3,
 ( #3631, #5674, #4009, #909, #6119, #3024, #382, #1114, #1144, #3268, #2084, #3768, #6335, #30, #5392, #5909, #6304, #6824, #1639, #492, #4318, #1537, #3667, #5782, #1569, #2049 ),
 .UNSPECIFIED., .F., .F.,
 ( 4, 2, 2, 2, 2, 2, 2, 2, 2, 2, 2, 2, 4 ),
 ( 0.006437367315192657827, 0.006843821958708409467, 0.007250276602224160240, 0.008063185889255662653, 0.008876095176287165933, 0.009282549819802914104, 0.009689004463318664009, 0.01009545910683441218, 0.01050191375035016209, 0.01090836839386590852, 0.01131482303738165322, 0.01212773232441311660, 0.01294064161144458172 ),
 .UNSPECIFIED. ) ;
#2687 = EDGE_CURVE ( 'NONE', #6301, #2204, #2089, .T. ) ;
#2688 = EDGE_LOOP ( 'NONE', ( #3930, #6742, #978, #3606 ) ) ;
#2689 = CARTESIAN_POINT ( 'NONE',  ( -13.18279008737532010, 31.66652476907614400, 149.1397018977453683 ) ) ;
#2690 = CARTESIAN_POINT ( 'NONE',  ( 8.819166743180021584, -36.81896449916600744, 148.2985627539262339 ) ) ;
#2691 = CYLINDRICAL_SURFACE ( 'NONE', #715, 3.000000000000002665 ) ;
#2692 = EDGE_CURVE ( 'NONE', #3407, #386, #4196, .T. ) ;
#2693 = DIRECTION ( 'NONE',  ( 0.000000000000000000, 1.000000000000000000, -0.000000000000000000 ) ) ;
#2694 = CARTESIAN_POINT ( 'NONE',  ( -5.829330599566602267, 37.40853518598355976, 5.000000000000000000 ) ) ;
#2695 = EDGE_CURVE ( 'NONE', #6026, #6716, #4044, .T. ) ;
#2696 = ORIENTED_EDGE ( 'NONE', *, *, #4147, .F. ) ;
#2697 = FACE_OUTER_BOUND ( 'NONE', #6324, .T. ) ;
#2698 = CARTESIAN_POINT ( 'NONE',  ( 5.829330599566602267, -33.80101928582859472, 163.0000000000000000 ) ) ;
#2699 = VECTOR ( 'NONE', #5863, 1000.000000000000000 ) ;
#2700 = ORIENTED_EDGE ( 'NONE', *, *, #4899, .F. ) ;
#2701 = CARTESIAN_POINT ( 'NONE',  ( -22.70022666796064215, 30.29982358402804010, 92.78605979576413176 ) ) ;
#2702 = AXIS2_PLACEMENT_3D ( 'NONE', #1549, #542, #3149 ) ;
#2703 = CARTESIAN_POINT ( 'NONE',  ( -19.84999999999999787, 35.29982358402804010, 91.84999999999999432 ) ) ;
#2704 = ORIENTED_EDGE ( 'NONE', *, *, #6377, .T. ) ;
#2705 = DIRECTION ( 'NONE',  ( 0.000000000000000000, 0.000000000000000000, -1.000000000000000000 ) ) ;
#2706 = CARTESIAN_POINT ( 'NONE',  ( 19.52000000000059288, 32.43993218241971732, 31.69999999999999929 ) ) ;
#2707 = VERTEX_POINT ( 'NONE', #3671 ) ;
#2708 = CARTESIAN_POINT ( 'NONE',  ( -17.54736834861020256, 33.54820972346025343, 36.63035833770506855 ) ) ;
#2709 = LINE ( 'NONE', #6432, #4199 ) ;
#2710 = DIRECTION ( 'NONE',  ( -0.000000000000000000, 0.000000000000000000, 1.000000000000000000 ) ) ;
#2711 = ORIENTED_EDGE ( 'NONE', *, *, #2038, .T. ) ;
#2712 = AXIS2_PLACEMENT_3D ( 'NONE', #4869, #4414, #3463 ) ;
#2713 = DIRECTION ( 'NONE',  ( 1.138138323803736265E-16, 1.000000000000000000, 0.000000000000000000 ) ) ;
#2714 = ORIENTED_EDGE ( 'NONE', *, *, #6641, .T. ) ;
#2715 = CARTESIAN_POINT ( 'NONE',  ( 7.500011671745327568, -37.10969448707032114, 48.99999999999997868 ) ) ;
#2716 = CARTESIAN_POINT ( 'NONE',  ( 0.000000000000000000, 0.000000000000000000, 58.00000000000002132 ) ) ;
#2717 = CIRCLE ( 'NONE', #6840, 1.199999999999999734 ) ;
#2718 = ORIENTED_EDGE ( 'NONE', *, *, #4985, .F. ) ;
#2719 = CARTESIAN_POINT ( 'NONE',  ( 6.397958626452089978E-15, -34.29999999999999716, 188.0000000000000000 ) ) ;
#2720 = EDGE_CURVE ( 'NONE', #3414, #3589, #6340, .T. ) ;
#2721 = CARTESIAN_POINT ( 'NONE',  ( 9.362051580390343020, 36.68430270376598656, 120.4927661957511731 ) ) ;
#2722 = CARTESIAN_POINT ( 'NONE',  ( 16.86727110663729334, 33.89518482460076854, 36.11602111132297921 ) ) ;
#2723 = CIRCLE ( 'NONE', #4843, 1.650000000000017231 ) ;
#2724 = VECTOR ( 'NONE', #4775, 1000.000000000000000 ) ;
#2725 = ADVANCED_FACE ( 'NONE', ( #1983 ), #1575, .F. ) ;
#2726 = VECTOR ( 'NONE', #5547, 1000.000000000000000 ) ;
#2727 = CARTESIAN_POINT ( 'NONE',  ( 3.250000000000000000, 34.29999999999999716, 183.0000000000000000 ) ) ;
#2728 = DIRECTION ( 'NONE',  ( 0.000000000000000000, 0.000000000000000000, -1.000000000000000000 ) ) ;
#2729 = VERTEX_POINT ( 'NONE', #3638 ) ;
#2730 = CARTESIAN_POINT ( 'NONE',  ( -9.220378268119588938, 36.72010302387159442, 119.0967211008305071 ) ) ;
#2731 = CARTESIAN_POINT ( 'NONE',  ( 22.52080419682432932, 30.43341879224869473, 92.05476425874665836 ) ) ;
#2732 = AXIS2_PLACEMENT_3D ( 'NONE', #2916, #6018, #1743 ) ;
#2733 = EDGE_CURVE ( 'NONE', #6365, #4633, #3125, .T. ) ;
#2734 = ORIENTED_EDGE ( 'NONE', *, *, #199, .F. ) ;
#2735 = DIRECTION ( 'NONE',  ( 0.000000000000000000, 0.000000000000000000, 1.000000000000000000 ) ) ;
#2736 = VECTOR ( 'NONE', #4452, 1000.000000000000000 ) ;
#2737 = DIRECTION ( 'NONE',  ( 0.000000000000000000, 0.000000000000000000, -1.000000000000000000 ) ) ;
#2738 = ORIENTED_EDGE ( 'NONE', *, *, #35, .T. ) ;
#2739 = DIRECTION ( 'NONE',  ( -0.000000000000000000, 1.000000000000000000, -0.000000000000000000 ) ) ;
#2740 = CARTESIAN_POINT ( 'NONE',  ( 1.649999999999822498, 34.29999999999999716, 188.0000000000000000 ) ) ;
#2741 = VERTEX_POINT ( 'NONE', #2945 ) ;
#2742 = CARTESIAN_POINT ( 'NONE',  ( 10.30644399781024312, 32.71498552970825813, 118.8422231333526611 ) ) ;
#2743 = CARTESIAN_POINT ( 'NONE',  ( -7.500011671745328456, -44.49982358402804294, 150.9999999999999716 ) ) ;
#2744 = ORIENTED_EDGE ( 'NONE', *, *, #4608, .F. ) ;
#2745 = ORIENTED_EDGE ( 'NONE', *, *, #1744, .T. ) ;
#2746 = DIRECTION ( 'NONE',  ( -0.000000000000000000, -0.000000000000000000, -1.000000000000000000 ) ) ;
#2747 = ORIENTED_EDGE ( 'NONE', *, *, #5851, .F. ) ;
#2748 = FACE_BOUND ( 'NONE', #5713, .T. ) ;
#2749 = DIRECTION ( 'NONE',  ( 0.000000000000000000, 0.000000000000000000, 1.000000000000000000 ) ) ;
#2750 = ORIENTED_EDGE ( 'NONE', *, *, #6635, .F. ) ;
#2751 = CARTESIAN_POINT ( 'NONE',  ( 13.91643603570990173, 31.35011232279548565, 149.8650529267295326 ) ) ;
#2752 = CARTESIAN_POINT ( 'NONE',  ( 19.51999999999999602, 32.43993218242007970, 94.85000000000000853 ) ) ;
#2753 = CARTESIAN_POINT ( 'NONE',  ( 4.449999999999998401, -34.29999999999999716, 188.0000000000000000 ) ) ;
#2754 = ADVANCED_FACE ( 'NONE', ( #1895 ), #2420, .F. ) ;
#2755 = EDGE_CURVE ( 'NONE', #4310, #2729, #484, .T. ) ;
#2756 = CARTESIAN_POINT ( 'NONE',  ( -21.50000000000000000, 29.49982358402804294, 96.49999999999998579 ) ) ;
#2757 = CYLINDRICAL_SURFACE ( 'NONE', #247, 1.699999999999977529 ) ;
#2758 = ORIENTED_EDGE ( 'NONE', *, *, #5878, .F. ) ;
#2759 = DIRECTION ( 'NONE',  ( 1.000000000000000000, 0.000000000000000000, 0.000000000000000000 ) ) ;
#2760 = LINE ( 'NONE', #149, #6397 ) ;
#2761 = CIRCLE ( 'NONE', #3889, 37.86000000000017707 ) ;
#2762 = VERTEX_POINT ( 'NONE', #302 ) ;
#2763 = DIRECTION ( 'NONE',  ( 0.000000000000000000, 0.000000000000000000, 1.000000000000000000 ) ) ;
#2764 = CARTESIAN_POINT ( 'NONE',  ( 5.829330599566612037, 33.80101928582860182, 163.0000000000000000 ) ) ;
#2765 = EDGE_LOOP ( 'NONE', ( #2578, #4943 ) ) ;
#2766 = CARTESIAN_POINT ( 'NONE',  ( -19.84999999999999787, 27.79982358402804365, 91.84999999999999432 ) ) ;
#2767 = CARTESIAN_POINT ( 'NONE',  ( -3.265987202574514914, -33.64183894487069892, 5.000000000000000000 ) ) ;
#2768 = VECTOR ( 'NONE', #1459, 1000.000000000000000 ) ;
#2769 = ORIENTED_EDGE ( 'NONE', *, *, #5653, .F. ) ;
#2770 = CARTESIAN_POINT ( 'NONE',  ( 23.73057117962473939, 29.49982358402804294, 188.0000000000000000 ) ) ;
#2771 = EDGE_CURVE ( 'NONE', #3569, #6623, #1423, .T. ) ;
#2772 = CYLINDRICAL_SURFACE ( 'NONE', #292, 1.699999999999977751 ) ;
#2773 = AXIS2_PLACEMENT_3D ( 'NONE', #1524, #5767, #3119 ) ;
#2774 = CARTESIAN_POINT ( 'NONE',  ( 3.250000000000000000, 34.29999999999999716, 0.000000000000000000 ) ) ;
#2775 = DIRECTION ( 'NONE',  ( -0.000000000000000000, -1.000000000000000000, -0.000000000000000000 ) ) ;
#2776 = ORIENTED_EDGE ( 'NONE', *, *, #2239, .F. ) ;
#2777 = CARTESIAN_POINT ( 'NONE',  ( 7.500011671745327568, -37.10969448707032114, 147.9999999999999716 ) ) ;
#2778 = ORIENTED_EDGE ( 'NONE', *, *, #79, .T. ) ;
#2779 = CARTESIAN_POINT ( 'NONE',  ( 0.000000000000000000, 0.000000000000000000, 163.0000000000000000 ) ) ;
#2780 = ADVANCED_FACE ( 'NONE', ( #3475 ), #5593, .F. ) ;
#2781 = CARTESIAN_POINT ( 'NONE',  ( -19.84999999999999787, 30.29982358402804010, 91.84999999999999432 ) ) ;
#2782 = ORIENTED_EDGE ( 'NONE', *, *, #4094, .T. ) ;
#2783 = CARTESIAN_POINT ( 'NONE',  ( 13.39119822555461070, 31.57814706762653856, 149.2883648755824595 ) ) ;
#2784 = FACE_OUTER_BOUND ( 'NONE', #3596, .T. ) ;
#2785 = DIRECTION ( 'NONE',  ( -0.000000000000000000, -0.000000000000000000, -1.000000000000000000 ) ) ;
#2786 = VERTEX_POINT ( 'NONE', #2495 ) ;
#2787 = LINE ( 'NONE', #4920, #5341 ) ;
#2788 = CARTESIAN_POINT ( 'NONE',  ( -10.26737527623955515, 32.72723339159371392, 151.4321722153340488 ) ) ;
#2789 = DIRECTION ( 'NONE',  ( 0.000000000000000000, -1.000000000000000000, 0.000000000000000000 ) ) ;
#2790 = VERTEX_POINT ( 'NONE', #6670 ) ;
#2791 = DIRECTION ( 'NONE',  ( -0.000000000000000000, -0.000000000000000000, 1.000000000000000000 ) ) ;
#2792 = EDGE_CURVE ( 'NONE', #5845, #2795, #1914, .T. ) ;
#2793 = CARTESIAN_POINT ( 'NONE',  ( 13.98584434313093361, -13.98584434313062985, 0.000000000000000000 ) ) ;
#2794 = AXIS2_PLACEMENT_3D ( 'NONE', #5246, #4175, #5897 ) ;
#2795 = VERTEX_POINT ( 'NONE', #268 ) ;
#2796 = CARTESIAN_POINT ( 'NONE',  ( 12.95926162749736399, 35.57353935756876240, 116.5914081872842303 ) ) ;
#2797 = CARTESIAN_POINT ( 'NONE',  ( 2.049999999999998934, -34.29999999999999716, 0.000000000000000000 ) ) ;
#2798 = ORIENTED_EDGE ( 'NONE', *, *, #4735, .F. ) ;
#2799 = DIRECTION ( 'NONE',  ( -0.000000000000000000, -0.000000000000000000, -1.000000000000000000 ) ) ;
#2800 = AXIS2_PLACEMENT_3D ( 'NONE', #436, #469, #3749 ) ;
#2801 = PLANE ( 'NONE',  #1619 ) ;
#2802 = EDGE_CURVE ( 'NONE', #4281, #3175, #2598, .T. ) ;
#2803 = ORIENTED_EDGE ( 'NONE', *, *, #46, .F. ) ;
#2804 = FACE_BOUND ( 'NONE', #129, .T. ) ;
#2805 = LINE ( 'NONE', #791, #5630 ) ;
#2806 = VECTOR ( 'NONE', #5924, 1000.000000000000000 ) ;
#2807 = DIRECTION ( 'NONE',  ( -0.000000000000000000, -1.000000000000000000, -0.000000000000000000 ) ) ;
#2808 = EDGE_CURVE ( 'NONE', #1844, #4040, #3549, .T. ) ;
#2809 = DIRECTION ( 'NONE',  ( 1.000000000000000000, 0.000000000000000000, 0.000000000000000000 ) ) ;
#2810 = VERTEX_POINT ( 'NONE', #865 ) ;
#2811 = FACE_OUTER_BOUND ( 'NONE', #4050, .T. ) ;
#2812 = ORIENTED_EDGE ( 'NONE', *, *, #1314, .F. ) ;
#2813 = LINE ( 'NONE', #4947, #2942 ) ;
#2814 = AXIS2_PLACEMENT_3D ( 'NONE', #6271, #3210, #2190 ) ;
#2815 = CARTESIAN_POINT ( 'NONE',  ( -17.50001167174533023, 29.49982358402804294, 96.49999999999998579 ) ) ;
#2816 = ORIENTED_EDGE ( 'NONE', *, *, #2285, .T. ) ;
#2817 = EDGE_CURVE ( 'NONE', #4516, #6301, #6509, .T. ) ;
#2818 = VECTOR ( 'NONE', #6494, 1000.000000000000000 ) ;
#2819 = ORIENTED_EDGE ( 'NONE', *, *, #402, .T. ) ;
#2820 = CARTESIAN_POINT ( 'NONE',  ( 13.98522807363762332, 31.31943100974208249, 151.8115850760408136 ) ) ;
#2821 = CARTESIAN_POINT ( 'NONE',  ( 9.832735432515395502, 36.56104799019945517, 117.6465544566588335 ) ) ;
#2822 = CARTESIAN_POINT ( 'NONE',  ( 16.96001455226622312, 33.84899936849706847, 33.12289743792506869 ) ) ;
#2823 = VECTOR ( 'NONE', #4323, 1000.000000000000000 ) ;
#2824 = EDGE_LOOP ( 'NONE', ( #229, #1428 ) ) ;
#2825 = FACE_OUTER_BOUND ( 'NONE', #683, .T. ) ;
#2826 = AXIS2_PLACEMENT_3D ( 'NONE', #3837, #3343, #696 ) ;
#2827 = CARTESIAN_POINT ( 'NONE',  ( -3.101721574042660468, -31.94979379083876125, 38.00000000000002842 ) ) ;
#2828 = CARTESIAN_POINT ( 'NONE',  ( -16.98412536343293766, 27.79982358402804365, 30.40000000000000924 ) ) ;
#2829 = EDGE_LOOP ( 'NONE', ( #6689, #2054, #4106, #2975 ) ) ;
#2830 = CARTESIAN_POINT ( 'NONE',  ( -10.19056844989007971, -36.46283393194112676, 47.34175412794661497 ) ) ;
#2831 = CARTESIAN_POINT ( 'NONE',  ( 0.000000000000000000, 0.000000000000000000, 188.0000000000000000 ) ) ;
#2832 = CIRCLE ( 'NONE', #3192, 34.29999999999999716 ) ;
#2833 = VECTOR ( 'NONE', #1854, 1000.000000000000000 ) ;
#2834 = ORIENTED_EDGE ( 'NONE', *, *, #6093, .F. ) ;
#2835 = DIRECTION ( 'NONE',  ( 1.000000000000000000, 0.000000000000000000, 0.000000000000000000 ) ) ;
#2836 = CARTESIAN_POINT ( 'NONE',  ( -15.69237908486685207, -30.49982358402804294, 64.00000000000001421 ) ) ;
#2837 = ORIENTED_EDGE ( 'NONE', *, *, #2431, .F. ) ;
#2838 = CIRCLE ( 'NONE', #1073, 1.650000000000017231 ) ;
#2839 = CARTESIAN_POINT ( 'NONE',  ( -7.110317498549349580, -37.18683351733104558, 43.01907777065879657 ) ) ;
#2840 = EDGE_LOOP ( 'NONE', ( #3469, #4871, #4611, #1155 ) ) ;
#2841 = CARTESIAN_POINT ( 'NONE',  ( 10.90064477660915720, 32.52192736644699522, 117.9739406206359575 ) ) ;
#2842 = CYLINDRICAL_SURFACE ( 'NONE', #6519, 1.699999999999977529 ) ;
#2843 = AXIS2_PLACEMENT_3D ( 'NONE', #759, #4418, #1767 ) ;
#2844 = ADVANCED_FACE ( 'NONE', ( #1678 ), #1548, .F. ) ;
#2845 = ADVANCED_FACE ( 'NONE', ( #5339 ), #4204, .F. ) ;
#2846 = CARTESIAN_POINT ( 'NONE',  ( 4.468068730591642890, -32.43975741685359537, 38.00000000000002842 ) ) ;
#2847 = CARTESIAN_POINT ( 'NONE',  ( 2.049999999999998934, -34.29999999999999716, 5.000000000000004441 ) ) ;
#2848 = ORIENTED_EDGE ( 'NONE', *, *, #4425, .T. ) ;
#2849 = DIRECTION ( 'NONE',  ( 0.000000000000000000, 0.000000000000000000, -1.000000000000000000 ) ) ;
#2850 = VERTEX_POINT ( 'NONE', #5891 ) ;
#2851 = CARTESIAN_POINT ( 'NONE',  ( -16.98412536343293766, 35.29982358402804010, 35.58699637399769244 ) ) ;
#2852 = VECTOR ( 'NONE', #3544, 1000.000000000000000 ) ;
#2853 = DIRECTION ( 'NONE',  ( 0.000000000000000000, -1.000000000000000000, 0.000000000000000000 ) ) ;
#2854 = ADVANCED_FACE ( 'NONE', ( #4234 ), #6316, .F. ) ;
#2855 = EDGE_LOOP ( 'NONE', ( #6400, #5872 ) ) ;
#2856 = ORIENTED_EDGE ( 'NONE', *, *, #3642, .T. ) ;
#2857 = CARTESIAN_POINT ( 'NONE',  ( -14.55411270533158685, 34.95100095874708046, 152.7702184509968504 ) ) ;
#2858 = CARTESIAN_POINT ( 'NONE',  ( 12.19999999999999574, 43.49982358402805005, 116.4999999999999858 ) ) ;
#2859 = CARTESIAN_POINT ( 'NONE',  ( 7.500011671745328456, -34.49982358402804294, 48.99999999999997868 ) ) ;
#2860 = ADVANCED_FACE ( 'NONE', ( #1157 ), #5370, .F. ) ;
#2861 = ORIENTED_EDGE ( 'NONE', *, *, #2692, .T. ) ;
#2862 = FACE_OUTER_BOUND ( 'NONE', #2453, .T. ) ;
#2863 = CARTESIAN_POINT ( 'NONE',  ( -11.22152037170468120, 32.41266150001681723, 152.6490781291659289 ) ) ;
#2864 = DIRECTION ( 'NONE',  ( 0.000000000000000000, 1.000000000000000000, -0.000000000000000000 ) ) ;
#2865 = EDGE_LOOP ( 'NONE', ( #4650, #147 ) ) ;
#2866 = CARTESIAN_POINT ( 'NONE',  ( 0.000000000000000000, 0.000000000000000000, 0.000000000000000000 ) ) ;
#2867 = CARTESIAN_POINT ( 'NONE',  ( -23.00000000000000000, 29.49982358402804294, 30.40000000000000924 ) ) ;
#2868 = ORIENTED_EDGE ( 'NONE', *, *, #6548, .F. ) ;
#2869 = CARTESIAN_POINT ( 'NONE',  ( 6.718656158928101085, -37.26086876723834962, 48.92244442936560489 ) ) ;
#2870 = DIRECTION ( 'NONE',  ( -0.000000000000000000, -0.000000000000000000, -1.000000000000000000 ) ) ;
#2871 = ORIENTED_EDGE ( 'NONE', *, *, #5103, .F. ) ;
#2872 = LINE ( 'NONE', #2315, #182 ) ;
#2873 = ORIENTED_EDGE ( 'NONE', *, *, #4526, .F. ) ;
#2874 = FACE_BOUND ( 'NONE', #4968, .T. ) ;
#2875 = DIRECTION ( 'NONE',  ( -0.000000000000000000, -0.000000000000000000, -1.000000000000000000 ) ) ;
#2876 = FACE_OUTER_BOUND ( 'NONE', #348, .T. ) ;
#2877 = CARTESIAN_POINT ( 'NONE',  ( 11.82204967505878912, 35.96745459712094117, 153.8822508517195331 ) ) ;
#2878 = AXIS2_PLACEMENT_3D ( 'NONE', #234, #4667, #3550 ) ;
#2879 = ORIENTED_EDGE ( 'NONE', *, *, #2307, .T. ) ;
#2880 = FACE_OUTER_BOUND ( 'NONE', #6043, .T. ) ;
#2881 = ORIENTED_EDGE ( 'NONE', *, *, #2416, .T. ) ;
#2882 = CARTESIAN_POINT ( 'NONE',  ( 0.000000000000000000, 0.000000000000000000, 96.49999999999998579 ) ) ;
#2883 = EDGE_CURVE ( 'NONE', #4232, #3870, #5481, .T. ) ;
#2884 = DIRECTION ( 'NONE',  ( -1.000000000000000000, 0.000000000000000000, -0.000000000000000000 ) ) ;
#2885 = VECTOR ( 'NONE', #6654, 1000.000000000000000 ) ;
#2886 = EDGE_LOOP ( 'NONE', ( #3909, #1357, #4030, #4713 ) ) ;
#2887 = CARTESIAN_POINT ( 'NONE',  ( 14.19975521382192696, 31.22269930576135621, 150.7607085566563967 ) ) ;
#2888 = CARTESIAN_POINT ( 'NONE',  ( 22.00000000000000000, -30.49982358402804294, 64.00000000000001421 ) ) ;
#2889 = CIRCLE ( 'NONE', #5226, 1.649999999999998579 ) ;
#2890 = CYLINDRICAL_SURFACE ( 'NONE', #5171, 1.199999999999999734 ) ;
#2891 = ADVANCED_FACE ( 'NONE', ( #41 ), #5862, .T. ) ;
#2892 = EDGE_LOOP ( 'NONE', ( #203, #2704, #190, #4156 ) ) ;
#2893 = DIRECTION ( 'NONE',  ( 0.000000000000000000, -1.000000000000000000, 0.000000000000000000 ) ) ;
#2894 = EDGE_CURVE ( 'NONE', #6682, #4875, #493, .T. ) ;
#2895 = CARTESIAN_POINT ( 'NONE',  ( 16.98412536343293766, 27.79982358402804365, 96.00000000000000000 ) ) ;
#2896 = DIRECTION ( 'NONE',  ( 0.000000000000000000, -1.000000000000000000, 0.000000000000000000 ) ) ;
#2897 = CARTESIAN_POINT ( 'NONE',  ( -9.472237046586105436, -36.65619833668245775, 48.26901013892031500 ) ) ;
#2898 = DIRECTION ( 'NONE',  ( 0.000000000000000000, 1.000000000000000000, 0.000000000000000000 ) ) ;
#2899 = CARTESIAN_POINT ( 'NONE',  ( 0.000000000000000000, 27.79982358402804365, 0.000000000000000000 ) ) ;
#2900 = EDGE_CURVE ( 'NONE', #1727, #3416, #2432, .T. ) ;
#2901 = CARTESIAN_POINT ( 'NONE',  ( -3.265987202574514914, -33.64183894487069892, 163.0000000000000000 ) ) ;
#2902 = EDGE_LOOP ( 'NONE', ( #4563, #6341, #6575, #3927, #2868, #6685, #622, #3545 ) ) ;
#2903 = CARTESIAN_POINT ( 'NONE',  ( -5.248266237192593664, -37.49473441263170770, 47.99201733239666368 ) ) ;
#2904 = ORIENTED_EDGE ( 'NONE', *, *, #5337, .T. ) ;
#2905 = CARTESIAN_POINT ( 'NONE',  ( -11.44507173185831839, 36.08917468612121837, 147.9903031295822018 ) ) ;
#2906 = VECTOR ( 'NONE', #2632, 1000.000000000000114 ) ;
#2907 = CARTESIAN_POINT ( 'NONE',  ( 3.250000000000000000, 34.29999999999999716, 5.000000000000000000 ) ) ;
#2908 = CARTESIAN_POINT ( 'NONE',  ( 13.50152142405803346, 35.37124109809188610, 153.6097803909241861 ) ) ;
#2909 = DIRECTION ( 'NONE',  ( -0.000000000000000000, -1.000000000000000000, -0.000000000000000000 ) ) ;
#2910 = AXIS2_PLACEMENT_3D ( 'NONE', #4922, #4470, #674 ) ;
#2911 = DIRECTION ( 'NONE',  ( 1.000000000000000000, 0.000000000000000000, 0.000000000000000000 ) ) ;
#2912 = ORIENTED_EDGE ( 'NONE', *, *, #4485, .F. ) ;
#2913 = CARTESIAN_POINT ( 'NONE',  ( 4.468068730591639337, 32.43975741685360248, 0.000000000000000000 ) ) ;
#2914 = ORIENTED_EDGE ( 'NONE', *, *, #5493, .F. ) ;
#2915 = CARTESIAN_POINT ( 'NONE',  ( 2.049999999999999822, 34.29999999999999716, 183.0000000000000000 ) ) ;
#2916 = CARTESIAN_POINT ( 'NONE',  ( 7.500011671745328456, -34.49982358402804294, 150.9999999999999716 ) ) ;
#2917 = CIRCLE ( 'NONE', #5270, 34.29999999999999716 ) ;
#2918 = ORIENTED_EDGE ( 'NONE', *, *, #312, .T. ) ;
#2919 = ORIENTED_EDGE ( 'NONE', *, *, #768, .F. ) ;
#2920 = AXIS2_PLACEMENT_3D ( 'NONE', #3599, #5679, #6683 ) ;
#2921 = DIRECTION ( 'NONE',  ( -0.000000000000000000, -1.000000000000000000, -0.000000000000000000 ) ) ;
#2922 = CARTESIAN_POINT ( 'NONE',  ( -4.450000000000000178, -34.29999999999999716, 183.0000000000000000 ) ) ;
#2923 = CARTESIAN_POINT ( 'NONE',  ( 3.101721574042647589, -31.94979379083875415, 163.0000000000000000 ) ) ;
#2924 = VECTOR ( 'NONE', #4541, 1000.000000000000000 ) ;
#2925 = ADVANCED_FACE ( 'NONE', ( #2627 ), #1060, .F. ) ;
#2926 = ORIENTED_EDGE ( 'NONE', *, *, #6673, .F. ) ;
#2927 = DIRECTION ( 'NONE',  ( 0.000000000000000000, 0.000000000000000000, -1.000000000000000000 ) ) ;
#2928 = FACE_OUTER_BOUND ( 'NONE', #2079, .T. ) ;
#2929 = CARTESIAN_POINT ( 'NONE',  ( -3.101721574042660468, 31.94979379083876125, 188.0000000000000000 ) ) ;
#2930 = DIRECTION ( 'NONE',  ( 0.7071067811865552333, -0.7071067811865398012, 0.000000000000000000 ) ) ;
#2931 = VECTOR ( 'NONE', #5974, 1000.000000000000000 ) ;
#2932 = DIRECTION ( 'NONE',  ( -0.000000000000000000, -1.000000000000000000, -0.000000000000000000 ) ) ;
#2933 = CARTESIAN_POINT ( 'NONE',  ( 5.829330599566601379, -37.40853518598355265, 163.0000000000000000 ) ) ;
#2934 = EDGE_CURVE ( 'NONE', #532, #5929, #3533, .T. ) ;
#2935 = AXIS2_PLACEMENT_3D ( 'NONE', #4015, #2512, #2473 ) ;
#2936 = DIRECTION ( 'NONE',  ( 1.000000000000000000, 0.000000000000000000, 0.000000000000000000 ) ) ;
#2937 = DIRECTION ( 'NONE',  ( -0.000000000000000000, -0.000000000000000000, -1.000000000000000000 ) ) ;
#2938 = EDGE_LOOP ( 'NONE', ( #2308, #3524, #1190, #1042 ) ) ;
#2939 = CARTESIAN_POINT ( 'NONE',  ( 0.000000000000000000, 0.000000000000000000, 58.00000000000002132 ) ) ;
#2940 = ORIENTED_EDGE ( 'NONE', *, *, #2802, .T. ) ;
#2941 = LINE ( 'NONE', #3472, #5401 ) ;
#2942 = VECTOR ( 'NONE', #1290, 1000.000000000000000 ) ;
#2943 = DIRECTION ( 'NONE',  ( -0.000000000000000000, -1.000000000000000000, -0.000000000000000000 ) ) ;
#2944 = ADVANCED_FACE ( 'NONE', ( #3314 ), #4988, .F. ) ;
#2945 = CARTESIAN_POINT ( 'NONE',  ( -23.73057117962473939, -29.49982358402804294, 0.000000000000000000 ) ) ;
#2946 = CARTESIAN_POINT ( 'NONE',  ( -7.500011671745324904, -37.10969448707032114, 153.9999999999999716 ) ) ;
#2947 = VECTOR ( 'NONE', #1490, 1000.000000000000000 ) ;
#2948 = CARTESIAN_POINT ( 'NONE',  ( 9.609681212279975071, 36.62030779807655279, 149.3737462555051252 ) ) ;
#2949 = ORIENTED_EDGE ( 'NONE', *, *, #2161, .T. ) ;
#2950 = CARTESIAN_POINT ( 'NONE',  ( 13.68167021485639445, 31.45333635070120337, 118.1503068673312242 ) ) ;
#2951 = ORIENTED_EDGE ( 'NONE', *, *, #1962, .T. ) ;
#2952 = CARTESIAN_POINT ( 'NONE',  ( -3.265987202574514914, 33.64183894487069892, 0.000000000000000000 ) ) ;
#2953 = DIRECTION ( 'NONE',  ( 0.000000000000000000, 1.000000000000000000, 0.000000000000000000 ) ) ;
#2954 = AXIS2_PLACEMENT_3D ( 'NONE', #624, #528, #2647 ) ;
#2955 = ORIENTED_EDGE ( 'NONE', *, *, #3357, .T. ) ;
#2956 = VECTOR ( 'NONE', #2229, 1000.000000000000000 ) ;
#2957 = EDGE_LOOP ( 'NONE', ( #1792, #2297, #1266, #4708 ) ) ;
#2958 = DIRECTION ( 'NONE',  ( 0.000000000000000000, 0.000000000000000000, -1.000000000000000000 ) ) ;
#2959 = CARTESIAN_POINT ( 'NONE',  ( 11.81684894741931835, 35.97089790361455641, 116.4999999999999858 ) ) ;
#2960 = CARTESIAN_POINT ( 'NONE',  ( 2.049999999999998934, -34.29999999999999716, 188.0000000000000000 ) ) ;
#2961 = B_SPLINE_CURVE_WITH_KNOTS ( 'NONE', 3,
 ( #1818, #3427, #6483, #779, #4962, #3954, #5473, #2305, #709, #6096, #6028, #3391, #6067, #3851, #3985, #4921, #1301, #2788, #5544, #4364, #4505, #3352, #145, #4437, #1264, #2863, #5964, #673, #1198, #6556, #1333, #2267 ),
 .UNSPECIFIED., .F., .F.,
 ( 4, 2, 2, 2, 2, 2, 2, 2, 2, 2, 2, 2, 2, 2, 2, 4 ),
 ( 1.734723475976807094E-18, 0.0008046709143990598938, 0.001207006371598601333, 0.001609341828798142773, 0.002011677285997684212, 0.002414012743197225652, 0.002816348200396766657, 0.003218683657596308097, 0.003621019114795849536, 0.004023354571995390976, 0.004425690029194931548, 0.004828025486394472987, 0.005230360943594014426, 0.005632696400793555866, 0.006035031857993096438, 0.006437367315192638745 ),
 .UNSPECIFIED. ) ;
#2962 = ORIENTED_EDGE ( 'NONE', *, *, #4277, .T. ) ;
#2963 = CARTESIAN_POINT ( 'NONE',  ( 4.449999999999998401, -34.29999999999999716, 0.000000000000000000 ) ) ;
#2964 = CARTESIAN_POINT ( 'NONE',  ( -13.14970134651761313, 35.50353246599674861, 116.6478694162962455 ) ) ;
#2965 = EDGE_CURVE ( 'NONE', #564, #6108, #6845, .T. ) ;
#2966 = FACE_OUTER_BOUND ( 'NONE', #2508, .T. ) ;
#2967 = DIRECTION ( 'NONE',  ( 1.000000000000000000, 0.000000000000000000, 0.000000000000000000 ) ) ;
#2968 = LINE ( 'NONE', #818, #6503 ) ;
#2969 = EDGE_CURVE ( 'NONE', #1330, #5845, #4534, .T. ) ;
#2970 = ADVANCED_FACE ( 'NONE', ( #951, #2509 ), #2470, .F. ) ;
#2971 = FACE_BOUND ( 'NONE', #1240, .T. ) ;
#2972 = DIRECTION ( 'NONE',  ( -0.000000000000000000, -0.000000000000000000, -1.000000000000000000 ) ) ;
#2973 = ORIENTED_EDGE ( 'NONE', *, *, #4526, .T. ) ;
#2974 = CARTESIAN_POINT ( 'NONE',  ( -4.654662127145996031, -37.57285708989564910, 45.02888664540635943 ) ) ;
#2975 = ORIENTED_EDGE ( 'NONE', *, *, #173, .T. ) ;
#2976 = DIRECTION ( 'NONE',  ( 0.000000000000000000, -0.000000000000000000, -1.000000000000000000 ) ) ;
#2977 = ADVANCED_FACE ( 'NONE', ( #3452 ), #5568, .T. ) ;
#2978 = DIRECTION ( 'NONE',  ( 0.000000000000000000, 0.000000000000000000, 1.000000000000000000 ) ) ;
#2979 = CARTESIAN_POINT ( 'NONE',  ( -19.70233707807575740, 32.32997964849003836, 88.84999999999998010 ) ) ;
#2980 = CARTESIAN_POINT ( 'NONE',  ( -5.246099335780008310, -37.49504383597145107, 149.0102034421685175 ) ) ;
#2981 = LINE ( 'NONE', #4668, #5343 ) ;
#2982 = EDGE_CURVE ( 'NONE', #3213, #4738, #1815, .T. ) ;
#2983 = ORIENTED_EDGE ( 'NONE', *, *, #3978, .F. ) ;
#2984 = CARTESIAN_POINT ( 'NONE',  ( 4.899739247326500013, -37.54176857210332230, 152.5090588486233969 ) ) ;
#2985 = ORIENTED_EDGE ( 'NONE', *, *, #3622, .F. ) ;
#2986 = DIRECTION ( 'NONE',  ( 1.000000000000000000, 0.000000000000000000, 0.000000000000000000 ) ) ;
#2987 = CARTESIAN_POINT ( 'NONE',  ( -22.00000000000000000, -30.49982358402804294, 64.00000000000001421 ) ) ;
#2988 = AXIS2_PLACEMENT_3D ( 'NONE', #2774, #793, #4906 ) ;
#2989 = ORIENTED_EDGE ( 'NONE', *, *, #4616, .T. ) ;
#2990 = ADVANCED_FACE ( 'NONE', ( #4603 ), #3527, .T. ) ;
#2991 = ORIENTED_EDGE ( 'NONE', *, *, #257, .T. ) ;
#2992 = DIRECTION ( 'NONE',  ( 1.000000000000000000, 0.000000000000000000, 0.000000000000000000 ) ) ;
#2993 = FACE_BOUND ( 'NONE', #776, .T. ) ;
#2994 = ORIENTED_EDGE ( 'NONE', *, *, #1996, .T. ) ;
#2995 = LINE ( 'NONE', #4051, #829 ) ;
#2996 = CIRCLE ( 'NONE', #6219, 37.86000000000017707 ) ;
#2997 = ORIENTED_EDGE ( 'NONE', *, *, #1778, .F. ) ;
#2998 = ORIENTED_EDGE ( 'NONE', *, *, #1778, .T. ) ;
#2999 = AXIS2_PLACEMENT_3D ( 'NONE', #4993, #4330, #1681 ) ;
#3000 = FACE_BOUND ( 'NONE', #2329, .T. ) ;
#3001 = CARTESIAN_POINT ( 'NONE',  ( -12.58580670791459966, 35.70738633278237018, 116.5186764505610455 ) ) ;
#3002 = CARTESIAN_POINT ( 'NONE',  ( 10.09385412478355804, -36.48981823216623610, 152.5201247500577892 ) ) ;
#3003 = DIRECTION ( 'NONE',  ( -1.000000000000000000, 0.000000000000000000, 0.000000000000000000 ) ) ;
#3004 = COORDINATED_UNIVERSAL_TIME_OFFSET ( 10, 0, .AHEAD. ) ;
#3005 = DIRECTION ( 'NONE',  ( -0.000000000000000000, 0.000000000000000000, 1.000000000000000000 ) ) ;
#3006 = AXIS2_PLACEMENT_3D ( 'NONE', #3588, #4114, #1495 ) ;
#3007 = CARTESIAN_POINT ( 'NONE',  ( 15.17995847901806528, 34.68357600600015900, 119.9016758139407557 ) ) ;
#3008 = PRODUCT_DEFINITION ( 'General', '', #6174, #2534 ) ;
#3009 = DIRECTION ( 'NONE',  ( -0.000000000000000000, -1.000000000000000000, -0.000000000000000000 ) ) ;
#3010 = ORIENTED_EDGE ( 'NONE', *, *, #4309, .T. ) ;
#3011 = CARTESIAN_POINT ( 'NONE',  ( 18.09394897135716107, 33.25879047351291007, 89.18443500829204140 ) ) ;
#3012 = EDGE_LOOP ( 'NONE', ( #5084, #518, #3881, #5494 ) ) ;
#3013 = CARTESIAN_POINT ( 'NONE',  ( -9.200195270957038929, 36.72514134780441708, 150.6972076114508923 ) ) ;
#3014 = DIRECTION ( 'NONE',  ( 0.000000000000000000, 0.000000000000000000, -1.000000000000000000 ) ) ;
#3015 = CARTESIAN_POINT ( 'NONE',  ( -18.40024315629794671, 33.08831122494007104, 89.21896714897022207 ) ) ;
#3016 = CARTESIAN_POINT ( 'NONE',  ( -5.680244029124892791, -37.43182559806163567, 148.6069747835983890 ) ) ;
#3017 = EDGE_CURVE ( 'NONE', #131, #4923, #314, .T. ) ;
#3018 = CARTESIAN_POINT ( 'NONE',  ( 0.000000000000000000, 0.000000000000000000, 183.0000000000000000 ) ) ;
#3019 = ORIENTED_EDGE ( 'NONE', *, *, #1662, .T. ) ;
#3020 = DIRECTION ( 'NONE',  ( 0.000000000000000000, 0.000000000000000000, -1.000000000000000000 ) ) ;
#3021 = CARTESIAN_POINT ( 'NONE',  ( -16.98412536343293766, 33.83665299108656654, 90.96300362600423739 ) ) ;
#3022 = EDGE_LOOP ( 'NONE', ( #1504, #3307, #3841, #1905 ) ) ;
#3023 = DIRECTION ( 'NONE',  ( 0.000000000000000000, -1.000000000000000000, 0.000000000000000000 ) ) ;
#3024 = CARTESIAN_POINT ( 'NONE',  ( -13.17928818336507568, 31.66797937071401492, 121.2621711683111840 ) ) ;
#3025 = EDGE_CURVE ( 'NONE', #6006, #5585, #5715, .T. ) ;
#3026 = CIRCLE ( 'NONE', #3595, 1.650000000000017231 ) ;
#3027 = ORIENTED_EDGE ( 'NONE', *, *, #2295, .F. ) ;
#3028 = ORIENTED_EDGE ( 'NONE', *, *, #1503, .F. ) ;
#3029 = DIRECTION ( 'NONE',  ( 1.000000000000000000, 0.000000000000000000, 0.000000000000000000 ) ) ;
#3030 = PLANE ( 'NONE',  #6816 ) ;
#3031 = ORIENTED_EDGE ( 'NONE', *, *, #6518, .F. ) ;
#3032 = DIRECTION ( 'NONE',  ( -0.000000000000000000, -0.000000000000000000, -1.000000000000000000 ) ) ;
#3033 = AXIS2_PLACEMENT_3D ( 'NONE', #710, #221, #1718 ) ;
#3034 = EDGE_CURVE ( 'NONE', #169, #5471, #819, .T. ) ;
#3035 = VERTEX_POINT ( 'NONE', #1946 ) ;
#3036 = VECTOR ( 'NONE', #1127, 1000.000000000000000 ) ;
#3037 = ORIENTED_EDGE ( 'NONE', *, *, #5068, .F. ) ;
#3038 = LINE ( 'NONE', #5060, #6561 ) ;
#3039 = CARTESIAN_POINT ( 'NONE',  ( -12.58217911247336218, 35.70866336690933451, 122.4817728647861941 ) ) ;
#3040 = CARTESIAN_POINT ( 'NONE',  ( 10.18936217289478741, -36.46317025485107166, 152.3439463027695808 ) ) ;
#3041 = B_SPLINE_CURVE_WITH_KNOTS ( 'NONE', 3,
 ( #1071, #3755, #5931, #1201, #3193, #2104, #610, #576, #5380, #1590, #1167, #52, #4275, #6452, #5317, #2730, #547, #4829, #3855, #4862, #6356, #3783, #644, #3723, #2232, #6880, #4333, #2666, #5868, #4367, #1100, #4798, #3223, #3291 ),
 .UNSPECIFIED., .F., .F.,
 ( 4, 2, 2, 2, 2, 2, 2, 2, 2, 2, 2, 2, 2, 2, 2, 2, 4 ),
 ( 1.734723475976807094E-18, 0.0005991401848168114450, 0.001198280369633621155, 0.001797420554450430974, 0.002396560739267240576, 0.002995700924084050178, 0.003594841108900860213, 0.004193981293717669381, 0.004793121478534479417, 0.005392261663351289452, 0.005991401848168098621, 0.006590542032984908656, 0.007189682217801718692, 0.007788822402618527860, 0.008387962587435337028, 0.008987102772252147931, 0.009586242957068957099 ),
 .UNSPECIFIED. ) ;
#3042 = CARTESIAN_POINT ( 'NONE',  ( -10.90342686636603275, 32.52099571289075897, 117.9715590900896700 ) ) ;
#3043 = CARTESIAN_POINT ( 'NONE',  ( 9.470134553371524433, -36.65674259038893013, 48.27085216510801757 ) ) ;
#3044 = VECTOR ( 'NONE', #4456, 1000.000000000000000 ) ;
#3045 = FACE_BOUND ( 'NONE', #843, .T. ) ;
#3046 = AXIS2_PLACEMENT_3D ( 'NONE', #651, #4134, #3003 ) ;
#3047 = CARTESIAN_POINT ( 'NONE',  ( -1.949449338866589724E-13, 34.29999999999999716, 188.0000000000000000 ) ) ;
#3048 = ORIENTED_EDGE ( 'NONE', *, *, #2092, .T. ) ;
#3049 = CARTESIAN_POINT ( 'NONE',  ( -1.650000000000010791, -34.29999999999999716, 188.0000000000000000 ) ) ;
#3050 = ORIENTED_EDGE ( 'NONE', *, *, #4399, .T. ) ;
#3051 = CARTESIAN_POINT ( 'NONE',  ( 4.450000000000000178, 34.29999999999999716, 5.000000000000000000 ) ) ;
#3052 = CYLINDRICAL_SURFACE ( 'NONE', #520, 3.000000000000002665 ) ;
#3053 = AXIS2_PLACEMENT_3D ( 'NONE', #809, #3912, #4397 ) ;
#3054 = CARTESIAN_POINT ( 'NONE',  ( 15.17843562926391421, 34.68424314288297694, 150.4876218790194287 ) ) ;
#3055 = ADVANCED_FACE ( 'NONE', ( #2545 ), #805, .F. ) ;
#3056 = CARTESIAN_POINT ( 'NONE',  ( 2.049999999999999822, 34.29999999999999716, 188.0000000000000000 ) ) ;
#3057 = DIRECTION ( 'NONE',  ( 0.000000000000000000, 0.000000000000000000, -1.000000000000000000 ) ) ;
#3058 = ORIENTED_EDGE ( 'NONE', *, *, #937, .T. ) ;
#3059 = AXIS2_PLACEMENT_3D ( 'NONE', #2779, #4388, #3378 ) ;
#3060 = CARTESIAN_POINT ( 'NONE',  ( 13.06336517501453720, 31.71521692489415756, 117.6914036878048933 ) ) ;
#3061 = DIRECTION ( 'NONE',  ( -0.000000000000000000, -0.000000000000000000, -1.000000000000000000 ) ) ;
#3062 = ORIENTED_EDGE ( 'NONE', *, *, #1154, .F. ) ;
#3063 = DIRECTION ( 'NONE',  ( 0.000000000000000000, 0.000000000000000000, -1.000000000000000000 ) ) ;
#3064 = DIRECTION ( 'NONE',  ( 1.000000000000000000, 0.000000000000000000, 0.000000000000000000 ) ) ;
#3065 = EDGE_CURVE ( 'NONE', #5438, #2118, #6650, .T. ) ;
#3066 = ADVANCED_FACE ( 'NONE', ( #5159 ), #280, .F. ) ;
#3067 = CIRCLE ( 'NONE', #5309, 34.29999999999999716 ) ;
#3068 = CIRCLE ( 'NONE', #4073, 1.649999999999998579 ) ;
#3069 = ORIENTED_EDGE ( 'NONE', *, *, #205, .T. ) ;
#3070 = ORIENTED_EDGE ( 'NONE', *, *, #1986, .T. ) ;
#3071 = CARTESIAN_POINT ( 'NONE',  ( 0.000000000000000000, 0.000000000000000000, 96.49999999999998579 ) ) ;
#3072 = CARTESIAN_POINT ( 'NONE',  ( 5.829330599566602267, 37.40853518598355976, 5.000000000000004441 ) ) ;
#3073 = VERTEX_POINT ( 'NONE', #5090 ) ;
#3074 = DIRECTION ( 'NONE',  ( 0.000000000000000000, 1.000000000000000000, 0.000000000000000000 ) ) ;
#3075 = ADVANCED_FACE ( 'NONE', ( #2434 ), #4124, .T. ) ;
#3076 = ORIENTED_EDGE ( 'NONE', *, *, #3580, .T. ) ;
#3077 = VECTOR ( 'NONE', #3111, 1000.000000000000000 ) ;
#3078 = EDGE_LOOP ( 'NONE', ( #2391, #3380 ) ) ;
#3079 = CARTESIAN_POINT ( 'NONE',  ( 0.000000000000000000, 0.000000000000000000, 188.0000000000000000 ) ) ;
#3080 = CARTESIAN_POINT ( 'NONE',  ( -15.19947879809154934, 34.67499739839292516, 119.7110787332567696 ) ) ;
#3081 = DIRECTION ( 'NONE',  ( 0.000000000000000000, 1.000000000000000000, 0.000000000000000000 ) ) ;
#3082 = CARTESIAN_POINT ( 'NONE',  ( -10.19983537390032602, 32.74833367326675670, 119.6317652068151745 ) ) ;
#3083 = EDGE_CURVE ( 'NONE', #1890, #2111, #3722, .T. ) ;
#3084 = CALENDAR_DATE ( 2026, 22, 6 ) ;
#3085 = DIRECTION ( 'NONE',  ( 0.000000000000000000, 0.000000000000000000, -1.000000000000000000 ) ) ;
#3086 = DIRECTION ( 'NONE',  ( -0.000000000000000000, 0.000000000000000000, 1.000000000000000000 ) ) ;
#3087 = CARTESIAN_POINT ( 'NONE',  ( -19.84999999999940457, 95.39982358402802731, 33.05000000000000426 ) ) ;
#3088 = EDGE_LOOP ( 'NONE', ( #4927, #6681, #2940, #6105, #64 ) ) ;
#3089 = LINE ( 'NONE', #5658, #3844 ) ;
#3090 = CARTESIAN_POINT ( 'NONE',  ( -10.72506496359665285, 36.30952151025838504, 153.5196113442304409 ) ) ;
#3091 = ORIENTED_EDGE ( 'NONE', *, *, #1749, .T. ) ;
#3092 = CARTESIAN_POINT ( 'NONE',  ( -4.597716912597106464, -37.57981045711257195, 151.7850602934074971 ) ) ;
#3093 = FACE_OUTER_BOUND ( 'NONE', #201, .T. ) ;
#3094 = ADVANCED_FACE ( 'NONE', ( #4048 ), #1397, .F. ) ;
#3095 = ORIENTED_EDGE ( 'NONE', *, *, #4640, .F. ) ;
#3096 = DIRECTION ( 'NONE',  ( -0.7071067811865416886, 0.7071067811865532349, 0.000000000000000000 ) ) ;
#3097 = LINE ( 'NONE', #5671, #4293 ) ;
#3098 = ORIENTED_EDGE ( 'NONE', *, *, #5703, .F. ) ;
#3099 = CARTESIAN_POINT ( 'NONE',  ( -17.24483201919321473, 33.70529654333405745, 36.22534688759269272 ) ) ;
#3100 = CARTESIAN_POINT ( 'NONE',  ( -12.20000000000000284, 43.49982358402805005, 119.4999999999998295 ) ) ;
#3101 = EDGE_LOOP ( 'NONE', ( #3145, #1606, #1075, #3318 ) ) ;
#3102 = EDGE_LOOP ( 'NONE', ( #391, #6664 ) ) ;
#3103 = CARTESIAN_POINT ( 'NONE',  ( -17.24111961052104647, 33.70717377759405053, 33.18171188762377710 ) ) ;
#3104 = ADVANCED_FACE ( 'NONE', ( #5122 ), #349, .F. ) ;
#3105 = CARTESIAN_POINT ( 'NONE',  ( 14.55490832203891394, 34.95066536247763622, 149.0309993638992694 ) ) ;
#3106 = ORIENTED_EDGE ( 'NONE', *, *, #5910, .F. ) ;
#3107 = CARTESIAN_POINT ( 'NONE',  ( -23.00000000000000000, 27.79982358402804365, 96.00000000000000000 ) ) ;
#3108 = VERTEX_POINT ( 'NONE', #4845 ) ;
#3109 = VERTEX_POINT ( 'NONE', #1507 ) ;
#3110 = DIRECTION ( 'NONE',  ( 0.000000000000000000, 0.000000000000000000, -1.000000000000000000 ) ) ;
#3111 = DIRECTION ( 'NONE',  ( 0.000000000000000000, 1.000000000000000000, -0.000000000000000000 ) ) ;
#3112 = ADVANCED_FACE ( 'NONE', ( #5362 ), #1053, .F. ) ;
#3113 = LINE ( 'NONE', #2131, #2699 ) ;
#3114 = VECTOR ( 'NONE', #3614, 1000.000000000000000 ) ;
#3115 = CARTESIAN_POINT ( 'NONE',  ( -10.90256297958385545, 32.52128761497582587, 121.0278045080197984 ) ) ;
#3116 = CARTESIAN_POINT ( 'NONE',  ( 10.09502937044246096, -36.48949111752740038, 44.48198474893086285 ) ) ;
#3117 = AXIS2_PLACEMENT_3D ( 'NONE', #5410, #4435, #641 ) ;
#3118 = ADVANCED_FACE ( 'NONE', ( #533 ), #3637, .F. ) ;
#3119 = DIRECTION ( 'NONE',  ( 1.000000000000000000, 0.000000000000000000, 0.000000000000000000 ) ) ;
#3120 = PLANE ( 'NONE',  #6583 ) ;
#3121 = EDGE_LOOP ( 'NONE', ( #4194, #1435, #1987, #2278 ) ) ;
#3122 = CARTESIAN_POINT ( 'NONE',  ( 16.96001455226562626, 33.84899936849738111, 90.27289743792506727 ) ) ;
#3123 = CIRCLE ( 'NONE', #2334, 34.29999999999999716 ) ;
#3124 = DIRECTION ( 'NONE',  ( 0.000000000000000000, 0.000000000000000000, 1.000000000000000000 ) ) ;
#3125 = B_SPLINE_CURVE_WITH_KNOTS ( 'NONE', 3,
 ( #6310, #987, #4680, #6272, #4716, #6794, #4160, #462, #5755, #1543, #3105, #6830, #2056, #5788, #1347, #3054, #3439, #6639, #6220, #831, #373, #4523, #792, #1383, #5185, #1864, #6780, #1458, #2908, #2533, #3999, #4666, #6111, #2006 ),
 .UNSPECIFIED., .F., .F.,
 ( 4, 2, 2, 2, 2, 2, 2, 2, 2, 2, 2, 2, 2, 2, 2, 2, 4 ),
 ( 1.734723475976807094E-18, 0.0006065675227050741245, 0.001213135045410146514, 0.001819702568115218796, 0.002426270090820291294, 0.003032837613525363792, 0.003639405136230435857, 0.004245972658935508355, 0.004852540181640580853, 0.005459107704345653352, 0.006065675227050725850, 0.006672242749755798348, 0.007278810272460869979, 0.007885377795165942477, 0.008491945317871014975, 0.009098512840576087474, 0.009705080363281159972 ),
 .UNSPECIFIED. ) ;
#3126 = EDGE_CURVE ( 'NONE', #1771, #193, #3701, .T. ) ;
#3127 = ORIENTED_EDGE ( 'NONE', *, *, #1873, .F. ) ;
#3128 = CARTESIAN_POINT ( 'NONE',  ( -21.44230553232371150, 31.20304229998987822, 94.39703201504715935 ) ) ;
#3129 = DIRECTION ( 'NONE',  ( -0.000000000000000000, 0.000000000000000000, 1.000000000000000000 ) ) ;
#3130 = VERTEX_POINT ( 'NONE', #461 ) ;
#3131 = CARTESIAN_POINT ( 'NONE',  ( -8.271474163065116514, -36.94591829918218195, 148.0943020938015025 ) ) ;
#3132 = CARTESIAN_POINT ( 'NONE',  ( -17.50001167174533023, 29.49982358402804294, 0.000000000000000000 ) ) ;
#3133 = VERTEX_POINT ( 'NONE', #3 ) ;
#3134 = CARTESIAN_POINT ( 'NONE',  ( -20.18850972800805721, 32.03011109138519430, 37.69590631067115538 ) ) ;
#3135 = CARTESIAN_POINT ( 'NONE',  ( 7.500011671745328456, -44.49982358402804294, 150.9999999999999716 ) ) ;
#3136 = ORIENTED_EDGE ( 'NONE', *, *, #1406, .F. ) ;
#3137 = ORIENTED_EDGE ( 'NONE', *, *, #3940, .T. ) ;
#3138 = DIRECTION ( 'NONE',  ( 0.000000000000000000, 0.000000000000000000, -1.000000000000000000 ) ) ;
#3139 = DIRECTION ( 'NONE',  ( 0.000000000000000000, 0.000000000000000000, 1.000000000000000000 ) ) ;
#3140 = ORIENTED_EDGE ( 'NONE', *, *, #5807, .T. ) ;
#3141 = DIRECTION ( 'NONE',  ( -0.000000000000000000, -0.000000000000000000, -1.000000000000000000 ) ) ;
#3142 = AXIS2_PLACEMENT_3D ( 'NONE', #786, #5936, #4373 ) ;
#3143 = B_SPLINE_CURVE_WITH_KNOTS ( 'NONE', 3,
 ( #2946, #374, #303, #2459, #976, #2496, #2421, #415, #4553, #5218, #2535, #2007, #5145, #4145, #3092, #6640, #2388, #4588, #4524, #5632, #6674, #1384, #6706, #3515, #2980, #1934, #3016, #4077, #5665, #901, #4630, #6747, #5350, #6328 ),
 .UNSPECIFIED., .F., .F.,
 ( 4, 2, 2, 2, 2, 2, 2, 2, 2, 2, 2, 2, 2, 2, 2, 2, 4 ),
 ( 3.469446951953614189E-18, 0.0005902828351267884943, 0.001180565670253573519, 0.001770848505380358436, 0.002361131340507143569, 0.002951414175633928702, 0.003541697010760713402, 0.004131979845887498969, 0.004722262681014283668, 0.005312545516141068368, 0.005902828351267853935, 0.006493111186394638634, 0.007083394021521423334, 0.007673676856648208901, 0.008263959691774994468, 0.008854242526901779167, 0.009444525362028563867 ),
 .UNSPECIFIED. ) ;
#3144 = APPROVAL ( #4135, 'Coincident' ) ;
#3145 = ORIENTED_EDGE ( 'NONE', *, *, #6671, .F. ) ;
#3146 = DIRECTION ( 'NONE',  ( -0.000000000000000000, 0.000000000000000000, 1.000000000000000000 ) ) ;
#3147 = AXIS2_PLACEMENT_3D ( 'NONE', #5649, #5615, #1409 ) ;
#3148 = CARTESIAN_POINT ( 'NONE',  ( -12.20000000000011120, 32.05698051906943391, 148.8999999999997783 ) ) ;
#3149 = DIRECTION ( 'NONE',  ( 1.000000000000000000, 0.000000000000000000, 0.000000000000000000 ) ) ;
#3150 = DIRECTION ( 'NONE',  ( 0.000000000000000000, 0.000000000000000000, -1.000000000000000000 ) ) ;
#3151 = CIRCLE ( 'NONE', #1152, 1.699999999999977529 ) ;
#3152 = ADVANCED_FACE ( 'NONE', ( #563 ), #2580, .F. ) ;
#3153 = CARTESIAN_POINT ( 'NONE',  ( 0.000000000000000000, 29.49982358402804294, 0.000000000000000000 ) ) ;
#3154 = CARTESIAN_POINT ( 'NONE',  ( 0.000000000000000000, 0.000000000000000000, 140.0000000000000000 ) ) ;
#3155 = VERTEX_POINT ( 'NONE', #4715 ) ;
#3156 = VECTOR ( 'NONE', #1542, 1000.000000000000000 ) ;
#3157 = CARTESIAN_POINT ( 'NONE',  ( 19.52000000000059288, 95.39982358402802731, 33.05000000000000426 ) ) ;
#3158 = DIRECTION ( 'NONE',  ( 0.000000000000000000, 0.000000000000000000, -1.000000000000000000 ) ) ;
#3159 = EDGE_CURVE ( 'NONE', #3795, #4784, #6596, .T. ) ;
#3160 = EDGE_CURVE ( 'NONE', #1703, #940, #6867, .T. ) ;
#3161 = AXIS2_PLACEMENT_3D ( 'NONE', #3444, #3020, #1899 ) ;
#3162 = ORIENTED_EDGE ( 'NONE', *, *, #1962, .F. ) ;
#3163 = CARTESIAN_POINT ( 'NONE',  ( -20.90445221262256226, 31.56599467965699191, 94.66249470178961190 ) ) ;
#3164 = CARTESIAN_POINT ( 'NONE',  ( 19.51999999999999602, 30.29982358402804010, 93.50000000000000000 ) ) ;
#3165 = ORIENTED_EDGE ( 'NONE', *, *, #1996, .F. ) ;
#3166 = CARTESIAN_POINT ( 'NONE',  ( -9.876947940293664630, -36.54912464040150155, 152.8408917862913654 ) ) ;
#3167 = CARTESIAN_POINT ( 'NONE',  ( -5.829330599566617366, -3.002405480509428066E-15, 58.00000000000002132 ) ) ;
#3168 = EDGE_LOOP ( 'NONE', ( #824, #4429, #2949, #1797 ) ) ;
#3169 = CARTESIAN_POINT ( 'NONE',  ( 7.500011671745328456, -29.49982358402804294, 45.99999999999997158 ) ) ;
#3170 = EDGE_CURVE ( 'NONE', #6879, #4336, #2121, .T. ) ;
#3171 = VECTOR ( 'NONE', #6686, 1000.000000000000000 ) ;
#3172 = DIRECTION ( 'NONE',  ( -0.000000000000000000, -0.000000000000000000, -1.000000000000000000 ) ) ;
#3173 = LINE ( 'NONE', #6406, #1554 ) ;
#3174 = CIRCLE ( 'NONE', #3059, 32.10000000000000142 ) ;
#3175 = VERTEX_POINT ( 'NONE', #4257 ) ;
#3176 = DIRECTION ( 'NONE',  ( 0.000000000000000000, 0.000000000000000000, -1.000000000000000000 ) ) ;
#3177 = CYLINDRICAL_SURFACE ( 'NONE', #6374, 3.000000000000002665 ) ;
#3178 = EDGE_LOOP ( 'NONE', ( #4249, #5338, #5969, #757 ) ) ;
#3179 = DIRECTION ( 'NONE',  ( -0.000000000000000000, 0.000000000000000000, 1.000000000000000000 ) ) ;
#3180 = VECTOR ( 'NONE', #419, 1000.000000000000114 ) ;
#3181 = VECTOR ( 'NONE', #1270, 1000.000000000000000 ) ;
#3182 = EDGE_LOOP ( 'NONE', ( #1945, #2020, #2540, #1070 ) ) ;
#3183 = CARTESIAN_POINT ( 'NONE',  ( 7.500011671745328456, -34.49982358402804294, 45.99999999999997158 ) ) ;
#3184 = AXIS2_PLACEMENT_3D ( 'NONE', #2781, #2853, #4948 ) ;
#3185 = DIRECTION ( 'NONE',  ( 0.000000000000000000, 0.000000000000000000, -1.000000000000000000 ) ) ;
#3186 = CARTESIAN_POINT ( 'NONE',  ( 5.829330599566602267, -33.80101928582859472, 5.000000000000000000 ) ) ;
#3187 = DIRECTION ( 'NONE',  ( 0.000000000000000000, 0.000000000000000000, -1.000000000000000000 ) ) ;
#3188 = AXIS2_PLACEMENT_3D ( 'NONE', #6045, #1180, #3968 ) ;
#3189 = DIRECTION ( 'NONE',  ( 0.000000000000000000, -0.000000000000000000, 1.000000000000000000 ) ) ;
#3190 = CARTESIAN_POINT ( 'NONE',  ( -4.468068730591639337, 32.43975741685360248, 188.0000000000000000 ) ) ;
#3191 = ORIENTED_EDGE ( 'NONE', *, *, #5251, .T. ) ;
#3192 = AXIS2_PLACEMENT_3D ( 'NONE', #4219, #6332, #4707 ) ;
#3193 = CARTESIAN_POINT ( 'NONE',  ( -11.25890555324069631, 36.14764157672217948, 116.6448461103361751 ) ) ;
#3194 = EDGE_CURVE ( 'NONE', #5451, #3621, #4227, .T. ) ;
#3195 = EDGE_CURVE ( 'NONE', #5718, #210, #1573, .T. ) ;
#3196 = CARTESIAN_POINT ( 'NONE',  ( -12.20000000000010942, 35.84047432721853710, 153.8999999999997783 ) ) ;
#3197 = ORIENTED_EDGE ( 'NONE', *, *, #1213, .T. ) ;
#3198 = CARTESIAN_POINT ( 'NONE',  ( -18.84847453205101075, 32.83509776244430611, 94.68206472435220178 ) ) ;
#3199 = CARTESIAN_POINT ( 'NONE',  ( -3.101721574042660468, -31.94979379083876125, 188.0000000000000000 ) ) ;
#3200 = VERTEX_POINT ( 'NONE', #1608 ) ;
#3201 = CARTESIAN_POINT ( 'NONE',  ( -10.47958679480193389, -36.38075776231552538, 150.5983012214051371 ) ) ;
#3202 = CARTESIAN_POINT ( 'NONE',  ( 21.40534392041532996, 31.22851888015710742, 32.35858651476608827 ) ) ;
#3203 = EDGE_CURVE ( 'NONE', #3425, #2361, #4493, .T. ) ;
#3204 = ORIENTED_EDGE ( 'NONE', *, *, #5262, .F. ) ;
#3205 = CARTESIAN_POINT ( 'NONE',  ( -16.98412536343293766, 33.83665299108656654, 35.58699637399769244 ) ) ;
#3206 = CARTESIAN_POINT ( 'NONE',  ( 7.500011671745328456, -34.49982358402804294, 152.5999999999999659 ) ) ;
#3207 = DIRECTION ( 'NONE',  ( 0.000000000000000000, 1.000000000000000000, -0.000000000000000000 ) ) ;
#3208 = EDGE_CURVE ( 'NONE', #910, #1727, #5885, .T. ) ;
#3209 = ORIENTED_EDGE ( 'NONE', *, *, #5236, .T. ) ;
#3210 = DIRECTION ( 'NONE',  ( -0.000000000000000000, -1.000000000000000000, -0.000000000000000000 ) ) ;
#3211 = ORIENTED_EDGE ( 'NONE', *, *, #1314, .T. ) ;
#3212 = LINE ( 'NONE', #500, #387 ) ;
#3213 = VERTEX_POINT ( 'NONE', #34 ) ;
#3214 = EDGE_CURVE ( 'NONE', #3891, #2498, #2155, .T. ) ;
#3215 = DIRECTION ( 'NONE',  ( -0.000000000000000000, -1.000000000000000000, -0.000000000000000000 ) ) ;
#3216 = FACE_OUTER_BOUND ( 'NONE', #216, .T. ) ;
#3217 = CARTESIAN_POINT ( 'NONE',  ( 18.10812728116733084, 33.24919971934181007, 37.35385450036103805 ) ) ;
#3218 = B_SPLINE_CURVE_WITH_KNOTS ( 'NONE', 3,
 ( #782, #1371, #1886, #6526, #6559, #3988, #1303, #3956, #5476, #817, #1789, #6100, #1756, #4507, #3499, #676, #6069, #713, #3429, #5546, #1336, #2830, #4965, #188, #3920, #2897, #5030, #6031, #4542, #3394, #6628, #1268, #5515, #750 ),
 .UNSPECIFIED., .F., .F.,
 ( 4, 2, 2, 2, 2, 2, 2, 2, 2, 2, 2, 2, 2, 2, 2, 2, 4 ),
 ( 0.009444525362028576010, 0.01003887094585893987, 0.01063321652968930373, 0.01122756211351966758, 0.01182190769735003144, 0.01241625328118039356, 0.01301059886501075742, 0.01360494444884112128, 0.01419929003267148514, 0.01479363561650184899, 0.01538798120033221285, 0.01598232678416257671, 0.01657667236799293883, 0.01717101795182330443, 0.01776536353565366655, 0.01835970911948402867, 0.01895405470331439426 ),
 .UNSPECIFIED. ) ;
#3219 = CIRCLE ( 'NONE', #1663, 1.200000000000000178 ) ;
#3220 = CARTESIAN_POINT ( 'NONE',  ( -17.50001167174533023, -29.49982358402804294, 0.000000000000000000 ) ) ;
#3221 = FACE_OUTER_BOUND ( 'NONE', #6791, .T. ) ;
#3222 = ORIENTED_EDGE ( 'NONE', *, *, #3358, .F. ) ;
#3223 = CARTESIAN_POINT ( 'NONE',  ( -12.01053671540978129, 35.90496711408566455, 122.4999999999998295 ) ) ;
#3224 = CARTESIAN_POINT ( 'NONE',  ( -10.39929477767075028, 36.40416238432625562, 153.3073341393971987 ) ) ;
#3225 = CIRCLE ( 'NONE', #4794, 37.86000000000017707 ) ;
#3226 = ORIENTED_EDGE ( 'NONE', *, *, #4103, .T. ) ;
#3227 = ADVANCED_FACE ( 'NONE', ( #3835 ), #4321, .F. ) ;
#3228 = CARTESIAN_POINT ( 'NONE',  ( -22.64637750012536799, 30.34016666762231296, 92.95002617366661468 ) ) ;
#3229 = CARTESIAN_POINT ( 'NONE',  ( 3.249999999999998668, -34.29999999999999716, 188.0000000000000000 ) ) ;
#3230 = AXIS2_PLACEMENT_3D ( 'NONE', #2570, #4703, #4182 ) ;
#3231 = EDGE_LOOP ( 'NONE', ( #1492, #5884, #5025, #581 ) ) ;
#3232 = CARTESIAN_POINT ( 'NONE',  ( -7.891451543192963491, -37.02895149474006331, 153.9807917644867246 ) ) ;
#3233 = CARTESIAN_POINT ( 'NONE',  ( 20.93743727659258980, 31.54425294338584962, 32.04939525455510108 ) ) ;
#3234 = ORIENTED_EDGE ( 'NONE', *, *, #5571, .F. ) ;
#3235 = DIRECTION ( 'NONE',  ( 0.000000000000000000, 0.000000000000000000, -1.000000000000000000 ) ) ;
#3236 = CYLINDRICAL_SURFACE ( 'NONE', #5956, 3.000000000000002665 ) ;
#3237 = EDGE_CURVE ( 'NONE', #1890, #1909, #1217, .T. ) ;
#3238 = CARTESIAN_POINT ( 'NONE',  ( 3.250000000000000000, 34.29999999999999716, 5.000000000000000000 ) ) ;
#3239 = ORIENTED_EDGE ( 'NONE', *, *, #636, .T. ) ;
#3240 = CARTESIAN_POINT ( 'NONE',  ( -19.55214358717994827, 32.42102716079254776, 31.71107201448798563 ) ) ;
#3241 = VERTEX_POINT ( 'NONE', #4877 ) ;
#3242 = LINE ( 'NONE', #6, #949 ) ;
#3243 = CARTESIAN_POINT ( 'NONE',  ( 10.34364538863150251, -36.41970517725048495, 45.02377767860852487 ) ) ;
#3244 = EDGE_CURVE ( 'NONE', #4255, #4088, #6015, .T. ) ;
#3245 = EDGE_CURVE ( 'NONE', #1909, #4366, #5914, .T. ) ;
#3246 = VERTEX_POINT ( 'NONE', #1738 ) ;
#3247 = CARTESIAN_POINT ( 'NONE',  ( -12.20000000000011120, 32.05698051906943391, 152.8999999999997783 ) ) ;
#3248 = CARTESIAN_POINT ( 'NONE',  ( 19.52000000000059288, 35.29982358402804010, 34.70000000000000284 ) ) ;
#3249 = CARTESIAN_POINT ( 'NONE',  ( 16.97182763938115713, 33.84308143393185020, 36.29603641846440354 ) ) ;
#3250 = AXIS2_PLACEMENT_3D ( 'NONE', #5004, #4446, #1274 ) ;
#3251 = EDGE_CURVE ( 'NONE', #2810, #3414, #1604, .T. ) ;
#3252 = VECTOR ( 'NONE', #117, 1000.000000000000000 ) ;
#3253 = CARTESIAN_POINT ( 'NONE',  ( 5.829330599566601379, -37.40853518598355265, 25.00000000000000000 ) ) ;
#3254 = DIRECTION ( 'NONE',  ( 1.000000000000000000, 0.000000000000000000, 0.000000000000000000 ) ) ;
#3255 = ORIENTED_EDGE ( 'NONE', *, *, #4001, .T. ) ;
#3256 = DIRECTION ( 'NONE',  ( -0.000000000000000000, -1.000000000000000000, -0.000000000000000000 ) ) ;
#3257 = CARTESIAN_POINT ( 'NONE',  ( 22.08449273884671982, 30.75222684580000632, 93.46146613129511138 ) ) ;
#3258 = AXIS2_PLACEMENT_3D ( 'NONE', #321, #4654, #288 ) ;
#3259 = ORIENTED_EDGE ( 'NONE', *, *, #1586, .F. ) ;
#3260 = CARTESIAN_POINT ( 'NONE',  ( -18.28435426517912887, 33.15244643367654476, 94.41407715805267742 ) ) ;
#3261 = AXIS2_PLACEMENT_3D ( 'NONE', #4645, #845, #3490 ) ;
#3262 = CYLINDRICAL_SURFACE ( 'NONE', #5366, 1.199999999999999734 ) ;
#3263 = ORIENTED_EDGE ( 'NONE', *, *, #5174, .T. ) ;
#3264 = LINE ( 'NONE', #155, #1925 ) ;
#3265 = DIRECTION ( 'NONE',  ( 0.000000000000000000, -1.000000000000000000, 0.000000000000000000 ) ) ;
#3266 = ORIENTED_EDGE ( 'NONE', *, *, #4096, .F. ) ;
#3267 = CARTESIAN_POINT ( 'NONE',  ( 0.000000000000000000, -29.49982358402804294, 188.0000000000000000 ) ) ;
#3268 = CARTESIAN_POINT ( 'NONE',  ( -14.08803688616576899, 31.27332071071519692, 120.1731024347670171 ) ) ;
#3269 = VECTOR ( 'NONE', #3341, 1000.000000000000000 ) ;
#3270 = ORIENTED_EDGE ( 'NONE', *, *, #5103, .T. ) ;
#3271 = ORIENTED_EDGE ( 'NONE', *, *, #6034, .F. ) ;
#3272 = VECTOR ( 'NONE', #6415, 1000.000000000000000 ) ;
#3273 = PLANE ( 'NONE',  #1052 ) ;
#3274 = VERTEX_POINT ( 'NONE', #6506 ) ;
#3275 = CARTESIAN_POINT ( 'NONE',  ( -3.101721574042660468, -31.94979379083876125, 163.0000000000000000 ) ) ;
#3276 = EDGE_CURVE ( 'NONE', #4158, #1980, #1149, .T. ) ;
#3277 = CARTESIAN_POINT ( 'NONE',  ( 9.875237249487160085, -36.54958644461723338, 44.15696158101061286 ) ) ;
#3278 = ADVANCED_FACE ( 'NONE', ( #2880 ), #3273, .T. ) ;
#3279 = VECTOR ( 'NONE', #3845, 1000.000000000000000 ) ;
#3280 = ORIENTED_EDGE ( 'NONE', *, *, #3419, .F. ) ;
#3281 = CARTESIAN_POINT ( 'NONE',  ( 13.98262945437837068, 31.32059179508513935, 149.9833792375289647 ) ) ;
#3282 = CARTESIAN_POINT ( 'NONE',  ( 9.517899280574837917, 36.64417645329545792, 120.8586286036479152 ) ) ;
#3283 = CARTESIAN_POINT ( 'NONE',  ( -19.84999999999940457, 32.23906171091270068, 31.69999999999994245 ) ) ;
#3284 = VECTOR ( 'NONE', #4083, 1000.000000000000114 ) ;
#3285 = AXIS2_PLACEMENT_3D ( 'NONE', #2343, #2932, #290 ) ;
#3286 = AXIS2_PLACEMENT_3D ( 'NONE', #6142, #4109, #2532 ) ;
#3287 = LINE ( 'NONE', #6027, #2441 ) ;
#3288 = ADVANCED_FACE ( 'NONE', ( #5531 ), #6470, .F. ) ;
#3289 = CARTESIAN_POINT ( 'NONE',  ( -7.500011671745328456, -29.49982358402804294, 150.9999999999999716 ) ) ;
#3290 = VERTEX_POINT ( 'NONE', #1185 ) ;
#3291 = CARTESIAN_POINT ( 'NONE',  ( -12.20000000000000284, 35.84047432721856552, 122.4999999999998295 ) ) ;
#3292 = CARTESIAN_POINT ( 'NONE',  ( 21.84065587945212883, 30.92708127236473459, 93.79004749015199138 ) ) ;
#3293 = AXIS2_PLACEMENT_3D ( 'NONE', #3100, #5601, #1902 ) ;
#3294 = ORIENTED_EDGE ( 'NONE', *, *, #2771, .F. ) ;
#3295 = CARTESIAN_POINT ( 'NONE',  ( 4.499531502626516577, -37.59167216941682454, 46.39398426936022446 ) ) ;
#3296 = ADVANCED_FACE ( 'NONE', ( #3376 ), #5496, .T. ) ;
#3297 = VECTOR ( 'NONE', #6465, 1000.000000000000000 ) ;
#3298 = CARTESIAN_POINT ( 'NONE',  ( 0.000000000000000000, 0.000000000000000000, 143.0000000000000284 ) ) ;
#3299 = ORIENTED_EDGE ( 'NONE', *, *, #3634, .F. ) ;
#3300 = CARTESIAN_POINT ( 'NONE',  ( 5.829330599566602267, -33.80101928582859472, 183.0000000000000000 ) ) ;
#3301 = DIRECTION ( 'NONE',  ( -1.000000000000000000, 0.000000000000000000, 0.000000000000000000 ) ) ;
#3302 = ORIENTED_EDGE ( 'NONE', *, *, #1160, .T. ) ;
#3303 = CARTESIAN_POINT ( 'NONE',  ( 10.46723297987548484, 32.66403472982965184, 120.5336052584360687 ) ) ;
#3304 = FACE_OUTER_BOUND ( 'NONE', #3182, .T. ) ;
#3305 = CYLINDRICAL_SURFACE ( 'NONE', #6554, 1.200000000000000178 ) ;
#3306 = DIRECTION ( 'NONE',  ( -1.000000000000000000, 0.000000000000000000, 0.000000000000000000 ) ) ;
#3307 = ORIENTED_EDGE ( 'NONE', *, *, #6383, .F. ) ;
#3308 = CYLINDRICAL_SURFACE ( 'NONE', #496, 2.000000000000001776 ) ;
#3309 = ORIENTED_EDGE ( 'NONE', *, *, #3890, .F. ) ;
#3310 = CARTESIAN_POINT ( 'NONE',  ( 5.829330599566576510, 3.002405480509394540E-15, 58.00000000000002132 ) ) ;
#3311 = CARTESIAN_POINT ( 'NONE',  ( 23.73057117962473939, -29.49982358402804294, 188.0000000000000000 ) ) ;
#3312 = VERTEX_POINT ( 'NONE', #5461 ) ;
#3313 = CC_DESIGN_DATE_AND_TIME_ASSIGNMENT ( #5133, #1482, ( #3008 ) ) ;
#3314 = FACE_OUTER_BOUND ( 'NONE', #4220, .T. ) ;
#3315 = FACE_OUTER_BOUND ( 'NONE', #4649, .T. ) ;
#3316 = DIRECTION ( 'NONE',  ( -1.000000000000000000, 0.000000000000000000, -0.000000000000000000 ) ) ;
#3317 = EDGE_CURVE ( 'NONE', #2282, #5438, #5428, .T. ) ;
#3318 = ORIENTED_EDGE ( 'NONE', *, *, #5456, .T. ) ;
#3319 = DIRECTION ( 'NONE',  ( -0.000000000000000000, -0.000000000000000000, 1.000000000000000000 ) ) ;
#3320 = FACE_OUTER_BOUND ( 'NONE', #5178, .T. ) ;
#3321 = DIRECTION ( 'NONE',  ( -0.7071067811865416886, 0.7071067811865532349, 0.000000000000000000 ) ) ;
#3322 = ORIENTED_EDGE ( 'NONE', *, *, #101, .T. ) ;
#3323 = DIRECTION ( 'NONE',  ( 1.000000000000000000, 0.000000000000000000, 0.000000000000000000 ) ) ;
#3324 = CARTESIAN_POINT ( 'NONE',  ( 19.88871006767422500, 32.21806918712993451, 94.85000000000002274 ) ) ;
#3325 = ADVANCED_FACE ( 'NONE', ( #2811 ), #3308, .F. ) ;
#3326 = EDGE_LOOP ( 'NONE', ( #4387, #157 ) ) ;
#3327 = CARTESIAN_POINT ( 'NONE',  ( 12.39416287600560018, 35.77438181221327795, 116.4999999999999858 ) ) ;
#3328 = DIRECTION ( 'NONE',  ( 0.000000000000000000, 1.000000000000000000, 0.000000000000000000 ) ) ;
#3329 = VERTEX_POINT ( 'NONE', #1805 ) ;
#3330 = DIRECTION ( 'NONE',  ( -0.000000000000000000, -0.000000000000000000, -1.000000000000000000 ) ) ;
#3331 = CARTESIAN_POINT ( 'NONE',  ( 20.25846989291743583, 31.98659790443888440, 37.63103837513386196 ) ) ;
#3332 = VECTOR ( 'NONE', #4113, 1000.000000000000000 ) ;
#3333 = ORIENTED_EDGE ( 'NONE', *, *, #5796, .T. ) ;
#3334 = CARTESIAN_POINT ( 'NONE',  ( 11.33619066768999595, 32.37277505547499601, 117.6916529981181299 ) ) ;
#3335 = CARTESIAN_POINT ( 'NONE',  ( -4.468068730591641113, -32.43975741685360958, 0.000000000000000000 ) ) ;
#3336 = ADVANCED_FACE ( 'NONE', ( #3937 ), #168, .T. ) ;
#3337 = AXIS2_PLACEMENT_3D ( 'NONE', #5472, #144, #109 ) ;
#3338 = DIRECTION ( 'NONE',  ( -1.000000000000000000, 0.000000000000000000, 0.000000000000000000 ) ) ;
#3339 = DIRECTION ( 'NONE',  ( -1.000000000000000000, 1.598721155460225418E-14, 0.000000000000000000 ) ) ;
#3340 = ORIENTED_EDGE ( 'NONE', *, *, #2383, .T. ) ;
#3341 = DIRECTION ( 'NONE',  ( -1.000000000000000000, 0.000000000000000000, -0.000000000000000000 ) ) ;
#3342 = EDGE_LOOP ( 'NONE', ( #2673, #2438 ) ) ;
#3343 = DIRECTION ( 'NONE',  ( 1.000000000000000000, 0.000000000000000000, -0.000000000000000000 ) ) ;
#3344 = DIRECTION ( 'NONE',  ( -0.000000000000000000, -1.000000000000000000, -0.000000000000000000 ) ) ;
#3345 = CIRCLE ( 'NONE', #108, 1.599999999999990319 ) ;
#3346 = EDGE_LOOP ( 'NONE', ( #6890, #522 ) ) ;
#3347 = CARTESIAN_POINT ( 'NONE',  ( 13.06321080459058770, 31.71527788761137501, 152.7086250529905840 ) ) ;
#3348 = CYLINDRICAL_SURFACE ( 'NONE', #1811, 32.10000000000000142 ) ;
#3349 = DIRECTION ( 'NONE',  ( 0.000000000000000000, -1.000000000000000000, 0.000000000000000000 ) ) ;
#3350 = ORIENTED_EDGE ( 'NONE', *, *, #6459, .F. ) ;
#3351 = CARTESIAN_POINT ( 'NONE',  ( 7.500011671745328456, -44.49982358402804294, 45.99999999999997158 ) ) ;
#3352 = CARTESIAN_POINT ( 'NONE',  ( -10.62740794860123650, 32.61218191951931544, 152.1427575081291366 ) ) ;
#3353 = FACE_BOUND ( 'NONE', #3665, .T. ) ;
#3354 = EDGE_LOOP ( 'NONE', ( #75, #2744, #2700, #3322 ) ) ;
#3355 = DIRECTION ( 'NONE',  ( -0.000000000000000000, -1.000000000000000000, -0.000000000000000000 ) ) ;
#3356 = LINE ( 'NONE', #4408, #3181 ) ;
#3357 = EDGE_CURVE ( 'NONE', #5948, #1462, #2272, .T. ) ;
#3358 = EDGE_CURVE ( 'NONE', #3972, #1262, #2499, .T. ) ;
#3359 = VECTOR ( 'NONE', #6773, 1000.000000000000000 ) ;
#3360 = ORIENTED_EDGE ( 'NONE', *, *, #346, .F. ) ;
#3361 = CARTESIAN_POINT ( 'NONE',  ( 13.14439265493066422, 35.50550726395835710, 116.6459991653279502 ) ) ;
#3362 = LINE ( 'NONE', #1761, #1585 ) ;
#3364 = ADVANCED_FACE ( 'NONE', ( #6116 ), #4558, .F. ) ;
#3363 = B_SPLINE_CURVE_WITH_KNOTS ( 'NONE', 3,
 ( #3986, #2521, #4574, #3496, #852, #6206, #3537, #1918, #1442, #3572, #884, #3002, #3040, #5131, #5169, #400, #6767, #6242, #1480, #3609, #4168, #4299, #2163, #4790, #1614, #2659, #4266, #5726, #2690, #6414, #6281, #5207, #43, #4762 ),
 .UNSPECIFIED., .F., .F.,
 ( 4, 2, 2, 2, 2, 2, 2, 2, 2, 2, 2, 2, 2, 2, 2, 2, 4 ),
 ( 6.071532165918824830E-18, 0.0005943463733161773871, 0.001188692746632348703, 0.001783039119948520018, 0.002377385493264691334, 0.002971731866580862649, 0.003566078239897033965, 0.004160424613213205280, 0.004754770986529376596, 0.005349117359845547912, 0.005943463733161719227, 0.006537810106477890543, 0.007132156479794061858, 0.007726502853110233174, 0.008320849226426403622, 0.008915195599742575805, 0.009509541973058747988 ),
 .UNSPECIFIED. ) ;
#3365 = VERTEX_POINT ( 'NONE', #6677 ) ;
#3366 = AXIS2_PLACEMENT_3D ( 'NONE', #50, #4826, #4305 ) ;
#3367 = CARTESIAN_POINT ( 'NONE',  ( -4.499909631513410169, -37.59162690439018206, 45.80456640853409311 ) ) ;
#3368 = ORIENTED_EDGE ( 'NONE', *, *, #2285, .F. ) ;
#3369 = PLANE ( 'NONE',  #5175 ) ;
#3370 = CYLINDRICAL_SURFACE ( 'NONE', #3188, 1.199999999999999734 ) ;
#3371 = VECTOR ( 'NONE', #6317, 1000.000000000000000 ) ;
#3372 = DIRECTION ( 'NONE',  ( -0.000000000000000000, 0.000000000000000000, 1.000000000000000000 ) ) ;
#3373 = PLANE ( 'NONE',  #5450 ) ;
#3374 = EDGE_CURVE ( 'NONE', #4529, #2003, #2154, .T. ) ;
#3375 = ORIENTED_EDGE ( 'NONE', *, *, #42, .T. ) ;
#3376 = FACE_OUTER_BOUND ( 'NONE', #3872, .T. ) ;
#3377 = VERTEX_POINT ( 'NONE', #4081 ) ;
#3378 = DIRECTION ( 'NONE',  ( 1.000000000000000000, 0.000000000000000000, 0.000000000000000000 ) ) ;
#3379 = PLANE ( 'NONE',  #1401 ) ;
#3380 = ORIENTED_EDGE ( 'NONE', *, *, #3025, .T. ) ;
#3381 = VECTOR ( 'NONE', #3538, 1000.000000000000000 ) ;
#3382 = EDGE_LOOP ( 'NONE', ( #4144, #329 ) ) ;
#3383 = CARTESIAN_POINT ( 'NONE',  ( -13.68146631802566127, 35.30354842867015464, 148.2634144040345916 ) ) ;
#3384 = DIRECTION ( 'NONE',  ( -1.000000000000000000, 0.000000000000000000, 0.000000000000000000 ) ) ;
#3385 = LINE ( 'NONE', #6620, #6608 ) ;
#3386 = VECTOR ( 'NONE', #3141, 1000.000000000000000 ) ;
#3387 = B_SPLINE_CURVE_WITH_KNOTS ( 'NONE', 3,
 ( #1891, #4029, #1378, #4582, #478, #4697, #6700, #5248, #3579, #2599, #5695, #973, #1452, #513, #3689, #6775, #2491, #5283, #3657, #893, #1489, #1527, #3122, #1928, #1559, #4069, #3011, #6180, #5805, #3618 ),
 .UNSPECIFIED., .F., .F.,
 ( 4, 2, 2, 2, 2, 2, 2, 2, 2, 2, 2, 2, 2, 2, 4 ),
 ( 0.01027121128942131735, 0.01089451186054183826, 0.01151781243166235744, 0.01214111300278287661, 0.01276441357390339752, 0.01338771414502391843, 0.01401101471614443761, 0.01463431528726495678, 0.01525761585838547769, 0.01588091642950599860, 0.01650421700062651778, 0.01712751757174703696, 0.01775081814286755613, 0.01899741928510859101, 0.02024402042734962243 ),
 .UNSPECIFIED. ) ;
#3388 = VERTEX_POINT ( 'NONE', #2913 ) ;
#3389 = CARTESIAN_POINT ( 'NONE',  ( 0.000000000000000000, 0.000000000000000000, 163.0000000000000000 ) ) ;
#3390 = VECTOR ( 'NONE', #871, 1000.000000000000000 ) ;
#3391 = CARTESIAN_POINT ( 'NONE',  ( -10.30883830800528855, 32.71423061786801867, 150.2356921005345782 ) ) ;
#3392 = DIRECTION ( 'NONE',  ( -0.000000000000000000, -0.000000000000000000, -1.000000000000000000 ) ) ;
#3393 = ORIENTED_EDGE ( 'NONE', *, *, #3751, .F. ) ;
#3394 = CARTESIAN_POINT ( 'NONE',  ( -8.463249142988889417, -36.90239629582300296, 48.84775140157068307 ) ) ;
#3395 = CARTESIAN_POINT ( 'NONE',  ( 22.05685698800506245, 30.77166762168686276, 90.23631282703557588 ) ) ;
#3396 = AXIS2_PLACEMENT_3D ( 'NONE', #2939, #5102, #3929 ) ;
#3397 = VECTOR ( 'NONE', #6420, 1000.000000000000000 ) ;
#3398 = ORIENTED_EDGE ( 'NONE', *, *, #5527, .T. ) ;
#3399 = DIRECTION ( 'NONE',  ( 0.000000000000000000, 1.000000000000000000, 0.000000000000000000 ) ) ;
#3400 = ADVANCED_FACE ( 'NONE', ( #4039 ), #3973, .F. ) ;
#3401 = CARTESIAN_POINT ( 'NONE',  ( 4.449999999999998401, -34.29999999999999716, 5.000000000000004441 ) ) ;
#3402 = EDGE_CURVE ( 'NONE', #431, #1476, #1375, .T. ) ;
#3403 = LOCAL_TIME ( 18, 49, 51.00000000000000000, #3004 ) ;
#3404 = ORIENTED_EDGE ( 'NONE', *, *, #6594, .T. ) ;
#3405 = AXIS2_PLACEMENT_3D ( 'NONE', #4808, #5329, #2613 ) ;
#3406 = CARTESIAN_POINT ( 'NONE',  ( -6.729025553291386963, -37.25771620857918265, 43.09425753185958996 ) ) ;
#3407 = VERTEX_POINT ( 'NONE', #5706 ) ;
#3408 = CARTESIAN_POINT ( 'NONE',  ( -22.57908623379608315, 30.39035784356575220, 35.95690155710695990 ) ) ;
#3409 = CARTESIAN_POINT ( 'NONE',  ( 23.00000000000000000, 27.79982358402804365, 30.40000000000000924 ) ) ;
#3410 = VECTOR ( 'NONE', #3884, 1000.000000000000000 ) ;
#3411 = DIRECTION ( 'NONE',  ( 0.000000000000000000, 0.000000000000000000, -1.000000000000000000 ) ) ;
#3412 = EDGE_CURVE ( 'NONE', #1838, #6485, #6265, .T. ) ;
#3413 = CARTESIAN_POINT ( 'NONE',  ( 12.19999999999988738, 33.49982358402804294, 147.8999999999999488 ) ) ;
#3414 = VERTEX_POINT ( 'NONE', #418 ) ;
#3415 = CARTESIAN_POINT ( 'NONE',  ( 6.003786700256149800, -37.38271213257203129, 148.3708856088194068 ) ) ;
#3416 = VERTEX_POINT ( 'NONE', #5777 ) ;
#3417 = PLANE ( 'NONE',  #1064 ) ;
#3418 = CARTESIAN_POINT ( 'NONE',  ( 0.000000000000000000, -29.49982358402804294, 38.00000000000002842 ) ) ;
#3419 = EDGE_CURVE ( 'NONE', #1535, #6076, #1565, .T. ) ;
#3420 = ORIENTED_EDGE ( 'NONE', *, *, #5839, .T. ) ;
#3421 = CARTESIAN_POINT ( 'NONE',  ( -15.03403762249174491, 34.74715343899308095, 151.9039479981510112 ) ) ;
#3422 = DIRECTION ( 'NONE',  ( -0.000000000000000000, -1.000000000000000000, -0.000000000000000000 ) ) ;
#3423 = DIRECTION ( 'NONE',  ( -0.7071067811865398012, -0.7071067811865552333, 0.000000000000000000 ) ) ;
#3424 = EDGE_CURVE ( 'NONE', #4875, #6682, #1607, .T. ) ;
#3425 = VERTEX_POINT ( 'NONE', #2112 ) ;
#3426 = DIRECTION ( 'NONE',  ( 0.000000000000000000, -1.000000000000000000, 0.000000000000000000 ) ) ;
#3427 = CARTESIAN_POINT ( 'NONE',  ( -11.94582752720832808, 32.15371153109394697, 148.8999999999997215 ) ) ;
#3428 = CARTESIAN_POINT ( 'NONE',  ( 22.00000000000000000, -29.49982358402804294, 64.00000000000001421 ) ) ;
#3429 = CARTESIAN_POINT ( 'NONE',  ( -10.48043153444420206, -36.38051389574383165, 46.39531223741718691 ) ) ;
#3430 = DIRECTION ( 'NONE',  ( 0.000000000000000000, 0.000000000000000000, -1.000000000000000000 ) ) ;
#3431 = CYLINDRICAL_SURFACE ( 'NONE', #5227, 1.199999999999999734 ) ;
#3432 = LINE ( 'NONE', #2277, #920 ) ;
#3433 = EDGE_LOOP ( 'NONE', ( #1272, #592, #4696, #4685 ) ) ;
#3434 = CARTESIAN_POINT ( 'NONE',  ( -5.682027704922952616, -37.43155649665578011, 48.39440677228711962 ) ) ;
#3435 = EDGE_LOOP ( 'NONE', ( #2620, #1664 ) ) ;
#3436 = CARTESIAN_POINT ( 'NONE',  ( 0.000000000000000000, 0.000000000000000000, 188.0000000000000000 ) ) ;
#3437 = DIRECTION ( 'NONE',  ( -1.000000000000000000, 0.000000000000000000, 0.000000000000000000 ) ) ;
#3438 = AXIS2_PLACEMENT_3D ( 'NONE', #3868, #4487, #3411 ) ;
#3439 = CARTESIAN_POINT ( 'NONE',  ( 15.19967815454888083, 34.67491000880616525, 150.6928678606754488 ) ) ;
#3440 = CARTESIAN_POINT ( 'NONE',  ( -17.50001167174533023, -29.49982358402804294, 188.0000000000000000 ) ) ;
#3441 = CARTESIAN_POINT ( 'NONE',  ( 9.839695714035757490, 36.55918087518698201, 152.7625192304599011 ) ) ;
#3442 = AXIS2_PLACEMENT_3D ( 'NONE', #1555, #1097, #1068 ) ;
#3443 = ORIENTED_EDGE ( 'NONE', *, *, #3761, .F. ) ;
#3444 = CARTESIAN_POINT ( 'NONE',  ( 3.265987202574514914, 33.64183894487069892, 183.0000000000000000 ) ) ;
#3445 = EDGE_LOOP ( 'NONE', ( #4392, #3140, #5560, #6531, #2571, #5319, #1320, #86, #6083, #425, #1142, #1567 ) ) ;
#3446 = CARTESIAN_POINT ( 'NONE',  ( -12.20000000000010942, 33.49982358402804294, 150.8999999999997783 ) ) ;
#3447 = CARTESIAN_POINT ( 'NONE',  ( 7.500011671745328456, -29.49982358402804294, 150.9999999999999716 ) ) ;
#3448 = EDGE_CURVE ( 'NONE', #5047, #4232, #6299, .T. ) ;
#3449 = AXIS2_PLACEMENT_3D ( 'NONE', #3079, #3677, #540 ) ;
#3450 = ORIENTED_EDGE ( 'NONE', *, *, #175, .F. ) ;
#3451 = ORIENTED_EDGE ( 'NONE', *, *, #3540, .T. ) ;
#3452 = FACE_OUTER_BOUND ( 'NONE', #6505, .T. ) ;
#3453 = CARTESIAN_POINT ( 'NONE',  ( 7.500011671745328456, -29.49982358402804294, 45.99999999999997158 ) ) ;
#3454 = CIRCLE ( 'NONE', #1123, 2.000000000000001776 ) ;
#3455 = CARTESIAN_POINT ( 'NONE',  ( 16.62665002401221059, 34.01376763370173961, 33.88002832077648918 ) ) ;
#3456 = EDGE_CURVE ( 'NONE', #5681, #6578, #701, .T. ) ;
#3457 = EDGE_CURVE ( 'NONE', #3915, #2568, #4053, .T. ) ;
#3458 = VERTEX_POINT ( 'NONE', #2080 ) ;
#3459 = DIRECTION ( 'NONE',  ( -0.000000000000000000, 0.000000000000000000, 1.000000000000000000 ) ) ;
#3460 = PLANE ( 'NONE',  #4639 ) ;
#3461 = APPLICATION_CONTEXT ( 'configuration controlled 3d designs of mechanical parts and assemblies' ) ;
#3462 = DIRECTION ( 'NONE',  ( 0.000000000000000000, -0.000000000000000000, -1.000000000000000000 ) ) ;
#3463 = DIRECTION ( 'NONE',  ( -1.000000000000000000, 0.000000000000000000, 0.000000000000000000 ) ) ;
#3464 = EDGE_CURVE ( 'NONE', #2707, #6723, #523, .T. ) ;
#3465 = DIRECTION ( 'NONE',  ( -0.000000000000000000, 0.000000000000000000, 1.000000000000000000 ) ) ;
#3466 = PLANE ( 'NONE',  #1285 ) ;
#3467 = CARTESIAN_POINT ( 'NONE',  ( 15.19967815454898918, 34.67491000880611551, 119.2928678606755142 ) ) ;
#3468 = CARTESIAN_POINT ( 'NONE',  ( 11.00232195553887493, 32.48772397977686666, 149.2929903474900186 ) ) ;
#3469 = ORIENTED_EDGE ( 'NONE', *, *, #3194, .T. ) ;
#3470 = CARTESIAN_POINT ( 'NONE',  ( 0.000000000000000000, 0.000000000000000000, 188.0000000000000000 ) ) ;
#3471 = ORIENTED_EDGE ( 'NONE', *, *, #5609, .T. ) ;
#3472 = CARTESIAN_POINT ( 'NONE',  ( 4.468068730591639337, 32.43975741685360248, 188.0000000000000000 ) ) ;
#3473 = VECTOR ( 'NONE', #1009, 1000.000000000000000 ) ;
#3474 = DIRECTION ( 'NONE',  ( -1.000000000000000000, 0.000000000000000000, 0.000000000000000000 ) ) ;
#3475 = FACE_OUTER_BOUND ( 'NONE', #2938, .T. ) ;
#3476 = DIRECTION ( 'NONE',  ( -1.000000000000000000, 0.000000000000000000, 0.000000000000000000 ) ) ;
#3477 = AXIS2_PLACEMENT_3D ( 'NONE', #5474, #1302, #5513 ) ;
#3478 = CARTESIAN_POINT ( 'NONE',  ( -5.829330599566602267, 33.80101928582860182, 188.0000000000000000 ) ) ;
#3479 = ORIENTED_EDGE ( 'NONE', *, *, #3374, .T. ) ;
#3480 = CARTESIAN_POINT ( 'NONE',  ( 4.656657748670986585, -37.57261013441004849, 150.0231547932589820 ) ) ;
#3481 = VERTEX_POINT ( 'NONE', #6886 ) ;
#3482 = DIRECTION ( 'NONE',  ( -0.000000000000000000, 0.000000000000000000, 1.000000000000000000 ) ) ;
#3483 = DIRECTION ( 'NONE',  ( 0.000000000000000000, 1.000000000000000000, -0.000000000000000000 ) ) ;
#3484 = VECTOR ( 'NONE', #2628, 1000.000000000000000 ) ;
#3485 = VERTEX_POINT ( 'NONE', #25 ) ;
#3486 = VERTEX_POINT ( 'NONE', #5452 ) ;
#3487 = AXIS2_PLACEMENT_3D ( 'NONE', #5274, #1613, #569 ) ;
#3488 = DIRECTION ( 'NONE',  ( -0.000000000000000000, 0.000000000000000000, 1.000000000000000000 ) ) ;
#3489 = EDGE_CURVE ( 'NONE', #5723, #443, #3264, .T. ) ;
#3490 = DIRECTION ( 'NONE',  ( 1.000000000000000000, -8.881784197001252323E-16, 0.000000000000000000 ) ) ;
#3491 = EDGE_CURVE ( 'NONE', #5669, #2043, #6486, .T. ) ;
#3492 = LINE ( 'NONE', #4127, #1611 ) ;
#3493 = VERTEX_POINT ( 'NONE', #2209 ) ;
#3494 = DIRECTION ( 'NONE',  ( 0.000000000000000000, 1.000000000000000000, 0.000000000000000000 ) ) ;
#3495 = DIRECTION ( 'NONE',  ( -0.7071067811865381358, 0.7071067811865570096, 0.000000000000000000 ) ) ;
#3496 = CARTESIAN_POINT ( 'NONE',  ( 8.270665023076437805, -36.94608995132465878, 153.9057937360459789 ) ) ;
#3497 = CARTESIAN_POINT ( 'NONE',  ( -11.94582752720821972, 32.15371153109398961, 117.4999999999998153 ) ) ;
#3498 = CIRCLE ( 'NONE', #6283, 1.650000000000017231 ) ;
#3499 = CARTESIAN_POINT ( 'NONE',  ( -10.40091286902959133, -36.40332795557190337, 45.21006198581335411 ) ) ;
#3500 = DIRECTION ( 'NONE',  ( 0.000000000000000000, 0.000000000000000000, -1.000000000000000000 ) ) ;
#3501 = EDGE_CURVE ( 'NONE', #1207, #613, #5578, .T. ) ;
#3502 = EDGE_CURVE ( 'NONE', #752, #4377, #3987, .T. ) ;
#3503 = AXIS2_PLACEMENT_3D ( 'NONE', #2882, #6054, #4983 ) ;
#3504 = CARTESIAN_POINT ( 'NONE',  ( 15.09830666897842910, 34.71919814336418852, 120.3008211090698154 ) ) ;
#3505 = CARTESIAN_POINT ( 'NONE',  ( 12.19999999999988916, 32.05698051906951918, 152.8999999999999488 ) ) ;
#3506 = ORIENTED_EDGE ( 'NONE', *, *, #3424, .T. ) ;
#3507 = CARTESIAN_POINT ( 'NONE',  ( 5.829330599566601379, -37.40853518598355265, 183.0000000000000000 ) ) ;
#3508 = ORIENTED_EDGE ( 'NONE', *, *, #6585, .F. ) ;
#3509 = CARTESIAN_POINT ( 'NONE',  ( -9.358852893298900355, 36.68511854650331117, 151.8837709695973217 ) ) ;
#3510 = AXIS2_PLACEMENT_3D ( 'NONE', #2447, #751, #1411 ) ;
#3511 = CYLINDRICAL_SURFACE ( 'NONE', #5307, 3.000000000000002665 ) ;
#3512 = EDGE_CURVE ( 'NONE', #1967, #3108, #2280, .T. ) ;
#3513 = CARTESIAN_POINT ( 'NONE',  ( 16.98412536343293766, 27.79982358402804365, 96.00000000000000000 ) ) ;
#3514 = VECTOR ( 'NONE', #4307, 1000.000000000000000 ) ;
#3515 = CARTESIAN_POINT ( 'NONE',  ( -5.121049883211614251, -37.51222051754624687, 149.1617667398929257 ) ) ;
#3516 = CIRCLE ( 'NONE', #2732, 1.599999999999990319 ) ;
#3517 = CARTESIAN_POINT ( 'NONE',  ( -7.500011671745328456, -34.49982358402804294, 150.9999999999999716 ) ) ;
#3518 = ORIENTED_EDGE ( 'NONE', *, *, #3419, .T. ) ;
#3519 = CARTESIAN_POINT ( 'NONE',  ( 12.19999999999999751, 32.05698051906947654, 117.5000000000000000 ) ) ;
#3520 = VERTEX_POINT ( 'NONE', #4836 ) ;
#3521 = CARTESIAN_POINT ( 'NONE',  ( -21.50000000000000000, 30.49982358402804294, 96.49999999999998579 ) ) ;
#3522 = LINE ( 'NONE', #4154, #737 ) ;
#3523 = VECTOR ( 'NONE', #2525, 1000.000000000000000 ) ;
#3524 = ORIENTED_EDGE ( 'NONE', *, *, #3558, .F. ) ;
#3525 = VECTOR ( 'NONE', #3735, 1000.000000000000000 ) ;
#3526 = ORIENTED_EDGE ( 'NONE', *, *, #2085, .T. ) ;
#3527 = CYLINDRICAL_SURFACE ( 'NONE', #5272, 1.699999999999977529 ) ;
#3528 = FACE_OUTER_BOUND ( 'NONE', #4721, .T. ) ;
#3529 = VERTEX_POINT ( 'NONE', #5387 ) ;
#3530 = CYLINDRICAL_SURFACE ( 'NONE', #272, 2.000000000000001776 ) ;
#3531 = EDGE_CURVE ( 'NONE', #4018, #5383, #1729, .T. ) ;
#3532 = VERTEX_POINT ( 'NONE', #62 ) ;
#3533 = B_SPLINE_CURVE_WITH_KNOTS ( 'NONE', 3,
 ( #5020, #5467, #139, #2225, #2331, #3910, #3876, #3946, #2857, #6021, #5957, #3421, #4394, #6547, #3842, #5988, #2298, #1258, #5405, #1710, #4882, #6617, #1780, #1191, #3383, #4430, #6580, #1812, #5503, #666 ),
 .UNSPECIFIED., .F., .F.,
 ( 4, 2, 2, 2, 2, 2, 2, 2, 2, 2, 2, 2, 2, 2, 4 ),
 ( 0.009586242957068977916, 0.01019282614211272468, 0.01079940932715647145, 0.01201257569724396845, 0.01261915888228774818, 0.01322574206733152791, 0.01383232525237530763, 0.01443890843741908736, 0.01504549162246286709, 0.01565207480750664681, 0.01625865799255042654, 0.01686524117759420974, 0.01807840754768171715, 0.01868499073272548300, 0.01929157391776925232 ),
 .UNSPECIFIED. ) ;
#3534 = ORIENTED_EDGE ( 'NONE', *, *, #3913, .F. ) ;
#3535 = CARTESIAN_POINT ( 'NONE',  ( 5.829330599566602267, 0.000000000000000000, 25.00000000000000000 ) ) ;
#3536 = DIRECTION ( 'NONE',  ( -0.000000000000000000, -0.000000000000000000, -1.000000000000000000 ) ) ;
#3537 = CARTESIAN_POINT ( 'NONE',  ( 8.991434884447873088, -36.77718906890731887, 153.6102567695286609 ) ) ;
#3538 = DIRECTION ( 'NONE',  ( -1.138138323803736265E-16, 1.000000000000000000, 0.000000000000000000 ) ) ;
#3539 = CARTESIAN_POINT ( 'NONE',  ( -17.50001167174533023, -29.49982358402804294, 58.00000000000002132 ) ) ;
#3540 = EDGE_CURVE ( 'NONE', #4336, #5383, #5489, .T. ) ;
#3541 = DIRECTION ( 'NONE',  ( -0.000000000000000000, -0.000000000000000000, -1.000000000000000000 ) ) ;
#3542 = DIRECTION ( 'NONE',  ( 0.000000000000000000, 0.000000000000000000, -1.000000000000000000 ) ) ;
#3543 = ORIENTED_EDGE ( 'NONE', *, *, #5769, .F. ) ;
#3544 = DIRECTION ( 'NONE',  ( 0.000000000000000000, 1.000000000000000000, 0.000000000000000000 ) ) ;
#3545 = ORIENTED_EDGE ( 'NONE', *, *, #2052, .F. ) ;
#3546 = DIRECTION ( 'NONE',  ( -0.000000000000000000, -0.000000000000000000, -1.000000000000000000 ) ) ;
#3547 = EDGE_CURVE ( 'NONE', #1476, #431, #6152, .T. ) ;
#3548 = DIRECTION ( 'NONE',  ( -0.000000000000000000, -0.000000000000000000, -1.000000000000000000 ) ) ;
#3549 = LINE ( 'NONE', #3513, #4274 ) ;
#3550 = DIRECTION ( 'NONE',  ( 0.000000000000000000, 0.000000000000000000, 1.000000000000000000 ) ) ;
#3551 = FACE_OUTER_BOUND ( 'NONE', #4118, .T. ) ;
#3552 = ORIENTED_EDGE ( 'NONE', *, *, #2577, .T. ) ;
#3553 = CARTESIAN_POINT ( 'NONE',  ( 4.597744587136991079, -37.57980675232368384, 150.2153648944847362 ) ) ;
#3554 = LINE ( 'NONE', #6364, #3958 ) ;
#3555 = CIRCLE ( 'NONE', #4439, 34.29999999999999716 ) ;
#3556 = EDGE_LOOP ( 'NONE', ( #1544, #306, #5115, #6763 ) ) ;
#3557 = FACE_OUTER_BOUND ( 'NONE', #1779, .T. ) ;
#3558 = EDGE_CURVE ( 'NONE', #4040, #1731, #620, .T. ) ;
#3559 = DIRECTION ( 'NONE',  ( -0.000000000000000000, -0.000000000000000000, -1.000000000000000000 ) ) ;
#3560 = AXIS2_PLACEMENT_3D ( 'NONE', #3859, #3399, #1793 ) ;
#3561 = ORIENTED_EDGE ( 'NONE', *, *, #6120, .F. ) ;
#3562 = EDGE_LOOP ( 'NONE', ( #501, #1390 ) ) ;
#3563 = CARTESIAN_POINT ( 'NONE',  ( -13.98584434313094782, -13.98584434313071867, 143.0000000000000284 ) ) ;
#3564 = FACE_OUTER_BOUND ( 'NONE', #5676, .T. ) ;
#3565 = ORIENTED_EDGE ( 'NONE', *, *, #4949, .F. ) ;
#3566 = DIRECTION ( 'NONE',  ( 1.000000000000000000, 0.000000000000000000, 0.000000000000000000 ) ) ;
#3567 = VECTOR ( 'NONE', #4969, 1000.000000000000000 ) ;
#3568 = ORIENTED_EDGE ( 'NONE', *, *, #4381, .T. ) ;
#3569 = VERTEX_POINT ( 'NONE', #3300 ) ;
#3570 = DIRECTION ( 'NONE',  ( -1.000000000000000000, 0.000000000000000000, 0.000000000000000000 ) ) ;
#3571 = LINE ( 'NONE', #2443, #3077 ) ;
#3572 = CARTESIAN_POINT ( 'NONE',  ( 9.747962902117853545, -36.58384131082914337, 152.9962136635013792 ) ) ;
#3573 = CARTESIAN_POINT ( 'NONE',  ( -11.00712429079003840, 32.48609406307717506, 117.8895195527274922 ) ) ;
#3574 = CALENDAR_DATE ( 2026, 22, 6 ) ;
#3575 = CARTESIAN_POINT ( 'NONE',  ( 4.140216108916104254, -32.18385272431964950, 143.0000000000000284 ) ) ;
#3576 = CARTESIAN_POINT ( 'NONE',  ( -0.000000000000000000, -30.49982358402804294, 140.0000000000000000 ) ) ;
#3577 = CARTESIAN_POINT ( 'NONE',  ( 10.26873184982029308, 32.72680804369171881, 151.4370182596010181 ) ) ;
#3578 = ORIENTED_EDGE ( 'NONE', *, *, #2982, .F. ) ;
#3579 = CARTESIAN_POINT ( 'NONE',  ( 17.62614716959759420, 33.50708419539594018, 94.18484741407101524 ) ) ;
#3580 = EDGE_CURVE ( 'NONE', #5047, #3621, #5721, .T. ) ;
#3581 = EDGE_CURVE ( 'NONE', #6688, #3486, #5830, .T. ) ;
#3582 = EDGE_LOOP ( 'NONE', ( #5986, #2430, #1417, #5089 ) ) ;
#3583 = PLANE ( 'NONE',  #4957 ) ;
#3584 = FACE_OUTER_BOUND ( 'NONE', #6648, .T. ) ;
#3585 = DIRECTION ( 'NONE',  ( -0.7071067811865532349, 0.7071067811865417996, 0.000000000000000000 ) ) ;
#3586 = CARTESIAN_POINT ( 'NONE',  ( -13.98584434313091762, -13.98584434313054459, 5.000000000000000000 ) ) ;
#3587 = ADVANCED_FACE ( 'NONE', ( #1691 ), #6131, .F. ) ;
#3588 = CARTESIAN_POINT ( 'NONE',  ( 3.250000000000000000, 34.29999999999999716, 188.0000000000000000 ) ) ;
#3589 = VERTEX_POINT ( 'NONE', #4375 ) ;
#3590 = CARTESIAN_POINT ( 'NONE',  ( 5.525135398580882651, -37.45493654641278880, 153.2668012069407553 ) ) ;
#3591 = DIRECTION ( 'NONE',  ( -0.000000000000000000, 0.000000000000000000, 1.000000000000000000 ) ) ;
#3592 = EDGE_LOOP ( 'NONE', ( #2515, #4341 ) ) ;
#3593 = CARTESIAN_POINT ( 'NONE',  ( 0.000000000000000000, 0.000000000000000000, 163.0000000000000000 ) ) ;
#3594 = LINE ( 'NONE', #344, #1181 ) ;
#3595 = AXIS2_PLACEMENT_3D ( 'NONE', #6884, #2109, #4802 ) ;
#3596 = EDGE_LOOP ( 'NONE', ( #2638, #1861, #2994, #432 ) ) ;
#3597 = EDGE_CURVE ( 'NONE', #3241, #2282, #1335, .T. ) ;
#3598 = VERTEX_POINT ( 'NONE', #582 ) ;
#3599 = CARTESIAN_POINT ( 'NONE',  ( 0.000000000000000000, 0.000000000000000000, 25.00000000000000000 ) ) ;
#3600 = FACE_OUTER_BOUND ( 'NONE', #3121, .T. ) ;
#3601 = ORIENTED_EDGE ( 'NONE', *, *, #4852, .T. ) ;
#3602 = CARTESIAN_POINT ( 'NONE',  ( 5.829330599566602267, 37.40853518598355976, 183.0000000000000000 ) ) ;
#3603 = AXIS2_PLACEMENT_3D ( 'NONE', #922, #1884, #4059 ) ;
#3604 = ORIENTED_EDGE ( 'NONE', *, *, #1970, .F. ) ;
#3605 = VECTOR ( 'NONE', #1398, 1000.000000000000000 ) ;
#3606 = ORIENTED_EDGE ( 'NONE', *, *, #1165, .T. ) ;
#3607 = CARTESIAN_POINT ( 'NONE',  ( 4.468068730591644666, -32.43975741685360248, 5.000000000000000000 ) ) ;
#3608 = CARTESIAN_POINT ( 'NONE',  ( -13.14542045118263580, 35.50511649671127401, 122.3535292262437508 ) ) ;
#3609 = CARTESIAN_POINT ( 'NONE',  ( 10.40169809882863028, -36.40310354868998388, 150.2126920630663562 ) ) ;
#3610 = CARTESIAN_POINT ( 'NONE',  ( -10.20016769020863023, 32.74823016778022122, 119.3632837466060153 ) ) ;
#3611 = APPROVAL_STATUS ( 'not_yet_approved' ) ;
#3612 = CARTESIAN_POINT ( 'NONE',  ( 12.19999999999999574, 43.49982358402805005, 122.5000000000000000 ) ) ;
#3613 = AXIS2_PLACEMENT_3D ( 'NONE', #2719, #4820, #6348 ) ;
#3614 = DIRECTION ( 'NONE',  ( -0.000000000000000000, -0.000000000000000000, -1.000000000000000000 ) ) ;
#3615 = AXIS2_PLACEMENT_3D ( 'NONE', #4116, #1938, #4634 ) ;
#3616 = CARTESIAN_POINT ( 'NONE',  ( -7.500011671745328456, -29.49982358402804294, 45.99999999999997158 ) ) ;
#3617 = ORIENTED_EDGE ( 'NONE', *, *, #4825, .T. ) ;
#3618 = CARTESIAN_POINT ( 'NONE',  ( 19.51999999999999602, 32.43993218242007259, 88.84999999999999432 ) ) ;
#3619 = CARTESIAN_POINT ( 'NONE',  ( -12.01053671540988432, 35.90496711408562192, 153.8999999999997783 ) ) ;
#3620 = AXIS2_PLACEMENT_3D ( 'NONE', #6760, #1985, #5823 ) ;
#3621 = VERTEX_POINT ( 'NONE', #3863 ) ;
#3622 = EDGE_CURVE ( 'NONE', #4406, #4878, #6046, .T. ) ;
#3623 = LINE ( 'NONE', #1972, #3332 ) ;
#3624 = CARTESIAN_POINT ( 'NONE',  ( 9.219785631593738984, 36.72025071557385445, 150.5022617580604560 ) ) ;
#3625 = EDGE_LOOP ( 'NONE', ( #2650, #2269, #6227, #5857 ) ) ;
#3626 = VECTOR ( 'NONE', #6192, 1000.000000000000000 ) ;
#3627 = CARTESIAN_POINT ( 'NONE',  ( 19.52000000000059288, 27.79982358402804365, 34.70000000000000284 ) ) ;
#3628 = CARTESIAN_POINT ( 'NONE',  ( 12.19999999999988560, 35.84047432721860815, 147.8999999999999488 ) ) ;
#3629 = ORIENTED_EDGE ( 'NONE', *, *, #936, .T. ) ;
#3630 = LINE ( 'NONE', #29, #2165 ) ;
#3631 = CARTESIAN_POINT ( 'NONE',  ( -12.20000000000000462, 32.05698051906947654, 121.4999999999998295 ) ) ;
#3632 = VECTOR ( 'NONE', #1764, 1000.000000000000000 ) ;
#3633 = VECTOR ( 'NONE', #4520, 1000.000000000000000 ) ;
#3634 = EDGE_CURVE ( 'NONE', #2200, #4827, #289, .T. ) ;
#3635 = VERTEX_POINT ( 'NONE', #6427 ) ;
#3636 = ORIENTED_EDGE ( 'NONE', *, *, #3065, .F. ) ;
#3637 = PLANE ( 'NONE',  #3941 ) ;
#3638 = CARTESIAN_POINT ( 'NONE',  ( 7.500011671745328456, -34.49982358402804294, 153.9999999999999716 ) ) ;
#3639 = ORIENTED_EDGE ( 'NONE', *, *, #6158, .T. ) ;
#3640 = DIRECTION ( 'NONE',  ( 0.000000000000000000, 0.000000000000000000, -1.000000000000000000 ) ) ;
#3641 = CIRCLE ( 'NONE', #406, 1.200000000000000178 ) ;
#3642 = EDGE_CURVE ( 'NONE', #1977, #231, #1660, .T. ) ;
#3643 = ORIENTED_EDGE ( 'NONE', *, *, #3710, .T. ) ;
#3644 = AXIS2_PLACEMENT_3D ( 'NONE', #4521, #3014, #6110 ) ;
#3645 = ORIENTED_EDGE ( 'NONE', *, *, #3412, .F. ) ;
#3646 = DIRECTION ( 'NONE',  ( -1.000000000000000000, 0.000000000000000000, -0.000000000000000000 ) ) ;
#3647 = CYLINDRICAL_SURFACE ( 'NONE', #73, 1.200000000000000178 ) ;
#3648 = DIRECTION ( 'NONE',  ( 0.000000000000000000, 0.000000000000000000, 1.000000000000000000 ) ) ;
#3649 = CARTESIAN_POINT ( 'NONE',  ( -10.71248817432756262, 32.58439234932370709, 120.8434425946636424 ) ) ;
#3650 = B_SPLINE_CURVE_WITH_KNOTS ( 'NONE', 3,
 ( #5774, #519, #1657, #552, #4180, #4279, #1008, #3260, #579, #2142, #3198, #22, #1630, #4702, #5873, #3163, #6393, #3693, #3128, #3759, #6815, #4215, #6295, #1104, #1076, #1039, #3228, #2701 ),
 .UNSPECIFIED., .F., .F.,
 ( 4, 2, 2, 2, 2, 2, 2, 2, 2, 2, 2, 2, 2, 4 ),
 ( 0.000000000000000000, 0.001046396084623071139, 0.001569594126934612888, 0.002092792169246154420, 0.002615990211557696170, 0.003139188253869237919, 0.004185584338492310576, 0.005231980423115383666, 0.005755178465426913706, 0.006278376507738443746, 0.006801574550049967714, 0.007324772592361492550, 0.007847970634673016518, 0.008371168676984541354 ),
 .UNSPECIFIED. ) ;
#3651 = DIRECTION ( 'NONE',  ( 0.000000000000000000, 0.000000000000000000, 1.000000000000000000 ) ) ;
#3652 = CARTESIAN_POINT ( 'NONE',  ( 10.49985096882598867, -36.37489147282911972, 46.20065655804094717 ) ) ;
#3653 = EDGE_CURVE ( 'NONE', #3966, #5036, #2048, .T. ) ;
#3654 = FACE_OUTER_BOUND ( 'NONE', #3556, .T. ) ;
#3655 = CARTESIAN_POINT ( 'NONE',  ( 12.19999999999999751, 32.05698051906947654, 117.5000000000000000 ) ) ;
#3656 = EDGE_LOOP ( 'NONE', ( #948, #1829, #671, #5966, #3127 ) ) ;
#3657 = CARTESIAN_POINT ( 'NONE',  ( 16.54080677262922805, 34.05559558972628764, 91.43983496947119249 ) ) ;
#3658 = CARTESIAN_POINT ( 'NONE',  ( -9.413849468914676307E-15, -32.18385272431964950, 143.0000000000000284 ) ) ;
#3659 = ORIENTED_EDGE ( 'NONE', *, *, #6421, .F. ) ;
#3660 = DIRECTION ( 'NONE',  ( 0.000000000000000000, 0.000000000000000000, 1.000000000000000000 ) ) ;
#3661 = DIRECTION ( 'NONE',  ( -0.000000000000000000, -0.000000000000000000, -1.000000000000000000 ) ) ;
#3662 = ORIENTED_EDGE ( 'NONE', *, *, #730, .F. ) ;
#3663 = CARTESIAN_POINT ( 'NONE',  ( -8.817500179476301270, -36.81935820994034003, 148.2978328428519035 ) ) ;
#3664 = DIRECTION ( 'NONE',  ( -0.000000000000000000, -1.000000000000000000, -0.000000000000000000 ) ) ;
#3665 = EDGE_LOOP ( 'NONE', ( #21, #590 ) ) ;
#3666 = CYLINDRICAL_SURFACE ( 'NONE', #4184, 1.699999999999977529 ) ;
#3667 = CARTESIAN_POINT ( 'NONE',  ( -13.18279008737520819, 31.66652476907620795, 117.7397018977454053 ) ) ;
#3668 = DIRECTION ( 'NONE',  ( 0.000000000000000000, -0.000000000000000000, -1.000000000000000000 ) ) ;
#3669 = ORIENTED_EDGE ( 'NONE', *, *, #6081, .T. ) ;
#3670 = CARTESIAN_POINT ( 'NONE',  ( -5.829330599566602267, 37.40853518598355976, 183.0000000000000000 ) ) ;
#3671 = CARTESIAN_POINT ( 'NONE',  ( 17.50001167174533023, 29.49982358402804294, 96.49999999999998579 ) ) ;
#3672 = EDGE_LOOP ( 'NONE', ( #5993, #6761, #4161, #5334 ) ) ;
#3673 = DIRECTION ( 'NONE',  ( -0.000000000000000000, -1.000000000000000000, -0.000000000000000000 ) ) ;
#3674 = EDGE_CURVE ( 'NONE', #2850, #1633, #2488, .T. ) ;
#3675 = VECTOR ( 'NONE', #4348, 1000.000000000000000 ) ;
#3676 = ORIENTED_EDGE ( 'NONE', *, *, #3811, .T. ) ;
#3677 = DIRECTION ( 'NONE',  ( -0.000000000000000000, -0.000000000000000000, -1.000000000000000000 ) ) ;
#3678 = EDGE_CURVE ( 'NONE', #2212, #1804, #6732, .T. ) ;
#3679 = CARTESIAN_POINT ( 'NONE',  ( -13.77305176158019684, 31.41391659592505192, 152.1618527364481110 ) ) ;
#3680 = CARTESIAN_POINT ( 'NONE',  ( 3.249999999999998668, -34.29999999999999716, 0.000000000000000000 ) ) ;
#3681 = CIRCLE ( 'NONE', #2437, 3.000000000000002665 ) ;
#3682 = CARTESIAN_POINT ( 'NONE',  ( 23.00000000000000000, 29.49982358402804294, 30.40000000000000924 ) ) ;
#3683 = CARTESIAN_POINT ( 'NONE',  ( -20.15095499738724527, 32.05375989438599760, 88.84999999999996589 ) ) ;
#3684 = AXIS2_PLACEMENT_3D ( 'NONE', #1332, #2893, #4468 ) ;
#3685 = CARTESIAN_POINT ( 'NONE',  ( 19.52000000000059288, 30.29982358402804010, 33.05000000000000426 ) ) ;
#3686 = EDGE_CURVE ( 'NONE', #347, #2544, #964, .T. ) ;
#3687 = LINE ( 'NONE', #2664, #6024 ) ;
#3688 = EDGE_LOOP ( 'NONE', ( #3280, #5567, #5904, #3058 ) ) ;
#3689 = CARTESIAN_POINT ( 'NONE',  ( 16.63382166050246624, 34.01026436275449072, 92.69533832740934542 ) ) ;
#3690 = AXIS2_PLACEMENT_3D ( 'NONE', #2025, #10, #3110 ) ;
#3691 = LINE ( 'NONE', #548, #2389 ) ;
#3692 = ORIENTED_EDGE ( 'NONE', *, *, #3761, .T. ) ;
#3693 = CARTESIAN_POINT ( 'NONE',  ( -21.31317723295252620, 31.29144217237495695, 94.47327529915990851 ) ) ;
#3694 = DIRECTION ( 'NONE',  ( -1.000000000000000000, 0.000000000000000000, 0.000000000000000000 ) ) ;
#3695 = ORIENTED_EDGE ( 'NONE', *, *, #3244, .F. ) ;
#3696 = CARTESIAN_POINT ( 'NONE',  ( 13.49520964031617964, 31.53378947098087792, 121.0295897530283753 ) ) ;
#3697 = LINE ( 'NONE', #2045, #727 ) ;
#3698 = EDGE_LOOP ( 'NONE', ( #3209, #1365 ) ) ;
#3699 = DIRECTION ( 'NONE',  ( 0.000000000000000000, 0.000000000000000000, -1.000000000000000000 ) ) ;
#3700 = CYLINDRICAL_SURFACE ( 'NONE', #5072, 3.000000000000002665 ) ;
#3701 = B_SPLINE_CURVE_WITH_KNOTS ( 'NONE', 3,
 ( #3704, #1019, #3240, #5333, #5786, #2618, #5230, #1642, #2651, #70, #4290, #986, #4782, #3103, #2055, #4753 ),
 .UNSPECIFIED., .F., .F.,
 ( 4, 2, 2, 2, 2, 2, 2, 4 ),
 ( 0.004227761125595769914, 0.004746346600519207523, 0.005264932075442645132, 0.005783517550366083608, 0.006302103025289521217, 0.006820688500212958826, 0.007339273975136397302, 0.008376444924983272519 ),
 .UNSPECIFIED. ) ;
#3702 = FACE_BOUND ( 'NONE', #1690, .T. ) ;
#3703 = VERTEX_POINT ( 'NONE', #2445 ) ;
#3704 = CARTESIAN_POINT ( 'NONE',  ( -19.84999999999940457, 32.23906171091270068, 31.69999999999994245 ) ) ;
#3705 = FACE_OUTER_BOUND ( 'NONE', #981, .T. ) ;
#3706 = ORIENTED_EDGE ( 'NONE', *, *, #5250, .T. ) ;
#3707 = CARTESIAN_POINT ( 'NONE',  ( 1.649999999999822498, 34.29999999999999716, 188.0000000000000000 ) ) ;
#3708 = CIRCLE ( 'NONE', #474, 37.86000000000017707 ) ;
#3709 = EDGE_LOOP ( 'NONE', ( #2350, #5640, #4547, #3543 ) ) ;
#3710 = EDGE_CURVE ( 'NONE', #1643, #5634, #2591, .T. ) ;
#3711 = EDGE_CURVE ( 'NONE', #2426, #2189, #4615, .T. ) ;
#3712 = DIRECTION ( 'NONE',  ( -0.000000000000000000, -1.000000000000000000, -0.000000000000000000 ) ) ;
#3713 = CIRCLE ( 'NONE', #1809, 1.199999999999999734 ) ;
#3714 = CARTESIAN_POINT ( 'NONE',  ( -14.20037457679238457, 31.22241762028241041, 150.7694109575646166 ) ) ;
#3715 = DIRECTION ( 'NONE',  ( 1.000000000000000000, -2.925022541443934832E-16, 0.000000000000000000 ) ) ;
#3716 = CARTESIAN_POINT ( 'NONE',  ( 0.000000000000000000, 0.000000000000000000, 183.0000000000000000 ) ) ;
#3717 = AXIS2_PLACEMENT_3D ( 'NONE', #2299, #1193, #5407 ) ;
#3718 = ADVANCED_FACE ( 'NONE', ( #2029, #2483, #5650, #5688 ), #4725, .F. ) ;
#3719 = FACE_OUTER_BOUND ( 'NONE', #3709, .T. ) ;
#3720 = CARTESIAN_POINT ( 'NONE',  ( -3.101721574042660468, 31.94979379083876125, 5.000000000000000000 ) ) ;
#3721 = ORIENTED_EDGE ( 'NONE', *, *, #1461, .T. ) ;
#3722 = CIRCLE ( 'NONE', #6144, 34.29999999999999716 ) ;
#3723 = CARTESIAN_POINT ( 'NONE',  ( -9.834944423443484851, 36.56045426834891288, 121.3562504146159711 ) ) ;
#3724 = DIRECTION ( 'NONE',  ( -0.7071067811865532349, -0.7071067811865417996, 0.000000000000000000 ) ) ;
#3725 = EDGE_CURVE ( 'NONE', #6460, #1609, #5132, .T. ) ;
#3726 = VECTOR ( 'NONE', #4945, 1000.000000000000000 ) ;
#3727 = ORIENTED_EDGE ( 'NONE', *, *, #338, .F. ) ;
#3728 = FACE_OUTER_BOUND ( 'NONE', #2892, .T. ) ;
#3729 = DIRECTION ( 'NONE',  ( -1.000000000000000000, 0.000000000000000000, 0.000000000000000000 ) ) ;
#3730 = EDGE_LOOP ( 'NONE', ( #459, #1352 ) ) ;
#3731 = CARTESIAN_POINT ( 'NONE',  ( -9.317671390738338388, -36.69589985185355374, 148.6052935702334707 ) ) ;
#3732 = CARTESIAN_POINT ( 'NONE',  ( 22.16022385764459557, 30.69715993933108322, 33.26028684637298483 ) ) ;
#3733 = ORIENTED_EDGE ( 'NONE', *, *, #806, .T. ) ;
#3734 = CARTESIAN_POINT ( 'NONE',  ( 7.500011671745328456, -34.49982358402804294, 47.59999999999997300 ) ) ;
#3735 = DIRECTION ( 'NONE',  ( -1.000000000000000000, 0.000000000000000000, 0.000000000000000000 ) ) ;
#3736 = EDGE_CURVE ( 'NONE', #4336, #1758, #997, .T. ) ;
#3737 = CARTESIAN_POINT ( 'NONE',  ( -16.98412536343293766, 29.79982358402804010, 30.40000000000000924 ) ) ;
#3738 = VECTOR ( 'NONE', #758, 1000.000000000000000 ) ;
#3739 = ORIENTED_EDGE ( 'NONE', *, *, #2485, .F. ) ;
#3740 = CARTESIAN_POINT ( 'NONE',  ( -1.949449338866589724E-13, 34.29999999999999716, 5.000000000000004441 ) ) ;
#3741 = ORIENTED_EDGE ( 'NONE', *, *, #3725, .F. ) ;
#3742 = CARTESIAN_POINT ( 'NONE',  ( 13.98584434313093361, -13.98584434313062808, 58.00000000000002132 ) ) ;
#3743 = CIRCLE ( 'NONE', #4970, 34.29999999999999716 ) ;
#3744 = AXIS2_PLACEMENT_3D ( 'NONE', #6881, #6357, #1072 ) ;
#3745 = ORIENTED_EDGE ( 'NONE', *, *, #4349, .T. ) ;
#3746 = VECTOR ( 'NONE', #84, 1000.000000000000000 ) ;
#3747 = VECTOR ( 'NONE', #3064, 1000.000000000000000 ) ;
#3748 = CARTESIAN_POINT ( 'NONE',  ( -13.98584434313094604, 13.98584434313071689, 188.0000000000000000 ) ) ;
#3749 = DIRECTION ( 'NONE',  ( 1.000000000000000000, 0.000000000000000000, 0.000000000000000000 ) ) ;
#3750 = CARTESIAN_POINT ( 'NONE',  ( 0.000000000000000000, 0.000000000000000000, 188.0000000000000000 ) ) ;
#3751 = EDGE_CURVE ( 'NONE', #2498, #3108, #5382, .T. ) ;
#3752 = CARTESIAN_POINT ( 'NONE',  ( 0.000000000000000000, 0.000000000000000000, 0.000000000000000000 ) ) ;
#3753 = DIRECTION ( 'NONE',  ( 1.000000000000000000, 0.000000000000000000, 0.000000000000000000 ) ) ;
#3754 = EDGE_LOOP ( 'NONE', ( #5324, #1939, #2750, #6872 ) ) ;
#3755 = CARTESIAN_POINT ( 'NONE',  ( -12.00830575672564571, 35.90572652635508888, 116.4999999999998010 ) ) ;
#3756 = CYLINDRICAL_SURFACE ( 'NONE', #5846, 1.699999999999977751 ) ;
#3757 = EDGE_CURVE ( 'NONE', #2204, #5139, #1410, .T. ) ;
#3758 = ORIENTED_EDGE ( 'NONE', *, *, #4000, .F. ) ;
#3759 = CARTESIAN_POINT ( 'NONE',  ( -21.69005295965153479, 31.03133767538857413, 94.22423968874707612 ) ) ;
#3760 = DIRECTION ( 'NONE',  ( -0.000000000000000000, -0.000000000000000000, -1.000000000000000000 ) ) ;
#3761 = EDGE_CURVE ( 'NONE', #3703, #6587, #4600, .T. ) ;
#3762 = ORIENTED_EDGE ( 'NONE', *, *, #5251, .F. ) ;
#3763 = CARTESIAN_POINT ( 'NONE',  ( 12.32696805079243774, 32.00865999122856920, 121.5000000000000426 ) ) ;
#3764 = CARTESIAN_POINT ( 'NONE',  ( 19.88871006767482541, 32.21806918712957213, 37.70000000000000284 ) ) ;
#3765 = ADVANCED_FACE ( 'NONE', ( #5408, #4236, #5925, #505 ), #4884, .T. ) ;
#3766 = ORIENTED_EDGE ( 'NONE', *, *, #3170, .F. ) ;
#3767 = CARTESIAN_POINT ( 'NONE',  ( -21.69005295965229863, 31.03133767538803411, 37.07423968874599041 ) ) ;
#3768 = CARTESIAN_POINT ( 'NONE',  ( -14.18546122767045858, 31.22921108843254245, 119.7764865721300964 ) ) ;
#3769 = CARTESIAN_POINT ( 'NONE',  ( -21.50000000000000000, 0.000000000000000000, 170.4999999999999716 ) ) ;
#3770 = EDGE_CURVE ( 'NONE', #3854, #1089, #5372, .T. ) ;
#3771 = ORIENTED_EDGE ( 'NONE', *, *, #1374, .F. ) ;
#3772 = CARTESIAN_POINT ( 'NONE',  ( -5.829330599566604931, -6.634584557488565057E-16, 163.0000000000000000 ) ) ;
#3773 = EDGE_LOOP ( 'NONE', ( #2734, #236, #4532, #412 ) ) ;
#3774 = CARTESIAN_POINT ( 'NONE',  ( -5.829330599566602267, 37.40853518598355976, 25.00000000000000000 ) ) ;
#3775 = ORIENTED_EDGE ( 'NONE', *, *, #1638, .F. ) ;
#3776 = CARTESIAN_POINT ( 'NONE',  ( -3.250000000000001332, 34.29999999999999716, 188.0000000000000000 ) ) ;
#3777 = FACE_OUTER_BOUND ( 'NONE', #2472, .T. ) ;
#3778 = CARTESIAN_POINT ( 'NONE',  ( 17.62614716959820171, 33.50708419539560623, 37.03484741407101666 ) ) ;
#3779 = VECTOR ( 'NONE', #6781, 1000.000000000000000 ) ;
#3780 = DIRECTION ( 'NONE',  ( -1.000000000000000000, 0.000000000000000000, 0.000000000000000000 ) ) ;
#3781 = CARTESIAN_POINT ( 'NONE',  ( 3.250000000000000000, 34.29999999999999716, 183.0000000000000000 ) ) ;
#3782 = ORIENTED_EDGE ( 'NONE', *, *, #5291, .F. ) ;
#3783 = CARTESIAN_POINT ( 'NONE',  ( -9.514410236657280251, 36.64508218162433195, 120.8518616147993185 ) ) ;
#3784 = CYLINDRICAL_SURFACE ( 'NONE', #4398, 32.10000000000000142 ) ;
#3785 = AXIS2_PLACEMENT_3D ( 'NONE', #4572, #1850, #6166 ) ;
#3786 = EDGE_LOOP ( 'NONE', ( #4294, #4559 ) ) ;
#3787 = CARTESIAN_POINT ( 'NONE',  ( -17.50001167174533023, -29.49982358402804294, 143.0000000000000284 ) ) ;
#3788 = EDGE_CURVE ( 'NONE', #1014, #2200, #2602, .T. ) ;
#3789 = DIRECTION ( 'NONE',  ( -0.000000000000000000, -0.000000000000000000, -1.000000000000000000 ) ) ;
#3790 = CIRCLE ( 'NONE', #225, 2.000000000000001776 ) ;
#3791 = ADVANCED_FACE ( 'NONE', ( #13 ), #3808, .T. ) ;
#3792 = ORIENTED_EDGE ( 'NONE', *, *, #2720, .F. ) ;
#3793 = DIRECTION ( 'NONE',  ( -0.7071067811865416886, 0.7071067811865532349, 0.000000000000000000 ) ) ;
#3794 = DIRECTION ( 'NONE',  ( -0.000000000000000000, -0.000000000000000000, -1.000000000000000000 ) ) ;
#3795 = VERTEX_POINT ( 'NONE', #1159 ) ;
#3796 = CARTESIAN_POINT ( 'NONE',  ( 12.07448167683693363, 32.10474932067818088, 121.4999999999999858 ) ) ;
#3797 = CARTESIAN_POINT ( 'NONE',  ( 19.51999999999999602, 30.29982358402804010, 90.20000000000000284 ) ) ;
#3798 = DIRECTION ( 'NONE',  ( -0.000000000000000000, 0.000000000000000000, 1.000000000000000000 ) ) ;
#3799 = VERTEX_POINT ( 'NONE', #2753 ) ;
#3800 = DIRECTION ( 'NONE',  ( 1.000000000000000000, 0.000000000000000000, 0.000000000000000000 ) ) ;
#3801 = EDGE_LOOP ( 'NONE', ( #2633, #5825, #4045, #2 ) ) ;
#3802 = DIRECTION ( 'NONE',  ( 1.000000000000000000, 0.000000000000000000, 0.000000000000000000 ) ) ;
#3803 = CARTESIAN_POINT ( 'NONE',  ( 10.50017042702137893, -36.37479925760634103, 45.80417787220364545 ) ) ;
#3804 = ADVANCED_FACE ( 'NONE', ( #571 ), #2691, .F. ) ;
#3805 = ORIENTED_EDGE ( 'NONE', *, *, #327, .F. ) ;
#3806 = CARTESIAN_POINT ( 'NONE',  ( -14.08803688616586669, 31.27332071071515429, 151.5731024347668949 ) ) ;
#3807 = CARTESIAN_POINT ( 'NONE',  ( 11.44595684413921965, 36.08890024145395614, 122.4099975102745788 ) ) ;
#3808 = PLANE ( 'NONE',  #2376 ) ;
#3809 = SHAPE_DEFINITION_REPRESENTATION ( #507, #6441 ) ;
#3810 = VECTOR ( 'NONE', #23, 1000.000000000000000 ) ;
#3811 = EDGE_CURVE ( 'NONE', #386, #1771, #538, .T. ) ;
#3812 = AXIS2_PLACEMENT_3D ( 'NONE', #2268, #4405, #1754 ) ;
#3813 = CARTESIAN_POINT ( 'NONE',  ( -4.450000000000001066, 34.29999999999999716, 188.0000000000000000 ) ) ;
#3814 = LINE ( 'NONE', #5545, #31 ) ;
#3815 = ORIENTED_EDGE ( 'NONE', *, *, #4710, .T. ) ;
#3816 = CARTESIAN_POINT ( 'NONE',  ( 19.52000000000059288, 95.39982358402802731, 34.70000000000000284 ) ) ;
#3817 = CARTESIAN_POINT ( 'NONE',  ( 20.25156189067807944, 31.99097441381563200, 88.91724499345603761 ) ) ;
#3818 = CIRCLE ( 'NONE', #3717, 1.199999999999999734 ) ;
#3819 = VERTEX_POINT ( 'NONE', #4360 ) ;
#3820 = CARTESIAN_POINT ( 'NONE',  ( 6.543084970172110992, -37.29076151482225754, 43.15008347497303021 ) ) ;
#3821 = AXIS2_PLACEMENT_3D ( 'NONE', #6515, #5538, #703 ) ;
#3822 = LINE ( 'NONE', #3087, #3359 ) ;
#3823 = VERTEX_POINT ( 'NONE', #3682 ) ;
#3824 = CARTESIAN_POINT ( 'NONE',  ( -13.98584434313094782, -13.98584434313071867, 38.00000000000002842 ) ) ;
#3825 = CARTESIAN_POINT ( 'NONE',  ( 12.19999999999988738, 33.49982358402804294, 152.8999999999999488 ) ) ;
#3826 = EDGE_LOOP ( 'NONE', ( #5501, #3031, #5232, #546 ) ) ;
#3827 = CARTESIAN_POINT ( 'NONE',  ( 12.19999999999999751, 32.05698051906948365, 121.5000000000000000 ) ) ;
#3828 = CARTESIAN_POINT ( 'NONE',  ( -4.450000000000000178, -34.29999999999999716, 188.0000000000000000 ) ) ;
#3829 = VECTOR ( 'NONE', #3096, 1000.000000000000114 ) ;
#3830 = ADVANCED_FACE ( 'NONE', ( #4822 ), #4267, .F. ) ;
#3831 = LINE ( 'NONE', #6502, #2319 ) ;
#3832 = DIRECTION ( 'NONE',  ( -0.000000000000000000, -0.000000000000000000, -1.000000000000000000 ) ) ;
#3833 = EDGE_LOOP ( 'NONE', ( #4450, #2137, #3420, #1900 ) ) ;
#3834 = VECTOR ( 'NONE', #3074, 1000.000000000000000 ) ;
#3835 = FACE_OUTER_BOUND ( 'NONE', #3826, .T. ) ;
#3836 = ORIENTED_EDGE ( 'NONE', *, *, #1105, .F. ) ;
#3837 = CARTESIAN_POINT ( 'NONE',  ( -5.829330599566602267, 0.000000000000000000, 25.00000000000000000 ) ) ;
#3838 = CARTESIAN_POINT ( 'NONE',  ( 22.00000000000000000, -30.49982358402804294, 64.00000000000001421 ) ) ;
#3839 = EDGE_CURVE ( 'NONE', #3200, #5088, #3949, .T. ) ;
#3840 = AXIS2_PLACEMENT_3D ( 'NONE', #1400, #3640, #5644 ) ;
#3841 = ORIENTED_EDGE ( 'NONE', *, *, #738, .F. ) ;
#3842 = CARTESIAN_POINT ( 'NONE',  ( -15.19947879809166302, 34.67499739839286121, 151.1110787332568179 ) ) ;
#3843 = CARTESIAN_POINT ( 'NONE',  ( 11.25902901001917655, 36.14759441469676204, 122.3550739785599148 ) ) ;
#3844 = VECTOR ( 'NONE', #5138, 1000.000000000000000 ) ;
#3845 = DIRECTION ( 'NONE',  ( -0.000000000000000000, 1.000000000000000000, -0.000000000000000000 ) ) ;
#3846 = EDGE_CURVE ( 'NONE', #5723, #3598, #6155, .T. ) ;
#3847 = VECTOR ( 'NONE', #1978, 1000.000000000000000 ) ;
#3848 = AXIS2_PLACEMENT_3D ( 'NONE', #6659, #148, #4441 ) ;
#3849 = CIRCLE ( 'NONE', #3286, 1.200000000000000178 ) ;
#3850 = FACE_BOUND ( 'NONE', #3078, .T. ) ;
#3851 = CARTESIAN_POINT ( 'NONE',  ( -10.21399953316207387, 32.74393125489826417, 150.6278417016321214 ) ) ;
#3852 = CARTESIAN_POINT ( 'NONE',  ( 13.98584434313094782, 13.98584434313071867, 183.0000000000000000 ) ) ;
#3853 = ADVANCED_FACE ( 'NONE', ( #3948 ), #6062, .F. ) ;
#3854 = VERTEX_POINT ( 'NONE', #5024 ) ;
#3855 = CARTESIAN_POINT ( 'NONE',  ( -9.219946157114103258, 36.72021091768915824, 119.8995525665297350 ) ) ;
#3856 = CARTESIAN_POINT ( 'NONE',  ( 12.19999999999988738, 43.49982358402805005, 147.8999999999999488 ) ) ;
#3857 = VECTOR ( 'NONE', #2465, 1000.000000000000000 ) ;
#3858 = ORIENTED_EDGE ( 'NONE', *, *, #4042, .F. ) ;
#3859 = CARTESIAN_POINT ( 'NONE',  ( -7.500011671745328456, -39.49982358402804294, 45.99999999999997158 ) ) ;
#3860 = AXIS2_PLACEMENT_3D ( 'NONE', #6280, #1883, #1917 ) ;
#3861 = CYLINDRICAL_SURFACE ( 'NONE', #3142, 3.000000000000002665 ) ;
#3862 = ORIENTED_EDGE ( 'NONE', *, *, #1025, .F. ) ;
#3863 = CARTESIAN_POINT ( 'NONE',  ( -5.829330599566600490, -33.80101928582859472, 163.0000000000000000 ) ) ;
#3864 = CARTESIAN_POINT ( 'NONE',  ( 20.25156189067866208, 31.99097441381526608, 31.76724499345603903 ) ) ;
#3865 = ORIENTED_EDGE ( 'NONE', *, *, #6813, .T. ) ;
#3866 = CARTESIAN_POINT ( 'NONE',  ( 11.22051725285916213, 32.41301112790651473, 117.7514216433062444 ) ) ;
#3867 = FACE_OUTER_BOUND ( 'NONE', #5121, .T. ) ;
#3868 = CARTESIAN_POINT ( 'NONE',  ( 19.52000000000059288, 30.29982358402804010, 34.70000000000000284 ) ) ;
#3869 = CARTESIAN_POINT ( 'NONE',  ( -4.450000000000001066, 34.29999999999999716, 188.0000000000000000 ) ) ;
#3870 = VERTEX_POINT ( 'NONE', #2923 ) ;
#3871 = DIRECTION ( 'NONE',  ( -0.000000000000000000, -1.000000000000000000, -0.000000000000000000 ) ) ;
#3872 = EDGE_LOOP ( 'NONE', ( #5316, #6633, #6797, #2985 ) ) ;
#3873 = LINE ( 'NONE', #1704, #5394 ) ;
#3874 = DIRECTION ( 'NONE',  ( 0.000000000000000000, 0.000000000000000000, -1.000000000000000000 ) ) ;
#3875 = EDGE_LOOP ( 'NONE', ( #2086, #2107, #5059, #56 ) ) ;
#3876 = CARTESIAN_POINT ( 'NONE',  ( -14.00860171585572189, 35.17426701378141018, 153.3246985115368091 ) ) ;
#3877 = EDGE_CURVE ( 'NONE', #5643, #443, #2053, .T. ) ;
#3878 = CARTESIAN_POINT ( 'NONE',  ( 9.357856458044752301, 36.68537381823680477, 118.5188173947102399 ) ) ;
#3879 = CARTESIAN_POINT ( 'NONE',  ( -19.84999999999940457, 30.29982358402804010, 36.35000000000000142 ) ) ;
#3880 = EDGE_CURVE ( 'NONE', #6682, #4622, #246, .T. ) ;
#3881 = ORIENTED_EDGE ( 'NONE', *, *, #4157, .T. ) ;
#3882 = EDGE_CURVE ( 'NONE', #3133, #1438, #2717, .T. ) ;
#3883 = CARTESIAN_POINT ( 'NONE',  ( -2.050000000000001599, 34.29999999999999716, 5.000000000000000000 ) ) ;
#3884 = DIRECTION ( 'NONE',  ( -0.000000000000000000, 1.000000000000000000, -0.000000000000000000 ) ) ;
#3885 = DIRECTION ( 'NONE',  ( 0.000000000000000000, 0.000000000000000000, -1.000000000000000000 ) ) ;
#3886 = EDGE_LOOP ( 'NONE', ( #2871, #4952, #4082, #1289 ) ) ;
#3887 = DIRECTION ( 'NONE',  ( -0.7071067811865417996, 0.7071067811865532349, 0.000000000000000000 ) ) ;
#3888 = CARTESIAN_POINT ( 'NONE',  ( 19.52000000000059288, 32.43993218241971732, 31.69999999999999929 ) ) ;
#3889 = AXIS2_PLACEMENT_3D ( 'NONE', #6466, #2247, #5943 ) ;
#3890 = EDGE_CURVE ( 'NONE', #2568, #3915, #835, .T. ) ;
#3891 = VERTEX_POINT ( 'NONE', #6023 ) ;
#3892 = CARTESIAN_POINT ( 'NONE',  ( -7.500011671745328456, -34.49982358402804294, 150.9999999999999716 ) ) ;
#3893 = CARTESIAN_POINT ( 'NONE',  ( 16.98412536343293766, 29.79982358402804010, 30.40000000000000924 ) ) ;
#3894 = ORIENTED_EDGE ( 'NONE', *, *, #2755, .T. ) ;
#3895 = DIRECTION ( 'NONE',  ( 1.000000000000000000, 0.000000000000000000, 0.000000000000000000 ) ) ;
#3896 = AXIS2_PLACEMENT_3D ( 'NONE', #3892, #4411, #2735 ) ;
#3897 = ORIENTED_EDGE ( 'NONE', *, *, #4436, .F. ) ;
#3898 = CARTESIAN_POINT ( 'NONE',  ( 19.52000000000059288, 30.29982358402804010, 37.70000000000000284 ) ) ;
#3899 = DIRECTION ( 'NONE',  ( -1.000000000000000000, 0.000000000000000000, 0.000000000000000000 ) ) ;
#3900 = AXIS2_PLACEMENT_3D ( 'NONE', #605, #1162, #3780 ) ;
#3901 = CARTESIAN_POINT ( 'NONE',  ( 0.000000000000000000, 0.000000000000000000, 183.0000000000000000 ) ) ;
#3902 = CARTESIAN_POINT ( 'NONE',  ( -17.50001167174533023, -29.49982358402804294, 38.00000000000003553 ) ) ;
#3903 = ORIENTED_EDGE ( 'NONE', *, *, #1315, .F. ) ;
#3904 = DIRECTION ( 'NONE',  ( -0.7071067811865416886, 0.7071067811865532349, 0.000000000000000000 ) ) ;
#3905 = VERTEX_POINT ( 'NONE', #2859 ) ;
#3906 = DIRECTION ( 'NONE',  ( -0.000000000000000000, 0.000000000000000000, 1.000000000000000000 ) ) ;
#3907 = DIRECTION ( 'NONE',  ( 0.000000000000000000, 1.000000000000000000, 0.000000000000000000 ) ) ;
#3908 = ORIENTED_EDGE ( 'NONE', *, *, #5144, .F. ) ;
#3909 = ORIENTED_EDGE ( 'NONE', *, *, #3970, .T. ) ;
#3910 = CARTESIAN_POINT ( 'NONE',  ( -13.67656692366979065, 35.30544182298218203, 153.5392320129327288 ) ) ;
#3911 = CARTESIAN_POINT ( 'NONE',  ( 10.72350690455340860, 36.30998631586618330, 116.8811724667834824 ) ) ;
#3912 = DIRECTION ( 'NONE',  ( 0.000000000000000000, -1.000000000000000000, 0.000000000000000000 ) ) ;
#3913 = EDGE_CURVE ( 'NONE', #5302, #4881, #6715, .T. ) ;
#3914 = EDGE_CURVE ( 'NONE', #2786, #5368, #3385, .T. ) ;
#3915 = VERTEX_POINT ( 'NONE', #5540 ) ;
#3916 = FACE_OUTER_BOUND ( 'NONE', #6213, .T. ) ;
#3917 = CARTESIAN_POINT ( 'NONE',  ( -5.829330599566600490, -33.80101928582859472, 143.0000000000000284 ) ) ;
#3918 = CARTESIAN_POINT ( 'NONE',  ( 17.50001167174533023, -29.49982358402804294, 188.0000000000000000 ) ) ;
#3919 = ORIENTED_EDGE ( 'NONE', *, *, #2307, .F. ) ;
#3920 = CARTESIAN_POINT ( 'NONE',  ( -9.749558620051530511, -36.58341506583411729, 47.99439676771079633 ) ) ;
#3921 = CARTESIAN_POINT ( 'NONE',  ( 20.94333626840314011, 31.54034811504562796, 94.49759334255895737 ) ) ;
#3922 = CIRCLE ( 'NONE', #4816, 1.699999999999977529 ) ;
#3923 = ADVANCED_FACE ( 'NONE', ( #6551, #2261, #6092, #6517 ), #1327, .F. ) ;
#3924 = ORIENTED_EDGE ( 'NONE', *, *, #6277, .F. ) ;
#3925 = CARTESIAN_POINT ( 'NONE',  ( 14.14823200069909959, 35.11737542967481573, 117.2103406797868956 ) ) ;
#3926 = CARTESIAN_POINT ( 'NONE',  ( 5.829330599566601379, -37.40853518598355265, 5.000000000000000000 ) ) ;
#3927 = ORIENTED_EDGE ( 'NONE', *, *, #5205, .T. ) ;
#3928 = AXIS2_PLACEMENT_3D ( 'NONE', #5063, #5687, #6656 ) ;
#3929 = DIRECTION ( 'NONE',  ( 1.000000000000000000, 0.000000000000000000, 0.000000000000000000 ) ) ;
#3930 = ORIENTED_EDGE ( 'NONE', *, *, #1512, .F. ) ;
#3931 = PLANE ( 'NONE',  #725 ) ;
#3932 = ADVANCED_FACE ( 'NONE', ( #5506 ), #2890, .F. ) ;
#3933 = DIRECTION ( 'NONE',  ( 0.000000000000000000, 0.000000000000000000, 1.000000000000000000 ) ) ;
#3934 = CARTESIAN_POINT ( 'NONE',  ( -5.829330599566617366, -3.002405480509428066E-15, 143.0000000000000284 ) ) ;
#3935 = DIRECTION ( 'NONE',  ( -0.000000000000000000, -0.000000000000000000, 1.000000000000000000 ) ) ;
#3936 = ORIENTED_EDGE ( 'NONE', *, *, #136, .T. ) ;
#3937 = FACE_OUTER_BOUND ( 'NONE', #1612, .T. ) ;
#3938 = ORIENTED_EDGE ( 'NONE', *, *, #101, .F. ) ;
#3939 = DIRECTION ( 'NONE',  ( 1.000000000000000000, 0.000000000000000000, 0.000000000000000000 ) ) ;
#3940 = EDGE_CURVE ( 'NONE', #991, #5195, #4990, .T. ) ;
#3941 = AXIS2_PLACEMENT_3D ( 'NONE', #4811, #5754, #2713 ) ;
#3942 = CYLINDRICAL_SURFACE ( 'NONE', #969, 1.599999999999997202 ) ;
#3943 = ORIENTED_EDGE ( 'NONE', *, *, #4334, .T. ) ;
#3944 = AXIS2_PLACEMENT_3D ( 'NONE', #4022, #1208, #4934 ) ;
#3945 = VERTEX_POINT ( 'NONE', #1712 ) ;
#3946 = CARTESIAN_POINT ( 'NONE',  ( -14.42621436140439783, 35.00409311346869856, 152.9202773019286212 ) ) ;
#3947 = DIRECTION ( 'NONE',  ( 0.000000000000000000, -0.000000000000000000, -1.000000000000000000 ) ) ;
#3948 = FACE_OUTER_BOUND ( 'NONE', #3625, .T. ) ;
#3949 = B_SPLINE_CURVE_WITH_KNOTS ( 'NONE', 3,
 ( #44, #2164, #1029, #1615, #5276, #1096, #3217, #1648, #3778, #5894, #1128, #3249, #2722, #78, #2197, #4328, #6447, #1680, #5959, #3455, #2300, #5990, #2822, #5435, #1848, #743, #5570, #4500, #5056, #669 ),
 .UNSPECIFIED., .F., .F.,
 ( 4, 2, 2, 2, 2, 2, 2, 2, 2, 2, 2, 2, 2, 2, 4 ),
 ( 0.01027121128942139368, 0.01089451186054191459, 0.01151781243166243723, 0.01214111300278295814, 0.01276441357390347905, 0.01338771414502400170, 0.01401101471614452261, 0.01463431528726504352, 0.01525761585838556617, 0.01588091642950608534, 0.01650421700062660799, 0.01712751757174713063, 0.01775081814286765328, 0.01899741928510870898, 0.02024402042734976467 ),
 .UNSPECIFIED. ) ;
#3950 = VECTOR ( 'NONE', #2583, 1000.000000000000000 ) ;
#3951 = ORIENTED_EDGE ( 'NONE', *, *, #4344, .F. ) ;
#3952 = CARTESIAN_POINT ( 'NONE',  ( 19.51999999999999602, 27.79982358402804365, 91.84999999999999432 ) ) ;
#3953 = CIRCLE ( 'NONE', #1937, 1.699999999999977751 ) ;
#3954 = CARTESIAN_POINT ( 'NONE',  ( -11.00712429079014321, 32.48609406307713954, 149.2895195527274552 ) ) ;
#3955 = CARTESIAN_POINT ( 'NONE',  ( 7.500011671745328456, -29.49982358402804294, 149.3999999999999773 ) ) ;
#3956 = CARTESIAN_POINT ( 'NONE',  ( -9.317671390738345494, -36.69589985185355374, 43.60529357023349917 ) ) ;
#3957 = DIRECTION ( 'NONE',  ( 0.000000000000000000, 0.000000000000000000, -1.000000000000000000 ) ) ;
#3958 = VECTOR ( 'NONE', #3664, 1000.000000000000000 ) ;
#3959 = AXIS2_PLACEMENT_3D ( 'NONE', #3436, #3546, #264 ) ;
#3960 = CARTESIAN_POINT ( 'NONE',  ( 4.500255067693330169, -37.59158555294946780, 45.79754869995201005 ) ) ;
#3961 = DIRECTION ( 'NONE',  ( 0.000000000000000000, 0.000000000000000000, -1.000000000000000000 ) ) ;
#3962 = ORIENTED_EDGE ( 'NONE', *, *, #8, .F. ) ;
#3963 = AXIS2_PLACEMENT_3D ( 'NONE', #5051, #1220, #5017 ) ;
#3964 = CARTESIAN_POINT ( 'NONE',  ( -22.00000000000000000, -30.49982358402804294, 64.00000000000001421 ) ) ;
#3965 = EDGE_CURVE ( 'NONE', #1762, #2790, #6480, .T. ) ;
#3966 = VERTEX_POINT ( 'NONE', #3879 ) ;
#3967 = CARTESIAN_POINT ( 'NONE',  ( -7.500011671745328456, -44.49982358402804294, 42.99999999999997158 ) ) ;
#3968 = DIRECTION ( 'NONE',  ( -1.000000000000000000, 0.000000000000000000, 0.000000000000000000 ) ) ;
#3969 = CARTESIAN_POINT ( 'NONE',  ( -4.468068730591641113, -32.43975741685360958, 188.0000000000000000 ) ) ;
#3970 = EDGE_CURVE ( 'NONE', #1758, #1676, #2158, .T. ) ;
#3971 = CARTESIAN_POINT ( 'NONE',  ( 10.24819796119805204, 36.44688221740693024, 153.1866502518752213 ) ) ;
#3972 = VERTEX_POINT ( 'NONE', #1361 ) ;
#3973 = CYLINDRICAL_SURFACE ( 'NONE', #4380, 3.000000000000002665 ) ;
#3974 = ORIENTED_EDGE ( 'NONE', *, *, #4200, .T. ) ;
#3975 = FACE_OUTER_BOUND ( 'NONE', #3326, .T. ) ;
#3976 = DIRECTION ( 'NONE',  ( 0.000000000000000000, 0.000000000000000000, 1.000000000000000000 ) ) ;
#3977 = ORIENTED_EDGE ( 'NONE', *, *, #4874, .F. ) ;
#3978 = EDGE_CURVE ( 'NONE', #3388, #5752, #316, .T. ) ;
#3979 = ORIENTED_EDGE ( 'NONE', *, *, #4893, .F. ) ;
#3980 = CARTESIAN_POINT ( 'NONE',  ( 13.68167021485628787, 31.45333635070124956, 149.5503068673311873 ) ) ;
#3981 = DIRECTION ( 'NONE',  ( 0.000000000000000000, 0.000000000000000000, 1.000000000000000000 ) ) ;
#3982 = DIRECTION ( 'NONE',  ( -0.000000000000000000, 0.000000000000000000, 1.000000000000000000 ) ) ;
#3983 = ORIENTED_EDGE ( 'NONE', *, *, #5987, .T. ) ;
#3984 = DIRECTION ( 'NONE',  ( -1.000000000000000000, 0.000000000000000000, 0.000000000000000000 ) ) ;
#3985 = CARTESIAN_POINT ( 'NONE',  ( -10.20016769020873681, 32.74823016778019280, 150.7632837466058788 ) ) ;
#3986 = CARTESIAN_POINT ( 'NONE',  ( 7.500011671745321351, -37.10969448707032114, 153.9999999999999716 ) ) ;
#3987 = LINE ( 'NONE', #5064, #4831 ) ;
#3988 = CARTESIAN_POINT ( 'NONE',  ( -8.817500179476308375, -36.81935820994033293, 43.29783284285195322 ) ) ;
#3989 = CARTESIAN_POINT ( 'NONE',  ( 21.50000000000000000, 30.49982358402804294, 96.49999999999998579 ) ) ;
#3990 = CARTESIAN_POINT ( 'NONE',  ( 14.55878818990938761, 34.94904912741034764, 121.3641561057216052 ) ) ;
#3991 = CARTESIAN_POINT ( 'NONE',  ( 10.30974079743943506, 32.71394622269285435, 151.5668024379154133 ) ) ;
#3992 = ORIENTED_EDGE ( 'NONE', *, *, #4597, .F. ) ;
#3993 = CARTESIAN_POINT ( 'NONE',  ( 0.000000000000000000, 0.000000000000000000, 170.4999999999999716 ) ) ;
#3994 = ORIENTED_EDGE ( 'NONE', *, *, #678, .T. ) ;
#3995 = CARTESIAN_POINT ( 'NONE',  ( -10.40250370672119296, 36.40324497571154438, 148.4902933896171362 ) ) ;
#3996 = CARTESIAN_POINT ( 'NONE',  ( 12.19999999999999574, 33.49982358402804294, 121.5000000000000000 ) ) ;
#3997 = CIRCLE ( 'NONE', #4996, 1.199999999999999734 ) ;
#3998 = PRODUCT ( 'InternalMount', 'InternalMount', '', ( #6319 ) ) ;
#3999 = CARTESIAN_POINT ( 'NONE',  ( 12.96237338839705444, 35.57241106277816556, 153.8078407007226076 ) ) ;
#4000 = EDGE_CURVE ( 'NONE', #1974, #5300, #2436, .T. ) ;
#4001 = EDGE_CURVE ( 'NONE', #420, #526, #989, .T. ) ;
#4002 = LINE ( 'NONE', #5701, #325 ) ;
#4003 = CARTESIAN_POINT ( 'NONE',  ( 9.517899280574729559, 36.64417645329550055, 152.2586286036478214 ) ) ;
#4004 = AXIS2_PLACEMENT_3D ( 'NONE', #573, #544, #1000 ) ;
#4005 = ORIENTED_EDGE ( 'NONE', *, *, #4096, .T. ) ;
#4006 = CARTESIAN_POINT ( 'NONE',  ( 14.19975521382203354, 31.22269930576132424, 119.3607085566564621 ) ) ;
#4007 = ORIENTED_EDGE ( 'NONE', *, *, #181, .F. ) ;
#4008 = FACE_OUTER_BOUND ( 'NONE', #4489, .T. ) ;
#4009 = CARTESIAN_POINT ( 'NONE',  ( -12.45293460813416253, 31.95985758178755631, 121.4880266273892460 ) ) ;
#4010 = AXIS2_PLACEMENT_3D ( 'NONE', #1183, #433, #3306 ) ;
#4011 = VERTEX_POINT ( 'NONE', #1474 ) ;
#4012 = DIRECTION ( 'NONE',  ( -0.000000000000000000, 1.000000000000000000, -0.000000000000000000 ) ) ;
#4013 = DIRECTION ( 'NONE',  ( 2.925022541443934832E-16, 1.000000000000000000, 0.000000000000000000 ) ) ;
#4014 = VECTOR ( 'NONE', #6468, 1000.000000000000000 ) ;
#4015 = CARTESIAN_POINT ( 'NONE',  ( -19.84999999999999787, 35.29982358402804010, 91.84999999999999432 ) ) ;
#4016 = EDGE_CURVE ( 'NONE', #5088, #3795, #392, .T. ) ;
#4017 = B_SPLINE_CURVE_WITH_KNOTS ( 'NONE', 3,
 ( #472, #2222, #2031, #2592, #966, #2068, #1122, #5766, #3683, #4208 ),
 .UNSPECIFIED., .F., .F.,
 ( 4, 2, 2, 2, 4 ),
 ( 0.000000000000000000, 0.001056940281398464562, 0.002113880562796929125, 0.003170820844195393687, 0.004227761125593858249 ),
 .UNSPECIFIED. ) ;
#4018 = VERTEX_POINT ( 'NONE', #3602 ) ;
#4019 = FACE_BOUND ( 'NONE', #907, .T. ) ;
#4020 = CARTESIAN_POINT ( 'NONE',  ( -14.88059411620112549, 34.81314283978779400, 118.1380232130361492 ) ) ;
#4021 = CARTESIAN_POINT ( 'NONE',  ( 0.000000000000000000, 30.49982358402804294, 96.49999999999998579 ) ) ;
#4022 = CARTESIAN_POINT ( 'NONE',  ( -19.84999999999940457, 27.79982358402804365, 34.70000000000000284 ) ) ;
#4023 = PLANE ( 'NONE',  #3848 ) ;
#4024 = CARTESIAN_POINT ( 'NONE',  ( 0.000000000000000000, 0.000000000000000000, 5.000000000000000000 ) ) ;
#4025 = EDGE_CURVE ( 'NONE', #2810, #3329, #1510, .T. ) ;
#4026 = FACE_OUTER_BOUND ( 'NONE', #2046, .T. ) ;
#4027 = DIRECTION ( 'NONE',  ( 1.000000000000000000, 0.000000000000000000, 0.000000000000000000 ) ) ;
#4028 = VERTEX_POINT ( 'NONE', #4536 ) ;
#4029 = CARTESIAN_POINT ( 'NONE',  ( 19.34100090103613567, 32.54764086664685152, 94.85000000000002274 ) ) ;
#4030 = ORIENTED_EDGE ( 'NONE', *, *, #3540, .F. ) ;
#4031 = FACE_BOUND ( 'NONE', #1683, .T. ) ;
#4032 = CIRCLE ( 'NONE', #1030, 1.699999999999977751 ) ;
#4033 = CARTESIAN_POINT ( 'NONE',  ( -21.50000000000000000, 29.49982358402804294, 170.4999999999999716 ) ) ;
#4034 = DIRECTION ( 'NONE',  ( -0.000000000000000000, 0.000000000000000000, 1.000000000000000000 ) ) ;
#4035 = DIRECTION ( 'NONE',  ( -0.000000000000000000, -1.000000000000000000, -0.000000000000000000 ) ) ;
#4036 = CIRCLE ( 'NONE', #3033, 32.10000000000000142 ) ;
#4037 = CYLINDRICAL_SURFACE ( 'NONE', #3006, 1.200000000000000178 ) ;
#4038 = EDGE_LOOP ( 'NONE', ( #2224, #5137 ) ) ;
#4039 = FACE_OUTER_BOUND ( 'NONE', #3168, .T. ) ;
#4040 = VERTEX_POINT ( 'NONE', #879 ) ;
#4041 = DIRECTION ( 'NONE',  ( -0.000000000000000000, 0.000000000000000000, 1.000000000000000000 ) ) ;
#4042 = EDGE_CURVE ( 'NONE', #340, #4571, #4606, .T. ) ;
#4043 = CARTESIAN_POINT ( 'NONE',  ( 7.500011671745328456, -29.49982358402804294, 150.9999999999999716 ) ) ;
#4044 = CIRCLE ( 'NONE', #367, 3.000000000000002665 ) ;
#4045 = ORIENTED_EDGE ( 'NONE', *, *, #3913, .T. ) ;
#4046 = ORIENTED_EDGE ( 'NONE', *, *, #5201, .F. ) ;
#4047 = VECTOR ( 'NONE', #6196, 1000.000000000000000 ) ;
#4048 = FACE_OUTER_BOUND ( 'NONE', #5479, .T. ) ;
#4049 = DIRECTION ( 'NONE',  ( 0.000000000000000000, 1.000000000000000000, -0.000000000000000000 ) ) ;
#4050 = EDGE_LOOP ( 'NONE', ( #2381, #3106, #1023, #3692 ) ) ;
#4051 = CARTESIAN_POINT ( 'NONE',  ( -7.500011671745328456, -44.49982358402804294, 48.99999999999997158 ) ) ;
#4052 = ADVANCED_FACE ( 'NONE', ( #1877 ), #846, .F. ) ;
#4053 = CIRCLE ( 'NONE', #267, 1.649999999999998579 ) ;
#4054 = ORIENTED_EDGE ( 'NONE', *, *, #5201, .T. ) ;
#4055 = VERTEX_POINT ( 'NONE', #1910 ) ;
#4056 = FACE_BOUND ( 'NONE', #4537, .T. ) ;
#4057 = EDGE_CURVE ( 'NONE', #6089, #2009, #2995, .T. ) ;
#4058 = PLANE ( 'NONE',  #6862 ) ;
#4059 = DIRECTION ( 'NONE',  ( -1.000000000000000000, 0.000000000000000000, 0.000000000000000000 ) ) ;
#4060 = CARTESIAN_POINT ( 'NONE',  ( -10.26737527623944501, 32.72723339159375655, 120.0321722153341710 ) ) ;
#4061 = VECTOR ( 'NONE', #5887, 1000.000000000000000 ) ;
#4062 = CALENDAR_DATE ( 2026, 22, 6 ) ;
#4063 = CARTESIAN_POINT ( 'NONE',  ( 0.000000000000000000, 0.000000000000000000, 140.0000000000000000 ) ) ;
#4064 = VECTOR ( 'NONE', #5533, 1000.000000000000000 ) ;
#4065 = FACE_BOUND ( 'NONE', #6756, .T. ) ;
#4066 = EDGE_CURVE ( 'NONE', #4878, #2012, #5682, .T. ) ;
#4067 = CYLINDRICAL_SURFACE ( 'NONE', #2133, 3.000000000000002665 ) ;
#4068 = ORIENTED_EDGE ( 'NONE', *, *, #5163, .F. ) ;
#4069 = CARTESIAN_POINT ( 'NONE',  ( 17.75978283500486654, 33.43762367747653030, 89.38904610096641079 ) ) ;
#4070 = ORIENTED_EDGE ( 'NONE', *, *, #6251, .F. ) ;
#4071 = CARTESIAN_POINT ( 'NONE',  ( 19.52000000000059288, 35.29982358402804010, 34.70000000000000284 ) ) ;
#4072 = CIRCLE ( 'NONE', #1066, 34.29999999999999716 ) ;
#4073 = AXIS2_PLACEMENT_3D ( 'NONE', #5652, #4473, #362 ) ;
#4074 = DIRECTION ( 'NONE',  ( 0.000000000000000000, 1.000000000000000000, 0.000000000000000000 ) ) ;
#4075 = DIRECTION ( 'NONE',  ( -1.138138323803736265E-16, -1.000000000000000000, 0.000000000000000000 ) ) ;
#4076 = LOCAL_TIME ( 18, 49, 51.00000000000000000, #1521 ) ;
#4077 = CARTESIAN_POINT ( 'NONE',  ( -6.005779938325475520, -37.38097573855608147, 148.3912847057788156 ) ) ;
#4078 = CIRCLE ( 'NONE', #1292, 1.599999999999990319 ) ;
#4079 = CARTESIAN_POINT ( 'NONE',  ( -16.98412536343293766, 27.79982358402804365, 96.00000000000000000 ) ) ;
#4080 = EDGE_LOOP ( 'NONE', ( #2848, #2145, #499, #2834 ) ) ;
#4081 = CARTESIAN_POINT ( 'NONE',  ( 4.450000000000000178, 34.29999999999999716, 183.0000000000000000 ) ) ;
#4082 = ORIENTED_EDGE ( 'NONE', *, *, #1584, .T. ) ;
#4083 = DIRECTION ( 'NONE',  ( -0.7071067811865398012, -0.7071067811865552333, 0.000000000000000000 ) ) ;
#4084 = CARTESIAN_POINT ( 'NONE',  ( 0.000000000000000000, -29.49982358402804294, 0.000000000000000000 ) ) ;
#4085 = CIRCLE ( 'NONE', #2634, 3.000000000000002665 ) ;
#4086 = ORIENTED_EDGE ( 'NONE', *, *, #3245, .F. ) ;
#4087 = CIRCLE ( 'NONE', #1282, 1.699999999999972422 ) ;
#4088 = VERTEX_POINT ( 'NONE', #6796 ) ;
#4089 = CARTESIAN_POINT ( 'NONE',  ( 23.00000000000000000, 27.79982358402804365, 96.00000000000000000 ) ) ;
#4090 = CARTESIAN_POINT ( 'NONE',  ( 11.43273683968594057, 36.09447729942493055, 116.5743651090183306 ) ) ;
#4091 = VERTEX_POINT ( 'NONE', #430 ) ;
#4092 = CARTESIAN_POINT ( 'NONE',  ( 13.98584434313093716, -13.98584434313064939, 183.0000000000000000 ) ) ;
#4093 = ORIENTED_EDGE ( 'NONE', *, *, #3846, .F. ) ;
#4094 = EDGE_CURVE ( 'NONE', #366, #4028, #3492, .T. ) ;
#4095 = VERTEX_POINT ( 'NONE', #2960 ) ;
#4096 = EDGE_CURVE ( 'NONE', #5308, #6050, #6489, .T. ) ;
#4097 = CARTESIAN_POINT ( 'NONE',  ( 0.000000000000000000, 0.000000000000000000, 0.000000000000000000 ) ) ;
#4098 = DIRECTION ( 'NONE',  ( -0.000000000000000000, 0.000000000000000000, 1.000000000000000000 ) ) ;
#4099 = CARTESIAN_POINT ( 'NONE',  ( -7.500011671745328456, -34.49982358402804294, 45.99999999999997158 ) ) ;
#4100 = DIRECTION ( 'NONE',  ( -0.000000000000000000, -1.000000000000000000, -0.000000000000000000 ) ) ;
#4101 = PERSON_AND_ORGANIZATION ( #18446744073709551615, #18446744073709551615 ) ;
#4102 = DIRECTION ( 'NONE',  ( -0.000000000000000000, 0.000000000000000000, 1.000000000000000000 ) ) ;
#4103 = EDGE_CURVE ( 'NONE', #5327, #5758, #2548, .T. ) ;
#4104 = CYLINDRICAL_SURFACE ( 'NONE', #5336, 1.650000000000017231 ) ;
#4105 = DIRECTION ( 'NONE',  ( -1.138138323803736265E-16, -1.000000000000000000, 0.000000000000000000 ) ) ;
#4106 = ORIENTED_EDGE ( 'NONE', *, *, #5564, .T. ) ;
#4107 = DIRECTION ( 'NONE',  ( -0.000000000000000000, -0.000000000000000000, -1.000000000000000000 ) ) ;
#4108 = ORIENTED_EDGE ( 'NONE', *, *, #1947, .F. ) ;
#4109 = DIRECTION ( 'NONE',  ( -0.000000000000000000, 0.000000000000000000, 1.000000000000000000 ) ) ;
#4110 = LINE ( 'NONE', #933, #2400 ) ;
#4111 = ADVANCED_FACE ( 'NONE', ( #6162 ), #3530, .F. ) ;
#4112 = CARTESIAN_POINT ( 'NONE',  ( 16.98412536343293766, 27.79982358402804365, 96.00000000000000000 ) ) ;
#4113 = DIRECTION ( 'NONE',  ( -0.000000000000000000, 0.000000000000000000, 1.000000000000000000 ) ) ;
#4114 = DIRECTION ( 'NONE',  ( -0.000000000000000000, -0.000000000000000000, -1.000000000000000000 ) ) ;
#4115 = ORIENTED_EDGE ( 'NONE', *, *, #6120, .T. ) ;
#4116 = CARTESIAN_POINT ( 'NONE',  ( -12.20000000000010942, 30.49982358402804294, 150.8999999999997783 ) ) ;
#4117 = DIRECTION ( 'NONE',  ( 0.000000000000000000, 0.000000000000000000, -1.000000000000000000 ) ) ;
#4118 = EDGE_LOOP ( 'NONE', ( #6752, #3340, #4605, #3858 ) ) ;
#4119 = CARTESIAN_POINT ( 'NONE',  ( 4.449999999999998401, -34.29999999999999716, 188.0000000000000000 ) ) ;
#4120 = FACE_OUTER_BOUND ( 'NONE', #2549, .T. ) ;
#4121 = AXIS2_PLACEMENT_3D ( 'NONE', #3752, #3086, #4824 ) ;
#4122 = VERTEX_POINT ( 'NONE', #6237 ) ;
#4123 = ORIENTED_EDGE ( 'NONE', *, *, #199, .T. ) ;
#4124 = PLANE ( 'NONE',  #2920 ) ;
#4125 = DIRECTION ( 'NONE',  ( -0.000000000000000000, 0.000000000000000000, 1.000000000000000000 ) ) ;
#4126 = ORIENTED_EDGE ( 'NONE', *, *, #1446, .F. ) ;
#4127 = CARTESIAN_POINT ( 'NONE',  ( -0.000000000000000000, 30.49982358402804294, 170.4999999999999716 ) ) ;
#4128 = ORIENTED_EDGE ( 'NONE', *, *, #2457, .F. ) ;
#4129 = EDGE_LOOP ( 'NONE', ( #3050, #6239, #1432 ) ) ;
#4130 = AXIS2_PLACEMENT_3D ( 'NONE', #4079, #6188, #903 ) ;
#4131 = LINE ( 'NONE', #6240, #670 ) ;
#4132 = CARTESIAN_POINT ( 'NONE',  ( -14.56039697926569687, 34.94837952997873032, 117.6378191367806352 ) ) ;
#4133 = CARTESIAN_POINT ( 'NONE',  ( -5.829330599566602267, -32.18385272431964950, 143.0000000000000284 ) ) ;
#4134 = DIRECTION ( 'NONE',  ( 0.000000000000000000, 0.000000000000000000, -1.000000000000000000 ) ) ;
#4135 = APPROVAL_STATUS ( 'not_yet_approved' ) ;
#4136 = CARTESIAN_POINT ( 'NONE',  ( 10.34199677091327807, -36.42017283477790812, 46.98077442812718374 ) ) ;
#4137 = EDGE_CURVE ( 'NONE', #5753, #2189, #1951, .T. ) ;
#4138 = LINE ( 'NONE', #4579, #4556 ) ;
#4139 = CARTESIAN_POINT ( 'NONE',  ( 10.20032164668480235, 32.74818221541184471, 151.0394754297266218 ) ) ;
#4140 = ORIENTED_EDGE ( 'NONE', *, *, #5367, .T. ) ;
#4141 = LINE ( 'NONE', #2564, #1393 ) ;
#4142 = CARTESIAN_POINT ( 'NONE',  ( -10.89983549800251161, 36.25752812768961064, 153.6105233856368670 ) ) ;
#4143 = EDGE_CURVE ( 'NONE', #3520, #4242, #3498, .T. ) ;
#4144 = ORIENTED_EDGE ( 'NONE', *, *, #2135, .T. ) ;
#4145 = CARTESIAN_POINT ( 'NONE',  ( -4.655921846403513698, -37.57270044755377825, 151.9745708101945922 ) ) ;
#4146 = CARTESIAN_POINT ( 'NONE',  ( 9.832735432515287144, 36.56104799019950491, 149.0465544566587823 ) ) ;
#4147 = EDGE_CURVE ( 'NONE', #4827, #4413, #4730, .T. ) ;
#4148 = ORIENTED_EDGE ( 'NONE', *, *, #2203, .F. ) ;
#4149 = CARTESIAN_POINT ( 'NONE',  ( -10.18788375562215620, -36.46358420957070479, 149.6530215682025187 ) ) ;
#4150 = CIRCLE ( 'NONE', #357, 37.86000000000017707 ) ;
#4151 = DIRECTION ( 'NONE',  ( -1.000000000000000000, 0.000000000000000000, 0.000000000000000000 ) ) ;
#4152 = ORIENTED_EDGE ( 'NONE', *, *, #1277, .T. ) ;
#4153 = LINE ( 'NONE', #4560, #54 ) ;
#4154 = CARTESIAN_POINT ( 'NONE',  ( 5.829330599566602267, 0.000000000000000000, 183.0000000000000000 ) ) ;
#4155 = AXIS2_PLACEMENT_3D ( 'NONE', #4099, #253, #815 ) ;
#4156 = ORIENTED_EDGE ( 'NONE', *, *, #1203, .F. ) ;
#4157 = EDGE_CURVE ( 'NONE', #2156, #5454, #1056, .T. ) ;
#4158 = VERTEX_POINT ( 'NONE', #3774 ) ;
#4159 = DIRECTION ( 'NONE',  ( 0.000000000000000000, 1.000000000000000000, 0.000000000000000000 ) ) ;
#4160 = CARTESIAN_POINT ( 'NONE',  ( 13.67196633800478978, 35.30562150369779317, 148.2788885907361021 ) ) ;
#4161 = ORIENTED_EDGE ( 'NONE', *, *, #5878, .T. ) ;
#4162 = CARTESIAN_POINT ( 'NONE',  ( -1.949449338866589724E-13, 34.29999999999999716, 188.0000000000000000 ) ) ;
#4163 = AXIS2_PLACEMENT_3D ( 'NONE', #6838, #1519, #4821 ) ;
#4164 = ORIENTED_EDGE ( 'NONE', *, *, #5583, .F. ) ;
#4165 = ORIENTED_EDGE ( 'NONE', *, *, #1447, .T. ) ;
#4166 = LINE ( 'NONE', #1989, #4686 ) ;
#4167 = CARTESIAN_POINT ( 'NONE',  ( -15.17847238914719732, 34.68422689584919283, 119.9119566022126833 ) ) ;
#4168 = CARTESIAN_POINT ( 'NONE',  ( 10.34364538863149008, -36.41970517725049916, 150.0237776786084680 ) ) ;
#4169 = CARTESIAN_POINT ( 'NONE',  ( 0.000000000000000000, -30.49982358402804294, 64.00000000000001421 ) ) ;
#4170 = APPROVAL_DATE_TIME ( #1959, #5278 ) ;
#4171 = CARTESIAN_POINT ( 'NONE',  ( 0.000000000000000000, 0.000000000000000000, 25.00000000000000000 ) ) ;
#4172 = AXIS2_PLACEMENT_3D ( 'NONE', #3748, #2259, #1296 ) ;
#4173 = DIRECTION ( 'NONE',  ( 0.000000000000000000, 1.000000000000000000, 0.000000000000000000 ) ) ;
#4174 = VECTOR ( 'NONE', #3793, 1000.000000000000114 ) ;
#4175 = DIRECTION ( 'NONE',  ( -1.000000000000000000, 0.000000000000000000, 0.000000000000000000 ) ) ;
#4176 = ORIENTED_EDGE ( 'NONE', *, *, #2335, .F. ) ;
#4177 = CARTESIAN_POINT ( 'NONE',  ( -12.20000000000010942, 43.49982358402805005, 153.8999999999997783 ) ) ;
#4178 = DIRECTION ( 'NONE',  ( -0.000000000000000000, 0.000000000000000000, 1.000000000000000000 ) ) ;
#4179 = ORIENTED_EDGE ( 'NONE', *, *, #5367, .F. ) ;
#4180 = CARTESIAN_POINT ( 'NONE',  ( -17.65717562621344072, 33.49061911815132930, 93.90381449557347082 ) ) ;
#4181 = EDGE_CURVE ( 'NONE', #3635, #4377, #1057, .T. ) ;
#4182 = DIRECTION ( 'NONE',  ( -0.7071067811865416886, 0.7071067811865532349, 0.000000000000000000 ) ) ;
#4183 = ORIENTED_EDGE ( 'NONE', *, *, #1107, .F. ) ;
#4184 = AXIS2_PLACEMENT_3D ( 'NONE', #6891, #5850, #1046 ) ;
#4185 = CARTESIAN_POINT ( 'NONE',  ( -10.19056844989007971, -36.46283393194112676, 152.3417541279465581 ) ) ;
#4186 = FACE_OUTER_BOUND ( 'NONE', #1344, .T. ) ;
#4187 = ORIENTED_EDGE ( 'NONE', *, *, #6306, .T. ) ;
#4188 = DIRECTION ( 'NONE',  ( -1.000000000000000000, -5.150515019224728438E-16, 0.000000000000000000 ) ) ;
#4189 = DIRECTION ( 'NONE',  ( 0.000000000000000000, 0.000000000000000000, 1.000000000000000000 ) ) ;
#4190 = CC_DESIGN_APPROVAL ( #5278, ( #6174 ) ) ;
#4191 = EDGE_CURVE ( 'NONE', #3532, #4527, #6410, .T. ) ;
#4192 = AXIS2_PLACEMENT_3D ( 'NONE', #1591, #4178, #4768 ) ;
#4193 = EDGE_LOOP ( 'NONE', ( #1687, #693 ) ) ;
#4194 = ORIENTED_EDGE ( 'NONE', *, *, #6649, .F. ) ;
#4195 = DIRECTION ( 'NONE',  ( 0.000000000000000000, 0.000000000000000000, -1.000000000000000000 ) ) ;
#4196 = LINE ( 'NONE', #2652, #6477 ) ;
#4197 = ORIENTED_EDGE ( 'NONE', *, *, #3374, .F. ) ;
#4198 = CYLINDRICAL_SURFACE ( 'NONE', #4617, 2.000000000000001776 ) ;
#4199 = VECTOR ( 'NONE', #1016, 1000.000000000000000 ) ;
#4200 = EDGE_CURVE ( 'NONE', #5368, #4527, #1151, .T. ) ;
#4201 = VERTEX_POINT ( 'NONE', #4847 ) ;
#4202 = VECTOR ( 'NONE', #2943, 1000.000000000000000 ) ;
#4203 = DIRECTION ( 'NONE',  ( -0.000000000000000000, -0.000000000000000000, -1.000000000000000000 ) ) ;
#4204 = PLANE ( 'NONE',  #934 ) ;
#4205 = CARTESIAN_POINT ( 'NONE',  ( -1.650000000000212186, 34.29999999999999716, 5.000000000000004441 ) ) ;
#4206 = CARTESIAN_POINT ( 'NONE',  ( 0.000000000000000000, 0.000000000000000000, 0.000000000000000000 ) ) ;
#4207 = DIRECTION ( 'NONE',  ( 1.000000000000000000, 0.000000000000000000, 0.000000000000000000 ) ) ;
#4208 = CARTESIAN_POINT ( 'NONE',  ( -19.85000000000000142, 32.23906171091233830, 88.84999999999993747 ) ) ;
#4209 = DIRECTION ( 'NONE',  ( -0.000000000000000000, -1.000000000000000000, -0.000000000000000000 ) ) ;
#4210 = DIRECTION ( 'NONE',  ( -0.000000000000000000, 0.000000000000000000, 1.000000000000000000 ) ) ;
#4211 = EDGE_LOOP ( 'NONE', ( #3924, #661, #5983, #3721 ) ) ;
#4212 = CARTESIAN_POINT ( 'NONE',  ( 1.650000000000023892, -34.29999999999999716, 5.000000000000004441 ) ) ;
#4213 = CYLINDRICAL_SURFACE ( 'NONE', #729, 3.000000000000009770 ) ;
#4214 = EDGE_LOOP ( 'NONE', ( #6238, #2816 ) ) ;
#4215 = CARTESIAN_POINT ( 'NONE',  ( -22.03458518113421505, 30.78759245012666312, 93.91203179045251659 ) ) ;
#4216 = DIRECTION ( 'NONE',  ( -0.000000000000000000, -1.000000000000000000, -0.000000000000000000 ) ) ;
#4217 = ORIENTED_EDGE ( 'NONE', *, *, #181, .T. ) ;
#4218 = CARTESIAN_POINT ( 'NONE',  ( 13.06321080459069073, 31.71527788761133948, 121.3086250529906636 ) ) ;
#4219 = CARTESIAN_POINT ( 'NONE',  ( 0.000000000000000000, 0.000000000000000000, 30.40000000000000924 ) ) ;
#4220 = EDGE_LOOP ( 'NONE', ( #4093, #71, #618, #6436 ) ) ;
#4221 = CARTESIAN_POINT ( 'NONE',  ( -22.14152460048643078, 30.71069564894846593, 36.64282384814428895 ) ) ;
#4222 = FACE_OUTER_BOUND ( 'NONE', #452, .T. ) ;
#4223 = EDGE_CURVE ( 'NONE', #4810, #5271, #72, .T. ) ;
#4224 = ADVANCED_FACE ( 'NONE', ( #6342 ), #4198, .F. ) ;
#4225 = ORIENTED_EDGE ( 'NONE', *, *, #2934, .T. ) ;
#4226 = VERTEX_POINT ( 'NONE', #2621 ) ;
#4227 = LINE ( 'NONE', #3772, #599 ) ;
#4228 = CARTESIAN_POINT ( 'NONE',  ( -7.500011671745328456, -34.49982358402804294, 150.9999999999999716 ) ) ;
#4229 = ORIENTED_EDGE ( 'NONE', *, *, #1800, .F. ) ;
#4230 = DIRECTION ( 'NONE',  ( 0.000000000000000000, 0.000000000000000000, -1.000000000000000000 ) ) ;
#4231 = EDGE_CURVE ( 'NONE', #1207, #5368, #5495, .T. ) ;
#4232 = VERTEX_POINT ( 'NONE', #1092 ) ;
#4233 = LINE ( 'NONE', #2062, #4898 ) ;
#4234 = FACE_OUTER_BOUND ( 'NONE', #6676, .T. ) ;
#4235 = CARTESIAN_POINT ( 'NONE',  ( -9.413849468914676307E-15, -32.18385272431964950, 143.0000000000000284 ) ) ;
#4236 = FACE_BOUND ( 'NONE', #881, .T. ) ;
#4237 = EDGE_CURVE ( 'NONE', #1636, #6327, #4292, .T. ) ;
#4238 = CIRCLE ( 'NONE', #2110, 1.650000000000017231 ) ;
#4239 = DIRECTION ( 'NONE',  ( 0.000000000000000000, 1.000000000000000000, 0.000000000000000000 ) ) ;
#4240 = LINE ( 'NONE', #6354, #2242 ) ;
#4241 = EDGE_CURVE ( 'NONE', #2361, #943, #3212, .T. ) ;
#4242 = VERTEX_POINT ( 'NONE', #3707 ) ;
#4243 = CARTESIAN_POINT ( 'NONE',  ( -22.00000000000000000, -30.49982358402804294, 140.0000000000000000 ) ) ;
#4244 = VECTOR ( 'NONE', #2775, 1000.000000000000000 ) ;
#4245 = DIRECTION ( 'NONE',  ( -1.000000000000000000, 0.000000000000000000, 0.000000000000000000 ) ) ;
#4246 = ORIENTED_EDGE ( 'NONE', *, *, #5629, .T. ) ;
#4247 = CARTESIAN_POINT ( 'NONE',  ( 12.19999999999999574, 33.49982358402804294, 122.5000000000000000 ) ) ;
#4248 = FACE_OUTER_BOUND ( 'NONE', #4421, .T. ) ;
#4249 = ORIENTED_EDGE ( 'NONE', *, *, #4658, .F. ) ;
#4250 = DIRECTION ( 'NONE',  ( -0.000000000000000000, 0.000000000000000000, 1.000000000000000000 ) ) ;
#4251 = DIRECTION ( 'NONE',  ( 0.000000000000000000, 0.000000000000000000, -1.000000000000000000 ) ) ;
#4252 = ORIENTED_EDGE ( 'NONE', *, *, #4231, .T. ) ;
#4253 = LINE ( 'NONE', #6334, #5061 ) ;
#4254 = DIRECTION ( 'NONE',  ( -0.000000000000000000, -0.000000000000000000, -1.000000000000000000 ) ) ;
#4255 = VERTEX_POINT ( 'NONE', #2685 ) ;
#4256 = ORIENTED_EDGE ( 'NONE', *, *, #491, .T. ) ;
#4257 = CARTESIAN_POINT ( 'NONE',  ( -5.829330599566598714, -33.80101928582859472, 188.0000000000000000 ) ) ;
#4258 = ADVANCED_FACE ( 'NONE', ( #1577 ), #5916, .F. ) ;
#4259 = EDGE_LOOP ( 'NONE', ( #122, #4704 ) ) ;
#4260 = DIRECTION ( 'NONE',  ( -0.7071067811865532349, -0.7071067811865417996, 0.000000000000000000 ) ) ;
#4261 = AXIS2_PLACEMENT_3D ( 'NONE', #3298, #5972, #153 ) ;
#4262 = VERTEX_POINT ( 'NONE', #3275 ) ;
#4263 = VECTOR ( 'NONE', #3392, 1000.000000000000000 ) ;
#4264 = CARTESIAN_POINT ( 'NONE',  ( -14.12974494262769909, 31.25445957465761282, 151.4427573744814310 ) ) ;
#4265 = EDGE_CURVE ( 'NONE', #5228, #659, #1610, .T. ) ;
#4266 = CARTESIAN_POINT ( 'NONE',  ( 9.317770236085760160, -36.69586672219583079, 148.6055277606388074 ) ) ;
#4267 = PLANE ( 'NONE',  #5057 ) ;
#4268 = AXIS2_PLACEMENT_3D ( 'NONE', #5091, #4049, #1876 ) ;
#4269 = EDGE_CURVE ( 'NONE', #1643, #4226, #6870, .T. ) ;
#4270 = ADVANCED_FACE ( 'NONE', ( #4718 ), #1644, .F. ) ;
#4271 = DIRECTION ( 'NONE',  ( -1.138138323803736265E-16, -1.000000000000000000, 0.000000000000000000 ) ) ;
#4272 = FACE_OUTER_BOUND ( 'NONE', #89, .T. ) ;
#4273 = VERTEX_POINT ( 'NONE', #2654 ) ;
#4274 = VECTOR ( 'NONE', #5631, 1000.000000000000000 ) ;
#4275 = CARTESIAN_POINT ( 'NONE',  ( -9.516351144965449649, 36.64457815129159002, 118.1444133193811155 ) ) ;
#4276 = DIRECTION ( 'NONE',  ( 1.000000000000000000, 0.000000000000000000, 0.000000000000000000 ) ) ;
#4277 = EDGE_CURVE ( 'NONE', #787, #5203, #3242, .T. ) ;
#4278 = ORIENTED_EDGE ( 'NONE', *, *, #1447, .F. ) ;
#4279 = CARTESIAN_POINT ( 'NONE',  ( -17.89290465626349658, 33.36527210999324211, 94.12956367141279657 ) ) ;
#4280 = DIRECTION ( 'NONE',  ( 1.000000000000000000, 0.000000000000000000, 0.000000000000000000 ) ) ;
#4281 = VERTEX_POINT ( 'NONE', #593 ) ;
#4282 = CARTESIAN_POINT ( 'NONE',  ( -13.98584434313094782, -13.98584434313071867, 163.0000000000000000 ) ) ;
#4283 = CARTESIAN_POINT ( 'NONE',  ( 19.89319591221897099, 32.21536993100878021, 31.69999999999999218 ) ) ;
#4284 = VERTEX_POINT ( 'NONE', #2715 ) ;
#4285 = CARTESIAN_POINT ( 'NONE',  ( -18.42112743440736011, 33.07669516488901706, 37.34246655366788303 ) ) ;
#4286 = AXIS2_PLACEMENT_3D ( 'NONE', #705, #141, #4432 ) ;
#4287 = PLANE ( 'NONE',  #2954 ) ;
#4288 = DIRECTION ( 'NONE',  ( -0.7071067811865398012, -0.7071067811865552333, 0.000000000000000000 ) ) ;
#4289 = EDGE_LOOP ( 'NONE', ( #2316, #739 ) ) ;
#4290 = CARTESIAN_POINT ( 'NONE',  ( -17.88107766555275191, 33.37160316450817987, 32.43078400519230087 ) ) ;
#4291 = ORIENTED_EDGE ( 'NONE', *, *, #2203, .T. ) ;
#4292 = LINE ( 'NONE', #5790, #3386 ) ;
#4293 = VECTOR ( 'NONE', #5222, 1000.000000000000000 ) ;
#4294 = ORIENTED_EDGE ( 'NONE', *, *, #4143, .F. ) ;
#4295 = EDGE_CURVE ( 'NONE', #1804, #3891, #4840, .T. ) ;
#4296 = APPROVAL_PERSON_ORGANIZATION ( #6769, #3144, #965 ) ;
#4297 = CIRCLE ( 'NONE', #284, 1.599999999999990319 ) ;
#4298 = CARTESIAN_POINT ( 'NONE',  ( 0.000000000000000000, 29.49982358402804294, 188.0000000000000000 ) ) ;
#4299 = CARTESIAN_POINT ( 'NONE',  ( 10.19054459892468678, -36.46284034329922719, 149.6582491645769153 ) ) ;
#4300 = DIRECTION ( 'NONE',  ( -1.000000000000000000, 0.000000000000000000, -0.000000000000000000 ) ) ;
#4301 = VECTOR ( 'NONE', #3933, 1000.000000000000000 ) ;
#4302 = EDGE_CURVE ( 'NONE', #2426, #5451, #2157, .T. ) ;
#4303 = ADVANCED_FACE ( 'NONE', ( #2748, #3975 ), #132, .F. ) ;
#4304 = LINE ( 'NONE', #2033, #5791 ) ;
#4305 = DIRECTION ( 'NONE',  ( 0.000000000000000000, 0.000000000000000000, -1.000000000000000000 ) ) ;
#4306 = ORIENTED_EDGE ( 'NONE', *, *, #1124, .F. ) ;
#4307 = DIRECTION ( 'NONE',  ( -0.000000000000000000, -0.000000000000000000, -1.000000000000000000 ) ) ;
#4308 = DIRECTION ( 'NONE',  ( -0.000000000000000000, -1.000000000000000000, -0.000000000000000000 ) ) ;
#4309 = EDGE_CURVE ( 'NONE', #3870, #4262, #3174, .T. ) ;
#4310 = VERTEX_POINT ( 'NONE', #2252 ) ;
#4311 = DIRECTION ( 'NONE',  ( 0.000000000000000000, 0.000000000000000000, -1.000000000000000000 ) ) ;
#4312 = CARTESIAN_POINT ( 'NONE',  ( -5.829330599566602267, -30.49982358402804294, 143.0000000000000284 ) ) ;
#4313 = ORIENTED_EDGE ( 'NONE', *, *, #4474, .F. ) ;
#4314 = DIRECTION ( 'NONE',  ( -0.000000000000000000, -0.000000000000000000, -1.000000000000000000 ) ) ;
#4315 = LINE ( 'NONE', #6428, #5736 ) ;
#4316 = VERTEX_POINT ( 'NONE', #5498 ) ;
#4317 = CYLINDRICAL_SURFACE ( 'NONE', #1388, 3.000000000000002665 ) ;
#4318 = CARTESIAN_POINT ( 'NONE',  ( -13.68395599712367527, 31.45233995389452275, 118.1528736446712600 ) ) ;
#4319 = ORIENTED_EDGE ( 'NONE', *, *, #5163, .T. ) ;
#4320 = VERTEX_POINT ( 'NONE', #1774 ) ;
#4321 = CYLINDRICAL_SURFACE ( 'NONE', #2366, 1.649999999999998579 ) ;
#4322 = ORIENTED_EDGE ( 'NONE', *, *, #3642, .F. ) ;
#4323 = DIRECTION ( 'NONE',  ( -0.000000000000000000, -0.000000000000000000, -1.000000000000000000 ) ) ;
#4324 = CARTESIAN_POINT ( 'NONE',  ( -5.829330599566595161, -33.80101928582859472, 38.00000000000003553 ) ) ;
#4325 = ORIENTED_EDGE ( 'NONE', *, *, #3083, .T. ) ;
#4326 = CARTESIAN_POINT ( 'NONE',  ( -13.17928818336518404, 31.66797937071397229, 152.6621711683110618 ) ) ;
#4327 = DIRECTION ( 'NONE',  ( -0.000000000000000000, 0.000000000000000000, 1.000000000000000000 ) ) ;
#4328 = CARTESIAN_POINT ( 'NONE',  ( 16.54384119805818898, 34.05412491125386509, 35.13255182440108371 ) ) ;
#4329 = AXIS2_PLACEMENT_3D ( 'NONE', #441, #1621, #1587 ) ;
#4330 = DIRECTION ( 'NONE',  ( 0.000000000000000000, -1.000000000000000000, 0.000000000000000000 ) ) ;
#4331 = DIRECTION ( 'NONE',  ( 1.000000000000000000, 0.000000000000000000, 0.000000000000000000 ) ) ;
#4332 = ORIENTED_EDGE ( 'NONE', *, *, #5086, .T. ) ;
#4333 = CARTESIAN_POINT ( 'NONE',  ( -10.39929477767063659, 36.40416238432629115, 121.9073341393972214 ) ) ;
#4334 = EDGE_CURVE ( 'NONE', #1089, #6851, #2326, .T. ) ;
#4335 = LINE ( 'NONE', #4925, #3397 ) ;
#4336 = VERTEX_POINT ( 'NONE', #100 ) ;
#4337 = CARTESIAN_POINT ( 'NONE',  ( 6.179224217856538637, -37.35277845801139307, 48.70061473958894993 ) ) ;
#4338 = CARTESIAN_POINT ( 'NONE',  ( -5.829330599566612037, 33.80101928582860182, 183.0000000000000000 ) ) ;
#4339 = APPLICATION_CONTEXT ( 'configuration controlled 3d designs of mechanical parts and assemblies' ) ;
#4340 = VECTOR ( 'NONE', #304, 1000.000000000000000 ) ;
#4341 = ORIENTED_EDGE ( 'NONE', *, *, #2161, .F. ) ;
#4342 = DIRECTION ( 'NONE',  ( 0.000000000000000000, -1.000000000000000000, 0.000000000000000000 ) ) ;
#4343 = LINE ( 'NONE', #2740, #2505 ) ;
#4344 = EDGE_CURVE ( 'NONE', #6755, #1330, #2723, .T. ) ;
#4345 = ORIENTED_EDGE ( 'NONE', *, *, #2217, .F. ) ;
#4346 = FACE_BOUND ( 'NONE', #3562, .T. ) ;
#4347 = FACE_OUTER_BOUND ( 'NONE', #5331, .T. ) ;
#4348 = DIRECTION ( 'NONE',  ( -0.000000000000000000, -0.000000000000000000, -1.000000000000000000 ) ) ;
#4349 = EDGE_CURVE ( 'NONE', #6121, #4262, #4424, .T. ) ;
#4350 = DIRECTION ( 'NONE',  ( 0.000000000000000000, 0.000000000000000000, -1.000000000000000000 ) ) ;
#4351 = ORIENTED_EDGE ( 'NONE', *, *, #4223, .T. ) ;
#4352 = CARTESIAN_POINT ( 'NONE',  ( -5.829330599566602267, 37.40853518598355976, 25.00000000000000000 ) ) ;
#4353 = ORIENTED_EDGE ( 'NONE', *, *, #567, .T. ) ;
#4354 = PLANE ( 'NONE',  #2826 ) ;
#4355 = CARTESIAN_POINT ( 'NONE',  ( 10.40054469117358238, -36.40343369148892805, 46.79191537705694515 ) ) ;
#4356 = ORIENTED_EDGE ( 'NONE', *, *, #4786, .F. ) ;
#4357 = EDGE_CURVE ( 'NONE', #6792, #910, #841, .T. ) ;
#4358 = CARTESIAN_POINT ( 'NONE',  ( 13.39398296986187198, 31.57696737352569372, 152.5096146168923212 ) ) ;
#4359 = CARTESIAN_POINT ( 'NONE',  ( 12.01073388038747858, 35.90489999966340662, 122.4999999999999716 ) ) ;
#4360 = CARTESIAN_POINT ( 'NONE',  ( 23.73057117962473939, -29.49982358402804294, 0.000000000000000000 ) ) ;
#4361 = VECTOR ( 'NONE', #6458, 1000.000000000000000 ) ;
#4362 = CIRCLE ( 'NONE', #4480, 1.699999999999977529 ) ;
#4363 = FACE_OUTER_BOUND ( 'NONE', #2886, .T. ) ;
#4364 = CARTESIAN_POINT ( 'NONE',  ( -10.41201702141208507, 32.68153792250323875, 151.8061019169777808 ) ) ;
#4365 = DIRECTION ( 'NONE',  ( 0.000000000000000000, 0.000000000000000000, 1.000000000000000000 ) ) ;
#4366 = VERTEX_POINT ( 'NONE', #6508 ) ;
#4367 = CARTESIAN_POINT ( 'NONE',  ( -11.25843782810448168, 36.14778468294323233, 122.3549650493122982 ) ) ;
#4368 = CARTESIAN_POINT ( 'NONE',  ( 20.25846989291683187, 31.98659790443925743, 94.78103837513383212 ) ) ;
#4369 = VECTOR ( 'NONE', #4075, 1000.000000000000000 ) ;
#4370 = ORIENTED_EDGE ( 'NONE', *, *, #718, .F. ) ;
#4371 = CARTESIAN_POINT ( 'NONE',  ( 17.50001167174533023, -29.49982358402804294, 188.0000000000000000 ) ) ;
#4372 = AXIS2_PLACEMENT_3D ( 'NONE', #5641, #876, #2992 ) ;
#4373 = DIRECTION ( 'NONE',  ( 0.000000000000000000, 0.000000000000000000, 1.000000000000000000 ) ) ;
#4374 = ORIENTED_EDGE ( 'NONE', *, *, #1769, .T. ) ;
#4375 = CARTESIAN_POINT ( 'NONE',  ( -4.468068730591641113, -32.43975741685360958, 163.0000000000000000 ) ) ;
#4376 = CARTESIAN_POINT ( 'NONE',  ( -7.111657617825677846, -37.18657378570658523, 48.98105186022877433 ) ) ;
#4377 = VERTEX_POINT ( 'NONE', #4458 ) ;
#4378 = CARTESIAN_POINT ( 'NONE',  ( 11.00232195553898329, 32.48772397977683113, 117.8929903474899845 ) ) ;
#4379 = DIRECTION ( 'NONE',  ( 0.000000000000000000, 1.000000000000000000, 0.000000000000000000 ) ) ;
#4380 = AXIS2_PLACEMENT_3D ( 'NONE', #2356, #6190, #5048 ) ;
#4381 = EDGE_CURVE ( 'NONE', #4875, #1546, #5463, .T. ) ;
#4382 = CARTESIAN_POINT ( 'NONE',  ( -0.000000000000000000, 29.49982358402804294, 96.00000000000000000 ) ) ;
#4383 = CARTESIAN_POINT ( 'NONE',  ( 9.301274639131888122, 36.69969498506811334, 151.6984879357130467 ) ) ;
#4384 = ORIENTED_EDGE ( 'NONE', *, *, #2239, .T. ) ;
#4385 = VECTOR ( 'NONE', #464, 1000.000000000000000 ) ;
#4386 = CARTESIAN_POINT ( 'NONE',  ( 0.000000000000000000, 0.000000000000000000, 25.00000000000000000 ) ) ;
#4387 = ORIENTED_EDGE ( 'NONE', *, *, #1165, .F. ) ;
#4388 = DIRECTION ( 'NONE',  ( 0.000000000000000000, -0.000000000000000000, -1.000000000000000000 ) ) ;
#4389 = LINE ( 'NONE', #1322, #6735 ) ;
#4390 = EDGE_CURVE ( 'NONE', #5203, #5104, #1219, .T. ) ;
#4391 = AXIS2_PLACEMENT_3D ( 'NONE', #908, #3023, #5193 ) ;
#4392 = ORIENTED_EDGE ( 'NONE', *, *, #4985, .T. ) ;
#4393 = ORIENTED_EDGE ( 'NONE', *, *, #3083, .F. ) ;
#4394 = CARTESIAN_POINT ( 'NONE',  ( -15.09609257395955062, 34.72016141133700984, 151.7084886010795515 ) ) ;
#4395 = CARTESIAN_POINT ( 'NONE',  ( 10.90270123098046362, 36.25666038241590883, 122.2118056218940012 ) ) ;
#4396 = AXIS2_PLACEMENT_3D ( 'NONE', #584, #2147, #1730 ) ;
#4397 = DIRECTION ( 'NONE',  ( 0.000000000000000000, 0.000000000000000000, -1.000000000000000000 ) ) ;
#4398 = AXIS2_PLACEMENT_3D ( 'NONE', #2831, #2233, #4442 ) ;
#4399 = EDGE_CURVE ( 'NONE', #3290, #4320, #632, .T. ) ;
#4400 = SECURITY_CLASSIFICATION ( '', '', #5689 ) ;
#4401 = AXIS2_PLACEMENT_3D ( 'NONE', #1253, #2294, #4426 ) ;
#4402 = ORIENTED_EDGE ( 'NONE', *, *, #3678, .F. ) ;
#4403 = CARTESIAN_POINT ( 'NONE',  ( 5.829330599566602267, -33.80101928582859472, 183.0000000000000000 ) ) ;
#4404 = LINE ( 'NONE', #5441, #2516 ) ;
#4405 = DIRECTION ( 'NONE',  ( 0.000000000000000000, 1.000000000000000000, 0.000000000000000000 ) ) ;
#4406 = VERTEX_POINT ( 'NONE', #1740 ) ;
#4407 = FACE_BOUND ( 'NONE', #4781, .T. ) ;
#4408 = CARTESIAN_POINT ( 'NONE',  ( -2.049999999999999822, -34.29999999999999716, 188.0000000000000000 ) ) ;
#4409 = VECTOR ( 'NONE', #1245, 1000.000000000000000 ) ;
#4410 = ORIENTED_EDGE ( 'NONE', *, *, #1456, .F. ) ;
#4411 = DIRECTION ( 'NONE',  ( 0.000000000000000000, 1.000000000000000000, -0.000000000000000000 ) ) ;
#4412 = CARTESIAN_POINT ( 'NONE',  ( -19.84999999999999787, 30.29982358402804010, 91.84999999999999432 ) ) ;
#4413 = VERTEX_POINT ( 'NONE', #2221 ) ;
#4414 = DIRECTION ( 'NONE',  ( 0.000000000000000000, 0.000000000000000000, -1.000000000000000000 ) ) ;
#4415 = CARTESIAN_POINT ( 'NONE',  ( 22.49412957817511582, 30.45319399255359727, 34.25334505086194525 ) ) ;
#4416 = ORIENTED_EDGE ( 'NONE', *, *, #4147, .T. ) ;
#4417 = CARTESIAN_POINT ( 'NONE',  ( -16.98412536343293766, 30.29982358402804010, 0.000000000000000000 ) ) ;
#4418 = DIRECTION ( 'NONE',  ( -0.000000000000000000, -0.000000000000000000, -1.000000000000000000 ) ) ;
#4419 = DIRECTION ( 'NONE',  ( -1.000000000000000000, 0.000000000000000000, 0.000000000000000000 ) ) ;
#4420 = DIRECTION ( 'NONE',  ( 0.000000000000000000, 0.000000000000000000, -1.000000000000000000 ) ) ;
#4421 = EDGE_LOOP ( 'NONE', ( #4987, #4678, #6020, #6809 ) ) ;
#4422 = DIRECTION ( 'NONE',  ( 0.000000000000000000, 1.000000000000000000, -0.000000000000000000 ) ) ;
#4423 = VERTEX_POINT ( 'NONE', #5430 ) ;
#4424 = LINE ( 'NONE', #1187, #956 ) ;
#4425 = EDGE_CURVE ( 'NONE', #193, #4881, #3873, .T. ) ;
#4426 = DIRECTION ( 'NONE',  ( -1.000000000000000000, 0.000000000000000000, 0.000000000000000000 ) ) ;
#4427 = EDGE_CURVE ( 'NONE', #4011, #6882, #6163, .T. ) ;
#4428 = ORIENTED_EDGE ( 'NONE', *, *, #2695, .T. ) ;
#4429 = ORIENTED_EDGE ( 'NONE', *, *, #4874, .T. ) ;
#4430 = CARTESIAN_POINT ( 'NONE',  ( -13.14970134651771794, 35.50353246599672019, 148.0478694162961517 ) ) ;
#4431 = CARTESIAN_POINT ( 'NONE',  ( 3.250000000000000000, 34.29999999999999716, 188.0000000000000000 ) ) ;
#4432 = DIRECTION ( 'NONE',  ( -1.000000000000000000, 0.000000000000000000, 0.000000000000000000 ) ) ;
#4433 = ADVANCED_FACE ( 'NONE', ( #4879 ), #4354, .T. ) ;
#4434 = VERTEX_POINT ( 'NONE', #239 ) ;
#4435 = DIRECTION ( 'NONE',  ( -0.000000000000000000, -1.000000000000000000, -0.000000000000000000 ) ) ;
#4436 = EDGE_CURVE ( 'NONE', #2707, #1318, #1723, .T. ) ;
#4437 = CARTESIAN_POINT ( 'NONE',  ( -10.90256297958396914, 32.52128761497580456, 152.4278045080197046 ) ) ;
#4438 = CARTESIAN_POINT ( 'NONE',  ( 3.101721574042661800, 31.94979379083875415, 183.0000000000000000 ) ) ;
#4439 = AXIS2_PLACEMENT_3D ( 'NONE', #728, #3372, #5558 ) ;
#4440 = ORIENTED_EDGE ( 'NONE', *, *, #6350, .T. ) ;
#4441 = DIRECTION ( 'NONE',  ( 0.000000000000000000, -0.000000000000000000, -1.000000000000000000 ) ) ;
#4442 = DIRECTION ( 'NONE',  ( -1.000000000000000000, 0.000000000000000000, 0.000000000000000000 ) ) ;
#4443 = EDGE_LOOP ( 'NONE', ( #5237, #5889, #6224, #1250 ) ) ;
#4444 = CARTESIAN_POINT ( 'NONE',  ( 5.525135398580882651, -37.45493654641279591, 48.26680120694071263 ) ) ;
#4445 = EDGE_CURVE ( 'NONE', #5471, #6528, #2813, .T. ) ;
#4446 = DIRECTION ( 'NONE',  ( 0.000000000000000000, -1.000000000000000000, 0.000000000000000000 ) ) ;
#4447 = ORIENTED_EDGE ( 'NONE', *, *, #2332, .T. ) ;
#4448 = CARTESIAN_POINT ( 'NONE',  ( -5.246099335780013639, -37.49504383597145107, 44.01020344216856017 ) ) ;
#4449 = AXIS2_PLACEMENT_3D ( 'NONE', #3351, #4887, #1129 ) ;
#4450 = ORIENTED_EDGE ( 'NONE', *, *, #435, .F. ) ;
#4451 = CARTESIAN_POINT ( 'NONE',  ( 10.19968935659678344, 32.74837915284617651, 119.3699067945579486 ) ) ;
#4452 = DIRECTION ( 'NONE',  ( -0.000000000000000000, -0.000000000000000000, -1.000000000000000000 ) ) ;
#4453 = DIRECTION ( 'NONE',  ( -0.000000000000000000, -1.000000000000000000, -0.000000000000000000 ) ) ;
#4454 = DIRECTION ( 'NONE',  ( 1.000000000000000000, 0.000000000000000000, 0.000000000000000000 ) ) ;
#4455 = EDGE_LOOP ( 'NONE', ( #3994, #4895, #4007, #6463 ) ) ;
#4456 = DIRECTION ( 'NONE',  ( -0.000000000000000000, -0.000000000000000000, -1.000000000000000000 ) ) ;
#4457 = ORIENTED_EDGE ( 'NONE', *, *, #5437, .T. ) ;
#4458 = CARTESIAN_POINT ( 'NONE',  ( -2.050000000000001599, 34.29999999999999716, 0.000000000000000000 ) ) ;
#4459 = FACE_OUTER_BOUND ( 'NONE', #1984, .T. ) ;
#4460 = ORIENTED_EDGE ( 'NONE', *, *, #4735, .T. ) ;
#4461 = CC_DESIGN_DATE_AND_TIME_ASSIGNMENT ( #2524, #4656, ( #4400 ) ) ;
#4462 = ORIENTED_EDGE ( 'NONE', *, *, #628, .T. ) ;
#4463 = CARTESIAN_POINT ( 'NONE',  ( 12.19999999999988738, 32.05698051906951207, 148.8999999999999488 ) ) ;
#4464 = CARTESIAN_POINT ( 'NONE',  ( 9.613310170931697485, 36.61936080227113877, 121.0326610631083071 ) ) ;
#4465 = CARTESIAN_POINT ( 'NONE',  ( -13.98584434313094604, 13.98584434313071689, 188.0000000000000000 ) ) ;
#4466 = ADVANCED_FACE ( 'NONE', ( #5016 ), #3417, .T. ) ;
#4467 = ORIENTED_EDGE ( 'NONE', *, *, #3558, .T. ) ;
#4468 = DIRECTION ( 'NONE',  ( 0.000000000000000000, -0.000000000000000000, -1.000000000000000000 ) ) ;
#4469 = LINE ( 'NONE', #2895, #3410 ) ;
#4470 = DIRECTION ( 'NONE',  ( -0.000000000000000000, 0.000000000000000000, 1.000000000000000000 ) ) ;
#4471 = EDGE_LOOP ( 'NONE', ( #1011, #4005 ) ) ;
#4472 = CARTESIAN_POINT ( 'NONE',  ( -3.250000000000001332, 34.29999999999999716, 5.000000000000000000 ) ) ;
#4473 = DIRECTION ( 'NONE',  ( 0.000000000000000000, -1.000000000000000000, 0.000000000000000000 ) ) ;
#4474 = EDGE_CURVE ( 'NONE', #3799, #711, #4492, .T. ) ;
#4475 = VECTOR ( 'NONE', #476, 1000.000000000000114 ) ;
#4476 = ADVANCED_FACE ( 'NONE', ( #5709, #4008, #1940, #275 ), #1353, .F. ) ;
#4477 = CARTESIAN_POINT ( 'NONE',  ( 5.246622815226828607, -37.49496422058837197, 47.99016649238552645 ) ) ;
#4478 = CARTESIAN_POINT ( 'NONE',  ( -12.20000000000011120, 32.05698051906943391, 152.8999999999997783 ) ) ;
#4479 = ORIENTED_EDGE ( 'NONE', *, *, #1074, .T. ) ;
#4480 = AXIS2_PLACEMENT_3D ( 'NONE', #82, #2728, #1265 ) ;
#4481 = CARTESIAN_POINT ( 'NONE',  ( -12.20000000000000462, 32.05698051906947654, 121.4999999999998295 ) ) ;
#4482 = EDGE_LOOP ( 'NONE', ( #5898, #3471, #183, #6539 ) ) ;
#4483 = FACE_BOUND ( 'NONE', #2865, .T. ) ;
#4484 = LINE ( 'NONE', #5555, #1077 ) ;
#4485 = EDGE_CURVE ( 'NONE', #6255, #4663, #4153, .T. ) ;
#4486 = AXIS2_PLACEMENT_3D ( 'NONE', #315, #5123, #350 ) ;
#4487 = DIRECTION ( 'NONE',  ( 0.000000000000000000, -1.000000000000000000, 0.000000000000000000 ) ) ;
#4488 = CARTESIAN_POINT ( 'NONE',  ( 10.73122148102548934, 36.30770933332576078, 153.5231750152722157 ) ) ;
#4489 = EDGE_LOOP ( 'NONE', ( #3936, #6831, #2586, #6333, #6278, #1506, #3565, #5776, #4766, #3636 ) ) ;
#4490 = CARTESIAN_POINT ( 'NONE',  ( 13.39119822555470662, 31.57814706762648882, 117.8883648755824396 ) ) ;
#4491 = ORIENTED_EDGE ( 'NONE', *, *, #1617, .T. ) ;
#4492 = LINE ( 'NONE', #4119, #3390 ) ;
#4493 = CIRCLE ( 'NONE', #4929, 1.650000000000017231 ) ;
#4494 = CARTESIAN_POINT ( 'NONE',  ( 5.829330599566602267, -33.80101928582860182, 0.000000000000000000 ) ) ;
#4495 = EDGE_LOOP ( 'NONE', ( #3676, #187, #928, #1103, #2861 ) ) ;
#4496 = AXIS2_PLACEMENT_3D ( 'NONE', #4901, #2930, #1370 ) ;
#4497 = EDGE_LOOP ( 'NONE', ( #1874, #5542, #1299, #2738 ) ) ;
#4498 = CARTESIAN_POINT ( 'NONE',  ( 12.45691625295257410, 31.95920530021639649, 148.9000000000000057 ) ) ;
#4499 = CARTESIAN_POINT ( 'NONE',  ( 19.52000000000059288, 35.29982358402804010, 37.70000000000000284 ) ) ;
#4500 = CARTESIAN_POINT ( 'NONE',  ( 18.78941497454737330, 32.87089925836172455, 31.76655428175394746 ) ) ;
#4501 = VECTOR ( 'NONE', #3032, 1000.000000000000000 ) ;
#4502 = ORIENTED_EDGE ( 'NONE', *, *, #560, .T. ) ;
#4503 = FACE_BOUND ( 'NONE', #4289, .T. ) ;
#4504 = CIRCLE ( 'NONE', #1511, 1.699999999999978417 ) ;
#4505 = CARTESIAN_POINT ( 'NONE',  ( -10.47745386578332649, 32.66066701321634014, 151.9248545260811625 ) ) ;
#4506 = CARTESIAN_POINT ( 'NONE',  ( 3.249999999999998668, -34.29999999999999716, 188.0000000000000000 ) ) ;
#4507 = CARTESIAN_POINT ( 'NONE',  ( -10.34127412728089190, -36.42037888670235191, 45.01702752135380337 ) ) ;
#4508 = DIRECTION ( 'NONE',  ( 1.000000000000000000, 0.000000000000000000, 0.000000000000000000 ) ) ;
#4509 = ADVANCED_FACE ( 'NONE', ( #3557 ), #6646, .F. ) ;
#4510 = EDGE_CURVE ( 'NONE', #1468, #4717, #1833, .T. ) ;
#4511 = AXIS2_PLACEMENT_3D ( 'NONE', #1141, #3265, #5388 ) ;
#4512 = CIRCLE ( 'NONE', #3744, 1.699999999999977751 ) ;
#4513 = DIRECTION ( 'NONE',  ( -0.000000000000000000, -0.000000000000000000, -1.000000000000000000 ) ) ;
#4514 = CARTESIAN_POINT ( 'NONE',  ( 12.19999999999999751, 35.84047432721857263, 122.5000000000000000 ) ) ;
#4515 = AXIS2_PLACEMENT_3D ( 'NONE', #1853, #6133, #3887 ) ;
#4516 = VERTEX_POINT ( 'NONE', #6118 ) ;
#4517 = VECTOR ( 'NONE', #4561, 1000.000000000000000 ) ;
#4518 = CARTESIAN_POINT ( 'NONE',  ( -4.807396522367748837, -37.55361987662642775, 47.33733273946257469 ) ) ;
#4519 = EDGE_LOOP ( 'NONE', ( #4549, #6232, #5860, #6396 ) ) ;
#4520 = DIRECTION ( 'NONE',  ( 1.000000000000000000, 0.000000000000000000, 0.000000000000000000 ) ) ;
#4521 = CARTESIAN_POINT ( 'NONE',  ( 3.265987202574514914, -33.64183894487069892, 5.000000000000000000 ) ) ;
#4522 = VECTOR ( 'NONE', #4254, 1000.000000000000000 ) ;
#4523 = CARTESIAN_POINT ( 'NONE',  ( 14.88064891463602990, 34.81311868548453248, 152.2617536907359295 ) ) ;
#4524 = CARTESIAN_POINT ( 'NONE',  ( -4.519637805342617831, -37.58928042106234813, 150.6045046294451595 ) ) ;
#4525 = LINE ( 'NONE', #270, #5557 ) ;
#4526 = EDGE_CURVE ( 'NONE', #3589, #3621, #6788, .T. ) ;
#4527 = VERTEX_POINT ( 'NONE', #1871 ) ;
#4528 = CARTESIAN_POINT ( 'NONE',  ( 12.19999999999999574, 33.49982358402804294, 119.5000000000000000 ) ) ;
#4529 = VERTEX_POINT ( 'NONE', #6228 ) ;
#4530 = DIRECTION ( 'NONE',  ( 1.000000000000000000, 0.000000000000000000, 0.000000000000000000 ) ) ;
#4531 = CARTESIAN_POINT ( 'NONE',  ( -12.20000000000010942, 33.49982358402804294, 147.8999999999997783 ) ) ;
#4532 = ORIENTED_EDGE ( 'NONE', *, *, #3457, .T. ) ;
#4533 = ADVANCED_FACE ( 'NONE', ( #5599 ), #1500, .T. ) ;
#4534 = LINE ( 'NONE', #426, #4047 ) ;
#4535 = CARTESIAN_POINT ( 'NONE',  ( -4.450000000000000178, -34.29999999999999716, 188.0000000000000000 ) ) ;
#4536 = CARTESIAN_POINT ( 'NONE',  ( -15.69237908486685207, 30.49982358402804294, 170.4999999999999716 ) ) ;
#4537 = EDGE_LOOP ( 'NONE', ( #723, #4641, #5566, #6819, #5052 ) ) ;
#4538 = CARTESIAN_POINT ( 'NONE',  ( 7.500011671745328456, -29.49982358402804294, 152.5999999999999659 ) ) ;
#4539 = CARTESIAN_POINT ( 'NONE',  ( -15.03859380392668754, 34.74518228524761554, 118.5085612473030068 ) ) ;
#4540 = CARTESIAN_POINT ( 'NONE',  ( -23.73057117962473939, -29.49982358402804294, 188.0000000000000000 ) ) ;
#4541 = DIRECTION ( 'NONE',  ( -0.000000000000000000, -0.000000000000000000, -1.000000000000000000 ) ) ;
#4542 = CARTESIAN_POINT ( 'NONE',  ( -8.821440082798764237, -36.81841432348581122, 48.70024840072470340 ) ) ;
#4543 = FACE_OUTER_BOUND ( 'NONE', #1405, .T. ) ;
#4544 = DIRECTION ( 'NONE',  ( 0.000000000000000000, 0.000000000000000000, -1.000000000000000000 ) ) ;
#4545 = APPROVAL ( #1552, 'Coincident' ) ;
#4546 = CARTESIAN_POINT ( 'NONE',  ( 10.21412202993599649, 32.74389301365576443, 151.1728991884523623 ) ) ;
#4547 = ORIENTED_EDGE ( 'NONE', *, *, #4658, .T. ) ;
#4548 = CARTESIAN_POINT ( 'NONE',  ( -4.500114523322227278, -37.59160237722840492, 46.19855387017106096 ) ) ;
#4549 = ORIENTED_EDGE ( 'NONE', *, *, #1986, .F. ) ;
#4550 = CARTESIAN_POINT ( 'NONE',  ( -9.219946157114211616, 36.72021091768912981, 151.2995525665296839 ) ) ;
#4551 = DIRECTION ( 'NONE',  ( 1.000000000000000000, 0.000000000000000000, 0.000000000000000000 ) ) ;
#4552 = DIRECTION ( 'NONE',  ( 1.000000000000000000, 0.000000000000000000, 0.000000000000000000 ) ) ;
#4553 = CARTESIAN_POINT ( 'NONE',  ( -5.526877616082781053, -37.45467969409280329, 153.2683105062981213 ) ) ;
#4554 = EDGE_CURVE ( 'NONE', #3130, #3175, #5637, .T. ) ;
#4555 = DIRECTION ( 'NONE',  ( 0.000000000000000000, 1.000000000000000000, 0.000000000000000000 ) ) ;
#4556 = VECTOR ( 'NONE', #5034, 1000.000000000000000 ) ;
#4557 = ORIENTED_EDGE ( 'NONE', *, *, #3751, .T. ) ;
#4558 = CYLINDRICAL_SURFACE ( 'NONE', #3615, 2.000000000000001776 ) ;
#4559 = ORIENTED_EDGE ( 'NONE', *, *, #1769, .F. ) ;
#4560 = CARTESIAN_POINT ( 'NONE',  ( -17.50001167174533023, 29.49982358402804294, 188.0000000000000000 ) ) ;
#4561 = DIRECTION ( 'NONE',  ( -5.150515019224750132E-16, 1.000000000000000000, 0.000000000000000000 ) ) ;
#4562 = EDGE_CURVE ( 'NONE', #6327, #3108, #3953, .T. ) ;
#4563 = ORIENTED_EDGE ( 'NONE', *, *, #4569, .F. ) ;
#4564 = ORIENTED_EDGE ( 'NONE', *, *, #126, .F. ) ;
#4565 = DIRECTION ( 'NONE',  ( 1.000000000000000000, 0.000000000000000000, 0.000000000000000000 ) ) ;
#4566 = FACE_OUTER_BOUND ( 'NONE', #1186, .T. ) ;
#4567 = AXIS2_PLACEMENT_3D ( 'NONE', #6315, #1059, #1547 ) ;
#4568 = DIRECTION ( 'NONE',  ( -1.000000000000000000, 0.000000000000000000, -0.000000000000000000 ) ) ;
#4569 = EDGE_CURVE ( 'NONE', #2282, #1645, #5085, .T. ) ;
#4570 = ORIENTED_EDGE ( 'NONE', *, *, #1284, .F. ) ;
#4571 = VERTEX_POINT ( 'NONE', #2915 ) ;
#4572 = CARTESIAN_POINT ( 'NONE',  ( 0.000000000000000000, 0.000000000000000000, 188.0000000000000000 ) ) ;
#4573 = CARTESIAN_POINT ( 'NONE',  ( -14.42621436140429303, 35.00409311346874119, 121.5202773019286298 ) ) ;
#4574 = CARTESIAN_POINT ( 'NONE',  ( 7.890465925131527669, -37.02915081526514740, 153.9807866915254806 ) ) ;
#4575 = CARTESIAN_POINT ( 'NONE',  ( -11.57570063155847784, 32.28790943784798628, 121.4043850784481293 ) ) ;
#4576 = DATE_AND_TIME ( #4062, #6849 ) ;
#4577 = DIRECTION ( 'NONE',  ( 0.000000000000000000, -1.000000000000000000, 0.000000000000000000 ) ) ;
#4578 = EDGE_CURVE ( 'NONE', #5585, #6006, #6722, .T. ) ;
#4579 = CARTESIAN_POINT ( 'NONE',  ( 21.50000000000000000, 0.000000000000000000, 170.4999999999999716 ) ) ;
#4580 = CARTESIAN_POINT ( 'NONE',  ( 10.47618938900235719, 32.66107235898018502, 149.8772675896801161 ) ) ;
#4581 = EDGE_LOOP ( 'NONE', ( #2220, #3165 ) ) ;
#4582 = CARTESIAN_POINT ( 'NONE',  ( 18.80164692323851483, 32.86215026400864758, 94.76846238166541525 ) ) ;
#4583 = ORIENTED_EDGE ( 'NONE', *, *, #3757, .T. ) ;
#4584 = DIRECTION ( 'NONE',  ( 0.000000000000000000, 0.000000000000000000, -1.000000000000000000 ) ) ;
#4585 = VECTOR ( 'NONE', #2870, 1000.000000000000000 ) ;
#4586 = CARTESIAN_POINT ( 'NONE',  ( 7.500011671745328456, -44.49982358402804294, 150.9999999999999716 ) ) ;
#4587 = CARTESIAN_POINT ( 'NONE',  ( -19.85000000000000142, 32.23906171091233830, 88.84999999999993747 ) ) ;
#4588 = CARTESIAN_POINT ( 'NONE',  ( -4.499909631513411057, -37.59162690439018206, 150.8045664085340434 ) ) ;
#4589 = AXIS2_PLACEMENT_3D ( 'NONE', #4021, #2896, #3462 ) ;
#4590 = FACE_OUTER_BOUND ( 'NONE', #1526, .T. ) ;
#4591 = VERTEX_POINT ( 'NONE', #6753 ) ;
#4592 = CARTESIAN_POINT ( 'NONE',  ( 7.108924448824055276, -37.18873471569850153, 153.9999999999999716 ) ) ;
#4593 = ORIENTED_EDGE ( 'NONE', *, *, #5668, .F. ) ;
#4594 = CARTESIAN_POINT ( 'NONE',  ( 0.000000000000000000, 0.000000000000000000, 170.4999999999999716 ) ) ;
#4595 = CARTESIAN_POINT ( 'NONE',  ( -7.500011671745328456, -37.10969448707032114, 42.99999999999997158 ) ) ;
#4596 = AXIS2_PLACEMENT_3D ( 'NONE', #3453, #1908, #807 ) ;
#4597 = EDGE_CURVE ( 'NONE', #2440, #6267, #5116, .T. ) ;
#4598 = EDGE_CURVE ( 'NONE', #1609, #6418, #6498, .T. ) ;
#4599 = VERTEX_POINT ( 'NONE', #3521 ) ;
#4600 = B_SPLINE_CURVE_WITH_KNOTS ( 'NONE', 3,
 ( #6207, #3497, #1444, #5170, #6243, #3573, #3042, #2523, #5616, #923, #4655, #1993, #1481, #5727, #3610, #3082, #5208, #4060, #4690, #1520, #322, #6282, #3649, #3115, #5243, #853, #5097, #4575, #1919, #4792, #2097, #4856 ),
 .UNSPECIFIED., .F., .F.,
 ( 4, 2, 2, 2, 2, 2, 2, 2, 2, 2, 2, 2, 2, 2, 2, 4 ),
 ( 3.469446951953614189E-18, 0.0008046709143990852641, 0.001207006371598626053, 0.001609341828798167059, 0.002011677285997708065, 0.002414012743197248637, 0.002816348200396789642, 0.003218683657596330648, 0.003621019114795871654, 0.004023354571995412660, 0.004425690029194953232, 0.004828025486394493804, 0.005230360943594035243, 0.005632696400793575815, 0.006035031857993117255, 0.006437367315192657827 ),
 .UNSPECIFIED. ) ;
#4601 = EDGE_LOOP ( 'NONE', ( #4179, #4980, #2000, #1981 ) ) ;
#4602 = AXIS2_PLACEMENT_3D ( 'NONE', #3776, #2658, #6874 ) ;
#4603 = FACE_OUTER_BOUND ( 'NONE', #2468, .T. ) ;
#4604 = LINE ( 'NONE', #6123, #929 ) ;
#4605 = ORIENTED_EDGE ( 'NONE', *, *, #1879, .F. ) ;
#4606 = LINE ( 'NONE', #6652, #4501 ) ;
#4607 = EDGE_CURVE ( 'NONE', #5886, #1755, #1716, .T. ) ;
#4608 = EDGE_CURVE ( 'NONE', #3485, #4232, #6711, .T. ) ;
#4609 = VECTOR ( 'NONE', #4314, 1000.000000000000000 ) ;
#4610 = ORIENTED_EDGE ( 'NONE', *, *, #2237, .F. ) ;
#4611 = ORIENTED_EDGE ( 'NONE', *, *, #3711, .F. ) ;
#4612 = DIRECTION ( 'NONE',  ( -0.000000000000000000, -0.000000000000000000, -1.000000000000000000 ) ) ;
#4613 = CARTESIAN_POINT ( 'NONE',  ( -15.03403762249163833, 34.74715343899313069, 120.5039479981511192 ) ) ;
#4614 = PLANE ( 'NONE',  #4589 ) ;
#4615 = LINE ( 'NONE', #437, #3381 ) ;
#4616 = EDGE_CURVE ( 'NONE', #5036, #3966, #4743, .T. ) ;
#4617 = AXIS2_PLACEMENT_3D ( 'NONE', #2058, #3673, #4230 ) ;
#4618 = LINE ( 'NONE', #2867, #6728 ) ;
#4619 = CIRCLE ( 'NONE', #1616, 1.199999999999999734 ) ;
#4620 = CARTESIAN_POINT ( 'NONE',  ( 13.14544720291873681, 35.50511224343500771, 122.3535937641530182 ) ) ;
#4621 = FACE_OUTER_BOUND ( 'NONE', #1058, .T. ) ;
#4622 = VERTEX_POINT ( 'NONE', #421 ) ;
#4623 = CARTESIAN_POINT ( 'NONE',  ( 0.000000000000000000, 0.000000000000000000, 188.0000000000000000 ) ) ;
#4624 = EDGE_LOOP ( 'NONE', ( #6534, #3604, #3333, #118 ) ) ;
#4625 = CARTESIAN_POINT ( 'NONE',  ( 0.000000000000000000, 27.79982358402804365, 0.000000000000000000 ) ) ;
#4626 = AXIS2_PLACEMENT_3D ( 'NONE', #6261, #4251, #5745 ) ;
#4627 = DIRECTION ( 'NONE',  ( -1.000000000000000000, 0.000000000000000000, 0.000000000000000000 ) ) ;
#4628 = DIRECTION ( 'NONE',  ( 0.000000000000000000, 1.000000000000000000, -0.000000000000000000 ) ) ;
#4629 = AXIS2_PLACEMENT_3D ( 'NONE', #1132, #5413, #2759 ) ;
#4630 = CARTESIAN_POINT ( 'NONE',  ( -6.729025553291383410, -37.25771620857918975, 148.0942575318596255 ) ) ;
#4631 = CIRCLE ( 'NONE', #4959, 3.000000000000002665 ) ;
#4632 = CARTESIAN_POINT ( 'NONE',  ( 0.000000000000000000, -29.49982358402804294, 64.00000000000001421 ) ) ;
#4633 = VERTEX_POINT ( 'NONE', #4637 ) ;
#4634 = DIRECTION ( 'NONE',  ( 0.000000000000000000, 0.000000000000000000, -1.000000000000000000 ) ) ;
#4635 = CARTESIAN_POINT ( 'NONE',  ( -3.250000000000000000, -34.29999999999999716, 188.0000000000000000 ) ) ;
#4636 = ORIENTED_EDGE ( 'NONE', *, *, #1593, .T. ) ;
#4637 = CARTESIAN_POINT ( 'NONE',  ( 12.19999999999988738, 35.84047432721860815, 153.8999999999999488 ) ) ;
#4638 = DIRECTION ( 'NONE',  ( 0.000000000000000000, 0.000000000000000000, 1.000000000000000000 ) ) ;
#4639 = AXIS2_PLACEMENT_3D ( 'NONE', #5512, #1786, #1851 ) ;
#4640 = EDGE_CURVE ( 'NONE', #2850, #4366, #4504, .T. ) ;
#4641 = ORIENTED_EDGE ( 'NONE', *, *, #2817, .T. ) ;
#4642 = ORIENTED_EDGE ( 'NONE', *, *, #1617, .F. ) ;
#4643 = CARTESIAN_POINT ( 'NONE',  ( 12.19999999999999574, 33.49982358402804294, 119.5000000000000000 ) ) ;
#4644 = ADVANCED_FACE ( 'NONE', ( #2677 ), #5224, .F. ) ;
#4645 = CARTESIAN_POINT ( 'NONE',  ( 0.000000000000000000, 0.000000000000000000, 163.0000000000000000 ) ) ;
#4646 = ADVANCED_FACE ( 'NONE', ( #1602 ), #4317, .F. ) ;
#4647 = EDGE_LOOP ( 'NONE', ( #6150, #176, #3815, #2610 ) ) ;
#4648 = CARTESIAN_POINT ( 'NONE',  ( -1.949449338866589724E-13, 34.29999999999999716, 183.0000000000000000 ) ) ;
#4649 = EDGE_LOOP ( 'NONE', ( #5462, #3617, #1402, #1641 ) ) ;
#4650 = ORIENTED_EDGE ( 'NONE', *, *, #646, .F. ) ;
#4651 = FACE_OUTER_BOUND ( 'NONE', #6085, .T. ) ;
#4652 = LINE ( 'NONE', #5761, #1741 ) ;
#4653 = ADVANCED_FACE ( 'NONE', ( #6366 ), #3666, .T. ) ;
#4654 = DIRECTION ( 'NONE',  ( 0.000000000000000000, -0.000000000000000000, -1.000000000000000000 ) ) ;
#4655 = CARTESIAN_POINT ( 'NONE',  ( -10.41382377168073248, 32.68096244959789232, 118.5904000813829668 ) ) ;
#4656 = DATE_TIME_ROLE ( 'classification_date' ) ;
#4657 = CYLINDRICAL_SURFACE ( 'NONE', #5509, 1.599999999999990319 ) ;
#4658 = EDGE_CURVE ( 'NONE', #5454, #6407, #490, .T. ) ;
#4659 = LINE ( 'NONE', #3576, #2322 ) ;
#4660 = CYLINDRICAL_SURFACE ( 'NONE', #5575, 2.000000000000001776 ) ;
#4661 = ORIENTED_EDGE ( 'NONE', *, *, #6306, .F. ) ;
#4662 = CARTESIAN_POINT ( 'NONE',  ( 3.265987202574514914, 33.64183894487069892, 188.0000000000000000 ) ) ;
#4663 = VERTEX_POINT ( 'NONE', #2646 ) ;
#4664 = CARTESIAN_POINT ( 'NONE',  ( 7.500011671745328456, -29.49982358402804294, 47.59999999999997300 ) ) ;
#4665 = EDGE_CURVE ( 'NONE', #3520, #6050, #2115, .T. ) ;
#4666 = CARTESIAN_POINT ( 'NONE',  ( 12.58605257482711437, 35.70729383841869975, 153.8812269510361546 ) ) ;
#4667 = DIRECTION ( 'NONE',  ( 0.000000000000000000, 1.000000000000000000, 0.000000000000000000 ) ) ;
#4668 = CARTESIAN_POINT ( 'NONE',  ( 21.50000000000000000, 0.000000000000000000, 96.49999999999998579 ) ) ;
#4669 = EDGE_LOOP ( 'NONE', ( #3197, #2424, #3393, #6579 ) ) ;
#4670 = CARTESIAN_POINT ( 'NONE',  ( -7.694563431458783853, -37.07037482980076248, 147.9999999999999716 ) ) ;
#4671 = DIRECTION ( 'NONE',  ( -0.000000000000000000, -0.000000000000000000, -1.000000000000000000 ) ) ;
#4672 = VECTOR ( 'NONE', #2710, 1000.000000000000000 ) ;
#4673 = ORIENTED_EDGE ( 'NONE', *, *, #6268, .F. ) ;
#4674 = CARTESIAN_POINT ( 'NONE',  ( 0.000000000000000000, 0.000000000000000000, 0.000000000000000000 ) ) ;
#4675 = DIRECTION ( 'NONE',  ( 1.000000000000000000, 0.000000000000000000, 0.000000000000000000 ) ) ;
#4676 = AXIS2_PLACEMENT_3D ( 'NONE', #116, #5519, #2835 ) ;
#4677 = ORIENTED_EDGE ( 'NONE', *, *, #3970, .F. ) ;
#4678 = ORIENTED_EDGE ( 'NONE', *, *, #6403, .F. ) ;
#4679 = CARTESIAN_POINT ( 'NONE',  ( 12.32696805079233648, 32.00865999122859762, 152.9000000000000057 ) ) ;
#4680 = CARTESIAN_POINT ( 'NONE',  ( 12.58476584628109762, 35.70774191892699889, 147.9186681171793794 ) ) ;
#4681 = ORIENTED_EDGE ( 'NONE', *, *, #3244, .T. ) ;
#4682 = CARTESIAN_POINT ( 'NONE',  ( -0.000000000000000000, 29.49982358402804294, 0.000000000000000000 ) ) ;
#4683 = AXIS2_PLACEMENT_3D ( 'NONE', #1817, #3494, #4687 ) ;
#4684 = VERTEX_POINT ( 'NONE', #3734 ) ;
#4685 = ORIENTED_EDGE ( 'NONE', *, *, #5464, .T. ) ;
#4686 = VECTOR ( 'NONE', #1477, 1000.000000000000000 ) ;
#4687 = DIRECTION ( 'NONE',  ( 0.000000000000000000, 0.000000000000000000, 1.000000000000000000 ) ) ;
#4688 = CARTESIAN_POINT ( 'NONE',  ( -12.20000000000000107, 35.84047432721856552, 116.4999999999998295 ) ) ;
#4689 = CARTESIAN_POINT ( 'NONE',  ( 0.000000000000000000, 0.000000000000000000, 38.00000000000002842 ) ) ;
#4690 = CARTESIAN_POINT ( 'NONE',  ( -10.30725071493879597, 32.71473065965216875, 120.1598514678106113 ) ) ;
#4691 = APPLICATION_PROTOCOL_DEFINITION ( 'international standard', 'config_control_design', 1994, #3461 ) ;
#4692 = FACE_OUTER_BOUND ( 'NONE', #763, .T. ) ;
#4693 = EDGE_CURVE ( 'NONE', #3130, #5753, #4253, .T. ) ;
#4694 = LINE ( 'NONE', #6843, #3114 ) ;
#4695 = CARTESIAN_POINT ( 'NONE',  ( 13.98584434313094604, 13.98584434313071689, 188.0000000000000000 ) ) ;
#4696 = ORIENTED_EDGE ( 'NONE', *, *, #2037, .F. ) ;
#4697 = CARTESIAN_POINT ( 'NONE',  ( 18.27604726304722149, 33.15727549004704144, 94.58621240481217285 ) ) ;
#4698 = LINE ( 'NONE', #6777, #2947 ) ;
#4699 = EDGE_CURVE ( 'NONE', #2189, #3621, #3630, .T. ) ;
#4700 = EDGE_CURVE ( 'NONE', #972, #2289, #159, .T. ) ;
#4701 = EDGE_LOOP ( 'NONE', ( #6636, #5819, #665, #2951 ) ) ;
#4702 = CARTESIAN_POINT ( 'NONE',  ( -20.18850972800698784, 32.03011109138586932, 94.84590631067136712 ) ) ;
#4703 = DIRECTION ( 'NONE',  ( 0.7071067811865533459, 0.7071067811865417996, 0.000000000000000000 ) ) ;
#4704 = ORIENTED_EDGE ( 'NONE', *, *, #3839, .T. ) ;
#4705 = CARTESIAN_POINT ( 'NONE',  ( -10.49971867583250429, -36.37492966067980404, 150.7954250889558523 ) ) ;
#4706 = AXIS2_PLACEMENT_3D ( 'NONE', #4412, #719, #2313 ) ;
#4707 = DIRECTION ( 'NONE',  ( 1.000000000000000000, 0.000000000000000000, 0.000000000000000000 ) ) ;
#4708 = ORIENTED_EDGE ( 'NONE', *, *, #646, .T. ) ;
#4709 = DIRECTION ( 'NONE',  ( -0.000000000000000000, 0.000000000000000000, 1.000000000000000000 ) ) ;
#4710 = EDGE_CURVE ( 'NONE', #1262, #5005, #2266, .T. ) ;
#4711 = DIRECTION ( 'NONE',  ( 1.000000000000000000, 0.000000000000000000, 0.000000000000000000 ) ) ;
#4712 = AXIS2_PLACEMENT_3D ( 'NONE', #3289, #2864, #4365 ) ;
#4713 = ORIENTED_EDGE ( 'NONE', *, *, #3736, .T. ) ;
#4714 = ORIENTED_EDGE ( 'NONE', *, *, #2648, .F. ) ;
#4715 = CARTESIAN_POINT ( 'NONE',  ( -3.101721574042660468, -31.94979379083876125, 188.0000000000000000 ) ) ;
#4716 = CARTESIAN_POINT ( 'NONE',  ( 13.14439265493056475, 35.50550726395838552, 148.0459991653279133 ) ) ;
#4717 = VERTEX_POINT ( 'NONE', #982 ) ;
#4718 = FACE_OUTER_BOUND ( 'NONE', #3656, .T. ) ;
#4719 = AXIS2_PLACEMENT_3D ( 'NONE', #3248, #2333, #4916 ) ;
#4720 = ORIENTED_EDGE ( 'NONE', *, *, #1422, .F. ) ;
#4721 = EDGE_LOOP ( 'NONE', ( #1387, #3568, #308, #6358 ) ) ;
#4722 = CARTESIAN_POINT ( 'NONE',  ( 6.397958626452089978E-15, -34.29999999999999716, 183.0000000000000000 ) ) ;
#4723 = CARTESIAN_POINT ( 'NONE',  ( 12.19999999999999574, 43.49982358402805005, 119.5000000000000000 ) ) ;
#4724 = CARTESIAN_POINT ( 'NONE',  ( 7.500011671745328456, -39.49982358402804294, 150.9999999999999716 ) ) ;
#4725 = PLANE ( 'NONE',  #381 ) ;
#4726 = CARTESIAN_POINT ( 'NONE',  ( 0.000000000000000000, 0.000000000000000000, 0.000000000000000000 ) ) ;
#4727 = CARTESIAN_POINT ( 'NONE',  ( 9.469191858868935441, -36.65699210166126676, 43.72814763725088483 ) ) ;
#4728 = VECTOR ( 'NONE', #5812, 1000.000000000000000 ) ;
#4729 = DIRECTION ( 'NONE',  ( 1.000000000000000000, 0.000000000000000000, 0.000000000000000000 ) ) ;
#4730 = CIRCLE ( 'NONE', #3620, 1.699999999999977529 ) ;
#4731 = CARTESIAN_POINT ( 'NONE',  ( -13.98584434313094782, 13.98584434313071867, 183.0000000000000000 ) ) ;
#4732 = ORIENTED_EDGE ( 'NONE', *, *, #94, .T. ) ;
#4733 = CARTESIAN_POINT ( 'NONE',  ( 5.829330599566602267, 0.000000000000000000, 183.0000000000000000 ) ) ;
#4734 = EDGE_CURVE ( 'NONE', #3290, #3407, #5588, .T. ) ;
#4735 = EDGE_CURVE ( 'NONE', #5486, #3274, #5423, .T. ) ;
#4736 = FACE_BOUND ( 'NONE', #6798, .T. ) ;
#4737 = AXIS2_PLACEMENT_3D ( 'NONE', #4674, #4041, #1466 ) ;
#4738 = VERTEX_POINT ( 'NONE', #623 ) ;
#4739 = CARTESIAN_POINT ( 'NONE',  ( -23.00000000000000000, 27.79982358402804365, 96.00000000000000000 ) ) ;
#4740 = DIRECTION ( 'NONE',  ( -0.000000000000000000, 0.000000000000000000, 1.000000000000000000 ) ) ;
#4741 = VECTOR ( 'NONE', #4107, 1000.000000000000000 ) ;
#4742 = VERTEX_POINT ( 'NONE', #2770 ) ;
#4743 = CIRCLE ( 'NONE', #4391, 1.649999999999998579 ) ;
#4744 = CARTESIAN_POINT ( 'NONE',  ( -8.821440082798762461, -36.81841432348581122, 153.7002484007247176 ) ) ;
#4745 = CYLINDRICAL_SURFACE ( 'NONE', #5844, 3.000000000000002665 ) ;
#4746 = ORIENTED_EDGE ( 'NONE', *, *, #1593, .F. ) ;
#4747 = CARTESIAN_POINT ( 'NONE',  ( -21.31317723295341793, 31.29144217237433878, 37.32327529915908571 ) ) ;
#4748 = CARTESIAN_POINT ( 'NONE',  ( -12.20000000000000107, 35.84047432721856552, 116.4999999999998295 ) ) ;
#4749 = VECTOR ( 'NONE', #1311, 1000.000000000000000 ) ;
#4750 = ORIENTED_EDGE ( 'NONE', *, *, #2126, .F. ) ;
#4751 = ADVANCED_FACE ( 'NONE', ( #158, #4483, #2874, #196, #4346, #1695 ), #3931, .T. ) ;
#4752 = ORIENTED_EDGE ( 'NONE', *, *, #1226, .F. ) ;
#4753 = CARTESIAN_POINT ( 'NONE',  ( -16.98412536343293766, 33.83665299108656654, 33.81300362600231324 ) ) ;
#4754 = DIRECTION ( 'NONE',  ( 0.000000000000000000, -1.000000000000000000, 0.000000000000000000 ) ) ;
#4755 = ORIENTED_EDGE ( 'NONE', *, *, #3208, .T. ) ;
#4756 = DIRECTION ( 'NONE',  ( -0.000000000000000000, 0.000000000000000000, 1.000000000000000000 ) ) ;
#4757 = ORIENTED_EDGE ( 'NONE', *, *, #3674, .T. ) ;
#4758 = EDGE_CURVE ( 'NONE', #4055, #752, #4619, .T. ) ;
#4759 = AXIS2_PLACEMENT_3D ( 'NONE', #2352, #334, #4627 ) ;
#4760 = CARTESIAN_POINT ( 'NONE',  ( -0.000000000000000000, -29.49982358402804294, 140.0000000000000000 ) ) ;
#4761 = CARTESIAN_POINT ( 'NONE',  ( -14.09153468401320985, 31.27174519607266845, 150.2364263801054278 ) ) ;
#4762 = CARTESIAN_POINT ( 'NONE',  ( 7.500011671745327568, -37.10969448707032114, 147.9999999999999716 ) ) ;
#4763 = CARTESIAN_POINT ( 'NONE',  ( -22.59135028247235866, 30.38139233054294408, 33.43242038164217433 ) ) ;
#4764 = DIRECTION ( 'NONE',  ( -1.000000000000000000, 0.000000000000000000, 0.000000000000000000 ) ) ;
#4765 = CARTESIAN_POINT ( 'NONE',  ( 5.829330599566602267, 33.80101928582860182, 188.0000000000000000 ) ) ;
#4766 = ORIENTED_EDGE ( 'NONE', *, *, #1551, .F. ) ;
#4767 = DIRECTION ( 'NONE',  ( -1.000000000000000000, -0.000000000000000000, 0.000000000000000000 ) ) ;
#4768 = DIRECTION ( 'NONE',  ( 1.000000000000000000, 0.000000000000000000, 0.000000000000000000 ) ) ;
#4769 = ORIENTED_EDGE ( 'NONE', *, *, #1539, .T. ) ;
#4770 = EDGE_CURVE ( 'NONE', #4273, #5139, #2283, .T. ) ;
#4771 = DIRECTION ( 'NONE',  ( -0.000000000000000000, 0.000000000000000000, 1.000000000000000000 ) ) ;
#4772 = CARTESIAN_POINT ( 'NONE',  ( -19.84999999999999787, 27.79982358402804365, 91.84999999999999432 ) ) ;
#4773 = ORIENTED_EDGE ( 'NONE', *, *, #6268, .T. ) ;
#4774 = DIRECTION ( 'NONE',  ( -0.000000000000000000, -0.000000000000000000, -1.000000000000000000 ) ) ;
#4775 = DIRECTION ( 'NONE',  ( -0.000000000000000000, -0.000000000000000000, -1.000000000000000000 ) ) ;
#4776 = VERTEX_POINT ( 'NONE', #687 ) ;
#4777 = CARTESIAN_POINT ( 'NONE',  ( 0.000000000000000000, -30.49982358402804294, 64.00000000000001421 ) ) ;
#4778 = CYLINDRICAL_SURFACE ( 'NONE', #848, 32.10000000000000142 ) ;
#4779 = ADVANCED_FACE ( 'NONE', ( #6464 ), #3369, .T. ) ;
#4780 = CARTESIAN_POINT ( 'NONE',  ( -3.250000000000001332, 34.29999999999999716, 188.0000000000000000 ) ) ;
#4781 = EDGE_LOOP ( 'NONE', ( #28, #3070 ) ) ;
#4782 = CARTESIAN_POINT ( 'NONE',  ( -17.53932909709314458, 33.55240791952460455, 32.77941053367468527 ) ) ;
#4783 = DIRECTION ( 'NONE',  ( 1.000000000000000000, 0.000000000000000000, 0.000000000000000000 ) ) ;
#4784 = VERTEX_POINT ( 'NONE', #3898 ) ;
#4785 = CARTESIAN_POINT ( 'NONE',  ( -5.829330599566600490, -33.80101928582859472, 38.00000000000002842 ) ) ;
#4786 = EDGE_CURVE ( 'NONE', #6485, #1838, #699, .T. ) ;
#4787 = EDGE_LOOP ( 'NONE', ( #2461, #1470 ) ) ;
#4788 = LINE ( 'NONE', #4760, #6000 ) ;
#4789 = CARTESIAN_POINT ( 'NONE',  ( -13.98517185470523216, 31.31945666120664740, 149.9881914351064154 ) ) ;
#4790 = CARTESIAN_POINT ( 'NONE',  ( 9.875237249487168967, -36.54958644461723338, 149.1569615810106200 ) ) ;
#4791 = AXIS2_PLACEMENT_3D ( 'NONE', #3934, #5528, #761 ) ;
#4792 = CARTESIAN_POINT ( 'NONE',  ( -11.94662752920681648, 32.15253789028790976, 121.4879355570240165 ) ) ;
#4793 = ADVANCED_FACE ( 'NONE', ( #2804, #1798, #1279 ), #3583, .T. ) ;
#4794 = AXIS2_PLACEMENT_3D ( 'NONE', #4097, #3459, #5685 ) ;
#4795 = CARTESIAN_POINT ( 'NONE',  ( 4.449999999999998401, -34.29999999999999716, 183.0000000000000000 ) ) ;
#4796 = LINE ( 'NONE', #4731, #4475 ) ;
#4797 = ORIENTED_EDGE ( 'NONE', *, *, #2416, .F. ) ;
#4798 = CARTESIAN_POINT ( 'NONE',  ( -11.81781144893205493, 35.96884618725788130, 122.4817009367558001 ) ) ;
#4799 = LINE ( 'NONE', #3658, #5620 ) ;
#4800 = ORIENTED_EDGE ( 'NONE', *, *, #3686, .T. ) ;
#4801 = CARTESIAN_POINT ( 'NONE',  ( 7.306920156173617897, -37.14871902339484677, 42.99999999999997158 ) ) ;
#4802 = DIRECTION ( 'NONE',  ( -1.000000000000000000, 0.000000000000000000, 0.000000000000000000 ) ) ;
#4803 = EDGE_LOOP ( 'NONE', ( #2776, #2758 ) ) ;
#4804 = CARTESIAN_POINT ( 'NONE',  ( -7.696953287065412930, -37.06989183081111605, 154.0000000000000000 ) ) ;
#4805 = CARTESIAN_POINT ( 'NONE',  ( 21.82139276064223665, 30.93908994128091905, 32.76525944089490849 ) ) ;
#4806 = ORIENTED_EDGE ( 'NONE', *, *, #3880, .T. ) ;
#4807 = DIRECTION ( 'NONE',  ( -1.000000000000000000, 0.000000000000000000, 0.000000000000000000 ) ) ;
#4808 = CARTESIAN_POINT ( 'NONE',  ( 3.265987202574514914, -33.64183894487069892, 143.0000000000000284 ) ) ;
#4809 = DIRECTION ( 'NONE',  ( -0.000000000000000000, -0.000000000000000000, -1.000000000000000000 ) ) ;
#4810 = VERTEX_POINT ( 'NONE', #932 ) ;
#4811 = CARTESIAN_POINT ( 'NONE',  ( 5.829330599566604931, -6.634584557488565057E-16, 183.0000000000000000 ) ) ;
#4812 = VERTEX_POINT ( 'NONE', #3051 ) ;
#4813 = DIRECTION ( 'NONE',  ( -0.000000000000000000, 0.000000000000000000, -1.000000000000000000 ) ) ;
#4814 = ADVANCED_FACE ( 'NONE', ( #6702, #4031, #5105, #413, #5660 ), #1930, .F. ) ;
#4815 = EDGE_CURVE ( 'NONE', #4434, #4742, #2382, .T. ) ;
#4816 = AXIS2_PLACEMENT_3D ( 'NONE', #485, #4740, #2641 ) ;
#4817 = ORIENTED_EDGE ( 'NONE', *, *, #2527, .T. ) ;
#4818 = EDGE_CURVE ( 'NONE', #1804, #3388, #2941, .T. ) ;
#4819 = CIRCLE ( 'NONE', #5702, 1.199999999999999734 ) ;
#4820 = DIRECTION ( 'NONE',  ( -0.000000000000000000, 0.000000000000000000, 1.000000000000000000 ) ) ;
#4821 = DIRECTION ( 'NONE',  ( 1.000000000000000000, 0.000000000000000000, 0.000000000000000000 ) ) ;
#4822 = FACE_OUTER_BOUND ( 'NONE', #3022, .T. ) ;
#4823 = AXIS2_PLACEMENT_3D ( 'NONE', #5680, #3947, #914 ) ;
#4824 = DIRECTION ( 'NONE',  ( 1.000000000000000000, 0.000000000000000000, 0.000000000000000000 ) ) ;
#4825 = EDGE_CURVE ( 'NONE', #5537, #340, #3849, .T. ) ;
#4826 = DIRECTION ( 'NONE',  ( 0.000000000000000000, -1.000000000000000000, 0.000000000000000000 ) ) ;
#4827 = VERTEX_POINT ( 'NONE', #6077 ) ;
#4828 = AXIS2_PLACEMENT_3D ( 'NONE', #913, #6122, #4565 ) ;
#4829 = CARTESIAN_POINT ( 'NONE',  ( -9.199807550975052095, 36.72523847526350949, 119.6969731810580271 ) ) ;
#4830 = CARTESIAN_POINT ( 'NONE',  ( 22.49412957817450476, 30.45319399255403070, 91.40334505086192962 ) ) ;
#4831 = VECTOR ( 'NONE', #2799, 1000.000000000000000 ) ;
#4832 = ORIENTED_EDGE ( 'NONE', *, *, #4295, .F. ) ;
#4833 = DIRECTION ( 'NONE',  ( -0.000000000000000000, -0.000000000000000000, -1.000000000000000000 ) ) ;
#4834 = DIRECTION ( 'NONE',  ( -0.000000000000000000, -0.000000000000000000, -1.000000000000000000 ) ) ;
#4835 = ORIENTED_EDGE ( 'NONE', *, *, #3877, .T. ) ;
#4836 = CARTESIAN_POINT ( 'NONE',  ( -1.650000000000212186, 34.29999999999999716, 188.0000000000000000 ) ) ;
#4837 = LINE ( 'NONE', #5453, #1516 ) ;
#4838 = EDGE_LOOP ( 'NONE', ( #4661, #5808, #6292, #6370 ) ) ;
#4839 = DIRECTION ( 'NONE',  ( -1.000000000000000000, 0.000000000000000000, 0.000000000000000000 ) ) ;
#4840 = CIRCLE ( 'NONE', #5391, 1.699999999999977751 ) ;
#4841 = DIRECTION ( 'NONE',  ( -1.000000000000000000, 0.000000000000000000, 0.000000000000000000 ) ) ;
#4842 = DIRECTION ( 'NONE',  ( -1.000000000000000000, 0.000000000000000000, 0.000000000000000000 ) ) ;
#4843 = AXIS2_PLACEMENT_3D ( 'NONE', #766, #662, #1841 ) ;
#4844 = ORIENTED_EDGE ( 'NONE', *, *, #6072, .F. ) ;
#4845 = CARTESIAN_POINT ( 'NONE',  ( -3.101721574042660468, 31.94979379083876125, 0.000000000000000000 ) ) ;
#4846 = ORIENTED_EDGE ( 'NONE', *, *, #5692, .F. ) ;
#4847 = CARTESIAN_POINT ( 'NONE',  ( -7.500011671745328456, -34.49982358402804294, 149.3999999999999773 ) ) ;
#4848 = CARTESIAN_POINT ( 'NONE',  ( 9.872828880007714858, -36.55023906371924625, 47.84622220306645346 ) ) ;
#4849 = VECTOR ( 'NONE', #5295, 1000.000000000000000 ) ;
#4850 = AXIS2_PLACEMENT_3D ( 'NONE', #1235, #1654, #4966 ) ;
#4851 = ORIENTED_EDGE ( 'NONE', *, *, #1107, .T. ) ;
#4852 = EDGE_CURVE ( 'NONE', #940, #1629, #2626, .T. ) ;
#4853 = AXIS2_PLACEMENT_3D ( 'NONE', #6153, #5638, #1467 ) ;
#4854 = CARTESIAN_POINT ( 'NONE',  ( -12.45293460813427622, 31.95985758178751368, 152.8880266273891664 ) ) ;
#4855 = CARTESIAN_POINT ( 'NONE',  ( 9.220804062633598974, 36.71999583807318146, 119.9056886342974764 ) ) ;
#4856 = CARTESIAN_POINT ( 'NONE',  ( -12.20000000000000462, 32.05698051906947654, 121.4999999999998295 ) ) ;
#4857 = VECTOR ( 'NONE', #4379, 1000.000000000000000 ) ;
#4858 = ADVANCED_FACE ( 'NONE', ( #6601 ), #333, .F. ) ;
#4859 = DIRECTION ( 'NONE',  ( 0.000000000000000000, -0.000000000000000000, -1.000000000000000000 ) ) ;
#4860 = LINE ( 'NONE', #6557, #925 ) ;
#4861 = ORIENTED_EDGE ( 'NONE', *, *, #6805, .T. ) ;
#4862 = CARTESIAN_POINT ( 'NONE',  ( -9.299832711561979437, 36.70006006148520328, 120.2933428382442287 ) ) ;
#4863 = DIRECTION ( 'NONE',  ( 0.000000000000000000, 0.000000000000000000, -1.000000000000000000 ) ) ;
#4864 = EDGE_CURVE ( 'NONE', #3414, #878, #1455, .T. ) ;
#4865 = ORIENTED_EDGE ( 'NONE', *, *, #4237, .F. ) ;
#4866 = CARTESIAN_POINT ( 'NONE',  ( 5.118993140623780747, -37.51250113548019982, 47.83559964160416911 ) ) ;
#4867 = CARTESIAN_POINT ( 'NONE',  ( 3.101721574042646701, -31.94979379083875415, 188.0000000000000000 ) ) ;
#4868 = EDGE_LOOP ( 'NONE', ( #104, #537, #5223, #6117 ) ) ;
#4869 = CARTESIAN_POINT ( 'NONE',  ( 0.000000000000000000, 0.000000000000000000, 24.99999999999999289 ) ) ;
#4870 = CARTESIAN_POINT ( 'NONE',  ( 6.397958626452089978E-15, -34.29999999999999716, 183.0000000000000000 ) ) ;
#4871 = ORIENTED_EDGE ( 'NONE', *, *, #4699, .F. ) ;
#4872 = CARTESIAN_POINT ( 'NONE',  ( 10.47618938900246377, 32.66107235898014949, 118.4772675896801104 ) ) ;
#4873 = DIRECTION ( 'NONE',  ( -0.000000000000000000, -0.000000000000000000, -1.000000000000000000 ) ) ;
#4874 = EDGE_CURVE ( 'NONE', #5646, #1840, #6216, .T. ) ;
#4875 = VERTEX_POINT ( 'NONE', #5554 ) ;
#4876 = EDGE_LOOP ( 'NONE', ( #2812, #1256, #4502, #5756 ) ) ;
#4877 = CARTESIAN_POINT ( 'NONE',  ( 5.829330599566602267, -33.80101928582859472, 25.00000000000000000 ) ) ;
#4878 = VERTEX_POINT ( 'NONE', #862 ) ;
#4879 = FACE_OUTER_BOUND ( 'NONE', #4497, .T. ) ;
#4880 = CARTESIAN_POINT ( 'NONE',  ( 7.500011671745327568, -37.10969448707032114, 48.99999999999997868 ) ) ;
#4881 = VERTEX_POINT ( 'NONE', #790 ) ;
#4882 = CARTESIAN_POINT ( 'NONE',  ( -14.78463189990924853, 34.85411097057892960, 149.3641388705227655 ) ) ;
#4883 = FACE_OUTER_BOUND ( 'NONE', #1099, .T. ) ;
#4884 = PLANE ( 'NONE',  #6275 ) ;
#4885 = VECTOR ( 'NONE', #3798, 1000.000000000000000 ) ;
#4886 = AXIS2_PLACEMENT_3D ( 'NONE', #2899, #1340, #926 ) ;
#4887 = DIRECTION ( 'NONE',  ( 0.000000000000000000, 1.000000000000000000, 0.000000000000000000 ) ) ;
#4888 = CARTESIAN_POINT ( 'NONE',  ( 0.000000000000000000, 0.000000000000000000, 5.000000000000000000 ) ) ;
#4889 = B_SPLINE_CURVE_WITH_KNOTS ( 'NONE', 3,
 ( #3505, #5177, #971, #858, #5070, #6632, #5136, #6738, #1857, #5732, #6104, #3991, #3577, #4546, #4139, #6212, #328, #1999, #1926, #1486, #4580, #5693, #1341, #408, #3468, #5584, #823, #1376, #2528, #6663 ),
 .UNSPECIFIED., .F., .F.,
 ( 4, 2, 2, 2, 2, 2, 2, 2, 2, 2, 2, 2, 2, 2, 4 ),
 ( 0.006504334963486802998, 0.006906214222093790336, 0.007308093480700777675, 0.007709972739307765013, 0.008111851997914752352, 0.008915610515128678457, 0.009317489773735606814, 0.009719369032342533438, 0.01012124829094946180, 0.01052312754955639015, 0.01092500680816331851, 0.01132688606677024513, 0.01172876532537717349, 0.01213064458398410185, 0.01293440310119798632 ),
 .UNSPECIFIED. ) ;
#4890 = ORIENTED_EDGE ( 'NONE', *, *, #1354, .T. ) ;
#4891 = CARTESIAN_POINT ( 'NONE',  ( 7.500011671745327568, -37.10969448707032114, 42.99999999999996447 ) ) ;
#4892 = CARTESIAN_POINT ( 'NONE',  ( 21.68798944000186779, 31.03288987268117438, 89.76755898159863989 ) ) ;
#4893 = EDGE_CURVE ( 'NONE', #5929, #532, #2099, .T. ) ;
#4894 = AXIS2_PLACEMENT_3D ( 'NONE', #2094, #3712, #6765 ) ;
#4895 = ORIENTED_EDGE ( 'NONE', *, *, #5883, .F. ) ;
#4896 = CARTESIAN_POINT ( 'NONE',  ( 5.676670271137859380, -37.43237256780697919, 48.39042045171984086 ) ) ;
#4897 = DIRECTION ( 'NONE',  ( -0.000000000000000000, -1.000000000000000000, -0.000000000000000000 ) ) ;
#4898 = VECTOR ( 'NONE', #4203, 1000.000000000000000 ) ;
#4899 = EDGE_CURVE ( 'NONE', #429, #3485, #6253, .T. ) ;
#4900 = ORIENTED_EDGE ( 'NONE', *, *, #3757, .F. ) ;
#4901 = CARTESIAN_POINT ( 'NONE',  ( 13.98584434313093361, -13.98584434313062985, 188.0000000000000000 ) ) ;
#4902 = CARTESIAN_POINT ( 'NONE',  ( -7.500011671745328456, -37.10969448707032114, 48.99999999999997158 ) ) ;
#4903 = ORIENTED_EDGE ( 'NONE', *, *, #5239, .F. ) ;
#4904 = CARTESIAN_POINT ( 'NONE',  ( 11.00746137943964165, 32.48598324750673072, 121.1108118867862657 ) ) ;
#4905 = DIRECTION ( 'NONE',  ( -0.000000000000000000, -0.000000000000000000, -1.000000000000000000 ) ) ;
#4906 = DIRECTION ( 'NONE',  ( 1.000000000000000000, 0.000000000000000000, 0.000000000000000000 ) ) ;
#4907 = DIRECTION ( 'NONE',  ( -0.000000000000000000, 0.000000000000000000, 1.000000000000000000 ) ) ;
#4908 = EDGE_CURVE ( 'NONE', #3799, #4095, #1943, .T. ) ;
#4909 = ORIENTED_EDGE ( 'NONE', *, *, #3674, .F. ) ;
#4910 = CARTESIAN_POINT ( 'NONE',  ( 7.114645192500688609, -37.18600987768112986, 148.0184671302222625 ) ) ;
#4911 = ORIENTED_EDGE ( 'NONE', *, *, #3195, .F. ) ;
#4912 = DIRECTION ( 'NONE',  ( -0.000000000000000000, -1.000000000000000000, -0.000000000000000000 ) ) ;
#4913 = CARTESIAN_POINT ( 'NONE',  ( -3.101721574042660912, -31.94979379083876836, 5.000000000000000000 ) ) ;
#4914 = ORIENTED_EDGE ( 'NONE', *, *, #1414, .F. ) ;
#4915 = CARTESIAN_POINT ( 'NONE',  ( 14.12971570005603716, 31.25447274687939014, 150.3572224779037754 ) ) ;
#4916 = DIRECTION ( 'NONE',  ( 0.000000000000000000, 0.000000000000000000, -1.000000000000000000 ) ) ;
#4917 = DIRECTION ( 'NONE',  ( -1.000000000000000000, 0.000000000000000000, 0.000000000000000000 ) ) ;
#4918 = CIRCLE ( 'NONE', #5698, 1.200000000000000178 ) ;
#4919 = ORIENTED_EDGE ( 'NONE', *, *, #2375, .F. ) ;
#4920 = CARTESIAN_POINT ( 'NONE',  ( 21.50000000000000000, 29.49982358402804294, 96.49999999999998579 ) ) ;
#4921 = CARTESIAN_POINT ( 'NONE',  ( -10.19983537390043260, 32.74833367326672828, 151.0317652068151801 ) ) ;
#4922 = CARTESIAN_POINT ( 'NONE',  ( 0.000000000000000000, 0.000000000000000000, 188.0000000000000000 ) ) ;
#4923 = VERTEX_POINT ( 'NONE', #2566 ) ;
#4924 = CARTESIAN_POINT ( 'NONE',  ( -5.829330599566602267, 37.40853518598355976, 183.0000000000000000 ) ) ;
#4925 = CARTESIAN_POINT ( 'NONE',  ( 7.500011671745328456, -44.49982358402804294, 147.9999999999999716 ) ) ;
#4926 = AXIS2_PLACEMENT_3D ( 'NONE', #5044, #3585, #335 ) ;
#4927 = ORIENTED_EDGE ( 'NONE', *, *, #2593, .T. ) ;
#4928 = CARTESIAN_POINT ( 'NONE',  ( 13.50207224059055733, 35.37103546049887370, 116.7904232560639173 ) ) ;
#4929 = AXIS2_PLACEMENT_3D ( 'NONE', #3740, #5856, #1090 ) ;
#4930 = ADVANCED_FACE ( 'NONE', ( #1101 ), #2074, .F. ) ;
#4931 = PLANE ( 'NONE',  #4261 ) ;
#4932 = EDGE_CURVE ( 'NONE', #4434, #347, #4698, .T. ) ;
#4933 = ORIENTED_EDGE ( 'NONE', *, *, #3653, .T. ) ;
#4934 = DIRECTION ( 'NONE',  ( 0.000000000000000000, 0.000000000000000000, -1.000000000000000000 ) ) ;
#4935 = CARTESIAN_POINT ( 'NONE',  ( 22.34097877688450495, 30.56585408863521280, 35.74184464549591667 ) ) ;
#4936 = ORIENTED_EDGE ( 'NONE', *, *, #1584, .F. ) ;
#4937 = DIRECTION ( 'NONE',  ( 1.000000000000000000, 0.000000000000000000, 0.000000000000000000 ) ) ;
#4938 = CARTESIAN_POINT ( 'NONE',  ( 5.829330599566576510, 3.002405480509394540E-15, 143.0000000000000284 ) ) ;
#4939 = AXIS2_PLACEMENT_3D ( 'NONE', #1763, #2705, #6099 ) ;
#4940 = CARTESIAN_POINT ( 'NONE',  ( 23.00000000000000000, 27.79982358402804365, 30.40000000000000924 ) ) ;
#4941 = ADVANCED_FACE ( 'NONE', ( #1625 ), #6811, .F. ) ;
#4942 = DIRECTION ( 'NONE',  ( -0.000000000000000000, -1.000000000000000000, -0.000000000000000000 ) ) ;
#4943 = ORIENTED_EDGE ( 'NONE', *, *, #5112, .F. ) ;
#4944 = AXIS2_PLACEMENT_3D ( 'NONE', #1673, #3179, #5364 ) ;
#4945 = DIRECTION ( 'NONE',  ( -0.000000000000000000, -0.000000000000000000, -1.000000000000000000 ) ) ;
#4946 = ORIENTED_EDGE ( 'NONE', *, *, #1088, .F. ) ;
#4947 = CARTESIAN_POINT ( 'NONE',  ( -17.50001167174533023, 29.49982358402804294, 188.0000000000000000 ) ) ;
#4948 = DIRECTION ( 'NONE',  ( 0.000000000000000000, 0.000000000000000000, -1.000000000000000000 ) ) ;
#4949 = EDGE_CURVE ( 'NONE', #3274, #5879, #4512, .T. ) ;
#4950 = VECTOR ( 'NONE', #6472, 1000.000000000000000 ) ;
#4951 = VERTEX_POINT ( 'NONE', #5735 ) ;
#4952 = ORIENTED_EDGE ( 'NONE', *, *, #2256, .F. ) ;
#4953 = CARTESIAN_POINT ( 'NONE',  ( 12.82654749145183537, 31.81172751459929060, 152.8036007240024503 ) ) ;
#4954 = CARTESIAN_POINT ( 'NONE',  ( 9.962104369716715979, 36.52611917617942083, 117.4923830561568820 ) ) ;
#4955 = AXIS2_PLACEMENT_3D ( 'NONE', #2011, #1534, #4151 ) ;
#4956 = CARTESIAN_POINT ( 'NONE',  ( -3.250000000000000000, -34.29999999999999716, 0.000000000000000000 ) ) ;
#4957 = AXIS2_PLACEMENT_3D ( 'NONE', #4625, #5181, #2976 ) ;
#4958 = ADVANCED_FACE ( 'NONE', ( #2039 ), #3756, .F. ) ;
#4959 = AXIS2_PLACEMENT_3D ( 'NONE', #206, #697, #3874 ) ;
#4960 = ORIENTED_EDGE ( 'NONE', *, *, #2439, .T. ) ;
#4961 = PLANE ( 'NONE',  #2215 ) ;
#4962 = CARTESIAN_POINT ( 'NONE',  ( -11.22362074674177990, 32.41193344990864489, 149.1497762193144752 ) ) ;
#4963 = LINE ( 'NONE', #186, #5919 ) ;
#4964 = ORIENTED_EDGE ( 'NONE', *, *, #4241, .T. ) ;
#4965 = CARTESIAN_POINT ( 'NONE',  ( -10.09701275881725024, -36.48894279015436126, 47.51469269072077140 ) ) ;
#4966 = DIRECTION ( 'NONE',  ( 0.000000000000000000, 0.000000000000000000, -1.000000000000000000 ) ) ;
#4967 = AXIS2_PLACEMENT_3D ( 'NONE', #5424, #5488, #6010 ) ;
#4968 = EDGE_LOOP ( 'NONE', ( #1651, #1216, #3069, #535, #2050, #4720, #6065, #3758, #2529, #5604, #2991, #598 ) ) ;
#4969 = DIRECTION ( 'NONE',  ( -0.000000000000000000, -0.000000000000000000, -1.000000000000000000 ) ) ;
#4970 = AXIS2_PLACEMENT_3D ( 'NONE', #6729, #4098, #6205 ) ;
#4971 = DIRECTION ( 'NONE',  ( 1.000000000000000000, 0.000000000000000000, 0.000000000000000000 ) ) ;
#4972 = ORIENTED_EDGE ( 'NONE', *, *, #6512, .F. ) ;
#4973 = LINE ( 'NONE', #3964, #3632 ) ;
#4974 = ORIENTED_EDGE ( 'NONE', *, *, #5692, .T. ) ;
#4975 = CARTESIAN_POINT ( 'NONE',  ( 11.94601722982519298, 32.15363933552569620, 117.5000000000000142 ) ) ;
#4976 = DIRECTION ( 'NONE',  ( 0.000000000000000000, 0.000000000000000000, -1.000000000000000000 ) ) ;
#4977 = EDGE_CURVE ( 'NONE', #2249, #2741, #3691, .T. ) ;
#4978 = FACE_OUTER_BOUND ( 'NONE', #1310, .T. ) ;
#4979 = CARTESIAN_POINT ( 'NONE',  ( -12.20000000000000284, 30.49982358402804294, 121.4999999999998295 ) ) ;
#4980 = ORIENTED_EDGE ( 'NONE', *, *, #6383, .T. ) ;
#4981 = CARTESIAN_POINT ( 'NONE',  ( 4.468068730591639337, -32.43975741685360248, 188.0000000000000000 ) ) ;
#4982 = EDGE_LOOP ( 'NONE', ( #151, #4140, #4217, #4345 ) ) ;
#4983 = DIRECTION ( 'NONE',  ( 1.000000000000000000, 0.000000000000000000, 0.000000000000000000 ) ) ;
#4984 = DIRECTION ( 'NONE',  ( 0.7071067811865398012, 0.7071067811865552333, 0.000000000000000000 ) ) ;
#4985 = EDGE_CURVE ( 'NONE', #3945, #787, #4799, .T. ) ;
#4986 = ORIENTED_EDGE ( 'NONE', *, *, #6602, .F. ) ;
#4987 = ORIENTED_EDGE ( 'NONE', *, *, #3160, .F. ) ;
#4988 = CYLINDRICAL_SURFACE ( 'NONE', #3821, 1.200000000000000178 ) ;
#4989 = CARTESIAN_POINT ( 'NONE',  ( -5.829330599566601379, -37.40853518598355265, 183.0000000000000000 ) ) ;
#4990 = LINE ( 'NONE', #4465, #5728 ) ;
#4991 = EDGE_CURVE ( 'NONE', #1083, #3823, #2105, .T. ) ;
#4992 = ORIENTED_EDGE ( 'NONE', *, *, #113, .T. ) ;
#4993 = CARTESIAN_POINT ( 'NONE',  ( -12.20000000000000284, 33.49982358402804294, 119.4999999999998295 ) ) ;
#4994 = LINE ( 'NONE', #6522, #5078 ) ;
#4995 = DIRECTION ( 'NONE',  ( -1.000000000000000000, 0.000000000000000000, 0.000000000000000000 ) ) ;
#4996 = AXIS2_PLACEMENT_3D ( 'NONE', #4780, #494, #589 ) ;
#4997 = ADVANCED_FACE ( 'NONE', ( #1528 ), #4213, .F. ) ;
#4998 = ORIENTED_EDGE ( 'NONE', *, *, #1956, .T. ) ;
#4999 = DIRECTION ( 'NONE',  ( 1.000000000000000000, 0.000000000000000000, 0.000000000000000000 ) ) ;
#5000 = DIRECTION ( 'NONE',  ( -0.000000000000000000, -1.000000000000000000, -0.000000000000000000 ) ) ;
#5001 = VECTOR ( 'NONE', #5621, 1000.000000000000000 ) ;
#5002 = ORIENTED_EDGE ( 'NONE', *, *, #3456, .T. ) ;
#5003 = CARTESIAN_POINT ( 'NONE',  ( 14.77895793981177341, 34.85651686207511801, 117.9547710436200134 ) ) ;
#5004 = CARTESIAN_POINT ( 'NONE',  ( 0.000000000000000000, 30.29982358402804010, 0.000000000000000000 ) ) ;
#5005 = VERTEX_POINT ( 'NONE', #4664 ) ;
#5006 = DIRECTION ( 'NONE',  ( 0.000000000000000000, 1.000000000000000000, 0.000000000000000000 ) ) ;
#5007 = ORIENTED_EDGE ( 'NONE', *, *, #46, .T. ) ;
#5008 = DIRECTION ( 'NONE',  ( 0.000000000000000000, 1.000000000000000000, 0.000000000000000000 ) ) ;
#5009 = CARTESIAN_POINT ( 'NONE',  ( -12.20000000000011298, 35.84047432721853710, 147.8999999999997783 ) ) ;
#5010 = CIRCLE ( 'NONE', #6005, 1.200000000000000178 ) ;
#5011 = CYLINDRICAL_SURFACE ( 'NONE', #2878, 1.599999999999990319 ) ;
#5012 = CARTESIAN_POINT ( 'NONE',  ( 0.000000000000000000, 0.000000000000000000, 188.0000000000000000 ) ) ;
#5013 = EDGE_LOOP ( 'NONE', ( #4068, #2624, #463, #2093 ) ) ;
#5014 = CARTESIAN_POINT ( 'NONE',  ( -3.265987202574514914, -33.64183894487069892, 143.0000000000000284 ) ) ;
#5015 = EDGE_LOOP ( 'NONE', ( #4992, #1395, #3255, #83 ) ) ;
#5016 = FACE_OUTER_BOUND ( 'NONE', #6156, .T. ) ;
#5017 = DIRECTION ( 'NONE',  ( 0.000000000000000000, 0.000000000000000000, -1.000000000000000000 ) ) ;
#5018 = VERTEX_POINT ( 'NONE', #5871 ) ;
#5019 = ORIENTED_EDGE ( 'NONE', *, *, #3456, .F. ) ;
#5020 = CARTESIAN_POINT ( 'NONE',  ( -12.20000000000010942, 35.84047432721853710, 153.8999999999997783 ) ) ;
#5021 = ADVANCED_FACE ( 'NONE', ( #5249, #479, #4736, #6848 ), #6326, .T. ) ;
#5022 = CARTESIAN_POINT ( 'NONE',  ( 21.50000000000000000, 29.49982358402804294, 170.4999999999999716 ) ) ;
#5023 = EDGE_CURVE ( 'NONE', #675, #2440, #277, .T. ) ;
#5024 = CARTESIAN_POINT ( 'NONE',  ( -17.50001167174533023, -29.49982358402804294, 140.0000000000000000 ) ) ;
#5025 = ORIENTED_EDGE ( 'NONE', *, *, #4237, .T. ) ;
#5026 = LINE ( 'NONE', #2442, #2885 ) ;
#5027 = CIRCLE ( 'NONE', #6246, 34.29999999999999716 ) ;
#5028 = LINE ( 'NONE', #6589, #2956 ) ;
#5029 = FACE_OUTER_BOUND ( 'NONE', #6002, .T. ) ;
#5030 = CARTESIAN_POINT ( 'NONE',  ( -9.321256757493031841, -36.69498867866966663, 48.39198364324492019 ) ) ;
#5031 = DIRECTION ( 'NONE',  ( 0.000000000000000000, 0.000000000000000000, -1.000000000000000000 ) ) ;
#5032 = CIRCLE ( 'NONE', #1912, 37.86000000000017707 ) ;
#5033 = EDGE_CURVE ( 'NONE', #3458, #3035, #3356, .T. ) ;
#5034 = DIRECTION ( 'NONE',  ( 0.000000000000000000, -1.000000000000000000, 0.000000000000000000 ) ) ;
#5035 = CARTESIAN_POINT ( 'NONE',  ( 17.50001167174533023, 29.49982358402804294, 188.0000000000000000 ) ) ;
#5036 = VERTEX_POINT ( 'NONE', #6032 ) ;
#5037 = AXIS2_PLACEMENT_3D ( 'NONE', #1054, #4754, #5821 ) ;
#5038 = CARTESIAN_POINT ( 'NONE',  ( -4.655921846403512809, -37.57270044755377825, 46.97457081019457092 ) ) ;
#5039 = ORIENTED_EDGE ( 'NONE', *, *, #6350, .F. ) ;
#5040 = CARTESIAN_POINT ( 'NONE',  ( -10.89935591828438710, 36.25767486177964116, 148.1896702296433261 ) ) ;
#5041 = DIRECTION ( 'NONE',  ( -0.000000000000000000, -0.000000000000000000, 1.000000000000000000 ) ) ;
#5042 = EDGE_CURVE ( 'NONE', #6365, #1237, #53, .T. ) ;
#5043 = CIRCLE ( 'NONE', #4823, 34.29999999999999716 ) ;
#5044 = CARTESIAN_POINT ( 'NONE',  ( -13.98584434313094604, 13.98584434313071689, 188.0000000000000000 ) ) ;
#5045 = CARTESIAN_POINT ( 'NONE',  ( -16.98412536343293766, 33.83665299108656654, 33.81300362600231324 ) ) ;
#5046 = CARTESIAN_POINT ( 'NONE',  ( 9.613310170931583798, 36.61936080227118140, 152.4326610631082701 ) ) ;
#5047 = VERTEX_POINT ( 'NONE', #2698 ) ;
#5048 = DIRECTION ( 'NONE',  ( 0.000000000000000000, 0.000000000000000000, 1.000000000000000000 ) ) ;
#5049 = EDGE_LOOP ( 'NONE', ( #2393, #3727, #647, #6545 ) ) ;
#5050 = CARTESIAN_POINT ( 'NONE',  ( -7.500011671745328456, -34.49982358402804294, 45.99999999999997158 ) ) ;
#5051 = CARTESIAN_POINT ( 'NONE',  ( -12.20000000000010942, 33.49982358402804294, 150.8999999999997783 ) ) ;
#5052 = ORIENTED_EDGE ( 'NONE', *, *, #1001, .T. ) ;
#5053 = AXIS2_PLACEMENT_3D ( 'NONE', #2044, #4250, #979 ) ;
#5054 = DIRECTION ( 'NONE',  ( -0.7071067811865416886, 0.7071067811865532349, 0.000000000000000000 ) ) ;
#5055 = LINE ( 'NONE', #2888, #3605 ) ;
#5056 = CARTESIAN_POINT ( 'NONE',  ( 19.15764628156019356, 32.65797038743760794, 31.70000000000000639 ) ) ;
#5057 = AXIS2_PLACEMENT_3D ( 'NONE', #5798, #6381, #2660 ) ;
#5058 = CC_DESIGN_PERSON_AND_ORGANIZATION_ASSIGNMENT ( #6694, #2030, ( #3008 ) ) ;
#5059 = ORIENTED_EDGE ( 'NONE', *, *, #4818, .T. ) ;
#5060 = CARTESIAN_POINT ( 'NONE',  ( 1.650000000000023892, -34.29999999999999716, 188.0000000000000000 ) ) ;
#5061 = VECTOR ( 'NONE', #2575, 1000.000000000000000 ) ;
#5062 = CARTESIAN_POINT ( 'NONE',  ( -7.500011671745328456, -37.10969448707032114, 48.99999999999997158 ) ) ;
#5063 = CARTESIAN_POINT ( 'NONE',  ( 7.500011671745328456, -34.49982358402804294, 45.99999999999997158 ) ) ;
#5064 = CARTESIAN_POINT ( 'NONE',  ( -2.050000000000001599, 34.29999999999999716, 188.0000000000000000 ) ) ;
#5065 = CARTESIAN_POINT ( 'NONE',  ( 17.50001167174533023, -29.49982358402804294, 140.0000000000000000 ) ) ;
#5066 = CARTESIAN_POINT ( 'NONE',  ( 23.73057117962473939, -29.49982358402804294, 188.0000000000000000 ) ) ;
#5067 = AXIS2_PLACEMENT_3D ( 'NONE', #1202, #5445, #2173 ) ;
#5068 = EDGE_CURVE ( 'NONE', #6267, #1135, #1175, .T. ) ;
#5069 = CARTESIAN_POINT ( 'NONE',  ( 12.19999999999988738, 32.05698051906951207, 148.8999999999999488 ) ) ;
#5070 = CARTESIAN_POINT ( 'NONE',  ( 11.57619860482719787, 32.28772788344867450, 152.8044931199949303 ) ) ;
#5071 = ORIENTED_EDGE ( 'NONE', *, *, #5409, .T. ) ;
#5072 = AXIS2_PLACEMENT_3D ( 'NONE', #3135, #5881, #2678 ) ;
#5073 = DIRECTION ( 'NONE',  ( -0.000000000000000000, 0.000000000000000000, 1.000000000000000000 ) ) ;
#5074 = EDGE_LOOP ( 'NONE', ( #1576, #209 ) ) ;
#5075 = CARTESIAN_POINT ( 'NONE',  ( -9.360835125491664854, 36.68461275185774184, 149.9106925446773459 ) ) ;
#5076 = EDGE_CURVE ( 'NONE', #386, #5302, #2506, .T. ) ;
#5077 = CARTESIAN_POINT ( 'NONE',  ( -7.500011671745328456, -44.49982358402804294, 45.99999999999997158 ) ) ;
#5078 = VECTOR ( 'NONE', #2340, 1000.000000000000000 ) ;
#5079 = CARTESIAN_POINT ( 'NONE',  ( 7.500011671745328456, -34.49982358402804294, 150.9999999999999716 ) ) ;
#5080 = LINE ( 'NONE', #5594, #2768 ) ;
#5081 = CARTESIAN_POINT ( 'NONE',  ( 11.43273683968584109, 36.09447729942495897, 147.9743651090183221 ) ) ;
#5082 = ORIENTED_EDGE ( 'NONE', *, *, #5926, .T. ) ;
#5083 = CARTESIAN_POINT ( 'NONE',  ( 13.98262945437848614, 31.32059179508509672, 118.5833792375290585 ) ) ;
#5084 = ORIENTED_EDGE ( 'NONE', *, *, #1662, .F. ) ;
#5085 = LINE ( 'NONE', #5673, #6842 ) ;
#5086 = EDGE_CURVE ( 'NONE', #5879, #5714, #6527, .T. ) ;
#5087 = DIRECTION ( 'NONE',  ( 1.000000000000000000, 0.000000000000000000, 0.000000000000000000 ) ) ;
#5088 = VERTEX_POINT ( 'NONE', #3888 ) ;
#5089 = ORIENTED_EDGE ( 'NONE', *, *, #5262, .T. ) ;
#5090 = CARTESIAN_POINT ( 'NONE',  ( 12.19999999999988738, 33.49982358402804294, 148.8999999999999488 ) ) ;
#5091 = CARTESIAN_POINT ( 'NONE',  ( 0.000000000000000000, -34.49982358402804294, 0.000000000000000000 ) ) ;
#5092 = DIRECTION ( 'NONE',  ( 0.7071067811865416886, 0.7071067811865532349, 0.000000000000000000 ) ) ;
#5093 = ORIENTED_EDGE ( 'NONE', *, *, #5711, .F. ) ;
#5094 = CARTESIAN_POINT ( 'NONE',  ( 4.468068730591642890, -32.43975741685359537, 58.00000000000002132 ) ) ;
#5095 = CARTESIAN_POINT ( 'NONE',  ( -12.96408132691824200, 35.57179450852331115, 116.5925412043906704 ) ) ;
#5096 = CARTESIAN_POINT ( 'NONE',  ( 5.829330599566612037, 33.80101928582860182, 5.000000000000000000 ) ) ;
#5097 = CARTESIAN_POINT ( 'NONE',  ( -11.33768791823077571, 32.37225314442817847, 121.3091020153897261 ) ) ;
#5098 = DIRECTION ( 'NONE',  ( -1.000000000000000000, 0.000000000000000000, 0.000000000000000000 ) ) ;
#5099 = FACE_BOUND ( 'NONE', #3786, .T. ) ;
#5100 = CARTESIAN_POINT ( 'NONE',  ( -19.84999999999940457, 32.23906171091270068, 31.69999999999994245 ) ) ;
#5101 = ORIENTED_EDGE ( 'NONE', *, *, #5851, .T. ) ;
#5102 = DIRECTION ( 'NONE',  ( 0.000000000000000000, -0.000000000000000000, -1.000000000000000000 ) ) ;
#5103 = EDGE_CURVE ( 'NONE', #5948, #4310, #4335, .T. ) ;
#5104 = VERTEX_POINT ( 'NONE', #5999 ) ;
#5105 = FACE_BOUND ( 'NONE', #96, .T. ) ;
#5106 = CARTESIAN_POINT ( 'NONE',  ( -7.500011671745328456, -34.49982358402804294, 150.9999999999999716 ) ) ;
#5107 = DIRECTION ( 'NONE',  ( 1.000000000000000000, 0.000000000000000000, 0.000000000000000000 ) ) ;
#5108 = CARTESIAN_POINT ( 'NONE',  ( 12.19999999999988738, 43.49982358402805005, 153.8999999999999488 ) ) ;
#5109 = EDGE_CURVE ( 'NONE', #3493, #5773, #2760, .T. ) ;
#5110 = CARTESIAN_POINT ( 'NONE',  ( 15.69237908486685207, 30.49982358402804294, 96.49999999999998579 ) ) ;
#5111 = CIRCLE ( 'NONE', #3896, 3.000000000000002665 ) ;
#5112 = EDGE_CURVE ( 'NONE', #6776, #5466, #165, .T. ) ;
#5113 = EDGE_LOOP ( 'NONE', ( #2490, #5626, #4974, #1170 ) ) ;
#5114 = DIRECTION ( 'NONE',  ( 0.000000000000000000, 0.000000000000000000, -1.000000000000000000 ) ) ;
#5115 = ORIENTED_EDGE ( 'NONE', *, *, #6229, .T. ) ;
#5116 = LINE ( 'NONE', #2394, #3626 ) ;
#5117 = CARTESIAN_POINT ( 'NONE',  ( -2.050000000000001599, 34.29999999999999716, 188.0000000000000000 ) ) ;
#5118 = AXIS2_PLACEMENT_3D ( 'NONE', #6799, #3832, #6836 ) ;
#5119 = ORIENTED_EDGE ( 'NONE', *, *, #6826, .T. ) ;
#5120 = ADVANCED_FACE ( 'NONE', ( #5478 ), #3784, .F. ) ;
#5121 = EDGE_LOOP ( 'NONE', ( #3450, #1898, #4460, #1150 ) ) ;
#5122 = FACE_OUTER_BOUND ( 'NONE', #5113, .T. ) ;
#5123 = DIRECTION ( 'NONE',  ( -0.000000000000000000, -0.000000000000000000, -1.000000000000000000 ) ) ;
#5124 = AXIS2_PLACEMENT_3D ( 'NONE', #939, #450, #3057 ) ;
#5125 = ORIENTED_EDGE ( 'NONE', *, *, #1949, .F. ) ;
#5126 = CARTESIAN_POINT ( 'NONE',  ( -12.20000000000010942, 30.49982358402804294, 150.8999999999997783 ) ) ;
#5127 = ORIENTED_EDGE ( 'NONE', *, *, #1669, .F. ) ;
#5128 = ORIENTED_EDGE ( 'NONE', *, *, #6550, .T. ) ;
#5129 = CYLINDRICAL_SURFACE ( 'NONE', #3785, 37.86000000000017707 ) ;
#5130 = DIRECTION ( 'NONE',  ( -0.7071067811865416886, 0.7071067811865532349, 0.000000000000000000 ) ) ;
#5131 = CARTESIAN_POINT ( 'NONE',  ( 10.34199677091328162, -36.42017283477790812, 151.9807744281271482 ) ) ;
#5132 = LINE ( 'NONE', #360, #5600 ) ;
#5133 = DATE_AND_TIME ( #1921, #3403 ) ;
#5134 = CYLINDRICAL_SURFACE ( 'NONE', #2398, 3.000000000000002665 ) ;
#5135 = CARTESIAN_POINT ( 'NONE',  ( 13.99790070733153335, 35.17767031201128702, 121.9092933317953822 ) ) ;
#5136 = CARTESIAN_POINT ( 'NONE',  ( 11.22577410284322852, 32.41119111308742617, 152.6514985576496883 ) ) ;
#5137 = ORIENTED_EDGE ( 'NONE', *, *, #1446, .T. ) ;
#5138 = DIRECTION ( 'NONE',  ( 1.000000000000000000, -2.925022541443934832E-16, 0.000000000000000000 ) ) ;
#5139 = VERTEX_POINT ( 'NONE', #6560 ) ;
#5140 = CARTESIAN_POINT ( 'NONE',  ( 3.249999999999998668, -34.29999999999999716, 0.000000000000000000 ) ) ;
#5141 = FACE_BOUND ( 'NONE', #635, .T. ) ;
#5142 = CARTESIAN_POINT ( 'NONE',  ( -18.26293444093317220, 33.16423633076662014, 89.29928710279683912 ) ) ;
#5143 = EDGE_CURVE ( 'NONE', #5483, #3819, #189, .T. ) ;
#5144 = EDGE_CURVE ( 'NONE', #3481, #4273, #2063, .T. ) ;
#5145 = CARTESIAN_POINT ( 'NONE',  ( -4.807396522367748837, -37.55361987662642775, 152.3373327394625676 ) ) ;
#5146 = AXIS2_PLACEMENT_3D ( 'NONE', #1369, #1957, #2444 ) ;
#5147 = DIRECTION ( 'NONE',  ( -0.000000000000000000, -0.000000000000000000, 1.000000000000000000 ) ) ;
#5148 = ORIENTED_EDGE ( 'NONE', *, *, #682, .T. ) ;
#5149 = CARTESIAN_POINT ( 'NONE',  ( 14.08898824038515052, 31.27289253035435479, 118.8294145680845446 ) ) ;
#5150 = DIRECTION ( 'NONE',  ( 1.000000000000000000, 0.000000000000000000, 0.000000000000000000 ) ) ;
#5151 = ORIENTED_EDGE ( 'NONE', *, *, #3788, .T. ) ;
#5152 = CARTESIAN_POINT ( 'NONE',  ( 0.000000000000000000, 0.000000000000000000, 0.000000000000000000 ) ) ;
#5153 = CARTESIAN_POINT ( 'NONE',  ( 4.450000000000000178, 34.29999999999999716, 188.0000000000000000 ) ) ;
#5154 = AXIS2_PLACEMENT_3D ( 'NONE', #1028, #2028, #5828 ) ;
#5155 = EDGE_CURVE ( 'NONE', #4158, #4406, #6592, .T. ) ;
#5156 = ORIENTED_EDGE ( 'NONE', *, *, #2527, .F. ) ;
#5157 = EDGE_LOOP ( 'NONE', ( #2399, #789 ) ) ;
#5158 = AXIS2_PLACEMENT_3D ( 'NONE', #1325, #2921, #2958 ) ;
#5159 = FACE_OUTER_BOUND ( 'NONE', #3354, .T. ) ;
#5160 = FACE_OUTER_BOUND ( 'NONE', #3592, .T. ) ;
#5161 = VERTEX_POINT ( 'NONE', #6173 ) ;
#5162 = DIRECTION ( 'NONE',  ( -1.000000000000000000, 0.000000000000000000, 0.000000000000000000 ) ) ;
#5163 = EDGE_CURVE ( 'NONE', #5681, #6026, #6209, .T. ) ;
#5164 = VECTOR ( 'NONE', #5670, 1000.000000000000000 ) ;
#5165 = ORIENTED_EDGE ( 'NONE', *, *, #6721, .F. ) ;
#5166 = ORIENTED_EDGE ( 'NONE', *, *, #3882, .F. ) ;
#5167 = CARTESIAN_POINT ( 'NONE',  ( 4.468068730591639337, 32.43975741685360248, 188.0000000000000000 ) ) ;
#5168 = CARTESIAN_POINT ( 'NONE',  ( -14.00860171585561886, 35.17426701378145282, 121.9246985115368602 ) ) ;
#5169 = CARTESIAN_POINT ( 'NONE',  ( 10.40054469117358771, -36.40343369148892805, 151.7919153770569665 ) ) ;
#5170 = CARTESIAN_POINT ( 'NONE',  ( -11.33750239525519454, 32.37231991548390653, 117.6909538056567754 ) ) ;
#5171 = AXIS2_PLACEMENT_3D ( 'NONE', #2404, #2785, #4917 ) ;
#5172 = COORDINATED_UNIVERSAL_TIME_OFFSET ( 10, 0, .AHEAD. ) ;
#5173 = CARTESIAN_POINT ( 'NONE',  ( 8.820178851483795768, -36.81872370507665693, 48.70096905990870084 ) ) ;
#5174 = EDGE_CURVE ( 'NONE', #526, #6469, #2968, .T. ) ;
#5175 = AXIS2_PLACEMENT_3D ( 'NONE', #2351, #1665, #4937 ) ;
#5176 = CARTESIAN_POINT ( 'NONE',  ( 15.03532193634982583, 34.74659802169916389, 118.4995383832372369 ) ) ;
#5177 = CARTESIAN_POINT ( 'NONE',  ( 12.07448167683682350, 32.10474932067820930, 152.8999999999999488 ) ) ;
#5178 = EDGE_LOOP ( 'NONE', ( #2973, #97, #69, #5 ) ) ;
#5179 = CARTESIAN_POINT ( 'NONE',  ( -7.500011671745328456, -34.49982358402804294, 153.9999999999999716 ) ) ;
#5180 = VERTEX_POINT ( 'NONE', #2933 ) ;
#5181 = DIRECTION ( 'NONE',  ( 0.000000000000000000, -1.000000000000000000, 0.000000000000000000 ) ) ;
#5182 = CIRCLE ( 'NONE', #3396, 34.29999999999999716 ) ;
#5183 = VECTOR ( 'NONE', #5580, 1000.000000000000000 ) ;
#5184 = DIRECTION ( 'NONE',  ( -0.000000000000000000, -1.000000000000000000, -0.000000000000000000 ) ) ;
#5185 = CARTESIAN_POINT ( 'NONE',  ( 14.43152899082193663, 35.00191094799995994, 152.9146835518723151 ) ) ;
#5186 = AXIS2_PLACEMENT_3D ( 'NONE', #6419, #4767, #2201 ) ;
#5187 = CYLINDRICAL_SURFACE ( 'NONE', #6895, 1.200000000000000178 ) ;
#5188 = CARTESIAN_POINT ( 'NONE',  ( -4.450000000000000178, -34.29999999999999716, 188.0000000000000000 ) ) ;
#5189 = ORIENTED_EDGE ( 'NONE', *, *, #6435, .T. ) ;
#5190 = CARTESIAN_POINT ( 'NONE',  ( 13.68392902371489050, 31.45235520768136794, 120.8472815138321721 ) ) ;
#5191 = CYLINDRICAL_SURFACE ( 'NONE', #1942, 1.200000000000000178 ) ;
#5192 = ORIENTED_EDGE ( 'NONE', *, *, #4825, .F. ) ;
#5193 = DIRECTION ( 'NONE',  ( 0.000000000000000000, 0.000000000000000000, -1.000000000000000000 ) ) ;
#5194 = DIRECTION ( 'NONE',  ( 1.000000000000000000, 0.000000000000000000, 0.000000000000000000 ) ) ;
#5195 = VERTEX_POINT ( 'NONE', #1445 ) ;
#5196 = ORIENTED_EDGE ( 'NONE', *, *, #799, .T. ) ;
#5197 = CARTESIAN_POINT ( 'NONE',  ( -12.20000000000010942, 33.49982358402804294, 150.8999999999997783 ) ) ;
#5198 = DIRECTION ( 'NONE',  ( -0.000000000000000000, 0.000000000000000000, 1.000000000000000000 ) ) ;
#5199 = ORIENTED_EDGE ( 'NONE', *, *, #1252, .T. ) ;
#5200 = CARTESIAN_POINT ( 'NONE',  ( -13.98584434313094604, 13.98584434313071689, 0.000000000000000000 ) ) ;
#5201 = EDGE_CURVE ( 'NONE', #6076, #4423, #3068, .T. ) ;
#5202 = ORIENTED_EDGE ( 'NONE', *, *, #2375, .T. ) ;
#5203 = VERTEX_POINT ( 'NONE', #1960 ) ;
#5204 = FACE_OUTER_BOUND ( 'NONE', #3088, .T. ) ;
#5205 = EDGE_CURVE ( 'NONE', #4810, #5486, #6850, .T. ) ;
#5206 = FACE_OUTER_BOUND ( 'NONE', #4455, .T. ) ;
#5207 = CARTESIAN_POINT ( 'NONE',  ( 7.891802702179153250, -37.02886955472648367, 148.0193426192188042 ) ) ;
#5208 = CARTESIAN_POINT ( 'NONE',  ( -10.21336874034320630, 32.74412771024390167, 119.7674730412935133 ) ) ;
#5209 = APPROVAL_DATE_TIME ( #438, #3144 ) ;
#5210 = CARTESIAN_POINT ( 'NONE',  ( 8.270665023076430700, -36.94608995132465878, 48.90579373604604996 ) ) ;
#5211 = PLANE ( 'NONE',  #6666 ) ;
#5212 = ADVANCED_FACE ( 'NONE', ( #854 ), #324, .F. ) ;
#5213 = FACE_OUTER_BOUND ( 'NONE', #1788, .T. ) ;
#5214 = EDGE_LOOP ( 'NONE', ( #5255, #379, #1795, #1210 ) ) ;
#5215 = CYLINDRICAL_SURFACE ( 'NONE', #163, 1.699999999999977751 ) ;
#5216 = DIRECTION ( 'NONE',  ( 0.7071067811865417996, -0.7071067811865532349, 0.000000000000000000 ) ) ;
#5217 = ORIENTED_EDGE ( 'NONE', *, *, #6347, .F. ) ;
#5218 = CARTESIAN_POINT ( 'NONE',  ( -5.248266237192598105, -37.49473441263170770, 152.9920173323966139 ) ) ;
#5219 = LINE ( 'NONE', #2042, #5793 ) ;
#5220 = ORIENTED_EDGE ( 'NONE', *, *, #2883, .F. ) ;
#5221 = CARTESIAN_POINT ( 'NONE',  ( -8.990245282272118388, -36.77748707902204472, 148.3889255995144367 ) ) ;
#5222 = DIRECTION ( 'NONE',  ( -0.000000000000000000, -0.000000000000000000, -1.000000000000000000 ) ) ;
#5223 = ORIENTED_EDGE ( 'NONE', *, *, #4786, .T. ) ;
#5224 = PLANE ( 'NONE',  #278 ) ;
#5225 = LINE ( 'NONE', #1355, #6622 ) ;
#5226 = AXIS2_PLACEMENT_3D ( 'NONE', #4772, #6329, #2737 ) ;
#5227 = AXIS2_PLACEMENT_3D ( 'NONE', #857, #4513, #1924 ) ;
#5228 = VERTEX_POINT ( 'NONE', #3989 ) ;
#5229 = ORIENTED_EDGE ( 'NONE', *, *, #6081, .F. ) ;
#5230 = CARTESIAN_POINT ( 'NONE',  ( -18.67972728963935225, 32.93133881751677450, 31.93330692839895590 ) ) ;
#5231 = PLANE ( 'NONE',  #5037 ) ;
#5232 = ORIENTED_EDGE ( 'NONE', *, *, #6687, .T. ) ;
#5233 = CARTESIAN_POINT ( 'NONE',  ( 19.52000000000059288, 35.29982358402804010, 31.69999999999999929 ) ) ;
#5234 = VECTOR ( 'NONE', #2265, 1000.000000000000000 ) ;
#5235 = ORIENTED_EDGE ( 'NONE', *, *, #4554, .F. ) ;
#5236 = EDGE_CURVE ( 'NONE', #1755, #5886, #1394, .T. ) ;
#5237 = ORIENTED_EDGE ( 'NONE', *, *, #305, .F. ) ;
#5238 = VECTOR ( 'NONE', #4834, 1000.000000000000000 ) ;
#5239 = EDGE_CURVE ( 'NONE', #2498, #3388, #2274, .T. ) ;
#5240 = CARTESIAN_POINT ( 'NONE',  ( 7.500011671745328456, -34.49982358402804294, 149.3999999999999773 ) ) ;
#5241 = CARTESIAN_POINT ( 'NONE',  ( -12.82635417793129484, 31.81180248136378097, 152.8036132976301360 ) ) ;
#5242 = DIRECTION ( 'NONE',  ( -0.000000000000000000, -0.000000000000000000, -1.000000000000000000 ) ) ;
#5243 = CARTESIAN_POINT ( 'NONE',  ( -11.00458630250714975, 32.48695469381407008, 121.1086276066145615 ) ) ;
#5244 = CARTESIAN_POINT ( 'NONE',  ( 9.749957598231272726, -36.58331574958753407, 44.00582671380388433 ) ) ;
#5245 = DIRECTION ( 'NONE',  ( 0.000000000000000000, 0.000000000000000000, 1.000000000000000000 ) ) ;
#5246 = CARTESIAN_POINT ( 'NONE',  ( 23.00000000000000000, 27.79982358402804365, 30.40000000000000924 ) ) ;
#5247 = ORIENTED_EDGE ( 'NONE', *, *, #1698, .T. ) ;
#5248 = CARTESIAN_POINT ( 'NONE',  ( 17.78361904225218382, 33.42389039845126320, 94.30383566133572515 ) ) ;
#5249 = FACE_BOUND ( 'NONE', #3382, .T. ) ;
#5250 = EDGE_CURVE ( 'NONE', #6469, #4316, #4618, .T. ) ;
#5251 = EDGE_CURVE ( 'NONE', #3945, #2289, #6734, .T. ) ;
#5252 = ORIENTED_EDGE ( 'NONE', *, *, #6779, .F. ) ;
#5253 = CARTESIAN_POINT ( 'NONE',  ( 17.50001167174533023, 29.49982358402804294, 170.4999999999999716 ) ) ;
#5254 = CARTESIAN_POINT ( 'NONE',  ( 1.650000000000023892, -34.29999999999999716, 183.0000000000000000 ) ) ;
#5255 = ORIENTED_EDGE ( 'NONE', *, *, #4607, .F. ) ;
#5256 = CARTESIAN_POINT ( 'NONE',  ( -10.09701275881725380, -36.48894279015436126, 152.5146926907207785 ) ) ;
#5257 = VECTOR ( 'NONE', #3760, 1000.000000000000000 ) ;
#5258 = CARTESIAN_POINT ( 'NONE',  ( -9.413849468914676307E-15, -32.18385272431964950, 58.00000000000002132 ) ) ;
#5259 = ORIENTED_EDGE ( 'NONE', *, *, #4025, .F. ) ;
#5260 = DIRECTION ( 'NONE',  ( 0.000000000000000000, 1.000000000000000000, -0.000000000000000000 ) ) ;
#5261 = CARTESIAN_POINT ( 'NONE',  ( -3.250000000000000000, -34.29999999999999716, 183.0000000000000000 ) ) ;
#5262 = EDGE_CURVE ( 'NONE', #420, #4316, #1304, .T. ) ;
#5263 = CIRCLE ( 'NONE', #3603, 1.199999999999999734 ) ;
#5264 = DIRECTION ( 'NONE',  ( -0.7071067811865552333, 0.7071067811865398012, 0.000000000000000000 ) ) ;
#5265 = ORIENTED_EDGE ( 'NONE', *, *, #5205, .F. ) ;
#5266 = CARTESIAN_POINT ( 'NONE',  ( 19.52000000000059288, 30.29982358402804010, 34.70000000000000284 ) ) ;
#5267 = DIRECTION ( 'NONE',  ( -0.000000000000000000, -0.000000000000000000, -1.000000000000000000 ) ) ;
#5268 = ORIENTED_EDGE ( 'NONE', *, *, #205, .F. ) ;
#5269 = CARTESIAN_POINT ( 'NONE',  ( 22.00000000000000000, 0.000000000000000000, 64.00000000000001421 ) ) ;
#5270 = AXIS2_PLACEMENT_3D ( 'NONE', #742, #6479, #1747 ) ;
#5271 = VERTEX_POINT ( 'NONE', #255 ) ;
#5272 = AXIS2_PLACEMENT_3D ( 'NONE', #1359, #2018, #389 ) ;
#5273 = CYLINDRICAL_SURFACE ( 'NONE', #4894, 1.649999999999998579 ) ;
#5274 = CARTESIAN_POINT ( 'NONE',  ( 3.265987202574514914, -33.64183894487069892, 163.0000000000000000 ) ) ;
#5275 = LINE ( 'NONE', #504, #3484 ) ;
#5276 = CARTESIAN_POINT ( 'NONE',  ( 18.62192639123219351, 32.96426366481650660, 37.56840382952858448 ) ) ;
#5277 = VECTOR ( 'NONE', #3330, 1000.000000000000000 ) ;
#5278 = APPROVAL ( #3611, 'Coincident' ) ;
#5279 = PLANE ( 'NONE',  #3442 ) ;
#5280 = AXIS2_PLACEMENT_3D ( 'NONE', #2365, #3349, #1194 ) ;
#5281 = DIRECTION ( 'NONE',  ( -0.000000000000000000, 0.000000000000000000, 1.000000000000000000 ) ) ;
#5282 = ORIENTED_EDGE ( 'NONE', *, *, #5769, .T. ) ;
#5283 = CARTESIAN_POINT ( 'NONE',  ( 16.51910635216736978, 34.06609350038957018, 91.65337046852478409 ) ) ;
#5284 = CARTESIAN_POINT ( 'NONE',  ( -11.81781144893216151, 35.96884618725784577, 153.8817009367558057 ) ) ;
#5285 = ADVANCED_FACE ( 'NONE', ( #6660 ), #3466, .F. ) ;
#5286 = AXIS2_PLACEMENT_3D ( 'NONE', #5152, #6679, #1901 ) ;
#5287 = EDGE_LOOP ( 'NONE', ( #2879, #3601 ) ) ;
#5288 = CARTESIAN_POINT ( 'NONE',  ( -3.250000000000001332, 34.29999999999999716, 188.0000000000000000 ) ) ;
#5289 = CARTESIAN_POINT ( 'NONE',  ( 5.829330599566612037, -33.80101928582860182, 38.00000000000002842 ) ) ;
#5290 = AXIS2_PLACEMENT_3D ( 'NONE', #4733, #6847, #2073 ) ;
#5291 = EDGE_CURVE ( 'NONE', #4040, #222, #224, .T. ) ;
#5292 = EDGE_LOOP ( 'NONE', ( #3951, #1831, #5536, #2296 ) ) ;
#5293 = AXIS2_PLACEMENT_3D ( 'NONE', #888, #4577, #3500 ) ;
#5294 = CARTESIAN_POINT ( 'NONE',  ( -9.749558620051519853, -36.58341506583411729, 152.9943967677108390 ) ) ;
#5295 = DIRECTION ( 'NONE',  ( 1.000000000000000000, -2.925022541443934832E-16, 0.000000000000000000 ) ) ;
#5296 = EDGE_LOOP ( 'NONE', ( #4313, #2325, #6563, #4384 ) ) ;
#5297 = CARTESIAN_POINT ( 'NONE',  ( -22.42326571091909315, 30.50550999197846025, 36.25113402927065209 ) ) ;
#5298 = CARTESIAN_POINT ( 'NONE',  ( 5.829330599566602267, 33.80101928582860182, 0.000000000000000000 ) ) ;
#5299 = AXIS2_PLACEMENT_3D ( 'NONE', #1842, #5534, #1808 ) ;
#5300 = VERTEX_POINT ( 'NONE', #3539 ) ;
#5301 = ADVANCED_FACE ( 'NONE', ( #1337 ), #5134, .F. ) ;
#5302 = VERTEX_POINT ( 'NONE', #2411 ) ;
#5303 = DIRECTION ( 'NONE',  ( -0.000000000000000000, -1.000000000000000000, -0.000000000000000000 ) ) ;
#5304 = CARTESIAN_POINT ( 'NONE',  ( -16.98412536343293766, 33.83665299108656654, 188.0000000000000000 ) ) ;
#5305 = EDGE_LOOP ( 'NONE', ( #1324, #6189, #2291, #1558 ) ) ;
#5306 = CARTESIAN_POINT ( 'NONE',  ( -13.98584434313094604, -13.98584434313071689, 188.0000000000000000 ) ) ;
#5307 = AXIS2_PLACEMENT_3D ( 'NONE', #5077, #1457, #899 ) ;
#5308 = VERTEX_POINT ( 'NONE', #1372 ) ;
#5309 = AXIS2_PLACEMENT_3D ( 'NONE', #3993, #6106, #6533 ) ;
#5310 = DIRECTION ( 'NONE',  ( 0.000000000000000000, 1.000000000000000000, -0.000000000000000000 ) ) ;
#5311 = DIRECTION ( 'NONE',  ( 0.000000000000000000, -0.000000000000000000, 1.000000000000000000 ) ) ;
#5312 = DIRECTION ( 'NONE',  ( -0.000000000000000000, 0.000000000000000000, 1.000000000000000000 ) ) ;
#5313 = CARTESIAN_POINT ( 'NONE',  ( -22.03624989340338658, 30.78706362646989803, 32.61984502205168468 ) ) ;
#5314 = CARTESIAN_POINT ( 'NONE',  ( 19.51999999999999602, 32.43993218242007259, 88.84999999999999432 ) ) ;
#5315 = CARTESIAN_POINT ( 'NONE',  ( 13.98584434313094604, 13.98584434313071689, 188.0000000000000000 ) ) ;
#5316 = ORIENTED_EDGE ( 'NONE', *, *, #5155, .F. ) ;
#5317 = CARTESIAN_POINT ( 'NONE',  ( -9.301305212265425837, 36.69968750329135787, 118.7010331276142381 ) ) ;
#5318 = DIRECTION ( 'NONE',  ( -0.000000000000000000, -0.000000000000000000, -1.000000000000000000 ) ) ;
#5319 = ORIENTED_EDGE ( 'NONE', *, *, #3251, .T. ) ;
#5320 = CARTESIAN_POINT ( 'NONE',  ( 5.829330599566606708, -33.80101928582858761, 143.0000000000000284 ) ) ;
#5321 = ADVANCED_FACE ( 'NONE', ( #4543 ), #6134, .T. ) ;
#5322 = LINE ( 'NONE', #2671, #3810 ) ;
#5323 = ADVANCED_FACE ( 'NONE', ( #4692 ), #4657, .F. ) ;
#5324 = ORIENTED_EDGE ( 'NONE', *, *, #2061, .T. ) ;
#5325 = CARTESIAN_POINT ( 'NONE',  ( -10.50029838117874093, -36.37476232220967631, 151.1958894223678271 ) ) ;
#5326 = DIRECTION ( 'NONE',  ( 0.000000000000000000, -1.000000000000000000, 0.000000000000000000 ) ) ;
#5327 = VERTEX_POINT ( 'NONE', #6804 ) ;
#5328 = CARTESIAN_POINT ( 'NONE',  ( 3.265987202574514914, -33.64183894487069892, 58.00000000000002132 ) ) ;
#5329 = DIRECTION ( 'NONE',  ( -0.000000000000000000, 0.000000000000000000, 1.000000000000000000 ) ) ;
#5330 = ADVANCED_FACE ( 'NONE', ( #6245 ), #1153, .T. ) ;
#5331 = EDGE_LOOP ( 'NONE', ( #6311, #4374, #1913, #3266 ) ) ;
#5332 = EDGE_LOOP ( 'NONE', ( #2177, #6553 ) ) ;
#5333 = CARTESIAN_POINT ( 'NONE',  ( -19.25607662033468515, 32.59774277778063833, 31.75557068953552431 ) ) ;
#5334 = ORIENTED_EDGE ( 'NONE', *, *, #6712, .F. ) ;
#5335 = DIRECTION ( 'NONE',  ( 0.7071067811865417996, -0.7071067811865532349, 0.000000000000000000 ) ) ;
#5336 = AXIS2_PLACEMENT_3D ( 'NONE', #6772, #3541, #6211 ) ;
#5337 = EDGE_CURVE ( 'NONE', #732, #957, #6853, .T. ) ;
#5338 = ORIENTED_EDGE ( 'NONE', *, *, #4157, .F. ) ;
#5339 = FACE_OUTER_BOUND ( 'NONE', #745, .T. ) ;
#5340 = CYLINDRICAL_SURFACE ( 'NONE', #2140, 1.599999999999990319 ) ;
#5341 = VECTOR ( 'NONE', #746, 1000.000000000000000 ) ;
#5342 = CARTESIAN_POINT ( 'NONE',  ( -0.000000000000000000, -29.49982358402804294, 140.0000000000000000 ) ) ;
#5343 = VECTOR ( 'NONE', #5704, 1000.000000000000000 ) ;
#5344 = DIRECTION ( 'NONE',  ( -0.000000000000000000, 0.000000000000000000, 1.000000000000000000 ) ) ;
#5345 = CARTESIAN_POINT ( 'NONE',  ( 17.50001167174533023, -29.49982358402804294, 58.00000000000002132 ) ) ;
#5346 = ORIENTED_EDGE ( 'NONE', *, *, #3208, .F. ) ;
#5347 = DIRECTION ( 'NONE',  ( 0.000000000000000000, 0.000000000000000000, -1.000000000000000000 ) ) ;
#5348 = DIRECTION ( 'NONE',  ( -0.000000000000000000, 0.000000000000000000, 1.000000000000000000 ) ) ;
#5349 = EDGE_LOOP ( 'NONE', ( #2231, #1745, #1091, #1750 ) ) ;
#5350 = CARTESIAN_POINT ( 'NONE',  ( -7.306789803144145168, -37.14874536824238049, 148.0000000000000284 ) ) ;
#5351 = DIRECTION ( 'NONE',  ( 0.000000000000000000, -1.000000000000000000, 0.000000000000000000 ) ) ;
#5352 = ORIENTED_EDGE ( 'NONE', *, *, #6481, .F. ) ;
#5353 = CARTESIAN_POINT ( 'NONE',  ( 5.829330599566602267, -33.80101928582859472, 25.00000000000000000 ) ) ;
#5354 = CARTESIAN_POINT ( 'NONE',  ( 22.05685698800564509, 30.77166762168645064, 33.08631282703555598 ) ) ;
#5355 = ORIENTED_EDGE ( 'NONE', *, *, #3448, .F. ) ;
#5356 = CARTESIAN_POINT ( 'NONE',  ( -22.33534558503185607, 30.57002251346057520, 36.38781125204067024 ) ) ;
#5357 = DIRECTION ( 'NONE',  ( 0.000000000000000000, 1.000000000000000000, 0.000000000000000000 ) ) ;
#5358 = EDGE_CURVE ( 'NONE', #1594, #431, #6841, .T. ) ;
#5359 = EDGE_CURVE ( 'NONE', #650, #4516, #4017, .T. ) ;
#5360 = DIRECTION ( 'NONE',  ( -0.000000000000000000, -0.000000000000000000, -1.000000000000000000 ) ) ;
#5361 = ORIENTED_EDGE ( 'NONE', *, *, #6377, .F. ) ;
#5362 = FACE_OUTER_BOUND ( 'NONE', #6259, .T. ) ;
#5363 = EDGE_LOOP ( 'NONE', ( #4070, #2918, #3733, #4911 ) ) ;
#5364 = DIRECTION ( 'NONE',  ( 1.000000000000000000, 0.000000000000000000, 0.000000000000000000 ) ) ;
#5365 = CARTESIAN_POINT ( 'NONE',  ( -12.20000000000000284, 33.49982358402804294, 119.4999999999998295 ) ) ;
#5366 = AXIS2_PLACEMENT_3D ( 'NONE', #3229, #3789, #3694 ) ;
#5367 = EDGE_CURVE ( 'NONE', #740, #5018, #5404, .T. ) ;
#5368 = VERTEX_POINT ( 'NONE', #4324 ) ;
#5369 = VECTOR ( 'NONE', #6878, 1000.000000000000000 ) ;
#5370 = CYLINDRICAL_SURFACE ( 'NONE', #2486, 1.200000000000000178 ) ;
#5371 = CARTESIAN_POINT ( 'NONE',  ( 10.40264112634121929, 36.40321317005749790, 121.9099499118921983 ) ) ;
#5372 = LINE ( 'NONE', #5342, #3272 ) ;
#5373 = EDGE_CURVE ( 'NONE', #4284, #6827, #2429, .T. ) ;
#5374 = AXIS2_PLACEMENT_3D ( 'NONE', #498, #5198, #2619 ) ;
#5375 = LINE ( 'NONE', #2756, #1997 ) ;
#5376 = PLANE ( 'NONE',  #2794 ) ;
#5377 = EDGE_CURVE ( 'NONE', #2729, #4310, #6511, .T. ) ;
#5378 = ORIENTED_EDGE ( 'NONE', *, *, #1538, .F. ) ;
#5379 = VECTOR ( 'NONE', #2746, 1000.000000000000000 ) ;
#5380 = CARTESIAN_POINT ( 'NONE',  ( -10.24672409602030854, 36.44729932481771328, 117.2145136946508757 ) ) ;
#5381 = CARTESIAN_POINT ( 'NONE',  ( 19.51999999999999602, 30.29982358402804010, 91.84999999999999432 ) ) ;
#5382 = CIRCLE ( 'NONE', #1709, 32.10000000000000142 ) ;
#5383 = VERTEX_POINT ( 'NONE', #6087 ) ;
#5384 = CARTESIAN_POINT ( 'NONE',  ( -7.500011671745328456, -39.49982358402804294, 150.9999999999999716 ) ) ;
#5385 = CARTESIAN_POINT ( 'NONE',  ( -5.829330599566601379, -37.40853518598355265, 5.000000000000004441 ) ) ;
#5386 = EDGE_LOOP ( 'NONE', ( #1784, #99 ) ) ;
#5387 = CARTESIAN_POINT ( 'NONE',  ( 17.50001167174533023, -29.49982358402804294, 143.0000000000000284 ) ) ;
#5388 = DIRECTION ( 'NONE',  ( 0.000000000000000000, 0.000000000000000000, -1.000000000000000000 ) ) ;
#5389 = ORIENTED_EDGE ( 'NONE', *, *, #6585, .T. ) ;
#5390 = CARTESIAN_POINT ( 'NONE',  ( 10.30974079743954164, 32.71394622269282593, 120.1668024379154360 ) ) ;
#5391 = AXIS2_PLACEMENT_3D ( 'NONE', #37, #2124, #6373 ) ;
#5392 = CARTESIAN_POINT ( 'NONE',  ( -14.18649656053320740, 31.22874001796030186, 119.2314132567108800 ) ) ;
#5393 = FACE_OUTER_BOUND ( 'NONE', #1439, .T. ) ;
#5394 = VECTOR ( 'NONE', #2292, 1000.000000000000000 ) ;
#5395 = ORIENTED_EDGE ( 'NONE', *, *, #4693, .F. ) ;
#5396 = CARTESIAN_POINT ( 'NONE',  ( 0.000000000000000000, 0.000000000000000000, 96.49999999999998579 ) ) ;
#5397 = ORIENTED_EDGE ( 'NONE', *, *, #6671, .T. ) ;
#5398 = DIRECTION ( 'NONE',  ( -0.7071067811865398012, -0.7071067811865552333, 0.000000000000000000 ) ) ;
#5399 = CARTESIAN_POINT ( 'NONE',  ( 8.458802515895479601, -36.90342137027322877, 43.15067491953963241 ) ) ;
#5400 = CIRCLE ( 'NONE', #6395, 1.199999999999999734 ) ;
#5401 = VECTOR ( 'NONE', #1968, 1000.000000000000000 ) ;
#5402 = ORIENTED_EDGE ( 'NONE', *, *, #2771, .T. ) ;
#5403 = AXIS2_PLACEMENT_3D ( 'NONE', #2866, #3465, #4999 ) ;
#5404 = CIRCLE ( 'NONE', #6175, 37.86000000000017707 ) ;
#5405 = CARTESIAN_POINT ( 'NONE',  ( -15.03859380392679235, 34.74518228524758712, 149.9085612473029698 ) ) ;
#5406 = EDGE_CURVE ( 'NONE', #1988, #1207, #767, .T. ) ;
#5407 = DIRECTION ( 'NONE',  ( -1.000000000000000000, 0.000000000000000000, 0.000000000000000000 ) ) ;
#5408 = FACE_BOUND ( 'NONE', #4803, .T. ) ;
#5409 = EDGE_CURVE ( 'NONE', #5466, #6776, #1734, .T. ) ;
#5410 = CARTESIAN_POINT ( 'NONE',  ( 12.19999999999988738, 30.49982358402804294, 150.8999999999999488 ) ) ;
#5411 = CARTESIAN_POINT ( 'NONE',  ( -19.84999999999999787, 27.79982358402804365, 90.20000000000000284 ) ) ;
#5412 = ORIENTED_EDGE ( 'NONE', *, *, #531, .T. ) ;
#5413 = DIRECTION ( 'NONE',  ( -0.000000000000000000, 0.000000000000000000, 1.000000000000000000 ) ) ;
#5414 = CARTESIAN_POINT ( 'NONE',  ( 21.26399742293191153, 31.32505876877519313, 94.29828708065890908 ) ) ;
#5415 = EDGE_CURVE ( 'NONE', #5738, #1138, #3516, .T. ) ;
#5416 = ORIENTED_EDGE ( 'NONE', *, *, #6034, .T. ) ;
#5417 = CARTESIAN_POINT ( 'NONE',  ( 7.500011671745327568, -37.10969448707032114, 48.99999999999997868 ) ) ;
#5418 = DIRECTION ( 'NONE',  ( 1.000000000000000000, 0.000000000000000000, 0.000000000000000000 ) ) ;
#5419 = ORIENTED_EDGE ( 'NONE', *, *, #640, .T. ) ;
#5420 = DIRECTION ( 'NONE',  ( 0.000000000000000000, 0.000000000000000000, -1.000000000000000000 ) ) ;
#5421 = DIRECTION ( 'NONE',  ( 0.000000000000000000, -0.000000000000000000, -1.000000000000000000 ) ) ;
#5422 = ORIENTED_EDGE ( 'NONE', *, *, #2098, .T. ) ;
#5423 = LINE ( 'NONE', #654, #3738 ) ;
#5424 = CARTESIAN_POINT ( 'NONE',  ( 7.500011671745328456, -34.49982358402804294, 45.99999999999997158 ) ) ;
#5425 = DIRECTION ( 'NONE',  ( 0.000000000000000000, 0.000000000000000000, -1.000000000000000000 ) ) ;
#5426 = DIRECTION ( 'NONE',  ( 1.000000000000000000, 0.000000000000000000, 0.000000000000000000 ) ) ;
#5427 = ORIENTED_EDGE ( 'NONE', *, *, #2692, .F. ) ;
#5428 = LINE ( 'NONE', #2290, #3726 ) ;
#5429 = ORIENTED_EDGE ( 'NONE', *, *, #3581, .F. ) ;
#5430 = CARTESIAN_POINT ( 'NONE',  ( 19.51999999999999602, 27.79982358402804365, 90.20000000000000284 ) ) ;
#5431 = CARTESIAN_POINT ( 'NONE',  ( 7.891802702179151474, -37.02886955472648367, 43.01934261921883973 ) ) ;
#5432 = ORIENTED_EDGE ( 'NONE', *, *, #1677, .T. ) ;
#5433 = CARTESIAN_POINT ( 'NONE',  ( 13.06336517501441996, 31.71521692489419308, 149.0914036878048421 ) ) ;
#5434 = CARTESIAN_POINT ( 'NONE',  ( 9.219785631593845565, 36.72025071557382603, 119.1022617580604646 ) ) ;
#5435 = CARTESIAN_POINT ( 'NONE',  ( 17.19446571849581673, 33.73050845328410929, 32.79404399592723962 ) ) ;
#5436 = EDGE_CURVE ( 'NONE', #6879, #6451, #276, .T. ) ;
#5437 = EDGE_CURVE ( 'NONE', #131, #1844, #663, .T. ) ;
#5438 = VERTEX_POINT ( 'NONE', #4494 ) ;
#5439 = AXIS2_PLACEMENT_3D ( 'NONE', #5288, #4833, #6852 ) ;
#5440 = DIRECTION ( 'NONE',  ( -0.000000000000000000, -0.000000000000000000, -1.000000000000000000 ) ) ;
#5441 = CARTESIAN_POINT ( 'NONE',  ( -16.98412536343293766, 33.83665299108656654, 188.0000000000000000 ) ) ;
#5442 = CARTESIAN_POINT ( 'NONE',  ( 4.468068730591639337, -32.43975741685360248, 0.000000000000000000 ) ) ;
#5443 = ORIENTED_EDGE ( 'NONE', *, *, #1749, .F. ) ;
#5444 = CARTESIAN_POINT ( 'NONE',  ( 5.829330599566612037, 33.80101928582860182, 183.0000000000000000 ) ) ;
#5445 = DIRECTION ( 'NONE',  ( 0.000000000000000000, -1.000000000000000000, 0.000000000000000000 ) ) ;
#5446 = AXIS2_PLACEMENT_3D ( 'NONE', #5945, #3146, #959 ) ;
#5447 = EDGE_LOOP ( 'NONE', ( #1598, #734, #3294, #1379 ) ) ;
#5448 = CARTESIAN_POINT ( 'NONE',  ( 12.58476584628120065, 35.70774191892696336, 116.5186681171794447 ) ) ;
#5449 = DIRECTION ( 'NONE',  ( 0.000000000000000000, -1.000000000000000000, 0.000000000000000000 ) ) ;
#5450 = AXIS2_PLACEMENT_3D ( 'NONE', #5529, #2911, #4420 ) ;
#5451 = VERTEX_POINT ( 'NONE', #5951 ) ;
#5452 = CARTESIAN_POINT ( 'NONE',  ( -19.84999999999940457, 27.79982358402804365, 36.35000000000000142 ) ) ;
#5453 = CARTESIAN_POINT ( 'NONE',  ( 13.98584434313094604, 13.98584434313071689, 0.000000000000000000 ) ) ;
#5454 = VERTEX_POINT ( 'NONE', #3838 ) ;
#5455 = DIRECTION ( 'NONE',  ( -0.000000000000000000, -0.000000000000000000, 1.000000000000000000 ) ) ;
#5456 = EDGE_CURVE ( 'NONE', #931, #2148, #4297, .T. ) ;
#5457 = DIRECTION ( 'NONE',  ( 0.000000000000000000, -1.000000000000000000, 0.000000000000000000 ) ) ;
#5458 = CYLINDRICAL_SURFACE ( 'NONE', #5888, 1.649999999999998579 ) ;
#5459 = LINE ( 'NONE', #1349, #6345 ) ;
#5460 = ORIENTED_EDGE ( 'NONE', *, *, #2733, .F. ) ;
#5461 = CARTESIAN_POINT ( 'NONE',  ( -5.829330599566602267, -30.49982358402804294, 58.00000000000002132 ) ) ;
#5462 = ORIENTED_EDGE ( 'NONE', *, *, #2383, .F. ) ;
#5463 = LINE ( 'NONE', #1251, #4950 ) ;
#5464 = EDGE_CURVE ( 'NONE', #4742, #5758, #4389, .T. ) ;
#5465 = CYLINDRICAL_SURFACE ( 'NONE', #4401, 1.699999999999977751 ) ;
#5466 = VERTEX_POINT ( 'NONE', #4531 ) ;
#5467 = CARTESIAN_POINT ( 'NONE',  ( -12.39181694956882396, 35.77518035919307948, 153.8999999999998067 ) ) ;
#5468 = LINE ( 'NONE', #6445, #3036 ) ;
#5469 = CARTESIAN_POINT ( 'NONE',  ( 0.000000000000000000, 0.000000000000000000, 170.4999999999999716 ) ) ;
#5470 = AXIS2_PLACEMENT_3D ( 'NONE', #2596, #2034, #6417 ) ;
#5471 = VERTEX_POINT ( 'NONE', #2815 ) ;
#5472 = CARTESIAN_POINT ( 'NONE',  ( 19.51999999999999602, 30.29982358402804010, 91.84999999999999432 ) ) ;
#5473 = CARTESIAN_POINT ( 'NONE',  ( -10.90342686636615355, 32.52099571289071633, 149.3715590900896757 ) ) ;
#5474 = CARTESIAN_POINT ( 'NONE',  ( 0.000000000000000000, -34.49982358402804294, 105.0000000000000000 ) ) ;
#5475 = ORIENTED_EDGE ( 'NONE', *, *, #967, .F. ) ;
#5476 = CARTESIAN_POINT ( 'NONE',  ( -9.468663199978021083, -36.65712148132953274, 43.72792130681839495 ) ) ;
#5477 = ADVANCED_FACE ( 'NONE', ( #6647 ), #3942, .F. ) ;
#5478 = FACE_OUTER_BOUND ( 'NONE', #2682, .T. ) ;
#5479 = EDGE_LOOP ( 'NONE', ( #4673, #1737, #2747, #3782, #4467 ) ) ;
#5480 = CARTESIAN_POINT ( 'NONE',  ( -2.049999999999999822, -34.29999999999999716, 0.000000000000000000 ) ) ;
#5481 = CIRCLE ( 'NONE', #3487, 1.699999999999977529 ) ;
#5482 = FACE_OUTER_BOUND ( 'NONE', #4581, .T. ) ;
#5483 = VERTEX_POINT ( 'NONE', #3311 ) ;
#5484 = CARTESIAN_POINT ( 'NONE',  ( -5.527951126532544279, -37.45452745456761789, 43.73055329082405507 ) ) ;
#5485 = EDGE_CURVE ( 'NONE', #650, #3481, #517, .T. ) ;
#5486 = VERTEX_POINT ( 'NONE', #4913 ) ;
#5487 = CARTESIAN_POINT ( 'NONE',  ( 10.21331406667808217, 32.74414448116823451, 119.2334188552982113 ) ) ;
#5488 = DIRECTION ( 'NONE',  ( 0.000000000000000000, 1.000000000000000000, -0.000000000000000000 ) ) ;
#5489 = CIRCLE ( 'NONE', #604, 37.86000000000017707 ) ;
#5490 = LINE ( 'NONE', #4382, #1437 ) ;
#5491 = EDGE_CURVE ( 'NONE', #6541, #6108, #133, .T. ) ;
#5492 = CARTESIAN_POINT ( 'NONE',  ( 0.000000000000000000, 0.000000000000000000, 143.0000000000000284 ) ) ;
#5493 = EDGE_CURVE ( 'NONE', #4320, #3407, #4631, .T. ) ;
#5494 = ORIENTED_EDGE ( 'NONE', *, *, #2601, .T. ) ;
#5495 = CIRCLE ( 'NONE', #6385, 34.29999999999999716 ) ;
#5496 = PLANE ( 'NONE',  #1820 ) ;
#5497 = EDGE_LOOP ( 'NONE', ( #5128, #849 ) ) ;
#5498 = CARTESIAN_POINT ( 'NONE',  ( -23.00000000000000000, 29.49982358402804294, 96.00000000000000000 ) ) ;
#5499 = CARTESIAN_POINT ( 'NONE',  ( 13.98584434313093361, -13.98584434313062985, 188.0000000000000000 ) ) ;
#5500 = VECTOR ( 'NONE', #1211, 1000.000000000000000 ) ;
#5501 = ORIENTED_EDGE ( 'NONE', *, *, #6125, .F. ) ;
#5502 = ADVANCED_FACE ( 'NONE', ( #4459 ), #5465, .T. ) ;
#5503 = CARTESIAN_POINT ( 'NONE',  ( -12.39407562301222221, 35.77441151289497867, 147.8999999999998067 ) ) ;
#5504 = CARTESIAN_POINT ( 'NONE',  ( 9.301274639132000033, 36.69969498506810623, 120.2984879357131121 ) ) ;
#5505 = CIRCLE ( 'NONE', #4511, 1.649999999999998579 ) ;
#5506 = FACE_OUTER_BOUND ( 'NONE', #5296, .T. ) ;
#5507 = VECTOR ( 'NONE', #445, 1000.000000000000114 ) ;
#5508 = LOCAL_TIME ( 18, 49, 51.00000000000000000, #6733 ) ;
#5509 = AXIS2_PLACEMENT_3D ( 'NONE', #1483, #924, #2749 ) ;
#5510 = VERTEX_POINT ( 'NONE', #6543 ) ;
#5511 = CARTESIAN_POINT ( 'NONE',  ( -5.829330599566595161, -33.80101928582859472, 143.0000000000000284 ) ) ;
#5512 = CARTESIAN_POINT ( 'NONE',  ( 13.98584434313093361, -13.98584434313062808, 143.0000000000000284 ) ) ;
#5513 = DIRECTION ( 'NONE',  ( 0.000000000000000000, 0.000000000000000000, 1.000000000000000000 ) ) ;
#5514 = ORIENTED_EDGE ( 'NONE', *, *, #2900, .T. ) ;
#5515 = CARTESIAN_POINT ( 'NONE',  ( -7.696953287065410265, -37.06989183081111605, 48.99999999999997868 ) ) ;
#5516 = CARTESIAN_POINT ( 'NONE',  ( 21.25503916633050494, 31.33112643211719117, 89.39551980229079220 ) ) ;
#5517 = AXIS2_PLACEMENT_3D ( 'NONE', #2907, #5041, #6703 ) ;
#5518 = ORIENTED_EDGE ( 'NONE', *, *, #473, .F. ) ;
#5519 = DIRECTION ( 'NONE',  ( -0.000000000000000000, 0.000000000000000000, 1.000000000000000000 ) ) ;
#5520 = DIRECTION ( 'NONE',  ( 1.000000000000000000, 0.000000000000000000, 0.000000000000000000 ) ) ;
#5521 = ORIENTED_EDGE ( 'NONE', *, *, #1374, .T. ) ;
#5522 = CARTESIAN_POINT ( 'NONE',  ( -4.597260143355985207, -37.57986598750789398, 45.21700668195705219 ) ) ;
#5523 = ORIENTED_EDGE ( 'NONE', *, *, #4445, .F. ) ;
#5524 = CARTESIAN_POINT ( 'NONE',  ( 10.41201701318693473, 32.68153863890324118, 118.5937210260673993 ) ) ;
#5525 = FACE_OUTER_BOUND ( 'NONE', #3672, .T. ) ;
#5526 = ADVANCED_FACE ( 'NONE', ( #1775 ), #3379, .F. ) ;
#5527 = EDGE_CURVE ( 'NONE', #1572, #2017, #2327, .T. ) ;
#5528 = DIRECTION ( 'NONE',  ( -1.000000000000000000, -5.150515019224750132E-16, 0.000000000000000000 ) ) ;
#5529 = CARTESIAN_POINT ( 'NONE',  ( -23.00000000000000000, 27.79982358402804365, 96.00000000000000000 ) ) ;
#5530 = ORIENTED_EDGE ( 'NONE', *, *, #4277, .F. ) ;
#5531 = FACE_OUTER_BOUND ( 'NONE', #5363, .T. ) ;
#5532 = ORIENTED_EDGE ( 'NONE', *, *, #6343, .F. ) ;
#5533 = DIRECTION ( 'NONE',  ( -0.000000000000000000, -0.000000000000000000, -1.000000000000000000 ) ) ;
#5534 = DIRECTION ( 'NONE',  ( 0.000000000000000000, 1.000000000000000000, -0.000000000000000000 ) ) ;
#5535 = EDGE_CURVE ( 'NONE', #2148, #931, #4078, .T. ) ;
#5536 = ORIENTED_EDGE ( 'NONE', *, *, #2792, .F. ) ;
#5537 = VERTEX_POINT ( 'NONE', #5153 ) ;
#5538 = DIRECTION ( 'NONE',  ( -0.000000000000000000, -0.000000000000000000, -1.000000000000000000 ) ) ;
#5539 = DIRECTION ( 'NONE',  ( 0.000000000000000000, 0.000000000000000000, -1.000000000000000000 ) ) ;
#5540 = CARTESIAN_POINT ( 'NONE',  ( 19.52000000000059288, 27.79982358402804365, 36.35000000000000142 ) ) ;
#5541 = ADVANCED_FACE ( 'NONE', ( #4120 ), #6754, .F. ) ;
#5542 = ORIENTED_EDGE ( 'NONE', *, *, #3276, .F. ) ;
#5543 = PLANE ( 'NONE',  #6783 ) ;
#5544 = CARTESIAN_POINT ( 'NONE',  ( -10.30725071493890432, 32.71473065965214744, 151.5598514678106028 ) ) ;
#5545 = CARTESIAN_POINT ( 'NONE',  ( -5.829330599566602267, 0.000000000000000000, 5.000000000000000000 ) ) ;
#5546 = CARTESIAN_POINT ( 'NONE',  ( -10.40266281491893530, -36.40282740153141106, 46.78344793321232231 ) ) ;
#5547 = DIRECTION ( 'NONE',  ( -0.000000000000000000, 1.000000000000000000, -0.000000000000000000 ) ) ;
#5548 = CARTESIAN_POINT ( 'NONE',  ( 12.19999999999988738, 33.49982358402804294, 150.8999999999999488 ) ) ;
#5549 = CYLINDRICAL_SURFACE ( 'NONE', #583, 1.649999999999998579 ) ;
#5550 = ORIENTED_EDGE ( 'NONE', *, *, #4103, .F. ) ;
#5551 = CARTESIAN_POINT ( 'NONE',  ( -5.121049883211609810, -37.51222051754624687, 44.16176673989294699 ) ) ;
#5552 = AXIS2_PLACEMENT_3D ( 'NONE', #2663, #2693, #5245 ) ;
#5553 = ORIENTED_EDGE ( 'NONE', *, *, #113, .F. ) ;
#5554 = CARTESIAN_POINT ( 'NONE',  ( 1.650000000000023892, -34.29999999999999716, 188.0000000000000000 ) ) ;
#5555 = CARTESIAN_POINT ( 'NONE',  ( -5.829330599566598714, -33.80101928582859472, 25.00000000000000000 ) ) ;
#5556 = DIRECTION ( 'NONE',  ( -0.000000000000000000, 0.000000000000000000, 1.000000000000000000 ) ) ;
#5557 = VECTOR ( 'NONE', #4942, 1000.000000000000000 ) ;
#5558 = DIRECTION ( 'NONE',  ( 1.000000000000000000, 0.000000000000000000, 0.000000000000000000 ) ) ;
#5559 = CARTESIAN_POINT ( 'NONE',  ( -5.829330599566598714, -33.80101928582859472, 25.00000000000000000 ) ) ;
#5560 = ORIENTED_EDGE ( 'NONE', *, *, #5527, .F. ) ;
#5561 = CARTESIAN_POINT ( 'NONE',  ( 4.808994203379291399, -37.55341620215789078, 149.6593609453906595 ) ) ;
#5562 = EDGE_LOOP ( 'NONE', ( #6141, #4123 ) ) ;
#5563 = CARTESIAN_POINT ( 'NONE',  ( 13.98584434313093361, -13.98584434313062985, 188.0000000000000000 ) ) ;
#5564 = EDGE_CURVE ( 'NONE', #2184, #1572, #873, .T. ) ;
#5565 = DIRECTION ( 'NONE',  ( -0.000000000000000000, -0.000000000000000000, -1.000000000000000000 ) ) ;
#5566 = ORIENTED_EDGE ( 'NONE', *, *, #2687, .T. ) ;
#5567 = ORIENTED_EDGE ( 'NONE', *, *, #383, .F. ) ;
#5568 = CYLINDRICAL_SURFACE ( 'NONE', #4828, 32.10000000000000142 ) ;
#5569 = CARTESIAN_POINT ( 'NONE',  ( 0.000000000000000000, 0.000000000000000000, 188.0000000000000000 ) ) ;
#5570 = CARTESIAN_POINT ( 'NONE',  ( 18.09394897135776858, 33.25879047351259032, 32.03443500829200730 ) ) ;
#5571 = EDGE_CURVE ( 'NONE', #2795, #5845, #2838, .T. ) ;
#5572 = EDGE_LOOP ( 'NONE', ( #4752, #1055, #4246, #6568 ) ) ;
#5573 = CARTESIAN_POINT ( 'NONE',  ( 22.00000000000000000, -30.49982358402804294, 140.0000000000000000 ) ) ;
#5574 = ADVANCED_FACE ( 'NONE', ( #983 ), #6680, .F. ) ;
#5575 = AXIS2_PLACEMENT_3D ( 'NONE', #5622, #3009, #2413 ) ;
#5576 = DIRECTION ( 'NONE',  ( 0.000000000000000000, 0.000000000000000000, 1.000000000000000000 ) ) ;
#5577 = DIRECTION ( 'NONE',  ( 1.000000000000000000, 0.000000000000000000, 0.000000000000000000 ) ) ;
#5578 = LINE ( 'NONE', #684, #2924 ) ;
#5579 = CYLINDRICAL_SURFACE ( 'NONE', #3285, 3.000000000000002665 ) ;
#5580 = DIRECTION ( 'NONE',  ( 1.000000000000000000, 0.000000000000000000, 0.000000000000000000 ) ) ;
#5581 = AXIS2_PLACEMENT_3D ( 'NONE', #780, #2482, #1334 ) ;
#5582 = DIRECTION ( 'NONE',  ( 0.000000000000000000, -1.000000000000000000, 0.000000000000000000 ) ) ;
#5583 = EDGE_CURVE ( 'NONE', #6036, #4663, #3594, .T. ) ;
#5584 = CARTESIAN_POINT ( 'NONE',  ( 11.22051725285905555, 32.41301112790655736, 149.1514216433062359 ) ) ;
#5585 = VERTEX_POINT ( 'NONE', #1392 ) ;
#5586 = CIRCLE ( 'NONE', #2702, 1.699999999999977529 ) ;
#5587 = CARTESIAN_POINT ( 'NONE',  ( -7.306789803144145168, -37.14874536824238049, 42.99999999999997158 ) ) ;
#5588 = B_SPLINE_CURVE_WITH_KNOTS ( 'NONE', 3,
 ( #3205, #558, #3099, #2708, #1568, #2149, #5880, #2611, #4285, #456, #6823, #1015, #6401, #3134, #1637, #6302, #1536, #4747, #6860, #3767, #2083, #1113, #4221, #5356, #5297, #3408, #6497, #1243 ),
 .UNSPECIFIED., .F., .F.,
 ( 4, 2, 2, 2, 2, 2, 2, 2, 2, 2, 2, 2, 2, 4 ),
 ( 0.000000000000000000, 0.001046396084623043166, 0.001569594126934564749, 0.002092792169246086333, 0.002615990211557607699, 0.003139188253869129499, 0.004185584338492182206, 0.005231980423115236215, 0.005755178465426763652, 0.006278376507738291958, 0.006801574550049820263, 0.007324772592361348568, 0.007847970634672876006, 0.008371168676984404311 ),
 .UNSPECIFIED. ) ;
#5589 = VERTEX_POINT ( 'NONE', #2542 ) ;
#5590 = CARTESIAN_POINT ( 'NONE',  ( -9.964878277605471624, 36.52536356677818929, 148.8892873663583600 ) ) ;
#5591 = CARTESIAN_POINT ( 'NONE',  ( -7.500011671745328456, -34.49982358402804294, 147.9999999999999716 ) ) ;
#5592 = AXIS2_PLACEMENT_3D ( 'NONE', #2386, #4034, #5107 ) ;
#5593 = PLANE ( 'NONE',  #2143 ) ;
#5594 = CARTESIAN_POINT ( 'NONE',  ( -19.84999999999940457, 95.39982358402802731, 36.35000000000000142 ) ) ;
#5595 = DIRECTION ( 'NONE',  ( -0.000000000000000000, -1.000000000000000000, 0.000000000000000000 ) ) ;
#5596 = ORIENTED_EDGE ( 'NONE', *, *, #5883, .T. ) ;
#5597 = CARTESIAN_POINT ( 'NONE',  ( 4.902243464260879868, -37.54144390803065079, 149.4865323434660525 ) ) ;
#5598 = ORIENTED_EDGE ( 'NONE', *, *, #6635, .T. ) ;
#5599 = FACE_OUTER_BOUND ( 'NONE', #6455, .T. ) ;
#5600 = VECTOR ( 'NONE', #2557, 1000.000000000000000 ) ;
#5601 = DIRECTION ( 'NONE',  ( -0.000000000000000000, -1.000000000000000000, -0.000000000000000000 ) ) ;
#5602 = ORIENTED_EDGE ( 'NONE', *, *, #5583, .T. ) ;
#5603 = AXIS2_PLACEMENT_3D ( 'NONE', #5469, #3982, #1782 ) ;
#5604 = ORIENTED_EDGE ( 'NONE', *, *, #872, .F. ) ;
#5605 = DIRECTION ( 'NONE',  ( 0.000000000000000000, 0.000000000000000000, -1.000000000000000000 ) ) ;
#5606 = CARTESIAN_POINT ( 'NONE',  ( -9.413849468914676307E-15, -32.18385272431964950, 143.0000000000000284 ) ) ;
#5607 = DIRECTION ( 'NONE',  ( 1.000000000000000000, 0.000000000000000000, 0.000000000000000000 ) ) ;
#5608 = AXIS2_PLACEMENT_3D ( 'NONE', #3169, #5260, #586 ) ;
#5609 = EDGE_CURVE ( 'NONE', #3425, #5836, #5225, .T. ) ;
#5610 = ORIENTED_EDGE ( 'NONE', *, *, #3502, .T. ) ;
#5611 = LINE ( 'NONE', #813, #1331 ) ;
#5612 = AXIS2_PLACEMENT_3D ( 'NONE', #4623, #6741, #411 ) ;
#5613 = VECTOR ( 'NONE', #4308, 1000.000000000000000 ) ;
#5614 = CARTESIAN_POINT ( 'NONE',  ( -12.39181694956871382, 35.77518035919312922, 122.4999999999998153 ) ) ;
#5615 = DIRECTION ( 'NONE',  ( 0.000000000000000000, 0.000000000000000000, -1.000000000000000000 ) ) ;
#5616 = CARTESIAN_POINT ( 'NONE',  ( -10.62990146386593082, 32.61136971660413764, 118.2541008276007091 ) ) ;
#5617 = APPROVAL_ROLE ( '' ) ;
#5618 = DIRECTION ( 'NONE',  ( -0.000000000000000000, 1.000000000000000000, -0.000000000000000000 ) ) ;
#5619 = EDGE_CURVE ( 'NONE', #3175, #2189, #946, .T. ) ;
#5620 = VECTOR ( 'NONE', #20, 1000.000000000000000 ) ;
#5621 = DIRECTION ( 'NONE',  ( 0.000000000000000000, 1.000000000000000000, 0.000000000000000000 ) ) ;
#5622 = CARTESIAN_POINT ( 'NONE',  ( 12.19999999999999574, 30.49982358402804294, 119.5000000000000000 ) ) ;
#5623 = ORIENTED_EDGE ( 'NONE', *, *, #3412, .T. ) ;
#5624 = AXIS2_PLACEMENT_3D ( 'NONE', #5365, #5917, #5729 ) ;
#5625 = DIRECTION ( 'NONE',  ( -1.000000000000000000, 0.000000000000000000, 0.000000000000000000 ) ) ;
#5626 = ORIENTED_EDGE ( 'NONE', *, *, #1228, .T. ) ;
#5627 = CARTESIAN_POINT ( 'NONE',  ( -9.514410236657386832, 36.64508218162431774, 152.2518616147992248 ) ) ;
#5628 = FACE_OUTER_BOUND ( 'NONE', #3754, .T. ) ;
#5629 = EDGE_CURVE ( 'NONE', #6787, #4018, #3522, .T. ) ;
#5630 = VECTOR ( 'NONE', #4873, 1000.000000000000000 ) ;
#5631 = DIRECTION ( 'NONE',  ( 0.000000000000000000, 0.000000000000000000, -1.000000000000000000 ) ) ;
#5632 = CARTESIAN_POINT ( 'NONE',  ( -4.597260143355978101, -37.57986598750789398, 150.2170066819571161 ) ) ;
#5633 = CARTESIAN_POINT ( 'NONE',  ( 11.81684894741920999, 35.97089790361459904, 147.8999999999999773 ) ) ;
#5634 = VERTEX_POINT ( 'NONE', #2987 ) ;
#5635 = CARTESIAN_POINT ( 'NONE',  ( 6.718656158928096644, -37.26086876723834251, 153.9224444293656404 ) ) ;
#5636 = ORIENTED_EDGE ( 'NONE', *, *, #2679, .F. ) ;
#5637 = LINE ( 'NONE', #5563, #3284 ) ;
#5638 = DIRECTION ( 'NONE',  ( -0.000000000000000000, -1.000000000000000000, -0.000000000000000000 ) ) ;
#5639 = ORIENTED_EDGE ( 'NONE', *, *, #2616, .F. ) ;
#5640 = ORIENTED_EDGE ( 'NONE', *, *, #2601, .F. ) ;
#5641 = CARTESIAN_POINT ( 'NONE',  ( 16.98412536343293766, 27.79982358402804365, 30.40000000000000924 ) ) ;
#5642 = FACE_OUTER_BOUND ( 'NONE', #6869, .T. ) ;
#5643 = VERTEX_POINT ( 'NONE', #2015 ) ;
#5644 = DIRECTION ( 'NONE',  ( -1.000000000000000000, 0.000000000000000000, 0.000000000000000000 ) ) ;
#5645 = VERTEX_POINT ( 'NONE', #5117 ) ;
#5646 = VERTEX_POINT ( 'NONE', #4595 ) ;
#5647 = FACE_OUTER_BOUND ( 'NONE', #1038, .T. ) ;
#5648 = CARTESIAN_POINT ( 'NONE',  ( -15.09609257395945114, 34.72016141133705247, 120.3084886010796026 ) ) ;
#5649 = CARTESIAN_POINT ( 'NONE',  ( 0.000000000000000000, 0.000000000000000000, 24.99999999999999289 ) ) ;
#5650 = FACE_BOUND ( 'NONE', #2071, .T. ) ;
#5651 = PERSON_AND_ORGANIZATION_ROLE ( 'design_owner' ) ;
#5652 = CARTESIAN_POINT ( 'NONE',  ( 19.51999999999999602, 27.79982358402804365, 91.84999999999999432 ) ) ;
#5653 = EDGE_CURVE ( 'NONE', #2249, #4281, #6713, .T. ) ;
#5654 = EDGE_CURVE ( 'NONE', #2111, #5483, #5710, .T. ) ;
#5655 = CARTESIAN_POINT ( 'NONE',  ( 14.87748513670733175, 34.81447135629498035, 118.1321376998859023 ) ) ;
#5656 = CARTESIAN_POINT ( 'NONE',  ( 5.829330599566604931, -6.634584557488565057E-16, 163.0000000000000000 ) ) ;
#5657 = ORIENTED_EDGE ( 'NONE', *, *, #3846, .T. ) ;
#5658 = CARTESIAN_POINT ( 'NONE',  ( -9.413849468914676307E-15, -32.18385272431964950, 58.00000000000002132 ) ) ;
#5659 = ORIENTED_EDGE ( 'NONE', *, *, #2263, .F. ) ;
#5660 = FACE_OUTER_BOUND ( 'NONE', #6019, .T. ) ;
#5661 = EDGE_CURVE ( 'NONE', #1859, #2200, #1628, .T. ) ;
#5662 = FACE_BOUND ( 'NONE', #5811, .T. ) ;
#5663 = VECTOR ( 'NONE', #3668, 1000.000000000000000 ) ;
#5664 = CARTESIAN_POINT ( 'NONE',  ( -19.55214358718042789, 32.42102716079225644, 88.86107201448798776 ) ) ;
#5665 = CARTESIAN_POINT ( 'NONE',  ( -6.181144505024514402, -37.35246663815595269, 148.2983609600856596 ) ) ;
#5666 = CARTESIAN_POINT ( 'NONE',  ( 12.19999999999988738, 33.49982358402804294, 150.8999999999999488 ) ) ;
#5667 = AXIS2_PLACEMENT_3D ( 'NONE', #5384, #648, #6456 ) ;
#5668 = EDGE_CURVE ( 'NONE', #395, #3819, #422, .T. ) ;
#5669 = VERTEX_POINT ( 'NONE', #6789 ) ;
#5670 = DIRECTION ( 'NONE',  ( 0.000000000000000000, 1.000000000000000000, 0.000000000000000000 ) ) ;
#5671 = CARTESIAN_POINT ( 'NONE',  ( 5.829330599566602267, 37.40853518598355976, 25.00000000000000000 ) ) ;
#5672 = ORIENTED_EDGE ( 'NONE', *, *, #1503, .T. ) ;
#5673 = CARTESIAN_POINT ( 'NONE',  ( 5.829330599566604931, -6.634584557488565057E-16, 5.000000000000000000 ) ) ;
#5674 = CARTESIAN_POINT ( 'NONE',  ( -12.32692885415150919, 32.00867490838579954, 121.4999999999998010 ) ) ;
#5675 = CIRCLE ( 'NONE', #2773, 34.29999999999999716 ) ;
#5676 = EDGE_LOOP ( 'NONE', ( #3222, #4148, #4447, #3552 ) ) ;
#5677 = ADVANCED_FACE ( 'NONE', ( #1502 ), #310, .F. ) ;
#5678 = ORIENTED_EDGE ( 'NONE', *, *, #1752, .F. ) ;
#5679 = DIRECTION ( 'NONE',  ( 0.000000000000000000, 0.000000000000000000, -1.000000000000000000 ) ) ;
#5680 = CARTESIAN_POINT ( 'NONE',  ( 0.000000000000000000, 0.000000000000000000, 58.00000000000002132 ) ) ;
#5681 = VERTEX_POINT ( 'NONE', #1430 ) ;
#5682 = LINE ( 'NONE', #6124, #3834 ) ;
#5683 = ORIENTED_EDGE ( 'NONE', *, *, #4094, .F. ) ;
#5684 = ORIENTED_EDGE ( 'NONE', *, *, #214, .F. ) ;
#5685 = DIRECTION ( 'NONE',  ( 1.000000000000000000, 0.000000000000000000, 0.000000000000000000 ) ) ;
#5686 = CARTESIAN_POINT ( 'NONE',  ( -12.20000000000000284, 35.84047432721856552, 122.4999999999998295 ) ) ;
#5687 = DIRECTION ( 'NONE',  ( 0.000000000000000000, 1.000000000000000000, 0.000000000000000000 ) ) ;
#5688 = FACE_OUTER_BOUND ( 'NONE', #5780, .T. ) ;
#5689 = SECURITY_CLASSIFICATION_LEVEL ( 'unclassified' ) ;
#5690 = CARTESIAN_POINT ( 'NONE',  ( 9.747962902117849993, -36.58384131082914337, 47.99621366350137919 ) ) ;
#5691 = CARTESIAN_POINT ( 'NONE',  ( 7.500011671745328456, -44.49982358402804294, 48.99999999999997868 ) ) ;
#5692 = EDGE_CURVE ( 'NONE', #6587, #3703, #2686, .T. ) ;
#5693 = CARTESIAN_POINT ( 'NONE',  ( 10.62593397978720589, 32.61266193995803775, 149.6591048514405884 ) ) ;
#5694 = ORIENTED_EDGE ( 'NONE', *, *, #4191, .T. ) ;
#5695 = CARTESIAN_POINT ( 'NONE',  ( 17.20787629534593322, 33.72367251306827995, 93.77213386705152232 ) ) ;
#5696 = ORIENTED_EDGE ( 'NONE', *, *, #2431, .T. ) ;
#5697 = DIRECTION ( 'NONE',  ( 1.000000000000000000, 0.000000000000000000, 0.000000000000000000 ) ) ;
#5698 = AXIS2_PLACEMENT_3D ( 'NONE', #6597, #681, #4971 ) ;
#5699 = DIRECTION ( 'NONE',  ( -0.000000000000000000, -1.000000000000000000, 0.000000000000000000 ) ) ;
#5700 = CARTESIAN_POINT ( 'NONE',  ( -17.64920538662915561, 33.49481132162893005, 89.80488399841674152 ) ) ;
#5701 = CARTESIAN_POINT ( 'NONE',  ( -16.98412536343293766, 29.79982358402804010, 188.0000000000000000 ) ) ;
#5702 = AXIS2_PLACEMENT_3D ( 'NONE', #3680, #5312, #5797 ) ;
#5703 = EDGE_CURVE ( 'NONE', #3485, #3945, #6064, .T. ) ;
#5704 = DIRECTION ( 'NONE',  ( 0.000000000000000000, -1.000000000000000000, 0.000000000000000000 ) ) ;
#5705 = ORIENTED_EDGE ( 'NONE', *, *, #6854, .T. ) ;
#5706 = CARTESIAN_POINT ( 'NONE',  ( -22.70022666796064215, 30.29982358402804010, 35.63605979576231420 ) ) ;
#5707 = LINE ( 'NONE', #5813, #3180 ) ;
#5708 = ORIENTED_EDGE ( 'NONE', *, *, #3464, .T. ) ;
#5709 = FACE_BOUND ( 'NONE', #918, .T. ) ;
#5710 = LINE ( 'NONE', #457, #3747 ) ;
#5711 = EDGE_CURVE ( 'NONE', #3035, #2585, #3641, .T. ) ;
#5712 = EDGE_CURVE ( 'NONE', #3529, #354, #2709, .T. ) ;
#5713 = EDGE_LOOP ( 'NONE', ( #4291, #6308 ) ) ;
#5714 = VERTEX_POINT ( 'NONE', #587 ) ;
#5715 = CIRCLE ( 'NONE', #5930, 2.000000000000001776 ) ;
#5716 = DIRECTION ( 'NONE',  ( 1.000000000000000000, 0.000000000000000000, 0.000000000000000000 ) ) ;
#5717 = DIRECTION ( 'NONE',  ( 1.000000000000000000, 0.000000000000000000, 0.000000000000000000 ) ) ;
#5718 = VERTEX_POINT ( 'NONE', #4748 ) ;
#5719 = DIRECTION ( 'NONE',  ( -0.000000000000000000, -1.000000000000000000, -0.000000000000000000 ) ) ;
#5720 = ADVANCED_FACE ( 'NONE', ( #4222 ), #3700, .F. ) ;
#5721 = CIRCLE ( 'NONE', #4939, 34.29999999999999716 ) ;
#5722 = ORIENTED_EDGE ( 'NONE', *, *, #6040, .T. ) ;
#5723 = VERTEX_POINT ( 'NONE', #6861 ) ;
#5724 = LINE ( 'NONE', #1700, #6446 ) ;
#5725 = CARTESIAN_POINT ( 'NONE',  ( -13.67656692366968230, 35.30544182298221756, 122.1392320129327658 ) ) ;
#5726 = CARTESIAN_POINT ( 'NONE',  ( 8.993755660580202260, -36.77662077711092081, 148.3910783072073230 ) ) ;
#5727 = CARTESIAN_POINT ( 'NONE',  ( -10.21399953316196196, 32.74393125489832101, 119.2278417016321583 ) ) ;
#5728 = VECTOR ( 'NONE', #1748, 1000.000000000000114 ) ;
#5729 = DIRECTION ( 'NONE',  ( 0.000000000000000000, 0.000000000000000000, -1.000000000000000000 ) ) ;
#5730 = VECTOR ( 'NONE', #1321, 1000.000000000000000 ) ;
#5731 = FACE_OUTER_BOUND ( 'NONE', #6493, .T. ) ;
#5732 = CARTESIAN_POINT ( 'NONE',  ( 10.62291726263872249, 32.61414788255613928, 152.1572767437557729 ) ) ;
#5733 = VERTEX_POINT ( 'NONE', #3797 ) ;
#5734 = LINE ( 'NONE', #3157, #6745 ) ;
#5735 = CARTESIAN_POINT ( 'NONE',  ( 12.19999999999988738, 33.49982358402804294, 153.8999999999999488 ) ) ;
#5736 = VECTOR ( 'NONE', #3794, 1000.000000000000000 ) ;
#5737 = VECTOR ( 'NONE', #85, 1000.000000000000114 ) ;
#5738 = VERTEX_POINT ( 'NONE', #3206 ) ;
#5739 = AXIS2_PLACEMENT_3D ( 'NONE', #19, #5347, #1624 ) ;
#5740 = LINE ( 'NONE', #5108, #6661 ) ;
#5741 = VECTOR ( 'NONE', #2884, 1000.000000000000000 ) ;
#5742 = DIRECTION ( 'NONE',  ( 1.000000000000000000, 0.000000000000000000, 0.000000000000000000 ) ) ;
#5743 = ORIENTED_EDGE ( 'NONE', *, *, #1354, .F. ) ;
#5744 = CARTESIAN_POINT ( 'NONE',  ( 12.19999999999999751, 32.05698051906948365, 121.5000000000000000 ) ) ;
#5745 = DIRECTION ( 'NONE',  ( -1.000000000000000000, 0.000000000000000000, 0.000000000000000000 ) ) ;
#5746 = ORIENTED_EDGE ( 'NONE', *, *, #4893, .T. ) ;
#5747 = DIRECTION ( 'NONE',  ( -0.000000000000000000, -0.000000000000000000, -1.000000000000000000 ) ) ;
#5748 = CARTESIAN_POINT ( 'NONE',  ( 0.000000000000000000, -29.49982358402804294, 188.0000000000000000 ) ) ;
#5749 = CIRCLE ( 'NONE', #633, 2.000000000000001776 ) ;
#5750 = ADVANCED_FACE ( 'NONE', ( #5816 ), #3236, .F. ) ;
#5751 = ADVANCED_FACE ( 'NONE', ( #1047 ), #4778, .F. ) ;
#5752 = VERTEX_POINT ( 'NONE', #5298 ) ;
#5753 = VERTEX_POINT ( 'NONE', #66 ) ;
#5754 = DIRECTION ( 'NONE',  ( 1.000000000000000000, -1.138138323803736265E-16, 0.000000000000000000 ) ) ;
#5755 = CARTESIAN_POINT ( 'NONE',  ( 14.14823200069899123, 35.11737542967487258, 148.6103406797868445 ) ) ;
#5756 = ORIENTED_EDGE ( 'NONE', *, *, #5042, .F. ) ;
#5757 = CARTESIAN_POINT ( 'NONE',  ( -0.000000000000000000, -29.49982358402804294, 58.00000000000002132 ) ) ;
#5758 = VERTEX_POINT ( 'NONE', #6892 ) ;
#5759 = ORIENTED_EDGE ( 'NONE', *, *, #5436, .T. ) ;
#5760 = CARTESIAN_POINT ( 'NONE',  ( 2.049999999999999822, 34.29999999999999716, 5.000000000000000000 ) ) ;
#5761 = CARTESIAN_POINT ( 'NONE',  ( -13.98584434313091762, -13.98584434313054459, 183.0000000000000000 ) ) ;
#5762 = LINE ( 'NONE', #2590, #481 ) ;
#5763 = DIRECTION ( 'NONE',  ( -1.000000000000000000, 0.000000000000000000, 0.000000000000000000 ) ) ;
#5764 = ADVANCED_FACE ( 'NONE', ( #2186 ), #4287, .F. ) ;
#5765 = PERSON_AND_ORGANIZATION ( #18446744073709551615, #18446744073709551615 ) ;
#5766 = CARTESIAN_POINT ( 'NONE',  ( -20.44679761948681573, 31.86576842056552294, 88.89446479931916656 ) ) ;
#5767 = DIRECTION ( 'NONE',  ( -0.000000000000000000, 0.000000000000000000, 1.000000000000000000 ) ) ;
#5768 = PLANE ( 'NONE',  #5470 ) ;
#5769 = EDGE_CURVE ( 'NONE', #4011, #6407, #2116, .T. ) ;
#5770 = ORIENTED_EDGE ( 'NONE', *, *, #3597, .F. ) ;
#5771 = FACE_OUTER_BOUND ( 'NONE', #5572, .T. ) ;
#5772 = CARTESIAN_POINT ( 'NONE',  ( -9.961870570138918524, 36.52618947512543457, 152.9075600997332742 ) ) ;
#5773 = VERTEX_POINT ( 'NONE', #6367 ) ;
#5774 = CARTESIAN_POINT ( 'NONE',  ( -16.98412536343293766, 33.83665299108656654, 92.73699637399576545 ) ) ;
#5775 = CARTESIAN_POINT ( 'NONE',  ( 12.19999999999999574, 33.49982358402804294, 116.4999999999999858 ) ) ;
#5776 = ORIENTED_EDGE ( 'NONE', *, *, #480, .T. ) ;
#5777 = CARTESIAN_POINT ( 'NONE',  ( -12.20000000000011120, 32.05698051906943391, 148.8999999999997783 ) ) ;
#5778 = DIRECTION ( 'NONE',  ( -5.150515019224750132E-16, 1.000000000000000000, 0.000000000000000000 ) ) ;
#5779 = VECTOR ( 'NONE', #1182, 1000.000000000000000 ) ;
#5780 = EDGE_LOOP ( 'NONE', ( #1278, #6438, #2574, #2141, #4832, #4402, #2152, #6249 ) ) ;
#5781 = CARTESIAN_POINT ( 'NONE',  ( -1.650000000000212186, 34.29999999999999716, 188.0000000000000000 ) ) ;
#5782 = CARTESIAN_POINT ( 'NONE',  ( -12.71153491878071051, 31.85861932738034952, 117.5499082607445871 ) ) ;
#5783 = CIRCLE ( 'NONE', #4676, 32.10000000000000142 ) ;
#5784 = LINE ( 'NONE', #1668, #6098 ) ;
#5785 = ORIENTED_EDGE ( 'NONE', *, *, #1911, .F. ) ;
#5786 = CARTESIAN_POINT ( 'NONE',  ( -19.10996091828688037, 32.68358471750212857, 31.78880132253759783 ) ) ;
#5787 = EDGE_CURVE ( 'NONE', #4226, #6851, #1603, .T. ) ;
#5788 = CARTESIAN_POINT ( 'NONE',  ( 15.03532193634971925, 34.74659802169921363, 149.8995383832371999 ) ) ;
#5789 = ORIENTED_EDGE ( 'NONE', *, *, #806, .F. ) ;
#5790 = CARTESIAN_POINT ( 'NONE',  ( -4.468068730591639337, 32.43975741685360248, 188.0000000000000000 ) ) ;
#5791 = VECTOR ( 'NONE', #4209, 1000.000000000000000 ) ;
#5792 = ORIENTED_EDGE ( 'NONE', *, *, #6721, .T. ) ;
#5793 = VECTOR ( 'NONE', #5742, 1000.000000000000000 ) ;
#5794 = CYLINDRICAL_SURFACE ( 'NONE', #4010, 34.29999999999999716 ) ;
#5795 = CARTESIAN_POINT ( 'NONE',  ( -13.40386265240942443, 31.57321376137699076, 149.2819103891895054 ) ) ;
#5796 = EDGE_CURVE ( 'NONE', #3598, #5643, #5852, .T. ) ;
#5797 = DIRECTION ( 'NONE',  ( 1.000000000000000000, 0.000000000000000000, 0.000000000000000000 ) ) ;
#5798 = CARTESIAN_POINT ( 'NONE',  ( 5.829330599566604931, -6.634584557488565057E-16, 25.00000000000000000 ) ) ;
#5799 = B_SPLINE_CURVE_WITH_KNOTS ( 'NONE', 3,
 ( #2706, #4283, #3864, #5939, #3233, #2675, #3202, #1082, #4805, #5354, #3732, #1600, #652, #4415, #120, #5848, #685, #27, #4935, #156, #6399, #5975, #1635, #2281, #5906, #3331, #3764, #5877 ),
 .UNSPECIFIED., .F., .F.,
 ( 4, 2, 2, 2, 2, 2, 2, 2, 2, 2, 2, 2, 2, 4 ),
 ( 0.000000000000000000, 0.001283901411177678763, 0.001925852116766518145, 0.002567802822355357527, 0.003209753527944197125, 0.003851704233533036290, 0.004493654939121875455, 0.005135605644710715054, 0.005777556350299554652, 0.006419507055888394251, 0.007703408467066068244, 0.008345359172654899169, 0.008987309878243730094, 0.01027121128942139368 ),
 .UNSPECIFIED. ) ;
#5800 = CARTESIAN_POINT ( 'NONE',  ( 10.40169809882864094, -36.40310354868999809, 45.21269206306646282 ) ) ;
#5801 = EDGE_CURVE ( 'NONE', #222, #131, #6499, .T. ) ;
#5802 = FACE_OUTER_BOUND ( 'NONE', #24, .T. ) ;
#5803 = DIRECTION ( 'NONE',  ( -0.000000000000000000, 0.000000000000000000, 1.000000000000000000 ) ) ;
#5804 = ORIENTED_EDGE ( 'NONE', *, *, #3402, .T. ) ;
#5805 = CARTESIAN_POINT ( 'NONE',  ( 19.15764628155958960, 32.65797038743796321, 88.84999999999998010 ) ) ;
#5806 = CARTESIAN_POINT ( 'NONE',  ( 0.000000000000000000, 0.000000000000000000, 183.0000000000000000 ) ) ;
#5807 = EDGE_CURVE ( 'NONE', #787, #2017, #1733, .T. ) ;
#5808 = ORIENTED_EDGE ( 'NONE', *, *, #6229, .F. ) ;
#5809 = LINE ( 'NONE', #2670, #2668 ) ;
#5810 = LINE ( 'NONE', #4338, #5257 ) ;
#5811 = EDGE_LOOP ( 'NONE', ( #5684, #195, #6856, #1656 ) ) ;
#5812 = DIRECTION ( 'NONE',  ( -0.000000000000000000, -1.000000000000000000, -0.000000000000000000 ) ) ;
#5813 = CARTESIAN_POINT ( 'NONE',  ( 13.98584434313094782, 13.98584434313071867, 5.000000000000000000 ) ) ;
#5814 = ORIENTED_EDGE ( 'NONE', *, *, #435, .T. ) ;
#5815 = DIRECTION ( 'NONE',  ( -0.000000000000000000, -1.000000000000000000, -0.000000000000000000 ) ) ;
#5816 = FACE_OUTER_BOUND ( 'NONE', #568, .T. ) ;
#5817 = AXIS2_PLACEMENT_3D ( 'NONE', #2408, #6626, #1852 ) ;
#5818 = DIRECTION ( 'NONE',  ( 0.000000000000000000, -0.000000000000000000, -1.000000000000000000 ) ) ;
#5819 = ORIENTED_EDGE ( 'NONE', *, *, #1956, .F. ) ;
#5820 = CARTESIAN_POINT ( 'NONE',  ( -12.20000000000000284, 43.49982358402805005, 116.4999999999998295 ) ) ;
#5821 = DIRECTION ( 'NONE',  ( 0.000000000000000000, -0.000000000000000000, -1.000000000000000000 ) ) ;
#5822 = ORIENTED_EDGE ( 'NONE', *, *, #2982, .T. ) ;
#5823 = DIRECTION ( 'NONE',  ( -1.000000000000000000, 0.000000000000000000, 0.000000000000000000 ) ) ;
#5824 = VECTOR ( 'NONE', #1360, 1000.000000000000000 ) ;
#5825 = ORIENTED_EDGE ( 'NONE', *, *, #6035, .T. ) ;
#5826 = CARTESIAN_POINT ( 'NONE',  ( -5.829330599566598714, -33.80101928582859472, 188.0000000000000000 ) ) ;
#5827 = CARTESIAN_POINT ( 'NONE',  ( -13.68395599712377653, 31.45233995389445880, 149.5528736446711946 ) ) ;
#5828 = DIRECTION ( 'NONE',  ( 0.000000000000000000, 0.000000000000000000, 1.000000000000000000 ) ) ;
#5829 = DIRECTION ( 'NONE',  ( 1.000000000000000000, 0.000000000000000000, 0.000000000000000000 ) ) ;
#5830 = CIRCLE ( 'NONE', #3944, 1.649999999999998579 ) ;
#5831 = ADVANCED_FACE ( 'NONE', ( #6536 ), #124, .F. ) ;
#5832 = ADVANCED_FACE ( 'NONE', ( #3304 ), #2772, .T. ) ;
#5833 = CARTESIAN_POINT ( 'NONE',  ( -22.70022666796064215, 30.29982358402804010, 90.91394020423587108 ) ) ;
#5834 = AXIS2_PLACEMENT_3D ( 'NONE', #4648, #6720, #5162 ) ;
#5835 = DIRECTION ( 'NONE',  ( 0.7071067811865532349, 0.7071067811865417996, -0.000000000000000000 ) ) ;
#5836 = VERTEX_POINT ( 'NONE', #6603 ) ;
#5837 = PLANE ( 'NONE',  #5186 ) ;
#5838 = CARTESIAN_POINT ( 'NONE',  ( -10.24634439293999222, 36.44741155981080283, 153.1853338197852565 ) ) ;
#5839 = EDGE_CURVE ( 'NONE', #904, #3905, #1845, .T. ) ;
#5840 = VECTOR ( 'NONE', #6431, 1000.000000000000000 ) ;
#5841 = ORIENTED_EDGE ( 'NONE', *, *, #4390, .F. ) ;
#5842 = CARTESIAN_POINT ( 'NONE',  ( 17.50001167174533023, -29.49982358402804294, 0.000000000000000000 ) ) ;
#5843 = LINE ( 'NONE', #1658, #4361 ) ;
#5844 = AXIS2_PLACEMENT_3D ( 'NONE', #2113, #1976, #4117 ) ;
#5845 = VERTEX_POINT ( 'NONE', #95 ) ;
#5846 = AXIS2_PLACEMENT_3D ( 'NONE', #2667, #5348, #1035 ) ;
#5847 = CARTESIAN_POINT ( 'NONE',  ( -7.887768586792711645, -37.02973495072986765, 148.0187453526354489 ) ) ;
#5848 = CARTESIAN_POINT ( 'NONE',  ( 22.52080419682492263, 30.43341879224826130, 34.90476425874666688 ) ) ;
#5849 = ORIENTED_EDGE ( 'NONE', *, *, #3914, .T. ) ;
#5850 = DIRECTION ( 'NONE',  ( -0.000000000000000000, -0.000000000000000000, -1.000000000000000000 ) ) ;
#5851 = EDGE_CURVE ( 'NONE', #222, #3823, #1799, .T. ) ;
#5852 = LINE ( 'NONE', #3828, #3297 ) ;
#5853 = VECTOR ( 'NONE', #1941, 1000.000000000000000 ) ;
#5854 = LINE ( 'NONE', #1540, #5663 ) ;
#5855 = ORIENTED_EDGE ( 'NONE', *, *, #4191, .F. ) ;
#5856 = DIRECTION ( 'NONE',  ( 0.000000000000000000, 0.000000000000000000, -1.000000000000000000 ) ) ;
#5857 = ORIENTED_EDGE ( 'NONE', *, *, #3686, .F. ) ;
#5858 = DIRECTION ( 'NONE',  ( -0.000000000000000000, 0.000000000000000000, 1.000000000000000000 ) ) ;
#5859 = AXIS2_PLACEMENT_3D ( 'NONE', #1696, #726, #655 ) ;
#5860 = ORIENTED_EDGE ( 'NONE', *, *, #1791, .T. ) ;
#5861 = AXIS2_PLACEMENT_3D ( 'NONE', #2415, #6665, #3895 ) ;
#5862 = CYLINDRICAL_SURFACE ( 'NONE', #1491, 1.699999999999977751 ) ;
#5863 = DIRECTION ( 'NONE',  ( 0.000000000000000000, 1.000000000000000000, 0.000000000000000000 ) ) ;
#5864 = CARTESIAN_POINT ( 'NONE',  ( -22.43275175418819245, 30.49936466288754389, 33.13919036877433655 ) ) ;
#5865 = LINE ( 'NONE', #1485, #1881 ) ;
#5866 = DIRECTION ( 'NONE',  ( -1.000000000000000000, 0.000000000000000000, 0.000000000000000000 ) ) ;
#5867 = ORIENTED_EDGE ( 'NONE', *, *, #5485, .T. ) ;
#5868 = CARTESIAN_POINT ( 'NONE',  ( -10.89983549800240326, 36.25752812768964617, 122.2105233856369182 ) ) ;
#5869 = ADVANCED_FACE ( 'NONE', ( #5525 ), #3370, .F. ) ;
#5870 = ADVANCED_FACE ( 'NONE', ( #3867 ), #2842, .T. ) ;
#5871 = CARTESIAN_POINT ( 'NONE',  ( -5.829330599566601379, -37.40853518598355265, 25.00000000000000000 ) ) ;
#5872 = ORIENTED_EDGE ( 'NONE', *, *, #3491, .F. ) ;
#5873 = CARTESIAN_POINT ( 'NONE',  ( -20.48063514337535551, 31.84395317525310531, 94.79792859159388740 ) ) ;
#5874 = DIRECTION ( 'NONE',  ( -0.000000000000000000, -0.000000000000000000, -1.000000000000000000 ) ) ;
#5875 = ORIENTED_EDGE ( 'NONE', *, *, #5143, .T. ) ;
#5876 = CARTESIAN_POINT ( 'NONE',  ( -10.34389349699902994, -36.41963496526225441, 151.9755696183635791 ) ) ;
#5877 = CARTESIAN_POINT ( 'NONE',  ( 19.52000000000059288, 32.43993218241971732, 37.70000000000000284 ) ) ;
#5878 = EDGE_CURVE ( 'NONE', #711, #4776, #5960, .T. ) ;
#5879 = VERTEX_POINT ( 'NONE', #3335 ) ;
#5880 = CARTESIAN_POINT ( 'NONE',  ( -18.01982662317492512, 33.29696929005822881, 37.08247846793482694 ) ) ;
#5881 = DIRECTION ( 'NONE',  ( 0.000000000000000000, 1.000000000000000000, 0.000000000000000000 ) ) ;
#5882 = LINE ( 'NONE', #68, #4885 ) ;
#5883 = EDGE_CURVE ( 'NONE', #1221, #5773, #4484, .T. ) ;
#5884 = ORIENTED_EDGE ( 'NONE', *, *, #2125, .T. ) ;
#5885 = LINE ( 'NONE', #1119, #1923 ) ;
#5886 = VERTEX_POINT ( 'NONE', #1281 ) ;
#5887 = DIRECTION ( 'NONE',  ( 0.000000000000000000, -1.000000000000000000, 0.000000000000000000 ) ) ;
#5888 = AXIS2_PLACEMENT_3D ( 'NONE', #2320, #2807, #6012 ) ;
#5889 = ORIENTED_EDGE ( 'NONE', *, *, #4616, .F. ) ;
#5890 = EDGE_CURVE ( 'NONE', #6578, #6716, #160, .T. ) ;
#5891 = CARTESIAN_POINT ( 'NONE',  ( 3.101721574042647589, -31.94979379083876125, 183.0000000000000000 ) ) ;
#5892 = DIRECTION ( 'NONE',  ( -0.000000000000000000, -0.000000000000000000, -1.000000000000000000 ) ) ;
#5893 = AXIS2_PLACEMENT_3D ( 'NONE', #2727, #3319, #1230 ) ;
#5894 = CARTESIAN_POINT ( 'NONE',  ( 17.33924559335602211, 33.65644540908841265, 36.76942050055505007 ) ) ;
#5895 = CIRCLE ( 'NONE', #1339, 32.10000000000000142 ) ;
#5896 = CYLINDRICAL_SURFACE ( 'NONE', #3900, 34.29999999999999716 ) ;
#5897 = DIRECTION ( 'NONE',  ( 0.000000000000000000, 0.000000000000000000, 1.000000000000000000 ) ) ;
#5898 = ORIENTED_EDGE ( 'NONE', *, *, #3203, .F. ) ;
#5899 = CARTESIAN_POINT ( 'NONE',  ( 4.468068730591639337, -32.43975741685360248, 188.0000000000000000 ) ) ;
#5900 = CARTESIAN_POINT ( 'NONE',  ( 22.33413993554526655, 30.57085774232178821, 90.78973003137480191 ) ) ;
#5901 = ORIENTED_EDGE ( 'NONE', *, *, #6184, .F. ) ;
#5902 = CARTESIAN_POINT ( 'NONE',  ( -21.50000000000000000, 30.49982358402804294, 170.4999999999999716 ) ) ;
#5903 = LINE ( 'NONE', #2605, #3473 ) ;
#5904 = ORIENTED_EDGE ( 'NONE', *, *, #1145, .T. ) ;
#5905 = CARTESIAN_POINT ( 'NONE',  ( 5.829330599566602267, 37.40853518598355976, 183.0000000000000000 ) ) ;
#5906 = CARTESIAN_POINT ( 'NONE',  ( 20.77496761436325556, 31.65157867465369534, 37.43114210939572217 ) ) ;
#5907 = ORIENTED_EDGE ( 'NONE', *, *, #6425, .F. ) ;
#5908 = CARTESIAN_POINT ( 'NONE',  ( 11.57619860482731156, 32.28772788344864608, 121.4044931199949815 ) ) ;
#5909 = CARTESIAN_POINT ( 'NONE',  ( -14.13222004911759200, 31.25333972961442086, 118.9663024213386393 ) ) ;
#5910 = EDGE_CURVE ( 'NONE', #957, #732, #5749, .T. ) ;
#5911 = LINE ( 'NONE', #1147, #5779 ) ;
#5912 = AXIS2_PLACEMENT_3D ( 'NONE', #3154, #5281, #3753 ) ;
#5913 = ORIENTED_EDGE ( 'NONE', *, *, #6854, .F. ) ;
#5914 = LINE ( 'NONE', #4981, #6704 ) ;
#5915 = ORIENTED_EDGE ( 'NONE', *, *, #4578, .F. ) ;
#5916 = PLANE ( 'NONE',  #49 ) ;
#5917 = DIRECTION ( 'NONE',  ( 0.000000000000000000, -1.000000000000000000, 0.000000000000000000 ) ) ;
#5918 = EDGE_CURVE ( 'NONE', #5018, #1431, #2805, .T. ) ;
#5919 = VECTOR ( 'NONE', #2230, 1000.000000000000000 ) ;
#5920 = ADVANCED_FACE ( 'NONE', ( #4347 ), #2284, .F. ) ;
#5921 = ORIENTED_EDGE ( 'NONE', *, *, #162, .T. ) ;
#5922 = CIRCLE ( 'NONE', #594, 32.10000000000000142 ) ;
#5923 = CARTESIAN_POINT ( 'NONE',  ( -13.40070767083142300, 31.57454900143189036, 152.5202053148593393 ) ) ;
#5924 = DIRECTION ( 'NONE',  ( -0.000000000000000000, -1.000000000000000000, -0.000000000000000000 ) ) ;
#5925 = FACE_BOUND ( 'NONE', #1765, .T. ) ;
#5926 = EDGE_CURVE ( 'NONE', #4028, #169, #197, .T. ) ;
#5927 = DIRECTION ( 'NONE',  ( -1.000000000000000000, 0.000000000000000000, -0.000000000000000000 ) ) ;
#5928 = CARTESIAN_POINT ( 'NONE',  ( 5.829330599566593385, -30.49982358402804294, 143.0000000000000284 ) ) ;
#5929 = VERTEX_POINT ( 'NONE', #5009 ) ;
#5930 = AXIS2_PLACEMENT_3D ( 'NONE', #4643, #6717, #5605 ) ;
#5931 = CARTESIAN_POINT ( 'NONE',  ( -11.81898697491253536, 35.96845483697629220, 116.5182083167209726 ) ) ;
#5932 = CARTESIAN_POINT ( 'NONE',  ( 22.49839151763641354, 30.45004372078494725, 92.26938592444081166 ) ) ;
#5933 = VECTOR ( 'NONE', #470, 1000.000000000000000 ) ;
#5934 = EDGE_LOOP ( 'NONE', ( #2090, #4086, #1342, #3239 ) ) ;
#5935 = CARTESIAN_POINT ( 'NONE',  ( 5.123008384192284659, -37.51195525133548614, 44.15911994465868418 ) ) ;
#5936 = DIRECTION ( 'NONE',  ( 0.000000000000000000, 1.000000000000000000, 0.000000000000000000 ) ) ;
#5937 = ORIENTED_EDGE ( 'NONE', *, *, #4554, .T. ) ;
#5938 = CARTESIAN_POINT ( 'NONE',  ( -19.84999999999940457, 30.29982358402804010, 34.70000000000000284 ) ) ;
#5939 = CARTESIAN_POINT ( 'NONE',  ( 20.76836798255566663, 31.65591006558663523, 31.96583905700366302 ) ) ;
#5940 = ORIENTED_EDGE ( 'NONE', *, *, #5535, .T. ) ;
#5941 = CARTESIAN_POINT ( 'NONE',  ( 11.33964904952947350, 32.37156322217909121, 121.3099774768631818 ) ) ;
#5942 = DIRECTION ( 'NONE',  ( -0.000000000000000000, -0.000000000000000000, -1.000000000000000000 ) ) ;
#5943 = DIRECTION ( 'NONE',  ( -1.000000000000000000, 0.000000000000000000, 0.000000000000000000 ) ) ;
#5944 = VECTOR ( 'NONE', #4912, 1000.000000000000000 ) ;
#5945 = CARTESIAN_POINT ( 'NONE',  ( -1.949449338866589724E-13, 34.29999999999999716, 0.000000000000000000 ) ) ;
#5946 = ORIENTED_EDGE ( 'NONE', *, *, #1363, .F. ) ;
#5947 = DIRECTION ( 'NONE',  ( 1.000000000000000000, 0.000000000000000000, 0.000000000000000000 ) ) ;
#5948 = VERTEX_POINT ( 'NONE', #233 ) ;
#5949 = DIRECTION ( 'NONE',  ( 0.000000000000000000, 0.000000000000000000, -1.000000000000000000 ) ) ;
#5950 = EDGE_CURVE ( 'NONE', #6050, #5308, #1188, .T. ) ;
#5951 = CARTESIAN_POINT ( 'NONE',  ( -5.829330599566601379, -37.40853518598355265, 163.0000000000000000 ) ) ;
#5952 = ADVANCED_FACE ( 'NONE', ( #6638 ), #3052, .F. ) ;
#5953 = CIRCLE ( 'NONE', #2174, 1.199999999999999734 ) ;
#5954 = AXIS2_PLACEMENT_3D ( 'NONE', #2344, #2484, #3430 ) ;
#5955 = ORIENTED_EDGE ( 'NONE', *, *, #1088, .T. ) ;
#5956 = AXIS2_PLACEMENT_3D ( 'NONE', #2743, #5357, #4189 ) ;
#5957 = CARTESIAN_POINT ( 'NONE',  ( -14.87641751951206537, 34.81492727455538727, 152.2698430895321167 ) ) ;
#5958 = CARTESIAN_POINT ( 'NONE',  ( 9.839695714035880059, 36.55918087518696069, 121.3625192304600091 ) ) ;
#5959 = CARTESIAN_POINT ( 'NONE',  ( 16.54080677262981780, 34.05559558972600342, 34.28983496947119392 ) ) ;
#5960 = CIRCLE ( 'NONE', #529, 1.199999999999999734 ) ;
#5961 = EDGE_LOOP ( 'NONE', ( #1868, #3211 ) ) ;
#5962 = LINE ( 'NONE', #3813, #1116 ) ;
#5963 = EDGE_CURVE ( 'NONE', #4122, #4201, #6630, .T. ) ;
#5964 = CARTESIAN_POINT ( 'NONE',  ( -11.33768791823087518, 32.37225314442815005, 152.7091020153896466 ) ) ;
#5965 = CARTESIAN_POINT ( 'NONE',  ( -7.500011671745328456, -34.49982358402804294, 48.99999999999997158 ) ) ;
#5966 = ORIENTED_EDGE ( 'NONE', *, *, #3017, .T. ) ;
#5967 = CARTESIAN_POINT ( 'NONE',  ( -12.20000000000010942, 33.49982358402804294, 148.8999999999997783 ) ) ;
#5968 = CARTESIAN_POINT ( 'NONE',  ( 20.76836798255508754, 31.65591006558702603, 89.11583905700366870 ) ) ;
#5969 = ORIENTED_EDGE ( 'NONE', *, *, #872, .T. ) ;
#5970 = LINE ( 'NONE', #4371, #3567 ) ;
#5971 = ADVANCED_FACE ( 'NONE', ( #1421 ), #3511, .F. ) ;
#5972 = DIRECTION ( 'NONE',  ( -0.000000000000000000, 0.000000000000000000, 1.000000000000000000 ) ) ;
#5973 = EDGE_LOOP ( 'NONE', ( #4165, #4757, #6507, #2311 ) ) ;
#5974 = DIRECTION ( 'NONE',  ( -0.000000000000000000, -0.000000000000000000, -1.000000000000000000 ) ) ;
#5975 = CARTESIAN_POINT ( 'NONE',  ( 21.41527081415448208, 31.22171563630767110, 37.03350713192324406 ) ) ;
#5976 = ORIENTED_EDGE ( 'NONE', *, *, #2335, .T. ) ;
#5977 = CARTESIAN_POINT ( 'NONE',  ( 11.94941233118291812, 32.15150324057088227, 121.4882892153431158 ) ) ;
#5978 = CARTESIAN_POINT ( 'NONE',  ( 3.249999999999998668, -34.29999999999999716, 183.0000000000000000 ) ) ;
#5979 = CARTESIAN_POINT ( 'NONE',  ( -5.829330599566602267, -30.49982358402804294, 143.0000000000000284 ) ) ;
#5980 = DIRECTION ( 'NONE',  ( 0.000000000000000000, 0.000000000000000000, 1.000000000000000000 ) ) ;
#5981 = ORIENTED_EDGE ( 'NONE', *, *, #1236, .T. ) ;
#5982 = DIRECTION ( 'NONE',  ( 0.000000000000000000, 0.000000000000000000, 1.000000000000000000 ) ) ;
#5983 = ORIENTED_EDGE ( 'NONE', *, *, #353, .T. ) ;
#5984 = DIRECTION ( 'NONE',  ( -0.000000000000000000, 0.000000000000000000, 1.000000000000000000 ) ) ;
#5985 = CARTESIAN_POINT ( 'NONE',  ( 8.273339352147640824, -36.94549480458039170, 43.09486954994147823 ) ) ;
#5986 = ORIENTED_EDGE ( 'NONE', *, *, #5250, .F. ) ;
#5987 = EDGE_CURVE ( 'NONE', #5585, #1838, #4110, .T. ) ;
#5988 = CARTESIAN_POINT ( 'NONE',  ( -15.20050223916842569, 34.67454876403190411, 150.7040061108603481 ) ) ;
#5989 = CARTESIAN_POINT ( 'NONE',  ( 9.514369151831150617, 36.64509393241920066, 118.1480065956651089 ) ) ;
#5990 = CARTESIAN_POINT ( 'NONE',  ( 16.85845163053054918, 33.89957238171525944, 33.30010357172471913 ) ) ;
#5991 = AXIS2_PLACEMENT_3D ( 'NONE', #3238, #1087, #4842 ) ;
#5992 = ADVANCED_FACE ( 'NONE', ( #1863, #5141, #6669, #2455, #1931, #5628, #5662 ), #6218, .T. ) ;
#5993 = ORIENTED_EDGE ( 'NONE', *, *, #2187, .T. ) ;
#5994 = DIRECTION ( 'NONE',  ( 0.000000000000000000, 0.000000000000000000, -1.000000000000000000 ) ) ;
#5995 = LINE ( 'NONE', #3917, #2072 ) ;
#5996 = LINE ( 'NONE', #1232, #4263 ) ;
#5997 = EDGE_LOOP ( 'NONE', ( #3977, #2171, #2264, #5419 ) ) ;
#5998 = CARTESIAN_POINT ( 'NONE',  ( -12.20000000000000284, 35.84047432721856552, 122.4999999999998295 ) ) ;
#5999 = CARTESIAN_POINT ( 'NONE',  ( 5.829330599566593385, -30.49982358402804294, 58.00000000000002132 ) ) ;
#6000 = VECTOR ( 'NONE', #3646, 1000.000000000000000 ) ;
#6001 = EDGE_CURVE ( 'NONE', #4810, #1125, #6305, .T. ) ;
#6002 = EDGE_LOOP ( 'NONE', ( #6724, #482, #575, #3234 ) ) ;
#6003 = CARTESIAN_POINT ( 'NONE',  ( 7.114645192500686832, -37.18600987768112986, 43.01846713022227675 ) ) ;
#6004 = FACE_BOUND ( 'NONE', #5562, .T. ) ;
#6005 = AXIS2_PLACEMENT_3D ( 'NONE', #6222, #1973, #6258 ) ;
#6006 = VERTEX_POINT ( 'NONE', #3996 ) ;
#6007 = CARTESIAN_POINT ( 'NONE',  ( -6.005779938325476408, -37.38097573855608857, 43.39128470577882268 ) ) ;
#6008 = EDGE_LOOP ( 'NONE', ( #3745, #1178, #3792, #2501, #2323, #5119, #6699, #5639 ) ) ;
#6009 = CARTESIAN_POINT ( 'NONE',  ( 11.69145165740861891, 32.24690826620287964, 117.5489694132456009 ) ) ;
#6010 = DIRECTION ( 'NONE',  ( 0.000000000000000000, 0.000000000000000000, 1.000000000000000000 ) ) ;
#6011 = ADVANCED_FACE ( 'NONE', ( #3584 ), #864, .F. ) ;
#6012 = DIRECTION ( 'NONE',  ( 0.000000000000000000, 0.000000000000000000, -1.000000000000000000 ) ) ;
#6013 = CARTESIAN_POINT ( 'NONE',  ( 0.000000000000000000, 0.000000000000000000, 5.000000000000000000 ) ) ;
#6014 = ORIENTED_EDGE ( 'NONE', *, *, #1557, .F. ) ;
#6015 = LINE ( 'NONE', #1671, #3269 ) ;
#6016 = ORIENTED_EDGE ( 'NONE', *, *, #5373, .T. ) ;
#6017 = DIRECTION ( 'NONE',  ( 0.000000000000000000, -1.000000000000000000, 0.000000000000000000 ) ) ;
#6018 = DIRECTION ( 'NONE',  ( 0.000000000000000000, 1.000000000000000000, 0.000000000000000000 ) ) ;
#6019 = EDGE_LOOP ( 'NONE', ( #3775, #4773, #3375, #4370, #1944, #2469, #5196, #4714, #609, #4960, #4998, #2676, #4677, #3028, #2414, #5792, #2087, #880, #5082, #6262, #6573, #6409, #679, #4440, #1719, #2433, #3741, #653, #135, #6558, #3048, #870 ) ) ;
#6020 = ORIENTED_EDGE ( 'NONE', *, *, #2679, .T. ) ;
#6021 = CARTESIAN_POINT ( 'NONE',  ( -14.78041939575451380, 34.85590146794998390, 152.4430487438401656 ) ) ;
#6022 = DIRECTION ( 'NONE',  ( -0.000000000000000000, 0.000000000000000000, -1.000000000000000000 ) ) ;
#6023 = CARTESIAN_POINT ( 'NONE',  ( 3.101721574042661800, 31.94979379083875415, 5.000000000000000000 ) ) ;
#6024 = VECTOR ( 'NONE', #5803, 1000.000000000000000 ) ;
#6025 = AXIS2_PLACEMENT_3D ( 'NONE', #6349, #3081, #996 ) ;
#6026 = VERTEX_POINT ( 'NONE', #5591 ) ;
#6027 = CARTESIAN_POINT ( 'NONE',  ( 0.000000000000000000, -29.49982358402804294, 64.00000000000001421 ) ) ;
#6028 = CARTESIAN_POINT ( 'NONE',  ( -10.41382377168083551, 32.68096244959785679, 149.9904000813829157 ) ) ;
#6029 = DIRECTION ( 'NONE',  ( -0.000000000000000000, 0.000000000000000000, 1.000000000000000000 ) ) ;
#6030 = ORIENTED_EDGE ( 'NONE', *, *, #572, .F. ) ;
#6031 = CARTESIAN_POINT ( 'NONE',  ( -8.994094444640683861, -36.77654533514109403, 48.60887640175781144 ) ) ;
#6032 = CARTESIAN_POINT ( 'NONE',  ( -19.84999999999940457, 30.29982358402804010, 33.05000000000000426 ) ) ;
#6033 = AXIS2_PLACEMENT_3D ( 'NONE', #414, #5556, #1313 ) ;
#6034 = EDGE_CURVE ( 'NONE', #1051, #4812, #1631, .T. ) ;
#6035 = EDGE_CURVE ( 'NONE', #1771, #5302, #828, .T. ) ;
#6036 = VERTEX_POINT ( 'NONE', #4033 ) ;
#6037 = CARTESIAN_POINT ( 'NONE',  ( 14.42866334644717696, 35.00308843301154127, 117.4822766742216942 ) ) ;
#6038 = AXIS2_PLACEMENT_3D ( 'NONE', #5014, #2219, #3800 ) ;
#6039 = LINE ( 'NONE', #1206, #127 ) ;
#6040 = EDGE_CURVE ( 'NONE', #5327, #5752, #6740, .T. ) ;
#6041 = ORIENTED_EDGE ( 'NONE', *, *, #4000, .T. ) ;
#6042 = CARTESIAN_POINT ( 'NONE',  ( -5.829330599566602267, -32.18385272431964950, 58.00000000000002132 ) ) ;
#6043 = EDGE_LOOP ( 'NONE', ( #6057, #3771, #6708, #3897 ) ) ;
#6044 = CARTESIAN_POINT ( 'NONE',  ( 11.70023725405758874, 32.24301573810721777, 121.4407022907651168 ) ) ;
#6045 = CARTESIAN_POINT ( 'NONE',  ( 3.249999999999998668, -34.29999999999999716, 188.0000000000000000 ) ) ;
#6046 = CIRCLE ( 'NONE', #2712, 34.29999999999999716 ) ;
#6047 = FACE_OUTER_BOUND ( 'NONE', #5214, .T. ) ;
#6048 = CARTESIAN_POINT ( 'NONE',  ( 0.000000000000000000, 29.49982358402804294, 30.40000000000000924 ) ) ;
#6049 = EDGE_CURVE ( 'NONE', #957, #3703, #2494, .T. ) ;
#6050 = VERTEX_POINT ( 'NONE', #6143 ) ;
#6051 = VECTOR ( 'NONE', #6274, 1000.000000000000000 ) ;
#6052 = CARTESIAN_POINT ( 'NONE',  ( 7.306920156173621450, -37.14871902339485388, 148.0000000000000000 ) ) ;
#6053 = VERTEX_POINT ( 'NONE', #1381 ) ;
#6054 = DIRECTION ( 'NONE',  ( -0.000000000000000000, 0.000000000000000000, 1.000000000000000000 ) ) ;
#6055 = CARTESIAN_POINT ( 'NONE',  ( 0.000000000000000000, -30.49982358402804294, 143.0000000000000284 ) ) ;
#6056 = AXIS2_PLACEMENT_3D ( 'NONE', #735, #6086, #6611 ) ;
#6057 = ORIENTED_EDGE ( 'NONE', *, *, #1707, .T. ) ;
#6058 = ORIENTED_EDGE ( 'NONE', *, *, #312, .F. ) ;
#6059 = CARTESIAN_POINT ( 'NONE',  ( 14.08898824038503861, 31.27289253035439742, 150.2294145680845077 ) ) ;
#6060 = CYLINDRICAL_SURFACE ( 'NONE', #811, 1.649999999999998579 ) ;
#6061 = VECTOR ( 'NONE', #6634, 1000.000000000000000 ) ;
#6062 = PLANE ( 'NONE',  #5603 ) ;
#6063 = VECTOR ( 'NONE', #2374, 1000.000000000000000 ) ;
#6064 = CIRCLE ( 'NONE', #3405, 1.699999999999977529 ) ;
#6065 = ORIENTED_EDGE ( 'NONE', *, *, #1456, .T. ) ;
#6066 = DIRECTION ( 'NONE',  ( -0.000000000000000000, -0.000000000000000000, -1.000000000000000000 ) ) ;
#6067 = CARTESIAN_POINT ( 'NONE',  ( -10.26867463609397646, 32.72682602555554610, 150.3631105026317414 ) ) ;
#6068 = PLANE ( 'NONE',  #3477 ) ;
#6069 = CARTESIAN_POINT ( 'NONE',  ( -10.49971867583250251, -36.37492966067980404, 45.79542508895583808 ) ) ;
#6070 = DIRECTION ( 'NONE',  ( 1.000000000000000000, 0.000000000000000000, 0.000000000000000000 ) ) ;
#6071 = CARTESIAN_POINT ( 'NONE',  ( 4.902243464260872763, -37.54144390803065079, 44.48653234346603114 ) ) ;
#6072 = EDGE_CURVE ( 'NONE', #210, #1929, #4085, .T. ) ;
#6073 = LINE ( 'NONE', #2378, #1134 ) ;
#6074 = ORIENTED_EDGE ( 'NONE', *, *, #515, .F. ) ;
#6075 = LINE ( 'NONE', #330, #6061 ) ;
#6076 = VERTEX_POINT ( 'NONE', #1753 ) ;
#6077 = CARTESIAN_POINT ( 'NONE',  ( -3.101721574042660468, 31.94979379083876125, 183.0000000000000000 ) ) ;
#6078 = CARTESIAN_POINT ( 'NONE',  ( -3.265987202574514914, -33.64183894487069892, 188.0000000000000000 ) ) ;
#6079 = DIRECTION ( 'NONE',  ( 0.000000000000000000, 0.000000000000000000, 1.000000000000000000 ) ) ;
#6080 = CARTESIAN_POINT ( 'NONE',  ( -5.829330599566604931, -6.634584557488565057E-16, 25.00000000000000000 ) ) ;
#6081 = EDGE_CURVE ( 'NONE', #3416, #1727, #2961, .T. ) ;
#6082 = CARTESIAN_POINT ( 'NONE',  ( 10.40264112634111626, 36.40321317005751922, 153.3099499118921187 ) ) ;
#6083 = ORIENTED_EDGE ( 'NONE', *, *, #5712, .F. ) ;
#6084 = CARTESIAN_POINT ( 'NONE',  ( 14.18534269749036802, 31.22926488095089681, 119.2228276798493596 ) ) ;
#6085 = EDGE_LOOP ( 'NONE', ( #3805, #5460, #6430, #1473 ) ) ;
#6086 = DIRECTION ( 'NONE',  ( 0.000000000000000000, 1.000000000000000000, -0.000000000000000000 ) ) ;
#6087 = CARTESIAN_POINT ( 'NONE',  ( 5.829330599566602267, 37.40853518598355976, 163.0000000000000000 ) ) ;
#6088 = ADVANCED_FACE ( 'NONE', ( #3320 ), #3460, .F. ) ;
#6089 = VERTEX_POINT ( 'NONE', #5062 ) ;
#6090 = CARTESIAN_POINT ( 'NONE',  ( 13.91939985694152782, 31.34879660842657856, 151.9300854648819268 ) ) ;
#6091 = CYLINDRICAL_SURFACE ( 'NONE', #1697, 1.600000000000004086 ) ;
#6092 = FACE_BOUND ( 'NONE', #6372, .T. ) ;
#6093 = EDGE_CURVE ( 'NONE', #193, #3290, #4404, .T. ) ;
#6094 = ORIENTED_EDGE ( 'NONE', *, *, #894, .T. ) ;
#6095 = CARTESIAN_POINT ( 'NONE',  ( -12.20000000000010942, 33.49982358402804294, 152.8999999999997783 ) ) ;
#6096 = CARTESIAN_POINT ( 'NONE',  ( -10.47958097625473428, 32.65998503500367178, 149.8715873670113581 ) ) ;
#6097 = CARTESIAN_POINT ( 'NONE',  ( -16.98412536343293766, 33.83665299108656654, 92.73699637399576545 ) ) ;
#6098 = VECTOR ( 'NONE', #1050, 1000.000000000000000 ) ;
#6099 = DIRECTION ( 'NONE',  ( -1.000000000000000000, 0.000000000000000000, 0.000000000000000000 ) ) ;
#6100 = CARTESIAN_POINT ( 'NONE',  ( -10.09425323345330483, -36.48970760811178593, 44.48056171122269831 ) ) ;
#6101 = CARTESIAN_POINT ( 'NONE',  ( 16.98412536343293766, 27.79982358402804365, 30.40000000000000924 ) ) ;
#6102 = AXIS2_PLACEMENT_3D ( 'NONE', #6384, #5344, #4729 ) ;
#6103 = LINE ( 'NONE', #5691, #5001 ) ;
#6104 = CARTESIAN_POINT ( 'NONE',  ( 10.46723297987538004, 32.66403472982968026, 151.9336052584360175 ) ) ;
#6105 = ORIENTED_EDGE ( 'NONE', *, *, #5619, .T. ) ;
#6106 = DIRECTION ( 'NONE',  ( -0.000000000000000000, 0.000000000000000000, 1.000000000000000000 ) ) ;
#6107 = AXIS2_PLACEMENT_3D ( 'NONE', #2518, #6346, #5426 ) ;
#6108 = VERTEX_POINT ( 'NONE', #6625 ) ;
#6109 = CARTESIAN_POINT ( 'NONE',  ( -10.24672409602042578, 36.44729932481767776, 148.6145136946507819 ) ) ;
#6110 = DIRECTION ( 'NONE',  ( -1.000000000000000000, 0.000000000000000000, 0.000000000000000000 ) ) ;
#6111 = CARTESIAN_POINT ( 'NONE',  ( 12.39182227931699742, 35.77517854496130667, 153.8999999999999773 ) ) ;
#6112 = AXIS2_PLACEMENT_3D ( 'NONE', #5492, #4907, #2809 ) ;
#6113 = DIRECTION ( 'NONE',  ( 1.000000000000000000, 0.000000000000000000, 0.000000000000000000 ) ) ;
#6114 = CARTESIAN_POINT ( 'NONE',  ( 9.220804062633488840, 36.71999583807320988, 151.3056886342974678 ) ) ;
#6115 = ORIENTED_EDGE ( 'NONE', *, *, #636, .F. ) ;
#6116 = FACE_OUTER_BOUND ( 'NONE', #6338, .T. ) ;
#6117 = ORIENTED_EDGE ( 'NONE', *, *, #5987, .F. ) ;
#6118 = CARTESIAN_POINT ( 'NONE',  ( -19.85000000000000142, 32.23906171091233830, 88.84999999999993747 ) ) ;
#6119 = CARTESIAN_POINT ( 'NONE',  ( -12.82635417793118471, 31.81180248136381650, 121.4036132976301730 ) ) ;
#6120 = EDGE_CURVE ( 'NONE', #1051, #4091, #252, .T. ) ;
#6121 = VERTEX_POINT ( 'NONE', #2827 ) ;
#6122 = DIRECTION ( 'NONE',  ( -0.000000000000000000, 0.000000000000000000, 1.000000000000000000 ) ) ;
#6123 = CARTESIAN_POINT ( 'NONE',  ( 0.000000000000000000, 29.49982358402804294, 188.0000000000000000 ) ) ;
#6124 = CARTESIAN_POINT ( 'NONE',  ( 5.829330599566602267, 0.000000000000000000, 25.00000000000000000 ) ) ;
#6125 = EDGE_CURVE ( 'NONE', #6375, #3915, #4994, .T. ) ;
#6126 = ORIENTED_EDGE ( 'NONE', *, *, #1160, .F. ) ;
#6127 = FACE_OUTER_BOUND ( 'NONE', #6598, .T. ) ;
#6128 = VECTOR ( 'NONE', #4897, 1000.000000000000000 ) ;
#6129 = CARTESIAN_POINT ( 'NONE',  ( -5.829330599566604931, -6.634584557488565057E-16, 25.00000000000000000 ) ) ;
#6130 = FACE_BOUND ( 'NONE', #1601, .T. ) ;
#6131 = PLANE ( 'NONE',  #4496 ) ;
#6132 = EDGE_CURVE ( 'NONE', #1844, #3109, #4469, .T. ) ;
#6133 = DIRECTION ( 'NONE',  ( 0.7071067811865532349, 0.7071067811865417996, -0.000000000000000000 ) ) ;
#6134 = PLANE ( 'NONE',  #2279 ) ;
#6135 = AXIS2_PLACEMENT_3D ( 'NONE', #2199, #6029, #4331 ) ;
#6136 = CARTESIAN_POINT ( 'NONE',  ( 12.39182227931709868, 35.77517854496127825, 122.5000000000000142 ) ) ;
#6137 = DIRECTION ( 'NONE',  ( 0.000000000000000000, 0.000000000000000000, 1.000000000000000000 ) ) ;
#6138 = ORIENTED_EDGE ( 'NONE', *, *, #4510, .T. ) ;
#6139 = CIRCLE ( 'NONE', #6266, 1.200000000000000178 ) ;
#6140 = CARTESIAN_POINT ( 'NONE',  ( -4.519637805342618719, -37.58928042106234813, 45.60450462944511685 ) ) ;
#6141 = ORIENTED_EDGE ( 'NONE', *, *, #6518, .T. ) ;
#6142 = CARTESIAN_POINT ( 'NONE',  ( 3.250000000000000000, 34.29999999999999716, 188.0000000000000000 ) ) ;
#6143 = CARTESIAN_POINT ( 'NONE',  ( -1.650000000000212186, 34.29999999999999716, 183.0000000000000000 ) ) ;
#6144 = AXIS2_PLACEMENT_3D ( 'NONE', #1907, #6157, #5716 ) ;
#6145 = CARTESIAN_POINT ( 'NONE',  ( 5.829330599566604931, -6.634584557488565057E-16, 183.0000000000000000 ) ) ;
#6146 = CARTESIAN_POINT ( 'NONE',  ( 0.000000000000000000, 0.000000000000000000, 140.0000000000000000 ) ) ;
#6147 = CARTESIAN_POINT ( 'NONE',  ( 9.200408079774138770, 36.72508803716407755, 151.1069979353598001 ) ) ;
#6148 = EDGE_LOOP ( 'NONE', ( #975, #274, #6607, #2082 ) ) ;
#6149 = CARTESIAN_POINT ( 'NONE',  ( 6.004370996121432213, -37.38120691421379149, 153.6080151012961323 ) ) ;
#6150 = ORIENTED_EDGE ( 'NONE', *, *, #2119, .F. ) ;
#6151 = DIRECTION ( 'NONE',  ( 0.000000000000000000, 0.000000000000000000, -1.000000000000000000 ) ) ;
#6152 = CIRCLE ( 'NONE', #712, 3.000000000000002665 ) ;
#6153 = CARTESIAN_POINT ( 'NONE',  ( -19.84999999999940457, 35.29982358402804010, 34.70000000000000284 ) ) ;
#6154 = ORIENTED_EDGE ( 'NONE', *, *, #4381, .F. ) ;
#6155 = CIRCLE ( 'NONE', #4286, 1.200000000000000178 ) ;
#6156 = EDGE_LOOP ( 'NONE', ( #3643, #6361, #6191, #1816 ) ) ;
#6157 = DIRECTION ( 'NONE',  ( -0.000000000000000000, 0.000000000000000000, 1.000000000000000000 ) ) ;
#6158 = EDGE_CURVE ( 'NONE', #6053, #1974, #5028, .T. ) ;
#6159 = CARTESIAN_POINT ( 'NONE',  ( 7.500011671745328456, -39.49982358402804294, 45.99999999999997158 ) ) ;
#6160 = EDGE_CURVE ( 'NONE', #878, #3621, #5995, .T. ) ;
#6161 = VERTEX_POINT ( 'NONE', #2370 ) ;
#6162 = FACE_OUTER_BOUND ( 'NONE', #6443, .T. ) ;
#6163 = CIRCLE ( 'NONE', #2384, 34.29999999999999716 ) ;
#6164 = EDGE_LOOP ( 'NONE', ( #6126, #3037 ) ) ;
#6165 = EDGE_LOOP ( 'NONE', ( #2547, #6194, #6355 ) ) ;
#6166 = DIRECTION ( 'NONE',  ( -1.000000000000000000, 0.000000000000000000, 0.000000000000000000 ) ) ;
#6167 = AXIS2_PLACEMENT_3D ( 'NONE', #4071, #6668, #4584 ) ;
#6168 = PLANE ( 'NONE',  #2179 ) ;
#6169 = ADVANCED_FACE ( 'NONE', ( #2928 ), #2407, .F. ) ;
#6170 = FACE_OUTER_BOUND ( 'NONE', #6276, .T. ) ;
#6171 = CARTESIAN_POINT ( 'NONE',  ( -13.98584434313094782, 13.98584434313071867, 5.000000000000000000 ) ) ;
#6172 = PERSON_AND_ORGANIZATION ( #18446744073709551615, #18446744073709551615 ) ;
#6173 = CARTESIAN_POINT ( 'NONE',  ( 21.50000000000000000, 29.49982358402804294, 96.49999999999998579 ) ) ;
#6174 = PRODUCT_DEFINITION_FORMATION_WITH_SPECIFIED_SOURCE ( 'Symmetric', '', #3998, .NOT_KNOWN. ) ;
#6175 = AXIS2_PLACEMENT_3D ( 'NONE', #4171, #3085, #2193 ) ;
#6176 = ADVANCED_FACE ( 'NONE', ( #5206 ), #4058, .F. ) ;
#6177 = CARTESIAN_POINT ( 'NONE',  ( 13.67484737546548068, 35.30450767325042705, 122.1195355563800717 ) ) ;
#6178 = CARTESIAN_POINT ( 'NONE',  ( -19.84999999999940457, 35.29982358402804010, 34.70000000000000284 ) ) ;
#6179 = ORIENTED_EDGE ( 'NONE', *, *, #4181, .F. ) ;
#6180 = CARTESIAN_POINT ( 'NONE',  ( 18.78941497454677290, 32.87089925836207271, 88.91655428175397446 ) ) ;
#6181 = ORIENTED_EDGE ( 'NONE', *, *, #1284, .T. ) ;
#6182 = CARTESIAN_POINT ( 'NONE',  ( -12.20000000000011298, 35.84047432721853710, 147.8999999999997783 ) ) ;
#6183 = DIRECTION ( 'NONE',  ( -0.000000000000000000, 0.000000000000000000, 1.000000000000000000 ) ) ;
#6184 = EDGE_CURVE ( 'NONE', #3569, #4366, #4652, .T. ) ;
#6185 = VECTOR ( 'NONE', #5778, 1000.000000000000000 ) ;
#6186 = CARTESIAN_POINT ( 'NONE',  ( -18.82178787395502439, 32.85038230390067326, 89.02767553141477208 ) ) ;
#6187 = CARTESIAN_POINT ( 'NONE',  ( 22.00000000000000000, -29.49982358402804294, 140.0000000000000000 ) ) ;
#6188 = DIRECTION ( 'NONE',  ( -0.000000000000000000, 0.000000000000000000, -1.000000000000000000 ) ) ;
#6189 = ORIENTED_EDGE ( 'NONE', *, *, #6673, .T. ) ;
#6190 = DIRECTION ( 'NONE',  ( 0.000000000000000000, 1.000000000000000000, 0.000000000000000000 ) ) ;
#6191 = ORIENTED_EDGE ( 'NONE', *, *, #5787, .F. ) ;
#6192 = DIRECTION ( 'NONE',  ( -0.000000000000000000, -1.000000000000000000, -0.000000000000000000 ) ) ;
#6193 = CARTESIAN_POINT ( 'NONE',  ( -16.98412536343293766, 35.29982358402804010, 0.000000000000000000 ) ) ;
#6194 = ORIENTED_EDGE ( 'NONE', *, *, #3811, .F. ) ;
#6195 = ORIENTED_EDGE ( 'NONE', *, *, #4349, .F. ) ;
#6196 = DIRECTION ( 'NONE',  ( -0.000000000000000000, -0.000000000000000000, -1.000000000000000000 ) ) ;
#6197 = PLANE ( 'NONE',  #138 ) ;
#6198 = ORIENTED_EDGE ( 'NONE', *, *, #1581, .T. ) ;
#6199 = DIRECTION ( 'NONE',  ( -0.7071067811865402453, -0.7071067811865547892, 0.000000000000000000 ) ) ;
#6200 = B_SPLINE_CURVE_WITH_KNOTS ( 'NONE', 3,
 ( #5686, #5614, #3039, #1441, #3608, #5725, #5168, #4573, #1990, #287, #851, #4613, #5648, #4167, #3080, #6691, #434, #399, #4539, #4020, #995, #4132, #883, #2520, #1368, #2964, #5095, #3001, #2554, #4688 ),
 .UNSPECIFIED., .F., .F.,
 ( 4, 2, 2, 2, 2, 2, 2, 2, 2, 2, 2, 2, 2, 2, 4 ),
 ( 0.009586242957068957099, 0.01019282614211271427, 0.01079940932715646972, 0.01201257569724397886, 0.01261915888228774645, 0.01322574206733151229, 0.01383232525237527988, 0.01443890843741904746, 0.01504549162246281505, 0.01565207480750658089, 0.01625865799255035021, 0.01686524117759411606, 0.01807840754768165470, 0.01868499073272543443, 0.01929157391776921068 ),
 .UNSPECIFIED. ) ;
#6201 = CC_DESIGN_PERSON_AND_ORGANIZATION_ASSIGNMENT ( #4101, #6208, ( #6174 ) ) ;
#6202 = ORIENTED_EDGE ( 'NONE', *, *, #2550, .F. ) ;
#6203 = ORIENTED_EDGE ( 'NONE', *, *, #4758, .T. ) ;
#6204 = DIRECTION ( 'NONE',  ( -1.000000000000000000, 0.000000000000000000, 0.000000000000000000 ) ) ;
#6205 = DIRECTION ( 'NONE',  ( 1.000000000000000000, 0.000000000000000000, 0.000000000000000000 ) ) ;
#6206 = CARTESIAN_POINT ( 'NONE',  ( 8.820178851483790439, -36.81872370507666403, 153.7009690599087151 ) ) ;
#6207 = CARTESIAN_POINT ( 'NONE',  ( -12.20000000000000107, 32.05698051906948365, 117.4999999999998295 ) ) ;
#6208 = PERSON_AND_ORGANIZATION_ROLE ( 'design_supplier' ) ;
#6209 = LINE ( 'NONE', #6629, #61 ) ;
#6210 = ADVANCED_FACE ( 'NONE', ( #6766, #962 ), #6168, .F. ) ;
#6211 = DIRECTION ( 'NONE',  ( -1.000000000000000000, 0.000000000000000000, 0.000000000000000000 ) ) ;
#6212 = CARTESIAN_POINT ( 'NONE',  ( 10.19968935659667508, 32.74837915284620493, 150.7699067945578406 ) ) ;
#6213 = EDGE_LOOP ( 'NONE', ( #3076, #6520, #5785, #2060 ) ) ;
#6214 = FACE_OUTER_BOUND ( 'NONE', #2023, .T. ) ;
#6215 = EDGE_LOOP ( 'NONE', ( #5039, #1093, #3259, #3263, #5981 ) ) ;
#6216 = LINE ( 'NONE', #3967, #4749 ) ;
#6217 = ADVANCED_FACE ( 'NONE', ( #320 ), #3647, .F. ) ;
#6218 = CYLINDRICAL_SURFACE ( 'NONE', #410, 37.86000000000017707 ) ;
#6219 = AXIS2_PLACEMENT_3D ( 'NONE', #3901, #5425, #4419 ) ;
#6220 = CARTESIAN_POINT ( 'NONE',  ( 15.17995847901795692, 34.68357600600020874, 151.3016758139407045 ) ) ;
#6221 = DIRECTION ( 'NONE',  ( -0.000000000000000000, -1.000000000000000000, -0.000000000000000000 ) ) ;
#6222 = CARTESIAN_POINT ( 'NONE',  ( 3.250000000000000000, 34.29999999999999716, 0.000000000000000000 ) ) ;
#6223 = CIRCLE ( 'NONE', #2560, 1.649999999999998579 ) ;
#6224 = ORIENTED_EDGE ( 'NONE', *, *, #1752, .T. ) ;
#6225 = CARTESIAN_POINT ( 'NONE',  ( 12.45691625295267713, 31.95920530021634320, 117.5000000000000000 ) ) ;
#6226 = LINE ( 'NONE', #6858, #2293 ) ;
#6227 = ORIENTED_EDGE ( 'NONE', *, *, #572, .T. ) ;
#6228 = CARTESIAN_POINT ( 'NONE',  ( 4.468068730591642890, 32.43975741685359537, 183.0000000000000000 ) ) ;
#6229 = EDGE_CURVE ( 'NONE', #6834, #4599, #3571, .T. ) ;
#6230 = CARTESIAN_POINT ( 'NONE',  ( 6.397958626452089978E-15, -34.29999999999999716, 0.000000000000000000 ) ) ;
#6231 = VECTOR ( 'NONE', #1770, 1000.000000000000000 ) ;
#6232 = ORIENTED_EDGE ( 'NONE', *, *, #5491, .T. ) ;
#6233 = ORIENTED_EDGE ( 'NONE', *, *, #1903, .T. ) ;
#6234 = DIRECTION ( 'NONE',  ( 0.000000000000000000, -1.000000000000000000, 0.000000000000000000 ) ) ;
#6235 = DIRECTION ( 'NONE',  ( 1.000000000000000000, 0.000000000000000000, 0.000000000000000000 ) ) ;
#6236 = ORIENTED_EDGE ( 'NONE', *, *, #5033, .F. ) ;
#6237 = CARTESIAN_POINT ( 'NONE',  ( -7.500011671745328456, -34.49982358402804294, 152.5999999999999659 ) ) ;
#6238 = ORIENTED_EDGE ( 'NONE', *, *, #4181, .T. ) ;
#6239 = ORIENTED_EDGE ( 'NONE', *, *, #5493, .T. ) ;
#6240 = CARTESIAN_POINT ( 'NONE',  ( 19.51999999999999602, 95.39982358402802731, 90.20000000000000284 ) ) ;
#6241 = DIRECTION ( 'NONE',  ( -1.000000000000000000, -1.138138323803736265E-16, 0.000000000000000000 ) ) ;
#6242 = CARTESIAN_POINT ( 'NONE',  ( 10.50017042702138070, -36.37479925760634103, 150.8041778722036668 ) ) ;
#6243 = CARTESIAN_POINT ( 'NONE',  ( -11.22362074674167154, 32.41193344990867331, 117.7497762193145263 ) ) ;
#6244 = APPROVAL_DATE_TIME ( #4576, #4545 ) ;
#6245 = FACE_OUTER_BOUND ( 'NONE', #6825, .T. ) ;
#6246 = AXIS2_PLACEMENT_3D ( 'NONE', #1130, #4210, #3254 ) ;
#6247 = CARTESIAN_POINT ( 'NONE',  ( 14.43152899082203966, 35.00191094799991731, 121.5146835518723520 ) ) ;
#6248 = LINE ( 'NONE', #2562, #6806 ) ;
#6249 = ORIENTED_EDGE ( 'NONE', *, *, #1574, .F. ) ;
#6250 = LINE ( 'NONE', #2530, #4741 ) ;
#6251 = EDGE_CURVE ( 'NONE', #6866, #5718, #6200, .T. ) ;
#6252 = EDGE_CURVE ( 'NONE', #5510, #972, #6800, .T. ) ;
#6253 = LINE ( 'NONE', #516, #5507 ) ;
#6254 = AXIS2_PLACEMENT_3D ( 'NONE', #3047, #891, #4027 ) ;
#6255 = VERTEX_POINT ( 'NONE', #358 ) ;
#6256 = FACE_OUTER_BOUND ( 'NONE', #1275, .T. ) ;
#6257 = CIRCLE ( 'NONE', #6135, 37.86000000000017707 ) ;
#6258 = DIRECTION ( 'NONE',  ( 1.000000000000000000, 0.000000000000000000, 0.000000000000000000 ) ) ;
#6259 = EDGE_LOOP ( 'NONE', ( #6181, #716, #4900, #557 ) ) ;
#6260 = CARTESIAN_POINT ( 'NONE',  ( -8.994094444640694519, -36.77654533514109403, 153.6088764017578114 ) ) ;
#6261 = CARTESIAN_POINT ( 'NONE',  ( 0.000000000000000000, 0.000000000000000000, 25.00000000000000000 ) ) ;
#6262 = ORIENTED_EDGE ( 'NONE', *, *, #3034, .T. ) ;
#6263 = DIRECTION ( 'NONE',  ( 0.000000000000000000, -1.000000000000000000, 0.000000000000000000 ) ) ;
#6264 = DIRECTION ( 'NONE',  ( 1.000000000000000000, 0.000000000000000000, 0.000000000000000000 ) ) ;
#6265 = B_SPLINE_CURVE_WITH_KNOTS ( 'NONE', 3,
 ( #3519, #6225, #377, #3060, #869, #4490, #273, #2950, #6644, #1463, #5083, #5149, #1869, #6084, #4006, #2462, #6709, #6609, #1427, #6750, #5190, #3696, #6331, #1634, #4218, #487, #2674, #2010, #3763, #5744 ),
 .UNSPECIFIED., .F., .F.,
 ( 4, 2, 2, 2, 2, 2, 2, 2, 2, 2, 2, 2, 2, 2, 4 ),
 ( 1.734723475976807094E-18, 0.0008130418704358075488, 0.001219562805653716039, 0.001626083740871624855, 0.002032604676089533238, 0.002439125611307442053, 0.002845646546525350869, 0.003252167481743259685, 0.004065209352179118517, 0.004471730287397066364, 0.004878251222615013344, 0.005284772157832962058, 0.005691293093050909906, 0.006097814028268856885, 0.006504334963486804733 ),
 .UNSPECIFIED. ) ;
#6266 = AXIS2_PLACEMENT_3D ( 'NONE', #140, #4327, #1711 ) ;
#6267 = VERTEX_POINT ( 'NONE', #2481 ) ;
#6268 = EDGE_CURVE ( 'NONE', #1083, #1731, #3743, .T. ) ;
#6269 = ORIENTED_EDGE ( 'NONE', *, *, #3317, .F. ) ;
#6270 = VECTOR ( 'NONE', #3904, 1000.000000000000114 ) ;
#6271 = CARTESIAN_POINT ( 'NONE',  ( -12.20000000000000284, 30.49982358402804294, 119.4999999999998295 ) ) ;
#6272 = CARTESIAN_POINT ( 'NONE',  ( 12.95926162749725741, 35.57353935756879793, 147.9914081872842075 ) ) ;
#6273 = ORIENTED_EDGE ( 'NONE', *, *, #1203, .T. ) ;
#6274 = DIRECTION ( 'NONE',  ( 1.000000000000000000, 0.000000000000000000, 0.000000000000000000 ) ) ;
#6275 = AXIS2_PLACEMENT_3D ( 'NONE', #3716, #3150, #4300 ) ;
#6276 = EDGE_LOOP ( 'NONE', ( #4844, #5789 ) ) ;
#6277 = EDGE_CURVE ( 'NONE', #5886, #5669, #3554, .T. ) ;
#6278 = ORIENTED_EDGE ( 'NONE', *, *, #6893, .T. ) ;
#6279 = FACE_OUTER_BOUND ( 'NONE', #1773, .T. ) ;
#6280 = CARTESIAN_POINT ( 'NONE',  ( 3.265987202574514914, -33.64183894487069892, 38.00000000000002842 ) ) ;
#6281 = CARTESIAN_POINT ( 'NONE',  ( 8.273339352147646153, -36.94549480458039881, 148.0948695499414498 ) ) ;
#6282 = CARTESIAN_POINT ( 'NONE',  ( -10.62740794860112459, 32.61218191951935808, 120.7427575081291735 ) ) ;
#6283 = AXIS2_PLACEMENT_3D ( 'NONE', #4162, #1436, #3566 ) ;
#6284 = PERSON_AND_ORGANIZATION_ROLE ( 'classification_officer' ) ;
#6285 = CARTESIAN_POINT ( 'NONE',  ( 7.697010219495006744, -37.06988032454860615, 48.99999999999996447 ) ) ;
#6286 = AXIS2_PLACEMENT_3D ( 'NONE', #4594, #3482, #4530 ) ;
#6287 = DIRECTION ( 'NONE',  ( -0.000000000000000000, -0.000000000000000000, -1.000000000000000000 ) ) ;
#6288 = CARTESIAN_POINT ( 'NONE',  ( 3.101721574042646701, -31.94979379083875415, 188.0000000000000000 ) ) ;
#6289 = ORIENTED_EDGE ( 'NONE', *, *, #6893, .F. ) ;
#6290 = DIRECTION ( 'NONE',  ( -0.000000000000000000, -1.000000000000000000, -0.000000000000000000 ) ) ;
#6291 = CARTESIAN_POINT ( 'NONE',  ( -13.98584434313094604, -13.98584434313071689, 188.0000000000000000 ) ) ;
#6292 = ORIENTED_EDGE ( 'NONE', *, *, #8, .T. ) ;
#6293 = CC_DESIGN_PERSON_AND_ORGANIZATION_ASSIGNMENT ( #6172, #5651, ( #3998 ) ) ;
#6294 = UNCERTAINTY_MEASURE_WITH_UNIT (LENGTH_MEASURE( 1.000000000000000082E-05 ), #887, 'distance_accuracy_value', 'NONE');
#6295 = CARTESIAN_POINT ( 'NONE',  ( -22.14152460048586946, 30.71069564894885673, 93.79282384814563045 ) ) ;
#6296 = VECTOR ( 'NONE', #2359, 1000.000000000000000 ) ;
#6297 = CARTESIAN_POINT ( 'NONE',  ( -7.500011671745328456, -39.49982358402804294, 44.39999999999997726 ) ) ;
#6298 = ORIENTED_EDGE ( 'NONE', *, *, #6251, .T. ) ;
#6299 = LINE ( 'NONE', #4282, #3829 ) ;
#6300 = LINE ( 'NONE', #3167, #6185 ) ;
#6301 = VERTEX_POINT ( 'NONE', #3021 ) ;
#6302 = CARTESIAN_POINT ( 'NONE',  ( -20.90445221262353570, 31.56599467965634531, 37.51249470178902357 ) ) ;
#6303 = B_SPLINE_CURVE_WITH_KNOTS ( 'NONE', 3,
 ( #1595, #4801, #6003, #614, #3820, #87, #680, #2346, #5935, #6071, #753, #2205, #1826, #1171, #3960, #3295, #1306, #1238, #717, #4866, #4477, #4444, #4896, #1725, #4337, #2869, #6529, #5417 ),
 .UNSPECIFIED., .F., .F.,
 ( 4, 2, 2, 2, 2, 2, 2, 2, 2, 2, 2, 2, 2, 4 ),
 ( 0.009509541973058746253, 0.01009949879063109721, 0.01068945560820344642, 0.01186936924334814833, 0.01245932606092050622, 0.01304928287849286585, 0.01363923969606522374, 0.01422919651363758337, 0.01540911014878230088, 0.01599906696635464837, 0.01658902378392699759, 0.01717898060149934680, 0.01776893741907169255, 0.01894885105421640140 ),
 .UNSPECIFIED. ) ;
#6304 = CARTESIAN_POINT ( 'NONE',  ( -14.09153468401309262, 31.27174519607270398, 118.8364263801054079 ) ) ;
#6305 = CIRCLE ( 'NONE', #3644, 1.699999999999978417 ) ;
#6306 = EDGE_CURVE ( 'NONE', #4599, #169, #2500, .T. ) ;
#6307 = FACE_OUTER_BOUND ( 'NONE', #550, .T. ) ;
#6308 = ORIENTED_EDGE ( 'NONE', *, *, #2119, .T. ) ;
#6309 = CARTESIAN_POINT ( 'NONE',  ( 4.449999999999998401, -34.29999999999999716, 188.0000000000000000 ) ) ;
#6310 = CARTESIAN_POINT ( 'NONE',  ( 12.19999999999988560, 35.84047432721860815, 147.8999999999999488 ) ) ;
#6311 = ORIENTED_EDGE ( 'NONE', *, *, #6524, .F. ) ;
#6312 = DIRECTION ( 'NONE',  ( -0.000000000000000000, 0.000000000000000000, 1.000000000000000000 ) ) ;
#6313 = ADVANCED_FACE ( 'NONE', ( #4186 ), #5191, .F. ) ;
#6314 = ORIENTED_EDGE ( 'NONE', *, *, #597, .T. ) ;
#6315 = CARTESIAN_POINT ( 'NONE',  ( 19.51999999999999602, 30.29982358402804010, 91.84999999999999432 ) ) ;
#6316 = CYLINDRICAL_SURFACE ( 'NONE', #4602, 1.199999999999999734 ) ;
#6317 = DIRECTION ( 'NONE',  ( -0.000000000000000000, -0.000000000000000000, -1.000000000000000000 ) ) ;
#6318 = DIRECTION ( 'NONE',  ( -0.000000000000000000, 0.000000000000000000, 1.000000000000000000 ) ) ;
#6319 = MECHANICAL_CONTEXT ( 'NONE', #3461, 'mechanical' ) ;
#6320 = CARTESIAN_POINT ( 'NONE',  ( 9.317770236085754831, -36.69586672219583079, 43.60552776063879321 ) ) ;
#6321 = ADVANCED_FACE ( 'NONE', ( #2644 ), #4745, .F. ) ;
#6322 = DIRECTION ( 'NONE',  ( -1.000000000000000000, 0.000000000000000000, 0.000000000000000000 ) ) ;
#6323 = DIRECTION ( 'NONE',  ( -1.000000000000000000, 0.000000000000000000, 0.000000000000000000 ) ) ;
#6324 = EDGE_LOOP ( 'NONE', ( #6030, #1308, #5521, #6094 ) ) ;
#6325 = CARTESIAN_POINT ( 'NONE',  ( 0.000000000000000000, 0.000000000000000000, 96.00000000000000000 ) ) ;
#6326 = PLANE ( 'NONE',  #1620 ) ;
#6327 = VERTEX_POINT ( 'NONE', #6821 ) ;
#6328 = CARTESIAN_POINT ( 'NONE',  ( -7.500011671745328456, -37.10969448707032114, 147.9999999999999716 ) ) ;
#6329 = DIRECTION ( 'NONE',  ( 0.000000000000000000, -1.000000000000000000, 0.000000000000000000 ) ) ;
#6330 = ORIENTED_EDGE ( 'NONE', *, *, #5807, .F. ) ;
#6331 = CARTESIAN_POINT ( 'NONE',  ( 13.39398296986196968, 31.57696737352562977, 121.1096146168923724 ) ) ;
#6332 = DIRECTION ( 'NONE',  ( -0.000000000000000000, 0.000000000000000000, 1.000000000000000000 ) ) ;
#6333 = ORIENTED_EDGE ( 'NONE', *, *, #1315, .T. ) ;
#6334 = CARTESIAN_POINT ( 'NONE',  ( -4.468068730591641113, -32.43975741685360958, 188.0000000000000000 ) ) ;
#6335 = CARTESIAN_POINT ( 'NONE',  ( -14.19960965374511197, 31.22276550624241764, 119.6418209368546854 ) ) ;
#6336 = AXIS2_PLACEMENT_3D ( 'NONE', #1688, #226, #2763 ) ;
#6337 = CARTESIAN_POINT ( 'NONE',  ( 16.98412536343293766, 29.79982358402804010, 188.0000000000000000 ) ) ;
#6338 = EDGE_LOOP ( 'NONE', ( #4126, #4755, #5514, #4746 ) ) ;
#6339 = DIRECTION ( 'NONE',  ( -1.138138323803736265E-16, 1.000000000000000000, 0.000000000000000000 ) ) ;
#6340 = LINE ( 'NONE', #2581, #2032 ) ;
#6341 = ORIENTED_EDGE ( 'NONE', *, *, #338, .T. ) ;
#6342 = FACE_OUTER_BOUND ( 'NONE', #4519, .T. ) ;
#6343 = EDGE_CURVE ( 'NONE', #6161, #659, #2081, .T. ) ;
#6344 = ORIENTED_EDGE ( 'NONE', *, *, #2207, .F. ) ;
#6345 = VECTOR ( 'NONE', #1803, 1000.000000000000000 ) ;
#6346 = DIRECTION ( 'NONE',  ( -0.000000000000000000, 0.000000000000000000, 1.000000000000000000 ) ) ;
#6347 = EDGE_CURVE ( 'NONE', #2563, #3870, #6226, .T. ) ;
#6348 = DIRECTION ( 'NONE',  ( 1.000000000000000000, 0.000000000000000000, 0.000000000000000000 ) ) ;
#6349 = CARTESIAN_POINT ( 'NONE',  ( 7.500011671745328456, -34.49982358402804294, 150.9999999999999716 ) ) ;
#6350 = EDGE_CURVE ( 'NONE', #60, #4591, #2832, .T. ) ;
#6351 = DIRECTION ( 'NONE',  ( 1.000000000000000000, 0.000000000000000000, 0.000000000000000000 ) ) ;
#6352 = CARTESIAN_POINT ( 'NONE',  ( -12.20000000000000284, 33.49982358402804294, 121.4999999999998295 ) ) ;
#6353 = EDGE_CURVE ( 'NONE', #1636, #6460, #5707, .T. ) ;
#6354 = CARTESIAN_POINT ( 'NONE',  ( 4.468068730591639337, 32.43975741685360248, 188.0000000000000000 ) ) ;
#6355 = ORIENTED_EDGE ( 'NONE', *, *, #5076, .T. ) ;
#6356 = CARTESIAN_POINT ( 'NONE',  ( -9.358852893298799103, 36.68511854650333959, 120.4837709695973444 ) ) ;
#6357 = DIRECTION ( 'NONE',  ( -0.000000000000000000, 0.000000000000000000, 1.000000000000000000 ) ) ;
#6358 = ORIENTED_EDGE ( 'NONE', *, *, #3880, .F. ) ;
#6359 = CARTESIAN_POINT ( 'NONE',  ( -22.70022666796064215, 30.29982358402804010, 33.76394020423769149 ) ) ;
#6360 = CARTESIAN_POINT ( 'NONE',  ( 0.000000000000000000, 0.000000000000000000, 5.000000000000000000 ) ) ;
#6361 = ORIENTED_EDGE ( 'NONE', *, *, #6552, .T. ) ;
#6362 = CARTESIAN_POINT ( 'NONE',  ( -8.459247394083600824, -36.90331396951573595, 148.1509036270840340 ) ) ;
#6363 = VECTOR ( 'NONE', #1827, 1000.000000000000000 ) ;
#6364 = CARTESIAN_POINT ( 'NONE',  ( -19.84999999999999787, 95.39982358402802731, 93.50000000000000000 ) ) ;
#6365 = VERTEX_POINT ( 'NONE', #3628 ) ;
#6366 = FACE_OUTER_BOUND ( 'NONE', #3231, .T. ) ;
#6367 = CARTESIAN_POINT ( 'NONE',  ( -5.829330599566598714, -33.80101928582859472, 5.000000000000000000 ) ) ;
#6368 = AXIS2_PLACEMENT_3D ( 'NONE', #545, #2136, #5866 ) ;
#6369 = CYLINDRICAL_SURFACE ( 'NONE', #2661, 1.650000000000017231 ) ;
#6370 = ORIENTED_EDGE ( 'NONE', *, *, #3034, .F. ) ;
#6371 = DIRECTION ( 'NONE',  ( 0.000000000000000000, -1.000000000000000000, 0.000000000000000000 ) ) ;
#6372 = EDGE_LOOP ( 'NONE', ( #2531, #5657 ) ) ;
#6373 = DIRECTION ( 'NONE',  ( -1.000000000000000000, 0.000000000000000000, 0.000000000000000000 ) ) ;
#6374 = AXIS2_PLACEMENT_3D ( 'NONE', #1472, #2122, #952 ) ;
#6375 = VERTEX_POINT ( 'NONE', #1566 ) ;
#6376 = AXIS2_PLACEMENT_3D ( 'NONE', #1875, #4159, #1471 ) ;
#6377 = EDGE_CURVE ( 'NONE', #5645, #3133, #942, .T. ) ;
#6378 = EDGE_CURVE ( 'NONE', #4281, #4088, #980, .T. ) ;
#6379 = CARTESIAN_POINT ( 'NONE',  ( 3.265987202574514914, 33.64183894487069892, 188.0000000000000000 ) ) ;
#6380 = CARTESIAN_POINT ( 'NONE',  ( 4.140216108916104254, -32.18385272431964950, 58.00000000000002132 ) ) ;
#6381 = DIRECTION ( 'NONE',  ( 1.000000000000000000, -1.138138323803736265E-16, 0.000000000000000000 ) ) ;
#6382 = VECTOR ( 'NONE', #5763, 1000.000000000000000 ) ;
#6383 = EDGE_CURVE ( 'NONE', #740, #1645, #3697, .T. ) ;
#6384 = CARTESIAN_POINT ( 'NONE',  ( 0.000000000000000000, 0.000000000000000000, 38.00000000000003553 ) ) ;
#6385 = AXIS2_PLACEMENT_3D ( 'NONE', #1022, #6312, #3802 ) ;
#6386 = CARTESIAN_POINT ( 'NONE',  ( -7.500011671745328456, -34.49982358402804294, 42.99999999999997158 ) ) ;
#6387 = ORIENTED_EDGE ( 'NONE', *, *, #2593, .F. ) ;
#6388 = CYLINDRICAL_SURFACE ( 'NONE', #1843, 1.649999999999998579 ) ;
#6389 = CARTESIAN_POINT ( 'NONE',  ( 7.500011671745328456, -44.49982358402804294, 45.99999999999997158 ) ) ;
#6390 = EDGE_CURVE ( 'NONE', #2111, #4255, #1044, .T. ) ;
#6391 = AXIS2_PLACEMENT_3D ( 'NONE', #3446, #6017, #5949 ) ;
#6392 = ORIENTED_EDGE ( 'NONE', *, *, #1698, .F. ) ;
#6393 = CARTESIAN_POINT ( 'NONE',  ( -21.04444516293811773, 31.47280103159586773, 94.60604093999830866 ) ) ;
#6394 = LINE ( 'NONE', #4867, #5238 ) ;
#6395 = AXIS2_PLACEMENT_3D ( 'NONE', #1276, #825, #1796 ) ;
#6396 = ORIENTED_EDGE ( 'NONE', *, *, #682, .F. ) ;
#6397 = VECTOR ( 'NONE', #114, 1000.000000000000000 ) ;
#6398 = CARTESIAN_POINT ( 'NONE',  ( 19.51999999999999602, 95.39982358402802731, 93.50000000000000000 ) ) ;
#6399 = CARTESIAN_POINT ( 'NONE',  ( 21.84065587945272569, 30.92708127236431892, 36.64004749015198570 ) ) ;
#6400 = ORIENTED_EDGE ( 'NONE', *, *, #1461, .F. ) ;
#6401 = CARTESIAN_POINT ( 'NONE',  ( -19.58841420927050336, 32.40058595659038332, 37.70360056138703442 ) ) ;
#6402 = CARTESIAN_POINT ( 'NONE',  ( 15.69237908486685207, -30.49982358402804294, 188.0000000000000000 ) ) ;
#6403 = EDGE_CURVE ( 'NONE', #1184, #1703, #398, .T. ) ;
#6404 = CC_DESIGN_APPROVAL ( #3144, ( #4400 ) ) ;
#6405 = AXIS2_PLACEMENT_3D ( 'NONE', #6193, #4711, #2428 ) ;
#6406 = CARTESIAN_POINT ( 'NONE',  ( -5.829330599566612037, 33.80101928582860182, 25.00000000000000000 ) ) ;
#6407 = VERTEX_POINT ( 'NONE', #1498 ) ;
#6408 = DIRECTION ( 'NONE',  ( -0.000000000000000000, -1.000000000000000000, -0.000000000000000000 ) ) ;
#6409 = ORIENTED_EDGE ( 'NONE', *, *, #6762, .F. ) ;
#6410 = LINE ( 'NONE', #3742, #1163 ) ;
#6411 = VECTOR ( 'NONE', #747, 1000.000000000000000 ) ;
#6412 = ORIENTED_EDGE ( 'NONE', *, *, #121, .F. ) ;
#6413 = DIRECTION ( 'NONE',  ( -0.000000000000000000, -0.000000000000000000, -1.000000000000000000 ) ) ;
#6414 = CARTESIAN_POINT ( 'NONE',  ( 8.458802515895476049, -36.90342137027325009, 148.1506749195396253 ) ) ;
#6415 = DIRECTION ( 'NONE',  ( -1.000000000000000000, 0.000000000000000000, -0.000000000000000000 ) ) ;
#6416 = PLANE ( 'NONE',  #7 ) ;
#6417 = DIRECTION ( 'NONE',  ( 1.138138323803736265E-16, -1.000000000000000000, 0.000000000000000000 ) ) ;
#6418 = VERTEX_POINT ( 'NONE', #3132 ) ;
#6419 = CARTESIAN_POINT ( 'NONE',  ( 21.50000000000000000, 0.000000000000000000, 96.49999999999998579 ) ) ;
#6420 = DIRECTION ( 'NONE',  ( 0.000000000000000000, 1.000000000000000000, 0.000000000000000000 ) ) ;
#6421 = EDGE_CURVE ( 'NONE', #4158, #2012, #960, .T. ) ;
#6422 = EDGE_LOOP ( 'NONE', ( #5901, #5402, #2417, #1033, #1915, #4861, #4909, #332 ) ) ;
#6423 = CYLINDRICAL_SURFACE ( 'NONE', #5439, 1.199999999999999734 ) ;
#6424 = LINE ( 'NONE', #2144, #690 ) ;
#6425 = EDGE_CURVE ( 'NONE', #2012, #2642, #3097, .T. ) ;
#6426 = ORIENTED_EDGE ( 'NONE', *, *, #5801, .T. ) ;
#6427 = CARTESIAN_POINT ( 'NONE',  ( -4.450000000000001066, 34.29999999999999716, 0.000000000000000000 ) ) ;
#6428 = CARTESIAN_POINT ( 'NONE',  ( 3.101721574042661800, 31.94979379083875415, 188.0000000000000000 ) ) ;
#6429 = EDGE_CURVE ( 'NONE', #6600, #3312, #6300, .T. ) ;
#6430 = ORIENTED_EDGE ( 'NONE', *, *, #5042, .T. ) ;
#6431 = DIRECTION ( 'NONE',  ( -0.000000000000000000, -0.000000000000000000, -1.000000000000000000 ) ) ;
#6432 = CARTESIAN_POINT ( 'NONE',  ( 0.000000000000000000, -29.49982358402804294, 143.0000000000000284 ) ) ;
#6433 = LINE ( 'NONE', #3769, #6889 ) ;
#6434 = VECTOR ( 'NONE', #198, 1000.000000000000000 ) ;
#6435 = EDGE_CURVE ( 'NONE', #6600, #3329, #1013, .T. ) ;
#6436 = ORIENTED_EDGE ( 'NONE', *, *, #5796, .F. ) ;
#6437 = CARTESIAN_POINT ( 'NONE',  ( -12.20000000000000284, 30.49982358402804294, 119.4999999999998295 ) ) ;
#6438 = ORIENTED_EDGE ( 'NONE', *, *, #6353, .F. ) ;
#6439 = DIRECTION ( 'NONE',  ( 0.000000000000000000, -0.000000000000000000, -1.000000000000000000 ) ) ;
#6440 = CARTESIAN_POINT ( 'NONE',  ( 10.18936217289478563, -36.46317025485107166, 47.34394630276958793 ) ) ;
#6441 = ADVANCED_BREP_SHAPE_REPRESENTATION ( 'InternalMount', ( #6453, #1858, #1523 ), #172 ) ;
#6442 = CIRCLE ( 'NONE', #664, 3.000000000000002665 ) ;
#6443 = EDGE_LOOP ( 'NONE', ( #5346, #859, #4636, #3669 ) ) ;
#6444 = CARTESIAN_POINT ( 'NONE',  ( -17.24111961052080133, 33.70717377759418554, 90.33171188762518966 ) ) ;
#6445 = CARTESIAN_POINT ( 'NONE',  ( -19.84999999999999787, 35.29982358402804010, 88.84999999999999432 ) ) ;
#6446 = VECTOR ( 'NONE', #502, 1000.000000000000000 ) ;
#6447 = CARTESIAN_POINT ( 'NONE',  ( 16.52095165630761997, 34.06519862589159686, 34.92301320687976585 ) ) ;
#6448 = VECTOR ( 'NONE', #6855, 1000.000000000000000 ) ;
#6449 = DIRECTION ( 'NONE',  ( 0.000000000000000000, 0.000000000000000000, -1.000000000000000000 ) ) ;
#6450 = CARTESIAN_POINT ( 'NONE',  ( -3.250000000000001332, 34.29999999999999716, 183.0000000000000000 ) ) ;
#6451 = VERTEX_POINT ( 'NONE', #906 ) ;
#6452 = CARTESIAN_POINT ( 'NONE',  ( -9.360835125491558273, 36.68461275185777026, 118.5106925446773687 ) ) ;
#6453 = MANIFOLD_SOLID_BREP ( 'commsextension', #885 ) ;
#6454 = CARTESIAN_POINT ( 'NONE',  ( 20.93743727659200360, 31.54425294338625818, 89.19939525455512808 ) ) ;
#6455 = EDGE_LOOP ( 'NONE', ( #4681, #6387, #2873, #1529, #1293, #5220, #5355, #4610 ) ) ;
#6456 = DIRECTION ( 'NONE',  ( 0.000000000000000000, 0.000000000000000000, 1.000000000000000000 ) ) ;
#6457 = ADVANCED_FACE ( 'NONE', ( #2609, #488 ), #2801, .F. ) ;
#6458 = DIRECTION ( 'NONE',  ( 0.000000000000000000, 1.000000000000000000, 0.000000000000000000 ) ) ;
#6459 = EDGE_CURVE ( 'NONE', #1609, #6327, #4837, .T. ) ;
#6460 = VERTEX_POINT ( 'NONE', #1661 ) ;
#6461 = DIRECTION ( 'NONE',  ( -1.000000000000000000, 0.000000000000000000, 0.000000000000000000 ) ) ;
#6462 = CARTESIAN_POINT ( 'NONE',  ( -17.50001167174533023, 29.49982358402804294, 96.00000000000000000 ) ) ;
#6463 = ORIENTED_EDGE ( 'NONE', *, *, #5918, .T. ) ;
#6464 = FACE_OUTER_BOUND ( 'NONE', #4838, .T. ) ;
#6465 = DIRECTION ( 'NONE',  ( -0.000000000000000000, -0.000000000000000000, -1.000000000000000000 ) ) ;
#6466 = CARTESIAN_POINT ( 'NONE',  ( 0.000000000000000000, 0.000000000000000000, 183.0000000000000000 ) ) ;
#6467 = CIRCLE ( 'NONE', #1904, 1.599999999999997202 ) ;
#6468 = DIRECTION ( 'NONE',  ( -0.000000000000000000, -0.000000000000000000, -1.000000000000000000 ) ) ;
#6469 = VERTEX_POINT ( 'NONE', #556 ) ;
#6470 = CYLINDRICAL_SURFACE ( 'NONE', #945, 3.000000000000002665 ) ;
#6471 = EDGE_LOOP ( 'NONE', ( #3404, #2665 ) ) ;
#6472 = DIRECTION ( 'NONE',  ( -0.000000000000000000, -0.000000000000000000, -1.000000000000000000 ) ) ;
#6473 = CARTESIAN_POINT ( 'NONE',  ( 10.48029085734396659, -36.38055490040377293, 45.60304422845161554 ) ) ;
#6474 = CIRCLE ( 'NONE', #3258, 34.29999999999999716 ) ;
#6475 = ADVANCED_FACE ( 'NONE', ( #1209 ), #621, .T. ) ;
#6476 = EDGE_LOOP ( 'NONE', ( #6138, #1541, #5822, #6392 ) ) ;
#6477 = VECTOR ( 'NONE', #5267, 1000.000000000000000 ) ;
#6478 = CARTESIAN_POINT ( 'NONE',  ( 13.17857210308846660, 31.66747362246242403, 152.6489571710853284 ) ) ;
#6479 = DIRECTION ( 'NONE',  ( -0.000000000000000000, 0.000000000000000000, 1.000000000000000000 ) ) ;
#6480 = LINE ( 'NONE', #1814, #3279 ) ;
#6481 = EDGE_CURVE ( 'NONE', #5088, #3200, #5799, .T. ) ;
#6482 = PLANE ( 'NONE',  #668 ) ;
#6483 = CARTESIAN_POINT ( 'NONE',  ( -11.69582041301494435, 32.24534096513660586, 148.9475646105699980 ) ) ;
#6484 = CARTESIAN_POINT ( 'NONE',  ( 5.829330599566602267, 37.40853518598355976, 25.00000000000000000 ) ) ;
#6485 = VERTEX_POINT ( 'NONE', #1110 ) ;
#6486 = CIRCLE ( 'NONE', #45, 1.649999999999998579 ) ;
#6487 = DIRECTION ( 'NONE',  ( -0.000000000000000000, 0.000000000000000000, 1.000000000000000000 ) ) ;
#6488 = CARTESIAN_POINT ( 'NONE',  ( 22.40175477195661458, 30.52121021461885775, 90.98951361099238966 ) ) ;
#6489 = CIRCLE ( 'NONE', #5834, 1.650000000000017231 ) ;
#6490 = ORIENTED_EDGE ( 'NONE', *, *, #2808, .T. ) ;
#6491 = CYLINDRICAL_SURFACE ( 'NONE', #3560, 1.599999999999997202 ) ;
#6492 = CARTESIAN_POINT ( 'NONE',  ( -4.468068730591641113, -32.43975741685360958, 38.00000000000002842 ) ) ;
#6493 = EDGE_LOOP ( 'NONE', ( #2617, #1499, #6865, #5550, #5722, #2983, #4903, #4557, #6846, #3350 ) ) ;
#6494 = DIRECTION ( 'NONE',  ( -0.000000000000000000, -0.000000000000000000, -1.000000000000000000 ) ) ;
#6495 = CARTESIAN_POINT ( 'NONE',  ( -6.731679714890162813, -37.25723328709624838, 48.90639898648555572 ) ) ;
#6496 = ORIENTED_EDGE ( 'NONE', *, *, #2458, .F. ) ;
#6497 = CARTESIAN_POINT ( 'NONE',  ( -22.64637750012546036, 30.34016666762223835, 35.80002617366488948 ) ) ;
#6498 = CIRCLE ( 'NONE', #5286, 34.29999999999999716 ) ;
#6499 = LINE ( 'NONE', #1834, #4301 ) ;
#6500 = EDGE_CURVE ( 'NONE', #1546, #4622, #617, .T. ) ;
#6501 = VECTOR ( 'NONE', #5130, 1000.000000000000114 ) ;
#6502 = CARTESIAN_POINT ( 'NONE',  ( -12.20000000000010942, 43.49982358402805005, 147.8999999999997783 ) ) ;
#6503 = VECTOR ( 'NONE', #5618, 1000.000000000000000 ) ;
#6504 = LINE ( 'NONE', #4979, #4244 ) ;
#6505 = EDGE_LOOP ( 'NONE', ( #2342, #3010, #6195, #1112 ) ) ;
#6506 = CARTESIAN_POINT ( 'NONE',  ( -3.101721574042660468, -31.94979379083876125, 0.000000000000000000 ) ) ;
#6507 = ORIENTED_EDGE ( 'NONE', *, *, #1581, .F. ) ;
#6508 = CARTESIAN_POINT ( 'NONE',  ( 4.468068730591644666, -32.43975741685360248, 183.0000000000000000 ) ) ;
#6509 = B_SPLINE_CURVE_WITH_KNOTS ( 'NONE', 3,
 ( #4587, #2979, #5664, #6705, #1933, #6186, #900, #3015, #5142, #6746, #1971, #5700, #935, #6444, #503, #2162 ),
 .UNSPECIFIED., .F., .F.,
 ( 4, 2, 2, 2, 2, 2, 2, 4 ),
 ( 0.004227761125593858249, 0.004746346600517549127, 0.005264932075441240006, 0.005783517550364931752, 0.006302103025288622630, 0.006820688500212313508, 0.007339273975136005254, 0.008376444924983387011 ),
 .UNSPECIFIED. ) ;
#6510 = CARTESIAN_POINT ( 'NONE',  ( 7.500011671745327568, -37.10969448707032114, 42.99999999999996447 ) ) ;
#6511 = CIRCLE ( 'NONE', #5299, 3.000000000000002665 ) ;
#6512 = EDGE_CURVE ( 'NONE', #1014, #2003, #4315, .T. ) ;
#6513 = ORIENTED_EDGE ( 'NONE', *, *, #1947, .T. ) ;
#6514 = VECTOR ( 'NONE', #3344, 1000.000000000000000 ) ;
#6515 = CARTESIAN_POINT ( 'NONE',  ( -3.250000000000000000, -34.29999999999999716, 188.0000000000000000 ) ) ;
#6516 = CARTESIAN_POINT ( 'NONE',  ( 10.73122148102559059, 36.30770933332572525, 122.1231750152722242 ) ) ;
#6517 = FACE_OUTER_BOUND ( 'NONE', #2902, .T. ) ;
#6518 = EDGE_CURVE ( 'NONE', #629, #6375, #5505, .T. ) ;
#6519 = AXIS2_PLACEMENT_3D ( 'NONE', #6078, #2875, #3437 ) ;
#6520 = ORIENTED_EDGE ( 'NONE', *, *, #3194, .F. ) ;
#6521 = CARTESIAN_POINT ( 'NONE',  ( 5.829330599566593385, -32.18385272431964950, 143.0000000000000284 ) ) ;
#6522 = CARTESIAN_POINT ( 'NONE',  ( 19.52000000000059288, 95.39982358402802731, 36.35000000000000142 ) ) ;
#6523 = CARTESIAN_POINT ( 'NONE',  ( 19.52000000000059288, 30.29982358402804010, 34.70000000000000284 ) ) ;
#6524 = EDGE_CURVE ( 'NONE', #4242, #5308, #4343, .T. ) ;
#6525 = EDGE_LOOP ( 'NONE', ( #6513, #984, #554, #834 ) ) ;
#6526 = CARTESIAN_POINT ( 'NONE',  ( -8.271474163065116514, -36.94591829918218195, 43.09430209380148824 ) ) ;
#6527 = LINE ( 'NONE', #2793, #5737 ) ;
#6528 = VERTEX_POINT ( 'NONE', #6462 ) ;
#6529 = CARTESIAN_POINT ( 'NONE',  ( 7.108924448824054387, -37.18873471569849443, 48.99999999999997158 ) ) ;
#6530 = CARTESIAN_POINT ( 'NONE',  ( -19.84999999999999787, 95.39982358402802731, 91.84999999999999432 ) ) ;
#6531 = ORIENTED_EDGE ( 'NONE', *, *, #5564, .F. ) ;
#6532 = DIRECTION ( 'NONE',  ( 0.000000000000000000, 0.000000000000000000, -1.000000000000000000 ) ) ;
#6533 = DIRECTION ( 'NONE',  ( 1.000000000000000000, 0.000000000000000000, 0.000000000000000000 ) ) ;
#6534 = ORIENTED_EDGE ( 'NONE', *, *, #3489, .F. ) ;
#6535 = CARTESIAN_POINT ( 'NONE',  ( 10.90409415567169837, 32.52077003951126244, 121.0289250260734519 ) ) ;
#6536 = FACE_OUTER_BOUND ( 'NONE', #6148, .T. ) ;
#6537 = LINE ( 'NONE', #5979, #1102 ) ;
#6538 = LINE ( 'NONE', #3869, #6231 ) ;
#6539 = ORIENTED_EDGE ( 'NONE', *, *, #4241, .F. ) ;
#6540 = CARTESIAN_POINT ( 'NONE',  ( 6.731817491860641489, -37.25721594663845337, 148.0934688580918532 ) ) ;
#6541 = VERTEX_POINT ( 'NONE', #3825 ) ;
#6542 = DIRECTION ( 'NONE',  ( 0.000000000000000000, 1.000000000000000000, 0.000000000000000000 ) ) ;
#6543 = CARTESIAN_POINT ( 'NONE',  ( 5.829330599566596938, -33.80101928582859472, 58.00000000000002132 ) ) ;
#6544 = CIRCLE ( 'NONE', #5991, 1.200000000000000178 ) ;
#6545 = ORIENTED_EDGE ( 'NONE', *, *, #3065, .T. ) ;
#6546 = ORIENTED_EDGE ( 'NONE', *, *, #3276, .T. ) ;
#6547 = CARTESIAN_POINT ( 'NONE',  ( -15.17847238914730390, 34.68422689584913599, 151.3119566022126605 ) ) ;
#6548 = EDGE_CURVE ( 'NONE', #3493, #5486, #4087, .T. ) ;
#6549 = CARTESIAN_POINT ( 'NONE',  ( 10.39583446715717230, 36.40515529869171019, 117.0951556724526625 ) ) ;
#6550 = EDGE_CURVE ( 'NONE', #6089, #5646, #2637, .T. ) ;
#6551 = FACE_BOUND ( 'NONE', #1927, .T. ) ;
#6552 = EDGE_CURVE ( 'NONE', #5634, #6851, #4973, .T. ) ;
#6553 = ORIENTED_EDGE ( 'NONE', *, *, #768, .T. ) ;
#6554 = AXIS2_PLACEMENT_3D ( 'NONE', #1768, #1699, #3338 ) ;
#6555 = FACE_OUTER_BOUND ( 'NONE', #3833, .T. ) ;
#6556 = CARTESIAN_POINT ( 'NONE',  ( -11.94662752920692483, 32.15253789028786002, 152.8879355570239227 ) ) ;
#6557 = CARTESIAN_POINT ( 'NONE',  ( -7.500011671745328456, -39.49982358402804294, 149.3999999999999773 ) ) ;
#6558 = ORIENTED_EDGE ( 'NONE', *, *, #1154, .T. ) ;
#6559 = CARTESIAN_POINT ( 'NONE',  ( -8.459247394083606153, -36.90331396951573595, 43.15090362708404825 ) ) ;
#6560 = CARTESIAN_POINT ( 'NONE',  ( -16.98412536343293766, 30.29982358402804010, 92.73699637399576545 ) ) ;
#6561 = VECTOR ( 'NONE', #6066, 1000.000000000000000 ) ;
#6562 = EDGE_CURVE ( 'NONE', #5738, #931, #2872, .T. ) ;
#6563 = ORIENTED_EDGE ( 'NONE', *, *, #6712, .T. ) ;
#6564 = FACE_OUTER_BOUND ( 'NONE', #6476, .T. ) ;
#6565 = DIRECTION ( 'NONE',  ( -0.000000000000000000, -1.000000000000000000, -0.000000000000000000 ) ) ;
#6566 = ORIENTED_EDGE ( 'NONE', *, *, #3725, .T. ) ;
#6567 = CARTESIAN_POINT ( 'NONE',  ( -5.526877616082777500, -37.45467969409280329, 48.26831050629812836 ) ) ;
#6568 = ORIENTED_EDGE ( 'NONE', *, *, #3531, .T. ) ;
#6569 = CARTESIAN_POINT ( 'NONE',  ( 12.19999999999999751, 32.05698051906947654, 117.5000000000000000 ) ) ;
#6570 = CARTESIAN_POINT ( 'NONE',  ( 3.265987202574514914, -33.64183894487069892, 188.0000000000000000 ) ) ;
#6571 = FACE_OUTER_BOUND ( 'NONE', #2829, .T. ) ;
#6572 = CARTESIAN_POINT ( 'NONE',  ( 0.000000000000000000, 0.000000000000000000, 64.00000000000001421 ) ) ;
#6573 = ORIENTED_EDGE ( 'NONE', *, *, #4445, .T. ) ;
#6574 = DIRECTION ( 'NONE',  ( -0.000000000000000000, -1.000000000000000000, -0.000000000000000000 ) ) ;
#6575 = ORIENTED_EDGE ( 'NONE', *, *, #6001, .F. ) ;
#6576 = DIRECTION ( 'NONE',  ( -5.150515019224728438E-16, 1.000000000000000000, 0.000000000000000000 ) ) ;
#6577 = CARTESIAN_POINT ( 'NONE',  ( 7.694539878861257343, -37.07037958987112347, 42.99999999999997158 ) ) ;
#6578 = VERTEX_POINT ( 'NONE', #2349 ) ;
#6579 = ORIENTED_EDGE ( 'NONE', *, *, #3214, .F. ) ;
#6580 = CARTESIAN_POINT ( 'NONE',  ( -12.96408132691836279, 35.57179450852328273, 147.9925412043906761 ) ) ;
#6581 = CYLINDRICAL_SURFACE ( 'NONE', #38, 1.200000000000000178 ) ;
#6582 = DIRECTION ( 'NONE',  ( -0.000000000000000000, -0.000000000000000000, 1.000000000000000000 ) ) ;
#6583 = AXIS2_PLACEMENT_3D ( 'NONE', #4695, #5835, #16 ) ;
#6584 = EDGE_CURVE ( 'NONE', #1514, #5645, #5400, .T. ) ;
#6585 = EDGE_CURVE ( 'NONE', #1974, #5510, #5182, .T. ) ;
#6586 = CIRCLE ( 'NONE', #2910, 37.86000000000017707 ) ;
#6587 = VERTEX_POINT ( 'NONE', #4481 ) ;
#6588 = DIRECTION ( 'NONE',  ( 0.000000000000000000, 0.000000000000000000, 1.000000000000000000 ) ) ;
#6589 = CARTESIAN_POINT ( 'NONE',  ( 17.50001167174533023, -29.49982358402804294, 188.0000000000000000 ) ) ;
#6590 = FACE_OUTER_BOUND ( 'NONE', #3102, .T. ) ;
#6591 = FACE_OUTER_BOUND ( 'NONE', #578, .T. ) ;
#6592 = LINE ( 'NONE', #1922, #2623 ) ;
#6593 = CIRCLE ( 'NONE', #4596, 1.600000000000004086 ) ;
#6594 = EDGE_CURVE ( 'NONE', #1330, #6755, #2166, .T. ) ;
#6595 = CYLINDRICAL_SURFACE ( 'NONE', #5667, 1.599999999999990319 ) ;
#6596 = CIRCLE ( 'NONE', #1705, 3.000000000000002665 ) ;
#6597 = CARTESIAN_POINT ( 'NONE',  ( 3.250000000000000000, 34.29999999999999716, 188.0000000000000000 ) ) ;
#6598 = EDGE_LOOP ( 'NONE', ( #3662, #3062, #1017, #1080 ) ) ;
#6599 = CARTESIAN_POINT ( 'NONE',  ( -4.902022463899064597, -37.54147330308026653, 47.51313109870436335 ) ) ;
#6600 = VERTEX_POINT ( 'NONE', #6042 ) ;
#6601 = FACE_OUTER_BOUND ( 'NONE', #2275, .T. ) ;
#6602 = EDGE_CURVE ( 'NONE', #6006, #6485, #6075, .T. ) ;
#6603 = CARTESIAN_POINT ( 'NONE',  ( 1.649999999999822498, 34.29999999999999716, 0.000000000000000000 ) ) ;
#6604 = AXIS2_PLACEMENT_3D ( 'NONE', #5938, #1176, #5420 ) ;
#6605 = LINE ( 'NONE', #3440, #3675 ) ;
#6606 = LINE ( 'NONE', #2248, #1227 ) ;
#6607 = ORIENTED_EDGE ( 'NONE', *, *, #5950, .F. ) ;
#6608 = VECTOR ( 'NONE', #3423, 1000.000000000000000 ) ;
#6609 = CARTESIAN_POINT ( 'NONE',  ( 13.98522807363772813, 31.31943100974203631, 120.4115850760408506 ) ) ;
#6610 = EDGE_LOOP ( 'NONE', ( #5422, #1120, #2153, #1399, #342, #3479, #2024, #4416 ) ) ;
#6611 = DIRECTION ( 'NONE',  ( 0.000000000000000000, 0.000000000000000000, 1.000000000000000000 ) ) ;
#6612 = EDGE_CURVE ( 'NONE', #4028, #4663, #3067, .T. ) ;
#6613 = DIRECTION ( 'NONE',  ( 0.000000000000000000, 1.000000000000000000, -0.000000000000000000 ) ) ;
#6614 = VECTOR ( 'NONE', #6576, 1000.000000000000000 ) ;
#6615 = EDGE_LOOP ( 'NONE', ( #585, #3136, #5148, #1007 ) ) ;
#6616 = ORIENTED_EDGE ( 'NONE', *, *, #863, .T. ) ;
#6617 = CARTESIAN_POINT ( 'NONE',  ( -14.56039697926579457, 34.94837952997868058, 149.0378191367806266 ) ) ;
#6618 = CARTESIAN_POINT ( 'NONE',  ( 3.101721574042661800, 31.94979379083875415, 0.000000000000000000 ) ) ;
#6619 = AXIS2_PLACEMENT_3D ( 'NONE', #4870, #2183, #2210 ) ;
#6620 = CARTESIAN_POINT ( 'NONE',  ( 13.98584434313093361, -13.98584434313062808, 38.00000000000002842 ) ) ;
#6621 = CC_DESIGN_APPROVAL ( #4545, ( #3008 ) ) ;
#6622 = VECTOR ( 'NONE', #3559, 1000.000000000000000 ) ;
#6623 = VERTEX_POINT ( 'NONE', #3507 ) ;
#6624 = FACE_OUTER_BOUND ( 'NONE', #3433, .T. ) ;
#6625 = CARTESIAN_POINT ( 'NONE',  ( 12.19999999999988916, 32.05698051906951918, 152.8999999999999488 ) ) ;
#6626 = DIRECTION ( 'NONE',  ( 0.000000000000000000, 0.000000000000000000, -1.000000000000000000 ) ) ;
#6627 = B_SPLINE_CURVE_WITH_KNOTS ( 'NONE', 3,
 ( #762, #200, #2877, #2321, #794, #235, #4488, #6082, #3971, #1317, #3441, #5046, #4003, #6642, #4383, #6114, #6147, #1531, #3624, #416, #1460, #6782, #2948, #4146, #1425, #2536, #1935, #1386, #2008, #5081, #5633, #6748 ),
 .UNSPECIFIED., .F., .F.,
 ( 4, 2, 2, 2, 2, 2, 2, 2, 2, 2, 2, 2, 2, 2, 2, 4 ),
 ( 0.009705080363281159972, 0.01030356496952224664, 0.01090204957576333331, 0.01150053418200441997, 0.01209901878824550664, 0.01269750339448659157, 0.01329598800072767824, 0.01389447260696876491, 0.01449295721320985157, 0.01509144181945093824, 0.01568992642569202317, 0.01628841103193311157, 0.01688689563817419650, 0.01748538024441528491, 0.01808386485065636984, 0.01928083406313854317 ),
 .UNSPECIFIED. ) ;
#6628 = CARTESIAN_POINT ( 'NONE',  ( -8.275607949477677749, -36.94499383306101947, 48.90461617604779576 ) ) ;
#6629 = CARTESIAN_POINT ( 'NONE',  ( -7.500011671745328456, -44.49982358402804294, 147.9999999999999716 ) ) ;
#6630 = CIRCLE ( 'NONE', #1403, 1.599999999999990319 ) ;
#6631 = CARTESIAN_POINT ( 'NONE',  ( -3.250000000000000000, -34.29999999999999716, 188.0000000000000000 ) ) ;
#6632 = CARTESIAN_POINT ( 'NONE',  ( 11.33964904952936337, 32.37156322217914095, 152.7099774768630880 ) ) ;
#6633 = ORIENTED_EDGE ( 'NONE', *, *, #6421, .T. ) ;
#6634 = DIRECTION ( 'NONE',  ( -0.000000000000000000, -1.000000000000000000, -0.000000000000000000 ) ) ;
#6635 = EDGE_CURVE ( 'NONE', #2249, #5483, #1412, .T. ) ;
#6636 = ORIENTED_EDGE ( 'NONE', *, *, #1828, .F. ) ;
#6637 = CARTESIAN_POINT ( 'NONE',  ( -11.81898697491264016, 35.96845483697624957, 147.9182083167209214 ) ) ;
#6638 = FACE_OUTER_BOUND ( 'NONE', #3886, .T. ) ;
#6639 = CARTESIAN_POINT ( 'NONE',  ( 15.20031443468480248, 34.67463108970864738, 151.0977019146111502 ) ) ;
#6640 = CARTESIAN_POINT ( 'NONE',  ( -4.519428727797662582, -37.58930590972977370, 151.3946642212217171 ) ) ;
#6641 = EDGE_CURVE ( 'NONE', #1014, #991, #1961, .T. ) ;
#6642 = CARTESIAN_POINT ( 'NONE',  ( 9.362051580390231109, 36.68430270376601499, 151.8927661957510509 ) ) ;
#6643 = ORIENTED_EDGE ( 'NONE', *, *, #5406, .F. ) ;
#6644 = CARTESIAN_POINT ( 'NONE',  ( 13.76626402111484992, 31.41634462328259758, 118.2493661105998797 ) ) ;
#6645 = ORIENTED_EDGE ( 'NONE', *, *, #6160, .T. ) ;
#6646 = PLANE ( 'NONE',  #6286 ) ;
#6647 = FACE_OUTER_BOUND ( 'NONE', #1045, .T. ) ;
#6648 = EDGE_LOOP ( 'NONE', ( #154, #5696, #1561, #4570 ) ) ;
#6649 = EDGE_CURVE ( 'NONE', #2440, #675, #3387, .T. ) ;
#6650 = LINE ( 'NONE', #844, #1049 ) ;
#6651 = DIRECTION ( 'NONE',  ( -0.000000000000000000, 0.000000000000000000, 1.000000000000000000 ) ) ;
#6652 = CARTESIAN_POINT ( 'NONE',  ( 2.049999999999999822, 34.29999999999999716, 188.0000000000000000 ) ) ;
#6653 = ORIENTED_EDGE ( 'NONE', *, *, #1074, .F. ) ;
#6654 = DIRECTION ( 'NONE',  ( 0.000000000000000000, -0.000000000000000000, -1.000000000000000000 ) ) ;
#6655 = CARTESIAN_POINT ( 'NONE',  ( 3.250000000000000000, 34.29999999999999716, 188.0000000000000000 ) ) ;
#6656 = DIRECTION ( 'NONE',  ( 0.000000000000000000, 0.000000000000000000, 1.000000000000000000 ) ) ;
#6657 = CIRCLE ( 'NONE', #3438, 1.649999999999998579 ) ;
#6658 = DIRECTION ( 'NONE',  ( 0.000000000000000000, 0.000000000000000000, -1.000000000000000000 ) ) ;
#6659 = CARTESIAN_POINT ( 'NONE',  ( 12.19999999999988738, 33.49982358402804294, 150.8999999999999488 ) ) ;
#6660 = FACE_OUTER_BOUND ( 'NONE', #1578, .T. ) ;
#6661 = VECTOR ( 'NONE', #4035, 1000.000000000000000 ) ;
#6662 = FACE_OUTER_BOUND ( 'NONE', #32, .T. ) ;
#6663 = CARTESIAN_POINT ( 'NONE',  ( 12.19999999999988738, 32.05698051906951207, 148.8999999999999488 ) ) ;
#6664 = ORIENTED_EDGE ( 'NONE', *, *, #2755, .F. ) ;
#6665 = DIRECTION ( 'NONE',  ( -0.000000000000000000, 0.000000000000000000, 1.000000000000000000 ) ) ;
#6666 = AXIS2_PLACEMENT_3D ( 'NONE', #48, #4173, #3189 ) ;
#6667 = ORIENTED_EDGE ( 'NONE', *, *, #480, .F. ) ;
#6668 = DIRECTION ( 'NONE',  ( -0.000000000000000000, -1.000000000000000000, -0.000000000000000000 ) ) ;
#6669 = FACE_BOUND ( 'NONE', #5497, .T. ) ;
#6670 = CARTESIAN_POINT ( 'NONE',  ( -16.98412536343293766, 29.79982358402804010, 96.00000000000000000 ) ) ;
#6671 = EDGE_CURVE ( 'NONE', #1138, #2148, #1418, .T. ) ;
#6672 = CIRCLE ( 'NONE', #6112, 34.29999999999999716 ) ;
#6673 = EDGE_CURVE ( 'NONE', #532, #6776, #1034, .T. ) ;
#6674 = CARTESIAN_POINT ( 'NONE',  ( -4.654662127145992478, -37.57285708989564910, 150.0288866454063736 ) ) ;
#6675 = DIRECTION ( 'NONE',  ( 0.000000000000000000, -1.000000000000000000, 0.000000000000000000 ) ) ;
#6676 = EDGE_LOOP ( 'NONE', ( #5361, #5007, #6273, #5166 ) ) ;
#6677 = CARTESIAN_POINT ( 'NONE',  ( -17.50001167174533023, -29.49982358402804294, 64.00000000000001421 ) ) ;
#6678 = EDGE_LOOP ( 'NONE', ( #495, #958, #1806, #5678 ) ) ;
#6679 = DIRECTION ( 'NONE',  ( -0.000000000000000000, 0.000000000000000000, 1.000000000000000000 ) ) ;
#6680 = CYLINDRICAL_SURFACE ( 'NONE', #4853, 3.000000000000002665 ) ;
#6681 = ORIENTED_EDGE ( 'NONE', *, *, #6378, .F. ) ;
#6682 = VERTEX_POINT ( 'NONE', #3049 ) ;
#6683 = DIRECTION ( 'NONE',  ( -1.000000000000000000, 0.000000000000000000, -0.000000000000000000 ) ) ;
#6684 = LINE ( 'NONE', #4499, #5824 ) ;
#6685 = ORIENTED_EDGE ( 'NONE', *, *, #5109, .T. ) ;
#6686 = DIRECTION ( 'NONE',  ( 0.000000000000000000, 0.000000000000000000, -1.000000000000000000 ) ) ;
#6687 = EDGE_CURVE ( 'NONE', #629, #2568, #5734, .T. ) ;
#6688 = VERTEX_POINT ( 'NONE', #368 ) ;
#6689 = ORIENTED_EDGE ( 'NONE', *, *, #6429, .F. ) ;
#6690 = CARTESIAN_POINT ( 'NONE',  ( -16.98412536343293766, 27.79982358402804365, 30.40000000000000924 ) ) ;
#6691 = CARTESIAN_POINT ( 'NONE',  ( -15.20050223916832088, 34.67454876403193964, 119.3040061108603851 ) ) ;
#6692 = DIRECTION ( 'NONE',  ( 0.000000000000000000, -1.000000000000000000, 0.000000000000000000 ) ) ;
#6693 = DIRECTION ( 'NONE',  ( 1.000000000000000000, 0.000000000000000000, 0.000000000000000000 ) ) ;
#6694 = PERSON_AND_ORGANIZATION ( #18446744073709551615, #18446744073709551615 ) ;
#6695 = DIRECTION ( 'NONE',  ( -0.000000000000000000, 0.000000000000000000, 1.000000000000000000 ) ) ;
#6696 = EDGE_CURVE ( 'NONE', #2289, #5203, #3089, .T. ) ;
#6697 = CARTESIAN_POINT ( 'NONE',  ( 15.20031443468491261, 34.67463108970858343, 119.6977019146112013 ) ) ;
#6698 = FACE_OUTER_BOUND ( 'NONE', #4129, .T. ) ;
#6699 = ORIENTED_EDGE ( 'NONE', *, *, #1677, .F. ) ;
#6700 = CARTESIAN_POINT ( 'NONE',  ( 18.10812728116673043, 33.24919971934214402, 94.50385450036104373 ) ) ;
#6701 = ORIENTED_EDGE ( 'NONE', *, *, #2217, .T. ) ;
#6702 = FACE_BOUND ( 'NONE', #1200, .T. ) ;
#6703 = DIRECTION ( 'NONE',  ( -1.000000000000000000, 0.000000000000000000, 0.000000000000000000 ) ) ;
#6704 = VECTOR ( 'NONE', #98, 1000.000000000000000 ) ;
#6705 = CARTESIAN_POINT ( 'NONE',  ( -19.25607662033499068, 32.59774277778044649, 88.90557068953557973 ) ) ;
#6706 = CARTESIAN_POINT ( 'NONE',  ( -4.901727224559155438, -37.54150916358286594, 149.4875587147337512 ) ) ;
#6707 = PLANE ( 'NONE',  #4130 ) ;
#6708 = ORIENTED_EDGE ( 'NONE', *, *, #6813, .F. ) ;
#6709 = CARTESIAN_POINT ( 'NONE',  ( 14.14396506204053772, 31.24822722181849954, 120.0413929632201189 ) ) ;
#6710 = ORIENTED_EDGE ( 'NONE', *, *, #3965, .F. ) ;
#6711 = LINE ( 'NONE', #2464, #3847 ) ;
#6712 = EDGE_CURVE ( 'NONE', #4095, #4776, #6250, .T. ) ;
#6713 = LINE ( 'NONE', #5748, #5853 ) ;
#6714 = EDGE_LOOP ( 'NONE', ( #111, #3695, #143, #1694, #5875, #4593, #5659, #1204, #1396, #3903, #1166, #285 ) ) ;
#6715 = CIRCLE ( 'NONE', #5280, 3.000000000000002665 ) ;
#6716 = VERTEX_POINT ( 'NONE', #5179 ) ;
#6717 = DIRECTION ( 'NONE',  ( 0.000000000000000000, -1.000000000000000000, 0.000000000000000000 ) ) ;
#6718 = FACE_BOUND ( 'NONE', #2824, .T. ) ;
#6719 = ORIENTED_EDGE ( 'NONE', *, *, #2263, .T. ) ;
#6720 = DIRECTION ( 'NONE',  ( -0.000000000000000000, -0.000000000000000000, 1.000000000000000000 ) ) ;
#6721 = EDGE_CURVE ( 'NONE', #1248, #6255, #1722, .T. ) ;
#6722 = CIRCLE ( 'NONE', #2615, 2.000000000000001776 ) ;
#6723 = VERTEX_POINT ( 'NONE', #1966 ) ;
#6724 = ORIENTED_EDGE ( 'NONE', *, *, #947, .F. ) ;
#6725 = FACE_OUTER_BOUND ( 'NONE', #4647, .T. ) ;
#6726 = VECTOR ( 'NONE', #3061, 1000.000000000000000 ) ;
#6727 = ADVANCED_FACE ( 'NONE', ( #6214 ), #5215, .T. ) ;
#6728 = VECTOR ( 'NONE', #6695, 1000.000000000000000 ) ;
#6729 = CARTESIAN_POINT ( 'NONE',  ( 0.000000000000000000, 0.000000000000000000, 30.40000000000000924 ) ) ;
#6730 = PLANE ( 'NONE',  #5146 ) ;
#6731 = EDGE_CURVE ( 'NONE', #1248, #6451, #4141, .T. ) ;
#6732 = LINE ( 'NONE', #6171, #6828 ) ;
#6733 = COORDINATED_UNIVERSAL_TIME_OFFSET ( 10, 0, .AHEAD. ) ;
#6734 = LINE ( 'NONE', #3575, #6063 ) ;
#6735 = VECTOR ( 'NONE', #5565, 1000.000000000000000 ) ;
#6736 = CARTESIAN_POINT ( 'NONE',  ( 12.19999999999999751, 35.84047432721857263, 122.5000000000000000 ) ) ;
#6737 = ADVANCED_FACE ( 'NONE', ( #5771 ), #1004, .T. ) ;
#6738 = CARTESIAN_POINT ( 'NONE',  ( 11.00746137943954217, 32.48598324750676625, 152.5108118867862856 ) ) ;
#6739 = ORIENTED_EDGE ( 'NONE', *, *, #4016, .T. ) ;
#6740 = CIRCLE ( 'NONE', #1295, 34.29999999999999716 ) ;
#6741 = DIRECTION ( 'NONE',  ( -0.000000000000000000, 0.000000000000000000, 1.000000000000000000 ) ) ;
#6742 = ORIENTED_EDGE ( 'NONE', *, *, #5373, .F. ) ;
#6743 = CARTESIAN_POINT ( 'NONE',  ( -12.00830575672575584, 35.90572652635505335, 147.8999999999997499 ) ) ;
#6744 = DIRECTION ( 'NONE',  ( -0.000000000000000000, -1.000000000000000000, -0.000000000000000000 ) ) ;
#6745 = VECTOR ( 'NONE', #2036, 1000.000000000000000 ) ;
#6746 = CARTESIAN_POINT ( 'NONE',  ( -18.00403507737551223, 33.30549604388734508, 89.47990994323534153 ) ) ;
#6747 = CARTESIAN_POINT ( 'NONE',  ( -7.110317498549347803, -37.18683351733105980, 148.0190777706588108 ) ) ;
#6748 = CARTESIAN_POINT ( 'NONE',  ( 12.19999999999988560, 35.84047432721860815, 147.8999999999999488 ) ) ;
#6749 = ORIENTED_EDGE ( 'NONE', *, *, #3245, .T. ) ;
#6750 = CARTESIAN_POINT ( 'NONE',  ( 13.76916061850514872, 31.41507531481867943, 120.7470552860016113 ) ) ;
#6751 = DIRECTION ( 'NONE',  ( -1.000000000000000000, 0.000000000000000000, 0.000000000000000000 ) ) ;
#6752 = ORIENTED_EDGE ( 'NONE', *, *, #1669, .T. ) ;
#6753 = CARTESIAN_POINT ( 'NONE',  ( -17.50001167174533023, 29.49982358402804294, 30.40000000000000924 ) ) ;
#6754 = CYLINDRICAL_SURFACE ( 'NONE', #3293, 3.000000000000002665 ) ;
#6755 = VERTEX_POINT ( 'NONE', #4212 ) ;
#6756 = EDGE_LOOP ( 'NONE', ( #3309, #1350 ) ) ;
#6757 = CARTESIAN_POINT ( 'NONE',  ( 12.45555375391212749, 31.95883535201123138, 152.8876705040544834 ) ) ;
#6758 = DIRECTION ( 'NONE',  ( 0.000000000000000000, 1.000000000000000000, -0.000000000000000000 ) ) ;
#6759 = EDGE_LOOP ( 'NONE', ( #3992, #6774, #4152, #3302 ) ) ;
#6760 = CARTESIAN_POINT ( 'NONE',  ( -3.265987202574514914, 33.64183894487069892, 183.0000000000000000 ) ) ;
#6761 = ORIENTED_EDGE ( 'NONE', *, *, #4474, .T. ) ;
#6762 = EDGE_CURVE ( 'NONE', #2790, #6528, #4072, .T. ) ;
#6763 = ORIENTED_EDGE ( 'NONE', *, *, #1920, .T. ) ;
#6764 = ADVANCED_FACE ( 'NONE', ( #1720 ), #6388, .F. ) ;
#6765 = DIRECTION ( 'NONE',  ( 0.000000000000000000, 0.000000000000000000, -1.000000000000000000 ) ) ;
#6766 = FACE_BOUND ( 'NONE', #3698, .T. ) ;
#6767 = CARTESIAN_POINT ( 'NONE',  ( 10.49985096882598690, -36.37489147282911972, 151.2006565580409472 ) ) ;
#6768 = CARTESIAN_POINT ( 'NONE',  ( -16.98412536343293766, 35.29982358402804010, 92.73699637399576545 ) ) ;
#6769 = PERSON_AND_ORGANIZATION ( #18446744073709551615, #18446744073709551615 ) ;
#6770 = CARTESIAN_POINT ( 'NONE',  ( 8.459178057512485083, -36.90333693359226430, 48.84922359414930781 ) ) ;
#6771 = ADVANCED_FACE ( 'NONE', ( #2697 ), #5837, .T. ) ;
#6772 = CARTESIAN_POINT ( 'NONE',  ( 6.397958626452089978E-15, -34.29999999999999716, 188.0000000000000000 ) ) ;
#6773 = DIRECTION ( 'NONE',  ( -0.000000000000000000, -1.000000000000000000, -0.000000000000000000 ) ) ;
#6774 = ORIENTED_EDGE ( 'NONE', *, *, #5023, .F. ) ;
#6775 = CARTESIAN_POINT ( 'NONE',  ( 16.54384119805758857, 34.05412491125414221, 92.28255182440106807 ) ) ;
#6776 = VERTEX_POINT ( 'NONE', #2138 ) ;
#6777 = CARTESIAN_POINT ( 'NONE',  ( 17.50001167174533023, 29.49982358402804294, 188.0000000000000000 ) ) ;
#6778 = AXIS2_PLACEMENT_3D ( 'NONE', #2178, #4771, #2604 ) ;
#6779 = EDGE_CURVE ( 'NONE', #5718, #6866, #3041, .T. ) ;
#6780 = CARTESIAN_POINT ( 'NONE',  ( 13.99790070733143388, 35.17767031201131545, 153.3092933317953452 ) ) ;
#6781 = DIRECTION ( 'NONE',  ( -0.7071067811865381358, 0.7071067811865570096, 0.000000000000000000 ) ) ;
#6782 = CARTESIAN_POINT ( 'NONE',  ( 9.514369151831042259, 36.64509393241921487, 149.5480065956650151 ) ) ;
#6783 = AXIS2_PLACEMENT_3D ( 'NONE', #3535, #3984, #6588 ) ;
#6784 = ORIENTED_EDGE ( 'NONE', *, *, #80, .T. ) ;
#6785 = CARTESIAN_POINT ( 'NONE',  ( -9.468663199978008649, -36.65712148132954695, 148.7279213068183594 ) ) ;
#6786 = CARTESIAN_POINT ( 'NONE',  ( 0.000000000000000000, 30.49982358402804294, 96.49999999999998579 ) ) ;
#6787 = VERTEX_POINT ( 'NONE', #5444 ) ;
#6788 = LINE ( 'NONE', #2013, #1280 ) ;
#6789 = CARTESIAN_POINT ( 'NONE',  ( -19.84999999999999787, 27.79982358402804365, 93.50000000000000000 ) ) ;
#6790 = AXIS2_PLACEMENT_3D ( 'NONE', #6013, #3935, #3339 ) ;
#6791 = EDGE_LOOP ( 'NONE', ( #5101, #3629, #460, #1475 ) ) ;
#6792 = VERTEX_POINT ( 'NONE', #5967 ) ;
#6793 = DIRECTION ( 'NONE',  ( 0.000000000000000000, -0.000000000000000000, -1.000000000000000000 ) ) ;
#6794 = CARTESIAN_POINT ( 'NONE',  ( 13.50207224059045252, 35.37103546049890923, 148.1904232560639230 ) ) ;
#6795 = EDGE_LOOP ( 'NONE', ( #3739, #466, #5804, #4797 ) ) ;
#6796 = CARTESIAN_POINT ( 'NONE',  ( -17.50001167174533023, -29.49982358402804294, 163.0000000000000000 ) ) ;
#6797 = ORIENTED_EDGE ( 'NONE', *, *, #4066, .F. ) ;
#6798 = EDGE_LOOP ( 'NONE', ( #749, #2401 ) ) ;
#6799 = CARTESIAN_POINT ( 'NONE',  ( 3.249999999999998668, -34.29999999999999716, 188.0000000000000000 ) ) ;
#6800 = LINE ( 'NONE', #2027, #6501 ) ;
#6801 = DIRECTION ( 'NONE',  ( 1.000000000000000000, 0.000000000000000000, 0.000000000000000000 ) ) ;
#6802 = DIRECTION ( 'NONE',  ( -0.7071067811865416886, -0.7071067811865532349, 0.000000000000000000 ) ) ;
#6803 = PERSON_AND_ORGANIZATION ( #18446744073709551615, #18446744073709551615 ) ;
#6804 = CARTESIAN_POINT ( 'NONE',  ( 17.50001167174533023, 29.49982358402804294, 0.000000000000000000 ) ) ;
#6805 = EDGE_CURVE ( 'NONE', #5753, #1633, #1173, .T. ) ;
#6806 = VECTOR ( 'NONE', #2937, 1000.000000000000000 ) ;
#6807 = CARTESIAN_POINT ( 'NONE',  ( 21.50000000000000000, 30.49982358402804294, 170.4999999999999716 ) ) ;
#6808 = CARTESIAN_POINT ( 'NONE',  ( 16.98412536343293766, 27.79982358402804365, 96.00000000000000000 ) ) ;
#6809 = ORIENTED_EDGE ( 'NONE', *, *, #4852, .F. ) ;
#6810 = DIRECTION ( 'NONE',  ( -0.000000000000000000, -0.000000000000000000, -1.000000000000000000 ) ) ;
#6811 = CYLINDRICAL_SURFACE ( 'NONE', #1517, 1.650000000000017231 ) ;
#6812 = VECTOR ( 'NONE', #3321, 1000.000000000000114 ) ;
#6813 = EDGE_CURVE ( 'NONE', #1318, #5228, #1684, .T. ) ;
#6814 = ORIENTED_EDGE ( 'NONE', *, *, #266, .F. ) ;
#6815 = CARTESIAN_POINT ( 'NONE',  ( -21.80867989599095580, 30.94802536792867542, 94.12770950375789880 ) ) ;
#6816 = AXIS2_PLACEMENT_3D ( 'NONE', #5606, #4013, #1434 ) ;
#6817 = LINE ( 'NONE', #6297, #784 ) ;
#6818 = EDGE_CURVE ( 'NONE', #1125, #2118, #2172, .T. ) ;
#6819 = ORIENTED_EDGE ( 'NONE', *, *, #346, .T. ) ;
#6820 = CARTESIAN_POINT ( 'NONE',  ( -10.40266281491893352, -36.40282740153141106, 151.7834479332123294 ) ) ;
#6821 = CARTESIAN_POINT ( 'NONE',  ( -4.468068730591639337, 32.43975741685360248, 0.000000000000000000 ) ) ;
#6822 = ORIENTED_EDGE ( 'NONE', *, *, #4932, .T. ) ;
#6823 = CARTESIAN_POINT ( 'NONE',  ( -18.84847453205206591, 32.83509776244369505, 37.53206472435279295 ) ) ;
#6824 = CARTESIAN_POINT ( 'NONE',  ( -13.98517185470511315, 31.31945666120670424, 118.5881914351064381 ) ) ;
#6825 = EDGE_LOOP ( 'NONE', ( #2653, #3091, #2579, #3027 ) ) ;
#6826 = EDGE_CURVE ( 'NONE', #3329, #3532, #2387, .T. ) ;
#6827 = VERTEX_POINT ( 'NONE', #4891 ) ;
#6828 = VECTOR ( 'NONE', #6802, 1000.000000000000114 ) ;
#6829 = CARTESIAN_POINT ( 'NONE',  ( -19.84999999999940457, 35.29982358402804010, 34.70000000000000284 ) ) ;
#6830 = CARTESIAN_POINT ( 'NONE',  ( 14.77895793981166861, 34.85651686207516065, 149.3547710436200191 ) ) ;
#6831 = ORIENTED_EDGE ( 'NONE', *, *, #5668, .T. ) ;
#6832 = DIRECTION ( 'NONE',  ( -1.000000000000000000, 0.000000000000000000, 0.000000000000000000 ) ) ;
#6833 = AXIS2_PLACEMENT_3D ( 'NONE', #3750, #639, #6351 ) ;
#6834 = VERTEX_POINT ( 'NONE', #112 ) ;
#6835 = ORIENTED_EDGE ( 'NONE', *, *, #1195, .T. ) ;
#6836 = DIRECTION ( 'NONE',  ( -1.000000000000000000, 0.000000000000000000, 0.000000000000000000 ) ) ;
#6837 = DIRECTION ( 'NONE',  ( -1.000000000000000000, 0.000000000000000000, 0.000000000000000000 ) ) ;
#6838 = CARTESIAN_POINT ( 'NONE',  ( -3.250000000000001332, 34.29999999999999716, 0.000000000000000000 ) ) ;
#6839 = CARTESIAN_POINT ( 'NONE',  ( -5.829330599566602267, 0.000000000000000000, 163.0000000000000000 ) ) ;
#6840 = AXIS2_PLACEMENT_3D ( 'NONE', #1225, #6582, #282 ) ;
#6841 = LINE ( 'NONE', #3612, #3523 ) ;
#6842 = VECTOR ( 'NONE', #798, 1000.000000000000000 ) ;
#6843 = CARTESIAN_POINT ( 'NONE',  ( 5.829330599566602267, -33.80101928582860182, 188.0000000000000000 ) ) ;
#6844 = DIRECTION ( 'NONE',  ( 1.000000000000000000, 0.000000000000000000, 0.000000000000000000 ) ) ;
#6845 = B_SPLINE_CURVE_WITH_KNOTS ( 'NONE', 3,
 ( #4463, #4498, #1846, #5433, #211, #2783, #741, #3980, #2363, #2751, #3281, #6059, #4915, #772, #2887, #1746, #244, #2820, #6090, #1222, #637, #105, #4358, #6478, #3347, #4953, #178, #6757, #4679, #1433 ),
 .UNSPECIFIED., .F., .F.,
 ( 4, 2, 2, 2, 2, 2, 2, 2, 2, 2, 2, 2, 2, 2, 4 ),
 ( 0.000000000000000000, 0.0008130418704358074403, 0.001219562805653711052, 0.001626083740871614881, 0.002032604676089518492, 0.002439125611307422104, 0.002845646546525326150, 0.003252167481743229761, 0.004065209352179119384, 0.004471730287397067231, 0.004878251222615014211, 0.005284772157832961191, 0.005691293093050908171, 0.006097814028268855151, 0.006504334963486802998 ),
 .UNSPECIFIED. ) ;
#6846 = ORIENTED_EDGE ( 'NONE', *, *, #4562, .F. ) ;
#6847 = DIRECTION ( 'NONE',  ( -1.000000000000000000, 0.000000000000000000, 0.000000000000000000 ) ) ;
#6848 = FACE_OUTER_BOUND ( 'NONE', #6610, .T. ) ;
#6849 = LOCAL_TIME ( 18, 49, 51.00000000000000000, #1994 ) ;
#6850 = CIRCLE ( 'NONE', #1067, 32.10000000000000142 ) ;
#6851 = VERTEX_POINT ( 'NONE', #4243 ) ;
#6852 = DIRECTION ( 'NONE',  ( -1.000000000000000000, 0.000000000000000000, 0.000000000000000000 ) ) ;
#6853 = CIRCLE ( 'NONE', #5624, 2.000000000000001776 ) ;
#6854 = EDGE_CURVE ( 'NONE', #752, #4055, #5953, .T. ) ;
#6855 = DIRECTION ( 'NONE',  ( -1.000000000000000000, 0.000000000000000000, -0.000000000000000000 ) ) ;
#6856 = ORIENTED_EDGE ( 'NONE', *, *, #1911, .T. ) ;
#6857 = DIRECTION ( 'NONE',  ( 0.000000000000000000, -1.000000000000000000, 0.000000000000000000 ) ) ;
#6858 = CARTESIAN_POINT ( 'NONE',  ( 3.101721574042647589, -31.94979379083875415, 38.00000000000002842 ) ) ;
#6859 = EDGE_LOOP ( 'NONE', ( #988, #1196, #5235, #396 ) ) ;
#6860 = CARTESIAN_POINT ( 'NONE',  ( -21.44230553232457837, 31.20304229998929202, 37.24703201504627259 ) ) ;
#6861 = CARTESIAN_POINT ( 'NONE',  ( -2.049999999999999822, -34.29999999999999716, 5.000000000000004441 ) ) ;
#6862 = AXIS2_PLACEMENT_3D ( 'NONE', #6129, #6241, #921 ) ;
#6863 = ADVANCED_FACE ( 'NONE', ( #6591 ), #1821, .F. ) ;
#6864 = ADVANCED_FACE ( 'NONE', ( #2309 ), #2270, .F. ) ;
#6865 = ORIENTED_EDGE ( 'NONE', *, *, #902, .F. ) ;
#6866 = VERTEX_POINT ( 'NONE', #5998 ) ;
#6867 = LINE ( 'NONE', #6309, #3156 ) ;
#6868 = CARTESIAN_POINT ( 'NONE',  ( 3.265987202574514914, -33.64183894487069892, 188.0000000000000000 ) ) ;
#6869 = EDGE_LOOP ( 'NONE', ( #4393, #1589, #279, #250, #2819, #5937, #917, #2769, #5598, #770 ) ) ;
#6870 = LINE ( 'NONE', #2091, #3950 ) ;
#6871 = ADVANCED_FACE ( 'NONE', ( #4407, #1234 ), #4023, .F. ) ;
#6872 = ORIENTED_EDGE ( 'NONE', *, *, #4977, .T. ) ;
#6873 = CARTESIAN_POINT ( 'NONE',  ( 19.51999999999999602, 30.29982358402804010, 88.84999999999999432 ) ) ;
#6874 = DIRECTION ( 'NONE',  ( -1.000000000000000000, 0.000000000000000000, 0.000000000000000000 ) ) ;
#6875 = CARTESIAN_POINT ( 'NONE',  ( 5.829330599566601379, -37.40853518598355265, 183.0000000000000000 ) ) ;
#6876 = CARTESIAN_POINT ( 'NONE',  ( -20.15095499738681184, 32.05375989438628181, 31.69999999999997087 ) ) ;
#6877 = CARTESIAN_POINT ( 'NONE',  ( 5.829330599566602267, 0.000000000000000000, 5.000000000000000000 ) ) ;
#6878 = DIRECTION ( 'NONE',  ( -0.000000000000000000, -0.000000000000000000, -1.000000000000000000 ) ) ;
#6879 = VERTEX_POINT ( 'NONE', #4924 ) ;
#6880 = CARTESIAN_POINT ( 'NONE',  ( -10.24634439293988208, 36.44741155981085257, 121.7853338197852935 ) ) ;
#6881 = CARTESIAN_POINT ( 'NONE',  ( -3.265987202574514914, -33.64183894487069892, 0.000000000000000000 ) ) ;
#6882 = VERTEX_POINT ( 'NONE', #5065 ) ;
#6883 = LINE ( 'NONE', #2108, #2106 ) ;
#6884 = CARTESIAN_POINT ( 'NONE',  ( -1.949449338866589724E-13, 34.29999999999999716, 5.000000000000004441 ) ) ;
#6885 = ORIENTED_EDGE ( 'NONE', *, *, #1338, .F. ) ;
#6886 = CARTESIAN_POINT ( 'NONE',  ( -19.84999999999999787, 30.29982358402804010, 88.84999999999999432 ) ) ;
#6887 = DIRECTION ( 'NONE',  ( -0.000000000000000000, -0.000000000000000000, -1.000000000000000000 ) ) ;
#6888 = EDGE_CURVE ( 'NONE', #5646, #6089, #3218, .T. ) ;
#6889 = VECTOR ( 'NONE', #3207, 1000.000000000000000 ) ;
#6890 = ORIENTED_EDGE ( 'NONE', *, *, #393, .F. ) ;
#6891 = CARTESIAN_POINT ( 'NONE',  ( -3.265987202574514914, 33.64183894487069892, 188.0000000000000000 ) ) ;
#6892 = CARTESIAN_POINT ( 'NONE',  ( 23.73057117962473939, 29.49982358402804294, 0.000000000000000000 ) ) ;
#6893 = EDGE_CURVE ( 'NONE', #613, #5714, #968, .T. ) ;
#6894 = ADVANCED_FACE ( 'NONE', ( #223 ), #5579, .F. ) ;
#6895 = AXIS2_PLACEMENT_3D ( 'NONE', #1896, #1348, #3476 ) ;
ENDSEC;
END-ISO-10303-21;
