ISO-10303-21;
HEADER;
FILE_DESCRIPTION (( 'STEP AP203' ),
    '1' );
FILE_NAME ('ItemBar-150mm.STEP',
    '2026-06-22T08:50:20',
    ( 'localuser' ),
    ( '' ),
    'SwSTEP 2.0',
    'SolidWorks 2025',
    '' );
FILE_SCHEMA (( 'CONFIG_CONTROL_DESIGN' ));
ENDSEC;

DATA;
#1 = CLOSED_SHELL ( 'NONE', ( #1843, #1734, #293, #715, #1047, #412, #598, #1586, #1010, #2022, #2585, #2152, #1471, #350, #1846, #487, #992, #81, #1075, #701, #2412, #1784, #1390, #242, #1800, #1186, #1829, #582, #2321, #913, #1413, #278, #1849, #2072, #1266, #2183, #1972, #436, #565, #2129, #1182, #835, #451, #1654, #971, #309, #1298, #793, #1902, #2383, #2592, #685, #999, #1233, #532, #669, #2244, #2318, #1111, #1511, #2188, #1974, #629, #895, #1061, #996, #518, #64, #1551, #2518, #1170, #2172, #930, #885, #2060, #1752 ) ) ;
#2 = VERTEX_POINT ( 'NONE', #2495 ) ;
#3 = CIRCLE ( 'NONE', #1027, 2.000000000000000000 ) ;
#4 = DIRECTION ( 'NONE',  ( 0.000000000000000000, 1.000000000000000000, 0.000000000000000000 ) ) ;
#5 = AXIS2_PLACEMENT_3D ( 'NONE', #1297, #1119, #875 ) ;
#6 = AXIS2_PLACEMENT_3D ( 'NONE', #768, #1557, #182 ) ;
#7 = ORIENTED_EDGE ( 'NONE', *, *, #1674, .F. ) ;
#8 = CYLINDRICAL_SURFACE ( 'NONE', #1070, 0.8000000000000003775 ) ;
#9 = CARTESIAN_POINT ( 'NONE',  ( 8.200000000050000182, 50.00000000000000000, 2.799999999999999822 ) ) ;
#10 = ORIENTED_EDGE ( 'NONE', *, *, #2434, .F. ) ;
#11 = APPROVAL_STATUS ( 'not_yet_approved' ) ;
#12 = EDGE_CURVE ( 'NONE', #1917, #332, #939, .T. ) ;
#13 = DIRECTION ( 'NONE',  ( 0.000000000000000000, -1.000000000000000000, 0.000000000000000000 ) ) ;
#14 = DIRECTION ( 'NONE',  ( -1.000000000000000000, 0.000000000000000000, 0.000000000000000000 ) ) ;
#15 = EDGE_CURVE ( 'NONE', #109, #118, #1305, .T. ) ;
#16 = ORIENTED_EDGE ( 'NONE', *, *, #2110, .T. ) ;
#17 = CARTESIAN_POINT ( 'NONE',  ( 7.367588389999999876, 100.0000000000000000, -4.917588399999999638 ) ) ;
#18 = LINE ( 'NONE', #712, #689 ) ;
#19 = MANIFOLD_SOLID_BREP ( 'Cut-Extrude1', #1 ) ;
#20 = VERTEX_POINT ( 'NONE', #2312 ) ;
#21 = DIRECTION ( 'NONE',  ( 0.000000000000000000, -1.000000000000000000, 0.000000000000000000 ) ) ;
#22 = CARTESIAN_POINT ( 'NONE',  ( -4.528679656440360191, 100.0000000000000000, -3.255887453559640043 ) ) ;
#23 = DIRECTION ( 'NONE',  ( 0.000000000000000000, -1.000000000000000000, 0.000000000000000000 ) ) ;
#24 = EDGE_LOOP ( 'NONE', ( #2373, #1088, #2286, #2105 ) ) ;
#25 = DIRECTION ( 'NONE',  ( 1.000000000000000000, 0.000000000000000000, 0.000000000000000000 ) ) ;
#26 = CYLINDRICAL_SURFACE ( 'NONE', #51, 2.000000000000000000 ) ;
#27 = FACE_OUTER_BOUND ( 'NONE', #1332, .T. ) ;
#28 = EDGE_CURVE ( 'NONE', #2406, #2083, #679, .T. ) ;
#29 = VERTEX_POINT ( 'NONE', #620 ) ;
#30 = DIRECTION ( 'NONE',  ( 0.000000000000000000, 1.000000000000000000, 0.000000000000000000 ) ) ;
#31 = EDGE_CURVE ( 'NONE', #1990, #2533, #2266, .T. ) ;
#32 = DIRECTION ( 'NONE',  ( 0.000000000000000000, -1.000000000000000000, 0.000000000000000000 ) ) ;
#33 = ORIENTED_EDGE ( 'NONE', *, *, #116, .T. ) ;
#34 = LINE ( 'NONE', #1269, #418 ) ;
#35 = DIRECTION ( 'NONE',  ( -1.000000000000000000, 0.000000000000000000, 1.063865307905435819E-11 ) ) ;
#36 = FACE_OUTER_BOUND ( 'NONE', #791, .T. ) ;
#37 = ORIENTED_EDGE ( 'NONE', *, *, #2515, .T. ) ;
#38 = COORDINATED_UNIVERSAL_TIME_OFFSET ( 10, 0, .AHEAD. ) ;
#39 = CARTESIAN_POINT ( 'NONE',  ( 8.500000000100000008, 50.00000000000000000, -2.800000000099999831 ) ) ;
#40 = DIRECTION ( 'NONE',  ( 0.000000000000000000, 0.000000000000000000, 1.000000000000000000 ) ) ;
#41 = ORIENTED_EDGE ( 'NONE', *, *, #70, .F. ) ;
#42 = EDGE_CURVE ( 'NONE', #910, #1683, #1050, .T. ) ;
#43 = CARTESIAN_POINT ( 'NONE',  ( 1.134567109999999879, -100.0000000000000000, -6.649999999999999467 ) ) ;
#44 = CIRCLE ( 'NONE', #2292, 0.8324116041035614089 ) ;
#45 = CARTESIAN_POINT ( 'NONE',  ( 2.799999999999999822, 100.0000000000000000, -8.200000000000001066 ) ) ;
#46 = AXIS2_PLACEMENT_3D ( 'NONE', #2380, #1978, #163 ) ;
#47 = VERTEX_POINT ( 'NONE', #1267 ) ;
#48 = AXIS2_PLACEMENT_3D ( 'NONE', #220, #1811, #1385 ) ;
#49 = CARTESIAN_POINT ( 'NONE',  ( 10.00000000000000000, 100.0000000000000000, 0.000000000000000000 ) ) ;
#50 = CIRCLE ( 'NONE', #212, 2.999999998741476492 ) ;
#51 = AXIS2_PLACEMENT_3D ( 'NONE', #2245, #2004, #841 ) ;
#52 = DIRECTION ( 'NONE',  ( 1.000000000000000000, 0.000000000000000000, 0.000000000000000000 ) ) ;
#53 = DIRECTION ( 'NONE',  ( 0.000000000000000000, -1.000000000000000000, 0.000000000000000000 ) ) ;
#54 = ORIENTED_EDGE ( 'NONE', *, *, #70, .T. ) ;
#55 = EDGE_CURVE ( 'NONE', #2516, #2455, #1485, .T. ) ;
#56 = CARTESIAN_POINT ( 'NONE',  ( 0.000000000000000000, 0.000000000000000000, 0.000000000000000000 ) ) ;
#57 = VERTEX_POINT ( 'NONE', #1850 ) ;
#58 = CIRCLE ( 'NONE', #946, 0.8324116099999983032 ) ;
#59 = ORIENTED_EDGE ( 'NONE', *, *, #1729, .T. ) ;
#60 = DIRECTION ( 'NONE',  ( 0.000000000000000000, 1.000000000000000000, 0.000000000000000000 ) ) ;
#61 = CARTESIAN_POINT ( 'NONE',  ( -1.134567109999999657, 50.00000000000000000, 3.650000000000001688 ) ) ;
#62 = ORIENTED_EDGE ( 'NONE', *, *, #157, .T. ) ;
#63 = CARTESIAN_POINT ( 'NONE',  ( 4.917588399999999638, -100.0000000000000000, 8.200000000000001066 ) ) ;
#64 = ADVANCED_FACE ( 'NONE', ( #2478 ), #442, .T. ) ;
#65 = CYLINDRICAL_SURFACE ( 'NONE', #2340, 0.2999999999999999334 ) ;
#66 = DIRECTION ( 'NONE',  ( 0.000000000000000000, -1.000000000000000000, 0.000000000000000000 ) ) ;
#67 = ORIENTED_EDGE ( 'NONE', *, *, #743, .F. ) ;
#68 = DATE_TIME_ROLE ( 'classification_date' ) ;
#69 = CARTESIAN_POINT ( 'NONE',  ( -2.800000000099999831, -100.0000000000000000, -8.500000000100000008 ) ) ;
#70 = EDGE_CURVE ( 'NONE', #1383, #2068, #365, .T. ) ;
#71 = FACE_OUTER_BOUND ( 'NONE', #1679, .T. ) ;
#72 = ORIENTED_EDGE ( 'NONE', *, *, #1522, .F. ) ;
#73 = CARTESIAN_POINT ( 'NONE',  ( -8.000000000000000000, 100.0000000000000000, 8.000000000000000000 ) ) ;
#74 = CARTESIAN_POINT ( 'NONE',  ( -2.799999999999999822, -100.0000000000000000, -8.200000000100001074 ) ) ;
#75 = ORIENTED_EDGE ( 'NONE', *, *, #1815, .F. ) ;
#76 = DIRECTION ( 'NONE',  ( -1.000000000000000000, 0.000000000000000000, 0.000000000000000000 ) ) ;
#77 = DIRECTION ( 'NONE',  ( 1.000000000000000000, 0.000000000000000000, 0.000000000000000000 ) ) ;
#78 = DIRECTION ( 'NONE',  ( -0.7071067811865475727, 0.000000000000000000, -0.7071067811865475727 ) ) ;
#79 = VERTEX_POINT ( 'NONE', #1178 ) ;
#80 = ORIENTED_EDGE ( 'NONE', *, *, #1316, .F. ) ;
#81 = ADVANCED_FACE ( 'NONE', ( #2249 ), #2076, .T. ) ;
#82 = CARTESIAN_POINT ( 'NONE',  ( -2.500000000050000448, 50.00000000000000000, 9.199999999999999289 ) ) ;
#83 = ORIENTED_EDGE ( 'NONE', *, *, #883, .F. ) ;
#84 = EDGE_CURVE ( 'NONE', #833, #2358, #91, .T. ) ;
#85 = DIRECTION ( 'NONE',  ( 0.000000000000000000, 0.000000000000000000, -1.000000000000000000 ) ) ;
#86 = LINE ( 'NONE', #1078, #1702 ) ;
#87 = VERTEX_POINT ( 'NONE', #426 ) ;
#88 = AXIS2_PLACEMENT_3D ( 'NONE', #2490, #2065, #2291 ) ;
#89 = CARTESIAN_POINT ( 'NONE',  ( -1.872321882500000090, -100.0000000000000000, 3.145114092500000513 ) ) ;
#90 = CIRCLE ( 'NONE', #687, 2.999999999999997335 ) ;
#91 = CIRCLE ( 'NONE', #1738, 2.000000000000000000 ) ;
#92 = DIRECTION ( 'NONE',  ( 0.000000000000000000, 0.000000000000000000, -1.000000000000000000 ) ) ;
#93 = DIRECTION ( 'NONE',  ( -3.333328983205301415E-10, 0.000000000000000000, 1.000000000000000000 ) ) ;
#94 = ORIENTED_EDGE ( 'NONE', *, *, #155, .T. ) ;
#95 = ORIENTED_EDGE ( 'NONE', *, *, #734, .T. ) ;
#96 = AXIS2_PLACEMENT_3D ( 'NONE', #1285, #2095, #2519 ) ;
#97 = AXIS2_PLACEMENT_3D ( 'NONE', #2139, #1535, #1897 ) ;
#98 = DIRECTION ( 'NONE',  ( 0.000000000000000000, -1.000000000000000000, 0.000000000000000000 ) ) ;
#99 = CARTESIAN_POINT ( 'NONE',  ( 2.500000000074999562, 50.00000000000000000, 9.199999999999999289 ) ) ;
#100 = AXIS2_PLACEMENT_3D ( 'NONE', #56, #2282, #25 ) ;
#101 = EDGE_CURVE ( 'NONE', #688, #2431, #597, .T. ) ;
#102 = VERTEX_POINT ( 'NONE', #968 ) ;
#103 = CARTESIAN_POINT ( 'NONE',  ( 2.500000000050000448, 50.00000000000000000, -9.199999999999999289 ) ) ;
#104 = EDGE_CURVE ( 'NONE', #876, #1431, #1915, .T. ) ;
#105 = DIRECTION ( 'NONE',  ( 0.000000000000000000, 1.000000000000000000, 0.000000000000000000 ) ) ;
#106 = ORIENTED_EDGE ( 'NONE', *, *, #1022, .F. ) ;
#107 = CARTESIAN_POINT ( 'NONE',  ( 8.200000000100001074, -100.0000000000000000, -2.799999999999999822 ) ) ;
#108 = DIRECTION ( 'NONE',  ( 0.000000000000000000, 0.000000000000000000, -1.000000000000000000 ) ) ;
#109 = VERTEX_POINT ( 'NONE', #1225 ) ;
#110 = EDGE_LOOP ( 'NONE', ( #2236, #272, #1206, #2303 ) ) ;
#111 = LINE ( 'NONE', #2342, #342 ) ;
#112 = EDGE_CURVE ( 'NONE', #2431, #1120, #661, .T. ) ;
#113 = CARTESIAN_POINT ( 'NONE',  ( 4.917588399999999638, 50.00000000000000000, -8.199999994103558620 ) ) ;
#114 = ORIENTED_EDGE ( 'NONE', *, *, #1429, .T. ) ;
#115 = CARTESIAN_POINT ( 'NONE',  ( 10.00000000000000000, -100.0000000000000000, -3.299999999999999822 ) ) ;
#116 = EDGE_CURVE ( 'NONE', #118, #1663, #942, .T. ) ;
#117 = CARTESIAN_POINT ( 'NONE',  ( -9.199999999899999281, 100.0000000000000000, -3.300000000099999831 ) ) ;
#118 = VERTEX_POINT ( 'NONE', #647 ) ;
#119 = ORIENTED_EDGE ( 'NONE', *, *, #1158, .T. ) ;
#120 = DIRECTION ( 'NONE',  ( 7.142785866744368388E-11, 0.000000000000000000, 1.000000000000000000 ) ) ;
#121 = DIRECTION ( 'NONE',  ( 0.000000000000000000, -1.000000000000000000, 0.000000000000000000 ) ) ;
#122 = EDGE_CURVE ( 'NONE', #893, #966, #1837, .T. ) ;
#123 = ORIENTED_EDGE ( 'NONE', *, *, #2272, .F. ) ;
#124 = CARTESIAN_POINT ( 'NONE',  ( -6.778984495830590262, -100.0000000000000000, 5.506192294169409251 ) ) ;
#125 = CARTESIAN_POINT ( 'NONE',  ( -4.917588399999999638, 100.0000000000000000, -8.200000000000001066 ) ) ;
#126 = AXIS2_PLACEMENT_3D ( 'NONE', #1307, #896, #250 ) ;
#127 = VERTEX_POINT ( 'NONE', #2577 ) ;
#128 = AXIS2_PLACEMENT_3D ( 'NONE', #1007, #548, #2008 ) ;
#129 = EDGE_CURVE ( 'NONE', #1979, #1012, #1241, .T. ) ;
#130 = DIRECTION ( 'NONE',  ( 0.000000000000000000, 1.000000000000000000, 0.000000000000000000 ) ) ;
#131 = AXIS2_PLACEMENT_3D ( 'NONE', #17, #1076, #241 ) ;
#132 = CIRCLE ( 'NONE', #2420, 2.000000000000000000 ) ;
#133 = VECTOR ( 'NONE', #398, 1000.000000000000000 ) ;
#134 = AXIS2_PLACEMENT_3D ( 'NONE', #1513, #2090, #1156 ) ;
#135 = ORIENTED_EDGE ( 'NONE', *, *, #1729, .F. ) ;
#136 = DIRECTION ( 'NONE',  ( 0.000000000000000000, -1.000000000000000000, 0.000000000000000000 ) ) ;
#137 = DIRECTION ( 'NONE',  ( 0.000000000000000000, 1.000000000000000000, 0.000000000000000000 ) ) ;
#138 = ORIENTED_EDGE ( 'NONE', *, *, #1631, .F. ) ;
#139 = DIRECTION ( 'NONE',  ( 0.7071067819374209362, 0.000000000000000000, 0.7071067804356742093 ) ) ;
#140 = LINE ( 'NONE', #790, #2589 ) ;
#141 = EDGE_LOOP ( 'NONE', ( #1851, #1174, #552, #1945 ) ) ;
#142 = CYLINDRICAL_SURFACE ( 'NONE', #1023, 2.149999999999999911 ) ;
#143 = FACE_OUTER_BOUND ( 'NONE', #2132, .T. ) ;
#144 = CARTESIAN_POINT ( 'NONE',  ( -3.649999999999999911, -100.0000000000000000, -1.134567109999999879 ) ) ;
#145 = EDGE_CURVE ( 'NONE', #589, #2499, #1573, .T. ) ;
#146 = ORIENTED_EDGE ( 'NONE', *, *, #2437, .T. ) ;
#147 = LINE ( 'NONE', #1986, #1994 ) ;
#148 = DESIGN_CONTEXT ( 'detailed design', #1335, 'design' ) ;
#149 = DIRECTION ( 'NONE',  ( 0.000000000000000000, 1.000000000000000000, 0.000000000000000000 ) ) ;
#150 = VERTEX_POINT ( 'NONE', #2051 ) ;
#151 = CARTESIAN_POINT ( 'NONE',  ( -4.528679656440360191, -100.0000000000000000, -3.255887453559640043 ) ) ;
#152 = EDGE_LOOP ( 'NONE', ( #1366, #2502, #2165, #2539 ) ) ;
#153 = CARTESIAN_POINT ( 'NONE',  ( -4.917588399999999638, -100.0000000000000000, 7.367588389999999876 ) ) ;
#154 = DIRECTION ( 'NONE',  ( -0.000000000000000000, -1.000000000000000000, -0.000000000000000000 ) ) ;
#155 = EDGE_CURVE ( 'NONE', #1006, #389, #1862, .T. ) ;
#156 = DIRECTION ( 'NONE',  ( -0.7071067819374209362, 0.000000000000000000, -0.7071067804356742093 ) ) ;
#157 = EDGE_CURVE ( 'NONE', #1937, #465, #1464, .T. ) ;
#158 = ORIENTED_EDGE ( 'NONE', *, *, #1110, .T. ) ;
#159 = CYLINDRICAL_SURFACE ( 'NONE', #691, 2.999999994965900196 ) ;
#160 = PLANE ( 'NONE',  #727 ) ;
#161 = EDGE_CURVE ( 'NONE', #659, #1480, #18, .T. ) ;
#162 = ORIENTED_EDGE ( 'NONE', *, *, #2400, .T. ) ;
#163 = DIRECTION ( 'NONE',  ( -1.000000000000000000, 0.000000000000000000, -3.333271159089435349E-10 ) ) ;
#164 = VERTEX_POINT ( 'NONE', #2538 ) ;
#165 = DIRECTION ( 'NONE',  ( -1.000000000000000000, 0.000000000000000000, 0.000000000000000000 ) ) ;
#166 = DIRECTION ( 'NONE',  ( 0.000000000000000000, -1.000000000000000000, 0.000000000000000000 ) ) ;
#167 = FACE_OUTER_BOUND ( 'NONE', #1242, .T. ) ;
#168 = CARTESIAN_POINT ( 'NONE',  ( 10.00000000000000000, 100.0000000000000000, -3.299999999999999822 ) ) ;
#169 = VECTOR ( 'NONE', #1256, 1000.000000000000000 ) ;
#170 = VECTOR ( 'NONE', #1622, 1000.000000000000114 ) ;
#171 = VECTOR ( 'NONE', #508, 1000.000000000000000 ) ;
#172 = ORIENTED_EDGE ( 'NONE', *, *, #1988, .T. ) ;
#173 = CARTESIAN_POINT ( 'NONE',  ( 8.500000000100000008, 50.00000000000000000, 2.800000000099999831 ) ) ;
#174 = AXIS2_PLACEMENT_3D ( 'NONE', #1547, #542, #204 ) ;
#175 = CIRCLE ( 'NONE', #1121, 0.3000000000249990473 ) ;
#176 = DIRECTION ( 'NONE',  ( 0.000000000000000000, 1.000000000000000000, 0.000000000000000000 ) ) ;
#177 = EDGE_LOOP ( 'NONE', ( #1171, #327, #1501, #1274 ) ) ;
#178 = CARTESIAN_POINT ( 'NONE',  ( -4.528679658220179149, 50.00000000000000000, 3.255887451779821529 ) ) ;
#179 = EDGE_CURVE ( 'NONE', #1183, #1224, #1610, .T. ) ;
#180 = ORIENTED_EDGE ( 'NONE', *, *, #1761, .T. ) ;
#181 = DIRECTION ( 'NONE',  ( 0.000000000000000000, -1.000000000000000000, 0.000000000000000000 ) ) ;
#182 = DIRECTION ( 'NONE',  ( 0.000000000000000000, 0.000000000000000000, 1.000000000000000000 ) ) ;
#183 = ORIENTED_EDGE ( 'NONE', *, *, #1959, .T. ) ;
#184 = LINE ( 'NONE', #1210, #1037 ) ;
#185 = ORIENTED_EDGE ( 'NONE', *, *, #1137, .T. ) ;
#186 = CARTESIAN_POINT ( 'NONE',  ( -2.800000000099999831, 50.00000000000000000, 8.500000000100000008 ) ) ;
#187 = DIRECTION ( 'NONE',  ( 0.000000000000000000, -0.000000000000000000, 1.000000000000000000 ) ) ;
#188 = ORIENTED_EDGE ( 'NONE', *, *, #1440, .F. ) ;
#189 = CARTESIAN_POINT ( 'NONE',  ( 3.255887451779821529, 50.00000000000000000, 4.528679658220179149 ) ) ;
#190 = EDGE_LOOP ( 'NONE', ( #1155, #1496, #1311, #284 ) ) ;
#191 = EDGE_CURVE ( 'NONE', #164, #2391, #1516, .T. ) ;
#192 = CARTESIAN_POINT ( 'NONE',  ( -7.367588389999999876, -100.0000000000000000, -4.917588399999999638 ) ) ;
#193 = CARTESIAN_POINT ( 'NONE',  ( 6.778984499999999969, 100.0000000000000000, 5.506192289999999545 ) ) ;
#194 = VERTEX_POINT ( 'NONE', #1893 ) ;
#195 = APPLICATION_CONTEXT ( 'configuration controlled 3d designs of mechanical parts and assemblies' ) ;
#196 = DIRECTION ( 'NONE',  ( -1.000000000000000000, 0.000000000000000000, 1.879283768795041544E-15 ) ) ;
#197 = ORIENTED_EDGE ( 'NONE', *, *, #1768, .F. ) ;
#198 = DIRECTION ( 'NONE',  ( 0.000000000000000000, 1.000000000000000000, 0.000000000000000000 ) ) ;
#199 = CARTESIAN_POINT ( 'NONE',  ( -9.199999999899999281, 100.0000000000000000, 3.300000000099999831 ) ) ;
#200 = ORIENTED_EDGE ( 'NONE', *, *, #1884, .F. ) ;
#201 = DIRECTION ( 'NONE',  ( 0.000000000000000000, 1.000000000000000000, 0.000000000000000000 ) ) ;
#202 = ORIENTED_EDGE ( 'NONE', *, *, #505, .T. ) ;
#203 = CARTESIAN_POINT ( 'NONE',  ( -8.500000000000000000, -100.0000000000000000, 2.500000000000000000 ) ) ;
#204 = DIRECTION ( 'NONE',  ( 1.000000000000000000, 0.000000000000000000, 1.249998368701987772E-10 ) ) ;
#205 = EDGE_LOOP ( 'NONE', ( #1780, #2364, #510, #135 ) ) ;
#206 = EDGE_CURVE ( 'NONE', #1012, #856, #1948, .T. ) ;
#207 = CIRCLE ( 'NONE', #937, 0.8324116041035605207 ) ;
#208 = DIRECTION ( 'NONE',  ( 1.000000000000000000, 0.000000000000000000, 0.000000000000000000 ) ) ;
#209 = DIRECTION ( 'NONE',  ( 0.000000000000000000, 0.000000000000000000, 1.000000000000000000 ) ) ;
#210 = AXIS2_PLACEMENT_3D ( 'NONE', #1992, #334, #995 ) ;
#211 = ORIENTED_EDGE ( 'NONE', *, *, #1215, .F. ) ;
#212 = AXIS2_PLACEMENT_3D ( 'NONE', #1016, #2059, #1629 ) ;
#213 = CARTESIAN_POINT ( 'NONE',  ( -8.500000000100000008, 50.00000000000000000, -2.800000000099999831 ) ) ;
#214 = VECTOR ( 'NONE', #1343, 1000.000000000000000 ) ;
#215 = DIRECTION ( 'NONE',  ( 1.879283768795041544E-15, 0.000000000000000000, 1.000000000000000000 ) ) ;
#216 = VECTOR ( 'NONE', #490, 1000.000000000000000 ) ;
#217 = EDGE_LOOP ( 'NONE', ( #2487, #814, #323, #2113 ) ) ;
#218 = DIRECTION ( 'NONE',  ( 0.000000000000000000, 0.000000000000000000, -1.000000000000000000 ) ) ;
#219 = APPROVAL_PERSON_ORGANIZATION ( #1856, #2126, #2259 ) ;
#220 = CARTESIAN_POINT ( 'NONE',  ( -7.367588389999999876, 50.00000000000000000, -4.917588399999999638 ) ) ;
#221 = DIRECTION ( 'NONE',  ( 2.127693706800744479E-11, 0.000000000000000000, 1.000000000000000000 ) ) ;
#222 = VERTEX_POINT ( 'NONE', #113 ) ;
#223 =( NAMED_UNIT ( * ) PLANE_ANGLE_UNIT ( ) SI_UNIT ( $, .RADIAN. ) );
#224 = EDGE_CURVE ( 'NONE', #2181, #990, #132, .T. ) ;
#225 = CC_DESIGN_DATE_AND_TIME_ASSIGNMENT ( #1432, #68, ( #430 ) ) ;
#226 = DIRECTION ( 'NONE',  ( 0.7071067811865475727, 0.000000000000000000, -0.7071067811865475727 ) ) ;
#227 = LINE ( 'NONE', #2433, #730 ) ;
#228 = ORIENTED_EDGE ( 'NONE', *, *, #657, .T. ) ;
#229 = CARTESIAN_POINT ( 'NONE',  ( 7.367588389999999876, -100.0000000000000000, 4.917588399999999638 ) ) ;
#230 = CARTESIAN_POINT ( 'NONE',  ( 5.506192289999998657, 50.00000000000000000, -6.778984499999999969 ) ) ;
#231 = ORIENTED_EDGE ( 'NONE', *, *, #1346, .F. ) ;
#232 = FACE_OUTER_BOUND ( 'NONE', #1036, .T. ) ;
#233 = PLANE ( 'NONE',  #1275 ) ;
#234 = CYLINDRICAL_SURFACE ( 'NONE', #1954, 3.000000000000000444 ) ;
#235 = ORIENTED_EDGE ( 'NONE', *, *, #319, .F. ) ;
#236 = DATE_TIME_ROLE ( 'creation_date' ) ;
#237 = CARTESIAN_POINT ( 'NONE',  ( 1.134567109999999213, 50.00000000000000000, -3.650000000000001688 ) ) ;
#238 = DIRECTION ( 'NONE',  ( 0.000000000000000000, -1.000000000000000000, 0.000000000000000000 ) ) ;
#239 = EDGE_CURVE ( 'NONE', #1014, #893, #1719, .T. ) ;
#240 = EDGE_LOOP ( 'NONE', ( #1720, #2379, #62, #2613 ) ) ;
#241 = DIRECTION ( 'NONE',  ( -0.7071067811865475727, 0.000000000000000000, -0.7071067811865475727 ) ) ;
#242 = ADVANCED_FACE ( 'NONE', ( #2343 ), #2119, .F. ) ;
#243 = DIRECTION ( 'NONE',  ( 1.249998368701987772E-10, 0.000000000000000000, -1.000000000000000000 ) ) ;
#244 = EDGE_LOOP ( 'NONE', ( #1713, #2388, #824, #1691 ) ) ;
#245 = FACE_OUTER_BOUND ( 'NONE', #1435, .T. ) ;
#246 = DIRECTION ( 'NONE',  ( -0.7071067811865470176, 0.000000000000000000, -0.7071067811865480168 ) ) ;
#247 = LINE ( 'NONE', #9, #1658 ) ;
#248 = ORIENTED_EDGE ( 'NONE', *, *, #1938, .F. ) ;
#249 = ORIENTED_EDGE ( 'NONE', *, *, #1881, .F. ) ;
#250 = DIRECTION ( 'NONE',  ( 0.000000000000000000, 0.000000000000000000, 1.000000000000000000 ) ) ;
#251 = AXIS2_PLACEMENT_3D ( 'NONE', #2497, #2513, #1715 ) ;
#252 = EDGE_LOOP ( 'NONE', ( #821, #631, #1360, #1816 ) ) ;
#253 = DIRECTION ( 'NONE',  ( 0.000000000000000000, 1.000000000000000000, 0.000000000000000000 ) ) ;
#254 = EDGE_CURVE ( 'NONE', #1264, #1183, #722, .T. ) ;
#255 = CIRCLE ( 'NONE', #551, 2.000000000000000000 ) ;
#256 = DIRECTION ( 'NONE',  ( -1.000000000000000000, 0.000000000000000000, 1.879283768795041544E-15 ) ) ;
#257 = AXIS2_PLACEMENT_3D ( 'NONE', #285, #1919, #1102 ) ;
#258 = ORIENTED_EDGE ( 'NONE', *, *, #2006, .T. ) ;
#259 = AXIS2_PLACEMENT_3D ( 'NONE', #2453, #2607, #2185 ) ;
#260 = CARTESIAN_POINT ( 'NONE',  ( 2.149999999999999911, -100.0000000000000000, 0.000000000000000000 ) ) ;
#261 = EDGE_CURVE ( 'NONE', #1336, #799, #2488, .T. ) ;
#262 = AXIS2_PLACEMENT_3D ( 'NONE', #1982, #2173, #2370 ) ;
#263 = AXIS2_PLACEMENT_3D ( 'NONE', #1651, #246, #2523 ) ;
#264 = CARTESIAN_POINT ( 'NONE',  ( 8.500000000000000000, 100.0000000000000000, -2.500000000000000000 ) ) ;
#265 = DIRECTION ( 'NONE',  ( 3.333328983205301415E-10, 0.000000000000000000, -1.000000000000000000 ) ) ;
#266 = ORIENTED_EDGE ( 'NONE', *, *, #1472, .F. ) ;
#267 = PERSON_AND_ORGANIZATION ( #18446744073709551615, #18446744073709551615 ) ;
#268 = ORIENTED_EDGE ( 'NONE', *, *, #1028, .T. ) ;
#269 = AXIS2_PLACEMENT_3D ( 'NONE', #378, #613, #1013 ) ;
#270 = APPROVAL_PERSON_ORGANIZATION ( #1842, #415, #2296 ) ;
#271 = CARTESIAN_POINT ( 'NONE',  ( -8.500000000100000008, -100.0000000000000000, 2.800000000099999831 ) ) ;
#272 = ORIENTED_EDGE ( 'NONE', *, *, #2019, .F. ) ;
#273 = CARTESIAN_POINT ( 'NONE',  ( -8.199999994103558620, -100.0000000000000000, -4.917588399999999638 ) ) ;
#274 = CARTESIAN_POINT ( 'NONE',  ( -8.000000000000000000, -100.0000000000000000, -8.000000000000000000 ) ) ;
#275 = EDGE_CURVE ( 'NONE', #1226, #1025, #642, .T. ) ;
#276 = ORIENTED_EDGE ( 'NONE', *, *, #2226, .T. ) ;
#277 = DIRECTION ( 'NONE',  ( 0.000000000000000000, 0.000000000000000000, -1.000000000000000000 ) ) ;
#278 = ADVANCED_FACE ( 'NONE', ( #2328 ), #2305, .F. ) ;
#279 = LINE ( 'NONE', #1681, #1943 ) ;
#280 = PLANE ( 'NONE',  #2134 ) ;
#281 = ORIENTED_EDGE ( 'NONE', *, *, #535, .F. ) ;
#282 = ORIENTED_EDGE ( 'NONE', *, *, #1493, .F. ) ;
#283 = DIRECTION ( 'NONE',  ( 0.000000000000000000, 1.000000000000000000, 0.000000000000000000 ) ) ;
#284 = ORIENTED_EDGE ( 'NONE', *, *, #1115, .F. ) ;
#285 = CARTESIAN_POINT ( 'NONE',  ( -5.653832079999999927, 100.0000000000000000, 4.381039869999999503 ) ) ;
#286 = DIRECTION ( 'NONE',  ( -7.142847821154224518E-11, 0.000000000000000000, -1.000000000000000000 ) ) ;
#287 = ORIENTED_EDGE ( 'NONE', *, *, #369, .F. ) ;
#288 = CARTESIAN_POINT ( 'NONE',  ( -10.00000000000000000, 100.0000000000000000, 0.000000000000000000 ) ) ;
#289 = DIRECTION ( 'NONE',  ( 0.000000000000000000, -1.000000000000000000, 0.000000000000000000 ) ) ;
#290 = DIRECTION ( 'NONE',  ( 0.000000000000000000, -1.000000000000000000, 0.000000000000000000 ) ) ;
#291 = ORIENTED_EDGE ( 'NONE', *, *, #191, .T. ) ;
#292 = EDGE_LOOP ( 'NONE', ( #2154, #929, #1966, #1577 ) ) ;
#293 = ADVANCED_FACE ( 'NONE', ( #1905 ), #2136, .T. ) ;
#294 = CARTESIAN_POINT ( 'NONE',  ( -8.000000000000000000, -100.0000000000000000, 10.00000000000000000 ) ) ;
#295 = EDGE_CURVE ( 'NONE', #2140, #560, #1130, .T. ) ;
#296 = VERTEX_POINT ( 'NONE', #1475 ) ;
#297 = CARTESIAN_POINT ( 'NONE',  ( -8.200000000000001066, -100.0000000000000000, -2.799999999999999822 ) ) ;
#298 = CARTESIAN_POINT ( 'NONE',  ( 6.649999999999999467, 100.0000000000000000, 1.134567109999999879 ) ) ;
#299 = ORIENTED_EDGE ( 'NONE', *, *, #333, .T. ) ;
#300 = CIRCLE ( 'NONE', #1483, 0.8000000000250003795 ) ;
#301 = LINE ( 'NONE', #2307, #762 ) ;
#302 = AXIS2_PLACEMENT_3D ( 'NONE', #213, #201, #410 ) ;
#303 = AXIS2_PLACEMENT_3D ( 'NONE', #1529, #526, #256 ) ;
#304 = LINE ( 'NONE', #1313, #1123 ) ;
#305 = ORIENTED_EDGE ( 'NONE', *, *, #2261, .F. ) ;
#306 = CIRCLE ( 'NONE', #1157, 0.8000000000000003775 ) ;
#307 = CIRCLE ( 'NONE', #1745, 0.8000000000249986032 ) ;
#308 = VECTOR ( 'NONE', #98, 1000.000000000000000 ) ;
#309 = ADVANCED_FACE ( 'NONE', ( #925 ), #1880, .F. ) ;
#310 = AXIS2_PLACEMENT_3D ( 'NONE', #810, #1589, #2002 ) ;
#311 = EDGE_CURVE ( 'NONE', #966, #1855, #1873, .T. ) ;
#312 = ORIENTED_EDGE ( 'NONE', *, *, #657, .F. ) ;
#313 = DIRECTION ( 'NONE',  ( 0.000000000000000000, -1.000000000000000000, 0.000000000000000000 ) ) ;
#314 = DIRECTION ( 'NONE',  ( 0.000000000000000000, -1.000000000000000000, 0.000000000000000000 ) ) ;
#315 = ORIENTED_EDGE ( 'NONE', *, *, #1289, .T. ) ;
#316 = PLANE ( 'NONE',  #978 ) ;
#317 = CARTESIAN_POINT ( 'NONE',  ( 7.367588389999999876, -100.0000000000000000, -4.917588399999999638 ) ) ;
#318 = VERTEX_POINT ( 'NONE', #1103 ) ;
#319 = EDGE_CURVE ( 'NONE', #1730, #2141, #86, .T. ) ;
#320 = EDGE_LOOP ( 'NONE', ( #1882, #281, #1139, #1771 ) ) ;
#321 = LINE ( 'NONE', #700, #1656 ) ;
#322 = CARTESIAN_POINT ( 'NONE',  ( 7.367588389999999876, 50.00000000000000000, -4.917588399999999638 ) ) ;
#323 = ORIENTED_EDGE ( 'NONE', *, *, #1461, .F. ) ;
#324 = LINE ( 'NONE', #1140, #1276 ) ;
#325 = EDGE_CURVE ( 'NONE', #87, #1003, #1310, .T. ) ;
#326 = DIRECTION ( 'NONE',  ( 0.000000000000000000, 0.000000000000000000, -1.000000000000000000 ) ) ;
#327 = ORIENTED_EDGE ( 'NONE', *, *, #2452, .F. ) ;
#328 = CARTESIAN_POINT ( 'NONE',  ( -5.506192289999999545, 100.0000000000000000, 6.778984499999999969 ) ) ;
#329 = ORIENTED_EDGE ( 'NONE', *, *, #1487, .F. ) ;
#330 = DIRECTION ( 'NONE',  ( 0.000000000000000000, -1.000000000000000000, 0.000000000000000000 ) ) ;
#331 = DIRECTION ( 'NONE',  ( 0.7071067804356740982, 0.000000000000000000, -0.7071067819374209362 ) ) ;
#332 = VERTEX_POINT ( 'NONE', #74 ) ;
#333 = EDGE_CURVE ( 'NONE', #2533, #102, #2177, .T. ) ;
#334 = DIRECTION ( 'NONE',  ( 0.000000000000000000, 1.000000000000000000, 0.000000000000000000 ) ) ;
#335 = LINE ( 'NONE', #539, #861 ) ;
#336 = AXIS2_PLACEMENT_3D ( 'NONE', #1997, #165, #2606 ) ;
#337 = ORIENTED_EDGE ( 'NONE', *, *, #2617, .F. ) ;
#338 = EDGE_CURVE ( 'NONE', #1224, #990, #546, .T. ) ;
#339 = PLANE ( 'NONE',  #134 ) ;
#340 = CIRCLE ( 'NONE', #1912, 2.999999998741476492 ) ;
#341 = PLANE ( 'NONE',  #6 ) ;
#342 = VECTOR ( 'NONE', #785, 1000.000000000000000 ) ;
#343 = VECTOR ( 'NONE', #1323, 1000.000000000000000 ) ;
#344 = ORIENTED_EDGE ( 'NONE', *, *, #1126, .F. ) ;
#345 = AXIS2_PLACEMENT_3D ( 'NONE', #1983, #2609, #1793 ) ;
#346 = CARTESIAN_POINT ( 'NONE',  ( -4.528679659999999885, -100.0000000000000000, 3.255887450000000349 ) ) ;
#347 = CARTESIAN_POINT ( 'NONE',  ( 2.500000000050000004, 50.00000000000000000, 8.500000000000000000 ) ) ;
#348 = ORIENTED_EDGE ( 'NONE', *, *, #1437, .F. ) ;
#349 = DIRECTION ( 'NONE',  ( -3.333271159089435349E-10, 0.000000000000000000, 1.000000000000000000 ) ) ;
#350 = ADVANCED_FACE ( 'NONE', ( #536 ), #160, .F. ) ;
#351 = DIRECTION ( 'NONE',  ( 0.000000000000000000, 1.000000000000000000, 0.000000000000000000 ) ) ;
#352 = ORIENTED_EDGE ( 'NONE', *, *, #1218, .F. ) ;
#353 = DIRECTION ( 'NONE',  ( 0.000000000000000000, -1.000000000000000000, 0.000000000000000000 ) ) ;
#354 = EDGE_CURVE ( 'NONE', #377, #1014, #1965, .T. ) ;
#355 = CARTESIAN_POINT ( 'NONE',  ( 8.000000000000000000, -100.0000000000000000, 10.00000000000000000 ) ) ;
#356 = CARTESIAN_POINT ( 'NONE',  ( -4.917588399999999638, 50.00000000000000000, 8.199999994103558620 ) ) ;
#357 = EDGE_CURVE ( 'NONE', #1014, #164, #1826, .T. ) ;
#358 = ORIENTED_EDGE ( 'NONE', *, *, #2037, .F. ) ;
#359 = DIRECTION ( 'NONE',  ( 1.250003789712849683E-10, 0.000000000000000000, -1.000000000000000000 ) ) ;
#360 = VERTEX_POINT ( 'NONE', #586 ) ;
#361 = LINE ( 'NONE', #1151, #2336 ) ;
#362 = DIRECTION ( 'NONE',  ( 0.7071067811865480168, 0.000000000000000000, 0.7071067811865470176 ) ) ;
#363 = EDGE_LOOP ( 'NONE', ( #1114, #1260 ) ) ;
#364 = CARTESIAN_POINT ( 'NONE',  ( 0.000000000000000000, 0.000000000000000000, 0.000000000000000000 ) ) ;
#365 = LINE ( 'NONE', #2184, #1398 ) ;
#366 = PLANE ( 'NONE',  #2038 ) ;
#367 = DIRECTION ( 'NONE',  ( -1.250003789712849683E-10, 0.000000000000000000, 1.000000000000000000 ) ) ;
#368 = VERTEX_POINT ( 'NONE', #758 ) ;
#369 = EDGE_CURVE ( 'NONE', #751, #1979, #1755, .T. ) ;
#370 = CYLINDRICAL_SURFACE ( 'NONE', #2339, 2.000000000000000000 ) ;
#371 = DIRECTION ( 'NONE',  ( 0.000000000000000000, -1.000000000000000000, 0.000000000000000000 ) ) ;
#372 = EDGE_LOOP ( 'NONE', ( #1272, #1161, #1951, #2073 ) ) ;
#373 = LINE ( 'NONE', #2179, #1072 ) ;
#374 = ORIENTED_EDGE ( 'NONE', *, *, #101, .T. ) ;
#375 = CARTESIAN_POINT ( 'NONE',  ( 3.300000000099999831, 100.0000000000000000, -9.199999999899999281 ) ) ;
#376 = CARTESIAN_POINT ( 'NONE',  ( 4.528679656440360191, 100.0000000000000000, 3.255887453559640043 ) ) ;
#377 = VERTEX_POINT ( 'NONE', #2554 ) ;
#378 = CARTESIAN_POINT ( 'NONE',  ( 8.500000000100000008, -100.0000000000000000, 2.800000000099999831 ) ) ;
#379 = AXIS2_PLACEMENT_3D ( 'NONE', #192, #1772, #1571 ) ;
#380 = VECTOR ( 'NONE', #1879, 1000.000000000000000 ) ;
#381 = VECTOR ( 'NONE', #686, 1000.000000000000000 ) ;
#382 = ORIENTED_EDGE ( 'NONE', *, *, #1631, .T. ) ;
#383 = CARTESIAN_POINT ( 'NONE',  ( -8.199999994103558620, 50.00000000000000000, -4.917588399999999638 ) ) ;
#384 = PLANE ( 'NONE',  #2509 ) ;
#385 = VECTOR ( 'NONE', #2028, 1000.000000000000000 ) ;
#386 = CIRCLE ( 'NONE', #2332, 2.149999999999999911 ) ;
#387 = EDGE_CURVE ( 'NONE', #20, #1906, #2510, .T. ) ;
#388 = AXIS2_PLACEMENT_3D ( 'NONE', #506, #1725, #931 ) ;
#389 = VERTEX_POINT ( 'NONE', #1379 ) ;
#390 = CARTESIAN_POINT ( 'NONE',  ( 4.528679659999999885, 100.0000000000000000, -3.255887450000000349 ) ) ;
#391 = ORIENTED_EDGE ( 'NONE', *, *, #777, .F. ) ;
#392 = PLANE ( 'NONE',  #467 ) ;
#393 = CARTESIAN_POINT ( 'NONE',  ( 0.000000000000000000, -100.0000000000000000, 0.000000000000000000 ) ) ;
#394 = ORIENTED_EDGE ( 'NONE', *, *, #2012, .T. ) ;
#395 = LINE ( 'NONE', #1376, #2262 ) ;
#396 = ORIENTED_EDGE ( 'NONE', *, *, #469, .T. ) ;
#397 = CARTESIAN_POINT ( 'NONE',  ( 10.00000000000000000, -100.0000000000000000, 8.000000000000000000 ) ) ;
#398 = DIRECTION ( 'NONE',  ( 1.000000000000000000, 0.000000000000000000, -7.142847821154224518E-11 ) ) ;
#399 = ORIENTED_EDGE ( 'NONE', *, *, #275, .F. ) ;
#400 = EDGE_CURVE ( 'NONE', #409, #2623, #2403, .T. ) ;
#401 = ORIENTED_EDGE ( 'NONE', *, *, #42, .T. ) ;
#402 = CARTESIAN_POINT ( 'NONE',  ( -8.200000000000001066, 100.0000000000000000, -3.858794200000000174 ) ) ;
#403 = EDGE_CURVE ( 'NONE', #856, #1838, #962, .T. ) ;
#404 = PLANE ( 'NONE',  #2376 ) ;
#405 = CARTESIAN_POINT ( 'NONE',  ( 4.528679656440358414, 50.00000000000000000, 3.255887453559639599 ) ) ;
#406 = CARTESIAN_POINT ( 'NONE',  ( 4.917588399999999638, 100.0000000000000000, -7.367588389999999876 ) ) ;
#407 = FACE_OUTER_BOUND ( 'NONE', #871, .T. ) ;
#408 = LINE ( 'NONE', #1223, #2549 ) ;
#409 = VERTEX_POINT ( 'NONE', #975 ) ;
#410 = DIRECTION ( 'NONE',  ( 0.000000000000000000, 0.000000000000000000, 1.000000000000000000 ) ) ;
#411 = DIRECTION ( 'NONE',  ( 0.000000000000000000, 1.000000000000000000, 0.000000000000000000 ) ) ;
#412 = ADVANCED_FACE ( 'NONE', ( #775 ), #562, .T. ) ;
#413 = ORIENTED_EDGE ( 'NONE', *, *, #617, .F. ) ;
#414 = LINE ( 'NONE', #2467, #638 ) ;
#415 = APPROVAL ( #1640, 'Coincident' ) ;
#416 = ORIENTED_EDGE ( 'NONE', *, *, #866, .T. ) ;
#417 = APPROVAL_DATE_TIME ( #2084, #415 ) ;
#418 = VECTOR ( 'NONE', #1883, 1000.000000000000000 ) ;
#419 = DIRECTION ( 'NONE',  ( 0.7071067811865460184, 0.000000000000000000, -0.7071067811865490160 ) ) ;
#420 = LINE ( 'NONE', #831, #2300 ) ;
#421 = AXIS2_PLACEMENT_3D ( 'NONE', #1860, #1633, #2074 ) ;
#422 = EDGE_LOOP ( 'NONE', ( #499, #188, #258, #2368 ) ) ;
#423 = CIRCLE ( 'NONE', #1405, 0.3000000000249990473 ) ;
#424 = LINE ( 'NONE', #1705, #2207 ) ;
#425 = AXIS2_PLACEMENT_3D ( 'NONE', #738, #2390, #359 ) ;
#426 = CARTESIAN_POINT ( 'NONE',  ( -1.134567109999999657, 50.00000000000000000, 3.650000000000001688 ) ) ;
#427 = VECTOR ( 'NONE', #2524, 1000.000000000000000 ) ;
#428 = VERTEX_POINT ( 'NONE', #2602 ) ;
#429 = DIRECTION ( 'NONE',  ( 1.250003789712849683E-10, 0.000000000000000000, -1.000000000000000000 ) ) ;
#430 = SECURITY_CLASSIFICATION ( '', '', #637 ) ;
#431 = EDGE_CURVE ( 'NONE', #668, #455, #2588, .T. ) ;
#432 = CARTESIAN_POINT ( 'NONE',  ( -2.500000000000000000, 100.0000000000000000, -8.500000000000000000 ) ) ;
#433 = DIRECTION ( 'NONE',  ( -0.7071067811865470176, 0.000000000000000000, 0.7071067811865480168 ) ) ;
#434 = ORIENTED_EDGE ( 'NONE', *, *, #357, .F. ) ;
#435 = APPLICATION_PROTOCOL_DEFINITION ( 'international standard', 'config_control_design', 1994, #195 ) ;
#436 = ADVANCED_FACE ( 'NONE', ( #1989 ), #1542, .F. ) ;
#437 = DIRECTION ( 'NONE',  ( 0.000000000000000000, 1.000000000000000000, 0.000000000000000000 ) ) ;
#438 = CYLINDRICAL_SURFACE ( 'NONE', #1281, 0.8000000000000003775 ) ;
#439 = EDGE_CURVE ( 'NONE', #723, #2189, #2548, .T. ) ;
#440 = ORIENTED_EDGE ( 'NONE', *, *, #439, .F. ) ;
#441 = DIRECTION ( 'NONE',  ( 0.000000000000000000, -1.000000000000000000, 0.000000000000000000 ) ) ;
#442 = CYLINDRICAL_SURFACE ( 'NONE', #2035, 0.2999999999999999334 ) ;
#443 = ORIENTED_EDGE ( 'NONE', *, *, #2308, .F. ) ;
#444 = DIRECTION ( 'NONE',  ( 0.000000000000000000, 1.000000000000000000, 0.000000000000000000 ) ) ;
#445 = DIRECTION ( 'NONE',  ( 0.000000000000000000, 0.000000000000000000, 1.000000000000000000 ) ) ;
#446 = DIRECTION ( 'NONE',  ( -0.7071067811865475727, 0.000000000000000000, 0.7071067811865475727 ) ) ;
#447 = VERTEX_POINT ( 'NONE', #2354 ) ;
#448 = PERSON_AND_ORGANIZATION ( #18446744073709551615, #18446744073709551615 ) ;
#449 = ORIENTED_EDGE ( 'NONE', *, *, #798, .F. ) ;
#450 = DIRECTION ( 'NONE',  ( 0.000000000000000000, 1.000000000000000000, 0.000000000000000000 ) ) ;
#451 = ADVANCED_FACE ( 'NONE', ( #2153 ), #2572, .F. ) ;
#452 = ORIENTED_EDGE ( 'NONE', *, *, #815, .T. ) ;
#453 = DIRECTION ( 'NONE',  ( 0.000000000000000000, 0.000000000000000000, 1.000000000000000000 ) ) ;
#454 = DIRECTION ( 'NONE',  ( 0.000000000000000000, -1.000000000000000000, 0.000000000000000000 ) ) ;
#455 = VERTEX_POINT ( 'NONE', #1552 ) ;
#456 = DIRECTION ( 'NONE',  ( 0.000000000000000000, -1.000000000000000000, 0.000000000000000000 ) ) ;
#457 = CARTESIAN_POINT ( 'NONE',  ( 9.199999999899999281, 50.00000000000000000, 3.300000000099999831 ) ) ;
#458 = DIRECTION ( 'NONE',  ( 0.000000000000000000, -1.000000000000000000, 0.000000000000000000 ) ) ;
#459 = EDGE_LOOP ( 'NONE', ( #1647, #2056, #1063, #1676 ) ) ;
#460 = CALENDAR_DATE ( 2026, 22, 6 ) ;
#461 = ORIENTED_EDGE ( 'NONE', *, *, #2049, .F. ) ;
#462 = DIRECTION ( 'NONE',  ( 0.000000000000000000, -1.000000000000000000, 0.000000000000000000 ) ) ;
#463 = EDGE_CURVE ( 'NONE', #2192, #876, #2363, .T. ) ;
#464 = AXIS2_PLACEMENT_3D ( 'NONE', #1294, #450, #698 ) ;
#465 = VERTEX_POINT ( 'NONE', #1163 ) ;
#466 = DIRECTION ( 'NONE',  ( 0.000000000000000000, 0.000000000000000000, 1.000000000000000000 ) ) ;
#467 = AXIS2_PLACEMENT_3D ( 'NONE', #2395, #1585, #2182 ) ;
#468 = AXIS2_PLACEMENT_3D ( 'NONE', #2032, #845, #1374 ) ;
#469 = EDGE_CURVE ( 'NONE', #1287, #1636, #515, .T. ) ;
#470 = DIRECTION ( 'NONE',  ( 1.000000000000000000, 0.000000000000000000, -7.644869398588538342E-16 ) ) ;
#471 = VECTOR ( 'NONE', #1515, 1000.000000000000000 ) ;
#472 = ORIENTED_EDGE ( 'NONE', *, *, #2133, .F. ) ;
#473 = VECTOR ( 'NONE', #2317, 1000.000000000000000 ) ;
#474 = LINE ( 'NONE', #1428, #1778 ) ;
#475 = VECTOR ( 'NONE', #1774, 1000.000000000000000 ) ;
#476 = VECTOR ( 'NONE', #2256, 1000.000000000000000 ) ;
#477 = DIRECTION ( 'NONE',  ( 0.000000000000000000, -1.000000000000000000, 0.000000000000000000 ) ) ;
#478 = LINE ( 'NONE', #1303, #1035 ) ;
#479 = ORIENTED_EDGE ( 'NONE', *, *, #104, .F. ) ;
#480 = CALENDAR_DATE ( 2026, 22, 6 ) ;
#481 = DIRECTION ( 'NONE',  ( 0.000000000000000000, -1.000000000000000000, 0.000000000000000000 ) ) ;
#482 = PLANE ( 'NONE',  #934 ) ;
#483 = ORIENTED_EDGE ( 'NONE', *, *, #104, .T. ) ;
#484 = FACE_OUTER_BOUND ( 'NONE', #2117, .T. ) ;
#485 = CARTESIAN_POINT ( 'NONE',  ( -9.199999999999999289, 100.0000000000000000, 2.500000000100000008 ) ) ;
#486 = ORIENTED_EDGE ( 'NONE', *, *, #1099, .F. ) ;
#487 = ADVANCED_FACE ( 'NONE', ( #1229 ), #404, .F. ) ;
#488 = CARTESIAN_POINT ( 'NONE',  ( -3.649999999999999911, 100.0000000000000000, -1.134567109999999879 ) ) ;
#489 = DIRECTION ( 'NONE',  ( 1.000000000000000000, 0.000000000000000000, 3.333271159089435349E-10 ) ) ;
#490 = DIRECTION ( 'NONE',  ( -1.000000000000000000, 0.000000000000000000, 7.142785866744368388E-11 ) ) ;
#491 = ORIENTED_EDGE ( 'NONE', *, *, #42, .F. ) ;
#492 = EDGE_CURVE ( 'NONE', #1671, #2, #1195, .T. ) ;
#493 = DIRECTION ( 'NONE',  ( 0.000000000000000000, -1.000000000000000000, 0.000000000000000000 ) ) ;
#494 = DIRECTION ( 'NONE',  ( 0.000000000000000000, -1.000000000000000000, 0.000000000000000000 ) ) ;
#495 = LINE ( 'NONE', #1089, #2211 ) ;
#496 = ORIENTED_EDGE ( 'NONE', *, *, #1938, .T. ) ;
#497 = CARTESIAN_POINT ( 'NONE',  ( 3.649999999999999911, -100.0000000000000000, 0.000000000000000000 ) ) ;
#498 = DIRECTION ( 'NONE',  ( 1.000000000000000000, 0.000000000000000000, 0.000000000000000000 ) ) ;
#499 = ORIENTED_EDGE ( 'NONE', *, *, #1685, .F. ) ;
#500 = DIRECTION ( 'NONE',  ( 0.000000000000000000, -1.000000000000000000, 0.000000000000000000 ) ) ;
#501 = EDGE_CURVE ( 'NONE', #708, #2564, #1235, .T. ) ;
#502 = CARTESIAN_POINT ( 'NONE',  ( 8.000000000000000000, -100.0000000000000000, -10.00000000000000000 ) ) ;
#503 = ORIENTED_EDGE ( 'NONE', *, *, #2396, .T. ) ;
#504 = ORIENTED_EDGE ( 'NONE', *, *, #319, .T. ) ;
#505 = EDGE_CURVE ( 'NONE', #2123, #1280, #1041, .T. ) ;
#506 = CARTESIAN_POINT ( 'NONE',  ( -7.367588389999999876, -100.0000000000000000, 4.917588399999999638 ) ) ;
#507 = ORIENTED_EDGE ( 'NONE', *, *, #28, .F. ) ;
#508 = DIRECTION ( 'NONE',  ( -7.142785866744368388E-11, 0.000000000000000000, -1.000000000000000000 ) ) ;
#509 = DIRECTION ( 'NONE',  ( 1.000000000000000000, 0.000000000000000000, 0.000000000000000000 ) ) ;
#510 = ORIENTED_EDGE ( 'NONE', *, *, #945, .T. ) ;
#511 = AXIS2_PLACEMENT_3D ( 'NONE', #1327, #2146, #714 ) ;
#512 = CARTESIAN_POINT ( 'NONE',  ( -3.650000000000001688, 50.00000000000000000, -1.134567109999999879 ) ) ;
#513 = VECTOR ( 'NONE', #2438, 1000.000000000000114 ) ;
#514 = AXIS2_PLACEMENT_3D ( 'NONE', #844, #874, #1060 ) ;
#515 = CIRCLE ( 'NONE', #905, 0.8324116100000018559 ) ;
#516 = DIRECTION ( 'NONE',  ( 0.000000000000000000, -1.000000000000000000, 0.000000000000000000 ) ) ;
#517 = ORIENTED_EDGE ( 'NONE', *, *, #1619, .F. ) ;
#518 = ADVANCED_FACE ( 'NONE', ( #1000 ), #2618, .F. ) ;
#519 = CIRCLE ( 'NONE', #1198, 0.7999999999999999334 ) ;
#520 = VECTOR ( 'NONE', #1250, 1000.000000000000000 ) ;
#521 = AXIS2_PLACEMENT_3D ( 'NONE', #665, #53, #265 ) ;
#522 = VECTOR ( 'NONE', #156, 1000.000000000000000 ) ;
#523 = EDGE_LOOP ( 'NONE', ( #1807, #106, #1749, #1963 ) ) ;
#524 = EDGE_CURVE ( 'NONE', #926, #150, #1417, .T. ) ;
#525 = LINE ( 'NONE', #103, #684 ) ;
#526 = DIRECTION ( 'NONE',  ( 0.000000000000000000, 1.000000000000000000, 0.000000000000000000 ) ) ;
#527 = ORIENTED_EDGE ( 'NONE', *, *, #1538, .T. ) ;
#528 = CARTESIAN_POINT ( 'NONE',  ( -7.367588389999999876, 100.0000000000000000, -4.917588399999999638 ) ) ;
#529 = CYLINDRICAL_SURFACE ( 'NONE', #1200, 0.7999999999999999334 ) ;
#530 = ORIENTED_EDGE ( 'NONE', *, *, #2098, .T. ) ;
#531 = CARTESIAN_POINT ( 'NONE',  ( 5.506192294169409251, -100.0000000000000000, 6.778984495830590262 ) ) ;
#532 = ADVANCED_FACE ( 'NONE', ( #676 ), #233, .F. ) ;
#533 = ORIENTED_EDGE ( 'NONE', *, *, #84, .T. ) ;
#534 = DIRECTION ( 'NONE',  ( 0.000000000000000000, -1.000000000000000000, 0.000000000000000000 ) ) ;
#535 = EDGE_CURVE ( 'NONE', #1838, #719, #2422, .T. ) ;
#536 = FACE_OUTER_BOUND ( 'NONE', #1512, .T. ) ;
#537 = VERTEX_POINT ( 'NONE', #1885 ) ;
#538 = LINE ( 'NONE', #488, #1562 ) ;
#539 = CARTESIAN_POINT ( 'NONE',  ( -8.200000000050000182, 50.00000000000000000, -2.799999999999999822 ) ) ;
#540 = ORIENTED_EDGE ( 'NONE', *, *, #1316, .T. ) ;
#541 = CARTESIAN_POINT ( 'NONE',  ( 8.199999999999999289, 50.00000000000000000, -4.917588399999999638 ) ) ;
#542 = DIRECTION ( 'NONE',  ( 0.000000000000000000, -1.000000000000000000, 0.000000000000000000 ) ) ;
#543 = ORIENTED_EDGE ( 'NONE', *, *, #1674, .T. ) ;
#544 = CARTESIAN_POINT ( 'NONE',  ( 9.199999999899999281, -100.0000000000000000, -3.300000000099999831 ) ) ;
#545 = EDGE_CURVE ( 'NONE', #2520, #674, #908, .T. ) ;
#546 = LINE ( 'NONE', #2144, #1073 ) ;
#547 = ORIENTED_EDGE ( 'NONE', *, *, #2205, .T. ) ;
#548 = DIRECTION ( 'NONE',  ( -1.000000000000000000, 0.000000000000000000, 0.000000000000000000 ) ) ;
#549 = EDGE_CURVE ( 'NONE', #688, #2473, #1290, .T. ) ;
#550 = LINE ( 'NONE', #965, #1918 ) ;
#551 = AXIS2_PLACEMENT_3D ( 'NONE', #2565, #1980, #1399 ) ;
#552 = ORIENTED_EDGE ( 'NONE', *, *, #122, .F. ) ;
#553 = FACE_OUTER_BOUND ( 'NONE', #643, .T. ) ;
#554 = EDGE_CURVE ( 'NONE', #1517, #1925, #2111, .T. ) ;
#555 = LINE ( 'NONE', #753, #1358 ) ;
#556 = DIRECTION ( 'NONE',  ( 0.000000000000000000, -1.000000000000000000, 0.000000000000000000 ) ) ;
#557 = VECTOR ( 'NONE', #782, 1000.000000000000000 ) ;
#558 = AXIS2_PLACEMENT_3D ( 'NONE', #1148, #993, #1949 ) ;
#559 = AXIS2_PLACEMENT_3D ( 'NONE', #1723, #1107, #93 ) ;
#560 = VERTEX_POINT ( 'NONE', #2471 ) ;
#561 = CARTESIAN_POINT ( 'NONE',  ( -8.200000000000001066, -100.0000000000000000, -1.929397100000000087 ) ) ;
#562 = CYLINDRICAL_SURFACE ( 'NONE', #1322, 2.000000000000000000 ) ;
#563 = ORIENTED_EDGE ( 'NONE', *, *, #261, .F. ) ;
#564 = DIRECTION ( 'NONE',  ( 3.333271159089435349E-10, 0.000000000000000000, -1.000000000000000000 ) ) ;
#565 = ADVANCED_FACE ( 'NONE', ( #2100 ), #1270, .F. ) ;
#566 = ORIENTED_EDGE ( 'NONE', *, *, #2198, .T. ) ;
#567 = CARTESIAN_POINT ( 'NONE',  ( 6.778984495830590262, -100.0000000000000000, -5.506192294169409251 ) ) ;
#568 = DIRECTION ( 'NONE',  ( 0.000000000000000000, -1.000000000000000000, 0.000000000000000000 ) ) ;
#569 = EDGE_CURVE ( 'NONE', #2140, #1917, #1441, .T. ) ;
#570 = DIRECTION ( 'NONE',  ( 1.249998368701987772E-10, 0.000000000000000000, -1.000000000000000000 ) ) ;
#571 = CARTESIAN_POINT ( 'NONE',  ( -2.799999999999999822, -100.0000000000000000, 8.200000000000001066 ) ) ;
#572 = EDGE_LOOP ( 'NONE', ( #1623, #1666, #963, #2007 ) ) ;
#573 = DIRECTION ( 'NONE',  ( 1.000000000000000000, 0.000000000000000000, 0.000000000000000000 ) ) ;
#574 = DIRECTION ( 'NONE',  ( 0.000000000000000000, 0.000000000000000000, 1.000000000000000000 ) ) ;
#575 = ORIENTED_EDGE ( 'NONE', *, *, #1022, .T. ) ;
#576 = CARTESIAN_POINT ( 'NONE',  ( -2.799999999999999822, 50.00000000000000000, 8.200000000050000182 ) ) ;
#577 = ORIENTED_EDGE ( 'NONE', *, *, #2168, .T. ) ;
#578 = CYLINDRICAL_SURFACE ( 'NONE', #853, 0.8324116100000018559 ) ;
#579 = EDGE_CURVE ( 'NONE', #1898, #1838, #279, .T. ) ;
#580 = CARTESIAN_POINT ( 'NONE',  ( -10.00000000000000000, -100.0000000000000000, 8.000000000000000000 ) ) ;
#581 = DIRECTION ( 'NONE',  ( 0.7071067800680118642, 0.000000000000000000, -0.7071067823050831702 ) ) ;
#582 = ADVANCED_FACE ( 'NONE', ( #1244 ), #653, .F. ) ;
#583 = ORIENTED_EDGE ( 'NONE', *, *, #744, .T. ) ;
#584 = CARTESIAN_POINT ( 'NONE',  ( -6.649999999999999467, 100.0000000000000000, -1.134567109999999879 ) ) ;
#585 = PLANE ( 'NONE',  #2254 ) ;
#586 = CARTESIAN_POINT ( 'NONE',  ( -8.500000000000000000, 50.00000000000000000, 2.500000000050000004 ) ) ;
#587 = ORIENTED_EDGE ( 'NONE', *, *, #832, .T. ) ;
#588 = LINE ( 'NONE', #2193, #1356 ) ;
#589 = VERTEX_POINT ( 'NONE', #2491 ) ;
#590 = FACE_OUTER_BOUND ( 'NONE', #2605, .T. ) ;
#591 = VECTOR ( 'NONE', #1700, 1000.000000000000000 ) ;
#592 = DIRECTION ( 'NONE',  ( 0.000000000000000000, -1.000000000000000000, 0.000000000000000000 ) ) ;
#593 = EDGE_LOOP ( 'NONE', ( #739, #1314, #1443, #1794 ) ) ;
#594 = EDGE_CURVE ( 'NONE', #465, #1120, #1478, .T. ) ;
#595 = DIRECTION ( 'NONE',  ( 0.000000000000000000, 0.000000000000000000, -1.000000000000000000 ) ) ;
#596 = AXIS2_PLACEMENT_3D ( 'NONE', #1907, #1692, #2540 ) ;
#597 = CIRCLE ( 'NONE', #766, 0.8324116099999975260 ) ;
#598 = ADVANCED_FACE ( 'NONE', ( #891 ), #2269, .T. ) ;
#599 = ORIENTED_EDGE ( 'NONE', *, *, #2393, .T. ) ;
#600 = CARTESIAN_POINT ( 'NONE',  ( 4.917588399999999638, -100.0000000000000000, 7.367588389999999876 ) ) ;
#601 = DIRECTION ( 'NONE',  ( 0.000000000000000000, -1.000000000000000000, 0.000000000000000000 ) ) ;
#602 = CIRCLE ( 'NONE', #1874, 0.7999999999999999334 ) ;
#603 = AXIS2_PLACEMENT_3D ( 'NONE', #584, #13, #419 ) ;
#604 = EDGE_CURVE ( 'NONE', #57, #749, #867, .T. ) ;
#605 = CIRCLE ( 'NONE', #648, 0.2999999999999999334 ) ;
#606 = EDGE_LOOP ( 'NONE', ( #1104, #197, #2150, #2077 ) ) ;
#607 = CARTESIAN_POINT ( 'NONE',  ( -9.199999999999999289, 50.00000000000000000, 2.500000000074999562 ) ) ;
#608 = AXIS2_PLACEMENT_3D ( 'NONE', #1181, #595, #754 ) ;
#609 = VERTEX_POINT ( 'NONE', #1693 ) ;
#610 = DIRECTION ( 'NONE',  ( 0.000000000000000000, -1.000000000000000000, 0.000000000000000000 ) ) ;
#611 = CARTESIAN_POINT ( 'NONE',  ( 4.917588399999999638, -100.0000000000000000, -8.199999994103558620 ) ) ;
#612 = VERTEX_POINT ( 'NONE', #2279 ) ;
#613 = DIRECTION ( 'NONE',  ( 0.000000000000000000, -1.000000000000000000, 0.000000000000000000 ) ) ;
#614 = ORIENTED_EDGE ( 'NONE', *, *, #1561, .T. ) ;
#615 = FACE_OUTER_BOUND ( 'NONE', #606, .T. ) ;
#616 = CARTESIAN_POINT ( 'NONE',  ( 8.500000000000000000, 50.00000000000000000, -2.500000000050000004 ) ) ;
#617 = EDGE_CURVE ( 'NONE', #150, #1344, #307, .T. ) ;
#618 = ORIENTED_EDGE ( 'NONE', *, *, #2617, .T. ) ;
#619 = EDGE_CURVE ( 'NONE', #79, #2446, #2081, .T. ) ;
#620 = CARTESIAN_POINT ( 'NONE',  ( -8.500000000000000000, 50.00000000000000000, -2.500000000075000006 ) ) ;
#621 = ORIENTED_EDGE ( 'NONE', *, *, #883, .T. ) ;
#622 = CARTESIAN_POINT ( 'NONE',  ( -2.800000000099999831, 50.00000000000000000, -8.500000000100000008 ) ) ;
#623 = FACE_OUTER_BOUND ( 'NONE', #729, .T. ) ;
#624 = ORIENTED_EDGE ( 'NONE', *, *, #1722, .T. ) ;
#625 = MECHANICAL_CONTEXT ( 'NONE', #195, 'mechanical' ) ;
#626 = DIRECTION ( 'NONE',  ( 0.000000000000000000, 0.000000000000000000, 1.000000000000000000 ) ) ;
#627 = CARTESIAN_POINT ( 'NONE',  ( 10.00000000000000000, 100.0000000000000000, -8.000000000000000000 ) ) ;
#628 = EDGE_LOOP ( 'NONE', ( #1590, #2600 ) ) ;
#629 = ADVANCED_FACE ( 'NONE', ( #1083 ), #65, .T. ) ;
#630 = CARTESIAN_POINT ( 'NONE',  ( 4.917588399999999638, 100.0000000000000000, 8.200000000000001066 ) ) ;
#631 = ORIENTED_EDGE ( 'NONE', *, *, #549, .T. ) ;
#632 = EDGE_CURVE ( 'NONE', #1470, #1925, #1302, .T. ) ;
#633 = DIRECTION ( 'NONE',  ( 0.000000000000000000, -1.000000000000000000, 0.000000000000000000 ) ) ;
#634 = FACE_OUTER_BOUND ( 'NONE', #2355, .T. ) ;
#635 = ORIENTED_EDGE ( 'NONE', *, *, #400, .F. ) ;
#636 = EDGE_CURVE ( 'NONE', #47, #1730, #1202, .T. ) ;
#637 = SECURITY_CLASSIFICATION_LEVEL ( 'unclassified' ) ;
#638 = VECTOR ( 'NONE', #218, 1000.000000000000000 ) ;
#639 = DIRECTION ( 'NONE',  ( -0.000000000000000000, -1.000000000000000000, -0.000000000000000000 ) ) ;
#640 = CARTESIAN_POINT ( 'NONE',  ( 2.799999999999999822, 50.00000000000000000, 8.200000000075000628 ) ) ;
#641 = AXIS2_PLACEMENT_3D ( 'NONE', #43, #1645, #2460 ) ;
#642 = CIRCLE ( 'NONE', #2209, 2.149999999999999911 ) ;
#643 = EDGE_LOOP ( 'NONE', ( #899, #1299, #2527, #1822 ) ) ;
#644 = VECTOR ( 'NONE', #2612, 1000.000000000000000 ) ;
#645 = LINE ( 'NONE', #1848, #765 ) ;
#646 = VECTOR ( 'NONE', #2482, 1000.000000000000000 ) ;
#647 = CARTESIAN_POINT ( 'NONE',  ( -3.255887450000000349, -100.0000000000000000, -4.528679659999999885 ) ) ;
#648 = AXIS2_PLACEMENT_3D ( 'NONE', #2335, #1961, #1698 ) ;
#649 = ORIENTED_EDGE ( 'NONE', *, *, #1487, .T. ) ;
#650 = DIRECTION ( 'NONE',  ( 0.000000000000000000, 1.000000000000000000, 0.000000000000000000 ) ) ;
#651 = AXIS2_PLACEMENT_3D ( 'NONE', #1169, #2567, #196 ) ;
#652 = EDGE_CURVE ( 'NONE', #2169, #79, #2131, .T. ) ;
#653 = PLANE ( 'NONE',  #1077 ) ;
#654 = DIRECTION ( 'NONE',  ( -0.7071067811865480168, 0.000000000000000000, -0.7071067811865470176 ) ) ;
#655 = ORIENTED_EDGE ( 'NONE', *, *, #2325, .F. ) ;
#656 =( LENGTH_UNIT ( ) NAMED_UNIT ( * ) SI_UNIT ( .MILLI., .METRE. ) );
#657 = EDGE_CURVE ( 'NONE', #2189, #102, #1660, .T. ) ;
#658 = FACE_OUTER_BOUND ( 'NONE', #2573, .T. ) ;
#659 = VERTEX_POINT ( 'NONE', #800 ) ;
#660 = PLANE ( 'NONE',  #1914 ) ;
#661 = LINE ( 'NONE', #630, #1741 ) ;
#662 = ORIENTED_EDGE ( 'NONE', *, *, #2237, .T. ) ;
#663 = DIRECTION ( 'NONE',  ( 0.000000000000000000, 0.000000000000000000, 1.000000000000000000 ) ) ;
#664 = CARTESIAN_POINT ( 'NONE',  ( -5.653832079999999927, 100.0000000000000000, -4.381039869999999503 ) ) ;
#665 = CARTESIAN_POINT ( 'NONE',  ( -2.800000000099999831, 100.0000000000000000, 8.500000000100000008 ) ) ;
#666 = ORIENTED_EDGE ( 'NONE', *, *, #829, .F. ) ;
#667 =( NAMED_UNIT ( * ) SI_UNIT ( $, .STERADIAN. ) SOLID_ANGLE_UNIT ( ) );
#668 = VERTEX_POINT ( 'NONE', #237 ) ;
#669 = ADVANCED_FACE ( 'NONE', ( #2221 ), #1817, .F. ) ;
#670 = CARTESIAN_POINT ( 'NONE',  ( 3.299999999999999822, -100.0000000000000000, -9.999999999899998215 ) ) ;
#671 = ORIENTED_EDGE ( 'NONE', *, *, #1931, .T. ) ;
#672 = DIRECTION ( 'NONE',  ( -8.673617379884035472E-16, 0.000000000000000000, 1.000000000000000000 ) ) ;
#673 = CARTESIAN_POINT ( 'NONE',  ( 0.000000000000000000, -100.0000000000000000, 0.000000000000000000 ) ) ;
#674 = VERTEX_POINT ( 'NONE', #1031 ) ;
#675 = LINE ( 'NONE', #1064, #169 ) ;
#676 = FACE_OUTER_BOUND ( 'NONE', #1166, .T. ) ;
#677 = DIRECTION ( 'NONE',  ( -1.000000000000000000, 0.000000000000000000, -3.333271159089435349E-10 ) ) ;
#678 = ORIENTED_EDGE ( 'NONE', *, *, #1962, .T. ) ;
#679 = LINE ( 'NONE', #695, #513 ) ;
#680 = DIRECTION ( 'NONE',  ( 0.7071067811865480168, 0.000000000000000000, -0.7071067811865470176 ) ) ;
#681 = CIRCLE ( 'NONE', #88, 0.8000000000249994914 ) ;
#682 = ORIENTED_EDGE ( 'NONE', *, *, #757, .T. ) ;
#683 = DIRECTION ( 'NONE',  ( 0.7071067823050831702, 0.000000000000000000, 0.7071067800680118642 ) ) ;
#684 = VECTOR ( 'NONE', #120, 1000.000000000000000 ) ;
#685 = ADVANCED_FACE ( 'NONE', ( #1805 ), #1236, .T. ) ;
#686 = DIRECTION ( 'NONE',  ( 0.000000000000000000, -1.000000000000000000, 0.000000000000000000 ) ) ;
#687 = AXIS2_PLACEMENT_3D ( 'NONE', #2094, #1282, #2106 ) ;
#688 = VERTEX_POINT ( 'NONE', #830 ) ;
#689 = VECTOR ( 'NONE', #1506, 1000.000000000000000 ) ;
#690 = CARTESIAN_POINT ( 'NONE',  ( 4.917588399999999638, 50.00000000000000000, 8.199999999999999289 ) ) ;
#691 = AXIS2_PLACEMENT_3D ( 'NONE', #973, #1795, #2601 ) ;
#692 = DIRECTION ( 'NONE',  ( 0.000000000000000000, 0.000000000000000000, 1.000000000000000000 ) ) ;
#693 = DIRECTION ( 'NONE',  ( 0.7071067811865475727, 0.000000000000000000, -0.7071067811865475727 ) ) ;
#694 = ORIENTED_EDGE ( 'NONE', *, *, #2156, .F. ) ;
#695 = CARTESIAN_POINT ( 'NONE',  ( 6.778984499999999969, 50.00000000000000000, 5.506192289999998657 ) ) ;
#696 = VECTOR ( 'NONE', #494, 1000.000000000000000 ) ;
#697 = CARTESIAN_POINT ( 'NONE',  ( -9.199999999899999281, 50.00000000000000000, 3.300000000099999831 ) ) ;
#698 = DIRECTION ( 'NONE',  ( 0.000000000000000000, 0.000000000000000000, 1.000000000000000000 ) ) ;
#699 = ORIENTED_EDGE ( 'NONE', *, *, #1962, .F. ) ;
#700 = CARTESIAN_POINT ( 'NONE',  ( 0.000000000000000000, -100.0000000000000000, -3.649999999999999911 ) ) ;
#701 = ADVANCED_FACE ( 'NONE', ( #615 ), #2202, .T. ) ;
#702 = CARTESIAN_POINT ( 'NONE',  ( -8.200000000000001066, 100.0000000000000000, 3.858794200000000174 ) ) ;
#703 = ORIENTED_EDGE ( 'NONE', *, *, #1600, .F. ) ;
#704 = LINE ( 'NONE', #89, #2580 ) ;
#705 = CC_DESIGN_PERSON_AND_ORGANIZATION_ASSIGNMENT ( #1444, #1087, ( #430 ) ) ;
#706 = FACE_OUTER_BOUND ( 'NONE', #1268, .T. ) ;
#707 = ORIENTED_EDGE ( 'NONE', *, *, #761, .F. ) ;
#708 = VERTEX_POINT ( 'NONE', #383 ) ;
#709 = CARTESIAN_POINT ( 'NONE',  ( 9.999999999950000884, 50.00000000000000000, -3.299999999999999822 ) ) ;
#710 = ORIENTED_EDGE ( 'NONE', *, *, #1371, .F. ) ;
#711 = DIRECTION ( 'NONE',  ( 1.000000000000000000, 0.000000000000000000, 0.000000000000000000 ) ) ;
#712 = CARTESIAN_POINT ( 'NONE',  ( -8.200000000000001066, -100.0000000000000000, 1.929397100000000087 ) ) ;
#713 = ORIENTED_EDGE ( 'NONE', *, *, #224, .F. ) ;
#714 = DIRECTION ( 'NONE',  ( 0.000000000000000000, 0.000000000000000000, 1.000000000000000000 ) ) ;
#715 = ADVANCED_FACE ( 'NONE', ( #407 ), #26, .T. ) ;
#716 = LINE ( 'NONE', #2492, #216 ) ;
#717 = ORIENTED_EDGE ( 'NONE', *, *, #1718, .F. ) ;
#718 = EDGE_CURVE ( 'NONE', #2439, #318, #386, .T. ) ;
#719 = VERTEX_POINT ( 'NONE', #1422 ) ;
#720 = LINE ( 'NONE', #1309, #471 ) ;
#721 = CIRCLE ( 'NONE', #1147, 2.999999999999997335 ) ;
#722 = LINE ( 'NONE', #1494, #1446 ) ;
#723 = VERTEX_POINT ( 'NONE', #1602 ) ;
#724 = VECTOR ( 'NONE', #1312, 1000.000000000000000 ) ;
#725 = CARTESIAN_POINT ( 'NONE',  ( -2.149999999999999911, -100.0000000000000000, 2.632990618166810221E-16 ) ) ;
#726 = CIRCLE ( 'NONE', #1565, 3.000000000000000444 ) ;
#727 = AXIS2_PLACEMENT_3D ( 'NONE', #1579, #951, #935 ) ;
#728 = CARTESIAN_POINT ( 'NONE',  ( 0.000000000000000000, -100.0000000000000000, 3.649999999999999911 ) ) ;
#729 = EDGE_LOOP ( 'NONE', ( #1125, #2018, #873, #1469 ) ) ;
#730 = VECTOR ( 'NONE', #40, 1000.000000000000000 ) ;
#731 = AXIS2_PLACEMENT_3D ( 'NONE', #39, #437, #854 ) ;
#732 = EDGE_CURVE ( 'NONE', #1120, #2473, #819, .T. ) ;
#733 = AXIS2_PLACEMENT_3D ( 'NONE', #406, #2219, #1420 ) ;
#734 = EDGE_CURVE ( 'NONE', #1482, #589, #175, .T. ) ;
#735 = CIRCLE ( 'NONE', #310, 2.000000000000000000 ) ;
#736 = ORIENTED_EDGE ( 'NONE', *, *, #2400, .F. ) ;
#737 = CARTESIAN_POINT ( 'NONE',  ( -5.506192289999998657, 50.00000000000000000, 6.778984500000000857 ) ) ;
#738 = CARTESIAN_POINT ( 'NONE',  ( -3.300000000099999831, -100.0000000000000000, -9.199999999899999281 ) ) ;
#739 = ORIENTED_EDGE ( 'NONE', *, *, #2534, .F. ) ;
#740 = CARTESIAN_POINT ( 'NONE',  ( -5.506192294169409251, 100.0000000000000000, -6.778984495830590262 ) ) ;
#741 = DIRECTION ( 'NONE',  ( 2.808119489163303936E-09, 0.000000000000000000, -1.000000000000000000 ) ) ;
#742 = ORIENTED_EDGE ( 'NONE', *, *, #206, .T. ) ;
#743 = EDGE_CURVE ( 'NONE', #368, #1143, #1410, .T. ) ;
#744 = EDGE_CURVE ( 'NONE', #674, #2499, #1212, .T. ) ;
#745 = ORIENTED_EDGE ( 'NONE', *, *, #1284, .F. ) ;
#746 = CARTESIAN_POINT ( 'NONE',  ( -8.000000000000000000, 100.0000000000000000, -8.000000000000000000 ) ) ;
#747 = DIRECTION ( 'NONE',  ( -4.722428788315755877E-11, 0.000000000000000000, -1.000000000000000000 ) ) ;
#748 = EDGE_CURVE ( 'NONE', #2455, #447, #1015, .T. ) ;
#749 = VERTEX_POINT ( 'NONE', #1045 ) ;
#750 = CARTESIAN_POINT ( 'NONE',  ( 9.199999999999999289, 100.0000000000000000, 2.500000000000000000 ) ) ;
#751 = VERTEX_POINT ( 'NONE', #2234 ) ;
#752 = CARTESIAN_POINT ( 'NONE',  ( 1.134567109999999879, 100.0000000000000000, 3.649999999999999911 ) ) ;
#753 = CARTESIAN_POINT ( 'NONE',  ( -8.500000000000000000, 100.0000000000000000, -2.500000000100000008 ) ) ;
#754 = DIRECTION ( 'NONE',  ( 0.000000000000000000, -1.000000000000000000, 0.000000000000000000 ) ) ;
#755 = ORIENTED_EDGE ( 'NONE', *, *, #2223, .F. ) ;
#756 = LINE ( 'NONE', #1550, #1530 ) ;
#757 = EDGE_CURVE ( 'NONE', #1108, #87, #721, .T. ) ;
#758 = CARTESIAN_POINT ( 'NONE',  ( 10.00000000000000000, -100.0000000000000000, 8.000000000000000000 ) ) ;
#759 = ORIENTED_EDGE ( 'NONE', *, *, #1561, .F. ) ;
#760 = DIRECTION ( 'NONE',  ( -0.7071067804356742093, 0.000000000000000000, 0.7071067819374209362 ) ) ;
#761 = EDGE_CURVE ( 'NONE', #2068, #2551, #1448, .T. ) ;
#762 = VECTOR ( 'NONE', #938, 1000.000000000000000 ) ;
#763 = ORIENTED_EDGE ( 'NONE', *, *, #1916, .T. ) ;
#764 = DIRECTION ( 'NONE',  ( 0.7071067811865475727, 0.000000000000000000, 0.7071067811865475727 ) ) ;
#765 = VECTOR ( 'NONE', #441, 1000.000000000000000 ) ;
#766 = AXIS2_PLACEMENT_3D ( 'NONE', #1062, #1453, #1981 ) ;
#767 = CARTESIAN_POINT ( 'NONE',  ( 2.500000000000000000, -100.0000000000000000, -4.424999999999999822 ) ) ;
#768 = CARTESIAN_POINT ( 'NONE',  ( 3.649999999999999911, 100.0000000000000000, 0.000000000000000000 ) ) ;
#769 = CARTESIAN_POINT ( 'NONE',  ( 3.300000000099999831, -100.0000000000000000, 9.199999999899999281 ) ) ;
#770 = VECTOR ( 'NONE', #1351, 1000.000000000000000 ) ;
#771 = VECTOR ( 'NONE', #290, 1000.000000000000000 ) ;
#772 = ORIENTED_EDGE ( 'NONE', *, *, #920, .F. ) ;
#773 = LOCAL_TIME ( 18, 50, 20.00000000000000000, #1481 ) ;
#774 = CARTESIAN_POINT ( 'NONE',  ( 3.299999999999999822, 50.00000000000000000, 9.999999999950000884 ) ) ;
#775 = FACE_OUTER_BOUND ( 'NONE', #1292, .T. ) ;
#776 = VERTEX_POINT ( 'NONE', #2058 ) ;
#777 = EDGE_CURVE ( 'NONE', #1149, #1639, #1857, .T. ) ;
#778 = CARTESIAN_POINT ( 'NONE',  ( -4.917588399999999638, -100.0000000000000000, -8.200000000000001066 ) ) ;
#779 = ORIENTED_EDGE ( 'NONE', *, *, #1033, .F. ) ;
#780 = EDGE_CURVE ( 'NONE', #926, #368, #495, .T. ) ;
#781 = FACE_OUTER_BOUND ( 'NONE', #320, .T. ) ;
#782 = DIRECTION ( 'NONE',  ( 0.000000000000000000, -1.000000000000000000, 0.000000000000000000 ) ) ;
#783 = CARTESIAN_POINT ( 'NONE',  ( -9.199999999999999289, -100.0000000000000000, -2.500000000000000000 ) ) ;
#784 = VERTEX_POINT ( 'NONE', #709 ) ;
#785 = DIRECTION ( 'NONE',  ( 0.000000000000000000, -1.000000000000000000, 0.000000000000000000 ) ) ;
#786 = DIRECTION ( 'NONE',  ( 7.142847821154224518E-11, 0.000000000000000000, 1.000000000000000000 ) ) ;
#787 = ORIENTED_EDGE ( 'NONE', *, *, #145, .T. ) ;
#788 = DIRECTION ( 'NONE',  ( 0.000000000000000000, 1.000000000000000000, 0.000000000000000000 ) ) ;
#789 = EDGE_CURVE ( 'NONE', #428, #2406, #2200, .T. ) ;
#790 = CARTESIAN_POINT ( 'NONE',  ( 8.000000000000000000, -100.0000000000000000, -10.00000000000000000 ) ) ;
#791 = EDGE_LOOP ( 'NONE', ( #2555, #1354, #2394, #1703 ) ) ;
#792 = CARTESIAN_POINT ( 'NONE',  ( 10.00000000000000000, 50.00000000000000000, 8.000000000000000000 ) ) ;
#793 = ADVANCED_FACE ( 'NONE', ( #1277 ), #339, .F. ) ;
#794 = CARTESIAN_POINT ( 'NONE',  ( -8.500000000100000008, -100.0000000000000000, -2.800000000099999831 ) ) ;
#795 = DIRECTION ( 'NONE',  ( -1.000000000000000000, 0.000000000000000000, 0.000000000000000000 ) ) ;
#796 = ORIENTED_EDGE ( 'NONE', *, *, #798, .T. ) ;
#797 = FACE_OUTER_BOUND ( 'NONE', #372, .T. ) ;
#798 = EDGE_CURVE ( 'NONE', #889, #659, #2542, .T. ) ;
#799 = VERTEX_POINT ( 'NONE', #1687 ) ;
#800 = CARTESIAN_POINT ( 'NONE',  ( -8.200000000100001074, -100.0000000000000000, 2.799999999999999822 ) ) ;
#801 = FACE_OUTER_BOUND ( 'NONE', #177, .T. ) ;
#802 = VERTEX_POINT ( 'NONE', #884 ) ;
#803 = CARTESIAN_POINT ( 'NONE',  ( 3.299999999999999822, 50.00000000000000000, 9.999999999950000884 ) ) ;
#804 = ORIENTED_EDGE ( 'NONE', *, *, #1648, .F. ) ;
#805 = DIRECTION ( 'NONE',  ( -1.000000000000000000, 0.000000000000000000, -1.249998368701987772E-10 ) ) ;
#806 = AXIS2_PLACEMENT_3D ( 'NONE', #1460, #1071, #1958 ) ;
#807 = DIRECTION ( 'NONE',  ( 1.000000000000000000, 0.000000000000000000, 3.333328983205301415E-10 ) ) ;
#808 = CARTESIAN_POINT ( 'NONE',  ( -1.134567109999999879, 100.0000000000000000, 6.649999999999999467 ) ) ;
#809 = ORIENTED_EDGE ( 'NONE', *, *, #1126, .T. ) ;
#810 = CARTESIAN_POINT ( 'NONE',  ( 8.000000000000000000, 50.00000000000000000, 8.000000000000000000 ) ) ;
#811 = EDGE_CURVE ( 'NONE', #2623, #360, #2587, .T. ) ;
#812 = AXIS2_PLACEMENT_3D ( 'NONE', #364, #353, #2576 ) ;
#813 = VECTOR ( 'NONE', #470, 1000.000000000000000 ) ;
#814 = ORIENTED_EDGE ( 'NONE', *, *, #1115, .T. ) ;
#815 = EDGE_CURVE ( 'NONE', #447, #609, #1736, .T. ) ;
#816 = DIRECTION ( 'NONE',  ( -1.000000000000000000, 0.000000000000000000, -3.333328983205301415E-10 ) ) ;
#817 = LINE ( 'NONE', #1618, #1034 ) ;
#818 = VECTOR ( 'NONE', #1418, 1000.000000000000000 ) ;
#819 = CIRCLE ( 'NONE', #1283, 0.8324116100000018559 ) ;
#820 = VECTOR ( 'NONE', #581, 1000.000000000000000 ) ;
#821 = ORIENTED_EDGE ( 'NONE', *, *, #101, .F. ) ;
#822 = CARTESIAN_POINT ( 'NONE',  ( 2.500000000000000000, 100.0000000000000000, -9.199999999999999289 ) ) ;
#823 = DIRECTION ( 'NONE',  ( 0.000000000000000000, -1.000000000000000000, 0.000000000000000000 ) ) ;
#824 = ORIENTED_EDGE ( 'NONE', *, *, #780, .T. ) ;
#825 = CARTESIAN_POINT ( 'NONE',  ( 1.134567110000000323, 50.00000000000000000, 3.650000001258523419 ) ) ;
#826 = CARTESIAN_POINT ( 'NONE',  ( -4.528679656440359302, 50.00000000000000000, -3.255887453559640043 ) ) ;
#827 = ORIENTED_EDGE ( 'NONE', *, *, #1461, .T. ) ;
#828 = PERSON_AND_ORGANIZATION_ROLE ( 'design_supplier' ) ;
#829 = EDGE_CURVE ( 'NONE', #802, #2015, #1486, .T. ) ;
#830 = CARTESIAN_POINT ( 'NONE',  ( 5.506192294169410140, 50.00000000000000000, 6.778984495830589374 ) ) ;
#831 = CARTESIAN_POINT ( 'NONE',  ( -4.424999999999999822, -100.0000000000000000, -2.500000000000000000 ) ) ;
#832 = EDGE_CURVE ( 'NONE', #799, #889, #1503, .T. ) ;
#833 = VERTEX_POINT ( 'NONE', #2314 ) ;
#834 = CARTESIAN_POINT ( 'NONE',  ( -1.134567109999999879, -100.0000000000000000, 6.649999999999999467 ) ) ;
#835 = ADVANCED_FACE ( 'NONE', ( #71 ), #482, .F. ) ;
#836 = DIRECTION ( 'NONE',  ( 1.000000000000000000, 0.000000000000000000, 0.000000000000000000 ) ) ;
#837 = ORIENTED_EDGE ( 'NONE', *, *, #2622, .F. ) ;
#838 = CARTESIAN_POINT ( 'NONE',  ( -3.255887453559640043, 50.00000000000000000, 4.528679656440358414 ) ) ;
#839 = DIRECTION ( 'NONE',  ( 0.000000000000000000, -1.000000000000000000, 0.000000000000000000 ) ) ;
#840 = ORIENTED_EDGE ( 'NONE', *, *, #1567, .F. ) ;
#841 = DIRECTION ( 'NONE',  ( 0.000000000000000000, 0.000000000000000000, -1.000000000000000000 ) ) ;
#842 = CARTESIAN_POINT ( 'NONE',  ( -2.500000000000000000, -100.0000000000000000, -8.500000000000000000 ) ) ;
#843 = VERTEX_POINT ( 'NONE', #82 ) ;
#844 = CARTESIAN_POINT ( 'NONE',  ( -7.367588389999999876, 50.00000000000000000, 4.917588399999999638 ) ) ;
#845 = DIRECTION ( 'NONE',  ( 0.000000000000000000, -1.000000000000000000, 0.000000000000000000 ) ) ;
#846 = ORIENTED_EDGE ( 'NONE', *, *, #940, .T. ) ;
#847 = DIRECTION ( 'NONE',  ( 0.000000000000000000, -1.000000000000000000, 0.000000000000000000 ) ) ;
#848 = EDGE_CURVE ( 'NONE', #1683, #668, #2410, .T. ) ;
#849 = DIRECTION ( 'NONE',  ( 0.7071067811865480168, 0.000000000000000000, -0.7071067811865470176 ) ) ;
#850 = LINE ( 'NONE', #1271, #818 ) ;
#851 = ORIENTED_EDGE ( 'NONE', *, *, #2452, .T. ) ;
#852 = CALENDAR_DATE ( 2026, 22, 6 ) ;
#853 = AXIS2_PLACEMENT_3D ( 'NONE', #2369, #2011, #764 ) ;
#854 = DIRECTION ( 'NONE',  ( 0.000000000000000000, 0.000000000000000000, 1.000000000000000000 ) ) ;
#855 = VECTOR ( 'NONE', #1689, 1000.000000000000000 ) ;
#856 = VERTEX_POINT ( 'NONE', #670 ) ;
#857 = VECTOR ( 'NONE', #209, 1000.000000000000000 ) ;
#858 = CARTESIAN_POINT ( 'NONE',  ( -6.649999999999999467, -100.0000000000000000, 1.134567109999999879 ) ) ;
#859 = VECTOR ( 'NONE', #289, 1000.000000000000000 ) ;
#860 = DIRECTION ( 'NONE',  ( 0.000000000000000000, -1.000000000000000000, 0.000000000000000000 ) ) ;
#861 = VECTOR ( 'NONE', #741, 1000.000000000000000 ) ;
#862 = EDGE_CURVE ( 'NONE', #1639, #2160, #2290, .T. ) ;
#863 = ORIENTED_EDGE ( 'NONE', *, *, #1619, .T. ) ;
#864 = DIRECTION ( 'NONE',  ( 1.000000000000000000, 0.000000000000000000, 0.000000000000000000 ) ) ;
#865 = LOCAL_TIME ( 18, 50, 20.00000000000000000, #1888 ) ;
#866 = EDGE_CURVE ( 'NONE', #2050, #2010, #2359, .T. ) ;
#867 = LINE ( 'NONE', #1669, #646 ) ;
#868 = CARTESIAN_POINT ( 'NONE',  ( 10.00000000000000000, 0.000000000000000000, 3.300000000099999831 ) ) ;
#869 = EDGE_LOOP ( 'NONE', ( #1414, #1462, #394, #1595 ) ) ;
#870 = PERSON_AND_ORGANIZATION ( #18446744073709551615, #18446744073709551615 ) ;
#871 = EDGE_LOOP ( 'NONE', ( #1929, #211, #671, #533 ) ) ;
#872 = CARTESIAN_POINT ( 'NONE',  ( 0.000000000000000000, 0.000000000000000000, 0.000000000000000000 ) ) ;
#873 = ORIENTED_EDGE ( 'NONE', *, *, #1498, .F. ) ;
#874 = DIRECTION ( 'NONE',  ( -0.000000000000000000, -1.000000000000000000, -0.000000000000000000 ) ) ;
#875 = DIRECTION ( 'NONE',  ( 0.000000000000000000, 0.000000000000000000, 1.000000000000000000 ) ) ;
#876 = VERTEX_POINT ( 'NONE', #99 ) ;
#877 = DIRECTION ( 'NONE',  ( -0.000000000000000000, -1.000000000000000000, -0.000000000000000000 ) ) ;
#878 = DIRECTION ( 'NONE',  ( 0.000000000000000000, 1.000000000000000000, 0.000000000000000000 ) ) ;
#879 = PLANE ( 'NONE',  #2260 ) ;
#880 = ORIENTED_EDGE ( 'NONE', *, *, #1218, .T. ) ;
#881 = APPROVAL_STATUS ( 'not_yet_approved' ) ;
#882 = CARTESIAN_POINT ( 'NONE',  ( -3.255887450000000349, 100.0000000000000000, -4.528679659999999885 ) ) ;
#883 = EDGE_CURVE ( 'NONE', #164, #2169, #1876, .T. ) ;
#884 = CARTESIAN_POINT ( 'NONE',  ( 3.255887451779821529, 50.00000000000000000, 4.528679658220179149 ) ) ;
#885 = ADVANCED_FACE ( 'NONE', ( #658 ), #142, .F. ) ;
#886 = ORIENTED_EDGE ( 'NONE', *, *, #2366, .T. ) ;
#887 = CYLINDRICAL_SURFACE ( 'NONE', #1400, 2.000000000000000000 ) ;
#888 = DIRECTION ( 'NONE',  ( 0.000000000000000000, 1.000000000000000000, 0.000000000000000000 ) ) ;
#889 = VERTEX_POINT ( 'NONE', #203 ) ;
#890 = DIRECTION ( 'NONE',  ( 0.7071067811865470176, 0.000000000000000000, 0.7071067811865480168 ) ) ;
#891 = FACE_OUTER_BOUND ( 'NONE', #2137, .T. ) ;
#892 = DIRECTION ( 'NONE',  ( 0.000000000000000000, 0.000000000000000000, 1.000000000000000000 ) ) ;
#893 = VERTEX_POINT ( 'NONE', #567 ) ;
#894 = ORIENTED_EDGE ( 'NONE', *, *, #2272, .T. ) ;
#895 = ADVANCED_FACE ( 'NONE', ( #2594 ), #1193, .F. ) ;
#896 = DIRECTION ( 'NONE',  ( -0.000000000000000000, -1.000000000000000000, -0.000000000000000000 ) ) ;
#897 = CIRCLE ( 'NONE', #2334, 0.3000000000249990473 ) ;
#898 = CC_DESIGN_PERSON_AND_ORGANIZATION_ASSIGNMENT ( #2494, #2443, ( #1866 ) ) ;
#899 = ORIENTED_EDGE ( 'NONE', *, *, #1249, .T. ) ;
#900 = DIRECTION ( 'NONE',  ( 0.000000000000000000, -1.000000000000000000, 0.000000000000000000 ) ) ;
#901 = VECTOR ( 'NONE', #1740, 1000.000000000000000 ) ;
#902 = DIRECTION ( 'NONE',  ( 1.000000000000000000, 0.000000000000000000, 0.000000000000000000 ) ) ;
#903 = VECTOR ( 'NONE', #136, 1000.000000000000000 ) ;
#904 = ORIENTED_EDGE ( 'NONE', *, *, #1751, .T. ) ;
#905 = AXIS2_PLACEMENT_3D ( 'NONE', #1592, #149, #2023 ) ;
#906 = DIRECTION ( 'NONE',  ( -1.000000000000000000, 0.000000000000000000, 0.000000000000000000 ) ) ;
#907 = CIRCLE ( 'NONE', #1160, 0.8324116100000018559 ) ;
#908 = LINE ( 'NONE', #1053, #1406 ) ;
#909 = FACE_OUTER_BOUND ( 'NONE', #1421, .T. ) ;
#910 = VERTEX_POINT ( 'NONE', #2228 ) ;
#911 = ORIENTED_EDGE ( 'NONE', *, *, #387, .T. ) ;
#912 = CARTESIAN_POINT ( 'NONE',  ( 1.872321882500000090, -100.0000000000000000, -3.145114092500000513 ) ) ;
#913 = ADVANCED_FACE ( 'NONE', ( #590 ), #392, .F. ) ;
#914 = ORIENTED_EDGE ( 'NONE', *, *, #594, .F. ) ;
#915 = DIRECTION ( 'NONE',  ( 0.000000000000000000, 1.000000000000000000, 0.000000000000000000 ) ) ;
#916 = EDGE_CURVE ( 'NONE', #1127, #784, #300, .T. ) ;
#917 = DIRECTION ( 'NONE',  ( -1.000000000000000000, 0.000000000000000000, 0.000000000000000000 ) ) ;
#918 = ORIENTED_EDGE ( 'NONE', *, *, #2545, .F. ) ;
#919 = DIRECTION ( 'NONE',  ( -0.7071067811865480168, 0.000000000000000000, 0.7071067811865470176 ) ) ;
#920 = EDGE_CURVE ( 'NONE', #1683, #1149, #1759, .T. ) ;
#921 = CARTESIAN_POINT ( 'NONE',  ( 2.800000000099999831, -100.0000000000000000, 8.500000000100000008 ) ) ;
#922 = ORIENTED_EDGE ( 'NONE', *, *, #1284, .T. ) ;
#923 = ORIENTED_EDGE ( 'NONE', *, *, #2522, .T. ) ;
#924 = CARTESIAN_POINT ( 'NONE',  ( 4.917588399999999638, 100.0000000000000000, -8.199999994103558620 ) ) ;
#925 = FACE_OUTER_BOUND ( 'NONE', #976, .T. ) ;
#926 = VERTEX_POINT ( 'NONE', #792 ) ;
#927 = DIRECTION ( 'NONE',  ( -1.000000000000000000, 0.000000000000000000, 4.722428788315755877E-11 ) ) ;
#928 = DIRECTION ( 'NONE',  ( -0.7071067811865480168, 0.000000000000000000, -0.7071067811865470176 ) ) ;
#929 = ORIENTED_EDGE ( 'NONE', *, *, #2045, .T. ) ;
#930 = ADVANCED_FACE ( 'NONE', ( #553 ), #1801, .F. ) ;
#931 = DIRECTION ( 'NONE',  ( 0.7071067811865475727, 0.000000000000000000, 0.7071067811865475727 ) ) ;
#932 = EDGE_LOOP ( 'NONE', ( #1863, #2093, #755, #1809 ) ) ;
#933 = PLANE ( 'NONE',  #1117 ) ;
#934 = AXIS2_PLACEMENT_3D ( 'NONE', #1262, #1100, #283 ) ;
#935 = DIRECTION ( 'NONE',  ( 0.000000000000000000, 1.000000000000000000, 0.000000000000000000 ) ) ;
#936 = ORIENTED_EDGE ( 'NONE', *, *, #1668, .T. ) ;
#937 = AXIS2_PLACEMENT_3D ( 'NONE', #1895, #2531, #1497 ) ;
#938 = DIRECTION ( 'NONE',  ( 1.000000000000000000, 0.000000000000000000, -7.142785866744368388E-11 ) ) ;
#939 = CIRCLE ( 'NONE', #980, 0.2999999999999999334 ) ;
#940 = EDGE_CURVE ( 'NONE', #2010, #368, #255, .T. ) ;
#941 = CIRCLE ( 'NONE', #302, 0.3000000000249998799 ) ;
#942 = CIRCLE ( 'NONE', #1279, 2.999999994965900196 ) ;
#943 = DIRECTION ( 'NONE',  ( 0.000000000000000000, -1.000000000000000000, 0.000000000000000000 ) ) ;
#944 = ORIENTED_EDGE ( 'NONE', *, *, #1355, .T. ) ;
#945 = EDGE_CURVE ( 'NONE', #1127, #1369, #1207, .T. ) ;
#946 = AXIS2_PLACEMENT_3D ( 'NONE', #2232, #1599, #986 ) ;
#947 = CARTESIAN_POINT ( 'NONE',  ( -9.999999999899998215, -100.0000000000000000, -3.299999999999999822 ) ) ;
#948 =( GEOMETRIC_REPRESENTATION_CONTEXT ( 3 ) GLOBAL_UNCERTAINTY_ASSIGNED_CONTEXT ( ( #1630 ) ) GLOBAL_UNIT_ASSIGNED_CONTEXT ( ( #656, #223, #667 ) ) REPRESENTATION_CONTEXT ( 'NONE', 'WORKASPACE' ) );
#949 = VERTEX_POINT ( 'NONE', #2407 ) ;
#950 = CARTESIAN_POINT ( 'NONE',  ( 8.500000000000000000, -100.0000000000000000, 2.500000000100000008 ) ) ;
#951 = DIRECTION ( 'NONE',  ( 1.000000000000000000, 0.000000000000000000, 0.000000000000000000 ) ) ;
#952 = ORIENTED_EDGE ( 'NONE', *, *, #1959, .F. ) ;
#953 = DIRECTION ( 'NONE',  ( 0.000000000000000000, 0.000000000000000000, -1.000000000000000000 ) ) ;
#954 = ORIENTED_EDGE ( 'NONE', *, *, #1493, .T. ) ;
#955 = DIRECTION ( 'NONE',  ( -0.000000000000000000, -1.000000000000000000, -0.000000000000000000 ) ) ;
#956 = CARTESIAN_POINT ( 'NONE',  ( 2.500000000100000008, -100.0000000000000000, -8.500000000000000000 ) ) ;
#957 = CARTESIAN_POINT ( 'NONE',  ( -6.778984500000000857, 50.00000000000000000, -5.506192289999998657 ) ) ;
#958 = EDGE_CURVE ( 'NONE', #1003, #994, #981, .T. ) ;
#959 = ORIENTED_EDGE ( 'NONE', *, *, #2568, .F. ) ;
#960 = EDGE_CURVE ( 'NONE', #2428, #674, #44, .T. ) ;
#961 = DIRECTION ( 'NONE',  ( 0.000000000000000000, 0.000000000000000000, 1.000000000000000000 ) ) ;
#962 = LINE ( 'NONE', #1563, #2582 ) ;
#963 = ORIENTED_EDGE ( 'NONE', *, *, #1033, .T. ) ;
#964 = DIRECTION ( 'NONE',  ( 0.000000000000000000, -1.000000000000000000, 0.000000000000000000 ) ) ;
#965 = CARTESIAN_POINT ( 'NONE',  ( -1.872321882500000090, -100.0000000000000000, -3.145114092500000513 ) ) ;
#966 = VERTEX_POINT ( 'NONE', #1608 ) ;
#967 = DIRECTION ( 'NONE',  ( 0.000000000000000000, 1.000000000000000000, 0.000000000000000000 ) ) ;
#968 = CARTESIAN_POINT ( 'NONE',  ( -3.299999999999999822, 50.00000000000000000, 9.999999999924998662 ) ) ;
#969 = DIRECTION ( 'NONE',  ( 0.000000000000000000, 0.000000000000000000, 1.000000000000000000 ) ) ;
#970 = CARTESIAN_POINT ( 'NONE',  ( 1.134567109999999879, -100.0000000000000000, 6.649999999999999467 ) ) ;
#971 = ADVANCED_FACE ( 'NONE', ( #1556 ), #578, .F. ) ;
#972 = ORIENTED_EDGE ( 'NONE', *, *, #958, .T. ) ;
#973 = CARTESIAN_POINT ( 'NONE',  ( 1.134567109999999879, 100.0000000000000000, 6.649999999999999467 ) ) ;
#974 = EDGE_CURVE ( 'NONE', #1454, #1601, #2125, .T. ) ;
#975 = CARTESIAN_POINT ( 'NONE',  ( -8.199999999999999289, 50.00000000000000000, 4.917588399999999638 ) ) ;
#976 = EDGE_LOOP ( 'NONE', ( #635, #180, #1315, #249 ) ) ;
#977 = DIRECTION ( 'NONE',  ( 0.000000000000000000, -1.000000000000000000, 0.000000000000000000 ) ) ;
#978 = AXIS2_PLACEMENT_3D ( 'NONE', #288, #76, #1345 ) ;
#979 = ORIENTED_EDGE ( 'NONE', *, *, #1355, .F. ) ;
#980 = AXIS2_PLACEMENT_3D ( 'NONE', #69, #493, #2297 ) ;
#981 = LINE ( 'NONE', #752, #1737 ) ;
#982 = VECTOR ( 'NONE', #683, 1000.000000000000000 ) ;
#983 = AXIS2_PLACEMENT_3D ( 'NONE', #1185, #176, #1767 ) ;
#984 = DIRECTION ( 'NONE',  ( -0.7071067811865470176, 0.000000000000000000, 0.7071067811865480168 ) ) ;
#985 = CARTESIAN_POINT ( 'NONE',  ( 3.255887450000000349, -100.0000000000000000, 4.528679659999999885 ) ) ;
#986 = DIRECTION ( 'NONE',  ( 0.000000000000000000, 0.000000000000000000, 1.000000000000000000 ) ) ;
#987 = AXIS2_PLACEMENT_3D ( 'NONE', #2598, #2397, #1364 ) ;
#988 = VECTOR ( 'NONE', #680, 1000.000000000000000 ) ;
#989 = VECTOR ( 'NONE', #1576, 1000.000000000000000 ) ;
#990 = VERTEX_POINT ( 'NONE', #2384 ) ;
#991 = FACE_OUTER_BOUND ( 'NONE', #1696, .T. ) ;
#992 = ADVANCED_FACE ( 'NONE', ( #1009 ), #1810, .T. ) ;
#993 = DIRECTION ( 'NONE',  ( 0.000000000000000000, -1.000000000000000000, 0.000000000000000000 ) ) ;
#994 = VERTEX_POINT ( 'NONE', #2616 ) ;
#995 = DIRECTION ( 'NONE',  ( 0.000000000000000000, 0.000000000000000000, 1.000000000000000000 ) ) ;
#996 = ADVANCED_FACE ( 'NONE', ( #781 ), #2195, .T. ) ;
#997 = ORIENTED_EDGE ( 'NONE', *, *, #1942, .T. ) ;
#998 = DIRECTION ( 'NONE',  ( 0.000000000000000000, 0.000000000000000000, 1.000000000000000000 ) ) ;
#999 = ADVANCED_FACE ( 'NONE', ( #2424 ), #1416, .F. ) ;
#1000 = FACE_OUTER_BOUND ( 'NONE', #1871, .T. ) ;
#1001 = DIRECTION ( 'NONE',  ( 1.063828398895308660E-11, 0.000000000000000000, -1.000000000000000000 ) ) ;
#1002 = CYLINDRICAL_SURFACE ( 'NONE', #733, 0.8324116041035614089 ) ;
#1003 = VERTEX_POINT ( 'NONE', #825 ) ;
#1004 = DIRECTION ( 'NONE',  ( 1.000000000000000000, 0.000000000000000000, 3.333328983205301415E-10 ) ) ;
#1005 = LINE ( 'NONE', #2553, #903 ) ;
#1006 = VERTEX_POINT ( 'NONE', #2268 ) ;
#1007 = CARTESIAN_POINT ( 'NONE',  ( -2.500000000000000000, 100.0000000000000000, 8.849999999999999645 ) ) ;
#1008 = EDGE_LOOP ( 'NONE', ( #2404, #2569, #2530, #2102 ) ) ;
#1009 = FACE_OUTER_BOUND ( 'NONE', #205, .T. ) ;
#1010 = ADVANCED_FACE ( 'NONE', ( #1040 ), #2451, .T. ) ;
#1011 = CARTESIAN_POINT ( 'NONE',  ( -3.649999999999999911, -100.0000000000000000, 1.134567109999999879 ) ) ;
#1012 = VERTEX_POINT ( 'NONE', #1227 ) ;
#1013 = DIRECTION ( 'NONE',  ( -1.000000000000000000, 0.000000000000000000, -3.333328983205301415E-10 ) ) ;
#1014 = VERTEX_POINT ( 'NONE', #2440 ) ;
#1015 = LINE ( 'NONE', #1617, #1864 ) ;
#1016 = CARTESIAN_POINT ( 'NONE',  ( -6.649999999999999467, 50.00000000000000000, 1.134567109999999879 ) ) ;
#1017 = ORIENTED_EDGE ( 'NONE', *, *, #122, .T. ) ;
#1018 = CARTESIAN_POINT ( 'NONE',  ( -2.500000000100000008, 100.0000000000000000, 8.500000000000000000 ) ) ;
#1019 = PRODUCT ( 'ItemBar-150mm', 'ItemBar-150mm', '', ( #625 ) ) ;
#1020 = ORIENTED_EDGE ( 'NONE', *, *, #1567, .T. ) ;
#1021 = DIRECTION ( 'NONE',  ( 0.000000000000000000, 1.000000000000000000, 0.000000000000000000 ) ) ;
#1022 = EDGE_CURVE ( 'NONE', #2030, #2140, #897, .T. ) ;
#1023 = AXIS2_PLACEMENT_3D ( 'NONE', #872, #1675, #2021 ) ;
#1024 = CARTESIAN_POINT ( 'NONE',  ( -10.00000000000000000, 50.00000000000000000, -8.000000000000000000 ) ) ;
#1025 = VERTEX_POINT ( 'NONE', #260 ) ;
#1026 = COORDINATED_UNIVERSAL_TIME_OFFSET ( 10, 0, .AHEAD. ) ;
#1027 = AXIS2_PLACEMENT_3D ( 'NONE', #1116, #915, #1717 ) ;
#1028 = EDGE_CURVE ( 'NONE', #1006, #222, #474, .T. ) ;
#1029 = VECTOR ( 'NONE', #1386, 1000.000000000000000 ) ;
#1030 = VECTOR ( 'NONE', #984, 1000.000000000000000 ) ;
#1031 = CARTESIAN_POINT ( 'NONE',  ( -4.917588399999999638, -100.0000000000000000, 8.199999994103558620 ) ) ;
#1032 = CARTESIAN_POINT ( 'NONE',  ( 3.300000000099999831, 100.0000000000000000, 9.199999999899999281 ) ) ;
#1033 = EDGE_CURVE ( 'NONE', #1183, #2181, #675, .T. ) ;
#1034 = VECTOR ( 'NONE', #14, 1000.000000000000000 ) ;
#1035 = VECTOR ( 'NONE', #1096, 1000.000000000000000 ) ;
#1036 = EDGE_LOOP ( 'NONE', ( #2603, #344, #2361, #1968 ) ) ;
#1037 = VECTOR ( 'NONE', #556, 1000.000000000000000 ) ;
#1038 = CARTESIAN_POINT ( 'NONE',  ( 9.199999999899999281, 100.0000000000000000, 3.300000000099999831 ) ) ;
#1039 = ORIENTED_EDGE ( 'NONE', *, *, #2349, .T. ) ;
#1040 = FACE_OUTER_BOUND ( 'NONE', #110, .T. ) ;
#1041 = LINE ( 'NONE', #22, #1401 ) ;
#1042 = CARTESIAN_POINT ( 'NONE',  ( -2.500000000050000004, 50.00000000000000000, -8.500000000000000000 ) ) ;
#1043 = VERTEX_POINT ( 'NONE', #1865 ) ;
#1044 = DATE_AND_TIME ( #460, #773 ) ;
#1045 = CARTESIAN_POINT ( 'NONE',  ( -10.00000000000000000, -100.0000000000000000, 3.299999999999999822 ) ) ;
#1046 = DIRECTION ( 'NONE',  ( -1.000000000000000000, 0.000000000000000000, -1.250003789712849683E-10 ) ) ;
#1047 = ADVANCED_FACE ( 'NONE', ( #2099 ), #2053, .T. ) ;
#1048 = ORIENTED_EDGE ( 'NONE', *, *, #619, .F. ) ;
#1049 = CARTESIAN_POINT ( 'NONE',  ( -3.300000000099999831, 50.00000000000000000, 9.199999999899999281 ) ) ;
#1050 = LINE ( 'NONE', #230, #170 ) ;
#1051 = ORIENTED_EDGE ( 'NONE', *, *, #1456, .T. ) ;
#1052 = DIRECTION ( 'NONE',  ( 0.000000000000000000, -1.000000000000000000, 0.000000000000000000 ) ) ;
#1053 = CARTESIAN_POINT ( 'NONE',  ( -4.917588399999999638, 100.0000000000000000, 8.199999994103558620 ) ) ;
#1054 = CARTESIAN_POINT ( 'NONE',  ( 4.424999999999999822, -100.0000000000000000, -2.500000000000000000 ) ) ;
#1055 = PERSON_AND_ORGANIZATION ( #18446744073709551615, #18446744073709551615 ) ;
#1056 = CARTESIAN_POINT ( 'NONE',  ( 0.000000000000000000, 50.00000000000000000, 0.000000000000000000 ) ) ;
#1057 = DIRECTION ( 'NONE',  ( -1.250003789712849683E-10, 0.000000000000000000, 1.000000000000000000 ) ) ;
#1058 = EDGE_CURVE ( 'NONE', #1003, #802, #340, .T. ) ;
#1059 = ORIENTED_EDGE ( 'NONE', *, *, #1408, .F. ) ;
#1060 = DIRECTION ( 'NONE',  ( 0.000000000000000000, 0.000000000000000000, 1.000000000000000000 ) ) ;
#1061 = ADVANCED_FACE ( 'NONE', ( #232 ), #8, .T. ) ;
#1062 = CARTESIAN_POINT ( 'NONE',  ( 4.917588399999999638, 50.00000000000000000, 7.367588389999999876 ) ) ;
#1063 = ORIENTED_EDGE ( 'NONE', *, *, #2396, .F. ) ;
#1064 = CARTESIAN_POINT ( 'NONE',  ( -8.000000000000000000, 100.0000000000000000, -10.00000000000000000 ) ) ;
#1065 = DIRECTION ( 'NONE',  ( 0.000000000000000000, -1.000000000000000000, 0.000000000000000000 ) ) ;
#1066 = DIRECTION ( 'NONE',  ( -1.000000000000000000, 0.000000000000000000, 0.000000000000000000 ) ) ;
#1067 = ORIENTED_EDGE ( 'NONE', *, *, #1440, .T. ) ;
#1068 = EDGE_LOOP ( 'NONE', ( #491, #527, #391, #772 ) ) ;
#1069 = VECTOR ( 'NONE', #208, 1000.000000000000000 ) ;
#1070 = AXIS2_PLACEMENT_3D ( 'NONE', #2079, #633, #429 ) ;
#1071 = DIRECTION ( 'NONE',  ( 0.000000000000000000, 1.000000000000000000, 0.000000000000000000 ) ) ;
#1072 = VECTOR ( 'NONE', #1953, 1000.000000000000000 ) ;
#1073 = VECTOR ( 'NONE', #1742, 1000.000000000000000 ) ;
#1074 = ORIENTED_EDGE ( 'NONE', *, *, #28, .T. ) ;
#1075 = ADVANCED_FACE ( 'NONE', ( #245 ), #1477, .F. ) ;
#1076 = DIRECTION ( 'NONE',  ( 0.000000000000000000, -1.000000000000000000, 0.000000000000000000 ) ) ;
#1077 = AXIS2_PLACEMENT_3D ( 'NONE', #1457, #2505, #1065 ) ;
#1078 = CARTESIAN_POINT ( 'NONE',  ( 4.424999999999999822, -100.0000000000000000, 2.500000000000000000 ) ) ;
#1079 = CIRCLE ( 'NONE', #1830, 0.2999999999999999334 ) ;
#1080 = ORIENTED_EDGE ( 'NONE', *, *, #1058, .T. ) ;
#1081 = EDGE_CURVE ( 'NONE', #1733, #2525, #414, .T. ) ;
#1082 = DIRECTION ( 'NONE',  ( 0.000000000000000000, 0.000000000000000000, 1.000000000000000000 ) ) ;
#1083 = FACE_OUTER_BOUND ( 'NONE', #523, .T. ) ;
#1084 = CARTESIAN_POINT ( 'NONE',  ( 5.653832079999999927, 100.0000000000000000, -4.381039869999999503 ) ) ;
#1085 = ORIENTED_EDGE ( 'NONE', *, *, #744, .F. ) ;
#1086 = EDGE_CURVE ( 'NONE', #1108, #194, #2278, .T. ) ;
#1087 = PERSON_AND_ORGANIZATION_ROLE ( 'classification_officer' ) ;
#1088 = ORIENTED_EDGE ( 'NONE', *, *, #1342, .F. ) ;
#1089 = CARTESIAN_POINT ( 'NONE',  ( 10.00000000000000000, 100.0000000000000000, 8.000000000000000000 ) ) ;
#1090 = ORIENTED_EDGE ( 'NONE', *, *, #254, .F. ) ;
#1091 = CARTESIAN_POINT ( 'NONE',  ( 3.858794200000000174, 100.0000000000000000, -8.200000000000001066 ) ) ;
#1092 = CARTESIAN_POINT ( 'NONE',  ( 6.778984495830590262, 100.0000000000000000, -5.506192294169409251 ) ) ;
#1093 = ORIENTED_EDGE ( 'NONE', *, *, #31, .F. ) ;
#1094 = DIRECTION ( 'NONE',  ( 0.000000000000000000, -1.000000000000000000, 0.000000000000000000 ) ) ;
#1095 = DIRECTION ( 'NONE',  ( 0.000000000000000000, -1.000000000000000000, 0.000000000000000000 ) ) ;
#1096 = DIRECTION ( 'NONE',  ( 0.000000000000000000, -1.000000000000000000, 0.000000000000000000 ) ) ;
#1097 = ORIENTED_EDGE ( 'NONE', *, *, #732, .T. ) ;
#1098 = ORIENTED_EDGE ( 'NONE', *, *, #1180, .T. ) ;
#1099 = EDGE_CURVE ( 'NONE', #1043, #2010, #1455, .T. ) ;
#1100 = DIRECTION ( 'NONE',  ( 1.000000000000000000, 0.000000000000000000, 0.000000000000000000 ) ) ;
#1101 = ORIENTED_EDGE ( 'NONE', *, *, #1582, .F. ) ;
#1102 = DIRECTION ( 'NONE',  ( 0.000000000000000000, -1.000000000000000000, 0.000000000000000000 ) ) ;
#1103 = CARTESIAN_POINT ( 'NONE',  ( -2.149999999999999911, 50.00000000000000000, 2.632990618166810221E-16 ) ) ;
#1104 = ORIENTED_EDGE ( 'NONE', *, *, #554, .F. ) ;
#1105 = FACE_OUTER_BOUND ( 'NONE', #2239, .T. ) ;
#1106 = DIRECTION ( 'NONE',  ( 0.000000000000000000, -1.000000000000000000, 0.000000000000000000 ) ) ;
#1107 = DIRECTION ( 'NONE',  ( 0.000000000000000000, -1.000000000000000000, 0.000000000000000000 ) ) ;
#1108 = VERTEX_POINT ( 'NONE', #838 ) ;
#1109 = EDGE_LOOP ( 'NONE', ( #1626, #1020, #2401, #1380 ) ) ;
#1110 = EDGE_CURVE ( 'NONE', #2192, #2525, #2480, .T. ) ;
#1111 = ADVANCED_FACE ( 'NONE', ( #1637 ), #1466, .F. ) ;
#1112 = DIRECTION ( 'NONE',  ( 1.000000000000000000, 0.000000000000000000, 0.000000000000000000 ) ) ;
#1113 = AXIS2_PLACEMENT_3D ( 'NONE', #2346, #277, #500 ) ;
#1114 = ORIENTED_EDGE ( 'NONE', *, *, #1249, .F. ) ;
#1115 = EDGE_CURVE ( 'NONE', #428, #1470, #34, .T. ) ;
#1116 = CARTESIAN_POINT ( 'NONE',  ( -8.000000000000000000, -100.0000000000000000, 8.000000000000000000 ) ) ;
#1117 = AXIS2_PLACEMENT_3D ( 'NONE', #1091, #85, #900 ) ;
#1118 = VECTOR ( 'NONE', #331, 1000.000000000000000 ) ;
#1119 = DIRECTION ( 'NONE',  ( 0.000000000000000000, 1.000000000000000000, 0.000000000000000000 ) ) ;
#1120 = VERTEX_POINT ( 'NONE', #63 ) ;
#1121 = AXIS2_PLACEMENT_3D ( 'NONE', #186, #2413, #1641 ) ;
#1122 = LINE ( 'NONE', #690, #2204 ) ;
#1123 = VECTOR ( 'NONE', #2101, 1000.000000000000000 ) ;
#1124 = LINE ( 'NONE', #2322, #2378 ) ;
#1125 = ORIENTED_EDGE ( 'NONE', *, *, #848, .F. ) ;
#1126 = EDGE_CURVE ( 'NONE', #560, #1264, #681, .T. ) ;
#1127 = VERTEX_POINT ( 'NONE', #1939 ) ;
#1128 = CARTESIAN_POINT ( 'NONE',  ( -1.134567109999999879, -100.0000000000000000, -3.649999999999999911 ) ) ;
#1129 = EDGE_CURVE ( 'NONE', #2085, #1636, #1930, .T. ) ;
#1130 = LINE ( 'NONE', #1928, #1489 ) ;
#1131 = EDGE_LOOP ( 'NONE', ( #2025, #1308, #1409, #2476 ) ) ;
#1132 = CARTESIAN_POINT ( 'NONE',  ( 4.381039869999999503, 100.0000000000000000, -5.653832079999999927 ) ) ;
#1133 = DIRECTION ( 'NONE',  ( -1.000000000000000000, 0.000000000000000000, -1.250003789712849683E-10 ) ) ;
#1134 = ORIENTED_EDGE ( 'NONE', *, *, #1913, .T. ) ;
#1135 = ORIENTED_EDGE ( 'NONE', *, *, #2223, .T. ) ;
#1136 = PLANE ( 'NONE',  #257 ) ;
#1137 = EDGE_CURVE ( 'NONE', #296, #2551, #538, .T. ) ;
#1138 = DIRECTION ( 'NONE',  ( 0.000000000000000000, 0.000000000000000000, 1.000000000000000000 ) ) ;
#1139 = ORIENTED_EDGE ( 'NONE', *, *, #403, .F. ) ;
#1140 = CARTESIAN_POINT ( 'NONE',  ( 2.149999999999999911, 0.000000000000000000, -2.632990618166810221E-16 ) ) ;
#1141 = EDGE_CURVE ( 'NONE', #222, #910, #207, .T. ) ;
#1142 = CARTESIAN_POINT ( 'NONE',  ( -2.500000000000000000, -100.0000000000000000, 9.199999999999999289 ) ) ;
#1143 = VERTEX_POINT ( 'NONE', #2521 ) ;
#1144 = CARTESIAN_POINT ( 'NONE',  ( -4.528679658220179149, 50.00000000000000000, 3.255887451779821529 ) ) ;
#1145 = ORIENTED_EDGE ( 'NONE', *, *, #545, .F. ) ;
#1146 = DIRECTION ( 'NONE',  ( 0.000000000000000000, 0.000000000000000000, 1.000000000000000000 ) ) ;
#1147 = AXIS2_PLACEMENT_3D ( 'NONE', #1222, #639, #626 ) ;
#1148 = CARTESIAN_POINT ( 'NONE',  ( -6.649999999999999467, 100.0000000000000000, 1.134567109999999879 ) ) ;
#1149 = VERTEX_POINT ( 'NONE', #1508 ) ;
#1150 = AXIS2_PLACEMENT_3D ( 'NONE', #2253, #1624, #444 ) ;
#1151 = CARTESIAN_POINT ( 'NONE',  ( 10.00000000000000000, -100.0000000000000000, 8.000000000000000000 ) ) ;
#1152 = CIRCLE ( 'NONE', #514, 0.8324116099999983032 ) ;
#1153 = VECTOR ( 'NONE', #2596, 1000.000000000000000 ) ;
#1154 = CARTESIAN_POINT ( 'NONE',  ( 6.778984499999999969, 50.00000000000000000, 5.506192289999998657 ) ) ;
#1155 = ORIENTED_EDGE ( 'NONE', *, *, #2075, .F. ) ;
#1156 = DIRECTION ( 'NONE',  ( 1.000000000000000000, 0.000000000000000000, 0.000000000000000000 ) ) ;
#1157 = AXIS2_PLACEMENT_3D ( 'NONE', #544, #534, #1184 ) ;
#1158 = EDGE_CURVE ( 'NONE', #609, #29, #301, .T. ) ;
#1159 = DIRECTION ( 'NONE',  ( -1.000000000000000000, 0.000000000000000000, 7.142847821154224518E-11 ) ) ;
#1160 = AXIS2_PLACEMENT_3D ( 'NONE', #317, #1923, #78 ) ;
#1161 = ORIENTED_EDGE ( 'NONE', *, *, #1248, .T. ) ;
#1162 = CARTESIAN_POINT ( 'NONE',  ( 0.000000000000000000, 100.0000000000000000, 10.00000000000000000 ) ) ;
#1163 = CARTESIAN_POINT ( 'NONE',  ( 2.799999999999999822, -100.0000000000000000, 8.200000000100001074 ) ) ;
#1164 = VERTEX_POINT ( 'NONE', #115 ) ;
#1165 = FACE_OUTER_BOUND ( 'NONE', #2064, .T. ) ;
#1166 = EDGE_LOOP ( 'NONE', ( #138, #662, #1859, #1632 ) ) ;
#1167 = CARTESIAN_POINT ( 'NONE',  ( 3.255887453559640043, 100.0000000000000000, -4.528679656440360191 ) ) ;
#1168 = LINE ( 'NONE', #2408, #1324 ) ;
#1169 = CARTESIAN_POINT ( 'NONE',  ( 6.649999999999999467, 100.0000000000000000, -1.134567109999999879 ) ) ;
#1170 = ADVANCED_FACE ( 'NONE', ( #2503 ), #2121, .F. ) ;
#1171 = ORIENTED_EDGE ( 'NONE', *, *, #604, .F. ) ;
#1172 = CYLINDRICAL_SURFACE ( 'NONE', #2210, 0.8324116041035614089 ) ;
#1173 = DIRECTION ( 'NONE',  ( 0.000000000000000000, 1.000000000000000000, 0.000000000000000000 ) ) ;
#1174 = ORIENTED_EDGE ( 'NONE', *, *, #1408, .T. ) ;
#1175 = LINE ( 'NONE', #1554, #1194 ) ;
#1176 = EDGE_LOOP ( 'NONE', ( #699, #202, #2243, #1607 ) ) ;
#1177 = DIRECTION ( 'NONE',  ( 0.000000000000000000, -1.000000000000000000, 0.000000000000000000 ) ) ;
#1178 = CARTESIAN_POINT ( 'NONE',  ( 8.500000000000000000, 50.00000000000000000, -2.500000000050000004 ) ) ;
#1179 = DIRECTION ( 'NONE',  ( 0.000000000000000000, 0.000000000000000000, -1.000000000000000000 ) ) ;
#1180 = EDGE_CURVE ( 'NONE', #2431, #1937, #1122, .T. ) ;
#1181 = CARTESIAN_POINT ( 'NONE',  ( -8.849999999999999645, 100.0000000000000000, -2.500000000000000000 ) ) ;
#1182 = ADVANCED_FACE ( 'NONE', ( #2109 ), #316, .T. ) ;
#1183 = VERTEX_POINT ( 'NONE', #1922 ) ;
#1184 = DIRECTION ( 'NONE',  ( 1.000000000000000000, 0.000000000000000000, 1.250003789712849683E-10 ) ) ;
#1185 = CARTESIAN_POINT ( 'NONE',  ( -8.000000000000000000, 50.00000000000000000, 8.000000000000000000 ) ) ;
#1186 = ADVANCED_FACE ( 'NONE', ( #1731 ), #1544, .F. ) ;
#1187 = ORIENTED_EDGE ( 'NONE', *, *, #1861, .T. ) ;
#1188 = CARTESIAN_POINT ( 'NONE',  ( 8.500000000100000008, -100.0000000000000000, -2.800000000099999831 ) ) ;
#1189 = VECTOR ( 'NONE', #1106, 1000.000000000000000 ) ;
#1190 = DIRECTION ( 'NONE',  ( -1.000000000000000000, 0.000000000000000000, 0.000000000000000000 ) ) ;
#1191 = VECTOR ( 'NONE', #456, 1000.000000000000000 ) ;
#1192 = ORIENTED_EDGE ( 'NONE', *, *, #311, .T. ) ;
#1193 = PLANE ( 'NONE',  #336 ) ;
#1194 = VECTOR ( 'NONE', #2365, 1000.000000000000000 ) ;
#1195 = CIRCLE ( 'NONE', #2337, 0.2999999999999999334 ) ;
#1196 = FACE_OUTER_BOUND ( 'NONE', #593, .T. ) ;
#1197 = CARTESIAN_POINT ( 'NONE',  ( 3.649999999999999911, -100.0000000000000000, 1.134567109999999879 ) ) ;
#1198 = AXIS2_PLACEMENT_3D ( 'NONE', #2483, #1230, #2230 ) ;
#1199 = VECTOR ( 'NONE', #2016, 1000.000000000000000 ) ;
#1200 = AXIS2_PLACEMENT_3D ( 'NONE', #117, #1712, #1732 ) ;
#1201 = ORIENTED_EDGE ( 'NONE', *, *, #524, .T. ) ;
#1202 = LINE ( 'NONE', #1844, #1524 ) ;
#1203 = CARTESIAN_POINT ( 'NONE',  ( -10.00000000000000000, 100.0000000000000000, 0.000000000000000000 ) ) ;
#1204 = ORIENTED_EDGE ( 'NONE', *, *, #55, .T. ) ;
#1205 = LINE ( 'NONE', #576, #2418 ) ;
#1206 = ORIENTED_EDGE ( 'NONE', *, *, #2498, .T. ) ;
#1207 = LINE ( 'NONE', #1969, #1987 ) ;
#1208 = LINE ( 'NONE', #2578, #557 ) ;
#1209 = EDGE_LOOP ( 'NONE', ( #358, #922, #2590, #563 ) ) ;
#1210 = CARTESIAN_POINT ( 'NONE',  ( -1.134567109999999879, 100.0000000000000000, 3.649999999999999911 ) ) ;
#1211 = ORIENTED_EDGE ( 'NONE', *, *, #400, .T. ) ;
#1212 = LINE ( 'NONE', #2457, #1069 ) ;
#1213 = LINE ( 'NONE', #1251, #857 ) ;
#1214 = ORIENTED_EDGE ( 'NONE', *, *, #2285, .F. ) ;
#1215 = EDGE_CURVE ( 'NONE', #2526, #1898, #1396, .T. ) ;
#1216 = LINE ( 'NONE', #1018, #380 ) ;
#1217 = VERTEX_POINT ( 'NONE', #107 ) ;
#1218 = EDGE_CURVE ( 'NONE', #194, #2428, #704, .T. ) ;
#1219 = DIRECTION ( 'NONE',  ( -1.000000000000000000, 0.000000000000000000, 0.000000000000000000 ) ) ;
#1220 = CARTESIAN_POINT ( 'NONE',  ( -5.506192294169410140, 50.00000000000000000, -6.778984495830589374 ) ) ;
#1221 = DIRECTION ( 'NONE',  ( -7.644869398588539328E-16, 0.000000000000000000, -1.000000000000000000 ) ) ;
#1222 = CARTESIAN_POINT ( 'NONE',  ( -1.134567109999999879, 50.00000000000000000, 6.649999999999999467 ) ) ;
#1223 = CARTESIAN_POINT ( 'NONE',  ( 1.929397100000000087, -100.0000000000000000, -8.200000000000001066 ) ) ;
#1224 = VERTEX_POINT ( 'NONE', #1721 ) ;
#1225 = CARTESIAN_POINT ( 'NONE',  ( -3.255887451779821529, 50.00000000000000000, -4.528679658220179149 ) ) ;
#1226 = VERTEX_POINT ( 'NONE', #725 ) ;
#1227 = CARTESIAN_POINT ( 'NONE',  ( 2.500000000000000000, -100.0000000000000000, -9.199999999999999289 ) ) ;
#1228 = VECTOR ( 'NONE', #847, 1000.000000000000000 ) ;
#1229 = FACE_OUTER_BOUND ( 'NONE', #2233, .T. ) ;
#1230 = DIRECTION ( 'NONE',  ( 0.000000000000000000, -1.000000000000000000, 0.000000000000000000 ) ) ;
#1231 = ORIENTED_EDGE ( 'NONE', *, *, #1081, .F. ) ;
#1232 = CIRCLE ( 'NONE', #1321, 0.8324116041035596325 ) ;
#1233 = ADVANCED_FACE ( 'NONE', ( #1105 ), #2330, .F. ) ;
#1234 = VECTOR ( 'NONE', #1001, 1000.000000000000000 ) ;
#1235 = CIRCLE ( 'NONE', #48, 0.8324116041035596325 ) ;
#1236 = CYLINDRICAL_SURFACE ( 'NONE', #1952, 0.2999999999999999334 ) ;
#1237 = CARTESIAN_POINT ( 'NONE',  ( -2.500000000100000008, 100.0000000000000000, -9.199999999999999289 ) ) ;
#1238 = AXIS2_PLACEMENT_3D ( 'NONE', #2331, #516, #1133 ) ;
#1239 = LOCAL_TIME ( 18, 50, 20.00000000000000000, #1026 ) ;
#1240 = EDGE_LOOP ( 'NONE', ( #1819, #54, #266, #1293 ) ) ;
#1241 = LINE ( 'NONE', #767, #1153 ) ;
#1242 = EDGE_LOOP ( 'NONE', ( #1536, #787, #1085, #1145 ) ) ;
#1243 = CARTESIAN_POINT ( 'NONE',  ( -1.134567109999999879, 100.0000000000000000, -6.649999999999999467 ) ) ;
#1244 = FACE_OUTER_BOUND ( 'NONE', #1008, .T. ) ;
#1245 = DIRECTION ( 'NONE',  ( -2.808119489163303936E-09, 0.000000000000000000, 1.000000000000000000 ) ) ;
#1246 = VERTEX_POINT ( 'NONE', #124 ) ;
#1247 = APPLICATION_PROTOCOL_DEFINITION ( 'international standard', 'config_control_design', 1994, #1335 ) ;
#1248 = EDGE_CURVE ( 'NONE', #609, #2516, #1709, .T. ) ;
#1249 = EDGE_CURVE ( 'NONE', #2439, #318, #2461, .T. ) ;
#1250 = DIRECTION ( 'NONE',  ( 0.000000000000000000, 0.000000000000000000, -1.000000000000000000 ) ) ;
#1251 = CARTESIAN_POINT ( 'NONE',  ( -2.500000000000000000, -100.0000000000000000, -4.424999999999999822 ) ) ;
#1252 = ORIENTED_EDGE ( 'NONE', *, *, #811, .T. ) ;
#1253 = CARTESIAN_POINT ( 'NONE',  ( 8.199999994103558620, -100.0000000000000000, 4.917588399999999638 ) ) ;
#1254 = CARTESIAN_POINT ( 'NONE',  ( -2.799999999999999822, 100.0000000000000000, 8.200000000000001066 ) ) ;
#1255 = ORIENTED_EDGE ( 'NONE', *, *, #179, .T. ) ;
#1256 = DIRECTION ( 'NONE',  ( 0.000000000000000000, -1.000000000000000000, 0.000000000000000000 ) ) ;
#1257 = CARTESIAN_POINT ( 'NONE',  ( 0.000000000000000000, 100.0000000000000000, 10.00000000000000000 ) ) ;
#1258 = DIRECTION ( 'NONE',  ( 0.000000000000000000, 1.000000000000000000, 0.000000000000000000 ) ) ;
#1259 = ORIENTED_EDGE ( 'NONE', *, *, #811, .F. ) ;
#1260 = ORIENTED_EDGE ( 'NONE', *, *, #718, .T. ) ;
#1261 = EDGE_CURVE ( 'NONE', #296, #1383, #1518, .T. ) ;
#1262 = CARTESIAN_POINT ( 'NONE',  ( -3.649999999999999911, 100.0000000000000000, 0.000000000000000000 ) ) ;
#1263 = EDGE_CURVE ( 'NONE', #1025, #2439, #324, .T. ) ;
#1264 = VERTEX_POINT ( 'NONE', #2556 ) ;
#1265 = DIRECTION ( 'NONE',  ( -0.7071067811865490160, 0.000000000000000000, -0.7071067811865460184 ) ) ;
#1266 = ADVANCED_FACE ( 'NONE', ( #2356 ), #1594, .F. ) ;
#1267 = CARTESIAN_POINT ( 'NONE',  ( 8.500000000000000000, 50.00000000000000000, 2.500000000075000006 ) ) ;
#1268 = EDGE_LOOP ( 'NONE', ( #2042, #1507, #804, #2459 ) ) ;
#1269 = CARTESIAN_POINT ( 'NONE',  ( 8.199999994103558620, 100.0000000000000000, 4.917588399999999638 ) ) ;
#1270 = PLANE ( 'NONE',  #263 ) ;
#1271 = CARTESIAN_POINT ( 'NONE',  ( -8.199999994103558620, 100.0000000000000000, -4.917588399999999638 ) ) ;
#1272 = ORIENTED_EDGE ( 'NONE', *, *, #1158, .F. ) ;
#1273 = CALENDAR_DATE ( 2026, 22, 6 ) ;
#1274 = ORIENTED_EDGE ( 'NONE', *, *, #2366, .F. ) ;
#1275 = AXIS2_PLACEMENT_3D ( 'NONE', #664, #849, #1095 ) ;
#1276 = VECTOR ( 'NONE', #1746, 1000.000000000000000 ) ;
#1277 = FACE_OUTER_BOUND ( 'NONE', #1209, .T. ) ;
#1278 = VECTOR ( 'NONE', #1566, 1000.000000000000000 ) ;
#1279 = AXIS2_PLACEMENT_3D ( 'NONE', #2462, #1436, #215 ) ;
#1280 = VERTEX_POINT ( 'NONE', #151 ) ;
#1281 = AXIS2_PLACEMENT_3D ( 'NONE', #199, #601, #1046 ) ;
#1282 = DIRECTION ( 'NONE',  ( -0.000000000000000000, -1.000000000000000000, -0.000000000000000000 ) ) ;
#1283 = AXIS2_PLACEMENT_3D ( 'NONE', #600, #198, #226 ) ;
#1284 = EDGE_CURVE ( 'NONE', #360, #889, #588, .T. ) ;
#1285 = CARTESIAN_POINT ( 'NONE',  ( 3.300000000099999831, -100.0000000000000000, -9.199999999899999281 ) ) ;
#1286 = VECTOR ( 'NONE', #1221, 1000.000000000000000 ) ;
#1287 = VERTEX_POINT ( 'NONE', #778 ) ;
#1288 = DIRECTION ( 'NONE',  ( 1.000000000000000000, 0.000000000000000000, 2.808119489163303936E-09 ) ) ;
#1289 = EDGE_CURVE ( 'NONE', #802, #688, #2574, .T. ) ;
#1290 = LINE ( 'NONE', #1853, #2089 ) ;
#1291 = CARTESIAN_POINT ( 'NONE',  ( 0.000000000000000000, 100.0000000000000000, -10.00000000000000000 ) ) ;
#1292 = EDGE_LOOP ( 'NONE', ( #2333, #959, #1531, #846 ) ) ;
#1293 = ORIENTED_EDGE ( 'NONE', *, *, #2045, .F. ) ;
#1294 = CARTESIAN_POINT ( 'NONE',  ( -9.199999999899999281, 50.00000000000000000, -3.300000000099999831 ) ) ;
#1295 = ORIENTED_EDGE ( 'NONE', *, *, #2037, .T. ) ;
#1296 = CARTESIAN_POINT ( 'NONE',  ( -6.778984500000000857, 50.00000000000000000, -5.506192289999998657 ) ) ;
#1297 = CARTESIAN_POINT ( 'NONE',  ( -8.000000000000000000, 50.00000000000000000, -8.000000000000000000 ) ) ;
#1298 = ADVANCED_FACE ( 'NONE', ( #1370 ), #2614, .T. ) ;
#1299 = ORIENTED_EDGE ( 'NONE', *, *, #1548, .T. ) ;
#1300 = DIRECTION ( 'NONE',  ( 0.000000000000000000, -1.000000000000000000, 0.000000000000000000 ) ) ;
#1301 = EDGE_CURVE ( 'NONE', #1025, #1226, #2127, .T. ) ;
#1302 = LINE ( 'NONE', #1908, #1875 ) ;
#1303 = CARTESIAN_POINT ( 'NONE',  ( -6.778984499999999969, 100.0000000000000000, -5.506192289999999545 ) ) ;
#1304 = ORIENTED_EDGE ( 'NONE', *, *, #916, .T. ) ;
#1305 = LINE ( 'NONE', #882, #2416 ) ;
#1306 = EDGE_CURVE ( 'NONE', #749, #1973, #373, .T. ) ;
#1307 = CARTESIAN_POINT ( 'NONE',  ( 1.134567109999999879, 50.00000000000000000, -6.649999999999999467 ) ) ;
#1308 = ORIENTED_EDGE ( 'NONE', *, *, #1086, .T. ) ;
#1309 = CARTESIAN_POINT ( 'NONE',  ( -2.149999999999999911, 0.000000000000000000, 2.632990618166810221E-16 ) ) ;
#1310 = LINE ( 'NONE', #61, #813 ) ;
#1311 = ORIENTED_EDGE ( 'NONE', *, *, #632, .F. ) ;
#1312 = DIRECTION ( 'NONE',  ( 0.000000000000000000, -1.000000000000000000, 0.000000000000000000 ) ) ;
#1313 = CARTESIAN_POINT ( 'NONE',  ( 3.145114092500000513, -100.0000000000000000, 1.872321882500000090 ) ) ;
#1314 = ORIENTED_EDGE ( 'NONE', *, *, #2325, .T. ) ;
#1315 = ORIENTED_EDGE ( 'NONE', *, *, #161, .F. ) ;
#1316 = EDGE_CURVE ( 'NONE', #2446, #1217, #2581, .T. ) ;
#1317 = AXIS2_PLACEMENT_3D ( 'NONE', #528, #1094, #906 ) ;
#1318 = VECTOR ( 'NONE', #836, 1000.000000000000000 ) ;
#1319 = ORIENTED_EDGE ( 'NONE', *, *, #1768, .T. ) ;
#1320 = LINE ( 'NONE', #2135, #1488 ) ;
#1321 = AXIS2_PLACEMENT_3D ( 'NONE', #1333, #1526, #466 ) ;
#1322 = AXIS2_PLACEMENT_3D ( 'NONE', #1976, #2164, #1779 ) ;
#1323 = DIRECTION ( 'NONE',  ( 0.000000000000000000, -1.000000000000000000, 0.000000000000000000 ) ) ;
#1324 = VECTOR ( 'NONE', #2386, 1000.000000000000000 ) ;
#1325 = ORIENTED_EDGE ( 'NONE', *, *, #1141, .T. ) ;
#1326 = AXIS2_PLACEMENT_3D ( 'NONE', #1257, #1868, #52 ) ;
#1327 = CARTESIAN_POINT ( 'NONE',  ( 0.000000000000000000, 50.00000000000000000, 0.000000000000000000 ) ) ;
#1328 = CIRCLE ( 'NONE', #1238, 0.8000000000000003775 ) ;
#1329 = LINE ( 'NONE', #728, #427 ) ;
#1330 = VERTEX_POINT ( 'NONE', #1605 ) ;
#1331 = EDGE_CURVE ( 'NONE', #2484, #2583, #2563, .T. ) ;
#1332 = EDGE_LOOP ( 'NONE', ( #1048, #1546, #1187, #80 ) ) ;
#1333 = CARTESIAN_POINT ( 'NONE',  ( -4.917588399999999638, 50.00000000000000000, 7.367588389999999876 ) ) ;
#1334 = CARTESIAN_POINT ( 'NONE',  ( 0.000000000000000000, 100.0000000000000000, -10.00000000000000000 ) ) ;
#1335 = APPLICATION_CONTEXT ( 'configuration controlled 3d designs of mechanical parts and assemblies' ) ;
#1336 = VERTEX_POINT ( 'NONE', #607 ) ;
#1337 = CARTESIAN_POINT ( 'NONE',  ( -9.199999999999999289, 100.0000000000000000, -2.500000000000000000 ) ) ;
#1338 = DIRECTION ( 'NONE',  ( 0.000000000000000000, -1.000000000000000000, 0.000000000000000000 ) ) ;
#1339 = EDGE_LOOP ( 'NONE', ( #1350, #2423, #2411, #268, #1325, #401, #2206, #1584, #37, #2345, #923, #904, #575, #2247, #809, #1841, #1255, #1403, #452, #119, #1067, #1724, #1549, #382, #678, #2417, #1419, #2097, #954, #1211, #1252, #1295, #851, #614, #1397, #228, #649, #2382, #95, #114, #1977, #2348, #682, #1673, #1080, #315, #374, #1098, #2034, #1514, #483, #624, #1393, #1201, #1521, #1553, #1319, #2311, #1465, #1074, #863, #1340, #276, #1389, #1473, #621, #1502, #1134, #1304, #1564, #1476, #1539 ) ) ;
#1340 = ORIENTED_EDGE ( 'NONE', *, *, #2534, .T. ) ;
#1341 = DIRECTION ( 'NONE',  ( -1.000000000000000000, 0.000000000000000000, 0.000000000000000000 ) ) ;
#1342 = EDGE_CURVE ( 'NONE', #751, #1006, #1445, .T. ) ;
#1343 = DIRECTION ( 'NONE',  ( 0.000000000000000000, -1.000000000000000000, 0.000000000000000000 ) ) ;
#1344 = VERTEX_POINT ( 'NONE', #2405 ) ;
#1345 = DIRECTION ( 'NONE',  ( 0.000000000000000000, 0.000000000000000000, 1.000000000000000000 ) ) ;
#1346 = EDGE_CURVE ( 'NONE', #1164, #833, #361, .T. ) ;
#1347 = EDGE_LOOP ( 'NONE', ( #1684, #1933, #2271, #72 ) ) ;
#1348 = DIRECTION ( 'NONE',  ( 4.722428788315755877E-11, 0.000000000000000000, 1.000000000000000000 ) ) ;
#1349 = CARTESIAN_POINT ( 'NONE',  ( 9.199999999899999281, -100.0000000000000000, 3.300000000099999831 ) ) ;
#1350 = ORIENTED_EDGE ( 'NONE', *, *, #535, .T. ) ;
#1351 = DIRECTION ( 'NONE',  ( 1.000000000000000000, 0.000000000000000000, 1.063828398895308660E-11 ) ) ;
#1352 = AXIS2_PLACEMENT_3D ( 'NONE', #49, #864, #650 ) ;
#1353 = DIRECTION ( 'NONE',  ( -0.000000000000000000, -1.000000000000000000, -0.000000000000000000 ) ) ;
#1354 = ORIENTED_EDGE ( 'NONE', *, *, #734, .F. ) ;
#1355 = EDGE_CURVE ( 'NONE', #1344, #2141, #1757, .T. ) ;
#1356 = VECTOR ( 'NONE', #977, 1000.000000000000000 ) ;
#1357 = CARTESIAN_POINT ( 'NONE',  ( -1.134567109999999879, -100.0000000000000000, 3.649999999999999911 ) ) ;
#1358 = VECTOR ( 'NONE', #2197, 1000.000000000000000 ) ;
#1359 = VECTOR ( 'NONE', #747, 1000.000000000000000 ) ;
#1360 = ORIENTED_EDGE ( 'NONE', *, *, #732, .F. ) ;
#1361 = CC_DESIGN_DATE_AND_TIME_ASSIGNMENT ( #1044, #236, ( #1866 ) ) ;
#1362 = CARTESIAN_POINT ( 'NONE',  ( 9.199999999899999281, 50.00000000000000000, -3.300000000099999831 ) ) ;
#1363 = VECTOR ( 'NONE', #66, 1000.000000000000000 ) ;
#1364 = DIRECTION ( 'NONE',  ( 1.000000000000000000, 0.000000000000000000, 0.000000000000000000 ) ) ;
#1365 = CARTESIAN_POINT ( 'NONE',  ( 2.500000000000000000, -100.0000000000000000, 8.500000000000000000 ) ) ;
#1366 = ORIENTED_EDGE ( 'NONE', *, *, #295, .F. ) ;
#1367 = LINE ( 'NONE', #2560, #2586 ) ;
#1368 = CARTESIAN_POINT ( 'NONE',  ( -3.300000000099999831, 0.000000000000000000, 10.00000000000000000 ) ) ;
#1369 = VERTEX_POINT ( 'NONE', #1394 ) ;
#1370 = FACE_OUTER_BOUND ( 'NONE', #1653, .T. ) ;
#1371 = EDGE_CURVE ( 'NONE', #2358, #856, #1175, .T. ) ;
#1372 = ORIENTED_EDGE ( 'NONE', *, *, #2261, .T. ) ;
#1373 = CARTESIAN_POINT ( 'NONE',  ( 9.199999999899999281, 100.0000000000000000, -3.300000000099999831 ) ) ;
#1374 = DIRECTION ( 'NONE',  ( -1.249998368701987772E-10, 0.000000000000000000, 1.000000000000000000 ) ) ;
#1375 = FACE_BOUND ( 'NONE', #628, .T. ) ;
#1376 = CARTESIAN_POINT ( 'NONE',  ( -2.500000000000000000, -100.0000000000000000, 4.424999999999999822 ) ) ;
#1377 = VERTEX_POINT ( 'NONE', #1357 ) ;
#1378 = DIRECTION ( 'NONE',  ( 0.000000000000000000, 0.000000000000000000, 1.000000000000000000 ) ) ;
#1379 = CARTESIAN_POINT ( 'NONE',  ( 2.799999999999999822, -100.0000000000000000, -8.200000000000001066 ) ) ;
#1380 = ORIENTED_EDGE ( 'NONE', *, *, #1538, .F. ) ;
#1381 = DIRECTION ( 'NONE',  ( 0.000000000000000000, 1.000000000000000000, 0.000000000000000000 ) ) ;
#1382 = DIRECTION ( 'NONE',  ( 0.000000000000000000, -1.000000000000000000, 0.000000000000000000 ) ) ;
#1383 = VERTEX_POINT ( 'NONE', #2166 ) ;
#1384 = DIRECTION ( 'NONE',  ( 0.000000000000000000, 0.000000000000000000, 1.000000000000000000 ) ) ;
#1385 = DIRECTION ( 'NONE',  ( 0.000000000000000000, 0.000000000000000000, 1.000000000000000000 ) ) ;
#1386 = DIRECTION ( 'NONE',  ( -0.7071067811865470176, 0.000000000000000000, -0.7071067811865480168 ) ) ;
#1387 = ORIENTED_EDGE ( 'NONE', *, *, #1086, .F. ) ;
#1388 = FACE_OUTER_BOUND ( 'NONE', #1109, .T. ) ;
#1389 = ORIENTED_EDGE ( 'NONE', *, *, #354, .T. ) ;
#1390 = ADVANCED_FACE ( 'NONE', ( #1165 ), #1967, .F. ) ;
#1391 = DIRECTION ( 'NONE',  ( 0.000000000000000000, -1.000000000000000000, 0.000000000000000000 ) ) ;
#1392 = DIRECTION ( 'NONE',  ( -1.000000000000000000, 0.000000000000000000, 0.000000000000000000 ) ) ;
#1393 = ORIENTED_EDGE ( 'NONE', *, *, #2568, .T. ) ;
#1394 = CARTESIAN_POINT ( 'NONE',  ( 9.199999999999999289, -100.0000000000000000, -2.500000000100000008 ) ) ;
#1395 = AXIS2_PLACEMENT_3D ( 'NONE', #271, #1890, #1901 ) ;
#1396 = CIRCLE ( 'NONE', #596, 2.000000000000000000 ) ;
#1397 = ORIENTED_EDGE ( 'NONE', *, *, #439, .T. ) ;
#1398 = VECTOR ( 'NONE', #454, 1000.000000000000000 ) ;
#1399 = DIRECTION ( 'NONE',  ( 1.000000000000000000, 0.000000000000000000, 1.734723475976807094E-15 ) ) ;
#1400 = AXIS2_PLACEMENT_3D ( 'NONE', #73, #2517, #672 ) ;
#1401 = VECTOR ( 'NONE', #2196, 1000.000000000000000 ) ;
#1402 = CARTESIAN_POINT ( 'NONE',  ( 3.299999999999999822, -100.0000000000000000, 10.00000000000000000 ) ) ;
#1403 = ORIENTED_EDGE ( 'NONE', *, *, #2143, .T. ) ;
#1404 = LINE ( 'NONE', #2579, #1286 ) ;
#1405 = AXIS2_PLACEMENT_3D ( 'NONE', #2151, #1541, #1146 ) ;
#1406 = VECTOR ( 'NONE', #1711, 1000.000000000000000 ) ;
#1407 = CIRCLE ( 'NONE', #269, 0.2999999999999999334 ) ;
#1408 = EDGE_CURVE ( 'NONE', #377, #966, #2208, .T. ) ;
#1409 = ORIENTED_EDGE ( 'NONE', *, *, #1519, .F. ) ;
#1410 = LINE ( 'NONE', #397, #1659 ) ;
#1411 = CC_DESIGN_APPROVAL ( #1831, ( #1866 ) ) ;
#1412 = CARTESIAN_POINT ( 'NONE',  ( 8.200000000100001074, 100.0000000000000000, -2.799999999999999822 ) ) ;
#1413 = ADVANCED_FACE ( 'NONE', ( #1782 ), #2392, .T. ) ;
#1414 = ORIENTED_EDGE ( 'NONE', *, *, #403, .T. ) ;
#1415 = ORIENTED_EDGE ( 'NONE', *, *, #463, .F. ) ;
#1416 = PLANE ( 'NONE',  #1944 ) ;
#1417 = LINE ( 'NONE', #2229, #476 ) ;
#1418 = DIRECTION ( 'NONE',  ( 0.000000000000000000, -1.000000000000000000, 0.000000000000000000 ) ) ;
#1419 = ORIENTED_EDGE ( 'NONE', *, *, #1927, .T. ) ;
#1420 = DIRECTION ( 'NONE',  ( 0.000000000000000000, 0.000000000000000000, -1.000000000000000000 ) ) ;
#1421 = EDGE_LOOP ( 'NONE', ( #2341, #1878, #1758, #2329 ) ) ;
#1422 = CARTESIAN_POINT ( 'NONE',  ( 2.500000000050000448, 50.00000000000000000, -9.199999999999999289 ) ) ;
#1423 = DIRECTION ( 'NONE',  ( -1.000000000000000000, 0.000000000000000000, 0.000000000000000000 ) ) ;
#1424 = EDGE_LOOP ( 'NONE', ( #1415, #158, #1231, #2267 ) ) ;
#1425 = CARTESIAN_POINT ( 'NONE',  ( 8.200000000050000182, 50.00000000000000000, 2.799999999999999822 ) ) ;
#1426 = DIRECTION ( 'NONE',  ( -3.333328983205301415E-10, 0.000000000000000000, 1.000000000000000000 ) ) ;
#1427 = ORIENTED_EDGE ( 'NONE', *, *, #1058, .F. ) ;
#1428 = CARTESIAN_POINT ( 'NONE',  ( 2.799999999999999822, 50.00000000000000000, -8.200000000050000182 ) ) ;
#1429 = EDGE_CURVE ( 'NONE', #589, #2520, #1205, .T. ) ;
#1430 = CYLINDRICAL_SURFACE ( 'NONE', #1661, 3.000000000000000444 ) ;
#1431 = VERTEX_POINT ( 'NONE', #803 ) ;
#1432 = DATE_AND_TIME ( #480, #865 ) ;
#1433 = CARTESIAN_POINT ( 'NONE',  ( -8.000000000000000000, 50.00000000000000000, 10.00000000000000000 ) ) ;
#1434 = DIRECTION ( 'NONE',  ( 0.000000000000000000, -1.000000000000000000, 0.000000000000000000 ) ) ;
#1435 = EDGE_LOOP ( 'NONE', ( #1214, #944, #235, #2251 ) ) ;
#1436 = DIRECTION ( 'NONE',  ( 0.000000000000000000, 1.000000000000000000, 0.000000000000000000 ) ) ;
#1437 = EDGE_CURVE ( 'NONE', #2030, #332, #645, .T. ) ;
#1438 = ORIENTED_EDGE ( 'NONE', *, *, #1881, .T. ) ;
#1439 = CARTESIAN_POINT ( 'NONE',  ( 2.500000000000000000, 100.0000000000000000, 8.500000000000000000 ) ) ;
#1440 = EDGE_CURVE ( 'NONE', #29, #2220, #941, .T. ) ;
#1441 = LINE ( 'NONE', #432, #1189 ) ;
#1442 = DIRECTION ( 'NONE',  ( 0.7071067811865470176, 0.000000000000000000, -0.7071067811865480168 ) ) ;
#1443 = ORIENTED_EDGE ( 'NONE', *, *, #1668, .F. ) ;
#1444 = PERSON_AND_ORGANIZATION ( #18446744073709551615, #18446744073709551615 ) ;
#1445 = CIRCLE ( 'NONE', #210, 0.3000000000249990473 ) ;
#1446 = VECTOR ( 'NONE', #1920, 1000.000000000000000 ) ;
#1447 = VECTOR ( 'NONE', #1348, 1000.000000000000000 ) ;
#1448 = LINE ( 'NONE', #2263, #520 ) ;
#1449 = DIRECTION ( 'NONE',  ( 0.000000000000000000, -1.000000000000000000, 0.000000000000000000 ) ) ;
#1450 = VECTOR ( 'NONE', #943, 1000.000000000000000 ) ;
#1451 = ORIENTED_EDGE ( 'NONE', *, *, #1884, .T. ) ;
#1452 = CARTESIAN_POINT ( 'NONE',  ( -8.200000000000001066, -100.0000000000000000, 4.917588399999999638 ) ) ;
#1453 = DIRECTION ( 'NONE',  ( -0.000000000000000000, -1.000000000000000000, -0.000000000000000000 ) ) ;
#1454 = VERTEX_POINT ( 'NONE', #2477 ) ;
#1455 = LINE ( 'NONE', #1649, #1697 ) ;
#1456 = EDGE_CURVE ( 'NONE', #2557, #1330, #1781, .T. ) ;
#1457 = CARTESIAN_POINT ( 'NONE',  ( 4.381039869999999503, 100.0000000000000000, 5.653832079999999927 ) ) ;
#1458 = DIRECTION ( 'NONE',  ( 0.000000000000000000, -1.000000000000000000, 0.000000000000000000 ) ) ;
#1459 = ORIENTED_EDGE ( 'NONE', *, *, #1537, .T. ) ;
#1460 = CARTESIAN_POINT ( 'NONE',  ( 4.917588399999999638, -100.0000000000000000, -7.367588389999999876 ) ) ;
#1461 = EDGE_CURVE ( 'NONE', #776, #1470, #1947, .T. ) ;
#1462 = ORIENTED_EDGE ( 'NONE', *, *, #579, .F. ) ;
#1463 = DIRECTION ( 'NONE',  ( 0.000000000000000000, 1.000000000000000000, 0.000000000000000000 ) ) ;
#1464 = LINE ( 'NONE', #2276, #2252 ) ;
#1465 = ORIENTED_EDGE ( 'NONE', *, *, #789, .T. ) ;
#1466 = CYLINDRICAL_SURFACE ( 'NONE', #1650, 2.999999994965900196 ) ;
#1467 = DIRECTION ( 'NONE',  ( 0.000000000000000000, -1.000000000000000000, 0.000000000000000000 ) ) ;
#1468 = CARTESIAN_POINT ( 'NONE',  ( -3.145114092500000513, -100.0000000000000000, 1.872321882500000090 ) ) ;
#1469 = ORIENTED_EDGE ( 'NONE', *, *, #431, .F. ) ;
#1470 = VERTEX_POINT ( 'NONE', #1253 ) ;
#1471 = ADVANCED_FACE ( 'NONE', ( #1677 ), #2275, .F. ) ;
#1472 = EDGE_CURVE ( 'NONE', #1797, #2068, #1825, .T. ) ;
#1473 = ORIENTED_EDGE ( 'NONE', *, *, #357, .T. ) ;
#1474 = DIRECTION ( 'NONE',  ( 0.000000000000000000, -1.000000000000000000, 0.000000000000000000 ) ) ;
#1475 = CARTESIAN_POINT ( 'NONE',  ( -3.650000000000001688, 50.00000000000000000, -1.134567109999999879 ) ) ;
#1476 = ORIENTED_EDGE ( 'NONE', *, *, #1215, .T. ) ;
#1477 = PLANE ( 'NONE',  #1867 ) ;
#1478 = LINE ( 'NONE', #1896, #2469 ) ;
#1479 = FACE_OUTER_BOUND ( 'NONE', #2562, .T. ) ;
#1480 = VERTEX_POINT ( 'NONE', #1452 ) ;
#1481 = COORDINATED_UNIVERSAL_TIME_OFFSET ( 10, 0, .AHEAD. ) ;
#1482 = VERTEX_POINT ( 'NONE', #2062 ) ;
#1483 = AXIS2_PLACEMENT_3D ( 'NONE', #1362, #2171, #998 ) ;
#1484 = AXIS2_PLACEMENT_3D ( 'NONE', #1373, #1177, #1788 ) ;
#1485 = CIRCLE ( 'NONE', #468, 0.7999999999999999334 ) ;
#1486 = LINE ( 'NONE', #2104, #591 ) ;
#1487 = EDGE_CURVE ( 'NONE', #102, #843, #2159, .T. ) ;
#1488 = VECTOR ( 'NONE', #313, 1000.000000000000000 ) ;
#1489 = VECTOR ( 'NONE', #286, 1000.000000000000000 ) ;
#1490 = EDGE_LOOP ( 'NONE', ( #10, #2283, #75, #472 ) ) ;
#1491 = VECTOR ( 'NONE', #1434, 1000.000000000000000 ) ;
#1492 = CARTESIAN_POINT ( 'NONE',  ( 5.506192289999999545, -100.0000000000000000, -6.778984499999999969 ) ) ;
#1493 = EDGE_CURVE ( 'NONE', #2583, #409, #1152, .T. ) ;
#1494 = CARTESIAN_POINT ( 'NONE',  ( -3.299999999999999822, 50.00000000000000000, -9.999999999950000884 ) ) ;
#1495 = AXIS2_PLACEMENT_3D ( 'NONE', #1652, #1458, #446 ) ;
#1496 = ORIENTED_EDGE ( 'NONE', *, *, #554, .T. ) ;
#1497 = DIRECTION ( 'NONE',  ( 0.000000000000000000, 0.000000000000000000, 1.000000000000000000 ) ) ;
#1498 = EDGE_CURVE ( 'NONE', #455, #1149, #2372, .T. ) ;
#1499 = CARTESIAN_POINT ( 'NONE',  ( -2.800000000099999831, 100.0000000000000000, -8.500000000100000008 ) ) ;
#1500 = CARTESIAN_POINT ( 'NONE',  ( -8.200000000050000182, 50.00000000000000000, -2.799999999999999822 ) ) ;
#1501 = ORIENTED_EDGE ( 'NONE', *, *, #261, .T. ) ;
#1502 = ORIENTED_EDGE ( 'NONE', *, *, #652, .T. ) ;
#1503 = LINE ( 'NONE', #2301, #2078 ) ;
#1504 = ORIENTED_EDGE ( 'NONE', *, *, #501, .F. ) ;
#1505 = CARTESIAN_POINT ( 'NONE',  ( -5.506192294169409251, -100.0000000000000000, -6.778984495830590262 ) ) ;
#1506 = DIRECTION ( 'NONE',  ( 0.000000000000000000, 0.000000000000000000, 1.000000000000000000 ) ) ;
#1507 = ORIENTED_EDGE ( 'NONE', *, *, #431, .T. ) ;
#1508 = CARTESIAN_POINT ( 'NONE',  ( 3.255887453559640043, -100.0000000000000000, -4.528679656440360191 ) ) ;
#1509 = DIRECTION ( 'NONE',  ( 0.000000000000000000, -1.000000000000000000, 0.000000000000000000 ) ) ;
#1510 = ORIENTED_EDGE ( 'NONE', *, *, #974, .T. ) ;
#1511 = ADVANCED_FACE ( 'NONE', ( #1664 ), #660, .F. ) ;
#1512 = EDGE_LOOP ( 'NONE', ( #83, #291, #2442, #2224 ) ) ;
#1513 = CARTESIAN_POINT ( 'NONE',  ( -8.849999999999999645, 100.0000000000000000, 2.500000000000000000 ) ) ;
#1514 = ORIENTED_EDGE ( 'NONE', *, *, #463, .T. ) ;
#1515 = DIRECTION ( 'NONE',  ( 0.000000000000000000, -1.000000000000000000, 0.000000000000000000 ) ) ;
#1516 = LINE ( 'NONE', #1690, #381 ) ;
#1517 = VERTEX_POINT ( 'NONE', #1425 ) ;
#1518 = LINE ( 'NONE', #512, #2415 ) ;
#1519 = EDGE_CURVE ( 'NONE', #1377, #194, #726, .T. ) ;
#1520 = LINE ( 'NONE', #2122, #771 ) ;
#1521 = ORIENTED_EDGE ( 'NONE', *, *, #617, .T. ) ;
#1522 = EDGE_CURVE ( 'NONE', #1482, #2485, #1216, .T. ) ;
#1523 = DIRECTION ( 'NONE',  ( 0.000000000000000000, 0.000000000000000000, 1.000000000000000000 ) ) ;
#1524 = VECTOR ( 'NONE', #1832, 1000.000000000000000 ) ;
#1525 = ORIENTED_EDGE ( 'NONE', *, *, #1456, .F. ) ;
#1526 = DIRECTION ( 'NONE',  ( -0.000000000000000000, -1.000000000000000000, -0.000000000000000000 ) ) ;
#1527 = VECTOR ( 'NONE', #139, 1000.000000000000000 ) ;
#1528 = VECTOR ( 'NONE', #121, 1000.000000000000000 ) ;
#1529 = CARTESIAN_POINT ( 'NONE',  ( 6.649999999999999467, -100.0000000000000000, -1.134567109999999879 ) ) ;
#1530 = VECTOR ( 'NONE', #2570, 1000.000000000000000 ) ;
#1531 = ORIENTED_EDGE ( 'NONE', *, *, #1099, .T. ) ;
#1532 = AXIS2_PLACEMENT_3D ( 'NONE', #2611, #2624, #816 ) ;
#1533 = DIRECTION ( 'NONE',  ( 0.000000000000000000, -1.000000000000000000, 0.000000000000000000 ) ) ;
#1534 = AXIS2_PLACEMENT_3D ( 'NONE', #2367, #2212, #351 ) ;
#1535 = DIRECTION ( 'NONE',  ( 0.000000000000000000, 1.000000000000000000, 0.000000000000000000 ) ) ;
#1536 = ORIENTED_EDGE ( 'NONE', *, *, #1429, .F. ) ;
#1537 = EDGE_CURVE ( 'NONE', #719, #1012, #1820, .T. ) ;
#1538 = EDGE_CURVE ( 'NONE', #910, #1639, #424, .T. ) ;
#1539 = ORIENTED_EDGE ( 'NONE', *, *, #579, .T. ) ;
#1540 = EDGE_CURVE ( 'NONE', #719, #751, #525, .T. ) ;
#1541 = DIRECTION ( 'NONE',  ( 0.000000000000000000, 1.000000000000000000, 0.000000000000000000 ) ) ;
#1542 = CYLINDRICAL_SURFACE ( 'NONE', #2039, 0.8324116041035614089 ) ;
#1543 = ORIENTED_EDGE ( 'NONE', *, *, #777, .T. ) ;
#1544 = PLANE ( 'NONE',  #1113 ) ;
#1545 = LINE ( 'NONE', #1956, #308 ) ;
#1546 = ORIENTED_EDGE ( 'NONE', *, *, #652, .F. ) ;
#1547 = CARTESIAN_POINT ( 'NONE',  ( -3.300000000099999831, 100.0000000000000000, 9.199999999899999281 ) ) ;
#1548 = EDGE_CURVE ( 'NONE', #318, #1226, #720, .T. ) ;
#1549 = ORIENTED_EDGE ( 'NONE', *, *, #501, .T. ) ;
#1550 = CARTESIAN_POINT ( 'NONE',  ( -4.917588399999999638, 50.00000000000000000, -8.199999999999999289 ) ) ;
#1551 = ADVANCED_FACE ( 'NONE', ( #1904 ), #933, .F. ) ;
#1552 = CARTESIAN_POINT ( 'NONE',  ( 1.134567109999999879, -100.0000000000000000, -3.649999999999999911 ) ) ;
#1553 = ORIENTED_EDGE ( 'NONE', *, *, #2285, .T. ) ;
#1554 = CARTESIAN_POINT ( 'NONE',  ( 8.000000000000000000, -100.0000000000000000, -10.00000000000000000 ) ) ;
#1555 = ORIENTED_EDGE ( 'NONE', *, *, #1261, .F. ) ;
#1556 = FACE_OUTER_BOUND ( 'NONE', #2218, .T. ) ;
#1557 = DIRECTION ( 'NONE',  ( -1.000000000000000000, 0.000000000000000000, 0.000000000000000000 ) ) ;
#1558 = DIRECTION ( 'NONE',  ( 0.000000000000000000, 0.000000000000000000, 1.000000000000000000 ) ) ;
#1559 = ORIENTED_EDGE ( 'NONE', *, *, #2622, .T. ) ;
#1560 = DIRECTION ( 'NONE',  ( 0.000000000000000000, 1.000000000000000000, 0.000000000000000000 ) ) ;
#1561 = EDGE_CURVE ( 'NONE', #57, #723, #1935, .T. ) ;
#1562 = VECTOR ( 'NONE', #1533, 1000.000000000000000 ) ;
#1563 = CARTESIAN_POINT ( 'NONE',  ( 3.300000000099999831, 0.000000000000000000, -10.00000000000000000 ) ) ;
#1564 = ORIENTED_EDGE ( 'NONE', *, *, #2019, .T. ) ;
#1565 = AXIS2_PLACEMENT_3D ( 'NONE', #834, #60, #1265 ) ;
#1566 = DIRECTION ( 'NONE',  ( 0.000000000000000000, -1.000000000000000000, 0.000000000000000000 ) ) ;
#1567 = EDGE_CURVE ( 'NONE', #222, #2160, #1727, .T. ) ;
#1568 = AXIS2_PLACEMENT_3D ( 'NONE', #173, #1946, #961 ) ;
#1569 = AXIS2_PLACEMENT_3D ( 'NONE', #298, #1707, #1678 ) ;
#1570 = ORIENTED_EDGE ( 'NONE', *, *, #1498, .T. ) ;
#1571 = DIRECTION ( 'NONE',  ( -1.000000000000000000, 0.000000000000000000, 0.000000000000000000 ) ) ;
#1572 = VECTOR ( 'NONE', #221, 1000.000000000000000 ) ;
#1573 = LINE ( 'NONE', #1254, #2087 ) ;
#1574 = LINE ( 'NONE', #2566, #1234 ) ;
#1575 = CC_DESIGN_APPROVAL ( #415, ( #1750 ) ) ;
#1576 = DIRECTION ( 'NONE',  ( 0.000000000000000000, -1.000000000000000000, 0.000000000000000000 ) ) ;
#1577 = ORIENTED_EDGE ( 'NONE', *, *, #2393, .F. ) ;
#1578 = DIRECTION ( 'NONE',  ( 0.000000000000000000, -1.000000000000000000, 0.000000000000000000 ) ) ;
#1579 = CARTESIAN_POINT ( 'NONE',  ( 8.200000000000001066, 100.0000000000000000, -3.858794200000000174 ) ) ;
#1580 = ORIENTED_EDGE ( 'NONE', *, *, #2448, .F. ) ;
#1581 = CARTESIAN_POINT ( 'NONE',  ( 0.000000000000000000, -100.0000000000000000, 0.000000000000000000 ) ) ;
#1582 = EDGE_CURVE ( 'NONE', #1431, #2050, #2537, .T. ) ;
#1583 = LINE ( 'NONE', #2180, #1998 ) ;
#1584 = ORIENTED_EDGE ( 'NONE', *, *, #2496, .T. ) ;
#1585 = DIRECTION ( 'NONE',  ( 0.000000000000000000, 0.000000000000000000, 1.000000000000000000 ) ) ;
#1586 = ADVANCED_FACE ( 'NONE', ( #484 ), #887, .T. ) ;
#1587 = PLANE ( 'NONE',  #262 ) ;
#1588 = ORIENTED_EDGE ( 'NONE', *, *, #1180, .F. ) ;
#1589 = DIRECTION ( 'NONE',  ( 0.000000000000000000, 1.000000000000000000, 0.000000000000000000 ) ) ;
#1590 = ORIENTED_EDGE ( 'NONE', *, *, #1301, .T. ) ;
#1591 = CARTESIAN_POINT ( 'NONE',  ( 3.299999999999999822, 50.00000000000000000, -9.999999999949999108 ) ) ;
#1592 = CARTESIAN_POINT ( 'NONE',  ( -4.917588399999999638, -100.0000000000000000, -7.367588389999999876 ) ) ;
#1593 = ORIENTED_EDGE ( 'NONE', *, *, #1815, .T. ) ;
#1594 = PLANE ( 'NONE',  #128 ) ;
#1595 = ORIENTED_EDGE ( 'NONE', *, *, #1371, .T. ) ;
#1596 = DIRECTION ( 'NONE',  ( 0.000000000000000000, -1.000000000000000000, 0.000000000000000000 ) ) ;
#1597 = CARTESIAN_POINT ( 'NONE',  ( -8.500000000000000000, 50.00000000000000000, 2.500000000050000004 ) ) ;
#1598 = ORIENTED_EDGE ( 'NONE', *, *, #1984, .T. ) ;
#1599 = DIRECTION ( 'NONE',  ( -0.000000000000000000, -1.000000000000000000, -0.000000000000000000 ) ) ;
#1600 = EDGE_CURVE ( 'NONE', #2520, #1753, #1232, .T. ) ;
#1601 = VERTEX_POINT ( 'NONE', #273 ) ;
#1602 = CARTESIAN_POINT ( 'NONE',  ( -10.00000000000000000, 50.00000000000000000, 8.000000000000000000 ) ) ;
#1603 = DIRECTION ( 'NONE',  ( -3.333271159089435349E-10, 0.000000000000000000, 1.000000000000000000 ) ) ;
#1604 = ORIENTED_EDGE ( 'NONE', *, *, #866, .F. ) ;
#1605 = CARTESIAN_POINT ( 'NONE',  ( 4.528679656440360191, -100.0000000000000000, 3.255887453559640043 ) ) ;
#1606 = VECTOR ( 'NONE', #1112, 1000.000000000000000 ) ;
#1607 = ORIENTED_EDGE ( 'NONE', *, *, #1137, .F. ) ;
#1608 = CARTESIAN_POINT ( 'NONE',  ( 4.528679659999999885, -100.0000000000000000, -3.255887450000000349 ) ) ;
#1609 = AXIS2_PLACEMENT_3D ( 'NONE', #1049, #4, #453 ) ;
#1610 = CIRCLE ( 'NONE', #5, 2.000000000000000000 ) ;
#1611 = DIRECTION ( 'NONE',  ( -0.7071067811865490160, 0.000000000000000000, -0.7071067811865460184 ) ) ;
#1612 = CYLINDRICAL_SURFACE ( 'NONE', #651, 2.999999994965900196 ) ;
#1613 = AXIS2_PLACEMENT_3D ( 'NONE', #2017, #2458, #1603 ) ;
#1614 = AXIS2_PLACEMENT_3D ( 'NONE', #2054, #2293, #445 ) ;
#1615 = AXIS2_PLACEMENT_3D ( 'NONE', #2310, #2347, #2532 ) ;
#1616 = ORIENTED_EDGE ( 'NONE', *, *, #594, .T. ) ;
#1617 = CARTESIAN_POINT ( 'NONE',  ( -10.00000000000000000, 0.000000000000000000, -3.300000000099999831 ) ) ;
#1618 = CARTESIAN_POINT ( 'NONE',  ( -1.929397100000000087, -100.0000000000000000, -8.200000000000001066 ) ) ;
#1619 = EDGE_CURVE ( 'NONE', #2083, #612, #90, .T. ) ;
#1620 = ORIENTED_EDGE ( 'NONE', *, *, #2515, .F. ) ;
#1621 = DIRECTION ( 'NONE',  ( 0.000000000000000000, -1.000000000000000000, 0.000000000000000000 ) ) ;
#1622 = DIRECTION ( 'NONE',  ( -0.7071067800680119753, 0.000000000000000000, 0.7071067823050829482 ) ) ;
#1623 = ORIENTED_EDGE ( 'NONE', *, *, #338, .F. ) ;
#1624 = DIRECTION ( 'NONE',  ( 1.000000000000000000, 0.000000000000000000, 0.000000000000000000 ) ) ;
#1625 = FACE_OUTER_BOUND ( 'NONE', #141, .T. ) ;
#1626 = ORIENTED_EDGE ( 'NONE', *, *, #1141, .F. ) ;
#1627 = DATE_AND_TIME ( #2057, #1239 ) ;
#1628 = DIRECTION ( 'NONE',  ( 0.000000000000000000, 0.000000000000000000, -1.000000000000000000 ) ) ;
#1629 = DIRECTION ( 'NONE',  ( 0.000000000000000000, 0.000000000000000000, 1.000000000000000000 ) ) ;
#1630 = UNCERTAINTY_MEASURE_WITH_UNIT (LENGTH_MEASURE( 1.000000000000000082E-05 ), #656, 'distance_accuracy_value', 'NONE');
#1631 = EDGE_CURVE ( 'NONE', #2564, #2123, #1892, .T. ) ;
#1632 = ORIENTED_EDGE ( 'NONE', *, *, #505, .F. ) ;
#1633 = DIRECTION ( 'NONE',  ( 0.000000000000000000, 1.000000000000000000, 0.000000000000000000 ) ) ;
#1634 = CC_DESIGN_PERSON_AND_ORGANIZATION_ASSIGNMENT ( #267, #828, ( #1750 ) ) ;
#1635 = CARTESIAN_POINT ( 'NONE',  ( 2.800000000099999831, 100.0000000000000000, -8.500000000100000008 ) ) ;
#1636 = VERTEX_POINT ( 'NONE', #1505 ) ;
#1637 = FACE_OUTER_BOUND ( 'NONE', #1813, .T. ) ;
#1638 = DIRECTION ( 'NONE',  ( 0.7071067811865490160, 0.000000000000000000, 0.7071067811865460184 ) ) ;
#1639 = VERTEX_POINT ( 'NONE', #1492 ) ;
#1640 = APPROVAL_STATUS ( 'not_yet_approved' ) ;
#1641 = DIRECTION ( 'NONE',  ( 0.000000000000000000, 0.000000000000000000, 1.000000000000000000 ) ) ;
#1642 = CARTESIAN_POINT ( 'NONE',  ( 8.200000000000001066, -100.0000000000000000, 2.799999999999999822 ) ) ;
#1643 = ORIENTED_EDGE ( 'NONE', *, *, #1519, .T. ) ;
#1644 = EDGE_CURVE ( 'NONE', #843, #1482, #2304, .T. ) ;
#1645 = DIRECTION ( 'NONE',  ( 0.000000000000000000, 1.000000000000000000, 0.000000000000000000 ) ) ;
#1646 = CARTESIAN_POINT ( 'NONE',  ( 3.300000000099999831, 50.00000000000000000, 9.199999999899999281 ) ) ;
#1647 = ORIENTED_EDGE ( 'NONE', *, *, #2595, .F. ) ;
#1648 = EDGE_CURVE ( 'NONE', #1663, #455, #321, .T. ) ;
#1649 = CARTESIAN_POINT ( 'NONE',  ( 8.000000000000000000, 100.0000000000000000, 10.00000000000000000 ) ) ;
#1650 = AXIS2_PLACEMENT_3D ( 'NONE', #1243, #1052, #1852 ) ;
#1651 = CARTESIAN_POINT ( 'NONE',  ( -4.381039869999999503, 100.0000000000000000, 5.653832079999999927 ) ) ;
#1652 = CARTESIAN_POINT ( 'NONE',  ( -4.917588399999999638, 100.0000000000000000, -7.367588389999999876 ) ) ;
#1653 = EDGE_LOOP ( 'NONE', ( #745, #1259, #1438, #449 ) ) ;
#1654 = ADVANCED_FACE ( 'NONE', ( #1926 ), #1136, .F. ) ;
#1655 = DATE_AND_TIME ( #852, #2170 ) ;
#1656 = VECTOR ( 'NONE', #711, 1000.000000000000000 ) ;
#1657 = VECTOR ( 'NONE', #786, 1000.000000000000000 ) ;
#1658 = VECTOR ( 'NONE', #1245, 1000.000000000000000 ) ;
#1659 = VECTOR ( 'NONE', #1628, 1000.000000000000000 ) ;
#1660 = LINE ( 'NONE', #1433, #1199 ) ;
#1661 = AXIS2_PLACEMENT_3D ( 'NONE', #1840, #23, #1638 ) ;
#1662 = APPROVAL_PERSON_ORGANIZATION ( #448, #1831, #2026 ) ;
#1663 = VERTEX_POINT ( 'NONE', #1128 ) ;
#1664 = FACE_OUTER_BOUND ( 'NONE', #459, .T. ) ;
#1665 = CARTESIAN_POINT ( 'NONE',  ( -8.000000000000000000, -100.0000000000000000, 10.00000000000000000 ) ) ;
#1666 = ORIENTED_EDGE ( 'NONE', *, *, #179, .F. ) ;
#1667 = CARTESIAN_POINT ( 'NONE',  ( 8.849999999999999645, 100.0000000000000000, 2.500000000000000000 ) ) ;
#1668 = EDGE_CURVE ( 'NONE', #1855, #2557, #2316, .T. ) ;
#1669 = CARTESIAN_POINT ( 'NONE',  ( -10.00000000000000000, 100.0000000000000000, 3.299999999999999822 ) ) ;
#1670 = CARTESIAN_POINT ( 'NONE',  ( 2.500000000050000004, 50.00000000000000000, 8.500000000000000000 ) ) ;
#1671 = VERTEX_POINT ( 'NONE', #297 ) ;
#1672 = APPROVAL_DATE_TIME ( #1627, #1831 ) ;
#1673 = ORIENTED_EDGE ( 'NONE', *, *, #325, .T. ) ;
#1674 = EDGE_CURVE ( 'NONE', #1973, #1990, #3, .T. ) ;
#1675 = DIRECTION ( 'NONE',  ( 0.000000000000000000, -1.000000000000000000, 0.000000000000000000 ) ) ;
#1676 = ORIENTED_EDGE ( 'NONE', *, *, #1129, .F. ) ;
#1677 = FACE_OUTER_BOUND ( 'NONE', #2324, .T. ) ;
#1678 = DIRECTION ( 'NONE',  ( -0.7071067811865460184, 0.000000000000000000, 0.7071067811865490160 ) ) ;
#1679 = EDGE_LOOP ( 'NONE', ( #1555, #185, #707, #41 ) ) ;
#1680 = CARTESIAN_POINT ( 'NONE',  ( -3.255887453559640043, 100.0000000000000000, 4.528679656440360191 ) ) ;
#1681 = CARTESIAN_POINT ( 'NONE',  ( 8.000000000000000000, 50.00000000000000000, -10.00000000000000000 ) ) ;
#1682 = DIRECTION ( 'NONE',  ( 0.000000000000000000, -1.000000000000000000, 0.000000000000000000 ) ) ;
#1683 = VERTEX_POINT ( 'NONE', #2327 ) ;
#1684 = ORIENTED_EDGE ( 'NONE', *, *, #1644, .F. ) ;
#1685 = EDGE_CURVE ( 'NONE', #2220, #1671, #1320, .T. ) ;
#1686 = EDGE_CURVE ( 'NONE', #127, #1663, #111, .T. ) ;
#1687 = CARTESIAN_POINT ( 'NONE',  ( -9.199999999999999289, -100.0000000000000000, 2.500000000100000008 ) ) ;
#1688 = ORIENTED_EDGE ( 'NONE', *, *, #862, .T. ) ;
#1689 = DIRECTION ( 'NONE',  ( 0.000000000000000000, -1.000000000000000000, 0.000000000000000000 ) ) ;
#1690 = CARTESIAN_POINT ( 'NONE',  ( 8.200000000000001066, 100.0000000000000000, -4.917588399999999638 ) ) ;
#1691 = ORIENTED_EDGE ( 'NONE', *, *, #743, .T. ) ;
#1692 = DIRECTION ( 'NONE',  ( 0.000000000000000000, 1.000000000000000000, 0.000000000000000000 ) ) ;
#1693 = CARTESIAN_POINT ( 'NONE',  ( -9.199999999999999289, 50.00000000000000000, -2.500000000050000448 ) ) ;
#1694 = DIRECTION ( 'NONE',  ( 1.000000000000000000, 0.000000000000000000, 0.000000000000000000 ) ) ;
#1695 = ORIENTED_EDGE ( 'NONE', *, *, #960, .T. ) ;
#1696 = EDGE_LOOP ( 'NONE', ( #1427, #972, #337, #666 ) ) ;
#1697 = VECTOR ( 'NONE', #21, 1000.000000000000000 ) ;
#1698 = DIRECTION ( 'NONE',  ( 3.333328983205301415E-10, 0.000000000000000000, -1.000000000000000000 ) ) ;
#1699 = AXIS2_PLACEMENT_3D ( 'NONE', #2591, #2155, #564 ) ;
#1700 = DIRECTION ( 'NONE',  ( 0.000000000000000000, -1.000000000000000000, 0.000000000000000000 ) ) ;
#1701 = AXIS2_PLACEMENT_3D ( 'NONE', #2176, #1560, #187 ) ;
#1702 = VECTOR ( 'NONE', #902, 1000.000000000000000 ) ;
#1703 = ORIENTED_EDGE ( 'NONE', *, *, #2463, .F. ) ;
#1704 = AXIS2_PLACEMENT_3D ( 'NONE', #2147, #1682, #693 ) ;
#1705 = CARTESIAN_POINT ( 'NONE',  ( 5.506192289999999545, 100.0000000000000000, -6.778984499999999969 ) ) ;
#1706 = EDGE_CURVE ( 'NONE', #1264, #20, #1367, .T. ) ;
#1707 = DIRECTION ( 'NONE',  ( 0.000000000000000000, -1.000000000000000000, 0.000000000000000000 ) ) ;
#1708 = ORIENTED_EDGE ( 'NONE', *, *, #718, .F. ) ;
#1709 = LINE ( 'NONE', #1337, #2080 ) ;
#1710 = AXIS2_PLACEMENT_3D ( 'NONE', #769, #2187, #367 ) ;
#1711 = DIRECTION ( 'NONE',  ( 0.000000000000000000, -1.000000000000000000, 0.000000000000000000 ) ) ;
#1712 = DIRECTION ( 'NONE',  ( 0.000000000000000000, -1.000000000000000000, 0.000000000000000000 ) ) ;
#1713 = ORIENTED_EDGE ( 'NONE', *, *, #2156, .T. ) ;
#1714 = ORIENTED_EDGE ( 'NONE', *, *, #2308, .T. ) ;
#1715 = DIRECTION ( 'NONE',  ( 0.000000000000000000, 0.000000000000000000, 1.000000000000000000 ) ) ;
#1716 = ORIENTED_EDGE ( 'NONE', *, *, #2168, .F. ) ;
#1717 = DIRECTION ( 'NONE',  ( -8.673617379884035472E-16, 0.000000000000000000, 1.000000000000000000 ) ) ;
#1718 = EDGE_CURVE ( 'NONE', #843, #2213, #1005, .T. ) ;
#1719 = LINE ( 'NONE', #1092, #473 ) ;
#1720 = ORIENTED_EDGE ( 'NONE', *, *, #1110, .F. ) ;
#1721 = CARTESIAN_POINT ( 'NONE',  ( -10.00000000000000000, 50.00000000000000000, -8.000000000000000000 ) ) ;
#1722 = EDGE_CURVE ( 'NONE', #1431, #1043, #2005, .T. ) ;
#1723 = CARTESIAN_POINT ( 'NONE',  ( 2.800000000099999831, -100.0000000000000000, -8.500000000100000008 ) ) ;
#1724 = ORIENTED_EDGE ( 'NONE', *, *, #2434, .T. ) ;
#1725 = DIRECTION ( 'NONE',  ( 0.000000000000000000, 1.000000000000000000, 0.000000000000000000 ) ) ;
#1726 = ORIENTED_EDGE ( 'NONE', *, *, #2237, .F. ) ;
#1727 = LINE ( 'NONE', #924, #1872 ) ;
#1728 = DIRECTION ( 'NONE',  ( 0.000000000000000000, 0.000000000000000000, 1.000000000000000000 ) ) ;
#1729 = EDGE_CURVE ( 'NONE', #1164, #1369, #306, .T. ) ;
#1730 = VERTEX_POINT ( 'NONE', #950 ) ;
#1731 = FACE_OUTER_BOUND ( 'NONE', #932, .T. ) ;
#1732 = DIRECTION ( 'NONE',  ( -1.249998368701987772E-10, 0.000000000000000000, 1.000000000000000000 ) ) ;
#1733 = VERTEX_POINT ( 'NONE', #1754 ) ;
#1734 = ADVANCED_FACE ( 'NONE', ( #2353 ), #370, .T. ) ;
#1735 = CARTESIAN_POINT ( 'NONE',  ( 3.649999999999999911, 100.0000000000000000, -1.134567109999999879 ) ) ;
#1736 = CIRCLE ( 'NONE', #464, 0.8000000000249990473 ) ;
#1737 = VECTOR ( 'NONE', #2214, 1000.000000000000000 ) ;
#1738 = AXIS2_PLACEMENT_3D ( 'NONE', #2238, #2385, #1790 ) ;
#1739 = ORIENTED_EDGE ( 'NONE', *, *, #1472, .T. ) ;
#1740 = DIRECTION ( 'NONE',  ( -1.063828398895308660E-11, 0.000000000000000000, 1.000000000000000000 ) ) ;
#1741 = VECTOR ( 'NONE', #166, 1000.000000000000000 ) ;
#1742 = DIRECTION ( 'NONE',  ( 0.000000000000000000, -1.000000000000000000, 0.000000000000000000 ) ) ;
#1743 = VECTOR ( 'NONE', #1999, 1000.000000000000000 ) ;
#1744 = ORIENTED_EDGE ( 'NONE', *, *, #2133, .T. ) ;
#1745 = AXIS2_PLACEMENT_3D ( 'NONE', #457, #878, #692 ) ;
#1746 = DIRECTION ( 'NONE',  ( 0.000000000000000000, 1.000000000000000000, 0.000000000000000000 ) ) ;
#1747 = VECTOR ( 'NONE', #108, 1000.000000000000000 ) ;
#1748 = CARTESIAN_POINT ( 'NONE',  ( 4.917588399999999638, 50.00000000000000000, 8.199999999999999289 ) ) ;
#1749 = ORIENTED_EDGE ( 'NONE', *, *, #1437, .T. ) ;
#1750 = PRODUCT_DEFINITION_FORMATION_WITH_SPECIFIED_SOURCE ( 'Symmetric', '', #1019, .NOT_KNOWN. ) ;
#1751 = EDGE_CURVE ( 'NONE', #537, #2030, #756, .T. ) ;
#1752 = ADVANCED_FACE ( 'NONE', ( #2203, #2584 ), #2389, .T. ) ;
#1753 = VERTEX_POINT ( 'NONE', #737 ) ;
#1754 = CARTESIAN_POINT ( 'NONE',  ( 2.500000000100000008, -100.0000000000000000, 9.199999999999999289 ) ) ;
#1755 = LINE ( 'NONE', #1796, #1528 ) ;
#1756 = ORIENTED_EDGE ( 'NONE', *, *, #1548, .F. ) ;
#1757 = LINE ( 'NONE', #750, #1821 ) ;
#1758 = ORIENTED_EDGE ( 'NONE', *, *, #748, .F. ) ;
#1759 = LINE ( 'NONE', #1167, #2544 ) ;
#1760 = LINE ( 'NONE', #376, #475 ) ;
#1761 = EDGE_CURVE ( 'NONE', #409, #1480, #147, .T. ) ;
#1762 = CARTESIAN_POINT ( 'NONE',  ( 1.134567109999999213, 50.00000000000000000, -3.650000000000001688 ) ) ;
#1763 = ADVANCED_BREP_SHAPE_REPRESENTATION ( 'ItemBar-150mm', ( #19, #100 ), #948 ) ;
#1764 = EDGE_CURVE ( 'NONE', #1937, #2192, #423, .T. ) ;
#1765 = ORIENTED_EDGE ( 'NONE', *, *, #2098, .F. ) ;
#1766 = FACE_OUTER_BOUND ( 'NONE', #217, .T. ) ;
#1767 = DIRECTION ( 'NONE',  ( 0.000000000000000000, 0.000000000000000000, 1.000000000000000000 ) ) ;
#1768 = EDGE_CURVE ( 'NONE', #47, #1517, #1828, .T. ) ;
#1769 = ORIENTED_EDGE ( 'NONE', *, *, #2448, .T. ) ;
#1770 = CARTESIAN_POINT ( 'NONE',  ( 5.653832079999999927, 100.0000000000000000, 4.381039869999999503 ) ) ;
#1771 = ORIENTED_EDGE ( 'NONE', *, *, #206, .F. ) ;
#1772 = DIRECTION ( 'NONE',  ( 0.000000000000000000, 1.000000000000000000, 0.000000000000000000 ) ) ;
#1773 = CARTESIAN_POINT ( 'NONE',  ( 3.145114092500000513, -100.0000000000000000, -1.872321882500000090 ) ) ;
#1774 = DIRECTION ( 'NONE',  ( 0.000000000000000000, -1.000000000000000000, 0.000000000000000000 ) ) ;
#1775 = DIRECTION ( 'NONE',  ( -1.879283768795041544E-15, 0.000000000000000000, -1.000000000000000000 ) ) ;
#1776 = ORIENTED_EDGE ( 'NONE', *, *, #619, .T. ) ;
#1777 = CARTESIAN_POINT ( 'NONE',  ( 7.367588389999999876, 100.0000000000000000, 4.917588399999999638 ) ) ;
#1778 = VECTOR ( 'NONE', #1288, 1000.000000000000000 ) ;
#1779 = DIRECTION ( 'NONE',  ( 1.000000000000000000, 0.000000000000000000, 1.734723475976807094E-15 ) ) ;
#1780 = ORIENTED_EDGE ( 'NONE', *, *, #2498, .F. ) ;
#1781 = CIRCLE ( 'NONE', #421, 3.000000000000000444 ) ;
#1782 = FACE_OUTER_BOUND ( 'NONE', #240, .T. ) ;
#1783 = VECTOR ( 'NONE', #860, 1000.000000000000000 ) ;
#1784 = ADVANCED_FACE ( 'NONE', ( #1766 ), #1172, .F. ) ;
#1785 = AXIS2_PLACEMENT_3D ( 'NONE', #1032, #238, #1057 ) ;
#1786 = VECTOR ( 'NONE', #477, 1000.000000000000000 ) ;
#1787 = EDGE_LOOP ( 'NONE', ( #2536, #94, #952, #840 ) ) ;
#1788 = DIRECTION ( 'NONE',  ( 1.000000000000000000, 0.000000000000000000, 1.250003789712849683E-10 ) ) ;
#1789 = AXIS2_PLACEMENT_3D ( 'NONE', #1084, #654, #433 ) ;
#1790 = DIRECTION ( 'NONE',  ( 0.000000000000000000, 0.000000000000000000, -1.000000000000000000 ) ) ;
#1791 = DIRECTION ( 'NONE',  ( 0.000000000000000000, -1.000000000000000000, 0.000000000000000000 ) ) ;
#1792 = FACE_OUTER_BOUND ( 'NONE', #2615, .T. ) ;
#1793 = DIRECTION ( 'NONE',  ( 0.000000000000000000, 0.000000000000000000, 1.000000000000000000 ) ) ;
#1794 = ORIENTED_EDGE ( 'NONE', *, *, #2470, .F. ) ;
#1795 = DIRECTION ( 'NONE',  ( 0.000000000000000000, -1.000000000000000000, 0.000000000000000000 ) ) ;
#1796 = CARTESIAN_POINT ( 'NONE',  ( 2.500000000100000008, 100.0000000000000000, -8.500000000000000000 ) ) ;
#1797 = VERTEX_POINT ( 'NONE', #346 ) ;
#1798 = DIRECTION ( 'NONE',  ( 0.000000000000000000, -1.000000000000000000, 0.000000000000000000 ) ) ;
#1799 = ORIENTED_EDGE ( 'NONE', *, *, #12, .T. ) ;
#1800 = ADVANCED_FACE ( 'NONE', ( #2374 ), #384, .T. ) ;
#1801 = CYLINDRICAL_SURFACE ( 'NONE', #812, 2.149999999999999911 ) ;
#1802 = CARTESIAN_POINT ( 'NONE',  ( -2.799999999999999822, 50.00000000000000000, -8.200000000075000628 ) ) ;
#1803 = DIRECTION ( 'NONE',  ( -1.000000000000000000, 0.000000000000000000, 7.644869398588541300E-16 ) ) ;
#1804 = EDGE_LOOP ( 'NONE', ( #918, #1835, #352, #1387 ) ) ;
#1805 = FACE_OUTER_BOUND ( 'NONE', #422, .T. ) ;
#1806 = DIRECTION ( 'NONE',  ( 0.000000000000000000, 0.000000000000000000, 1.000000000000000000 ) ) ;
#1807 = ORIENTED_EDGE ( 'NONE', *, *, #569, .F. ) ;
#1808 = DIRECTION ( 'NONE',  ( -1.000000000000000000, 0.000000000000000000, -2.808119489163303936E-09 ) ) ;
#1809 = ORIENTED_EDGE ( 'NONE', *, *, #958, .F. ) ;
#1810 = CYLINDRICAL_SURFACE ( 'NONE', #1484, 0.8000000000000003775 ) ;
#1811 = DIRECTION ( 'NONE',  ( -0.000000000000000000, -1.000000000000000000, -0.000000000000000000 ) ) ;
#1812 = FACE_OUTER_BOUND ( 'NONE', #2175, .T. ) ;
#1813 = EDGE_LOOP ( 'NONE', ( #1620, #2003, #1941, #2558 ) ) ;
#1814 = CARTESIAN_POINT ( 'NONE',  ( -3.255887451779821529, 50.00000000000000000, -4.528679658220179149 ) ) ;
#1815 = EDGE_CURVE ( 'NONE', #1601, #1671, #1975, .T. ) ;
#1816 = ORIENTED_EDGE ( 'NONE', *, *, #112, .F. ) ;
#1817 = CYLINDRICAL_SURFACE ( 'NONE', #603, 3.000000000000000444 ) ;
#1818 = CARTESIAN_POINT ( 'NONE',  ( -8.200000000100001074, 100.0000000000000000, 2.799999999999999822 ) ) ;
#1819 = ORIENTED_EDGE ( 'NONE', *, *, #1927, .F. ) ;
#1820 = LINE ( 'NONE', #822, #2464 ) ;
#1821 = VECTOR ( 'NONE', #1798, 1000.000000000000000 ) ;
#1822 = ORIENTED_EDGE ( 'NONE', *, *, #1263, .T. ) ;
#1823 = AXIS2_PLACEMENT_3D ( 'NONE', #1038, #32, #243 ) ;
#1824 = DIRECTION ( 'NONE',  ( 0.000000000000000000, 0.000000000000000000, 1.000000000000000000 ) ) ;
#1825 = CIRCLE ( 'NONE', #2033, 2.999999994965900196 ) ;
#1826 = CIRCLE ( 'NONE', #1993, 0.8324116099999983032 ) ;
#1827 = ORIENTED_EDGE ( 'NONE', *, *, #2470, .T. ) ;
#1828 = CIRCLE ( 'NONE', #1568, 0.3000000000249998799 ) ;
#1829 = ADVANCED_FACE ( 'NONE', ( #991 ), #159, .F. ) ;
#1830 = AXIS2_PLACEMENT_3D ( 'NONE', #921, #1509, #677 ) ;
#1831 = APPROVAL ( #11, 'Coincident' ) ;
#1832 = DIRECTION ( 'NONE',  ( 0.000000000000000000, -1.000000000000000000, 0.000000000000000000 ) ) ;
#1833 = CIRCLE ( 'NONE', #2000, 2.999999994965900196 ) ;
#1834 = LINE ( 'NONE', #1818, #385 ) ;
#1835 = ORIENTED_EDGE ( 'NONE', *, *, #2481, .T. ) ;
#1836 = DIRECTION ( 'NONE',  ( 1.000000000000000000, 0.000000000000000000, 0.000000000000000000 ) ) ;
#1837 = LINE ( 'NONE', #1773, #1030 ) ;
#1838 = VERTEX_POINT ( 'NONE', #1591 ) ;
#1839 = DIRECTION ( 'NONE',  ( 0.000000000000000000, 0.000000000000000000, 1.000000000000000000 ) ) ;
#1840 = CARTESIAN_POINT ( 'NONE',  ( 1.134567109999999879, 100.0000000000000000, -6.649999999999999467 ) ) ;
#1841 = ORIENTED_EDGE ( 'NONE', *, *, #254, .T. ) ;
#1842 = PERSON_AND_ORGANIZATION ( #18446744073709551615, #18446744073709551615 ) ;
#1843 = ADVANCED_FACE ( 'NONE', ( #2402 ), #585, .T. ) ;
#1844 = CARTESIAN_POINT ( 'NONE',  ( 8.500000000000000000, 100.0000000000000000, 2.500000000100000008 ) ) ;
#1845 = CARTESIAN_POINT ( 'NONE',  ( 3.649999999999999911, -100.0000000000000000, -1.134567109999999879 ) ) ;
#1846 = ADVANCED_FACE ( 'NONE', ( #27 ), #2246, .T. ) ;
#1847 = EDGE_LOOP ( 'NONE', ( #486, #2070, #2315, #416 ) ) ;
#1848 = CARTESIAN_POINT ( 'NONE',  ( -2.799999999999999822, 100.0000000000000000, -8.200000000100001074 ) ) ;
#1849 = ADVANCED_FACE ( 'NONE', ( #2264 ), #2048, .T. ) ;
#1850 = CARTESIAN_POINT ( 'NONE',  ( -9.999999999950000884, 50.00000000000000000, 3.299999999999999822 ) ) ;
#1851 = ORIENTED_EDGE ( 'NONE', *, *, #354, .F. ) ;
#1852 = DIRECTION ( 'NONE',  ( 1.879283768795041544E-15, 0.000000000000000000, 1.000000000000000000 ) ) ;
#1853 = CARTESIAN_POINT ( 'NONE',  ( 5.506192294169409251, 100.0000000000000000, 6.778984495830590262 ) ) ;
#1854 = CYLINDRICAL_SURFACE ( 'NONE', #1495, 0.8324116100000018559 ) ;
#1855 = VERTEX_POINT ( 'NONE', #1845 ) ;
#1856 = PERSON_AND_ORGANIZATION ( #18446744073709551615, #18446744073709551615 ) ;
#1857 = LINE ( 'NONE', #912, #988 ) ;
#1858 = LINE ( 'NONE', #1412, #644 ) ;
#1859 = ORIENTED_EDGE ( 'NONE', *, *, #1984, .F. ) ;
#1860 = CARTESIAN_POINT ( 'NONE',  ( 6.649999999999999467, -100.0000000000000000, 1.134567109999999879 ) ) ;
#1861 = EDGE_CURVE ( 'NONE', #2169, #1217, #1858, .T. ) ;
#1862 = LINE ( 'NONE', #45, #1783 ) ;
#1863 = ORIENTED_EDGE ( 'NONE', *, *, #325, .F. ) ;
#1864 = VECTOR ( 'NONE', #2444, 1000.000000000000000 ) ;
#1865 = CARTESIAN_POINT ( 'NONE',  ( 8.000000000000000000, 50.00000000000000000, 10.00000000000000000 ) ) ;
#1866 = PRODUCT_DEFINITION ( 'General', '', #1750, #148 ) ;
#1867 = AXIS2_PLACEMENT_3D ( 'NONE', #1667, #1839, #2241 ) ;
#1868 = DIRECTION ( 'NONE',  ( 0.000000000000000000, 0.000000000000000000, 1.000000000000000000 ) ) ;
#1869 = CARTESIAN_POINT ( 'NONE',  ( -8.000000000000000000, -100.0000000000000000, -10.00000000000000000 ) ) ;
#1870 = ORIENTED_EDGE ( 'NONE', *, *, #84, .F. ) ;
#1871 = EDGE_LOOP ( 'NONE', ( #2489, #1459, #2061, #287 ) ) ;
#1872 = VECTOR ( 'NONE', #1474, 1000.000000000000000 ) ;
#1873 = CIRCLE ( 'NONE', #303, 2.999999994965900196 ) ;
#1874 = AXIS2_PLACEMENT_3D ( 'NONE', #1349, #592, #570 ) ;
#1875 = VECTOR ( 'NONE', #92, 1000.000000000000000 ) ;
#1876 = LINE ( 'NONE', #541, #1447 ) ;
#1877 = AXIS2_PLACEMENT_3D ( 'NONE', #697, #130, #1523 ) ;
#1878 = ORIENTED_EDGE ( 'NONE', *, *, #815, .F. ) ;
#1879 = DIRECTION ( 'NONE',  ( 0.000000000000000000, -1.000000000000000000, 0.000000000000000000 ) ) ;
#1880 = PLANE ( 'NONE',  #2163 ) ;
#1881 = EDGE_CURVE ( 'NONE', #2623, #659, #1834, .T. ) ;
#1882 = ORIENTED_EDGE ( 'NONE', *, *, #1537, .F. ) ;
#1883 = DIRECTION ( 'NONE',  ( 0.000000000000000000, -1.000000000000000000, 0.000000000000000000 ) ) ;
#1884 = EDGE_CURVE ( 'NONE', #990, #2455, #227, .T. ) ;
#1885 = CARTESIAN_POINT ( 'NONE',  ( -4.917588399999999638, 50.00000000000000000, -8.199999999999999289 ) ) ;
#1886 = PLANE ( 'NONE',  #1789 ) ;
#1887 = ORIENTED_EDGE ( 'NONE', *, *, #2486, .T. ) ;
#1888 = COORDINATED_UNIVERSAL_TIME_OFFSET ( 10, 0, .AHEAD. ) ;
#1889 = ORIENTED_EDGE ( 'NONE', *, *, #311, .F. ) ;
#1890 = DIRECTION ( 'NONE',  ( 0.000000000000000000, -1.000000000000000000, 0.000000000000000000 ) ) ;
#1891 = ORIENTED_EDGE ( 'NONE', *, *, #632, .T. ) ;
#1892 = LINE ( 'NONE', #1296, #982 ) ;
#1893 = CARTESIAN_POINT ( 'NONE',  ( -3.255887453559640043, -100.0000000000000000, 4.528679656440360191 ) ) ;
#1894 = ORIENTED_EDGE ( 'NONE', *, *, #129, .T. ) ;
#1895 = CARTESIAN_POINT ( 'NONE',  ( 4.917588399999999638, 50.00000000000000000, -7.367588389999999876 ) ) ;
#1896 = CARTESIAN_POINT ( 'NONE',  ( 1.929397100000000087, -100.0000000000000000, 8.200000000000001066 ) ) ;
#1897 = DIRECTION ( 'NONE',  ( 0.7071067811865460184, 0.000000000000000000, -0.7071067811865490160 ) ) ;
#1898 = VERTEX_POINT ( 'NONE', #2445 ) ;
#1899 = APPROVAL_DATE_TIME ( #1655, #2126 ) ;
#1900 = ORIENTED_EDGE ( 'NONE', *, *, #2009, .T. ) ;
#1901 = DIRECTION ( 'NONE',  ( 3.333271159089435349E-10, 0.000000000000000000, -1.000000000000000000 ) ) ;
#1902 = ADVANCED_FACE ( 'NONE', ( #801 ), #438, .T. ) ;
#1903 = ORIENTED_EDGE ( 'NONE', *, *, #2559, .T. ) ;
#1904 = FACE_OUTER_BOUND ( 'NONE', #1787, .T. ) ;
#1905 = FACE_OUTER_BOUND ( 'NONE', #869, .T. ) ;
#1906 = VERTEX_POINT ( 'NONE', #2414 ) ;
#1907 = CARTESIAN_POINT ( 'NONE',  ( 8.000000000000000000, 50.00000000000000000, -8.000000000000000000 ) ) ;
#1908 = CARTESIAN_POINT ( 'NONE',  ( 8.200000000000001066, -100.0000000000000000, 1.929397100000000087 ) ) ;
#1909 = CARTESIAN_POINT ( 'NONE',  ( 0.000000000000000000, 100.0000000000000000, -3.649999999999999911 ) ) ;
#1910 = ORIENTED_EDGE ( 'NONE', *, *, #2009, .F. ) ;
#1911 = ORIENTED_EDGE ( 'NONE', *, *, #2143, .F. ) ;
#1912 = AXIS2_PLACEMENT_3D ( 'NONE', #2036, #877, #1082 ) ;
#1913 = EDGE_CURVE ( 'NONE', #79, #1127, #2222, .T. ) ;
#1914 = AXIS2_PLACEMENT_3D ( 'NONE', #2225, #2447, #1463 ) ;
#1915 = CIRCLE ( 'NONE', #2299, 0.8000000000249994914 ) ;
#1916 = EDGE_CURVE ( 'NONE', #1906, #1917, #1213, .T. ) ;
#1917 = VERTEX_POINT ( 'NONE', #842 ) ;
#1918 = VECTOR ( 'NONE', #362, 1000.000000000000000 ) ;
#1919 = DIRECTION ( 'NONE',  ( 0.7071067811865480168, 0.000000000000000000, 0.7071067811865470176 ) ) ;
#1920 = DIRECTION ( 'NONE',  ( -1.000000000000000000, 0.000000000000000000, -1.063828398895308660E-11 ) ) ;
#1921 = ORIENTED_EDGE ( 'NONE', *, *, #112, .T. ) ;
#1922 = CARTESIAN_POINT ( 'NONE',  ( -8.000000000000000000, 50.00000000000000000, -10.00000000000000000 ) ) ;
#1923 = DIRECTION ( 'NONE',  ( 0.000000000000000000, 1.000000000000000000, 0.000000000000000000 ) ) ;
#1924 = ORIENTED_EDGE ( 'NONE', *, *, #1306, .F. ) ;
#1925 = VERTEX_POINT ( 'NONE', #1642 ) ;
#1926 = FACE_OUTER_BOUND ( 'NONE', #292, .T. ) ;
#1927 = EDGE_CURVE ( 'NONE', #1383, #2484, #50, .T. ) ;
#1928 = CARTESIAN_POINT ( 'NONE',  ( -2.500000000050000004, 50.00000000000000000, -8.500000000000000000 ) ) ;
#1929 = ORIENTED_EDGE ( 'NONE', *, *, #2012, .F. ) ;
#1930 = LINE ( 'NONE', #740, #724 ) ;
#1931 = EDGE_CURVE ( 'NONE', #2526, #833, #2625, .T. ) ;
#1932 = CYLINDRICAL_SURFACE ( 'NONE', #1704, 0.8324116100000018559 ) ;
#1933 = ORIENTED_EDGE ( 'NONE', *, *, #1718, .T. ) ;
#1934 = ORIENTED_EDGE ( 'NONE', *, *, #2124, .T. ) ;
#1935 = LINE ( 'NONE', #2500, #901 ) ;
#1936 = CARTESIAN_POINT ( 'NONE',  ( 1.134567109999999879, 100.0000000000000000, -3.649999999999999911 ) ) ;
#1937 = VERTEX_POINT ( 'NONE', #640 ) ;
#1938 = EDGE_CURVE ( 'NONE', #332, #1287, #817, .T. ) ;
#1939 = CARTESIAN_POINT ( 'NONE',  ( 9.199999999999999289, 50.00000000000000000, -2.500000000074999562 ) ) ;
#1940 = LINE ( 'NONE', #125, #1450 ) ;
#1941 = ORIENTED_EDGE ( 'NONE', *, *, #116, .F. ) ;
#1942 = EDGE_CURVE ( 'NONE', #2, #2516, #420, .T. ) ;
#1943 = VECTOR ( 'NONE', #35, 1000.000000000000000 ) ;
#1944 = AXIS2_PLACEMENT_3D ( 'NONE', #402, #1219, #663 ) ;
#1945 = ORIENTED_EDGE ( 'NONE', *, *, #239, .F. ) ;
#1946 = DIRECTION ( 'NONE',  ( 0.000000000000000000, 1.000000000000000000, 0.000000000000000000 ) ) ;
#1947 = CIRCLE ( 'NONE', #2250, 0.8324116041035614089 ) ;
#1948 = CIRCLE ( 'NONE', #96, 0.7999999999999999334 ) ;
#1949 = DIRECTION ( 'NONE',  ( 1.000000000000000000, 0.000000000000000000, -1.879283768795041544E-15 ) ) ;
#1950 = VECTOR ( 'NONE', #1442, 1000.000000000000000 ) ;
#1951 = ORIENTED_EDGE ( 'NONE', *, *, #1942, .F. ) ;
#1952 = AXIS2_PLACEMENT_3D ( 'NONE', #2027, #1391, #1004 ) ;
#1953 = DIRECTION ( 'NONE',  ( 0.000000000000000000, 0.000000000000000000, 1.000000000000000000 ) ) ;
#1954 = AXIS2_PLACEMENT_3D ( 'NONE', #808, #458, #1611 ) ;
#1955 = EDGE_CURVE ( 'NONE', #560, #1906, #2235, .T. ) ;
#1956 = CARTESIAN_POINT ( 'NONE',  ( 2.500000000100000008, 100.0000000000000000, 9.199999999999999289 ) ) ;
#1957 = ORIENTED_EDGE ( 'NONE', *, *, #1706, .T. ) ;
#1958 = DIRECTION ( 'NONE',  ( 0.000000000000000000, 0.000000000000000000, -1.000000000000000000 ) ) ;
#1959 = EDGE_CURVE ( 'NONE', #2160, #389, #408, .T. ) ;
#1960 = CARTESIAN_POINT ( 'NONE',  ( -6.649999999999999467, 50.00000000000000000, -1.134567109999999879 ) ) ;
#1961 = DIRECTION ( 'NONE',  ( 0.000000000000000000, -1.000000000000000000, 0.000000000000000000 ) ) ;
#1962 = EDGE_CURVE ( 'NONE', #2123, #296, #2162, .T. ) ;
#1963 = ORIENTED_EDGE ( 'NONE', *, *, #12, .F. ) ;
#1964 = DIRECTION ( 'NONE',  ( 0.000000000000000000, 0.000000000000000000, 1.000000000000000000 ) ) ;
#1965 = LINE ( 'NONE', #2377, #1118 ) ;
#1966 = ORIENTED_EDGE ( 'NONE', *, *, #2110, .F. ) ;
#1967 = PLANE ( 'NONE',  #2547 ) ;
#1968 = ORIENTED_EDGE ( 'NONE', *, *, #387, .F. ) ;
#1969 = CARTESIAN_POINT ( 'NONE',  ( 9.199999999999999289, 100.0000000000000000, -2.500000000100000008 ) ) ;
#1970 = CARTESIAN_POINT ( 'NONE',  ( -8.000000000000000000, -100.0000000000000000, 10.00000000000000000 ) ) ;
#1971 = LINE ( 'NONE', #1814, #522 ) ;
#1972 = ADVANCED_FACE ( 'NONE', ( #167 ), #2217, .F. ) ;
#1973 = VERTEX_POINT ( 'NONE', #580 ) ;
#1974 = ADVANCED_FACE ( 'NONE', ( #143 ), #1587, .F. ) ;
#1975 = LINE ( 'NONE', #561, #2375 ) ;
#1976 = CARTESIAN_POINT ( 'NONE',  ( 8.000000000000000000, 100.0000000000000000, 8.000000000000000000 ) ) ;
#1977 = ORIENTED_EDGE ( 'NONE', *, *, #1600, .T. ) ;
#1978 = DIRECTION ( 'NONE',  ( 0.000000000000000000, -1.000000000000000000, 0.000000000000000000 ) ) ;
#1979 = VERTEX_POINT ( 'NONE', #956 ) ;
#1980 = DIRECTION ( 'NONE',  ( 0.000000000000000000, 1.000000000000000000, 0.000000000000000000 ) ) ;
#1981 = DIRECTION ( 'NONE',  ( 0.000000000000000000, 0.000000000000000000, 1.000000000000000000 ) ) ;
#1982 = CARTESIAN_POINT ( 'NONE',  ( -3.858794200000000174, 100.0000000000000000, -8.200000000000001066 ) ) ;
#1983 = CARTESIAN_POINT ( 'NONE',  ( -1.134567109999999879, 50.00000000000000000, -6.649999999999999467 ) ) ;
#1984 = EDGE_CURVE ( 'NONE', #1280, #1454, #2360, .T. ) ;
#1985 = ORIENTED_EDGE ( 'NONE', *, *, #31, .T. ) ;
#1986 = CARTESIAN_POINT ( 'NONE',  ( -8.200000000000001066, 100.0000000000000000, 4.917588399999999638 ) ) ;
#1987 = VECTOR ( 'NONE', #1596, 1000.000000000000000 ) ;
#1988 = EDGE_CURVE ( 'NONE', #2406, #776, #2186, .T. ) ;
#1989 = FACE_OUTER_BOUND ( 'NONE', #2227, .T. ) ;
#1990 = VERTEX_POINT ( 'NONE', #1970 ) ;
#1991 = AXIS2_PLACEMENT_3D ( 'NONE', #1581, #1381, #2419 ) ;
#1992 = CARTESIAN_POINT ( 'NONE',  ( 2.800000000099999831, 50.00000000000000000, -8.500000000100000008 ) ) ;
#1993 = AXIS2_PLACEMENT_3D ( 'NONE', #322, #1353, #574 ) ;
#1994 = VECTOR ( 'NONE', #2362, 1000.000000000000000 ) ;
#1995 = FACE_OUTER_BOUND ( 'NONE', #190, .T. ) ;
#1996 = ORIENTED_EDGE ( 'NONE', *, *, #1081, .T. ) ;
#1997 = CARTESIAN_POINT ( 'NONE',  ( -2.500000000000000000, 100.0000000000000000, -8.849999999999999645 ) ) ;
#1998 = VECTOR ( 'NONE', #1382, 1000.000000000000000 ) ;
#1999 = DIRECTION ( 'NONE',  ( 0.000000000000000000, -1.000000000000000000, 0.000000000000000000 ) ) ;
#2000 = AXIS2_PLACEMENT_3D ( 'NONE', #970, #2387, #1775 ) ;
#2001 = ORIENTED_EDGE ( 'NONE', *, *, #2430, .F. ) ;
#2002 = DIRECTION ( 'NONE',  ( 0.000000000000000000, 0.000000000000000000, 1.000000000000000000 ) ) ;
#2003 = ORIENTED_EDGE ( 'NONE', *, *, #1686, .T. ) ;
#2004 = DIRECTION ( 'NONE',  ( 0.000000000000000000, -1.000000000000000000, 0.000000000000000000 ) ) ;
#2005 = LINE ( 'NONE', #774, #770 ) ;
#2006 = EDGE_CURVE ( 'NONE', #29, #2, #555, .T. ) ;
#2007 = ORIENTED_EDGE ( 'NONE', *, *, #224, .T. ) ;
#2008 = DIRECTION ( 'NONE',  ( 0.000000000000000000, 0.000000000000000000, 1.000000000000000000 ) ) ;
#2009 = EDGE_CURVE ( 'NONE', #2083, #1330, #1760, .T. ) ;
#2010 = VERTEX_POINT ( 'NONE', #355 ) ;
#2011 = DIRECTION ( 'NONE',  ( 0.000000000000000000, -1.000000000000000000, 0.000000000000000000 ) ) ;
#2012 = EDGE_CURVE ( 'NONE', #1898, #2358, #1208, .T. ) ;
#2013 = DIRECTION ( 'NONE',  ( 0.000000000000000000, -1.000000000000000000, 0.000000000000000000 ) ) ;
#2014 = FACE_OUTER_BOUND ( 'NONE', #2274, .T. ) ;
#2015 = VERTEX_POINT ( 'NONE', #985 ) ;
#2016 = DIRECTION ( 'NONE',  ( 1.000000000000000000, 0.000000000000000000, -2.127693706800744479E-11 ) ) ;
#2017 = CARTESIAN_POINT ( 'NONE',  ( 8.500000000100000008, 100.0000000000000000, -2.800000000099999831 ) ) ;
#2018 = ORIENTED_EDGE ( 'NONE', *, *, #920, .T. ) ;
#2019 = EDGE_CURVE ( 'NONE', #784, #2526, #1574, .T. ) ;
#2020 = ORIENTED_EDGE ( 'NONE', *, *, #940, .F. ) ;
#2021 = DIRECTION ( 'NONE',  ( 1.000000000000000000, 0.000000000000000000, 0.000000000000000000 ) ) ;
#2022 = ADVANCED_FACE ( 'NONE', ( #1196 ), #341, .F. ) ;
#2023 = DIRECTION ( 'NONE',  ( -0.7071067811865475727, 0.000000000000000000, 0.7071067811865475727 ) ) ;
#2024 = LINE ( 'NONE', #1054, #2511 ) ;
#2025 = ORIENTED_EDGE ( 'NONE', *, *, #757, .F. ) ;
#2026 = APPROVAL_ROLE ( '' ) ;
#2027 = CARTESIAN_POINT ( 'NONE',  ( -8.500000000100000008, 100.0000000000000000, -2.800000000099999831 ) ) ;
#2028 = DIRECTION ( 'NONE',  ( 0.000000000000000000, -1.000000000000000000, 0.000000000000000000 ) ) ;
#2029 = PRODUCT_DEFINITION_SHAPE ( 'NONE', 'NONE',  #1866 ) ;
#2030 = VERTEX_POINT ( 'NONE', #1802 ) ;
#2031 = AXIS2_PLACEMENT_3D ( 'NONE', #375, #181, #805 ) ;
#2032 = CARTESIAN_POINT ( 'NONE',  ( -9.199999999899999281, -100.0000000000000000, -3.300000000099999831 ) ) ;
#2033 = AXIS2_PLACEMENT_3D ( 'NONE', #858, #253, #2436 ) ;
#2034 = ORIENTED_EDGE ( 'NONE', *, *, #1764, .T. ) ;
#2035 = AXIS2_PLACEMENT_3D ( 'NONE', #1635, #2449, #1426 ) ;
#2036 = CARTESIAN_POINT ( 'NONE',  ( 1.134567109999999879, 50.00000000000000000, 6.649999999999999467 ) ) ;
#2037 = EDGE_CURVE ( 'NONE', #360, #1336, #2608, .T. ) ;
#2038 = AXIS2_PLACEMENT_3D ( 'NONE', #393, #2013, #1179 ) ;
#2039 = AXIS2_PLACEMENT_3D ( 'NONE', #2191, #371, #1138 ) ;
#2040 = DIRECTION ( 'NONE',  ( 0.000000000000000000, 0.000000000000000000, -1.000000000000000000 ) ) ;
#2041 = CARTESIAN_POINT ( 'NONE',  ( 9.199999999999999289, -100.0000000000000000, 2.500000000000000000 ) ) ;
#2042 = ORIENTED_EDGE ( 'NONE', *, *, #2496, .F. ) ;
#2043 = PERSON_AND_ORGANIZATION_ROLE ( 'design_owner' ) ;
#2044 = VECTOR ( 'NONE', #1803, 1000.000000000000000 ) ;
#2045 = EDGE_CURVE ( 'NONE', #2484, #1797, #1168, .T. ) ;
#2046 = LOCAL_TIME ( 18, 50, 20.00000000000000000, #2069 ) ;
#2047 = DIRECTION ( 'NONE',  ( -0.000000000000000000, -1.000000000000000000, -0.000000000000000000 ) ) ;
#2048 = CYLINDRICAL_SURFACE ( 'NONE', #1785, 0.8000000000000003775 ) ;
#2049 = EDGE_CURVE ( 'NONE', #2141, #1143, #602, .T. ) ;
#2050 = VERTEX_POINT ( 'NONE', #1402 ) ;
#2051 = CARTESIAN_POINT ( 'NONE',  ( 9.999999999924998662, 50.00000000000000000, 3.299999999999999822 ) ) ;
#2052 = ORIENTED_EDGE ( 'NONE', *, *, #333, .F. ) ;
#2053 = PLANE ( 'NONE',  #1352 ) ;
#2054 = CARTESIAN_POINT ( 'NONE',  ( 3.300000000099999831, 50.00000000000000000, -9.199999999899999281 ) ) ;
#2055 = LINE ( 'NONE', #2472, #2088 ) ;
#2056 = ORIENTED_EDGE ( 'NONE', *, *, #15, .T. ) ;
#2057 = CALENDAR_DATE ( 2026, 22, 6 ) ;
#2058 = CARTESIAN_POINT ( 'NONE',  ( 6.778984499999999969, -100.0000000000000000, 5.506192289999999545 ) ) ;
#2059 = DIRECTION ( 'NONE',  ( -0.000000000000000000, -1.000000000000000000, -0.000000000000000000 ) ) ;
#2060 = ADVANCED_FACE ( 'NONE', ( #1375, #1792 ), #366, .T. ) ;
#2061 = ORIENTED_EDGE ( 'NONE', *, *, #129, .F. ) ;
#2062 = CARTESIAN_POINT ( 'NONE',  ( -2.500000000075000006, 50.00000000000000000, 8.500000000000000000 ) ) ;
#2063 = DIRECTION ( 'NONE',  ( 0.000000000000000000, 0.000000000000000000, 1.000000000000000000 ) ) ;
#2064 = EDGE_LOOP ( 'NONE', ( #507, #172, #443, #1910 ) ) ;
#2065 = DIRECTION ( 'NONE',  ( 0.000000000000000000, 1.000000000000000000, 0.000000000000000000 ) ) ;
#2066 = CARTESIAN_POINT ( 'NONE',  ( 8.200000000000001066, 100.0000000000000000, 2.799999999999999822 ) ) ;
#2067 = CARTESIAN_POINT ( 'NONE',  ( -8.000000000000000000, 50.00000000000000000, 10.00000000000000000 ) ) ;
#2068 = VERTEX_POINT ( 'NONE', #1011 ) ;
#2069 = COORDINATED_UNIVERSAL_TIME_OFFSET ( 10, 0, .AHEAD. ) ;
#2070 = ORIENTED_EDGE ( 'NONE', *, *, #1722, .F. ) ;
#2071 = CARTESIAN_POINT ( 'NONE',  ( 7.367588389999999876, 50.00000000000000000, 4.917588399999999638 ) ) ;
#2072 = ADVANCED_FACE ( 'NONE', ( #1812 ), #2619, .T. ) ;
#2073 = ORIENTED_EDGE ( 'NONE', *, *, #2006, .F. ) ;
#2074 = DIRECTION ( 'NONE',  ( -0.7071067811865460184, 0.000000000000000000, 0.7071067811865490160 ) ) ;
#2075 = EDGE_CURVE ( 'NONE', #1517, #428, #247, .T. ) ;
#2076 = CYLINDRICAL_SURFACE ( 'NONE', #1823, 0.7999999999999999334 ) ;
#2077 = ORIENTED_EDGE ( 'NONE', *, *, #2486, .F. ) ;
#2078 = VECTOR ( 'NONE', #2273, 1000.000000000000000 ) ;
#2079 = CARTESIAN_POINT ( 'NONE',  ( -3.300000000099999831, 100.0000000000000000, -9.199999999899999281 ) ) ;
#2080 = VECTOR ( 'NONE', #2320, 1000.000000000000000 ) ;
#2081 = LINE ( 'NONE', #264, #859 ) ;
#2082 = CARTESIAN_POINT ( 'NONE',  ( 8.200000000000001066, -100.0000000000000000, -1.929397100000000087 ) ) ;
#2083 = VERTEX_POINT ( 'NONE', #405 ) ;
#2084 = DATE_AND_TIME ( #1273, #2046 ) ;
#2085 = VERTEX_POINT ( 'NONE', #1220 ) ;
#2086 = VECTOR ( 'NONE', #760, 1000.000000000000000 ) ;
#2087 = VECTOR ( 'NONE', #823, 1000.000000000000000 ) ;
#2088 = VECTOR ( 'NONE', #839, 1000.000000000000000 ) ;
#2089 = VECTOR ( 'NONE', #1467, 1000.000000000000000 ) ;
#2090 = DIRECTION ( 'NONE',  ( 0.000000000000000000, 0.000000000000000000, 1.000000000000000000 ) ) ;
#2091 = VECTOR ( 'NONE', #2546, 1000.000000000000000 ) ;
#2092 = CIRCLE ( 'NONE', #1710, 0.8000000000000003775 ) ;
#2093 = ORIENTED_EDGE ( 'NONE', *, *, #2571, .T. ) ;
#2094 = CARTESIAN_POINT ( 'NONE',  ( 6.649999999999999467, 50.00000000000000000, 1.134567109999999879 ) ) ;
#2095 = DIRECTION ( 'NONE',  ( 0.000000000000000000, -1.000000000000000000, 0.000000000000000000 ) ) ;
#2096 = PRODUCT_RELATED_PRODUCT_CATEGORY ( 'detail', '', ( #1019 ) ) ;
#2097 = ORIENTED_EDGE ( 'NONE', *, *, #1331, .T. ) ;
#2098 = EDGE_CURVE ( 'NONE', #2213, #2533, #519, .T. ) ;
#2099 = FACE_OUTER_BOUND ( 'NONE', #244, .T. ) ;
#2100 = FACE_OUTER_BOUND ( 'NONE', #1804, .T. ) ;
#2101 = DIRECTION ( 'NONE',  ( 0.7071067811865470176, 0.000000000000000000, 0.7071067811865480168 ) ) ;
#2102 = ORIENTED_EDGE ( 'NONE', *, *, #549, .F. ) ;
#2103 = ORIENTED_EDGE ( 'NONE', *, *, #161, .T. ) ;
#2104 = CARTESIAN_POINT ( 'NONE',  ( 3.255887450000000349, 100.0000000000000000, 4.528679659999999885 ) ) ;
#2105 = ORIENTED_EDGE ( 'NONE', *, *, #2349, .F. ) ;
#2106 = DIRECTION ( 'NONE',  ( 0.000000000000000000, 0.000000000000000000, 1.000000000000000000 ) ) ;
#2107 = DIRECTION ( 'NONE',  ( 0.000000000000000000, 0.000000000000000000, -1.000000000000000000 ) ) ;
#2108 = ORIENTED_EDGE ( 'NONE', *, *, #1913, .F. ) ;
#2109 = FACE_OUTER_BOUND ( 'NONE', #2178, .T. ) ;
#2110 = EDGE_CURVE ( 'NONE', #1246, #1797, #2242, .T. ) ;
#2111 = LINE ( 'NONE', #2066, #1786 ) ;
#2112 = LINE ( 'NONE', #2294, #1363 ) ;
#2113 = ORIENTED_EDGE ( 'NONE', *, *, #1988, .F. ) ;
#2114 = ORIENTED_EDGE ( 'NONE', *, *, #157, .F. ) ;
#2115 = CC_DESIGN_PERSON_AND_ORGANIZATION_ASSIGNMENT ( #1055, #2456, ( #1750 ) ) ;
#2116 = CARTESIAN_POINT ( 'NONE',  ( 2.149999999999999911, 50.00000000000000000, -2.632990618166810221E-16 ) ) ;
#2117 = EDGE_LOOP ( 'NONE', ( #305, #440, #1934, #543 ) ) ;
#2118 = DIRECTION ( 'NONE',  ( 0.000000000000000000, 0.000000000000000000, 1.000000000000000000 ) ) ;
#2119 = CYLINDRICAL_SURFACE ( 'NONE', #1569, 3.000000000000000444 ) ;
#2120 = ORIENTED_EDGE ( 'NONE', *, *, #2463, .T. ) ;
#2121 = PLANE ( 'NONE',  #2248 ) ;
#2122 = CARTESIAN_POINT ( 'NONE',  ( 3.649999999999999911, 100.0000000000000000, 1.134567109999999879 ) ) ;
#2123 = VERTEX_POINT ( 'NONE', #826 ) ;
#2124 = EDGE_CURVE ( 'NONE', #723, #1973, #2055, .T. ) ;
#2125 = CIRCLE ( 'NONE', #379, 0.8324116041035614089 ) ;
#2126 = APPROVAL ( #881, 'Coincident' ) ;
#2127 = CIRCLE ( 'NONE', #1991, 2.149999999999999911 ) ;
#2128 = AXIS2_PLACEMENT_3D ( 'NONE', #2529, #509, #888 ) ;
#2129 = ADVANCED_FACE ( 'NONE', ( #2270 ), #234, .F. ) ;
#2130 = AXIS2_PLACEMENT_3D ( 'NONE', #1960, #154, #969 ) ;
#2131 = CIRCLE ( 'NONE', #731, 0.3000000000249998799 ) ;
#2132 = EDGE_LOOP ( 'NONE', ( #2620, #2575, #248, #348 ) ) ;
#2133 = EDGE_CURVE ( 'NONE', #708, #1601, #850, .T. ) ;
#2134 = AXIS2_PLACEMENT_3D ( 'NONE', #1909, #892, #1694 ) ;
#2135 = CARTESIAN_POINT ( 'NONE',  ( -8.200000000000001066, 100.0000000000000000, -2.799999999999999822 ) ) ;
#2136 = PLANE ( 'NONE',  #2466 ) ;
#2137 = EDGE_LOOP ( 'NONE', ( #299, #312, #1372, #1985 ) ) ;
#2138 = DIRECTION ( 'NONE',  ( 7.644869398588538342E-16, 0.000000000000000000, 1.000000000000000000 ) ) ;
#2139 = CARTESIAN_POINT ( 'NONE',  ( -6.649999999999999467, -100.0000000000000000, -1.134567109999999879 ) ) ;
#2140 = VERTEX_POINT ( 'NONE', #1042 ) ;
#2141 = VERTEX_POINT ( 'NONE', #2041 ) ;
#2142 = CARTESIAN_POINT ( 'NONE',  ( -2.500000000050000448, 50.00000000000000000, 9.199999999999999289 ) ) ;
#2143 = EDGE_CURVE ( 'NONE', #1224, #447, #2257, .T. ) ;
#2144 = CARTESIAN_POINT ( 'NONE',  ( -10.00000000000000000, 100.0000000000000000, -8.000000000000000000 ) ) ;
#2145 = EDGE_LOOP ( 'NONE', ( #517, #1900, #1525, #655 ) ) ;
#2146 = DIRECTION ( 'NONE',  ( 0.000000000000000000, 1.000000000000000000, 0.000000000000000000 ) ) ;
#2147 = CARTESIAN_POINT ( 'NONE',  ( 4.917588399999999638, 100.0000000000000000, 7.367588389999999876 ) ) ;
#2148 = ORIENTED_EDGE ( 'NONE', *, *, #1648, .T. ) ;
#2149 = LINE ( 'NONE', #328, #696 ) ;
#2150 = ORIENTED_EDGE ( 'NONE', *, *, #636, .T. ) ;
#2151 = CARTESIAN_POINT ( 'NONE',  ( 2.800000000099999831, 50.00000000000000000, 8.500000000100000008 ) ) ;
#2152 = ADVANCED_FACE ( 'NONE', ( #1625 ), #1886, .F. ) ;
#2153 = FACE_OUTER_BOUND ( 'NONE', #1240, .T. ) ;
#2154 = ORIENTED_EDGE ( 'NONE', *, *, #1331, .F. ) ;
#2155 = DIRECTION ( 'NONE',  ( 0.000000000000000000, -1.000000000000000000, 0.000000000000000000 ) ) ;
#2156 = EDGE_CURVE ( 'NONE', #1143, #150, #2426, .T. ) ;
#2157 = ORIENTED_EDGE ( 'NONE', *, *, #748, .T. ) ;
#2158 = CARTESIAN_POINT ( 'NONE',  ( -3.145114092500000513, -100.0000000000000000, -1.872321882500000090 ) ) ;
#2159 = CIRCLE ( 'NONE', #1609, 0.8000000000249994914 ) ;
#2160 = VERTEX_POINT ( 'NONE', #611 ) ;
#2161 = DIRECTION ( 'NONE',  ( 0.000000000000000000, -1.000000000000000000, 0.000000000000000000 ) ) ;
#2162 = CIRCLE ( 'NONE', #2130, 2.999999999999996891 ) ;
#2163 = AXIS2_PLACEMENT_3D ( 'NONE', #702, #2288, #1728 ) ;
#2164 = DIRECTION ( 'NONE',  ( 0.000000000000000000, -1.000000000000000000, 0.000000000000000000 ) ) ;
#2165 = ORIENTED_EDGE ( 'NONE', *, *, #1916, .F. ) ;
#2166 = CARTESIAN_POINT ( 'NONE',  ( -3.650000001258523419, 50.00000000000000000, 1.134567110000000101 ) ) ;
#2167 = VECTOR ( 'NONE', #1258, 1000.000000000000000 ) ;
#2168 = EDGE_CURVE ( 'NONE', #1369, #2446, #2024, .T. ) ;
#2169 = VERTEX_POINT ( 'NONE', #2441 ) ;
#2170 = LOCAL_TIME ( 18, 50, 20.00000000000000000, #38 ) ;
#2171 = DIRECTION ( 'NONE',  ( 0.000000000000000000, 1.000000000000000000, 0.000000000000000000 ) ) ;
#2172 = ADVANCED_FACE ( 'NONE', ( #623 ), #1430, .F. ) ;
#2173 = DIRECTION ( 'NONE',  ( 0.000000000000000000, 0.000000000000000000, -1.000000000000000000 ) ) ;
#2174 = CARTESIAN_POINT ( 'NONE',  ( -6.778984495830589374, 50.00000000000000000, 5.506192294169410140 ) ) ;
#2175 = EDGE_LOOP ( 'NONE', ( #717, #329, #2052, #1765 ) ) ;
#2176 = CARTESIAN_POINT ( 'NONE',  ( 3.300000000099999831, 50.00000000000000000, -9.199999999899999281 ) ) ;
#2177 = LINE ( 'NONE', #1368, #2255 ) ;
#2178 = EDGE_LOOP ( 'NONE', ( #2281, #759, #2435, #2265 ) ) ;
#2179 = CARTESIAN_POINT ( 'NONE',  ( -10.00000000000000000, -100.0000000000000000, -8.000000000000000000 ) ) ;
#2180 = CARTESIAN_POINT ( 'NONE',  ( -6.778984495830590262, 100.0000000000000000, 5.506192294169409251 ) ) ;
#2181 = VERTEX_POINT ( 'NONE', #1869 ) ;
#2182 = DIRECTION ( 'NONE',  ( 1.000000000000000000, 0.000000000000000000, 0.000000000000000000 ) ) ;
#2183 = ADVANCED_FACE ( 'NONE', ( #36 ), #2454, .T. ) ;
#2184 = CARTESIAN_POINT ( 'NONE',  ( -3.649999999999999911, 100.0000000000000000, 1.134567109999999879 ) ) ;
#2185 = DIRECTION ( 'NONE',  ( 0.000000000000000000, 1.000000000000000000, 0.000000000000000000 ) ) ;
#2186 = LINE ( 'NONE', #193, #1743 ) ;
#2187 = DIRECTION ( 'NONE',  ( 0.000000000000000000, -1.000000000000000000, 0.000000000000000000 ) ) ;
#2188 = ADVANCED_FACE ( 'NONE', ( #634 ), #1854, .F. ) ;
#2189 = VERTEX_POINT ( 'NONE', #2067 ) ;
#2190 = DIRECTION ( 'NONE',  ( 1.000000000000000000, 0.000000000000000000, 0.000000000000000000 ) ) ;
#2191 = CARTESIAN_POINT ( 'NONE',  ( -4.917588399999999638, 100.0000000000000000, 7.367588389999999876 ) ) ;
#2192 = VERTEX_POINT ( 'NONE', #1670 ) ;
#2193 = CARTESIAN_POINT ( 'NONE',  ( -8.500000000000000000, 100.0000000000000000, 2.500000000000000000 ) ) ;
#2194 = ORIENTED_EDGE ( 'NONE', *, *, #2522, .F. ) ;
#2195 = CYLINDRICAL_SURFACE ( 'NONE', #2031, 0.7999999999999999334 ) ;
#2196 = DIRECTION ( 'NONE',  ( 0.000000000000000000, -1.000000000000000000, 0.000000000000000000 ) ) ;
#2197 = DIRECTION ( 'NONE',  ( 0.000000000000000000, -1.000000000000000000, 0.000000000000000000 ) ) ;
#2198 = EDGE_CURVE ( 'NONE', #1217, #2391, #2280, .T. ) ;
#2199 = CARTESIAN_POINT ( 'NONE',  ( -5.506192289999998657, 50.00000000000000000, 6.778984500000000857 ) ) ;
#2200 = CIRCLE ( 'NONE', #2550, 0.8324116041035605207 ) ;
#2201 = ORIENTED_EDGE ( 'NONE', *, *, #469, .F. ) ;
#2202 = CYLINDRICAL_SURFACE ( 'NONE', #1532, 0.2999999999999999334 ) ;
#2203 = FACE_BOUND ( 'NONE', #363, .T. ) ;
#2204 = VECTOR ( 'NONE', #927, 1000.000000000000000 ) ;
#2205 = EDGE_CURVE ( 'NONE', #2525, #465, #1079, .T. ) ;
#2206 = ORIENTED_EDGE ( 'NONE', *, *, #848, .T. ) ;
#2207 = VECTOR ( 'NONE', #2528, 1000.000000000000000 ) ;
#2208 = LINE ( 'NONE', #390, #1278 ) ;
#2209 = AXIS2_PLACEMENT_3D ( 'NONE', #673, #105, #498 ) ;
#2210 = AXIS2_PLACEMENT_3D ( 'NONE', #1777, #2161, #573 ) ;
#2211 = VECTOR ( 'NONE', #462, 1000.000000000000000 ) ;
#2212 = DIRECTION ( 'NONE',  ( 1.000000000000000000, 0.000000000000000000, 0.000000000000000000 ) ) ;
#2213 = VERTEX_POINT ( 'NONE', #1142 ) ;
#2214 = DIRECTION ( 'NONE',  ( 0.000000000000000000, -1.000000000000000000, 0.000000000000000000 ) ) ;
#2215 = CIRCLE ( 'NONE', #559, 0.2999999999999999334 ) ;
#2216 = CARTESIAN_POINT ( 'NONE',  ( 8.849999999999999645, 100.0000000000000000, -2.500000000000000000 ) ) ;
#2217 = PLANE ( 'NONE',  #987 ) ;
#2218 = EDGE_LOOP ( 'NONE', ( #282, #599, #1580, #2323 ) ) ;
#2219 = DIRECTION ( 'NONE',  ( 0.000000000000000000, -1.000000000000000000, 0.000000000000000000 ) ) ;
#2220 = VERTEX_POINT ( 'NONE', #1500 ) ;
#2221 = FACE_OUTER_BOUND ( 'NONE', #1176, .T. ) ;
#2222 = LINE ( 'NONE', #616, #133 ) ;
#2223 = EDGE_CURVE ( 'NONE', #994, #1377, #1329, .T. ) ;
#2224 = ORIENTED_EDGE ( 'NONE', *, *, #1861, .F. ) ;
#2225 = CARTESIAN_POINT ( 'NONE',  ( -4.381039869999999503, 100.0000000000000000, -5.653832079999999927 ) ) ;
#2226 = EDGE_CURVE ( 'NONE', #949, #377, #2302, .T. ) ;
#2227 = EDGE_LOOP ( 'NONE', ( #703, #2258, #2507, #2450 ) ) ;
#2228 = CARTESIAN_POINT ( 'NONE',  ( 5.506192289999998657, 50.00000000000000000, -6.778984499999999969 ) ) ;
#2229 = CARTESIAN_POINT ( 'NONE',  ( 10.00000000000000000, 50.00000000000000000, 8.000000000000000000 ) ) ;
#2230 = DIRECTION ( 'NONE',  ( 1.000000000000000000, 0.000000000000000000, 1.249998368701987772E-10 ) ) ;
#2231 = ORIENTED_EDGE ( 'NONE', *, *, #338, .T. ) ;
#2232 = CARTESIAN_POINT ( 'NONE',  ( -4.917588399999999638, 50.00000000000000000, -7.367588389999999876 ) ) ;
#2233 = EDGE_LOOP ( 'NONE', ( #2108, #1776, #1716, #2289 ) ) ;
#2234 = CARTESIAN_POINT ( 'NONE',  ( 2.500000000075000006, 50.00000000000000000, -8.500000000000000000 ) ) ;
#2235 = LINE ( 'NONE', #1237, #2421 ) ;
#2236 = ORIENTED_EDGE ( 'NONE', *, *, #1931, .F. ) ;
#2237 = EDGE_CURVE ( 'NONE', #2564, #1454, #478, .T. ) ;
#2238 = CARTESIAN_POINT ( 'NONE',  ( 8.000000000000000000, -100.0000000000000000, -8.000000000000000000 ) ) ;
#2239 = EDGE_LOOP ( 'NONE', ( #1504, #1744, #2277, #1726 ) ) ;
#2240 = EDGE_CURVE ( 'NONE', #2551, #1280, #2514, .T. ) ;
#2241 = DIRECTION ( 'NONE',  ( 1.000000000000000000, 0.000000000000000000, 0.000000000000000000 ) ) ;
#2242 = LINE ( 'NONE', #1468, #1950 ) ;
#2243 = ORIENTED_EDGE ( 'NONE', *, *, #2240, .F. ) ;
#2244 = ADVANCED_FACE ( 'NONE', ( #1479 ), #879, .T. ) ;
#2245 = CARTESIAN_POINT ( 'NONE',  ( 8.000000000000000000, 100.0000000000000000, -8.000000000000000000 ) ) ;
#2246 = CYLINDRICAL_SURFACE ( 'NONE', #1613, 0.2999999999999999334 ) ;
#2247 = ORIENTED_EDGE ( 'NONE', *, *, #295, .T. ) ;
#2248 = AXIS2_PLACEMENT_3D ( 'NONE', #1132, #890, #1300 ) ;
#2249 = FACE_OUTER_BOUND ( 'NONE', #2493, .T. ) ;
#2250 = AXIS2_PLACEMENT_3D ( 'NONE', #229, #30, #1836 ) ;
#2251 = ORIENTED_EDGE ( 'NONE', *, *, #636, .F. ) ;
#2252 = VECTOR ( 'NONE', #568, 1000.000000000000000 ) ;
#2253 = CARTESIAN_POINT ( 'NONE',  ( 10.00000000000000000, 100.0000000000000000, 0.000000000000000000 ) ) ;
#2254 = AXIS2_PLACEMENT_3D ( 'NONE', #1203, #1392, #1806 ) ;
#2255 = VECTOR ( 'NONE', #137, 1000.000000000000000 ) ;
#2256 = DIRECTION ( 'NONE',  ( -2.127693706800744479E-11, 0.000000000000000000, -1.000000000000000000 ) ) ;
#2257 = LINE ( 'NONE', #1024, #1572 ) ;
#2258 = ORIENTED_EDGE ( 'NONE', *, *, #545, .T. ) ;
#2259 = APPROVAL_ROLE ( '' ) ;
#2260 = AXIS2_PLACEMENT_3D ( 'NONE', #1291, #326, #1338 ) ;
#2261 = EDGE_CURVE ( 'NONE', #2189, #1990, #2112, .T. ) ;
#2262 = VECTOR ( 'NONE', #1558, 1000.000000000000000 ) ;
#2263 = CARTESIAN_POINT ( 'NONE',  ( -3.649999999999999911, -100.0000000000000000, 0.000000000000000000 ) ) ;
#2264 = FACE_OUTER_BOUND ( 'NONE', #2543, .T. ) ;
#2265 = ORIENTED_EDGE ( 'NONE', *, *, #1306, .T. ) ;
#2266 = LINE ( 'NONE', #1665, #1318 ) ;
#2267 = ORIENTED_EDGE ( 'NONE', *, *, #2437, .F. ) ;
#2268 = CARTESIAN_POINT ( 'NONE',  ( 2.799999999999999822, 50.00000000000000000, -8.200000000050000182 ) ) ;
#2269 = PLANE ( 'NONE',  #1326 ) ;
#2270 = FACE_OUTER_BOUND ( 'NONE', #1131, .T. ) ;
#2271 = ORIENTED_EDGE ( 'NONE', *, *, #2559, .F. ) ;
#2272 = EDGE_CURVE ( 'NONE', #2391, #893, #907, .T. ) ;
#2273 = DIRECTION ( 'NONE',  ( 1.000000000000000000, 0.000000000000000000, 0.000000000000000000 ) ) ;
#2274 = EDGE_LOOP ( 'NONE', ( #2465, #1827, #1889, #1059 ) ) ;
#2275 = CYLINDRICAL_SURFACE ( 'NONE', #131, 0.8324116100000018559 ) ;
#2276 = CARTESIAN_POINT ( 'NONE',  ( 2.799999999999999822, 100.0000000000000000, 8.200000000100001074 ) ) ;
#2277 = ORIENTED_EDGE ( 'NONE', *, *, #974, .F. ) ;
#2278 = LINE ( 'NONE', #1680, #1228 ) ;
#2279 = CARTESIAN_POINT ( 'NONE',  ( 3.650000000000001688, 50.00000000000000000, 1.134567109999999435 ) ) ;
#2280 = LINE ( 'NONE', #2082, #1747 ) ;
#2281 = ORIENTED_EDGE ( 'NONE', *, *, #2124, .F. ) ;
#2282 = DIRECTION ( 'NONE',  ( 0.000000000000000000, 0.000000000000000000, 1.000000000000000000 ) ) ;
#2283 = ORIENTED_EDGE ( 'NONE', *, *, #1685, .T. ) ;
#2284 = DIRECTION ( 'NONE',  ( 0.000000000000000000, 0.000000000000000000, 1.000000000000000000 ) ) ;
#2285 = EDGE_CURVE ( 'NONE', #1344, #47, #716, .T. ) ;
#2286 = ORIENTED_EDGE ( 'NONE', *, *, #369, .T. ) ;
#2287 = CARTESIAN_POINT ( 'NONE',  ( 3.299999999999999822, 100.0000000000000000, 10.00000000000000000 ) ) ;
#2288 = DIRECTION ( 'NONE',  ( -1.000000000000000000, 0.000000000000000000, 0.000000000000000000 ) ) ;
#2289 = ORIENTED_EDGE ( 'NONE', *, *, #945, .F. ) ;
#2290 = CIRCLE ( 'NONE', #806, 0.8324116041035614089 ) ;
#2291 = DIRECTION ( 'NONE',  ( 0.000000000000000000, 0.000000000000000000, 1.000000000000000000 ) ) ;
#2292 = AXIS2_PLACEMENT_3D ( 'NONE', #153, #967, #1384 ) ;
#2293 = DIRECTION ( 'NONE',  ( 0.000000000000000000, 1.000000000000000000, 0.000000000000000000 ) ) ;
#2294 = CARTESIAN_POINT ( 'NONE',  ( -8.000000000000000000, 100.0000000000000000, 10.00000000000000000 ) ) ;
#2295 = ORIENTED_EDGE ( 'NONE', *, *, #1129, .T. ) ;
#2296 = APPROVAL_ROLE ( '' ) ;
#2297 = DIRECTION ( 'NONE',  ( 1.000000000000000000, 0.000000000000000000, 3.333271159089435349E-10 ) ) ;
#2298 = VECTOR ( 'NONE', #2118, 1000.000000000000000 ) ;
#2299 = AXIS2_PLACEMENT_3D ( 'NONE', #1646, #411, #2063 ) ;
#2300 = VECTOR ( 'NONE', #1423, 1000.000000000000000 ) ;
#2301 = CARTESIAN_POINT ( 'NONE',  ( -4.424999999999999822, -100.0000000000000000, 2.500000000000000000 ) ) ;
#2302 = CIRCLE ( 'NONE', #1615, 2.999999998741476048 ) ;
#2303 = ORIENTED_EDGE ( 'NONE', *, *, #1346, .T. ) ;
#2304 = LINE ( 'NONE', #2142, #171 ) ;
#2305 = PLANE ( 'NONE',  #2128 ) ;
#2306 = ORIENTED_EDGE ( 'NONE', *, *, #2351, .T. ) ;
#2307 = CARTESIAN_POINT ( 'NONE',  ( -9.199999999999999289, 50.00000000000000000, -2.500000000050000448 ) ) ;
#2308 = EDGE_CURVE ( 'NONE', #1330, #776, #304, .T. ) ;
#2309 = DIRECTION ( 'NONE',  ( 0.000000000000000000, -1.000000000000000000, 0.000000000000000000 ) ) ;
#2310 = CARTESIAN_POINT ( 'NONE',  ( 6.649999999999999467, 50.00000000000000000, -1.134567109999999879 ) ) ;
#2311 = ORIENTED_EDGE ( 'NONE', *, *, #2075, .T. ) ;
#2312 = CARTESIAN_POINT ( 'NONE',  ( -3.299999999999999822, -100.0000000000000000, -10.00000000000000000 ) ) ;
#2313 = CARTESIAN_POINT ( 'NONE',  ( -2.500000000100000008, -100.0000000000000000, 8.500000000000000000 ) ) ;
#2314 = CARTESIAN_POINT ( 'NONE',  ( 10.00000000000000000, -100.0000000000000000, -8.000000000000000000 ) ) ;
#2315 = ORIENTED_EDGE ( 'NONE', *, *, #1582, .T. ) ;
#2316 = LINE ( 'NONE', #497, #2298 ) ;
#2317 = DIRECTION ( 'NONE',  ( 0.000000000000000000, -1.000000000000000000, 0.000000000000000000 ) ) ;
#2318 = ADVANCED_FACE ( 'NONE', ( #706 ), #280, .F. ) ;
#2319 = ORIENTED_EDGE ( 'NONE', *, *, #239, .T. ) ;
#2320 = DIRECTION ( 'NONE',  ( 0.000000000000000000, -1.000000000000000000, 0.000000000000000000 ) ) ;
#2321 = ADVANCED_FACE ( 'NONE', ( #2506 ), #1932, .F. ) ;
#2322 = CARTESIAN_POINT ( 'NONE',  ( 1.872321882500000090, -100.0000000000000000, 3.145114092500000513 ) ) ;
#2323 = ORIENTED_EDGE ( 'NONE', *, *, #1761, .F. ) ;
#2324 = EDGE_LOOP ( 'NONE', ( #434, #2319, #123, #2352 ) ) ;
#2325 = EDGE_CURVE ( 'NONE', #612, #2557, #1520, .T. ) ;
#2326 = ORIENTED_EDGE ( 'NONE', *, *, #2049, .T. ) ;
#2327 = CARTESIAN_POINT ( 'NONE',  ( 3.255887453559640043, 50.00000000000000000, -4.528679656440360191 ) ) ;
#2328 = FACE_OUTER_BOUND ( 'NONE', #1424, .T. ) ;
#2329 = ORIENTED_EDGE ( 'NONE', *, *, #55, .F. ) ;
#2330 = CYLINDRICAL_SURFACE ( 'NONE', #1317, 0.8324116041035614089 ) ;
#2331 = CARTESIAN_POINT ( 'NONE',  ( -9.199999999899999281, -100.0000000000000000, 3.300000000099999831 ) ) ;
#2332 = AXIS2_PLACEMENT_3D ( 'NONE', #1056, #2047, #2432 ) ;
#2333 = ORIENTED_EDGE ( 'NONE', *, *, #780, .F. ) ;
#2334 = AXIS2_PLACEMENT_3D ( 'NONE', #622, #1021, #1824 ) ;
#2335 = CARTESIAN_POINT ( 'NONE',  ( -2.800000000099999831, -100.0000000000000000, 8.500000000100000008 ) ) ;
#2336 = VECTOR ( 'NONE', #953, 1000.000000000000000 ) ;
#2337 = AXIS2_PLACEMENT_3D ( 'NONE', #794, #1791, #807 ) ;
#2338 = CC_DESIGN_PERSON_AND_ORGANIZATION_ASSIGNMENT ( #870, #2043, ( #1019 ) ) ;
#2339 = AXIS2_PLACEMENT_3D ( 'NONE', #746, #1578, #1341 ) ;
#2340 = AXIS2_PLACEMENT_3D ( 'NONE', #1499, #2309, #489 ) ;
#2341 = ORIENTED_EDGE ( 'NONE', *, *, #1248, .F. ) ;
#2342 = CARTESIAN_POINT ( 'NONE',  ( -1.134567109999999879, 100.0000000000000000, -3.649999999999999911 ) ) ;
#2343 = FACE_OUTER_BOUND ( 'NONE', #2145, .T. ) ;
#2344 = CC_DESIGN_SECURITY_CLASSIFICATION ( #430, ( #1750 ) ) ;
#2345 = ORIENTED_EDGE ( 'NONE', *, *, #2595, .T. ) ;
#2346 = CARTESIAN_POINT ( 'NONE',  ( 0.000000000000000000, 100.0000000000000000, 3.649999999999999911 ) ) ;
#2347 = DIRECTION ( 'NONE',  ( -0.000000000000000000, -1.000000000000000000, -0.000000000000000000 ) ) ;
#2348 = ORIENTED_EDGE ( 'NONE', *, *, #2545, .T. ) ;
#2349 = EDGE_CURVE ( 'NONE', #389, #1979, #2215, .T. ) ;
#2350 = CARTESIAN_POINT ( 'NONE',  ( 8.500000000000000000, -100.0000000000000000, -2.500000000000000000 ) ) ;
#2351 = EDGE_CURVE ( 'NONE', #2473, #2015, #1124, .T. ) ;
#2352 = ORIENTED_EDGE ( 'NONE', *, *, #191, .F. ) ;
#2353 = FACE_OUTER_BOUND ( 'NONE', #572, .T. ) ;
#2354 = CARTESIAN_POINT ( 'NONE',  ( -9.999999999924998662, 50.00000000000000000, -3.300000000000000266 ) ) ;
#2355 = EDGE_LOOP ( 'NONE', ( #2194, #2295, #2201, #2001 ) ) ;
#2356 = FACE_OUTER_BOUND ( 'NONE', #1347, .T. ) ;
#2357 = PLANE ( 'NONE',  #1534 ) ;
#2358 = VERTEX_POINT ( 'NONE', #502 ) ;
#2359 = LINE ( 'NONE', #294, #1606 ) ;
#2360 = LINE ( 'NONE', #2158, #1029 ) ;
#2361 = ORIENTED_EDGE ( 'NONE', *, *, #1955, .T. ) ;
#2362 = DIRECTION ( 'NONE',  ( 0.000000000000000000, -1.000000000000000000, 0.000000000000000000 ) ) ;
#2363 = LINE ( 'NONE', #347, #1657 ) ;
#2364 = ORIENTED_EDGE ( 'NONE', *, *, #916, .F. ) ;
#2365 = DIRECTION ( 'NONE',  ( -1.000000000000000000, 0.000000000000000000, 0.000000000000000000 ) ) ;
#2366 = EDGE_CURVE ( 'NONE', #749, #799, #1328, .T. ) ;
#2367 = CARTESIAN_POINT ( 'NONE',  ( 8.200000000000001066, 100.0000000000000000, 3.858794200000000174 ) ) ;
#2368 = ORIENTED_EDGE ( 'NONE', *, *, #492, .F. ) ;
#2369 = CARTESIAN_POINT ( 'NONE',  ( -7.367588389999999876, 100.0000000000000000, 4.917588399999999638 ) ) ;
#2370 = DIRECTION ( 'NONE',  ( 0.000000000000000000, -1.000000000000000000, 0.000000000000000000 ) ) ;
#2371 = CARTESIAN_POINT ( 'NONE',  ( -3.299999999999999822, -100.0000000000000000, 9.999999999899998215 ) ) ;
#2372 = CIRCLE ( 'NONE', #641, 3.000000000000000444 ) ;
#2373 = ORIENTED_EDGE ( 'NONE', *, *, #155, .F. ) ;
#2374 = FACE_OUTER_BOUND ( 'NONE', #1847, .T. ) ;
#2375 = VECTOR ( 'NONE', #1964, 1000.000000000000000 ) ;
#2376 = AXIS2_PLACEMENT_3D ( 'NONE', #2216, #2040, #2597 ) ;
#2377 = CARTESIAN_POINT ( 'NONE',  ( 4.528679658220179149, 50.00000000000000000, -3.255887451779821085 ) ) ;
#2378 = VECTOR ( 'NONE', #928, 1000.000000000000000 ) ;
#2379 = ORIENTED_EDGE ( 'NONE', *, *, #1764, .F. ) ;
#2380 = CARTESIAN_POINT ( 'NONE',  ( 2.800000000099999831, 100.0000000000000000, 8.500000000100000008 ) ) ;
#2381 = CARTESIAN_POINT ( 'NONE',  ( -5.506192289999999545, -100.0000000000000000, 6.778984499999999969 ) ) ;
#2382 = ORIENTED_EDGE ( 'NONE', *, *, #1644, .T. ) ;
#2383 = ADVANCED_FACE ( 'NONE', ( #909 ), #529, .T. ) ;
#2384 = CARTESIAN_POINT ( 'NONE',  ( -10.00000000000000000, -100.0000000000000000, -8.000000000000000000 ) ) ;
#2385 = DIRECTION ( 'NONE',  ( 0.000000000000000000, 1.000000000000000000, 0.000000000000000000 ) ) ;
#2386 = DIRECTION ( 'NONE',  ( 0.000000000000000000, -1.000000000000000000, 0.000000000000000000 ) ) ;
#2387 = DIRECTION ( 'NONE',  ( 0.000000000000000000, 1.000000000000000000, 0.000000000000000000 ) ) ;
#2388 = ORIENTED_EDGE ( 'NONE', *, *, #524, .F. ) ;
#2389 = PLANE ( 'NONE',  #1701 ) ;
#2390 = DIRECTION ( 'NONE',  ( 0.000000000000000000, -1.000000000000000000, 0.000000000000000000 ) ) ;
#2391 = VERTEX_POINT ( 'NONE', #2541 ) ;
#2392 = CYLINDRICAL_SURFACE ( 'NONE', #46, 0.2999999999999999334 ) ;
#2393 = EDGE_CURVE ( 'NONE', #2583, #1246, #1583, .T. ) ;
#2394 = ORIENTED_EDGE ( 'NONE', *, *, #1522, .T. ) ;
#2395 = CARTESIAN_POINT ( 'NONE',  ( 3.858794200000000174, 100.0000000000000000, 8.200000000000001066 ) ) ;
#2396 = EDGE_CURVE ( 'NONE', #1636, #118, #550, .T. ) ;
#2397 = DIRECTION ( 'NONE',  ( 0.000000000000000000, 0.000000000000000000, 1.000000000000000000 ) ) ;
#2398 = ORIENTED_EDGE ( 'NONE', *, *, #492, .T. ) ;
#2399 = LINE ( 'NONE', #2199, #820 ) ;
#2400 = EDGE_CURVE ( 'NONE', #20, #2181, #140, .T. ) ;
#2401 = ORIENTED_EDGE ( 'NONE', *, *, #862, .F. ) ;
#2402 = FACE_OUTER_BOUND ( 'NONE', #2593, .T. ) ;
#2403 = LINE ( 'NONE', #2561, #1359 ) ;
#2404 = ORIENTED_EDGE ( 'NONE', *, *, #1289, .F. ) ;
#2405 = CARTESIAN_POINT ( 'NONE',  ( 9.199999999999999289, 50.00000000000000000, 2.500000000050000448 ) ) ;
#2406 = VERTEX_POINT ( 'NONE', #1154 ) ;
#2407 = CARTESIAN_POINT ( 'NONE',  ( 3.650000001258523863, 50.00000000000000000, -1.134567110000000545 ) ) ;
#2408 = CARTESIAN_POINT ( 'NONE',  ( -4.528679659999999885, 100.0000000000000000, 3.255887450000000349 ) ) ;
#2409 = PLANE ( 'NONE',  #608 ) ;
#2410 = CIRCLE ( 'NONE', #126, 2.999999999999996891 ) ;
#2411 = ORIENTED_EDGE ( 'NONE', *, *, #1342, .T. ) ;
#2412 = ADVANCED_FACE ( 'NONE', ( #1995 ), #2357, .F. ) ;
#2413 = DIRECTION ( 'NONE',  ( 0.000000000000000000, 1.000000000000000000, 0.000000000000000000 ) ) ;
#2414 = CARTESIAN_POINT ( 'NONE',  ( -2.500000000100000008, -100.0000000000000000, -9.199999999999999289 ) ) ;
#2415 = VECTOR ( 'NONE', #2138, 1000.000000000000000 ) ;
#2416 = VECTOR ( 'NONE', #481, 1000.000000000000000 ) ;
#2417 = ORIENTED_EDGE ( 'NONE', *, *, #1261, .T. ) ;
#2418 = VECTOR ( 'NONE', #1808, 1000.000000000000000 ) ;
#2419 = DIRECTION ( 'NONE',  ( 1.000000000000000000, 0.000000000000000000, 0.000000000000000000 ) ) ;
#2420 = AXIS2_PLACEMENT_3D ( 'NONE', #274, #2501, #917 ) ;
#2421 = VECTOR ( 'NONE', #1449, 1000.000000000000000 ) ;
#2422 = CIRCLE ( 'NONE', #1614, 0.8000000000499986053 ) ;
#2423 = ORIENTED_EDGE ( 'NONE', *, *, #1540, .T. ) ;
#2424 = FACE_OUTER_BOUND ( 'NONE', #1490, .T. ) ;
#2425 = CIRCLE ( 'NONE', #388, 0.8324116100000018559 ) ;
#2426 = LINE ( 'NONE', #868, #2167 ) ;
#2427 = CC_DESIGN_APPROVAL ( #2126, ( #430 ) ) ;
#2428 = VERTEX_POINT ( 'NONE', #2381 ) ;
#2429 = LINE ( 'NONE', #1762, #2044 ) ;
#2430 = EDGE_CURVE ( 'NONE', #537, #1287, #1940, .T. ) ;
#2431 = VERTEX_POINT ( 'NONE', #1748 ) ;
#2432 = DIRECTION ( 'NONE',  ( 0.000000000000000000, 0.000000000000000000, 1.000000000000000000 ) ) ;
#2433 = CARTESIAN_POINT ( 'NONE',  ( -10.00000000000000000, -100.0000000000000000, -8.000000000000000000 ) ) ;
#2434 = EDGE_CURVE ( 'NONE', #2220, #708, #335, .T. ) ;
#2435 = ORIENTED_EDGE ( 'NONE', *, *, #604, .T. ) ;
#2436 = DIRECTION ( 'NONE',  ( 1.000000000000000000, 0.000000000000000000, -1.879283768795041544E-15 ) ) ;
#2437 = EDGE_CURVE ( 'NONE', #876, #1733, #1545, .T. ) ;
#2438 = DIRECTION ( 'NONE',  ( -0.7071067823050829482, 0.000000000000000000, -0.7071067800680119753 ) ) ;
#2439 = VERTEX_POINT ( 'NONE', #2116 ) ;
#2440 = CARTESIAN_POINT ( 'NONE',  ( 6.778984495830589374, 50.00000000000000000, -5.506192294169410140 ) ) ;
#2441 = CARTESIAN_POINT ( 'NONE',  ( 8.200000000075000628, 50.00000000000000000, -2.799999999999999822 ) ) ;
#2442 = ORIENTED_EDGE ( 'NONE', *, *, #2198, .F. ) ;
#2443 = PERSON_AND_ORGANIZATION_ROLE ( 'creator' ) ;
#2444 = DIRECTION ( 'NONE',  ( 0.000000000000000000, 1.000000000000000000, 0.000000000000000000 ) ) ;
#2445 = CARTESIAN_POINT ( 'NONE',  ( 8.000000000000000000, 50.00000000000000000, -10.00000000000000000 ) ) ;
#2446 = VERTEX_POINT ( 'NONE', #2350 ) ;
#2447 = DIRECTION ( 'NONE',  ( -0.7071067811865470176, 0.000000000000000000, 0.7071067811865480168 ) ) ;
#2448 = EDGE_CURVE ( 'NONE', #1480, #1246, #2425, .T. ) ;
#2449 = DIRECTION ( 'NONE',  ( 0.000000000000000000, -1.000000000000000000, 0.000000000000000000 ) ) ;
#2450 = ORIENTED_EDGE ( 'NONE', *, *, #2481, .F. ) ;
#2451 = PLANE ( 'NONE',  #1150 ) ;
#2452 = EDGE_CURVE ( 'NONE', #1336, #57, #2552, .T. ) ;
#2453 = CARTESIAN_POINT ( 'NONE',  ( 2.500000000000000000, 100.0000000000000000, -8.849999999999999645 ) ) ;
#2454 = CYLINDRICAL_SURFACE ( 'NONE', #521, 0.2999999999999999334 ) ;
#2455 = VERTEX_POINT ( 'NONE', #947 ) ;
#2456 = PERSON_AND_ORGANIZATION_ROLE ( 'creator' ) ;
#2457 = CARTESIAN_POINT ( 'NONE',  ( -1.929397100000000087, -100.0000000000000000, 8.200000000000001066 ) ) ;
#2458 = DIRECTION ( 'NONE',  ( 0.000000000000000000, -1.000000000000000000, 0.000000000000000000 ) ) ;
#2459 = ORIENTED_EDGE ( 'NONE', *, *, #1686, .F. ) ;
#2460 = DIRECTION ( 'NONE',  ( 0.7071067811865490160, 0.000000000000000000, 0.7071067811865460184 ) ) ;
#2461 = CIRCLE ( 'NONE', #511, 2.149999999999999911 ) ;
#2462 = CARTESIAN_POINT ( 'NONE',  ( -1.134567109999999879, -100.0000000000000000, -6.649999999999999467 ) ) ;
#2463 = EDGE_CURVE ( 'NONE', #2499, #2485, #605, .T. ) ;
#2464 = VECTOR ( 'NONE', #1621, 1000.000000000000000 ) ;
#2465 = ORIENTED_EDGE ( 'NONE', *, *, #2226, .F. ) ;
#2466 = AXIS2_PLACEMENT_3D ( 'NONE', #1334, #2107, #314 ) ;
#2467 = CARTESIAN_POINT ( 'NONE',  ( 2.500000000000000000, -100.0000000000000000, 4.424999999999999822 ) ) ;
#2468 = VECTOR ( 'NONE', #1159, 1000.000000000000000 ) ;
#2469 = VECTOR ( 'NONE', #77, 1000.000000000000000 ) ;
#2470 = EDGE_CURVE ( 'NONE', #949, #1855, #2512, .T. ) ;
#2471 = CARTESIAN_POINT ( 'NONE',  ( -2.500000000074999562, 50.00000000000000000, -9.199999999999999289 ) ) ;
#2472 = CARTESIAN_POINT ( 'NONE',  ( -10.00000000000000000, 100.0000000000000000, 8.000000000000000000 ) ) ;
#2473 = VERTEX_POINT ( 'NONE', #531 ) ;
#2474 = CARTESIAN_POINT ( 'NONE',  ( -8.200000000075000628, 50.00000000000000000, 2.799999999999999822 ) ) ;
#2475 = CIRCLE ( 'NONE', #345, 2.999999998741476492 ) ;
#2476 = ORIENTED_EDGE ( 'NONE', *, *, #2571, .F. ) ;
#2477 = CARTESIAN_POINT ( 'NONE',  ( -6.778984499999999969, -100.0000000000000000, -5.506192289999999545 ) ) ;
#2478 = FACE_OUTER_BOUND ( 'NONE', #24, .T. ) ;
#2479 = ORIENTED_EDGE ( 'NONE', *, *, #761, .T. ) ;
#2480 = LINE ( 'NONE', #1439, #1191 ) ;
#2481 = EDGE_CURVE ( 'NONE', #1753, #2428, #2149, .T. ) ;
#2482 = DIRECTION ( 'NONE',  ( 0.000000000000000000, -1.000000000000000000, 0.000000000000000000 ) ) ;
#2483 = CARTESIAN_POINT ( 'NONE',  ( -3.300000000099999831, -100.0000000000000000, 9.199999999899999281 ) ) ;
#2484 = VERTEX_POINT ( 'NONE', #1144 ) ;
#2485 = VERTEX_POINT ( 'NONE', #2313 ) ;
#2486 = EDGE_CURVE ( 'NONE', #1925, #1730, #1407, .T. ) ;
#2487 = ORIENTED_EDGE ( 'NONE', *, *, #789, .F. ) ;
#2488 = LINE ( 'NONE', #485, #343 ) ;
#2489 = ORIENTED_EDGE ( 'NONE', *, *, #1540, .F. ) ;
#2490 = CARTESIAN_POINT ( 'NONE',  ( -3.300000000099999831, 50.00000000000000000, -9.199999999899999281 ) ) ;
#2491 = CARTESIAN_POINT ( 'NONE',  ( -2.799999999999999822, 50.00000000000000000, 8.200000000050000182 ) ) ;
#2492 = CARTESIAN_POINT ( 'NONE',  ( 9.199999999999999289, 50.00000000000000000, 2.500000000050000448 ) ) ;
#2493 = EDGE_LOOP ( 'NONE', ( #979, #413, #694, #461 ) ) ;
#2494 = PERSON_AND_ORGANIZATION ( #18446744073709551615, #18446744073709551615 ) ;
#2495 = CARTESIAN_POINT ( 'NONE',  ( -8.500000000000000000, -100.0000000000000000, -2.500000000100000008 ) ) ;
#2496 = EDGE_CURVE ( 'NONE', #668, #127, #2429, .T. ) ;
#2497 = CARTESIAN_POINT ( 'NONE',  ( -8.500000000100000008, 50.00000000000000000, 2.800000000099999831 ) ) ;
#2498 = EDGE_CURVE ( 'NONE', #784, #1164, #2599, .T. ) ;
#2499 = VERTEX_POINT ( 'NONE', #571 ) ;
#2500 = CARTESIAN_POINT ( 'NONE',  ( -9.999999999950000884, 50.00000000000000000, 3.299999999999999822 ) ) ;
#2501 = DIRECTION ( 'NONE',  ( 0.000000000000000000, 1.000000000000000000, 0.000000000000000000 ) ) ;
#2502 = ORIENTED_EDGE ( 'NONE', *, *, #569, .T. ) ;
#2503 = FACE_OUTER_BOUND ( 'NONE', #1068, .T. ) ;
#2504 = AXIS2_PLACEMENT_3D ( 'NONE', #1188, #964, #349 ) ;
#2505 = DIRECTION ( 'NONE',  ( 0.7071067811865470176, 0.000000000000000000, -0.7071067811865480168 ) ) ;
#2506 = FACE_OUTER_BOUND ( 'NONE', #252, .T. ) ;
#2507 = ORIENTED_EDGE ( 'NONE', *, *, #960, .F. ) ;
#2508 = ORIENTED_EDGE ( 'NONE', *, *, #1263, .F. ) ;
#2509 = AXIS2_PLACEMENT_3D ( 'NONE', #1162, #1378, #2190 ) ;
#2510 = CIRCLE ( 'NONE', #425, 0.8000000000000003775 ) ;
#2511 = VECTOR ( 'NONE', #1066, 1000.000000000000000 ) ;
#2512 = LINE ( 'NONE', #1735, #2091 ) ;
#2513 = DIRECTION ( 'NONE',  ( 0.000000000000000000, 1.000000000000000000, 0.000000000000000000 ) ) ;
#2514 = CIRCLE ( 'NONE', #97, 3.000000000000000444 ) ;
#2515 = EDGE_CURVE ( 'NONE', #127, #109, #2475, .T. ) ;
#2516 = VERTEX_POINT ( 'NONE', #783 ) ;
#2517 = DIRECTION ( 'NONE',  ( 0.000000000000000000, -1.000000000000000000, 0.000000000000000000 ) ) ;
#2518 = ADVANCED_FACE ( 'NONE', ( #1388 ), #1002, .F. ) ;
#2519 = DIRECTION ( 'NONE',  ( -1.000000000000000000, 0.000000000000000000, -1.249998368701987772E-10 ) ) ;
#2520 = VERTEX_POINT ( 'NONE', #356 ) ;
#2521 = CARTESIAN_POINT ( 'NONE',  ( 9.999999999899998215, -100.0000000000000000, 3.299999999999999822 ) ) ;
#2522 = EDGE_CURVE ( 'NONE', #2085, #537, #58, .T. ) ;
#2523 = DIRECTION ( 'NONE',  ( -0.7071067811865480168, 0.000000000000000000, 0.7071067811865470176 ) ) ;
#2524 = DIRECTION ( 'NONE',  ( -1.000000000000000000, 0.000000000000000000, 0.000000000000000000 ) ) ;
#2525 = VERTEX_POINT ( 'NONE', #1365 ) ;
#2526 = VERTEX_POINT ( 'NONE', #2621 ) ;
#2527 = ORIENTED_EDGE ( 'NONE', *, *, #1301, .F. ) ;
#2528 = DIRECTION ( 'NONE',  ( 0.000000000000000000, -1.000000000000000000, 0.000000000000000000 ) ) ;
#2529 = CARTESIAN_POINT ( 'NONE',  ( 2.500000000000000000, 100.0000000000000000, 8.849999999999999645 ) ) ;
#2530 = ORIENTED_EDGE ( 'NONE', *, *, #2351, .F. ) ;
#2531 = DIRECTION ( 'NONE',  ( -0.000000000000000000, -1.000000000000000000, -0.000000000000000000 ) ) ;
#2532 = DIRECTION ( 'NONE',  ( 0.000000000000000000, 0.000000000000000000, 1.000000000000000000 ) ) ;
#2533 = VERTEX_POINT ( 'NONE', #2371 ) ;
#2534 = EDGE_CURVE ( 'NONE', #612, #949, #1404, .T. ) ;
#2535 = SHAPE_DEFINITION_REPRESENTATION ( #2029, #1763 ) ;
#2536 = ORIENTED_EDGE ( 'NONE', *, *, #1028, .F. ) ;
#2537 = LINE ( 'NONE', #2287, #855 ) ;
#2538 = CARTESIAN_POINT ( 'NONE',  ( 8.199999999999999289, 50.00000000000000000, -4.917588399999999638 ) ) ;
#2539 = ORIENTED_EDGE ( 'NONE', *, *, #1955, .F. ) ;
#2540 = DIRECTION ( 'NONE',  ( 0.000000000000000000, 0.000000000000000000, 1.000000000000000000 ) ) ;
#2541 = CARTESIAN_POINT ( 'NONE',  ( 8.200000000000001066, -100.0000000000000000, -4.917588399999999638 ) ) ;
#2542 = CIRCLE ( 'NONE', #1395, 0.2999999999999999334 ) ;
#2543 = EDGE_LOOP ( 'NONE', ( #1101, #479, #146, #837 ) ) ;
#2544 = VECTOR ( 'NONE', #610, 1000.000000000000000 ) ;
#2545 = EDGE_CURVE ( 'NONE', #1753, #1108, #2399, .T. ) ;
#2546 = DIRECTION ( 'NONE',  ( 0.000000000000000000, -1.000000000000000000, 0.000000000000000000 ) ) ;
#2547 = AXIS2_PLACEMENT_3D ( 'NONE', #1770, #2604, #788 ) ;
#2548 = CIRCLE ( 'NONE', #983, 2.000000000000000000 ) ;
#2549 = VECTOR ( 'NONE', #795, 1000.000000000000000 ) ;
#2550 = AXIS2_PLACEMENT_3D ( 'NONE', #2071, #955, #2284 ) ;
#2551 = VERTEX_POINT ( 'NONE', #144 ) ;
#2552 = CIRCLE ( 'NONE', #1877, 0.8000000000250003795 ) ;
#2553 = CARTESIAN_POINT ( 'NONE',  ( -2.500000000000000000, 100.0000000000000000, 9.199999999999999289 ) ) ;
#2554 = CARTESIAN_POINT ( 'NONE',  ( 4.528679658220179149, 50.00000000000000000, -3.255887451779821085 ) ) ;
#2555 = ORIENTED_EDGE ( 'NONE', *, *, #145, .F. ) ;
#2556 = CARTESIAN_POINT ( 'NONE',  ( -3.299999999999999822, 50.00000000000000000, -9.999999999950000884 ) ) ;
#2557 = VERTEX_POINT ( 'NONE', #1197 ) ;
#2558 = ORIENTED_EDGE ( 'NONE', *, *, #15, .F. ) ;
#2559 = EDGE_CURVE ( 'NONE', #2485, #2213, #395, .T. ) ;
#2560 = CARTESIAN_POINT ( 'NONE',  ( -3.299999999999999822, 100.0000000000000000, -10.00000000000000000 ) ) ;
#2561 = CARTESIAN_POINT ( 'NONE',  ( -8.199999999999999289, 50.00000000000000000, 4.917588399999999638 ) ) ;
#2562 = EDGE_LOOP ( 'NONE', ( #779, #1090, #1957, #162 ) ) ;
#2563 = LINE ( 'NONE', #178, #2086 ) ;
#2564 = VERTEX_POINT ( 'NONE', #957 ) ;
#2565 = CARTESIAN_POINT ( 'NONE',  ( 8.000000000000000000, -100.0000000000000000, 8.000000000000000000 ) ) ;
#2566 = CARTESIAN_POINT ( 'NONE',  ( 9.999999999950000884, 50.00000000000000000, -3.299999999999999822 ) ) ;
#2567 = DIRECTION ( 'NONE',  ( 0.000000000000000000, -1.000000000000000000, 0.000000000000000000 ) ) ;
#2568 = EDGE_CURVE ( 'NONE', #1043, #926, #735, .T. ) ;
#2569 = ORIENTED_EDGE ( 'NONE', *, *, #829, .T. ) ;
#2570 = DIRECTION ( 'NONE',  ( 1.000000000000000000, 0.000000000000000000, -4.722428788315755877E-11 ) ) ;
#2571 = EDGE_CURVE ( 'NONE', #87, #1377, #184, .T. ) ;
#2572 = CYLINDRICAL_SURFACE ( 'NONE', #558, 2.999999994965900196 ) ;
#2573 = EDGE_LOOP ( 'NONE', ( #1708, #2508, #399, #1756 ) ) ;
#2574 = LINE ( 'NONE', #189, #1527 ) ;
#2575 = ORIENTED_EDGE ( 'NONE', *, *, #2430, .T. ) ;
#2576 = DIRECTION ( 'NONE',  ( 1.000000000000000000, 0.000000000000000000, 0.000000000000000000 ) ) ;
#2577 = CARTESIAN_POINT ( 'NONE',  ( -1.134567109999999879, 50.00000000000000000, -3.650000001258523419 ) ) ;
#2578 = CARTESIAN_POINT ( 'NONE',  ( 8.000000000000000000, 100.0000000000000000, -10.00000000000000000 ) ) ;
#2579 = CARTESIAN_POINT ( 'NONE',  ( 3.650000000000001688, 50.00000000000000000, 1.134567109999999435 ) ) ;
#2580 = VECTOR ( 'NONE', #919, 1000.000000000000000 ) ;
#2581 = CIRCLE ( 'NONE', #2504, 0.2999999999999999334 ) ;
#2582 = VECTOR ( 'NONE', #1173, 1000.000000000000000 ) ;
#2583 = VERTEX_POINT ( 'NONE', #2174 ) ;
#2584 = FACE_OUTER_BOUND ( 'NONE', #1339, .T. ) ;
#2585 = ADVANCED_FACE ( 'NONE', ( #2014 ), #1612, .F. ) ;
#2586 = VECTOR ( 'NONE', #330, 1000.000000000000000 ) ;
#2587 = CIRCLE ( 'NONE', #251, 0.3000000000249998799 ) ;
#2588 = LINE ( 'NONE', #1936, #214 ) ;
#2589 = VECTOR ( 'NONE', #1190, 1000.000000000000000 ) ;
#2590 = ORIENTED_EDGE ( 'NONE', *, *, #832, .F. ) ;
#2591 = CARTESIAN_POINT ( 'NONE',  ( -8.500000000100000008, 100.0000000000000000, 2.800000000099999831 ) ) ;
#2592 = ADVANCED_FACE ( 'NONE', ( #797 ), #2409, .F. ) ;
#2593 = EDGE_LOOP ( 'NONE', ( #2157, #1911, #2231, #1451 ) ) ;
#2594 = FACE_OUTER_BOUND ( 'NONE', #152, .T. ) ;
#2595 = EDGE_CURVE ( 'NONE', #109, #2085, #1971, .T. ) ;
#2596 = DIRECTION ( 'NONE',  ( 0.000000000000000000, 0.000000000000000000, -1.000000000000000000 ) ) ;
#2597 = DIRECTION ( 'NONE',  ( 0.000000000000000000, -1.000000000000000000, 0.000000000000000000 ) ) ;
#2598 = CARTESIAN_POINT ( 'NONE',  ( -3.858794200000000174, 100.0000000000000000, 8.200000000000001066 ) ) ;
#2599 = LINE ( 'NONE', #168, #989 ) ;
#2600 = ORIENTED_EDGE ( 'NONE', *, *, #275, .T. ) ;
#2601 = DIRECTION ( 'NONE',  ( -1.879283768795041544E-15, 0.000000000000000000, -1.000000000000000000 ) ) ;
#2602 = CARTESIAN_POINT ( 'NONE',  ( 8.199999994103558620, 50.00000000000000000, 4.917588399999999638 ) ) ;
#2603 = ORIENTED_EDGE ( 'NONE', *, *, #1706, .F. ) ;
#2604 = DIRECTION ( 'NONE',  ( -0.7071067811865480168, 0.000000000000000000, 0.7071067811865470176 ) ) ;
#2605 = EDGE_LOOP ( 'NONE', ( #1588, #1921, #914, #2114 ) ) ;
#2606 = DIRECTION ( 'NONE',  ( 0.000000000000000000, 0.000000000000000000, 1.000000000000000000 ) ) ;
#2607 = DIRECTION ( 'NONE',  ( 1.000000000000000000, 0.000000000000000000, 0.000000000000000000 ) ) ;
#2608 = LINE ( 'NONE', #1597, #2468 ) ;
#2609 = DIRECTION ( 'NONE',  ( -0.000000000000000000, -1.000000000000000000, -0.000000000000000000 ) ) ;
#2610 = ORIENTED_EDGE ( 'NONE', *, *, #2240, .T. ) ;
#2611 = CARTESIAN_POINT ( 'NONE',  ( 8.500000000100000008, 100.0000000000000000, 2.800000000099999831 ) ) ;
#2612 = DIRECTION ( 'NONE',  ( 0.000000000000000000, -1.000000000000000000, 0.000000000000000000 ) ) ;
#2613 = ORIENTED_EDGE ( 'NONE', *, *, #2205, .F. ) ;
#2614 = CYLINDRICAL_SURFACE ( 'NONE', #1699, 0.2999999999999999334 ) ;
#2615 = EDGE_LOOP ( 'NONE', ( #742, #710, #1870, #231, #59, #577, #540, #566, #894, #1017, #1192, #936, #1051, #1714, #827, #1891, #1887, #504, #2326, #67, #2020, #1604, #1559, #1996, #547, #1616, #1097, #2306, #618, #1135, #1643, #880, #1695, #583, #2120, #1903, #530, #1093, #7, #1924, #886, #587, #796, #2103, #1769, #16, #1739, #2479, #2610, #1598, #1510, #1593, #2398, #997, #1204, #200, #713, #736, #911, #763, #1799, #496, #396, #503, #33, #2148, #1570, #1543, #1688, #183, #1039, #1894 ) ) ;
#2616 = CARTESIAN_POINT ( 'NONE',  ( 1.134567109999999879, -100.0000000000000000, 3.649999999999999911 ) ) ;
#2617 = EDGE_CURVE ( 'NONE', #2015, #994, #1833, .T. ) ;
#2618 = PLANE ( 'NONE',  #259 ) ;
#2619 = CYLINDRICAL_SURFACE ( 'NONE', #174, 0.7999999999999999334 ) ;
#2620 = ORIENTED_EDGE ( 'NONE', *, *, #1751, .F. ) ;
#2621 = CARTESIAN_POINT ( 'NONE',  ( 10.00000000000000000, 50.00000000000000000, -8.000000000000000000 ) ) ;
#2622 = EDGE_CURVE ( 'NONE', #2050, #1733, #2092, .T. ) ;
#2623 = VERTEX_POINT ( 'NONE', #2474 ) ;
#2624 = DIRECTION ( 'NONE',  ( 0.000000000000000000, -1.000000000000000000, 0.000000000000000000 ) ) ;
#2625 = LINE ( 'NONE', #627, #1491 ) ;
ENDSEC;
END-ISO-10303-21;
