ISO-10303-21;
HEADER;
FILE_DESCRIPTION (( 'STEP AP203' ),
    '1' );
FILE_NAME ('LUMEN-M-FLANGE-CAP-R2.STEP.STEP',
    '2026-06-22T08:50:30',
    ( 'localuser' ),
    ( '' ),
    'SwSTEP 2.0',
    'SolidWorks 2025',
    '' );
FILE_SCHEMA (( 'CONFIG_CONTROL_DESIGN' ));
ENDSEC;

DATA;
#1 = CARTESIAN_POINT ( 'NONE',  ( -13.45999999999999908, 0.000000000000000000, 0.000000000000000000 ) ) ;
#2 = CARTESIAN_POINT ( 'NONE',  ( -18.50000000000000000, 0.000000000000000000, 0.000000000000000000 ) ) ;
#3 = FACE_BOUND ( 'NONE', #832, .T. ) ;
#4 = ORIENTED_EDGE ( 'NONE', *, *, #2175, .F. ) ;
#5 = VERTEX_POINT ( 'NONE', #805 ) ;
#6 = CIRCLE ( 'NONE', #2098, 1.000000000000000888 ) ;
#7 = CIRCLE ( 'NONE', #1575, 1.000000000000000000 ) ;
#8 = CARTESIAN_POINT ( 'NONE',  ( -1.484924240491726000, -7.000357133746839544, -9.719999999999998863 ) ) ;
#9 = DIRECTION ( 'NONE',  ( 0.000000000000000000, 0.000000000000000000, -1.000000000000000000 ) ) ;
#10 = AXIS2_PLACEMENT_3D ( 'NONE', #1348, #570, #1770 ) ;
#11 = CARTESIAN_POINT ( 'NONE',  ( 2.015254326381610284, 7.530687219636730489, -12.22000000000000064 ) ) ;
#12 = DIRECTION ( 'NONE',  ( 1.000000000000000000, 0.000000000000000000, 0.000000000000000000 ) ) ;
#13 = VECTOR ( 'NONE', #2207, 1000.000000000000000 ) ;
#14 = FACE_OUTER_BOUND ( 'NONE', #2341, .T. ) ;
#15 = AXIS2_PLACEMENT_3D ( 'NONE', #2204, #1148, #2558 ) ;
#16 = DIRECTION ( 'NONE',  ( 0.000000000000000000, 0.000000000000000000, -1.000000000000000000 ) ) ;
#17 = ORIENTED_EDGE ( 'NONE', *, *, #2603, .F. ) ;
#18 = ADVANCED_FACE ( 'NONE', ( #248 ), #618, .F. ) ;
#19 = CARTESIAN_POINT ( 'NONE',  ( -5.586143571373710870, -2.899137802864869773, -9.719999999999998863 ) ) ;
#20 = EDGE_CURVE ( 'NONE', #1598, #862, #1449, .T. ) ;
#21 = DIRECTION ( 'NONE',  ( 1.000000000000000000, 0.000000000000000000, 0.000000000000000000 ) ) ;
#22 = ORIENTED_EDGE ( 'NONE', *, *, #705, .F. ) ;
#23 = FACE_OUTER_BOUND ( 'NONE', #1802, .T. ) ;
#24 = CARTESIAN_POINT ( 'NONE',  ( 8.414570696119879400, 5.727564927611069834, -14.22000000000000064 ) ) ;
#25 = VERTEX_POINT ( 'NONE', #2627 ) ;
#26 = CARTESIAN_POINT ( 'NONE',  ( -13.45999999999999908, 0.000000000000000000, 0.000000000000000000 ) ) ;
#27 = DIRECTION ( 'NONE',  ( 0.7071067811865442421, 0.7071067811865507924, 0.000000000000000000 ) ) ;
#28 = ORIENTED_EDGE ( 'NONE', *, *, #2200, .T. ) ;
#29 = CARTESIAN_POINT ( 'NONE',  ( 2.192031021678275238, 6.293250352560299632, -14.22000000000000064 ) ) ;
#30 = EDGE_CURVE ( 'NONE', #756, #2127, #2051, .T. ) ;
#31 = CARTESIAN_POINT ( 'NONE',  ( 6.293250352560249894, 2.192031021678319647, -9.719999999999998863 ) ) ;
#32 = FACE_OUTER_BOUND ( 'NONE', #733, .T. ) ;
#33 = DIRECTION ( 'NONE',  ( 0.7071067811865474617, -0.7071067811865474617, 0.000000000000000000 ) ) ;
#34 = DIRECTION ( 'NONE',  ( 0.000000000000000000, 0.000000000000000000, 1.000000000000000000 ) ) ;
#35 = EDGE_CURVE ( 'NONE', #599, #2564, #425, .T. ) ;
#36 = CARTESIAN_POINT ( 'NONE',  ( 0.7778174593051518926, 6.293250352560329830, -9.719999999999998863 ) ) ;
#37 = ORIENTED_EDGE ( 'NONE', *, *, #1733, .F. ) ;
#38 = DIRECTION ( 'NONE',  ( -0.7071067811865475727, -0.7071067811865475727, 0.000000000000000000 ) ) ;
#39 = AXIS2_PLACEMENT_3D ( 'NONE', #760, #974, #1787 ) ;
#40 = CARTESIAN_POINT ( 'NONE',  ( 10.53589103967959772, 5.020458146424439327, 8.080000000000140403 ) ) ;
#41 = EDGE_CURVE ( 'NONE', #915, #2291, #1608, .T. ) ;
#42 = FACE_OUTER_BOUND ( 'NONE', #356, .T. ) ;
#43 = CYLINDRICAL_SURFACE ( 'NONE', #1474, 1.000000000000000000 ) ;
#44 = CARTESIAN_POINT ( 'NONE',  ( 0.000000000000000000, 15.75000000000000000, -14.72000000000000064 ) ) ;
#45 = CIRCLE ( 'NONE', #1518, 13.16000000000222059 ) ;
#46 = VERTEX_POINT ( 'NONE', #2280 ) ;
#47 = CIRCLE ( 'NONE', #203, 2.500000000000000000 ) ;
#48 = CIRCLE ( 'NONE', #2385, 0.9999999999999991118 ) ;
#49 = DIRECTION ( 'NONE',  ( 0.000000000000000000, 0.000000000000000000, 1.000000000000000000 ) ) ;
#50 = VECTOR ( 'NONE', #736, 1000.000000000000000 ) ;
#51 = CIRCLE ( 'NONE', #381, 1.000000000000000000 ) ;
#52 = ORIENTED_EDGE ( 'NONE', *, *, #555, .F. ) ;
#53 = EDGE_CURVE ( 'NONE', #1710, #1373, #985, .T. ) ;
#54 = VECTOR ( 'NONE', #1150, 999.9999999999998863 ) ;
#55 = LINE ( 'NONE', #1303, #1926 ) ;
#56 = AXIS2_PLACEMENT_3D ( 'NONE', #662, #683, #1461 ) ;
#57 = ORIENTED_EDGE ( 'NONE', *, *, #2197, .F. ) ;
#58 = CARTESIAN_POINT ( 'NONE',  ( 13.45999999999999908, 1.648374591652334999E-15, 0.000000000000000000 ) ) ;
#59 = CARTESIAN_POINT ( 'NONE',  ( -8.414570696119920257, -2.899137802864899971, -12.22000000000000064 ) ) ;
#60 = DIRECTION ( 'NONE',  ( 0.000000000000000000, 0.000000000000000000, -1.000000000000000000 ) ) ;
#61 = PLANE ( 'NONE',  #1699 ) ;
#62 = DIRECTION ( 'NONE',  ( -0.7071067811865474617, -0.7071067811865474617, 0.000000000000000000 ) ) ;
#63 = EDGE_CURVE ( 'NONE', #1173, #93, #461, .T. ) ;
#64 = ORIENTED_EDGE ( 'NONE', *, *, #779, .T. ) ;
#65 = EDGE_CURVE ( 'NONE', #2533, #1627, #1475, .T. ) ;
#66 = ORIENTED_EDGE ( 'NONE', *, *, #200, .F. ) ;
#67 = CARTESIAN_POINT ( 'NONE',  ( -5.020458146424439327, -10.53589103967959772, -9.719999999999998863 ) ) ;
#68 = VERTEX_POINT ( 'NONE', #11 ) ;
#69 = DIRECTION ( 'NONE',  ( 0.000000000000000000, 0.000000000000000000, 1.000000000000000000 ) ) ;
#70 = DIRECTION ( 'NONE',  ( 1.000000000000000000, 0.000000000000000000, 0.000000000000000000 ) ) ;
#71 = CARTESIAN_POINT ( 'NONE',  ( 10.53589103967959772, 5.020458146424439327, 8.080000000000140403 ) ) ;
#72 = ORIENTED_EDGE ( 'NONE', *, *, #1778, .F. ) ;
#73 = ADVANCED_FACE ( 'NONE', ( #1413 ), #1259, .T. ) ;
#74 = VERTEX_POINT ( 'NONE', #1864 ) ;
#75 = ORIENTED_EDGE ( 'NONE', *, *, #534, .F. ) ;
#76 = DIRECTION ( 'NONE',  ( 0.000000000000000000, 0.000000000000000000, 1.000000000000000000 ) ) ;
#77 = EDGE_CURVE ( 'NONE', #93, #1173, #592, .T. ) ;
#78 = DIRECTION ( 'NONE',  ( 0.000000000000000000, 0.000000000000000000, -1.000000000000000000 ) ) ;
#79 = FACE_OUTER_BOUND ( 'NONE', #2009, .T. ) ;
#80 = CIRCLE ( 'NONE', #339, 1.000000000000000000 ) ;
#81 = CARTESIAN_POINT ( 'NONE',  ( 12.21499999999999986, 1.495906065158492217E-15, 0.000000000000000000 ) ) ;
#82 = LINE ( 'NONE', #1931, #1749 ) ;
#83 = AXIS2_PLACEMENT_3D ( 'NONE', #1026, #1843, #21 ) ;
#84 = AXIS2_PLACEMENT_3D ( 'NONE', #660, #236, #823 ) ;
#85 = ORIENTED_EDGE ( 'NONE', *, *, #2517, .F. ) ;
#86 = AXIS2_PLACEMENT_3D ( 'NONE', #2120, #49, #880 ) ;
#87 = VECTOR ( 'NONE', #1428, 1000.000000000000000 ) ;
#88 = ORIENTED_EDGE ( 'NONE', *, *, #1434, .T. ) ;
#89 = CIRCLE ( 'NONE', #15, 1.000000000000000000 ) ;
#90 = EDGE_CURVE ( 'NONE', #170, #599, #1422, .T. ) ;
#91 = ORIENTED_EDGE ( 'NONE', *, *, #300, .F. ) ;
#92 = DIRECTION ( 'NONE',  ( 0.000000000000000000, 0.000000000000000000, -1.000000000000000000 ) ) ;
#93 = VERTEX_POINT ( 'NONE', #1237 ) ;
#94 = CARTESIAN_POINT ( 'NONE',  ( -1.600000000000000089, 15.75000000000000000, 0.000000000000000000 ) ) ;
#95 = ADVANCED_FACE ( 'NONE', ( #1849, #834 ), #1641, .F. ) ;
#96 = DIRECTION ( 'NONE',  ( 1.000000000000000000, 0.000000000000000000, 0.000000000000000000 ) ) ;
#97 = DIRECTION ( 'NONE',  ( -1.000000000000000000, 0.000000000000000000, 0.000000000000000000 ) ) ;
#98 = ORIENTED_EDGE ( 'NONE', *, *, #2475, .T. ) ;
#99 = ORIENTED_EDGE ( 'NONE', *, *, #2545, .T. ) ;
#100 = CYLINDRICAL_SURFACE ( 'NONE', #726, 1.000000000000000000 ) ;
#101 = ORIENTED_EDGE ( 'NONE', *, *, #2318, .F. ) ;
#102 = EDGE_LOOP ( 'NONE', ( #308, #793, #52, #1301 ) ) ;
#103 = DIRECTION ( 'NONE',  ( 0.000000000000000000, 0.000000000000000000, 1.000000000000000000 ) ) ;
#104 = EDGE_CURVE ( 'NONE', #1310, #1423, #2515, .T. ) ;
#105 = ORIENTED_EDGE ( 'NONE', *, *, #998, .T. ) ;
#106 = FACE_BOUND ( 'NONE', #937, .T. ) ;
#107 = DIRECTION ( 'NONE',  ( 0.000000000000000000, 0.000000000000000000, 1.000000000000000000 ) ) ;
#108 = DIRECTION ( 'NONE',  ( -0.7071067811865474617, 0.7071067811865474617, 0.000000000000000000 ) ) ;
#109 = CARTESIAN_POINT ( 'NONE',  ( 5.904341622907620213, 7.177133829043480517, -12.22000000000000064 ) ) ;
#110 = ORIENTED_EDGE ( 'NONE', *, *, #1254, .T. ) ;
#111 = EDGE_LOOP ( 'NONE', ( #480, #1811, #1085, #416 ) ) ;
#112 = LINE ( 'NONE', #1304, #2542 ) ;
#113 = EDGE_LOOP ( 'NONE', ( #2155, #706, #1245, #57 ) ) ;
#114 = DIRECTION ( 'NONE',  ( 0.000000000000000000, 0.000000000000000000, -1.000000000000000000 ) ) ;
#115 = DIRECTION ( 'NONE',  ( 1.000000000000000000, 0.000000000000000000, 0.000000000000000000 ) ) ;
#116 = EDGE_LOOP ( 'NONE', ( #942, #2450, #1181, #2258 ) ) ;
#117 = CARTESIAN_POINT ( 'NONE',  ( 5.303300858899109294, -5.303300858899089754, 0.000000000000000000 ) ) ;
#118 = CARTESIAN_POINT ( 'NONE',  ( -7.530687219636740259, -2.015254326381715089, -12.22000000000000064 ) ) ;
#119 = ADVANCED_FACE ( 'NONE', ( #79 ), #1718, .T. ) ;
#120 = DIRECTION ( 'NONE',  ( 1.000000000000000000, 0.000000000000000000, 0.000000000000000000 ) ) ;
#121 = CARTESIAN_POINT ( 'NONE',  ( -3.606244584051375046, -4.879036790187210038, -9.719999999999998863 ) ) ;
#122 = EDGE_LOOP ( 'NONE', ( #301, #22, #239, #1470 ) ) ;
#123 = CARTESIAN_POINT ( 'NONE',  ( 4.136574669941259330, 5.409366876077099207, -12.22000000000000064 ) ) ;
#124 = ORIENTED_EDGE ( 'NONE', *, *, #1778, .T. ) ;
#125 = APPROVAL_DATE_TIME ( #324, #1252 ) ;
#126 = ADVANCED_FACE ( 'NONE', ( #284 ), #61, .F. ) ;
#127 = CARTESIAN_POINT ( 'NONE',  ( 2.899137802864819591, 5.586143571373750838, -9.719999999999998863 ) ) ;
#128 = EDGE_LOOP ( 'NONE', ( #1948, #1143 ) ) ;
#129 = CIRCLE ( 'NONE', #1655, 13.45999999999999908 ) ;
#130 = AXIS2_PLACEMENT_3D ( 'NONE', #19, #1078, #864 ) ;
#131 = ORIENTED_EDGE ( 'NONE', *, *, #2532, .F. ) ;
#132 = AXIS2_PLACEMENT_3D ( 'NONE', #713, #1954, #2369 ) ;
#133 = CIRCLE ( 'NONE', #1400, 2.499999999999999556 ) ;
#134 = EDGE_LOOP ( 'NONE', ( #37, #131 ) ) ;
#135 = DIRECTION ( 'NONE',  ( -0.7071067811865510144, 0.7071067811865441310, 0.000000000000000000 ) ) ;
#136 = VERTEX_POINT ( 'NONE', #487 ) ;
#137 = CARTESIAN_POINT ( 'NONE',  ( -9.298454172603099366, -3.783021279348089738, -12.22000000000000064 ) ) ;
#138 = AXIS2_PLACEMENT_3D ( 'NONE', #1312, #1088, #953 ) ;
#139 = CARTESIAN_POINT ( 'NONE',  ( 2.192031021678275238, 6.293250352560299632, -14.22000000000000064 ) ) ;
#140 = LOCAL_TIME ( 18, 50, 30.00000000000000000, #1767 ) ;
#141 = EDGE_LOOP ( 'NONE', ( #1756, #453, #1546, #398 ) ) ;
#142 = DIRECTION ( 'NONE',  ( 0.000000000000000000, 0.000000000000000000, -1.000000000000000000 ) ) ;
#143 = VERTEX_POINT ( 'NONE', #2495 ) ;
#144 = VERTEX_POINT ( 'NONE', #1081 ) ;
#145 = APPROVAL ( #1410, 'Coincident' ) ;
#146 = EDGE_LOOP ( 'NONE', ( #2337, #761 ) ) ;
#147 = CARTESIAN_POINT ( 'NONE',  ( -1.484924240491729996, -5.586143571373750838, -9.719999999999998863 ) ) ;
#148 = DIRECTION ( 'NONE',  ( 1.000000000000000000, 0.000000000000000000, 0.000000000000000000 ) ) ;
#149 = EDGE_LOOP ( 'NONE', ( #344, #1101, #2201, #1890 ) ) ;
#150 = DIRECTION ( 'NONE',  ( -0.7071067811865441310, -0.7071067811865510144, 0.000000000000000000 ) ) ;
#151 = VERTEX_POINT ( 'NONE', #678 ) ;
#152 = EDGE_CURVE ( 'NONE', #671, #1515, #2484, .T. ) ;
#153 = ORIENTED_EDGE ( 'NONE', *, *, #2137, .T. ) ;
#154 = EDGE_CURVE ( 'NONE', #2379, #143, #560, .T. ) ;
#155 = ORIENTED_EDGE ( 'NONE', *, *, #481, .F. ) ;
#156 = EDGE_CURVE ( 'NONE', #1371, #170, #1125, .T. ) ;
#157 = CARTESIAN_POINT ( 'NONE',  ( 8.414570696119888282, 2.899137802864874658, -12.22000000000000064 ) ) ;
#158 = DIRECTION ( 'NONE',  ( 0.000000000000000000, 0.000000000000000000, -1.000000000000000000 ) ) ;
#159 = EDGE_LOOP ( 'NONE', ( #1994, #664 ) ) ;
#160 = CARTESIAN_POINT ( 'NONE',  ( 3.606244584051370161, 4.879036790187210038, -14.22000000000000064 ) ) ;
#161 = CARTESIAN_POINT ( 'NONE',  ( 7.177133829043410351, 5.904341622907700149, -12.22000000000000064 ) ) ;
#162 = CARTESIAN_POINT ( 'NONE',  ( 5.586143571373700212, 1.484924240491771963, -9.719999999999998863 ) ) ;
#163 = VERTEX_POINT ( 'NONE', #1285 ) ;
#164 = AXIS2_PLACEMENT_3D ( 'NONE', #459, #1846, #70 ) ;
#165 = AXIS2_PLACEMENT_3D ( 'NONE', #1459, #438, #1067 ) ;
#166 = ORIENTED_EDGE ( 'NONE', *, *, #617, .T. ) ;
#167 = AXIS2_PLACEMENT_3D ( 'NONE', #31, #1060, #1636 ) ;
#168 = AXIS2_PLACEMENT_3D ( 'NONE', #448, #1628, #226 ) ;
#169 = ORIENTED_EDGE ( 'NONE', *, *, #1359, .F. ) ;
#170 = VERTEX_POINT ( 'NONE', #2119 ) ;
#171 = AXIS2_PLACEMENT_3D ( 'NONE', #921, #1558, #1735 ) ;
#172 = CIRCLE ( 'NONE', #2465, 1.000000000000000000 ) ;
#173 = CIRCLE ( 'NONE', #1660, 1.250000000000000444 ) ;
#174 = CARTESIAN_POINT ( 'NONE',  ( 13.45999999999999908, 0.000000000000000000, -3.000000000000000000 ) ) ;
#175 = CARTESIAN_POINT ( 'NONE',  ( -17.35000000000000142, 1.959434878635770160E-16, 0.000000000000000000 ) ) ;
#176 = DIRECTION ( 'NONE',  ( 0.7071067811865510144, -0.7071067811865440200, 0.000000000000000000 ) ) ;
#177 = CARTESIAN_POINT ( 'NONE',  ( 0.000000000000000000, 0.000000000000000000, 0.000000000000000000 ) ) ;
#178 = ORIENTED_EDGE ( 'NONE', *, *, #2197, .T. ) ;
#179 = EDGE_CURVE ( 'NONE', #2153, #1310, #48, .T. ) ;
#180 = CIRCLE ( 'NONE', #1707, 2.500000000000000000 ) ;
#181 = PERSON_AND_ORGANIZATION_ROLE ( 'design_supplier' ) ;
#182 = CARTESIAN_POINT ( 'NONE',  ( 4.313351365237900303, 9.828784258493049819, -14.22000000000000064 ) ) ;
#183 = DIRECTION ( 'NONE',  ( 0.7071067811865515695, -0.7071067811865435759, 0.000000000000000000 ) ) ;
#184 = PERSON_AND_ORGANIZATION ( #18446744073709551615, #18446744073709551615 ) ;
#185 = APPROVAL_STATUS ( 'not_yet_approved' ) ;
#186 = DIRECTION ( 'NONE',  ( 1.000000000000000000, 0.000000000000000000, 0.000000000000000000 ) ) ;
#187 = CARTESIAN_POINT ( 'NONE',  ( -10.12167747730641842, -5.020458146424519263, -14.22000000000000064 ) ) ;
#188 = EDGE_LOOP ( 'NONE', ( #1965, #1227 ) ) ;
#189 = ORIENTED_EDGE ( 'NONE', *, *, #35, .F. ) ;
#190 = FACE_OUTER_BOUND ( 'NONE', #265, .T. ) ;
#191 = DIRECTION ( 'NONE',  ( 0.000000000000000000, 0.000000000000000000, 1.000000000000000000 ) ) ;
#192 = DIRECTION ( 'NONE',  ( 0.7071067811865434649, 0.7071067811865514585, 0.000000000000000000 ) ) ;
#193 = CARTESIAN_POINT ( 'NONE',  ( 17.35000000000000142, 0.000000000000000000, 0.000000000000000000 ) ) ;
#194 = DIRECTION ( 'NONE',  ( 1.000000000000000000, 0.000000000000000000, 0.000000000000000000 ) ) ;
#195 = ORIENTED_EDGE ( 'NONE', *, *, #2295, .T. ) ;
#196 = DIRECTION ( 'NONE',  ( -0.7071067811865470176, 0.7071067811865480168, 0.000000000000000000 ) ) ;
#197 = CARTESIAN_POINT ( 'NONE',  ( 5.586143571373700212, 2.899137802864864888, -9.719999999999998863 ) ) ;
#198 = ORIENTED_EDGE ( 'NONE', *, *, #2162, .F. ) ;
#199 = LINE ( 'NONE', #1631, #1147 ) ;
#200 = EDGE_CURVE ( 'NONE', #1295, #2370, #1706, .T. ) ;
#201 = VECTOR ( 'NONE', #1956, 1000.000000000000000 ) ;
#202 = CARTESIAN_POINT ( 'NONE',  ( 9.298454172603060286, 3.783021279348064869, -12.22000000000000064 ) ) ;
#203 = AXIS2_PLACEMENT_3D ( 'NONE', #1234, #2493, #828 ) ;
#204 = CARTESIAN_POINT ( 'NONE',  ( 8.414570696119888282, 2.899137802864874658, -12.22000000000000064 ) ) ;
#205 = ORIENTED_EDGE ( 'NONE', *, *, #762, .F. ) ;
#206 = AXIS2_PLACEMENT_3D ( 'NONE', #1362, #351, #1171 ) ;
#207 = VECTOR ( 'NONE', #433, 1000.000000000000000 ) ;
#208 = LINE ( 'NONE', #1377, #1192 ) ;
#209 = CARTESIAN_POINT ( 'NONE',  ( -5.303300858899119952, 5.303300858899099524, 0.000000000000000000 ) ) ;
#210 = ORIENTED_EDGE ( 'NONE', *, *, #573, .F. ) ;
#211 = VECTOR ( 'NONE', #107, 1000.000000000000000 ) ;
#212 = CARTESIAN_POINT ( 'NONE',  ( -15.75000000000000000, 0.000000000000000000, -14.72000000000000064 ) ) ;
#213 = AXIS2_PLACEMENT_3D ( 'NONE', #1334, #1159, #1775 ) ;
#214 = CYLINDRICAL_SURFACE ( 'NONE', #1973, 0.9999999999999991118 ) ;
#215 = CIRCLE ( 'NONE', #1881, 13.45999999999999908 ) ;
#216 = VERTEX_POINT ( 'NONE', #1690 ) ;
#217 = EDGE_CURVE ( 'NONE', #1598, #1961, #2269, .T. ) ;
#218 = APPROVAL_STATUS ( 'not_yet_approved' ) ;
#219 = DIRECTION ( 'NONE',  ( 0.7071067811865435759, 0.7071067811865515695, 0.000000000000000000 ) ) ;
#220 = APPROVAL_PERSON_ORGANIZATION ( #2026, #413, #2077 ) ;
#221 = EDGE_CURVE ( 'NONE', #1371, #1043, #2055, .T. ) ;
#222 = DIRECTION ( 'NONE',  ( 1.000000000000000000, 0.000000000000000000, 0.000000000000000000 ) ) ;
#223 = PLANE ( 'NONE',  #424 ) ;
#224 = CARTESIAN_POINT ( 'NONE',  ( 0.000000000000000000, 0.000000000000000000, -6.360000000000000320 ) ) ;
#225 = DIRECTION ( 'NONE',  ( 0.7071067811865441310, 0.7071067811865510144, 0.000000000000000000 ) ) ;
#226 = DIRECTION ( 'NONE',  ( 1.000000000000000000, 0.000000000000000000, 0.000000000000000000 ) ) ;
#227 = CYLINDRICAL_SURFACE ( 'NONE', #253, 1.600000000000000755 ) ;
#228 = ORIENTED_EDGE ( 'NONE', *, *, #794, .T. ) ;
#229 = LINE ( 'NONE', #847, #1840 ) ;
#230 = EDGE_CURVE ( 'NONE', #506, #2379, #1942, .T. ) ;
#231 = DIRECTION ( 'NONE',  ( -0.7071067811865514585, 0.7071067811865435759, 0.000000000000000000 ) ) ;
#232 = DIRECTION ( 'NONE',  ( 0.000000000000000000, 0.000000000000000000, 1.000000000000000000 ) ) ;
#233 = LINE ( 'NONE', #1235, #2381 ) ;
#234 = CARTESIAN_POINT ( 'NONE',  ( -10.12167747730641842, -5.020458146424519263, 8.080000000000140403 ) ) ;
#235 = ADVANCED_FACE ( 'NONE', ( #1498 ), #305, .F. ) ;
#236 = DIRECTION ( 'NONE',  ( 0.000000000000000000, 0.000000000000000000, -1.000000000000000000 ) ) ;
#237 = DIRECTION ( 'NONE',  ( 0.000000000000000000, 0.000000000000000000, -1.000000000000000000 ) ) ;
#238 = ORIENTED_EDGE ( 'NONE', *, *, #454, .F. ) ;
#239 = ORIENTED_EDGE ( 'NONE', *, *, #2444, .F. ) ;
#240 = LINE ( 'NONE', #67, #1972 ) ;
#241 = CIRCLE ( 'NONE', #2601, 13.45999999999999908 ) ;
#242 = CARTESIAN_POINT ( 'NONE',  ( 0.000000000000000000, -15.75000000000000000, -2.000000000000000000 ) ) ;
#243 = EDGE_CURVE ( 'NONE', #1250, #1174, #2140, .T. ) ;
#244 = LINE ( 'NONE', #2265, #2458 ) ;
#245 = CYLINDRICAL_SURFACE ( 'NONE', #1617, 12.21499999999999986 ) ;
#246 = DIRECTION ( 'NONE',  ( -0.7071067811865441310, -0.7071067811865510144, 0.000000000000000000 ) ) ;
#247 = VECTOR ( 'NONE', #932, 1000.000000000000000 ) ;
#248 = FACE_OUTER_BOUND ( 'NONE', #1176, .T. ) ;
#249 = AXIS2_PLACEMENT_3D ( 'NONE', #656, #419, #2147 ) ;
#250 = AXIS2_PLACEMENT_3D ( 'NONE', #2251, #1813, #403 ) ;
#251 = EDGE_CURVE ( 'NONE', #1122, #2610, #82, .T. ) ;
#252 = CARTESIAN_POINT ( 'NONE',  ( -2.192031021678275238, -6.293250352560299632, -9.719999999999998863 ) ) ;
#253 = AXIS2_PLACEMENT_3D ( 'NONE', #1205, #1002, #1865 ) ;
#254 = CARTESIAN_POINT ( 'NONE',  ( -9.121677477306430859, -6.434671708797619516, 8.080000000000140403 ) ) ;
#255 = AXIS2_PLACEMENT_3D ( 'NONE', #2035, #781, #186 ) ;
#256 = ORIENTED_EDGE ( 'NONE', *, *, #2022, .F. ) ;
#257 = AXIS2_PLACEMENT_3D ( 'NONE', #2216, #158, #1391 ) ;
#258 = LOCAL_TIME ( 18, 50, 30.00000000000000000, #680 ) ;
#259 = ORIENTED_EDGE ( 'NONE', *, *, #2085, .T. ) ;
#260 = CARTESIAN_POINT ( 'NONE',  ( -5.020458146424439327, -10.53589103967959772, 8.080000000000140403 ) ) ;
#261 = LINE ( 'NONE', #866, #810 ) ;
#262 = CARTESIAN_POINT ( 'NONE',  ( 5.727564927611000556, 9.828784258493049819, -9.719999999999998863 ) ) ;
#263 = EDGE_CURVE ( 'NONE', #2127, #354, #2476, .T. ) ;
#264 = DIRECTION ( 'NONE',  ( -1.000000000000000000, 0.000000000000000000, 0.000000000000000000 ) ) ;
#265 = EDGE_LOOP ( 'NONE', ( #1403, #1632, #1418, #85 ) ) ;
#266 = DIRECTION ( 'NONE',  ( 1.000000000000000000, 0.000000000000000000, 0.000000000000000000 ) ) ;
#267 = VERTEX_POINT ( 'NONE', #1261 ) ;
#268 = EDGE_LOOP ( 'NONE', ( #1784, #280, #2168, #1116 ) ) ;
#269 = ORIENTED_EDGE ( 'NONE', *, *, #2509, .T. ) ;
#270 = DIRECTION ( 'NONE',  ( 0.000000000000000000, 0.000000000000000000, -1.000000000000000000 ) ) ;
#271 = EDGE_LOOP ( 'NONE', ( #1601, #2333 ) ) ;
#272 = DIRECTION ( 'NONE',  ( 0.000000000000000000, 0.000000000000000000, -1.000000000000000000 ) ) ;
#273 = CARTESIAN_POINT ( 'NONE',  ( -0.7778174593051560004, -6.293250352560320060, -14.22000000000000064 ) ) ;
#274 = CARTESIAN_POINT ( 'NONE',  ( -5.020458146424509493, -10.53589103967951957, -14.22000000000000064 ) ) ;
#275 = ORIENTED_EDGE ( 'NONE', *, *, #90, .F. ) ;
#276 = ADVANCED_FACE ( 'NONE', ( #670 ), #1500, .F. ) ;
#277 = ORIENTED_EDGE ( 'NONE', *, *, #2141, .T. ) ;
#278 = EDGE_CURVE ( 'NONE', #2127, #1129, #502, .T. ) ;
#279 = CALENDAR_DATE ( 2026, 22, 6 ) ;
#280 = ORIENTED_EDGE ( 'NONE', *, *, #2403, .T. ) ;
#281 = DIRECTION ( 'NONE',  ( 0.000000000000000000, 0.000000000000000000, 1.000000000000000000 ) ) ;
#282 = ORIENTED_EDGE ( 'NONE', *, *, #1683, .F. ) ;
#283 = CARTESIAN_POINT ( 'NONE',  ( 0.000000000000000000, 0.000000000000000000, 0.000000000000000000 ) ) ;
#284 = FACE_OUTER_BOUND ( 'NONE', #2217, .T. ) ;
#285 = CONICAL_SURFACE ( 'NONE', #553, 13.16000000000222059, 0.7853981633974476129 ) ;
#286 = LINE ( 'NONE', #1556, #1516 ) ;
#287 = DIRECTION ( 'NONE',  ( 0.000000000000000000, 0.000000000000000000, -1.000000000000000000 ) ) ;
#288 = EDGE_LOOP ( 'NONE', ( #1899, #1623 ) ) ;
#289 = AXIS2_PLACEMENT_3D ( 'NONE', #757, #1560, #1380 ) ;
#290 = VECTOR ( 'NONE', #2086, 1000.000000000000000 ) ;
#291 = EDGE_LOOP ( 'NONE', ( #2357, #1535 ) ) ;
#292 = AXIS2_PLACEMENT_3D ( 'NONE', #2208, #364, #1964 ) ;
#293 = AXIS2_PLACEMENT_3D ( 'NONE', #1768, #2163, #1346 ) ;
#294 = CARTESIAN_POINT ( 'NONE',  ( 1.484924240491726000, 5.586143571373750838, 8.080000000000140403 ) ) ;
#295 = AXIS2_PLACEMENT_3D ( 'NONE', #396, #9, #2434 ) ;
#296 = EDGE_CURVE ( 'NONE', #915, #756, #896, .T. ) ;
#297 = EDGE_LOOP ( 'NONE', ( #2617, #2146, #178, #2166, #2282, #1995, #1997, #269, #2395, #1968 ) ) ;
#298 = CIRCLE ( 'NONE', #138, 1.000000000000000000 ) ;
#299 = DIRECTION ( 'NONE',  ( 1.000000000000000000, 0.000000000000000000, 0.000000000000000000 ) ) ;
#300 = EDGE_CURVE ( 'NONE', #2113, #672, #684, .T. ) ;
#301 = ORIENTED_EDGE ( 'NONE', *, *, #490, .F. ) ;
#302 = LINE ( 'NONE', #495, #1479 ) ;
#303 = EDGE_LOOP ( 'NONE', ( #804, #2181, #328, #566 ) ) ;
#304 = DIRECTION ( 'NONE',  ( -1.000000000000000000, 0.000000000000000000, 0.000000000000000000 ) ) ;
#305 = PLANE ( 'NONE',  #1612 ) ;
#306 = CARTESIAN_POINT ( 'NONE',  ( 9.828784258492969883, 4.313351365237980239, -9.719999999999998863 ) ) ;
#307 = VERTEX_POINT ( 'NONE', #2122 ) ;
#308 = ORIENTED_EDGE ( 'NONE', *, *, #2200, .F. ) ;
#309 = DIRECTION ( 'NONE',  ( 0.000000000000000000, 0.000000000000000000, -1.000000000000000000 ) ) ;
#310 = ORIENTED_EDGE ( 'NONE', *, *, #1885, .F. ) ;
#311 = EDGE_CURVE ( 'NONE', #25, #541, #2229, .T. ) ;
#312 = DIRECTION ( 'NONE',  ( 0.000000000000000000, 0.000000000000000000, -1.000000000000000000 ) ) ;
#313 = EDGE_LOOP ( 'NONE', ( #919, #1349 ) ) ;
#314 = DIRECTION ( 'NONE',  ( 1.000000000000000000, 0.000000000000000000, 0.000000000000000000 ) ) ;
#315 = PLANE ( 'NONE',  #2267 ) ;
#316 = CARTESIAN_POINT ( 'NONE',  ( -5.303300858899119952, 5.303300858899099524, 1.249139735130296026E-15 ) ) ;
#317 = FACE_OUTER_BOUND ( 'NONE', #561, .T. ) ;
#318 = DIRECTION ( 'NONE',  ( 0.000000000000000000, 0.000000000000000000, 1.000000000000000000 ) ) ;
#319 = FACE_OUTER_BOUND ( 'NONE', #1953, .T. ) ;
#320 = ORIENTED_EDGE ( 'NONE', *, *, #200, .T. ) ;
#321 = EDGE_CURVE ( 'NONE', #354, #915, #639, .T. ) ;
#322 = DIRECTION ( 'NONE',  ( 0.000000000000000000, 0.000000000000000000, -1.000000000000000000 ) ) ;
#323 = ORIENTED_EDGE ( 'NONE', *, *, #1988, .T. ) ;
#324 = DATE_AND_TIME ( #1335, #651 ) ;
#325 = CYLINDRICAL_SURFACE ( 'NONE', #1525, 1.250000000000000222 ) ;
#326 = ORIENTED_EDGE ( 'NONE', *, *, #1485, .T. ) ;
#327 = DIRECTION ( 'NONE',  ( 0.000000000000000000, 0.000000000000000000, -1.000000000000000000 ) ) ;
#328 = ORIENTED_EDGE ( 'NONE', *, *, #2428, .T. ) ;
#329 = CARTESIAN_POINT ( 'NONE',  ( 5.303300858899109294, -5.303300858899089754, 1.249139735130296026E-15 ) ) ;
#330 = CARTESIAN_POINT ( 'NONE',  ( 10.13275329938264058, 8.859961093246971231, -14.22000000000000064 ) ) ;
#331 = ADVANCED_FACE ( 'NONE', ( #540 ), #382, .T. ) ;
#332 = CARTESIAN_POINT ( 'NONE',  ( 8.414570696119888282, 2.899137802864874658, -12.22000000000000064 ) ) ;
#333 = CARTESIAN_POINT ( 'NONE',  ( -5.020458146424470414, -6.293250352560320060, -12.22000000000000064 ) ) ;
#334 = EDGE_LOOP ( 'NONE', ( #906, #2273, #442, #1851 ) ) ;
#335 = CARTESIAN_POINT ( 'NONE',  ( 0.000000000000000000, -15.75000000000000000, -14.72000000000000064 ) ) ;
#336 = AXIS2_PLACEMENT_3D ( 'NONE', #2616, #176, #1808 ) ;
#337 = ORIENTED_EDGE ( 'NONE', *, *, #1350, .F. ) ;
#338 = EDGE_CURVE ( 'NONE', #1809, #765, #581, .T. ) ;
#339 = AXIS2_PLACEMENT_3D ( 'NONE', #2206, #1419, #1795 ) ;
#340 = AXIS2_PLACEMENT_3D ( 'NONE', #242, #69, #222 ) ;
#341 = CIRCLE ( 'NONE', #1023, 1.000000000000000000 ) ;
#342 = VERTEX_POINT ( 'NONE', #123 ) ;
#343 = AXIS2_PLACEMENT_3D ( 'NONE', #2081, #869, #1499 ) ;
#344 = ORIENTED_EDGE ( 'NONE', *, *, #1565, .F. ) ;
#345 = FACE_OUTER_BOUND ( 'NONE', #2359, .T. ) ;
#346 = AXIS2_PLACEMENT_3D ( 'NONE', #2455, #232, #1868 ) ;
#347 = ORIENTED_EDGE ( 'NONE', *, *, #2401, .F. ) ;
#348 = VECTOR ( 'NONE', #1382, 1000.000000000000000 ) ;
#349 = DIRECTION ( 'NONE',  ( -0.7071067811865435759, -0.7071067811865515695, 0.000000000000000000 ) ) ;
#350 = DIRECTION ( 'NONE',  ( -0.7071067811865470176, 0.7071067811865480168, 0.000000000000000000 ) ) ;
#351 = DIRECTION ( 'NONE',  ( 0.7071067811865510144, -0.7071067811865440200, 0.000000000000000000 ) ) ;
#352 = VERTEX_POINT ( 'NONE', #1755 ) ;
#353 = EDGE_CURVE ( 'NONE', #2489, #672, #1351, .T. ) ;
#354 = VERTEX_POINT ( 'NONE', #393 ) ;
#355 = EDGE_CURVE ( 'NONE', #163, #2521, #2597, .T. ) ;
#356 = EDGE_LOOP ( 'NONE', ( #2008, #1287, #876, #1492 ) ) ;
#357 = ORIENTED_EDGE ( 'NONE', *, *, #1570, .F. ) ;
#358 = ADVANCED_FACE ( 'NONE', ( #522 ), #1004, .F. ) ;
#359 = ORIENTED_EDGE ( 'NONE', *, *, #251, .T. ) ;
#360 = CARTESIAN_POINT ( 'NONE',  ( 13.16000000000222059, 0.000000000000000000, -9.719999999999998863 ) ) ;
#361 = CARTESIAN_POINT ( 'NONE',  ( 9.298454172603060286, 3.783021279348064869, -12.22000000000000064 ) ) ;
#362 = CARTESIAN_POINT ( 'NONE',  ( -13.45999999999999908, 0.000000000000000000, -9.420000000002220375 ) ) ;
#363 = LINE ( 'NONE', #550, #2554 ) ;
#364 = DIRECTION ( 'NONE',  ( 0.000000000000000000, 0.000000000000000000, 1.000000000000000000 ) ) ;
#365 = ORIENTED_EDGE ( 'NONE', *, *, #492, .F. ) ;
#366 = ADVANCED_BREP_SHAPE_REPRESENTATION ( 'LUMEN-M-FLANGE-CAP-R2.STEP', ( #1959, #1070 ), #2236 ) ;
#367 = ORIENTED_EDGE ( 'NONE', *, *, #1306, .T. ) ;
#368 = VERTEX_POINT ( 'NONE', #1405 ) ;
#369 = ORIENTED_EDGE ( 'NONE', *, *, #785, .F. ) ;
#370 = EDGE_CURVE ( 'NONE', #2313, #352, #2620, .T. ) ;
#371 = CARTESIAN_POINT ( 'NONE',  ( 7.803300858899100412, -5.303300858899089754, 1.249139735130296026E-15 ) ) ;
#372 = PLANE ( 'NONE',  #638 ) ;
#373 = CARTESIAN_POINT ( 'NONE',  ( 15.75000000000000000, 0.000000000000000000, 0.000000000000000000 ) ) ;
#374 = ORIENTED_EDGE ( 'NONE', *, *, #152, .T. ) ;
#375 = DIRECTION ( 'NONE',  ( 0.000000000000000000, 0.000000000000000000, 1.000000000000000000 ) ) ;
#376 = CARTESIAN_POINT ( 'NONE',  ( -0.7778174593051560004, -6.293250352560320060, -9.719999999999998863 ) ) ;
#377 = CIRCLE ( 'NONE', #1473, 1.600000000000000089 ) ;
#378 = AXIS2_PLACEMENT_3D ( 'NONE', #197, #1395, #12 ) ;
#379 = VECTOR ( 'NONE', #2300, 1000.000000000000114 ) ;
#380 = VECTOR ( 'NONE', #2214, 1000.000000000000000 ) ;
#381 = AXIS2_PLACEMENT_3D ( 'NONE', #2539, #1782, #1509 ) ;
#382 = CYLINDRICAL_SURFACE ( 'NONE', #2548, 1.000000000000000000 ) ;
#383 = EDGE_CURVE ( 'NONE', #825, #397, #923, .T. ) ;
#384 = AXIS2_PLACEMENT_3D ( 'NONE', #782, #2254, #192 ) ;
#385 = DIRECTION ( 'NONE',  ( 1.000000000000000000, 0.000000000000000000, 0.000000000000000000 ) ) ;
#386 = ORIENTED_EDGE ( 'NONE', *, *, #2448, .T. ) ;
#387 = VECTOR ( 'NONE', #114, 1000.000000000000000 ) ;
#388 = ORIENTED_EDGE ( 'NONE', *, *, #572, .T. ) ;
#389 = CARTESIAN_POINT ( 'NONE',  ( -8.414570696119920257, -2.899137802864899971, -12.22000000000000064 ) ) ;
#390 = ORIENTED_EDGE ( 'NONE', *, *, #1186, .T. ) ;
#391 = ORIENTED_EDGE ( 'NONE', *, *, #2630, .F. ) ;
#392 = PERSON_AND_ORGANIZATION ( #18446744073709551615, #18446744073709551615 ) ;
#393 = CARTESIAN_POINT ( 'NONE',  ( -9.121677477306430859, -6.434671708797619516, -9.719999999999998863 ) ) ;
#394 = DIRECTION ( 'NONE',  ( 1.000000000000000000, 0.000000000000000000, 0.000000000000000000 ) ) ;
#395 = ADVANCED_FACE ( 'NONE', ( #1478 ), #1857, .T. ) ;
#396 = CARTESIAN_POINT ( 'NONE',  ( -5.727564927611000556, -8.414570696119948678, -14.22000000000000064 ) ) ;
#397 = VERTEX_POINT ( 'NONE', #2294 ) ;
#398 = ORIENTED_EDGE ( 'NONE', *, *, #1402, .F. ) ;
#399 = ADVANCED_FACE ( 'NONE', ( #2064 ), #838, .F. ) ;
#400 = DIRECTION ( 'NONE',  ( 0.7071067811865515695, -0.7071067811865435759, 0.000000000000000000 ) ) ;
#401 = DIRECTION ( 'NONE',  ( 1.000000000000000000, 0.000000000000000000, 0.000000000000000000 ) ) ;
#402 = CARTESIAN_POINT ( 'NONE',  ( 0.000000000000000000, 0.000000000000000000, -5.360000000000000320 ) ) ;
#403 = DIRECTION ( 'NONE',  ( 1.000000000000000000, 0.000000000000000000, 0.000000000000000000 ) ) ;
#404 = FACE_BOUND ( 'NONE', #1131, .T. ) ;
#405 = ORIENTED_EDGE ( 'NONE', *, *, #321, .F. ) ;
#406 = VERTEX_POINT ( 'NONE', #2073 ) ;
#407 = CARTESIAN_POINT ( 'NONE',  ( 5.303300858899109294, -5.303300858899089754, 1.249139735130296026E-15 ) ) ;
#408 = DIRECTION ( 'NONE',  ( 1.000000000000000000, 0.000000000000000000, 0.000000000000000000 ) ) ;
#409 = ORIENTED_EDGE ( 'NONE', *, *, #2324, .F. ) ;
#410 = EDGE_CURVE ( 'NONE', #1779, #818, #1279, .T. ) ;
#411 = ORIENTED_EDGE ( 'NONE', *, *, #311, .F. ) ;
#412 = DIRECTION ( 'NONE',  ( 0.7071067811865474617, 0.7071067811865474617, 0.000000000000000000 ) ) ;
#413 = APPROVAL ( #185, 'Coincident' ) ;
#414 = ORIENTED_EDGE ( 'NONE', *, *, #677, .F. ) ;
#415 = LINE ( 'NONE', #910, #508 ) ;
#416 = ORIENTED_EDGE ( 'NONE', *, *, #2599, .F. ) ;
#417 = VECTOR ( 'NONE', #78, 1000.000000000000000 ) ;
#418 = CIRCLE ( 'NONE', #722, 1.250000000000000888 ) ;
#419 = DIRECTION ( 'NONE',  ( 0.000000000000000000, 0.000000000000000000, -1.000000000000000000 ) ) ;
#420 = CARTESIAN_POINT ( 'NONE',  ( -8.414570696119879400, -5.727564927611069834, -9.719999999999998863 ) ) ;
#421 = AXIS2_PLACEMENT_3D ( 'NONE', #329, #1969, #1145 ) ;
#422 = CARTESIAN_POINT ( 'NONE',  ( 11.86709622792984042, 6.351663334674880090, -9.719999999999998863 ) ) ;
#423 = FACE_OUTER_BOUND ( 'NONE', #784, .T. ) ;
#424 = AXIS2_PLACEMENT_3D ( 'NONE', #2623, #1039, #2033 ) ;
#425 = LINE ( 'NONE', #36, #590 ) ;
#426 = CIRCLE ( 'NONE', #822, 1.000000000000000000 ) ;
#427 = DIRECTION ( 'NONE',  ( -1.000000000000000000, 0.000000000000000000, 0.000000000000000000 ) ) ;
#428 = EDGE_CURVE ( 'NONE', #2211, #554, #1253, .T. ) ;
#429 = ORIENTED_EDGE ( 'NONE', *, *, #1839, .F. ) ;
#430 = DIRECTION ( 'NONE',  ( 1.000000000000000000, 0.000000000000000000, 0.000000000000000000 ) ) ;
#431 = ADVANCED_FACE ( 'NONE', ( #1045 ), #1892, .F. ) ;
#432 = EDGE_CURVE ( 'NONE', #2564, #1371, #848, .T. ) ;
#433 = DIRECTION ( 'NONE',  ( 0.000000000000000000, 0.000000000000000000, 1.000000000000000000 ) ) ;
#434 = CARTESIAN_POINT ( 'NONE',  ( 6.351663334674750416, 11.86709622792992036, -9.719999999999998863 ) ) ;
#435 = DIRECTION ( 'NONE',  ( -1.000000000000000000, 0.000000000000000000, 0.000000000000000000 ) ) ;
#436 = DIRECTION ( 'NONE',  ( 1.000000000000000000, 0.000000000000000000, 0.000000000000000000 ) ) ;
#437 = CARTESIAN_POINT ( 'NONE',  ( 9.828784258492969883, 5.727564927611080492, -9.719999999999998863 ) ) ;
#438 = DIRECTION ( 'NONE',  ( 0.000000000000000000, 0.000000000000000000, 1.000000000000000000 ) ) ;
#439 = ORIENTED_EDGE ( 'NONE', *, *, #338, .F. ) ;
#440 = CARTESIAN_POINT ( 'NONE',  ( -12.21499999999999986, 0.000000000000000000, 0.000000000000000000 ) ) ;
#441 = EDGE_LOOP ( 'NONE', ( #2115, #2396 ) ) ;
#442 = ORIENTED_EDGE ( 'NONE', *, *, #410, .T. ) ;
#443 = CARTESIAN_POINT ( 'NONE',  ( 4.879036790187149641, 2.192031021678319647, 8.080000000000140403 ) ) ;
#444 = EDGE_CURVE ( 'NONE', #354, #1696, #240, .T. ) ;
#445 = FACE_BOUND ( 'NONE', #188, .T. ) ;
#446 = DIRECTION ( 'NONE',  ( 0.7071067811865515695, -0.7071067811865435759, 0.000000000000000000 ) ) ;
#447 = CARTESIAN_POINT ( 'NONE',  ( -2.803300858899130166, 5.303300858899099524, 0.000000000000000000 ) ) ;
#448 = CARTESIAN_POINT ( 'NONE',  ( -5.727564927611000556, -8.414570696119948678, -9.719999999999998863 ) ) ;
#449 = CARTESIAN_POINT ( 'NONE',  ( 0.000000000000000000, 0.000000000000000000, 0.000000000000000000 ) ) ;
#450 = CARTESIAN_POINT ( 'NONE',  ( -2.803300858899130166, 5.303300858899099524, -9.719999999999998863 ) ) ;
#451 = ORIENTED_EDGE ( 'NONE', *, *, #2137, .F. ) ;
#452 = DIRECTION ( 'NONE',  ( 0.000000000000000000, 0.000000000000000000, -1.000000000000000000 ) ) ;
#453 = ORIENTED_EDGE ( 'NONE', *, *, #1084, .T. ) ;
#454 = EDGE_CURVE ( 'NONE', #2325, #1095, #1634, .T. ) ;
#455 = DIRECTION ( 'NONE',  ( 0.7071067811865470176, 0.7071067811865480168, 0.000000000000000000 ) ) ;
#456 = LINE ( 'NONE', #294, #2094 ) ;
#457 = AXIS2_PLACEMENT_3D ( 'NONE', #2041, #1415, #401 ) ;
#458 = DIRECTION ( 'NONE',  ( 0.7071067811865510144, -0.7071067811865441310, 0.000000000000000000 ) ) ;
#459 = CARTESIAN_POINT ( 'NONE',  ( 5.727564927611000556, 8.414570696119948678, -9.719999999999998863 ) ) ;
#460 = VECTOR ( 'NONE', #2573, 1000.000000000000114 ) ;
#461 = CIRCLE ( 'NONE', #2011, 1.600000000000000089 ) ;
#462 = ADVANCED_FACE ( 'NONE', ( #901, #1916, #2158, #1493, #1339, #950 ), #2355, .F. ) ;
#463 = DIRECTION ( 'NONE',  ( 0.000000000000000000, 0.000000000000000000, -1.000000000000000000 ) ) ;
#464 = AXIS2_PLACEMENT_3D ( 'NONE', #1079, #1867, #877 ) ;
#465 = AXIS2_PLACEMENT_3D ( 'NONE', #335, #2242, #1013 ) ;
#466 = CARTESIAN_POINT ( 'NONE',  ( -7.707463914933329718, -6.434671708797619516, -9.719999999999998863 ) ) ;
#467 = AXIS2_PLACEMENT_3D ( 'NONE', #525, #1741, #1532 ) ;
#468 = VERTEX_POINT ( 'NONE', #1712 ) ;
#469 = CIRCLE ( 'NONE', #1319, 1.600000000000000089 ) ;
#470 = AXIS2_PLACEMENT_3D ( 'NONE', #1764, #2570, #747 ) ;
#471 = ORIENTED_EDGE ( 'NONE', *, *, #2466, .F. ) ;
#472 = DIRECTION ( 'NONE',  ( 0.000000000000000000, 0.000000000000000000, 1.000000000000000000 ) ) ;
#473 = ORIENTED_EDGE ( 'NONE', *, *, #963, .T. ) ;
#474 = CARTESIAN_POINT ( 'NONE',  ( -5.727564927611000556, -9.828784258493049819, -9.719999999999998863 ) ) ;
#475 = DIRECTION ( 'NONE',  ( 0.000000000000000000, 0.000000000000000000, -1.000000000000000000 ) ) ;
#476 = CARTESIAN_POINT ( 'NONE',  ( 0.7778174593051518926, 6.293250352560329830, -14.22000000000000064 ) ) ;
#477 = EDGE_CURVE ( 'NONE', #889, #951, #7, .T. ) ;
#478 = CARTESIAN_POINT ( 'NONE',  ( 0.000000000000000000, 0.000000000000000000, -14.22000000000000064 ) ) ;
#479 = DIRECTION ( 'NONE',  ( 0.7071067811865470176, -0.7071067811865480168, 0.000000000000000000 ) ) ;
#480 = ORIENTED_EDGE ( 'NONE', *, *, #1434, .F. ) ;
#481 = EDGE_CURVE ( 'NONE', #1174, #163, #2367, .T. ) ;
#482 = ORIENTED_EDGE ( 'NONE', *, *, #370, .T. ) ;
#483 = ORIENTED_EDGE ( 'NONE', *, *, #1230, .F. ) ;
#484 = DIRECTION ( 'NONE',  ( 1.000000000000000000, 0.000000000000000000, 0.000000000000000000 ) ) ;
#485 = VERTEX_POINT ( 'NONE', #1118 ) ;
#486 = LINE ( 'NONE', #1940, #201 ) ;
#487 = CARTESIAN_POINT ( 'NONE',  ( 4.879036790187149641, 3.606244584051409685, -9.719999999999998863 ) ) ;
#488 = DIRECTION ( 'NONE',  ( 1.000000000000000000, 0.000000000000000000, 0.000000000000000000 ) ) ;
#489 = DIRECTION ( 'NONE',  ( 0.000000000000000000, 0.000000000000000000, -1.000000000000000000 ) ) ;
#490 = EDGE_CURVE ( 'NONE', #912, #671, #341, .T. ) ;
#491 = ORIENTED_EDGE ( 'NONE', *, *, #861, .T. ) ;
#492 = EDGE_CURVE ( 'NONE', #672, #1077, #1365, .T. ) ;
#493 = EDGE_LOOP ( 'NONE', ( #2178, #2213, #1172, #2096 ) ) ;
#494 = ORIENTED_EDGE ( 'NONE', *, *, #432, .F. ) ;
#495 = CARTESIAN_POINT ( 'NONE',  ( 8.859961093246859321, 10.13275329938273828, -14.22000000000000064 ) ) ;
#496 = DIRECTION ( 'NONE',  ( 0.000000000000000000, 0.000000000000000000, -1.000000000000000000 ) ) ;
#497 = CARTESIAN_POINT ( 'NONE',  ( -9.828784258492980541, -4.313351365237985569, -9.719999999999998863 ) ) ;
#498 = AXIS2_PLACEMENT_3D ( 'NONE', #1432, #446, #1648 ) ;
#499 = CLOSED_SHELL ( 'NONE', ( #1957, #2091, #588, #2226, #1037, #610, #2221, #2338, #1239, #119, #331, #395, #925, #579, #593, #1438, #2491, #73, #1863, #1919, #1240, #875, #1270, #2039, #1758, #1633, #399, #126, #1531, #235, #18, #431, #1183, #2063, #1776, #1538, #2074, #1600, #276, #1182, #1511, #2253, #95, #1589, #507, #1869, #812, #1985, #1587, #1999, #1325, #516, #462, #1100, #528, #1424, #1379, #1406, #2148, #1367, #2172, #2241, #966, #1856, #843, #2261, #1797, #1249, #908, #358, #1651, #1780, #547, #1001, #1010, #2377, #1996, #1740, #1963, #2356, #1044 ) ) ;
#500 = LINE ( 'NONE', #719, #1063 ) ;
#501 = VERTEX_POINT ( 'NONE', #1698 ) ;
#502 = LINE ( 'NONE', #1092, #379 ) ;
#503 = CIRCLE ( 'NONE', #1834, 1.250000000000000222 ) ;
#504 = AXIS2_PLACEMENT_3D ( 'NONE', #1650, #2247, #1830 ) ;
#505 = DIRECTION ( 'NONE',  ( 0.7071067811865480168, 0.7071067811865470176, 0.000000000000000000 ) ) ;
#506 = VERTEX_POINT ( 'NONE', #543 ) ;
#507 = ADVANCED_FACE ( 'NONE', ( #2114, #1517 ), #513, .F. ) ;
#508 = VECTOR ( 'NONE', #936, 1000.000000000000000 ) ;
#509 = DIRECTION ( 'NONE',  ( -1.000000000000000000, 0.000000000000000000, 0.000000000000000000 ) ) ;
#510 = AXIS2_PLACEMENT_3D ( 'NONE', #1274, #1908, #1126 ) ;
#511 = ORIENTED_EDGE ( 'NONE', *, *, #278, .T. ) ;
#512 = AXIS2_PLACEMENT_3D ( 'NONE', #332, #996, #1975 ) ;
#513 = PLANE ( 'NONE',  #1798 ) ;
#514 = ORIENTED_EDGE ( 'NONE', *, *, #1714, .F. ) ;
#515 = PLANE ( 'NONE',  #594 ) ;
#516 = ADVANCED_FACE ( 'NONE', ( #190 ), #707, .T. ) ;
#517 = ORIENTED_EDGE ( 'NONE', *, *, #492, .T. ) ;
#518 = DIRECTION ( 'NONE',  ( 0.000000000000000000, 0.000000000000000000, 1.000000000000000000 ) ) ;
#519 = PERSON_AND_ORGANIZATION ( #18446744073709551615, #18446744073709551615 ) ;
#520 = DIRECTION ( 'NONE',  ( 0.000000000000000000, 0.000000000000000000, 1.000000000000000000 ) ) ;
#521 = ORIENTED_EDGE ( 'NONE', *, *, #2393, .F. ) ;
#522 = FACE_OUTER_BOUND ( 'NONE', #2231, .T. ) ;
#523 = ORIENTED_EDGE ( 'NONE', *, *, #2058, .T. ) ;
#524 = CYLINDRICAL_SURFACE ( 'NONE', #213, 1.000000000000000000 ) ;
#525 = CARTESIAN_POINT ( 'NONE',  ( 0.000000000000000000, 0.000000000000000000, -14.22000000000000064 ) ) ;
#526 = VERTEX_POINT ( 'NONE', #182 ) ;
#527 = DIRECTION ( 'NONE',  ( 1.000000000000000000, 1.734723475976807094E-15, 0.000000000000000000 ) ) ;
#528 = ADVANCED_FACE ( 'NONE', ( #1635, #1814, #1824, #2621, #2043, #1429, #2263 ), #2441, .F. ) ;
#529 = EDGE_LOOP ( 'NONE', ( #2567, #1206 ) ) ;
#530 = CARTESIAN_POINT ( 'NONE',  ( -15.75000000000000000, 0.000000000000000000, -14.72000000000000064 ) ) ;
#531 = ORIENTED_EDGE ( 'NONE', *, *, #2411, .T. ) ;
#532 = PERSON_AND_ORGANIZATION ( #18446744073709551615, #18446744073709551615 ) ;
#533 = CARTESIAN_POINT ( 'NONE',  ( -12.21499999999999986, 0.000000000000000000, 0.000000000000000000 ) ) ;
#534 = EDGE_CURVE ( 'NONE', #874, #687, #933, .T. ) ;
#535 = CARTESIAN_POINT ( 'NONE',  ( -5.727564927611000556, -8.414570696119948678, -9.719999999999998863 ) ) ;
#536 = DIRECTION ( 'NONE',  ( 0.7071067811865510144, -0.7071067811865440200, 0.000000000000000000 ) ) ;
#537 = CARTESIAN_POINT ( 'NONE',  ( 0.000000000000000000, -15.75000000000000000, -2.000000000000000000 ) ) ;
#538 = CARTESIAN_POINT ( 'NONE',  ( -14.14999999999999858, 0.000000000000000000, -2.000000000000000000 ) ) ;
#539 = ORIENTED_EDGE ( 'NONE', *, *, #2038, .T. ) ;
#540 = FACE_OUTER_BOUND ( 'NONE', #1774, .T. ) ;
#541 = VERTEX_POINT ( 'NONE', #1059 ) ;
#542 = ORIENTED_EDGE ( 'NONE', *, *, #1212, .F. ) ;
#543 = CARTESIAN_POINT ( 'NONE',  ( -17.35000000000000142, 1.959434878635770160E-16, -2.000000000000000000 ) ) ;
#544 = ORIENTED_EDGE ( 'NONE', *, *, #2588, .F. ) ;
#545 = DIRECTION ( 'NONE',  ( 0.000000000000000000, -1.000000000000000000, 0.000000000000000000 ) ) ;
#546 = ORIENTED_EDGE ( 'NONE', *, *, #1570, .T. ) ;
#547 = ADVANCED_FACE ( 'NONE', ( #1661 ), #325, .F. ) ;
#548 = CARTESIAN_POINT ( 'NONE',  ( 6.727564927611000556, 8.414570696119948678, -14.22000000000000064 ) ) ;
#549 = EDGE_CURVE ( 'NONE', #1157, #1896, #1950, .T. ) ;
#550 = CARTESIAN_POINT ( 'NONE',  ( 0.7778174593051518926, 6.293250352560329830, -9.719999999999998863 ) ) ;
#551 = CYLINDRICAL_SURFACE ( 'NONE', #206, 1.250000000000000222 ) ;
#552 = ORIENTED_EDGE ( 'NONE', *, *, #913, .T. ) ;
#553 = AXIS2_PLACEMENT_3D ( 'NONE', #2089, #1064, #1884 ) ;
#554 = VERTEX_POINT ( 'NONE', #1046 ) ;
#555 = EDGE_CURVE ( 'NONE', #1670, #991, #172, .T. ) ;
#556 = FACE_OUTER_BOUND ( 'NONE', #1496, .T. ) ;
#557 = VECTOR ( 'NONE', #1187, 1000.000000000000000 ) ;
#558 = ORIENTED_EDGE ( 'NONE', *, *, #355, .T. ) ;
#559 = AXIS2_PLACEMENT_3D ( 'NONE', #2052, #824, #2437 ) ;
#560 = CIRCLE ( 'NONE', #1197, 1.600000000000000755 ) ;
#561 = EDGE_LOOP ( 'NONE', ( #2170, #1142, #1979, #2467 ) ) ;
#562 = CIRCLE ( 'NONE', #2057, 1.000000000000000000 ) ;
#563 = ORIENTED_EDGE ( 'NONE', *, *, #1534, .F. ) ;
#564 = CARTESIAN_POINT ( 'NONE',  ( -5.586143571373710870, -1.484924240491769964, 8.080000000000140403 ) ) ;
#565 = CIRCLE ( 'NONE', #2392, 1.250000000000000888 ) ;
#566 = ORIENTED_EDGE ( 'NONE', *, *, #410, .F. ) ;
#567 = CARTESIAN_POINT ( 'NONE',  ( -4.879036790187160300, -2.192031021678319647, -14.22000000000000064 ) ) ;
#568 = CYLINDRICAL_SURFACE ( 'NONE', #1164, 1.000000000000000000 ) ;
#569 = FACE_OUTER_BOUND ( 'NONE', #2586, .T. ) ;
#570 = DIRECTION ( 'NONE',  ( 0.000000000000000000, 0.000000000000000000, -1.000000000000000000 ) ) ;
#571 = EDGE_LOOP ( 'NONE', ( #954, #91, #2219, #1292 ) ) ;
#572 = EDGE_CURVE ( 'NONE', #1822, #739, #456, .T. ) ;
#573 = EDGE_CURVE ( 'NONE', #1696, #1129, #112, .T. ) ;
#574 = ORIENTED_EDGE ( 'NONE', *, *, #2400, .F. ) ;
#575 = EDGE_LOOP ( 'NONE', ( #2260, #1501 ) ) ;
#576 = CARTESIAN_POINT ( 'NONE',  ( -3.783021279347995147, -9.298454172603129564, -12.22000000000000064 ) ) ;
#577 = ORIENTED_EDGE ( 'NONE', *, *, #1061, .T. ) ;
#578 = DIRECTION ( 'NONE',  ( 1.000000000000000000, 0.000000000000000000, 0.000000000000000000 ) ) ;
#579 = ADVANCED_FACE ( 'NONE', ( #1514 ), #100, .T. ) ;
#580 = LINE ( 'NONE', #2157, #387 ) ;
#581 = LINE ( 'NONE', #596, #773 ) ;
#582 = DIRECTION ( 'NONE',  ( 0.000000000000000000, 0.000000000000000000, 1.000000000000000000 ) ) ;
#583 = DIRECTION ( 'NONE',  ( -1.000000000000000000, 0.000000000000000000, 0.000000000000000000 ) ) ;
#584 = CYLINDRICAL_SURFACE ( 'NONE', #1308, 1.600000000000000089 ) ;
#585 = DIRECTION ( 'NONE',  ( 0.000000000000000000, 0.000000000000000000, 1.000000000000000000 ) ) ;
#586 = ORIENTED_EDGE ( 'NONE', *, *, #1454, .T. ) ;
#587 = CARTESIAN_POINT ( 'NONE',  ( 7.530687219636710061, 2.015254326381690220, -12.22000000000000064 ) ) ;
#588 = ADVANCED_FACE ( 'NONE', ( #728 ), #1141, .F. ) ;
#589 = CIRCLE ( 'NONE', #1264, 1.600000000000000089 ) ;
#590 = VECTOR ( 'NONE', #196, 1000.000000000000000 ) ;
#591 = ORIENTED_EDGE ( 'NONE', *, *, #65, .F. ) ;
#592 = CIRCLE ( 'NONE', #679, 1.600000000000000089 ) ;
#593 = ADVANCED_FACE ( 'NONE', ( #1337 ), #2167, .T. ) ;
#594 = AXIS2_PLACEMENT_3D ( 'NONE', #698, #135, #103 ) ;
#595 = VECTOR ( 'NONE', #1388, 1000.000000000000000 ) ;
#596 = CARTESIAN_POINT ( 'NONE',  ( 7.707463914933320837, 6.434671708797619516, -9.719999999999998863 ) ) ;
#597 = EDGE_CURVE ( 'NONE', #2610, #1983, #1743, .T. ) ;
#598 = DIRECTION ( 'NONE',  ( 0.7071067811865474617, -0.7071067811865474617, 0.000000000000000000 ) ) ;
#599 = VERTEX_POINT ( 'NONE', #162 ) ;
#600 = CARTESIAN_POINT ( 'NONE',  ( 9.121677477306420201, 6.434671708797619516, -14.22000000000000064 ) ) ;
#601 = LINE ( 'NONE', #234, #857 ) ;
#602 = ORIENTED_EDGE ( 'NONE', *, *, #1344, .T. ) ;
#603 = AXIS2_PLACEMENT_3D ( 'NONE', #373, #1991, #1188 ) ;
#604 = DIRECTION ( 'NONE',  ( 0.7071067811865441310, 0.7071067811865510144, 0.000000000000000000 ) ) ;
#605 = CARTESIAN_POINT ( 'NONE',  ( 17.35000000000000142, 0.000000000000000000, -2.000000000000000000 ) ) ;
#606 = FACE_OUTER_BOUND ( 'NONE', #2093, .T. ) ;
#607 = ORIENTED_EDGE ( 'NONE', *, *, #2401, .T. ) ;
#608 = DIRECTION ( 'NONE',  ( 0.000000000000000000, 0.000000000000000000, -1.000000000000000000 ) ) ;
#609 = DIRECTION ( 'NONE',  ( 0.000000000000000000, 0.000000000000000000, 1.000000000000000000 ) ) ;
#610 = ADVANCED_FACE ( 'NONE', ( #606 ), #786, .T. ) ;
#611 = PLANE ( 'NONE',  #2184 ) ;
#612 = CARTESIAN_POINT ( 'NONE',  ( 0.000000000000000000, 0.000000000000000000, -3.000000000000000000 ) ) ;
#613 = ORIENTED_EDGE ( 'NONE', *, *, #1160, .F. ) ;
#614 = PLANE ( 'NONE',  #255 ) ;
#615 = DIRECTION ( 'NONE',  ( 0.000000000000000000, 0.000000000000000000, 1.000000000000000000 ) ) ;
#616 = EDGE_LOOP ( 'NONE', ( #2523, #2365 ) ) ;
#617 = EDGE_CURVE ( 'NONE', #1095, #1896, #1107, .T. ) ;
#618 = PLANE ( 'NONE',  #1309 ) ;
#619 = CYLINDRICAL_SURFACE ( 'NONE', #559, 12.21499999999999986 ) ;
#620 = CARTESIAN_POINT ( 'NONE',  ( -5.409366876077089437, -4.136574669941344595, -12.22000000000000064 ) ) ;
#621 = ORIENTED_EDGE ( 'NONE', *, *, #355, .F. ) ;
#622 = CARTESIAN_POINT ( 'NONE',  ( -3.783021279347995147, -9.298454172603129564, -12.22000000000000064 ) ) ;
#623 = DIRECTION ( 'NONE',  ( 0.7071067811865515695, -0.7071067811865435759, 0.000000000000000000 ) ) ;
#624 = DIRECTION ( 'NONE',  ( 0.000000000000000000, 0.000000000000000000, 1.000000000000000000 ) ) ;
#625 = EDGE_CURVE ( 'NONE', #1077, #501, #1873, .T. ) ;
#626 = CYLINDRICAL_SURFACE ( 'NONE', #2182, 1.250000000000000222 ) ;
#627 = DIRECTION ( 'NONE',  ( 1.000000000000000000, 0.000000000000000000, 0.000000000000000000 ) ) ;
#628 = ORIENTED_EDGE ( 'NONE', *, *, #2212, .T. ) ;
#629 = EDGE_CURVE ( 'NONE', #1961, #1598, #241, .T. ) ;
#630 = EDGE_LOOP ( 'NONE', ( #99, #558 ) ) ;
#631 = CARTESIAN_POINT ( 'NONE',  ( 9.121677477306420201, 5.020458146424529922, 8.080000000000140403 ) ) ;
#632 = VERTEX_POINT ( 'NONE', #622 ) ;
#633 = APPLICATION_CONTEXT ( 'configuration controlled 3d designs of mechanical parts and assemblies' ) ;
#634 = EDGE_CURVE ( 'NONE', #991, #1426, #1427, .T. ) ;
#635 = CARTESIAN_POINT ( 'NONE',  ( 2.803300858899124837, -5.303300858899089754, -9.719999999999998863 ) ) ;
#636 = ORIENTED_EDGE ( 'NONE', *, *, #1454, .F. ) ;
#637 = CIRCLE ( 'NONE', #2095, 12.21499999999999986 ) ;
#638 = AXIS2_PLACEMENT_3D ( 'NONE', #174, #191, #1390 ) ;
#639 = CIRCLE ( 'NONE', #250, 1.000000000000000000 ) ;
#640 = DIRECTION ( 'NONE',  ( 0.000000000000000000, 0.000000000000000000, -1.000000000000000000 ) ) ;
#641 = AXIS2_PLACEMENT_3D ( 'NONE', #2235, #2449, #2220 ) ;
#642 = APPLICATION_PROTOCOL_DEFINITION ( 'international standard', 'config_control_design', 1994, #1581 ) ;
#643 = CIRCLE ( 'NONE', #2145, 13.16000000000222059 ) ;
#644 = CARTESIAN_POINT ( 'NONE',  ( 0.000000000000000000, 0.000000000000000000, -5.360000000000000320 ) ) ;
#645 = CARTESIAN_POINT ( 'NONE',  ( 0.000000000000000000, 0.000000000000000000, -14.22000000000000064 ) ) ;
#646 = CIRCLE ( 'NONE', #1577, 1.000000000000000000 ) ;
#647 = CARTESIAN_POINT ( 'NONE',  ( 8.859961093246859321, 10.13275329938273828, -9.719999999999998863 ) ) ;
#648 = VECTOR ( 'NONE', #735, 1000.000000000000000 ) ;
#649 = CARTESIAN_POINT ( 'NONE',  ( 7.707463914933320837, 6.434671708797619516, -9.719999999999998863 ) ) ;
#650 = EDGE_CURVE ( 'NONE', #1536, #1579, #854, .T. ) ;
#651 = LOCAL_TIME ( 18, 50, 30.00000000000000000, #1949 ) ;
#652 = VERTEX_POINT ( 'NONE', #1036 ) ;
#653 = EDGE_CURVE ( 'NONE', #862, #2323, #1442, .T. ) ;
#654 = CARTESIAN_POINT ( 'NONE',  ( 17.35000000000000142, 0.000000000000000000, -14.72000000000000064 ) ) ;
#655 = DIRECTION ( 'NONE',  ( 0.000000000000000000, 0.000000000000000000, 1.000000000000000000 ) ) ;
#656 = CARTESIAN_POINT ( 'NONE',  ( -2.192031021678275238, -6.293250352560299632, -14.22000000000000064 ) ) ;
#657 = DIRECTION ( 'NONE',  ( -1.000000000000000000, 0.000000000000000000, 0.000000000000000000 ) ) ;
#658 = CARTESIAN_POINT ( 'NONE',  ( -7.707463914933329718, -6.434671708797619516, -9.719999999999998863 ) ) ;
#659 = CYLINDRICAL_SURFACE ( 'NONE', #1754, 2.500000000000000000 ) ;
#660 = CARTESIAN_POINT ( 'NONE',  ( -8.414570696119879400, -5.727564927611069834, -14.22000000000000064 ) ) ;
#661 = CYLINDRICAL_SURFACE ( 'NONE', #988, 1.000000000000000000 ) ;
#662 = CARTESIAN_POINT ( 'NONE',  ( 2.899137802864819591, 5.586143571373750838, -9.719999999999998863 ) ) ;
#663 = ORIENTED_EDGE ( 'NONE', *, *, #1490, .T. ) ;
#664 = ORIENTED_EDGE ( 'NONE', *, *, #1640, .F. ) ;
#665 = DIRECTION ( 'NONE',  ( -1.000000000000000000, 0.000000000000000000, 0.000000000000000000 ) ) ;
#666 = DIRECTION ( 'NONE',  ( 0.7071067811865510144, -0.7071067811865440200, 0.000000000000000000 ) ) ;
#667 = FACE_OUTER_BOUND ( 'NONE', #710, .T. ) ;
#668 = CARTESIAN_POINT ( 'NONE',  ( 0.000000000000000000, 0.000000000000000000, 0.000000000000000000 ) ) ;
#669 = FACE_OUTER_BOUND ( 'NONE', #897, .T. ) ;
#670 = FACE_OUTER_BOUND ( 'NONE', #334, .T. ) ;
#671 = VERTEX_POINT ( 'NONE', #1644 ) ;
#672 = VERTEX_POINT ( 'NONE', #2451 ) ;
#673 = EDGE_LOOP ( 'NONE', ( #2142, #1586 ) ) ;
#674 = FACE_BOUND ( 'NONE', #575, .T. ) ;
#675 = DIRECTION ( 'NONE',  ( -1.000000000000000000, 0.000000000000000000, 0.000000000000000000 ) ) ;
#676 = AXIS2_PLACEMENT_3D ( 'NONE', #2397, #582, #394 ) ;
#677 = EDGE_CURVE ( 'NONE', #1003, #1112, #2060, .T. ) ;
#678 = CARTESIAN_POINT ( 'NONE',  ( -3.606244584051375046, -4.879036790187210038, -14.22000000000000064 ) ) ;
#679 = AXIS2_PLACEMENT_3D ( 'NONE', #1435, #2436, #1221 ) ;
#680 = COORDINATED_UNIVERSAL_TIME_OFFSET ( 10, 0, .AHEAD. ) ;
#681 = CARTESIAN_POINT ( 'NONE',  ( 13.45999999999999908, 1.648374591652334999E-15, -8.720000000000000639 ) ) ;
#682 = VERTEX_POINT ( 'NONE', #635 ) ;
#683 = DIRECTION ( 'NONE',  ( 0.000000000000000000, 0.000000000000000000, 1.000000000000000000 ) ) ;
#684 = LINE ( 'NONE', #1898, #723 ) ;
#685 = ORIENTED_EDGE ( 'NONE', *, *, #2212, .F. ) ;
#686 = ORIENTED_EDGE ( 'NONE', *, *, #858, .F. ) ;
#687 = VERTEX_POINT ( 'NONE', #2425 ) ;
#688 = DIRECTION ( 'NONE',  ( 1.000000000000000000, 0.000000000000000000, 0.000000000000000000 ) ) ;
#689 = EDGE_CURVE ( 'NONE', #1423, #1384, #717, .T. ) ;
#690 = ORIENTED_EDGE ( 'NONE', *, *, #861, .F. ) ;
#691 = CARTESIAN_POINT ( 'NONE',  ( 13.45999999999999908, 1.648374591652334999E-15, -2.000000000000000000 ) ) ;
#692 = DIRECTION ( 'NONE',  ( 0.000000000000000000, 0.000000000000000000, 1.000000000000000000 ) ) ;
#693 = CC_DESIGN_PERSON_AND_ORGANIZATION_ASSIGNMENT ( #532, #1342, ( #1928 ) ) ;
#694 = DIRECTION ( 'NONE',  ( 0.000000000000000000, 0.000000000000000000, -1.000000000000000000 ) ) ;
#695 = EDGE_LOOP ( 'NONE', ( #2110, #2327, #1115, #1262 ) ) ;
#696 = EDGE_LOOP ( 'NONE', ( #1739, #494, #690, #1684 ) ) ;
#697 = EDGE_LOOP ( 'NONE', ( #2006, #439, #2510, #2195 ) ) ;
#698 = CARTESIAN_POINT ( 'NONE',  ( 8.859961093246859321, 10.13275329938273828, -9.719999999999998863 ) ) ;
#699 = DIRECTION ( 'NONE',  ( 0.000000000000000000, 0.000000000000000000, -1.000000000000000000 ) ) ;
#700 = DIRECTION ( 'NONE',  ( -0.7071067811865441310, -0.7071067811865510144, 0.000000000000000000 ) ) ;
#701 = CARTESIAN_POINT ( 'NONE',  ( 5.586143571373700212, 2.899137802864864888, -14.22000000000000064 ) ) ;
#702 = CARTESIAN_POINT ( 'NONE',  ( -2.192031021678275238, -4.879036790187200268, -14.22000000000000064 ) ) ;
#703 = CARTESIAN_POINT ( 'NONE',  ( -6.434671708797550238, -7.707463914933409654, -9.719999999999998863 ) ) ;
#704 = EDGE_LOOP ( 'NONE', ( #2531, #1607, #729, #1383 ) ) ;
#705 = EDGE_CURVE ( 'NONE', #1003, #912, #1441, .T. ) ;
#706 = ORIENTED_EDGE ( 'NONE', *, *, #1836, .T. ) ;
#707 = CYLINDRICAL_SURFACE ( 'NONE', #1606, 13.45999999999999908 ) ;
#708 = EDGE_CURVE ( 'NONE', #768, #759, #199, .T. ) ;
#709 = CARTESIAN_POINT ( 'NONE',  ( 0.000000000000000000, 0.000000000000000000, 0.000000000000000000 ) ) ;
#710 = EDGE_LOOP ( 'NONE', ( #774, #1679, #2452, #238 ) ) ;
#711 = DIRECTION ( 'NONE',  ( 0.000000000000000000, 0.000000000000000000, 1.000000000000000000 ) ) ;
#712 = VERTEX_POINT ( 'NONE', #2439 ) ;
#713 = CARTESIAN_POINT ( 'NONE',  ( -5.020458146424439327, -10.53589103967959772, 8.080000000000140403 ) ) ;
#714 = ORIENTED_EDGE ( 'NONE', *, *, #2603, .T. ) ;
#715 = CARTESIAN_POINT ( 'NONE',  ( 6.351663334674750416, 11.86709622792992036, -9.719999999999998863 ) ) ;
#716 = DIRECTION ( 'NONE',  ( 0.000000000000000000, 0.000000000000000000, -1.000000000000000000 ) ) ;
#717 = CIRCLE ( 'NONE', #457, 0.9999999999999991118 ) ;
#718 = VECTOR ( 'NONE', #60, 1000.000000000000000 ) ;
#719 = CARTESIAN_POINT ( 'NONE',  ( -5.020458146424509493, -10.53589103967951957, -14.22000000000000064 ) ) ;
#720 = LINE ( 'NONE', #121, #1877 ) ;
#721 = ORIENTED_EDGE ( 'NONE', *, *, #938, .F. ) ;
#722 = AXIS2_PLACEMENT_3D ( 'NONE', #2013, #183, #1825 ) ;
#723 = VECTOR ( 'NONE', #479, 1000.000000000000000 ) ;
#724 = EDGE_LOOP ( 'NONE', ( #1563, #2136, #1613, #1700 ) ) ;
#725 = AXIS2_PLACEMENT_3D ( 'NONE', #835, #2463, #1414 ) ;
#726 = AXIS2_PLACEMENT_3D ( 'NONE', #1726, #2546, #509 ) ;
#727 = EDGE_CURVE ( 'NONE', #951, #2291, #415, .T. ) ;
#728 = FACE_OUTER_BOUND ( 'NONE', #1184, .T. ) ;
#729 = ORIENTED_EDGE ( 'NONE', *, *, #104, .T. ) ;
#730 = EDGE_CURVE ( 'NONE', #818, #1724, #2101, .T. ) ;
#731 = ORIENTED_EDGE ( 'NONE', *, *, #1175, .T. ) ;
#732 = DIRECTION ( 'NONE',  ( -0.7071067811865474617, 0.7071067811865474617, 0.000000000000000000 ) ) ;
#733 = EDGE_LOOP ( 'NONE', ( #28, #66, #776, #1465, #1762, #1165, #511, #1323, #1412, #1602 ) ) ;
#734 = CARTESIAN_POINT ( 'NONE',  ( 10.53589103967959772, 5.020458146424439327, -9.719999999999998863 ) ) ;
#735 = DIRECTION ( 'NONE',  ( 0.7071067811865515695, -0.7071067811865435759, 0.000000000000000000 ) ) ;
#736 = DIRECTION ( 'NONE',  ( 0.000000000000000000, 0.000000000000000000, 1.000000000000000000 ) ) ;
#737 = ORIENTED_EDGE ( 'NONE', *, *, #1981, .T. ) ;
#738 = CARTESIAN_POINT ( 'NONE',  ( 6.434671708797540468, 9.121677477306500137, 8.080000000000140403 ) ) ;
#739 = VERTEX_POINT ( 'NONE', #1720 ) ;
#740 = LINE ( 'NONE', #769, #949 ) ;
#741 = CARTESIAN_POINT ( 'NONE',  ( -6.293250352560259664, -5.020458146424529922, -12.22000000000000064 ) ) ;
#742 = EDGE_CURVE ( 'NONE', #2501, #2211, #944, .T. ) ;
#743 = VERTEX_POINT ( 'NONE', #109 ) ;
#744 = CARTESIAN_POINT ( 'NONE',  ( 0.000000000000000000, 0.000000000000000000, -3.000000000000000000 ) ) ;
#745 = ORIENTED_EDGE ( 'NONE', *, *, #994, .T. ) ;
#746 = CARTESIAN_POINT ( 'NONE',  ( 5.020458146424449986, 10.53589103967959772, -14.22000000000000064 ) ) ;
#747 = DIRECTION ( 'NONE',  ( 1.000000000000000000, -1.734723475976807094E-15, 0.000000000000000000 ) ) ;
#748 = ORIENTED_EDGE ( 'NONE', *, *, #2569, .F. ) ;
#749 = CARTESIAN_POINT ( 'NONE',  ( -13.45999999999999908, 0.000000000000000000, -3.000000000000000000 ) ) ;
#750 = EDGE_CURVE ( 'NONE', #2497, #1891, #1751, .T. ) ;
#751 = FACE_OUTER_BOUND ( 'NONE', #2034, .T. ) ;
#752 = DATE_AND_TIME ( #2575, #140 ) ;
#753 = CARTESIAN_POINT ( 'NONE',  ( -15.75000000000000000, 0.000000000000000000, -2.000000000000000000 ) ) ;
#754 = DIRECTION ( 'NONE',  ( 1.000000000000000000, 0.000000000000000000, 0.000000000000000000 ) ) ;
#755 = DIRECTION ( 'NONE',  ( 0.000000000000000000, 0.000000000000000000, 1.000000000000000000 ) ) ;
#756 = VERTEX_POINT ( 'NONE', #2133 ) ;
#757 = CARTESIAN_POINT ( 'NONE',  ( -5.020458146424449986, -9.121677477306500137, -9.719999999999998863 ) ) ;
#758 = ORIENTED_EDGE ( 'NONE', *, *, #2481, .T. ) ;
#759 = VERTEX_POINT ( 'NONE', #1138 ) ;
#760 = CARTESIAN_POINT ( 'NONE',  ( 5.727564927611000556, 8.414570696119948678, -14.22000000000000064 ) ) ;
#761 = ORIENTED_EDGE ( 'NONE', *, *, #2428, .F. ) ;
#762 = EDGE_CURVE ( 'NONE', #541, #2292, #286, .T. ) ;
#763 = APPLICATION_PROTOCOL_DEFINITION ( 'international standard', 'config_control_design', 1994, #633 ) ;
#764 = FACE_BOUND ( 'NONE', #1777, .T. ) ;
#765 = VERTEX_POINT ( 'NONE', #2176 ) ;
#766 = EDGE_CURVE ( 'NONE', #1000, #1238, #643, .T. ) ;
#767 = AXIS2_PLACEMENT_3D ( 'NONE', #907, #2345, #1716 ) ;
#768 = VERTEX_POINT ( 'NONE', #702 ) ;
#769 = CARTESIAN_POINT ( 'NONE',  ( 2.192031021678275238, 4.879036790187200268, 8.080000000000140403 ) ) ;
#770 = AXIS2_PLACEMENT_3D ( 'NONE', #2296, #1456, #270 ) ;
#771 = AXIS2_PLACEMENT_3D ( 'NONE', #2068, #2526, #1299 ) ;
#772 = VECTOR ( 'NONE', #62, 1000.000000000000114 ) ;
#773 = VECTOR ( 'NONE', #1208, 1000.000000000000000 ) ;
#774 = ORIENTED_EDGE ( 'NONE', *, *, #2488, .T. ) ;
#775 = VECTOR ( 'NONE', #2266, 1000.000000000000000 ) ;
#776 = ORIENTED_EDGE ( 'NONE', *, *, #2400, .T. ) ;
#777 = AXIS2_PLACEMENT_3D ( 'NONE', #2582, #1821, #2070 ) ;
#778 = CYLINDRICAL_SURFACE ( 'NONE', #1020, 1.250000000000000444 ) ;
#779 = EDGE_CURVE ( 'NONE', #1983, #2610, #2232, .T. ) ;
#780 = CARTESIAN_POINT ( 'NONE',  ( -6.434671708797540468, -9.121677477306500137, -14.22000000000000064 ) ) ;
#781 = DIRECTION ( 'NONE',  ( 0.000000000000000000, 0.000000000000000000, 1.000000000000000000 ) ) ;
#782 = CARTESIAN_POINT ( 'NONE',  ( -2.899137802864815150, -8.414570696119948678, -12.22000000000000064 ) ) ;
#783 = DIRECTION ( 'NONE',  ( 0.000000000000000000, 0.000000000000000000, 1.000000000000000000 ) ) ;
#784 = EDGE_LOOP ( 'NONE', ( #731, #2017, #517, #1544, #2549, #1074, #613, #607, #883, #2529 ) ) ;
#785 = EDGE_CURVE ( 'NONE', #216, #2062, #989, .T. ) ;
#786 = CYLINDRICAL_SURFACE ( 'NONE', #1393, 0.9999999999999991118 ) ;
#787 = EDGE_LOOP ( 'NONE', ( #1727, #539 ) ) ;
#788 = ORIENTED_EDGE ( 'NONE', *, *, #1160, .T. ) ;
#789 = FACE_OUTER_BOUND ( 'NONE', #1939, .T. ) ;
#790 = CARTESIAN_POINT ( 'NONE',  ( 15.75000000000000000, 0.000000000000000000, -2.000000000000000000 ) ) ;
#791 = FACE_OUTER_BOUND ( 'NONE', #2594, .T. ) ;
#792 = CARTESIAN_POINT ( 'NONE',  ( 12.21499999999999986, 1.495906065158492217E-15, -3.000000000000000000 ) ) ;
#793 = ORIENTED_EDGE ( 'NONE', *, *, #634, .F. ) ;
#794 = EDGE_CURVE ( 'NONE', #1715, #506, #2019, .T. ) ;
#795 = LINE ( 'NONE', #587, #1062 ) ;
#796 = EDGE_CURVE ( 'NONE', #970, #307, #51, .T. ) ;
#797 = EDGE_LOOP ( 'NONE', ( #483, #2021 ) ) ;
#798 = CARTESIAN_POINT ( 'NONE',  ( 10.53589103967951957, 5.020458146424509493, -14.22000000000000064 ) ) ;
#799 = EDGE_CURVE ( 'NONE', #2326, #912, #500, .T. ) ;
#800 = DIRECTION ( 'NONE',  ( 0.000000000000000000, 0.000000000000000000, -1.000000000000000000 ) ) ;
#801 = DIRECTION ( 'NONE',  ( -1.000000000000000000, 0.000000000000000000, 0.000000000000000000 ) ) ;
#802 = CARTESIAN_POINT ( 'NONE',  ( -4.586143571373710870, -2.899137802864869773, -14.22000000000000064 ) ) ;
#803 = CARTESIAN_POINT ( 'NONE',  ( 0.000000000000000000, 15.75000000000000000, -2.000000000000000000 ) ) ;
#804 = ORIENTED_EDGE ( 'NONE', *, *, #2353, .F. ) ;
#805 = CARTESIAN_POINT ( 'NONE',  ( -12.21499999999999986, 0.000000000000000000, -8.720000000000000639 ) ) ;
#806 = AXIS2_PLACEMENT_3D ( 'NONE', #709, #309, #926 ) ;
#807 = EDGE_CURVE ( 'NONE', #1672, #712, #133, .T. ) ;
#808 = AXIS2_PLACEMENT_3D ( 'NONE', #2332, #505, #1111 ) ;
#809 = CARTESIAN_POINT ( 'NONE',  ( -7.000357133746810234, -1.484924240491779956, -9.719999999999998863 ) ) ;
#810 = VECTOR ( 'NONE', #1645, 1000.000000000000000 ) ;
#811 = VECTOR ( 'NONE', #692, 1000.000000000000000 ) ;
#812 = ADVANCED_FACE ( 'NONE', ( #764, #1218 ), #614, .F. ) ;
#813 = CIRCLE ( 'NONE', #86, 13.45999999999999908 ) ;
#814 = AXIS2_PLACEMENT_3D ( 'NONE', #333, #2560, #2362 ) ;
#815 = CIRCLE ( 'NONE', #1880, 12.21499999999999986 ) ;
#816 = FACE_BOUND ( 'NONE', #1028, .T. ) ;
#817 = DIRECTION ( 'NONE',  ( 0.000000000000000000, 0.000000000000000000, -1.000000000000000000 ) ) ;
#818 = VERTEX_POINT ( 'NONE', #193 ) ;
#819 = ORIENTED_EDGE ( 'NONE', *, *, #963, .F. ) ;
#820 = DIRECTION ( 'NONE',  ( 0.000000000000000000, 0.000000000000000000, 1.000000000000000000 ) ) ;
#821 = FACE_OUTER_BOUND ( 'NONE', #972, .T. ) ;
#822 = AXIS2_PLACEMENT_3D ( 'NONE', #1163, #711, #430 ) ;
#823 = DIRECTION ( 'NONE',  ( 1.000000000000000000, 0.000000000000000000, 0.000000000000000000 ) ) ;
#824 = DIRECTION ( 'NONE',  ( 0.000000000000000000, 0.000000000000000000, -1.000000000000000000 ) ) ;
#825 = VERTEX_POINT ( 'NONE', #600 ) ;
#826 = DIRECTION ( 'NONE',  ( 1.000000000000000000, 0.000000000000000000, 0.000000000000000000 ) ) ;
#827 = EDGE_CURVE ( 'NONE', #1961, #2323, #2046, .T. ) ;
#828 = DIRECTION ( 'NONE',  ( -1.000000000000000000, 0.000000000000000000, 0.000000000000000000 ) ) ;
#829 = VERTEX_POINT ( 'NONE', #1029 ) ;
#830 = DIRECTION ( 'NONE',  ( -1.000000000000000000, 0.000000000000000000, 0.000000000000000000 ) ) ;
#831 = CYLINDRICAL_SURFACE ( 'NONE', #1702, 1.600000000000000089 ) ;
#832 = EDGE_LOOP ( 'NONE', ( #1462, #153, #2507, #1220, #2159, #1282, #927, #2503 ) ) ;
#833 = EDGE_CURVE ( 'NONE', #2326, #1112, #1006, .T. ) ;
#834 = FACE_OUTER_BOUND ( 'NONE', #1132, .T. ) ;
#835 = CARTESIAN_POINT ( 'NONE',  ( -5.303300858899119952, 5.303300858899099524, 0.000000000000000000 ) ) ;
#836 = ORIENTED_EDGE ( 'NONE', *, *, #1389, .F. ) ;
#837 = DIRECTION ( 'NONE',  ( 0.000000000000000000, 0.000000000000000000, 1.000000000000000000 ) ) ;
#838 = PLANE ( 'NONE',  #2190 ) ;
#839 = CARTESIAN_POINT ( 'NONE',  ( 5.727564927611000556, 8.414570696119948678, -9.719999999999998863 ) ) ;
#840 = FACE_OUTER_BOUND ( 'NONE', #2349, .T. ) ;
#841 = CARTESIAN_POINT ( 'NONE',  ( 10.53589103967959772, 5.020458146424439327, -9.719999999999998863 ) ) ;
#842 = DIRECTION ( 'NONE',  ( 0.000000000000000000, 0.000000000000000000, 1.000000000000000000 ) ) ;
#843 = ADVANCED_FACE ( 'NONE', ( #1016 ), #2389, .T. ) ;
#844 = CARTESIAN_POINT ( 'NONE',  ( -9.121677477306430859, -5.020458146424519263, -9.719999999999998863 ) ) ;
#845 = ORIENTED_EDGE ( 'NONE', *, *, #975, .T. ) ;
#846 = VECTOR ( 'NONE', #2360, 1000.000000000000114 ) ;
#847 = CARTESIAN_POINT ( 'NONE',  ( 1.600000000000000089, -15.75000000000000000, -14.72000000000000064 ) ) ;
#848 = LINE ( 'NONE', #443, #290 ) ;
#849 = CIRCLE ( 'NONE', #340, 1.600000000000000089 ) ;
#850 = AXIS2_PLACEMENT_3D ( 'NONE', #2131, #879, #264 ) ;
#851 = DIRECTION ( 'NONE',  ( -0.7071067811865475727, -0.7071067811865475727, 0.000000000000000000 ) ) ;
#852 = CYLINDRICAL_SURFACE ( 'NONE', #1838, 12.21499999999999986 ) ;
#853 = VECTOR ( 'NONE', #287, 1000.000000000000000 ) ;
#854 = CIRCLE ( 'NONE', #1974, 1.000000000000000000 ) ;
#855 = LINE ( 'NONE', #1243, #885 ) ;
#856 = CARTESIAN_POINT ( 'NONE',  ( 0.000000000000000000, 0.000000000000000000, 0.000000000000000000 ) ) ;
#857 = VECTOR ( 'NONE', #1862, 1000.000000000000000 ) ;
#858 = EDGE_CURVE ( 'NONE', #2062, #632, #208, .T. ) ;
#859 = VECTOR ( 'NONE', #349, 1000.000000000000000 ) ;
#860 = DIRECTION ( 'NONE',  ( 0.000000000000000000, 0.000000000000000000, -1.000000000000000000 ) ) ;
#861 = EDGE_CURVE ( 'NONE', #136, #2564, #80, .T. ) ;
#862 = VERTEX_POINT ( 'NONE', #362 ) ;
#863 = ORIENTED_EDGE ( 'NONE', *, *, #978, .F. ) ;
#864 = DIRECTION ( 'NONE',  ( 1.000000000000000000, 0.000000000000000000, 0.000000000000000000 ) ) ;
#865 = DIRECTION ( 'NONE',  ( 0.7071067811865439090, 0.7071067811865511255, 0.000000000000000000 ) ) ;
#866 = CARTESIAN_POINT ( 'NONE',  ( 13.45999999999999908, 1.648374591652334999E-15, 0.000000000000000000 ) ) ;
#867 = DIRECTION ( 'NONE',  ( 0.000000000000000000, 0.000000000000000000, 1.000000000000000000 ) ) ;
#868 = DIRECTION ( 'NONE',  ( -0.7071067811865475727, -0.7071067811865475727, 0.000000000000000000 ) ) ;
#869 = DIRECTION ( 'NONE',  ( 0.000000000000000000, 0.000000000000000000, 1.000000000000000000 ) ) ;
#870 = ORIENTED_EDGE ( 'NONE', *, *, #794, .F. ) ;
#871 = CC_DESIGN_DATE_AND_TIME_ASSIGNMENT ( #2059, #1076, ( #1407 ) ) ;
#872 = EDGE_CURVE ( 'NONE', #307, #526, #1585, .T. ) ;
#873 = PERSON_AND_ORGANIZATION ( #18446744073709551615, #18446744073709551615 ) ;
#874 = VERTEX_POINT ( 'NONE', #160 ) ;
#875 = ADVANCED_FACE ( 'NONE', ( #791 ), #982, .F. ) ;
#876 = ORIENTED_EDGE ( 'NONE', *, *, #1680, .F. ) ;
#877 = DIRECTION ( 'NONE',  ( 1.000000000000000000, 0.000000000000000000, 0.000000000000000000 ) ) ;
#878 = DIRECTION ( 'NONE',  ( 0.7071067811865439090, 0.7071067811865511255, 0.000000000000000000 ) ) ;
#879 = DIRECTION ( 'NONE',  ( 0.000000000000000000, 0.000000000000000000, -1.000000000000000000 ) ) ;
#880 = DIRECTION ( 'NONE',  ( 1.000000000000000000, 0.000000000000000000, 0.000000000000000000 ) ) ;
#881 = EDGE_LOOP ( 'NONE', ( #2080, #1421, #374, #2071 ) ) ;
#882 = EDGE_CURVE ( 'NONE', #2062, #216, #2412, .T. ) ;
#883 = ORIENTED_EDGE ( 'NONE', *, *, #650, .T. ) ;
#884 = CARTESIAN_POINT ( 'NONE',  ( 18.50000000000000000, 2.265596578422604974E-15, 0.000000000000000000 ) ) ;
#885 = VECTOR ( 'NONE', #2078, 1000.000000000000000 ) ;
#886 = CC_DESIGN_DATE_AND_TIME_ASSIGNMENT ( #752, #1189, ( #1275 ) ) ;
#887 = ORIENTED_EDGE ( 'NONE', *, *, #1945, .T. ) ;
#888 = FACE_OUTER_BOUND ( 'NONE', #2626, .T. ) ;
#889 = VERTEX_POINT ( 'NONE', #802 ) ;
#890 = LINE ( 'NONE', #1497, #846 ) ;
#891 = AXIS2_PLACEMENT_3D ( 'NONE', #918, #2342, #545 ) ;
#892 = DIRECTION ( 'NONE',  ( -0.7071067811865475727, 0.7071067811865475727, 0.000000000000000000 ) ) ;
#893 = AXIS2_PLACEMENT_3D ( 'NONE', #117, #1701, #688 ) ;
#894 = VECTOR ( 'NONE', #1723, 1000.000000000000000 ) ;
#895 = CARTESIAN_POINT ( 'NONE',  ( -2.015254326381635153, -7.530687219636760688, -12.22000000000000064 ) ) ;
#896 = LINE ( 'NONE', #466, #2272 ) ;
#897 = EDGE_LOOP ( 'NONE', ( #1333, #997, #1552, #275 ) ) ;
#898 = AXIS2_PLACEMENT_3D ( 'NONE', #2538, #716, #2346 ) ;
#899 = ORIENTED_EDGE ( 'NONE', *, *, #573, .T. ) ;
#900 = EDGE_CURVE ( 'NONE', #1951, #1173, #2399, .T. ) ;
#901 = FACE_BOUND ( 'NONE', #616, .T. ) ;
#902 = ORIENTED_EDGE ( 'NONE', *, *, #1344, .F. ) ;
#903 = CARTESIAN_POINT ( 'NONE',  ( -4.879036790187160300, -2.192031021678315206, 8.080000000000140403 ) ) ;
#904 = APPROVAL_ROLE ( '' ) ;
#905 = CARTESIAN_POINT ( 'NONE',  ( 1.600000000000000089, -15.75000000000000000, 0.000000000000000000 ) ) ;
#906 = ORIENTED_EDGE ( 'NONE', *, *, #1068, .F. ) ;
#907 = CARTESIAN_POINT ( 'NONE',  ( 5.020458146424449986, 9.121677477306500137, -14.22000000000000064 ) ) ;
#908 = ADVANCED_FACE ( 'NONE', ( #1827 ), #584, .F. ) ;
#909 = DIRECTION ( 'NONE',  ( 0.7071067811865470176, -0.7071067811865480168, 0.000000000000000000 ) ) ;
#910 = CARTESIAN_POINT ( 'NONE',  ( -4.879036790187160300, -3.606244584051415014, -9.719999999999998863 ) ) ;
#911 = CARTESIAN_POINT ( 'NONE',  ( -5.586143571373710870, -2.899137802864869773, -9.719999999999998863 ) ) ;
#912 = VERTEX_POINT ( 'NONE', #1392 ) ;
#913 = EDGE_CURVE ( 'NONE', #2380, #1788, #1625, .T. ) ;
#914 = ORIENTED_EDGE ( 'NONE', *, *, #1210, .F. ) ;
#915 = VERTEX_POINT ( 'NONE', #658 ) ;
#916 = DIRECTION ( 'NONE',  ( 0.000000000000000000, 0.000000000000000000, 1.000000000000000000 ) ) ;
#917 = ORIENTED_EDGE ( 'NONE', *, *, #2609, .F. ) ;
#918 = CARTESIAN_POINT ( 'NONE',  ( 12.21499999999999986, 0.000000000000000000, -5.360000000000000320 ) ) ;
#919 = ORIENTED_EDGE ( 'NONE', *, *, #2028, .F. ) ;
#920 = CARTESIAN_POINT ( 'NONE',  ( 1.484924240491722003, 7.000357133746839544, -9.719999999999998863 ) ) ;
#921 = CARTESIAN_POINT ( 'NONE',  ( 0.000000000000000000, 0.000000000000000000, -8.720000000000000639 ) ) ;
#922 = EDGE_LOOP ( 'NONE', ( #2598, #365, #1328, #1277 ) ) ;
#923 = LINE ( 'NONE', #1737, #2416 ) ;
#924 = ORIENTED_EDGE ( 'NONE', *, *, #2109, .F. ) ;
#925 = ADVANCED_FACE ( 'NONE', ( #1283 ), #43, .T. ) ;
#926 = DIRECTION ( 'NONE',  ( 0.000000000000000000, -1.000000000000000000, 0.000000000000000000 ) ) ;
#927 = ORIENTED_EDGE ( 'NONE', *, *, #677, .T. ) ;
#928 = VERTEX_POINT ( 'NONE', #1637 ) ;
#929 = ORIENTED_EDGE ( 'NONE', *, *, #53, .F. ) ;
#930 = FACE_OUTER_BOUND ( 'NONE', #881, .T. ) ;
#931 = ORIENTED_EDGE ( 'NONE', *, *, #629, .T. ) ;
#932 = DIRECTION ( 'NONE',  ( 0.7071067811865470176, -0.7071067811865480168, 0.000000000000000000 ) ) ;
#933 = CIRCLE ( 'NONE', #1615, 1.000000000000000000 ) ;
#934 = CARTESIAN_POINT ( 'NONE',  ( -9.121677477306430859, -5.020458146424519263, 8.080000000000140403 ) ) ;
#935 = AXIS2_PLACEMENT_3D ( 'NONE', #1970, #518, #2188 ) ;
#936 = DIRECTION ( 'NONE',  ( 0.000000000000000000, 0.000000000000000000, 1.000000000000000000 ) ) ;
#937 = EDGE_LOOP ( 'NONE', ( #1512, #1561 ) ) ;
#938 = EDGE_CURVE ( 'NONE', #2238, #1951, #377, .T. ) ;
#939 = CIRCLE ( 'NONE', #1831, 1.600000000000000755 ) ;
#940 = VECTOR ( 'NONE', #1153, 1000.000000000000000 ) ;
#941 = DIRECTION ( 'NONE',  ( -1.000000000000000000, 0.000000000000000000, 0.000000000000000000 ) ) ;
#942 = ORIENTED_EDGE ( 'NONE', *, *, #1466, .F. ) ;
#943 = CIRCLE ( 'NONE', #1614, 1.000000000000000000 ) ;
#944 = CIRCLE ( 'NONE', #1055, 1.250000000000000444 ) ;
#945 = EDGE_CURVE ( 'NONE', #485, #2489, #2544, .T. ) ;
#946 = DIRECTION ( 'NONE',  ( 0.000000000000000000, 0.000000000000000000, -1.000000000000000000 ) ) ;
#947 = AXIS2_PLACEMENT_3D ( 'NONE', #645, #2287, #1448 ) ;
#948 = ORIENTED_EDGE ( 'NONE', *, *, #1359, .T. ) ;
#949 = VECTOR ( 'NONE', #2004, 1000.000000000000000 ) ;
#950 = FACE_OUTER_BOUND ( 'NONE', #630, .T. ) ;
#951 = VERTEX_POINT ( 'NONE', #2483 ) ;
#952 = FACE_OUTER_BOUND ( 'NONE', #2156, .T. ) ;
#953 = DIRECTION ( 'NONE',  ( 1.000000000000000000, 0.000000000000000000, 0.000000000000000000 ) ) ;
#954 = ORIENTED_EDGE ( 'NONE', *, *, #353, .T. ) ;
#955 = LINE ( 'NONE', #920, #2138 ) ;
#956 = CARTESIAN_POINT ( 'NONE',  ( -13.45999999999999908, 0.000000000000000000, -2.000000000000000000 ) ) ;
#957 = CARTESIAN_POINT ( 'NONE',  ( 15.75000000000000000, 0.000000000000000000, 0.000000000000000000 ) ) ;
#958 = DIRECTION ( 'NONE',  ( 0.000000000000000000, 0.000000000000000000, 1.000000000000000000 ) ) ;
#959 = CARTESIAN_POINT ( 'NONE',  ( -5.303300858899119952, 5.303300858899099524, 1.249139735130296026E-15 ) ) ;
#960 = ORIENTED_EDGE ( 'NONE', *, *, #1913, .F. ) ;
#961 = DIRECTION ( 'NONE',  ( 1.000000000000000000, 0.000000000000000000, 0.000000000000000000 ) ) ;
#962 = ORIENTED_EDGE ( 'NONE', *, *, #2403, .F. ) ;
#963 = EDGE_CURVE ( 'NONE', #368, #1193, #1789, .T. ) ;
#964 = ORIENTED_EDGE ( 'NONE', *, *, #263, .T. ) ;
#965 = EDGE_LOOP ( 'NONE', ( #388, #788, #714, #2391 ) ) ;
#966 = ADVANCED_FACE ( 'NONE', ( #667 ), #1870, .T. ) ;
#967 = CARTESIAN_POINT ( 'NONE',  ( 10.13275329938264058, 8.859961093246971231, -14.22000000000000064 ) ) ;
#968 = DIRECTION ( 'NONE',  ( 0.000000000000000000, 0.000000000000000000, 1.000000000000000000 ) ) ;
#969 = CARTESIAN_POINT ( 'NONE',  ( 7.000357133746789806, 1.484924240491771963, -14.22000000000000064 ) ) ;
#970 = VERTEX_POINT ( 'NONE', #262 ) ;
#971 = CARTESIAN_POINT ( 'NONE',  ( -4.879036790187160300, -3.606244584051409685, -9.719999999999998863 ) ) ;
#972 = EDGE_LOOP ( 'NONE', ( #686, #369, #887, #110 ) ) ;
#973 = ORIENTED_EDGE ( 'NONE', *, *, #104, .F. ) ;
#974 = DIRECTION ( 'NONE',  ( 0.000000000000000000, 0.000000000000000000, -1.000000000000000000 ) ) ;
#975 = EDGE_CURVE ( 'NONE', #1354, #2443, #589, .T. ) ;
#976 = ORIENTED_EDGE ( 'NONE', *, *, #1124, .F. ) ;
#977 = PRODUCT ( 'LUMEN-M-FLANGE-CAP-R2.STEP', 'LUMEN-M-FLANGE-CAP-R2.STEP', '', ( #1595 ) ) ;
#978 = EDGE_CURVE ( 'NONE', #1809, #136, #855, .T. ) ;
#979 = DIRECTION ( 'NONE',  ( 0.7071067811865434649, 0.7071067811865514585, 0.000000000000000000 ) ) ;
#980 = LINE ( 'NONE', #2574, #2104 ) ;
#981 = PERSON_AND_ORGANIZATION ( #18446744073709551615, #18446744073709551615 ) ;
#982 = CYLINDRICAL_SURFACE ( 'NONE', #2048, 1.250000000000000444 ) ;
#983 = LINE ( 'NONE', #1151, #1198 ) ;
#984 = ORIENTED_EDGE ( 'NONE', *, *, #807, .T. ) ;
#985 = CIRCLE ( 'NONE', #165, 1.000000000000000000 ) ;
#986 = AXIS2_PLACEMENT_3D ( 'NONE', #434, #458, #2285 ) ;
#987 = EDGE_LOOP ( 'NONE', ( #72, #2404, #836, #210 ) ) ;
#988 = AXIS2_PLACEMENT_3D ( 'NONE', #1888, #2312, #2299 ) ;
#989 = CIRCLE ( 'NONE', #814, 1.250000000000000444 ) ;
#990 = AXIS2_PLACEMENT_3D ( 'NONE', #1108, #1929, #97 ) ;
#991 = VERTEX_POINT ( 'NONE', #2118 ) ;
#992 = VERTEX_POINT ( 'NONE', #1271 ) ;
#993 = VECTOR ( 'NONE', #246, 999.9999999999998863 ) ;
#994 = EDGE_CURVE ( 'NONE', #2583, #406, #637, .T. ) ;
#995 = CARTESIAN_POINT ( 'NONE',  ( -1.600000000000000089, -15.75000000000000000, 0.000000000000000000 ) ) ;
#996 = DIRECTION ( 'NONE',  ( 0.7071067811865515695, -0.7071067811865435759, 0.000000000000000000 ) ) ;
#997 = ORIENTED_EDGE ( 'NONE', *, *, #2585, .F. ) ;
#998 = EDGE_CURVE ( 'NONE', #2097, #25, #233, .T. ) ;
#999 = DIRECTION ( 'NONE',  ( -1.000000000000000000, 0.000000000000000000, 0.000000000000000000 ) ) ;
#1000 = VERTEX_POINT ( 'NONE', #2494 ) ;
#1001 = ADVANCED_FACE ( 'NONE', ( #23 ), #626, .F. ) ;
#1002 = DIRECTION ( 'NONE',  ( 0.000000000000000000, 0.000000000000000000, 1.000000000000000000 ) ) ;
#1003 = VERTEX_POINT ( 'NONE', #2286 ) ;
#1004 = CYLINDRICAL_SURFACE ( 'NONE', #465, 1.600000000000000089 ) ;
#1005 = CARTESIAN_POINT ( 'NONE',  ( -3.606244584051375046, -4.879036790187210038, -9.719999999999998863 ) ) ;
#1006 = LINE ( 'NONE', #8, #2421 ) ;
#1007 = DIRECTION ( 'NONE',  ( 0.000000000000000000, 0.000000000000000000, -1.000000000000000000 ) ) ;
#1008 = ORIENTED_EDGE ( 'NONE', *, *, #1021, .T. ) ;
#1009 = SHAPE_DEFINITION_REPRESENTATION ( #2629, #366 ) ;
#1010 = ADVANCED_FACE ( 'NONE', ( #1689 ), #2309, .F. ) ;
#1011 = ORIENTED_EDGE ( 'NONE', *, *, #30, .F. ) ;
#1012 = LINE ( 'NONE', #564, #1158 ) ;
#1013 = DIRECTION ( 'NONE',  ( 1.000000000000000000, 0.000000000000000000, 0.000000000000000000 ) ) ;
#1014 = LINE ( 'NONE', #1815, #557 ) ;
#1015 = FACE_BOUND ( 'NONE', #441, .T. ) ;
#1016 = FACE_OUTER_BOUND ( 'NONE', #2129, .T. ) ;
#1017 = CARTESIAN_POINT ( 'NONE',  ( 5.727564927611000556, 8.414570696119948678, -9.719999999999998863 ) ) ;
#1018 = EDGE_CURVE ( 'NONE', #1352, #2533, #244, .T. ) ;
#1019 = CC_DESIGN_PERSON_AND_ORGANIZATION_ASSIGNMENT ( #2612, #181, ( #1928 ) ) ;
#1020 = AXIS2_PLACEMENT_3D ( 'NONE', #157, #2405, #1203 ) ;
#1021 = EDGE_CURVE ( 'NONE', #397, #2097, #1861, .T. ) ;
#1022 = DIRECTION ( 'NONE',  ( 0.000000000000000000, 0.000000000000000000, 1.000000000000000000 ) ) ;
#1023 = AXIS2_PLACEMENT_3D ( 'NONE', #2143, #1728, #527 ) ;
#1024 = EDGE_CURVE ( 'NONE', #2210, #2292, #1048, .T. ) ;
#1025 = CIRCLE ( 'NONE', #1200, 1.600000000000000089 ) ;
#1026 = CARTESIAN_POINT ( 'NONE',  ( -9.121677477306430859, -5.020458146424519263, -14.22000000000000064 ) ) ;
#1027 = FACE_OUTER_BOUND ( 'NONE', #288, .T. ) ;
#1028 = EDGE_LOOP ( 'NONE', ( #1463, #685 ) ) ;
#1029 = CARTESIAN_POINT ( 'NONE',  ( 1.484924240491722003, 7.000357133746839544, -9.719999999999998863 ) ) ;
#1030 = DIRECTION ( 'NONE',  ( 0.000000000000000000, 0.000000000000000000, 1.000000000000000000 ) ) ;
#1031 = AXIS2_PLACEMENT_3D ( 'NONE', #139, #2192, #2001 ) ;
#1032 = DIRECTION ( 'NONE',  ( 0.000000000000000000, 0.000000000000000000, 1.000000000000000000 ) ) ;
#1033 = ORIENTED_EDGE ( 'NONE', *, *, #338, .T. ) ;
#1034 = CARTESIAN_POINT ( 'NONE',  ( -1.484924240491729996, -5.586143571373750838, -14.22000000000000064 ) ) ;
#1035 = ORIENTED_EDGE ( 'NONE', *, *, #858, .T. ) ;
#1036 = CARTESIAN_POINT ( 'NONE',  ( 13.45999999999999908, 1.648374591652334999E-15, -5.360000000000000320 ) ) ;
#1037 = ADVANCED_FACE ( 'NONE', ( #1256 ), #285, .T. ) ;
#1038 = DIRECTION ( 'NONE',  ( 0.7071067811865442421, 0.7071067811865507924, 0.000000000000000000 ) ) ;
#1039 = DIRECTION ( 'NONE',  ( 0.000000000000000000, 0.000000000000000000, 1.000000000000000000 ) ) ;
#1040 = DIRECTION ( 'NONE',  ( 0.000000000000000000, 0.000000000000000000, -1.000000000000000000 ) ) ;
#1041 = CARTESIAN_POINT ( 'NONE',  ( -2.899137802864815150, -8.414570696119948678, -12.22000000000000064 ) ) ;
#1042 = DIRECTION ( 'NONE',  ( -0.7071067811865475727, -0.7071067811865475727, 0.000000000000000000 ) ) ;
#1043 = VERTEX_POINT ( 'NONE', #1507 ) ;
#1044 = ADVANCED_FACE ( 'NONE', ( #2371 ), #2498, .T. ) ;
#1045 = FACE_OUTER_BOUND ( 'NONE', #1576, .T. ) ;
#1046 = CARTESIAN_POINT ( 'NONE',  ( 9.298454172603060286, 3.783021279348064869, -12.22000000000000064 ) ) ;
#1047 = PLANE ( 'NONE',  #1611 ) ;
#1048 = LINE ( 'NONE', #422, #1396 ) ;
#1049 = CARTESIAN_POINT ( 'NONE',  ( 5.727564927611000556, 9.828784258493049819, -14.22000000000000064 ) ) ;
#1050 = EDGE_CURVE ( 'NONE', #2501, #1144, #2317, .T. ) ;
#1051 = CARTESIAN_POINT ( 'NONE',  ( 0.000000000000000000, 15.75000000000000000, 0.000000000000000000 ) ) ;
#1052 = DIRECTION ( 'NONE',  ( -1.000000000000000000, 0.000000000000000000, 0.000000000000000000 ) ) ;
#1053 = DIRECTION ( 'NONE',  ( 0.000000000000000000, 0.000000000000000000, -1.000000000000000000 ) ) ;
#1054 = VERTEX_POINT ( 'NONE', #137 ) ;
#1055 = AXIS2_PLACEMENT_3D ( 'NONE', #1330, #536, #1943 ) ;
#1056 = ORIENTED_EDGE ( 'NONE', *, *, #913, .F. ) ;
#1057 = AXIS2_PLACEMENT_3D ( 'NONE', #212, #783, #578 ) ;
#1058 = AXIS2_PLACEMENT_3D ( 'NONE', #2321, #489, #2350 ) ;
#1059 = CARTESIAN_POINT ( 'NONE',  ( 9.828784258492980541, 4.313351365237965140, -14.22000000000000064 ) ) ;
#1060 = DIRECTION ( 'NONE',  ( 0.000000000000000000, 0.000000000000000000, 1.000000000000000000 ) ) ;
#1061 = EDGE_CURVE ( 'NONE', #1788, #768, #890, .T. ) ;
#1062 = VECTOR ( 'NONE', #400, 1000.000000000000000 ) ;
#1063 = VECTOR ( 'NONE', #2348, 1000.000000000000114 ) ;
#1064 = DIRECTION ( 'NONE',  ( 0.000000000000000000, 0.000000000000000000, 1.000000000000000000 ) ) ;
#1065 = DIRECTION ( 'NONE',  ( -1.000000000000000000, 0.000000000000000000, 0.000000000000000000 ) ) ;
#1066 = VECTOR ( 'NONE', #1818, 1000.000000000000114 ) ;
#1067 = DIRECTION ( 'NONE',  ( 1.000000000000000000, 0.000000000000000000, 0.000000000000000000 ) ) ;
#1068 = EDGE_CURVE ( 'NONE', #468, #1724, #486, .T. ) ;
#1069 = DIRECTION ( 'NONE',  ( 0.000000000000000000, 0.000000000000000000, 1.000000000000000000 ) ) ;
#1070 = AXIS2_PLACEMENT_3D ( 'NONE', #449, #1069, #1976 ) ;
#1071 = LINE ( 'NONE', #274, #772 ) ;
#1072 = DIRECTION ( 'NONE',  ( 0.7071067811865515695, -0.7071067811865435759, 0.000000000000000000 ) ) ;
#1073 = CC_DESIGN_APPROVAL ( #413, ( #1928 ) ) ;
#1074 = ORIENTED_EDGE ( 'NONE', *, *, #534, .T. ) ;
#1075 = EDGE_CURVE ( 'NONE', #1579, #829, #955, .T. ) ;
#1076 = DATE_TIME_ROLE ( 'classification_date' ) ;
#1077 = VERTEX_POINT ( 'NONE', #548 ) ;
#1078 = DIRECTION ( 'NONE',  ( 0.000000000000000000, 0.000000000000000000, 1.000000000000000000 ) ) ;
#1079 = CARTESIAN_POINT ( 'NONE',  ( 2.192031021678275238, 6.293250352560299632, -9.719999999999998863 ) ) ;
#1080 = DIRECTION ( 'NONE',  ( 1.000000000000000000, 0.000000000000000000, 0.000000000000000000 ) ) ;
#1081 = CARTESIAN_POINT ( 'NONE',  ( 1.192031021678274127, 6.293250352560299632, -9.719999999999998863 ) ) ;
#1082 = PLANE ( 'NONE',  #1657 ) ;
#1083 = ORIENTED_EDGE ( 'NONE', *, *, #2109, .T. ) ;
#1084 = EDGE_CURVE ( 'NONE', #1000, #862, #1329, .T. ) ;
#1085 = ORIENTED_EDGE ( 'NONE', *, *, #154, .T. ) ;
#1086 = ORIENTED_EDGE ( 'NONE', *, *, #321, .T. ) ;
#1087 = FACE_OUTER_BOUND ( 'NONE', #704, .T. ) ;
#1088 = DIRECTION ( 'NONE',  ( 0.000000000000000000, 0.000000000000000000, 1.000000000000000000 ) ) ;
#1089 = ORIENTED_EDGE ( 'NONE', *, *, #1485, .F. ) ;
#1090 = CARTESIAN_POINT ( 'NONE',  ( -13.16000000000222059, 1.611635187678190044E-15, -9.719999999999998863 ) ) ;
#1091 = CARTESIAN_POINT ( 'NONE',  ( 0.000000000000000000, 0.000000000000000000, -8.720000000000000639 ) ) ;
#1092 = CARTESIAN_POINT ( 'NONE',  ( -10.53589103967959772, -5.020458146424449986, -14.22000000000000064 ) ) ;
#1093 = EDGE_LOOP ( 'NONE', ( #1693, #2301, #2185, #2535 ) ) ;
#1094 = EDGE_CURVE ( 'NONE', #765, #1043, #1135, .T. ) ;
#1095 = VERTEX_POINT ( 'NONE', #749 ) ;
#1096 = CARTESIAN_POINT ( 'NONE',  ( 6.434671708797550238, 7.707463914933409654, -9.719999999999998863 ) ) ;
#1097 = CIRCLE ( 'NONE', #2595, 1.249999999999999556 ) ;
#1098 = ORIENTED_EDGE ( 'NONE', *, *, #2295, .F. ) ;
#1099 = CYLINDRICAL_SURFACE ( 'NONE', #1398, 1.600000000000000089 ) ;
#1100 = ADVANCED_FACE ( 'NONE', ( #2329 ), #2161, .T. ) ;
#1101 = ORIENTED_EDGE ( 'NONE', *, *, #1284, .F. ) ;
#1102 = LINE ( 'NONE', #2537, #1912 ) ;
#1103 = LINE ( 'NONE', #2525, #2423 ) ;
#1104 = VECTOR ( 'NONE', #2179, 1000.000000000000000 ) ;
#1105 = DIRECTION ( 'NONE',  ( 0.000000000000000000, 0.000000000000000000, 1.000000000000000000 ) ) ;
#1106 = AXIS2_PLACEMENT_3D ( 'NONE', #1588, #2029, #2424 ) ;
#1107 = CIRCLE ( 'NONE', #1658, 13.45999999999999908 ) ;
#1108 = CARTESIAN_POINT ( 'NONE',  ( 0.000000000000000000, 0.000000000000000000, 0.000000000000000000 ) ) ;
#1109 = ORIENTED_EDGE ( 'NONE', *, *, #625, .F. ) ;
#1110 = CIRCLE ( 'NONE', #384, 1.250000000000000888 ) ;
#1111 = DIRECTION ( 'NONE',  ( 0.000000000000000000, 0.000000000000000000, -1.000000000000000000 ) ) ;
#1112 = VERTEX_POINT ( 'NONE', #1906 ) ;
#1113 = AXIS2_PLACEMENT_3D ( 'NONE', #934, #2388, #1136 ) ;
#1114 = CARTESIAN_POINT ( 'NONE',  ( 2.899137802864819591, 5.586143571373750838, -14.22000000000000064 ) ) ;
#1115 = ORIENTED_EDGE ( 'NONE', *, *, #90, .T. ) ;
#1116 = ORIENTED_EDGE ( 'NONE', *, *, #1018, .F. ) ;
#1117 = LINE ( 'NONE', #1936, #348 ) ;
#1118 = CARTESIAN_POINT ( 'NONE',  ( 6.727564927611000556, 8.414570696119948678, -9.719999999999998863 ) ) ;
#1119 = EDGE_CURVE ( 'NONE', #992, #2583, #1553, .T. ) ;
#1120 = FACE_BOUND ( 'NONE', #2618, .T. ) ;
#1121 =( LENGTH_UNIT ( ) NAMED_UNIT ( * ) SI_UNIT ( .MILLI., .METRE. ) );
#1122 = VERTEX_POINT ( 'NONE', #118 ) ;
#1123 = LINE ( 'NONE', #734, #1194 ) ;
#1124 = EDGE_CURVE ( 'NONE', #1627, #2331, #1102, .T. ) ;
#1125 = LINE ( 'NONE', #476, #1918 ) ;
#1126 = DIRECTION ( 'NONE',  ( -1.000000000000000000, 0.000000000000000000, 0.000000000000000000 ) ) ;
#1127 = ORIENTED_EDGE ( 'NONE', *, *, #1889, .T. ) ;
#1128 = CARTESIAN_POINT ( 'NONE',  ( -12.21499999999999986, 0.000000000000000000, -6.360000000000000320 ) ) ;
#1129 = VERTEX_POINT ( 'NONE', #2150 ) ;
#1130 = CARTESIAN_POINT ( 'NONE',  ( -6.293250352560249894, -2.192031021678319647, -9.719999999999998863 ) ) ;
#1131 = EDGE_LOOP ( 'NONE', ( #2593, #636 ) ) ;
#1132 = EDGE_LOOP ( 'NONE', ( #1033, #2572, #531, #863 ) ) ;
#1133 = CARTESIAN_POINT ( 'NONE',  ( 1.192031021678274127, 6.293250352560299632, 8.080000000000140403 ) ) ;
#1134 = EDGE_CURVE ( 'NONE', #1580, #682, #1609, .T. ) ;
#1135 = LINE ( 'NONE', #330, #1694 ) ;
#1136 = DIRECTION ( 'NONE',  ( -1.000000000000000000, 0.000000000000000000, 0.000000000000000000 ) ) ;
#1137 = EDGE_CURVE ( 'NONE', #970, #2489, #1123, .T. ) ;
#1138 = CARTESIAN_POINT ( 'NONE',  ( -2.192031021678275238, -4.879036790187200268, -9.719999999999998863 ) ) ;
#1139 = ORIENTED_EDGE ( 'NONE', *, *, #2481, .F. ) ;
#1140 = ORIENTED_EDGE ( 'NONE', *, *, #1021, .F. ) ;
#1141 = PLANE ( 'NONE',  #467 ) ;
#1142 = ORIENTED_EDGE ( 'NONE', *, *, #1050, .T. ) ;
#1143 = ORIENTED_EDGE ( 'NONE', *, *, #1291, .F. ) ;
#1144 = VERTEX_POINT ( 'NONE', #2524 ) ;
#1145 = DIRECTION ( 'NONE',  ( 1.000000000000000000, 0.000000000000000000, 0.000000000000000000 ) ) ;
#1146 = CARTESIAN_POINT ( 'NONE',  ( 5.303300858899109294, -5.303300858899089754, -9.719999999999998863 ) ) ;
#1147 = VECTOR ( 'NONE', #1022, 1000.000000000000000 ) ;
#1148 = DIRECTION ( 'NONE',  ( 0.000000000000000000, 0.000000000000000000, -1.000000000000000000 ) ) ;
#1149 = DIRECTION ( 'NONE',  ( 1.000000000000000000, 0.000000000000000000, 0.000000000000000000 ) ) ;
#1150 = DIRECTION ( 'NONE',  ( 0.7071067811865441310, 0.7071067811865510144, 0.000000000000000000 ) ) ;
#1151 = CARTESIAN_POINT ( 'NONE',  ( -4.586143571373710870, -2.899137802864869773, -9.719999999999998863 ) ) ;
#1152 = EDGE_LOOP ( 'NONE', ( #1986, #2552 ) ) ;
#1153 = DIRECTION ( 'NONE',  ( 0.000000000000000000, 0.000000000000000000, -1.000000000000000000 ) ) ;
#1154 = VECTOR ( 'NONE', #92, 1000.000000000000000 ) ;
#1155 = AXIS2_PLACEMENT_3D ( 'NONE', #2486, #1946, #2530 ) ;
#1156 = DIRECTION ( 'NONE',  ( 0.7071067811865439090, 0.7071067811865511255, 0.000000000000000000 ) ) ;
#1157 = VERTEX_POINT ( 'NONE', #691 ) ;
#1158 = VECTOR ( 'NONE', #609, 1000.000000000000000 ) ;
#1159 = DIRECTION ( 'NONE',  ( 0.000000000000000000, 0.000000000000000000, -1.000000000000000000 ) ) ;
#1160 = EDGE_CURVE ( 'NONE', #739, #687, #1925, .T. ) ;
#1161 = AXIS2_PLACEMENT_3D ( 'NONE', #1041, #1626, #1666 ) ;
#1162 = EDGE_LOOP ( 'NONE', ( #2135, #542, #1903, #1933 ) ) ;
#1163 = CARTESIAN_POINT ( 'NONE',  ( -5.586143571373710870, -2.899137802864869773, -9.719999999999998863 ) ) ;
#1164 = AXIS2_PLACEMENT_3D ( 'NONE', #535, #1555, #120 ) ;
#1165 = ORIENTED_EDGE ( 'NONE', *, *, #30, .T. ) ;
#1166 = CARTESIAN_POINT ( 'NONE',  ( -10.53589103967959772, -5.020458146424449986, -14.22000000000000064 ) ) ;
#1167 = ORIENTED_EDGE ( 'NONE', *, *, #296, .T. ) ;
#1168 = CARTESIAN_POINT ( 'NONE',  ( 4.879036790187149641, 3.606244584051409685, -9.719999999999998863 ) ) ;
#1169 = CARTESIAN_POINT ( 'NONE',  ( -6.293250352560259664, -5.020458146424529922, -12.22000000000000064 ) ) ;
#1170 = CARTESIAN_POINT ( 'NONE',  ( -9.121677477306430859, -6.434671708797619516, -14.22000000000000064 ) ) ;
#1171 = DIRECTION ( 'NONE',  ( 0.7071067811865439090, 0.7071067811865511255, 0.000000000000000000 ) ) ;
#1172 = ORIENTED_EDGE ( 'NONE', *, *, #762, .T. ) ;
#1173 = VERTEX_POINT ( 'NONE', #94 ) ;
#1174 = VERTEX_POINT ( 'NONE', #1343 ) ;
#1175 = EDGE_CURVE ( 'NONE', #526, #2113, #1652, .T. ) ;
#1176 = EDGE_LOOP ( 'NONE', ( #552, #577, #1510, #277 ) ) ;
#1177 = DIRECTION ( 'NONE',  ( 0.7071067811865474617, 0.000000000000000000, 0.7071067811865474617 ) ) ;
#1178 = DIRECTION ( 'NONE',  ( 0.000000000000000000, 0.000000000000000000, 1.000000000000000000 ) ) ;
#1179 = CARTESIAN_POINT ( 'NONE',  ( 4.313351365237900303, 9.828784258493039161, -9.719999999999998863 ) ) ;
#1180 = CARTESIAN_POINT ( 'NONE',  ( 7.000357133746799576, 1.484924240491773961, -9.719999999999998863 ) ) ;
#1181 = ORIENTED_EDGE ( 'NONE', *, *, #597, .F. ) ;
#1182 = ADVANCED_FACE ( 'NONE', ( #106, #1732 ), #315, .F. ) ;
#1183 = ADVANCED_FACE ( 'NONE', ( #2557 ), #2174, .F. ) ;
#1184 = EDGE_LOOP ( 'NONE', ( #2198, #1955, #1562, #962, #386, #1305, #1998, #2082 ) ) ;
#1185 = VERTEX_POINT ( 'NONE', #1932 ) ;
#1186 = EDGE_CURVE ( 'NONE', #554, #1144, #1097, .T. ) ;
#1187 = DIRECTION ( 'NONE',  ( 0.000000000000000000, 0.000000000000000000, 1.000000000000000000 ) ) ;
#1188 = DIRECTION ( 'NONE',  ( 1.000000000000000000, 0.000000000000000000, 0.000000000000000000 ) ) ;
#1189 = DATE_TIME_ROLE ( 'creation_date' ) ;
#1190 = DIRECTION ( 'NONE',  ( -1.000000000000000000, 0.000000000000000000, 0.000000000000000000 ) ) ;
#1191 = PLANE ( 'NONE',  #2343 ) ;
#1192 = VECTOR ( 'NONE', #2002, 1000.000000000000000 ) ;
#1193 = VERTEX_POINT ( 'NONE', #1128 ) ;
#1194 = VECTOR ( 'NONE', #2514, 1000.000000000000114 ) ;
#1195 = DIRECTION ( 'NONE',  ( 0.000000000000000000, 0.000000000000000000, 1.000000000000000000 ) ) ;
#1196 = CIRCLE ( 'NONE', #249, 1.000000000000000000 ) ;
#1197 = AXIS2_PLACEMENT_3D ( 'NONE', #2310, #1927, #96 ) ;
#1198 = VECTOR ( 'NONE', #755, 1000.000000000000000 ) ;
#1199 = AXIS2_PLACEMENT_3D ( 'NONE', #753, #968, #1149 ) ;
#1200 = AXIS2_PLACEMENT_3D ( 'NONE', #803, #1605, #2418 ) ;
#1201 = CIRCLE ( 'NONE', #56, 1.000000000000000000 ) ;
#1202 = LOCAL_TIME ( 18, 50, 30.00000000000000000, #1293 ) ;
#1203 = DIRECTION ( 'NONE',  ( 0.7071067811865433539, 0.7071067811865517916, 0.000000000000000000 ) ) ;
#1204 = DIRECTION ( 'NONE',  ( 0.000000000000000000, 0.000000000000000000, -1.000000000000000000 ) ) ;
#1205 = CARTESIAN_POINT ( 'NONE',  ( 15.75000000000000000, 0.000000000000000000, -14.72000000000000064 ) ) ;
#1206 = ORIENTED_EDGE ( 'NONE', *, *, #629, .F. ) ;
#1207 = ORIENTED_EDGE ( 'NONE', *, *, #597, .T. ) ;
#1208 = DIRECTION ( 'NONE',  ( 0.000000000000000000, 0.000000000000000000, -1.000000000000000000 ) ) ;
#1209 = FACE_OUTER_BOUND ( 'NONE', #1226, .T. ) ;
#1210 = EDGE_CURVE ( 'NONE', #46, #874, #1982, .T. ) ;
#1211 = DIRECTION ( 'NONE',  ( 0.7071067811865510144, -0.7071067811865440200, 0.000000000000000000 ) ) ;
#1212 = EDGE_CURVE ( 'NONE', #1238, #1000, #45, .T. ) ;
#1213 = DIRECTION ( 'NONE',  ( 0.7071067811865441310, 0.7071067811865510144, 0.000000000000000000 ) ) ;
#1214 = DIRECTION ( 'NONE',  ( 1.000000000000000000, 0.000000000000000000, 0.000000000000000000 ) ) ;
#1215 = DIRECTION ( 'NONE',  ( 0.000000000000000000, 0.000000000000000000, -1.000000000000000000 ) ) ;
#1216 = CARTESIAN_POINT ( 'NONE',  ( 5.020458146424439327, 6.293250352560288974, -12.22000000000000064 ) ) ;
#1217 = ORIENTED_EDGE ( 'NONE', *, *, #689, .T. ) ;
#1218 = FACE_OUTER_BOUND ( 'NONE', #1807, .T. ) ;
#1219 = FACE_OUTER_BOUND ( 'NONE', #1265, .T. ) ;
#1220 = ORIENTED_EDGE ( 'NONE', *, *, #65, .T. ) ;
#1221 = DIRECTION ( 'NONE',  ( 1.000000000000000000, 0.000000000000000000, 0.000000000000000000 ) ) ;
#1222 = ORIENTED_EDGE ( 'NONE', *, *, #221, .T. ) ;
#1223 = FACE_OUTER_BOUND ( 'NONE', #2473, .T. ) ;
#1224 = LINE ( 'NONE', #1853, #2347 ) ;
#1225 = AXIS2_PLACEMENT_3D ( 'NONE', #1817, #1571, #1190 ) ;
#1226 = EDGE_LOOP ( 'NONE', ( #166, #1722 ) ) ;
#1227 = ORIENTED_EDGE ( 'NONE', *, *, #882, .T. ) ;
#1228 = CIRCLE ( 'NONE', #83, 0.9999999999999991118 ) ;
#1229 = DIRECTION ( 'NONE',  ( -1.000000000000000000, 0.000000000000000000, 0.000000000000000000 ) ) ;
#1230 = EDGE_CURVE ( 'NONE', #992, #2187, #2596, .T. ) ;
#1231 = VECTOR ( 'NONE', #1909, 1000.000000000000000 ) ;
#1232 = AXIS2_PLACEMENT_3D ( 'NONE', #2224, #2042, #2579 ) ;
#1233 = CIRCLE ( 'NONE', #777, 1.250000000000000444 ) ;
#1234 = CARTESIAN_POINT ( 'NONE',  ( 5.303300858899109294, -5.303300858899089754, -9.719999999999998863 ) ) ;
#1235 = CARTESIAN_POINT ( 'NONE',  ( 9.828784258492969883, 5.727564927611080492, 8.080000000000140403 ) ) ;
#1236 = PLANE ( 'NONE',  #947 ) ;
#1237 = CARTESIAN_POINT ( 'NONE',  ( 1.600000000000000089, 15.75000000000000000, 0.000000000000000000 ) ) ;
#1238 = VERTEX_POINT ( 'NONE', #2563 ) ;
#1239 = ADVANCED_FACE ( 'NONE', ( #1773 ), #2580, .T. ) ;
#1240 = ADVANCED_FACE ( 'NONE', ( #2248 ), #1810, .T. ) ;
#1241 = FACE_BOUND ( 'NONE', #128, .T. ) ;
#1242 = CARTESIAN_POINT ( 'NONE',  ( 0.000000000000000000, 0.000000000000000000, 0.000000000000000000 ) ) ;
#1243 = CARTESIAN_POINT ( 'NONE',  ( 10.13275329938264058, 8.859961093246971231, -9.719999999999998863 ) ) ;
#1244 = LINE ( 'NONE', #447, #1272 ) ;
#1245 = ORIENTED_EDGE ( 'NONE', *, *, #2175, .T. ) ;
#1246 = FACE_OUTER_BOUND ( 'NONE', #1854, .T. ) ;
#1247 = ORIENTED_EDGE ( 'NONE', *, *, #872, .F. ) ;
#1248 = ORIENTED_EDGE ( 'NONE', *, *, #833, .F. ) ;
#1249 = ADVANCED_FACE ( 'NONE', ( #2607 ), #1820, .F. ) ;
#1250 = VERTEX_POINT ( 'NONE', #2 ) ;
#1251 = DIRECTION ( 'NONE',  ( -1.000000000000000000, 0.000000000000000000, 0.000000000000000000 ) ) ;
#1252 = APPROVAL ( #218, 'Coincident' ) ;
#1253 = LINE ( 'NONE', #202, #1440 ) ;
#1254 = EDGE_CURVE ( 'NONE', #74, #632, #1748, .T. ) ;
#1255 = CARTESIAN_POINT ( 'NONE',  ( -5.020458146424439327, -10.53589103967959772, -9.719999999999998863 ) ) ;
#1256 = FACE_OUTER_BOUND ( 'NONE', #1162, .T. ) ;
#1257 = FACE_OUTER_BOUND ( 'NONE', #1711, .T. ) ;
#1258 = EDGE_CURVE ( 'NONE', #2113, #970, #1014, .T. ) ;
#1259 = CYLINDRICAL_SURFACE ( 'NONE', #504, 1.000000000000000000 ) ;
#1260 = FACE_OUTER_BOUND ( 'NONE', #1901, .T. ) ;
#1261 = CARTESIAN_POINT ( 'NONE',  ( -7.803300858899100412, 5.303300858899099524, 1.249139735130296026E-15 ) ) ;
#1262 = ORIENTED_EDGE ( 'NONE', *, *, #35, .T. ) ;
#1263 = AXIS2_PLACEMENT_3D ( 'NONE', #2262, #837, #826 ) ;
#1264 = AXIS2_PLACEMENT_3D ( 'NONE', #2471, #1468, #1080 ) ;
#1265 = EDGE_LOOP ( 'NONE', ( #1109, #523, #2513, #4 ) ) ;
#1266 = VECTOR ( 'NONE', #1177, 1000.000000000000114 ) ;
#1267 = FACE_OUTER_BOUND ( 'NONE', #922, .T. ) ;
#1268 = VECTOR ( 'NONE', #412, 1000.000000000000114 ) ;
#1269 = VECTOR ( 'NONE', #219, 1000.000000000000000 ) ;
#1270 = ADVANCED_FACE ( 'NONE', ( #2387 ), #778, .F. ) ;
#1271 = CARTESIAN_POINT ( 'NONE',  ( -12.21499999999999986, 0.000000000000000000, -3.000000000000000000 ) ) ;
#1272 = VECTOR ( 'NONE', #2079, 1000.000000000000000 ) ;
#1273 = DIRECTION ( 'NONE',  ( -1.000000000000000000, 0.000000000000000000, 0.000000000000000000 ) ) ;
#1274 = CARTESIAN_POINT ( 'NONE',  ( 0.000000000000000000, 0.000000000000000000, -6.360000000000000320 ) ) ;
#1275 = PRODUCT_DEFINITION ( 'General', '', #1928, #2432 ) ;
#1276 = DIRECTION ( 'NONE',  ( 0.000000000000000000, 0.000000000000000000, 1.000000000000000000 ) ) ;
#1277 = ORIENTED_EDGE ( 'NONE', *, *, #945, .F. ) ;
#1278 = ORIENTED_EDGE ( 'NONE', *, *, #1733, .T. ) ;
#1279 = LINE ( 'NONE', #654, #207 ) ;
#1280 = EDGE_LOOP ( 'NONE', ( #2102, #574, #357, #929 ) ) ;
#1281 = CARTESIAN_POINT ( 'NONE',  ( 12.21499999999999986, 1.495906065158492217E-15, -8.720000000000000639 ) ) ;
#1282 = ORIENTED_EDGE ( 'NONE', *, *, #2444, .T. ) ;
#1283 = FACE_OUTER_BOUND ( 'NONE', #102, .T. ) ;
#1284 = EDGE_CURVE ( 'NONE', #829, #144, #1569, .T. ) ;
#1285 = CARTESIAN_POINT ( 'NONE',  ( 18.50000000000000000, 2.265596578422604974E-15, -2.000000000000000000 ) ) ;
#1286 = DIRECTION ( 'NONE',  ( -1.000000000000000000, 0.000000000000000000, 0.000000000000000000 ) ) ;
#1287 = ORIENTED_EDGE ( 'NONE', *, *, #1941, .T. ) ;
#1288 = ORIENTED_EDGE ( 'NONE', *, *, #882, .F. ) ;
#1289 = ORIENTED_EDGE ( 'NONE', *, *, #572, .F. ) ;
#1290 = DIRECTION ( 'NONE',  ( 0.7071067811865434649, 0.7071067811865514585, 0.000000000000000000 ) ) ;
#1291 = EDGE_CURVE ( 'NONE', #1144, #554, #1793, .T. ) ;
#1292 = ORIENTED_EDGE ( 'NONE', *, *, #1137, .T. ) ;
#1293 = COORDINATED_UNIVERSAL_TIME_OFFSET ( 10, 0, .AHEAD. ) ;
#1294 = CARTESIAN_POINT ( 'NONE',  ( 18.50000000000000000, 0.000000000000000000, -2.000000000000000000 ) ) ;
#1295 = VERTEX_POINT ( 'NONE', #567 ) ;
#1296 = LINE ( 'NONE', #903, #2050 ) ;
#1297 = ORIENTED_EDGE ( 'NONE', *, *, #2053, .F. ) ;
#1298 = DIRECTION ( 'NONE',  ( -0.7071067811865435759, -0.7071067811865515695, 0.000000000000000000 ) ) ;
#1299 = DIRECTION ( 'NONE',  ( 0.000000000000000000, 0.000000000000000000, -1.000000000000000000 ) ) ;
#1300 = CYLINDRICAL_SURFACE ( 'NONE', #2196, 1.000000000000000000 ) ;
#1301 = ORIENTED_EDGE ( 'NONE', *, *, #1669, .F. ) ;
#1302 = EDGE_LOOP ( 'NONE', ( #1140, #367, #2438, #491, #189, #1792, #1564, #2117 ) ) ;
#1303 = CARTESIAN_POINT ( 'NONE',  ( -14.14999999999999858, 0.000000000000000000, -14.72000000000000064 ) ) ;
#1304 = CARTESIAN_POINT ( 'NONE',  ( -9.828784258492980541, -5.727564927611069834, 8.080000000000140403 ) ) ;
#1305 = ORIENTED_EDGE ( 'NONE', *, *, #1061, .F. ) ;
#1306 = EDGE_CURVE ( 'NONE', #397, #1809, #6, .T. ) ;
#1307 = DIRECTION ( 'NONE',  ( 0.000000000000000000, 0.000000000000000000, -1.000000000000000000 ) ) ;
#1308 = AXIS2_PLACEMENT_3D ( 'NONE', #1604, #820, #2417 ) ;
#1309 = AXIS2_PLACEMENT_3D ( 'NONE', #2049, #1042, #2422 ) ;
#1310 = VERTEX_POINT ( 'NONE', #1582 ) ;
#1311 = CARTESIAN_POINT ( 'NONE',  ( 1.192031021678274127, 6.293250352560299632, -14.22000000000000064 ) ) ;
#1312 = CARTESIAN_POINT ( 'NONE',  ( -5.020458146424449986, -9.121677477306500137, -9.719999999999998863 ) ) ;
#1313 = DIRECTION ( 'NONE',  ( 0.000000000000000000, 0.000000000000000000, -1.000000000000000000 ) ) ;
#1314 = CIRCLE ( 'NONE', #167, 1.000000000000000000 ) ;
#1315 = DIRECTION ( 'NONE',  ( 1.000000000000000000, 8.673617379884035472E-16, 0.000000000000000000 ) ) ;
#1316 = CIRCLE ( 'NONE', #2144, 1.000000000000000000 ) ;
#1317 = AXIS2_PLACEMENT_3D ( 'NONE', #957, #1992, #148 ) ;
#1318 = ORIENTED_EDGE ( 'NONE', *, *, #477, .F. ) ;
#1319 = AXIS2_PLACEMENT_3D ( 'NONE', #2036, #34, #408 ) ;
#1320 = CARTESIAN_POINT ( 'NONE',  ( 8.414570696119888282, 2.899137802864874658, -12.22000000000000064 ) ) ;
#1321 = ORIENTED_EDGE ( 'NONE', *, *, #217, .T. ) ;
#1322 = CIRCLE ( 'NONE', #898, 13.45999999999999908 ) ;
#1323 = ORIENTED_EDGE ( 'NONE', *, *, #1389, .T. ) ;
#1324 = CARTESIAN_POINT ( 'NONE',  ( 12.21499999999999986, 0.000000000000000000, -8.720000000000000639 ) ) ;
#1325 = ADVANCED_FACE ( 'NONE', ( #2215, #1209 ), #372, .F. ) ;
#1326 = ORIENTED_EDGE ( 'NONE', *, *, #41, .F. ) ;
#1327 = DIRECTION ( 'NONE',  ( 0.000000000000000000, 0.000000000000000000, 1.000000000000000000 ) ) ;
#1328 = ORIENTED_EDGE ( 'NONE', *, *, #353, .F. ) ;
#1329 = LINE ( 'NONE', #1090, #460 ) ;
#1330 = CARTESIAN_POINT ( 'NONE',  ( 6.293250352560229466, 5.020458146424509493, -12.22000000000000064 ) ) ;
#1331 = DIRECTION ( 'NONE',  ( 1.000000000000000000, 0.000000000000000000, 0.000000000000000000 ) ) ;
#1332 = EDGE_LOOP ( 'NONE', ( #2581, #337, #1879, #1760 ) ) ;
#1333 = ORIENTED_EDGE ( 'NONE', *, *, #1654, .F. ) ;
#1334 = CARTESIAN_POINT ( 'NONE',  ( 5.020458146424449986, 9.121677477306500137, -9.719999999999998863 ) ) ;
#1335 = CALENDAR_DATE ( 2026, 22, 6 ) ;
#1336 = CARTESIAN_POINT ( 'NONE',  ( 0.000000000000000000, 0.000000000000000000, 0.000000000000000000 ) ) ;
#1337 = FACE_OUTER_BOUND ( 'NONE', #2344, .T. ) ;
#1338 = ORIENTED_EDGE ( 'NONE', *, *, #689, .F. ) ;
#1339 = FACE_BOUND ( 'NONE', #1785, .T. ) ;
#1340 = EDGE_LOOP ( 'NONE', ( #1476, #2031, #2164, #414 ) ) ;
#1341 = FACE_OUTER_BOUND ( 'NONE', #724, .T. ) ;
#1342 = PERSON_AND_ORGANIZATION_ROLE ( 'creator' ) ;
#1343 = CARTESIAN_POINT ( 'NONE',  ( 18.50000000000000000, 2.265596578422604974E-15, 0.000000000000000000 ) ) ;
#1344 = EDGE_CURVE ( 'NONE', #1670, #1373, #2414, .T. ) ;
#1345 = CARTESIAN_POINT ( 'NONE',  ( -5.586143571373710870, -1.484924240491769964, -14.22000000000000064 ) ) ;
#1346 = DIRECTION ( 'NONE',  ( 1.000000000000000000, 0.000000000000000000, 0.000000000000000000 ) ) ;
#1347 = CARTESIAN_POINT ( 'NONE',  ( 6.434671708797550238, 7.707463914933409654, -9.719999999999998863 ) ) ;
#1348 = CARTESIAN_POINT ( 'NONE',  ( 2.192031021678275238, 6.293250352560299632, 8.080000000000140403 ) ) ;
#1349 = ORIENTED_EDGE ( 'NONE', *, *, #975, .F. ) ;
#1350 = EDGE_CURVE ( 'NONE', #2431, #68, #418, .T. ) ;
#1351 = LINE ( 'NONE', #738, #1104 ) ;
#1352 = VERTEX_POINT ( 'NONE', #1005 ) ;
#1353 = DIRECTION ( 'NONE',  ( 1.000000000000000000, 0.000000000000000000, 0.000000000000000000 ) ) ;
#1354 = VERTEX_POINT ( 'NONE', #995 ) ;
#1355 = ORIENTED_EDGE ( 'NONE', *, *, #1230, .T. ) ;
#1356 = CARTESIAN_POINT ( 'NONE',  ( -6.434671708797550238, -7.707463914933409654, -14.22000000000000064 ) ) ;
#1357 = DIRECTION ( 'NONE',  ( 0.000000000000000000, 0.000000000000000000, 1.000000000000000000 ) ) ;
#1358 = VECTOR ( 'NONE', #2407, 1000.000000000000000 ) ;
#1359 = EDGE_CURVE ( 'NONE', #143, #2379, #939, .T. ) ;
#1360 = DIRECTION ( 'NONE',  ( 1.000000000000000000, 0.000000000000000000, 0.000000000000000000 ) ) ;
#1361 = AXIS2_PLACEMENT_3D ( 'NONE', #839, #624, #2065 ) ;
#1362 = CARTESIAN_POINT ( 'NONE',  ( -2.899137802864815150, -8.414570696119948678, -12.22000000000000064 ) ) ;
#1363 = ORIENTED_EDGE ( 'NONE', *, *, #2545, .F. ) ;
#1364 = CIRCLE ( 'NONE', #421, 2.499999999999999556 ) ;
#1365 = CIRCLE ( 'NONE', #2462, 1.000000000000000000 ) ;
#1366 = ORIENTED_EDGE ( 'NONE', *, *, #2007, .F. ) ;
#1367 = ADVANCED_FACE ( 'NONE', ( #789 ), #2023, .T. ) ;
#1368 = CIRCLE ( 'NONE', #2386, 1.000000000000000888 ) ;
#1369 = VECTOR ( 'NONE', #842, 1000.000000000000000 ) ;
#1370 = ORIENTED_EDGE ( 'NONE', *, *, #2569, .T. ) ;
#1371 = VERTEX_POINT ( 'NONE', #1603 ) ;
#1372 = CIRCLE ( 'NONE', #470, 1.000000000000000000 ) ;
#1373 = VERTEX_POINT ( 'NONE', #1621 ) ;
#1374 = APPROVAL_PERSON_ORGANIZATION ( #873, #1252, #1725 ) ;
#1375 = LINE ( 'NONE', #360, #1266 ) ;
#1376 = LINE ( 'NONE', #361, #648 ) ;
#1377 = CARTESIAN_POINT ( 'NONE',  ( -3.783021279347995147, -9.298454172603129564, -12.22000000000000064 ) ) ;
#1378 = ORIENTED_EDGE ( 'NONE', *, *, #1646, .F. ) ;
#1379 = ADVANCED_FACE ( 'NONE', ( #816, #2429 ), #611, .F. ) ;
#1380 = DIRECTION ( 'NONE',  ( -1.000000000000000000, 0.000000000000000000, 0.000000000000000000 ) ) ;
#1381 = ORIENTED_EDGE ( 'NONE', *, *, #20, .T. ) ;
#1382 = DIRECTION ( 'NONE',  ( 0.000000000000000000, 0.000000000000000000, -1.000000000000000000 ) ) ;
#1383 = ORIENTED_EDGE ( 'NONE', *, *, #2125, .F. ) ;
#1384 = VERTEX_POINT ( 'NONE', #2203 ) ;
#1385 = DIRECTION ( 'NONE',  ( 0.7071067811865510144, -0.7071067811865440200, 0.000000000000000000 ) ) ;
#1386 = CARTESIAN_POINT ( 'NONE',  ( 0.000000000000000000, 0.000000000000000000, 0.000000000000000000 ) ) ;
#1387 = ORIENTED_EDGE ( 'NONE', *, *, #779, .F. ) ;
#1388 = DIRECTION ( 'NONE',  ( 0.000000000000000000, 0.000000000000000000, -1.000000000000000000 ) ) ;
#1389 = EDGE_CURVE ( 'NONE', #1129, #2153, #1228, .T. ) ;
#1390 = DIRECTION ( 'NONE',  ( 1.000000000000000000, 0.000000000000000000, 0.000000000000000000 ) ) ;
#1391 = DIRECTION ( 'NONE',  ( -1.000000000000000000, 0.000000000000000000, 0.000000000000000000 ) ) ;
#1392 = CARTESIAN_POINT ( 'NONE',  ( -4.313351365237960700, -9.828784258492980541, -14.22000000000000064 ) ) ;
#1393 = AXIS2_PLACEMENT_3D ( 'NONE', #2402, #2240, #2183 ) ;
#1394 = ORIENTED_EDGE ( 'NONE', *, *, #827, .T. ) ;
#1395 = DIRECTION ( 'NONE',  ( 0.000000000000000000, 0.000000000000000000, 1.000000000000000000 ) ) ;
#1396 = VECTOR ( 'NONE', #1447, 1000.000000000000000 ) ;
#1397 = LINE ( 'NONE', #2234, #2504 ) ;
#1398 = AXIS2_PLACEMENT_3D ( 'NONE', #1921, #281, #314 ) ;
#1399 = AXIS2_PLACEMENT_3D ( 'NONE', #701, #2330, #1315 ) ;
#1400 = AXIS2_PLACEMENT_3D ( 'NONE', #407, #2590, #2433 ) ;
#1401 = CIRCLE ( 'NONE', #510, 13.45999999999999908 ) ;
#1402 = EDGE_CURVE ( 'NONE', #1238, #2323, #1375, .T. ) ;
#1403 = ORIENTED_EDGE ( 'NONE', *, *, #549, .F. ) ;
#1404 = APPROVAL_PERSON_ORGANIZATION ( #184, #145, #904 ) ;
#1405 = CARTESIAN_POINT ( 'NONE',  ( 12.21499999999999986, 1.495906065158492217E-15, -6.360000000000000320 ) ) ;
#1406 = ADVANCED_FACE ( 'NONE', ( #445, #1859 ), #2277, .F. ) ;
#1407 = SECURITY_CLASSIFICATION ( '', '', #2239 ) ;
#1408 = DIRECTION ( 'NONE',  ( 1.000000000000000000, 0.000000000000000000, 0.000000000000000000 ) ) ;
#1409 = CYLINDRICAL_SURFACE ( 'NONE', #1486, 18.50000000000000000 ) ;
#1410 = APPROVAL_STATUS ( 'not_yet_approved' ) ;
#1411 = CARTESIAN_POINT ( 'NONE',  ( 6.727564927611000556, 8.414570696119948678, -9.719999999999998863 ) ) ;
#1412 = ORIENTED_EDGE ( 'NONE', *, *, #179, .T. ) ;
#1413 = FACE_OUTER_BOUND ( 'NONE', #697, .T. ) ;
#1414 = DIRECTION ( 'NONE',  ( 1.000000000000000000, 0.000000000000000000, 0.000000000000000000 ) ) ;
#1415 = DIRECTION ( 'NONE',  ( 0.000000000000000000, 0.000000000000000000, 1.000000000000000000 ) ) ;
#1416 = DIRECTION ( 'NONE',  ( 0.000000000000000000, 0.000000000000000000, 1.000000000000000000 ) ) ;
#1417 = DIRECTION ( 'NONE',  ( 0.000000000000000000, 0.000000000000000000, -1.000000000000000000 ) ) ;
#1418 = ORIENTED_EDGE ( 'NONE', *, *, #454, .T. ) ;
#1419 = DIRECTION ( 'NONE',  ( 0.000000000000000000, 0.000000000000000000, 1.000000000000000000 ) ) ;
#1420 = DIRECTION ( 'NONE',  ( 0.000000000000000000, 0.000000000000000000, -1.000000000000000000 ) ) ;
#1421 = ORIENTED_EDGE ( 'NONE', *, *, #1620, .F. ) ;
#1422 = LINE ( 'NONE', #2447, #2099 ) ;
#1423 = VERTEX_POINT ( 'NONE', #2088 ) ;
#1424 = ADVANCED_FACE ( 'NONE', ( #674, #1087 ), #2264, .F. ) ;
#1425 = LINE ( 'NONE', #2259, #1268 ) ;
#1426 = VERTEX_POINT ( 'NONE', #1467 ) ;
#1427 = LINE ( 'NONE', #809, #2410 ) ;
#1428 = DIRECTION ( 'NONE',  ( 0.000000000000000000, 0.000000000000000000, -1.000000000000000000 ) ) ;
#1429 = FACE_BOUND ( 'NONE', #134, .T. ) ;
#1430 = EDGE_LOOP ( 'NONE', ( #899, #1439, #964, #1887 ) ) ;
#1431 = CARTESIAN_POINT ( 'NONE',  ( 0.000000000000000000, 0.000000000000000000, -2.000000000000000000 ) ) ;
#1432 = CARTESIAN_POINT ( 'NONE',  ( 8.414570696119888282, 2.899137802864874658, -12.22000000000000064 ) ) ;
#1433 = CARTESIAN_POINT ( 'NONE',  ( 1.600000000000000089, 15.75000000000000000, -14.72000000000000064 ) ) ;
#1434 = EDGE_CURVE ( 'NONE', #506, #1715, #2461, .T. ) ;
#1435 = CARTESIAN_POINT ( 'NONE',  ( 0.000000000000000000, 15.75000000000000000, 0.000000000000000000 ) ) ;
#1436 = DIRECTION ( 'NONE',  ( 0.000000000000000000, 0.000000000000000000, -1.000000000000000000 ) ) ;
#1437 = VECTOR ( 'NONE', #33, 1000.000000000000114 ) ;
#1438 = ADVANCED_FACE ( 'NONE', ( #1267 ), #1882, .T. ) ;
#1439 = ORIENTED_EDGE ( 'NONE', *, *, #278, .F. ) ;
#1440 = VECTOR ( 'NONE', #623, 1000.000000000000000 ) ;
#1441 = LINE ( 'NONE', #2631, #1966 ) ;
#1442 = CIRCLE ( 'NONE', #1263, 13.45999999999999908 ) ;
#1443 = CIRCLE ( 'NONE', #2468, 12.21499999999999986 ) ;
#1444 = DIRECTION ( 'NONE',  ( 0.000000000000000000, 0.000000000000000000, -1.000000000000000000 ) ) ;
#1445 = AXIS2_PLACEMENT_3D ( 'NONE', #1386, #1781, #2614 ) ;
#1446 = CARTESIAN_POINT ( 'NONE',  ( -15.75000000000000000, 0.000000000000000000, -2.000000000000000000 ) ) ;
#1447 = DIRECTION ( 'NONE',  ( 0.7071067811865435759, 0.7071067811865515695, 0.000000000000000000 ) ) ;
#1448 = DIRECTION ( 'NONE',  ( 1.000000000000000000, 0.000000000000000000, 0.000000000000000000 ) ) ;
#1449 = LINE ( 'NONE', #26, #1832 ) ;
#1450 = CARTESIAN_POINT ( 'NONE',  ( 13.45999999999999908, 1.648374591652334999E-15, -3.000000000000000000 ) ) ;
#1451 = EDGE_CURVE ( 'NONE', #1515, #1627, #1904, .T. ) ;
#1452 = ORIENTED_EDGE ( 'NONE', *, *, #742, .T. ) ;
#1453 = DIRECTION ( 'NONE',  ( 0.7071067811865515695, -0.7071067811865435759, 0.000000000000000000 ) ) ;
#1454 = EDGE_CURVE ( 'NONE', #682, #1580, #47, .T. ) ;
#1455 = DIRECTION ( 'NONE',  ( 0.000000000000000000, 0.000000000000000000, -1.000000000000000000 ) ) ;
#1456 = DIRECTION ( 'NONE',  ( 0.7071067811865514585, -0.7071067811865435759, 0.000000000000000000 ) ) ;
#1457 = CARTESIAN_POINT ( 'NONE',  ( 0.000000000000000000, 15.75000000000000000, -2.000000000000000000 ) ) ;
#1458 = DIRECTION ( 'NONE',  ( 1.000000000000000000, 0.000000000000000000, 0.000000000000000000 ) ) ;
#1459 = CARTESIAN_POINT ( 'NONE',  ( -5.586143571373710870, -2.899137802864869773, -9.719999999999998863 ) ) ;
#1460 = LINE ( 'NONE', #81, #2304 ) ;
#1461 = DIRECTION ( 'NONE',  ( 1.000000000000000000, 0.000000000000000000, 0.000000000000000000 ) ) ;
#1462 = ORIENTED_EDGE ( 'NONE', *, *, #2141, .F. ) ;
#1463 = ORIENTED_EDGE ( 'NONE', *, *, #1254, .F. ) ;
#1464 = EDGE_CURVE ( 'NONE', #1930, #928, #849, .T. ) ;
#1465 = ORIENTED_EDGE ( 'NONE', *, *, #477, .T. ) ;
#1466 = EDGE_CURVE ( 'NONE', #1054, #1122, #503, .T. ) ;
#1467 = CARTESIAN_POINT ( 'NONE',  ( -7.000357133746859972, -1.484924240491712011, -14.22000000000000064 ) ) ;
#1468 = DIRECTION ( 'NONE',  ( 0.000000000000000000, 0.000000000000000000, 1.000000000000000000 ) ) ;
#1469 = DIRECTION ( 'NONE',  ( 0.000000000000000000, 0.000000000000000000, -1.000000000000000000 ) ) ;
#1470 = ORIENTED_EDGE ( 'NONE', *, *, #152, .F. ) ;
#1471 = ORIENTED_EDGE ( 'NONE', *, *, #263, .F. ) ;
#1472 = CARTESIAN_POINT ( 'NONE',  ( 6.434671708797540468, 9.121677477306500137, -9.719999999999998863 ) ) ;
#1473 = AXIS2_PLACEMENT_3D ( 'NONE', #1457, #867, #436 ) ;
#1474 = AXIS2_PLACEMENT_3D ( 'NONE', #2106, #1665, #1676 ) ;
#1475 = CIRCLE ( 'NONE', #168, 1.000000000000000000 ) ;
#1476 = ORIENTED_EDGE ( 'NONE', *, *, #705, .T. ) ;
#1477 = EDGE_CURVE ( 'NONE', #599, #2210, #1314, .T. ) ;
#1478 = FACE_OUTER_BOUND ( 'NONE', #1280, .T. ) ;
#1479 = VECTOR ( 'NONE', #2186, 999.9999999999998863 ) ;
#1480 = VECTOR ( 'NONE', #1307, 1000.000000000000000 ) ;
#1481 = ORIENTED_EDGE ( 'NONE', *, *, #2322, .T. ) ;
#1482 = DIRECTION ( 'NONE',  ( 0.000000000000000000, 0.000000000000000000, -1.000000000000000000 ) ) ;
#1483 = AXIS2_PLACEMENT_3D ( 'NONE', #1746, #1327, #2358 ) ;
#1484 = DIRECTION ( 'NONE',  ( 0.7071067811865510144, -0.7071067811865440200, 0.000000000000000000 ) ) ;
#1485 = EDGE_CURVE ( 'NONE', #652, #2237, #261, .T. ) ;
#1486 = AXIS2_PLACEMENT_3D ( 'NONE', #1242, #1204, #2244 ) ;
#1487 = CARTESIAN_POINT ( 'NONE',  ( -5.727564927611000556, -9.828784258493049819, 8.080000000000140403 ) ) ;
#1488 = AXIS2_PLACEMENT_3D ( 'NONE', #2072, #1659, #1251 ) ;
#1489 = CYLINDRICAL_SURFACE ( 'NONE', #990, 13.45999999999999908 ) ;
#1490 = EDGE_CURVE ( 'NONE', #2237, #352, #129, .T. ) ;
#1491 = EDGE_LOOP ( 'NONE', ( #745, #323 ) ) ;
#1492 = ORIENTED_EDGE ( 'NONE', *, *, #1981, .F. ) ;
#1493 = FACE_BOUND ( 'NONE', #787, .T. ) ;
#1494 = ORIENTED_EDGE ( 'NONE', *, *, #1654, .T. ) ;
#1495 = CARTESIAN_POINT ( 'NONE',  ( 6.293250352560249894, 2.192031021678319647, -14.22000000000000064 ) ) ;
#1496 = EDGE_LOOP ( 'NONE', ( #409, #586, #2592, #984 ) ) ;
#1497 = CARTESIAN_POINT ( 'NONE',  ( -0.7778174593051560004, -6.293250352560320060, -14.22000000000000064 ) ) ;
#1498 = FACE_OUTER_BOUND ( 'NONE', #695, .T. ) ;
#1499 = DIRECTION ( 'NONE',  ( 1.000000000000000000, 0.000000000000000000, 0.000000000000000000 ) ) ;
#1500 = CYLINDRICAL_SURFACE ( 'NONE', #1155, 1.600000000000000755 ) ;
#1501 = ORIENTED_EDGE ( 'NONE', *, *, #1466, .T. ) ;
#1502 = EDGE_CURVE ( 'NONE', #144, #1822, #2302, .T. ) ;
#1503 = EDGE_LOOP ( 'NONE', ( #1850, #473, #737, #2409 ) ) ;
#1504 = ORIENTED_EDGE ( 'NONE', *, *, #1902, .T. ) ;
#1505 = LINE ( 'NONE', #746, #1971 ) ;
#1506 = EDGE_LOOP ( 'NONE', ( #2366, #1247, #2562, #2351 ) ) ;
#1507 = CARTESIAN_POINT ( 'NONE',  ( 4.879036790187149641, 3.606244584051409685, -14.22000000000000064 ) ) ;
#1508 = DIRECTION ( 'NONE',  ( 1.000000000000000000, 1.734723475976808672E-15, 0.000000000000000000 ) ) ;
#1509 = DIRECTION ( 'NONE',  ( 1.000000000000000000, 0.000000000000000000, 0.000000000000000000 ) ) ;
#1510 = ORIENTED_EDGE ( 'NONE', *, *, #708, .T. ) ;
#1511 = ADVANCED_FACE ( 'NONE', ( #1241, #2075 ), #1893, .F. ) ;
#1512 = ORIENTED_EDGE ( 'NONE', *, *, #1350, .T. ) ;
#1513 = EDGE_CURVE ( 'NONE', #1157, #2325, #1695, .T. ) ;
#1514 = FACE_OUTER_BOUND ( 'NONE', #149, .T. ) ;
#1515 = VERTEX_POINT ( 'NONE', #474 ) ;
#1516 = VECTOR ( 'NONE', #318, 1000.000000000000000 ) ;
#1517 = FACE_OUTER_BOUND ( 'NONE', #529, .T. ) ;
#1518 = AXIS2_PLACEMENT_3D ( 'NONE', #1738, #2541, #961 ) ;
#1519 = ORIENTED_EDGE ( 'NONE', *, *, #2466, .T. ) ;
#1520 = LINE ( 'NONE', #1166, #2191 ) ;
#1521 = DIRECTION ( 'NONE',  ( 0.000000000000000000, 0.000000000000000000, -1.000000000000000000 ) ) ;
#1522 = AXIS2_PLACEMENT_3D ( 'NONE', #2165, #322, #941 ) ;
#1523 = AXIS2_PLACEMENT_3D ( 'NONE', #668, #1469, #1273 ) ;
#1524 = CIRCLE ( 'NONE', #1750, 0.9999999999999991118 ) ;
#1525 = AXIS2_PLACEMENT_3D ( 'NONE', #2284, #2087, #865 ) ;
#1526 = DIRECTION ( 'NONE',  ( 1.000000000000000000, 0.000000000000000000, 0.000000000000000000 ) ) ;
#1527 = CARTESIAN_POINT ( 'NONE',  ( 14.14999999999999858, 1.959434878635764984E-16, 0.000000000000000000 ) ) ;
#1528 = VERTEX_POINT ( 'NONE', #1281 ) ;
#1529 = CIRCLE ( 'NONE', #257, 12.21499999999999986 ) ;
#1530 = ORIENTED_EDGE ( 'NONE', *, *, #2012, .F. ) ;
#1531 = ADVANCED_FACE ( 'NONE', ( #2482 ), #1047, .F. ) ;
#1532 = DIRECTION ( 'NONE',  ( 1.000000000000000000, 0.000000000000000000, 0.000000000000000000 ) ) ;
#1533 = CC_DESIGN_PERSON_AND_ORGANIZATION_ASSIGNMENT ( #392, #1697, ( #1407 ) ) ;
#1534 = EDGE_CURVE ( 'NONE', #1788, #2326, #1196, .T. ) ;
#1535 = ORIENTED_EDGE ( 'NONE', *, *, #2426, .F. ) ;
#1536 = VERTEX_POINT ( 'NONE', #1311 ) ;
#1537 = CYLINDRICAL_SURFACE ( 'NONE', #2018, 1.600000000000000755 ) ;
#1538 = ADVANCED_FACE ( 'NONE', ( #1341 ), #1099, .F. ) ;
#1539 = VERTEX_POINT ( 'NONE', #1356 ) ;
#1540 = CARTESIAN_POINT ( 'NONE',  ( 0.7778174593051518926, 6.293250352560329830, -14.22000000000000064 ) ) ;
#1541 = CARTESIAN_POINT ( 'NONE',  ( 0.000000000000000000, 0.000000000000000000, -5.360000000000000320 ) ) ;
#1542 = CARTESIAN_POINT ( 'NONE',  ( 8.859961093246859321, 10.13275329938273828, -9.719999999999998863 ) ) ;
#1543 = ORIENTED_EDGE ( 'NONE', *, *, #2275, .T. ) ;
#1544 = ORIENTED_EDGE ( 'NONE', *, *, #625, .T. ) ;
#1545 = DIRECTION ( 'NONE',  ( -0.7071067811865510144, 0.7071067811865440200, 0.000000000000000000 ) ) ;
#1546 = ORIENTED_EDGE ( 'NONE', *, *, #1889, .F. ) ;
#1547 = DIRECTION ( 'NONE',  ( 1.000000000000000000, -6.938893903907228378E-15, 0.000000000000000000 ) ) ;
#1548 = EDGE_CURVE ( 'NONE', #1310, #1426, #1505, .T. ) ;
#1549 = ORIENTED_EDGE ( 'NONE', *, *, #311, .T. ) ;
#1550 = DIRECTION ( 'NONE',  ( 0.000000000000000000, 0.000000000000000000, -1.000000000000000000 ) ) ;
#1551 = ORIENTED_EDGE ( 'NONE', *, *, #2459, .F. ) ;
#1552 = ORIENTED_EDGE ( 'NONE', *, *, #1477, .F. ) ;
#1553 = LINE ( 'NONE', #533, #417 ) ;
#1554 = EDGE_CURVE ( 'NONE', #756, #951, #302, .T. ) ;
#1555 = DIRECTION ( 'NONE',  ( 0.000000000000000000, 0.000000000000000000, 1.000000000000000000 ) ) ;
#1556 = CARTESIAN_POINT ( 'NONE',  ( 9.828784258492969883, 4.313351365237980239, -9.719999999999998863 ) ) ;
#1557 = CARTESIAN_POINT ( 'NONE',  ( 8.859961093246859321, 10.13275329938273828, -9.719999999999998863 ) ) ;
#1558 = DIRECTION ( 'NONE',  ( 0.000000000000000000, 0.000000000000000000, -1.000000000000000000 ) ) ;
#1559 = ORIENTED_EDGE ( 'NONE', *, *, #1565, .T. ) ;
#1560 = DIRECTION ( 'NONE',  ( 0.000000000000000000, 0.000000000000000000, -1.000000000000000000 ) ) ;
#1561 = ORIENTED_EDGE ( 'NONE', *, *, #2588, .T. ) ;
#1562 = ORIENTED_EDGE ( 'NONE', *, *, #2012, .T. ) ;
#1563 = ORIENTED_EDGE ( 'NONE', *, *, #2123, .F. ) ;
#1564 = ORIENTED_EDGE ( 'NONE', *, *, #1024, .T. ) ;
#1565 = EDGE_CURVE ( 'NONE', #144, #1536, #2553, .T. ) ;
#1566 = VECTOR ( 'NONE', #1765, 1000.000000000000000 ) ;
#1567 = CARTESIAN_POINT ( 'NONE',  ( 8.414570696119879400, 5.727564927611069834, -9.719999999999998863 ) ) ;
#1568 = CARTESIAN_POINT ( 'NONE',  ( -13.45999999999999908, 0.000000000000000000, -5.360000000000000320 ) ) ;
#1569 = CIRCLE ( 'NONE', #676, 1.000000000000000000 ) ;
#1570 = EDGE_CURVE ( 'NONE', #1373, #1295, #1296, .T. ) ;
#1571 = DIRECTION ( 'NONE',  ( 0.000000000000000000, 0.000000000000000000, -1.000000000000000000 ) ) ;
#1572 = CYLINDRICAL_SURFACE ( 'NONE', #1799, 13.45999999999999908 ) ;
#1573 = VERTEX_POINT ( 'NONE', #2328 ) ;
#1574 = CIRCLE ( 'NONE', #641, 12.21499999999999986 ) ;
#1575 = AXIS2_PLACEMENT_3D ( 'NONE', #2520, #2169, #115 ) ;
#1576 = EDGE_LOOP ( 'NONE', ( #546, #320, #1745, #602 ) ) ;
#1577 = AXIS2_PLACEMENT_3D ( 'NONE', #1769, #2576, #754 ) ;
#1578 = CIRCLE ( 'NONE', #1445, 18.50000000000000000 ) ;
#1579 = VERTEX_POINT ( 'NONE', #2128 ) ;
#1580 = VERTEX_POINT ( 'NONE', #2568 ) ;
#1581 = APPLICATION_CONTEXT ( 'configuration controlled 3d designs of mechanical parts and assemblies' ) ;
#1582 = CARTESIAN_POINT ( 'NONE',  ( -9.828784258493049819, -4.313351365237904744, -14.22000000000000064 ) ) ;
#1583 = LINE ( 'NONE', #1168, #2151 ) ;
#1584 = PERSON_AND_ORGANIZATION_ROLE ( 'design_owner' ) ;
#1585 = LINE ( 'NONE', #1179, #1829 ) ;
#1586 = ORIENTED_EDGE ( 'NONE', *, *, #63, .F. ) ;
#1587 = ADVANCED_FACE ( 'NONE', ( #1713, #345 ), #2522, .F. ) ;
#1588 = CARTESIAN_POINT ( 'NONE',  ( 5.303300858899109294, -5.303300858899089754, 0.000000000000000000 ) ) ;
#1589 = ADVANCED_FACE ( 'NONE', ( #1120, #1938 ), #515, .F. ) ;
#1590 = ORIENTED_EDGE ( 'NONE', *, *, #1671, .F. ) ;
#1591 = DIRECTION ( 'NONE',  ( 0.7071067811865470176, -0.7071067811865480168, 0.000000000000000000 ) ) ;
#1592 = CARTESIAN_POINT ( 'NONE',  ( -12.21499999999999986, 0.000000000000000000, -5.360000000000000320 ) ) ;
#1593 = LINE ( 'NONE', #576, #380 ) ;
#1594 = ORIENTED_EDGE ( 'NONE', *, *, #2123, .T. ) ;
#1595 = MECHANICAL_CONTEXT ( 'NONE', #633, 'mechanical' ) ;
#1596 = CARTESIAN_POINT ( 'NONE',  ( -1.600000000000000089, 15.75000000000000000, -14.72000000000000064 ) ) ;
#1597 = DIRECTION ( 'NONE',  ( -0.7071067811865510144, 0.7071067811865441310, 0.000000000000000000 ) ) ;
#1598 = VERTEX_POINT ( 'NONE', #1730 ) ;
#1599 = CARTESIAN_POINT ( 'NONE',  ( 5.409366876077050357, 4.136574669941319726, -12.22000000000000064 ) ) ;
#1600 = ADVANCED_FACE ( 'NONE', ( #952 ), #1537, .F. ) ;
#1601 = ORIENTED_EDGE ( 'NONE', *, *, #2435, .T. ) ;
#1602 = ORIENTED_EDGE ( 'NONE', *, *, #1548, .T. ) ;
#1603 = CARTESIAN_POINT ( 'NONE',  ( 4.879036790187149641, 2.192031021678319647, -14.22000000000000064 ) ) ;
#1604 = CARTESIAN_POINT ( 'NONE',  ( 0.000000000000000000, 15.75000000000000000, -14.72000000000000064 ) ) ;
#1605 = DIRECTION ( 'NONE',  ( 0.000000000000000000, 0.000000000000000000, 1.000000000000000000 ) ) ;
#1606 = AXIS2_PLACEMENT_3D ( 'NONE', #1336, #2225, #2613 ) ;
#1607 = ORIENTED_EDGE ( 'NONE', *, *, #1548, .F. ) ;
#1608 = LINE ( 'NONE', #647, #2413 ) ;
#1609 = CIRCLE ( 'NONE', #2334, 2.500000000000000000 ) ;
#1610 = LINE ( 'NONE', #1872, #993 ) ;
#1611 = AXIS2_PLACEMENT_3D ( 'NONE', #40, #851, #1663 ) ;
#1612 = AXIS2_PLACEMENT_3D ( 'NONE', #2319, #1886, #463 ) ;
#1613 = ORIENTED_EDGE ( 'NONE', *, *, #2459, .T. ) ;
#1614 = AXIS2_PLACEMENT_3D ( 'NONE', #1495, #2316, #484 ) ;
#1615 = AXIS2_PLACEMENT_3D ( 'NONE', #1114, #1455, #1353 ) ;
#1616 = DIRECTION ( 'NONE',  ( 0.000000000000000000, 0.000000000000000000, -1.000000000000000000 ) ) ;
#1617 = AXIS2_PLACEMENT_3D ( 'NONE', #856, #2067, #1065 ) ;
#1618 = ORIENTED_EDGE ( 'NONE', *, *, #708, .F. ) ;
#1619 = AXIS2_PLACEMENT_3D ( 'NONE', #790, #1675, #1923 ) ;
#1620 = EDGE_CURVE ( 'NONE', #671, #2331, #1520, .T. ) ;
#1621 = CARTESIAN_POINT ( 'NONE',  ( -4.879036790187160300, -2.192031021678315206, -9.719999999999998863 ) ) ;
#1622 = FACE_BOUND ( 'NONE', #297, .T. ) ;
#1623 = ORIENTED_EDGE ( 'NONE', *, *, #766, .T. ) ;
#1624 = EDGE_LOOP ( 'NONE', ( #1207, #64 ) ) ;
#1625 = LINE ( 'NONE', #2297, #718 ) ;
#1626 = DIRECTION ( 'NONE',  ( 0.7071067811865510144, -0.7071067811865440200, 0.000000000000000000 ) ) ;
#1627 = VERTEX_POINT ( 'NONE', #1763 ) ;
#1628 = DIRECTION ( 'NONE',  ( 0.000000000000000000, 0.000000000000000000, 1.000000000000000000 ) ) ;
#1629 = ORIENTED_EDGE ( 'NONE', *, *, #428, .T. ) ;
#1630 = ORIENTED_EDGE ( 'NONE', *, *, #230, .F. ) ;
#1631 = CARTESIAN_POINT ( 'NONE',  ( -2.192031021678275238, -4.879036790187200268, 8.080000000000140403 ) ) ;
#1632 = ORIENTED_EDGE ( 'NONE', *, *, #1513, .T. ) ;
#1633 = ADVANCED_FACE ( 'NONE', ( #930 ), #2171, .F. ) ;
#1634 = LINE ( 'NONE', #2440, #87 ) ;
#1635 = FACE_BOUND ( 'NONE', #146, .T. ) ;
#1636 = DIRECTION ( 'NONE',  ( 1.000000000000000000, 0.000000000000000000, 0.000000000000000000 ) ) ;
#1637 = CARTESIAN_POINT ( 'NONE',  ( -1.600000000000000089, -15.75000000000000000, -2.000000000000000000 ) ) ;
#1638 = DIRECTION ( 'NONE',  ( 0.000000000000000000, 0.000000000000000000, 1.000000000000000000 ) ) ;
#1639 = EDGE_LOOP ( 'NONE', ( #1366, #1378, #1083, #1278 ) ) ;
#1640 = EDGE_CURVE ( 'NONE', #712, #1672, #1364, .T. ) ;
#1641 = PLANE ( 'NONE',  #771 ) ;
#1642 = EDGE_LOOP ( 'NONE', ( #1819, #1086, #2364, #98, #1643, #902, #1935, #1905, #1217, #124 ) ) ;
#1643 = ORIENTED_EDGE ( 'NONE', *, *, #53, .T. ) ;
#1644 = CARTESIAN_POINT ( 'NONE',  ( -5.727564927611000556, -9.828784258493049819, -14.22000000000000064 ) ) ;
#1645 = DIRECTION ( 'NONE',  ( 0.000000000000000000, 0.000000000000000000, -1.000000000000000000 ) ) ;
#1646 = EDGE_CURVE ( 'NONE', #1891, #2497, #2339, .T. ) ;
#1647 = PLANE ( 'NONE',  #346 ) ;
#1648 = DIRECTION ( 'NONE',  ( 0.7071067811865433539, 0.7071067811865517916, 0.000000000000000000 ) ) ;
#1649 = LINE ( 'NONE', #1433, #775 ) ;
#1650 = CARTESIAN_POINT ( 'NONE',  ( 8.414570696119879400, 5.727564927611069834, -9.719999999999998863 ) ) ;
#1651 = ADVANCED_FACE ( 'NONE', ( #888 ), #2160, .F. ) ;
#1652 = CIRCLE ( 'NONE', #767, 1.000000000000000000 ) ;
#1653 = ORIENTED_EDGE ( 'NONE', *, *, #727, .F. ) ;
#1654 = EDGE_CURVE ( 'NONE', #1687, #170, #943, .T. ) ;
#1655 = AXIS2_PLACEMENT_3D ( 'NONE', #2454, #640, #2469 ) ;
#1656 = AXIS2_PLACEMENT_3D ( 'NONE', #1091, #1907, #2298 ) ;
#1657 = AXIS2_PLACEMENT_3D ( 'NONE', #478, #1276, #488 ) ;
#1658 = AXIS2_PLACEMENT_3D ( 'NONE', #744, #1987, #2584 ) ;
#1659 = DIRECTION ( 'NONE',  ( 0.000000000000000000, 0.000000000000000000, -1.000000000000000000 ) ) ;
#1660 = AXIS2_PLACEMENT_3D ( 'NONE', #1216, #2045, #150 ) ;
#1661 = FACE_OUTER_BOUND ( 'NONE', #116, .T. ) ;
#1662 = AXIS2_PLACEMENT_3D ( 'NONE', #2372, #1178, #1360 ) ;
#1663 = DIRECTION ( 'NONE',  ( -0.7071067811865475727, 0.7071067811865475727, 0.000000000000000000 ) ) ;
#1664 = DIRECTION ( 'NONE',  ( 0.000000000000000000, 0.000000000000000000, -1.000000000000000000 ) ) ;
#1665 = DIRECTION ( 'NONE',  ( 0.000000000000000000, 0.000000000000000000, -1.000000000000000000 ) ) ;
#1666 = DIRECTION ( 'NONE',  ( 0.7071067811865439090, 0.7071067811865511255, 0.000000000000000000 ) ) ;
#1667 = DIRECTION ( 'NONE',  ( 0.000000000000000000, 0.000000000000000000, 1.000000000000000000 ) ) ;
#1668 = CARTESIAN_POINT ( 'NONE',  ( -7.177133829043449431, -5.904341622907719689, -12.22000000000000064 ) ) ;
#1669 = EDGE_CURVE ( 'NONE', #2370, #1670, #1012, .T. ) ;
#1670 = VERTEX_POINT ( 'NONE', #2611 ) ;
#1671 = EDGE_CURVE ( 'NONE', #1054, #1983, #1593, .T. ) ;
#1672 = VERTEX_POINT ( 'NONE', #371 ) ;
#1673 = DIRECTION ( 'NONE',  ( 0.000000000000000000, 0.000000000000000000, -1.000000000000000000 ) ) ;
#1674 = CARTESIAN_POINT ( 'NONE',  ( 11.86709622792984042, 6.351663334674880090, -9.719999999999998863 ) ) ;
#1675 = DIRECTION ( 'NONE',  ( 0.000000000000000000, 0.000000000000000000, 1.000000000000000000 ) ) ;
#1676 = DIRECTION ( 'NONE',  ( -1.000000000000000000, 0.000000000000000000, 0.000000000000000000 ) ) ;
#1677 = DIRECTION ( 'NONE',  ( 0.000000000000000000, 0.000000000000000000, -1.000000000000000000 ) ) ;
#1678 = DIRECTION ( 'NONE',  ( 0.000000000000000000, 0.000000000000000000, 1.000000000000000000 ) ) ;
#1679 = ORIENTED_EDGE ( 'NONE', *, *, #549, .T. ) ;
#1680 = EDGE_CURVE ( 'NONE', #5, #1528, #1574, .T. ) ;
#1681 = DIRECTION ( 'NONE',  ( -1.000000000000000000, 0.000000000000000000, 0.000000000000000000 ) ) ;
#1682 = CARTESIAN_POINT ( 'NONE',  ( 2.899137802864784508, 8.414570696119920257, -12.22000000000000064 ) ) ;
#1683 = EDGE_CURVE ( 'NONE', #1539, #2533, #1978, .T. ) ;
#1684 = ORIENTED_EDGE ( 'NONE', *, *, #2411, .F. ) ;
#1685 = CARTESIAN_POINT ( 'NONE',  ( 4.879036790187149641, 2.192031021678319647, -9.719999999999998863 ) ) ;
#1686 = DIRECTION ( 'NONE',  ( -0.7071067811865475727, 0.7071067811865475727, 0.000000000000000000 ) ) ;
#1687 = VERTEX_POINT ( 'NONE', #969 ) ;
#1688 = DIRECTION ( 'NONE',  ( 0.000000000000000000, 0.000000000000000000, 1.000000000000000000 ) ) ;
#1689 = FACE_OUTER_BOUND ( 'NONE', #2543, .T. ) ;
#1690 = CARTESIAN_POINT ( 'NONE',  ( -4.136574669941289528, -5.409366876077129405, -12.22000000000000064 ) ) ;
#1691 = DATE_AND_TIME ( #2132, #258 ) ;
#1692 = CARTESIAN_POINT ( 'NONE',  ( -1.600000000000000089, 15.75000000000000000, -2.000000000000000000 ) ) ;
#1693 = ORIENTED_EDGE ( 'NONE', *, *, #872, .T. ) ;
#1694 = VECTOR ( 'NONE', #1298, 1000.000000000000000 ) ;
#1695 = CIRCLE ( 'NONE', #2547, 13.45999999999999908 ) ;
#1696 = VERTEX_POINT ( 'NONE', #1796 ) ;
#1697 = PERSON_AND_ORGANIZATION_ROLE ( 'classification_officer' ) ;
#1698 = CARTESIAN_POINT ( 'NONE',  ( 6.434671708797550238, 7.707463914933409654, -14.22000000000000064 ) ) ;
#1699 = AXIS2_PLACEMENT_3D ( 'NONE', #71, #868, #892 ) ;
#1700 = ORIENTED_EDGE ( 'NONE', *, *, #2028, .T. ) ;
#1701 = DIRECTION ( 'NONE',  ( 0.000000000000000000, 0.000000000000000000, 1.000000000000000000 ) ) ;
#1702 = AXIS2_PLACEMENT_3D ( 'NONE', #44, #1638, #627 ) ;
#1703 = DIRECTION ( 'NONE',  ( -1.000000000000000000, 0.000000000000000000, 0.000000000000000000 ) ) ;
#1704 = EDGE_CURVE ( 'NONE', #889, #1710, #983, .T. ) ;
#1705 = CIRCLE ( 'NONE', #1488, 18.50000000000000000 ) ;
#1706 = LINE ( 'NONE', #273, #2303 ) ;
#1707 = AXIS2_PLACEMENT_3D ( 'NONE', #316, #2250, #1841 ) ;
#1708 = CYLINDRICAL_SURFACE ( 'NONE', #2189, 12.21499999999999986 ) ;
#1709 = CC_DESIGN_APPROVAL ( #1252, ( #1407 ) ) ;
#1710 = VERTEX_POINT ( 'NONE', #2561 ) ;
#1711 = EDGE_LOOP ( 'NONE', ( #2479, #1543, #2354, #2202 ) ) ;
#1712 = CARTESIAN_POINT ( 'NONE',  ( 14.14999999999999858, 1.959434878635764984E-16, -2.000000000000000000 ) ) ;
#1713 = FACE_BOUND ( 'NONE', #1491, .T. ) ;
#1714 = EDGE_CURVE ( 'NONE', #1352, #151, #720, .T. ) ;
#1715 = VERTEX_POINT ( 'NONE', #538 ) ;
#1716 = DIRECTION ( 'NONE',  ( 1.000000000000000000, -3.469446951953614189E-15, 0.000000000000000000 ) ) ;
#1717 = CARTESIAN_POINT ( 'NONE',  ( -1.600000000000000089, -15.75000000000000000, -14.72000000000000064 ) ) ;
#1718 = CYLINDRICAL_SURFACE ( 'NONE', #850, 1.000000000000000000 ) ;
#1719 = EDGE_CURVE ( 'NONE', #1528, #5, #2054, .T. ) ;
#1720 = CARTESIAN_POINT ( 'NONE',  ( 1.484924240491726000, 5.586143571373750838, -14.22000000000000064 ) ) ;
#1721 = CARTESIAN_POINT ( 'NONE',  ( 0.000000000000000000, 0.000000000000000000, -5.360000000000000320 ) ) ;
#1722 = ORIENTED_EDGE ( 'NONE', *, *, #2517, .T. ) ;
#1723 = DIRECTION ( 'NONE',  ( 0.000000000000000000, 0.000000000000000000, 1.000000000000000000 ) ) ;
#1724 = VERTEX_POINT ( 'NONE', #1527 ) ;
#1725 = APPROVAL_ROLE ( '' ) ;
#1726 = CARTESIAN_POINT ( 'NONE',  ( 2.192031021678275238, 6.293250352560299632, 8.080000000000140403 ) ) ;
#1727 = ORIENTED_EDGE ( 'NONE', *, *, #938, .T. ) ;
#1728 = DIRECTION ( 'NONE',  ( 0.000000000000000000, 0.000000000000000000, -1.000000000000000000 ) ) ;
#1729 = ORIENTED_EDGE ( 'NONE', *, *, #2324, .T. ) ;
#1730 = CARTESIAN_POINT ( 'NONE',  ( -13.45999999999999908, 0.000000000000000000, -8.720000000000000639 ) ) ;
#1731 = DATE_AND_TIME ( #2587, #1803 ) ;
#1732 = FACE_OUTER_BOUND ( 'NONE', #1093, .T. ) ;
#1733 = EDGE_CURVE ( 'NONE', #1573, #267, #1917, .T. ) ;
#1734 = DIRECTION ( 'NONE',  ( -0.7071067811865510144, 0.7071067811865440200, 0.000000000000000000 ) ) ;
#1735 = DIRECTION ( 'NONE',  ( -1.000000000000000000, 0.000000000000000000, 0.000000000000000000 ) ) ;
#1736 = ORIENTED_EDGE ( 'NONE', *, *, #2085, .F. ) ;
#1737 = CARTESIAN_POINT ( 'NONE',  ( 9.121677477306420201, 6.434671708797619516, 8.080000000000140403 ) ) ;
#1738 = CARTESIAN_POINT ( 'NONE',  ( 0.000000000000000000, 0.000000000000000000, -9.719999999999998863 ) ) ;
#1739 = ORIENTED_EDGE ( 'NONE', *, *, #221, .F. ) ;
#1740 = ADVANCED_FACE ( 'NONE', ( #319 ), #2375, .T. ) ;
#1741 = DIRECTION ( 'NONE',  ( 0.000000000000000000, 0.000000000000000000, 1.000000000000000000 ) ) ;
#1742 = ORIENTED_EDGE ( 'NONE', *, *, #1640, .T. ) ;
#1743 = CIRCLE ( 'NONE', #2551, 1.250000000000000444 ) ;
#1744 = AXIS2_PLACEMENT_3D ( 'NONE', #2456, #475, #830 ) ;
#1745 = ORIENTED_EDGE ( 'NONE', *, *, #1669, .T. ) ;
#1746 = CARTESIAN_POINT ( 'NONE',  ( -5.303300858899119952, 5.303300858899099524, -9.719999999999998863 ) ) ;
#1747 = DIRECTION ( 'NONE',  ( 0.7071067811865510144, -0.7071067811865441310, 0.000000000000000000 ) ) ;
#1748 = CIRCLE ( 'NONE', #2382, 1.250000000000000888 ) ;
#1749 = VECTOR ( 'NONE', #1072, 1000.000000000000000 ) ;
#1750 = AXIS2_PLACEMENT_3D ( 'NONE', #844, #1195, #2069 ) ;
#1751 = CIRCLE ( 'NONE', #293, 2.500000000000000000 ) ;
#1752 = CYLINDRICAL_SURFACE ( 'NONE', #512, 1.250000000000000444 ) ;
#1753 = EDGE_LOOP ( 'NONE', ( #2205, #1452 ) ) ;
#1754 = AXIS2_PLACEMENT_3D ( 'NONE', #209, #1030, #1458 ) ;
#1755 = CARTESIAN_POINT ( 'NONE',  ( -13.45999999999999908, 0.000000000000000000, -6.360000000000000320 ) ) ;
#1756 = ORIENTED_EDGE ( 'NONE', *, *, #766, .F. ) ;
#1757 = CIRCLE ( 'NONE', #1984, 13.45999999999999908 ) ;
#1758 = ADVANCED_FACE ( 'NONE', ( #2577 ), #551, .F. ) ;
#1759 = DIRECTION ( 'NONE',  ( 0.000000000000000000, 0.000000000000000000, -1.000000000000000000 ) ) ;
#1760 = ORIENTED_EDGE ( 'NONE', *, *, #2283, .F. ) ;
#1761 = EDGE_CURVE ( 'NONE', #2566, #485, #2271, .T. ) ;
#1762 = ORIENTED_EDGE ( 'NONE', *, *, #1554, .F. ) ;
#1763 = CARTESIAN_POINT ( 'NONE',  ( -6.434671708797550238, -9.121677477306500137, -9.719999999999998863 ) ) ;
#1764 = CARTESIAN_POINT ( 'NONE',  ( -2.899137802864824920, -5.586143571373750838, -14.22000000000000064 ) ) ;
#1765 = DIRECTION ( 'NONE',  ( 0.7071067811865515695, -0.7071067811865435759, 0.000000000000000000 ) ) ;
#1766 = FACE_OUTER_BOUND ( 'NONE', #987, .T. ) ;
#1767 = COORDINATED_UNIVERSAL_TIME_OFFSET ( 10, 0, .AHEAD. ) ;
#1768 = CARTESIAN_POINT ( 'NONE',  ( -5.303300858899119952, 5.303300858899099524, -9.719999999999998863 ) ) ;
#1769 = CARTESIAN_POINT ( 'NONE',  ( -6.293250352560249894, -2.192031021678319647, -14.22000000000000064 ) ) ;
#1770 = DIRECTION ( 'NONE',  ( -1.000000000000000000, 0.000000000000000000, 0.000000000000000000 ) ) ;
#1771 = ORIENTED_EDGE ( 'NONE', *, *, #296, .F. ) ;
#1772 = CARTESIAN_POINT ( 'NONE',  ( -2.899137802864824920, -5.586143571373750838, -9.719999999999998863 ) ) ;
#1773 = FACE_OUTER_BOUND ( 'NONE', #122, .T. ) ;
#1774 = EDGE_LOOP ( 'NONE', ( #2571, #514, #451, #1618 ) ) ;
#1775 = DIRECTION ( 'NONE',  ( -1.000000000000000000, 0.000000000000000000, 0.000000000000000000 ) ) ;
#1776 = ADVANCED_FACE ( 'NONE', ( #556 ), #1800, .F. ) ;
#1777 = EDGE_LOOP ( 'NONE', ( #101, #819 ) ) ;
#1778 = EDGE_CURVE ( 'NONE', #1384, #1696, #1524, .T. ) ;
#1779 = VERTEX_POINT ( 'NONE', #605 ) ;
#1780 = ADVANCED_FACE ( 'NONE', ( #1852 ), #2270, .F. ) ;
#1781 = DIRECTION ( 'NONE',  ( 0.000000000000000000, 0.000000000000000000, -1.000000000000000000 ) ) ;
#1782 = DIRECTION ( 'NONE',  ( 0.000000000000000000, 0.000000000000000000, 1.000000000000000000 ) ) ;
#1783 = LINE ( 'NONE', #376, #1066 ) ;
#1784 = ORIENTED_EDGE ( 'NONE', *, *, #1714, .T. ) ;
#1785 = EDGE_LOOP ( 'NONE', ( #2384, #2605 ) ) ;
#1786 = EDGE_LOOP ( 'NONE', ( #2112, #721, #259, #1993 ) ) ;
#1787 = DIRECTION ( 'NONE',  ( 1.000000000000000000, 0.000000000000000000, 0.000000000000000000 ) ) ;
#1788 = VERTEX_POINT ( 'NONE', #1034 ) ;
#1789 = CIRCLE ( 'NONE', #1875, 12.21499999999999986 ) ;
#1790 = DIRECTION ( 'NONE',  ( 0.7071067811865439090, 0.7071067811865511255, 0.000000000000000000 ) ) ;
#1791 = CARTESIAN_POINT ( 'NONE',  ( -1.484924240491776182, -7.000357133746799576, -14.22000000000000064 ) ) ;
#1792 = ORIENTED_EDGE ( 'NONE', *, *, #1477, .T. ) ;
#1793 = CIRCLE ( 'NONE', #2502, 1.249999999999999556 ) ;
#1794 = AXIS2_PLACEMENT_3D ( 'NONE', #1294, #916, #299 ) ;
#1795 = DIRECTION ( 'NONE',  ( 1.000000000000000000, 0.000000000000000000, 0.000000000000000000 ) ) ;
#1796 = CARTESIAN_POINT ( 'NONE',  ( -9.828784258492980541, -5.727564927611069834, -9.719999999999998863 ) ) ;
#1797 = ADVANCED_FACE ( 'NONE', ( #2020 ), #227, .F. ) ;
#1798 = AXIS2_PLACEMENT_3D ( 'NONE', #1324, #312, #1952 ) ;
#1799 = AXIS2_PLACEMENT_3D ( 'NONE', #177, #1007, #999 ) ;
#1800 = CYLINDRICAL_SURFACE ( 'NONE', #1106, 2.499999999999999556 ) ;
#1801 = CIRCLE ( 'NONE', #1031, 1.000000000000000000 ) ;
#1802 = EDGE_LOOP ( 'NONE', ( #1288, #1035, #628, #2173 ) ) ;
#1803 = LOCAL_TIME ( 18, 50, 30.00000000000000000, #1883 ) ;
#1804 = ORIENTED_EDGE ( 'NONE', *, *, #63, .T. ) ;
#1805 = CARTESIAN_POINT ( 'NONE',  ( -15.75000000000000000, 0.000000000000000000, 0.000000000000000000 ) ) ;
#1806 = LINE ( 'NONE', #967, #859 ) ;
#1807 = EDGE_LOOP ( 'NONE', ( #195, #663 ) ) ;
#1808 = DIRECTION ( 'NONE',  ( 0.7071067811865441310, 0.7071067811865510144, 0.000000000000000000 ) ) ;
#1809 = VERTEX_POINT ( 'NONE', #649 ) ;
#1810 = CYLINDRICAL_SURFACE ( 'NONE', #378, 1.000000000000000000 ) ;
#1811 = ORIENTED_EDGE ( 'NONE', *, *, #230, .T. ) ;
#1812 = DIRECTION ( 'NONE',  ( 0.000000000000000000, 0.000000000000000000, 1.000000000000000000 ) ) ;
#1813 = DIRECTION ( 'NONE',  ( 0.000000000000000000, 0.000000000000000000, 1.000000000000000000 ) ) ;
#1814 = FACE_BOUND ( 'NONE', #2477, .T. ) ;
#1815 = CARTESIAN_POINT ( 'NONE',  ( 5.727564927611000556, 9.828784258493049819, 8.080000000000140403 ) ) ;
#1816 = CARTESIAN_POINT ( 'NONE',  ( 13.45999999999999908, 1.648374591652334999E-15, -6.360000000000000320 ) ) ;
#1817 = CARTESIAN_POINT ( 'NONE',  ( 0.000000000000000000, 0.000000000000000000, 0.000000000000000000 ) ) ;
#1818 = DIRECTION ( 'NONE',  ( 0.7071067811865474617, -0.7071067811865474617, 0.000000000000000000 ) ) ;
#1819 = ORIENTED_EDGE ( 'NONE', *, *, #444, .F. ) ;
#1820 = CYLINDRICAL_SURFACE ( 'NONE', #1057, 1.600000000000000755 ) ;
#1821 = DIRECTION ( 'NONE',  ( -0.7071067811865510144, 0.7071067811865440200, 0.000000000000000000 ) ) ;
#1822 = VERTEX_POINT ( 'NONE', #2619 ) ;
#1823 = EDGE_CURVE ( 'NONE', #68, #342, #795, .T. ) ;
#1824 = FACE_BOUND ( 'NONE', #673, .T. ) ;
#1825 = DIRECTION ( 'NONE',  ( 0.7071067811865434649, 0.7071067811865514585, 0.000000000000000000 ) ) ;
#1826 = CYLINDRICAL_SURFACE ( 'NONE', #2103, 1.000000000000000888 ) ;
#1827 = FACE_OUTER_BOUND ( 'NONE', #2030, .T. ) ;
#1828 = DIRECTION ( 'NONE',  ( 0.000000000000000000, 0.000000000000000000, 1.000000000000000000 ) ) ;
#1829 = VECTOR ( 'NONE', #2016, 1000.000000000000000 ) ;
#1830 = DIRECTION ( 'NONE',  ( -1.000000000000000000, 0.000000000000000000, 0.000000000000000000 ) ) ;
#1831 = AXIS2_PLACEMENT_3D ( 'NONE', #1805, #2227, #385 ) ;
#1832 = VECTOR ( 'NONE', #2092, 1000.000000000000000 ) ;
#1833 = DIRECTION ( 'NONE',  ( 0.7071067811865510144, -0.7071067811865440200, 0.000000000000000000 ) ) ;
#1834 = AXIS2_PLACEMENT_3D ( 'NONE', #59, #666, #1038 ) ;
#1835 = VECTOR ( 'NONE', #2108, 1000.000000000000000 ) ;
#1836 = EDGE_CURVE ( 'NONE', #874, #501, #1397, .T. ) ;
#1837 = CARTESIAN_POINT ( 'NONE',  ( 0.000000000000000000, 0.000000000000000000, -8.720000000000000639 ) ) ;
#1838 = AXIS2_PLACEMENT_3D ( 'NONE', #1844, #1664, #2470 ) ;
#1839 = EDGE_CURVE ( 'NONE', #1122, #1054, #2100, .T. ) ;
#1840 = VECTOR ( 'NONE', #1812, 1000.000000000000000 ) ;
#1841 = DIRECTION ( 'NONE',  ( 1.000000000000000000, 0.000000000000000000, 0.000000000000000000 ) ) ;
#1842 = CARTESIAN_POINT ( 'NONE',  ( -0.7778174593051560004, -6.293250352560320060, 8.080000000000140403 ) ) ;
#1843 = DIRECTION ( 'NONE',  ( 0.000000000000000000, 0.000000000000000000, -1.000000000000000000 ) ) ;
#1844 = CARTESIAN_POINT ( 'NONE',  ( 0.000000000000000000, 0.000000000000000000, 0.000000000000000000 ) ) ;
#1845 = ORIENTED_EDGE ( 'NONE', *, *, #2609, .T. ) ;
#1846 = DIRECTION ( 'NONE',  ( 0.000000000000000000, 0.000000000000000000, 1.000000000000000000 ) ) ;
#1847 = FACE_OUTER_BOUND ( 'NONE', #1786, .T. ) ;
#1848 = ORIENTED_EDGE ( 'NONE', *, *, #179, .F. ) ;
#1849 = FACE_BOUND ( 'NONE', #1753, .T. ) ;
#1850 = ORIENTED_EDGE ( 'NONE', *, *, #1941, .F. ) ;
#1851 = ORIENTED_EDGE ( 'NONE', *, *, #730, .T. ) ;
#1852 = FACE_OUTER_BOUND ( 'NONE', #1911, .T. ) ;
#1853 = CARTESIAN_POINT ( 'NONE',  ( 12.21499999999999986, 1.495906065158492217E-15, 0.000000000000000000 ) ) ;
#1854 = EDGE_LOOP ( 'NONE', ( #1549, #1504, #1494, #1944, #1222, #2084, #2180, #758 ) ) ;
#1855 = DIRECTION ( 'NONE',  ( 0.000000000000000000, 0.000000000000000000, -1.000000000000000000 ) ) ;
#1856 = ADVANCED_FACE ( 'NONE', ( #14 ), #619, .T. ) ;
#1857 = CYLINDRICAL_SURFACE ( 'NONE', #130, 1.000000000000000000 ) ;
#1858 = EDGE_CURVE ( 'NONE', #1579, #526, #1425, .T. ) ;
#1859 = FACE_OUTER_BOUND ( 'NONE', #268, .T. ) ;
#1860 = CARTESIAN_POINT ( 'NONE',  ( 1.600000000000000089, 15.75000000000000000, -2.000000000000000000 ) ) ;
#1861 = LINE ( 'NONE', #841, #1437 ) ;
#1862 = DIRECTION ( 'NONE',  ( 0.000000000000000000, 0.000000000000000000, -1.000000000000000000 ) ) ;
#1863 = ADVANCED_FACE ( 'NONE', ( #1223 ), #214, .T. ) ;
#1864 = CARTESIAN_POINT ( 'NONE',  ( -2.015254326381635153, -7.530687219636760688, -12.22000000000000064 ) ) ;
#1865 = DIRECTION ( 'NONE',  ( 1.000000000000000000, 0.000000000000000000, 0.000000000000000000 ) ) ;
#1866 = ORIENTED_EDGE ( 'NONE', *, *, #2322, .F. ) ;
#1867 = DIRECTION ( 'NONE',  ( 0.000000000000000000, 0.000000000000000000, 1.000000000000000000 ) ) ;
#1868 = DIRECTION ( 'NONE',  ( 1.000000000000000000, 0.000000000000000000, 0.000000000000000000 ) ) ;
#1869 = ADVANCED_FACE ( 'NONE', ( #2111 ), #1708, .T. ) ;
#1870 = CYLINDRICAL_SURFACE ( 'NONE', #1744, 13.45999999999999908 ) ;
#1871 = LINE ( 'NONE', #1717, #211 ) ;
#1872 = CARTESIAN_POINT ( 'NONE',  ( 6.351663334674750416, 11.86709622792992036, -9.719999999999998863 ) ) ;
#1873 = CIRCLE ( 'NONE', #39, 1.000000000000000000 ) ;
#1874 = EDGE_CURVE ( 'NONE', #1580, #1672, #2528, .T. ) ;
#1875 = AXIS2_PLACEMENT_3D ( 'NONE', #224, #2278, #675 ) ;
#1876 = EDGE_LOOP ( 'NONE', ( #1011, #1771, #405, #1471 ) ) ;
#1877 = VECTOR ( 'NONE', #2591, 1000.000000000000000 ) ;
#1878 = VECTOR ( 'NONE', #1673, 1000.000000000000000 ) ;
#1879 = ORIENTED_EDGE ( 'NONE', *, *, #2393, .T. ) ;
#1880 = AXIS2_PLACEMENT_3D ( 'NONE', #1721, #237, #1052 ) ;
#1881 = AXIS2_PLACEMENT_3D ( 'NONE', #2083, #452, #1681 ) ;
#1882 = CYLINDRICAL_SURFACE ( 'NONE', #1361, 1.000000000000000000 ) ;
#1883 = COORDINATED_UNIVERSAL_TIME_OFFSET ( 10, 0, .AHEAD. ) ;
#1884 = DIRECTION ( 'NONE',  ( 1.000000000000000000, 0.000000000000000000, 0.000000000000000000 ) ) ;
#1885 = EDGE_CURVE ( 'NONE', #2292, #2097, #2600, .T. ) ;
#1886 = DIRECTION ( 'NONE',  ( 0.7071067811865480168, 0.7071067811865470176, 0.000000000000000000 ) ) ;
#1887 = ORIENTED_EDGE ( 'NONE', *, *, #444, .T. ) ;
#1888 = CARTESIAN_POINT ( 'NONE',  ( 6.293250352560249894, 2.192031021678319647, -9.719999999999998863 ) ) ;
#1889 = EDGE_CURVE ( 'NONE', #2323, #862, #813, .T. ) ;
#1890 = ORIENTED_EDGE ( 'NONE', *, *, #650, .F. ) ;
#1891 = VERTEX_POINT ( 'NONE', #450 ) ;
#1892 = PLANE ( 'NONE',  #2505 ) ;
#1893 = PLANE ( 'NONE',  #2015 ) ;
#1894 = CARTESIAN_POINT ( 'NONE',  ( -2.899137802864815150, -8.414570696119948678, -12.22000000000000064 ) ) ;
#1895 = CARTESIAN_POINT ( 'NONE',  ( -9.121677477306430859, -5.020458146424519263, -14.22000000000000064 ) ) ;
#1896 = VERTEX_POINT ( 'NONE', #1450 ) ;
#1897 = LINE ( 'NONE', #440, #853 ) ;
#1898 = CARTESIAN_POINT ( 'NONE',  ( 10.53589103967951957, 5.020458146424509493, -14.22000000000000064 ) ) ;
#1899 = ORIENTED_EDGE ( 'NONE', *, *, #1212, .T. ) ;
#1900 = FACE_OUTER_BOUND ( 'NONE', #1506, .T. ) ;
#1901 = EDGE_LOOP ( 'NONE', ( #1318, #1962, #1924, #1653 ) ) ;
#1902 = EDGE_CURVE ( 'NONE', #541, #1687, #1071, .T. ) ;
#1903 = ORIENTED_EDGE ( 'NONE', *, *, #1402, .T. ) ;
#1904 = LINE ( 'NONE', #1255, #2228 ) ;
#1905 = ORIENTED_EDGE ( 'NONE', *, *, #2125, .T. ) ;
#1906 = CARTESIAN_POINT ( 'NONE',  ( -1.484924240491726000, -7.000357133746839544, -9.719999999999998863 ) ) ;
#1907 = DIRECTION ( 'NONE',  ( 0.000000000000000000, 0.000000000000000000, -1.000000000000000000 ) ) ;
#1908 = DIRECTION ( 'NONE',  ( 0.000000000000000000, 0.000000000000000000, -1.000000000000000000 ) ) ;
#1909 = DIRECTION ( 'NONE',  ( 0.000000000000000000, 0.000000000000000000, 1.000000000000000000 ) ) ;
#1910 = DIRECTION ( 'NONE',  ( 0.000000000000000000, 0.000000000000000000, -1.000000000000000000 ) ) ;
#1911 = EDGE_LOOP ( 'NONE', ( #2315, #1937, #2378, #924 ) ) ;
#1912 = VECTOR ( 'NONE', #1313, 1000.000000000000000 ) ;
#1913 = EDGE_CURVE ( 'NONE', #1112, #2380, #1316, .T. ) ;
#1914 = AXIS2_PLACEMENT_3D ( 'NONE', #2622, #1215, #801 ) ;
#1915 = ORIENTED_EDGE ( 'NONE', *, *, #2038, .F. ) ;
#1916 = FACE_BOUND ( 'NONE', #271, .T. ) ;
#1917 = CIRCLE ( 'NONE', #2550, 2.500000000000000000 ) ;
#1918 = VECTOR ( 'NONE', #909, 1000.000000000000000 ) ;
#1919 = ADVANCED_FACE ( 'NONE', ( #669 ), #661, .T. ) ;
#1920 = ORIENTED_EDGE ( 'NONE', *, *, #383, .T. ) ;
#1921 = CARTESIAN_POINT ( 'NONE',  ( 0.000000000000000000, -15.75000000000000000, -14.72000000000000064 ) ) ;
#1922 = AXIS2_PLACEMENT_3D ( 'NONE', #537, #585, #2218 ) ;
#1923 = DIRECTION ( 'NONE',  ( 1.000000000000000000, 0.000000000000000000, 0.000000000000000000 ) ) ;
#1924 = ORIENTED_EDGE ( 'NONE', *, *, #2475, .F. ) ;
#1925 = LINE ( 'NONE', #1540, #247 ) ;
#1926 = VECTOR ( 'NONE', #2352, 1000.000000000000000 ) ;
#1927 = DIRECTION ( 'NONE',  ( 0.000000000000000000, 0.000000000000000000, 1.000000000000000000 ) ) ;
#1928 = PRODUCT_DEFINITION_FORMATION_WITH_SPECIFIED_SOURCE ( 'Symmetric', '', #977, .NOT_KNOWN. ) ;
#1929 = DIRECTION ( 'NONE',  ( 0.000000000000000000, 0.000000000000000000, -1.000000000000000000 ) ) ;
#1930 = VERTEX_POINT ( 'NONE', #2320 ) ;
#1931 = CARTESIAN_POINT ( 'NONE',  ( -2.015254326381635153, -7.530687219636760688, -12.22000000000000064 ) ) ;
#1932 = CARTESIAN_POINT ( 'NONE',  ( 2.192031021678275238, 4.879036790187200268, -9.719999999999998863 ) ) ;
#1933 = ORIENTED_EDGE ( 'NONE', *, *, #653, .F. ) ;
#1934 = DIRECTION ( 'NONE',  ( 0.000000000000000000, 0.000000000000000000, -1.000000000000000000 ) ) ;
#1935 = ORIENTED_EDGE ( 'NONE', *, *, #555, .T. ) ;
#1936 = CARTESIAN_POINT ( 'NONE',  ( -18.50000000000000000, 0.000000000000000000, 0.000000000000000000 ) ) ;
#1937 = ORIENTED_EDGE ( 'NONE', *, *, #2007, .T. ) ;
#1938 = FACE_OUTER_BOUND ( 'NONE', #113, .T. ) ;
#1939 = EDGE_LOOP ( 'NONE', ( #2126, #931, #1381, #2518 ) ) ;
#1940 = CARTESIAN_POINT ( 'NONE',  ( 14.14999999999999858, 1.959434878635764984E-16, -14.72000000000000064 ) ) ;
#1941 = EDGE_CURVE ( 'NONE', #368, #1528, #1460, .T. ) ;
#1942 = LINE ( 'NONE', #2152, #1835 ) ;
#1943 = DIRECTION ( 'NONE',  ( 0.7071067811865441310, 0.7071067811865510144, 0.000000000000000000 ) ) ;
#1944 = ORIENTED_EDGE ( 'NONE', *, *, #156, .F. ) ;
#1945 = EDGE_CURVE ( 'NONE', #216, #74, #2290, .T. ) ;
#1946 = DIRECTION ( 'NONE',  ( 0.000000000000000000, 0.000000000000000000, 1.000000000000000000 ) ) ;
#1947 = CARTESIAN_POINT ( 'NONE',  ( 3.606244584051370161, 4.879036790187210038, -9.719999999999998863 ) ) ;
#1948 = ORIENTED_EDGE ( 'NONE', *, *, #1186, .F. ) ;
#1949 = COORDINATED_UNIVERSAL_TIME_OFFSET ( 10, 0, .AHEAD. ) ;
#1950 = LINE ( 'NONE', #58, #1878 ) ;
#1951 = VERTEX_POINT ( 'NONE', #1692 ) ;
#1952 = DIRECTION ( 'NONE',  ( 0.000000000000000000, -1.000000000000000000, 0.000000000000000000 ) ) ;
#1953 = EDGE_LOOP ( 'NONE', ( #2149, #1559, #347, #1289 ) ) ;
#1954 = DIRECTION ( 'NONE',  ( 0.7071067811865470176, 0.7071067811865480168, 0.000000000000000000 ) ) ;
#1955 = ORIENTED_EDGE ( 'NONE', *, *, #1620, .T. ) ;
#1956 = DIRECTION ( 'NONE',  ( 0.000000000000000000, 0.000000000000000000, 1.000000000000000000 ) ) ;
#1957 = ADVANCED_FACE ( 'NONE', ( #1246 ), #1082, .F. ) ;
#1958 = CYLINDRICAL_SURFACE ( 'NONE', #1113, 0.9999999999999991118 ) ;
#1959 = MANIFOLD_SOLID_BREP ( 'NONE', #499 ) ;
#1960 = DIRECTION ( 'NONE',  ( 0.000000000000000000, 0.000000000000000000, -1.000000000000000000 ) ) ;
#1961 = VERTEX_POINT ( 'NONE', #681 ) ;
#1962 = ORIENTED_EDGE ( 'NONE', *, *, #1704, .T. ) ;
#1963 = ADVANCED_FACE ( 'NONE', ( #1260 ), #1300, .T. ) ;
#1964 = DIRECTION ( 'NONE',  ( 1.000000000000000000, 0.000000000000000000, 0.000000000000000000 ) ) ;
#1965 = ORIENTED_EDGE ( 'NONE', *, *, #785, .T. ) ;
#1966 = VECTOR ( 'NONE', #608, 1000.000000000000000 ) ;
#1967 = AXIS2_PLACEMENT_3D ( 'NONE', #283, #496, #1703 ) ;
#1968 = ORIENTED_EDGE ( 'NONE', *, *, #1502, .T. ) ;
#1969 = DIRECTION ( 'NONE',  ( 0.000000000000000000, 0.000000000000000000, 1.000000000000000000 ) ) ;
#1970 = CARTESIAN_POINT ( 'NONE',  ( 0.000000000000000000, 0.000000000000000000, -9.719999999999998863 ) ) ;
#1971 = VECTOR ( 'NONE', #2512, 1000.000000000000114 ) ;
#1972 = VECTOR ( 'NONE', #2490, 1000.000000000000000 ) ;
#1973 = AXIS2_PLACEMENT_3D ( 'NONE', #631, #1436, #427 ) ;
#1974 = AXIS2_PLACEMENT_3D ( 'NONE', #29, #16, #1214 ) ;
#1975 = DIRECTION ( 'NONE',  ( 0.7071067811865433539, 0.7071067811865517916, 0.000000000000000000 ) ) ;
#1976 = DIRECTION ( 'NONE',  ( 1.000000000000000000, 0.000000000000000000, 0.000000000000000000 ) ) ;
#1977 = FACE_OUTER_BOUND ( 'NONE', #2383, .T. ) ;
#1978 = LINE ( 'NONE', #703, #50 ) ;
#1979 = ORIENTED_EDGE ( 'NONE', *, *, #1291, .T. ) ;
#1980 = CIRCLE ( 'NONE', #295, 1.000000000000000000 ) ;
#1981 = EDGE_CURVE ( 'NONE', #1193, #5, #1897, .T. ) ;
#1982 = LINE ( 'NONE', #1947, #2010 ) ;
#1983 = VERTEX_POINT ( 'NONE', #1668 ) ;
#1984 = AXIS2_PLACEMENT_3D ( 'NONE', #402, #2480, #665 ) ;
#1985 = ADVANCED_FACE ( 'NONE', ( #2474 ), #1489, .T. ) ;
#1986 = ORIENTED_EDGE ( 'NONE', *, *, #1680, .T. ) ;
#1987 = DIRECTION ( 'NONE',  ( 0.000000000000000000, 0.000000000000000000, -1.000000000000000000 ) ) ;
#1988 = EDGE_CURVE ( 'NONE', #406, #2583, #815, .T. ) ;
#1989 = ORIENTED_EDGE ( 'NONE', *, *, #1490, .F. ) ;
#1990 = ORIENTED_EDGE ( 'NONE', *, *, #370, .F. ) ;
#1991 = DIRECTION ( 'NONE',  ( 0.000000000000000000, 0.000000000000000000, 1.000000000000000000 ) ) ;
#1992 = DIRECTION ( 'NONE',  ( 0.000000000000000000, 0.000000000000000000, 1.000000000000000000 ) ) ;
#1993 = ORIENTED_EDGE ( 'NONE', *, *, #77, .T. ) ;
#1994 = ORIENTED_EDGE ( 'NONE', *, *, #807, .F. ) ;
#1995 = ORIENTED_EDGE ( 'NONE', *, *, #1137, .F. ) ;
#1996 = ADVANCED_FACE ( 'NONE', ( #1219 ), #2257, .T. ) ;
#1997 = ORIENTED_EDGE ( 'NONE', *, *, #796, .T. ) ;
#1998 = ORIENTED_EDGE ( 'NONE', *, *, #1534, .T. ) ;
#1999 = ADVANCED_FACE ( 'NONE', ( #1257 ), #245, .T. ) ;
#2000 = CARTESIAN_POINT ( 'NONE',  ( 11.86709622792984042, 6.351663334674880090, -9.719999999999998863 ) ) ;
#2001 = DIRECTION ( 'NONE',  ( 1.000000000000000000, 1.734723475976807094E-15, 0.000000000000000000 ) ) ;
#2002 = DIRECTION ( 'NONE',  ( 0.7071067811865515695, -0.7071067811865435759, 0.000000000000000000 ) ) ;
#2003 = DIRECTION ( 'NONE',  ( 1.000000000000000000, 0.000000000000000000, 0.000000000000000000 ) ) ;
#2004 = DIRECTION ( 'NONE',  ( 0.000000000000000000, 0.000000000000000000, 1.000000000000000000 ) ) ;
#2005 = DIRECTION ( 'NONE',  ( -0.7071067811865441310, -0.7071067811865510144, 0.000000000000000000 ) ) ;
#2006 = ORIENTED_EDGE ( 'NONE', *, *, #2025, .F. ) ;
#2007 = EDGE_CURVE ( 'NONE', #2497, #267, #2625, .T. ) ;
#2008 = ORIENTED_EDGE ( 'NONE', *, *, #2318, .T. ) ;
#2009 = EDGE_LOOP ( 'NONE', ( #563, #1056, #960, #1248 ) ) ;
#2010 = VECTOR ( 'NONE', #142, 1000.000000000000000 ) ;
#2011 = AXIS2_PLACEMENT_3D ( 'NONE', #1051, #1667, #2289 ) ;
#2012 = EDGE_CURVE ( 'NONE', #2331, #1539, #1980, .T. ) ;
#2013 = CARTESIAN_POINT ( 'NONE',  ( 2.899137802864784508, 8.414570696119920257, -12.22000000000000064 ) ) ;
#2014 = CARTESIAN_POINT ( 'NONE',  ( 3.783021279347964949, 9.298454172603110024, -12.22000000000000064 ) ) ;
#2015 = AXIS2_PLACEMENT_3D ( 'NONE', #1674, #231, #1688 ) ;
#2016 = DIRECTION ( 'NONE',  ( 0.000000000000000000, 0.000000000000000000, -1.000000000000000000 ) ) ;
#2017 = ORIENTED_EDGE ( 'NONE', *, *, #300, .T. ) ;
#2018 = AXIS2_PLACEMENT_3D ( 'NONE', #530, #76, #2536 ) ;
#2019 = CIRCLE ( 'NONE', #1199, 1.600000000000000755 ) ;
#2020 = FACE_OUTER_BOUND ( 'NONE', #303, .T. ) ;
#2021 = ORIENTED_EDGE ( 'NONE', *, *, #2275, .F. ) ;
#2022 = EDGE_CURVE ( 'NONE', #2211, #2501, #2233, .T. ) ;
#2023 = CYLINDRICAL_SURFACE ( 'NONE', #1914, 13.45999999999999908 ) ;
#2024 = FACE_OUTER_BOUND ( 'NONE', #1876, .T. ) ;
#2025 = EDGE_CURVE ( 'NONE', #765, #825, #1368, .T. ) ;
#2026 = PERSON_AND_ORGANIZATION ( #18446744073709551615, #18446744073709551615 ) ;
#2027 = ORIENTED_EDGE ( 'NONE', *, *, #154, .F. ) ;
#2028 = EDGE_CURVE ( 'NONE', #2443, #1354, #469, .T. ) ;
#2029 = DIRECTION ( 'NONE',  ( 0.000000000000000000, 0.000000000000000000, 1.000000000000000000 ) ) ;
#2030 = EDGE_LOOP ( 'NONE', ( #1915, #2578, #1804, #1736 ) ) ;
#2031 = ORIENTED_EDGE ( 'NONE', *, *, #799, .F. ) ;
#2032 = CARTESIAN_POINT ( 'NONE',  ( -0.7778174593051560004, -6.293250352560320060, -9.719999999999998863 ) ) ;
#2033 = DIRECTION ( 'NONE',  ( 1.000000000000000000, 0.000000000000000000, 0.000000000000000000 ) ) ;
#2034 = EDGE_LOOP ( 'NONE', ( #1530, #976, #591, #282 ) ) ;
#2035 = CARTESIAN_POINT ( 'NONE',  ( 13.45999999999999908, 0.000000000000000000, -6.360000000000000320 ) ) ;
#2036 = CARTESIAN_POINT ( 'NONE',  ( 0.000000000000000000, -15.75000000000000000, 0.000000000000000000 ) ) ;
#2037 = EDGE_LOOP ( 'NONE', ( #228, #88 ) ) ;
#2038 = EDGE_CURVE ( 'NONE', #1951, #2238, #1025, .T. ) ;
#2039 = ADVANCED_FACE ( 'NONE', ( #821 ), #2279, .F. ) ;
#2040 = LINE ( 'NONE', #798, #2199 ) ;
#2041 = CARTESIAN_POINT ( 'NONE',  ( -9.121677477306430859, -5.020458146424519263, -9.719999999999998863 ) ) ;
#2042 = DIRECTION ( 'NONE',  ( 0.000000000000000000, 0.000000000000000000, -1.000000000000000000 ) ) ;
#2043 = FACE_BOUND ( 'NONE', #159, .T. ) ;
#2044 = DIRECTION ( 'NONE',  ( 0.000000000000000000, 0.000000000000000000, 1.000000000000000000 ) ) ;
#2045 = DIRECTION ( 'NONE',  ( -0.7071067811865510144, 0.7071067811865440200, 0.000000000000000000 ) ) ;
#2046 = LINE ( 'NONE', #2230, #595 ) ;
#2047 = CARTESIAN_POINT ( 'NONE',  ( -7.803300858899100412, 5.303300858899099524, 0.000000000000000000 ) ) ;
#2048 = AXIS2_PLACEMENT_3D ( 'NONE', #2624, #2256, #2604 ) ;
#2049 = CARTESIAN_POINT ( 'NONE',  ( -0.7778174593051560004, -6.293250352560320060, 8.080000000000140403 ) ) ;
#2050 = VECTOR ( 'NONE', #1550, 1000.000000000000000 ) ;
#2051 = CIRCLE ( 'NONE', #84, 1.000000000000000000 ) ;
#2052 = CARTESIAN_POINT ( 'NONE',  ( 0.000000000000000000, 0.000000000000000000, 0.000000000000000000 ) ) ;
#2053 = EDGE_CURVE ( 'NONE', #1384, #2153, #601, .T. ) ;
#2054 = CIRCLE ( 'NONE', #171, 12.21499999999999986 ) ;
#2055 = CIRCLE ( 'NONE', #1399, 1.000000000000000000 ) ;
#2056 = ORIENTED_EDGE ( 'NONE', *, *, #481, .T. ) ;
#2057 = AXIS2_PLACEMENT_3D ( 'NONE', #2374, #958, #2003 ) ;
#2058 = EDGE_CURVE ( 'NONE', #1077, #485, #2446, .T. ) ;
#2059 = DATE_AND_TIME ( #279, #1202 ) ;
#2060 = LINE ( 'NONE', #2249, #1269 ) ;
#2061 = CIRCLE ( 'NONE', #2307, 13.45999999999999908 ) ;
#2062 = VERTEX_POINT ( 'NONE', #2472 ) ;
#2063 = ADVANCED_FACE ( 'NONE', ( #2245 ), #659, .F. ) ;
#2064 = FACE_OUTER_BOUND ( 'NONE', #1430, .T. ) ;
#2065 = DIRECTION ( 'NONE',  ( 1.000000000000000000, 0.000000000000000000, 0.000000000000000000 ) ) ;
#2066 = DIRECTION ( 'NONE',  ( -0.7071067811865435759, -0.7071067811865515695, 0.000000000000000000 ) ) ;
#2067 = DIRECTION ( 'NONE',  ( 0.000000000000000000, 0.000000000000000000, -1.000000000000000000 ) ) ;
#2068 = CARTESIAN_POINT ( 'NONE',  ( 10.13275329938264058, 8.859961093246971231, -9.719999999999998863 ) ) ;
#2069 = DIRECTION ( 'NONE',  ( 1.000000000000000000, 0.000000000000000000, 0.000000000000000000 ) ) ;
#2070 = DIRECTION ( 'NONE',  ( -0.7071067811865441310, -0.7071067811865510144, 0.000000000000000000 ) ) ;
#2071 = ORIENTED_EDGE ( 'NONE', *, *, #1451, .T. ) ;
#2072 = CARTESIAN_POINT ( 'NONE',  ( 0.000000000000000000, 0.000000000000000000, -2.000000000000000000 ) ) ;
#2073 = CARTESIAN_POINT ( 'NONE',  ( 12.21499999999999986, 1.495906065158492217E-15, -5.360000000000000320 ) ) ;
#2074 = ADVANCED_FACE ( 'NONE', ( #1847 ), #831, .F. ) ;
#2075 = FACE_OUTER_BOUND ( 'NONE', #493, .T. ) ;
#2076 = FACE_BOUND ( 'NONE', #1302, .T. ) ;
#2077 = APPROVAL_ROLE ( '' ) ;
#2078 = DIRECTION ( 'NONE',  ( -0.7071067811865435759, -0.7071067811865515695, 0.000000000000000000 ) ) ;
#2079 = DIRECTION ( 'NONE',  ( 0.000000000000000000, 0.000000000000000000, 1.000000000000000000 ) ) ;
#2080 = ORIENTED_EDGE ( 'NONE', *, *, #1124, .T. ) ;
#2081 = CARTESIAN_POINT ( 'NONE',  ( 9.121677477306420201, 5.020458146424529922, -9.719999999999998863 ) ) ;
#2082 = ORIENTED_EDGE ( 'NONE', *, *, #799, .T. ) ;
#2083 = CARTESIAN_POINT ( 'NONE',  ( 0.000000000000000000, 0.000000000000000000, -2.000000000000000000 ) ) ;
#2084 = ORIENTED_EDGE ( 'NONE', *, *, #1094, .F. ) ;
#2085 = EDGE_CURVE ( 'NONE', #2238, #93, #1649, .T. ) ;
#2086 = DIRECTION ( 'NONE',  ( 0.000000000000000000, 0.000000000000000000, -1.000000000000000000 ) ) ;
#2087 = DIRECTION ( 'NONE',  ( 0.7071067811865510144, -0.7071067811865440200, 0.000000000000000000 ) ) ;
#2088 = CARTESIAN_POINT ( 'NONE',  ( -9.828784258492980541, -4.313351365237985569, -9.719999999999998863 ) ) ;
#2089 = CARTESIAN_POINT ( 'NONE',  ( 0.000000000000000000, 0.000000000000000000, -9.719999999999998863 ) ) ;
#2090 = DIRECTION ( 'NONE',  ( 1.000000000000000000, -8.673617379884027583E-16, 0.000000000000000000 ) ) ;
#2091 = ADVANCED_FACE ( 'NONE', ( #423 ), #1236, .F. ) ;
#2092 = DIRECTION ( 'NONE',  ( 0.000000000000000000, 0.000000000000000000, -1.000000000000000000 ) ) ;
#2093 = EDGE_LOOP ( 'NONE', ( #1297, #1338, #973, #1848 ) ) ;
#2094 = VECTOR ( 'NONE', #1759, 1000.000000000000000 ) ;
#2095 = AXIS2_PLACEMENT_3D ( 'NONE', #644, #272, #2445 ) ;
#2096 = ORIENTED_EDGE ( 'NONE', *, *, #1024, .F. ) ;
#2097 = VERTEX_POINT ( 'NONE', #437 ) ;
#2098 = AXIS2_PLACEMENT_3D ( 'NONE', #1567, #1416, #1408 ) ;
#2099 = VECTOR ( 'NONE', #1032, 1000.000000000000000 ) ;
#2100 = CIRCLE ( 'NONE', #2420, 1.250000000000000222 ) ;
#2101 = CIRCLE ( 'NONE', #1317, 1.600000000000000755 ) ;
#2102 = ORIENTED_EDGE ( 'NONE', *, *, #1704, .F. ) ;
#2103 = AXIS2_PLACEMENT_3D ( 'NONE', #420, #817, #435 ) ;
#2104 = VECTOR ( 'NONE', #2361, 1000.000000000000000 ) ;
#2105 = DIRECTION ( 'NONE',  ( -0.7071067811865480168, 0.7071067811865470176, 0.000000000000000000 ) ) ;
#2106 = CARTESIAN_POINT ( 'NONE',  ( -6.293250352560249894, -2.192031021678319647, -9.719999999999998863 ) ) ;
#2107 = CARTESIAN_POINT ( 'NONE',  ( -18.50000000000000000, 0.000000000000000000, -2.000000000000000000 ) ) ;
#2108 = DIRECTION ( 'NONE',  ( 0.000000000000000000, 0.000000000000000000, 1.000000000000000000 ) ) ;
#2109 = EDGE_CURVE ( 'NONE', #1891, #1573, #1244, .T. ) ;
#2110 = ORIENTED_EDGE ( 'NONE', *, *, #432, .T. ) ;
#2111 = FACE_OUTER_BOUND ( 'NONE', #1503, .T. ) ;
#2112 = ORIENTED_EDGE ( 'NONE', *, *, #900, .F. ) ;
#2113 = VERTEX_POINT ( 'NONE', #1049 ) ;
#2114 = FACE_BOUND ( 'NONE', #1152, .T. ) ;
#2115 = ORIENTED_EDGE ( 'NONE', *, *, #1646, .T. ) ;
#2116 = DIRECTION ( 'NONE',  ( 0.000000000000000000, 0.000000000000000000, 1.000000000000000000 ) ) ;
#2117 = ORIENTED_EDGE ( 'NONE', *, *, #1885, .T. ) ;
#2118 = CARTESIAN_POINT ( 'NONE',  ( -7.000357133746810234, -1.484924240491779956, -9.719999999999998863 ) ) ;
#2119 = CARTESIAN_POINT ( 'NONE',  ( 5.586143571373700212, 1.484924240491771963, -14.22000000000000064 ) ) ;
#2120 = CARTESIAN_POINT ( 'NONE',  ( 0.000000000000000000, 0.000000000000000000, -9.420000000002220375 ) ) ;
#2121 = ORIENTED_EDGE ( 'NONE', *, *, #1119, .F. ) ;
#2122 = CARTESIAN_POINT ( 'NONE',  ( 4.313351365237900303, 9.828784258493039161, -9.719999999999998863 ) ) ;
#2123 = EDGE_CURVE ( 'NONE', #928, #1354, #1871, .T. ) ;
#2124 = ORIENTED_EDGE ( 'NONE', *, *, #20, .F. ) ;
#2125 = EDGE_CURVE ( 'NONE', #991, #1423, #1103, .T. ) ;
#2126 = ORIENTED_EDGE ( 'NONE', *, *, #827, .F. ) ;
#2127 = VERTEX_POINT ( 'NONE', #1170 ) ;
#2128 = CARTESIAN_POINT ( 'NONE',  ( 1.484924240491712011, 7.000357133746859972, -14.22000000000000064 ) ) ;
#2129 = EDGE_LOOP ( 'NONE', ( #1481, #326, #1098, #1990 ) ) ;
#2130 = CARTESIAN_POINT ( 'NONE',  ( 7.530687219636710061, 2.015254326381690220, -12.22000000000000064 ) ) ;
#2131 = CARTESIAN_POINT ( 'NONE',  ( -2.192031021678275238, -6.293250352560299632, 8.080000000000140403 ) ) ;
#2132 = CALENDAR_DATE ( 2026, 22, 6 ) ;
#2133 = CARTESIAN_POINT ( 'NONE',  ( -7.707463914933329718, -6.434671708797619516, -14.22000000000000064 ) ) ;
#2134 = DIRECTION ( 'NONE',  ( 0.7071067811865515695, -0.7071067811865435759, 0.000000000000000000 ) ) ;
#2135 = ORIENTED_EDGE ( 'NONE', *, *, #1084, .F. ) ;
#2136 = ORIENTED_EDGE ( 'NONE', *, *, #1464, .F. ) ;
#2137 = EDGE_CURVE ( 'NONE', #759, #1352, #562, .T. ) ;
#2138 = VECTOR ( 'NONE', #1357, 1000.000000000000000 ) ;
#2139 = VECTOR ( 'NONE', #598, 1000.000000000000114 ) ;
#2140 = CIRCLE ( 'NONE', #1523, 18.50000000000000000 ) ;
#2141 = EDGE_CURVE ( 'NONE', #759, #2380, #1783, .T. ) ;
#2142 = ORIENTED_EDGE ( 'NONE', *, *, #77, .F. ) ;
#2143 = CARTESIAN_POINT ( 'NONE',  ( -5.020458146424449986, -9.121677477306500137, -14.22000000000000064 ) ) ;
#2144 = AXIS2_PLACEMENT_3D ( 'NONE', #252, #1678, #2500 ) ;
#2145 = AXIS2_PLACEMENT_3D ( 'NONE', #2527, #1960, #1526 ) ;
#2146 = ORIENTED_EDGE ( 'NONE', *, *, #2630, .T. ) ;
#2147 = DIRECTION ( 'NONE',  ( 1.000000000000000000, 0.000000000000000000, 0.000000000000000000 ) ) ;
#2148 = ADVANCED_FACE ( 'NONE', ( #2194, #569 ), #1191, .F. ) ;
#2149 = ORIENTED_EDGE ( 'NONE', *, *, #1502, .F. ) ;
#2150 = CARTESIAN_POINT ( 'NONE',  ( -9.828784258492980541, -5.727564927611069834, -14.22000000000000064 ) ) ;
#2151 = VECTOR ( 'NONE', #2398, 1000.000000000000000 ) ;
#2152 = CARTESIAN_POINT ( 'NONE',  ( -17.35000000000000142, 1.959434878635764984E-16, -14.72000000000000064 ) ) ;
#2153 = VERTEX_POINT ( 'NONE', #187 ) ;
#2154 = DIRECTION ( 'NONE',  ( 0.7071067811865510144, -0.7071067811865440200, 0.000000000000000000 ) ) ;
#2155 = ORIENTED_EDGE ( 'NONE', *, *, #1210, .T. ) ;
#2156 = EDGE_LOOP ( 'NONE', ( #1630, #870, #2268, #948 ) ) ;
#2157 = CARTESIAN_POINT ( 'NONE',  ( 7.000357133746799576, 1.484924240491773961, -9.719999999999998863 ) ) ;
#2158 = FACE_BOUND ( 'NONE', #2037, .T. ) ;
#2159 = ORIENTED_EDGE ( 'NONE', *, *, #1451, .F. ) ;
#2160 = CYLINDRICAL_SURFACE ( 'NONE', #893, 2.499999999999999556 ) ;
#2161 = CYLINDRICAL_SURFACE ( 'NONE', #1967, 18.50000000000000000 ) ;
#2162 = EDGE_CURVE ( 'NONE', #928, #1930, #2274, .T. ) ;
#2163 = DIRECTION ( 'NONE',  ( 0.000000000000000000, 0.000000000000000000, 1.000000000000000000 ) ) ;
#2164 = ORIENTED_EDGE ( 'NONE', *, *, #833, .T. ) ;
#2165 = CARTESIAN_POINT ( 'NONE',  ( 0.000000000000000000, 0.000000000000000000, -3.000000000000000000 ) ) ;
#2166 = ORIENTED_EDGE ( 'NONE', *, *, #1761, .T. ) ;
#2167 = CYLINDRICAL_SURFACE ( 'NONE', #2222, 1.000000000000000000 ) ;
#2168 = ORIENTED_EDGE ( 'NONE', *, *, #1683, .T. ) ;
#2169 = DIRECTION ( 'NONE',  ( 0.000000000000000000, 0.000000000000000000, -1.000000000000000000 ) ) ;
#2170 = ORIENTED_EDGE ( 'NONE', *, *, #742, .F. ) ;
#2171 = PLANE ( 'NONE',  #132 ) ;
#2172 = ADVANCED_FACE ( 'NONE', ( #1977 ), #1572, .T. ) ;
#2173 = ORIENTED_EDGE ( 'NONE', *, *, #1945, .F. ) ;
#2174 = PLANE ( 'NONE',  #808 ) ;
#2175 = EDGE_CURVE ( 'NONE', #501, #2566, #2390, .T. ) ;
#2176 = CARTESIAN_POINT ( 'NONE',  ( 7.707463914933320837, 6.434671708797619516, -14.22000000000000064 ) ) ;
#2177 = LINE ( 'NONE', #1557, #54 ) ;
#2178 = ORIENTED_EDGE ( 'NONE', *, *, #2585, .T. ) ;
#2179 = DIRECTION ( 'NONE',  ( 0.000000000000000000, 0.000000000000000000, -1.000000000000000000 ) ) ;
#2180 = ORIENTED_EDGE ( 'NONE', *, *, #2025, .T. ) ;
#2181 = ORIENTED_EDGE ( 'NONE', *, *, #1068, .T. ) ;
#2182 = AXIS2_PLACEMENT_3D ( 'NONE', #1894, #1484, #878 ) ;
#2183 = DIRECTION ( 'NONE',  ( -1.000000000000000000, 0.000000000000000000, 0.000000000000000000 ) ) ;
#2184 = AXIS2_PLACEMENT_3D ( 'NONE', #2000, #2252, #2044 ) ;
#2185 = ORIENTED_EDGE ( 'NONE', *, *, #1075, .T. ) ;
#2186 = DIRECTION ( 'NONE',  ( 0.7071067811865441310, 0.7071067811865510144, 0.000000000000000000 ) ) ;
#2187 = VERTEX_POINT ( 'NONE', #792 ) ;
#2188 = DIRECTION ( 'NONE',  ( 1.000000000000000000, 0.000000000000000000, 0.000000000000000000 ) ) ;
#2189 = AXIS2_PLACEMENT_3D ( 'NONE', #2485, #694, #1286 ) ;
#2190 = AXIS2_PLACEMENT_3D ( 'NONE', #260, #455, #1444 ) ;
#2191 = VECTOR ( 'NONE', #732, 1000.000000000000114 ) ;
#2192 = DIRECTION ( 'NONE',  ( 0.000000000000000000, 0.000000000000000000, -1.000000000000000000 ) ) ;
#2193 = UNCERTAINTY_MEASURE_WITH_UNIT (LENGTH_MEASURE( 1.000000000000000082E-05 ), #1121, 'distance_accuracy_value', 'NONE');
#2194 = FACE_BOUND ( 'NONE', #1624, .T. ) ;
#2195 = ORIENTED_EDGE ( 'NONE', *, *, #383, .F. ) ;
#2196 = AXIS2_PLACEMENT_3D ( 'NONE', #911, #2281, #266 ) ;
#2197 = EDGE_CURVE ( 'NONE', #46, #2566, #2177, .T. ) ;
#2198 = ORIENTED_EDGE ( 'NONE', *, *, #490, .T. ) ;
#2199 = VECTOR ( 'NONE', #1591, 1000.000000000000000 ) ;
#2200 = EDGE_CURVE ( 'NONE', #1426, #2370, #646, .T. ) ;
#2201 = ORIENTED_EDGE ( 'NONE', *, *, #1075, .F. ) ;
#2202 = ORIENTED_EDGE ( 'NONE', *, *, #1988, .F. ) ;
#2203 = CARTESIAN_POINT ( 'NONE',  ( -10.12167747730641842, -5.020458146424519263, -9.719999999999998863 ) ) ;
#2204 = CARTESIAN_POINT ( 'NONE',  ( -5.586143571373710870, -2.899137802864869773, -14.22000000000000064 ) ) ;
#2205 = ORIENTED_EDGE ( 'NONE', *, *, #2022, .T. ) ;
#2206 = CARTESIAN_POINT ( 'NONE',  ( 5.586143571373700212, 2.899137802864864888, -9.719999999999998863 ) ) ;
#2207 = DIRECTION ( 'NONE',  ( 0.000000000000000000, 0.000000000000000000, 1.000000000000000000 ) ) ;
#2208 = CARTESIAN_POINT ( 'NONE',  ( 5.727564927611000556, 8.414570696119948678, -9.719999999999998863 ) ) ;
#2209 = EDGE_CURVE ( 'NONE', #1185, #1822, #363, .T. ) ;
#2210 = VERTEX_POINT ( 'NONE', #1180 ) ;
#2211 = VERTEX_POINT ( 'NONE', #161 ) ;
#2212 = EDGE_CURVE ( 'NONE', #632, #74, #1110, .T. ) ;
#2213 = ORIENTED_EDGE ( 'NONE', *, *, #1902, .F. ) ;
#2214 = DIRECTION ( 'NONE',  ( 0.7071067811865515695, -0.7071067811865435759, 0.000000000000000000 ) ) ;
#2215 = FACE_BOUND ( 'NONE', #797, .T. ) ;
#2216 = CARTESIAN_POINT ( 'NONE',  ( 0.000000000000000000, 0.000000000000000000, -6.360000000000000320 ) ) ;
#2217 = EDGE_LOOP ( 'NONE', ( #105, #1139, #1920, #1008 ) ) ;
#2218 = DIRECTION ( 'NONE',  ( 1.000000000000000000, 0.000000000000000000, 0.000000000000000000 ) ) ;
#2219 = ORIENTED_EDGE ( 'NONE', *, *, #1258, .T. ) ;
#2220 = DIRECTION ( 'NONE',  ( -1.000000000000000000, 0.000000000000000000, 0.000000000000000000 ) ) ;
#2221 = ADVANCED_FACE ( 'NONE', ( #2024 ), #1826, .T. ) ;
#2222 = AXIS2_PLACEMENT_3D ( 'NONE', #127, #946, #2565 ) ;
#2223 =( NAMED_UNIT ( * ) PLANE_ANGLE_UNIT ( ) SI_UNIT ( $, .RADIAN. ) );
#2224 = CARTESIAN_POINT ( 'NONE',  ( 0.000000000000000000, 0.000000000000000000, -2.000000000000000000 ) ) ;
#2225 = DIRECTION ( 'NONE',  ( 0.000000000000000000, 0.000000000000000000, -1.000000000000000000 ) ) ;
#2226 = ADVANCED_FACE ( 'NONE', ( #32 ), #223, .F. ) ;
#2227 = DIRECTION ( 'NONE',  ( 0.000000000000000000, 0.000000000000000000, 1.000000000000000000 ) ) ;
#2228 = VECTOR ( 'NONE', #2105, 1000.000000000000000 ) ;
#2229 = CIRCLE ( 'NONE', #1058, 0.9999999999999991118 ) ;
#2230 = CARTESIAN_POINT ( 'NONE',  ( 13.45999999999999908, 1.648374591652334999E-15, 0.000000000000000000 ) ) ;
#2231 = EDGE_LOOP ( 'NONE', ( #198, #1594, #845, #1551 ) ) ;
#2232 = CIRCLE ( 'NONE', #2340, 1.250000000000000444 ) ;
#2233 = CIRCLE ( 'NONE', #2508, 1.250000000000000444 ) ;
#2234 = CARTESIAN_POINT ( 'NONE',  ( 8.859961093246859321, 10.13275329938273828, -14.22000000000000064 ) ) ;
#2235 = CARTESIAN_POINT ( 'NONE',  ( 0.000000000000000000, 0.000000000000000000, -8.720000000000000639 ) ) ;
#2236 =( GEOMETRIC_REPRESENTATION_CONTEXT ( 3 ) GLOBAL_UNCERTAINTY_ASSIGNED_CONTEXT ( ( #2193 ) ) GLOBAL_UNIT_ASSIGNED_CONTEXT ( ( #1121, #2223, #2478 ) ) REPRESENTATION_CONTEXT ( 'NONE', 'WORKASPACE' ) );
#2237 = VERTEX_POINT ( 'NONE', #1816 ) ;
#2238 = VERTEX_POINT ( 'NONE', #1860 ) ;
#2239 = SECURITY_CLASSIFICATION_LEVEL ( 'unclassified' ) ;
#2240 = DIRECTION ( 'NONE',  ( 0.000000000000000000, 0.000000000000000000, -1.000000000000000000 ) ) ;
#2241 = ADVANCED_FACE ( 'NONE', ( #840 ), #1409, .T. ) ;
#2242 = DIRECTION ( 'NONE',  ( 0.000000000000000000, 0.000000000000000000, 1.000000000000000000 ) ) ;
#2243 = DIRECTION ( 'NONE',  ( 0.7071067811865515695, -0.7071067811865435759, 0.000000000000000000 ) ) ;
#2244 = DIRECTION ( 'NONE',  ( -1.000000000000000000, 0.000000000000000000, 0.000000000000000000 ) ) ;
#2245 = FACE_OUTER_BOUND ( 'NONE', #1639, .T. ) ;
#2246 = CC_DESIGN_PERSON_AND_ORGANIZATION_ASSIGNMENT ( #981, #1584, ( #977 ) ) ;
#2247 = DIRECTION ( 'NONE',  ( 0.000000000000000000, 0.000000000000000000, -1.000000000000000000 ) ) ;
#2248 = FACE_OUTER_BOUND ( 'NONE', #696, .T. ) ;
#2249 = CARTESIAN_POINT ( 'NONE',  ( 11.86709622792984042, 6.351663334674880090, -9.719999999999998863 ) ) ;
#2250 = DIRECTION ( 'NONE',  ( 0.000000000000000000, 0.000000000000000000, 1.000000000000000000 ) ) ;
#2251 = CARTESIAN_POINT ( 'NONE',  ( -8.414570696119879400, -5.727564927611069834, -9.719999999999998863 ) ) ;
#2252 = DIRECTION ( 'NONE',  ( -0.7071067811865514585, 0.7071067811865435759, 0.000000000000000000 ) ) ;
#2253 = ADVANCED_FACE ( 'NONE', ( #1015, #404, #3, #2076, #1622, #2430, #1027 ), #1647, .F. ) ;
#2254 = DIRECTION ( 'NONE',  ( 0.7071067811865515695, -0.7071067811865435759, 0.000000000000000000 ) ) ;
#2255 = ORIENTED_EDGE ( 'NONE', *, *, #998, .F. ) ;
#2256 = DIRECTION ( 'NONE',  ( 0.7071067811865515695, -0.7071067811865435759, 0.000000000000000000 ) ) ;
#2257 = CYLINDRICAL_SURFACE ( 'NONE', #2506, 1.000000000000000000 ) ;
#2258 = ORIENTED_EDGE ( 'NONE', *, *, #251, .F. ) ;
#2259 = CARTESIAN_POINT ( 'NONE',  ( 5.020458146424449986, 10.53589103967959772, -14.22000000000000064 ) ) ;
#2260 = ORIENTED_EDGE ( 'NONE', *, *, #1839, .T. ) ;
#2261 = ADVANCED_FACE ( 'NONE', ( #42 ), #852, .T. ) ;
#2262 = CARTESIAN_POINT ( 'NONE',  ( 0.000000000000000000, 0.000000000000000000, -9.420000000002220375 ) ) ;
#2263 = FACE_OUTER_BOUND ( 'NONE', #291, .T. ) ;
#2264 = PLANE ( 'NONE',  #986 ) ;
#2265 = CARTESIAN_POINT ( 'NONE',  ( 10.13275329938264058, 8.859961093246971231, -9.719999999999998863 ) ) ;
#2266 = DIRECTION ( 'NONE',  ( 0.000000000000000000, 0.000000000000000000, 1.000000000000000000 ) ) ;
#2267 = AXIS2_PLACEMENT_3D ( 'NONE', #715, #1747, #1521 ) ;
#2268 = ORIENTED_EDGE ( 'NONE', *, *, #2599, .T. ) ;
#2269 = CIRCLE ( 'NONE', #1656, 13.45999999999999908 ) ;
#2270 = CYLINDRICAL_SURFACE ( 'NONE', #725, 2.500000000000000000 ) ;
#2271 = CIRCLE ( 'NONE', #292, 1.000000000000000000 ) ;
#2272 = VECTOR ( 'NONE', #1910, 1000.000000000000000 ) ;
#2273 = ORIENTED_EDGE ( 'NONE', *, *, #2435, .F. ) ;
#2274 = CIRCLE ( 'NONE', #1922, 1.600000000000000089 ) ;
#2275 = EDGE_CURVE ( 'NONE', #2187, #992, #1443, .T. ) ;
#2276 = CIRCLE ( 'NONE', #1662, 1.600000000000000755 ) ;
#2277 = PLANE ( 'NONE',  #770 ) ;
#2278 = DIRECTION ( 'NONE',  ( 0.000000000000000000, 0.000000000000000000, -1.000000000000000000 ) ) ;
#2279 = CYLINDRICAL_SURFACE ( 'NONE', #1161, 1.250000000000000222 ) ;
#2280 = CARTESIAN_POINT ( 'NONE',  ( 3.606244584051370161, 4.879036790187210038, -9.719999999999998863 ) ) ;
#2281 = DIRECTION ( 'NONE',  ( 0.000000000000000000, 0.000000000000000000, 1.000000000000000000 ) ) ;
#2282 = ORIENTED_EDGE ( 'NONE', *, *, #945, .T. ) ;
#2283 = EDGE_CURVE ( 'NONE', #342, #743, #173, .T. ) ;
#2284 = CARTESIAN_POINT ( 'NONE',  ( -2.899137802864815150, -8.414570696119948678, -12.22000000000000064 ) ) ;
#2285 = DIRECTION ( 'NONE',  ( 0.000000000000000000, 0.000000000000000000, -1.000000000000000000 ) ) ;
#2286 = CARTESIAN_POINT ( 'NONE',  ( -4.313351365237900303, -9.828784258493039161, -9.719999999999998863 ) ) ;
#2287 = DIRECTION ( 'NONE',  ( 0.000000000000000000, 0.000000000000000000, 1.000000000000000000 ) ) ;
#2288 = CARTESIAN_POINT ( 'NONE',  ( -7.803300858899100412, 5.303300858899099524, -9.719999999999998863 ) ) ;
#2289 = DIRECTION ( 'NONE',  ( 1.000000000000000000, 0.000000000000000000, 0.000000000000000000 ) ) ;
#2290 = LINE ( 'NONE', #895, #2464 ) ;
#2291 = VERTEX_POINT ( 'NONE', #971 ) ;
#2292 = VERTEX_POINT ( 'NONE', #306 ) ;
#2293 = PRODUCT_RELATED_PRODUCT_CATEGORY ( 'detail', '', ( #977 ) ) ;
#2294 = CARTESIAN_POINT ( 'NONE',  ( 9.121677477306420201, 6.434671708797619516, -9.719999999999998863 ) ) ;
#2295 = EDGE_CURVE ( 'NONE', #352, #2237, #1401, .T. ) ;
#2296 = CARTESIAN_POINT ( 'NONE',  ( 10.13275329938264058, 8.859961093246971231, -9.719999999999998863 ) ) ;
#2297 = CARTESIAN_POINT ( 'NONE',  ( -1.484924240491729996, -5.586143571373750838, 8.080000000000140403 ) ) ;
#2298 = DIRECTION ( 'NONE',  ( -1.000000000000000000, 0.000000000000000000, 0.000000000000000000 ) ) ;
#2299 = DIRECTION ( 'NONE',  ( -1.000000000000000000, 0.000000000000000000, 0.000000000000000000 ) ) ;
#2300 = DIRECTION ( 'NONE',  ( -0.7071067811865474617, 0.7071067811865474617, 0.000000000000000000 ) ) ;
#2301 = ORIENTED_EDGE ( 'NONE', *, *, #1858, .F. ) ;
#2302 = CIRCLE ( 'NONE', #464, 1.000000000000000000 ) ;
#2303 = VECTOR ( 'NONE', #108, 1000.000000000000114 ) ;
#2304 = VECTOR ( 'NONE', #860, 1000.000000000000000 ) ;
#2305 = EDGE_LOOP ( 'NONE', ( #155, #2492, #1370, #621 ) ) ;
#2306 = VECTOR ( 'NONE', #615, 1000.000000000000000 ) ;
#2307 = AXIS2_PLACEMENT_3D ( 'NONE', #1541, #2406, #583 ) ;
#2308 = DIRECTION ( 'NONE',  ( -1.000000000000000000, 0.000000000000000000, 0.000000000000000000 ) ) ;
#2309 = CYLINDRICAL_SURFACE ( 'NONE', #498, 1.250000000000000444 ) ;
#2310 = CARTESIAN_POINT ( 'NONE',  ( -15.75000000000000000, 0.000000000000000000, 0.000000000000000000 ) ) ;
#2311 = CC_DESIGN_PERSON_AND_ORGANIZATION_ASSIGNMENT ( #519, #2559, ( #1275 ) ) ;
#2312 = DIRECTION ( 'NONE',  ( 0.000000000000000000, 0.000000000000000000, -1.000000000000000000 ) ) ;
#2313 = VERTEX_POINT ( 'NONE', #1568 ) ;
#2314 = ORIENTED_EDGE ( 'NONE', *, *, #243, .T. ) ;
#2315 = ORIENTED_EDGE ( 'NONE', *, *, #750, .F. ) ;
#2316 = DIRECTION ( 'NONE',  ( 0.000000000000000000, 0.000000000000000000, -1.000000000000000000 ) ) ;
#2317 = LINE ( 'NONE', #2130, #1566 ) ;
#2318 = EDGE_CURVE ( 'NONE', #1193, #368, #1529, .T. ) ;
#2319 = CARTESIAN_POINT ( 'NONE',  ( 0.7778174593051518926, 6.293250352560329830, 8.080000000000140403 ) ) ;
#2320 = CARTESIAN_POINT ( 'NONE',  ( 1.600000000000000089, -15.75000000000000000, -2.000000000000000000 ) ) ;
#2321 = CARTESIAN_POINT ( 'NONE',  ( 9.121677477306420201, 5.020458146424529922, -14.22000000000000064 ) ) ;
#2322 = EDGE_CURVE ( 'NONE', #2313, #652, #2061, .T. ) ;
#2323 = VERTEX_POINT ( 'NONE', #2589 ) ;
#2324 = EDGE_CURVE ( 'NONE', #682, #712, #980, .T. ) ;
#2325 = VERTEX_POINT ( 'NONE', #956 ) ;
#2326 = VERTEX_POINT ( 'NONE', #1791 ) ;
#2327 = ORIENTED_EDGE ( 'NONE', *, *, #156, .T. ) ;
#2328 = CARTESIAN_POINT ( 'NONE',  ( -2.803300858899124837, 5.303300858899099524, 1.249139735130296026E-15 ) ) ;
#2329 = FACE_OUTER_BOUND ( 'NONE', #2305, .T. ) ;
#2330 = DIRECTION ( 'NONE',  ( 0.000000000000000000, 0.000000000000000000, -1.000000000000000000 ) ) ;
#2331 = VERTEX_POINT ( 'NONE', #780 ) ;
#2332 = CARTESIAN_POINT ( 'NONE',  ( 0.7778174593051518926, 6.293250352560329830, 8.080000000000140403 ) ) ;
#2333 = ORIENTED_EDGE ( 'NONE', *, *, #2353, .T. ) ;
#2334 = AXIS2_PLACEMENT_3D ( 'NONE', #1146, #699, #304 ) ;
#2335 = DIRECTION ( 'NONE',  ( 1.000000000000000000, 0.000000000000000000, 0.000000000000000000 ) ) ;
#2336 = VECTOR ( 'NONE', #1105, 1000.000000000000000 ) ;
#2337 = ORIENTED_EDGE ( 'NONE', *, *, #730, .F. ) ;
#2338 = ADVANCED_FACE ( 'NONE', ( #751 ), #568, .T. ) ;
#2339 = CIRCLE ( 'NONE', #1483, 2.500000000000000000 ) ;
#2340 = AXIS2_PLACEMENT_3D ( 'NONE', #1169, #1734, #2373 ) ;
#2341 = EDGE_LOOP ( 'NONE', ( #1355, #2419, #2555, #2121 ) ) ;
#2342 = DIRECTION ( 'NONE',  ( 0.000000000000000000, 0.000000000000000000, -1.000000000000000000 ) ) ;
#2343 = AXIS2_PLACEMENT_3D ( 'NONE', #1542, #1597, #2363 ) ;
#2344 = EDGE_LOOP ( 'NONE', ( #75, #914, #391, #17 ) ) ;
#2345 = DIRECTION ( 'NONE',  ( 0.000000000000000000, 0.000000000000000000, -1.000000000000000000 ) ) ;
#2346 = DIRECTION ( 'NONE',  ( -1.000000000000000000, 0.000000000000000000, 0.000000000000000000 ) ) ;
#2347 = VECTOR ( 'NONE', #1053, 1000.000000000000000 ) ;
#2348 = DIRECTION ( 'NONE',  ( -0.7071067811865474617, -0.7071067811865474617, 0.000000000000000000 ) ) ;
#2349 = EDGE_LOOP ( 'NONE', ( #2314, #2056, #1363, #748 ) ) ;
#2350 = DIRECTION ( 'NONE',  ( 1.000000000000000000, 0.000000000000000000, 0.000000000000000000 ) ) ;
#2351 = ORIENTED_EDGE ( 'NONE', *, *, #1258, .F. ) ;
#2352 = DIRECTION ( 'NONE',  ( 0.000000000000000000, 0.000000000000000000, 1.000000000000000000 ) ) ;
#2353 = EDGE_CURVE ( 'NONE', #468, #1779, #2276, .T. ) ;
#2354 = ORIENTED_EDGE ( 'NONE', *, *, #1119, .T. ) ;
#2355 = PLANE ( 'NONE',  #1794 ) ;
#2356 = ADVANCED_FACE ( 'NONE', ( #1766 ), #1958, .T. ) ;
#2357 = ORIENTED_EDGE ( 'NONE', *, *, #243, .F. ) ;
#2358 = DIRECTION ( 'NONE',  ( 1.000000000000000000, 0.000000000000000000, 0.000000000000000000 ) ) ;
#2359 = EDGE_LOOP ( 'NONE', ( #1866, #471 ) ) ;
#2360 = DIRECTION ( 'NONE',  ( -0.7071067811865474617, 0.7071067811865474617, 0.000000000000000000 ) ) ;
#2361 = DIRECTION ( 'NONE',  ( 0.000000000000000000, 0.000000000000000000, 1.000000000000000000 ) ) ;
#2362 = DIRECTION ( 'NONE',  ( 0.7071067811865441310, 0.7071067811865510144, 0.000000000000000000 ) ) ;
#2363 = DIRECTION ( 'NONE',  ( 0.000000000000000000, 0.000000000000000000, 1.000000000000000000 ) ) ;
#2364 = ORIENTED_EDGE ( 'NONE', *, *, #41, .T. ) ;
#2365 = ORIENTED_EDGE ( 'NONE', *, *, #1513, .F. ) ;
#2366 = ORIENTED_EDGE ( 'NONE', *, *, #1175, .F. ) ;
#2367 = LINE ( 'NONE', #884, #1480 ) ;
#2368 = ORIENTED_EDGE ( 'NONE', *, *, #1554, .T. ) ;
#2369 = DIRECTION ( 'NONE',  ( 0.000000000000000000, 0.000000000000000000, -1.000000000000000000 ) ) ;
#2370 = VERTEX_POINT ( 'NONE', #1345 ) ;
#2371 = FACE_OUTER_BOUND ( 'NONE', #141, .T. ) ;
#2372 = CARTESIAN_POINT ( 'NONE',  ( 15.75000000000000000, 0.000000000000000000, -2.000000000000000000 ) ) ;
#2373 = DIRECTION ( 'NONE',  ( -0.7071067811865441310, -0.7071067811865510144, 0.000000000000000000 ) ) ;
#2374 = CARTESIAN_POINT ( 'NONE',  ( -2.899137802864824920, -5.586143571373750838, -9.719999999999998863 ) ) ;
#2375 = CYLINDRICAL_SURFACE ( 'NONE', #10, 1.000000000000000000 ) ;
#2376 = ORIENTED_EDGE ( 'NONE', *, *, #2283, .T. ) ;
#2377 = ADVANCED_FACE ( 'NONE', ( #317 ), #1752, .F. ) ;
#2378 = ORIENTED_EDGE ( 'NONE', *, *, #2532, .T. ) ;
#2379 = VERTEX_POINT ( 'NONE', #175 ) ;
#2380 = VERTEX_POINT ( 'NONE', #147 ) ;
#2381 = VECTOR ( 'NONE', #1040, 1000.000000000000000 ) ;
#2382 = AXIS2_PLACEMENT_3D ( 'NONE', #2602, #2243, #979 ) ;
#2383 = EDGE_LOOP ( 'NONE', ( #1321, #1394, #1127, #2124 ) ) ;
#2384 = ORIENTED_EDGE ( 'NONE', *, *, #1464, .T. ) ;
#2385 = AXIS2_PLACEMENT_3D ( 'NONE', #1895, #1677, #1508 ) ;
#2386 = AXIS2_PLACEMENT_3D ( 'NONE', #24, #1420, #2090 ) ;
#2387 = FACE_OUTER_BOUND ( 'NONE', #1332, .T. ) ;
#2388 = DIRECTION ( 'NONE',  ( 0.000000000000000000, 0.000000000000000000, -1.000000000000000000 ) ) ;
#2389 = CYLINDRICAL_SURFACE ( 'NONE', #1225, 13.45999999999999908 ) ;
#2390 = LINE ( 'NONE', #1347, #13 ) ;
#2391 = ORIENTED_EDGE ( 'NONE', *, *, #2209, .T. ) ;
#2392 = AXIS2_PLACEMENT_3D ( 'NONE', #1682, #1453, #1290 ) ;
#2393 = EDGE_CURVE ( 'NONE', #2431, #743, #1376, .T. ) ;
#2394 = CC_DESIGN_APPROVAL ( #145, ( #1275 ) ) ;
#2395 = ORIENTED_EDGE ( 'NONE', *, *, #1284, .T. ) ;
#2396 = ORIENTED_EDGE ( 'NONE', *, *, #750, .T. ) ;
#2397 = CARTESIAN_POINT ( 'NONE',  ( 2.192031021678275238, 6.293250352560299632, -9.719999999999998863 ) ) ;
#2398 = DIRECTION ( 'NONE',  ( 0.000000000000000000, 0.000000000000000000, 1.000000000000000000 ) ) ;
#2399 = LINE ( 'NONE', #1596, #1358 ) ;
#2400 = EDGE_CURVE ( 'NONE', #1295, #889, #89, .T. ) ;
#2401 = EDGE_CURVE ( 'NONE', #739, #1536, #1801, .T. ) ;
#2402 = CARTESIAN_POINT ( 'NONE',  ( -9.121677477306430859, -5.020458146424519263, 8.080000000000140403 ) ) ;
#2403 = EDGE_CURVE ( 'NONE', #151, #1539, #1806, .T. ) ;
#2404 = ORIENTED_EDGE ( 'NONE', *, *, #2053, .T. ) ;
#2405 = DIRECTION ( 'NONE',  ( 0.7071067811865515695, -0.7071067811865435759, 0.000000000000000000 ) ) ;
#2406 = DIRECTION ( 'NONE',  ( 0.000000000000000000, 0.000000000000000000, -1.000000000000000000 ) ) ;
#2407 = DIRECTION ( 'NONE',  ( 0.000000000000000000, 0.000000000000000000, 1.000000000000000000 ) ) ;
#2408 = ORIENTED_EDGE ( 'NONE', *, *, #727, .T. ) ;
#2409 = ORIENTED_EDGE ( 'NONE', *, *, #1719, .F. ) ;
#2410 = VECTOR ( 'NONE', #1616, 1000.000000000000000 ) ;
#2411 = EDGE_CURVE ( 'NONE', #1043, #136, #1583, .T. ) ;
#2412 = CIRCLE ( 'NONE', #336, 1.250000000000000444 ) ;
#2413 = VECTOR ( 'NONE', #604, 999.9999999999998863 ) ;
#2414 = LINE ( 'NONE', #2032, #2139 ) ;
#2415 = AXIS2_PLACEMENT_3D ( 'NONE', #1446, #2116, #2442 ) ;
#2416 = VECTOR ( 'NONE', #472, 1000.000000000000000 ) ;
#2417 = DIRECTION ( 'NONE',  ( 1.000000000000000000, 0.000000000000000000, 0.000000000000000000 ) ) ;
#2418 = DIRECTION ( 'NONE',  ( 1.000000000000000000, 0.000000000000000000, 0.000000000000000000 ) ) ;
#2419 = ORIENTED_EDGE ( 'NONE', *, *, #2628, .T. ) ;
#2420 = AXIS2_PLACEMENT_3D ( 'NONE', #389, #1833, #27 ) ;
#2421 = VECTOR ( 'NONE', #375, 1000.000000000000000 ) ;
#2422 = DIRECTION ( 'NONE',  ( -0.7071067811865475727, 0.7071067811865475727, 0.000000000000000000 ) ) ;
#2423 = VECTOR ( 'NONE', #700, 999.9999999999998863 ) ;
#2424 = DIRECTION ( 'NONE',  ( 1.000000000000000000, 0.000000000000000000, 0.000000000000000000 ) ) ;
#2425 = CARTESIAN_POINT ( 'NONE',  ( 2.192031021678275238, 4.879036790187200268, -14.22000000000000064 ) ) ;
#2426 = EDGE_CURVE ( 'NONE', #1174, #1250, #1578, .T. ) ;
#2427 = DIRECTION ( 'NONE',  ( -1.000000000000000000, 0.000000000000000000, 0.000000000000000000 ) ) ;
#2428 = EDGE_CURVE ( 'NONE', #1724, #818, #2606, .T. ) ;
#2429 = FACE_OUTER_BOUND ( 'NONE', #1340, .T. ) ;
#2430 = FACE_BOUND ( 'NONE', #1642, .T. ) ;
#2431 = VERTEX_POINT ( 'NONE', #2014 ) ;
#2432 = DESIGN_CONTEXT ( 'detailed design', #1581, 'design' ) ;
#2433 = DIRECTION ( 'NONE',  ( 1.000000000000000000, 0.000000000000000000, 0.000000000000000000 ) ) ;
#2434 = DIRECTION ( 'NONE',  ( 1.000000000000000000, 1.734723475976807094E-15, 0.000000000000000000 ) ) ;
#2435 = EDGE_CURVE ( 'NONE', #1779, #468, #2511, .T. ) ;
#2436 = DIRECTION ( 'NONE',  ( 0.000000000000000000, 0.000000000000000000, 1.000000000000000000 ) ) ;
#2437 = DIRECTION ( 'NONE',  ( -1.000000000000000000, 0.000000000000000000, 0.000000000000000000 ) ) ;
#2438 = ORIENTED_EDGE ( 'NONE', *, *, #978, .T. ) ;
#2439 = CARTESIAN_POINT ( 'NONE',  ( 2.803300858899124837, -5.303300858899089754, 1.249139735130296026E-15 ) ) ;
#2440 = CARTESIAN_POINT ( 'NONE',  ( -13.45999999999999908, 0.000000000000000000, 0.000000000000000000 ) ) ;
#2441 = PLANE ( 'NONE',  #806 ) ;
#2442 = DIRECTION ( 'NONE',  ( 1.000000000000000000, 0.000000000000000000, 0.000000000000000000 ) ) ;
#2443 = VERTEX_POINT ( 'NONE', #905 ) ;
#2444 = EDGE_CURVE ( 'NONE', #1515, #1003, #298, .T. ) ;
#2445 = DIRECTION ( 'NONE',  ( -1.000000000000000000, 0.000000000000000000, 0.000000000000000000 ) ) ;
#2446 = LINE ( 'NONE', #1411, #1369 ) ;
#2447 = CARTESIAN_POINT ( 'NONE',  ( 5.586143571373700212, 1.484924240491773961, 8.080000000000140403 ) ) ;
#2448 = EDGE_CURVE ( 'NONE', #151, #768, #1372, .T. ) ;
#2449 = DIRECTION ( 'NONE',  ( 0.000000000000000000, 0.000000000000000000, -1.000000000000000000 ) ) ;
#2450 = ORIENTED_EDGE ( 'NONE', *, *, #1671, .T. ) ;
#2451 = CARTESIAN_POINT ( 'NONE',  ( 6.434671708797540468, 9.121677477306500137, -14.22000000000000064 ) ) ;
#2452 = ORIENTED_EDGE ( 'NONE', *, *, #617, .F. ) ;
#2453 = CARTESIAN_POINT ( 'NONE',  ( -6.434671708797550238, -7.707463914933409654, -9.719999999999998863 ) ) ;
#2454 = CARTESIAN_POINT ( 'NONE',  ( 0.000000000000000000, 0.000000000000000000, -6.360000000000000320 ) ) ;
#2455 = CARTESIAN_POINT ( 'NONE',  ( -9.228728892196611723E-13, -9.211381657436839613E-13, -9.719999999999998863 ) ) ;
#2456 = CARTESIAN_POINT ( 'NONE',  ( 0.000000000000000000, 0.000000000000000000, 0.000000000000000000 ) ) ;
#2457 = CARTESIAN_POINT ( 'NONE',  ( 6.293250352560229466, 5.020458146424509493, -12.22000000000000064 ) ) ;
#2458 = VECTOR ( 'NONE', #2066, 1000.000000000000000 ) ;
#2459 = EDGE_CURVE ( 'NONE', #1930, #2443, #229, .T. ) ;
#2460 = EDGE_LOOP ( 'NONE', ( #1590, #429, #359, #1387 ) ) ;
#2461 = CIRCLE ( 'NONE', #2415, 1.600000000000000755 ) ;
#2462 = AXIS2_PLACEMENT_3D ( 'NONE', #2534, #327, #1547 ) ;
#2463 = DIRECTION ( 'NONE',  ( 0.000000000000000000, 0.000000000000000000, 1.000000000000000000 ) ) ;
#2464 = VECTOR ( 'NONE', #2134, 1000.000000000000000 ) ;
#2465 = AXIS2_PLACEMENT_3D ( 'NONE', #1130, #655, #2335 ) ;
#2466 = EDGE_CURVE ( 'NONE', #652, #2313, #1757, .T. ) ;
#2467 = ORIENTED_EDGE ( 'NONE', *, *, #428, .F. ) ;
#2468 = AXIS2_PLACEMENT_3D ( 'NONE', #612, #1417, #657 ) ;
#2469 = DIRECTION ( 'NONE',  ( -1.000000000000000000, 0.000000000000000000, 0.000000000000000000 ) ) ;
#2470 = DIRECTION ( 'NONE',  ( -1.000000000000000000, 0.000000000000000000, 0.000000000000000000 ) ) ;
#2471 = CARTESIAN_POINT ( 'NONE',  ( 0.000000000000000000, -15.75000000000000000, 0.000000000000000000 ) ) ;
#2472 = CARTESIAN_POINT ( 'NONE',  ( -5.904341622907649523, -7.177133829043500057, -12.22000000000000064 ) ) ;
#2473 = EDGE_LOOP ( 'NONE', ( #411, #2255, #310, #205 ) ) ;
#2474 = FACE_OUTER_BOUND ( 'NONE', #2615, .T. ) ;
#2475 = EDGE_CURVE ( 'NONE', #2291, #1710, #426, .T. ) ;
#2476 = LINE ( 'NONE', #254, #894 ) ;
#2477 = EDGE_LOOP ( 'NONE', ( #169, #2027 ) ) ;
#2478 =( NAMED_UNIT ( * ) SI_UNIT ( $, .STERADIAN. ) SOLID_ANGLE_UNIT ( ) );
#2479 = ORIENTED_EDGE ( 'NONE', *, *, #2628, .F. ) ;
#2480 = DIRECTION ( 'NONE',  ( 0.000000000000000000, 0.000000000000000000, -1.000000000000000000 ) ) ;
#2481 = EDGE_CURVE ( 'NONE', #825, #25, #2040, .T. ) ;
#2482 = FACE_OUTER_BOUND ( 'NONE', #571, .T. ) ;
#2483 = CARTESIAN_POINT ( 'NONE',  ( -4.879036790187160300, -3.606244584051409685, -14.22000000000000064 ) ) ;
#2484 = LINE ( 'NONE', #1487, #2336 ) ;
#2485 = CARTESIAN_POINT ( 'NONE',  ( 0.000000000000000000, 0.000000000000000000, 0.000000000000000000 ) ) ;
#2486 = CARTESIAN_POINT ( 'NONE',  ( 15.75000000000000000, 0.000000000000000000, -14.72000000000000064 ) ) ;
#2487 = ORIENTED_EDGE ( 'NONE', *, *, #1134, .T. ) ;
#2488 = EDGE_CURVE ( 'NONE', #2325, #1157, #215, .T. ) ;
#2489 = VERTEX_POINT ( 'NONE', #1472 ) ;
#2490 = DIRECTION ( 'NONE',  ( -0.7071067811865480168, 0.7071067811865470176, 0.000000000000000000 ) ) ;
#2491 = ADVANCED_FACE ( 'NONE', ( #1900 ), #524, .T. ) ;
#2492 = ORIENTED_EDGE ( 'NONE', *, *, #2426, .T. ) ;
#2493 = DIRECTION ( 'NONE',  ( 0.000000000000000000, 0.000000000000000000, -1.000000000000000000 ) ) ;
#2494 = CARTESIAN_POINT ( 'NONE',  ( -13.16000000000222059, 1.630004889665264790E-15, -9.719999999999998863 ) ) ;
#2495 = CARTESIAN_POINT ( 'NONE',  ( -14.14999999999999858, 0.000000000000000000, 0.000000000000000000 ) ) ;
#2496 = ORIENTED_EDGE ( 'NONE', *, *, #1050, .F. ) ;
#2497 = VERTEX_POINT ( 'NONE', #2288 ) ;
#2498 = CONICAL_SURFACE ( 'NONE', #935, 13.16000000000222059, 0.7853981633974476129 ) ;
#2499 = APPROVAL_DATE_TIME ( #1691, #145 ) ;
#2500 = DIRECTION ( 'NONE',  ( 1.000000000000000000, 0.000000000000000000, 0.000000000000000000 ) ) ;
#2501 = VERTEX_POINT ( 'NONE', #1599 ) ;
#2502 = AXIS2_PLACEMENT_3D ( 'NONE', #204, #1385, #1790 ) ;
#2503 = ORIENTED_EDGE ( 'NONE', *, *, #1913, .T. ) ;
#2504 = VECTOR ( 'NONE', #1213, 999.9999999999998863 ) ;
#2505 = AXIS2_PLACEMENT_3D ( 'NONE', #1842, #38, #1686 ) ;
#2506 = AXIS2_PLACEMENT_3D ( 'NONE', #1017, #1828, #194 ) ;
#2507 = ORIENTED_EDGE ( 'NONE', *, *, #1018, .T. ) ;
#2508 = AXIS2_PLACEMENT_3D ( 'NONE', #2457, #1211, #225 ) ;
#2509 = EDGE_CURVE ( 'NONE', #307, #829, #1610, .T. ) ;
#2510 = ORIENTED_EDGE ( 'NONE', *, *, #1306, .F. ) ;
#2511 = CIRCLE ( 'NONE', #1619, 1.600000000000000755 ) ;
#2512 = DIRECTION ( 'NONE',  ( 0.7071067811865474617, 0.7071067811865474617, 0.000000000000000000 ) ) ;
#2513 = ORIENTED_EDGE ( 'NONE', *, *, #1761, .F. ) ;
#2514 = DIRECTION ( 'NONE',  ( 0.7071067811865474617, -0.7071067811865474617, 0.000000000000000000 ) ) ;
#2515 = LINE ( 'NONE', #497, #811 ) ;
#2516 = CARTESIAN_POINT ( 'NONE',  ( 7.803300858899100412, -5.303300858899089754, 0.000000000000000000 ) ) ;
#2517 = EDGE_CURVE ( 'NONE', #1896, #1095, #1322, .T. ) ;
#2518 = ORIENTED_EDGE ( 'NONE', *, *, #653, .T. ) ;
#2519 = ORIENTED_EDGE ( 'NONE', *, *, #1874, .F. ) ;
#2520 = CARTESIAN_POINT ( 'NONE',  ( -5.586143571373710870, -2.899137802864869773, -14.22000000000000064 ) ) ;
#2521 = VERTEX_POINT ( 'NONE', #2107 ) ;
#2522 = PLANE ( 'NONE',  #891 ) ;
#2523 = ORIENTED_EDGE ( 'NONE', *, *, #2488, .F. ) ;
#2524 = CARTESIAN_POINT ( 'NONE',  ( 7.530687219636710061, 2.015254326381690220, -12.22000000000000064 ) ) ;
#2525 = CARTESIAN_POINT ( 'NONE',  ( 6.351663334674750416, 11.86709622792992036, -9.719999999999998863 ) ) ;
#2526 = DIRECTION ( 'NONE',  ( 0.7071067811865514585, -0.7071067811865435759, 0.000000000000000000 ) ) ;
#2527 = CARTESIAN_POINT ( 'NONE',  ( 0.000000000000000000, 0.000000000000000000, -9.719999999999998863 ) ) ;
#2528 = LINE ( 'NONE', #2516, #1231 ) ;
#2529 = ORIENTED_EDGE ( 'NONE', *, *, #1858, .T. ) ;
#2530 = DIRECTION ( 'NONE',  ( 1.000000000000000000, 0.000000000000000000, 0.000000000000000000 ) ) ;
#2531 = ORIENTED_EDGE ( 'NONE', *, *, #634, .T. ) ;
#2532 = EDGE_CURVE ( 'NONE', #267, #1573, #180, .T. ) ;
#2533 = VERTEX_POINT ( 'NONE', #2453 ) ;
#2534 = CARTESIAN_POINT ( 'NONE',  ( 5.727564927611000556, 8.414570696119948678, -14.22000000000000064 ) ) ;
#2535 = ORIENTED_EDGE ( 'NONE', *, *, #2509, .F. ) ;
#2536 = DIRECTION ( 'NONE',  ( 1.000000000000000000, 0.000000000000000000, 0.000000000000000000 ) ) ;
#2537 = CARTESIAN_POINT ( 'NONE',  ( -6.434671708797540468, -9.121677477306500137, 8.080000000000140403 ) ) ;
#2538 = CARTESIAN_POINT ( 'NONE',  ( 0.000000000000000000, 0.000000000000000000, -3.000000000000000000 ) ) ;
#2539 = CARTESIAN_POINT ( 'NONE',  ( 5.020458146424449986, 9.121677477306500137, -9.719999999999998863 ) ) ;
#2540 = ORIENTED_EDGE ( 'NONE', *, *, #1823, .T. ) ;
#2541 = DIRECTION ( 'NONE',  ( 0.000000000000000000, 0.000000000000000000, -1.000000000000000000 ) ) ;
#2542 = VECTOR ( 'NONE', #1934, 1000.000000000000000 ) ;
#2543 = EDGE_LOOP ( 'NONE', ( #544, #2540, #917, #521 ) ) ;
#2544 = CIRCLE ( 'NONE', #164, 1.000000000000000000 ) ;
#2545 = EDGE_CURVE ( 'NONE', #2521, #163, #1705, .T. ) ;
#2546 = DIRECTION ( 'NONE',  ( 0.000000000000000000, 0.000000000000000000, -1.000000000000000000 ) ) ;
#2547 = AXIS2_PLACEMENT_3D ( 'NONE', #1431, #1482, #2308 ) ;
#2548 = AXIS2_PLACEMENT_3D ( 'NONE', #1772, #800, #2427 ) ;
#2549 = ORIENTED_EDGE ( 'NONE', *, *, #1836, .F. ) ;
#2550 = AXIS2_PLACEMENT_3D ( 'NONE', #959, #520, #1331 ) ;
#2551 = AXIS2_PLACEMENT_3D ( 'NONE', #741, #1545, #2005 ) ;
#2552 = ORIENTED_EDGE ( 'NONE', *, *, #1719, .T. ) ;
#2553 = LINE ( 'NONE', #1133, #1154 ) ;
#2554 = VECTOR ( 'NONE', #350, 1000.000000000000000 ) ;
#2555 = ORIENTED_EDGE ( 'NONE', *, *, #994, .F. ) ;
#2556 = APPROVAL_DATE_TIME ( #1731, #413 ) ;
#2557 = FACE_OUTER_BOUND ( 'NONE', #965, .T. ) ;
#2558 = DIRECTION ( 'NONE',  ( 1.000000000000000000, 8.673617379884035472E-16, 0.000000000000000000 ) ) ;
#2559 = PERSON_AND_ORGANIZATION_ROLE ( 'creator' ) ;
#2560 = DIRECTION ( 'NONE',  ( 0.7071067811865510144, -0.7071067811865440200, 0.000000000000000000 ) ) ;
#2561 = CARTESIAN_POINT ( 'NONE',  ( -4.586143571373710870, -2.899137802864869773, -9.719999999999998863 ) ) ;
#2562 = ORIENTED_EDGE ( 'NONE', *, *, #796, .F. ) ;
#2563 = CARTESIAN_POINT ( 'NONE',  ( 13.16000000000222059, 0.000000000000000000, -9.719999999999998863 ) ) ;
#2564 = VERTEX_POINT ( 'NONE', #1685 ) ;
#2565 = DIRECTION ( 'NONE',  ( -1.000000000000000000, 0.000000000000000000, 0.000000000000000000 ) ) ;
#2566 = VERTEX_POINT ( 'NONE', #1096 ) ;
#2567 = ORIENTED_EDGE ( 'NONE', *, *, #217, .F. ) ;
#2568 = CARTESIAN_POINT ( 'NONE',  ( 7.803300858899100412, -5.303300858899089754, -9.719999999999998863 ) ) ;
#2569 = EDGE_CURVE ( 'NONE', #1250, #2521, #1117, .T. ) ;
#2570 = DIRECTION ( 'NONE',  ( 0.000000000000000000, 0.000000000000000000, -1.000000000000000000 ) ) ;
#2571 = ORIENTED_EDGE ( 'NONE', *, *, #2448, .F. ) ;
#2572 = ORIENTED_EDGE ( 'NONE', *, *, #1094, .T. ) ;
#2573 = DIRECTION ( 'NONE',  ( -0.7071067811865474617, 8.659560562354921765E-17, 0.7071067811865474617 ) ) ;
#2574 = CARTESIAN_POINT ( 'NONE',  ( 2.803300858899124837, -5.303300858899089754, 0.000000000000000000 ) ) ;
#2575 = CALENDAR_DATE ( 2026, 22, 6 ) ;
#2576 = DIRECTION ( 'NONE',  ( 0.000000000000000000, 0.000000000000000000, -1.000000000000000000 ) ) ;
#2577 = FACE_OUTER_BOUND ( 'NONE', #2460, .T. ) ;
#2578 = ORIENTED_EDGE ( 'NONE', *, *, #900, .T. ) ;
#2579 = DIRECTION ( 'NONE',  ( -1.000000000000000000, 0.000000000000000000, 0.000000000000000000 ) ) ;
#2580 = CYLINDRICAL_SURFACE ( 'NONE', #289, 1.000000000000000000 ) ;
#2581 = ORIENTED_EDGE ( 'NONE', *, *, #1823, .F. ) ;
#2582 = CARTESIAN_POINT ( 'NONE',  ( 5.020458146424439327, 6.293250352560288974, -12.22000000000000064 ) ) ;
#2583 = VERTEX_POINT ( 'NONE', #1592 ) ;
#2584 = DIRECTION ( 'NONE',  ( -1.000000000000000000, 0.000000000000000000, 0.000000000000000000 ) ) ;
#2585 = EDGE_CURVE ( 'NONE', #2210, #1687, #580, .T. ) ;
#2586 = EDGE_LOOP ( 'NONE', ( #1167, #2368, #2408, #1326 ) ) ;
#2587 = CALENDAR_DATE ( 2026, 22, 6 ) ;
#2588 = EDGE_CURVE ( 'NONE', #68, #2431, #565, .T. ) ;
#2589 = CARTESIAN_POINT ( 'NONE',  ( 13.45999999999999908, 1.648374591652334999E-15, -9.420000000002220375 ) ) ;
#2590 = DIRECTION ( 'NONE',  ( 0.000000000000000000, 0.000000000000000000, 1.000000000000000000 ) ) ;
#2591 = DIRECTION ( 'NONE',  ( 0.000000000000000000, 0.000000000000000000, -1.000000000000000000 ) ) ;
#2592 = ORIENTED_EDGE ( 'NONE', *, *, #1874, .T. ) ;
#2593 = ORIENTED_EDGE ( 'NONE', *, *, #1134, .F. ) ;
#2594 = EDGE_LOOP ( 'NONE', ( #2496, #256, #1629, #390 ) ) ;
#2595 = AXIS2_PLACEMENT_3D ( 'NONE', #1320, #2154, #1156 ) ;
#2596 = CIRCLE ( 'NONE', #1522, 12.21499999999999986 ) ;
#2597 = CIRCLE ( 'NONE', #1232, 18.50000000000000000 ) ;
#2598 = ORIENTED_EDGE ( 'NONE', *, *, #2058, .F. ) ;
#2599 = EDGE_CURVE ( 'NONE', #1715, #143, #55, .T. ) ;
#2600 = CIRCLE ( 'NONE', #343, 0.9999999999999991118 ) ;
#2601 = AXIS2_PLACEMENT_3D ( 'NONE', #1837, #1855, #1229 ) ;
#2602 = CARTESIAN_POINT ( 'NONE',  ( -2.899137802864815150, -8.414570696119948678, -12.22000000000000064 ) ) ;
#2603 = EDGE_CURVE ( 'NONE', #687, #1185, #740, .T. ) ;
#2604 = DIRECTION ( 'NONE',  ( 0.7071067811865433539, 0.7071067811865517916, 0.000000000000000000 ) ) ;
#2605 = ORIENTED_EDGE ( 'NONE', *, *, #2162, .T. ) ;
#2606 = CIRCLE ( 'NONE', #603, 1.600000000000000755 ) ;
#2607 = FACE_OUTER_BOUND ( 'NONE', #111, .T. ) ;
#2608 = CC_DESIGN_SECURITY_CLASSIFICATION ( #1407, ( #1928 ) ) ;
#2609 = EDGE_CURVE ( 'NONE', #743, #342, #1233, .T. ) ;
#2610 = VERTEX_POINT ( 'NONE', #620 ) ;
#2611 = CARTESIAN_POINT ( 'NONE',  ( -5.586143571373710870, -1.484924240491769964, -9.719999999999998863 ) ) ;
#2612 = PERSON_AND_ORGANIZATION ( #18446744073709551615, #18446744073709551615 ) ;
#2613 = DIRECTION ( 'NONE',  ( -1.000000000000000000, 0.000000000000000000, 0.000000000000000000 ) ) ;
#2614 = DIRECTION ( 'NONE',  ( -1.000000000000000000, 0.000000000000000000, 0.000000000000000000 ) ) ;
#2615 = EDGE_LOOP ( 'NONE', ( #1089, #1519, #482, #1989 ) ) ;
#2616 = CARTESIAN_POINT ( 'NONE',  ( -5.020458146424470414, -6.293250352560320060, -12.22000000000000064 ) ) ;
#2617 = ORIENTED_EDGE ( 'NONE', *, *, #2209, .F. ) ;
#2618 = EDGE_LOOP ( 'NONE', ( #1845, #2376 ) ) ;
#2619 = CARTESIAN_POINT ( 'NONE',  ( 1.484924240491726000, 5.586143571373750838, -9.719999999999998863 ) ) ;
#2620 = LINE ( 'NONE', #1, #940 ) ;
#2621 = FACE_BOUND ( 'NONE', #313, .T. ) ;
#2622 = CARTESIAN_POINT ( 'NONE',  ( 0.000000000000000000, 0.000000000000000000, 0.000000000000000000 ) ) ;
#2623 = CARTESIAN_POINT ( 'NONE',  ( 0.000000000000000000, 0.000000000000000000, -14.22000000000000064 ) ) ;
#2624 = CARTESIAN_POINT ( 'NONE',  ( 8.414570696119888282, 2.899137802864874658, -12.22000000000000064 ) ) ;
#2625 = LINE ( 'NONE', #2047, #2306 ) ;
#2626 = EDGE_LOOP ( 'NONE', ( #2487, #1729, #1742, #2519 ) ) ;
#2627 = CARTESIAN_POINT ( 'NONE',  ( 9.828784258492969883, 5.727564927611069834, -14.22000000000000064 ) ) ;
#2628 = EDGE_CURVE ( 'NONE', #2187, #406, #1224, .T. ) ;
#2629 = PRODUCT_DEFINITION_SHAPE ( 'NONE', 'NONE',  #1275 ) ;
#2630 = EDGE_CURVE ( 'NONE', #1185, #46, #1201, .T. ) ;
#2631 = CARTESIAN_POINT ( 'NONE',  ( -4.313351365237900303, -9.828784258493039161, -9.719999999999998863 ) ) ;
ENDSEC;
END-ISO-10303-21;
