ISO-10303-21;
HEADER;
FILE_DESCRIPTION (( 'STEP AP203' ),
    '1' );
FILE_NAME ('M3X0.5-3-SS304-SET-SCREW_92015A101.STEP.STEP',
    '2026-06-22T08:50:28',
    ( 'localuser' ),
    ( '' ),
    'SwSTEP 2.0',
    'SolidWorks 2025',
    '' );
FILE_SCHEMA (( 'CONFIG_CONTROL_DESIGN' ));
ENDSEC;

DATA;
#1 = CARTESIAN_POINT ( 'NONE',  ( -1.017788105674651833, 0.5876202367891509848, -1.851104566265860063 ) ) ;
#2 = VERTEX_POINT ( 'NONE', #1489 ) ;
#3 = AXIS2_PLACEMENT_3D ( 'NONE', #2177, #411, #617 ) ;
#4 = CARTESIAN_POINT ( 'NONE',  ( -1.401179470063268262, 0.5296583643904516636, -1.082019961720904089 ) ) ;
#5 = CARTESIAN_POINT ( 'NONE',  ( -0.6785254037820184214, -1.175240473581535161, 0.7113954337328701749 ) ) ;
#6 = CARTESIAN_POINT ( 'NONE',  ( -1.299038105674459986, -0.7500000000009580114, 0.9197287670700831086 ) ) ;
#7 = CARTESIAN_POINT ( 'NONE',  ( 5.204170427930419390E-14, 1.500000000000055067, -0.7469378996014520711 ) ) ;
#8 = CARTESIAN_POINT ( 'NONE',  ( -0.5687163662414050913, -1.106949966999732249, -1.324465581247124213 ) ) ;
#9 = DIRECTION ( 'NONE',  ( 1.998401444325252427E-14, 1.000000000000000000, 1.460058925613812533E-14 ) ) ;
#10 = ORIENTED_EDGE ( 'NONE', *, *, #886, .T. ) ;
#11 = EDGE_CURVE ( 'NONE', #255, #1801, #1253, .T. ) ;
#12 = CARTESIAN_POINT ( 'NONE',  ( 4.302114220422480080E-13, 1.499999999999672040, -0.6844378996014869321 ) ) ;
#13 = CARTESIAN_POINT ( 'NONE',  ( 1.094610513341364065E-12, 1.175240473579973965, -1.434437899601626043 ) ) ;
#14 = EDGE_LOOP ( 'NONE', ( #543, #1781, #832, #1984, #1860 ) ) ;
#15 =( BOUNDED_CURVE ( )  B_SPLINE_CURVE ( 2, ( #155, #1347, #1816, #458, #1838, #1677, #272 ),
 .UNSPECIFIED., .F., .F. ) 
 B_SPLINE_CURVE_WITH_KNOTS ( ( 3, 2, 2, 3 ),
 ( 0.4999999999999749645, 0.5238095238095180628, 0.5476190476190599954, 0.5714285714286020390 ),
 .UNSPECIFIED. ) 
 CURVE ( )  GEOMETRIC_REPRESENTATION_ITEM ( )  RATIONAL_B_SPLINE_CURVE ( ( 1.000000000000140110, 0.8660254037842979313, 1.000000000000000000, 0.8660254037844389297, 1.000000000000000000, 0.8660254037842659569, 1.000000000000172085 ) ) 
 REPRESENTATION_ITEM ( '' )  );
#16 = CARTESIAN_POINT ( 'NONE',  ( 0.5058313667510495604, -1.184884213119069774, -1.280551542798033404 ) ) ;
#17 = CARTESIAN_POINT ( 'NONE',  ( 1.309716224362490164E-12, 1.175240473581306011, -0.4969378996018130046 ) ) ;
#18 = CARTESIAN_POINT ( 'NONE',  ( -0.6785254037819687944, 1.175240473580701162, 1.107228767066103847 ) ) ;
#19 = CARTESIAN_POINT ( 'NONE',  ( 1.299038105677607913, -0.7499999999975159870, -0.4136045662671559708 ) ) ;
#20 = CARTESIAN_POINT ( 'NONE',  ( -1.187349813137712262, -0.1351074537673739862, -1.373799379168837653 ) ) ;
#21 = DIRECTION ( 'NONE',  ( 1.000000000000000000, 1.887379141862815028E-14, -1.488970983546807175E-14 ) ) ;
#22 = EDGE_LOOP ( 'NONE', ( #399, #352, #334, #531 ) ) ;
#23 = CARTESIAN_POINT ( 'NONE',  ( 1.299038105676092014, 0.7500000000007500667, 0.1697287670662240011 ) ) ;
#24 = CARTESIAN_POINT ( 'NONE',  ( -1.299038105674128030, 0.7500000000000350830, 0.8988954337346140022 ) ) ;
#25 = ADVANCED_FACE ( 'NONE', ( #1318 ), #1105, .F. ) ;
#26 = DIRECTION ( 'NONE',  ( 1.488970983546780038E-14, 1.484481399661612197E-14, 1.000000000000000000 ) ) ;
#27 = CARTESIAN_POINT ( 'NONE',  ( 1.347609520090402135, 0.1743727848201742925, -1.214573470698733004 ) ) ;
#28 = CARTESIAN_POINT ( 'NONE',  ( 1.017788105677855937, -0.5876202367906019353, 1.336395433732539884 ) ) ;
#29 = ADVANCED_FACE ( 'NONE', ( #1342 ), #160, .T. ) ;
#30 = CARTESIAN_POINT ( 'NONE',  ( -1.017788105676281862, 0.5876202367897199741, 0.1488954337345859968 ) ) ;
#31 = CARTESIAN_POINT ( 'NONE',  ( -0.9595015901503076705, -0.7572164099955818184, -1.346614078810473680 ) ) ;
#32 = DIRECTION ( 'NONE',  ( -1.489724667855159955E-14, -1.460058925613764254E-14, 1.000000000000000000 ) ) ;
#33 = ORIENTED_EDGE ( 'NONE', *, *, #817, .F. ) ;
#34 = CARTESIAN_POINT ( 'NONE',  ( 1.299038105678825827, -0.7500000000021970203, 1.148895433733309934 ) ) ;
#35 = CIRCLE ( 'NONE', #432, 0.8219473594427930685 ) ;
#36 = CARTESIAN_POINT ( 'NONE',  ( 1.017788105679021893, 0.5876202367892620071, 0.4822287670658290115 ) ) ;
#37 = CARTESIAN_POINT ( 'NONE',  ( 1.248680192677531053, -0.4561284990310412457, -1.239523616570300968 ) ) ;
#38 = CARTESIAN_POINT ( 'NONE',  ( -1.357050807565838069, -2.768265033939674734E-12, -0.3719378996001904136 ) ) ;
#39 = CARTESIAN_POINT ( 'NONE',  ( 1.017788105679021893, 0.5876202367892620071, 0.4822287670658290115 ) ) ;
#40 = CARTESIAN_POINT ( 'NONE',  ( 1.719110964693015023E-12, 1.175240473580029921, 1.003062100398131928 ) ) ;
#41 = CARTESIAN_POINT ( 'NONE',  ( 1.873501354054950046E-12, 5.551115123125779547E-14, 0.3155621003985145112 ) ) ;
#42 = ORIENTED_EDGE ( 'NONE', *, *, #11, .T. ) ;
#43 = CARTESIAN_POINT ( 'NONE',  ( -1.017788105675141885, 0.5876202367898240020, -1.351104566265691975 ) ) ;
#44 = CARTESIAN_POINT ( 'NONE',  ( 1.732050807570926443, 1.494302254210560445E-12, 0.1905621003998605179 ) ) ;
#45 = CARTESIAN_POINT ( 'NONE',  ( 5.013350845572970483E-13, 1.500000000000839995, -0.2469378996015070271 ) ) ;
#46 = CARTESIAN_POINT ( 'NONE',  ( 1.158847614460411624, 0.7427770036108664042, -1.192875215302052094 ) ) ;
#47 = PERSON_AND_ORGANIZATION_ROLE ( 'design_owner' ) ;
#48 = CARTESIAN_POINT ( 'NONE',  ( 1.377234456332414148, 0.3390923995842173855, 1.100542972597807312 ) ) ;
#49 = CARTESIAN_POINT ( 'NONE',  ( 0.4892177149783593082, -0.5835754243511591666, 1.054360489972621995 ) ) ;
#50 = ADVANCED_FACE ( 'NONE', ( #1938 ), #1758, .T. ) ;
#51 = DIRECTION ( 'NONE',  ( -1.998401444325260316E-14, -1.000000000000000000, -1.463672932855413947E-14 ) ) ;
#52 = VERTEX_POINT ( 'NONE', #227 ) ;
#53 = CARTESIAN_POINT ( 'NONE',  ( 5.585809592645319854E-13, 1.499999999998889999, 0.3155621003985145112 ) ) ;
#54 = CARTESIAN_POINT ( 'NONE',  ( -1.299038105674615862, -0.7499999999995839994, -0.5177712329298980176 ) ) ;
#55 = ORIENTED_EDGE ( 'NONE', *, *, #2132, .F. ) ;
#56 = CARTESIAN_POINT ( 'NONE',  ( 1.017788105677741806, -0.5876202367925899006, 0.3988954337325045230 ) ) ;
#57 = CARTESIAN_POINT ( 'NONE',  ( 0.9580284288354646849, -0.8936188215873382967, -1.258781189222679453 ) ) ;
#58 = CARTESIAN_POINT ( 'NONE',  ( 1.017788105679299893, 0.5876202367889949985, 1.419728767065864039 ) ) ;
#59 = CARTESIAN_POINT ( 'NONE',  ( 1.427540157047154867, 0.1488919322344046670, 1.094363261572323553 ) ) ;
#60 = CARTESIAN_POINT ( 'NONE',  ( 0.2253638746238274815, -1.178648006834756012, 1.253062100400381906 ) ) ;
#61 = CARTESIAN_POINT ( 'NONE',  ( 1.873501354054950046E-12, 5.551115123125779547E-14, 0.3155621003985145112 ) ) ;
#62 = EDGE_LOOP ( 'NONE', ( #562, #936, #642, #1904 ) ) ;
#63 = CARTESIAN_POINT ( 'NONE',  ( 1.501347315144145112E-11, -1.468165457962644133E-11, -1001.253062100399916 ) ) ;
#64 = DATE_AND_TIME ( #957, #2125 ) ;
#65 = CARTESIAN_POINT ( 'NONE',  ( -0.4322169720199099952, -1.436380342772440200, 1.042999838939794088 ) ) ;
#66 = ORIENTED_EDGE ( 'NONE', *, *, #788, .T. ) ;
#67 = PLANE ( 'NONE',  #1733 ) ;
#68 = APPROVAL ( #88, 'Coincident' ) ;
#69 = CARTESIAN_POINT ( 'NONE',  ( -1.227111850182537989, -0.1097287706232218801, 1.230726163345105206 ) ) ;
#70 = CARTESIAN_POINT ( 'NONE',  ( 1.111416546646786019, -0.9739179122966833413, 1.058642279065900027 ) ) ;
#71 = CC_DESIGN_APPROVAL ( #68, ( #784 ) ) ;
#72 = CARTESIAN_POINT ( 'NONE',  ( -1.017788105674651833, 0.5876202367891509848, -1.851104566265860063 ) ) ;
#73 = CARTESIAN_POINT ( 'NONE',  ( 7.667477763817490387E-13, 0.8660254037821669693, 0.3155621003986255335 ) ) ;
#74 = MANIFOLD_SOLID_BREP ( 'NONE', #391 ) ;
#75 = ORIENTED_EDGE ( 'NONE', *, *, #1194, .T. ) ;
#76 = CARTESIAN_POINT ( 'NONE',  ( 1.017788105677255972, 0.5876202367907750190, -0.01777123293411619898 ) ) ;
#77 = CIRCLE ( 'NONE', #567, 0.9898836153793139081 ) ;
#78 = B_SPLINE_CURVE_WITH_KNOTS ( 'NONE', 3,
 ( #572, #1103, #2165, #1994, #277, #1652, #959, #1267, #937, #113, #1254, #1958, #1081, #1780, #916, #409, #1630, #90, #1458, #1518, #2213, #1166, #487, #333, #1013, #981, #476, #1333, #1711, #831, #1344, #2028, #1502, #2040, #2018, #309, #1179, #2224, #1189, #1701, #161, #627, #1874, #323, #1153, #1006, #1320, #843, #655, #168, #1863, #2006, #1531, #992, #1685, #2049, #1885, #667, #970, #1846, #1352, #852, #1543, #499 ),
 .UNSPECIFIED., .F., .F.,
 ( 4, 2, 2, 2, 1, 2, 2, 2, 1, 1, 1, 2, 2, 2, 2, 2, 2, 2, 1, 1, 2, 2, 2, 2, 1, 1, 2, 2, 2, 2, 2, 1, 1, 2, 2, 2, 4 ),
 ( 0.000000000000000000, 0.06250000000000105471, 0.09375000000000159595, 0.1093750000000018319, 0.1171875000000019429, 0.1210937500000019706, 0.1250000000000019984, 0.1875000000000004441, 0.2187499999999996669, 0.2343749999999993061, 0.2421874999999991396, 0.2460937499999990563, 0.2499999999999989453, 0.3124999999999964473, 0.3437499999999951150, 0.3749999999999938383, 0.4374999999999912847, 0.4687499999999898970, 0.4843749999999892308, 0.4921874999999889533, 0.4960937499999887867, 0.4999999999999886202, 0.5624999999999868994, 0.5937499999999861222, 0.6093749999999857891, 0.6171874999999855671, 0.6210937499999854561, 0.6249999999999854561, 0.6874999999999817923, 0.7187499999999800160, 0.7343749999999793499, 0.7421874999999789058, 0.7460937499999786837, 0.7480468749999786837, 0.7499999999999785727, 0.8749999999999893419, 1.000000000000000000 ),
 .UNSPECIFIED. ) ;
#79 = CARTESIAN_POINT ( 'NONE',  ( -1.732050807566636763, -1.201851678989726941E-13, 0.9405621003993510643 ) ) ;
#80 = ADVANCED_FACE ( 'NONE', ( #1587 ), #1692, .F. ) ;
#81 = ORIENTED_EDGE ( 'NONE', *, *, #590, .T. ) ;
#82 = DIRECTION ( 'NONE',  ( 1.489724667855159955E-14, 1.460058925613764254E-14, -1.000000000000000000 ) ) ;
#83 = CARTESIAN_POINT ( 'NONE',  ( 0.9889958190061711729, 0.9715284269248330995, -1.182682334032610694 ) ) ;
#84 = CARTESIAN_POINT ( 'NONE',  ( 1.207561136919409694, -0.8398967138310168279, 1.063328096050265792 ) ) ;
#85 = DIRECTION ( 'NONE',  ( -7.724919430059989923E-15, -0.8191520442889919096, -0.5735764363510458264 ) ) ;
#86 = CARTESIAN_POINT ( 'NONE',  ( -0.7499999999988640198, 0.4330127018905560177, 1.136136335481320092 ) ) ;
#87 = ORIENTED_EDGE ( 'NONE', *, *, #1718, .T. ) ;
#88 = APPROVAL_STATUS ( 'not_yet_approved' ) ;
#89 =( BOUNDED_CURVE ( )  B_SPLINE_CURVE ( 2, ( #1826, #490, #659, #1507, #810, #2202, #1337 ),
 .UNSPECIFIED., .F., .F. ) 
 B_SPLINE_CURVE_WITH_KNOTS ( ( 3, 2, 2, 3 ),
 ( 0.2857142857142855319, 0.3095238095238009857, 0.3333333333333164950, 0.3571428571428320042 ),
 .UNSPECIFIED. ) 
 CURVE ( )  GEOMETRIC_REPRESENTATION_ITEM ( )  RATIONAL_B_SPLINE_CURVE ( ( 1.000000000000000000, 0.8660254037844389297, 1.000000000000000000, 0.8660254037844389297, 1.000000000000000000, 0.8660254037845809272, 0.9999999999998580025 ) ) 
 REPRESENTATION_ITEM ( '' )  );
#90 = CARTESIAN_POINT ( 'NONE',  ( -1.370482772134728577, -0.4132063725434035328, -1.137490989629970972 ) ) ;
#91 = VERTEX_POINT ( 'NONE', #1382 ) ;
#92 = DIRECTION ( 'NONE',  ( -1.998401444325255583E-14, -1.000000000000000000, -1.460058925613812533E-14 ) ) ;
#93 = EDGE_CURVE ( 'NONE', #1210, #1607, #2017, .T. ) ;
#94 = CARTESIAN_POINT ( 'NONE',  ( -0.6836985920700796582, 1.107567593191789213, 1.182311337756177583 ) ) ;
#95 = APPROVAL_STATUS ( 'not_yet_approved' ) ;
#96 = CARTESIAN_POINT ( 'NONE',  ( 1.340554720515269693, 0.4476640896639426104, 1.104118295466697042 ) ) ;
#97 = CARTESIAN_POINT ( 'NONE',  ( 8.993697625496048843E-13, 1.335575141689494094, 1.158131364192059864 ) ) ;
#98 = CARTESIAN_POINT ( 'NONE',  ( 1.299038105676582067, 0.7500000000003680389, 0.2322287670661895287 ) ) ;
#99 = CARTESIAN_POINT ( 'NONE',  ( -0.6785254037813833738, 1.175240473578527789, -1.455271232933891934 ) ) ;
#100 = ORIENTED_EDGE ( 'NONE', *, *, #192, .T. ) ;
#101 = DATE_TIME_ROLE ( 'classification_date' ) ;
#102 = CARTESIAN_POINT ( 'NONE',  ( 1.552577510999244975E-12, -3.781697177629439971E-13, 1.086074802290726060 ) ) ;
#103 = ORIENTED_EDGE ( 'NONE', *, *, #192, .F. ) ;
#104 = CARTESIAN_POINT ( 'NONE',  ( 1.162264728904459996E-13, 3.851086116668509730E-13, -1.253062100398215861 ) ) ;
#105 = CARTESIAN_POINT ( 'NONE',  ( 0.1790337412780347304, 1.421001257776605131, -1.147884001266331833 ) ) ;
#106 = CARTESIAN_POINT ( 'NONE',  ( -3.428678470230914832E-13, -1.316353874335419949, 1.171590240490632207 ) ) ;
#107 = CARTESIAN_POINT ( 'NONE',  ( 5.585809592645319854E-13, 1.499999999998889999, 0.3155621003985145112 ) ) ;
#108 = CARTESIAN_POINT ( 'NONE',  ( 1.017788105677529975, -0.5876202367892099376, -0.6636045662674621148 ) ) ;
#109 = VECTOR ( 'NONE', #778, 1000.000000000000000 ) ;
#110 = ORIENTED_EDGE ( 'NONE', *, *, #339, .T. ) ;
#111 = EDGE_LOOP ( 'NONE', ( #100, #648, #477 ) ) ;
#112 = AXIS2_PLACEMENT_3D ( 'NONE', #435, #82, #610 ) ;
#113 = CARTESIAN_POINT ( 'NONE',  ( -1.293639767608635083, -0.6930951243954156515, -1.101286467573639571 ) ) ;
#114 = VECTOR ( 'NONE', #2205, 1000.000000000000000 ) ;
#115 = ORIENTED_EDGE ( 'NONE', *, *, #1663, .T. ) ;
#116 = CARTESIAN_POINT ( 'NONE',  ( 0.7500000000011199930, 0.4330127018918885073, 0.3155621003982925221 ) ) ;
#117 = CARTESIAN_POINT ( 'NONE',  ( -1.229467229131988359, -0.09249973976498640504, 1.230075640828717676 ) ) ;
#118 = CARTESIAN_POINT ( 'NONE',  ( 0.7500000000011199930, 0.4330127018918885073, 0.3155621003982925221 ) ) ;
#119 = CARTESIAN_POINT ( 'NONE',  ( 0.6785254037878497568, -1.175240473582368717, -1.705271232932481285 ) ) ;
#120 = CARTESIAN_POINT ( 'NONE',  ( -0.6785254037816477179, 1.175240473576149247, -0.4552712329338872710 ) ) ;
#121 = VERTEX_POINT ( 'NONE', #1907 ) ;
#122 = CARTESIAN_POINT ( 'NONE',  ( 0.6785254037873890143, 1.175240473580514200, 0.4613954337328693422 ) ) ;
#123 = DIRECTION ( 'NONE',  ( -1.489724667855159955E-14, -1.450971739288174193E-14, 1.000000000000000000 ) ) ;
#124 = ORIENTED_EDGE ( 'NONE', *, *, #1282, .F. ) ;
#125 = DIRECTION ( 'NONE',  ( -1.489724667855784102E-14, -1.484481399661612197E-14, -1.000000000000000000 ) ) ;
#126 = CARTESIAN_POINT ( 'NONE',  ( -1.017788105675270005, 0.5876202367899420187, 1.086395433734509863 ) ) ;
#127 = DIRECTION ( 'NONE',  ( 0.8660254037844387076, 2.376758983256884917E-14, 0.4999999999999998890 ) ) ;
#128 = CARTESIAN_POINT ( 'NONE',  ( -1.732050807566652972, -3.196925466112675779E-12, -0.5594378996006564853 ) ) ;
#129 = CARTESIAN_POINT ( 'NONE',  ( -1.017788105675707877, -0.5876202367901539603, -1.330271232931224068 ) ) ;
#130 = CARTESIAN_POINT ( 'NONE',  ( -1.017788105677007948, 0.5876202367897649381, -1.913604566265824980 ) ) ;
#131 = ORIENTED_EDGE ( 'NONE', *, *, #993, .T. ) ;
#132 = CARTESIAN_POINT ( 'NONE',  ( -1.357050807566147599, -6.489999066544531590E-13, 0.1280621003998118346 ) ) ;
#133 = EDGE_CURVE ( 'NONE', #945, #734, #1064, .T. ) ;
#134 = CARTESIAN_POINT ( 'NONE',  ( 5.013350845572970483E-13, 1.500000000000839995, -0.2469378996015070271 ) ) ;
#135 = EDGE_CURVE ( 'NONE', #299, #1240, #290, .T. ) ;
#136 = ORIENTED_EDGE ( 'NONE', *, *, #838, .F. ) ;
#137 = FACE_OUTER_BOUND ( 'NONE', #441, .T. ) ;
#138 = CARTESIAN_POINT ( 'NONE',  ( 1.017788105679129806, 0.5876202367903859969, 0.9197287670658080838 ) ) ;
#139 = CARTESIAN_POINT ( 'NONE',  ( -0.8660254037818369000, -1.499999999999690248, 0.02389543373317161434 ) ) ;
#140 = CARTESIAN_POINT ( 'NONE',  ( 1.017788105677255972, 0.5876202367907750190, -0.01777123293411619898 ) ) ;
#141 = ORIENTED_EDGE ( 'NONE', *, *, #1300, .T. ) ;
#142 = LINE ( 'NONE', #1339, #114 ) ;
#143 = CARTESIAN_POINT ( 'NONE',  ( -1.017788105676281862, 0.5876202367897199741, 0.1488954337345859968 ) ) ;
#144 = CARTESIAN_POINT ( 'NONE',  ( 1.732050807570735929, -1.025580099404566895E-12, 0.6280621003998789753 ) ) ;
#145 = CARTESIAN_POINT ( 'NONE',  ( 8.344019919448440105E-13, 1.175240473581191880, -0.9969378996018689598 ) ) ;
#146 = CARTESIAN_POINT ( 'NONE',  ( 0.7500000000006539214, 0.1339745961984979972, 1.054894473123608512 ) ) ;
#147 = VECTOR ( 'NONE', #1654, 1000.000000000000000 ) ;
#148 = CARTESIAN_POINT ( 'NONE',  ( 8.625045122556688660E-14, -1.499999999999632072, -1.253062100398239842 ) ) ;
#149 = VERTEX_POINT ( 'NONE', #1095 ) ;
#150 = VECTOR ( 'NONE', #578, 1000.000000000000000 ) ;
#151 = ORIENTED_EDGE ( 'NONE', *, *, #203, .T. ) ;
#152 = CARTESIAN_POINT ( 'NONE',  ( -0.8249422374535650970, 0.8511858449818742178, -1.393124924601587988 ) ) ;
#153 = CARTESIAN_POINT ( 'NONE',  ( 1.017788105679299893, 0.5876202367889949985, 1.419728767065864039 ) ) ;
#154 = AXIS2_PLACEMENT_3D ( 'NONE', #1065, #1594, #51 ) ;
#155 = CARTESIAN_POINT ( 'NONE',  ( 7.427392034580189495E-14, -1.500000000001654898, -0.4344378995974265134 ) ) ;
#156 = CARTESIAN_POINT ( 'NONE',  ( 1.299038105680262012, 0.7499999999997610800, 1.669728767066170017 ) ) ;
#157 = CARTESIAN_POINT ( 'NONE',  ( -1.299038105676340038, 0.7500000000000940359, 0.3363954337345930190 ) ) ;
#158 = CARTESIAN_POINT ( 'NONE',  ( -0.6785254037815117156, -1.175240473579802991, 0.7738954337328548538 ) ) ;
#159 = CARTESIAN_POINT ( 'NONE',  ( -0.6785254037816478290, 1.175240473576149247, -0.4552712329338872710 ) ) ;
#160 =( BOUNDED_SURFACE ( )  B_SPLINE_SURFACE ( 1, 2, ( 
 ( #494, #663, #510, #1175, #1709, #1197, #1374, #350, #858, #1549, #331, #2208, #1892, #1699, #1529, #1011, #1560, #341, #175, #1019, #1902, #840, #2047, #2231, #7, #2072, #484, #166, #2221, #1186, #520, #689, #19, #473, #1871, #1207, #1029, #1002, #1730, #849, #652, #188, #1349, #1882, #1540, #698, #869, #2025, #1163, #1855, #675, #1361, #2060, #306, #989, #319, #1682, #144, #826, #1514, #2037, #187, #1162, #483, #6, #1891, #1528, #2207, #1185, #651, #1539, #174, #1851, #1679, #2054, #2203, #864, #2033, #2066, #1555, #1338, #1017, #156, #1546, #823 ),
 ( #171, #181, #1, #660, #1195, #1508, #1369, #1171, #164, #1868, #315, #1182, #13, #670, #329, #506, #837, #646, #855, #998, #1695, #1878, #685, #1523, #1024, #1203, #2044, #2023, #516, #1714, #1356, #491, #1009, #1898, #1534, #1325, #1725, #846, #2227, #470, #1705, #1889, #338, #1158, #303, #986, #140, #1740, #1234, #2101, #195, #237, #2077, #1048, #735, #357, #56, #712, #36, #1928, #554, #400, #1083, #1748, #545, #1403, #1782, #895, #1413, #377, #1574, #2110, #2089, #1059, #1244, #1424, #1257, #1772, #1071, #388, #2121, #883, #918, #1608, #214 ) ),
 .UNSPECIFIED., .F., .F., .F. ) 
 B_SPLINE_SURFACE_WITH_KNOTS ( ( 2, 2 ),
 ( 3, 2, 2, 2, 2, 2, 2, 2, 2, 2, 2, 2, 2, 2, 2, 2, 2, 2, 2, 2, 2, 2, 2, 2, 2, 2, 2, 2, 2, 2, 2, 2, 2, 2, 2, 2, 2, 2, 2, 2, 2, 2, 3 ),
 ( 0.000000000000000000, 1.000000000000000000 ),
 ( 0.000000000000000000, 0.02380952380952379779, 0.04761904761904759559, 0.07142857142857139685, 0.09523809523809519118, 0.1190476190476189994, 0.1428571428571430157, 0.1666666666666665186, 0.1904761904761904934, 0.2142857142857144959, 0.2380952380952379988, 0.2619047619047619735, 0.2857142857142855319, 0.3095238095238094789, 0.3333333333333335369, 0.3571428571428569843, 0.3809523809523809867, 0.4047619047619049892, 0.4285714285714284921, 0.4523809523809519950, 0.4761904761904759975, 0.5000000000000000000, 0.5238095238095240580, 0.5476190476190480050, 0.5714285714285709528, 0.5952380952380950108, 0.6190476190476190688, 0.6428571428571430157, 0.6666666666666670737, 0.6904761904761910207, 0.7142857142857139685, 0.7380952380952380265, 0.7619047619047620845, 0.7857142857142859205, 0.8095238095238089793, 0.8333333333333330373, 0.8571428571428569843, 0.8809523809523809312, 0.9047619047619049892, 0.9285714285714290472, 0.9523809523809519950, 0.9761904761904759420, 1.000000000000000000 ),
 .UNSPECIFIED. ) 
 GEOMETRIC_REPRESENTATION_ITEM ( )  RATIONAL_B_SPLINE_SURFACE ( (
 ( 1.000000000000000000, 0.8660254037844389297, 1.000000000000000000, 0.8660254037844389297, 1.000000000000000000, 0.8660254037844389297, 1.000000000000000000, 0.8660254037844389297, 1.000000000000000000, 0.8660254037844389297, 1.000000000000000000, 0.8660254037844389297, 1.000000000000000000, 0.8660254037844389297, 1.000000000000000000, 0.8660254037844389297, 1.000000000000000000, 0.8660254037844389297, 1.000000000000000000, 0.8660254037844389297, 1.000000000000000000, 0.8660254037844389297, 1.000000000000000000, 0.8660254037844389297, 1.000000000000000000, 0.8660254037844389297, 1.000000000000000000, 0.8660254037844389297, 1.000000000000000000, 0.8660254037844389297, 1.000000000000000000, 0.8660254037844389297, 1.000000000000000000, 0.8660254037844389297, 1.000000000000000000, 0.8660254037844389297, 1.000000000000000000, 0.8660254037844389297, 1.000000000000000000, 0.8660254037844389297, 1.000000000000000000, 0.8660254037844389297, 1.000000000000000000, 0.8660254037844389297, 1.000000000000000000, 0.8660254037844389297, 1.000000000000000000, 0.8660254037844389297, 1.000000000000000000, 0.8660254037844389297, 1.000000000000000000, 0.8660254037844389297, 1.000000000000000000, 0.8660254037844389297, 1.000000000000000000, 0.8660254037844389297, 1.000000000000000000, 0.8660254037844389297, 1.000000000000000000, 0.8660254037844389297, 1.000000000000000000, 0.8660254037844389297, 1.000000000000000000, 0.8660254037844389297, 1.000000000000000000, 0.8660254037844389297, 1.000000000000000000, 0.8660254037844389297, 1.000000000000000000, 0.8660254037844389297, 1.000000000000000000, 0.8660254037844389297, 1.000000000000000000, 0.8660254037844389297, 1.000000000000000000, 0.8660254037844389297, 1.000000000000000000, 0.8660254037844389297, 1.000000000000000000, 0.8660254037844389297, 1.000000000000000000, 0.8660254037844389297, 1.000000000000000000, 0.8660254037844389297, 1.000000000000000000),
 ( 1.000000000000000000, 0.8660254037844389297, 1.000000000000000000, 0.8660254037844389297, 1.000000000000000000, 0.8660254037844389297, 1.000000000000000000, 0.8660254037844389297, 1.000000000000000000, 0.8660254037844389297, 1.000000000000000000, 0.8660254037844389297, 1.000000000000000000, 0.8660254037844389297, 1.000000000000000000, 0.8660254037844389297, 1.000000000000000000, 0.8660254037844389297, 1.000000000000000000, 0.8660254037844389297, 1.000000000000000000, 0.8660254037844389297, 1.000000000000000000, 0.8660254037844389297, 1.000000000000000000, 0.8660254037844389297, 1.000000000000000000, 0.8660254037844389297, 1.000000000000000000, 0.8660254037844389297, 1.000000000000000000, 0.8660254037844389297, 1.000000000000000000, 0.8660254037844389297, 1.000000000000000000, 0.8660254037844389297, 1.000000000000000000, 0.8660254037844389297, 1.000000000000000000, 0.8660254037844389297, 1.000000000000000000, 0.8660254037844389297, 1.000000000000000000, 0.8660254037844389297, 1.000000000000000000, 0.8660254037844389297, 1.000000000000000000, 0.8660254037844389297, 1.000000000000000000, 0.8660254037844389297, 1.000000000000000000, 0.8660254037844389297, 1.000000000000000000, 0.8660254037844389297, 1.000000000000000000, 0.8660254037844389297, 1.000000000000000000, 0.8660254037844389297, 1.000000000000000000, 0.8660254037844389297, 1.000000000000000000, 0.8660254037844389297, 1.000000000000000000, 0.8660254037844389297, 1.000000000000000000, 0.8660254037844389297, 1.000000000000000000, 0.8660254037844389297, 1.000000000000000000, 0.8660254037844389297, 1.000000000000000000, 0.8660254037844389297, 1.000000000000000000, 0.8660254037844389297, 1.000000000000000000, 0.8660254037844389297, 1.000000000000000000, 0.8660254037844389297, 1.000000000000000000, 0.8660254037844389297, 1.000000000000000000, 0.8660254037844389297, 1.000000000000000000, 0.8660254037844389297, 1.000000000000000000) ) ) 
 REPRESENTATION_ITEM ( '' )  SURFACE ( )  );
#161 = CARTESIAN_POINT ( 'NONE',  ( -1.261342973019170755, 0.3810708773464672183, -1.251426522825245469 ) ) ;
#162 = CYLINDRICAL_SURFACE ( 'NONE', #1620, 1.500000000000000000 ) ;
#163 = CARTESIAN_POINT ( 'NONE',  ( 1.889113865338745349E-12, 1.175240473579812095, 0.5030621003981879946 ) ) ;
#164 = CARTESIAN_POINT ( 'NONE',  ( 1.017788105676919796, -0.5876202367898140100, -1.601104566267494977 ) ) ;
#165 = CARTESIAN_POINT ( 'NONE',  ( 1.357050807570891138, -1.145765267303539362E-12, 0.9405621003998003715 ) ) ;
#166 = CARTESIAN_POINT ( 'NONE',  ( -1.732050807566579254, -5.123894324759540821E-12, -0.6219378996006400540 ) ) ;
#167 = CARTESIAN_POINT ( 'NONE',  ( 1.357050807572801165, -4.811412888222207075E-12, -0.1219378996010863914 ) ) ;
#168 = CARTESIAN_POINT ( 'NONE',  ( -1.167122528193536013, 0.5517034301259055029, -1.278383044502868771 ) ) ;
#169 = DIRECTION ( 'NONE',  ( -1.489724667854980095E-14, 1.484481399661556346E-14, 1.000000000000000000 ) ) ;
#170 = CARTESIAN_POINT ( 'NONE',  ( 1.017788105677192023, -0.5876202367902749746, 0.3363954337325389954 ) ) ;
#171 = CARTESIAN_POINT ( 'NONE',  ( 5.429684479807410244E-13, 1.175240473579650002, -1.934437899601570088 ) ) ;
#172 = CARTESIAN_POINT ( 'NONE',  ( -1.299038105674414023, -0.7499999999993139932, 0.4197287670701375095 ) ) ;
#173 = CARTESIAN_POINT ( 'NONE',  ( -0.6785254037816997874, 1.175240473577560341, -0.9552712329338890473 ) ) ;
#174 = CARTESIAN_POINT ( 'NONE',  ( 0.8660254037857327836, 1.499999999999041433, 1.211395433733705840 ) ) ;
#175 = CARTESIAN_POINT ( 'NONE',  ( 5.013350845572970483E-13, -1.500000000000284883, -0.9969378995972608681 ) ) ;
#176 = CARTESIAN_POINT ( 'NONE',  ( -0.6710686280952833371, -1.042591654850041349, -1.329624717445174298 ) ) ;
#177 = CARTESIAN_POINT ( 'NONE',  ( -0.4892177149798446756, 0.5835754243457424995, 1.054360489970421533 ) ) ;
#178 = CC_DESIGN_DATE_AND_TIME_ASSIGNMENT ( #2112, #1246, ( #2178 ) ) ;
#179 = LOCAL_TIME ( 18, 50, 28.00000000000000000, #1122 ) ;
#180 = CARTESIAN_POINT ( 'NONE',  ( -0.8660254037817930461, 1.499999999997641442, -0.1427712329339659580 ) ) ;
#181 = CARTESIAN_POINT ( 'NONE',  ( -0.6785254037813199801, 1.175240473577112255, -1.892771232933910586 ) ) ;
#182 = ORIENTED_EDGE ( 'NONE', *, *, #1707, .T. ) ;
#183 = CIRCLE ( 'NONE', #3, 1.085663594743865978 ) ;
#184 = CARTESIAN_POINT ( 'NONE',  ( 1.528526898513894883E-12, -1.085663594744106009, 1.253062100398735890 ) ) ;
#185 = CARTESIAN_POINT ( 'NONE',  ( 1.017788105677192023, -0.5876202367902749746, 0.3363954337325389954 ) ) ;
#186 = CARTESIAN_POINT ( 'NONE',  ( 0.3545417959345400494, 1.304381293586168056, 1.146962596883260188 ) ) ;
#187 = CARTESIAN_POINT ( 'NONE',  ( -0.8660254037820332984, 1.499999999999815037, 0.7947287670660544423 ) ) ;
#188 = CARTESIAN_POINT ( 'NONE',  ( -0.8660254037818738704, -1.500000000004616307, -0.03860456626681269682 ) ) ;
#189 = CARTESIAN_POINT ( 'NONE',  ( -1.163325848092911396, 0.2157050247963102629, -1.389531712616986825 ) ) ;
#190 = FACE_OUTER_BOUND ( 'NONE', #807, .T. ) ;
#191 = EDGE_LOOP ( 'NONE', ( #1479, #1256, #1778 ) ) ;
#192 = EDGE_CURVE ( 'NONE', #1642, #2116, #780, .T. ) ;
#193 = CARTESIAN_POINT ( 'NONE',  ( -1.299038105675354160, -0.7500000000005869749, -1.017771232929841840 ) ) ;
#194 = CARTESIAN_POINT ( 'NONE',  ( -0.8660254037814767436, 1.499999999999172662, -0.6427712329339676511 ) ) ;
#195 = CARTESIAN_POINT ( 'NONE',  ( -1.017788105676281862, 0.5876202367897199741, 0.1488954337345859968 ) ) ;
#196 = CARTESIAN_POINT ( 'NONE',  ( 0.7611113232196448086, -1.057436305575116364, -1.268846858313155135 ) ) ;
#197 = CARTESIAN_POINT ( 'NONE',  ( -0.6785254037816477179, 1.175240473576149247, -0.4552712329338872710 ) ) ;
#198 = CARTESIAN_POINT ( 'NONE',  ( 1.162264728904459996E-13, 3.851086116668509730E-13, -1.253062100398215861 ) ) ;
#199 = CARTESIAN_POINT ( 'NONE',  ( -1.160582457857419314, -0.3297213064127007542, -1.365522038760357271 ) ) ;
#200 = CARTESIAN_POINT ( 'NONE',  ( 1.161709617400221819E-13, 1.499999999999169997, 0.7530621003985780160 ) ) ;
#201 = ORIENTED_EDGE ( 'NONE', *, *, #607, .F. ) ;
#202 = CARTESIAN_POINT ( 'NONE',  ( -1.299038105675354160, -0.7500000000005869749, -1.017771232929841840 ) ) ;
#203 = EDGE_CURVE ( 'NONE', #1688, #1852, #1835, .T. ) ;
#204 = CARTESIAN_POINT ( 'NONE',  ( 1.244969893027271679, 0.5706324714955205435, -1.199376266928464441 ) ) ;
#205 = CARTESIAN_POINT ( 'NONE',  ( -1.017788105675992094, 0.5876202367908169855, 0.08639543373450959962 ) ) ;
#206 = CARTESIAN_POINT ( 'NONE',  ( -1.357050807567119710, -1.241913401622717528E-13, 0.1905621003997964580 ) ) ;
#207 = B_SPLINE_CURVE_WITH_KNOTS ( 'NONE', 3,
 ( #2127, #242, #1614, #2115, #1231, #2106, #232, #1441, #1571, #1249, #1745, #2139, #1264 ),
 .UNSPECIFIED., .F., .F.,
 ( 4, 2, 2, 1, 2, 2, 4 ),
 ( 0.000000000000000000, 0.2500000000000000000, 0.3750000000000000555, 0.4375000000000001665, 0.4687500000000002220, 0.5000000000000002220, 1.000000000000000000 ),
 .UNSPECIFIED. ) ;
#208 = CARTESIAN_POINT ( 'NONE',  ( -1.180947619563953888, 0.1215330213586232055, -1.385222920537670044 ) ) ;
#209 = CARTESIAN_POINT ( 'NONE',  ( 0.7500000000011199930, 0.4330127018918885073, 0.3155621003982925221 ) ) ;
#210 = ORIENTED_EDGE ( 'NONE', *, *, #949, .T. ) ;
#211 = CARTESIAN_POINT ( 'NONE',  ( -1.357050807566099415, -4.362721594732708465E-12, -1.309437899600210509 ) ) ;
#212 = CARTESIAN_POINT ( 'NONE',  ( -0.8660254037812802341, 1.499999999999881872, -1.142771232933970538 ) ) ;
#213 = AXIS2_PLACEMENT_3D ( 'NONE', #102, #1606, #1793 ) ;
#214 = CARTESIAN_POINT ( 'NONE',  ( 2.265548859625710065E-12, 1.175240473578981870, 1.565562100398155021 ) ) ;
#215 = EDGE_CURVE ( 'NONE', #1852, #1595, #2154, .T. ) ;
#216 = CARTESIAN_POINT ( 'NONE',  ( 1.206490214182430742, 0.6563607885038045264, -1.196156929404232905 ) ) ;
#217 = CARTESIAN_POINT ( 'NONE',  ( 1.017788105679080068, 0.5876202367911079749, -0.08027123293419261008 ) ) ;
#218 = VECTOR ( 'NONE', #85, 1000.000000000000114 ) ;
#219 = CARTESIAN_POINT ( 'NONE',  ( 1.084463249337189739, -1.006301261357439136, 1.057408468620902431 ) ) ;
#220 = AXIS2_PLACEMENT_3D ( 'NONE', #1894, #2211, #21 ) ;
#221 = CARTESIAN_POINT ( 'NONE',  ( -0.9137022800016469937, -0.8218514262894901501, -1.343430571012791397 ) ) ;
#222 = CONICAL_SURFACE ( 'NONE', #1579, 0.8219473594427930685, 0.7853981633974518317 ) ;
#223 = CARTESIAN_POINT ( 'NONE',  ( 0.6173598944788515341, 0.5095925025205069181, 1.082514581804270071 ) ) ;
#224 = EDGE_LOOP ( 'NONE', ( #755, #903, #1276 ) ) ;
#225 = CARTESIAN_POINT ( 'NONE',  ( 1.379105163401562044E-12, -1.175240473579981959, -0.1844378995977115077 ) ) ;
#226 = CARTESIAN_POINT ( 'NONE',  ( 0.8660254037861738752, -1.499999999999493738, 1.107228767069885489 ) ) ;
#227 = CARTESIAN_POINT ( 'NONE',  ( 6.060429935572829692E-14, -1.500000000002164935, 0.5655621004025659371 ) ) ;
#228 = CARTESIAN_POINT ( 'NONE',  ( 0.8940418143540787010, -0.9532995379891829879, -1.262149660647209348 ) ) ;
#229 = DIRECTION ( 'NONE',  ( 0.000000000000000000, 0.000000000000000000, 1.000000000000000000 ) ) ;
#230 = CARTESIAN_POINT ( 'NONE',  ( 1.441709738838379495, -0.01108691978908433844, 1.089134589218770710 ) ) ;
#231 = CARTESIAN_POINT ( 'NONE',  ( -0.6785254037813199801, 1.175240473577112255, -1.892771232933910586 ) ) ;
#232 = CARTESIAN_POINT ( 'NONE',  ( -0.3719109916046524078, -1.115218090134319384, 1.253071581235999821 ) ) ;
#233 = B_SPLINE_CURVE_WITH_KNOTS ( 'NONE', 3,
 ( #1592, #189, #208, #1230, #1764, #20, #870, #1386, #690, #199, #1042, #1375, #557, #1720, #530, #381, #1551, #1063, #1913, #1219, #31, #1209, #1561, #221, #371, #351, #1030, #176, #1744, #2073, #8, #362, #1893, #859, #342, #707, #2095, #1052, #1752 ),
 .UNSPECIFIED., .F., .F.,
 ( 4, 2, 2, 2, 2, 2, 2, 2, 1, 1, 1, 2, 2, 2, 2, 2, 1, 1, 2, 2, 2, 4 ),
 ( 0.000000000000000000, 0.1250000000000069389, 0.1875000000000104083, 0.2187500000000121569, 0.2500000000000138778, 0.3750000000000208722, 0.4375000000000244804, 0.4687500000000263123, 0.4843750000000272560, 0.4921875000000278111, 0.4960937500000281442, 0.4980468750000283662, 0.5000000000000285327, 0.6250000000000196509, 0.6875000000000153211, 0.7187500000000131006, 0.7343750000000121014, 0.7421875000000116573, 0.7460937500000114353, 0.7500000000000112133, 0.8750000000000055511, 1.000000000000000000 ),
 .UNSPECIFIED. ) ;
#234 = ORIENTED_EDGE ( 'NONE', *, *, #1480, .F. ) ;
#235 = DIRECTION ( 'NONE',  ( 1.489724667855100002E-14, -1.506676319129329932E-14, -1.000000000000000000 ) ) ;
#236 = ORIENTED_EDGE ( 'NONE', *, *, #1857, .F. ) ;
#237 = CARTESIAN_POINT ( 'NONE',  ( -1.357050807567119710, -1.241913401622717528E-13, 0.1905621003997964580 ) ) ;
#238 = CARTESIAN_POINT ( 'NONE',  ( 1.313728697181340221, -0.2546394806429173596, -1.231459183032453497 ) ) ;
#239 = APPROVAL_ROLE ( '' ) ;
#240 = CARTESIAN_POINT ( 'NONE',  ( 1.220553879456239832, -0.8190293423301099329, 1.064050562661935206 ) ) ;
#241 = CARTESIAN_POINT ( 'NONE',  ( -1.017788105676384003, 0.5876202367898799572, -0.8511045662654149746 ) ) ;
#242 = CARTESIAN_POINT ( 'NONE',  ( -0.06108761447029265046, -1.175240473580295930, 1.253062100402316137 ) ) ;
#243 = VERTEX_POINT ( 'NONE', #1997 ) ;
#244 = CARTESIAN_POINT ( 'NONE',  ( -0.6785254037818521100, -1.175240473587684908, -0.2261045662671500034 ) ) ;
#245 = EDGE_CURVE ( 'NONE', #2120, #833, #420, .T. ) ;
#246 =( BOUNDED_CURVE ( )  B_SPLINE_CURVE ( 2, ( #200, #1582, #405, #879, #1053, #1239, #550 ),
 .UNSPECIFIED., .F., .T. ) 
 B_SPLINE_CURVE_WITH_KNOTS ( ( 3, 2, 2, 3 ),
 ( 0.7142857142857419461, 0.7380952380952500169, 0.7619047619047580877, 0.7857142857142659365 ),
 .UNSPECIFIED. ) 
 CURVE ( )  GEOMETRIC_REPRESENTATION_ITEM ( )  RATIONAL_B_SPLINE_CURVE ( ( 0.9999999999998430145, 0.8660254037845949160, 1.000000000000000000, 0.8660254037844389297, 1.000000000000000000, 0.8660254037845519504, 0.9999999999998869793 ) ) 
 REPRESENTATION_ITEM ( '' )  );
#247 = CARTESIAN_POINT ( 'NONE',  ( -3.428678470230914832E-13, -1.316353874335419949, 1.171590240490632207 ) ) ;
#248 = ORIENTED_EDGE ( 'NONE', *, *, #794, .F. ) ;
#249 = DIRECTION ( 'NONE',  ( -1.489724667854980095E-14, 1.484481399661556346E-14, 1.000000000000000000 ) ) ;
#250 = CARTESIAN_POINT ( 'NONE',  ( 1.048282582623484505, 0.9020843277584341680, -1.185974050082212239 ) ) ;
#251 = LINE ( 'NONE', #899, #604 ) ;
#252 = DIRECTION ( 'NONE',  ( 1.998401444325265049E-14, 1.000000000000000000, 1.467678511451939684E-14 ) ) ;
#253 = CARTESIAN_POINT ( 'NONE',  ( 1.357050807572029782, -2.499851492298632805E-12, -0.5594378996011045713 ) ) ;
#254 = CARTESIAN_POINT ( 'NONE',  ( 1.017788105677295940, 0.5876202367909379998, -1.080271232934082004 ) ) ;
#255 = VERTEX_POINT ( 'NONE', #574 ) ;
#256 = AXIS2_PLACEMENT_3D ( 'NONE', #1117, #2131, #795 ) ;
#257 = EDGE_CURVE ( 'NONE', #1642, #1572, #1107, .T. ) ;
#258 = DIRECTION ( 'NONE',  ( 0.8660254037844252739, 0.5000000000000232037, -5.478987071766003234E-15 ) ) ;
#259 = EDGE_CURVE ( 'NONE', #52, #1221, #1861, .T. ) ;
#260 = ORIENTED_EDGE ( 'NONE', *, *, #1926, .F. ) ;
#261 = CARTESIAN_POINT ( 'NONE',  ( 1.732050807570735929, -3.164876088006281088E-13, 0.6905621003998623220 ) ) ;
#262 = CARTESIAN_POINT ( 'NONE',  ( -0.7671596343450169941, 1.044965306070705813, 1.185995304032466446 ) ) ;
#263 = CARTESIAN_POINT ( 'NONE',  ( 0.000000000000000000, 0.000000000000000000, 0.000000000000000000 ) ) ;
#264 = CARTESIAN_POINT ( 'NONE',  ( 1.192078182439623157, -0.8643750933099109135, 1.062520630123709120 ) ) ;
#265 = CARTESIAN_POINT ( 'NONE',  ( -0.6785254037821525364, 1.175240473577613631, -0.3927712329339027031 ) ) ;
#266 = CARTESIAN_POINT ( 'NONE',  ( -0.7499999999989813704, 0.1339745962302216764, 1.054894473123475507 ) ) ;
#267 = VERTEX_POINT ( 'NONE', #1622 ) ;
#268 = DIRECTION ( 'NONE',  ( -1.998401444325252427E-14, -1.000000000000000000, -1.460058925613812533E-14 ) ) ;
#269 = ORIENTED_EDGE ( 'NONE', *, *, #1058, .F. ) ;
#270 = FACE_OUTER_BOUND ( 'NONE', #616, .T. ) ;
#271 = CARTESIAN_POINT ( 'NONE',  ( -0.7119242583783437217, 1.087479148089853576, 1.183533235662762362 ) ) ;
#272 = CARTESIAN_POINT ( 'NONE',  ( -8.359007930249680711E-13, 1.500000000000225153, -0.1844378996013375238 ) ) ;
#273 = CARTESIAN_POINT ( 'NONE',  ( 0.7500000000006750156, -0.4330127018921139936, 0.3155621003988475226 ) ) ;
#274 = CARTESIAN_POINT ( 'NONE',  ( 1.831565965078104806E-12, -1.500000000002355227, 1.042999838935610102 ) ) ;
#275 = CARTESIAN_POINT ( 'NONE',  ( -1.017788105676595833, 0.5876202367896510292, -0.9136045662654909139 ) ) ;
#276 = ORIENTED_EDGE ( 'NONE', *, *, #1824, .T. ) ;
#277 = CARTESIAN_POINT ( 'NONE',  ( -1.245419522135961854, -0.8038999419037787808, -1.087044770565729790 ) ) ;
#278 = VERTEX_POINT ( 'NONE', #2144 ) ;
#279 = LINE ( 'NONE', #961, #1363 ) ;
#280 = CARTESIAN_POINT ( 'NONE',  ( 1.004197116408008794, 0.9544466541670567628, -1.183513186052344457 ) ) ;
#281 = EDGE_CURVE ( 'NONE', #1370, #2198, #2168, .T. ) ;
#282 = CARTESIAN_POINT ( 'NONE',  ( -0.3418153986538689515, 1.409144617325152504, -1.131142320809851221 ) ) ;
#283 = CARTESIAN_POINT ( 'NONE',  ( -1.017788105676283861, -0.5876202367905389856, 0.2322287670686875027 ) ) ;
#284 = CARTESIAN_POINT ( 'NONE',  ( 1.309716224362490164E-12, 1.175240473581306011, -0.4969378996018130046 ) ) ;
#285 = ORIENTED_EDGE ( 'NONE', *, *, #1964, .T. ) ;
#286 = CARTESIAN_POINT ( 'NONE',  ( 1.357050807571854367, 2.563950248511420268E-13, 0.3780621003989156903 ) ) ;
#287 = AXIS2_PLACEMENT_3D ( 'NONE', #1373, #348, #887 ) ;
#288 = DIRECTION ( 'NONE',  ( -1.887379141862860151E-14, 1.000000000000000000, 0.000000000000000000 ) ) ;
#289 = ORIENTED_EDGE ( 'NONE', *, *, #1326, .F. ) ;
#290 = LINE ( 'NONE', #758, #147 ) ;
#291 = CARTESIAN_POINT ( 'NONE',  ( 0.8660254037879824285, 1.499999999995071276, -1.726104566266964735 ) ) ;
#292 = CARTESIAN_POINT ( 'NONE',  ( -1.170763463202281862, -0.9377168619740280375, -1.068885259039641822 ) ) ;
#293 = CARTESIAN_POINT ( 'NONE',  ( 0.6785254037863729382, -1.175240473580317913, 1.357228767068282993 ) ) ;
#294 = ADVANCED_FACE ( 'NONE', ( #929 ), #1837, .T. ) ;
#295 = VERTEX_POINT ( 'NONE', #1437 ) ;
#296 = CARTESIAN_POINT ( 'NONE',  ( 1.017788105677295940, 0.5876202367909379998, -1.080271232934082004 ) ) ;
#297 = ADVANCED_FACE ( 'NONE', ( #1277 ), #1120, .T. ) ;
#298 = FACE_OUTER_BOUND ( 'NONE', #1968, .T. ) ;
#299 = VERTEX_POINT ( 'NONE', #1813 ) ;
#300 = DIRECTION ( 'NONE',  ( -1.489724667855784102E-14, -1.484481399661612197E-14, -1.000000000000000000 ) ) ;
#301 = CARTESIAN_POINT ( 'NONE',  ( 1.299038105677936095, 0.7500000000001501022, -1.267771232933645909 ) ) ;
#302 = CARTESIAN_POINT ( 'NONE',  ( 5.013350845572970483E-13, -1.500000000000284883, -0.9969378995972608681 ) ) ;
#303 = CARTESIAN_POINT ( 'NONE',  ( 1.017788105677195798, -0.5876202367902649826, -0.1011045662674403961 ) ) ;
#304 = DIRECTION ( 'NONE',  ( 1.000000000000000000, -1.986154976333860323E-14, 1.489724667855129979E-14 ) ) ;
#305 = CARTESIAN_POINT ( 'NONE',  ( -1.017788105675107913, 0.5876202367891479872, 1.148895433734919980 ) ) ;
#306 = CARTESIAN_POINT ( 'NONE',  ( -0.8660254037819812289, -1.499999999998533173, 0.4613954337331897526 ) ) ;
#307 = CARTESIAN_POINT ( 'NONE',  ( 0.6785254037870726007, 1.175240473579560518, -0.03860456626713318351 ) ) ;
#308 = CARTESIAN_POINT ( 'NONE',  ( 1.876970801006904872E-12, 1.175240473579650002, 1.065562100398099954 ) ) ;
#309 = CARTESIAN_POINT ( 'NONE',  ( -1.334971674174044498, 0.1838718366176270158, -1.221312136482189281 ) ) ;
#310 = ORIENTED_EDGE ( 'NONE', *, *, #1451, .T. ) ;
#311 = EDGE_LOOP ( 'NONE', ( #1992, #1665, #1687, #455, #201, #779, #2183, #1499 ) ) ;
#312 = CARTESIAN_POINT ( 'NONE',  ( -0.5769188539395099236, 1.023891989767506061, -1.393644785462555991 ) ) ;
#313 = CARTESIAN_POINT ( 'NONE',  ( 1.017788105678419930, 0.5876202367909280078, 0.4197287670658634839 ) ) ;
#314 = DIRECTION ( 'NONE',  ( 1.931788062847750292E-14, 1.000000000000000000, 1.484481399661452216E-14 ) ) ;
#315 = CARTESIAN_POINT ( 'NONE',  ( 1.017788105677700061, 0.5876202367913229141, -1.517771232933730063 ) ) ;
#316 = ORIENTED_EDGE ( 'NONE', *, *, #1492, .F. ) ;
#317 = CARTESIAN_POINT ( 'NONE',  ( -1.272916456028315713, 0.7573772899155364335, -1.089777359172892091 ) ) ;
#318 = CARTESIAN_POINT ( 'NONE',  ( 1.357050807571447804, -2.624042832460908016E-12, -0.05943789960110223286 ) ) ;
#319 = CARTESIAN_POINT ( 'NONE',  ( 0.8660254037868205801, -1.499999999999493738, 0.5447287670679766824 ) ) ;
#320 = CARTESIAN_POINT ( 'NONE',  ( 0.6785254037869362653, 1.175240473580260181, 0.9613954337337687894 ) ) ;
#321 = AXIS2_PLACEMENT_3D ( 'NONE', #1295, #786, #1828 ) ;
#322 = APPROVAL_PERSON_ORGANIZATION ( #1432, #68, #744 ) ;
#323 = CARTESIAN_POINT ( 'NONE',  ( -1.230629395579246443, 0.4425272818014569509, -1.261127189135249793 ) ) ;
#324 = AXIS2_PLACEMENT_3D ( 'NONE', #1335, #1520, #668 ) ;
#325 = CYLINDRICAL_SURFACE ( 'NONE', #1004, 1.500000000000000000 ) ;
#326 = CARTESIAN_POINT ( 'NONE',  ( -0.8660254037817816108, -1.500000000001040945, -1.476104566266449813 ) ) ;
#327 = CONICAL_SURFACE ( 'NONE', #2050, 1.500000000000000000, 0.9599310885968779239 ) ;
#328 = ADVANCED_FACE ( 'NONE', ( #270 ), #948, .T. ) ;
#329 = CARTESIAN_POINT ( 'NONE',  ( -1.017788105675141885, 0.5876202367898240020, -1.351104566265691975 ) ) ;
#330 = CARTESIAN_POINT ( 'NONE',  ( 1.379105163401562044E-12, -1.175240473579981959, -0.1844378995977115077 ) ) ;
#331 = CARTESIAN_POINT ( 'NONE',  ( 1.299038105677929877, 0.7500000000000319744, -1.330271232933722070 ) ) ;
#332 = CARTESIAN_POINT ( 'NONE',  ( -0.3971087704404139274, 1.261052621773615989, 1.170938958912578487 ) ) ;
#333 = CARTESIAN_POINT ( 'NONE',  ( -1.387352181315723021, -0.2459610782550426256, -1.160051673363744040 ) ) ;
#334 = ORIENTED_EDGE ( 'NONE', *, *, #949, .F. ) ;
#335 = DIRECTION ( 'NONE',  ( -1.489724667855159955E-14, -1.460058925613764254E-14, 1.000000000000000000 ) ) ;
#336 = CARTESIAN_POINT ( 'NONE',  ( -0.6785254037818486683, 1.175240473580449585, 0.5447287670661175030 ) ) ;
#337 = B_SPLINE_CURVE_WITH_KNOTS ( 'NONE', 3,
 ( #1464, #1647, #282, #964, #2011, #987, #1726, #1327, #317, #4, #1853, #1547 ),
 .UNSPECIFIED., .F., .F.,
 ( 4, 2, 2, 2, 2, 4 ),
 ( 0.000000000000000000, 0.2500000000000000555, 0.5000000000000001110, 0.6250000000000001110, 0.7500000000000002220, 1.000000000000000000 ),
 .UNSPECIFIED. ) ;
#338 = CARTESIAN_POINT ( 'NONE',  ( 1.379105163401562044E-12, -1.175240473579981959, -0.1844378995977115077 ) ) ;
#339 = EDGE_CURVE ( 'NONE', #1801, #255, #183, .T. ) ;
#340 = CARTESIAN_POINT ( 'NONE',  ( 1.017788105678419930, 0.5876202367909280078, 0.4197287670658634839 ) ) ;
#341 = CARTESIAN_POINT ( 'NONE',  ( -0.8660254037810840577, -1.499999999998724798, -1.038604566266432272 ) ) ;
#342 = CARTESIAN_POINT ( 'NONE',  ( -0.4348072286791383467, -1.178476066072082995, -1.318049961685167970 ) ) ;
#343 = DIRECTION ( 'NONE',  ( 1.489724667855159955E-14, 1.462286480193725962E-14, -1.000000000000000000 ) ) ;
#344 = CARTESIAN_POINT ( 'NONE',  ( 1.162264728904459996E-13, 3.851086116668509730E-13, -1.253062100398215861 ) ) ;
#345 = CARTESIAN_POINT ( 'NONE',  ( -1.299038105676070032, -0.7500000000004070078, -0.01777123292984184727 ) ) ;
#346 = DIRECTION ( 'NONE',  ( 1.931788062847750292E-14, 1.000000000000000000, 1.484481399661452216E-14 ) ) ;
#347 = CARTESIAN_POINT ( 'NONE',  ( 1.384309333829492061E-12, -1.175240473579981959, -0.2469378995977880020 ) ) ;
#348 = DIRECTION ( 'NONE',  ( -1.489724667855159955E-14, -1.460058925613764254E-14, 1.000000000000000000 ) ) ;
#349 = EDGE_CURVE ( 'NONE', #734, #584, #279, .T. ) ;
#350 = CARTESIAN_POINT ( 'NONE',  ( 0.8660254037878069022, -1.500000000001870504, -1.455271232931776293 ) ) ;
#351 = CARTESIAN_POINT ( 'NONE',  ( -0.7766034069444121002, -0.9608112932952584950, -1.335318297986219482 ) ) ;
#352 = ORIENTED_EDGE ( 'NONE', *, *, #631, .T. ) ;
#353 = CARTESIAN_POINT ( 'NONE',  ( 3.885780586188049911E-13, -2.706168622523820077E-13, -1.746937899601009869 ) ) ;
#354 = ORIENTED_EDGE ( 'NONE', *, *, #1575, .T. ) ;
#355 = LOCAL_TIME ( 18, 50, 28.00000000000000000, #442 ) ;
#356 = CARTESIAN_POINT ( 'NONE',  ( 8.205242041370299576E-13, 1.499999999998888001, -1.184437899601432198 ) ) ;
#357 = CARTESIAN_POINT ( 'NONE',  ( 0.6785254037863150955, -1.175240473578073042, 0.3572287670673823246 ) ) ;
#358 = VECTOR ( 'NONE', #2032, 1000.000000000000000 ) ;
#359 = CARTESIAN_POINT ( 'NONE',  ( 1.252889542890659014, 0.5513002437853192772, -1.200109567941158195 ) ) ;
#360 = CARTESIAN_POINT ( 'NONE',  ( -0.6785254037817135542, -1.175240473583585743, -0.2886045662671345435 ) ) ;
#361 = CARTESIAN_POINT ( 'NONE',  ( 6.470518565393490462E-13, -1.175240473580700051, 0.3155621004022334808 ) ) ;
#362 = CARTESIAN_POINT ( 'NONE',  ( -0.5551318856242164479, -1.114486112547105279, -1.323807092094957394 ) ) ;
#363 = CARTESIAN_POINT ( 'NONE',  ( -7.116945921511681162E-13, -1.499999999999560130, -0.4969378995973930402 ) ) ;
#364 = ORIENTED_EDGE ( 'NONE', *, *, #459, .T. ) ;
#365 = ADVANCED_FACE ( 'NONE', ( #456 ), #67, .F. ) ;
#366 = B_SPLINE_CURVE_WITH_KNOTS ( 'NONE', 3,
 ( #86, #2150, #266, #1660 ),
 .UNSPECIFIED., .F., .F.,
 ( 4, 4 ),
 ( 0.000000000000000000, 1.000000000000000000 ),
 .UNSPECIFIED. ) ;
#367 = CARTESIAN_POINT ( 'NONE',  ( 1.732050807571503981, -3.517419247176604107E-12, -0.8719378996001287963 ) ) ;
#368 = CARTESIAN_POINT ( 'NONE',  ( 1.302906504448201330, 0.4029654262832909617, -1.205751370449377191 ) ) ;
#369 = CARTESIAN_POINT ( 'NONE',  ( 1.357050807572801165, -4.811412888222207075E-12, -0.1219378996010863914 ) ) ;
#370 = CARTESIAN_POINT ( 'NONE',  ( -1.017788105675107913, 0.5876202367891479872, 1.148895433734919980 ) ) ;
#371 = CARTESIAN_POINT ( 'NONE',  ( -0.8171963513026132553, -0.9222222726922718605, -1.337667781959008151 ) ) ;
#372 = DIRECTION ( 'NONE',  ( -2.466477627556640361E-14, -0.7071067811865560104, 0.7071067811865391350 ) ) ;
#373 = VERTEX_POINT ( 'NONE', #478 ) ;
#374 = CARTESIAN_POINT ( 'NONE',  ( 0.7500000000011199930, 0.4330127018918885073, 0.3155621003982925221 ) ) ;
#375 = EDGE_LOOP ( 'NONE', ( #1442, #481, #775, #872 ) ) ;
#376 = CARTESIAN_POINT ( 'NONE',  ( 1.264613413987091968E-12, -1.500000000001060041, -0.9344378995972959512 ) ) ;
#377 = CARTESIAN_POINT ( 'NONE',  ( 1.357050807570891138, -1.145765267303539362E-12, 0.9405621003998003715 ) ) ;
#378 = CARTESIAN_POINT ( 'NONE',  ( 0.9502028038722712955, -0.9013292876781062724, -1.259202818086157860 ) ) ;
#379 = CARTESIAN_POINT ( 'NONE',  ( 1.017788105677521981, -0.5876202367904840296, 0.8363954337324839283 ) ) ;
#380 = CARTESIAN_POINT ( 'NONE',  ( 0.6785254037866940147, -1.175240473579489020, 0.8572287670682825489 ) ) ;
#381 = CARTESIAN_POINT ( 'NONE',  ( -0.9953186303860673823, -0.7057658322875224322, -1.349264903127039616 ) ) ;
#382 = CARTESIAN_POINT ( 'NONE',  ( 1.162264728904459996E-13, 3.851086116668509730E-13, -1.253062100398215861 ) ) ;
#383 = ORIENTED_EDGE ( 'NONE', *, *, #257, .F. ) ;
#384 = FACE_OUTER_BOUND ( 'NONE', #1562, .T. ) ;
#385 = CARTESIAN_POINT ( 'NONE',  ( -0.8660254037817768369, 1.499999999999946487, 0.8572287670660390102 ) ) ;
#386 = ADVANCED_FACE ( 'NONE', ( #1322 ), #657, .T. ) ;
#387 = AXIS2_PLACEMENT_3D ( 'NONE', #465, #1833, #288 ) ;
#388 = CARTESIAN_POINT ( 'NONE',  ( 0.6785254037863729382, -1.175240473580317913, 1.357228767068282993 ) ) ;
#389 = CARTESIAN_POINT ( 'NONE',  ( 1.346140976694327751, -0.02942647085574724708, -1.222549715477980303 ) ) ;
#390 = APPROVAL_PERSON_ORGANIZATION ( #2146, #969, #1940 ) ;
#391 = CLOSED_SHELL ( 'NONE', ( #1396, #80, #2065, #1736, #1045, #403, #1591, #760, #415, #529, #29, #2163, #1341, #25, #1966, #50, #294, #952, #515, #882, #365, #647, #392, #1634, #1447, #653, #502, #386, #328, #444, #297, #1073, #679, #1659, #1593, #575, #1937, #2234, #1421 ) ) ;
#392 = ADVANCED_FACE ( 'NONE', ( #1848 ), #503, .F. ) ;
#393 = CARTESIAN_POINT ( 'NONE',  ( 1.145716558459974665, -0.9297489274104542289, 1.060253558619816960 ) ) ;
#394 = AXIS2_PLACEMENT_3D ( 'NONE', #2215, #300, #844 ) ;
#395 = CARTESIAN_POINT ( 'NONE',  ( 8.255895966733218290E-14, -1.500000000001060041, -0.9344378995973530166 ) ) ;
#396 = AXIS2_PLACEMENT_3D ( 'NONE', #521, #1570, #1238 ) ;
#397 = ORIENTED_EDGE ( 'NONE', *, *, #419, .T. ) ;
#398 = CARTESIAN_POINT ( 'NONE',  ( 0.7228872439663979188, -1.314318847357719866, 1.042999838937574086 ) ) ;
#399 = ORIENTED_EDGE ( 'NONE', *, *, #93, .T. ) ;
#400 = CARTESIAN_POINT ( 'NONE',  ( -0.6785254037826512485, 1.175240473580008604, 0.6072287670661019598 ) ) ;
#401 = CARTESIAN_POINT ( 'NONE',  ( 1.169061731602586640, -0.6211518434464985416, -1.246396281031059594 ) ) ;
#402 = CARTESIAN_POINT ( 'NONE',  ( 1.223225368103273869, -0.8146898520123210252, 1.064199359428253500 ) ) ;
#403 = ADVANCED_FACE ( 'NONE', ( #137 ), #1504, .F. ) ;
#404 = CARTESIAN_POINT ( 'NONE',  ( 8.187894806610530495E-13, -1.175240473581469880, -1.184437899597600152 ) ) ;
#405 = CARTESIAN_POINT ( 'NONE',  ( -1.299038105673844035, 0.7500000000004759526, 0.8363954337346489742 ) ) ;
#406 = EDGE_LOOP ( 'NONE', ( #276, #917, #2007, #131 ) ) ;
#407 = CARTESIAN_POINT ( 'NONE',  ( 1.046038256014013870E-12, 1.175240473581532052, -0.4344378996018470329 ) ) ;
#408 = SHAPE_DEFINITION_REPRESENTATION ( #1723, #622 ) ;
#409 = CARTESIAN_POINT ( 'NONE',  ( -1.358308346468551031, -0.4798151099552088739, -1.128708822265991785 ) ) ;
#410 = EDGE_LOOP ( 'NONE', ( #1268, #694, #269, #1628, #605 ) ) ;
#411 = DIRECTION ( 'NONE',  ( 1.489724667855159955E-14, 1.458034679888346219E-14, -1.000000000000000000 ) ) ;
#412 = DIRECTION ( 'NONE',  ( -1.998401444325255583E-14, -1.000000000000000000, -1.450971739288202592E-14 ) ) ;
#413 = CARTESIAN_POINT ( 'NONE',  ( 1.218501004909016583, -0.8223373267091128591, 1.063936355700146885 ) ) ;
#414 = CARTESIAN_POINT ( 'NONE',  ( 0.6785254037880413813, 1.175240473580380085, -1.476104566267156137 ) ) ;
#415 = ADVANCED_FACE ( 'NONE', ( #1367 ), #1544, .F. ) ;
#416 = CARTESIAN_POINT ( 'NONE',  ( -0.6785254037814493211, -1.175240473584162837, -0.7886045662671362644 ) ) ;
#417 = ORIENTED_EDGE ( 'NONE', *, *, #133, .F. ) ;
#418 = CARTESIAN_POINT ( 'NONE',  ( 1.046038256014013870E-12, 1.175240473580803968, -0.9344378996017920214 ) ) ;
#419 = EDGE_CURVE ( 'NONE', #1607, #1996, #1141, .T. ) ;
#420 = B_SPLINE_CURVE_WITH_KNOTS ( 'NONE', 3,
 ( #1974, #1806, #1289, #972 ),
 .UNSPECIFIED., .F., .F.,
 ( 4, 4 ),
 ( 0.001216023338943548028, 0.001438934540809820107 ),
 .UNSPECIFIED. ) ;
#421 = CARTESIAN_POINT ( 'NONE',  ( 1.831565965078109653E-12, -1.500000000002290168, 1.042999838935654067 ) ) ;
#422 = VERTEX_POINT ( 'NONE', #2063 ) ;
#423 = CARTESIAN_POINT ( 'NONE',  ( -0.7499999999989760413, 0.4330127018908960235, 0.3155621004012345021 ) ) ;
#424 = CARTESIAN_POINT ( 'NONE',  ( 1.118882965732321155, 0.8053191538074008227, -1.190225422019357771 ) ) ;
#425 = CARTESIAN_POINT ( 'NONE',  ( 1.388510447543907622, -0.4289714878213610749, 1.076167111911043417 ) ) ;
#426 = AXIS2_PLACEMENT_3D ( 'NONE', #874, #1038, #1566 ) ;
#427 = LINE ( 'NONE', #811, #1188 ) ;
#428 = CARTESIAN_POINT ( 'NONE',  ( -0.6785254037819007378, -1.175240473582886080, -1.726104566267286033 ) ) ;
#429 = AXIS2_PLACEMENT_3D ( 'NONE', #643, #125, #1192 ) ;
#430 = CARTESIAN_POINT ( 'NONE',  ( 1.054711873393899925E-12, 1.175240473580147826, -1.496937899601591848 ) ) ;
#431 = ORIENTED_EDGE ( 'NONE', *, *, #1827, .F. ) ;
#432 = AXIS2_PLACEMENT_3D ( 'NONE', #1972, #2142, #1982 ) ;
#433 = FACE_OUTER_BOUND ( 'NONE', #1410, .T. ) ;
#434 = EDGE_LOOP ( 'NONE', ( #1934, #1503, #1288, #947, #1842, #1044, #507, #1303, #210, #1738, #748, #1766, #1025, #2167, #1621, #364 ) ) ;
#435 = CARTESIAN_POINT ( 'NONE',  ( 1.861358289723114820E-12, -2.334937798664785176E-12, 1.042999838935632084 ) ) ;
#436 = CARTESIAN_POINT ( 'NONE',  ( -1.233466666731223960, -0.05639822801259952029, 1.228727885366856398 ) ) ;
#437 = CALENDAR_DATE ( 2026, 22, 6 ) ;
#438 = CARTESIAN_POINT ( 'NONE',  ( 1.048429241783045418, -1.048174747689847752, 1.055778213348176120 ) ) ;
#439 = CARTESIAN_POINT ( 'NONE',  ( 1.357050807572295570, -3.028666231054116021E-12, -1.059437899601106237 ) ) ;
#440 = CARTESIAN_POINT ( 'NONE',  ( -1.017788105675707877, -0.5876202367901539603, -1.330271232931224068 ) ) ;
#441 = EDGE_LOOP ( 'NONE', ( #1150, #1129, #1971, #656, #709 ) ) ;
#442 = COORDINATED_UNIVERSAL_TIME_OFFSET ( 10, 0, .AHEAD. ) ;
#443 = CARTESIAN_POINT ( 'NONE',  ( 7.233796894823289623E-13, -0.8660254037858310383, 0.3155621004003459906 ) ) ;
#444 = ADVANCED_FACE ( 'NONE', ( #2237 ), #162, .T. ) ;
#445 = ORIENTED_EDGE ( 'NONE', *, *, #215, .T. ) ;
#446 = DIRECTION ( 'NONE',  ( 0.8191520442889898002, 2.397514033452649497E-14, 0.5735764363510488240 ) ) ;
#447 = CARTESIAN_POINT ( 'NONE',  ( 1.105723987577389211, 0.8247384965543193003, -1.189366193494987733 ) ) ;
#448 = DIRECTION ( 'NONE',  ( -1.489724667855784102E-14, -1.484481399661612197E-14, -1.000000000000000000 ) ) ;
#449 = CARTESIAN_POINT ( 'NONE',  ( 4.302114220422480080E-13, 1.499999999999672040, -0.6844378996014869321 ) ) ;
#450 = CARTESIAN_POINT ( 'NONE',  ( 0.6785254037859248522, 1.175240473581661726, 1.523895433733498894 ) ) ;
#451 = CARTESIAN_POINT ( 'NONE',  ( -1.357050807566152484, -5.063801740810052972E-12, -0.8719378996001923010 ) ) ;
#452 = DIRECTION ( 'NONE',  ( 1.998401444325259369E-14, 1.000000000000000000, 1.458034679888376196E-14 ) ) ;
#453 = SECURITY_CLASSIFICATION_LEVEL ( 'unclassified' ) ;
#454 = LINE ( 'NONE', #148, #1286 ) ;
#455 = ORIENTED_EDGE ( 'NONE', *, *, #1118, .F. ) ;
#456 = FACE_OUTER_BOUND ( 'NONE', #522, .T. ) ;
#457 = FACE_OUTER_BOUND ( 'NONE', #803, .T. ) ;
#458 = CARTESIAN_POINT ( 'NONE',  ( 1.732050807570603146, -1.217876368042925145E-12, -0.3094378996001417859 ) ) ;
#459 = EDGE_CURVE ( 'NONE', #1471, #2120, #1148, .T. ) ;
#460 = CARTESIAN_POINT ( 'NONE',  ( -1.017788105674110044, 0.5876202367904910240, -1.413604566265770135 ) ) ;
#461 = CARTESIAN_POINT ( 'NONE',  ( 1.017788105678919974, 0.5876202367903730073, -1.580271232933694980 ) ) ;
#462 = VERTEX_POINT ( 'NONE', #312 ) ;
#463 = CARTESIAN_POINT ( 'NONE',  ( -0.6785254037816997874, 1.175240473577560341, -0.9552712329338890473 ) ) ;
#464 = AXIS2_PLACEMENT_3D ( 'NONE', #1601, #1416, #738 ) ;
#465 = CARTESIAN_POINT ( 'NONE',  ( -0.7499999999989760413, 0.4330127018908960235, 0.3155621004012345021 ) ) ;
#466 = ORIENTED_EDGE ( 'NONE', *, *, #993, .F. ) ;
#467 = DIRECTION ( 'NONE',  ( -1.000000000000000000, 0.000000000000000000, 1.489724667855784102E-14 ) ) ;
#468 = CARTESIAN_POINT ( 'NONE',  ( 0.6785254037870726007, 1.175240473579560518, -0.03860456626713318351 ) ) ;
#469 = CARTESIAN_POINT ( 'NONE',  ( -0.8660254037824386408, 1.499999999996524336, -0.1427712329339038966 ) ) ;
#470 = CARTESIAN_POINT ( 'NONE',  ( -1.357050807566302586, -2.948542785788131011E-12, -0.3094378996002059012 ) ) ;
#471 = CARTESIAN_POINT ( 'NONE',  ( 1.017788105677741806, -0.5876202367925899006, 0.3988954337325045230 ) ) ;
#472 = EDGE_CURVE ( 'NONE', #462, #1014, #1035, .T. ) ;
#473 = CARTESIAN_POINT ( 'NONE',  ( 1.732050807571561490, -4.102320397618267582E-12, -0.3719378996001264093 ) ) ;
#474 = CARTESIAN_POINT ( 'NONE',  ( -0.6785254037825335649, -1.175240473578911704, 0.2113954337328678990 ) ) ;
#475 = CARTESIAN_POINT ( 'NONE',  ( 1.357050807570891360, -1.145765267303539362E-12, 0.9405621003998003715 ) ) ;
#476 = CARTESIAN_POINT ( 'NONE',  ( -1.386987428744548057, -0.1300816881190191843, -1.176080094615160387 ) ) ;
#477 = ORIENTED_EDGE ( 'NONE', *, *, #1056, .T. ) ;
#478 = CARTESIAN_POINT ( 'NONE',  ( -1.490329546594910015, 0.1700524699696540076, -1.068885259039419999 ) ) ;
#479 = CARTESIAN_POINT ( 'NONE',  ( 1.357050807570560735, -1.342067708205194499E-12, 1.378062100399817913 ) ) ;
#480 = CARTESIAN_POINT ( 'NONE',  ( 1.463861915751973920E-13, 1.500000000000405009, -1.253062100398193879 ) ) ;
#481 = ORIENTED_EDGE ( 'NONE', *, *, #349, .T. ) ;
#482 = CARTESIAN_POINT ( 'NONE',  ( 1.017788105677914112, -0.5876202367924300285, 1.398895433732506133 ) ) ;
#483 = CARTESIAN_POINT ( 'NONE',  ( -1.732050807567334427, 7.211110073938369219E-13, 0.8780621003993667184 ) ) ;
#484 = CARTESIAN_POINT ( 'NONE',  ( -1.299038105675781818, 0.7500000000023699931, -0.6636045662654080912 ) ) ;
#485 = CARTESIAN_POINT ( 'NONE',  ( -1.261781565987576625, -0.1650111668142958399, -1.360237374577791369 ) ) ;
#486 = EDGE_CURVE ( 'NONE', #625, #2162, #808, .T. ) ;
#487 = CARTESIAN_POINT ( 'NONE',  ( -1.383291067401310803, -0.3190513880892934528, -1.150074539543254559 ) ) ;
#488 = DIRECTION ( 'NONE',  ( -1.489724667855159955E-14, -1.460058925613764254E-14, 1.000000000000000000 ) ) ;
#489 = CARTESIAN_POINT ( 'NONE',  ( 0.6785254037873890143, 1.175240473580514200, 0.4613954337328693422 ) ) ;
#490 = CARTESIAN_POINT ( 'NONE',  ( -0.8660254037814606454, 1.499999999999182210, -0.7052712329339522190 ) ) ;
#491 = CARTESIAN_POINT ( 'NONE',  ( 0.6785254037871327748, -1.175240473584419298, -0.6427712329326226159 ) ) ;
#492 = CARTESIAN_POINT ( 'NONE',  ( 1.531014549485995054E-12, -1.085663594744244120, 1.086074802290710073 ) ) ;
#493 = CARTESIAN_POINT ( 'NONE',  ( 1.557781681427175194E-12, -1.175240473581802059, -1.746937899597954980 ) ) ;
#494 = CARTESIAN_POINT ( 'NONE',  ( 9.992007221626410883E-13, 1.500000000000385025, -1.746937899601120003 ) ) ;
#495 = CARTESIAN_POINT ( 'NONE',  ( 1.017788105677192023, -0.5876202367902749746, 0.3363954337325389954 ) ) ;
#496 = AXIS2_PLACEMENT_3D ( 'NONE', #353, #1034, #1737 ) ;
#497 = LOCAL_TIME ( 18, 50, 28.00000000000000000, #771 ) ;
#498 = AXIS2_PLACEMENT_3D ( 'NONE', #563, #26, #693 ) ;
#499 = CARTESIAN_POINT ( 'NONE',  ( -0.5769188539395099236, 1.023891989767506061, -1.393644785462555991 ) ) ;
#500 = ORIENTED_EDGE ( 'NONE', *, *, #1565, .F. ) ;
#501 = CIRCLE ( 'NONE', #2056, 0.7499999999999760192 ) ;
#502 = ADVANCED_FACE ( 'NONE', ( #834 ), #325, .T. ) ;
#503 = PLANE ( 'NONE',  #394 ) ;
#504 = CARTESIAN_POINT ( 'NONE',  ( 0.6785254037866292887, -1.175240473581731226, 1.294728767068298314 ) ) ;
#505 = AXIS2_PLACEMENT_3D ( 'NONE', #1664, #123, #1491 ) ;
#506 = CARTESIAN_POINT ( 'NONE',  ( -1.357050807566099415, -4.362721594732708465E-12, -1.309437899600210731 ) ) ;
#507 = ORIENTED_EDGE ( 'NONE', *, *, #1803, .T. ) ;
#508 = LINE ( 'NONE', #633, #713 ) ;
#509 = CARTESIAN_POINT ( 'NONE',  ( 0.6785254037865633414, -1.175240473580248635, 0.2947287670673983673 ) ) ;
#510 = CARTESIAN_POINT ( 'NONE',  ( -1.299038105675447863, 0.7500000000016969759, -1.663604566264629936 ) ) ;
#511 = CARTESIAN_POINT ( 'NONE',  ( -0.07765965268688718171, 1.332290439937893201, 1.160431337119096851 ) ) ;
#512 = CARTESIAN_POINT ( 'NONE',  ( 0.8660254037868528876, 1.500000000000590639, 0.2113954337329319866 ) ) ;
#513 = CARTESIAN_POINT ( 'NONE',  ( -1.112498078248286060, 0.3883078881967922946, -1.394263638780271153 ) ) ;
#514 = CARTESIAN_POINT ( 'NONE',  ( 1.017788105677521981, -0.5876202367904840296, 0.8363954337324839283 ) ) ;
#515 = ADVANCED_FACE ( 'NONE', ( #1702 ), #1896, .F. ) ;
#516 = CARTESIAN_POINT ( 'NONE',  ( -1.017788105676546095, -0.5876202367905979385, -0.7677712329313129969 ) ) ;
#517 = CARTESIAN_POINT ( 'NONE',  ( 0.8660254037868205801, -1.499999999999493738, 0.5447287670679766824 ) ) ;
#518 = CARTESIAN_POINT ( 'NONE',  ( -0.6785254037825336759, -1.175240473578911704, 0.2113954337328678990 ) ) ;
#519 = CYLINDRICAL_SURFACE ( 'NONE', #2130, 1.500000000000000000 ) ;
#520 = CARTESIAN_POINT ( 'NONE',  ( 8.760353553682879866E-13, -1.499999999999560130, -0.4969378995973160462 ) ) ;
#521 = CARTESIAN_POINT ( 'NONE',  ( 0.7500000000011199930, 0.4330127018918885073, 0.3155621003982925221 ) ) ;
#522 = EDGE_LOOP ( 'NONE', ( #595, #609, #1079 ) ) ;
#523 = CARTESIAN_POINT ( 'NONE',  ( 1.495331636292007917E-12, 0.8660254037844430375, 1.136136335478709958 ) ) ;
#524 = CARTESIAN_POINT ( 'NONE',  ( 1.299038105678653965, -0.7500000000015270007, 0.6488954337328100008 ) ) ;
#525 = CARTESIAN_POINT ( 'NONE',  ( 1.732050807571561490, -4.102320397618267582E-12, -0.3719378996001264093 ) ) ;
#526 = CARTESIAN_POINT ( 'NONE',  ( 1.342315663523580893, -0.08121342594163197259, -1.224591216065064270 ) ) ;
#527 = CARTESIAN_POINT ( 'NONE',  ( 8.344019919448440105E-13, 1.175240473581191880, -0.9969378996018689598 ) ) ;
#528 = CARTESIAN_POINT ( 'NONE',  ( -0.6785254037822193718, 1.175240473580712708, 0.1072287670660993092 ) ) ;
#529 = ADVANCED_FACE ( 'NONE', ( #1494 ), #1329, .F. ) ;
#530 = CARTESIAN_POINT ( 'NONE',  ( -1.016115437034208924, -0.6733130688393376140, -1.350835905882177501 ) ) ;
#531 = ORIENTED_EDGE ( 'NONE', *, *, #745, .F. ) ;
#532 = CARTESIAN_POINT ( 'NONE',  ( -1.546420107080039852, -0.3215218046888597692, -1.041575577116211626 ) ) ;
#533 = VERTEX_POINT ( 'NONE', #398 ) ;
#534 = CARTESIAN_POINT ( 'NONE',  ( 1.299038105677605914, 0.7500000000003720357, 1.232228767066633868 ) ) ;
#535 = AXIS2_PLACEMENT_3D ( 'NONE', #63, #582, #1768 ) ;
#536 = CONICAL_SURFACE ( 'NONE', #505, 0.8219473594427930685, 0.7853981633974518317 ) ;
#537 = CARTESIAN_POINT ( 'NONE',  ( 0.4964129075866757224, -1.188445692131888443, -1.280961327663860505 ) ) ;
#538 = CARTESIAN_POINT ( 'NONE',  ( 1.357050807571978934, -1.658555317005822911E-12, -0.6219378996010892502 ) ) ;
#539 = PLANE ( 'NONE',  #1948 ) ;
#540 = DIRECTION ( 'NONE',  ( 1.998401444325265049E-14, 1.000000000000000000, 1.467678511451939684E-14 ) ) ;
#541 = EDGE_CURVE ( 'NONE', #1805, #52, #1444, .T. ) ;
#542 = LINE ( 'NONE', #73, #1696 ) ;
#543 = ORIENTED_EDGE ( 'NONE', *, *, #732, .F. ) ;
#544 = CARTESIAN_POINT ( 'NONE',  ( 1.644517855226014943E-12, -1.500000000001654898, -0.4344378995973510182 ) ) ;
#545 = CARTESIAN_POINT ( 'NONE',  ( -1.017788105674097832, -0.5876202367911460556, 0.7322287670686319361 ) ) ;
#546 = CARTESIAN_POINT ( 'NONE',  ( 0.8666078199868577636, -0.9769615573040405510, -1.263561763713578756 ) ) ;
#547 = CARTESIAN_POINT ( 'NONE',  ( 1.357050807571526185, -4.414801834155600519E-12, -1.121937899601090916 ) ) ;
#548 = CARTESIAN_POINT ( 'NONE',  ( 1.486658018912124084E-12, -2.210037708394450219E-12, 1.222862788906486031 ) ) ;
#549 = CARTESIAN_POINT ( 'NONE',  ( 2.237793284010080142E-13, -1.499999999999779954, 0.003062100402739800168 ) ) ;
#550 = CARTESIAN_POINT ( 'NONE',  ( 5.066780328444869397E-14, -1.500000000000665024, 1.003062100402680068 ) ) ;
#551 = ORIENTED_EDGE ( 'NONE', *, *, #1995, .T. ) ;
#552 = CARTESIAN_POINT ( 'NONE',  ( -1.017788105674051868, -0.5876202367922600533, -1.267771232931260039 ) ) ;
#553 = CARTESIAN_POINT ( 'NONE',  ( -1.732050807566652972, -3.196925466112675779E-12, -0.5594378996006565963 ) ) ;
#554 = CARTESIAN_POINT ( 'NONE',  ( 1.930747228762185084E-12, 1.175240473579429956, 0.5655621003981539108 ) ) ;
#555 = CARTESIAN_POINT ( 'NONE',  ( 1.348537695208899212, 0.05372909306814050573, -1.219286287199831120 ) ) ;
#556 = CARTESIAN_POINT ( 'NONE',  ( 0.4400598902403264900, 1.282316163416162613, 1.144056070241326051 ) ) ;
#557 = CARTESIAN_POINT ( 'NONE',  ( -1.064571760706011450, -0.5875038594967327832, -1.354608793398757394 ) ) ;
#558 = CARTESIAN_POINT ( 'NONE',  ( 0.7500000000025109914, 0.4330127018961660301, 1.136136335476046089 ) ) ;
#559 = ORIENTED_EDGE ( 'NONE', *, *, #245, .F. ) ;
#560 = CARTESIAN_POINT ( 'NONE',  ( -0.8660254037821750739, 1.500000000000579314, 0.3572287670660365122 ) ) ;
#561 = CARTESIAN_POINT ( 'NONE',  ( 1.299038105679312105, 0.7499999999994940714, 0.7322287670662449566 ) ) ;
#562 = ORIENTED_EDGE ( 'NONE', *, *, #1888, .T. ) ;
#563 = CARTESIAN_POINT ( 'NONE',  ( 1.873501354054950046E-12, 5.551115123125779547E-14, 0.3155621003985145112 ) ) ;
#564 = CARTESIAN_POINT ( 'NONE',  ( 0.4559503107559194635, -1.202727723710612651, -1.282705417136194237 ) ) ;
#565 = PERSON_AND_ORGANIZATION ( #18446744073709551615, #18446744073709551615 ) ;
#566 = CARTESIAN_POINT ( 'NONE',  ( 0.7500000000006608047, -0.2783121635113346426, 1.081975093908716490 ) ) ;
#567 = AXIS2_PLACEMENT_3D ( 'NONE', #548, #1206, #1165 ) ;
#568 = CARTESIAN_POINT ( 'NONE',  ( -1.357050807566099415, -4.362721594732708465E-12, -1.309437899600210731 ) ) ;
#569 = CARTESIAN_POINT ( 'NONE',  ( 5.066780328444869397E-14, -1.500000000000665024, 1.003062100402680068 ) ) ;
#570 = ORIENTED_EDGE ( 'NONE', *, *, #1381, .T. ) ;
#571 = CARTESIAN_POINT ( 'NONE',  ( -0.8570299743805481762, 0.8660614879195034366, -1.370848132043682721 ) ) ;
#572 = CARTESIAN_POINT ( 'NONE',  ( -1.170763463202281862, -0.9377168619740280375, -1.068885259039641822 ) ) ;
#573 = ORIENTED_EDGE ( 'NONE', *, *, #1408, .T. ) ;
#574 = CARTESIAN_POINT ( 'NONE',  ( 1.571785776985019904E-12, 1.085663594743625948, 1.253062100398767864 ) ) ;
#575 = ADVANCED_FACE ( 'NONE', ( #384 ), #1070, .F. ) ;
#576 = CARTESIAN_POINT ( 'NONE',  ( -1.033012701891490082, -1.234537672570313843E-13, 1.253062100399009893 ) ) ;
#577 = DIRECTION ( 'NONE',  ( 1.488970983546780038E-14, 1.484481399661612197E-14, 1.000000000000000000 ) ) ;
#578 = DIRECTION ( 'NONE',  ( -1.489724667855100002E-14, 1.506676319129329932E-14, 1.000000000000000000 ) ) ;
#579 = CARTESIAN_POINT ( 'NONE',  ( 0.6785254037871327748, -1.175240473584419298, -0.6427712329326226159 ) ) ;
#580 = CARTESIAN_POINT ( 'NONE',  ( -1.017788105676380006, -0.5876202367911009805, -0.8302712329313899353 ) ) ;
#581 = EDGE_LOOP ( 'NONE', ( #994, #1284, #1556 ) ) ;
#582 = DIRECTION ( 'NONE',  ( 1.489724667855100002E-14, -1.494280018190152212E-14, -1.000000000000000000 ) ) ;
#583 = CARTESIAN_POINT ( 'NONE',  ( -0.7499999999994200195, -0.4330127018929464944, 1.136136335482319959 ) ) ;
#584 = VERTEX_POINT ( 'NONE', #891 ) ;
#585 = CARTESIAN_POINT ( 'NONE',  ( 1.033012701893048169, -8.458654229030020739E-14, 1.253062100398977918 ) ) ;
#586 = CARTESIAN_POINT ( 'NONE',  ( 7.788908407135869912E-13, -1.040834085586083878E-13, 1.253062100398993906 ) ) ;
#587 = CARTESIAN_POINT ( 'NONE',  ( 1.366257708976792884, 0.3746824221396090615, 1.101711212334699042 ) ) ;
#588 = LINE ( 'NONE', #1315, #1698 ) ;
#589 = CARTESIAN_POINT ( 'NONE',  ( 1.046038256014013870E-12, 1.175240473581532052, -0.4344378996018470329 ) ) ;
#590 = EDGE_CURVE ( 'NONE', #462, #1467, #1678, .T. ) ;
#591 = CARTESIAN_POINT ( 'NONE',  ( 0.6785254037866118582, -1.175240473583465839, -0.2052712329326039919 ) ) ;
#592 = ORIENTED_EDGE ( 'NONE', *, *, #2079, .F. ) ;
#593 = CC_DESIGN_PERSON_AND_ORGANIZATION_ASSIGNMENT ( #1457, #1629, ( #927 ) ) ;
#594 = FACE_OUTER_BOUND ( 'NONE', #14, .T. ) ;
#595 = ORIENTED_EDGE ( 'NONE', *, *, #1146, .T. ) ;
#596 = CARTESIAN_POINT ( 'NONE',  ( 0.8660254037873494903, 1.499999999996288080, -0.7886045662670727596 ) ) ;
#597 = CARTESIAN_POINT ( 'NONE',  ( 4.111804420841540451E-13, 1.426742561360341943, -1.142142697683210084 ) ) ;
#598 = PERSON_AND_ORGANIZATION_ROLE ( 'creator' ) ;
#599 = CONICAL_SURFACE ( 'NONE', #1365, 1.033012701892270124, 0.9599310885968830309 ) ;
#600 = CARTESIAN_POINT ( 'NONE',  ( 0.9986759250999316384, 0.9733467427693847096, 1.122930249474168862 ) ) ;
#601 = VECTOR ( 'NONE', #943, 1000.000000000000114 ) ;
#602 = CARTESIAN_POINT ( 'NONE',  ( 1.873501354054950046E-12, 5.551115123125779547E-14, 0.3155621003985145112 ) ) ;
#603 = CARTESIAN_POINT ( 'NONE',  ( -0.1352965599358646465, -0.7879118984866932962, 1.081440670227226786 ) ) ;
#604 = VECTOR ( 'NONE', #127, 1000.000000000000000 ) ;
#605 = ORIENTED_EDGE ( 'NONE', *, *, #1146, .F. ) ;
#606 = CIRCLE ( 'NONE', #321, 0.7499999999999760192 ) ;
#607 = EDGE_CURVE ( 'NONE', #1370, #278, #1176, .T. ) ;
#608 = LINE ( 'NONE', #1433, #109 ) ;
#609 = ORIENTED_EDGE ( 'NONE', *, *, #2185, .F. ) ;
#610 = DIRECTION ( 'NONE',  ( 1.998401444325252427E-14, 1.000000000000000000, 1.460058925613812533E-14 ) ) ;
#611 = CARTESIAN_POINT ( 'NONE',  ( 0.6706402556265853576, 1.242661588862359334, -1.166862591867014354 ) ) ;
#612 = CARTESIAN_POINT ( 'NONE',  ( 1.094610513341364065E-12, -1.175240473580029921, 1.253062100402711820 ) ) ;
#613 = CARTESIAN_POINT ( 'NONE',  ( -1.017788105675215826, -0.5876202367932590320, 1.232228767069131870 ) ) ;
#614 = ORIENTED_EDGE ( 'NONE', *, *, #745, .T. ) ;
#615 = DIRECTION ( 'NONE',  ( -1.489724667855100002E-14, 1.506676319129329932E-14, 1.000000000000000000 ) ) ;
#616 = EDGE_LOOP ( 'NONE', ( #1519, #960, #614, #1101 ) ) ;
#617 = DIRECTION ( 'NONE',  ( 1.998401444325259369E-14, 1.000000000000000000, 1.458034679888376196E-14 ) ) ;
#618 = CARTESIAN_POINT ( 'NONE',  ( -1.233171575235720629, -0.05933632209061376339, 1.228837018252948443 ) ) ;
#619 = CARTESIAN_POINT ( 'NONE',  ( 0.3852906954618158242, -1.500000000000440314, 1.021599407631286871 ) ) ;
#620 = CC_DESIGN_PERSON_AND_ORGANIZATION_ASSIGNMENT ( #776, #1138, ( #927 ) ) ;
#621 = DIRECTION ( 'NONE',  ( -1.489724667855159955E-14, -1.467678511451910023E-14, 1.000000000000000000 ) ) ;
#622 = ADVANCED_BREP_SHAPE_REPRESENTATION ( 'M3X0.5-3-SS304-SET-SCREW_92015A101.STEP', ( #74, #1910 ), #1031 ) ;
#623 = CARTESIAN_POINT ( 'NONE',  ( -1.357050807566302586, -2.948542785788131011E-12, -0.3094378996002059012 ) ) ;
#624 = CARTESIAN_POINT ( 'NONE',  ( -1.357050807566007045, -3.713721688078256821E-12, -1.871937899600196964 ) ) ;
#625 = VERTEX_POINT ( 'NONE', #1516 ) ;
#626 = CARTESIAN_POINT ( 'NONE',  ( -1.017788105676595833, 0.5876202367896510292, -0.9136045662654909139 ) ) ;
#627 = CARTESIAN_POINT ( 'NONE',  ( -1.246633848742767281, 0.4113447746127530946, -1.256188890815491010 ) ) ;
#628 = ORIENTED_EDGE ( 'NONE', *, *, #900, .F. ) ;
#629 = CARTESIAN_POINT ( 'NONE',  ( -0.7499999999993739452, -0.4330127018942264705, 0.3155621004026775145 ) ) ;
#630 = CARTESIAN_POINT ( 'NONE',  ( -1.732050807565544526, -1.734672590008506389E-12, -1.559437899600788269 ) ) ;
#631 = EDGE_CURVE ( 'NONE', #1607, #1604, #2210, .T. ) ;
#632 = PLANE ( 'NONE',  #2164 ) ;
#633 = CARTESIAN_POINT ( 'NONE',  ( 0.7500000000006750156, -0.4330127018921139936, 0.3155621003988475226 ) ) ;
#634 = CARTESIAN_POINT ( 'NONE',  ( -0.6785254037826512485, 1.175240473580008604, 0.6072287670661019598 ) ) ;
#635 = ORIENTED_EDGE ( 'NONE', *, *, #2097, .T. ) ;
#636 = CARTESIAN_POINT ( 'NONE',  ( -1.017788105675980104, 0.5876202367910390301, -0.4136045662654355137 ) ) ;
#637 = AXIS2_PLACEMENT_3D ( 'NONE', #374, #1666, #467 ) ;
#638 = CARTESIAN_POINT ( 'NONE',  ( 0.7500000000025109914, 0.4330127018961660301, 1.136136335476046089 ) ) ;
#639 = VECTOR ( 'NONE', #1643, 1000.000000000000000 ) ;
#640 = CARTESIAN_POINT ( 'NONE',  ( 0.8660254037868887478, -1.499999999999374056, 0.04472876706797394852 ) ) ;
#641 = APPLICATION_CONTEXT ( 'configuration controlled 3d designs of mechanical parts and assemblies' ) ;
#642 = ORIENTED_EDGE ( 'NONE', *, *, #259, .F. ) ;
#643 = CARTESIAN_POINT ( 'NONE',  ( 0.7500000000011199930, 0.4330127018918885073, 0.3155621003982925221 ) ) ;
#644 = CARTESIAN_POINT ( 'NONE',  ( -1.017788105675057952, -0.5876202367911980140, 0.6697287670686670191 ) ) ;
#645 = LINE ( 'NONE', #1133, #358 ) ;
#646 = CARTESIAN_POINT ( 'NONE',  ( -0.6785254037817645134, -1.175240473584927559, -1.226104566267280482 ) ) ;
#647 = ADVANCED_FACE ( 'NONE', ( #1501 ), #539, .F. ) ;
#648 = ORIENTED_EDGE ( 'NONE', *, *, #1020, .F. ) ;
#649 = CARTESIAN_POINT ( 'NONE',  ( -0.7204057297191189813, -1.499999999998986144, -1.031598436431073296 ) ) ;
#650 = CARTESIAN_POINT ( 'NONE',  ( 1.017788105678919974, 0.5876202367903730073, -1.580271232933694980 ) ) ;
#651 = CARTESIAN_POINT ( 'NONE',  ( 1.732050807570909123, -5.849011504416675135E-13, 1.128062100400778256 ) ) ;
#652 = CARTESIAN_POINT ( 'NONE',  ( -1.299038105675454080, -0.7500000000004130030, -0.08027123292991820980 ) ) ;
#653 = ADVANCED_FACE ( 'NONE', ( #1332 ), #519, .T. ) ;
#654 = CARTESIAN_POINT ( 'NONE',  ( 0.6785254037874652866, -1.175240473580188461, 0.7947287670682979810 ) ) ;
#655 = CARTESIAN_POINT ( 'NONE',  ( -1.206293467907906924, 0.4888644704520594408, -1.268328486367420460 ) ) ;
#656 = ORIENTED_EDGE ( 'NONE', *, *, #1310, .F. ) ;
#657 = CYLINDRICAL_SURFACE ( 'NONE', #324, 1.500000000000000000 ) ;
#658 = CARTESIAN_POINT ( 'NONE',  ( 1.017788105677855937, -0.5876202367906019353, 1.336395433732539884 ) ) ;
#659 = CARTESIAN_POINT ( 'NONE',  ( -1.299038105675781818, 0.7500000000023699931, -0.6636045662654080912 ) ) ;
#660 = CARTESIAN_POINT ( 'NONE',  ( -1.357050807566487327, -3.148851398953084449E-12, -1.809437899600211175 ) ) ;
#661 = DIRECTION ( 'NONE',  ( -1.998401444325254951E-14, -1.000000000000000000, -1.484481399661532364E-14 ) ) ;
#662 = CARTESIAN_POINT ( 'NONE',  ( 1.017788105677255972, 0.5876202367907750190, -0.01777123293411619898 ) ) ;
#663 = CARTESIAN_POINT ( 'NONE',  ( -0.8660254037807654237, 1.499999999997498668, -1.705271232933957215 ) ) ;
#664 = CARTESIAN_POINT ( 'NONE',  ( -0.6785254037817758377, 1.175240473580255518, 0.04472876706611510211 ) ) ;
#665 = EDGE_CURVE ( 'NONE', #2198, #1812, #77, .T. ) ;
#666 = DIRECTION ( 'NONE',  ( 0.5000000000000232037, -0.8660254037844253849, -2.030460937480505366E-14 ) ) ;
#667 = CARTESIAN_POINT ( 'NONE',  ( -1.059400271680448702, 0.6934672702845303682, -1.302703114941867746 ) ) ;
#668 = DIRECTION ( 'NONE',  ( -1.998401444325255583E-14, -1.000000000000000000, -1.460058925613812533E-14 ) ) ;
#669 = CARTESIAN_POINT ( 'NONE',  ( 1.719110964693015023E-12, 1.175240473580029921, 1.003062100398131928 ) ) ;
#670 = CARTESIAN_POINT ( 'NONE',  ( -0.6785254037814493211, 1.175240473577756628, -1.392771232933907699 ) ) ;
#671 =( BOUNDED_CURVE ( )  B_SPLINE_CURVE ( 2, ( #1204, #1371, #847, #1159, #999, #673, #1026 ),
 .UNSPECIFIED., .F., .F. ) 
 B_SPLINE_CURVE_WITH_KNOTS ( ( 3, 2, 2, 3 ),
 ( 0.3571428571428384990, 0.3809523809523684967, 0.4047619047618984944, 0.4285714285714284921 ),
 .UNSPECIFIED. ) 
 CURVE ( )  GEOMETRIC_REPRESENTATION_ITEM ( )  RATIONAL_B_SPLINE_CURVE ( ( 1.000000000000105915, 0.8660254037843330144, 1.000000000000000000, 0.8660254037844389297, 1.000000000000000000, 0.8660254037844389297, 1.000000000000000000 ) ) 
 REPRESENTATION_ITEM ( '' )  );
#672 = EDGE_LOOP ( 'NONE', ( #316, #66, #1831, #1154, #1388 ) ) ;
#673 = CARTESIAN_POINT ( 'NONE',  ( 0.8660254037868506671, 1.499999999996343814, -0.7261045662669600720 ) ) ;
#674 = CARTESIAN_POINT ( 'NONE',  ( 0.6785254037870726007, 1.175240473579560518, -0.03860456626713318351 ) ) ;
#675 = CARTESIAN_POINT ( 'NONE',  ( -1.299038105676340038, 0.7500000000000940359, 0.3363954337345930190 ) ) ;
#676 = CARTESIAN_POINT ( 'NONE',  ( -0.6785254037820185324, -1.175240473581534939, 0.7113954337328702859 ) ) ;
#677 = CIRCLE ( 'NONE', #1979, 0.7499999999999760192 ) ;
#678 = DIRECTION ( 'NONE',  ( -1.489724667855159955E-14, -1.460058925613764254E-14, 1.000000000000000000 ) ) ;
#679 = ADVANCED_FACE ( 'NONE', ( #1237 ), #688, .T. ) ;
#680 = FACE_OUTER_BOUND ( 'NONE', #1583, .T. ) ;
#681 = VECTOR ( 'NONE', #2170, 1000.000000000000000 ) ;
#682 = CARTESIAN_POINT ( 'NONE',  ( 0.07681076101367576014, -1.282077258235804207, 1.195590985467993583 ) ) ;
#683 = CARTESIAN_POINT ( 'NONE',  ( 9.228728892196611723E-13, -1.500000000001834977, -1.934437899597520216 ) ) ;
#684 = AXIS2_PLACEMENT_3D ( 'NONE', #1469, #1641, #268 ) ;
#685 = CARTESIAN_POINT ( 'NONE',  ( 1.017788105677185806, 0.5876202367897129797, -1.017771232934005843 ) ) ;
#686 = CARTESIAN_POINT ( 'NONE',  ( -0.8660254037819812289, -1.499999999998533173, 0.4613954337331897526 ) ) ;
#687 = CARTESIAN_POINT ( 'NONE',  ( -1.017788105674769961, -0.5876202367897649381, -0.3302712329313339801 ) ) ;
#688 = CYLINDRICAL_SURFACE ( 'NONE', #287, 1.500000000000000000 ) ;
#689 = CARTESIAN_POINT ( 'NONE',  ( 0.8660254037870839250, -1.500000000002443157, -0.4552712329320281470 ) ) ;
#690 = CARTESIAN_POINT ( 'NONE',  ( -1.177296035080310110, -0.2280184896100949099, -1.369804912084409354 ) ) ;
#691 = DIRECTION ( 'NONE',  ( -1.998401444325255583E-14, -1.000000000000000000, -1.460058925613812533E-14 ) ) ;
#692 = CARTESIAN_POINT ( 'NONE',  ( 0.8660254037867733956, 1.499999999993852251, -0.2261045662670858880 ) ) ;
#693 = DIRECTION ( 'NONE',  ( 1.000000000000000000, 1.887379141862815028E-14, -1.488970983546807175E-14 ) ) ;
#694 = ORIENTED_EDGE ( 'NONE', *, *, #1118, .T. ) ;
#695 = CARTESIAN_POINT ( 'NONE',  ( 1.258367129855496591, -0.4319712274982761557, -1.238491216151808461 ) ) ;
#696 = CARTESIAN_POINT ( 'NONE',  ( 0.6785254037866118582, -1.175240473583465839, -0.2052712329326039919 ) ) ;
#697 = CARTESIAN_POINT ( 'NONE',  ( 0.7500000000006790124, 2.010079804379249842E-14, 1.054894473123608067 ) ) ;
#698 = CARTESIAN_POINT ( 'NONE',  ( 1.732050807571053452, 6.289690453379567045E-13, 0.1280621003998760332 ) ) ;
#699 = CARTESIAN_POINT ( 'NONE',  ( -0.6785254037817680661, -1.175240473581539380, 1.211395433732742610 ) ) ;
#700 = ORIENTED_EDGE ( 'NONE', *, *, #1058, .T. ) ;
#701 = CARTESIAN_POINT ( 'NONE',  ( 1.732050807571053674, 6.289690453379567045E-13, 0.1280621003998760332 ) ) ;
#702 = CARTESIAN_POINT ( 'NONE',  ( 1.299038105678820054, -0.7500000000002540190, -0.3511045662671909984 ) ) ;
#703 = CARTESIAN_POINT ( 'NONE',  ( 0.8660254037865537935, -1.500000000003358425, -0.4552712329320791063 ) ) ;
#704 = CARTESIAN_POINT ( 'NONE',  ( 0.4190582275077139873, -1.214626470902775646, -1.284276943998777343 ) ) ;
#705 = CARTESIAN_POINT ( 'NONE',  ( 0.6785254037865736665, -1.175240473582495504, -0.7052712329326069618 ) ) ;
#706 = CARTESIAN_POINT ( 'NONE',  ( 1.017788105678794075, -0.5876202367921490310, 0.8988954337325610888 ) ) ;
#707 = CARTESIAN_POINT ( 'NONE',  ( -0.3348074404680524419, -1.213251364474532856, -1.313684737376244138 ) ) ;
#708 = DIRECTION ( 'NONE',  ( 1.000000000000000000, 1.887379141862815028E-14, -1.488970983546807175E-14 ) ) ;
#709 = ORIENTED_EDGE ( 'NONE', *, *, #938, .F. ) ;
#710 = B_SPLINE_CURVE_WITH_KNOTS ( 'NONE', 3,
 ( #2217, #1306, #1850, #106 ),
 .UNSPECIFIED., .F., .F.,
 ( 4, 4 ),
 ( 0.000000000000000000, 0.0004679360979141090177 ),
 .UNSPECIFIED. ) ;
#711 = CARTESIAN_POINT ( 'NONE',  ( -0.8660254037822924245, 1.499999999999053868, 0.8572287670660879710 ) ) ;
#712 = CARTESIAN_POINT ( 'NONE',  ( 1.357050807571069218, -1.322036846888698701E-13, 0.4405621003989001472 ) ) ;
#713 = VECTOR ( 'NONE', #346, 1000.000000000000000 ) ;
#714 = CARTESIAN_POINT ( 'NONE',  ( 0.9568407090584178931, -0.8947956826250699214, -1.258845472745716787 ) ) ;
#715 = CARTESIAN_POINT ( 'NONE',  ( 1.017788105677192023, -0.5876202367900459356, -0.1636045662675164880 ) ) ;
#716 = CARTESIAN_POINT ( 'NONE',  ( -1.017788105674602095, 0.5876202367889920009, 0.6488954337345310686 ) ) ;
#717 = EDGE_CURVE ( 'NONE', #1767, #533, #1225, .T. ) ;
#718 = CARTESIAN_POINT ( 'NONE',  ( 5.603156827405089944E-13, -1.500000000000440092, 0.5030621004026850640 ) ) ;
#719 = EDGE_CURVE ( 'NONE', #149, #1370, #1527, .T. ) ;
#720 = CARTESIAN_POINT ( 'NONE',  ( 0.2607822850229750689, 0.7154626813268537555, 1.054360489971785997 ) ) ;
#721 = ORIENTED_EDGE ( 'NONE', *, *, #1703, .F. ) ;
#722 = CARTESIAN_POINT ( 'NONE',  ( -0.6785254037813117645, 1.175240473577821465, -0.8927712329339057007 ) ) ;
#723 = CARTESIAN_POINT ( 'NONE',  ( 0.8660254037868506671, 1.499999999996343814, -0.7261045662669600720 ) ) ;
#724 = CARTESIAN_POINT ( 'NONE',  ( 1.299038105677223998, 0.7499999999995810018, -0.8302712329337770258 ) ) ;
#725 = CARTESIAN_POINT ( 'NONE',  ( 1.245848902506333289, -0.4631003448869832062, -1.239821143364120859 ) ) ;
#726 = APPLICATION_PROTOCOL_DEFINITION ( 'international standard', 'config_control_design', 1994, #1151 ) ;
#727 = CARTESIAN_POINT ( 'NONE',  ( 0.7500000000023500091, -0.4330127018932274918, 1.136136335478932002 ) ) ;
#728 = DIRECTION ( 'NONE',  ( -1.489724667855159955E-14, -1.467678511451910023E-14, 1.000000000000000000 ) ) ;
#729 = CARTESIAN_POINT ( 'NONE',  ( 7.788908407135869912E-13, -1.040834085586083878E-13, 1.253062100398993906 ) ) ;
#730 = ORIENTED_EDGE ( 'NONE', *, *, #1824, .F. ) ;
#731 = CARTESIAN_POINT ( 'NONE',  ( 1.017788105677185806, 0.5876202367897129797, -1.017771232934005843 ) ) ;
#732 = EDGE_CURVE ( 'NONE', #2029, #2198, #1585, .T. ) ;
#733 = CARTESIAN_POINT ( 'NONE',  ( -0.8660254037816809136, -1.500000000004558576, -0.4761045662668305090 ) ) ;
#734 = VERTEX_POINT ( 'NONE', #1086 ) ;
#735 = CARTESIAN_POINT ( 'NONE',  ( 6.470518565393490462E-13, -1.175240473580700051, 0.3155621004022334808 ) ) ;
#736 = CARTESIAN_POINT ( 'NONE',  ( 1.233663037897988479, -0.4920432685579712584, -1.241051005042820732 ) ) ;
#737 = CARTESIAN_POINT ( 'NONE',  ( 0.6785254037860565246, 1.175240473581093514, 1.461395433733514659 ) ) ;
#738 = DIRECTION ( 'NONE',  ( 2.087219286295268737E-14, 1.000000000000000000, 1.467678511451939684E-14 ) ) ;
#739 = CARTESIAN_POINT ( 'NONE',  ( 0.8660254037871010224, -1.499999999998845368, 0.1072287670679581556 ) ) ;
#740 = CARTESIAN_POINT ( 'NONE',  ( 1.495331636292007917E-12, 0.8660254037844430375, 1.136136335478709958 ) ) ;
#741 = VERTEX_POINT ( 'NONE', #1785 ) ;
#742 = CARTESIAN_POINT ( 'NONE',  ( 1.017788105677983834, -0.5876202367928710091, -1.101104566267439910 ) ) ;
#743 =( BOUNDED_CURVE ( )  B_SPLINE_CURVE ( 2, ( #1511, #1899, #157, #1716, #172, #686, #1525 ),
 .UNSPECIFIED., .F., .T. ) 
 B_SPLINE_CURVE_WITH_KNOTS ( ( 3, 2, 2, 3 ),
 ( 0.5714285714285709528, 0.5952380952380950108, 0.6190476190476190688, 0.6428571428571430157 ),
 .UNSPECIFIED. ) 
 CURVE ( )  GEOMETRIC_REPRESENTATION_ITEM ( )  RATIONAL_B_SPLINE_CURVE ( ( 1.000000000000000000, 0.8660254037844389297, 1.000000000000000000, 0.8660254037844389297, 1.000000000000000000, 0.8660254037844389297, 1.000000000000000000 ) ) 
 REPRESENTATION_ITEM ( '' )  );
#744 = APPROVAL_ROLE ( '' ) ;
#745 = EDGE_CURVE ( 'NONE', #1210, #1172, #2137, .T. ) ;
#746 = CARTESIAN_POINT ( 'NONE',  ( -0.8234078741647580246, -0.8385640366150860503, 1.253062100402045909 ) ) ;
#747 = LOCAL_TIME ( 18, 50, 28.00000000000000000, #1791 ) ;
#748 = ORIENTED_EDGE ( 'NONE', *, *, #2132, .T. ) ;
#749 = CARTESIAN_POINT ( 'NONE',  ( 0.7500000000011199930, 0.4330127018918885073, 0.3155621003982925221 ) ) ;
#750 = CARTESIAN_POINT ( 'NONE',  ( -1.141202700375246959, 0.5483564204684662213, 1.206833964948579752 ) ) ;
#751 = CARTESIAN_POINT ( 'NONE',  ( 1.294228162849518249, -0.6853166937694574745, 1.068244437912460487 ) ) ;
#752 = AXIS2_PLACEMENT_3D ( 'NONE', #2187, #1155, #1596 ) ;
#753 = CARTESIAN_POINT ( 'NONE',  ( 1.981054209565515317E-12, -1.175240473579368006, -0.6844378995976559965 ) ) ;
#754 = DIRECTION ( 'NONE',  ( -1.998401444325255583E-14, -1.000000000000000000, -1.460058925613812533E-14 ) ) ;
#755 = ORIENTED_EDGE ( 'NONE', *, *, #2097, .F. ) ;
#756 = CARTESIAN_POINT ( 'NONE',  ( 0.7500000000006790124, 2.010079804379249842E-14, 1.054894473123608067 ) ) ;
#757 = ORIENTED_EDGE ( 'NONE', *, *, #1451, .F. ) ;
#758 = CARTESIAN_POINT ( 'NONE',  ( 7.233796894823289623E-13, -0.8660254037858310383, 0.3155621004003459906 ) ) ;
#759 = CARTESIAN_POINT ( 'NONE',  ( 1.088560477582915409, 0.8499819409649110868, -1.188306238590611796 ) ) ;
#760 = ADVANCED_FACE ( 'NONE', ( #1271 ), #1963, .F. ) ;
#761 = CARTESIAN_POINT ( 'NONE',  ( 1.236326758220509081, -0.7930090641847501454, 1.064931040124489581 ) ) ;
#762 = CARTESIAN_POINT ( 'NONE',  ( -1.299038105674507948, 0.7500000000010309531, -0.6011045662653310417 ) ) ;
#763 = CARTESIAN_POINT ( 'NONE',  ( 5.429684479807410244E-13, 1.175240473579650002, -1.934437899601570088 ) ) ;
#764 = CARTESIAN_POINT ( 'NONE',  ( -0.6785254037821650819, -1.175240473584927559, -1.288604566267267382 ) ) ;
#765 = ORIENTED_EDGE ( 'NONE', *, *, #1618, .T. ) ;
#766 = B_SPLINE_CURVE_WITH_KNOTS ( 'NONE', 3,
 ( #1287, #1821, #1619, #583 ),
 .UNSPECIFIED., .F., .F.,
 ( 4, 4 ),
 ( 0.000000000000000000, 1.000000000000000000 ),
 .UNSPECIFIED. ) ;
#767 = CARTESIAN_POINT ( 'NONE',  ( -0.4322169720199099952, -1.436380342772440200, 1.042999838939794088 ) ) ;
#768 = EDGE_LOOP ( 'NONE', ( #1735, #1916, #1094, #1376, #956, #971, #2107, #1864, #1115, #1387, #1509, #417, #730, #1353, #81 ) ) ;
#769 = CARTESIAN_POINT ( 'NONE',  ( 1.299038105679312105, 0.7499999999994940714, 0.7322287670662449566 ) ) ;
#770 = CARTESIAN_POINT ( 'NONE',  ( 1.032402543126322181, 0.9218056890443059315, -1.185072013931060653 ) ) ;
#771 = COORDINATED_UNIVERSAL_TIME_OFFSET ( 10, 0, .AHEAD. ) ;
#772 = CARTESIAN_POINT ( 'NONE',  ( 1.227207735633641716, -0.8081820864087900791, 1.064421364236991518 ) ) ;
#773 = CARTESIAN_POINT ( 'NONE',  ( 0.8660254037878090116, 1.500000000000013545, 0.2738954337329164712 ) ) ;
#774 = CARTESIAN_POINT ( 'NONE',  ( 1.017788105678854027, -0.5876202367903660129, -1.163604566267406160 ) ) ;
#775 = ORIENTED_EDGE ( 'NONE', *, *, #1803, .F. ) ;
#776 = PERSON_AND_ORGANIZATION ( #18446744073709551615, #18446744073709551615 ) ;
#777 = ORIENTED_EDGE ( 'NONE', *, *, #860, .T. ) ;
#778 = DIRECTION ( 'NONE',  ( -0.8660254037844314912, -8.816718312080188071E-15, 0.5000000000000123235 ) ) ;
#779 = ORIENTED_EDGE ( 'NONE', *, *, #281, .T. ) ;
#780 = LINE ( 'NONE', #1794, #785 ) ;
#781 = CARTESIAN_POINT ( 'NONE',  ( 3.885780586188049911E-13, -2.706168622523820077E-13, -1.746937899601009869 ) ) ;
#782 = AXIS2_PLACEMENT_3D ( 'NONE', #1093, #235, #946 ) ;
#783 = DIRECTION ( 'NONE',  ( -1.000000000000000000, 0.000000000000000000, 1.489724667855784102E-14 ) ) ;
#784 = SECURITY_CLASSIFICATION ( '', '', #453 ) ;
#785 = VECTOR ( 'NONE', #939, 1000.000000000000000 ) ;
#786 = DIRECTION ( 'NONE',  ( 1.488970983546780038E-14, 1.484481399661612197E-14, 1.000000000000000000 ) ) ;
#787 = LINE ( 'NONE', #274, #218 ) ;
#788 = EDGE_CURVE ( 'NONE', #295, #1715, #251, .T. ) ;
#789 = AXIS2_PLACEMENT_3D ( 'NONE', #2157, #1123, #1797 ) ;
#790 = CARTESIAN_POINT ( 'NONE',  ( -0.6785254037807424421, 1.175240473577292777, -1.955271232933895931 ) ) ;
#791 = EDGE_LOOP ( 'NONE', ( #87, #1366, #1524, #248, #2128, #136 ) ) ;
#792 = CALENDAR_DATE ( 2026, 22, 6 ) ;
#793 = AXIS2_PLACEMENT_3D ( 'NONE', #729, #912, #1603 ) ;
#794 = EDGE_CURVE ( 'NONE', #1661, #278, #645, .T. ) ;
#795 = DIRECTION ( 'NONE',  ( -1.998401444325252427E-14, -1.000000000000000000, -1.460058925613812533E-14 ) ) ;
#796 = ORIENTED_EDGE ( 'NONE', *, *, #1775, .F. ) ;
#797 = CARTESIAN_POINT ( 'NONE',  ( 6.060429935572829692E-14, -1.500000000002164935, 0.5655621004025659371 ) ) ;
#798 = CARTESIAN_POINT ( 'NONE',  ( 0.9601988136520588357, 1.001928622410982239, -1.181143447619392495 ) ) ;
#799 = CARTESIAN_POINT ( 'NONE',  ( -0.8234078741647580246, -0.8385640366150860503, 1.253062100402045909 ) ) ;
#800 = CARTESIAN_POINT ( 'NONE',  ( 1.891334311387994854E-12, 1.499999999997682076, 1.042999838935654067 ) ) ;
#801 = CARTESIAN_POINT ( 'NONE',  ( 0.6785254037874526301, 1.175240473578645917, -1.538604566267140594 ) ) ;
#802 = CARTESIAN_POINT ( 'NONE',  ( 8.625045122556688660E-14, -1.499999999999632072, -1.253062100398239842 ) ) ;
#803 = EDGE_LOOP ( 'NONE', ( #1364, #570, #75, #592, #1089, #500, #466, #796 ) ) ;
#804 = CARTESIAN_POINT ( 'NONE',  ( 0.6785254037873774680, 1.175240473580253298, -1.038604566267137930 ) ) ;
#805 = EDGE_CURVE ( 'NONE', #928, #1221, #836, .T. ) ;
#806 = CARTESIAN_POINT ( 'NONE',  ( -8.359007930249680711E-13, 1.500000000000225153, -0.1844378996013375238 ) ) ;
#807 = EDGE_LOOP ( 'NONE', ( #1959, #1754, #1419, #757, #2140 ) ) ;
#808 = LINE ( 'NONE', #1876, #1255 ) ;
#809 = CARTESIAN_POINT ( 'NONE',  ( -0.8660254037812884498, 1.499999999998154587, -1.642771232933972536 ) ) ;
#810 = CARTESIAN_POINT ( 'NONE',  ( -1.299038105675410115, -0.7499999999983669730, -0.5802712329298629346 ) ) ;
#811 = CARTESIAN_POINT ( 'NONE',  ( 4.051045260417839967E-13, 0.8219473594425220631, -1.746937899600994992 ) ) ;
#812 = CARTESIAN_POINT ( 'NONE',  ( 0.6785254037876453648, -1.175240473584936662, -0.1427712329326197571 ) ) ;
#813 = CARTESIAN_POINT ( 'NONE',  ( 1.557781681427175194E-12, -1.175240473581802059, -1.746937899597954980 ) ) ;
#814 = ORIENTED_EDGE ( 'NONE', *, *, #1480, .T. ) ;
#815 = CARTESIAN_POINT ( 'NONE',  ( 1.017788105678419930, 0.5876202367909280078, 0.4197287670658634839 ) ) ;
#816 = CARTESIAN_POINT ( 'NONE',  ( -1.017788105675215826, -0.5876202367932590320, 1.232228767069131870 ) ) ;
#817 = EDGE_CURVE ( 'NONE', #1604, #121, #1302, .T. ) ;
#818 = ORIENTED_EDGE ( 'NONE', *, *, #215, .F. ) ;
#819 = CARTESIAN_POINT ( 'NONE',  ( -1.299038105675454080, -0.7500000000004130030, -0.08027123292991820980 ) ) ;
#820 = CARTESIAN_POINT ( 'NONE',  ( -0.6785254037817680661, -1.175240473581539824, 1.211395433732745053 ) ) ;
#821 = EDGE_CURVE ( 'NONE', #1436, #1471, #710, .T. ) ;
#822 = CARTESIAN_POINT ( 'NONE',  ( -0.8815234165778020881, -0.7936537139882759995, 1.253062100402045909 ) ) ;
#823 = CARTESIAN_POINT ( 'NONE',  ( 2.546574062733955238E-12, 1.499999999998402167, 1.753062100398494971 ) ) ;
#824 = CARTESIAN_POINT ( 'NONE',  ( 5.585809592645319854E-13, 1.499999999998889999, 0.3155621003985145112 ) ) ;
#825 = CARTESIAN_POINT ( 'NONE',  ( 1.017788105678794075, -0.5876202367921490310, 0.8988954337325610888 ) ) ;
#826 = CARTESIAN_POINT ( 'NONE',  ( 1.299038105679593880, 0.7499999999995319300, 0.6697287670661690173 ) ) ;
#827 = CARTESIAN_POINT ( 'NONE',  ( 0.6785254037870207533, 1.175240473579675760, -0.5386045662671359313 ) ) ;
#828 = AXIS2_PLACEMENT_3D ( 'NONE', #1304, #1632, #92 ) ;
#829 = CARTESIAN_POINT ( 'NONE',  ( 0.6785254037863150955, -1.175240473578073042, 0.3572287670673822690 ) ) ;
#830 = CIRCLE ( 'NONE', #256, 1.500000000000000000 ) ;
#831 = CARTESIAN_POINT ( 'NONE',  ( -1.358671483734046337, 0.08986213786576609241, -1.207439687396721695 ) ) ;
#832 = ORIENTED_EDGE ( 'NONE', *, *, #11, .F. ) ;
#833 = VERTEX_POINT ( 'NONE', #612 ) ;
#834 = FACE_OUTER_BOUND ( 'NONE', #1423, .T. ) ;
#835 = CARTESIAN_POINT ( 'NONE',  ( 1.017788105679080068, 0.5876202367911079749, -0.08027123293419261008 ) ) ;
#836 = LINE ( 'NONE', #480, #681 ) ;
#837 = CARTESIAN_POINT ( 'NONE',  ( -1.017788105674051868, -0.5876202367922600533, -1.267771232931260039 ) ) ;
#838 = EDGE_CURVE ( 'NONE', #2078, #1715, #2189, .T. ) ;
#839 = CARTESIAN_POINT ( 'NONE',  ( -0.6785254037826754514, -1.175240473582112255, 1.273895433732729510 ) ) ;
#840 = CARTESIAN_POINT ( 'NONE',  ( 1.732050807571503981, -3.517419247176604107E-12, -0.8719378996001287963 ) ) ;
#841 = CARTESIAN_POINT ( 'NONE',  ( 1.384309333829492061E-12, -1.175240473579981959, -0.2469378995977880020 ) ) ;
#842 = CARTESIAN_POINT ( 'NONE',  ( 6.019490461639520618E-13, -2.810252031082430017E-13, -1.068885259044249914 ) ) ;
#843 = CARTESIAN_POINT ( 'NONE',  ( -1.219226453146483813, 0.4636413267461579335, -1.264491473294018675 ) ) ;
#844 = DIRECTION ( 'NONE',  ( -1.000000000000000000, 0.000000000000000000, 1.489724667855784102E-14 ) ) ;
#845 = CARTESIAN_POINT ( 'NONE',  ( 0.6785254037865633414, -1.175240473580248635, 0.2947287670673983673 ) ) ;
#846 = CARTESIAN_POINT ( 'NONE',  ( -0.6785254037821525364, 1.175240473577613631, -0.3927712329339027031 ) ) ;
#847 = CARTESIAN_POINT ( 'NONE',  ( 1.299038105677944088, -0.7500000000011419754, -0.8511045662671360423 ) ) ;
#848 = CARTESIAN_POINT ( 'NONE',  ( -0.6785254037822193718, 1.175240473580712930, 0.1072287670660993231 ) ) ;
#849 = CARTESIAN_POINT ( 'NONE',  ( -1.732050807566394290, -4.871505472171693309E-12, -0.1219378996006376670 ) ) ;
#850 = B_SPLINE_CURVE_WITH_KNOTS ( 'NONE', 3,
 ( #1407, #1932, #2083, #49, #2114, #1397 ),
 .UNSPECIFIED., .F., .F.,
 ( 4, 2, 4 ),
 ( 0.000000000000000000, 0.5000000000000000000, 1.000000000000000000 ),
 .UNSPECIFIED. ) ;
#851 = CARTESIAN_POINT ( 'NONE',  ( -1.017788105675992094, 0.5876202367908169855, 0.08639543373450959962 ) ) ;
#852 = CARTESIAN_POINT ( 'NONE',  ( -0.7958545716010824167, 0.9221741744392678575, -1.354519283143730712 ) ) ;
#853 = DIRECTION ( 'NONE',  ( -1.998401444325255583E-14, -1.000000000000000000, -1.460058925613812533E-14 ) ) ;
#854 = CARTESIAN_POINT ( 'NONE',  ( -1.732050807565346018, -4.498931451684879792E-12, -2.059437899600789379 ) ) ;
#855 = CARTESIAN_POINT ( 'NONE',  ( 8.187894806610530495E-13, -1.175240473581469880, -1.184437899597600152 ) ) ;
#856 = CARTESIAN_POINT ( 'NONE',  ( 0.8660254037870167565, 1.500000000000194955, 0.7113954337329909672 ) ) ;
#857 = CARTESIAN_POINT ( 'NONE',  ( 4.874572967494830965E-13, -1.175240473580251965, 0.2530621004022680087 ) ) ;
#858 = CARTESIAN_POINT ( 'NONE',  ( 1.299038105677029931, -0.7500000000001950662, -1.413604566267490092 ) ) ;
#859 = CARTESIAN_POINT ( 'NONE',  ( -0.5398696035326886467, -1.122766017087301282, -1.323072365760757263 ) ) ;
#860 = EDGE_CURVE ( 'NONE', #1812, #255, #2197, .T. ) ;
#861 = CARTESIAN_POINT ( 'NONE',  ( -0.7499999999988640198, 0.4330127018905560177, 1.136136335481320092 ) ) ;
#862 = AXIS2_PLACEMENT_3D ( 'NONE', #118, #448, #783 ) ;
#863 = CARTESIAN_POINT ( 'NONE',  ( -0.8660254037823784667, -1.500000000000586198, 0.5238954337331742650 ) ) ;
#864 = CARTESIAN_POINT ( 'NONE',  ( -1.299038105673449905, -0.7500000000012989609, 1.419728767070140174 ) ) ;
#865 = ORIENTED_EDGE ( 'NONE', *, *, #1260, .T. ) ;
#866 = CARTESIAN_POINT ( 'NONE',  ( -1.170763463202281862, -0.9377168619740280375, -1.068885259039641822 ) ) ;
#867 = CARTESIAN_POINT ( 'NONE',  ( -1.017788105675939914, 0.5876202367894809431, 0.5863954337345660406 ) ) ;
#868 = CARTESIAN_POINT ( 'NONE',  ( 0.3861692313134552079, 1.297103366402409863, 1.145899534633905148 ) ) ;
#869 = CARTESIAN_POINT ( 'NONE',  ( 1.299038105676092014, 0.7500000000007500667, 0.1697287670662240011 ) ) ;
#870 = CARTESIAN_POINT ( 'NONE',  ( -1.185548054110294069, -0.1580482048250880511, -1.372803216966676620 ) ) ;
#871 = LINE ( 'NONE', #1873, #1110 ) ;
#872 = ORIENTED_EDGE ( 'NONE', *, *, #1190, .F. ) ;
#873 = CARTESIAN_POINT ( 'NONE',  ( 1.732050807570735929, -3.164876088006280583E-13, 0.6905621003998622109 ) ) ;
#874 = CARTESIAN_POINT ( 'NONE',  ( 1.162264728904459996E-13, 3.851086116668509730E-13, -1.253062100398215861 ) ) ;
#875 = CARTESIAN_POINT ( 'NONE',  ( 0.2776065971593115189, -1.249111357988878623, -1.290106518706201522 ) ) ;
#876 = CARTESIAN_POINT ( 'NONE',  ( 1.017788105679129806, 0.5876202367903859969, 0.9197287670658080838 ) ) ;
#877 = CARTESIAN_POINT ( 'NONE',  ( 8.993697625496048843E-13, 1.335575141689494094, 1.158131364192059864 ) ) ;
#878 = CARTESIAN_POINT ( 'NONE',  ( 1.529703011223539910E-12, -0.9898836153815120387, 1.222862788906502018 ) ) ;
#879 = CARTESIAN_POINT ( 'NONE',  ( -1.732050807567334427, 7.211110073938369219E-13, 0.8780621003993666074 ) ) ;
#880 = ORIENTED_EDGE ( 'NONE', *, *, #719, .F. ) ;
#881 = CARTESIAN_POINT ( 'NONE',  ( 0.8660254037867870514, -1.500000000003018030, -0.8927712329320465212 ) ) ;
#882 = ADVANCED_FACE ( 'NONE', ( #997 ), #1645, .F. ) ;
#883 = CARTESIAN_POINT ( 'NONE',  ( 1.357050807571025475, -5.768888059150686894E-13, 1.440562100399802148 ) ) ;
#884 = CARTESIAN_POINT ( 'NONE',  ( 1.243884525929662699, 0.5732414272842253355, -1.199277294179465159 ) ) ;
#885 = CARTESIAN_POINT ( 'NONE',  ( 0.6785254037873890143, 1.175240473580514200, 0.4613954337328693422 ) ) ;
#886 = EDGE_CURVE ( 'NONE', #1106, #533, #1917, .T. ) ;
#887 = DIRECTION ( 'NONE',  ( -1.998401444325255583E-14, -1.000000000000000000, -1.460058925613812533E-14 ) ) ;
#888 = CARTESIAN_POINT ( 'NONE',  ( 0.7500000000006750156, -0.4330127018921139936, 0.3155621003988475226 ) ) ;
#889 = LINE ( 'NONE', #1777, #1294 ) ;
#890 = VERTEX_POINT ( 'NONE', #292 ) ;
#891 = CARTESIAN_POINT ( 'NONE',  ( 4.302114220422480080E-13, 1.499999999999672040, -0.6844378996014869321 ) ) ;
#892 = VECTOR ( 'NONE', #372, 999.9999999999998863 ) ;
#893 = CARTESIAN_POINT ( 'NONE',  ( 1.732050807570603146, -1.217876368042924741E-12, -0.3094378996001418969 ) ) ;
#894 = AXIS2_PLACEMENT_3D ( 'NONE', #842, #678, #2223 ) ;
#895 = CARTESIAN_POINT ( 'NONE',  ( 0.6785254037866940147, -1.175240473579489020, 0.8572287670682825489 ) ) ;
#896 = CIRCLE ( 'NONE', #2059, 0.9898836153793139081 ) ;
#897 = CARTESIAN_POINT ( 'NONE',  ( 1.175363643940843694, 0.7139137818361577237, -1.194002456627763831 ) ) ;
#898 = CARTESIAN_POINT ( 'NONE',  ( -0.6785254037818486683, 1.175240473580449585, 0.5447287670661175030 ) ) ;
#899 = CARTESIAN_POINT ( 'NONE',  ( 0.7500000000018489654, 6.966649479522849718E-14, 0.3155621003985030204 ) ) ;
#900 = EDGE_CURVE ( 'NONE', #1467, #1847, #1116, .T. ) ;
#901 = CARTESIAN_POINT ( 'NONE',  ( 1.486658018912124084E-12, -2.210037708394450219E-12, 1.222862788906486031 ) ) ;
#902 = CARTESIAN_POINT ( 'NONE',  ( 8.625045122556688660E-14, -1.499999999999632072, -1.253062100398239842 ) ) ;
#903 = ORIENTED_EDGE ( 'NONE', *, *, #821, .F. ) ;
#904 = CARTESIAN_POINT ( 'NONE',  ( 1.017788105677195798, -0.5876202367902649826, -0.1011045662674403961 ) ) ;
#905 =( BOUNDED_CURVE ( )  B_SPLINE_CURVE ( 2, ( #2034, #517, #1536, #1173, #2045, #856, #2229 ),
 .UNSPECIFIED., .F., .F. ) 
 B_SPLINE_CURVE_WITH_KNOTS ( ( 3, 2, 2, 3 ),
 ( 0.6428571428571430157, 0.6666666666666760666, 0.6904761904762090063, 0.7142857142857419461 ),
 .UNSPECIFIED. ) 
 CURVE ( )  GEOMETRIC_REPRESENTATION_ITEM ( )  RATIONAL_B_SPLINE_CURVE ( ( 1.000000000000000000, 0.8660254037844389297, 1.000000000000000000, 0.8660254037844389297, 1.000000000000000000, 0.8660254037842819441, 1.000000000000156097 ) ) 
 REPRESENTATION_ITEM ( '' )  );
#906 = CARTESIAN_POINT ( 'NONE',  ( 1.299038105677437827, 0.7500000000009690027, -0.7677712329338119979 ) ) ;
#907 = CARTESIAN_POINT ( 'NONE',  ( 1.299038105677607913, -0.7499999999975159870, -0.4136045662671559708 ) ) ;
#908 = CARTESIAN_POINT ( 'NONE',  ( 0.3948230167739249508, -1.221630456037181123, -1.285295547263341387 ) ) ;
#909 = APPLICATION_PROTOCOL_DEFINITION ( 'international standard', 'config_control_design', 1994, #641 ) ;
#910 = CARTESIAN_POINT ( 'NONE',  ( 1.158601074169864908, -0.9120436930854584068, 1.060874976420084215 ) ) ;
#911 = CARTESIAN_POINT ( 'NONE',  ( 1.949829186997929962E-12, -1.175240473582199963, -1.684437899597990063 ) ) ;
#912 = DIRECTION ( 'NONE',  ( -1.489724667855159955E-14, -1.463672932855383970E-14, 1.000000000000000000 ) ) ;
#913 = ORIENTED_EDGE ( 'NONE', *, *, #257, .T. ) ;
#914 = CARTESIAN_POINT ( 'NONE',  ( 5.915407053080910172E-13, 1.175240473579652001, 0.06556210039820879742 ) ) ;
#915 =( BOUNDED_CURVE ( )  B_SPLINE_CURVE ( 2, ( #449, #1798, #762, #128, #1669, #975, #1453 ),
 .UNSPECIFIED., .F., .T. ) 
 B_SPLINE_CURVE_WITH_KNOTS ( ( 3, 2, 2, 3 ),
 ( 0.4285714285714284921, 0.4523809523809440014, 0.4761904761904599548, 0.4999999999999749645 ),
 .UNSPECIFIED. ) 
 CURVE ( )  GEOMETRIC_REPRESENTATION_ITEM ( )  RATIONAL_B_SPLINE_CURVE ( ( 1.000000000000000000, 0.8660254037844389297, 1.000000000000000000, 0.8660254037844389297, 1.000000000000000000, 0.8660254037845789288, 0.9999999999998600009 ) ) 
 REPRESENTATION_ITEM ( '' )  );
#916 = CARTESIAN_POINT ( 'NONE',  ( -1.349751437070228155, -0.5163258560826832211, -1.123950432670905553 ) ) ;
#917 = ORIENTED_EDGE ( 'NONE', *, *, #1190, .T. ) ;
#918 = CARTESIAN_POINT ( 'NONE',  ( 1.017788105678913979, 0.5876202367886169675, 1.482228767065829844 ) ) ;
#919 = DIRECTION ( 'NONE',  ( -1.489724667855159955E-14, -1.450971739288174193E-14, 1.000000000000000000 ) ) ;
#920 = COORDINATED_UNIVERSAL_TIME_OFFSET ( 10, 0, .AHEAD. ) ;
#921 = CARTESIAN_POINT ( 'NONE',  ( 1.108359107550096256, 0.8587831172994928597, 1.117880678187137988 ) ) ;
#922 = DIRECTION ( 'NONE',  ( -1.489724667855100002E-14, 1.506676319129329932E-14, 1.000000000000000000 ) ) ;
#923 = ORIENTED_EDGE ( 'NONE', *, *, #732, .T. ) ;
#924 = CARTESIAN_POINT ( 'NONE',  ( -0.6785254037817727291, -1.175240473582368494, -0.7261045662671518075 ) ) ;
#925 = EDGE_CURVE ( 'NONE', #734, #1210, #89, .T. ) ;
#926 = LINE ( 'NONE', #443, #1068 ) ;
#927 = PRODUCT_DEFINITION_FORMATION_WITH_SPECIFIED_SOURCE ( 'Symmetric', '', #2190, .NOT_KNOWN. ) ;
#928 = VERTEX_POINT ( 'NONE', #1656 ) ;
#929 = FACE_OUTER_BOUND ( 'NONE', #224, .T. ) ;
#930 = CARTESIAN_POINT ( 'NONE',  ( -1.061925495429506539, -0.5771032910390988535, 1.248680259865399433 ) ) ;
#931 = DIRECTION ( 'NONE',  ( 1.000000000000000000, 0.000000000000000000, 0.000000000000000000 ) ) ;
#932 = CARTESIAN_POINT ( 'NONE',  ( 1.258511227395981091, -0.7541144865949124254, 1.066179703042667848 ) ) ;
#933 = CIRCLE ( 'NONE', #1875, 0.1669872981077820118 ) ;
#934 = CARTESIAN_POINT ( 'NONE',  ( 1.017788105677754018, 0.5876202367932699122, -0.5177712329340610209 ) ) ;
#935 = CARTESIAN_POINT ( 'NONE',  ( 1.384309333829492061E-12, -1.175240473579981959, -0.2469378995977880020 ) ) ;
#936 = ORIENTED_EDGE ( 'NONE', *, *, #805, .T. ) ;
#937 = CARTESIAN_POINT ( 'NONE',  ( -1.288342363397103174, -0.7065775689184835562, -1.099572860310447764 ) ) ;
#938 = EDGE_CURVE ( 'NONE', #625, #1869, #2010, .T. ) ;
#939 = DIRECTION ( 'NONE',  ( -1.998401444325254951E-14, -1.000000000000000000, -1.484481399661532364E-14 ) ) ;
#940 = CARTESIAN_POINT ( 'NONE',  ( -0.9821623666151459986, -0.6894614460596389938, 1.253062100402601908 ) ) ;
#941 =( NAMED_UNIT ( * ) SI_UNIT ( $, .STERADIAN. ) SOLID_ANGLE_UNIT ( ) );
#942 = CARTESIAN_POINT ( 'NONE',  ( 0.6112136272408156268, 1.229507967915191236, 1.138126796116015305 ) ) ;
#943 = DIRECTION ( 'NONE',  ( -9.352021747619930661E-15, -0.8571673007021128887, -0.5150380749100530453 ) ) ;
#944 = DIRECTION ( 'NONE',  ( 0.8660254037844339337, -0.5000000000000079936, -2.032380106837734865E-14 ) ) ;
#945 = VERTEX_POINT ( 'NONE', #302 ) ;
#946 = DIRECTION ( 'NONE',  ( 1.998401444325303861E-14, 1.000000000000000000, -1.506676319129299955E-14 ) ) ;
#947 = ORIENTED_EDGE ( 'NONE', *, *, #1926, .T. ) ;
#948 = CYLINDRICAL_SURFACE ( 'NONE', #1400, 1.500000000000000000 ) ;
#949 = EDGE_CURVE ( 'NONE', #1172, #1604, #15, .T. ) ;
#950 = CARTESIAN_POINT ( 'NONE',  ( 0.3563817840110206636, 1.379891524875052733, -1.154428012520448910 ) ) ;
#951 = FACE_BOUND ( 'NONE', #1956, .T. ) ;
#952 = ADVANCED_FACE ( 'NONE', ( #951, #974 ), #632, .F. ) ;
#953 = DIRECTION ( 'NONE',  ( 1.000000000000000000, 1.887379141862815028E-14, -1.488970983546807175E-14 ) ) ;
#954 = CARTESIAN_POINT ( 'NONE',  ( -0.7499999999991019406, -1.117161918529063971E-12, 0.3155621004005679797 ) ) ;
#955 = CARTESIAN_POINT ( 'NONE',  ( 0.6785254037865736665, -1.175240473582495504, -0.7052712329326069618 ) ) ;
#956 = ORIENTED_EDGE ( 'NONE', *, *, #1218, .F. ) ;
#957 = CALENDAR_DATE ( 2026, 22, 6 ) ;
#958 = VERTEX_POINT ( 'NONE', #1721 ) ;
#959 = CARTESIAN_POINT ( 'NONE',  ( -1.272626509048569776, -0.7443336955397746868, -1.094751877385211403 ) ) ;
#960 = ORIENTED_EDGE ( 'NONE', *, *, #925, .T. ) ;
#961 = CARTESIAN_POINT ( 'NONE',  ( 1.463861915751973920E-13, 1.500000000000405009, -1.253062100398193879 ) ) ;
#962 = LINE ( 'NONE', #576, #1001 ) ;
#963 = AXIS2_PLACEMENT_3D ( 'NONE', #344, #1722, #691 ) ;
#964 = CARTESIAN_POINT ( 'NONE',  ( -0.6804777687892362703, 1.294126493707958403, -1.117848076587883321 ) ) ;
#965 = CARTESIAN_POINT ( 'NONE',  ( 1.597680321374639940E-12, -1.175240473582193967, 1.315562100402233980 ) ) ;
#966 = DIRECTION ( 'NONE',  ( -1.489724667855100002E-14, 1.506676319129329932E-14, 1.000000000000000000 ) ) ;
#967 = EDGE_LOOP ( 'NONE', ( #1090, #2218, #1033, #551 ) ) ;
#968 = CARTESIAN_POINT ( 'NONE',  ( 8.993697625496048843E-13, 1.335575141689494094, 1.158131364192059864 ) ) ;
#969 = APPROVAL ( #95, 'Coincident' ) ;
#970 = CARTESIAN_POINT ( 'NONE',  ( -1.056372467083632083, 0.6969161002392977311, -1.303336441361760079 ) ) ;
#971 = ORIENTED_EDGE ( 'NONE', *, *, #1888, .F. ) ;
#972 = CARTESIAN_POINT ( 'NONE',  ( 1.094610513341364065E-12, -1.175240473580029921, 1.253062100402711820 ) ) ;
#973 = CARTESIAN_POINT ( 'NONE',  ( 1.357050807571009043, -1.081666511090754828E-12, 0.8780621003998159146 ) ) ;
#974 = FACE_OUTER_BOUND ( 'NONE', #1137, .T. ) ;
#975 = CARTESIAN_POINT ( 'NONE',  ( -0.8660254037822049389, -1.500000000003650857, -0.4761045662668810796 ) ) ;
#976 = CARTESIAN_POINT ( 'NONE',  ( -0.6785254037813279737, -1.175240473585449585, -1.788604566267271823 ) ) ;
#977 = LINE ( 'NONE', #802, #2166 ) ;
#978 = ORIENTED_EDGE ( 'NONE', *, *, #805, .F. ) ;
#979 = B_SPLINE_CURVE_WITH_KNOTS ( 'NONE', 3,
 ( #1602, #1281, #1776, #1648, #603, #1943 ),
 .UNSPECIFIED., .F., .F.,
 ( 4, 2, 4 ),
 ( 0.000000000000000000, 0.5000000000000000000, 1.000000000000000000 ),
 .UNSPECIFIED. ) ;
#980 = CARTESIAN_POINT ( 'NONE',  ( 1.357050807571526185, -4.414801834155600519E-12, -1.121937899601091138 ) ) ;
#981 = CARTESIAN_POINT ( 'NONE',  ( -1.388049318796942933, -0.1622482194723945670, -1.171600560016893722 ) ) ;
#982 = VERTEX_POINT ( 'NONE', #1517 ) ;
#983 = CARTESIAN_POINT ( 'NONE',  ( 2.237793284010080142E-13, -1.499999999999779954, 0.003062100402739800168 ) ) ;
#984 = CARTESIAN_POINT ( 'NONE',  ( -1.017788105675939914, 0.5876202367894809431, 0.5863954337345660406 ) ) ;
#985 = CARTESIAN_POINT ( 'NONE',  ( 5.066780328444869397E-14, -1.500000000000665024, 1.003062100402680068 ) ) ;
#986 = CARTESIAN_POINT ( 'NONE',  ( 1.357050807571447804, -2.624042832460908016E-12, -0.05943789960110223286 ) ) ;
#987 = CARTESIAN_POINT ( 'NONE',  ( -1.049066843721009779, 1.028578226170245191, -1.100972377910408584 ) ) ;
#988 = CARTESIAN_POINT ( 'NONE',  ( 2.619432448724980227E-13, 1.175240473579879819, -1.996937899601650024 ) ) ;
#989 = CARTESIAN_POINT ( 'NONE',  ( 5.603156827405089944E-13, -1.500000000000440092, 0.5030621004026850640 ) ) ;
#990 = CARTESIAN_POINT ( 'NONE',  ( -0.5242786471184877062, 1.210635597020848442, 1.175665053420728023 ) ) ;
#991 = CARTESIAN_POINT ( 'NONE',  ( -0.9376990457990566075, -0.7263385576286940370, 1.242064932797477539 ) ) ;
#992 = CARTESIAN_POINT ( 'NONE',  ( -1.090336447686214294, 0.6567708061931840646, -1.296107806656537242 ) ) ;
#993 = EDGE_CURVE ( 'NONE', #373, #890, #1912, .T. ) ;
#994 = ORIENTED_EDGE ( 'NONE', *, *, #2093, .F. ) ;
#995 = CARTESIAN_POINT ( 'NONE',  ( -0.9688839370351485236, 0.6696404289368268481, -1.393474336230916544 ) ) ;
#996 = CARTESIAN_POINT ( 'NONE',  ( -0.6785254037820184214, -1.175240473581535161, 0.7113954337328701749 ) ) ;
#997 = FACE_OUTER_BOUND ( 'NONE', #1671, .T. ) ;
#998 = CARTESIAN_POINT ( 'NONE',  ( 0.6785254037868163612, -1.175240473583655243, -1.142771232932496162 ) ) ;
#999 = CARTESIAN_POINT ( 'NONE',  ( 1.299038105677437827, 0.7500000000009690027, -0.7677712329338119979 ) ) ;
#1000 = CARTESIAN_POINT ( 'NONE',  ( 1.017788105677195798, -0.5876202367902649826, -0.1011045662674403961 ) ) ;
#1001 = VECTOR ( 'NONE', #1655, 1000.000000000000000 ) ;
#1002 = CARTESIAN_POINT ( 'NONE',  ( -0.8660254037818438944, 1.499999999998459232, -0.2052712329339503872 ) ) ;
#1003 = CARTESIAN_POINT ( 'NONE',  ( -0.1740186777846134125, 1.321528983333889906, 1.163346378422014382 ) ) ;
#1004 = AXIS2_PLACEMENT_3D ( 'NONE', #1007, #335, #853 ) ;
#1005 = VECTOR ( 'NONE', #1496, 1000.000000000000000 ) ;
#1006 = CARTESIAN_POINT ( 'NONE',  ( -1.224476351636025306, 0.4540042798816430469, -1.262954348086694045 ) ) ;
#1007 = CARTESIAN_POINT ( 'NONE',  ( 1.162264728904459996E-13, 3.851086116668509730E-13, -1.253062100398215861 ) ) ;
#1008 = CARTESIAN_POINT ( 'NONE',  ( -0.6785254037825336759, -1.175240473578911704, 0.2113954337328678990 ) ) ;
#1009 = CARTESIAN_POINT ( 'NONE',  ( 1.017788105676533883, -0.5876202367898180068, -0.6011045662674959766 ) ) ;
#1010 = CARTESIAN_POINT ( 'NONE',  ( 5.915407053080910172E-13, 1.175240473579652001, 0.06556210039820879742 ) ) ;
#1011 = CARTESIAN_POINT ( 'NONE',  ( -1.732050807566590356, -1.987061442596346025E-12, -1.121937899600642830 ) ) ;
#1012 = CARTESIAN_POINT ( 'NONE',  ( 0.6785254037865737775, -1.175240473582495726, -0.7052712329326069618 ) ) ;
#1013 = CARTESIAN_POINT ( 'NONE',  ( -1.388179466026583819, -0.2194426322905900228, -1.163691062813559052 ) ) ;
#1014 = VERTEX_POINT ( 'NONE', #1542 ) ;
#1015 = CARTESIAN_POINT ( 'NONE',  ( -0.8660254037818738704, -1.500000000004618528, -0.03860456626681269682 ) ) ;
#1016 = CARTESIAN_POINT ( 'NONE',  ( 2.210037708394450219E-12, -1.175240473581252054, 0.7530621004022129972 ) ) ;
#1017 = CARTESIAN_POINT ( 'NONE',  ( 1.732050807570793882, 1.350080052731793727E-12, 1.628062100400780698 ) ) ;
#1018 = CARTESIAN_POINT ( 'NONE',  ( -1.357050807567013573, -2.604011971144410350E-13, 1.128062100399817247 ) ) ;
#1019 = CARTESIAN_POINT ( 'NONE',  ( 0.8660254037872789912, -1.500000000002249090, -0.9552712329320312001 ) ) ;
#1020 = EDGE_CURVE ( 'NONE', #1595, #2116, #1802, .T. ) ;
#1021 = CARTESIAN_POINT ( 'NONE',  ( -0.6785254037820970252, 1.175240473580202227, 1.044728767066119390 ) ) ;
#1022 = CARTESIAN_POINT ( 'NONE',  ( 8.255895966733218290E-14, -1.500000000001060041, -0.9344378995973530166 ) ) ;
#1023 = CARTESIAN_POINT ( 'NONE',  ( -0.8660254037817816108, -1.499999999999946487, -0.9761045662664489253 ) ) ;
#1024 = CARTESIAN_POINT ( 'NONE',  ( 1.046038256014013870E-12, 1.175240473580803968, -0.9344378996017920214 ) ) ;
#1025 = ORIENTED_EDGE ( 'NONE', *, *, #259, .T. ) ;
#1026 = CARTESIAN_POINT ( 'NONE',  ( 4.302114220422480080E-13, 1.499999999999672040, -0.6844378996014869321 ) ) ;
#1027 = CARTESIAN_POINT ( 'NONE',  ( 0.6785254037870207533, 1.175240473579675760, -0.5386045662671359313 ) ) ;
#1028 = CARTESIAN_POINT ( 'NONE',  ( 0.2520041954125770145, 1.323512672730572826, 1.150344649470449898 ) ) ;
#1029 = CARTESIAN_POINT ( 'NONE',  ( 5.013350845572970483E-13, 1.500000000000839995, -0.2469378996015070271 ) ) ;
#1030 = CARTESIAN_POINT ( 'NONE',  ( -0.6994818742803031730, -1.021783042748091175, -1.331130256529290179 ) ) ;
#1031 =( GEOMETRIC_REPRESENTATION_CONTEXT ( 3 ) GLOBAL_UNCERTAINTY_ASSIGNED_CONTEXT ( ( #2067 ) ) GLOBAL_UNIT_ASSIGNED_CONTEXT ( ( #1600, #1075, #941 ) ) REPRESENTATION_CONTEXT ( 'NONE', 'WORKASPACE' ) );
#1032 = CARTESIAN_POINT ( 'NONE',  ( 1.463861915751973920E-13, 1.500000000000405009, -1.253062100398193879 ) ) ;
#1033 = ORIENTED_EDGE ( 'NONE', *, *, #472, .T. ) ;
#1034 = DIRECTION ( 'NONE',  ( -1.489724667855159955E-14, -1.450971739288174193E-14, 1.000000000000000000 ) ) ;
#1035 = B_SPLINE_CURVE_WITH_KNOTS ( 'NONE', 3,
 ( #2020, #1712, #152, #995, #1180, #1886, #513, #1201 ),
 .UNSPECIFIED., .F., .F.,
 ( 4, 2, 2, 4 ),
 ( 0.000000000000000000, 0.5000000000000000000, 0.7500000000000000000, 1.000000000000000000 ),
 .UNSPECIFIED. ) ;
#1036 = VECTOR ( 'NONE', #446, 1000.000000000000000 ) ;
#1037 = CARTESIAN_POINT ( 'NONE',  ( -1.732050807567355077, 1.922962686383563308E-13, 0.4405621003993488438 ) ) ;
#1038 = DIRECTION ( 'NONE',  ( -1.489724667855159955E-14, -1.460058925613764254E-14, 1.000000000000000000 ) ) ;
#1039 = CARTESIAN_POINT ( 'NONE',  ( 1.073613204675716082, -0.7670604121679195364, -1.252306167131839398 ) ) ;
#1040 = CARTESIAN_POINT ( 'NONE',  ( 1.094610513341364065E-12, -1.175240473580029921, 1.253062100402711820 ) ) ;
#1041 = CARTESIAN_POINT ( 'NONE',  ( 1.463861915751973920E-13, 1.500000000000405009, -1.253062100398193879 ) ) ;
#1042 = CARTESIAN_POINT ( 'NONE',  ( -1.137435784252484039, -0.4156880434953826864, -1.361825948491897975 ) ) ;
#1043 = CARTESIAN_POINT ( 'NONE',  ( -0.7499999999989560573, -8.118040694282180303E-15, 1.054894473123473952 ) ) ;
#1044 = ORIENTED_EDGE ( 'NONE', *, *, #1646, .T. ) ;
#1045 = ADVANCED_FACE ( 'NONE', ( #190 ), #1199, .F. ) ;
#1046 = EDGE_CURVE ( 'NONE', #1357, #1805, #2233, .T. ) ;
#1047 = CARTESIAN_POINT ( 'NONE',  ( 1.178362962777219942E-13, 1.499999999999116040, 0.8155621003986449624 ) ) ;
#1048 = CARTESIAN_POINT ( 'NONE',  ( -0.6785254037824769435, -1.175240473580706269, 0.2738954337328523558 ) ) ;
#1049 = CARTESIAN_POINT ( 'NONE',  ( 1.248138597519104831, 0.5629582353392588168, -1.199667387030712185 ) ) ;
#1050 = CARTESIAN_POINT ( 'NONE',  ( 1.017788105677295940, 0.5876202367909379998, -1.080271232934082004 ) ) ;
#1051 = CARTESIAN_POINT ( 'NONE',  ( 0.06451346649747755069, 1.338303810812474293, 1.156220729503065092 ) ) ;
#1052 = CARTESIAN_POINT ( 'NONE',  ( -0.07089516105891989495, -1.265691308110468372, -1.303193950934572909 ) ) ;
#1053 = CARTESIAN_POINT ( 'NONE',  ( -1.299038105674459986, -0.7500000000009580114, 0.9197287670700831086 ) ) ;
#1054 = ORIENTED_EDGE ( 'NONE', *, *, #1761, .F. ) ;
#1055 = CARTESIAN_POINT ( 'NONE',  ( -0.6785254037821525364, 1.175240473577613631, -0.3927712329339027031 ) ) ;
#1056 = EDGE_CURVE ( 'NONE', #1595, #1642, #871, .T. ) ;
#1057 = CARTESIAN_POINT ( 'NONE',  ( 0.8660254037871011334, -1.499999999998845368, 0.1072287670679581556 ) ) ;
#1058 = EDGE_CURVE ( 'NONE', #1852, #741, #542, .T. ) ;
#1059 = CARTESIAN_POINT ( 'NONE',  ( -0.6785254037819687944, 1.175240473580701384, 1.107228767066103847 ) ) ;
#1060 = CARTESIAN_POINT ( 'NONE',  ( 1.348511022357865352, 0.04415393904660238483, -1.219660874942153361 ) ) ;
#1061 = CARTESIAN_POINT ( 'NONE',  ( 1.719110964693015023E-12, 1.175240473580029921, 1.003062100398131928 ) ) ;
#1062 = CARTESIAN_POINT ( 'NONE',  ( -0.8234078741647580246, -0.8385640366150860503, 1.253062100402045909 ) ) ;
#1063 = CARTESIAN_POINT ( 'NONE',  ( -0.9712565090126806799, -0.7409750095280287496, -1.347475721532125137 ) ) ;
#1064 =( BOUNDED_CURVE ( )  B_SPLINE_CURVE ( 2, ( #1392, #1226, #1919, #367, #724, #596, #1460 ),
 .UNSPECIFIED., .F., .F. ) 
 B_SPLINE_CURVE_WITH_KNOTS ( ( 3, 2, 2, 3 ),
 ( 0.2142857142857144959, 0.2380952380952379988, 0.2619047619047619735, 0.2857142857142855319 ),
 .UNSPECIFIED. ) 
 CURVE ( )  GEOMETRIC_REPRESENTATION_ITEM ( )  RATIONAL_B_SPLINE_CURVE ( ( 1.000000000000000000, 0.8660254037844389297, 1.000000000000000000, 0.8660254037844389297, 1.000000000000000000, 0.8660254037844389297, 1.000000000000000000 ) ) 
 REPRESENTATION_ITEM ( '' )  );
#1065 = CARTESIAN_POINT ( 'NONE',  ( 7.788908407135869912E-13, -1.040834085586083878E-13, 1.253062100398993906 ) ) ;
#1066 = ORIENTED_EDGE ( 'NONE', *, *, #1757, .T. ) ;
#1067 = CARTESIAN_POINT ( 'NONE',  ( -1.017788105674980015, 0.5876202367894319822, -0.3511045662654699862 ) ) ;
#1068 = VECTOR ( 'NONE', #258, 1000.000000000000000 ) ;
#1069 = CARTESIAN_POINT ( 'NONE',  ( 1.732050807571752005, -4.551011691107766192E-12, -0.8094378996001442284 ) ) ;
#1070 = CONICAL_SURFACE ( 'NONE', #535, 1664.279482350629905, 1.029744258676655866 ) ;
#1071 = CARTESIAN_POINT ( 'NONE',  ( 1.597680321374639940E-12, -1.175240473582193967, 1.315562100402233980 ) ) ;
#1072 = AXIS2_PLACEMENT_3D ( 'NONE', #61, #1126, #1991 ) ;
#1073 = ADVANCED_FACE ( 'NONE', ( #1088 ), #1765, .T. ) ;
#1074 = CARTESIAN_POINT ( 'NONE',  ( 0.06841172074852094886, -1.270716924253624036, -1.298168334790417155 ) ) ;
#1075 =( NAMED_UNIT ( * ) PLANE_ANGLE_UNIT ( ) SI_UNIT ( $, .RADIAN. ) );
#1076 = CARTESIAN_POINT ( 'NONE',  ( 1.326142818576669935, 0.4838661037435500467, 1.105318472067983837 ) ) ;
#1077 = CARTESIAN_POINT ( 'NONE',  ( 0.6785254037882908484, -1.175240473585057011, -1.642771232932498826 ) ) ;
#1078 = CARTESIAN_POINT ( 'NONE',  ( 0.3749999999996689870, -0.6495190528382249751, 0.3155621004005679797 ) ) ;
#1079 = ORIENTED_EDGE ( 'NONE', *, *, #1840, .T. ) ;
#1080 = CARTESIAN_POINT ( 'NONE',  ( 6.060429935572829692E-14, -1.500000000002164935, 0.5655621004025659371 ) ) ;
#1081 = CARTESIAN_POINT ( 'NONE',  ( -1.316597487295013913, -0.6323705081076158585, -1.108983898573147275 ) ) ;
#1082 = EDGE_LOOP ( 'NONE', ( #1811, #1946, #1066, #1308, #1653 ) ) ;
#1083 = CARTESIAN_POINT ( 'NONE',  ( -1.017788105674602095, 0.5876202367889920009, 0.6488954337345310686 ) ) ;
#1084 = CARTESIAN_POINT ( 'NONE',  ( 0.9342810488810350256, -0.9166201086864118608, -1.260048661293253547 ) ) ;
#1085 = MECHANICAL_CONTEXT ( 'NONE', #641, 'mechanical' ) ;
#1086 = CARTESIAN_POINT ( 'NONE',  ( 5.204170427930419390E-14, 1.500000000000055067, -0.7469378996014520711 ) ) ;
#1087 = CARTESIAN_POINT ( 'NONE',  ( 0.6785254037868163612, -1.175240473583655243, -1.142771232932496162 ) ) ;
#1088 = FACE_OUTER_BOUND ( 'NONE', #1639, .T. ) ;
#1089 = ORIENTED_EDGE ( 'NONE', *, *, #472, .F. ) ;
#1090 = ORIENTED_EDGE ( 'NONE', *, *, #1161, .T. ) ;
#1091 = CARTESIAN_POINT ( 'NONE',  ( -1.357050807566302586, -2.948542785788130203E-12, -0.3094378996002059568 ) ) ;
#1092 = DATE_AND_TIME ( #1651, #355 ) ;
#1093 = CARTESIAN_POINT ( 'NONE',  ( 1.552577510999244975E-12, -3.781697177629439971E-13, 1.086074802290726060 ) ) ;
#1094 = ORIENTED_EDGE ( 'NONE', *, *, #717, .T. ) ;
#1095 = CARTESIAN_POINT ( 'NONE',  ( 0.7500000000023500091, -0.4330127018932274918, 1.136136335478932002 ) ) ;
#1096 = CARTESIAN_POINT ( 'NONE',  ( 1.116256325890206069, 0.8092087177085679484, -1.190053758483601065 ) ) ;
#1097 = CARTESIAN_POINT ( 'NONE',  ( 1.357050807570560735, -1.342067708205194499E-12, 1.378062100399817913 ) ) ;
#1098 = CARTESIAN_POINT ( 'NONE',  ( 1.353779475291095657, -0.5419109038345557572, 1.072646708652815084 ) ) ;
#1099 = CARTESIAN_POINT ( 'NONE',  ( -0.6785254037813117645, 1.175240473577821465, -0.8927712329339057007 ) ) ;
#1100 = CARTESIAN_POINT ( 'NONE',  ( 1.357050807571978934, -1.658555317005822911E-12, -0.6219378996010892502 ) ) ;
#1101 = ORIENTED_EDGE ( 'NONE', *, *, #1686, .F. ) ;
#1102 = CARTESIAN_POINT ( 'NONE',  ( -1.017788105676546095, -0.5876202367905979385, -0.7677712329313129969 ) ) ;
#1103 = CARTESIAN_POINT ( 'NONE',  ( -1.179597500276899469, -0.9234195145199415311, -1.070928123004724064 ) ) ;
#1104 = CC_DESIGN_APPROVAL ( #969, ( #2178 ) ) ;
#1105 = CONICAL_SURFACE ( 'NONE', #1731, 1664.279482350629905, 1.029744258676655866 ) ;
#1106 = VERTEX_POINT ( 'NONE', #569 ) ;
#1107 = LINE ( 'NONE', #423, #1474 ) ;
#1108 = DIRECTION ( 'NONE',  ( 1.490366074017496180E-14, 1.484481399661612197E-14, 1.000000000000000000 ) ) ;
#1109 = DATE_AND_TIME ( #437, #497 ) ;
#1110 = VECTOR ( 'NONE', #1915, 1000.000000000000000 ) ;
#1111 = CARTESIAN_POINT ( 'NONE',  ( 1.096047934958973569, -0.9925815643856189530, 1.057936066974743516 ) ) ;
#1112 = VECTOR ( 'NONE', #944, 1000.000000000000227 ) ;
#1113 = CARTESIAN_POINT ( 'NONE',  ( -0.6785254037814493211, 1.175240473577756628, -1.392771232933907699 ) ) ;
#1114 = CARTESIAN_POINT ( 'NONE',  ( 0.6785254037878497568, -1.175240473582368717, -1.705271232932481285 ) ) ;
#1115 = ORIENTED_EDGE ( 'NONE', *, *, #419, .F. ) ;
#1116 = B_SPLINE_CURVE_WITH_KNOTS ( 'NONE', 3,
 ( #799, #822, #1157, #1694 ),
 .UNSPECIFIED., .F., .F.,
 ( 4, 4 ),
 ( 0.000000000000000000, 0.0002172296955947009966 ),
 .UNSPECIFIED. ) ;
#1117 = CARTESIAN_POINT ( 'NONE',  ( 1.861358289723114820E-12, -2.334937798664785176E-12, 1.042999838935632084 ) ) ;
#1118 = EDGE_CURVE ( 'NONE', #278, #741, #1143, .T. ) ;
#1119 = ORIENTED_EDGE ( 'NONE', *, *, #1673, .T. ) ;
#1120 = CYLINDRICAL_SURFACE ( 'NONE', #828, 1.500000000000000000 ) ;
#1121 = CARTESIAN_POINT ( 'NONE',  ( -1.026202415024280112, -0.6328694004973910436, 1.250590108363689001 ) ) ;
#1122 = COORDINATED_UNIVERSAL_TIME_OFFSET ( 10, 0, .AHEAD. ) ;
#1123 = DIRECTION ( 'NONE',  ( -0.5000000000000232037, 0.8660254037844253849, 2.030460937480396819E-14 ) ) ;
#1124 = DIRECTION ( 'NONE',  ( 3.683483586365400486E-15, 0.7071067811865560104, 0.7071067811865391350 ) ) ;
#1125 = CARTESIAN_POINT ( 'NONE',  ( -1.017788105676546095, -0.5876202367905979385, -0.7677712329313129969 ) ) ;
#1126 = DIRECTION ( 'NONE',  ( 1.488970983546780038E-14, 1.484481399661612197E-14, 1.000000000000000000 ) ) ;
#1127 = CARTESIAN_POINT ( 'NONE',  ( 1.501347315144145112E-11, -1.468165457962644133E-11, -1001.253062100399916 ) ) ;
#1128 = CARTESIAN_POINT ( 'NONE',  ( -1.299038105674128030, 0.7500000000000350830, 0.8988954337346140022 ) ) ;
#1129 = ORIENTED_EDGE ( 'NONE', *, *, #2118, .T. ) ;
#1130 = DIRECTION ( 'NONE',  ( -1.489724667855159955E-14, -1.460058925613764254E-14, 1.000000000000000000 ) ) ;
#1131 = CARTESIAN_POINT ( 'NONE',  ( 0.8220454997889653503, 1.141094981468720793, -1.173880699964618524 ) ) ;
#1132 = EDGE_CURVE ( 'NONE', #1688, #1595, #501, .T. ) ;
#1133 = CARTESIAN_POINT ( 'NONE',  ( 0.7500000000011199930, 0.4330127018918885073, 0.3155621003982925221 ) ) ;
#1134 = DIRECTION ( 'NONE',  ( -1.776356839400340079E-14, 1.000000000000000000, 0.000000000000000000 ) ) ;
#1135 = CARTESIAN_POINT ( 'NONE',  ( -1.357050807566007045, -3.713721688078256821E-12, -1.871937899600196964 ) ) ;
#1136 = CARTESIAN_POINT ( 'NONE',  ( 1.017788105678091970, -0.5876202367901020018, -1.663604566267460116 ) ) ;
#1137 = EDGE_LOOP ( 'NONE', ( #559, #1379, #865, #628, #1925 ) ) ;
#1138 = PERSON_AND_ORGANIZATION_ROLE ( 'design_supplier' ) ;
#1139 = B_SPLINE_CURVE_WITH_KNOTS ( 'NONE', 3,
 ( #940, #1121, #930, #1438, #1290, #1795, #1270, #1623, #1144, #69, #117, #1484, #1961, #618, #2009, #436, #1448, #1473, #1987, #1313, #1836, #750, #2169, #1305, #1998, #2135, #1975, #1633, #1814, #1825, #1807, #262, #271, #94, #990, #332, #1003, #511, #968 ),
 .UNSPECIFIED., .F., .F.,
 ( 4, 2, 2, 2, 2, 1, 1, 1, 2, 2, 2, 2, 2, 2, 2, 2, 2, 2, 2, 2, 4 ),
 ( 0.000000000000000000, 0.06249999999999941713, 0.1249999999999988343, 0.1874999999999982514, 0.2187499999999979461, 0.2343749999999978073, 0.2421874999999977518, 0.2460937499999976963, 0.2480468749999976963, 0.2499999999999976685, 0.3749999999999976130, 0.4374999999999976130, 0.4687499999999976130, 0.4843749999999977240, 0.4999999999999977796, 0.6249999999999982236, 0.6874999999999985567, 0.7187499999999987788, 0.7499999999999988898, 0.8749999999999994449, 1.000000000000000000 ),
 .UNSPECIFIED. ) ;
#1140 = PLANE ( 'NONE',  #387 ) ;
#1141 =( BOUNDED_CURVE ( )  B_SPLINE_CURVE ( 2, ( #2030, #2041, #2051, #1168, #819, #1015, #983 ),
 .UNSPECIFIED., .F., .F. ) 
 B_SPLINE_CURVE_WITH_KNOTS ( ( 3, 2, 2, 3 ),
 ( 0.4285714285714284921, 0.4523809523809519950, 0.4761904761904759975, 0.5000000000000000000 ),
 .UNSPECIFIED. ) 
 CURVE ( )  GEOMETRIC_REPRESENTATION_ITEM ( )  RATIONAL_B_SPLINE_CURVE ( ( 1.000000000000000000, 0.8660254037844389297, 1.000000000000000000, 0.8660254037844389297, 1.000000000000000000, 0.8660254037844389297, 1.000000000000000000 ) ) 
 REPRESENTATION_ITEM ( '' )  );
#1142 = ORIENTED_EDGE ( 'NONE', *, *, #1408, .F. ) ;
#1143 = B_SPLINE_CURVE_WITH_KNOTS ( 'NONE', 3,
 ( #558, #223, #1945, #720, #1398, #740 ),
 .UNSPECIFIED., .F., .F.,
 ( 4, 2, 4 ),
 ( 0.000000000000000000, 0.5000000000000000000, 1.000000000000000000 ),
 .UNSPECIFIED. ) ;
#1144 = CARTESIAN_POINT ( 'NONE',  ( -1.221793144344750059, -0.1448455511488907499, 1.232058661581081349 ) ) ;
#1145 = CARTESIAN_POINT ( 'NONE',  ( -0.7499999999993739452, -0.4330127018942264705, 0.3155621004026775145 ) ) ;
#1146 = EDGE_CURVE ( 'NONE', #1661, #1688, #1924, .T. ) ;
#1147 = CARTESIAN_POINT ( 'NONE',  ( -1.017788105674097832, -0.5876202367911460556, 0.7322287670686319361 ) ) ;
#1148 = B_SPLINE_CURVE_WITH_KNOTS ( 'NONE', 3,
 ( #2225, #682, #1865, #1689 ),
 .UNSPECIFIED., .F., .F.,
 ( 4, 4 ),
 ( 0.000000000000000000, 1.000000000000000000 ),
 .UNSPECIFIED. ) ;
#1149 = CARTESIAN_POINT ( 'NONE',  ( -1.017788105675980104, 0.5876202367910390301, -0.4136045662654355137 ) ) ;
#1150 = ORIENTED_EDGE ( 'NONE', *, *, #486, .T. ) ;
#1151 = APPLICATION_CONTEXT ( 'configuration controlled 3d designs of mechanical parts and assemblies' ) ;
#1152 = CARTESIAN_POINT ( 'NONE',  ( -1.357050807566152484, -5.063801740810052164E-12, -0.8719378996001923010 ) ) ;
#1153 = CARTESIAN_POINT ( 'NONE',  ( -1.226936966370508530, 0.4494332708120660214, -1.262226285005310977 ) ) ;
#1154 = ORIENTED_EDGE ( 'NONE', *, *, #1132, .T. ) ;
#1155 = DIRECTION ( 'NONE',  ( 1.490366074017496180E-14, 1.484481399661612197E-14, 1.000000000000000000 ) ) ;
#1156 = CARTESIAN_POINT ( 'NONE',  ( 1.299038105677599919, -0.7500000000023040458, -1.351104566267302021 ) ) ;
#1157 = CARTESIAN_POINT ( 'NONE',  ( -0.9343646203393650707, -0.7438819143437520598, 1.253062100399090051 ) ) ;
#1158 = CARTESIAN_POINT ( 'NONE',  ( 0.6785254037876453648, -1.175240473584936662, -0.1427712329326197571 ) ) ;
#1159 = CARTESIAN_POINT ( 'NONE',  ( 1.732050807571752005, -4.551011691107767807E-12, -0.8094378996001442284 ) ) ;
#1160 = CARTESIAN_POINT ( 'NONE',  ( 1.017788105678485877, 0.5876202367889880041, 0.9822287670658849112 ) ) ;
#1161 = EDGE_CURVE ( 'NONE', #833, #1467, #207, .T. ) ;
#1162 = CARTESIAN_POINT ( 'NONE',  ( -1.299038105673844035, 0.7500000000004759526, 0.8363954337346489742 ) ) ;
#1163 = CARTESIAN_POINT ( 'NONE',  ( -2.324529457808919992E-13, 1.500000000000450084, 0.2530621003985489836 ) ) ;
#1164 = CARTESIAN_POINT ( 'NONE',  ( 2.210037708394450219E-12, -1.175240473581252054, 0.7530621004022129972 ) ) ;
#1165 = DIRECTION ( 'NONE',  ( -1.771915947301745295E-13, 1.000000000000000000, 1.467678511451939684E-14 ) ) ;
#1166 = CARTESIAN_POINT ( 'NONE',  ( -1.378541954373792455, -0.3591321717954450432, -1.144678226984426228 ) ) ;
#1167 = ORIENTED_EDGE ( 'NONE', *, *, #1194, .F. ) ;
#1168 = CARTESIAN_POINT ( 'NONE',  ( -1.732050807566394290, -4.871505472171693309E-12, -0.1219378996006376670 ) ) ;
#1169 = CARTESIAN_POINT ( 'NONE',  ( 2.319325287380990277E-12, 1.175240473579590050, 1.503062100398189882 ) ) ;
#1170 = DIRECTION ( 'NONE',  ( 0.8660254037844339337, -0.5000000000000079936, -2.032380106837734865E-14 ) ) ;
#1171 = CARTESIAN_POINT ( 'NONE',  ( 0.6785254037882908484, -1.175240473585057011, -1.642771232932498826 ) ) ;
#1172 = VERTEX_POINT ( 'NONE', #1220 ) ;
#1173 = CARTESIAN_POINT ( 'NONE',  ( 1.732050807570735929, -1.025580099404566895E-12, 0.6280621003998790863 ) ) ;
#1174 = CARTESIAN_POINT ( 'NONE',  ( 0.6785254037863150955, -1.175240473578073042, 0.3572287670673823246 ) ) ;
#1175 = CARTESIAN_POINT ( 'NONE',  ( -1.732050807565500561, -3.461332835490417791E-12, -1.621937899600773170 ) ) ;
#1176 = B_SPLINE_CURVE_WITH_KNOTS ( 'NONE', 3,
 ( #697, #146, #1762, #638 ),
 .UNSPECIFIED., .F., .F.,
 ( 4, 4 ),
 ( 0.000000000000000000, 1.000000000000000000 ),
 .UNSPECIFIED. ) ;
#1177 = CARTESIAN_POINT ( 'NONE',  ( -6.765421556309548930E-14, 1.175240473581594003, 0.003062100398132375050 ) ) ;
#1178 = DIRECTION ( 'NONE',  ( -1.489724667855100002E-14, 1.506676319129329932E-14, 1.000000000000000000 ) ) ;
#1179 = CARTESIAN_POINT ( 'NONE',  ( -1.334730811325743227, 0.1847161371958478959, -1.221438038769104173 ) ) ;
#1180 = CARTESIAN_POINT ( 'NONE',  ( -1.010369314705774402, 0.6054301764220023641, -1.394034478582244052 ) ) ;
#1181 = CARTESIAN_POINT ( 'NONE',  ( 1.732050807571757778, -4.559024035634367641E-12, -1.809437899600534694 ) ) ;
#1182 = CARTESIAN_POINT ( 'NONE',  ( 0.6785254037880413813, 1.175240473580380085, -1.476104566267156137 ) ) ;
#1183 = CARTESIAN_POINT ( 'NONE',  ( 1.571053686035805057E-12, 0.9898836153770919077, 1.222862788906472042 ) ) ;
#1184 = CARTESIAN_POINT ( 'NONE',  ( 1.017788105678091970, -0.5876202367901020018, -1.663604566267460116 ) ) ;
#1185 = CARTESIAN_POINT ( 'NONE',  ( 1.299038105676824095, -0.7499999999995839994, 1.086395433732900040 ) ) ;
#1186 = CARTESIAN_POINT ( 'NONE',  ( -0.8660254037820007689, -1.500000000004108047, -0.5386045662668149658 ) ) ;
#1187 = CARTESIAN_POINT ( 'NONE',  ( -1.357050807566362316, -5.728826336517700851E-13, 0.6280621003998143603 ) ) ;
#1188 = VECTOR ( 'NONE', #1124, 999.9999999999998863 ) ;
#1189 = CARTESIAN_POINT ( 'NONE',  ( -1.299616263187679088, 0.2923700998510635474, -1.237669177563632594 ) ) ;
#1190 = EDGE_CURVE ( 'NONE', #945, #2143, #1955, .T. ) ;
#1191 = ORIENTED_EDGE ( 'NONE', *, *, #1351, .F. ) ;
#1192 = DIRECTION ( 'NONE',  ( -1.000000000000000000, 0.000000000000000000, 1.489724667855784102E-14 ) ) ;
#1193 = CARTESIAN_POINT ( 'NONE',  ( 0.6785254037860565246, 1.175240473581093514, 1.461395433733514659 ) ) ;
#1194 = EDGE_CURVE ( 'NONE', #1456, #2, #2098, .T. ) ;
#1195 = CARTESIAN_POINT ( 'NONE',  ( -1.017788105674714005, -0.5876202367908720525, -1.767771232931204972 ) ) ;
#1196 = CARTESIAN_POINT ( 'NONE',  ( 1.357050807571854145, 2.563950248511420773E-13, 0.3780621003989156903 ) ) ;
#1197 = CARTESIAN_POINT ( 'NONE',  ( -0.8660254037818450046, -1.500000000001671552, -1.538604566266434048 ) ) ;
#1198 = CARTESIAN_POINT ( 'NONE',  ( -0.6785254037817135542, -1.175240473583585743, -0.2886045662671345435 ) ) ;
#1199 = PLANE ( 'NONE',  #1510 ) ;
#1200 = CARTESIAN_POINT ( 'NONE',  ( -0.7499999999989760413, 0.4330127018908960235, 0.3155621004012345021 ) ) ;
#1201 = CARTESIAN_POINT ( 'NONE',  ( -1.134669449331662028, 0.3061297298434519920, -1.393644785462055946 ) ) ;
#1202 = CARTESIAN_POINT ( 'NONE',  ( 0.8660254037880583677, -1.500000000003725020, -1.892771232931791836 ) ) ;
#1203 = CARTESIAN_POINT ( 'NONE',  ( -0.6785254037813117645, 1.175240473577821465, -0.8927712329339057007 ) ) ;
#1204 = CARTESIAN_POINT ( 'NONE',  ( 8.255895966733218290E-14, -1.500000000001060041, -0.9344378995973530166 ) ) ;
#1205 = CARTESIAN_POINT ( 'NONE',  ( -1.357050807566147599, -6.489999066544531590E-13, 0.1280621003998118346 ) ) ;
#1206 = DIRECTION ( 'NONE',  ( -1.489724667854573990E-14, -1.467678511452201901E-14, 1.000000000000000000 ) ) ;
#1207 = CARTESIAN_POINT ( 'NONE',  ( 0.8660254037874741684, 1.499999999996736610, -0.2886045662670703726 ) ) ;
#1208 = APPROVAL ( #1611, 'Coincident' ) ;
#1209 = CARTESIAN_POINT ( 'NONE',  ( -0.9576961343669385673, -0.7596669151428299127, -1.346482328354688729 ) ) ;
#1210 = VERTEX_POINT ( 'NONE', #363 ) ;
#1211 = CARTESIAN_POINT ( 'NONE',  ( -0.2578679345022463210, 0.7171452823814532529, 1.055431099460020450 ) ) ;
#1212 = CARTESIAN_POINT ( 'NONE',  ( 0.8660254037878090116, 1.500000000000013545, 0.2738954337329164712 ) ) ;
#1213 = VERTEX_POINT ( 'NONE', #1043 ) ;
#1214 = CARTESIAN_POINT ( 'NONE',  ( 0.8660254037874741684, 1.499999999996736832, -0.2886045662670703726 ) ) ;
#1215 = CARTESIAN_POINT ( 'NONE',  ( 1.263935644757739007, 0.5230632729251201152, -1.201180474146023691 ) ) ;
#1216 = CARTESIAN_POINT ( 'NONE',  ( -0.6785254037814493211, -1.175240473584162837, -0.7886045662671362644 ) ) ;
#1217 = CARTESIAN_POINT ( 'NONE',  ( 1.357050807571069218, -1.322036846888698701E-13, 0.4405621003989001472 ) ) ;
#1218 = EDGE_CURVE ( 'NONE', #928, #1106, #246, .T. ) ;
#1219 = CARTESIAN_POINT ( 'NONE',  ( -0.9614825899261527642, -0.7545103913590572864, -1.346758871904767618 ) ) ;
#1220 = CARTESIAN_POINT ( 'NONE',  ( 7.427392034580189495E-14, -1.500000000001654898, -0.4344378995974265134 ) ) ;
#1221 = VERTEX_POINT ( 'NONE', #1753 ) ;
#1222 = FACE_OUTER_BOUND ( 'NONE', #375, .T. ) ;
#1223 = TOROIDAL_SURFACE ( 'NONE', #782, 1.085663594743851990, 0.1669872981077820118 ) ;
#1224 = CARTESIAN_POINT ( 'NONE',  ( 0.8660254037865088295, 1.499999999999805489, 1.273895433733690519 ) ) ;
#1225 = B_SPLINE_CURVE_WITH_KNOTS ( 'NONE', 3,
 ( #877, #1051, #1751, #1028, #1729, #186, #868, #1559, #556, #1976, #942, #1625, #600, #921, #1612, #1590, #1076, #96, #587, #48, #59, #230, #2147, #1261, #425, #1941, #1098, #2123, #1953, #751, #1988, #932, #1279, #761, #772, #402, #240, #413, #84, #264, #910, #393, #1439, #70, #1111, #1450, #219, #1774, #438, #1293, #1463, #1247, #1808 ),
 .UNSPECIFIED., .F., .F.,
 ( 4, 2, 2, 1, 2, 2, 2, 2, 2, 2, 2, 2, 2, 2, 2, 2, 2, 1, 1, 2, 2, 2, 2, 1, 1, 2, 2, 2, 4 ),
 ( 0.000000000000000000, 0.06250000000000031919, 0.09375000000000049960, 0.1093750000000005551, 0.1171875000000006245, 0.1250000000000006939, 0.2500000000000024425, 0.3750000000000041633, 0.4375000000000049405, 0.4687500000000053846, 0.5000000000000057732, 0.6250000000000074385, 0.6875000000000082157, 0.7187500000000085487, 0.7500000000000089928, 0.7812500000000093259, 0.7968750000000095479, 0.8046875000000095479, 0.8085937500000095479, 0.8105468750000094369, 0.8125000000000093259, 0.8437500000000074385, 0.8593750000000063283, 0.8671875000000057732, 0.8710937500000055511, 0.8730468750000054401, 0.8750000000000053291, 0.9375000000000026645, 1.000000000000000000 ),
 .UNSPECIFIED. ) ;
#1226 = CARTESIAN_POINT ( 'NONE',  ( 0.8660254037872802124, -1.500000000002249090, -0.9552712329320310891 ) ) ;
#1227 = CARTESIAN_POINT ( 'NONE',  ( 1.348394971514200513, 0.02988909231832056687, -1.220219329551046394 ) ) ;
#1228 = CARTESIAN_POINT ( 'NONE',  ( -1.017788105675980104, 0.5876202367910390301, -0.4136045662654355137 ) ) ;
#1229 = DIRECTION ( 'NONE',  ( -1.489724667855784102E-14, -1.484481399661612197E-14, -1.000000000000000000 ) ) ;
#1230 = CARTESIAN_POINT ( 'NONE',  ( -1.190414714060483492, -0.01908245667935175305, -1.378910354721482268 ) ) ;
#1231 = CARTESIAN_POINT ( 'NONE',  ( -0.2809912324395790195, -1.141920075612135932, 1.253093433757315189 ) ) ;
#1232 = ORIENTED_EDGE ( 'NONE', *, *, #2204, .F. ) ;
#1233 = CARTESIAN_POINT ( 'NONE',  ( 7.546047120499110861E-13, -1.499999999999436007, 0.06556210040270520067 ) ) ;
#1234 = CARTESIAN_POINT ( 'NONE',  ( 5.915407053080910172E-13, 1.175240473579652001, 0.06556210039820879742 ) ) ;
#1235 = CARTESIAN_POINT ( 'NONE',  ( 1.249670808552008516, -0.4536643966609373302, -1.239418339170244243 ) ) ;
#1236 = CARTESIAN_POINT ( 'NONE',  ( -1.357050807566362316, -5.728826336517700851E-13, 0.6280621003998142493 ) ) ;
#1237 = FACE_OUTER_BOUND ( 'NONE', #22, .T. ) ;
#1238 = DIRECTION ( 'NONE',  ( 1.081472539249334138E-14, 0.000000000000000000, -1.000000000000000000 ) ) ;
#1239 = CARTESIAN_POINT ( 'NONE',  ( -0.8660254037821476514, -1.499999999999540368, 0.9613954337331515054 ) ) ;
#1240 = VERTEX_POINT ( 'NONE', #1078 ) ;
#1241 = CARTESIAN_POINT ( 'NONE',  ( 1.357050807572295570, -3.028666231054116021E-12, -1.059437899601107569 ) ) ;
#1242 = EDGE_CURVE ( 'NONE', #299, #243, #889, .T. ) ;
#1243 = CARTESIAN_POINT ( 'NONE',  ( -1.732050807566964501, -3.261024222325463545E-12, -0.05943789960065352929 ) ) ;
#1244 = CARTESIAN_POINT ( 'NONE',  ( -1.017788105675107913, 0.5876202367891479872, 1.148895433734919980 ) ) ;
#1245 = CARTESIAN_POINT ( 'NONE',  ( 0.5140309609520717915, -1.181744080246090567, -1.280194165235261083 ) ) ;
#1246 = DATE_TIME_ROLE ( 'creation_date' ) ;
#1247 = CARTESIAN_POINT ( 'NONE',  ( 0.8160812076068866272, -1.257654610080830793, 1.046317024299360909 ) ) ;
#1248 = CARTESIAN_POINT ( 'NONE',  ( -1.017788105675141885, 0.5876202367898240020, -1.351104566265691975 ) ) ;
#1249 = CARTESIAN_POINT ( 'NONE',  ( -0.4361086866460067157, -1.091370633301063320, 1.253062105692291262 ) ) ;
#1250 = EDGE_LOOP ( 'NONE', ( #234, #285, #2124, #923, #1459, #880, #1675, #1430 ) ) ;
#1251 = CARTESIAN_POINT ( 'NONE',  ( 1.357050807571447804, -2.624042832460908016E-12, -0.05943789960110223980 ) ) ;
#1252 = CC_DESIGN_SECURITY_CLASSIFICATION ( #784, ( #927 ) ) ;
#1253 = CIRCLE ( 'NONE', #1550, 1.085663594743865978 ) ;
#1254 = CARTESIAN_POINT ( 'NONE',  ( -1.297174536988765947, -0.6839667541525492611, -1.102445471223240769 ) ) ;
#1255 = VECTOR ( 'NONE', #169, 1000.000000000000000 ) ;
#1256 = ORIENTED_EDGE ( 'NONE', *, *, #1757, .F. ) ;
#1257 = CARTESIAN_POINT ( 'NONE',  ( -1.017788105675215826, -0.5876202367932590320, 1.232228767069131870 ) ) ;
#1258 = CARTESIAN_POINT ( 'NONE',  ( 1.201188547323211564, -0.5608163979588536296, -1.243926926879093120 ) ) ;
#1259 = CARTESIAN_POINT ( 'NONE',  ( 0.9898836153800828486, -8.584885483515349675E-14, 1.222862788906502018 ) ) ;
#1260 = EDGE_CURVE ( 'NONE', #91, #1847, #2161, .T. ) ;
#1261 = CARTESIAN_POINT ( 'NONE',  ( 1.415212112063479966, -0.3148400115092344631, 1.079737607813991529 ) ) ;
#1262 = CARTESIAN_POINT ( 'NONE',  ( -1.017788105674051868, -0.5876202367922600533, -1.267771232931260039 ) ) ;
#1263 = CC_DESIGN_DATE_AND_TIME_ASSIGNMENT ( #1092, #101, ( #784 ) ) ;
#1264 = CARTESIAN_POINT ( 'NONE',  ( -0.8234078741647580246, -0.8385640366150860503, 1.253062100402045909 ) ) ;
#1265 = ORIENTED_EDGE ( 'NONE', *, *, #838, .T. ) ;
#1266 = CARTESIAN_POINT ( 'NONE',  ( 0.6785254037879179245, 1.175240473578333944, -0.9761045662671531398 ) ) ;
#1267 = CARTESIAN_POINT ( 'NONE',  ( -1.283076059509305367, -0.7194353042817064336, -1.097933400079615707 ) ) ;
#1268 = ORIENTED_EDGE ( 'NONE', *, *, #794, .T. ) ;
#1269 = DIRECTION ( 'NONE',  ( -1.000000000000000000, 0.000000000000000000, 1.489724667855784102E-14 ) ) ;
#1270 = CARTESIAN_POINT ( 'NONE',  ( -1.201451436951539886, -0.2443036562722418759, 1.235885982464683508 ) ) ;
#1271 = FACE_OUTER_BOUND ( 'NONE', #2153, .T. ) ;
#1272 = CARTESIAN_POINT ( 'NONE',  ( 1.017788105676533883, -0.5876202367898180068, -0.6011045662674959766 ) ) ;
#1273 = ORIENTED_EDGE ( 'NONE', *, *, #1326, .T. ) ;
#1274 = CARTESIAN_POINT ( 'NONE',  ( -0.5769188539395099236, 1.023891989767506061, -1.393644785462555991 ) ) ;
#1275 = CARTESIAN_POINT ( 'NONE',  ( -1.299038105675281995, -0.7500000000008060219, 0.9822287670701588258 ) ) ;
#1276 = ORIENTED_EDGE ( 'NONE', *, *, #1552, .T. ) ;
#1277 = FACE_OUTER_BOUND ( 'NONE', #62, .T. ) ;
#1278 = FACE_OUTER_BOUND ( 'NONE', #1250, .T. ) ;
#1279 = CARTESIAN_POINT ( 'NONE',  ( 1.243849291357467468, -0.7800287838914589100, 1.065353609363848486 ) ) ;
#1280 = CARTESIAN_POINT ( 'NONE',  ( 0.3750000000011160517, 0.6495190528363300464, 0.3155621003985145112 ) ) ;
#1281 = CARTESIAN_POINT ( 'NONE',  ( -0.6173598944839993052, -0.5095925025188744462, 1.082514581807198173 ) ) ;
#1282 = EDGE_CURVE ( 'NONE', #2120, #91, #1657, .T. ) ;
#1283 = LINE ( 'NONE', #1455, #1112 ) ;
#1284 = ORIENTED_EDGE ( 'NONE', *, *, #1862, .T. ) ;
#1285 = EDGE_CURVE ( 'NONE', #1869, #1240, #1401, .T. ) ;
#1286 = VECTOR ( 'NONE', #615, 1000.000000000000000 ) ;
#1287 = CARTESIAN_POINT ( 'NONE',  ( -0.7499999999989560573, -8.118040694282180303E-15, 1.054894473123473952 ) ) ;
#1288 = ORIENTED_EDGE ( 'NONE', *, *, #2079, .T. ) ;
#1289 = CARTESIAN_POINT ( 'NONE',  ( 0.07496609445776039604, -1.183213958171262181, 1.253062100402714041 ) ) ;
#1290 = CARTESIAN_POINT ( 'NONE',  ( -1.147637030373502842, -0.4073890047638959455, 1.242228737448895393 ) ) ;
#1291 = DIRECTION ( 'NONE',  ( 1.000000000000000000, 1.887379141862815028E-14, -1.488970983546807175E-14 ) ) ;
#1292 = VECTOR ( 'NONE', #1385, 1000.000000000000000 ) ;
#1293 = CARTESIAN_POINT ( 'NONE',  ( 1.005903890167916481, -1.094459922735961266, 1.053923920270654291 ) ) ;
#1294 = VECTOR ( 'NONE', #1933, 1000.000000000000000 ) ;
#1295 = CARTESIAN_POINT ( 'NONE',  ( 1.873501354054950046E-12, 5.551115123125779547E-14, 0.3155621003985145112 ) ) ;
#1296 = CARTESIAN_POINT ( 'NONE',  ( 1.094610513341364065E-12, 1.175240473579973965, -1.434437899601626043 ) ) ;
#1297 = CARTESIAN_POINT ( 'NONE',  ( 8.344019919448440105E-13, 1.175240473581191880, -0.9969378996018689598 ) ) ;
#1298 = DIRECTION ( 'NONE',  ( 1.489724667855159955E-14, 1.458034679888346219E-14, -1.000000000000000000 ) ) ;
#1299 = APPROVAL_DATE_TIME ( #1832, #68 ) ;
#1300 = EDGE_CURVE ( 'NONE', #1572, #1213, #366, .T. ) ;
#1301 = FACE_OUTER_BOUND ( 'NONE', #1834, .T. ) ;
#1302 =( BOUNDED_CURVE ( )  B_SPLINE_CURVE ( 2, ( #1324, #469, #1475, #2043, #1522, #139, #1668 ),
 .UNSPECIFIED., .F., .F. ) 
 B_SPLINE_CURVE_WITH_KNOTS ( ( 3, 2, 2, 3 ),
 ( 0.5714285714286020390, 0.5952380952381159940, 0.6190476190476290608, 0.6428571428571430157 ),
 .UNSPECIFIED. ) 
 CURVE ( )  GEOMETRIC_REPRESENTATION_ITEM ( )  RATIONAL_B_SPLINE_CURVE ( ( 0.9999999999998270273, 0.8660254037846120134, 1.000000000000000000, 0.8660254037844389297, 1.000000000000000000, 0.8660254037844389297, 1.000000000000000000 ) ) 
 REPRESENTATION_ITEM ( '' )  );
#1303 = ORIENTED_EDGE ( 'NONE', *, *, #1686, .T. ) ;
#1304 = CARTESIAN_POINT ( 'NONE',  ( 1.162264728904459996E-13, 3.851086116668509730E-13, -1.253062100398215861 ) ) ;
#1305 = CARTESIAN_POINT ( 'NONE',  ( -1.124658420979127715, 0.5853582294282374532, 1.205547581566551729 ) ) ;
#1306 = CARTESIAN_POINT ( 'NONE',  ( -0.2829123607510929950, -1.418021840928489929, 1.085433245810661917 ) ) ;
#1307 = CARTESIAN_POINT ( 'NONE',  ( 1.017788105678913979, 0.5876202367886169675, 1.482228767065829844 ) ) ;
#1308 = ORIENTED_EDGE ( 'NONE', *, *, #1285, .T. ) ;
#1309 = FACE_OUTER_BOUND ( 'NONE', #2186, .T. ) ;
#1310 = EDGE_CURVE ( 'NONE', #1869, #299, #1283, .T. ) ;
#1311 = ORIENTED_EDGE ( 'NONE', *, *, #1260, .F. ) ;
#1312 = DIRECTION ( 'NONE',  ( -0.8660254037844351549, 0.5000000000000061062, 2.032380106837570467E-14 ) ) ;
#1313 = CARTESIAN_POINT ( 'NONE',  ( -1.174434348889606516, 0.4630187094196706044, 1.209806697703479372 ) ) ;
#1314 = CARTESIAN_POINT ( 'NONE',  ( 0.7228872439663979188, -1.314318847357719866, 1.042999838937574086 ) ) ;
#1315 = CARTESIAN_POINT ( 'NONE',  ( 0.7500000000006750156, -0.4330127018921139936, 0.3155621003988475226 ) ) ;
#1316 = CARTESIAN_POINT ( 'NONE',  ( 1.604619215278544947E-12, -1.175240473581852019, 0.8155621004022899356 ) ) ;
#1317 = CARTESIAN_POINT ( 'NONE',  ( 1.357050807571526185, -4.414801834155600519E-12, -1.121937899601090916 ) ) ;
#1318 = FACE_OUTER_BOUND ( 'NONE', #581, .T. ) ;
#1319 = CARTESIAN_POINT ( 'NONE',  ( 1.017788105677529975, -0.5876202367892099376, -0.6636045662674621148 ) ) ;
#1320 = CARTESIAN_POINT ( 'NONE',  ( -1.222191907782305575, 0.4582062373696896840, -1.263624409858612019 ) ) ;
#1321 = ORIENTED_EDGE ( 'NONE', *, *, #2039, .F. ) ;
#1322 = FACE_OUTER_BOUND ( 'NONE', #1330, .T. ) ;
#1323 = CARTESIAN_POINT ( 'NONE',  ( 4.250072516143174857E-13, -1.499999999999725997, -1.434437899597574173 ) ) ;
#1324 = CARTESIAN_POINT ( 'NONE',  ( -8.359007930249680711E-13, 1.500000000000225153, -0.1844378996013375238 ) ) ;
#1325 = CARTESIAN_POINT ( 'NONE',  ( 0.6785254037864951737, 1.175240473580012823, -0.4761045662671514744 ) ) ;
#1326 = EDGE_CURVE ( 'NONE', #1996, #121, #977, .T. ) ;
#1327 = CARTESIAN_POINT ( 'NONE',  ( -1.224335370551618896, 0.8283214126592983728, -1.092172308488072563 ) ) ;
#1328 = CARTESIAN_POINT ( 'NONE',  ( 1.357050807572545148, -2.752240344886478297E-12, -1.621937899601094024 ) ) ;
#1329 = CONICAL_SURFACE ( 'NONE', #752, 1.033012701892270124, 0.9599310885968830309 ) ;
#1330 = EDGE_LOOP ( 'NONE', ( #2074, #397, #1273, #33 ) ) ;
#1331 = CARTESIAN_POINT ( 'NONE',  ( 1.017788105679080068, 0.5876202367911079749, -0.08027123293419261008 ) ) ;
#1332 = FACE_OUTER_BOUND ( 'NONE', #1792, .T. ) ;
#1333 = CARTESIAN_POINT ( 'NONE',  ( -1.380501592434615121, -0.03673485104602489115, -1.189203679011174630 ) ) ;
#1334 = ORIENTED_EDGE ( 'NONE', *, *, #1862, .F. ) ;
#1335 = CARTESIAN_POINT ( 'NONE',  ( 1.162264728904459996E-13, 3.851086116668509730E-13, -1.253062100398215861 ) ) ;
#1336 = CARTESIAN_POINT ( 'NONE',  ( 1.357050807571854145, 2.563950248511420773E-13, 0.3780621003989156903 ) ) ;
#1337 = CARTESIAN_POINT ( 'NONE',  ( -7.116945921511681162E-13, -1.499999999999560130, -0.4969378995973930402 ) ) ;
#1338 = CARTESIAN_POINT ( 'NONE',  ( 1.299038105679533928, -0.7500000000014680479, 1.586395433732735061 ) ) ;
#1339 = CARTESIAN_POINT ( 'NONE',  ( 1.162264728904459996E-13, 3.851086116668509730E-13, -1.253062100398215861 ) ) ;
#1340 = CARTESIAN_POINT ( 'NONE',  ( -1.357050807566277051, -7.050863183406397785E-13, 0.6905621003997989282 ) ) ;
#1341 = ADVANCED_FACE ( 'NONE', ( #2182 ), #1390, .T. ) ;
#1342 = FACE_OUTER_BOUND ( 'NONE', #768, .T. ) ;
#1343 = CARTESIAN_POINT ( 'NONE',  ( 1.017788105677521981, -0.5876202367904840296, 0.8363954337324839283 ) ) ;
#1344 = CARTESIAN_POINT ( 'NONE',  ( -1.353744183927019451, 0.1119398823591674086, -1.210667877521345970 ) ) ;
#1345 = DIRECTION ( 'NONE',  ( -0.8660254037844351549, 0.5000000000000061062, 0.000000000000000000 ) ) ;
#1346 = CARTESIAN_POINT ( 'NONE',  ( -1.299038105675059951, 0.7500000000004730660, -1.601104566264665019 ) ) ;
#1347 = CARTESIAN_POINT ( 'NONE',  ( 0.8660254037865768861, -1.500000000005149214, -0.3927712329320947604 ) ) ;
#1348 = CARTESIAN_POINT ( 'NONE',  ( 1.357050807571025475, -5.768888059150686894E-13, 1.440562100399802148 ) ) ;
#1349 = CARTESIAN_POINT ( 'NONE',  ( 2.237793284010080142E-13, -1.499999999999779954, 0.003062100402739800168 ) ) ;
#1350 = CARTESIAN_POINT ( 'NONE',  ( 0.6785254037867435306, -1.175240473584289846, -1.205271232932480840 ) ) ;
#1351 = EDGE_CURVE ( 'NONE', #1221, #1436, #1538, .T. ) ;
#1352 = CARTESIAN_POINT ( 'NONE',  ( -0.9535744154997998212, 0.8052193316335293227, -1.324482712493204373 ) ) ;
#1353 = ORIENTED_EDGE ( 'NONE', *, *, #1565, .T. ) ;
#1354 = DIRECTION ( 'NONE',  ( -0.5000000000000061062, -0.8660254037844351549, -5.407362696246742476E-15 ) ) ;
#1355 = CARTESIAN_POINT ( 'NONE',  ( 1.357050807572801165, -4.811412888222207075E-12, -0.1219378996010863914 ) ) ;
#1356 = CARTESIAN_POINT ( 'NONE',  ( 1.981054209565515317E-12, -1.175240473579368006, -0.6844378995976559965 ) ) ;
#1357 = VERTEX_POINT ( 'NONE', #2152 ) ;
#1358 = DIRECTION ( 'NONE',  ( 1.986154976333862216E-14, 1.000000000000000000, 0.000000000000000000 ) ) ;
#1359 = CARTESIAN_POINT ( 'NONE',  ( -0.6785254037820969142, 1.175240473580202449, 1.044728767066119390 ) ) ;
#1360 = TOROIDAL_SURFACE ( 'NONE', #213, 1.085663594743851990, 0.1669872981077820118 ) ;
#1361 = CARTESIAN_POINT ( 'NONE',  ( -1.732050807566456685, -4.006172263299091013E-15, 0.3780621003993648310 ) ) ;
#1362 = CARTESIAN_POINT ( 'NONE',  ( 1.017788105676977972, 0.5876202367914310498, -0.5802712329340270481 ) ) ;
#1363 = VECTOR ( 'NONE', #2008, 1000.000000000000000 ) ;
#1364 = ORIENTED_EDGE ( 'NONE', *, *, #1693, .F. ) ;
#1365 = AXIS2_PLACEMENT_3D ( 'NONE', #586, #1108, #1461 ) ;
#1366 = ORIENTED_EDGE ( 'NONE', *, *, #719, .T. ) ;
#1367 = FACE_OUTER_BOUND ( 'NONE', #191, .T. ) ;
#1368 = CARTESIAN_POINT ( 'NONE',  ( 6.106226635438359963E-13, 1.500000000000055067, -1.684437899601155086 ) ) ;
#1369 = CARTESIAN_POINT ( 'NONE',  ( 1.949829186997929962E-12, -1.175240473582199963, -1.684437899597990063 ) ) ;
#1370 = VERTEX_POINT ( 'NONE', #756 ) ;
#1371 = CARTESIAN_POINT ( 'NONE',  ( 0.8660254037863929222, -1.500000000003702816, -0.8927712329320852680 ) ) ;
#1372 = CARTESIAN_POINT ( 'NONE',  ( -0.6785254037821650819, -1.175240473584927559, -1.288604566267267382 ) ) ;
#1373 = CARTESIAN_POINT ( 'NONE',  ( 1.162264728904459996E-13, 3.851086116668509730E-13, -1.253062100398215861 ) ) ;
#1374 = CARTESIAN_POINT ( 'NONE',  ( 1.504005253671889933E-12, -1.499999999999450218, -1.496937899597539978 ) ) ;
#1375 = CARTESIAN_POINT ( 'NONE',  ( -1.084839344860976329, -0.5448069591119594213, -1.356347091605540012 ) ) ;
#1376 = ORIENTED_EDGE ( 'NONE', *, *, #886, .F. ) ;
#1377 =( BOUNDED_CURVE ( )  B_SPLINE_CURVE ( 2, ( #1872, #485, #2016, #1843, #2194, #1350, #1700, #980, #296, #804, #145, #463, #626, #1152, #2061, #1662, #1883, #1012, #1319, #1710, #1362, #827, #1672, #159, #636, #2026, #1515, #1198, #841, #2222, #1530, #167, #1331, #307, #1177, #664, #851, #132, #2209, #474, #1683, #2048, #495, #286, #815, #122, #1490, #1541, #1500, #1187, #2232, #676, #1164, #654, #1343, #1856, #2038, #320, #40, #1021, #1732, #1903, #1580, #699, #2105 ),
 .UNSPECIFIED., .F., .F. ) 
 B_SPLINE_CURVE_WITH_KNOTS ( ( 3, 2, 2, 2, 2, 2, 2, 2, 2, 2, 2, 2, 2, 2, 2, 2, 2, 2, 2, 2, 2, 2, 2, 2, 2, 2, 2, 2, 2, 2, 2, 2, 3 ),
 ( 0.1726832804678860023, 0.1904761904761904934, 0.2142857142857144959, 0.2380952380952379988, 0.2619047619047619735, 0.2857142857142855319, 0.3095238095238094789, 0.3333333333333335369, 0.3571428571428569843, 0.3809523809523809867, 0.4047619047619049892, 0.4285714285714284921, 0.4523809523809519950, 0.4761904761904759975, 0.5000000000000000000, 0.5238095238095240580, 0.5476190476190480050, 0.5714285714285709528, 0.5952380952380950108, 0.6190476190476190688, 0.6428571428571430157, 0.6666666666666669627, 0.6904761904761909097, 0.7142857142857139685, 0.7380952380952379155, 0.7619047619047620845, 0.7857142857142858094, 0.8095238095238088682, 0.8333333333333330373, 0.8571428571428569843, 0.8809523809523809312, 0.9047619047619048782, 0.9285714285714290472 ),
 .UNSPECIFIED. ) 
 CURVE ( )  GEOMETRIC_REPRESENTATION_ITEM ( )  RATIONAL_B_SPLINE_CURVE ( ( 0.9494000426179680652, 0.8998804867777799865, 1.000000000000000000, 0.8660254037844389297, 1.000000000000000000, 0.8660254037844389297, 1.000000000000000000, 0.8660254037844389297, 1.000000000000000000, 0.8660254037844389297, 1.000000000000000000, 0.8660254037844389297, 1.000000000000000000, 0.8660254037844389297, 1.000000000000000000, 0.8660254037844389297, 1.000000000000000000, 0.8660254037844389297, 1.000000000000000000, 0.8660254037844389297, 1.000000000000000000, 0.8660254037844389297, 1.000000000000000000, 0.8660254037844389297, 1.000000000000000000, 0.8660254037844389297, 1.000000000000000000, 0.8660254037844389297, 1.000000000000000000, 0.8660254037844389297, 1.000000000000000000, 0.8660254037844389297, 1.000000000000000000, 0.8660254037844389297, 1.000000000000000000, 0.8660254037844389297, 1.000000000000000000, 0.8660254037844389297, 1.000000000000000000, 0.8660254037844389297, 1.000000000000000000, 0.8660254037844389297, 1.000000000000000000, 0.8660254037844389297, 1.000000000000000000, 0.8660254037844389297, 1.000000000000000000, 0.8660254037844389297, 1.000000000000000000, 0.8660254037844389297, 1.000000000000000000, 0.8660254037844389297, 1.000000000000000000, 0.8660254037844389297, 1.000000000000000000, 0.8660254037844389297, 1.000000000000000000, 0.8660254037844389297, 1.000000000000000000, 0.8660254037844389297, 1.000000000000000000, 0.8660254037844389297, 1.000000000000000000, 0.8660254037844389297, 1.000000000000000000 ) ) 
 REPRESENTATION_ITEM ( '' )  );
#1378 = CARTESIAN_POINT ( 'NONE',  ( -0.1326401055157265807, 0.7894456031568566345, 1.082514581804362219 ) ) ;
#1379 = ORIENTED_EDGE ( 'NONE', *, *, #1282, .T. ) ;
#1380 = CARTESIAN_POINT ( 'NONE',  ( 1.299038105676582067, 0.7500000000003680389, 0.2322287670661895287 ) ) ;
#1381 = EDGE_CURVE ( 'NONE', #422, #1456, #35, .T. ) ;
#1382 = CARTESIAN_POINT ( 'NONE',  ( 1.886772034560090255E-12, 1.199999999999893818, 1.253062100398975920 ) ) ;
#1383 = CARTESIAN_POINT ( 'NONE',  ( 1.333113724936239919, 0.2740571650807315240, -1.210701216669550773 ) ) ;
#1384 = CARTESIAN_POINT ( 'NONE',  ( -1.017788105676932009, -0.5876202367908239799, 1.169728767069056152 ) ) ;
#1385 = DIRECTION ( 'NONE',  ( -1.489724667855100002E-14, 1.506676319129329932E-14, 1.000000000000000000 ) ) ;
#1386 = CARTESIAN_POINT ( 'NONE',  ( -1.180681347926010316, -0.2035288386825826190, -1.370847037017871806 ) ) ;
#1387 = ORIENTED_EDGE ( 'NONE', *, *, #93, .F. ) ;
#1388 = ORIENTED_EDGE ( 'NONE', *, *, #1020, .T. ) ;
#1389 = CARTESIAN_POINT ( 'NONE',  ( -2.324529457808919992E-13, 1.500000000000450084, 0.2530621003985489836 ) ) ;
#1390 =( BOUNDED_SURFACE ( )  B_SPLINE_SURFACE ( 1, 2, ( 
 ( #1488, #790, #130, #624, #1649, #1478, #813, #1114, #1136, #2173, #461, #1638, #430, #99, #1627, #1819, #440, #764, #1498, #1967, #774, #1317, #254, #2014, #1297, #2160, #275, #451, #580, #416, #1466, #955, #108, #1100, #2002, #1830, #284, #120, #1149, #1978, #1841, #1800, #935, #591, #1810, #1355, #835, #468, #1704, #2200, #2031, #1521, #2064, #1008, #2226, #845, #170, #1336, #313, #489, #163, #336, #984, #2216, #644, #996, #1016, #1533, #514, #973, #138, #1887, #669, #1505, #126, #2052, #1667, #820, #1495, #504, #658, #479, #153, #1193, #1169 ),
 ( #2238, #1866, #1713, #854, #1545, #1690, #683, #1202, #2042, #1181, #2188, #291, #1368, #809, #1346, #630, #1877, #326, #1323, #2021, #1156, #1849, #301, #1676, #356, #212, #2100, #1597, #202, #1023, #376, #881, #1573, #1069, #906, #723, #12, #194, #1756, #553, #54, #733, #544, #1906, #702, #893, #1422, #692, #1927, #180, #2119, #1243, #345, #1554, #1233, #1057, #1586, #44, #1380, #1212, #1564, #1412, #2109, #1037, #1739, #863, #1747, #2076, #524, #873, #561, #1724, #1936, #385, #24, #1771, #1897, #1402, #1391, #226, #34, #2088, #534, #1224, #1918 ) ),
 .UNSPECIFIED., .F., .F., .T. ) 
 B_SPLINE_SURFACE_WITH_KNOTS ( ( 2, 2 ),
 ( 3, 2, 2, 2, 2, 2, 2, 2, 2, 2, 2, 2, 2, 2, 2, 2, 2, 2, 2, 2, 2, 2, 2, 2, 2, 2, 2, 2, 2, 2, 2, 2, 2, 2, 2, 2, 2, 2, 2, 2, 2, 2, 3 ),
 ( 0.000000000000000000, 1.000000000000000000 ),
 ( 0.000000000000000000, 0.02380952380952379779, 0.04761904761904759559, 0.07142857142857139685, 0.09523809523809519118, 0.1190476190476189994, 0.1428571428571430157, 0.1666666666666665186, 0.1904761904761904934, 0.2142857142857144959, 0.2380952380952379988, 0.2619047619047619735, 0.2857142857142855319, 0.3095238095238094789, 0.3333333333333335369, 0.3571428571428569843, 0.3809523809523809867, 0.4047619047619049892, 0.4285714285714284921, 0.4523809523809519950, 0.4761904761904759975, 0.5000000000000000000, 0.5238095238095240580, 0.5476190476190480050, 0.5714285714285709528, 0.5952380952380950108, 0.6190476190476190688, 0.6428571428571430157, 0.6666666666666670737, 0.6904761904761910207, 0.7142857142857139685, 0.7380952380952380265, 0.7619047619047620845, 0.7857142857142859205, 0.8095238095238089793, 0.8333333333333330373, 0.8571428571428569843, 0.8809523809523809312, 0.9047619047619049892, 0.9285714285714290472, 0.9523809523809519950, 0.9761904761904759420, 1.000000000000000000 ),
 .UNSPECIFIED. ) 
 GEOMETRIC_REPRESENTATION_ITEM ( )  RATIONAL_B_SPLINE_SURFACE ( (
 ( 1.000000000000000000, 0.8660254037844389297, 1.000000000000000000, 0.8660254037844389297, 1.000000000000000000, 0.8660254037844389297, 1.000000000000000000, 0.8660254037844389297, 1.000000000000000000, 0.8660254037844389297, 1.000000000000000000, 0.8660254037844389297, 1.000000000000000000, 0.8660254037844389297, 1.000000000000000000, 0.8660254037844389297, 1.000000000000000000, 0.8660254037844389297, 1.000000000000000000, 0.8660254037844389297, 1.000000000000000000, 0.8660254037844389297, 1.000000000000000000, 0.8660254037844389297, 1.000000000000000000, 0.8660254037844389297, 1.000000000000000000, 0.8660254037844389297, 1.000000000000000000, 0.8660254037844389297, 1.000000000000000000, 0.8660254037844389297, 1.000000000000000000, 0.8660254037844389297, 1.000000000000000000, 0.8660254037844389297, 1.000000000000000000, 0.8660254037844389297, 1.000000000000000000, 0.8660254037844389297, 1.000000000000000000, 0.8660254037844389297, 1.000000000000000000, 0.8660254037844389297, 1.000000000000000000, 0.8660254037844389297, 1.000000000000000000, 0.8660254037844389297, 1.000000000000000000, 0.8660254037844389297, 1.000000000000000000, 0.8660254037844389297, 1.000000000000000000, 0.8660254037844389297, 1.000000000000000000, 0.8660254037844389297, 1.000000000000000000, 0.8660254037844389297, 1.000000000000000000, 0.8660254037844389297, 1.000000000000000000, 0.8660254037844389297, 1.000000000000000000, 0.8660254037844389297, 1.000000000000000000, 0.8660254037844389297, 1.000000000000000000, 0.8660254037844389297, 1.000000000000000000, 0.8660254037844389297, 1.000000000000000000, 0.8660254037844389297, 1.000000000000000000, 0.8660254037844389297, 1.000000000000000000, 0.8660254037844389297, 1.000000000000000000, 0.8660254037844389297, 1.000000000000000000, 0.8660254037844389297, 1.000000000000000000, 0.8660254037844389297, 1.000000000000000000, 0.8660254037844389297, 1.000000000000000000),
 ( 1.000000000000000000, 0.8660254037844389297, 1.000000000000000000, 0.8660254037844389297, 1.000000000000000000, 0.8660254037844389297, 1.000000000000000000, 0.8660254037844389297, 1.000000000000000000, 0.8660254037844389297, 1.000000000000000000, 0.8660254037844389297, 1.000000000000000000, 0.8660254037844389297, 1.000000000000000000, 0.8660254037844389297, 1.000000000000000000, 0.8660254037844389297, 1.000000000000000000, 0.8660254037844389297, 1.000000000000000000, 0.8660254037844389297, 1.000000000000000000, 0.8660254037844389297, 1.000000000000000000, 0.8660254037844389297, 1.000000000000000000, 0.8660254037844389297, 1.000000000000000000, 0.8660254037844389297, 1.000000000000000000, 0.8660254037844389297, 1.000000000000000000, 0.8660254037844389297, 1.000000000000000000, 0.8660254037844389297, 1.000000000000000000, 0.8660254037844389297, 1.000000000000000000, 0.8660254037844389297, 1.000000000000000000, 0.8660254037844389297, 1.000000000000000000, 0.8660254037844389297, 1.000000000000000000, 0.8660254037844389297, 1.000000000000000000, 0.8660254037844389297, 1.000000000000000000, 0.8660254037844389297, 1.000000000000000000, 0.8660254037844389297, 1.000000000000000000, 0.8660254037844389297, 1.000000000000000000, 0.8660254037844389297, 1.000000000000000000, 0.8660254037844389297, 1.000000000000000000, 0.8660254037844389297, 1.000000000000000000, 0.8660254037844389297, 1.000000000000000000, 0.8660254037844389297, 1.000000000000000000, 0.8660254037844389297, 1.000000000000000000, 0.8660254037844389297, 1.000000000000000000, 0.8660254037844389297, 1.000000000000000000, 0.8660254037844389297, 1.000000000000000000, 0.8660254037844389297, 1.000000000000000000, 0.8660254037844389297, 1.000000000000000000, 0.8660254037844389297, 1.000000000000000000, 0.8660254037844389297, 1.000000000000000000, 0.8660254037844389297, 1.000000000000000000, 0.8660254037844389297, 1.000000000000000000) ) ) 
 REPRESENTATION_ITEM ( '' )  SURFACE ( )  );
#1391 = CARTESIAN_POINT ( 'NONE',  ( 2.584737979205445095E-13, -1.500000000000670131, 1.065562100402706047 ) ) ;
#1392 = CARTESIAN_POINT ( 'NONE',  ( 5.013350845572970483E-13, -1.500000000000284883, -0.9969378995972608681 ) ) ;
#1393 = CARTESIAN_POINT ( 'NONE',  ( 0.1467233137871491178, -1.268255982094991019, -1.295261051612143888 ) ) ;
#1394 = CARTESIAN_POINT ( 'NONE',  ( 0.6785254037867435306, -1.175240473584289846, -1.205271232932480840 ) ) ;
#1395 = CARTESIAN_POINT ( 'NONE',  ( 1.017788105677741806, -0.5876202367925899006, 0.3988954337325045230 ) ) ;
#1396 = ADVANCED_FACE ( 'NONE', ( #433 ), #1223, .T. ) ;
#1397 = CARTESIAN_POINT ( 'NONE',  ( 0.7500000000023500091, -0.4330127018932274918, 1.136136335478932002 ) ) ;
#1398 = CARTESIAN_POINT ( 'NONE',  ( 0.1352965599374922889, 0.7879118984844140083, 1.081440670225850553 ) ) ;
#1399 = ORIENTED_EDGE ( 'NONE', *, *, #717, .F. ) ;
#1400 = AXIS2_PLACEMENT_3D ( 'NONE', #104, #1130, #1823 ) ;
#1401 = CIRCLE ( 'NONE', #1072, 0.7499999999999760192 ) ;
#1402 = CARTESIAN_POINT ( 'NONE',  ( -0.8660254037818531092, -1.500000000000844880, 1.023895433733176263 ) ) ;
#1403 = CARTESIAN_POINT ( 'NONE',  ( -0.6785254037815117156, -1.175240473579802991, 0.7738954337328548538 ) ) ;
#1404 = CARTESIAN_POINT ( 'NONE',  ( 0.3234320711219195177, -1.240129146471918409, -1.288257639945479927 ) ) ;
#1405 = CARTESIAN_POINT ( 'NONE',  ( -0.6785254037817758377, 1.175240473580257961, 0.04472876706611511599 ) ) ;
#1406 = CARTESIAN_POINT ( 'NONE',  ( -1.017788105676283861, -0.5876202367905389856, 0.2322287670686875027 ) ) ;
#1407 = CARTESIAN_POINT ( 'NONE',  ( 2.440755930699370409E-12, -0.8660254037853899467, 1.136136335480320003 ) ) ;
#1408 = EDGE_CURVE ( 'NONE', #1482, #533, #830, .T. ) ;
#1409 = DIRECTION ( 'NONE',  ( -1.489724667854980095E-14, 1.484481399661556346E-14, 1.000000000000000000 ) ) ;
#1410 = EDGE_LOOP ( 'NONE', ( #431, #721, #1321, #777, #2228 ) ) ;
#1411 = CARTESIAN_POINT ( 'NONE',  ( -0.6785254037817644024, -1.175240473584927781, -1.226104566267280482 ) ) ;
#1412 = CARTESIAN_POINT ( 'NONE',  ( -0.8660254037821751849, 1.500000000000579092, 0.3572287670660365122 ) ) ;
#1413 = CARTESIAN_POINT ( 'NONE',  ( 1.017788105678794075, -0.5876202367921490310, 0.8988954337325610888 ) ) ;
#1414 = CARTESIAN_POINT ( 'NONE',  ( 0.9572943340585094996, -0.8943502568277531539, -1.258821140707956587 ) ) ;
#1415 = CALENDAR_DATE ( 2026, 22, 6 ) ;
#1416 = DIRECTION ( 'NONE',  ( -1.489724667855164058E-14, -1.467678511451905921E-14, 1.000000000000000000 ) ) ;
#1417 = FACE_OUTER_BOUND ( 'NONE', #410, .T. ) ;
#1418 = DIRECTION ( 'NONE',  ( -0.8660254037844351549, 0.5000000000000061062, 2.032380106837570467E-14 ) ) ;
#1419 = ORIENTED_EDGE ( 'NONE', *, *, #1718, .F. ) ;
#1420 = CARTESIAN_POINT ( 'NONE',  ( 1.017788105677754018, 0.5876202367932699122, -0.5177712329340610209 ) ) ;
#1421 = ADVANCED_FACE ( 'NONE', ( #594 ), #1360, .T. ) ;
#1422 = CARTESIAN_POINT ( 'NONE',  ( 1.299038105678109956, 0.7500000000016380231, -0.2677712329337554875 ) ) ;
#1423 = EDGE_LOOP ( 'NONE', ( #1746, #2151, #354, #2085 ) ) ;
#1424 = CARTESIAN_POINT ( 'NONE',  ( -1.357050807566750894, -9.734998599816786783E-13, 1.190562100400185175 ) ) ;
#1425 = CARTESIAN_POINT ( 'NONE',  ( 0.4745307571459788654, -1.196430254373018309, -1.281908775023534286 ) ) ;
#1426 = CARTESIAN_POINT ( 'NONE',  ( 8.625045122556688660E-14, -1.499999999999632072, -1.253062100398239842 ) ) ;
#1427 = CARTESIAN_POINT ( 'NONE',  ( 8.625045122556688660E-14, -1.499999999999632072, -1.253062100398239842 ) ) ;
#1428 = CARTESIAN_POINT ( 'NONE',  ( 1.357050807571900775, -3.453320490963815129E-12, -1.559437899601109567 ) ) ;
#1429 = DIRECTION ( 'NONE',  ( 1.488970983546780038E-14, 1.484481399661612197E-14, 1.000000000000000000 ) ) ;
#1430 = ORIENTED_EDGE ( 'NONE', *, *, #2118, .F. ) ;
#1431 = CARTESIAN_POINT ( 'NONE',  ( -1.017788105676384003, 0.5876202367898799572, -0.8511045662654149746 ) ) ;
#1432 = PERSON_AND_ORGANIZATION ( #18446744073709551615, #18446744073709551615 ) ;
#1433 = CARTESIAN_POINT ( 'NONE',  ( -0.7499999999981029619, 4.144765617722319560E-14, 0.3155621003985255024 ) ) ;
#1434 =( BOUNDED_CURVE ( )  B_SPLINE_CURVE ( 2, ( #1895, #532, #193, #2062, #1022 ),
 .UNSPECIFIED., .F., .F. ) 
 B_SPLINE_CURVE_WITH_KNOTS ( ( 3, 2, 3 ),
 ( 0.3189019966657125060, 0.3333333333333259874, 0.3571428571428384990 ),
 .UNSPECIFIED. ) 
 CURVE ( )  GEOMETRIC_REPRESENTATION_ITEM ( )  RATIONAL_B_SPLINE_CURVE ( ( 0.9360299799941589338, 0.9187958348783960005, 1.000000000000000000, 0.8660254037845439568, 0.9999999999998939737 ) ) 
 REPRESENTATION_ITEM ( '' )  );
#1435 = AXIS2_PLACEMENT_3D ( 'NONE', #2180, #1867, #1999 ) ;
#1436 = VERTEX_POINT ( 'NONE', #65 ) ;
#1437 = CARTESIAN_POINT ( 'NONE',  ( 1.386044057305470080E-12, 1.724315135120945040E-12, -0.1174506014935959991 ) ) ;
#1438 = CARTESIAN_POINT ( 'NONE',  ( -1.122925464137067175, -0.4640607127305950153, 1.244421656643087903 ) ) ;
#1439 = CARTESIAN_POINT ( 'NONE',  ( 1.123356327827539802, -0.9587832592187703895, 1.059199670647966496 ) ) ;
#1440 = LINE ( 'NONE', #2138, #601 ) ;
#1441 = CARTESIAN_POINT ( 'NONE',  ( -0.4030500396574541733, -1.104022187777446984, 1.253065775826396777 ) ) ;
#1442 = ORIENTED_EDGE ( 'NONE', *, *, #133, .T. ) ;
#1443 = CARTESIAN_POINT ( 'NONE',  ( 0.6785254037876453648, -1.175240473584936662, -0.1427712329326197571 ) ) ;
#1444 =( BOUNDED_CURVE ( )  B_SPLINE_CURVE ( 2, ( #53, #560, #1605, #2129, #1616, #1935, #1080 ),
 .UNSPECIFIED., .F., .F. ) 
 B_SPLINE_CURVE_WITH_KNOTS ( ( 3, 2, 2, 3 ),
 ( 0.7142857142857139685, 0.7380952380952290337, 0.7619047619047429887, 0.7857142857142579428 ),
 .UNSPECIFIED. ) 
 CURVE ( )  GEOMETRIC_REPRESENTATION_ITEM ( )  RATIONAL_B_SPLINE_CURVE ( ( 1.000000000000000000, 0.8660254037844389297, 1.000000000000000000, 0.8660254037844389297, 1.000000000000000000, 0.8660254037845960262, 0.9999999999998420153 ) ) 
 REPRESENTATION_ITEM ( '' )  );
#1445 = CARTESIAN_POINT ( 'NONE',  ( 1.861358289723114820E-12, -2.334937798664785176E-12, 1.042999838935632084 ) ) ;
#1446 = CARTESIAN_POINT ( 'NONE',  ( 0.8660254037863017729, -1.500000000000896838, 0.6072287670679044069 ) ) ;
#1447 = ADVANCED_FACE ( 'NONE', ( #1301 ), #327, .T. ) ;
#1448 = CARTESIAN_POINT ( 'NONE',  ( -1.249006487886791916, 0.1042947878474427686, 1.222770737333604085 ) ) ;
#1449 = DIRECTION ( 'NONE',  ( 1.488970983546780038E-14, 1.484481399661612197E-14, 1.000000000000000000 ) ) ;
#1450 = CARTESIAN_POINT ( 'NONE',  ( 1.089140709190837830, -1.000786538635756617, 1.057621157747471452 ) ) ;
#1451 = EDGE_CURVE ( 'NONE', #1240, #2078, #926, .T. ) ;
#1452 = DESIGN_CONTEXT ( 'detailed design', #1151, 'design' ) ;
#1453 = CARTESIAN_POINT ( 'NONE',  ( 7.427392034580189495E-14, -1.500000000001654898, -0.4344378995974265134 ) ) ;
#1454 = CARTESIAN_POINT ( 'NONE',  ( 1.732050807570925999, 1.494302254210560445E-12, 0.1905621003998605179 ) ) ;
#1455 = CARTESIAN_POINT ( 'NONE',  ( -0.7499999999993739452, -0.4330127018942264705, 0.3155621004026775145 ) ) ;
#1456 = VERTEX_POINT ( 'NONE', #1949 ) ;
#1457 = PERSON_AND_ORGANIZATION ( #18446744073709551615, #18446744073709551615 ) ;
#1458 = CARTESIAN_POINT ( 'NONE',  ( -1.372006238270411238, -0.4035049322675224315, -1.138777927684016866 ) ) ;
#1459 = ORIENTED_EDGE ( 'NONE', *, *, #281, .F. ) ;
#1460 = CARTESIAN_POINT ( 'NONE',  ( 5.204170427930419390E-14, 1.500000000000055067, -0.7469378996014520711 ) ) ;
#1461 = DIRECTION ( 'NONE',  ( 1.000000000000000000, 1.887379141862815028E-14, -1.490366074017522686E-14 ) ) ;
#1462 = APPROVAL_DATE_TIME ( #1109, #969 ) ;
#1463 = CARTESIAN_POINT ( 'NONE',  ( 0.8898381495692604393, -1.199156677396209236, 1.049199613493856598 ) ) ;
#1464 = CARTESIAN_POINT ( 'NONE',  ( 4.111804420841540451E-13, 1.426742561360341943, -1.142142697683210084 ) ) ;
#1465 = CARTESIAN_POINT ( 'NONE',  ( 7.546047120499110861E-13, -1.499999999999436007, 0.06556210040270520067 ) ) ;
#1466 = CARTESIAN_POINT ( 'NONE',  ( 2.374836438612250124E-12, -1.175240473579756140, -0.7469378995976220237 ) ) ;
#1467 = VERTEX_POINT ( 'NONE', #746 ) ;
#1468 = AXIS2_PLACEMENT_3D ( 'NONE', #1553, #2086, #9 ) ;
#1469 = CARTESIAN_POINT ( 'NONE',  ( 1.861358289723114820E-12, -2.334937798664785176E-12, 1.042999838935632084 ) ) ;
#1470 = AXIS2_PLACEMENT_3D ( 'NONE', #1952, #577, #1962 ) ;
#1471 = VERTEX_POINT ( 'NONE', #247 ) ;
#1472 = CARTESIAN_POINT ( 'NONE',  ( 1.178362962777219942E-13, 1.499999999999116040, 0.8155621003986449624 ) ) ;
#1473 = CARTESIAN_POINT ( 'NONE',  ( -1.231633724059512103, 0.2445260705772804577, 1.217586973169767939 ) ) ;
#1474 = VECTOR ( 'NONE', #249, 1000.000000000000000 ) ;
#1475 = CARTESIAN_POINT ( 'NONE',  ( -1.299038105675794030, 0.7500000000014720447, -0.1011045662653864002 ) ) ;
#1476 = AXIS2_PLACEMENT_3D ( 'NONE', #273, #1486, #1134 ) ;
#1477 = CARTESIAN_POINT ( 'NONE',  ( -0.7499999999994200195, -0.4330127018929464944, 1.136136335482319959 ) ) ;
#1478 = CARTESIAN_POINT ( 'NONE',  ( -0.6785254037813279737, -1.175240473585449585, -1.788604566267271823 ) ) ;
#1479 = ORIENTED_EDGE ( 'NONE', *, *, #938, .T. ) ;
#1480 = EDGE_CURVE ( 'NONE', #1213, #2162, #766, .T. ) ;
#1481 = CARTESIAN_POINT ( 'NONE',  ( -1.001690092831364121, -1.265021865774704768, 1.010841092943978836 ) ) ;
#1482 = VERTEX_POINT ( 'NONE', #421 ) ;
#1483 = CARTESIAN_POINT ( 'NONE',  ( 0.8660254037872751054, 1.500000000000526912, 0.7738954337338660450 ) ) ;
#1484 = CARTESIAN_POINT ( 'NONE',  ( -1.231736165346261958, -0.07300580256513865274, 1.229345928413960287 ) ) ;
#1485 = CARTESIAN_POINT ( 'NONE',  ( 0.7500000000006750156, -0.4330127018921139936, 0.3155621003988475226 ) ) ;
#1486 = DIRECTION ( 'NONE',  ( 1.000000000000000000, 1.776356839400340079E-14, 1.489724667854953905E-14 ) ) ;
#1487 = CARTESIAN_POINT ( 'NONE',  ( 1.054711873393899925E-12, 1.175240473580147826, -1.496937899601591848 ) ) ;
#1488 = CARTESIAN_POINT ( 'NONE',  ( 2.619432448724980227E-13, 1.175240473579879819, -1.996937899601650024 ) ) ;
#1489 = CARTESIAN_POINT ( 'NONE',  ( 3.217280109724680165E-13, -1.268248912309386078, -1.300636346734651783 ) ) ;
#1490 = CARTESIAN_POINT ( 'NONE',  ( 1.889113865338745349E-12, 1.175240473579812095, 0.5030621003981879946 ) ) ;
#1491 = DIRECTION ( 'NONE',  ( -1.998401444325255583E-14, -1.000000000000000000, -1.450971739288202592E-14 ) ) ;
#1492 = EDGE_CURVE ( 'NONE', #295, #2116, #608, .T. ) ;
#1493 = ORIENTED_EDGE ( 'NONE', *, *, #1693, .T. ) ;
#1494 = FACE_OUTER_BOUND ( 'NONE', #311, .T. ) ;
#1495 = CARTESIAN_POINT ( 'NONE',  ( 1.094610513341364065E-12, -1.175240473580029921, 1.253062100402711820 ) ) ;
#1496 = DIRECTION ( 'NONE',  ( 2.491465594561716216E-14, 0.8191520442889973497, -0.5735764363510381658 ) ) ;
#1497 = CARTESIAN_POINT ( 'NONE',  ( 0.6785254037876568001, 1.175240473579680645, 0.02389543373285106867 ) ) ;
#1498 = CARTESIAN_POINT ( 'NONE',  ( 4.874572967494830965E-13, -1.175240473580750011, -1.246937899597790000 ) ) ;
#1499 = ORIENTED_EDGE ( 'NONE', *, *, #2039, .T. ) ;
#1500 = CARTESIAN_POINT ( 'NONE',  ( -1.017788105675939914, 0.5876202367894809431, 0.5863954337345660406 ) ) ;
#1501 = FACE_OUTER_BOUND ( 'NONE', #2214, .T. ) ;
#1502 = CARTESIAN_POINT ( 'NONE',  ( -1.342468506602956024, 0.1570426753014186605, -1.217318820067668783 ) ) ;
#1503 = ORIENTED_EDGE ( 'NONE', *, *, #1995, .F. ) ;
#1504 = PLANE ( 'NONE',  #1914 ) ;
#1505 = CARTESIAN_POINT ( 'NONE',  ( -0.6785254037820969142, 1.175240473580202449, 1.044728767066119390 ) ) ;
#1506 = CONICAL_SURFACE ( 'NONE', #1981, 0.7499999999999760192, 1.047197551196598297 ) ;
#1507 = CARTESIAN_POINT ( 'NONE',  ( -1.732050807566579254, -5.123894324759540821E-12, -0.6219378996006399429 ) ) ;
#1508 = CARTESIAN_POINT ( 'NONE',  ( -0.6785254037819007378, -1.175240473582886080, -1.726104566267286033 ) ) ;
#1509 = ORIENTED_EDGE ( 'NONE', *, *, #925, .F. ) ;
#1510 = AXIS2_PLACEMENT_3D ( 'NONE', #1734, #666, #1884 ) ;
#1511 = CARTESIAN_POINT ( 'NONE',  ( -2.324529457808919992E-13, 1.500000000000450084, 0.2530621003985489836 ) ) ;
#1512 = CARTESIAN_POINT ( 'NONE',  ( -1.357050807567119710, -1.241913401622717528E-13, 0.1905621003997964580 ) ) ;
#1513 = CIRCLE ( 'NONE', #684, 1.500000000000000000 ) ;
#1514 = CARTESIAN_POINT ( 'NONE',  ( 0.8660254037876022881, 1.499999999999182210, 0.7113954337329347899 ) ) ;
#1515 = CARTESIAN_POINT ( 'NONE',  ( -1.017788105674769961, -0.5876202367897649381, -0.3302712329313339801 ) ) ;
#1516 = CARTESIAN_POINT ( 'NONE',  ( -0.7499999999993739452, -0.4330127018942264705, 0.3155621004026775145 ) ) ;
#1517 = CARTESIAN_POINT ( 'NONE',  ( 4.111804420841540451E-13, 1.426742561360341943, -1.142142697683210084 ) ) ;
#1518 = CARTESIAN_POINT ( 'NONE',  ( -1.373000589526584436, -0.3970200133415588417, -1.139638957500576089 ) ) ;
#1519 = ORIENTED_EDGE ( 'NONE', *, *, #349, .F. ) ;
#1520 = DIRECTION ( 'NONE',  ( -1.489724667855159955E-14, -1.460058925613764254E-14, 1.000000000000000000 ) ) ;
#1521 = CARTESIAN_POINT ( 'NONE',  ( -1.357050807566147599, -6.489999066544531590E-13, 0.1280621003998118346 ) ) ;
#1522 = CARTESIAN_POINT ( 'NONE',  ( -1.299038105676070032, -0.7500000000004070078, -0.01777123292984184727 ) ) ;
#1523 = CARTESIAN_POINT ( 'NONE',  ( 0.6785254037879179245, 1.175240473578333944, -0.9761045662671531398 ) ) ;
#1524 = ORIENTED_EDGE ( 'NONE', *, *, #607, .T. ) ;
#1525 = CARTESIAN_POINT ( 'NONE',  ( 5.603156827405089944E-13, -1.500000000000440092, 0.5030621004026850640 ) ) ;
#1526 = CARTESIAN_POINT ( 'NONE',  ( -1.017788105674602095, 0.5876202367889920009, 0.6488954337345310686 ) ) ;
#1527 = B_SPLINE_CURVE_WITH_KNOTS ( 'NONE', 3,
 ( #727, #566, #1635, #2113 ),
 .UNSPECIFIED., .F., .F.,
 ( 4, 4 ),
 ( 0.000000000000000000, 1.000000000000000000 ),
 .UNSPECIFIED. ) ;
#1528 = CARTESIAN_POINT ( 'NONE',  ( 1.316655118266395979E-12, -1.500000000000665024, 1.003062100402739798 ) ) ;
#1529 = CARTESIAN_POINT ( 'NONE',  ( -1.299038105676008081, 0.7499999999995911049, -1.163604566265352025 ) ) ;
#1530 = CARTESIAN_POINT ( 'NONE',  ( 1.017788105677192023, -0.5876202367900459356, -0.1636045662675164880 ) ) ;
#1531 = CARTESIAN_POINT ( 'NONE',  ( -1.108864455239608748, 0.6335648071642793200, -1.292050942244880485 ) ) ;
#1532 = DIRECTION ( 'NONE',  ( -1.998401444325255583E-14, -1.000000000000000000, -1.460058925613812533E-14 ) ) ;
#1533 = CARTESIAN_POINT ( 'NONE',  ( 0.6785254037874652866, -1.175240473580188461, 0.7947287670682979810 ) ) ;
#1534 = CARTESIAN_POINT ( 'NONE',  ( 1.017788105677754018, 0.5876202367932699122, -0.5177712329340610209 ) ) ;
#1535 = EDGE_LOOP ( 'NONE', ( #1789, #2193, #2015 ) ) ;
#1536 = CARTESIAN_POINT ( 'NONE',  ( 1.299038105678312016, -0.7500000000009720003, 0.5863954337328449729 ) ) ;
#1537 = CARTESIAN_POINT ( 'NONE',  ( -0.6785254037824769435, -1.175240473580706269, 0.2738954337328523558 ) ) ;
#1538 =( BOUNDED_CURVE ( )  B_SPLINE_CURVE ( 2, ( #1047, #711, #1128, #79, #1275, #1481, #767 ),
 .UNSPECIFIED., .F., .F. ) 
 B_SPLINE_CURVE_WITH_KNOTS ( ( 3, 2, 2, 3 ),
 ( 0.8571428571428820753, 0.8809523809523970295, 0.9047619047619109844, 0.9218281578370889351 ),
 .UNSPECIFIED. ) 
 CURVE ( )  GEOMETRIC_REPRESENTATION_ITEM ( )  RATIONAL_B_SPLINE_CURVE ( ( 0.9999999999998619993, 0.8660254037845769304, 1.000000000000000000, 0.8660254037844389297, 1.000000000000000000, 0.9039693366842639355, 0.9456048960309569873 ) ) 
 REPRESENTATION_ITEM ( '' )  );
#1539 = CARTESIAN_POINT ( 'NONE',  ( 1.299038105677883914, 0.7500000000007470691, 1.169728767066670061 ) ) ;
#1540 = CARTESIAN_POINT ( 'NONE',  ( 1.299038105677309929, -0.7500000000004169998, 0.08639543373289980399 ) ) ;
#1541 = CARTESIAN_POINT ( 'NONE',  ( -0.6785254037818486683, 1.175240473580449585, 0.5447287670661175030 ) ) ;
#1542 = CARTESIAN_POINT ( 'NONE',  ( -1.134669449331662028, 0.3061297298434519920, -1.393644785462055946 ) ) ;
#1543 = CARTESIAN_POINT ( 'NONE',  ( -0.6962289032198140104, 0.9807585529421319892, -1.372654837452535359 ) ) ;
#1544 = PLANE ( 'NONE',  #429 ) ;
#1545 = CARTESIAN_POINT ( 'NONE',  ( -1.299038105675457855, -0.7500000000017940094, -2.017771232930065217 ) ) ;
#1546 = CARTESIAN_POINT ( 'NONE',  ( 0.8660254037865168231, 1.500000000000006439, 1.711395433733835958 ) ) ;
#1547 = CARTESIAN_POINT ( 'NONE',  ( -1.490329546594910015, 0.1700524699696540076, -1.068885259039419999 ) ) ;
#1548 = CARTESIAN_POINT ( 'NONE',  ( 1.889113865338745349E-12, 1.175240473579812095, 0.5030621003981879946 ) ) ;
#1549 = CARTESIAN_POINT ( 'NONE',  ( 1.732050807572138806, -3.461332835490417791E-12, -1.371937899600130351 ) ) ;
#1550 = AXIS2_PLACEMENT_3D ( 'NONE', #2003, #1298, #452 ) ;
#1551 = CARTESIAN_POINT ( 'NONE',  ( -0.9845342003143792153, -0.7220149463884617536, -1.348457072274730884 ) ) ;
#1552 = EDGE_CURVE ( 'NONE', #1436, #1482, #1513, .T. ) ;
#1553 = CARTESIAN_POINT ( 'NONE',  ( 1.861358289723114820E-12, -2.334937798664785176E-12, 1.042999838935632084 ) ) ;
#1554 = CARTESIAN_POINT ( 'NONE',  ( -0.8660254037818369000, -1.499999999999690248, 0.02389543373317161434 ) ) ;
#1555 = CARTESIAN_POINT ( 'NONE',  ( 0.8660254037864522081, -1.499999999999429345, 1.544728767069774689 ) ) ;
#1556 = ORIENTED_EDGE ( 'NONE', *, *, #1673, .F. ) ;
#1557 = CARTESIAN_POINT ( 'NONE',  ( 1.018494813509973618, -0.8334616961119576395, -1.255495640356103948 ) ) ;
#1558 = CARTESIAN_POINT ( 'NONE',  ( 0.6785254037874652866, -1.175240473580188461, 0.7947287670682979810 ) ) ;
#1559 = CARTESIAN_POINT ( 'NONE',  ( 0.4184267379598335945, 1.288425333606043610, 1.144798330117982044 ) ) ;
#1560 = CARTESIAN_POINT ( 'NONE',  ( -1.299038105674280130, -0.7500000000005839773, -1.080271232929920000 ) ) ;
#1561 = CARTESIAN_POINT ( 'NONE',  ( -0.9454586632013075587, -0.7762360569617923201, -1.345589866276778901 ) ) ;
#1562 = EDGE_LOOP ( 'NONE', ( #1334, #2099, #2087 ) ) ;
#1563 = CARTESIAN_POINT ( 'NONE',  ( 0.7500000000011199930, 0.4330127018918885073, 0.3155621003982925221 ) ) ;
#1564 = CARTESIAN_POINT ( 'NONE',  ( 5.585809592645319854E-13, 1.499999999998889999, 0.3155621003985145112 ) ) ;
#1565 = EDGE_CURVE ( 'NONE', #890, #462, #78, .T. ) ;
#1566 = DIRECTION ( 'NONE',  ( -1.998401444325255583E-14, -1.000000000000000000, -1.460058925613812533E-14 ) ) ;
#1567 = CARTESIAN_POINT ( 'NONE',  ( 1.279517278637569255, -0.3816232835206039287, -1.236494044346154286 ) ) ;
#1568 = CARTESIAN_POINT ( 'NONE',  ( 0.6785254037869362653, 1.175240473580260181, 0.9613954337337690115 ) ) ;
#1569 = CARTESIAN_POINT ( 'NONE',  ( 1.604619215278544947E-12, -1.175240473581852019, 0.8155621004022899356 ) ) ;
#1570 = DIRECTION ( 'NONE',  ( 0.5000000000000061062, 0.8660254037844351549, 5.407362696246736954E-15 ) ) ;
#1571 = CARTESIAN_POINT ( 'NONE',  ( -0.4239102176761548879, -1.096181760896702162, 1.253062978089739543 ) ) ;
#1572 = VERTEX_POINT ( 'NONE', #2184 ) ;
#1573 = CARTESIAN_POINT ( 'NONE',  ( 1.299038105677944088, -0.7500000000011419754, -0.8511045662671360423 ) ) ;
#1574 = CARTESIAN_POINT ( 'NONE',  ( 1.017788105678485877, 0.5876202367889880041, 0.9822287670658849112 ) ) ;
#1575 = EDGE_CURVE ( 'NONE', #2019, #52, #454, .T. ) ;
#1576 = CARTESIAN_POINT ( 'NONE',  ( 1.225125882656816323, 0.6175129444956012348, -1.197597194541792032 ) ) ;
#1577 = CARTESIAN_POINT ( 'NONE',  ( 1.017788105678854027, -0.5876202367903660129, -1.163604566267406160 ) ) ;
#1578 = CARTESIAN_POINT ( 'NONE',  ( 0.6785254037872561206, 1.175240473579170164, 0.5238954337328532995 ) ) ;
#1579 = AXIS2_PLACEMENT_3D ( 'NONE', #781, #919, #412 ) ;
#1580 = CARTESIAN_POINT ( 'NONE',  ( -1.017788105676932009, -0.5876202367908239799, 1.169728767069056152 ) ) ;
#1581 = APPROVAL_PERSON_ORGANIZATION ( #565, #1208, #239 ) ;
#1582 = CARTESIAN_POINT ( 'NONE',  ( -0.8660254037826196072, 1.499999999998800959, 0.7947287670661110637 ) ) ;
#1583 = EDGE_LOOP ( 'NONE', ( #1311, #182, #1973 ) ) ;
#1584 = CARTESIAN_POINT ( 'NONE',  ( -1.357050807565958195, -3.978129057455998833E-12, -0.8094378996002088433 ) ) ;
#1585 = CIRCLE ( 'NONE', #464, 0.9898836153793139081 ) ;
#1586 = CARTESIAN_POINT ( 'NONE',  ( 1.299038105677033927, -0.7499999999993490762, 0.1488954337328652067 ) ) ;
#1587 = FACE_OUTER_BOUND ( 'NONE', #672, .T. ) ;
#1588 = CARTESIAN_POINT ( 'NONE',  ( 0.6588405467384855774, -1.125040220017822890, -1.273863158446810306 ) ) ;
#1589 = PERSON_AND_ORGANIZATION ( #18446744073709551615, #18446744073709551615 ) ;
#1590 = CARTESIAN_POINT ( 'NONE',  ( 1.278297179920508064, 0.5909433422064072072, 1.108868870002561513 ) ) ;
#1591 = ADVANCED_FACE ( 'NONE', ( #1309 ), #1140, .F. ) ;
#1592 = CARTESIAN_POINT ( 'NONE',  ( -1.134669449331662028, 0.3061297298434519920, -1.393644785462055946 ) ) ;
#1593 = ADVANCED_FACE ( 'NONE', ( #298 ), #536, .T. ) ;
#1594 = DIRECTION ( 'NONE',  ( -1.489724667855159955E-14, -1.463672932855383970E-14, 1.000000000000000000 ) ) ;
#1595 = VERTEX_POINT ( 'NONE', #1674 ) ;
#1596 = DIRECTION ( 'NONE',  ( 1.000000000000000000, 1.887379141862815028E-14, -1.490366074017522686E-14 ) ) ;
#1597 = CARTESIAN_POINT ( 'NONE',  ( -1.732050807566579254, -1.021573927141268392E-12, -1.059437899600658373 ) ) ;
#1598 = CARTESIAN_POINT ( 'NONE',  ( 1.299038105678441912, 0.7500000000007500667, -0.3302712329338319819 ) ) ;
#1599 = CARTESIAN_POINT ( 'NONE',  ( 0.9452735650867114536, -0.9061059866465838164, -1.259465642979215039 ) ) ;
#1600 =( LENGTH_UNIT ( ) NAMED_UNIT ( * ) SI_UNIT ( .MILLI., .METRE. ) );
#1601 = CARTESIAN_POINT ( 'NONE',  ( 1.486658018912124084E-12, -2.210037708394450219E-12, 1.222862788906486031 ) ) ;
#1602 = CARTESIAN_POINT ( 'NONE',  ( -0.7499999999994200195, -0.4330127018929464944, 1.136136335482319959 ) ) ;
#1603 = DIRECTION ( 'NONE',  ( -1.998401444325260316E-14, -1.000000000000000000, -1.463672932855413947E-14 ) ) ;
#1604 = VERTEX_POINT ( 'NONE', #806 ) ;
#1605 = CARTESIAN_POINT ( 'NONE',  ( -1.299038105674798160, 0.7499999999992510435, 0.3988954337346695134 ) ) ;
#1606 = DIRECTION ( 'NONE',  ( 1.489724667855100002E-14, -1.506676319129329932E-14, -1.000000000000000000 ) ) ;
#1607 = VERTEX_POINT ( 'NONE', #134 ) ;
#1608 = CARTESIAN_POINT ( 'NONE',  ( 0.6785254037859248522, 1.175240473581661726, 1.523895433733498894 ) ) ;
#1609 =( BOUNDED_CURVE ( )  B_SPLINE_CURVE ( 2, ( #866, #649, #2068 ),
 .UNSPECIFIED., .F., .F. ) 
 B_SPLINE_CURVE_WITH_KNOTS ( ( 3, 3 ),
 ( 0.1940232313299349864, 0.2142857142857144959 ),
 .UNSPECIFIED. ) 
 CURVE ( )  GEOMETRIC_REPRESENTATION_ITEM ( )  RATIONAL_B_SPLINE_CURVE ( ( 0.9660288783622780207, 0.8859843651623400262, 1.000000000000000000 ) ) 
 REPRESENTATION_ITEM ( '' )  );
#1610 = CARTESIAN_POINT ( 'NONE',  ( 0.9498362343601376434, 1.012504507875395365, -1.180596210148015412 ) ) ;
#1611 = APPROVAL_STATUS ( 'not_yet_approved' ) ;
#1612 = CARTESIAN_POINT ( 'NONE',  ( 1.240608741481311172, 0.6596432490748207478, 1.111047116689296343 ) ) ;
#1613 = CARTESIAN_POINT ( 'NONE',  ( -1.357050807565958195, -3.978129057455998833E-12, -0.8094378996002088433 ) ) ;
#1614 = CARTESIAN_POINT ( 'NONE',  ( -0.1296392996416822208, -1.170542009669782946, 1.253096731215374904 ) ) ;
#1615 = ORIENTED_EDGE ( 'NONE', *, *, #2204, .T. ) ;
#1616 = CARTESIAN_POINT ( 'NONE',  ( -1.299038105674291899, -0.7500000000012460033, 0.4822287670701029816 ) ) ;
#1617 = APPROVAL_DATE_TIME ( #64, #1208 ) ;
#1618 = EDGE_CURVE ( 'NONE', #1996, #1357, #2005, .T. ) ;
#1619 = CARTESIAN_POINT ( 'NONE',  ( -0.7499999999989739319, -0.2783121635161230345, 1.081975093909756547 ) ) ;
#1620 = AXIS2_PLACEMENT_3D ( 'NONE', #2199, #488, #1532 ) ;
#1621 = ORIENTED_EDGE ( 'NONE', *, *, #821, .T. ) ;
#1622 = CARTESIAN_POINT ( 'NONE',  ( 1.162264728904459996E-13, 3.851086116668509730E-13, -1.253062100398215861 ) ) ;
#1623 = CARTESIAN_POINT ( 'NONE',  ( -1.217436481502210066, -0.1691371554372296249, 1.232989076571801457 ) ) ;
#1624 = FACE_OUTER_BOUND ( 'NONE', #1082, .T. ) ;
#1625 = CARTESIAN_POINT ( 'NONE',  ( 0.7547218400341197952, 1.155360442645964936, 1.132616891523674285 ) ) ;
#1626 = CARTESIAN_POINT ( 'NONE',  ( 0.6785254037864951737, 1.175240473580012823, -0.4761045662671514744 ) ) ;
#1627 = CARTESIAN_POINT ( 'NONE',  ( -1.017788105674110044, 0.5876202367904910240, -1.413604566265770135 ) ) ;
#1628 = ORIENTED_EDGE ( 'NONE', *, *, #203, .F. ) ;
#1629 = PERSON_AND_ORGANIZATION_ROLE ( 'creator' ) ;
#1630 = CARTESIAN_POINT ( 'NONE',  ( -1.366708101707549750, -0.4356594132549937437, -1.134520428892759947 ) ) ;
#1631 = ORIENTED_EDGE ( 'NONE', *, *, #1132, .F. ) ;
#1632 = DIRECTION ( 'NONE',  ( -1.489724667855159955E-14, -1.460058925613764254E-14, 1.000000000000000000 ) ) ;
#1633 = CARTESIAN_POINT ( 'NONE',  ( -1.019515571569327594, 0.7791757761556112882, 1.198689377549389201 ) ) ;
#1634 = ADVANCED_FACE ( 'NONE', ( #680 ), #1770, .T. ) ;
#1635 = CARTESIAN_POINT ( 'NONE',  ( 0.7500000000006586953, -0.1339745962135853452, 1.054894473123608512 ) ) ;
#1636 = CARTESIAN_POINT ( 'NONE',  ( 1.486658018912124084E-12, -2.210037708394450219E-12, 1.222862788906486031 ) ) ;
#1637 = PRODUCT_RELATED_PRODUCT_CATEGORY ( 'detail', '', ( #2190 ) ) ;
#1638 = CARTESIAN_POINT ( 'NONE',  ( 0.6785254037874526301, 1.175240473578645917, -1.538604566267140594 ) ) ;
#1639 = EDGE_LOOP ( 'NONE', ( #765, #2133, #55, #289 ) ) ;
#1640 = PERSON_AND_ORGANIZATION_ROLE ( 'classification_officer' ) ;
#1641 = DIRECTION ( 'NONE',  ( -1.489724667855159955E-14, -1.460058925613764254E-14, 1.000000000000000000 ) ) ;
#1642 = VERTEX_POINT ( 'NONE', #1200 ) ;
#1643 = DIRECTION ( 'NONE',  ( -0.8660254037844252739, -0.5000000000000232037, 5.478987071768432137E-15 ) ) ;
#1644 = CARTESIAN_POINT ( 'NONE',  ( 1.122096969374409836, 0.8005140227654201635, -1.190435999844586812 ) ) ;
#1645 = PLANE ( 'NONE',  #862 ) ;
#1646 = EDGE_CURVE ( 'NONE', #373, #2143, #1434, .T. ) ;
#1647 = CARTESIAN_POINT ( 'NONE',  ( -0.1657261190487497038, 1.432847347913495550, -1.137284389282820829 ) ) ;
#1648 = CARTESIAN_POINT ( 'NONE',  ( -0.2607822850220100075, -0.7154626813287503495, 1.054360489973038550 ) ) ;
#1649 = CARTESIAN_POINT ( 'NONE',  ( -1.017788105674217958, -0.5876202367927080283, -1.830271232931280023 ) ) ;
#1650 = ORIENTED_EDGE ( 'NONE', *, *, #1056, .F. ) ;
#1651 = CALENDAR_DATE ( 2026, 22, 6 ) ;
#1652 = CARTESIAN_POINT ( 'NONE',  ( -1.265738546300283485, -0.7599037639102736996, -1.092749995433387467 ) ) ;
#1653 = ORIENTED_EDGE ( 'NONE', *, *, #1761, .T. ) ;
#1654 = DIRECTION ( 'NONE',  ( 0.8660254037844252739, 0.5000000000000232037, -5.478987071766003234E-15 ) ) ;
#1655 = DIRECTION ( 'NONE',  ( -0.8191520442889841380, -6.845552120674772478E-15, 0.5735764363510570396 ) ) ;
#1656 = CARTESIAN_POINT ( 'NONE',  ( 1.161709617400221819E-13, 1.499999999999169997, 0.7530621003985780160 ) ) ;
#1657 = CIRCLE ( 'NONE', #793, 1.200000000000013944 ) ;
#1658 = CARTESIAN_POINT ( 'NONE',  ( -1.017788105677007948, 0.5876202367897649381, -1.913604566265824980 ) ) ;
#1659 = ADVANCED_FACE ( 'NONE', ( #1222 ), #2235, .T. ) ;
#1660 = CARTESIAN_POINT ( 'NONE',  ( -0.7499999999989560573, -8.118040694282180303E-15, 1.054894473123473952 ) ) ;
#1661 = VERTEX_POINT ( 'NONE', #1563 ) ;
#1662 = CARTESIAN_POINT ( 'NONE',  ( -0.6785254037814493211, -1.175240473584162837, -0.7886045662671362644 ) ) ;
#1663 = EDGE_CURVE ( 'NONE', #741, #1572, #1986, .T. ) ;
#1664 = CARTESIAN_POINT ( 'NONE',  ( 3.885780586188049911E-13, -2.706168622523820077E-13, -1.746937899601009869 ) ) ;
#1665 = ORIENTED_EDGE ( 'NONE', *, *, #1300, .F. ) ;
#1666 = DIRECTION ( 'NONE',  ( -1.489724667855784102E-14, -1.484481399661612197E-14, -1.000000000000000000 ) ) ;
#1667 = CARTESIAN_POINT ( 'NONE',  ( -1.017788105676932009, -0.5876202367908239799, 1.169728767069056152 ) ) ;
#1668 = CARTESIAN_POINT ( 'NONE',  ( 7.546047120499110861E-13, -1.499999999999436007, 0.06556210040270520067 ) ) ;
#1669 = CARTESIAN_POINT ( 'NONE',  ( -1.299038105674615862, -0.7499999999995839994, -0.5177712329298980176 ) ) ;
#1670 = CARTESIAN_POINT ( 'NONE',  ( -1.357050807565394646, -2.507863836825233446E-12, -1.371937899600195188 ) ) ;
#1671 = EDGE_LOOP ( 'NONE', ( #1265, #1054, #310 ) ) ;
#1672 = CARTESIAN_POINT ( 'NONE',  ( 1.309716224362490164E-12, 1.175240473581306011, -0.4969378996018130046 ) ) ;
#1673 = EDGE_CURVE ( 'NONE', #1456, #422, #2236, .T. ) ;
#1674 = CARTESIAN_POINT ( 'NONE',  ( -0.3749999999988625210, 0.6495190528365519800, 0.3155621003987365003 ) ) ;
#1675 = ORIENTED_EDGE ( 'NONE', *, *, #2036, .F. ) ;
#1676 = CARTESIAN_POINT ( 'NONE',  ( 0.8660254037871439881, 1.499999999998339106, -1.226104566266961626 ) ) ;
#1677 = CARTESIAN_POINT ( 'NONE',  ( 0.8660254037861263576, 1.499999999994971356, -0.2261045662670236600 ) ) ;
#1678 =( BOUNDED_CURVE ( )  B_SPLINE_CURVE ( 2, ( #1274, #571, #43, #211, #552, #1411, #2141, #1969, #742, #1241, #731, #1266, #418, #722, #1431, #1584, #1102, #924, #1755, #2108, #1957, #2117, #1420, #1779, #407, #1055, #1067, #1091, #1790, #244, #225, #1443, #904, #1251, #76, #1947, #914, #528, #30, #206, #1406, #1931, #361, #829, #1395, #1217, #39, #1578, #1858, #2104, #716, #1911, #2027, #1901, #1569, #380, #706, #475, #2195, #1684, #308, #18, #370, #2092, #816, #991, #1062 ),
 .UNSPECIFIED., .F., .F. ) 
 B_SPLINE_CURVE_WITH_KNOTS ( ( 3, 2, 2, 2, 2, 2, 2, 2, 2, 2, 2, 2, 2, 2, 2, 2, 2, 2, 2, 2, 2, 2, 2, 2, 2, 2, 2, 2, 2, 2, 2, 2, 2, 3 ),
 ( 0.1545290310486625018, 0.1666666666666665186, 0.1904761904761904934, 0.2142857142857144959, 0.2380952380952379710, 0.2619047619047619735, 0.2857142857142855319, 0.3095238095238094789, 0.3333333333333334814, 0.3571428571428569843, 0.3809523809523809867, 0.4047619047619049892, 0.4285714285714284921, 0.4523809523809519950, 0.4761904761904759975, 0.5000000000000000000, 0.5238095238095239470, 0.5476190476190480050, 0.5714285714285709528, 0.5952380952380950108, 0.6190476190476190688, 0.6428571428571430157, 0.6666666666666669627, 0.6904761904761909097, 0.7142857142857139685, 0.7380952380952379155, 0.7619047619047620845, 0.7857142857142858094, 0.8095238095238088682, 0.8333333333333339255, 0.8571428571428569843, 0.8809523809523809312, 0.9047619047619048782, 0.9110234213646919432 ),
 .UNSPECIFIED. ) 
 CURVE ( )  GEOMETRIC_REPRESENTATION_ITEM ( )  RATIONAL_B_SPLINE_CURVE ( ( 0.9330383344514530108, 0.9317023371007830956, 1.000000000000000000, 0.8660254037844389297, 1.000000000000000000, 0.8660254037844389297, 1.000000000000000000, 0.8660254037844389297, 1.000000000000000000, 0.8660254037844389297, 1.000000000000000000, 0.8660254037844389297, 1.000000000000000000, 0.8660254037844389297, 1.000000000000000000, 0.8660254037844389297, 1.000000000000000000, 0.8660254037844389297, 1.000000000000000000, 0.8660254037844389297, 1.000000000000000000, 0.8660254037844389297, 1.000000000000000000, 0.8660254037844389297, 1.000000000000000000, 0.8660254037844389297, 1.000000000000000000, 0.8660254037844389297, 1.000000000000000000, 0.8660254037844389297, 1.000000000000000000, 0.8660254037844389297, 1.000000000000000000, 0.8660254037844389297, 1.000000000000000000, 0.8660254037844389297, 1.000000000000000000, 0.8660254037844389297, 1.000000000000000000, 0.8660254037844389297, 1.000000000000000000, 0.8660254037844389297, 1.000000000000000000, 0.8660254037844389297, 1.000000000000000000, 0.8660254037844389297, 1.000000000000000000, 0.8660254037844389297, 1.000000000000000000, 0.8660254037844389297, 1.000000000000000000, 0.8660254037844389297, 1.000000000000000000, 0.8660254037844389297, 1.000000000000000000, 0.8660254037844389297, 1.000000000000000000, 0.8660254037844389297, 1.000000000000000000, 0.8660254037844389297, 1.000000000000000000, 0.8660254037844389297, 1.000000000000000000, 0.8660254037844389297, 1.000000000000000000, 0.9647668653406730188, 0.9480652107229049497 ) ) 
 REPRESENTATION_ITEM ( '' )  );
#1679 = CARTESIAN_POINT ( 'NONE',  ( -0.8660254037818577721, 1.500000000000006439, 1.294728767066056330 ) ) ;
#1680 = CARTESIAN_POINT ( 'NONE',  ( 7.667477763817490387E-13, 0.8660254037821669693, 0.3155621003986255335 ) ) ;
#1681 = CARTESIAN_POINT ( 'NONE',  ( -0.6785254037807424421, 1.175240473577292777, -1.955271232933895931 ) ) ;
#1682 = CARTESIAN_POINT ( 'NONE',  ( 1.299038105678312016, -0.7500000000009720003, 0.5863954337328449729 ) ) ;
#1683 = CARTESIAN_POINT ( 'NONE',  ( 4.874572967494830965E-13, -1.175240473580251965, 0.2530621004022680087 ) ) ;
#1684 = CARTESIAN_POINT ( 'NONE',  ( 0.6785254037871281119, 1.175240473578389455, 1.023895433733753579 ) ) ;
#1685 = CARTESIAN_POINT ( 'NONE',  ( -1.080620494326852699, 0.6686708103052707575, -1.298211429624368973 ) ) ;
#1686 = EDGE_CURVE ( 'NONE', #584, #1172, #915, .T. ) ;
#1687 = ORIENTED_EDGE ( 'NONE', *, *, #1663, .F. ) ;
#1688 = VERTEX_POINT ( 'NONE', #1280 ) ;
#1689 = CARTESIAN_POINT ( 'NONE',  ( 0.2253638746238274815, -1.178648006834756012, 1.253062100400381906 ) ) ;
#1690 = CARTESIAN_POINT ( 'NONE',  ( -0.8660254037816484951, -1.500000000004112710, -1.976104566266455143 ) ) ;
#1691 = VECTOR ( 'NONE', #1815, 1000.000000000000000 ) ;
#1692 = CONICAL_SURFACE ( 'NONE', #498, 0.7499999999999760192, 1.047197551196598297 ) ;
#1693 = EDGE_CURVE ( 'NONE', #422, #982, #427, .T. ) ;
#1694 = CARTESIAN_POINT ( 'NONE',  ( -0.9821623666151459986, -0.6894614460596389938, 1.253062100402601908 ) ) ;
#1695 = CARTESIAN_POINT ( 'NONE',  ( 1.017788105677983834, -0.5876202367928710091, -1.101104566267439910 ) ) ;
#1696 = VECTOR ( 'NONE', #1409, 1000.000000000000000 ) ;
#1697 = CARTESIAN_POINT ( 'NONE',  ( 1.357050807571069218, -1.322036846888698701E-13, 0.4405621003989001472 ) ) ;
#1698 = VECTOR ( 'NONE', #2171, 1000.000000000000000 ) ;
#1699 = CARTESIAN_POINT ( 'NONE',  ( -0.8660254037820378503, 1.499999999998085087, -1.205271232933954106 ) ) ;
#1700 = CARTESIAN_POINT ( 'NONE',  ( 1.017788105678854027, -0.5876202367903660129, -1.163604566267406160 ) ) ;
#1701 = CARTESIAN_POINT ( 'NONE',  ( -1.271074468704523008, 0.3597739746225400159, -1.248100804333585057 ) ) ;
#1702 = FACE_OUTER_BOUND ( 'NONE', #1535, .T. ) ;
#1703 = EDGE_CURVE ( 'NONE', #958, #2029, #2096, .T. ) ;
#1704 = CARTESIAN_POINT ( 'NONE',  ( -6.765421556309548930E-14, 1.175240473581594003, 0.003062100398132375050 ) ) ;
#1705 = CARTESIAN_POINT ( 'NONE',  ( -1.017788105674651833, -0.5876202367898759604, -0.2677712329313684525 ) ) ;
#1706 = EDGE_LOOP ( 'NONE', ( #1232, #10, #1142 ) ) ;
#1707 = EDGE_CURVE ( 'NONE', #91, #1767, #1989, .T. ) ;
#1708 = CARTESIAN_POINT ( 'NONE',  ( 1.930747228762185084E-12, 1.175240473579429956, 0.5655621003981539108 ) ) ;
#1709 = CARTESIAN_POINT ( 'NONE',  ( -1.299038105675998089, -0.7499999999991440180, -1.580271232930084979 ) ) ;
#1710 = CARTESIAN_POINT ( 'NONE',  ( 1.357050807571978934, -1.658555317005822911E-12, -0.6219378996010891392 ) ) ;
#1711 = CARTESIAN_POINT ( 'NONE',  ( -1.372505329775585592, 0.01824201208037621799, -1.197057857783250467 ) ) ;
#1712 = CARTESIAN_POINT ( 'NONE',  ( -0.7049158508180973781, 0.9517712177649638727, -1.393644785462504698 ) ) ;
#1713 = CARTESIAN_POINT ( 'NONE',  ( -1.299038105675349941, 0.7499999999989700461, -2.101104566264719864 ) ) ;
#1714 = CARTESIAN_POINT ( 'NONE',  ( -0.6785254037817725070, -1.175240473582368717, -0.7261045662671519185 ) ) ;
#1715 = VERTEX_POINT ( 'NONE', #2148 ) ;
#1716 = CARTESIAN_POINT ( 'NONE',  ( -1.732050807566456685, -4.006172263299091013E-15, 0.3780621003993642759 ) ) ;
#1717 = CARTESIAN_POINT ( 'NONE',  ( 1.357050807571009043, -1.081666511090754828E-12, 0.8780621003998159146 ) ) ;
#1718 = EDGE_CURVE ( 'NONE', #2078, #149, #588, .T. ) ;
#1719 = DIRECTION ( 'NONE',  ( 1.998401444325299759E-14, 1.000000000000000000, -1.494280018190124760E-14 ) ) ;
#1720 = CARTESIAN_POINT ( 'NONE',  ( -1.028950079912029913, -0.6517395842677928819, -1.351823629893082357 ) ) ;
#1721 = CARTESIAN_POINT ( 'NONE',  ( -0.9898836153784398295, -1.230933428258155931E-13, 1.222862788906472042 ) ) ;
#1722 = DIRECTION ( 'NONE',  ( -1.489724667855159955E-14, -1.460058925613764254E-14, 1.000000000000000000 ) ) ;
#1723 = PRODUCT_DEFINITION_SHAPE ( 'NONE', 'NONE',  #2178 ) ;
#1724 = CARTESIAN_POINT ( 'NONE',  ( 0.8660254037877905819, 1.499999999999632294, 0.7738954337338165290 ) ) ;
#1725 = CARTESIAN_POINT ( 'NONE',  ( 1.046038256014013870E-12, 1.175240473581532052, -0.4344378996018470329 ) ) ;
#1726 = CARTESIAN_POINT ( 'NONE',  ( -1.112138853471857702, 0.9645111139643652853, -1.097867885131854182 ) ) ;
#1727 = CARTESIAN_POINT ( 'NONE',  ( -1.017788105676380006, -0.5876202367911009805, -0.8302712329313899353 ) ) ;
#1728 = CC_DESIGN_APPROVAL ( #1208, ( #927 ) ) ;
#1729 = CARTESIAN_POINT ( 'NONE',  ( 0.2922469554546884285, 1.317227557653534831, 1.149035021457103012 ) ) ;
#1730 = CARTESIAN_POINT ( 'NONE',  ( -1.299038105676113775, 0.7500000000016939783, -0.1636045662653519972 ) ) ;
#1731 = AXIS2_PLACEMENT_3D ( 'NONE', #1127, #1820, #1719 ) ;
#1732 = CARTESIAN_POINT ( 'NONE',  ( -1.017788105675270005, 0.5876202367899420187, 1.086395433734509863 ) ) ;
#1733 = AXIS2_PLACEMENT_3D ( 'NONE', #749, #2134, #1269 ) ;
#1734 = CARTESIAN_POINT ( 'NONE',  ( 7.233796894823289623E-13, -0.8660254037858310383, 0.3155621004003459906 ) ) ;
#1735 = ORIENTED_EDGE ( 'NONE', *, *, #900, .T. ) ;
#1736 = ADVANCED_FACE ( 'NONE', ( #2000 ), #1817, .F. ) ;
#1737 = DIRECTION ( 'NONE',  ( -1.998401444325255583E-14, -1.000000000000000000, -1.450971739288202592E-14 ) ) ;
#1738 = ORIENTED_EDGE ( 'NONE', *, *, #817, .T. ) ;
#1739 = CARTESIAN_POINT ( 'NONE',  ( -1.299038105674291899, -0.7500000000012460033, 0.4822287670701029816 ) ) ;
#1740 = CARTESIAN_POINT ( 'NONE',  ( 0.6785254037876568001, 1.175240473579680645, 0.02389543373285106867 ) ) ;
#1741 = CARTESIAN_POINT ( 'NONE',  ( 3.217280109724680165E-13, -1.268248912309386078, -1.300636346734651783 ) ) ;
#1742 = CARTESIAN_POINT ( 'NONE',  ( 0.6785254037866292887, -1.175240473581731226, 1.294728767068298314 ) ) ;
#1743 = DIRECTION ( 'NONE',  ( -1.000000000000000000, 0.000000000000000000, 1.489724667855784102E-14 ) ) ;
#1744 = CARTESIAN_POINT ( 'NONE',  ( -0.6240350210681828713, -1.073663114955764497, -1.327215899815412659 ) ) ;
#1745 = CARTESIAN_POINT ( 'NONE',  ( -0.5857748347867836047, -1.030155147711387498, 1.253062015706361221 ) ) ;
#1746 = ORIENTED_EDGE ( 'NONE', *, *, #1046, .F. ) ;
#1747 = CARTESIAN_POINT ( 'NONE',  ( 1.823194373251625064E-12, -1.500000000002164935, 0.5655621004026499810 ) ) ;
#1748 = CARTESIAN_POINT ( 'NONE',  ( -1.357050807566277051, -7.050863183406397785E-13, 0.6905621003997989282 ) ) ;
#1749 = CARTESIAN_POINT ( 'NONE',  ( 1.273249149942990099, 0.4970571597577010947, -1.202167703311923574 ) ) ;
#1750 = CARTESIAN_POINT ( 'NONE',  ( 0.6785254037873774680, 1.175240473580253298, -1.038604566267137708 ) ) ;
#1751 = CARTESIAN_POINT ( 'NONE',  ( 0.1358240833556208504, 1.336809479668456202, 1.154050644902208544 ) ) ;
#1752 = CARTESIAN_POINT ( 'NONE',  ( 3.217280109724680165E-13, -1.268248912309386078, -1.300636346734651783 ) ) ;
#1753 = CARTESIAN_POINT ( 'NONE',  ( 1.178362962777219942E-13, 1.499999999999116040, 0.8155621003986449624 ) ) ;
#1754 = ORIENTED_EDGE ( 'NONE', *, *, #2036, .T. ) ;
#1755 = CARTESIAN_POINT ( 'NONE',  ( 1.981054209565515317E-12, -1.175240473579368006, -0.6844378995976559965 ) ) ;
#1756 = CARTESIAN_POINT ( 'NONE',  ( -1.299038105674507948, 0.7500000000010309531, -0.6011045662653310417 ) ) ;
#1757 = EDGE_CURVE ( 'NONE', #2116, #1869, #677, .T. ) ;
#1758 = CYLINDRICAL_SURFACE ( 'NONE', #426, 1.500000000000000000 ) ;
#1759 = CARTESIAN_POINT ( 'NONE',  ( 0.9254425957067917707, -0.9249134584622606958, -1.260513800423988862 ) ) ;
#1760 = CARTESIAN_POINT ( 'NONE',  ( 2.374836438612250124E-12, -1.175240473579756140, -0.7469378995976220237 ) ) ;
#1761 = EDGE_CURVE ( 'NONE', #1240, #1715, #606, .T. ) ;
#1762 = CARTESIAN_POINT ( 'NONE',  ( 0.7500000000006509238, 0.2783121634972133274, 1.081975093907754149 ) ) ;
#1763 = AXIS2_PLACEMENT_3D ( 'NONE', #1636, #621, #252 ) ;
#1764 = CARTESIAN_POINT ( 'NONE',  ( -1.190776132441920598, -0.06584588949285830051, -1.376831162173890899 ) ) ;
#1765 = CYLINDRICAL_SURFACE ( 'NONE', #1769, 1.500000000000000000 ) ;
#1766 = ORIENTED_EDGE ( 'NONE', *, *, #541, .T. ) ;
#1767 = VERTEX_POINT ( 'NONE', #97 ) ;
#1768 = DIRECTION ( 'NONE',  ( 1.998401444325299759E-14, 1.000000000000000000, -1.494280018190124760E-14 ) ) ;
#1769 = AXIS2_PLACEMENT_3D ( 'NONE', #382, #32, #754 ) ;
#1770 = CONICAL_SURFACE ( 'NONE', #1468, 1.500000000000000000, 0.9599310885968779239 ) ;
#1771 = CARTESIAN_POINT ( 'NONE',  ( -1.732050807566636763, -1.201851678989726689E-13, 0.9405621003993510643 ) ) ;
#1772 = CARTESIAN_POINT ( 'NONE',  ( -0.6785254037826754514, -1.175240473582112255, 1.273895433732729510 ) ) ;
#1773 = CARTESIAN_POINT ( 'NONE',  ( 0.5121189166199618947, -1.182478569585390105, -1.280277537462314541 ) ) ;
#1774 = CARTESIAN_POINT ( 'NONE',  ( 1.080652596855697922, -1.010748401049298417, 1.057235810842434232 ) ) ;
#1775 = EDGE_CURVE ( 'NONE', #982, #373, #337, .T. ) ;
#1776 = CARTESIAN_POINT ( 'NONE',  ( -0.4921320654918120985, -0.5818928232975472126, 1.055431099462472266 ) ) ;
#1777 = CARTESIAN_POINT ( 'NONE',  ( 7.233796894823289623E-13, -0.8660254037858310383, 0.3155621004003459906 ) ) ;
#1778 = ORIENTED_EDGE ( 'NONE', *, *, #1857, .T. ) ;
#1779 = CARTESIAN_POINT ( 'NONE',  ( 0.6785254037864951737, 1.175240473580013267, -0.4761045662671514744 ) ) ;
#1780 = CARTESIAN_POINT ( 'NONE',  ( -1.331092468901930337, -0.5874647662916328006, -1.114731755917124145 ) ) ;
#1781 = ORIENTED_EDGE ( 'NONE', *, *, #1827, .T. ) ;
#1782 = CARTESIAN_POINT ( 'NONE',  ( 1.604619215278544947E-12, -1.175240473581852019, 0.8155621004022899356 ) ) ;
#1783 = CARTESIAN_POINT ( 'NONE',  ( 1.146382439009877130, -0.6587133403530613940, -1.247838946834050056 ) ) ;
#1784 = LINE ( 'NONE', #1426, #1691 ) ;
#1785 = CARTESIAN_POINT ( 'NONE',  ( 1.495331636292007917E-12, 0.8660254037844430375, 1.136136335478709958 ) ) ;
#1786 = CARTESIAN_POINT ( 'NONE',  ( 0.6785254037879179245, 1.175240473578333944, -0.9761045662671531398 ) ) ;
#1787 = EDGE_CURVE ( 'NONE', #1357, #2019, #743, .T. ) ;
#1788 = CARTESIAN_POINT ( 'NONE',  ( 3.721522507161064433E-13, -0.8219473594430630747, -1.746937899601020083 ) ) ;
#1789 = ORIENTED_EDGE ( 'NONE', *, *, #135, .T. ) ;
#1790 = CARTESIAN_POINT ( 'NONE',  ( -1.017788105674651833, -0.5876202367898759604, -0.2677712329313684525 ) ) ;
#1791 = COORDINATED_UNIVERSAL_TIME_OFFSET ( 10, 0, .AHEAD. ) ;
#1792 = EDGE_LOOP ( 'NONE', ( #978, #2055, #1615, #1980, #1191 ) ) ;
#1793 = DIRECTION ( 'NONE',  ( 1.998401444325303861E-14, 1.000000000000000000, -1.506676319129299955E-14 ) ) ;
#1794 = CARTESIAN_POINT ( 'NONE',  ( -0.7499999999989760413, 0.4330127018908960235, 0.3155621004012345021 ) ) ;
#1795 = CARTESIAN_POINT ( 'NONE',  ( -1.186888576672101570, -0.2975065031533103421, 1.237960701032057242 ) ) ;
#1796 = CARTESIAN_POINT ( 'NONE',  ( 1.873501354054950046E-12, 5.551115123125779547E-14, 0.3155621003985145112 ) ) ;
#1797 = DIRECTION ( 'NONE',  ( 4.060921874960604942E-14, 0.000000000000000000, 1.000000000000000000 ) ) ;
#1798 = CARTESIAN_POINT ( 'NONE',  ( -0.8660254037814766326, 1.499999999999172884, -0.6427712329339676511 ) ) ;
#1799 = CARTESIAN_POINT ( 'NONE',  ( 1.017788105677700061, 0.5876202367913229141, -1.517771232933730063 ) ) ;
#1800 = CARTESIAN_POINT ( 'NONE',  ( -0.6785254037817135542, -1.175240473583585743, -0.2886045662671345435 ) ) ;
#1801 = VERTEX_POINT ( 'NONE', #184 ) ;
#1802 = CIRCLE ( 'NONE', #220, 0.7499999999999760192 ) ;
#1803 = EDGE_CURVE ( 'NONE', #2143, #584, #671, .T. ) ;
#1804 = DIRECTION ( 'NONE',  ( 1.489724667855159955E-14, 1.460058925613764254E-14, -1.000000000000000000 ) ) ;
#1805 = VERTEX_POINT ( 'NONE', #824 ) ;
#1806 = CARTESIAN_POINT ( 'NONE',  ( 0.1507103203719775131, -1.184317782602835933, 1.253062100399016110 ) ) ;
#1807 = CARTESIAN_POINT ( 'NONE',  ( -0.7931520173523799455, 1.023198668415931323, 1.187193046471667124 ) ) ;
#1808 = CARTESIAN_POINT ( 'NONE',  ( 0.7228872439663979188, -1.314318847357719866, 1.042999838937574086 ) ) ;
#1809 = CARTESIAN_POINT ( 'NONE',  ( 1.017788105677185806, 0.5876202367897129797, -1.017771232934005843 ) ) ;
#1810 = CARTESIAN_POINT ( 'NONE',  ( 1.017788105677192023, -0.5876202367900459356, -0.1636045662675164880 ) ) ;
#1811 = ORIENTED_EDGE ( 'NONE', *, *, #788, .F. ) ;
#1812 = VERTEX_POINT ( 'NONE', #1183 ) ;
#1813 = CARTESIAN_POINT ( 'NONE',  ( 7.233796894823289623E-13, -0.8660254037858310383, 0.3155621004003459906 ) ) ;
#1814 = CARTESIAN_POINT ( 'NONE',  ( -0.9088599209926744305, 0.9121259585742557130, 1.192812566884804193 ) ) ;
#1815 = DIRECTION ( 'NONE',  ( -1.489724667855100002E-14, 1.506676319129329932E-14, 1.000000000000000000 ) ) ;
#1816 = CARTESIAN_POINT ( 'NONE',  ( 1.299038105678820054, -0.7500000000002540190, -0.3511045662671909984 ) ) ;
#1817 = PLANE ( 'NONE',  #1476 ) ;
#1818 = CARTESIAN_POINT ( 'NONE',  ( -0.6785254037817725070, -1.175240473582368717, -0.7261045662671519185 ) ) ;
#1819 = CARTESIAN_POINT ( 'NONE',  ( -1.357050807565394646, -2.507863836825233446E-12, -1.371937899600195188 ) ) ;
#1820 = DIRECTION ( 'NONE',  ( 1.489724667855100002E-14, -1.494280018190152212E-14, -1.000000000000000000 ) ) ;
#1821 = CARTESIAN_POINT ( 'NONE',  ( -0.7499999999989763744, -0.1339745962184766825, 1.054894473123475507 ) ) ;
#1822 = ORIENTED_EDGE ( 'NONE', *, *, #459, .F. ) ;
#1823 = DIRECTION ( 'NONE',  ( -1.998401444325255583E-14, -1.000000000000000000, -1.460058925613812533E-14 ) ) ;
#1824 = EDGE_CURVE ( 'NONE', #890, #945, #1609, .T. ) ;
#1825 = CARTESIAN_POINT ( 'NONE',  ( -0.8663858385038535337, 0.9571404772120140070, 1.190664070580587319 ) ) ;
#1826 = CARTESIAN_POINT ( 'NONE',  ( 5.204170427930419390E-14, 1.500000000000055067, -0.7469378996014520711 ) ) ;
#1827 = EDGE_CURVE ( 'NONE', #2029, #1801, #933, .T. ) ;
#1828 = DIRECTION ( 'NONE',  ( 1.000000000000000000, 1.887379141862815028E-14, -1.488970983546807175E-14 ) ) ;
#1829 = CARTESIAN_POINT ( 'NONE',  ( -1.017788105674217958, -0.5876202367927080283, -1.830271232931280023 ) ) ;
#1830 = CARTESIAN_POINT ( 'NONE',  ( 0.6785254037870207533, 1.175240473579675760, -0.5386045662671359313 ) ) ;
#1831 = ORIENTED_EDGE ( 'NONE', *, *, #2185, .T. ) ;
#1832 = DATE_AND_TIME ( #792, #747 ) ;
#1833 = DIRECTION ( 'NONE',  ( -1.000000000000000000, -1.887379141862860151E-14, -1.489724667854952012E-14 ) ) ;
#1834 = EDGE_LOOP ( 'NONE', ( #1822, #635, #573, #1399, #2174, #124 ) ) ;
#1835 = LINE ( 'NONE', #116, #2053 ) ;
#1836 = CARTESIAN_POINT ( 'NONE',  ( -1.149588577631476483, 0.5281889415760382400, 1.207534269966558993 ) ) ;
#1837 = CONICAL_SURFACE ( 'NONE', #112, 1.500000000000000000, 0.9599310885968779239 ) ;
#1838 = CARTESIAN_POINT ( 'NONE',  ( 1.299038105678109956, 0.7500000000016380231, -0.2677712329337554875 ) ) ;
#1839 = CARTESIAN_POINT ( 'NONE',  ( -1.017788105674980015, 0.5876202367894319822, -0.3511045662654699862 ) ) ;
#1840 = EDGE_CURVE ( 'NONE', #1715, #1661, #508, .T. ) ;
#1841 = CARTESIAN_POINT ( 'NONE',  ( -1.017788105674769961, -0.5876202367897649381, -0.3302712329313339801 ) ) ;
#1842 = ORIENTED_EDGE ( 'NONE', *, *, #1775, .T. ) ;
#1843 = CARTESIAN_POINT ( 'NONE',  ( -0.6785254037821650819, -1.175240473584927781, -1.288604566267267382 ) ) ;
#1844 =( BOUNDED_SURFACE ( )  B_SPLINE_SURFACE ( 1, 2, ( 
 ( #763, #231, #72, #1977, #2172, #428, #911, #1077, #2126, #1428, #1799, #414, #1296, #1113, #1248, #568, #1262, #1954, #404, #1087, #1990, #439, #1809, #1786, #1965, #1099, #241, #1613, #1125, #1818, #753, #579, #1272, #253, #934, #1626, #589, #265, #1839, #623, #2220, #2181, #330, #812, #1000, #318, #662, #1497, #1010, #848, #143, #1512, #283, #1537, #1881, #1174, #471, #1697, #2024, #2192, #1708, #634, #1526, #1340, #1147, #158, #1316, #1870, #825, #165, #1160, #2001, #2035, #1854, #305, #2046, #613, #839, #965, #293, #482, #1348, #1307, #450, #2206 ),
 ( #988, #1681, #1658, #1135, #1829, #976, #493, #119, #1184, #1328, #650, #801, #1487, #2012, #460, #1670, #129, #1372, #1909, #1394, #1577, #547, #1050, #1750, #527, #173, #2091, #1900, #1727, #1216, #1760, #705, #1921, #538, #2103, #1027, #17, #197, #1228, #38, #687, #360, #347, #696, #715, #369, #217, #674, #2069, #1405, #205, #1205, #2058, #518, #857, #509, #185, #1196, #340, #885, #1548, #898, #867, #1236, #2230, #5, #1930, #1558, #379, #1717, #876, #1568, #1061, #1359, #1890, #1018, #1384, #2081, #1040, #1742, #28, #1097, #58, #737, #2136 ) ),
 .UNSPECIFIED., .F., .F., .T. ) 
 B_SPLINE_SURFACE_WITH_KNOTS ( ( 2, 2 ),
 ( 3, 2, 2, 2, 2, 2, 2, 2, 2, 2, 2, 2, 2, 2, 2, 2, 2, 2, 2, 2, 2, 2, 2, 2, 2, 2, 2, 2, 2, 2, 2, 2, 2, 2, 2, 2, 2, 2, 2, 2, 2, 2, 3 ),
 ( 0.000000000000000000, 1.000000000000000000 ),
 ( 0.000000000000000000, 0.02380952380952379779, 0.04761904761904759559, 0.07142857142857139685, 0.09523809523809519118, 0.1190476190476189994, 0.1428571428571430157, 0.1666666666666665186, 0.1904761904761904934, 0.2142857142857144959, 0.2380952380952379988, 0.2619047619047619735, 0.2857142857142855319, 0.3095238095238094789, 0.3333333333333335369, 0.3571428571428569843, 0.3809523809523809867, 0.4047619047619049892, 0.4285714285714284921, 0.4523809523809519950, 0.4761904761904759975, 0.5000000000000000000, 0.5238095238095240580, 0.5476190476190480050, 0.5714285714285709528, 0.5952380952380950108, 0.6190476190476190688, 0.6428571428571430157, 0.6666666666666670737, 0.6904761904761910207, 0.7142857142857139685, 0.7380952380952380265, 0.7619047619047620845, 0.7857142857142859205, 0.8095238095238089793, 0.8333333333333330373, 0.8571428571428569843, 0.8809523809523809312, 0.9047619047619049892, 0.9285714285714290472, 0.9523809523809519950, 0.9761904761904759420, 1.000000000000000000 ),
 .UNSPECIFIED. ) 
 GEOMETRIC_REPRESENTATION_ITEM ( )  RATIONAL_B_SPLINE_SURFACE ( (
 ( 1.000000000000000000, 0.8660254037844389297, 1.000000000000000000, 0.8660254037844389297, 1.000000000000000000, 0.8660254037844389297, 1.000000000000000000, 0.8660254037844389297, 1.000000000000000000, 0.8660254037844389297, 1.000000000000000000, 0.8660254037844389297, 1.000000000000000000, 0.8660254037844389297, 1.000000000000000000, 0.8660254037844389297, 1.000000000000000000, 0.8660254037844389297, 1.000000000000000000, 0.8660254037844389297, 1.000000000000000000, 0.8660254037844389297, 1.000000000000000000, 0.8660254037844389297, 1.000000000000000000, 0.8660254037844389297, 1.000000000000000000, 0.8660254037844389297, 1.000000000000000000, 0.8660254037844389297, 1.000000000000000000, 0.8660254037844389297, 1.000000000000000000, 0.8660254037844389297, 1.000000000000000000, 0.8660254037844389297, 1.000000000000000000, 0.8660254037844389297, 1.000000000000000000, 0.8660254037844389297, 1.000000000000000000, 0.8660254037844389297, 1.000000000000000000, 0.8660254037844389297, 1.000000000000000000, 0.8660254037844389297, 1.000000000000000000, 0.8660254037844389297, 1.000000000000000000, 0.8660254037844389297, 1.000000000000000000, 0.8660254037844389297, 1.000000000000000000, 0.8660254037844389297, 1.000000000000000000, 0.8660254037844389297, 1.000000000000000000, 0.8660254037844389297, 1.000000000000000000, 0.8660254037844389297, 1.000000000000000000, 0.8660254037844389297, 1.000000000000000000, 0.8660254037844389297, 1.000000000000000000, 0.8660254037844389297, 1.000000000000000000, 0.8660254037844389297, 1.000000000000000000, 0.8660254037844389297, 1.000000000000000000, 0.8660254037844389297, 1.000000000000000000, 0.8660254037844389297, 1.000000000000000000, 0.8660254037844389297, 1.000000000000000000, 0.8660254037844389297, 1.000000000000000000, 0.8660254037844389297, 1.000000000000000000, 0.8660254037844389297, 1.000000000000000000, 0.8660254037844389297, 1.000000000000000000),
 ( 1.000000000000000000, 0.8660254037844389297, 1.000000000000000000, 0.8660254037844389297, 1.000000000000000000, 0.8660254037844389297, 1.000000000000000000, 0.8660254037844389297, 1.000000000000000000, 0.8660254037844389297, 1.000000000000000000, 0.8660254037844389297, 1.000000000000000000, 0.8660254037844389297, 1.000000000000000000, 0.8660254037844389297, 1.000000000000000000, 0.8660254037844389297, 1.000000000000000000, 0.8660254037844389297, 1.000000000000000000, 0.8660254037844389297, 1.000000000000000000, 0.8660254037844389297, 1.000000000000000000, 0.8660254037844389297, 1.000000000000000000, 0.8660254037844389297, 1.000000000000000000, 0.8660254037844389297, 1.000000000000000000, 0.8660254037844389297, 1.000000000000000000, 0.8660254037844389297, 1.000000000000000000, 0.8660254037844389297, 1.000000000000000000, 0.8660254037844389297, 1.000000000000000000, 0.8660254037844389297, 1.000000000000000000, 0.8660254037844389297, 1.000000000000000000, 0.8660254037844389297, 1.000000000000000000, 0.8660254037844389297, 1.000000000000000000, 0.8660254037844389297, 1.000000000000000000, 0.8660254037844389297, 1.000000000000000000, 0.8660254037844389297, 1.000000000000000000, 0.8660254037844389297, 1.000000000000000000, 0.8660254037844389297, 1.000000000000000000, 0.8660254037844389297, 1.000000000000000000, 0.8660254037844389297, 1.000000000000000000, 0.8660254037844389297, 1.000000000000000000, 0.8660254037844389297, 1.000000000000000000, 0.8660254037844389297, 1.000000000000000000, 0.8660254037844389297, 1.000000000000000000, 0.8660254037844389297, 1.000000000000000000, 0.8660254037844389297, 1.000000000000000000, 0.8660254037844389297, 1.000000000000000000, 0.8660254037844389297, 1.000000000000000000, 0.8660254037844389297, 1.000000000000000000, 0.8660254037844389297, 1.000000000000000000, 0.8660254037844389297, 1.000000000000000000, 0.8660254037844389297, 1.000000000000000000) ) ) 
 REPRESENTATION_ITEM ( '' )  SURFACE ( )  );
#1845 = B_SPLINE_CURVE_WITH_KNOTS ( 'NONE', 3,
 ( #1741, #1074, #1393, #875, #1404, #908, #704, #564, #1425, #537, #16, #1773, #1245, #1588, #196, #546, #228, #1759, #1084, #1599, #378, #2102, #714, #57, #1414, #1557, #1039, #1783, #401, #1258, #1908, #736, #2122, #725, #1951, #37, #1235, #695, #1567, #238, #1939, #2090, #526, #389, #1929, #1227, #1060, #555, #1920, #27, #1383, #368, #2080, #1749, #1215, #359, #1049, #204, #884, #1576, #216, #897, #46, #2111, #2155, #1644, #424, #1096, #447, #759, #250, #770, #280, #83, #2179, #798, #2145, #1610, #1131, #611, #950, #105, #597 ),
 .UNSPECIFIED., .F., .F.,
 ( 4, 2, 2, 2, 1, 1, 2, 2, 2, 2, 2, 1, 1, 2, 2, 2, 2, 1, 1, 1, 1, 2, 2, 2, 2, 2, 1, 1, 2, 2, 2, 2, 1, 1, 2, 2, 2, 1, 1, 1, 2, 2, 2, 2, 1, 1, 2, 2, 2, 4 ),
 ( 0.000000000000000000, 0.06250000000000202616, 0.09375000000000301148, 0.1093750000000035250, 0.1171875000000038303, 0.1210937500000039968, 0.1230468750000040939, 0.1250000000000041911, 0.1875000000000072997, 0.2187500000000089095, 0.2343750000000096589, 0.2421875000000100475, 0.2460937500000102141, 0.2480468750000103251, 0.2500000000000104361, 0.3125000000000129341, 0.3437500000000140998, 0.3593750000000146549, 0.3671875000000149325, 0.3710937500000151545, 0.3730468750000152101, 0.3740234375000152101, 0.3750000000000152656, 0.4375000000000164868, 0.4687500000000170974, 0.4843750000000173750, 0.4921875000000174860, 0.4960937500000175970, 0.4980468750000176525, 0.5000000000000176525, 0.5625000000000188738, 0.5937500000000195399, 0.6093750000000199840, 0.6171875000000200950, 0.6210937500000200950, 0.6250000000000200950, 0.6562500000000206501, 0.6718750000000207612, 0.6796875000000207612, 0.6835937500000208722, 0.6855468750000208722, 0.6875000000000209832, 0.7187500000000184297, 0.7343750000000170974, 0.7421875000000165423, 0.7460937500000162093, 0.7480468750000159872, 0.7500000000000158762, 0.8750000000000078826, 1.000000000000000000 ),
 .UNSPECIFIED. ) ;
#1846 = CARTESIAN_POINT ( 'NONE',  ( -1.012272730618730243, 0.7469456225797248550, -1.312543774773790917 ) ) ;
#1847 = VERTEX_POINT ( 'NONE', #2191 ) ;
#1848 = FACE_OUTER_BOUND ( 'NONE', #111, .T. ) ;
#1849 = CARTESIAN_POINT ( 'NONE',  ( 1.732050807572196760, -4.679209203533337685E-12, -1.309437899600146116 ) ) ;
#1850 = CARTESIAN_POINT ( 'NONE',  ( -0.1367855982387941871, -1.377394116312951944, 1.128849402923659984 ) ) ;
#1851 = CARTESIAN_POINT ( 'NONE',  ( 1.776356839400250061E-12, 1.499999999999450218, 1.253062100398993906 ) ) ;
#1852 = VERTEX_POINT ( 'NONE', #1680 ) ;
#1853 = CARTESIAN_POINT ( 'NONE',  ( -1.463161392934259508, 0.3543033797190034417, -1.075635269943588268 ) ) ;
#1854 = CARTESIAN_POINT ( 'NONE',  ( -0.6785254037819687944, 1.175240473580701384, 1.107228767066103847 ) ) ;
#1855 = CARTESIAN_POINT ( 'NONE',  ( -0.8660254037821614181, 1.499999999999937161, 0.2947287670660520553 ) ) ;
#1856 = CARTESIAN_POINT ( 'NONE',  ( 1.357050807571009043, -1.081666511090754828E-12, 0.8780621003998158036 ) ) ;
#1857 = EDGE_CURVE ( 'NONE', #2116, #625, #2219, .T. ) ;
#1858 = CARTESIAN_POINT ( 'NONE',  ( 1.930747228762185084E-12, 1.175240473579429956, 0.5655621003981539108 ) ) ;
#1859 = DIRECTION ( 'NONE',  ( 0.000000000000000000, -1.000000000000000000, -1.462286480193725962E-14 ) ) ;
#1860 = ORIENTED_EDGE ( 'NONE', *, *, #665, .F. ) ;
#1861 =( BOUNDED_CURVE ( )  B_SPLINE_CURVE ( 2, ( #797, #1446, #1985, #261, #769, #1483, #1472 ),
 .UNSPECIFIED., .F., .F. ) 
 B_SPLINE_CURVE_WITH_KNOTS ( ( 3, 2, 2, 3 ),
 ( 0.7857142857142579428, 0.8095238095237989873, 0.8333333333333400317, 0.8571428571428820753 ),
 .UNSPECIFIED. ) 
 CURVE ( )  GEOMETRIC_REPRESENTATION_ITEM ( )  RATIONAL_B_SPLINE_CURVE ( ( 1.000000000000156097, 0.8660254037842809449, 1.000000000000000000, 0.8660254037844389297, 1.000000000000000000, 0.8660254037843009289, 1.000000000000137890 ) ) 
 REPRESENTATION_ITEM ( '' )  );
#1862 = EDGE_CURVE ( 'NONE', #267, #422, #142, .T. ) ;
#1863 = CARTESIAN_POINT ( 'NONE',  ( -1.150693793802579190, 0.5767293547426234346, -1.282447087455192980 ) ) ;
#1864 = ORIENTED_EDGE ( 'NONE', *, *, #1618, .F. ) ;
#1865 = CARTESIAN_POINT ( 'NONE',  ( 0.1538472275213037532, -1.236399284947615085, 1.222748272106390699 ) ) ;
#1866 = CARTESIAN_POINT ( 'NONE',  ( -0.8660254037813484018, 1.499999999998600231, -2.142771232933974090 ) ) ;
#1867 = DIRECTION ( 'NONE',  ( -1.000000000000000000, 1.998401444325305123E-14, -1.489724667855129979E-14 ) ) ;
#1868 = CARTESIAN_POINT ( 'NONE',  ( 1.357050807571900775, -3.453320490963815129E-12, -1.559437899601109567 ) ) ;
#1869 = VERTEX_POINT ( 'NONE', #1880 ) ;
#1870 = CARTESIAN_POINT ( 'NONE',  ( 0.6785254037866940147, -1.175240473579489020, 0.8572287670682825489 ) ) ;
#1871 = CARTESIAN_POINT ( 'NONE',  ( 1.299038105678441912, 0.7500000000007500667, -0.3302712329338319819 ) ) ;
#1872 = CARTESIAN_POINT ( 'NONE',  ( -1.134669449331662028, 0.3061297298434519920, -1.393644785462055946 ) ) ;
#1873 = CARTESIAN_POINT ( 'NONE',  ( 7.667477763817490387E-13, 0.8660254037821669693, 0.3155621003986255335 ) ) ;
#1874 = CARTESIAN_POINT ( 'NONE',  ( -1.239250833812549413, 0.4260641608958039561, -1.258513548064583709 ) ) ;
#1875 = AXIS2_PLACEMENT_3D ( 'NONE', #492, #304, #1358 ) ;
#1876 = CARTESIAN_POINT ( 'NONE',  ( -0.7499999999993739452, -0.4330127018942264705, 0.3155621004026775145 ) ) ;
#1877 = CARTESIAN_POINT ( 'NONE',  ( -1.299038105675117905, -0.7499999999988590238, -1.517771232930119840 ) ) ;
#1878 = CARTESIAN_POINT ( 'NONE',  ( 1.357050807572295570, -3.028666231054116021E-12, -1.059437899601106237 ) ) ;
#1879 = VECTOR ( 'NONE', #314, 1000.000000000000000 ) ;
#1880 = CARTESIAN_POINT ( 'NONE',  ( -0.3749999999994555466, -0.6495190528404900521, 0.3155621004005679797 ) ) ;
#1881 = CARTESIAN_POINT ( 'NONE',  ( 6.470518565393490462E-13, -1.175240473580700051, 0.3155621004022334808 ) ) ;
#1882 = CARTESIAN_POINT ( 'NONE',  ( 0.8660254037868887478, -1.499999999999373612, 0.04472876706797394852 ) ) ;
#1883 = CARTESIAN_POINT ( 'NONE',  ( 2.374836438612250124E-12, -1.175240473579756140, -0.7469378995976220237 ) ) ;
#1884 = DIRECTION ( 'NONE',  ( 0.000000000000000000, 2.344574337666815132E-14, -1.000000000000000000 ) ) ;
#1885 = CARTESIAN_POINT ( 'NONE',  ( -1.063043686450141356, 0.6892796659254213365, -1.301937848531899089 ) ) ;
#1886 = CARTESIAN_POINT ( 'NONE',  ( -1.082111439235189376, 0.4652168136430642753, -1.394508828847534243 ) ) ;
#1887 = CARTESIAN_POINT ( 'NONE',  ( 0.6785254037869362653, 1.175240473580260181, 0.9613954337337690115 ) ) ;
#1888 = EDGE_CURVE ( 'NONE', #2019, #928, #905, .T. ) ;
#1889 = CARTESIAN_POINT ( 'NONE',  ( -0.6785254037818523321, -1.175240473587684686, -0.2261045662671500034 ) ) ;
#1890 = CARTESIAN_POINT ( 'NONE',  ( -1.017788105675270005, 0.5876202367899420187, 1.086395433734509863 ) ) ;
#1891 = CARTESIAN_POINT ( 'NONE',  ( -0.8660254037817249895, -1.500000000000269784, 0.9613954337331914735 ) ) ;
#1892 = CARTESIAN_POINT ( 'NONE',  ( 7.077671781985369916E-13, 1.499999999999112044, -1.246937899601396005 ) ) ;
#1893 = CARTESIAN_POINT ( 'NONE',  ( -0.5459803552046276209, -1.119487741332250375, -1.323365532256344235 ) ) ;
#1894 = CARTESIAN_POINT ( 'NONE',  ( 1.873501354054950046E-12, 5.551115123125779547E-14, 0.3155621003985145112 ) ) ;
#1895 = CARTESIAN_POINT ( 'NONE',  ( -1.490329546594910015, 0.1700524699696540076, -1.068885259039419777 ) ) ;
#1896 = PLANE ( 'NONE',  #637 ) ;
#1897 = CARTESIAN_POINT ( 'NONE',  ( -1.299038105675281995, -0.7500000000008060219, 0.9822287670701588258 ) ) ;
#1898 = CARTESIAN_POINT ( 'NONE',  ( 1.357050807572029782, -2.499851492298632805E-12, -0.5594378996011045713 ) ) ;
#1899 = CARTESIAN_POINT ( 'NONE',  ( -0.8660254037821615292, 1.499999999999937161, 0.2947287670660519998 ) ) ;
#1900 = CARTESIAN_POINT ( 'NONE',  ( -1.357050807566152484, -5.063801740810052972E-12, -0.8719378996001923010 ) ) ;
#1901 = CARTESIAN_POINT ( 'NONE',  ( -0.6785254037815114936, -1.175240473579802991, 0.7738954337328547428 ) ) ;
#1902 = CARTESIAN_POINT ( 'NONE',  ( 1.299038105676999955, -0.7500000000012460033, -0.9136045662671009593 ) ) ;
#1903 = CARTESIAN_POINT ( 'NONE',  ( -1.357050807567013795, -2.604011971144410350E-13, 1.128062100399817247 ) ) ;
#1904 = ORIENTED_EDGE ( 'NONE', *, *, #1575, .F. ) ;
#1905 = CARTESIAN_POINT ( 'NONE',  ( -0.6147034400657206410, 0.5111262071879515423, 1.081440670225787049 ) ) ;
#1906 = CARTESIAN_POINT ( 'NONE',  ( 0.8660254037870988020, -1.500000000004239720, -0.3927712329320442453 ) ) ;
#1907 = CARTESIAN_POINT ( 'NONE',  ( 7.546047120499110861E-13, -1.499999999999436007, 0.06556210040270520067 ) ) ;
#1908 = CARTESIAN_POINT ( 'NONE',  ( 1.216700074651009933, -0.5297703437337547561, -1.242640373441513013 ) ) ;
#1909 = CARTESIAN_POINT ( 'NONE',  ( 4.874572967494830965E-13, -1.175240473580750011, -1.246937899597790000 ) ) ;
#1910 = AXIS2_PLACEMENT_3D ( 'NONE', #263, #229, #931 ) ;
#1911 = CARTESIAN_POINT ( 'NONE',  ( -1.357050807566277051, -7.050863183406396775E-13, 0.6905621003997988172 ) ) ;
#1912 = CIRCLE ( 'NONE', #894, 1.500000000000000000 ) ;
#1913 = CARTESIAN_POINT ( 'NONE',  ( -0.9644413778023983586, -0.7504507901508008505, -1.346975373634898165 ) ) ;
#1914 = AXIS2_PLACEMENT_3D ( 'NONE', #629, #1354, #1345 ) ;
#1915 = DIRECTION ( 'NONE',  ( -0.8660254037844252739, -0.5000000000000232037, 5.478987071768432137E-15 ) ) ;
#1916 = ORIENTED_EDGE ( 'NONE', *, *, #1993, .T. ) ;
#1917 =( BOUNDED_CURVE ( )  B_SPLINE_CURVE ( 2, ( #985, #619, #1314 ),
 .UNSPECIFIED., .F., .F. ) 
 B_SPLINE_CURVE_WITH_KNOTS ( ( 3, 3 ),
 ( 0.7857142857142659365, 0.7971581088957709893 ),
 .UNSPECIFIED. ) 
 CURVE ( )  GEOMETRIC_REPRESENTATION_ITEM ( )  RATIONAL_B_SPLINE_CURVE ( ( 1.000000000000111910, 0.9356063732241320929, 0.9331131258705890330 ) ) 
 REPRESENTATION_ITEM ( '' )  );
#1918 = CARTESIAN_POINT ( 'NONE',  ( 2.105954299835845024E-12, 1.499999999997560174, 1.315562100398513845 ) ) ;
#1919 = CARTESIAN_POINT ( 'NONE',  ( 1.299038105676999955, -0.7500000000012460033, -0.9136045662671009593 ) ) ;
#1920 = CARTESIAN_POINT ( 'NONE',  ( 1.348514733421640965, 0.05993390455941118716, -1.219043764385242978 ) ) ;
#1921 = CARTESIAN_POINT ( 'NONE',  ( 1.017788105677529975, -0.5876202367892099376, -0.6636045662674621148 ) ) ;
#1922 = DIRECTION ( 'NONE',  ( -1.489724667855159955E-14, -1.460058925613764254E-14, 1.000000000000000000 ) ) ;
#1923 = PLANE ( 'NONE',  #396 ) ;
#1924 = LINE ( 'NONE', #209, #2201 ) ;
#1925 = ORIENTED_EDGE ( 'NONE', *, *, #1161, .F. ) ;
#1926 = EDGE_CURVE ( 'NONE', #2, #982, #1845, .T. ) ;
#1927 = CARTESIAN_POINT ( 'NONE',  ( 1.101549407245272101E-12, 1.500000000000225153, -0.1844378996014305050 ) ) ;
#1928 = CARTESIAN_POINT ( 'NONE',  ( 0.6785254037872561206, 1.175240473579170164, 0.5238954337328532995 ) ) ;
#1929 = CARTESIAN_POINT ( 'NONE',  ( 1.347613337391268873, -0.002702663835654502307, -1.221497823340569333 ) ) ;
#1930 = CARTESIAN_POINT ( 'NONE',  ( 2.210037708394450219E-12, -1.175240473581252054, 0.7530621004022129972 ) ) ;
#1931 = CARTESIAN_POINT ( 'NONE',  ( -0.6785254037824769435, -1.175240473580706047, 0.2738954337328524113 ) ) ;
#1932 = CARTESIAN_POINT ( 'NONE',  ( 0.1326401055193408562, -0.7894456031593298784, 1.082514581806249154 ) ) ;
#1933 = DIRECTION ( 'NONE',  ( -1.489724667854980095E-14, 1.484481399661556346E-14, 1.000000000000000000 ) ) ;
#1934 = ORIENTED_EDGE ( 'NONE', *, *, #245, .T. ) ;
#1935 = CARTESIAN_POINT ( 'NONE',  ( -0.8660254037829661078, -1.499999999999570566, 0.5238954337331173106 ) ) ;
#1936 = CARTESIAN_POINT ( 'NONE',  ( 1.663599813461760023E-12, 1.499999999999116040, 0.8155621003985699113 ) ) ;
#1937 = ADVANCED_FACE ( 'NONE', ( #1278 ), #599, .F. ) ;
#1938 = FACE_OUTER_BOUND ( 'NONE', #1706, .T. ) ;
#1939 = CARTESIAN_POINT ( 'NONE',  ( 1.325321136050915394, -0.2036446031655372579, -1.229436633466570505 ) ) ;
#1940 = APPROVAL_ROLE ( '' ) ;
#1941 = CARTESIAN_POINT ( 'NONE',  ( 1.377995411144941063, -0.4668604110450521594, 1.074982365388141403 ) ) ;
#1942 = VECTOR ( 'NONE', #922, 1000.000000000000000 ) ;
#1943 = CARTESIAN_POINT ( 'NONE',  ( 2.440755930699370409E-12, -0.8660254037853899467, 1.136136335480320003 ) ) ;
#1944 = CIRCLE ( 'NONE', #1470, 0.7499999999999760192 ) ;
#1945 = CARTESIAN_POINT ( 'NONE',  ( 0.4921320654924380422, 0.5818928232958466840, 1.055431099461248801 ) ) ;
#1946 = ORIENTED_EDGE ( 'NONE', *, *, #1492, .T. ) ;
#1947 = CARTESIAN_POINT ( 'NONE',  ( 0.6785254037876569111, 1.175240473579680645, 0.02389543373285112765 ) ) ;
#1948 = AXIS2_PLACEMENT_3D ( 'NONE', #2082, #1229, #1743 ) ;
#1949 = CARTESIAN_POINT ( 'NONE',  ( 3.721522507161064433E-13, -0.8219473594430630747, -1.746937899601020083 ) ) ;
#1950 = CARTESIAN_POINT ( 'NONE',  ( -7.116945921511681162E-13, -1.499999999999560130, -0.4969378995973930402 ) ) ;
#1951 = CARTESIAN_POINT ( 'NONE',  ( 1.247549989346138144, -0.4589198404486616867, -1.239642778862555028 ) ) ;
#1952 = CARTESIAN_POINT ( 'NONE',  ( 1.873501354054950046E-12, 5.551115123125779547E-14, 0.3155621003985145112 ) ) ;
#1953 = CARTESIAN_POINT ( 'NONE',  ( 1.310317737841179442, -0.6505470894855142072, 1.069302579995072611 ) ) ;
#1954 = CARTESIAN_POINT ( 'NONE',  ( -0.6785254037817645134, -1.175240473584927559, -1.226104566267280482 ) ) ;
#1955 = LINE ( 'NONE', #902, #1942 ) ;
#1956 = EDGE_LOOP ( 'NONE', ( #42, #110 ) ) ;
#1957 = CARTESIAN_POINT ( 'NONE',  ( 1.017788105676533883, -0.5876202367898180068, -0.6011045662674959766 ) ) ;
#1958 = CARTESIAN_POINT ( 'NONE',  ( -1.299719340925018063, -0.6772687299922831583, -1.103294779445771256 ) ) ;
#1959 = ORIENTED_EDGE ( 'NONE', *, *, #1242, .T. ) ;
#1960 = CARTESIAN_POINT ( 'NONE',  ( 7.667477763817490387E-13, 0.8660254037821669693, 0.3155621003986255335 ) ) ;
#1961 = CARTESIAN_POINT ( 'NONE',  ( -1.232757441834238410, -0.06341370255571462944, 1.228988556037867719 ) ) ;
#1962 = DIRECTION ( 'NONE',  ( 1.000000000000000000, 1.887379141862815028E-14, -1.488970983546807175E-14 ) ) ;
#1963 = PLANE ( 'NONE',  #789 ) ;
#1964 = EDGE_CURVE ( 'NONE', #1213, #958, #962, .T. ) ;
#1965 = CARTESIAN_POINT ( 'NONE',  ( 1.046038256014013870E-12, 1.175240473580803968, -0.9344378996017920214 ) ) ;
#1966 = ADVANCED_FACE ( 'NONE', ( #457 ), #222, .T. ) ;
#1967 = CARTESIAN_POINT ( 'NONE',  ( 0.6785254037867435306, -1.175240473584289846, -1.205271232932480840 ) ) ;
#1968 = EDGE_LOOP ( 'NONE', ( #1119, #1493, #260, #1167 ) ) ;
#1969 = CARTESIAN_POINT ( 'NONE',  ( 0.6785254037868162502, -1.175240473583655021, -1.142771232932496162 ) ) ;
#1970 = CC_DESIGN_PERSON_AND_ORGANIZATION_ASSIGNMENT ( #2156, #598, ( #2178 ) ) ;
#1971 = ORIENTED_EDGE ( 'NONE', *, *, #1242, .F. ) ;
#1972 = CARTESIAN_POINT ( 'NONE',  ( 3.885780586188049911E-13, -2.706168622523820077E-13, -1.746937899601009869 ) ) ;
#1973 = ORIENTED_EDGE ( 'NONE', *, *, #1993, .F. ) ;
#1974 = CARTESIAN_POINT ( 'NONE',  ( 0.2253638746238274815, -1.178648006834756012, 1.253062100400381906 ) ) ;
#1975 = CARTESIAN_POINT ( 'NONE',  ( -1.070691428158226488, 0.6943135453411592994, 1.201728990333971403 ) ) ;
#1976 = CARTESIAN_POINT ( 'NONE',  ( 0.4525458597328632093, 1.278602961469530230, 1.143625245844480887 ) ) ;
#1977 = CARTESIAN_POINT ( 'NONE',  ( -1.357050807566487327, -3.148851398953084449E-12, -1.809437899600211175 ) ) ;
#1978 = CARTESIAN_POINT ( 'NONE',  ( -1.357050807565838069, -2.768265033939674734E-12, -0.3719378996001904136 ) ) ;
#1979 = AXIS2_PLACEMENT_3D ( 'NONE', #602, #2158, #953 ) ;
#1980 = ORIENTED_EDGE ( 'NONE', *, *, #1552, .F. ) ;
#1981 = AXIS2_PLACEMENT_3D ( 'NONE', #1796, #1449, #1291 ) ;
#1982 = DIRECTION ( 'NONE',  ( -1.998401444325255583E-14, -1.000000000000000000, -1.450971739288202592E-14 ) ) ;
#1983 = VECTOR ( 'NONE', #661, 1000.000000000000000 ) ;
#1984 = ORIENTED_EDGE ( 'NONE', *, *, #860, .F. ) ;
#1985 = CARTESIAN_POINT ( 'NONE',  ( 1.299038105678653965, -0.7500000000015270007, 0.6488954337328100008 ) ) ;
#1986 = B_SPLINE_CURVE_WITH_KNOTS ( 'NONE', 3,
 ( #523, #1378, #1211, #177, #1905, #861 ),
 .UNSPECIFIED., .F., .F.,
 ( 4, 2, 4 ),
 ( 0.000000000000000000, 0.4999999999999998890, 1.000000000000000000 ),
 .UNSPECIFIED. ) ;
#1987 = CARTESIAN_POINT ( 'NONE',  ( -1.190625144728980622, 0.4133102743805569523, 1.211552528149402397 ) ) ;
#1988 = CARTESIAN_POINT ( 'NONE',  ( 1.267743711116543937, -0.7369566502294273569, 1.066695004926764501 ) ) ;
#1989 = LINE ( 'NONE', #800, #1005 ) ;
#1990 = CARTESIAN_POINT ( 'NONE',  ( 1.017788105677983834, -0.5876202367928710091, -1.101104566267439910 ) ) ;
#1991 = DIRECTION ( 'NONE',  ( 1.000000000000000000, 1.887379141862815028E-14, -1.488970983546807175E-14 ) ) ;
#1992 = ORIENTED_EDGE ( 'NONE', *, *, #1964, .F. ) ;
#1993 = EDGE_CURVE ( 'NONE', #1847, #1767, #1139, .T. ) ;
#1994 = CARTESIAN_POINT ( 'NONE',  ( -1.232435052171840351, -0.8294479767304860918, -1.083670649053229740 ) ) ;
#1995 = EDGE_CURVE ( 'NONE', #1014, #833, #1377, .T. ) ;
#1996 = VERTEX_POINT ( 'NONE', #549 ) ;
#1997 = CARTESIAN_POINT ( 'NONE',  ( 2.440755930699370409E-12, -0.8660254037853899467, 1.136136335480320003 ) ) ;
#1998 = CARTESIAN_POINT ( 'NONE',  ( -1.116516617607524520, 0.6025843369628988144, 1.204947094785317363 ) ) ;
#1999 = DIRECTION ( 'NONE',  ( -1.998401444325306385E-14, -1.000000000000000000, 0.000000000000000000 ) ) ;
#2000 = FACE_OUTER_BOUND ( 'NONE', #791, .T. ) ;
#2001 = CARTESIAN_POINT ( 'NONE',  ( 0.6785254037871280008, 1.175240473578389455, 1.023895433733753579 ) ) ;
#2002 = CARTESIAN_POINT ( 'NONE',  ( 1.017788105676977972, 0.5876202367914310498, -0.5802712329340270481 ) ) ;
#2003 = CARTESIAN_POINT ( 'NONE',  ( 7.788908407135869912E-13, -1.040834085586083878E-13, 1.253062100398993906 ) ) ;
#2004 = PERSON_AND_ORGANIZATION ( #18446744073709551615, #18446744073709551615 ) ;
#2005 =( BOUNDED_CURVE ( )  B_SPLINE_CURVE ( 2, ( #2196, #640, #2075, #701, #23, #512, #1389 ),
 .UNSPECIFIED., .F., .F. ) 
 B_SPLINE_CURVE_WITH_KNOTS ( ( 3, 2, 2, 3 ),
 ( 0.5000000000000000000, 0.5238095238095240580, 0.5476190476190480050, 0.5714285714285709528 ),
 .UNSPECIFIED. ) 
 CURVE ( )  GEOMETRIC_REPRESENTATION_ITEM ( )  RATIONAL_B_SPLINE_CURVE ( ( 1.000000000000000000, 0.8660254037844389297, 1.000000000000000000, 0.8660254037844389297, 1.000000000000000000, 0.8660254037844389297, 1.000000000000000000 ) ) 
 REPRESENTATION_ITEM ( '' )  );
#2006 = CARTESIAN_POINT ( 'NONE',  ( -1.120044764793507008, 0.6188371659015851067, -1.289536003589671465 ) ) ;
#2007 = ORIENTED_EDGE ( 'NONE', *, *, #1646, .F. ) ;
#2008 = DIRECTION ( 'NONE',  ( -1.489724667855100002E-14, 1.506676319129329932E-14, 1.000000000000000000 ) ) ;
#2009 = CARTESIAN_POINT ( 'NONE',  ( -1.233442506783660964, -0.05662555283909168069, 1.228736355382238576 ) ) ;
#2010 = LINE ( 'NONE', #1145, #2022 ) ;
#2011 = CARTESIAN_POINT ( 'NONE',  ( -0.8422424793510812080, 1.202795624579225731, -1.110737036831443758 ) ) ;
#2012 = CARTESIAN_POINT ( 'NONE',  ( -0.6785254037813833738, 1.175240473578527789, -1.455271232933891934 ) ) ;
#2013 = CC_DESIGN_PERSON_AND_ORGANIZATION_ASSIGNMENT ( #2004, #1640, ( #784 ) ) ;
#2014 = CARTESIAN_POINT ( 'NONE',  ( 0.6785254037873774680, 1.175240473580253298, -1.038604566267137708 ) ) ;
#2015 = ORIENTED_EDGE ( 'NONE', *, *, #1310, .T. ) ;
#2016 = CARTESIAN_POINT ( 'NONE',  ( -1.017788105675707877, -0.5876202367901539603, -1.330271232931224068 ) ) ;
#2017 =( BOUNDED_CURVE ( )  B_SPLINE_CURVE ( 2, ( #1950, #703, #907, #525, #1598, #1214, #45 ),
 .UNSPECIFIED., .F., .F. ) 
 B_SPLINE_CURVE_WITH_KNOTS ( ( 3, 2, 2, 3 ),
 ( 0.3571428571428320042, 0.3809523809523640003, 0.4047619047618964960, 0.4285714285714284921 ),
 .UNSPECIFIED. ) 
 CURVE ( )  GEOMETRIC_REPRESENTATION_ITEM ( )  RATIONAL_B_SPLINE_CURVE ( ( 1.000000000000142109, 0.8660254037842969321, 1.000000000000000000, 0.8660254037844389297, 1.000000000000000000, 0.8660254037844389297, 1.000000000000000000 ) ) 
 REPRESENTATION_ITEM ( '' )  );
#2018 = CARTESIAN_POINT ( 'NONE',  ( -1.336214086191609640, 0.1795364613217837468, -1.220665377186080258 ) ) ;
#2019 = VERTEX_POINT ( 'NONE', #718 ) ;
#2020 = CARTESIAN_POINT ( 'NONE',  ( -0.5769188539395099236, 1.023891989767506061, -1.393644785462555991 ) ) ;
#2021 = CARTESIAN_POINT ( 'NONE',  ( 0.8660254037875421140, -1.500000000001736389, -1.392771232931792058 ) ) ;
#2022 = VECTOR ( 'NONE', #1170, 1000.000000000000227 ) ;
#2023 = CARTESIAN_POINT ( 'NONE',  ( -1.357050807565958195, -3.978129057455998833E-12, -0.8094378996002088433 ) ) ;
#2024 = CARTESIAN_POINT ( 'NONE',  ( 1.017788105679021893, 0.5876202367892620071, 0.4822287670658290115 ) ) ;
#2025 = CARTESIAN_POINT ( 'NONE',  ( 0.8660254037868528876, 1.500000000000590639, 0.2113954337329319866 ) ) ;
#2026 = CARTESIAN_POINT ( 'NONE',  ( -1.357050807565838291, -2.768265033939674330E-12, -0.3719378996001904136 ) ) ;
#2027 = CARTESIAN_POINT ( 'NONE',  ( -1.017788105674097832, -0.5876202367911460556, 0.7322287670686319361 ) ) ;
#2028 = CARTESIAN_POINT ( 'NONE',  ( -1.346245667027413218, 0.1424435436787326592, -1.215160144494524364 ) ) ;
#2029 = VERTEX_POINT ( 'NONE', #878 ) ;
#2030 = CARTESIAN_POINT ( 'NONE',  ( 5.013350845572970483E-13, 1.500000000000839995, -0.2469378996015070271 ) ) ;
#2031 = CARTESIAN_POINT ( 'NONE',  ( -1.017788105675992094, 0.5876202367908169855, 0.08639543373450959962 ) ) ;
#2032 = DIRECTION ( 'NONE',  ( -1.489724667854980095E-14, 1.484481399661556346E-14, 1.000000000000000000 ) ) ;
#2033 = CARTESIAN_POINT ( 'NONE',  ( -0.8660254037819777873, -1.500000000000274669, 1.461395433733193361 ) ) ;
#2034 = CARTESIAN_POINT ( 'NONE',  ( 5.603156827405089944E-13, -1.500000000000440092, 0.5030621004026850640 ) ) ;
#2035 = CARTESIAN_POINT ( 'NONE',  ( 1.876970801006904872E-12, 1.175240473579650002, 1.065562100398099954 ) ) ;
#2036 = EDGE_CURVE ( 'NONE', #243, #149, #850, .T. ) ;
#2037 = CARTESIAN_POINT ( 'NONE',  ( 1.871766630578974855E-12, 1.499999999999169997, 0.7530621003984939721 ) ) ;
#2038 = CARTESIAN_POINT ( 'NONE',  ( 1.017788105679129806, 0.5876202367903859969, 0.9197287670658080838 ) ) ;
#2039 = EDGE_CURVE ( 'NONE', #1812, #958, #896, .T. ) ;
#2040 = CARTESIAN_POINT ( 'NONE',  ( -1.338082552220881682, 0.1729546259795245733, -1.219684329778797371 ) ) ;
#2041 = CARTESIAN_POINT ( 'NONE',  ( -0.8660254037818438944, 1.499999999998459232, -0.2052712329339504149 ) ) ;
#2042 = CARTESIAN_POINT ( 'NONE',  ( 1.299038105678163912, -0.7500000000015270007, -1.851104566267470108 ) ) ;
#2043 = CARTESIAN_POINT ( 'NONE',  ( -1.732050807566964723, -3.261024222325463545E-12, -0.05943789960065352929 ) ) ;
#2044 = CARTESIAN_POINT ( 'NONE',  ( -1.017788105676384003, 0.5876202367898799572, -0.8511045662654149746 ) ) ;
#2045 = CARTESIAN_POINT ( 'NONE',  ( 1.299038105679593880, 0.7499999999995319300, 0.6697287670661690173 ) ) ;
#2046 = CARTESIAN_POINT ( 'NONE',  ( -1.357050807566750894, -9.734998599816786783E-13, 1.190562100400185175 ) ) ;
#2047 = CARTESIAN_POINT ( 'NONE',  ( 1.299038105677223998, 0.7499999999995810018, -0.8302712329337770258 ) ) ;
#2048 = CARTESIAN_POINT ( 'NONE',  ( 0.6785254037865633414, -1.175240473580248635, 0.2947287670673983673 ) ) ;
#2049 = CARTESIAN_POINT ( 'NONE',  ( -1.068446253767179277, 0.6830294848232241200, -1.300799646308584023 ) ) ;
#2050 = AXIS2_PLACEMENT_3D ( 'NONE', #1445, #1804, #2175 ) ;
#2051 = CARTESIAN_POINT ( 'NONE',  ( -1.299038105676113775, 0.7500000000016939783, -0.1636045662653519972 ) ) ;
#2052 = CARTESIAN_POINT ( 'NONE',  ( -1.357050807567013573, -2.604011971144410350E-13, 1.128062100399817247 ) ) ;
#2053 = VECTOR ( 'NONE', #1312, 1000.000000000000000 ) ;
#2054 = CARTESIAN_POINT ( 'NONE',  ( -1.299038105675061949, 0.7499999999975410780, 1.336395433734594018 ) ) ;
#2055 = ORIENTED_EDGE ( 'NONE', *, *, #1218, .T. ) ;
#2056 = AXIS2_PLACEMENT_3D ( 'NONE', #41, #1429, #708 ) ;
#2057 = CARTESIAN_POINT ( 'NONE',  ( -0.7499999999989760413, 0.4330127018908960235, 0.3155621004012345021 ) ) ;
#2058 = CARTESIAN_POINT ( 'NONE',  ( -1.017788105676000088, -0.5876202367886520506, 0.1697287670686110084 ) ) ;
#2059 = AXIS2_PLACEMENT_3D ( 'NONE', #901, #728, #540 ) ;
#2060 = CARTESIAN_POINT ( 'NONE',  ( -1.299038105674414023, -0.7499999999993139932, 0.4197287670701375095 ) ) ;
#2061 = CARTESIAN_POINT ( 'NONE',  ( -1.017788105676380006, -0.5876202367911009805, -0.8302712329313899353 ) ) ;
#2062 = CARTESIAN_POINT ( 'NONE',  ( -0.8660254037821752959, -1.499999999999265921, -0.9761045662664862288 ) ) ;
#2063 = CARTESIAN_POINT ( 'NONE',  ( 4.068705929489580237E-13, 0.8219473594425120710, -1.746937899601020083 ) ) ;
#2064 = CARTESIAN_POINT ( 'NONE',  ( -1.017788105676000088, -0.5876202367886520506, 0.1697287670686110084 ) ) ;
#2065 = ADVANCED_FACE ( 'NONE', ( #1417 ), #1923, .F. ) ;
#2066 = CARTESIAN_POINT ( 'NONE',  ( 2.489328188026720200E-12, -1.500000000001770140, 1.503062100402794865 ) ) ;
#2067 = UNCERTAINTY_MEASURE_WITH_UNIT (LENGTH_MEASURE( 1.000000000000000082E-05 ), #1600, 'distance_accuracy_value', 'NONE');
#2068 = CARTESIAN_POINT ( 'NONE',  ( 5.013350845572970483E-13, -1.500000000000284883, -0.9969378995972608681 ) ) ;
#2069 = CARTESIAN_POINT ( 'NONE',  ( -6.765421556309548930E-14, 1.175240473581594003, 0.003062100398132375050 ) ) ;
#2070 = CC_DESIGN_PERSON_AND_ORGANIZATION_ASSIGNMENT ( #1589, #47, ( #2190 ) ) ;
#2071 = DIRECTION ( 'NONE',  ( -1.998401444325255583E-14, -1.000000000000000000, -1.460058925613812533E-14 ) ) ;
#2072 = CARTESIAN_POINT ( 'NONE',  ( -0.8660254037814606454, 1.499999999999182210, -0.7052712329339522190 ) ) ;
#2073 = CARTESIAN_POINT ( 'NONE',  ( -0.5994166187181479977, -1.089160257649484320, -1.325974087953484704 ) ) ;
#2074 = ORIENTED_EDGE ( 'NONE', *, *, #631, .F. ) ;
#2075 = CARTESIAN_POINT ( 'NONE',  ( 1.299038105677309929, -0.7500000000004169998, 0.08639543373289980399 ) ) ;
#2076 = CARTESIAN_POINT ( 'NONE',  ( 0.8660254037868887478, -1.499999999999876987, 0.6072287670679612503 ) ) ;
#2077 = CARTESIAN_POINT ( 'NONE',  ( -1.017788105676283861, -0.5876202367905389856, 0.2322287670686875027 ) ) ;
#2078 = VERTEX_POINT ( 'NONE', #888 ) ;
#2079 = EDGE_CURVE ( 'NONE', #1014, #2, #233, .T. ) ;
#2080 = CARTESIAN_POINT ( 'NONE',  ( 1.291410296425645310, 0.4425803726898336898, -1.204239588809279615 ) ) ;
#2081 = CARTESIAN_POINT ( 'NONE',  ( -0.6785254037817680661, -1.175240473581539824, 1.211395433732745053 ) ) ;
#2082 = CARTESIAN_POINT ( 'NONE',  ( 0.7500000000011199930, 0.4330127018918885073, 0.3155621003982925221 ) ) ;
#2083 = CARTESIAN_POINT ( 'NONE',  ( 0.2578679345106396070, -0.7171452823811663713, 1.055431099462051936 ) ) ;
#2084 = CARTESIAN_POINT ( 'NONE',  ( 7.788908407135869912E-13, -1.040834085586083878E-13, 1.253062100398993906 ) ) ;
#2085 = ORIENTED_EDGE ( 'NONE', *, *, #541, .F. ) ;
#2086 = DIRECTION ( 'NONE',  ( 1.489724667855159955E-14, 1.460058925613764254E-14, -1.000000000000000000 ) ) ;
#2087 = ORIENTED_EDGE ( 'NONE', *, *, #1381, .F. ) ;
#2088 = CARTESIAN_POINT ( 'NONE',  ( 1.732050807570400641, -2.604011971144410350E-13, 1.190562100400762713 ) ) ;
#2089 = CARTESIAN_POINT ( 'NONE',  ( 1.876970801006904872E-12, 1.175240473579650002, 1.065562100398099954 ) ) ;
#2090 = CARTESIAN_POINT ( 'NONE',  ( 1.338595130628198682, -0.1135184925689641522, -1.225868823300655164 ) ) ;
#2091 = CARTESIAN_POINT ( 'NONE',  ( -1.017788105676595833, 0.5876202367896510292, -0.9136045662654909139 ) ) ;
#2092 = CARTESIAN_POINT ( 'NONE',  ( -1.357050807566750450, -9.734998599816786783E-13, 1.190562100400185175 ) ) ;
#2093 = EDGE_CURVE ( 'NONE', #267, #1456, #1440, .T. ) ;
#2094 = VECTOR ( 'NONE', #1178, 1000.000000000000000 ) ;
#2095 = CARTESIAN_POINT ( 'NONE',  ( -0.1529209884204806857, -1.256738345901908138, -1.306265120663564261 ) ) ;
#2096 = CIRCLE ( 'NONE', #1763, 0.9898836153793139081 ) ;
#2097 = EDGE_CURVE ( 'NONE', #1471, #1482, #787, .T. ) ;
#2098 = LINE ( 'NONE', #1788, #892 ) ;
#2099 = ORIENTED_EDGE ( 'NONE', *, *, #2093, .T. ) ;
#2100 = CARTESIAN_POINT ( 'NONE',  ( -1.299038105676449950, 0.7500000000003089751, -1.101104566265385998 ) ) ;
#2101 = CARTESIAN_POINT ( 'NONE',  ( -0.6785254037822193718, 1.175240473580712930, 0.1072287670660993231 ) ) ;
#2102 = CARTESIAN_POINT ( 'NONE',  ( 0.9549917393199724991, -0.8966240492172863341, -1.258945365022194451 ) ) ;
#2103 = CARTESIAN_POINT ( 'NONE',  ( 1.017788105676977972, 0.5876202367914310498, -0.5802712329340270481 ) ) ;
#2104 = CARTESIAN_POINT ( 'NONE',  ( -0.6785254037826511375, 1.175240473580008382, 0.6072287670661019598 ) ) ;
#2105 = CARTESIAN_POINT ( 'NONE',  ( 1.094610513341364065E-12, -1.175240473580029921, 1.253062100402711820 ) ) ;
#2106 = CARTESIAN_POINT ( 'NONE',  ( -0.3413061400078911123, -1.124783147899302449, 1.253079513992776617 ) ) ;
#2107 = ORIENTED_EDGE ( 'NONE', *, *, #1787, .F. ) ;
#2108 = CARTESIAN_POINT ( 'NONE',  ( 0.6785254037871326638, -1.175240473584419298, -0.6427712329326226159 ) ) ;
#2109 = CARTESIAN_POINT ( 'NONE',  ( -1.299038105674798160, 0.7499999999992510435, 0.3988954337346695134 ) ) ;
#2110 = CARTESIAN_POINT ( 'NONE',  ( 0.6785254037871280008, 1.175240473578389455, 1.023895433733753579 ) ) ;
#2111 = CARTESIAN_POINT ( 'NONE',  ( 1.137835821659546331, 0.7764707022194098363, -1.191473029672239337 ) ) ;
#2112 = DATE_AND_TIME ( #1415, #179 ) ;
#2113 = CARTESIAN_POINT ( 'NONE',  ( 0.7500000000006790124, 2.010079804379249842E-14, 1.054894473123608067 ) ) ;
#2114 = CARTESIAN_POINT ( 'NONE',  ( 0.6147034400642278351, -0.5111262071933736495, 1.081440670226487155 ) ) ;
#2115 = CARTESIAN_POINT ( 'NONE',  ( -0.2419847708793119445, -1.150686636240506822, 1.253099462838626721 ) ) ;
#2116 = VERTEX_POINT ( 'NONE', #954 ) ;
#2117 = CARTESIAN_POINT ( 'NONE',  ( 1.357050807572029782, -2.499851492298632805E-12, -0.5594378996011046823 ) ) ;
#2118 = EDGE_CURVE ( 'NONE', #2162, #243, #979, .T. ) ;
#2119 = CARTESIAN_POINT ( 'NONE',  ( -1.299038105675794030, 0.7500000000014720447, -0.1011045662653864002 ) ) ;
#2120 = VERTEX_POINT ( 'NONE', #60 ) ;
#2121 = CARTESIAN_POINT ( 'NONE',  ( 1.017788105677914112, -0.5876202367924300285, 1.398895433732506133 ) ) ;
#2122 = CARTESIAN_POINT ( 'NONE',  ( 1.241839564078653257, -0.4728091836783783197, -1.240234666369357308 ) ) ;
#2123 = CARTESIAN_POINT ( 'NONE',  ( 1.339365770814932910, -0.5807840203931642353, 1.071443291092720074 ) ) ;
#2124 = ORIENTED_EDGE ( 'NONE', *, *, #1703, .T. ) ;
#2125 = LOCAL_TIME ( 18, 50, 28.00000000000000000, #920 ) ;
#2126 = CARTESIAN_POINT ( 'NONE',  ( 1.017788105676919796, -0.5876202367898140100, -1.601104566267494977 ) ) ;
#2127 = CARTESIAN_POINT ( 'NONE',  ( 1.094610513341364065E-12, -1.175240473580029921, 1.253062100402711820 ) ) ;
#2128 = ORIENTED_EDGE ( 'NONE', *, *, #1840, .F. ) ;
#2129 = CARTESIAN_POINT ( 'NONE',  ( -1.732050807567354855, 1.922962686383563308E-13, 0.4405621003993487883 ) ) ;
#2130 = AXIS2_PLACEMENT_3D ( 'NONE', #198, #1922, #2071 ) ;
#2131 = DIRECTION ( 'NONE',  ( -1.489724667855159955E-14, -1.460058925613764254E-14, 1.000000000000000000 ) ) ;
#2132 = EDGE_CURVE ( 'NONE', #121, #1805, #2212, .T. ) ;
#2133 = ORIENTED_EDGE ( 'NONE', *, *, #1046, .T. ) ;
#2134 = DIRECTION ( 'NONE',  ( -1.489724667855784102E-14, -1.484481399661612197E-14, -1.000000000000000000 ) ) ;
#2135 = CARTESIAN_POINT ( 'NONE',  ( -1.113264695713259922, 0.6092952426722108017, 1.204712822933508454 ) ) ;
#2136 = CARTESIAN_POINT ( 'NONE',  ( 2.319325287380990277E-12, 1.175240473579590050, 1.503062100398189882 ) ) ;
#2137 = LINE ( 'NONE', #1427, #150 ) ;
#2138 = CARTESIAN_POINT ( 'NONE',  ( 1.162264728904459996E-13, 3.851086116668509730E-13, -1.253062100398215861 ) ) ;
#2139 = CARTESIAN_POINT ( 'NONE',  ( -0.7164281072998599509, -0.9436102567819489861, 1.252663158546465150 ) ) ;
#2140 = ORIENTED_EDGE ( 'NONE', *, *, #135, .F. ) ;
#2141 = CARTESIAN_POINT ( 'NONE',  ( 8.187894806610530495E-13, -1.175240473581469880, -1.184437899597600152 ) ) ;
#2142 = DIRECTION ( 'NONE',  ( -1.489724667855159955E-14, -1.450971739288174193E-14, 1.000000000000000000 ) ) ;
#2143 = VERTEX_POINT ( 'NONE', #395 ) ;
#2144 = CARTESIAN_POINT ( 'NONE',  ( 0.7500000000025109914, 0.4330127018961660301, 1.136136335476046089 ) ) ;
#2145 = CARTESIAN_POINT ( 'NONE',  ( 0.9541146992812991057, 1.008168684005380067, -1.180821598987548349 ) ) ;
#2146 = PERSON_AND_ORGANIZATION ( #18446744073709551615, #18446744073709551615 ) ;
#2147 = CARTESIAN_POINT ( 'NONE',  ( 1.426522052892995163, -0.2381434254061147449, 1.082139160858485827 ) ) ;
#2148 = CARTESIAN_POINT ( 'NONE',  ( 0.7500000000010190737, -1.339206523454094067E-12, 0.3155621003991805340 ) ) ;
#2149 = CARTESIAN_POINT ( 'NONE',  ( 1.299038105677033927, -0.7499999999993490762, 0.1488954337328652067 ) ) ;
#2150 = CARTESIAN_POINT ( 'NONE',  ( -0.7499999999989845900, 0.2783121635270763838, 1.081975093909423480 ) ) ;
#2151 = ORIENTED_EDGE ( 'NONE', *, *, #1787, .T. ) ;
#2152 = CARTESIAN_POINT ( 'NONE',  ( -2.324529457808919992E-13, 1.500000000000450084, 0.2530621003985489836 ) ) ;
#2153 = EDGE_LOOP ( 'NONE', ( #700, #115, #383, #1650, #818 ) ) ;
#2154 = LINE ( 'NONE', #1960, #639 ) ;
#2155 = CARTESIAN_POINT ( 'NONE',  ( 1.126885834171508227, 0.7933043884200834395, -1.190750334499595109 ) ) ;
#2156 = PERSON_AND_ORGANIZATION ( #18446744073709551615, #18446744073709551615 ) ;
#2157 = CARTESIAN_POINT ( 'NONE',  ( 7.667477763817490387E-13, 0.8660254037821669693, 0.3155621003986255335 ) ) ;
#2158 = DIRECTION ( 'NONE',  ( 1.488970983546780038E-14, 1.484481399661612197E-14, 1.000000000000000000 ) ) ;
#2159 = FACE_OUTER_BOUND ( 'NONE', #967, .T. ) ;
#2160 = CARTESIAN_POINT ( 'NONE',  ( -0.6785254037816997874, 1.175240473577560341, -0.9552712329338890473 ) ) ;
#2161 = CIRCLE ( 'NONE', #154, 1.200000000000013944 ) ;
#2162 = VERTEX_POINT ( 'NONE', #1477 ) ;
#2163 = ADVANCED_FACE ( 'NONE', ( #2159 ), #1844, .T. ) ;
#2164 = AXIS2_PLACEMENT_3D ( 'NONE', #2084, #343, #1859 ) ;
#2165 = CARTESIAN_POINT ( 'NONE',  ( -1.197435160226313577, -0.8948275270974233031, -1.074921684621292561 ) ) ;
#2166 = VECTOR ( 'NONE', #966, 1000.000000000000000 ) ;
#2167 = ORIENTED_EDGE ( 'NONE', *, *, #1351, .T. ) ;
#2168 = LINE ( 'NONE', #585, #1036 ) ;
#2169 = CARTESIAN_POINT ( 'NONE',  ( -1.128775965183097529, 0.5763853756719555799, 1.205859666204231795 ) ) ;
#2170 = DIRECTION ( 'NONE',  ( -1.489724667855100002E-14, 1.506676319129329932E-14, 1.000000000000000000 ) ) ;
#2171 = DIRECTION ( 'NONE',  ( -1.489724667854980095E-14, 1.484481399661556346E-14, 1.000000000000000000 ) ) ;
#2172 = CARTESIAN_POINT ( 'NONE',  ( -1.017788105674714005, -0.5876202367908720525, -1.767771232931204972 ) ) ;
#2173 = CARTESIAN_POINT ( 'NONE',  ( 1.357050807572545148, -2.752240344886478297E-12, -1.621937899601094024 ) ) ;
#2174 = ORIENTED_EDGE ( 'NONE', *, *, #1707, .F. ) ;
#2175 = DIRECTION ( 'NONE',  ( 1.998401444325252427E-14, 1.000000000000000000, 1.460058925613812533E-14 ) ) ;
#2176 = ORIENTED_EDGE ( 'NONE', *, *, #486, .F. ) ;
#2177 = CARTESIAN_POINT ( 'NONE',  ( 7.788908407135869912E-13, -1.040834085586083878E-13, 1.253062100398993906 ) ) ;
#2178 = PRODUCT_DEFINITION ( 'General', '', #927, #1452 ) ;
#2179 = CARTESIAN_POINT ( 'NONE',  ( 0.9691656940242229235, 0.9926437309858483493, -1.181619379792830493 ) ) ;
#2180 = CARTESIAN_POINT ( 'NONE',  ( 1.574273427957115229E-12, 1.085663594743489835, 1.086074802290742047 ) ) ;
#2181 = CARTESIAN_POINT ( 'NONE',  ( -0.6785254037818523321, -1.175240473587684686, -0.2261045662671500034 ) ) ;
#2182 = FACE_OUTER_BOUND ( 'NONE', #434, .T. ) ;
#2183 = ORIENTED_EDGE ( 'NONE', *, *, #665, .T. ) ;
#2184 = CARTESIAN_POINT ( 'NONE',  ( -0.7499999999988640198, 0.4330127018905560177, 1.136136335481320092 ) ) ;
#2185 = EDGE_CURVE ( 'NONE', #1715, #1688, #1944, .T. ) ;
#2186 = EDGE_LOOP ( 'NONE', ( #913, #141, #814, #2176, #236, #103 ) ) ;
#2187 = CARTESIAN_POINT ( 'NONE',  ( 7.788908407135869912E-13, -1.040834085586083878E-13, 1.253062100398993906 ) ) ;
#2188 = CARTESIAN_POINT ( 'NONE',  ( 1.299038105678939958, 0.7499999999999240607, -1.767771232934034931 ) ) ;
#2189 = LINE ( 'NONE', #1485, #1879 ) ;
#2190 = PRODUCT ( 'M3X0.5-3-SS304-SET-SCREW_92015A101.STEP', 'M3X0.5-3-SS304-SET-SCREW_92015A101.STEP', '', ( #1085 ) ) ;
#2191 = CARTESIAN_POINT ( 'NONE',  ( -0.9821623666151459986, -0.6894614460596389938, 1.253062100402601908 ) ) ;
#2192 = CARTESIAN_POINT ( 'NONE',  ( 0.6785254037872561206, 1.175240473579170164, 0.5238954337328532995 ) ) ;
#2193 = ORIENTED_EDGE ( 'NONE', *, *, #1285, .F. ) ;
#2194 = CARTESIAN_POINT ( 'NONE',  ( 4.874572967494830965E-13, -1.175240473580750011, -1.246937899597790000 ) ) ;
#2195 = CARTESIAN_POINT ( 'NONE',  ( 1.017788105678485877, 0.5876202367889880041, 0.9822287670658849112 ) ) ;
#2196 = CARTESIAN_POINT ( 'NONE',  ( 2.237793284010080142E-13, -1.499999999999779954, 0.003062100402739800168 ) ) ;
#2197 = CIRCLE ( 'NONE', #1435, 0.1669872981077820118 ) ;
#2198 = VERTEX_POINT ( 'NONE', #1259 ) ;
#2199 = CARTESIAN_POINT ( 'NONE',  ( 1.162264728904459996E-13, 3.851086116668509730E-13, -1.253062100398215861 ) ) ;
#2200 = CARTESIAN_POINT ( 'NONE',  ( -0.6785254037817758377, 1.175240473580257961, 0.04472876706611511599 ) ) ;
#2201 = VECTOR ( 'NONE', #1418, 1000.000000000000000 ) ;
#2202 = CARTESIAN_POINT ( 'NONE',  ( -0.8660254037825310114, -1.500000000003192335, -0.5386045662668663692 ) ) ;
#2203 = CARTESIAN_POINT ( 'NONE',  ( -1.732050807566436035, -1.161789956356736001E-12, 1.378062100399496615 ) ) ;
#2204 = EDGE_CURVE ( 'NONE', #1106, #1482, #1784, .T. ) ;
#2205 = DIRECTION ( 'NONE',  ( 2.480229296829625728E-14, 0.8571673007021202162, -0.5150380749100411659 ) ) ;
#2206 = CARTESIAN_POINT ( 'NONE',  ( 2.265548859625710065E-12, 1.175240473578981870, 1.565562100398155021 ) ) ;
#2207 = CARTESIAN_POINT ( 'NONE',  ( 0.8660254037871416566, -1.499999999999429345, 1.044728767069901032 ) ) ;
#2208 = CARTESIAN_POINT ( 'NONE',  ( 0.8660254037876496946, 1.499999999996609157, -1.288604566267073315 ) ) ;
#2209 = CARTESIAN_POINT ( 'NONE',  ( -1.017788105676000088, -0.5876202367886520506, 0.1697287670686110084 ) ) ;
#2210 = LINE ( 'NONE', #1041, #1292 ) ;
#2211 = DIRECTION ( 'NONE',  ( 1.488970983546780038E-14, 1.484481399661612197E-14, 1.000000000000000000 ) ) ;
#2212 =( BOUNDED_CURVE ( )  B_SPLINE_CURVE ( 2, ( #1465, #739, #2149, #1454, #98, #773, #107 ),
 .UNSPECIFIED., .F., .F. ) 
 B_SPLINE_CURVE_WITH_KNOTS ( ( 3, 2, 2, 3 ),
 ( 0.6428571428571430157, 0.6666666666666670737, 0.6904761904761910207, 0.7142857142857139685 ),
 .UNSPECIFIED. ) 
 CURVE ( )  GEOMETRIC_REPRESENTATION_ITEM ( )  RATIONAL_B_SPLINE_CURVE ( ( 1.000000000000000000, 0.8660254037844389297, 1.000000000000000000, 0.8660254037844389297, 1.000000000000000000, 0.8660254037844389297, 1.000000000000000000 ) ) 
 REPRESENTATION_ITEM ( '' )  );
#2213 = CARTESIAN_POINT ( 'NONE',  ( -1.373676631938573589, -0.3924703252129206899, -1.140243739398846934 ) ) ;
#2214 = EDGE_LOOP ( 'NONE', ( #445, #1631, #151 ) ) ;
#2215 = CARTESIAN_POINT ( 'NONE',  ( 0.7500000000011199930, 0.4330127018918885073, 0.3155621003982925221 ) ) ;
#2216 = CARTESIAN_POINT ( 'NONE',  ( -1.357050807566362316, -5.728826336517700851E-13, 0.6280621003998142493 ) ) ;
#2217 = CARTESIAN_POINT ( 'NONE',  ( -0.4322169720199099952, -1.436380342772440200, 1.042999838939794088 ) ) ;
#2218 = ORIENTED_EDGE ( 'NONE', *, *, #590, .F. ) ;
#2219 = LINE ( 'NONE', #2057, #1983 ) ;
#2220 = CARTESIAN_POINT ( 'NONE',  ( -1.017788105674651833, -0.5876202367898759604, -0.2677712329313684525 ) ) ;
#2221 = CARTESIAN_POINT ( 'NONE',  ( -1.299038105675410115, -0.7499999999983669730, -0.5802712329298629346 ) ) ;
#2222 = CARTESIAN_POINT ( 'NONE',  ( 0.6785254037866119692, -1.175240473583465839, -0.2052712329326040197 ) ) ;
#2223 = DIRECTION ( 'NONE',  ( -1.998401444325252427E-14, -1.000000000000000000, -1.460058925613812533E-14 ) ) ;
#2224 = CARTESIAN_POINT ( 'NONE',  ( -1.317793069766702185, 0.2427276595936894155, -1.230107198383511680 ) ) ;
#2225 = CARTESIAN_POINT ( 'NONE',  ( -3.428678470230914832E-13, -1.316353874335419949, 1.171590240490632207 ) ) ;
#2226 = CARTESIAN_POINT ( 'NONE',  ( 4.874572967494830965E-13, -1.175240473580251965, 0.2530621004022680087 ) ) ;
#2227 = CARTESIAN_POINT ( 'NONE',  ( -1.017788105674980015, 0.5876202367894319822, -0.3511045662654699862 ) ) ;
#2228 = ORIENTED_EDGE ( 'NONE', *, *, #339, .F. ) ;
#2229 = CARTESIAN_POINT ( 'NONE',  ( 1.161709617400221819E-13, 1.499999999999169997, 0.7530621003985780160 ) ) ;
#2230 = CARTESIAN_POINT ( 'NONE',  ( -1.017788105675057952, -0.5876202367911980140, 0.6697287670686670191 ) ) ;
#2231 = CARTESIAN_POINT ( 'NONE',  ( 0.8660254037873494903, 1.499999999996288302, -0.7886045662670729817 ) ) ;
#2232 = CARTESIAN_POINT ( 'NONE',  ( -1.017788105675057952, -0.5876202367911980140, 0.6697287670686670191 ) ) ;
#2233 = LINE ( 'NONE', #1032, #2094 ) ;
#2234 = ADVANCED_FACE ( 'NONE', ( #1624 ), #1506, .F. ) ;
#2235 = CYLINDRICAL_SURFACE ( 'NONE', #963, 1.500000000000000000 ) ;
#2236 = CIRCLE ( 'NONE', #496, 0.8219473594427930685 ) ;
#2237 = FACE_OUTER_BOUND ( 'NONE', #406, .T. ) ;
#2238 = CARTESIAN_POINT ( 'NONE',  ( -2.775557561562890341E-13, 1.499999999999723999, -2.184437899601209931 ) ) ;
ENDSEC;
END-ISO-10303-21;
