ISO-10303-21;
HEADER;
FILE_DESCRIPTION (( 'STEP AP203' ),
    '1' );
FILE_NAME ('M3X0.5-5-ALUMINUM-SOCKET-HEAD-CAP-SCREW_91292A110.STEP.STEP',
    '2026-06-22T08:50:30',
    ( 'localuser' ),
    ( '' ),
    'SwSTEP 2.0',
    'SolidWorks 2025',
    '' );
FILE_SCHEMA (( 'CONFIG_CONTROL_DESIGN' ));
ENDSEC;

DATA;
#1 = CARTESIAN_POINT ( 'NONE',  ( 6.938893903907229955E-15, -2.775557561562889773E-14, -8.499999999999559464 ) ) ;
#2 = CARTESIAN_POINT ( 'NONE',  ( 1.499999999999998890, -0.4019237886466942022, -3.647329099369605920 ) ) ;
#3 = CARTESIAN_POINT ( 'NONE',  ( -1.109929378866904015, -0.9801653377021534164, -0.3917837048372854736 ) ) ;
#4 = CARTESIAN_POINT ( 'NONE',  ( 1.017788105676649790, 0.5876202367904039825, -4.333333333332801018 ) ) ;
#5 = CIRCLE ( 'NONE', #914, 1.250000000000000000 ) ;
#6 = AXIS2_PLACEMENT_3D ( 'NONE', #3329, #2441, #3552 ) ;
#7 = VERTEX_POINT ( 'NONE', #1053 ) ;
#8 = CARTESIAN_POINT ( 'NONE',  ( 0.5117177544461373184, 1.364888019214195003, -4.999999999999729994 ) ) ;
#9 = LINE ( 'NONE', #296, #3010 ) ;
#10 = CARTESIAN_POINT ( 'NONE',  ( -1.175240473580827949, 0.3149047358083378878, -3.147329099369276406 ) ) ;
#11 = CARTESIAN_POINT ( 'NONE',  ( 2.775557561562889773E-14, -1.500000000000085043, -1.749999999999805045 ) ) ;
#12 = CARTESIAN_POINT ( 'NONE',  ( 1.299038105676677990, -0.7500000000000440759, -2.729166666666839713 ) ) ;
#13 = CYLINDRICAL_SURFACE ( 'NONE', #1774, 1.175240473580833944 ) ;
#14 = CARTESIAN_POINT ( 'NONE',  ( -0.6785254037844664632, 1.175240473580816403, -2.770833333333468484 ) ) ;
#15 = CARTESIAN_POINT ( 'NONE',  ( -6.938893903907229955E-15, -1.175240473580866141, -2.000000000000000000 ) ) ;
#16 = LINE ( 'NONE', #35, #2129 ) ;
#17 = CARTESIAN_POINT ( 'NONE',  ( 1.017788105676646015, 0.5876202367904039825, 0.6041666666669609498 ) ) ;
#18 = CARTESIAN_POINT ( 'NONE',  ( -1.383133042942491953, -0.5804679022311759473, -0.4052517832094369998 ) ) ;
#19 = ORIENTED_EDGE ( 'NONE', *, *, #2291, .F. ) ;
#20 = EDGE_CURVE ( 'NONE', #1533, #1871, #192, .T. ) ;
#21 =( BOUNDED_CURVE ( )  B_SPLINE_CURVE ( 2, ( #24, #1453, #1938, #59, #2789, #1144, #1734, #882, #2561 ),
 .UNSPECIFIED., .F., .T. ) 
 B_SPLINE_CURVE_WITH_KNOTS ( ( 3, 2, 2, 2, 3 ),
 ( 0.5961538461538460343, 0.6025641025641029769, 0.6153846153846149747, 0.6282051282051279717, 0.6346153846153849143 ),
 .UNSPECIFIED. ) 
 CURVE ( )  GEOMETRIC_REPRESENTATION_ITEM ( )  RATIONAL_B_SPLINE_CURVE ( ( 0.9330127018922189652, 0.9330127018922179660, 1.000000000000000000, 0.8660254037844389297, 1.000000000000000000, 0.8660254037844389297, 1.000000000000000000, 0.9330127018922159676, 0.9330127018922189652 ) ) 
 REPRESENTATION_ITEM ( '' )  );
#22 = DIRECTION ( 'NONE',  ( 3.647064326199800396E-15, -2.400530044110370049E-17, 1.000000000000000000 ) ) ;
#23 = ORIENTED_EDGE ( 'NONE', *, *, #2958, .T. ) ;
#24 = CARTESIAN_POINT ( 'NONE',  ( -1.500000000000000222, -4.322805116657449912E-14, -3.374999999999910294 ) ) ;
#25 = DIRECTION ( 'NONE',  ( -1.000000000000000000, 8.326672684688669123E-16, -2.081668171172168513E-15 ) ) ;
#26 = VERTEX_POINT ( 'NONE', #1296 ) ;
#27 = CARTESIAN_POINT ( 'NONE',  ( 1.214891853394113985, -0.3128843051923355656, -4.999999999999727329 ) ) ;
#28 = CARTESIAN_POINT ( 'NONE',  ( -1.017788105676687982, -0.5876202367904439505, -0.5833333333335469773 ) ) ;
#29 = CARTESIAN_POINT ( 'NONE',  ( -4.510281037539699708E-14, 1.499999999999944045, -2.499999999999444888 ) ) ;
#30 = FACE_OUTER_BOUND ( 'NONE', #547, .T. ) ;
#31 = CARTESIAN_POINT ( 'NONE',  ( 0.6785254037844307140, -1.175240473580756673, -4.020833333333603044 ) ) ;
#32 = ADVANCED_FACE ( 'NONE', ( #2639 ), #609, .T. ) ;
#33 = CARTESIAN_POINT ( 'NONE',  ( 0.8166109607456080166, 0.9719051149643365139, -8.306049574303491667 ) ) ;
#34 = CARTESIAN_POINT ( 'NONE',  ( -1.175240473580843936, 1.568759921367624969E-15, -2.187500000000230038 ) ) ;
#35 = CARTESIAN_POINT ( 'NONE',  ( 3.469446951953614978E-15, -1.443375672974103852, -7.099999999999829114 ) ) ;
#36 = CYLINDRICAL_SURFACE ( 'NONE', #918, 1.500000000000000000 ) ;
#37 = ORIENTED_EDGE ( 'NONE', *, *, #1026, .F. ) ;
#38 = B_SPLINE_CURVE_WITH_KNOTS ( 'NONE', 3,
 ( #2806, #3563, #1646, #3041, #2771, #886, #1382, #1130, #2468, #1098, #3, #307, #2202, #3321, #829, #2490, #2256, #3371, #1922, #3058, #199, #1305, #400, #1725, #1514, #2586, #2964, #1819, #3218, #436, #1531, #1281, #2646, #2123, #2141, #3258, #1870, #3285, #3235, #1046, #2416, #3513, #1840, #1596, #1881, #1549, #3476, #2370, #1568, #2998, #185, #717, #3543, #2665, #2383, #489, #453, #3494, #1013, #2715, #213, #2683, #230, #783, #195, #417, #2107, #1335, #2430, #758, #163, #1298, #1058, #1854, #2402, #2978, #471, #1580 ),
 .UNSPECIFIED., .F., .F.,
 ( 4, 2, 1, 1, 1, 1, 2, 2, 2, 2, 2, 1, 2, 2, 2, 2, 1, 1, 2, 2, 2, 1, 1, 1, 1, 2, 2, 2, 2, 2, 1, 2, 2, 2, 2, 1, 1, 2, 2, 2, 1, 1, 1, 1, 2, 2, 2, 4 ),
 ( 0.000000000000000000, 0.06250000000000714706, 0.09375000000001078304, 0.1093750000000126427, 0.1171875000000136419, 0.1210937500000141831, 0.1230468750000143635, 0.1250000000000145439, 0.1875000000000125455, 0.2187500000000115741, 0.2343750000000111300, 0.2421875000000108802, 0.2460937500000107414, 0.2500000000000106026, 0.3125000000000078826, 0.3437500000000064948, 0.3593750000000058287, 0.3671875000000054401, 0.3710937500000053291, 0.3750000000000052180, 0.4375000000000027756, 0.4687500000000015543, 0.4843750000000009437, 0.4921875000000006106, 0.4960937500000004441, 0.4980468750000003331, 0.5000000000000002220, 0.5624999999999990008, 0.5937499999999985567, 0.6093749999999982236, 0.6171874999999981126, 0.6210937499999980016, 0.6249999999999978906, 0.6874999999999960032, 0.7187499999999951150, 0.7343749999999947820, 0.7421874999999945599, 0.7460937499999944489, 0.7499999999999943379, 0.8124999999999952260, 0.8437499999999955591, 0.8593749999999957812, 0.8671874999999958922, 0.8710937499999958922, 0.8730468749999960032, 0.8749999999999961142, 0.9374999999999981126, 1.000000000000000000 ),
 .UNSPECIFIED. ) ;
#39 = CYLINDRICAL_SURFACE ( 'NONE', #3138, 1.175240473580833944 ) ;
#40 = CARTESIAN_POINT ( 'NONE',  ( -4.857225732735059864E-14, 1.499999999999946043, -2.062500000000079936 ) ) ;
#41 = VERTEX_POINT ( 'NONE', #3508 ) ;
#42 = EDGE_CURVE ( 'NONE', #3036, #1131, #2003, .T. ) ;
#43 =( BOUNDED_CURVE ( )  B_SPLINE_CURVE ( 2, ( #2025, #413, #2316, #2600, #392, #1236, #1216, #3432, #1751 ),
 .UNSPECIFIED., .F., .F. ) 
 B_SPLINE_CURVE_WITH_KNOTS ( ( 3, 2, 2, 2, 3 ),
 ( 0.6730769230769240163, 0.6794871794871799597, 0.6923076923076919575, 0.7051282051282049546, 0.7115384615384620082 ),
 .UNSPECIFIED. ) 
 CURVE ( )  GEOMETRIC_REPRESENTATION_ITEM ( )  RATIONAL_B_SPLINE_CURVE ( ( 0.9330127018922189652, 0.9330127018922229620, 1.000000000000000000, 0.8660254037844389297, 1.000000000000000000, 0.8660254037844389297, 1.000000000000000000, 0.9330127018922159676, 0.9330127018922189652 ) ) 
 REPRESENTATION_ITEM ( '' )  );
#44 = CARTESIAN_POINT ( 'NONE',  ( 1.175240473580848821, -0.3149047358083419956, -2.897329099369350125 ) ) ;
#45 = CARTESIAN_POINT ( 'NONE',  ( 0.8234078741650100453, -0.8385640366160330705, -5.000000000000000000 ) ) ;
#46 = ORIENTED_EDGE ( 'NONE', *, *, #3057, .F. ) ;
#47 = CARTESIAN_POINT ( 'NONE',  ( 0.8403330257821862714, 1.142414934993075670, -4.999999999999729106 ) ) ;
#48 = EDGE_CURVE ( 'NONE', #985, #290, #3298, .T. ) ;
#49 = CARTESIAN_POINT ( 'NONE',  ( -0.8660254037844152819, -1.500000000000027311, -2.791666666666858365 ) ) ;
#50 = CARTESIAN_POINT ( 'NONE',  ( -1.500000000000000222, -4.026483798176899228E-14, -2.374999999999969802 ) ) ;
#51 = CARTESIAN_POINT ( 'NONE',  ( 1.017788105676620036, 0.5876202367903899937, 0.1041666666669050084 ) ) ;
#52 = CARTESIAN_POINT ( 'NONE',  ( -3.816391647148974346E-14, 1.175240473580817957, -1.812499999999885203 ) ) ;
#53 = CARTESIAN_POINT ( 'NONE',  ( -1.175240473580833944, 0.3149047358083211234, -2.209829099369543748 ) ) ;
#54 = FACE_OUTER_BOUND ( 'NONE', #2943, .T. ) ;
#55 = CARTESIAN_POINT ( 'NONE',  ( 3.469446951953614820E-14, -1.175240473580821954, -3.500000000000444977 ) ) ;
#56 = CARTESIAN_POINT ( 'NONE',  ( 0.000000000000000000, 0.000000000000000000, 0.000000000000000000 ) ) ;
#57 = DIRECTION ( 'NONE',  ( 2.150996698587985373E-15, 2.400530044109884714E-17, -1.000000000000000000 ) ) ;
#58 = VERTEX_POINT ( 'NONE', #2728 ) ;
#59 = CARTESIAN_POINT ( 'NONE',  ( -0.8660254037844707931, 1.499999999999944267, -3.458333333333426296 ) ) ;
#60 = VECTOR ( 'NONE', #169, 1000.000000000000000 ) ;
#61 = CARTESIAN_POINT ( 'NONE',  ( -1.500000000000010658, 0.4019237886466570098, -4.459829099369116534 ) ) ;
#62 = ADVANCED_FACE ( 'NONE', ( #3048 ), #225, .F. ) ;
#63 = CARTESIAN_POINT ( 'NONE',  ( -1.499999999999962252, -0.4019237886467456611, -4.915170900630875472 ) ) ;
#64 = ORIENTED_EDGE ( 'NONE', *, *, #1943, .T. ) ;
#65 = CARTESIAN_POINT ( 'NONE',  ( 0.6271749974548180839, 1.301549322718345003, -4.999999999999728217 ) ) ;
#66 = AXIS2_PLACEMENT_3D ( 'NONE', #3336, #2284, #1664 ) ;
#67 = DIRECTION ( 'NONE',  ( -3.647064326199800396E-15, 2.400530044110370049E-17, -1.000000000000000000 ) ) ;
#68 = AXIS2_PLACEMENT_3D ( 'NONE', #2556, #3379, #1194 ) ;
#69 = CARTESIAN_POINT ( 'NONE',  ( 0.6785254037844226094, -1.175240473580812184, -4.520833333333603932 ) ) ;
#70 = VECTOR ( 'NONE', #2811, 1000.000000000000114 ) ;
#71 = CARTESIAN_POINT ( 'NONE',  ( 1.017788105676641797, -0.5876202367904330703, -2.979166666666920094 ) ) ;
#72 = CARTESIAN_POINT ( 'NONE',  ( -1.175240473580829503, 0.3149047358083119086, -1.709829099369542638 ) ) ;
#73 = ADVANCED_FACE ( 'NONE', ( #1639 ), #821, .T. ) ;
#74 = DIRECTION ( 'NONE',  ( 2.150996698587985373E-15, 2.400530044109884714E-17, -1.000000000000000000 ) ) ;
#75 = LINE ( 'NONE', #1033, #917 ) ;
#76 = CARTESIAN_POINT ( 'NONE',  ( -1.017788105676659782, -0.5876202367904730384, -4.583333333332999082 ) ) ;
#77 = EDGE_LOOP ( 'NONE', ( #2513, #516, #1714, #1113 ) ) ;
#78 = CARTESIAN_POINT ( 'NONE',  ( -0.8660254037843910790, -1.500000000000059730, -3.854166666666781982 ) ) ;
#79 = CARTESIAN_POINT ( 'NONE',  ( -1.500000000000000000, -3.579096709490574848E-14, -3.437499999999944933 ) ) ;
#80 = ORIENTED_EDGE ( 'NONE', *, *, #3123, .T. ) ;
#81 = CARTESIAN_POINT ( 'NONE',  ( 1.175240473580843936, -1.743066579297359981E-15, -1.437499999999880096 ) ) ;
#82 = EDGE_CURVE ( 'NONE', #1100, #3060, #3525, .T. ) ;
#83 = CARTESIAN_POINT ( 'NONE',  ( -0.6785254037844308250, 1.175240473580807521, -0.7083333333335395388 ) ) ;
#84 = CARTESIAN_POINT ( 'NONE',  ( -1.175240473580837941, 3.079417623425334520E-15, -2.125000000000225153 ) ) ;
#85 = LINE ( 'NONE', #3428, #2962 ) ;
#86 = CARTESIAN_POINT ( 'NONE',  ( 0.6785254037844503650, 1.175240473580823730, -3.791666666666542618 ) ) ;
#87 = ORIENTED_EDGE ( 'NONE', *, *, #306, .T. ) ;
#88 = ORIENTED_EDGE ( 'NONE', *, *, #2234, .T. ) ;
#89 = CARTESIAN_POINT ( 'NONE',  ( -1.299038105676630028, -0.7500000000000440759, -1.395833333333319937 ) ) ;
#90 =( BOUNDED_CURVE ( )  B_SPLINE_CURVE ( 2, ( #3480, #760, #1320, #720, #2418, #695, #2981, #475, #2668 ),
 .UNSPECIFIED., .F., .F. ) 
 B_SPLINE_CURVE_WITH_KNOTS ( ( 3, 2, 2, 2, 3 ),
 ( 0.5576923076923080425, 0.5641025641025639858, 0.5769230769230769829, 0.5897435897435899799, 0.5961538461538470335 ),
 .UNSPECIFIED. ) 
 CURVE ( )  GEOMETRIC_REPRESENTATION_ITEM ( )  RATIONAL_B_SPLINE_CURVE ( ( 0.9330127018922189652, 0.9330127018922199644, 1.000000000000000000, 0.8660254037844389297, 1.000000000000000000, 0.8660254037844389297, 1.000000000000000000, 0.9330127018922139692, 0.9330127018922189652 ) ) 
 REPRESENTATION_ITEM ( '' )  );
#91 = CARTESIAN_POINT ( 'NONE',  ( -1.499999999999983347, 0.4019237886466544563, -4.897329099369174266 ) ) ;
#92 = ORIENTED_EDGE ( 'NONE', *, *, #2312, .F. ) ;
#93 = CARTESIAN_POINT ( 'NONE',  ( 1.249999999999961364, 0.2455436552336105194, -8.324716493307866116 ) ) ;
#94 = CARTESIAN_POINT ( 'NONE',  ( 0.8660254037844951069, -1.500000000000043299, 0.2916666666664007312 ) ) ;
#95 = CARTESIAN_POINT ( 'NONE',  ( 0.6785254037844226094, 1.175240473580759115, -4.854166666666535512 ) ) ;
#96 = ADVANCED_FACE ( 'NONE', ( #254 ), #1611, .F. ) ;
#97 = DIRECTION ( 'NONE',  ( 2.403703357979455239E-15, 2.400530044109864685E-17, -1.000000000000000000 ) ) ;
#98 = DIRECTION ( 'NONE',  ( -1.000000000000000000, 8.326672684688677011E-16, -2.124151195073641541E-15 ) ) ;
#99 = CARTESIAN_POINT ( 'NONE',  ( 0.000000000000000000, 0.000000000000000000, 0.000000000000000000 ) ) ;
#100 = CARTESIAN_POINT ( 'NONE',  ( 0.000000000000000000, -1.175240473580793976, -4.500000000000119016 ) ) ;
#101 = ORIENTED_EDGE ( 'NONE', *, *, #503, .T. ) ;
#102 = VERTEX_POINT ( 'NONE', #18 ) ;
#103 = CARTESIAN_POINT ( 'NONE',  ( -0.6785254037844147268, -1.175240473580809963, -2.104166666666970720 ) ) ;
#104 = ORIENTED_EDGE ( 'NONE', *, *, #2968, .T. ) ;
#105 =( BOUNDED_CURVE ( )  B_SPLINE_CURVE ( 2, ( #1468, #2805, #2255, #2524, #901, #627, #606, #3124, #1455 ),
 .UNSPECIFIED., .F., .F. ) 
 B_SPLINE_CURVE_WITH_KNOTS ( ( 3, 2, 2, 2, 3 ),
 ( 0.4807692307692310041, 0.4871794871794870030, 0.5000000000000000000, 0.5128205128205129970, 0.5192307692307699396 ),
 .UNSPECIFIED. ) 
 CURVE ( )  GEOMETRIC_REPRESENTATION_ITEM ( )  RATIONAL_B_SPLINE_CURVE ( ( 0.9330127018922189652, 0.9330127018922209636, 1.000000000000000000, 0.8660254037844389297, 1.000000000000000000, 0.8660254037844389297, 1.000000000000000000, 0.9330127018922139692, 0.9330127018922189652 ) ) 
 REPRESENTATION_ITEM ( '' )  );
#106 = CARTESIAN_POINT ( 'NONE',  ( -1.017788105676636023, 0.5876202367903620161, -1.229166666666892116 ) ) ;
#107 = CARTESIAN_POINT ( 'NONE',  ( 0.8660254037844951069, -1.500000000000041300, -0.7083333333336041537 ) ) ;
#108 = AXIS2_PLACEMENT_3D ( 'NONE', #677, #1782, #3456 ) ;
#109 = CARTESIAN_POINT ( 'NONE',  ( 1.175240473580839939, 3.021315404115419891E-15, -4.437499999999829470 ) ) ;
#110 = CARTESIAN_POINT ( 'NONE',  ( -1.387778780781445991E-14, -9.714451465470119729E-14, -5.378312163512529942 ) ) ;
#111 = AXIS2_PLACEMENT_3D ( 'NONE', #2735, #3354, #2450 ) ;
#112 = ADVANCED_FACE ( 'NONE', ( #1123 ), #3311, .T. ) ;
#113 = CARTESIAN_POINT ( 'NONE',  ( -2.428612866367529617E-14, 1.499999999999960032, -5.499999999999779732 ) ) ;
#114 = CARTESIAN_POINT ( 'NONE',  ( 1.500000000000000222, -3.474512714732735063E-14, -4.187500000000115463 ) ) ;
#115 = LINE ( 'NONE', #1161, #1717 ) ;
#116 = CIRCLE ( 'NONE', #2537, 1.443375672974063884 ) ;
#117 = FACE_OUTER_BOUND ( 'NONE', #1542, .T. ) ;
#118 = CARTESIAN_POINT ( 'NONE',  ( 1.175240473580830169, -4.067155351693835485E-15, -3.374999999999855227 ) ) ;
#119 = CARTESIAN_POINT ( 'NONE',  ( 0.6785254037844469233, -1.175240473580786649, -4.458333333333554194 ) ) ;
#120 = ORIENTED_EDGE ( 'NONE', *, *, #1368, .T. ) ;
#121 = ORIENTED_EDGE ( 'NONE', *, *, #2554, .F. ) ;
#122 = EDGE_CURVE ( 'NONE', #602, #642, #1387, .T. ) ;
#123 = CARTESIAN_POINT ( 'NONE',  ( 0.8660254037844153929, 1.500000000000025091, -0.6041666666667712127 ) ) ;
#124 = CARTESIAN_POINT ( 'NONE',  ( -1.299038105676669996, 0.7499999999999730216, -1.979166666666420049 ) ) ;
#125 = VERTEX_POINT ( 'NONE', #860 ) ;
#126 = CARTESIAN_POINT ( 'NONE',  ( -1.250000000000000000, -0.7216878364870549234, -8.499999999999669598 ) ) ;
#127 = CARTESIAN_POINT ( 'NONE',  ( -1.299038105676636023, -0.7500000000000819345, 0.1666666666665929941 ) ) ;
#128 = CARTESIAN_POINT ( 'NONE',  ( 1.387778780781445991E-14, -1.175240473580849931, -0.06250000000007639722 ) ) ;
#129 = CARTESIAN_POINT ( 'NONE',  ( 0.6785254037844630215, -1.175240473580770661, -3.958333333333554194 ) ) ;
#130 = CARTESIAN_POINT ( 'NONE',  ( 1.732050807568844775, 1.802777518484589023E-14, -4.687500000000487610 ) ) ;
#131 = CARTESIAN_POINT ( 'NONE',  ( -0.8660254037843829744, -1.500000000000004663, -4.354166666666788643 ) ) ;
#132 = CARTESIAN_POINT ( 'NONE',  ( -1.499999999999982903, -0.4019237886467331711, -0.8526709006308265115 ) ) ;
#133 = EDGE_CURVE ( 'NONE', #2578, #269, #526, .T. ) ;
#134 = LINE ( 'NONE', #2334, #973 ) ;
#135 = CARTESIAN_POINT ( 'NONE',  ( 0.6785254037844261621, 1.175240473580759115, -2.854166666666526631 ) ) ;
#136 = ORIENTED_EDGE ( 'NONE', *, *, #3357, .T. ) ;
#137 = VERTEX_POINT ( 'NONE', #2763 ) ;
#138 = CARTESIAN_POINT ( 'NONE',  ( -1.345007957179520819, 0.2070273416391586185, -0.3058836057655461849 ) ) ;
#139 = EDGE_CURVE ( 'NONE', #1917, #288, #1931, .T. ) ;
#140 = CARTESIAN_POINT ( 'NONE',  ( -1.299038105676667998, 0.7499999999999730216, -2.479166666666090091 ) ) ;
#141 = ORIENTED_EDGE ( 'NONE', *, *, #133, .F. ) ;
#142 = CARTESIAN_POINT ( 'NONE',  ( 0.000000000000000000, 0.000000000000000000, 0.000000000000000000 ) ) ;
#143 = CARTESIAN_POINT ( 'NONE',  ( 1.249999999999961142, 0.4275919960176331469, -8.377694510562735175 ) ) ;
#144 = CARTESIAN_POINT ( 'NONE',  ( 0.8660254037844384856, 1.499999999999985789, 0.4583333333332180737 ) ) ;
#145 = CARTESIAN_POINT ( 'NONE',  ( 3.816391647148974346E-14, -1.500000000000000000, -3.750000000000084821 ) ) ;
#146 = ORIENTED_EDGE ( 'NONE', *, *, #1294, .F. ) ;
#147 = CARTESIAN_POINT ( 'NONE',  ( 1.732050807568876971, 3.405246423804224482E-14, -4.187500000000481393 ) ) ;
#148 = CARTESIAN_POINT ( 'NONE',  ( 1.299038105676650012, -0.7500000000000250910, -0.7291666666667809826 ) ) ;
#149 =( BOUNDED_CURVE ( )  B_SPLINE_CURVE ( 2, ( #3182, #678, #148, #1243, #3202, #2350, #349, #3457, #979 ),
 .UNSPECIFIED., .F., .F. ) 
 B_SPLINE_CURVE_WITH_KNOTS ( ( 3, 2, 2, 2, 3 ),
 ( 0.2500000000000000000, 0.2564102564102564985, 0.2692307692307689959, 0.2820512820512819929, 0.2884615384615384914 ),
 .UNSPECIFIED. ) 
 CURVE ( )  GEOMETRIC_REPRESENTATION_ITEM ( )  RATIONAL_B_SPLINE_CURVE ( ( 0.9330127018922189652, 0.9330127018922219628, 1.000000000000000000, 0.8660254037844389297, 1.000000000000000000, 0.8660254037844389297, 1.000000000000000000, 0.9330127018922189652, 0.9330127018922189652 ) ) 
 REPRESENTATION_ITEM ( '' )  );
#150 = CARTESIAN_POINT ( 'NONE',  ( 1.017788105676649790, -0.5876202367904319601, -3.979166666666590135 ) ) ;
#151 = LINE ( 'NONE', #2074, #2064 ) ;
#152 = CARTESIAN_POINT ( 'NONE',  ( 1.500000000000000000, -4.114764085016985166E-14, -4.999999999999720224 ) ) ;
#153 = CARTESIAN_POINT ( 'NONE',  ( -0.6785254037844469233, 1.175240473580768219, -2.770833333333468929 ) ) ;
#154 = DIRECTION ( 'NONE',  ( -1.000000000000000000, 8.326672684688670109E-16, -2.207829878515936338E-15 ) ) ;
#155 = ORIENTED_EDGE ( 'NONE', *, *, #2539, .F. ) ;
#156 = CARTESIAN_POINT ( 'NONE',  ( -1.249999999999972022, 0.7216878364869759865, -7.099999999999829114 ) ) ;
#157 = FACE_OUTER_BOUND ( 'NONE', #3068, .T. ) ;
#158 = CARTESIAN_POINT ( 'NONE',  ( -1.500000000000003109, 0.4019237886466503484, -0.4598290993691651618 ) ) ;
#159 = EDGE_LOOP ( 'NONE', ( #1773, #866, #2028 ) ) ;
#160 = CARTESIAN_POINT ( 'NONE',  ( -0.6785254037844146158, -1.175240473580809963, -2.104166666666970720 ) ) ;
#161 = EDGE_CURVE ( 'NONE', #1394, #1667, #2858, .T. ) ;
#162 = CARTESIAN_POINT ( 'NONE',  ( 1.299038105676610044, 0.7499999999999690248, -0.08333333333332409998 ) ) ;
#163 = CARTESIAN_POINT ( 'NONE',  ( 1.261845367053024303, -0.4884142487250686115, -0.3023696386414075898 ) ) ;
#164 = CARTESIAN_POINT ( 'NONE',  ( -1.017788105676654009, -0.5876202367904730384, -0.1458333333334560222 ) ) ;
#165 = CARTESIAN_POINT ( 'NONE',  ( -0.8660254037844384856, 1.500000000000015543, -4.458333333333428072 ) ) ;
#166 = CARTESIAN_POINT ( 'NONE',  ( -1.017788105676669996, 0.5876202367903340384, -0.1666666666669260055 ) ) ;
#167 = CC_DESIGN_PERSON_AND_ORGANIZATION_ASSIGNMENT ( #1644, #1690, ( #2199 ) ) ;
#168 = CARTESIAN_POINT ( 'NONE',  ( 1.175240473580843936, 2.324088772396479843E-15, -2.874999999999885425 ) ) ;
#169 = DIRECTION ( 'NONE',  ( -3.647064326199800396E-15, 2.400530044110370049E-17, -1.000000000000000000 ) ) ;
#170 = VECTOR ( 'NONE', #1927, 1000.000000000000000 ) ;
#171 = CARTESIAN_POINT ( 'NONE',  ( -1.175240473580840384, -0.3149047358083734705, -1.102670900630932316 ) ) ;
#172 = AXIS2_PLACEMENT_3D ( 'NONE', #455, #1571, #2422 ) ;
#173 = EDGE_CURVE ( 'NONE', #3008, #2680, #1672, .T. ) ;
#174 = CARTESIAN_POINT ( 'NONE',  ( -6.938893903907229955E-15, -7.285838599102588534E-14, -6.099999999999609734 ) ) ;
#175 = CARTESIAN_POINT ( 'NONE',  ( 2.081668171172170091E-14, -3.989863994746654424E-14, -4.999999999999729994 ) ) ;
#176 = DIRECTION ( 'NONE',  ( 2.403703357979455239E-15, 2.400530044109864685E-17, -1.000000000000000000 ) ) ;
#177 = ORIENTED_EDGE ( 'NONE', *, *, #1215, .T. ) ;
#178 = VERTEX_POINT ( 'NONE', #1895 ) ;
#179 = CIRCLE ( 'NONE', #3469, 2.449999999999999734 ) ;
#180 = CIRCLE ( 'NONE', #2247, 1.443375672974063884 ) ;
#181 = CARTESIAN_POINT ( 'NONE',  ( -1.395831069336069152, 0.4770566177107537498, -0.3868995920013846845 ) ) ;
#182 = CARTESIAN_POINT ( 'NONE',  ( -1.732050807568876971, -3.004629197474316721E-14, -2.437500000000092815 ) ) ;
#183 = ORIENTED_EDGE ( 'NONE', *, *, #3275, .T. ) ;
#184 = ADVANCED_FACE ( 'NONE', ( #2503 ), #36, .T. ) ;
#185 = CARTESIAN_POINT ( 'NONE',  ( 0.6440153586213230863, -1.240516706238218081, -0.3336223039003743396 ) ) ;
#186 = CARTESIAN_POINT ( 'NONE',  ( -4.857225732735059864E-14, 1.499999999999930056, -4.562499999999749534 ) ) ;
#187 = FACE_OUTER_BOUND ( 'NONE', #768, .T. ) ;
#188 = CYLINDRICAL_SURFACE ( 'NONE', #3470, 1.175240473580833944 ) ;
#189 = CARTESIAN_POINT ( 'NONE',  ( 2.449999999999999734, -2.992411130871414409E-14, -8.499999999999570122 ) ) ;
#190 = CARTESIAN_POINT ( 'NONE',  ( 1.175240473580853928, -6.972266317189430062E-16, -1.874999999999880096 ) ) ;
#191 = CARTESIAN_POINT ( 'NONE',  ( -1.223448721621212654, 0.8661537142990413107, -4.999999999999734435 ) ) ;
#192 = LINE ( 'NONE', #223, #669 ) ;
#193 = ORIENTED_EDGE ( 'NONE', *, *, #1963, .F. ) ;
#194 = CARTESIAN_POINT ( 'NONE',  ( -1.017788105676709964, 0.5876202367903879953, -4.729166666666399621 ) ) ;
#195 = CARTESIAN_POINT ( 'NONE',  ( 1.130436217744908767, -0.7719118045606422340, -0.3117395506938259175 ) ) ;
#196 = ORIENTED_EDGE ( 'NONE', *, *, #1520, .F. ) ;
#197 = CARTESIAN_POINT ( 'NONE',  ( 5.204170427930419390E-14, -1.175240473580876133, 0.000000000000000000 ) ) ;
#198 =( BOUNDED_CURVE ( )  B_SPLINE_CURVE ( 2, ( #1180, #2784, #287, #2332, #2634, #1801, #426, #171, #1650 ),
 .UNSPECIFIED., .F., .T. ) 
 B_SPLINE_CURVE_WITH_KNOTS ( ( 3, 2, 2, 2, 3 ),
 ( 0.2500000000000000000, 0.2564102564102564985, 0.2692307692307689959, 0.2820512820512819929, 0.2884615384615389910 ),
 .UNSPECIFIED. ) 
 CURVE ( )  GEOMETRIC_REPRESENTATION_ITEM ( )  RATIONAL_B_SPLINE_CURVE ( ( 0.9330127018922189652, 0.9330127018922209636, 1.000000000000000000, 0.8660254037844389297, 1.000000000000000000, 0.8660254037844389297, 1.000000000000000000, 0.9330127018922129700, 0.9330127018922189652 ) ) 
 REPRESENTATION_ITEM ( '' )  );
#199 = CARTESIAN_POINT ( 'NONE',  ( -0.7366317418397368977, -1.260973596810373909, -0.3774860384866191576 ) ) ;
#200 = CARTESIAN_POINT ( 'NONE',  ( -1.732050807568853656, -6.610184234443493506E-14, -1.875000000000106359 ) ) ;
#201 = LINE ( 'NONE', #2652, #1889 ) ;
#202 = CARTESIAN_POINT ( 'NONE',  ( -2.775557561562889773E-14, 1.175240473580779987, -5.312499999999779732 ) ) ;
#203 = CARTESIAN_POINT ( 'NONE',  ( -1.499999999999979350, -0.4019237886467429965, -4.852670900630836393 ) ) ;
#204 = CARTESIAN_POINT ( 'NONE',  ( 1.017788105676659782, -0.5876202367904870272, -0.4791666666663639829 ) ) ;
#205 = ADVANCED_FACE ( 'NONE', ( #896, #3392 ), #1211, .F. ) ;
#206 = CARTESIAN_POINT ( 'NONE',  ( -0.6785254037844469233, 1.175240473580816403, -0.7708333333335237736 ) ) ;
#207 = LINE ( 'NONE', #1293, #2303 ) ;
#208 = CARTESIAN_POINT ( 'NONE',  ( -2.081668171172170091E-14, 1.175240473580793976, -2.812499999999604761 ) ) ;
#209 = ORIENTED_EDGE ( 'NONE', *, *, #1633, .F. ) ;
#210 = EDGE_LOOP ( 'NONE', ( #3158, #1251, #2882, #3219, #2549 ) ) ;
#211 = EDGE_CURVE ( 'NONE', #535, #931, #115, .T. ) ;
#212 = CARTESIAN_POINT ( 'NONE',  ( -0.8660254037844153929, -1.500000000000020428, -3.791666666666802854 ) ) ;
#213 = CARTESIAN_POINT ( 'NONE',  ( 1.026476268385439594, -0.9137816309334887421, -0.3172202544927832379 ) ) ;
#214 = ORIENTED_EDGE ( 'NONE', *, *, #2084, .F. ) ;
#215 = FACE_OUTER_BOUND ( 'NONE', #586, .T. ) ;
#216 = CARTESIAN_POINT ( 'NONE',  ( -0.8660254037844384856, -1.500000000000036637, -2.291666666666858365 ) ) ;
#217 = DIRECTION ( 'NONE',  ( -1.000000000000000000, 8.326672684688679970E-16, -2.150996698587985373E-15 ) ) ;
#218 = CARTESIAN_POINT ( 'NONE',  ( -0.6785254037843949648, -1.175240473580795753, -4.104166666666915653 ) ) ;
#219 = LINE ( 'NONE', #1051, #797 ) ;
#220 = LINE ( 'NONE', #2990, #228 ) ;
#221 = CARTESIAN_POINT ( 'NONE',  ( -2.750000000000000000, -1.179611963664229810E-15, -5.299999999999699618 ) ) ;
#222 = AXIS2_PLACEMENT_3D ( 'NONE', #363, #3389, #905 ) ;
#223 = CARTESIAN_POINT ( 'NONE',  ( -2.750000000000000000, -2.512896275757399702E-14, -8.499999999999570122 ) ) ;
#224 = VERTEX_POINT ( 'NONE', #1499 ) ;
#225 = CONICAL_SURFACE ( 'NONE', #3017, 1.443375672974063884, 0.7853981633974503884 ) ;
#226 = CARTESIAN_POINT ( 'NONE',  ( 1.732050807568876971, 3.405246423804224482E-14, -1.187500000000534461 ) ) ;
#227 = CARTESIAN_POINT ( 'NONE',  ( 0.6785254037844146158, 1.175240473580791312, -4.354166666666534624 ) ) ;
#228 = VECTOR ( 'NONE', #3006, 1000.000000000000000 ) ;
#229 = CARTESIAN_POINT ( 'NONE',  ( -0.9191755816221479636, 0.7323294483305570202, -0.1778527147054954627 ) ) ;
#230 = CARTESIAN_POINT ( 'NONE',  ( 1.031323577779071243, -0.9077903603516359610, -0.3169771382834869478 ) ) ;
#231 = ORIENTED_EDGE ( 'NONE', *, *, #1433, .T. ) ;
#232 = CARTESIAN_POINT ( 'NONE',  ( 1.299038105676677990, -0.7500000000000149880, -2.229166666666834828 ) ) ;
#233 = CARTESIAN_POINT ( 'NONE',  ( 0.6785254037844421493, 1.175240473580814404, -0.7916666666665317376 ) ) ;
#234 = CARTESIAN_POINT ( 'NONE',  ( -1.299038105676641797, -0.7500000000000580647, -2.833333333333409865 ) ) ;
#235 = CARTESIAN_POINT ( 'NONE',  ( 0.6785254037844469233, 1.175240473580823730, 0.1458333333334888848 ) ) ;
#236 = CARTESIAN_POINT ( 'NONE',  ( 0.8660254037845032116, -1.499999999999990230, -4.708333333333560411 ) ) ;
#237 = CARTESIAN_POINT ( 'NONE',  ( -0.8660254037844233865, 1.499999999999946487, -0.5208333333335224413 ) ) ;
#238 = CARTESIAN_POINT ( 'NONE',  ( 2.081668171172170091E-14, -3.989863994746654424E-14, -4.999999999999729994 ) ) ;
#239 = ADVANCED_FACE ( 'NONE', ( #1999 ), #1178, .T. ) ;
#240 = DIRECTION ( 'NONE',  ( 1.000000000000000000, -8.326672684688661234E-16, 2.312964634635742661E-15 ) ) ;
#241 =( BOUNDED_CURVE ( )  B_SPLINE_CURVE ( 2, ( #1209, #906, #3129, #2329, #2034, #1475, #923, #3164, #635 ),
 .UNSPECIFIED., .F., .F. ) 
 B_SPLINE_CURVE_WITH_KNOTS ( ( 3, 2, 2, 2, 3 ),
 ( 0.4038461538461539657, 0.4102564102564105197, 0.4230769230769230171, 0.4358974358974360142, 0.4423076923076924571 ),
 .UNSPECIFIED. ) 
 CURVE ( )  GEOMETRIC_REPRESENTATION_ITEM ( )  RATIONAL_B_SPLINE_CURVE ( ( 0.9330127018922189652, 0.9330127018922229620, 1.000000000000000000, 0.8660254037844389297, 1.000000000000000000, 0.8660254037844389297, 1.000000000000000000, 0.9330127018922179660, 0.9330127018922189652 ) ) 
 REPRESENTATION_ITEM ( '' )  );
#242 = EDGE_LOOP ( 'NONE', ( #2299, #3355, #101, #1955 ) ) ;
#243 = DIRECTION ( 'NONE',  ( 3.647064326199800396E-15, -2.400530044110370049E-17, 1.000000000000000000 ) ) ;
#244 = DIRECTION ( 'NONE',  ( 0.000000000000000000, -1.175405424068862054E-15, -1.000000000000000000 ) ) ;
#245 = CARTESIAN_POINT ( 'NONE',  ( 0.6785254037844387076, 1.175240473580814404, -3.291666666666542174 ) ) ;
#246 = CARTESIAN_POINT ( 'NONE',  ( -1.175240473580843936, 6.158835246850669039E-15, -3.687500000000000000 ) ) ;
#247 = CARTESIAN_POINT ( 'NONE',  ( 2.081668171172170091E-14, -3.989863994746654424E-14, -4.999999999999729994 ) ) ;
#248 = ORIENTED_EDGE ( 'NONE', *, *, #1110, .F. ) ;
#249 = DIRECTION ( 'NONE',  ( 2.403703357979455239E-15, 2.400530044109864685E-17, -1.000000000000000000 ) ) ;
#250 = CARTESIAN_POINT ( 'NONE',  ( 1.017788105676677768, -0.5876202367904319601, -0.4166666666665099772 ) ) ;
#251 = DIRECTION ( 'NONE',  ( -3.647064326199800396E-15, 2.400530044110370049E-17, -1.000000000000000000 ) ) ;
#252 = LINE ( 'NONE', #2950, #2130 ) ;
#253 = CARTESIAN_POINT ( 'NONE',  ( -0.8660254037844384856, 1.500000000000032196, 0.4791666666664817775 ) ) ;
#254 = FACE_OUTER_BOUND ( 'NONE', #3330, .T. ) ;
#255 = EDGE_LOOP ( 'NONE', ( #1836, #1043, #3315, #710 ) ) ;
#256 = PLANE ( 'NONE',  #1894 ) ;
#257 = FACE_OUTER_BOUND ( 'NONE', #1748, .T. ) ;
#258 = VERTEX_POINT ( 'NONE', #654 ) ;
#259 = CALENDAR_DATE ( 2026, 22, 6 ) ;
#260 = CARTESIAN_POINT ( 'NONE',  ( 1.299038105676654009, -0.7500000000000289768, -1.666666666666814844 ) ) ;
#261 = DIRECTION ( 'NONE',  ( 3.647064326199800396E-15, -2.400530044110370049E-17, 1.000000000000000000 ) ) ;
#262 = FACE_OUTER_BOUND ( 'NONE', #369, .T. ) ;
#263 = VERTEX_POINT ( 'NONE', #908 ) ;
#264 = CARTESIAN_POINT ( 'NONE',  ( 1.329556218946474022, -2.739473158686900179E-11, -0.2859057628747420088 ) ) ;
#265 = CARTESIAN_POINT ( 'NONE',  ( 1.017788105676687982, -0.5876202367904730384, -1.916666666666454910 ) ) ;
#266 = CARTESIAN_POINT ( 'NONE',  ( -0.8660254037844072883, -1.499999999999985789, -4.291666666666802854 ) ) ;
#267 = CARTESIAN_POINT ( 'NONE',  ( 0.8660254037844152819, 1.500000000000015765, -1.104166666666773322 ) ) ;
#268 = CARTESIAN_POINT ( 'NONE',  ( -1.249999999999996891, -0.4702910016416497196, -8.391800998155469316 ) ) ;
#269 = VERTEX_POINT ( 'NONE', #2816 ) ;
#270 = CONICAL_SURFACE ( 'NONE', #496, 1.443375672974063884, 0.7853981633974503884 ) ;
#271 = FACE_OUTER_BOUND ( 'NONE', #1299, .T. ) ;
#272 = ORIENTED_EDGE ( 'NONE', *, *, #2208, .F. ) ;
#273 = CARTESIAN_POINT ( 'NONE',  ( -1.499999999999986233, -4.276323341209519156E-14, -2.874999999999940048 ) ) ;
#274 = VECTOR ( 'NONE', #2501, 1000.000000000000000 ) ;
#275 = DIRECTION ( 'NONE',  ( -2.312964634635745422E-15, -2.400530044109874854E-17, 1.000000000000000000 ) ) ;
#276 = ADVANCED_FACE ( 'NONE', ( #1478 ), #2331, .T. ) ;
#277 = VECTOR ( 'NONE', #22, 1000.000000000000000 ) ;
#278 = ORIENTED_EDGE ( 'NONE', *, *, #2624, .T. ) ;
#279 = FACE_OUTER_BOUND ( 'NONE', #646, .T. ) ;
#280 = CARTESIAN_POINT ( 'NONE',  ( 0.6785254037844780095, -1.175240473580802858, -1.958333333333609039 ) ) ;
#281 = CARTESIAN_POINT ( 'NONE',  ( -1.175240473580843936, 6.972266317189430062E-16, -3.125000000000000000 ) ) ;
#282 = CARTESIAN_POINT ( 'NONE',  ( 3.469446951953614820E-14, 1.175240473580767997, -1.312499999999940048 ) ) ;
#283 = CARTESIAN_POINT ( 'NONE',  ( -1.499999999999976463, -0.4019237886467239562, -1.352670900630858819 ) ) ;
#284 = CARTESIAN_POINT ( 'NONE',  ( -2.775557561562889773E-14, -2.775557561562889773E-14, -0.4052517832093814887 ) ) ;
#285 = EDGE_CURVE ( 'NONE', #3259, #374, #116, .T. ) ;
#286 = DIRECTION ( 'NONE',  ( 4.440892098500635036E-16, -1.000000000000000000, -6.647309888688659067E-17 ) ) ;
#287 = CARTESIAN_POINT ( 'NONE',  ( 1.017788105676673993, -0.5876202367904319601, -0.9166666666664549101 ) ) ;
#288 = VERTEX_POINT ( 'NONE', #316 ) ;
#289 = LINE ( 'NONE', #1393, #277 ) ;
#290 = VERTEX_POINT ( 'NONE', #1421 ) ;
#291 = CARTESIAN_POINT ( 'NONE',  ( -1.017788105676664001, -0.5876202367904910240, -1.645833333333514892 ) ) ;
#292 = CARTESIAN_POINT ( 'NONE',  ( -0.8660254037844037356, -1.499999999999990230, -4.854166666666789531 ) ) ;
#293 = ORIENTED_EDGE ( 'NONE', *, *, #736, .T. ) ;
#294 = CARTESIAN_POINT ( 'NONE',  ( 1.254792620673703230, 0.4739738936345774811, -4.999999999999726441 ) ) ;
#295 =( BOUNDED_CURVE ( )  B_SPLINE_CURVE ( 2, ( #84, #3168, #637, #2293, #2860, #1745, #350, #2276, #2573 ),
 .UNSPECIFIED., .F., .F. ) 
 B_SPLINE_CURVE_WITH_KNOTS ( ( 3, 2, 2, 2, 3 ),
 ( 0.4423076923076929567, 0.4487179487179489557, 0.4615384615384620082, 0.4743589743589740060, 0.4807692307692310041 ),
 .UNSPECIFIED. ) 
 CURVE ( )  GEOMETRIC_REPRESENTATION_ITEM ( )  RATIONAL_B_SPLINE_CURVE ( ( 0.9330127018922189652, 0.9330127018922239612, 1.000000000000000000, 0.8660254037844389297, 1.000000000000000000, 0.8660254037844389297, 1.000000000000000000, 0.9330127018922169668, 0.9330127018922189652 ) ) 
 REPRESENTATION_ITEM ( '' )  );
#296 = CARTESIAN_POINT ( 'NONE',  ( -1.499999999999980016, -3.846594202489114672E-14, -4.999999999999729994 ) ) ;
#297 = DIRECTION ( 'NONE',  ( -1.000000000000000000, 8.326672684688679970E-16, -2.150996698587985373E-15 ) ) ;
#298 = CARTESIAN_POINT ( 'NONE',  ( -1.357050807568874973, -7.010801460773411994E-14, -5.687500000000237144 ) ) ;
#299 = CARTESIAN_POINT ( 'NONE',  ( -3.469446951953614978E-15, 1.443375672974031909, -8.499999999999449329 ) ) ;
#300 = DIRECTION ( 'NONE',  ( 3.647064326199800396E-15, -2.400530044110370049E-17, 1.000000000000000000 ) ) ;
#301 =( BOUNDED_CURVE ( )  B_SPLINE_CURVE ( 2, ( #2246, #3366, #204, #1342, #2436, #3549, #1619, #2951, #1105 ),
 .UNSPECIFIED., .F., .F. ) 
 B_SPLINE_CURVE_WITH_KNOTS ( ( 3, 2, 2, 2, 3 ),
 ( 0.1730769230769229894, 0.1794871794871795156, 0.1923076923076925127, 0.2051282051282049823, 0.2115384615384615086 ),
 .UNSPECIFIED. ) 
 CURVE ( )  GEOMETRIC_REPRESENTATION_ITEM ( )  RATIONAL_B_SPLINE_CURVE ( ( 0.9330127018922189652, 0.9330127018922169668, 1.000000000000000000, 0.8660254037844389297, 1.000000000000000000, 0.8660254037844389297, 1.000000000000000000, 0.9330127018922179660, 0.9330127018922189652 ) ) 
 REPRESENTATION_ITEM ( '' )  );
#302 = CARTESIAN_POINT ( 'NONE',  ( -1.175240473580858147, -0.3149047358083696402, -4.602670900630673856 ) ) ;
#303 = CARTESIAN_POINT ( 'NONE',  ( -1.299038105676667998, 0.7499999999999590328, -1.416666666666400065 ) ) ;
#304 = ORIENTED_EDGE ( 'NONE', *, *, #794, .T. ) ;
#305 = ORIENTED_EDGE ( 'NONE', *, *, #2941, .F. ) ;
#306 = EDGE_CURVE ( 'NONE', #2039, #1533, #2536, .T. ) ;
#307 = CARTESIAN_POINT ( 'NONE',  ( -1.092538779042275587, -0.9983548699839571716, -0.3910959519079563185 ) ) ;
#308 = VERTEX_POINT ( 'NONE', #941 ) ;
#309 = CARTESIAN_POINT ( 'NONE',  ( 0.2628618748194391785, 1.459246482477549733, -4.999999999999728217 ) ) ;
#310 = ADVANCED_FACE ( 'NONE', ( #2262 ), #383, .F. ) ;
#311 = CARTESIAN_POINT ( 'NONE',  ( 0.8660254037844870023, -1.500000000000036637, -4.208333333333554194 ) ) ;
#312 = FACE_OUTER_BOUND ( 'NONE', #397, .T. ) ;
#313 =( BOUNDED_CURVE ( )  B_SPLINE_CURVE ( 2, ( #460, #2406, #150, #479, #3518, #218, #1032, #2132, #764 ),
 .UNSPECIFIED., .F., .T. ) 
 B_SPLINE_CURVE_WITH_KNOTS ( ( 3, 2, 2, 2, 3 ),
 ( 0.7115384615384620082, 0.7179487179487179516, 0.7307692307692310596, 0.7435897435897440566, 0.7500000000000000000 ),
 .UNSPECIFIED. ) 
 CURVE ( )  GEOMETRIC_REPRESENTATION_ITEM ( )  RATIONAL_B_SPLINE_CURVE ( ( 0.9330127018922189652, 0.9330127018922229620, 1.000000000000000000, 0.8660254037844389297, 1.000000000000000000, 0.8660254037844389297, 1.000000000000000000, 0.9330127018922149684, 0.9330127018922189652 ) ) 
 REPRESENTATION_ITEM ( '' )  );
#314 = CARTESIAN_POINT ( 'NONE',  ( 1.249999999999976019, 0.7216878364870169538, -8.499999999999339195 ) ) ;
#315 = CARTESIAN_POINT ( 'NONE',  ( 1.175240473580839939, 3.021315404115419891E-15, -4.437499999999829470 ) ) ;
#316 = CARTESIAN_POINT ( 'NONE',  ( -1.500000000000029976, -3.857283228330565029E-14, -0.4052517832093759376 ) ) ;
#317 = CARTESIAN_POINT ( 'NONE',  ( 1.500000000000000000, -3.962571356935994753E-14, -1.687500000000284883 ) ) ;
#318 = CARTESIAN_POINT ( 'NONE',  ( -0.6785254037844549169, 1.175240473580736023, -4.708333333333492021 ) ) ;
#319 = EDGE_LOOP ( 'NONE', ( #2508, #1877, #2579, #3479 ) ) ;
#320 = ORIENTED_EDGE ( 'NONE', *, *, #1409, .T. ) ;
#321 = AXIS2_PLACEMENT_3D ( 'NONE', #175, #1269, #2935 ) ;
#322 = DATE_TIME_ROLE ( 'classification_date' ) ;
#323 = EDGE_CURVE ( 'NONE', #865, #2955, #676, .T. ) ;
#324 = VERTEX_POINT ( 'NONE', #3427 ) ;
#325 = FACE_OUTER_BOUND ( 'NONE', #159, .T. ) ;
#326 = CARTESIAN_POINT ( 'NONE',  ( -1.050943903832902260, 1.070288237343714144, -4.999999999999840128 ) ) ;
#327 = CARTESIAN_POINT ( 'NONE',  ( -0.8660254037844555830, 1.500000000000001776, -2.458333333333546200 ) ) ;
#328 = CIRCLE ( 'NONE', #2365, 1.500000000000000000 ) ;
#329 = VECTOR ( 'NONE', #1406, 1000.000000000000114 ) ;
#330 = FACE_OUTER_BOUND ( 'NONE', #1659, .T. ) ;
#331 = CARTESIAN_POINT ( 'NONE',  ( 1.499999999999994671, 0.4019237886466751064, -3.165170900630676520 ) ) ;
#332 = AXIS2_PLACEMENT_3D ( 'NONE', #2769, #3335, #1939 ) ;
#333 = CARTESIAN_POINT ( 'NONE',  ( 0.4333890392532527280, -1.193158394497395358, -8.306049574303877137 ) ) ;
#334 = DIRECTION ( 'NONE',  ( 1.000000000000000000, -8.326672684688661234E-16, 2.312964634635742661E-15 ) ) ;
#335 = CARTESIAN_POINT ( 'NONE',  ( 1.017788105676646015, 0.5876202367904060919, -0.3958333333331509607 ) ) ;
#336 = CARTESIAN_POINT ( 'NONE',  ( 0.8660254037844707931, -1.500000000000004441, -4.208333333333554194 ) ) ;
#337 = CARTESIAN_POINT ( 'NONE',  ( 3.816391647148974346E-14, -1.175240473580821954, -0.4999999999999450440 ) ) ;
#338 = CARTESIAN_POINT ( 'NONE',  ( 1.017788105676630028, 0.5876202367903760049, -4.833333333332749504 ) ) ;
#339 = EDGE_LOOP ( 'NONE', ( #2629, #2820, #2232 ) ) ;
#340 = ORIENTED_EDGE ( 'NONE', *, *, #1183, .T. ) ;
#341 = CARTESIAN_POINT ( 'NONE',  ( 1.175240473580843936, -1.743066579297359981E-15, -1.437499999999880096 ) ) ;
#342 = ORIENTED_EDGE ( 'NONE', *, *, #367, .F. ) ;
#343 = CALENDAR_DATE ( 2026, 22, 6 ) ;
#344 = EDGE_CURVE ( 'NONE', #2417, #1590, #295, .T. ) ;
#345 = FACE_OUTER_BOUND ( 'NONE', #784, .T. ) ;
#346 = CARTESIAN_POINT ( 'NONE',  ( 1.299038105676654009, -0.7500000000000300870, -0.1666666666667594998 ) ) ;
#347 = CARTESIAN_POINT ( 'NONE',  ( -1.017788105676677768, -0.5876202367904449497, -2.083333333333495130 ) ) ;
#348 = PLANE ( 'NONE',  #3522 ) ;
#349 = CARTESIAN_POINT ( 'NONE',  ( -1.299038105676641797, -0.7500000000000560663, -0.8958333333333730053 ) ) ;
#350 = CARTESIAN_POINT ( 'NONE',  ( 1.017788105676654009, 0.5876202367903760049, -2.333333333332800130 ) ) ;
#351 = CARTESIAN_POINT ( 'NONE',  ( 1.499999999999974243, -0.4019237886466938692, -3.147329099369632122 ) ) ;
#352 = CARTESIAN_POINT ( 'NONE',  ( 1.357050807568900508, 6.009258394948633443E-14, -3.874999999999988010 ) ) ;
#353 = EDGE_LOOP ( 'NONE', ( #1481, #845 ) ) ;
#354 = ORIENTED_EDGE ( 'NONE', *, *, #1302, .T. ) ;
#355 = B_SPLINE_CURVE_WITH_KNOTS ( 'NONE', 3,
 ( #3358, #873, #1959, #2306, #143, #2030, #2566, #93, #3436, #1756, #3423, #2870, #2890, #631, #1723, #1186, #1223, #375 ),
 .UNSPECIFIED., .F., .F.,
 ( 4, 1, 1, 2, 2, 2, 1, 1, 2, 2, 4 ),
 ( 0.000000000000000000, 0.1250000000000017486, 0.1875000000000027478, 0.2187500000000032196, 0.2500000000000037192, 0.5000000000000018874, 0.6250000000000011102, 0.6875000000000006661, 0.7187500000000001110, 0.7499999999999994449, 1.000000000000000000 ),
 .UNSPECIFIED. ) ;
#356 = CARTESIAN_POINT ( 'NONE',  ( 0.8660254037844153929, 1.500000000000017986, -4.604166666666788643 ) ) ;
#357 = CARTESIAN_POINT ( 'NONE',  ( -1.299038105676641797, -0.7500000000000530687, -3.395833333333429849 ) ) ;
#358 = ORIENTED_EDGE ( 'NONE', *, *, #82, .F. ) ;
#359 = EDGE_CURVE ( 'NONE', #467, #1143, #2547, .T. ) ;
#360 = FACE_OUTER_BOUND ( 'NONE', #2442, .T. ) ;
#361 = CARTESIAN_POINT ( 'NONE',  ( 2.081668171172170091E-14, -1.499999999999984013, 0.2500000000001945111 ) ) ;
#362 =( BOUNDED_CURVE ( )  B_SPLINE_CURVE ( 2, ( #273, #2488, #711, #2099, #1767, #3213, #1812, #2939, #2059 ),
 .UNSPECIFIED., .F., .F. ) 
 B_SPLINE_CURVE_WITH_KNOTS ( ( 3, 2, 2, 2, 3 ),
 ( 0.5192307692307689404, 0.5256410256410259940, 0.5384615384615379918, 0.5512820512820510999, 0.5576923076923080425 ),
 .UNSPECIFIED. ) 
 CURVE ( )  GEOMETRIC_REPRESENTATION_ITEM ( )  RATIONAL_B_SPLINE_CURVE ( ( 0.9330127018922189652, 0.9330127018922179660, 1.000000000000000000, 0.8660254037844389297, 1.000000000000000000, 0.8660254037844389297, 1.000000000000000000, 0.9330127018922149684, 0.9330127018922189652 ) ) 
 REPRESENTATION_ITEM ( '' )  );
#363 = CARTESIAN_POINT ( 'NONE',  ( 0.000000000000000000, 0.000000000000000000, 0.000000000000000000 ) ) ;
#364 = CARTESIAN_POINT ( 'NONE',  ( -6.245004513516509326E-14, 1.175240473580791978, -4.812499999999830358 ) ) ;
#365 = DIRECTION ( 'NONE',  ( 1.000000000000000000, 0.000000000000000000, 0.000000000000000000 ) ) ;
#366 = CARTESIAN_POINT ( 'NONE',  ( 0.8660254037844788977, -1.499999999999955813, -0.7083333333336041537 ) ) ;
#367 = EDGE_CURVE ( 'NONE', #543, #490, #657, .T. ) ;
#368 = CARTESIAN_POINT ( 'NONE',  ( 1.017788105676646015, -0.5876202367904179713, -3.916666666666515528 ) ) ;
#369 = EDGE_LOOP ( 'NONE', ( #1810, #473, #2178, #2231 ) ) ;
#370 = DIRECTION ( 'NONE',  ( -1.000000000000000000, 8.326672684688669123E-16, -2.081668171172168513E-15 ) ) ;
#371 = ORIENTED_EDGE ( 'NONE', *, *, #771, .F. ) ;
#372 = CARTESIAN_POINT ( 'NONE',  ( 0.8660254037844187236, 1.499999999999934719, -1.604166666666773544 ) ) ;
#373 = CARTESIAN_POINT ( 'NONE',  ( 0.8660254037844233865, 1.499999999999967137, -2.104166666666780205 ) ) ;
#374 = VERTEX_POINT ( 'NONE', #957 ) ;
#375 = CARTESIAN_POINT ( 'NONE',  ( 1.250000000000000000, -0.7216878364870999985, -8.499999999999900524 ) ) ;
#376 = CARTESIAN_POINT ( 'NONE',  ( -1.299038105676664001, 0.7499999999999590328, 0.08333333333354620009 ) ) ;
#377 = EDGE_CURVE ( 'NONE', #3351, #3229, #2073, .T. ) ;
#378 = CIRCLE ( 'NONE', #1369, 1.250000000000000000 ) ;
#379 = ORIENTED_EDGE ( 'NONE', *, *, #853, .F. ) ;
#380 = CARTESIAN_POINT ( 'NONE',  ( 1.017788105676646015, -0.5876202367904179713, -3.916666666666515528 ) ) ;
#381 = CARTESIAN_POINT ( 'NONE',  ( 1.299038105676650012, -0.7500000000000269784, -4.229166666666895225 ) ) ;
#382 = AXIS2_PLACEMENT_3D ( 'NONE', #1116, #2471, #536 ) ;
#383 = CONICAL_SURFACE ( 'NONE', #978, 1.443375672974063884, 0.7853981633974503884 ) ;
#384 = DIRECTION ( 'NONE',  ( -1.000000000000000000, 8.326672684688687858E-16, -2.124151195073641541E-15 ) ) ;
#385 = CC_DESIGN_APPROVAL ( #1176, ( #3121 ) ) ;
#386 = DIRECTION ( 'NONE',  ( 0.000000000000000000, -1.000000000000000000, -2.400530044109884714E-17 ) ) ;
#387 = DIRECTION ( 'NONE',  ( -3.647064326199800396E-15, 2.400530044110370049E-17, -1.000000000000000000 ) ) ;
#388 = EDGE_CURVE ( 'NONE', #811, #735, #1825, .T. ) ;
#389 = CARTESIAN_POINT ( 'NONE',  ( 1.040834085586083941E-14, -1.175240473580781986, -4.000000000000170530 ) ) ;
#390 = ORIENTED_EDGE ( 'NONE', *, *, #1454, .T. ) ;
#391 = VERTEX_POINT ( 'NONE', #2931 ) ;
#392 = CARTESIAN_POINT ( 'NONE',  ( -4.163336342344334502E-14, 1.175240473580821954, -3.812499999999719780 ) ) ;
#393 = CARTESIAN_POINT ( 'NONE',  ( -0.8660254037844384856, 1.499999999999937161, -5.958333333333434290 ) ) ;
#394 = EDGE_CURVE ( 'NONE', #2057, #582, #201, .T. ) ;
#395 = CARTESIAN_POINT ( 'NONE',  ( 1.500000000000018874, 0.4019237886466795473, -1.665170900630997819 ) ) ;
#396 = CARTESIAN_POINT ( 'NONE',  ( -1.732050807568876971, -1.402160292154680474E-14, -2.937500000000092815 ) ) ;
#397 = EDGE_LOOP ( 'NONE', ( #935, #2905, #2694 ) ) ;
#398 = CARTESIAN_POINT ( 'NONE',  ( -3.469446951953614820E-14, 1.175240473580779987, -1.312499999999940048 ) ) ;
#399 = CARTESIAN_POINT ( 'NONE',  ( 1.299038105676650012, 0.7500000000000109912, -1.083333333333324155 ) ) ;
#400 = CARTESIAN_POINT ( 'NONE',  ( -0.6258774906407703620, -1.317657379715708288, -0.3735969111584165336 ) ) ;
#401 = CARTESIAN_POINT ( 'NONE',  ( -0.6785254037844098418, -1.175240473580802858, -0.1041666666669609359 ) ) ;
#402 = CARTESIAN_POINT ( 'NONE',  ( 1.299038105676669996, -0.7500000000000149880, -4.729166666666840158 ) ) ;
#403 = CYLINDRICAL_SURFACE ( 'NONE', #980, 2.750000000000000000 ) ;
#404 = CARTESIAN_POINT ( 'NONE',  ( -1.017788105676673993, 0.5876202367903340384, -2.229166666667004915 ) ) ;
#405 = B_SPLINE_CURVE_WITH_KNOTS ( 'NONE', 3,
 ( #430, #1540, #2654, #1862, #1271, #2116, #1023, #3248, #727, #686, #3486, #1005, #3227, #3507, #1561, #2678, #1849, #191, #3267 ),
 .UNSPECIFIED., .F., .F.,
 ( 4, 2, 2, 2, 1, 2, 2, 2, 2, 4 ),
 ( 0.000000000000000000, 0.2500000000000002220, 0.3125000000000003331, 0.3750000000000004441, 0.4375000000000005551, 0.4687500000000006106, 0.5000000000000005551, 0.6250000000000004441, 0.7500000000000003331, 1.000000000000000000 ),
 .UNSPECIFIED. ) ;
#406 = FACE_OUTER_BOUND ( 'NONE', #3190, .T. ) ;
#407 = DIRECTION ( 'NONE',  ( 2.150996698587985373E-15, 2.400530044109884714E-17, -1.000000000000000000 ) ) ;
#408 = DIRECTION ( 'NONE',  ( 2.150996698587985373E-15, 2.400530044109884714E-17, -1.000000000000000000 ) ) ;
#409 = CARTESIAN_POINT ( 'NONE',  ( 6.938893903907229955E-15, -2.775557561562889773E-14, -8.499999999999559464 ) ) ;
#410 = VERTEX_POINT ( 'NONE', #2374 ) ;
#411 = ORIENTED_EDGE ( 'NONE', *, *, #2875, .F. ) ;
#412 = ADVANCED_FACE ( 'NONE', ( #406 ), #2050, .T. ) ;
#413 = CARTESIAN_POINT ( 'NONE',  ( -1.175240473580831946, 0.3149047358083303383, -3.709829099369280847 ) ) ;
#414 = CARTESIAN_POINT ( 'NONE',  ( -0.8660254037844555830, 1.500000000000001776, -1.520833333333527326 ) ) ;
#415 = ORIENTED_EDGE ( 'NONE', *, *, #344, .F. ) ;
#416 = CARTESIAN_POINT ( 'NONE',  ( 1.175240473580831724, -0.3149047358083362225, -4.959829099369152949 ) ) ;
#417 = CARTESIAN_POINT ( 'NONE',  ( 1.188317453514541100, -0.6651090603955416292, -0.3080543339792010116 ) ) ;
#418 = EDGE_LOOP ( 'NONE', ( #92, #2024, #2136, #141 ) ) ;
#419 = CARTESIAN_POINT ( 'NONE',  ( -1.175240473580837941, 3.079417623425334520E-15, -2.125000000000225153 ) ) ;
#420 = CARTESIAN_POINT ( 'NONE',  ( -0.6785254037844098418, -1.175240473580812184, -0.04166666666697667332 ) ) ;
#421 = PLANE ( 'NONE',  #108 ) ;
#422 = CARTESIAN_POINT ( 'NONE',  ( 0.6785254037844422603, 1.175240473580814404, -0.7916666666665316265 ) ) ;
#423 = CARTESIAN_POINT ( 'NONE',  ( -1.387778780781445991E-14, 1.175240473580775991, -2.312499999999659828 ) ) ;
#424 = DIRECTION ( 'NONE',  ( -1.000000000000000000, 8.326672684688674053E-16, -2.403703357979455633E-15 ) ) ;
#425 = CYLINDRICAL_SURFACE ( 'NONE', #2192, 1.175240473580833944 ) ;
#426 = CARTESIAN_POINT ( 'NONE',  ( -1.017788105676639798, -0.5876202367904610480, -1.083333333333492021 ) ) ;
#427 = DIRECTION ( 'NONE',  ( 2.081668171172170091E-15, 2.400530044109889953E-17, -1.000000000000000000 ) ) ;
#428 = CARTESIAN_POINT ( 'NONE',  ( -1.500000000000024869, -3.811505586730224213E-14, -2.937499999999915179 ) ) ;
#429 = ADVANCED_FACE ( 'NONE', ( #2114 ), #425, .T. ) ;
#430 = CARTESIAN_POINT ( 'NONE',  ( 3.469446951953614820E-14, -1.175240473580819955, -5.000000000000280664 ) ) ;
#431 = VERTEX_POINT ( 'NONE', #3242 ) ;
#432 = EDGE_LOOP ( 'NONE', ( #548, #2785, #2005, #1788 ) ) ;
#433 = CARTESIAN_POINT ( 'NONE',  ( -0.8660254037844268282, 1.500000000000015543, -0.5208333333335224413 ) ) ;
#434 = ORIENTED_EDGE ( 'NONE', *, *, #3528, .F. ) ;
#435 = EDGE_CURVE ( 'NONE', #2431, #3217, #313, .T. ) ;
#436 = CARTESIAN_POINT ( 'NONE',  ( -0.2744923570174424010, -1.412353329847356065, -0.3623820819350587752 ) ) ;
#437 = ORIENTED_EDGE ( 'NONE', *, *, #3362, .F. ) ;
#438 = CARTESIAN_POINT ( 'NONE',  ( -0.8660254037843668762, -1.500000000000085487, -5.354166666666790420 ) ) ;
#439 = CARTESIAN_POINT ( 'NONE',  ( 1.500000000000000222, -3.939330469212030006E-14, -1.625000000000254907 ) ) ;
#440 =( BOUNDED_CURVE ( )  B_SPLINE_CURVE ( 2, ( #2477, #2793, #3064, #790, #3081, #1604, #3024, #507, #3546 ),
 .UNSPECIFIED., .F., .F. ) 
 B_SPLINE_CURVE_WITH_KNOTS ( ( 3, 2, 2, 2, 3 ),
 ( 0.4038461538461544653, 0.4102564102564105197, 0.4230769230769230171, 0.4358974358974360142, 0.4423076923076924571 ),
 .UNSPECIFIED. ) 
 CURVE ( )  GEOMETRIC_REPRESENTATION_ITEM ( )  RATIONAL_B_SPLINE_CURVE ( ( 0.9330127018922189652, 0.9330127018922239612, 1.000000000000000000, 0.8660254037844389297, 1.000000000000000000, 0.8660254037844389297, 1.000000000000000000, 0.9330127018922199644, 0.9330127018922189652 ) ) 
 REPRESENTATION_ITEM ( '' )  );
#441 = CARTESIAN_POINT ( 'NONE',  ( -1.017788105676639798, -0.5876202367904589385, -1.145833333333567960 ) ) ;
#442 = CIRCLE ( 'NONE', #862, 1.250000000000000000 ) ;
#443 = LINE ( 'NONE', #480, #2479 ) ;
#444 = AXIS2_PLACEMENT_3D ( 'NONE', #1925, #1384, #2493 ) ;
#445 = VECTOR ( 'NONE', #1341, 999.9999999999998863 ) ;
#446 = CARTESIAN_POINT ( 'NONE',  ( 1.175240473580851708, 0.3149047358083697512, -3.415170900630425166 ) ) ;
#447 = ORIENTED_EDGE ( 'NONE', *, *, #2671, .F. ) ;
#448 = VERTEX_POINT ( 'NONE', #2987 ) ;
#449 = B_SPLINE_CURVE_WITH_KNOTS ( 'NONE', 3,
 ( #1544, #2362, #138, #2304, #181, #644 ),
 .UNSPECIFIED., .F., .F.,
 ( 4, 2, 4 ),
 ( 0.000000000000000000, 0.5000000000000000000, 1.000000000000000000 ),
 .UNSPECIFIED. ) ;
#450 = CARTESIAN_POINT ( 'NONE',  ( -3.469446951953614820E-14, 1.499999999999918066, -0.5625000000001318945 ) ) ;
#451 = CARTESIAN_POINT ( 'NONE',  ( 1.299038105676656008, 0.7499999999999850120, -1.645833333333344806 ) ) ;
#452 = CARTESIAN_POINT ( 'NONE',  ( -0.8660254037844637987, 1.499999999999948708, -3.958333333333427628 ) ) ;
#453 = CARTESIAN_POINT ( 'NONE',  ( 0.9565670295567402226, -0.9940076342341263027, -0.3206191580949603326 ) ) ;
#454 = CYLINDRICAL_SURFACE ( 'NONE', #2661, 1.175240473580833944 ) ;
#455 = CARTESIAN_POINT ( 'NONE',  ( 0.000000000000000000, -1.734723475976804570E-14, -7.099999999999718980 ) ) ;
#456 = CARTESIAN_POINT ( 'NONE',  ( -0.8660254037844790087, 1.499999999999974243, -5.520833333333413862 ) ) ;
#457 = CARTESIAN_POINT ( 'NONE',  ( -1.734723475976804570E-14, 1.175240473580789979, -1.812499999999885203 ) ) ;
#458 = EDGE_CURVE ( 'NONE', #410, #1820, #1423, .T. ) ;
#459 = FACE_OUTER_BOUND ( 'NONE', #1124, .T. ) ;
#460 = CARTESIAN_POINT ( 'NONE',  ( 1.175240473580835943, -2.324088772396480138E-16, -3.937499999999799716 ) ) ;
#461 = ADVANCED_FACE ( 'NONE', ( #117 ), #2838, .T. ) ;
#462 =( BOUNDED_CURVE ( )  B_SPLINE_CURVE ( 2, ( #951, #1241, #2346, #165, #975, #1284, #1300, #2069, #996 ),
 .UNSPECIFIED., .F., .T. ) 
 B_SPLINE_CURVE_WITH_KNOTS ( ( 3, 2, 2, 2, 3 ),
 ( 0.7500000000000000000, 0.7564102564102570536, 0.7692307692307689404, 0.7820512820512819374, 0.7884615384615389910 ),
 .UNSPECIFIED. ) 
 CURVE ( )  GEOMETRIC_REPRESENTATION_ITEM ( )  RATIONAL_B_SPLINE_CURVE ( ( 0.9330127018922189652, 0.9330127018922189652, 1.000000000000000000, 0.8660254037844389297, 1.000000000000000000, 0.8660254037844389297, 1.000000000000000000, 0.9330127018922139692, 0.9330127018922189652 ) ) 
 REPRESENTATION_ITEM ( '' )  );
#463 = CARTESIAN_POINT ( 'NONE',  ( 3.469446951953614978E-15, -1.443375672974103852, -7.099999999999829114 ) ) ;
#464 = CARTESIAN_POINT ( 'NONE',  ( -1.299038105676646015, -0.7500000000001010303, 0.1041666666666273972 ) ) ;
#465 = CARTESIAN_POINT ( 'NONE',  ( 1.500000000000000000, -4.334425560519429446E-14, -2.625000000000110134 ) ) ;
#466 = DIRECTION ( 'NONE',  ( -2.150996698587985373E-15, -2.400530044109884714E-17, 1.000000000000000000 ) ) ;
#467 = VERTEX_POINT ( 'NONE', #1707 ) ;
#468 = EDGE_CURVE ( 'NONE', #865, #641, #85, .T. ) ;
#469 = CARTESIAN_POINT ( 'NONE',  ( -2.428612866367529617E-14, 1.499999999999974021, -3.562499999999415135 ) ) ;
#470 = CARTESIAN_POINT ( 'NONE',  ( -1.357050807568884299, -4.006172263299091486E-14, -2.187500000000219380 ) ) ;
#471 = CARTESIAN_POINT ( 'NONE',  ( 1.336152382312620457, -0.1344497241912527286, -0.2905244461889108787 ) ) ;
#472 = ADVANCED_FACE ( 'NONE', ( #1785 ), #2557, .T. ) ;
#473 = ORIENTED_EDGE ( 'NONE', *, *, #3347, .F. ) ;
#474 = CARTESIAN_POINT ( 'NONE',  ( -1.299038105676626031, -0.7500000000000980327, -2.395833333333539983 ) ) ;
#475 = CARTESIAN_POINT ( 'NONE',  ( -1.175240473580845935, -0.3149047358083843506, -3.165170900630794648 ) ) ;
#476 = CARTESIAN_POINT ( 'NONE',  ( -1.357050807568874973, 2.003086131649542588E-14, -0.6250000000002271516 ) ) ;
#477 = LINE ( 'NONE', #1063, #60 ) ;
#478 = CARTESIAN_POINT ( 'NONE',  ( 1.732050807568876971, 3.405246423804224482E-14, -3.625000000000495604 ) ) ;
#479 = CARTESIAN_POINT ( 'NONE',  ( 0.6785254037844780095, -1.175240473580814404, -4.020833333333603044 ) ) ;
#480 = CARTESIAN_POINT ( 'NONE',  ( 1.500000000000000000, -4.114764085016985166E-14, -4.999999999999720224 ) ) ;
#481 = CARTESIAN_POINT ( 'NONE',  ( 0.8660254037844384856, 1.500000000000015765, 0.3958333333332335613 ) ) ;
#482 = CARTESIAN_POINT ( 'NONE',  ( -0.6785254037844065111, -1.175240473580853928, -5.541666666666936969 ) ) ;
#483 = ORIENTED_EDGE ( 'NONE', *, *, #2510, .T. ) ;
#484 = ORIENTED_EDGE ( 'NONE', *, *, #993, .F. ) ;
#485 = CARTESIAN_POINT ( 'NONE',  ( 1.357050807568874973, 3.405246423804224482E-14, -4.937499999999976019 ) ) ;
#486 = CARTESIAN_POINT ( 'NONE',  ( 0.6785254037844388186, 1.175240473580814404, -0.8541666666665164165 ) ) ;
#487 = CARTESIAN_POINT ( 'NONE',  ( 1.299038105676622035, 0.7499999999999870104, -0.5833333333333799997 ) ) ;
#488 = DIRECTION ( 'NONE',  ( 1.000000000000000000, -8.326672684688661234E-16, 2.312964634635742661E-15 ) ) ;
#489 = CARTESIAN_POINT ( 'NONE',  ( 0.9312110299784296386, -1.020360472462572776, -0.3217995625368217372 ) ) ;
#490 = VERTEX_POINT ( 'NONE', #703 ) ;
#491 = FACE_OUTER_BOUND ( 'NONE', #2660, .T. ) ;
#492 = ADVANCED_FACE ( 'NONE', ( #2933 ), #1521, .T. ) ;
#493 = CARTESIAN_POINT ( 'NONE',  ( 1.299038105676677990, -0.7500000000000149880, -4.666666666666760221 ) ) ;
#494 = FACE_OUTER_BOUND ( 'NONE', #2081, .T. ) ;
#495 = CARTESIAN_POINT ( 'NONE',  ( 1.249999999999984013, 2.165063509461075064, -7.099999999999829114 ) ) ;
#496 = AXIS2_PLACEMENT_3D ( 'NONE', #2553, #1417, #634 ) ;
#497 = CARTESIAN_POINT ( 'NONE',  ( -1.175240473580839939, 5.112995299272249895E-15, -3.625000000000000000 ) ) ;
#498 = EDGE_LOOP ( 'NONE', ( #3338, #881, #2605, #1233 ) ) ;
#499 = VECTOR ( 'NONE', #706, 1000.000000000000000 ) ;
#500 = CIRCLE ( 'NONE', #1429, 1.443375672974063884 ) ;
#501 = CARTESIAN_POINT ( 'NONE',  ( 1.249999999999966027, 0.7216878364870189522, -7.099999999999269562 ) ) ;
#502 = AXIS2_PLACEMENT_3D ( 'NONE', #3175, #904, #1492 ) ;
#503 = EDGE_CURVE ( 'NONE', #2228, #1015, #151, .T. ) ;
#504 = CARTESIAN_POINT ( 'NONE',  ( 1.175240473580855927, -1.743066579297359981E-15, -0.3749999999998749889 ) ) ;
#505 = CARTESIAN_POINT ( 'NONE',  ( -6.938893903907229955E-15, 1.175240473580750011, -1.249999999999862110 ) ) ;
#506 = CARTESIAN_POINT ( 'NONE',  ( 0.8660254037844233865, 1.499999999999969358, -2.041666666666794416 ) ) ;
#507 = CARTESIAN_POINT ( 'NONE',  ( -1.499999999999974243, -0.4019237886467262322, -1.915170900630833062 ) ) ;
#508 = CARTESIAN_POINT ( 'NONE',  ( -1.017788105676656008, -0.5876202367904769241, -2.645833333333070136 ) ) ;
#509 = CARTESIAN_POINT ( 'NONE',  ( -0.8660254037844233865, -1.500000000000004441, 0.6458333333331705006 ) ) ;
#510 = CARTESIAN_POINT ( 'NONE',  ( -1.249999999999972022, 0.7216878364869759865, -7.099999999999829114 ) ) ;
#511 = CARTESIAN_POINT ( 'NONE',  ( 1.175240473580827061, -0.3149047358083409964, -3.397329099369322147 ) ) ;
#512 = EDGE_CURVE ( 'NONE', #137, #2466, #689, .T. ) ;
#513 = ORIENTED_EDGE ( 'NONE', *, *, #3207, .F. ) ;
#514 = CARTESIAN_POINT ( 'NONE',  ( -1.734723475976804570E-14, 1.175240473580791978, -4.812499999999830358 ) ) ;
#515 = FACE_OUTER_BOUND ( 'NONE', #1920, .T. ) ;
#516 = ORIENTED_EDGE ( 'NONE', *, *, #1706, .F. ) ;
#517 = CARTESIAN_POINT ( 'NONE',  ( 0.6249999999999800160, -1.082531754730622131, -7.100000000000000533 ) ) ;
#518 = DIRECTION ( 'NONE',  ( 2.207829878515935155E-15, 2.400530044109879784E-17, -1.000000000000000000 ) ) ;
#519 = CARTESIAN_POINT ( 'NONE',  ( -1.499999999999980016, -3.846594202489114672E-14, -4.999999999999729994 ) ) ;
#520 = EDGE_CURVE ( 'NONE', #583, #1143, #289, .T. ) ;
#521 = CARTESIAN_POINT ( 'NONE',  ( 1.175240473580823730, -1.045839947578413819E-15, -4.874999999999830358 ) ) ;
#522 = CARTESIAN_POINT ( 'NONE',  ( -0.6785254037844307140, -1.175240473580828171, -1.541666666666983154 ) ) ;
#523 = LINE ( 'NONE', #1887, #3526 ) ;
#524 = CARTESIAN_POINT ( 'NONE',  ( -1.017788105676679988, 0.5876202367903210488, -1.729166666666950070 ) ) ;
#525 = CARTESIAN_POINT ( 'NONE',  ( 6.938893903907229955E-15, -1.499999999999960032, -0.8124999999998829825 ) ) ;
#526 = LINE ( 'NONE', #2462, #3136 ) ;
#527 = ORIENTED_EDGE ( 'NONE', *, *, #2291, .T. ) ;
#528 = EDGE_CURVE ( 'NONE', #2038, #391, #2916, .T. ) ;
#529 = CARTESIAN_POINT ( 'NONE',  ( -1.017788105676659782, -0.5876202367904730384, -4.583333333332999082 ) ) ;
#530 = CARTESIAN_POINT ( 'NONE',  ( 1.499999999999984013, -4.311184672795464699E-14, -3.125000000000140332 ) ) ;
#531 = ORIENTED_EDGE ( 'NONE', *, *, #3317, .F. ) ;
#532 = DIRECTION ( 'NONE',  ( 1.000000000000000000, -8.326672684688677011E-16, 2.124151195073641541E-15 ) ) ;
#533 = DIRECTION ( 'NONE',  ( -2.312964634635745422E-15, -2.400530044109874854E-17, 1.000000000000000000 ) ) ;
#534 = CARTESIAN_POINT ( 'NONE',  ( -1.357050807568863426, -4.607098102793951549E-14, -4.125000000000242473 ) ) ;
#535 = VERTEX_POINT ( 'NONE', #1936 ) ;
#536 = DIRECTION ( 'NONE',  ( -1.000000000000000000, 8.326672684688669123E-16, -2.081668171172168513E-15 ) ) ;
#537 = CARTESIAN_POINT ( 'NONE',  ( 2.081668171172170091E-14, -1.175240473580833944, -1.000000000000000000 ) ) ;
#538 = EDGE_CURVE ( 'NONE', #1502, #865, #3070, .T. ) ;
#539 = DIRECTION ( 'NONE',  ( 3.647064326199800396E-15, -2.400530044110370049E-17, 1.000000000000000000 ) ) ;
#540 = CARTESIAN_POINT ( 'NONE',  ( 1.299038105676691979, -0.7499999999999900080, -1.166666666666759999 ) ) ;
#541 = CARTESIAN_POINT ( 'NONE',  ( 1.175240473580837941, -1.743066579297359981E-15, -2.437499999999884981 ) ) ;
#542 = CARTESIAN_POINT ( 'NONE',  ( -1.249999999999997113, -0.3872824455750037420, -8.365181043465261368 ) ) ;
#543 = VERTEX_POINT ( 'NONE', #1111 ) ;
#544 = VECTOR ( 'NONE', #983, 1000.000000000000000 ) ;
#545 = CARTESIAN_POINT ( 'NONE',  ( -1.299038105676640020, -0.7500000000000530687, -3.333333333333354798 ) ) ;
#546 = DIRECTION ( 'NONE',  ( 2.403703357979455239E-15, 2.400530044109864685E-17, -1.000000000000000000 ) ) ;
#547 = EDGE_LOOP ( 'NONE', ( #1625, #354, #2849, #1408 ) ) ;
#548 = ORIENTED_EDGE ( 'NONE', *, *, #817, .F. ) ;
#549 = CIRCLE ( 'NONE', #2009, 1.443375672974063884 ) ;
#550 = CARTESIAN_POINT ( 'NONE',  ( -1.500000000000000222, -3.950950913074015220E-14, -4.437499999999999112 ) ) ;
#551 = AXIS2_PLACEMENT_3D ( 'NONE', #3364, #3310, #877 ) ;
#552 = AXIS2_PLACEMENT_3D ( 'NONE', #3580, #3087, #570 ) ;
#553 = ORIENTED_EDGE ( 'NONE', *, *, #2510, .F. ) ;
#554 = FACE_OUTER_BOUND ( 'NONE', #210, .T. ) ;
#555 = CARTESIAN_POINT ( 'NONE',  ( -1.499999999999986899, 0.4019237886466579535, -3.959829099369147176 ) ) ;
#556 = CARTESIAN_POINT ( 'NONE',  ( -0.8660254037844384856, -1.500000000000043299, -4.791666666666805519 ) ) ;
#557 = CARTESIAN_POINT ( 'NONE',  ( 1.500000000000000222, -4.299564228933484534E-14, -1.125000000000251799 ) ) ;
#558 = CARTESIAN_POINT ( 'NONE',  ( 0.6785254037844388186, 1.175240473580816403, -1.354166666666519303 ) ) ;
#559 = CARTESIAN_POINT ( 'NONE',  ( 0.000000000000000000, 0.000000000000000000, 0.000000000000000000 ) ) ;
#560 = EDGE_CURVE ( 'NONE', #2826, #3259, #500, .T. ) ;
#561 = CARTESIAN_POINT ( 'NONE',  ( 0.6785254037844860031, -1.175240473580883682, -3.020833333333595938 ) ) ;
#562 = CARTESIAN_POINT ( 'NONE',  ( -1.299038105676641797, -0.7500000000001120215, -5.333333333333359683 ) ) ;
#563 = CARTESIAN_POINT ( 'NONE',  ( -1.499999999999986233, -4.276323341209519156E-14, -2.874999999999940048 ) ) ;
#564 = DIRECTION ( 'NONE',  ( 0.000000000000000000, -1.000000000000000000, -2.400530044109884714E-17 ) ) ;
#565 = CARTESIAN_POINT ( 'NONE',  ( -1.175240473580830169, 4.067155351693835189E-16, -1.125000000000222045 ) ) ;
#566 = CARTESIAN_POINT ( 'NONE',  ( -1.249999999999997335, -0.5712847968631016293, -8.429266416079945756 ) ) ;
#567 = ADVANCED_FACE ( 'NONE', ( #257 ), #2465, .T. ) ;
#568 = CARTESIAN_POINT ( 'NONE',  ( -1.017788105676669996, -0.5876202367904769241, -5.145833333333019510 ) ) ;
#569 = CARTESIAN_POINT ( 'NONE',  ( -1.500000000000000222, -4.322805116657449912E-14, -3.374999999999910294 ) ) ;
#570 = DIRECTION ( 'NONE',  ( 0.000000000000000000, -1.000000000000000000, -2.400530044109884714E-17 ) ) ;
#571 = ORIENTED_EDGE ( 'NONE', *, *, #1697, .T. ) ;
#572 = ORIENTED_EDGE ( 'NONE', *, *, #3091, .F. ) ;
#573 = CARTESIAN_POINT ( 'NONE',  ( 0.000000000000000000, -1.734723475976804570E-14, -7.099999999999718980 ) ) ;
#574 = CARTESIAN_POINT ( 'NONE',  ( 1.500000000000000000, -4.055534907831854373E-14, -2.125000000000255351 ) ) ;
#575 = CARTESIAN_POINT ( 'NONE',  ( 1.299038105676677990, -0.7500000000000179856, -4.729166666666840158 ) ) ;
#576 = ORIENTED_EDGE ( 'NONE', *, *, #954, .F. ) ;
#577 = CARTESIAN_POINT ( 'NONE',  ( -2.081668171172170091E-14, 1.499999999999986011, -4.999999999999840128 ) ) ;
#578 = CARTESIAN_POINT ( 'NONE',  ( -1.017788105676659782, 0.5876202367903450297, -2.166666666666930308 ) ) ;
#579 = CARTESIAN_POINT ( 'NONE',  ( -1.175240473580852152, -0.3149047358083736370, -2.165170900630906115 ) ) ;
#580 = CARTESIAN_POINT ( 'NONE',  ( 1.500000000000000222, -4.334425560519429446E-14, -2.625000000000110134 ) ) ;
#581 = CARTESIAN_POINT ( 'NONE',  ( 1.175240473580833944, -3.021315404115419891E-15, -4.374999999999859668 ) ) ;
#582 = VERTEX_POINT ( 'NONE', #2177 ) ;
#583 = VERTEX_POINT ( 'NONE', #1359 ) ;
#584 = CARTESIAN_POINT ( 'NONE',  ( 1.500000000000000000, -3.474512714732735063E-14, -4.187500000000115463 ) ) ;
#585 = CARTESIAN_POINT ( 'NONE',  ( -2.081668171172170091E-14, 1.499999999999986011, -4.999999999999840128 ) ) ;
#586 = EDGE_LOOP ( 'NONE', ( #2012, #1957 ) ) ;
#587 = CARTESIAN_POINT ( 'NONE',  ( -1.253764808134933739, 3.486133158594715031E-16, -0.2328360456929425004 ) ) ;
#588 = CARTESIAN_POINT ( 'NONE',  ( -1.299038105676664001, -0.7500000000000740519, -4.333333333333469817 ) ) ;
#589 = CARTESIAN_POINT ( 'NONE',  ( -1.732050807568876971, -6.009258394948633758E-15, -3.875000000000115019 ) ) ;
#590 = CYLINDRICAL_SURFACE ( 'NONE', #2954, 1.500000000000000000 ) ;
#591 = ADVANCED_FACE ( 'NONE', ( #271 ), #2747, .T. ) ;
#592 = CARTESIAN_POINT ( 'NONE',  ( -0.8660254037844790087, 1.499999999999978684, -5.458333333333434290 ) ) ;
#593 = CARTESIAN_POINT ( 'NONE',  ( -1.299038105676641797, -0.7500000000000580647, -2.833333333333409865 ) ) ;
#594 = CARTESIAN_POINT ( 'NONE',  ( -2.428612866367529617E-14, 1.175240473580803968, -1.249999999999862110 ) ) ;
#595 = CARTESIAN_POINT ( 'NONE',  ( 2.081668171172170091E-14, -3.989863994746654424E-14, -4.999999999999729994 ) ) ;
#596 = CARTESIAN_POINT ( 'NONE',  ( 0.6785254037844469233, 1.175240473580823730, -0.3541666666665134189 ) ) ;
#597 = CARTESIAN_POINT ( 'NONE',  ( 1.017788105676679988, -0.5876202367904730384, -4.979166666666479557 ) ) ;
#598 = CARTESIAN_POINT ( 'NONE',  ( -1.017788105676687982, -0.5876202367904439505, -0.5833333333335469773 ) ) ;
#599 = CARTESIAN_POINT ( 'NONE',  ( 3.469446951953614820E-14, -1.175240473580819955, -5.000000000000280664 ) ) ;
#600 = VERTEX_POINT ( 'NONE', #530 ) ;
#601 = CARTESIAN_POINT ( 'NONE',  ( 0.000000000000000000, 1.175240473580767997, -3.312499999999774847 ) ) ;
#602 = VERTEX_POINT ( 'NONE', #803 ) ;
#603 = ADVANCED_FACE ( 'NONE', ( #1899 ), #3255, .T. ) ;
#604 = CARTESIAN_POINT ( 'NONE',  ( 1.175240473580839939, -3.253724281355070123E-15, -2.374999999999910294 ) ) ;
#605 = VECTOR ( 'NONE', #3400, 1000.000000000000000 ) ;
#606 = CARTESIAN_POINT ( 'NONE',  ( -1.017788105676631805, -0.5876202367904449497, -2.583333333333215354 ) ) ;
#607 = ORIENTED_EDGE ( 'NONE', *, *, #2401, .F. ) ;
#608 = AXIS2_PLACEMENT_3D ( 'NONE', #1500, #883, #2615 ) ;
#609 = CONICAL_SURFACE ( 'NONE', #2776, 2.750000000000000000, 0.7853981633974511656 ) ;
#610 = ADVANCED_FACE ( 'NONE', ( #515 ), #2197, .T. ) ;
#611 = DIRECTION ( 'NONE',  ( 2.150996698587985373E-15, 2.400530044109884714E-17, -1.000000000000000000 ) ) ;
#612 = CARTESIAN_POINT ( 'NONE',  ( -0.8660254037844108410, -1.500000000000036637, -0.7916666666668515928 ) ) ;
#613 = CIRCLE ( 'NONE', #111, 1.175240473580833944 ) ;
#614 = CARTESIAN_POINT ( 'NONE',  ( 1.357050807568884299, 7.411418687103321648E-14, 0.06249999999998426259 ) ) ;
#615 =( BOUNDED_CURVE ( )  B_SPLINE_CURVE ( 2, ( #2693, #3445, #2397, #153, #208, #135, #1311, #2409, #3521 ),
 .UNSPECIFIED., .F., .F. ) 
 B_SPLINE_CURVE_WITH_KNOTS ( ( 3, 2, 2, 2, 3 ),
 ( 0.5192307692307699396, 0.5256410256410259940, 0.5384615384615379918, 0.5512820512820510999, 0.5576923076923080425 ),
 .UNSPECIFIED. ) 
 CURVE ( )  GEOMETRIC_REPRESENTATION_ITEM ( )  RATIONAL_B_SPLINE_CURVE ( ( 0.9330127018922189652, 0.9330127018922269588, 1.000000000000000000, 0.8660254037844389297, 1.000000000000000000, 0.8660254037844389297, 1.000000000000000000, 0.9330127018922179660, 0.9330127018922189652 ) ) 
 REPRESENTATION_ITEM ( '' )  );
#616 = AXIS2_PLACEMENT_3D ( 'NONE', #1638, #1892, #564 ) ;
#617 = CARTESIAN_POINT ( 'NONE',  ( -1.299038105676725952, 0.7499999999999040767, -2.979166666666035024 ) ) ;
#618 = CARTESIAN_POINT ( 'NONE',  ( 0.6785254037844469233, -1.175240473580786649, -5.520833333333541759 ) ) ;
#619 = AXIS2_PLACEMENT_3D ( 'NONE', #658, #2054, #2356 ) ;
#620 = CARTESIAN_POINT ( 'NONE',  ( -1.299038105676630028, -0.7500000000000740519, -4.395833333333544424 ) ) ;
#621 = DIRECTION ( 'NONE',  ( 2.403703357979455239E-15, 2.400530044109864685E-17, -1.000000000000000000 ) ) ;
#622 = CARTESIAN_POINT ( 'NONE',  ( -1.175240473580839939, -1.162044386198240069E-16, -0.6250000000002190470 ) ) ;
#623 = CARTESIAN_POINT ( 'NONE',  ( 0.6785254037844860031, -1.175240473580886125, -2.958333333333547088 ) ) ;
#624 = VERTEX_POINT ( 'NONE', #1860 ) ;
#625 = ORIENTED_EDGE ( 'NONE', *, *, #698, .F. ) ;
#626 = CARTESIAN_POINT ( 'NONE',  ( 1.499999999999997113, -0.4019237886466990872, -1.209829099369540861 ) ) ;
#627 = CARTESIAN_POINT ( 'NONE',  ( -0.6785254037844308250, -1.175240473580851264, -2.541666666666921870 ) ) ;
#628 = ORIENTED_EDGE ( 'NONE', *, *, #3337, .F. ) ;
#629 = CARTESIAN_POINT ( 'NONE',  ( 1.017788105676639798, -0.5876202367904349577, -1.979166666666420049 ) ) ;
#630 = CARTESIAN_POINT ( 'NONE',  ( -1.732050807568853656, -1.402160292154680474E-14, -2.875000000000107025 ) ) ;
#631 = CARTESIAN_POINT ( 'NONE',  ( 1.249999999999960476, -0.3398423612895908885, -8.351923313296310880 ) ) ;
#632 = CARTESIAN_POINT ( 'NONE',  ( -1.299038105676683985, 0.7499999999999590328, -0.9166666666664549101 ) ) ;
#633 = ADVANCED_FACE ( 'NONE', ( #1607 ), #3504, .T. ) ;
#634 = DIRECTION ( 'NONE',  ( -1.000000000000000000, 8.326672684688674053E-16, -2.403703357979455633E-15 ) ) ;
#635 = CARTESIAN_POINT ( 'NONE',  ( -1.500000000000000222, -4.026483798176899228E-14, -2.374999999999969802 ) ) ;
#636 = CARTESIAN_POINT ( 'NONE',  ( -1.175240473580839939, 0.000000000000000000, -4.687500000000000000 ) ) ;
#637 = CARTESIAN_POINT ( 'NONE',  ( -1.017788105676639798, 0.5876202367903360368, -2.166666666666930308 ) ) ;
#638 = CARTESIAN_POINT ( 'NONE',  ( -0.8660254037843991837, -1.500000000000020428, -2.854166666666845042 ) ) ;
#639 = CARTESIAN_POINT ( 'NONE',  ( 1.017788105676639798, 0.5876202367903730073, -1.833333333333129866 ) ) ;
#640 = CARTESIAN_POINT ( 'NONE',  ( 0.6785254037844388186, 1.175240473580814404, -3.291666666666542174 ) ) ;
#641 = VERTEX_POINT ( 'NONE', #1325 ) ;
#642 = VERTEX_POINT ( 'NONE', #1574 ) ;
#643 = EDGE_CURVE ( 'NONE', #1259, #2680, #1263, .T. ) ;
#644 = CARTESIAN_POINT ( 'NONE',  ( -1.397671204003087864, 0.5445320977688069553, -0.4052517832093814887 ) ) ;
#645 = CARTESIAN_POINT ( 'NONE',  ( 1.299038105676630028, 0.7499999999999891198, -2.645833333332625159 ) ) ;
#646 = EDGE_LOOP ( 'NONE', ( #662, #2096, #209, #1551 ) ) ;
#647 = CARTESIAN_POINT ( 'NONE',  ( -1.443375672974049895, -2.655372393663919654E-14, -8.499999999999559464 ) ) ;
#648 = CARTESIAN_POINT ( 'NONE',  ( 1.732050807568876971, 5.808949781783680509E-14, -0.1250000000004811984 ) ) ;
#649 = CARTESIAN_POINT ( 'NONE',  ( 0.8660254037844384856, 1.499999999999983569, -1.104166666666773100 ) ) ;
#650 = CARTESIAN_POINT ( 'NONE',  ( -1.175240473580843936, 1.568759921367624969E-15, -2.187500000000230038 ) ) ;
#651 = EDGE_CURVE ( 'NONE', #2764, #431, #1067, .T. ) ;
#652 = CARTESIAN_POINT ( 'NONE',  ( 0.8660254037845112052, -1.500000000000052625, -3.270833333333602155 ) ) ;
#653 = CARTESIAN_POINT ( 'NONE',  ( 0.6785254037844780095, -1.175240473580770661, 0.4791666666664176621 ) ) ;
#654 = CARTESIAN_POINT ( 'NONE',  ( 1.175240473580830169, -2.091679895156830005E-15, -2.937499999999915179 ) ) ;
#655 = EDGE_CURVE ( 'NONE', #178, #3191, #2408, .T. ) ;
#656 = CARTESIAN_POINT ( 'NONE',  ( 1.732050807568911388, 2.003086131649542745E-15, -5.125000000000503597 ) ) ;
#657 =( BOUNDED_CURVE ( )  B_SPLINE_CURVE ( 2, ( #3098, #1686, #724, #3483, #745, #1288, #2970, #1573, #1307 ),
 .UNSPECIFIED., .F., .F. ) 
 B_SPLINE_CURVE_WITH_KNOTS ( ( 3, 2, 2, 2, 3 ),
 ( 0.6730769230769230171, 0.6794871794871799597, 0.6923076923076919575, 0.7051282051282049546, 0.7115384615384620082 ),
 .UNSPECIFIED. ) 
 CURVE ( )  GEOMETRIC_REPRESENTATION_ITEM ( )  RATIONAL_B_SPLINE_CURVE ( ( 0.9330127018922189652, 0.9330127018922189652, 1.000000000000000000, 0.8660254037844389297, 1.000000000000000000, 0.8660254037844389297, 1.000000000000000000, 0.9330127018922139692, 0.9330127018922189652 ) ) 
 REPRESENTATION_ITEM ( '' )  );
#658 = CARTESIAN_POINT ( 'NONE',  ( -1.734723475976804570E-14, 1.734723475976804570E-14, -8.199999999999599609 ) ) ;
#659 = CYLINDRICAL_SURFACE ( 'NONE', #749, 1.175240473580833944 ) ;
#660 = CARTESIAN_POINT ( 'NONE',  ( -1.357050807568868089, -6.009258394948633443E-14, -5.125000000000249578 ) ) ;
#661 = ORIENTED_EDGE ( 'NONE', *, *, #993, .T. ) ;
#662 = ORIENTED_EDGE ( 'NONE', *, *, #2758, .T. ) ;
#663 = CYLINDRICAL_SURFACE ( 'NONE', #1484, 1.500000000000000000 ) ;
#664 = ORIENTED_EDGE ( 'NONE', *, *, #538, .T. ) ;
#665 = CARTESIAN_POINT ( 'NONE',  ( -1.249999999999972022, 0.7216878364869759865, -7.099999999999829114 ) ) ;
#666 = CARTESIAN_POINT ( 'NONE',  ( -4.510281037539699708E-14, 1.499999999999960032, -1.000000000000112133 ) ) ;
#667 =( BOUNDED_CURVE ( )  B_SPLINE_CURVE ( 2, ( #34, #53, #404, #1518, #423, #1462, #926, #3517, #874 ),
 .UNSPECIFIED., .F., .F. ) 
 B_SPLINE_CURVE_WITH_KNOTS ( ( 3, 2, 2, 2, 3 ),
 ( 0.4423076923076929567, 0.4487179487179489557, 0.4615384615384620082, 0.4743589743589740060, 0.4807692307692310041 ),
 .UNSPECIFIED. ) 
 CURVE ( )  GEOMETRIC_REPRESENTATION_ITEM ( )  RATIONAL_B_SPLINE_CURVE ( ( 0.9330127018922189652, 0.9330127018922249604, 1.000000000000000000, 0.8660254037844389297, 1.000000000000000000, 0.8660254037844389297, 1.000000000000000000, 0.9330127018922189652, 0.9330127018922189652 ) ) 
 REPRESENTATION_ITEM ( '' )  );
#668 = VECTOR ( 'NONE', #835, 1000.000000000000000 ) ;
#669 = VECTOR ( 'NONE', #2154, 1000.000000000000000 ) ;
#670 = ORIENTED_EDGE ( 'NONE', *, *, #2587, .T. ) ;
#671 = CARTESIAN_POINT ( 'NONE',  ( 0.8660254037844108410, 1.500000000000041300, -4.104166666666787755 ) ) ;
#672 = CARTESIAN_POINT ( 'NONE',  ( -1.500000000000038636, 0.4019237886466323628, -2.959829099368966432 ) ) ;
#673 = CARTESIAN_POINT ( 'NONE',  ( 0.8660254037845032116, -1.499999999999990230, -4.708333333333560411 ) ) ;
#674 = CARTESIAN_POINT ( 'NONE',  ( -1.017788105676669996, -0.5876202367904730384, -3.145833333333235338 ) ) ;
#675 = VECTOR ( 'NONE', #2277, 999.9999999999998863 ) ;
#676 = CIRCLE ( 'NONE', #68, 1.250000000000000000 ) ;
#677 = CARTESIAN_POINT ( 'NONE',  ( 1.249999999999984013, 2.165063509461075064, -7.099999999999829114 ) ) ;
#678 = CARTESIAN_POINT ( 'NONE',  ( 1.499999999999995115, -0.4019237886467098009, -0.7098290993695700601 ) ) ;
#679 = EDGE_CURVE ( 'NONE', #2560, #2938, #1794, .T. ) ;
#680 = CARTESIAN_POINT ( 'NONE',  ( 3.816391647148974346E-14, -1.175240473580821954, -1.062499999999966027 ) ) ;
#681 = LOCAL_TIME ( 18, 50, 30.00000000000000000, #2798 ) ;
#682 = CARTESIAN_POINT ( 'NONE',  ( -1.017788105676649790, 0.5876202367903189394, -0.2291666666670024999 ) ) ;
#683 = VECTOR ( 'NONE', #1295, 1000.000000000000000 ) ;
#684 = DIRECTION ( 'NONE',  ( -3.647064326199800396E-15, 2.400530044110370049E-17, -1.000000000000000000 ) ) ;
#685 = PLANE ( 'NONE',  #2121 ) ;
#686 = CARTESIAN_POINT ( 'NONE',  ( -1.219077989331390111, -0.5411381795987733057, -4.999999999999732658 ) ) ;
#687 = ORIENTED_EDGE ( 'NONE', *, *, #2854, .T. ) ;
#688 = ORIENTED_EDGE ( 'NONE', *, *, #1266, .F. ) ;
#689 =( BOUNDED_CURVE ( )  B_SPLINE_CURVE ( 2, ( #844, #1675, #303, #2214, #1626, #1377, #2765, #1642, #2786 ),
 .UNSPECIFIED., .F., .F. ) 
 B_SPLINE_CURVE_WITH_KNOTS ( ( 3, 2, 2, 2, 3 ),
 ( 0.2884615384615384914, 0.2948717948717950454, 0.3076923076923074873, 0.3205128205128204844, 0.3269230769230774825 ),
 .UNSPECIFIED. ) 
 CURVE ( )  GEOMETRIC_REPRESENTATION_ITEM ( )  RATIONAL_B_SPLINE_CURVE ( ( 0.9330127018922189652, 0.9330127018922189652, 1.000000000000000000, 0.8660254037844389297, 1.000000000000000000, 0.8660254037844389297, 1.000000000000000000, 0.9330127018922139692, 0.9330127018922189652 ) ) 
 REPRESENTATION_ITEM ( '' )  );
#690 = CARTESIAN_POINT ( 'NONE',  ( 1.387778780781445991E-14, -1.175240473580851930, -1.500000000000055067 ) ) ;
#691 = DIRECTION ( 'NONE',  ( -2.312964634635745422E-15, -2.400530044109874854E-17, 1.000000000000000000 ) ) ;
#692 = CARTESIAN_POINT ( 'NONE',  ( 0.8660254037844233865, 1.500000000000009104, -2.604166666666780650 ) ) ;
#693 = VERTEX_POINT ( 'NONE', #189 ) ;
#694 = CARTESIAN_POINT ( 'NONE',  ( -0.9212404735808339407, 1.012907941126539818E-15, 3.359823267048049791E-15 ) ) ;
#695 = CARTESIAN_POINT ( 'NONE',  ( -0.6785254037844226094, -1.175240473580819067, -3.104166666666908103 ) ) ;
#696 = CARTESIAN_POINT ( 'NONE',  ( -1.299038105676654009, 0.7500000000000000000, -3.979166666666365426 ) ) ;
#697 = CARTESIAN_POINT ( 'NONE',  ( 0.6785254037844387076, 1.175240473580814404, -2.791666666666540841 ) ) ;
#698 = EDGE_CURVE ( 'NONE', #263, #3446, #443, .T. ) ;
#699 =( BOUNDED_CURVE ( )  B_SPLINE_CURVE ( 2, ( #920, #3405, #380, #129, #2017, #893, #2857, #1727, #3128 ),
 .UNSPECIFIED., .F., .F. ) 
 B_SPLINE_CURVE_WITH_KNOTS ( ( 3, 2, 2, 2, 3 ),
 ( 0.7115384615384620082, 0.7179487179487179516, 0.7307692307692310596, 0.7435897435897440566, 0.7500000000000000000 ),
 .UNSPECIFIED. ) 
 CURVE ( )  GEOMETRIC_REPRESENTATION_ITEM ( )  RATIONAL_B_SPLINE_CURVE ( ( 0.9330127018922189652, 0.9330127018922229620, 1.000000000000000000, 0.8660254037844389297, 1.000000000000000000, 0.8660254037844389297, 1.000000000000000000, 0.9330127018922139692, 0.9330127018922189652 ) ) 
 REPRESENTATION_ITEM ( '' )  );
#700 = CARTESIAN_POINT ( 'NONE',  ( -1.175240473580837941, -6.972266317189430062E-16, -2.687499999999964473 ) ) ;
#701 = CARTESIAN_POINT ( 'NONE',  ( -0.8660254037844556940, 1.499999999999960254, -3.458333333333426740 ) ) ;
#702 = CARTESIAN_POINT ( 'NONE',  ( 1.175240473580833944, 2.556497649636124948E-15, -3.874999999999825029 ) ) ;
#703 = CARTESIAN_POINT ( 'NONE',  ( 1.500000000000000000, -4.171739346451679371E-14, -4.125000000000079936 ) ) ;
#704 = CARTESIAN_POINT ( 'NONE',  ( 1.500000000000010658, -0.4019237886466755505, -3.709829099369635674 ) ) ;
#705 = CYLINDRICAL_SURFACE ( 'NONE', #321, 1.500000000000000000 ) ;
#706 = DIRECTION ( 'NONE',  ( 4.440892098500635036E-16, -1.000000000000000000, -6.647309888688659067E-17 ) ) ;
#707 = DIRECTION ( 'NONE',  ( -2.124151195073645091E-15, -2.400530044109889953E-17, 1.000000000000000000 ) ) ;
#708 = DIRECTION ( 'NONE',  ( -1.000000000000000000, 8.326672684688674053E-16, -2.403703357979455633E-15 ) ) ;
#709 = ORIENTED_EDGE ( 'NONE', *, *, #1697, .F. ) ;
#710 = ORIENTED_EDGE ( 'NONE', *, *, #211, .F. ) ;
#711 = CARTESIAN_POINT ( 'NONE',  ( -1.299038105676659782, 0.7500000000000000000, -2.916666666666180241 ) ) ;
#712 = EDGE_CURVE ( 'NONE', #2463, #1937, #2170, .T. ) ;
#713 = CARTESIAN_POINT ( 'NONE',  ( 1.732050807568876971, 5.808949781783680509E-14, -3.187500000000480505 ) ) ;
#714 = DIRECTION ( 'NONE',  ( 0.8660254037844387076, -0.4999999999999998890, 1.829581234990194672E-15 ) ) ;
#715 = ORIENTED_EDGE ( 'NONE', *, *, #2469, .F. ) ;
#716 = CARTESIAN_POINT ( 'NONE',  ( 1.732050807568876971, 3.405246423804224482E-14, -3.125000000000494715 ) ) ;
#717 = CARTESIAN_POINT ( 'NONE',  ( 0.6579538874621496669, -1.232326985693290800, -0.3330950501446048873 ) ) ;
#718 = ORIENTED_EDGE ( 'NONE', *, *, #2091, .F. ) ;
#719 = CARTESIAN_POINT ( 'NONE',  ( -1.017788105676639798, 0.5876202367903340384, -3.666666666666429819 ) ) ;
#720 = CARTESIAN_POINT ( 'NONE',  ( 0.6785254037844860031, -1.175240473580883682, -3.020833333333595938 ) ) ;
#721 = CARTESIAN_POINT ( 'NONE',  ( -1.732050807568837447, -5.007715329123865620E-14, -4.937500000000102141 ) ) ;
#722 = CARTESIAN_POINT ( 'NONE',  ( -2.750000000000000000, -2.517097203334639696E-14, -8.199999999999588951 ) ) ;
#723 = CARTESIAN_POINT ( 'NONE',  ( -0.6785254037844261621, -1.175240473580828393, -1.104166666666966057 ) ) ;
#724 = CARTESIAN_POINT ( 'NONE',  ( -1.299038105676664001, 0.7500000000000000000, -3.916666666666515528 ) ) ;
#725 =( BOUNDED_CURVE ( )  B_SPLINE_CURVE ( 2, ( #281, #10, #1858, #1349, #2415, #245, #1316, #1334, #3562 ),
 .UNSPECIFIED., .F., .F. ) 
 B_SPLINE_CURVE_WITH_KNOTS ( ( 3, 2, 2, 2, 3 ),
 ( 0.5961538461538470335, 0.6025641025641029769, 0.6153846153846149747, 0.6282051282051279717, 0.6346153846153849143 ),
 .UNSPECIFIED. ) 
 CURVE ( )  GEOMETRIC_REPRESENTATION_ITEM ( )  RATIONAL_B_SPLINE_CURVE ( ( 0.9330127018922189652, 0.9330127018922229620, 1.000000000000000000, 0.8660254037844389297, 1.000000000000000000, 0.8660254037844389297, 1.000000000000000000, 0.9330127018922159676, 0.9330127018922189652 ) ) 
 REPRESENTATION_ITEM ( '' )  );
#726 = CARTESIAN_POINT ( 'NONE',  ( 0.000000000000000000, 0.000000000000000000, 0.000000000000000000 ) ) ;
#727 = CARTESIAN_POINT ( 'NONE',  ( -1.168870028588497201, -0.6274857317442937843, -4.999999999999732658 ) ) ;
#728 = ORIENTED_EDGE ( 'NONE', *, *, #1592, .T. ) ;
#729 = PERSON_AND_ORGANIZATION ( #18446744073709551615, #18446744073709551615 ) ;
#730 = ORIENTED_EDGE ( 'NONE', *, *, #468, .F. ) ;
#731 = CARTESIAN_POINT ( 'NONE',  ( 1.175240473580854372, -0.3149047358083708059, -1.397329099369105210 ) ) ;
#732 = CARTESIAN_POINT ( 'NONE',  ( 1.017788105676639798, -0.5876202367904349577, -1.979166666666420049 ) ) ;
#733 = CARTESIAN_POINT ( 'NONE',  ( -1.734723475976804570E-14, 1.499999999999988010, -1.562500000000000000 ) ) ;
#734 = ADVANCED_FACE ( 'NONE', ( #2708 ), #3519, .T. ) ;
#735 = VERTEX_POINT ( 'NONE', #1827 ) ;
#736 = EDGE_CURVE ( 'NONE', #3415, #1012, #2106, .T. ) ;
#737 = DIRECTION ( 'NONE',  ( -1.000000000000000000, 8.326672684688674053E-16, -2.403703357979455633E-15 ) ) ;
#738 = CARTESIAN_POINT ( 'NONE',  ( 1.500000000000000000, -4.264702897347534573E-14, -4.625000000000110134 ) ) ;
#739 = CARTESIAN_POINT ( 'NONE',  ( 1.357050807568900508, -1.001543065824771767E-14, 0.6249999999999709122 ) ) ;
#740 = CARTESIAN_POINT ( 'NONE',  ( 0.8660254037844233865, 1.499999999999965139, -4.541666666666803742 ) ) ;
#741 = DIRECTION ( 'NONE',  ( 2.150996698587985373E-15, 2.400530044109884714E-17, -1.000000000000000000 ) ) ;
#742 = AXIS2_PLACEMENT_3D ( 'NONE', #3531, #2997, #488 ) ;
#743 = EDGE_CURVE ( 'NONE', #2938, #1203, #252, .T. ) ;
#744 = CARTESIAN_POINT ( 'NONE',  ( 1.175240473580833944, -8.346588265106930416E-16, 2.527938378719355031E-15 ) ) ;
#745 = CARTESIAN_POINT ( 'NONE',  ( -3.469446951953614820E-14, 1.499999999999984013, -3.999999999999725109 ) ) ;
#746 = VECTOR ( 'NONE', #1509, 1000.000000000000000 ) ;
#747 = CARTESIAN_POINT ( 'NONE',  ( -1.299038105676667998, 0.7499999999999730216, -2.479166666666090091 ) ) ;
#748 = CARTESIAN_POINT ( 'NONE',  ( 1.175240473580845713, -3.486133158594715031E-16, -0.9374999999998799849 ) ) ;
#749 = AXIS2_PLACEMENT_3D ( 'NONE', #1828, #408, #1140 ) ;
#750 = AXIS2_PLACEMENT_3D ( 'NONE', #3314, #825, #1919 ) ;
#751 = LINE ( 'NONE', #2336, #683 ) ;
#752 = DIRECTION ( 'NONE',  ( 1.000000000000000000, -8.326672684688679970E-16, 2.150996698587985373E-15 ) ) ;
#753 =( BOUNDED_CURVE ( )  B_SPLINE_CURVE ( 2, ( #2339, #731, #3448, #2302, #690, #3231, #2864, #1789, #2923 ),
 .UNSPECIFIED., .F., .F. ) 
 B_SPLINE_CURVE_WITH_KNOTS ( ( 3, 2, 2, 2, 3 ),
 ( 0.3269230769230769829, 0.3333333333333335369, 0.3461538461538459788, 0.3589743589743589758, 0.3653846153846160294 ),
 .UNSPECIFIED. ) 
 CURVE ( )  GEOMETRIC_REPRESENTATION_ITEM ( )  RATIONAL_B_SPLINE_CURVE ( ( 0.9330127018922189652, 0.9330127018922189652, 1.000000000000000000, 0.8660254037844389297, 1.000000000000000000, 0.8660254037844389297, 1.000000000000000000, 0.9330127018922129700, 0.9330127018922189652 ) ) 
 REPRESENTATION_ITEM ( '' )  );
#754 = ORIENTED_EDGE ( 'NONE', *, *, #1623, .F. ) ;
#755 = CARTESIAN_POINT ( 'NONE',  ( -0.8660254037844673514, 1.499999999999951150, -0.4583333333335384840 ) ) ;
#756 = CARTESIAN_POINT ( 'NONE',  ( 1.732050807568876971, 3.405246423804224482E-14, -3.687500000000481393 ) ) ;
#757 = DIRECTION ( 'NONE',  ( 2.081668171172170091E-15, 2.400530044109889953E-17, -1.000000000000000000 ) ) ;
#758 = CARTESIAN_POINT ( 'NONE',  ( 1.259414212446775316, -0.4955486429837673290, -0.3025902191007306952 ) ) ;
#759 = CARTESIAN_POINT ( 'NONE',  ( 3.469446951953614978E-15, -1.443375672974103852, -7.099999999999829114 ) ) ;
#760 = CARTESIAN_POINT ( 'NONE',  ( 1.175240473580827505, -0.3149047358083330028, -2.959829099369383876 ) ) ;
#761 = CARTESIAN_POINT ( 'NONE',  ( 3.816391647148974346E-14, -1.175240473580821954, -0.4999999999999450440 ) ) ;
#762 = APPROVAL ( #1356, 'Coincident' ) ;
#763 = ADVANCED_FACE ( 'NONE', ( #2460 ), #3573, .T. ) ;
#764 = CARTESIAN_POINT ( 'NONE',  ( -1.175240473580839939, 1.278248824818062079E-15, -4.187499999999935163 ) ) ;
#765 = DIRECTION ( 'NONE',  ( 2.150996698587985373E-15, 2.400530044109884714E-17, -1.000000000000000000 ) ) ;
#766 = CARTESIAN_POINT ( 'NONE',  ( -0.8660254037844384856, 1.500000000000032196, -0.02083333333352038394 ) ) ;
#767 = CARTESIAN_POINT ( 'NONE',  ( -0.6785254037844860031, 1.175240473580853928, -5.708333333333504456 ) ) ;
#768 = EDGE_LOOP ( 'NONE', ( #1272, #2657, #871 ) ) ;
#769 = ORIENTED_EDGE ( 'NONE', *, *, #538, .F. ) ;
#770 = CARTESIAN_POINT ( 'NONE',  ( -0.6785254037844469233, 1.175240473580816403, -0.7708333333335238846 ) ) ;
#771 = EDGE_CURVE ( 'NONE', #288, #102, #1780, .T. ) ;
#772 = CARTESIAN_POINT ( 'NONE',  ( -3.816391647148974346E-14, 1.499999999999946043, -0.5000000000000560663 ) ) ;
#773 = CARTESIAN_POINT ( 'NONE',  ( -1.499999999999980016, -3.846594202489114672E-14, -4.999999999999729994 ) ) ;
#774 = EDGE_CURVE ( 'NONE', #1533, #2764, #2420, .T. ) ;
#775 = CARTESIAN_POINT ( 'NONE',  ( 1.387778780781445991E-14, -1.175240473580849931, -2.562500000000409894 ) ) ;
#776 = CARTESIAN_POINT ( 'NONE',  ( 0.8660254037844152819, 1.500000000000025091, -0.6041666666667712127 ) ) ;
#777 = ORIENTED_EDGE ( 'NONE', *, *, #520, .F. ) ;
#778 = VERTEX_POINT ( 'NONE', #2761 ) ;
#779 = CARTESIAN_POINT ( 'NONE',  ( 1.250000000000000000, -7.373413657649798938E-14, -6.099999999999609734 ) ) ;
#780 = CARTESIAN_POINT ( 'NONE',  ( 1.017788105676673993, -0.5876202367905010160, -4.479166666666534624 ) ) ;
#781 = CARTESIAN_POINT ( 'NONE',  ( 0.8660254037845112052, -1.500000000000052625, -1.708333333333607484 ) ) ;
#782 = CARTESIAN_POINT ( 'NONE',  ( 1.249999999999980016, -0.7216878364870729090, -7.100000000000270539 ) ) ;
#783 = CARTESIAN_POINT ( 'NONE',  ( 1.085398107194467832, -0.8399780956998532666, -0.3142508945111657792 ) ) ;
#784 = EDGE_LOOP ( 'NONE', ( #2360, #2345, #3280 ) ) ;
#785 = DIRECTION ( 'NONE',  ( -1.000000000000000000, 8.326672684688679970E-16, -2.150996698587985373E-15 ) ) ;
#786 = CARTESIAN_POINT ( 'NONE',  ( 1.387778780781445991E-14, -1.175240473580851930, -1.500000000000055067 ) ) ;
#787 = CARTESIAN_POINT ( 'NONE',  ( 1.299038105676650012, -0.7500000000000289768, -2.666666666666759777 ) ) ;
#788 = EDGE_CURVE ( 'NONE', #693, #2764, #3045, .T. ) ;
#789 = CARTESIAN_POINT ( 'NONE',  ( -1.299038105676673993, -0.7500000000000289768, -1.833333333333409865 ) ) ;
#790 = CARTESIAN_POINT ( 'NONE',  ( 0.8660254037844555830, -1.500000000000036637, -1.770833333333594606 ) ) ;
#791 = CARTESIAN_POINT ( 'NONE',  ( -1.017788105676611821, 0.5876202367903899937, -3.729166666666504870 ) ) ;
#792 = AXIS2_PLACEMENT_3D ( 'NONE', #573, #2283, #3397 ) ;
#793 = CARTESIAN_POINT ( 'NONE',  ( 1.017788105676639798, -0.5876202367904319601, -2.479166666666754892 ) ) ;
#794 = EDGE_CURVE ( 'NONE', #2266, #2417, #2722, .T. ) ;
#795 = CARTESIAN_POINT ( 'NONE',  ( 2.081668171172170091E-14, -1.500000000000000000, 0.1875000000001179890 ) ) ;
#796 = PLANE ( 'NONE',  #616 ) ;
#797 = VECTOR ( 'NONE', #3276, 1000.000000000000000 ) ;
#798 = CARTESIAN_POINT ( 'NONE',  ( -1.249999999999996891, -0.4277334163331674710, -8.377782601326432044 ) ) ;
#799 = ORIENTED_EDGE ( 'NONE', *, *, #3313, .F. ) ;
#800 = AXIS2_PLACEMENT_3D ( 'NONE', #1092, #3035, #2484 ) ;
#801 = EDGE_CURVE ( 'NONE', #1203, #3368, #1504, .T. ) ;
#802 = CARTESIAN_POINT ( 'NONE',  ( -1.249999999999997335, 0.4816413413922071007, -8.391886294592801221 ) ) ;
#803 = CARTESIAN_POINT ( 'NONE',  ( 1.175240473580823952, -1.045839947578414016E-15, -4.874999999999830358 ) ) ;
#804 = ORIENTED_EDGE ( 'NONE', *, *, #1155, .T. ) ;
#805 = AXIS2_PLACEMENT_3D ( 'NONE', #238, #2438, #3551 ) ;
#806 = AXIS2_PLACEMENT_3D ( 'NONE', #2912, #1512, #1474 ) ;
#807 = APPROVAL_STATUS ( 'not_yet_approved' ) ;
#808 = FACE_OUTER_BOUND ( 'NONE', #1764, .T. ) ;
#809 = CARTESIAN_POINT ( 'NONE',  ( -1.500000000000000000, -4.322805116657449912E-14, -3.374999999999910294 ) ) ;
#810 = CARTESIAN_POINT ( 'NONE',  ( 0.6785254037844469233, 1.175240473580823730, -0.3541666666665134189 ) ) ;
#811 = VERTEX_POINT ( 'NONE', #2795 ) ;
#812 = CARTESIAN_POINT ( 'NONE',  ( 0.1658999800111189971, 1.255119485219878372, -0.2228748181092615466 ) ) ;
#813 = CARTESIAN_POINT ( 'NONE',  ( 0.6785254037843982955, 1.175240473580774880, -1.791666666666534180 ) ) ;
#814 = CARTESIAN_POINT ( 'NONE',  ( 2.775557561562889773E-14, -1.500000000000045075, -4.750000000000000000 ) ) ;
#815 = CARTESIAN_POINT ( 'NONE',  ( 1.500000000000009770, 0.4019237886466762166, -1.102670900630963180 ) ) ;
#816 = CARTESIAN_POINT ( 'NONE',  ( -0.8660254037844707931, -1.499999999999978684, -1.291666666666853480 ) ) ;
#817 = EDGE_CURVE ( 'NONE', #2378, #431, #1389, .T. ) ;
#818 = CARTESIAN_POINT ( 'NONE',  ( 1.175240473580833944, -8.346588265106930416E-16, 2.527938378719355031E-15 ) ) ;
#819 = DIRECTION ( 'NONE',  ( -1.892425610156515002E-15, -2.400530044118764946E-17, 1.000000000000000000 ) ) ;
#820 = CARTESIAN_POINT ( 'NONE',  ( 1.732050807568876971, 1.001543065824771767E-14, -0.6875000000005327960 ) ) ;
#821 = CYLINDRICAL_SURFACE ( 'NONE', #1040, 1.500000000000000000 ) ;
#822 = EDGE_LOOP ( 'NONE', ( #688, #664, #709 ) ) ;
#823 =( BOUNDED_CURVE ( )  B_SPLINE_CURVE ( 2, ( #1699, #1443, #1027, #1318, #2142, #2162, #2666, #869, #246 ),
 .UNSPECIFIED., .F., .F. ) 
 B_SPLINE_CURVE_WITH_KNOTS ( ( 3, 2, 2, 2, 3 ),
 ( 0.6346153846153849143, 0.6410256410256410797, 0.6538461538461540767, 0.6666666666666670737, 0.6730769230769240163 ),
 .UNSPECIFIED. ) 
 CURVE ( )  GEOMETRIC_REPRESENTATION_ITEM ( )  RATIONAL_B_SPLINE_CURVE ( ( 0.9330127018922189652, 0.9330127018922219628, 1.000000000000000000, 0.8660254037844389297, 1.000000000000000000, 0.8660254037844389297, 1.000000000000000000, 0.9330127018922149684, 0.9330127018922189652 ) ) 
 REPRESENTATION_ITEM ( '' )  );
#824 = CARTESIAN_POINT ( 'NONE',  ( -1.397671204003087864, 0.5445320977688069553, -0.4052517832093814887 ) ) ;
#825 = DIRECTION ( 'NONE',  ( 2.150996698587985373E-15, 2.400530044109884714E-17, -1.000000000000000000 ) ) ;
#826 = ORIENTED_EDGE ( 'NONE', *, *, #3388, .F. ) ;
#827 = EDGE_CURVE ( 'NONE', #26, #467, #1370, .T. ) ;
#828 = CARTESIAN_POINT ( 'NONE',  ( 3.816391647148974346E-14, -1.500000000000000000, -3.750000000000084821 ) ) ;
#829 = CARTESIAN_POINT ( 'NONE',  ( -0.9249378446049256741, -1.144058502550505230, -0.3843678420343317192 ) ) ;
#830 = CARTESIAN_POINT ( 'NONE',  ( 1.017788105676679988, -0.5876202367904730384, -4.916666666666629659 ) ) ;
#831 = ORIENTED_EDGE ( 'NONE', *, *, #2587, .F. ) ;
#832 = CARTESIAN_POINT ( 'NONE',  ( -1.017788105676639798, -0.5876202367904610480, -1.083333333333492021 ) ) ;
#833 = CARTESIAN_POINT ( 'NONE',  ( 1.250000000000000000, -7.374613922671858222E-14, -6.099999999999609734 ) ) ;
#834 = CARTESIAN_POINT ( 'NONE',  ( 0.8660254037844384856, 1.500000000000029754, -2.541666666666794860 ) ) ;
#835 = DIRECTION ( 'NONE',  ( -3.647064326199800396E-15, 2.400530044110370049E-17, -1.000000000000000000 ) ) ;
#836 = CARTESIAN_POINT ( 'NONE',  ( 1.017788105676649790, -0.5876202367904319601, -3.979166666666590135 ) ) ;
#837 = DIRECTION ( 'NONE',  ( -2.035861913979385135E-15, 0.000000000000000000, 1.000000000000000000 ) ) ;
#838 = DIRECTION ( 'NONE',  ( 1.000000000000000000, -8.326672684688661234E-16, 2.312964634635742661E-15 ) ) ;
#839 = CARTESIAN_POINT ( 'NONE',  ( -1.249999999999996891, -0.2457284472016681154, -8.324641778237690914 ) ) ;
#840 = CARTESIAN_POINT ( 'NONE',  ( -1.017788105676656008, -0.5876202367904730384, -3.645833333333180271 ) ) ;
#841 = ORIENTED_EDGE ( 'NONE', *, *, #2994, .T. ) ;
#842 = LINE ( 'NONE', #501, #499 ) ;
#843 = FACE_OUTER_BOUND ( 'NONE', #1545, .T. ) ;
#844 = CARTESIAN_POINT ( 'NONE',  ( -1.500000000000000222, -4.154308680658704391E-14, -1.375000000000000000 ) ) ;
#845 = ORIENTED_EDGE ( 'NONE', *, *, #1222, .T. ) ;
#846 = DIRECTION ( 'NONE',  ( -2.144897242475215084E-15, -2.400530044109884714E-17, 1.000000000000000000 ) ) ;
#847 =( BOUNDED_CURVE ( )  B_SPLINE_CURVE ( 2, ( #1989, #3117, #1712, #2520, #337, #3139, #598, #2506, #622 ),
 .UNSPECIFIED., .F., .T. ) 
 B_SPLINE_CURVE_WITH_KNOTS ( ( 3, 2, 2, 2, 3 ),
 ( 0.1730769230769229894, 0.1794871794871795156, 0.1923076923076925127, 0.2051282051282049823, 0.2115384615384620082 ),
 .UNSPECIFIED. ) 
 CURVE ( )  GEOMETRIC_REPRESENTATION_ITEM ( )  RATIONAL_B_SPLINE_CURVE ( ( 0.9330127018922189652, 0.9330127018922199644, 1.000000000000000000, 0.8660254037844389297, 1.000000000000000000, 0.8660254037844389297, 1.000000000000000000, 0.9330127018922169668, 0.9330127018922189652 ) ) 
 REPRESENTATION_ITEM ( '' )  );
#848 = CARTESIAN_POINT ( 'NONE',  ( -1.175240473580825951, 1.452555482747800050E-15, -1.187500000000256017 ) ) ;
#849 = EDGE_CURVE ( 'NONE', #3259, #374, #1875, .T. ) ;
#850 = ORIENTED_EDGE ( 'NONE', *, *, #1050, .T. ) ;
#851 = CARTESIAN_POINT ( 'NONE',  ( 1.296265018105364542, 0.07580141867372026943, -4.999999999999727329 ) ) ;
#852 = CARTESIAN_POINT ( 'NONE',  ( 1.499999999999997335, 0.4019237886466693332, -2.602670900630668971 ) ) ;
#853 = EDGE_CURVE ( 'NONE', #2845, #3053, #1616, .T. ) ;
#854 = CARTESIAN_POINT ( 'NONE',  ( -0.6785254037844307140, -1.175240473580851264, -2.541666666666921870 ) ) ;
#855 = DIRECTION ( 'NONE',  ( -2.312964634635745422E-15, -2.400530044109874854E-17, 1.000000000000000000 ) ) ;
#856 = CARTESIAN_POINT ( 'NONE',  ( -0.6785254037844340447, -1.175240473580795753, -4.104166666666915653 ) ) ;
#857 = CARTESIAN_POINT ( 'NONE',  ( 2.081668171172170091E-14, -1.175240473580835943, -5.562500000000079936 ) ) ;
#858 = DIRECTION ( 'NONE',  ( -1.000000000000000000, -1.515454428613335207E-14, -1.892425610156516974E-15 ) ) ;
#859 = CARTESIAN_POINT ( 'NONE',  ( 1.175240473580841938, -3.486133158594715031E-16, -3.437499999999889866 ) ) ;
#860 = CARTESIAN_POINT ( 'NONE',  ( 3.469446951953614978E-15, -1.443375672974103852, -7.099999999999829114 ) ) ;
#861 = ORIENTED_EDGE ( 'NONE', *, *, #2897, .F. ) ;
#862 = AXIS2_PLACEMENT_3D ( 'NONE', #3270, #3299, #25 ) ;
#863 = CARTESIAN_POINT ( 'NONE',  ( 0.8660254037844072883, 1.499999999999944267, -3.604166666666787755 ) ) ;
#864 = CARTESIAN_POINT ( 'NONE',  ( 1.499999999999996003, 0.4019237886466528464, -2.165170900630939421 ) ) ;
#865 = VERTEX_POINT ( 'NONE', #2261 ) ;
#866 = ORIENTED_EDGE ( 'NONE', *, *, #161, .F. ) ;
#867 = CONICAL_SURFACE ( 'NONE', #2596, 1.443375672974063884, 0.7853981633974503884 ) ;
#868 = CARTESIAN_POINT ( 'NONE',  ( -1.500000000000000222, -3.765023811282295349E-14, -3.875000000000064837 ) ) ;
#869 = CARTESIAN_POINT ( 'NONE',  ( -1.175240473580855260, -0.3149047358083588155, -3.665170900630767559 ) ) ;
#870 = AXIS2_PLACEMENT_3D ( 'NONE', #3126, #611, #3160 ) ;
#871 = ORIENTED_EDGE ( 'NONE', *, *, #2145, .T. ) ;
#872 = CARTESIAN_POINT ( 'NONE',  ( 6.938893903907229955E-15, -2.775557561562889773E-14, -8.499999999999559464 ) ) ;
#873 = CARTESIAN_POINT ( 'NONE',  ( 1.249999999999961142, 0.6604893826231280629, -8.469400773067507160 ) ) ;
#874 = CARTESIAN_POINT ( 'NONE',  ( 1.175240473580837941, -1.743066579297359981E-15, -2.437499999999885425 ) ) ;
#875 = EDGE_CURVE ( 'NONE', #985, #290, #2580, .T. ) ;
#876 = CARTESIAN_POINT ( 'NONE',  ( 1.175240473580824396, 0.3149047358083537085, -1.915170900630626116 ) ) ;
#877 = DIRECTION ( 'NONE',  ( -1.000000000000000000, 8.326672684688674053E-16, -2.403703357979455633E-15 ) ) ;
#878 = CARTESIAN_POINT ( 'NONE',  ( -1.500000000000000222, -3.997432688521939665E-14, -0.8750000000000000000 ) ) ;
#879 = CARTESIAN_POINT ( 'NONE',  ( -1.499999999999984013, -4.276323341209519156E-14, -3.937500000000000000 ) ) ;
#880 = ORIENTED_EDGE ( 'NONE', *, *, #933, .T. ) ;
#881 = ORIENTED_EDGE ( 'NONE', *, *, #377, .T. ) ;
#882 = CARTESIAN_POINT ( 'NONE',  ( 1.499999999999991562, 0.4019237886466491272, -3.602670900630611239 ) ) ;
#883 = DIRECTION ( 'NONE',  ( 2.207829878515935155E-15, 2.400530044109879784E-17, -1.000000000000000000 ) ) ;
#884 = PERSON_AND_ORGANIZATION ( #18446744073709551615, #18446744073709551615 ) ;
#885 = LINE ( 'NONE', #1147, #1030 ) ;
#886 = CARTESIAN_POINT ( 'NONE',  ( -1.157159220092087049, -0.9286865657026319720, -0.3936963168644803113 ) ) ;
#887 = EDGE_CURVE ( 'NONE', #1365, #2196, #2244, .T. ) ;
#888 = ORIENTED_EDGE ( 'NONE', *, *, #1824, .F. ) ;
#889 = CARTESIAN_POINT ( 'NONE',  ( -1.199311964632113980, -0.09280137074809270692, -0.1965840438947654978 ) ) ;
#890 = CARTESIAN_POINT ( 'NONE',  ( -1.500000000000000000, -4.072965573624824305E-14, -1.437500000000013989 ) ) ;
#891 = CARTESIAN_POINT ( 'NONE',  ( 1.299038105676630028, 0.7499999999999891198, -2.583333333332769932 ) ) ;
#892 = CARTESIAN_POINT ( 'NONE',  ( -0.8660254037844152819, -1.499999999999994893, -3.791666666666802854 ) ) ;
#893 = CARTESIAN_POINT ( 'NONE',  ( -0.6785254037844387076, -1.175240473580795753, -4.041666666666929864 ) ) ;
#894 = CARTESIAN_POINT ( 'NONE',  ( -6.938893903907229955E-15, -7.285838599102588534E-14, -6.099999999999609734 ) ) ;
#895 = CARTESIAN_POINT ( 'NONE',  ( -1.175240473580837941, 3.079417623425334520E-15, -2.125000000000225153 ) ) ;
#896 = FACE_BOUND ( 'NONE', #2819, .T. ) ;
#897 = CARTESIAN_POINT ( 'NONE',  ( 1.017788105676649790, 0.5876202367903730073, -4.395833333332874737 ) ) ;
#898 = CARTESIAN_POINT ( 'NONE',  ( -1.357050807568861428, -5.608641168618726945E-14, -2.625000000000234035 ) ) ;
#899 = CARTESIAN_POINT ( 'NONE',  ( 2.081668171172170091E-14, -3.989863994746654424E-14, -4.999999999999729994 ) ) ;
#900 = ORIENTED_EDGE ( 'NONE', *, *, #2375, .T. ) ;
#901 = CARTESIAN_POINT ( 'NONE',  ( 3.816391647148974346E-14, -1.175240473580821954, -2.500000000000334843 ) ) ;
#902 = ORIENTED_EDGE ( 'NONE', *, *, #3247, .F. ) ;
#903 = DATE_AND_TIME ( #1978, #1610 ) ;
#904 = DIRECTION ( 'NONE',  ( 2.150996698587985373E-15, 2.400530044109884714E-17, -1.000000000000000000 ) ) ;
#905 = DIRECTION ( 'NONE',  ( -1.000000000000000000, 8.326672684688679970E-16, -2.150996698587985373E-15 ) ) ;
#906 = CARTESIAN_POINT ( 'NONE',  ( 1.500000000000001332, -0.4019237886466824339, -2.147329099369541527 ) ) ;
#907 = CARTESIAN_POINT ( 'NONE',  ( 1.017788105676620036, 0.5876202367903899937, -0.8333333333331309767 ) ) ;
#908 = CARTESIAN_POINT ( 'NONE',  ( 1.500000000000000000, -3.985812244659959501E-14, -3.687500000000144773 ) ) ;
#909 = CARTESIAN_POINT ( 'NONE',  ( -1.017788105676679988, 0.5876202367903340384, -5.166666666666490215 ) ) ;
#910 = ORIENTED_EDGE ( 'NONE', *, *, #3576, .F. ) ;
#911 = AXIS2_PLACEMENT_3D ( 'NONE', #3193, #1277, #2083 ) ;
#912 = CARTESIAN_POINT ( 'NONE',  ( -0.6785254037844261621, -1.175240473580828393, -1.604166666666967611 ) ) ;
#913 = ORIENTED_EDGE ( 'NONE', *, *, #3273, .T. ) ;
#914 = AXIS2_PLACEMENT_3D ( 'NONE', #2300, #1749, #370 ) ;
#915 = CARTESIAN_POINT ( 'NONE',  ( -1.175240473580825951, 1.452555482747800050E-15, -1.187500000000256017 ) ) ;
#916 = CARTESIAN_POINT ( 'NONE',  ( 0.8660254037844384856, 1.499999999999983347, -1.041666666666788421 ) ) ;
#917 = VECTOR ( 'NONE', #3204, 1000.000000000000000 ) ;
#918 = AXIS2_PLACEMENT_3D ( 'NONE', #2797, #2518, #1463 ) ;
#919 = CARTESIAN_POINT ( 'NONE',  ( 1.017788105676687982, -0.5876202367904730384, -1.479166666666476004 ) ) ;
#920 = CARTESIAN_POINT ( 'NONE',  ( 1.175240473580833722, 2.556497649636124948E-15, -3.874999999999825029 ) ) ;
#921 = CARTESIAN_POINT ( 'NONE',  ( -0.8660254037844384856, -1.499999999999997558, -3.854166666666781982 ) ) ;
#922 = DIRECTION ( 'NONE',  ( -1.000000000000000000, 8.326672684688692789E-16, -2.081668171172168513E-15 ) ) ;
#923 = CARTESIAN_POINT ( 'NONE',  ( -1.299038105676630028, -0.7500000000000980327, -2.333333333333464932 ) ) ;
#924 = CARTESIAN_POINT ( 'NONE',  ( 1.040834085586083941E-14, -1.175240473580851930, -1.562500000000000000 ) ) ;
#925 = CARTESIAN_POINT ( 'NONE',  ( 1.500000000000008438, -0.4019237886466821008, -3.209829099369546856 ) ) ;
#926 = CARTESIAN_POINT ( 'NONE',  ( 1.017788105676656008, 0.5876202367903480273, -2.395833333332875181 ) ) ;
#927 = ADVANCED_FACE ( 'NONE', ( #1759 ), #403, .T. ) ;
#928 = CARTESIAN_POINT ( 'NONE',  ( -2.775557561562889773E-14, 1.175240473580805967, -1.749999999999805045 ) ) ;
#929 = CARTESIAN_POINT ( 'NONE',  ( -0.6785254037844307140, -1.175240473580851264, -3.541666666666928975 ) ) ;
#930 = ORIENTED_EDGE ( 'NONE', *, *, #712, .F. ) ;
#931 = VERTEX_POINT ( 'NONE', #940 ) ;
#932 = CARTESIAN_POINT ( 'NONE',  ( -1.500000000000002220, 0.4019237886466420218, -1.459829099369228667 ) ) ;
#933 = EDGE_CURVE ( 'NONE', #1896, #2378, #3127, .T. ) ;
#934 = CARTESIAN_POINT ( 'NONE',  ( 0.8660254037844752339, -1.499999999999956035, -3.270833333333602599 ) ) ;
#935 = ORIENTED_EDGE ( 'NONE', *, *, #2464, .F. ) ;
#936 = CARTESIAN_POINT ( 'NONE',  ( 0.6785254037844387076, 1.175240473580816403, -1.354166666666519303 ) ) ;
#937 = CARTESIAN_POINT ( 'NONE',  ( -3.469446951953614820E-14, 1.499999999999920064, 0.4999999999998340217 ) ) ;
#938 =( BOUNDED_CURVE ( )  B_SPLINE_CURVE ( 2, ( #3419, #932, #1771, #414, #2908, #372, #2101, #395, #2925 ),
 .UNSPECIFIED., .F., .T. ) 
 B_SPLINE_CURVE_WITH_KNOTS ( ( 3, 2, 2, 2, 3 ),
 ( 0.3653846153846155298, 0.3717948717948720283, 0.3846153846153845257, 0.3974358974358974672, 0.4038461538461544653 ),
 .UNSPECIFIED. ) 
 CURVE ( )  GEOMETRIC_REPRESENTATION_ITEM ( )  RATIONAL_B_SPLINE_CURVE ( ( 0.9330127018922189652, 0.9330127018922199644, 1.000000000000000000, 0.8660254037844389297, 1.000000000000000000, 0.8660254037844389297, 1.000000000000000000, 0.9330127018922149684, 0.9330127018922189652 ) ) 
 REPRESENTATION_ITEM ( '' )  );
#939 = CARTESIAN_POINT ( 'NONE',  ( -1.017788105676646015, -0.5876202367904750368, -4.645833333333070136 ) ) ;
#940 = CARTESIAN_POINT ( 'NONE',  ( -1.175240473580821954, -3.486133158594715031E-16, -3.187500000000000000 ) ) ;
#941 = CARTESIAN_POINT ( 'NONE',  ( -1.253764808134933739, 3.486133158594715031E-16, -0.2328360456929425004 ) ) ;
#942 = CARTESIAN_POINT ( 'NONE',  ( -2.081668171172170091E-14, 1.175240473580791978, -4.749999999999750422 ) ) ;
#943 = ORIENTED_EDGE ( 'NONE', *, *, #20, .F. ) ;
#944 = EDGE_LOOP ( 'NONE', ( #2445, #3399, #371 ) ) ;
#945 = CARTESIAN_POINT ( 'NONE',  ( -1.499999999999993561, 0.4019237886466435761, -1.897329099369195138 ) ) ;
#946 = ORIENTED_EDGE ( 'NONE', *, *, #173, .F. ) ;
#947 = FACE_OUTER_BOUND ( 'NONE', #2679, .T. ) ;
#948 = DIRECTION ( 'NONE',  ( 2.150996698587985373E-15, 2.400530044109884714E-17, -1.000000000000000000 ) ) ;
#949 = CARTESIAN_POINT ( 'NONE',  ( -1.299038105676659782, -0.7500000000000740519, -0.8333333333334079773 ) ) ;
#950 = ORIENTED_EDGE ( 'NONE', *, *, #1567, .F. ) ;
#951 = CARTESIAN_POINT ( 'NONE',  ( -1.500000000000000222, -3.625578484938504973E-14, -4.375000000000000000 ) ) ;
#952 = CARTESIAN_POINT ( 'NONE',  ( -4.510281037539699708E-14, 1.499999999999932054, -4.062499999999804601 ) ) ;
#954 = EDGE_CURVE ( 'NONE', #1525, #258, #3408, .T. ) ;
#953 = CARTESIAN_POINT ( 'NONE',  ( -1.732050807568853656, -7.010801460773411994E-14, -5.375000000000116351 ) ) ;
#955 = CARTESIAN_POINT ( 'NONE',  ( -1.499999999999986899, -0.4019237886467431631, -4.415170900630897677 ) ) ;
#956 = CARTESIAN_POINT ( 'NONE',  ( -1.299038105676664001, 0.7500000000000000000, -3.416666666666125174 ) ) ;
#957 = CARTESIAN_POINT ( 'NONE',  ( 1.249999999999976019, 0.7216878364870169538, -8.499999999999339195 ) ) ;
#958 = CARTESIAN_POINT ( 'NONE',  ( 2.081668171172170091E-14, -3.989863994746654424E-14, -4.999999999999729994 ) ) ;
#959 = CARTESIAN_POINT ( 'NONE',  ( 1.249999999999980016, -0.7216878364870729090, -7.100000000000270539 ) ) ;
#960 = EDGE_CURVE ( 'NONE', #1015, #1360, #2625, .T. ) ;
#961 = FACE_OUTER_BOUND ( 'NONE', #1487, .T. ) ;
#962 = CARTESIAN_POINT ( 'NONE',  ( -1.357050807568893847, -8.412961752928087577E-14, -5.625000000000255795 ) ) ;
#963 = DIRECTION ( 'NONE',  ( 1.000000000000000000, -8.326672684688661234E-16, 2.312964634635742661E-15 ) ) ;
#964 = ORIENTED_EDGE ( 'NONE', *, *, #3362, .T. ) ;
#965 = ORIENTED_EDGE ( 'NONE', *, *, #2100, .T. ) ;
#966 = FACE_OUTER_BOUND ( 'NONE', #2271, .T. ) ;
#967 = CARTESIAN_POINT ( 'NONE',  ( -1.017788105676687982, -0.5876202367904420631, -0.6458333333335120052 ) ) ;
#968 = CARTESIAN_POINT ( 'NONE',  ( -0.8660254037844556940, 1.499999999999997558, -3.020833333333532877 ) ) ;
#969 = ORIENTED_EDGE ( 'NONE', *, *, #981, .T. ) ;
#970 = CARTESIAN_POINT ( 'NONE',  ( 1.175240473580827949, -1.743066579297359981E-15, -4.937499999999799272 ) ) ;
#971 = AXIS2_PLACEMENT_3D ( 'NONE', #2055, #176, #2973 ) ;
#972 = DIRECTION ( 'NONE',  ( 0.8191520442889940190, -5.679950275929100336E-16, -0.5735764363510429398 ) ) ;
#973 = VECTOR ( 'NONE', #1972, 999.9999999999998863 ) ;
#974 = ORIENTED_EDGE ( 'NONE', *, *, #359, .F. ) ;
#975 = CARTESIAN_POINT ( 'NONE',  ( -4.163336342344334502E-14, 1.499999999999984013, -4.499999999999670486 ) ) ;
#976 = CARTESIAN_POINT ( 'NONE',  ( -1.299038105676677990, 0.7499999999999870104, -4.479166666666314356 ) ) ;
#977 = AXIS2_PLACEMENT_3D ( 'NONE', #1807, #2310, #424 ) ;
#978 = AXIS2_PLACEMENT_3D ( 'NONE', #2614, #97, #1230 ) ;
#979 = CARTESIAN_POINT ( 'NONE',  ( -1.500000000000000222, -3.933520247281039608E-14, -0.9375000000000139888 ) ) ;
#980 = AXIS2_PLACEMENT_3D ( 'NONE', #1210, #2571, #3150 ) ;
#981 = EDGE_CURVE ( 'NONE', #811, #2057, #1118, .T. ) ;
#982 = DIRECTION ( 'NONE',  ( 1.000000000000000000, -8.326672684688661234E-16, 2.312964634635742661E-15 ) ) ;
#983 = DIRECTION ( 'NONE',  ( 3.647064326199800396E-15, -2.400530044110370049E-17, 1.000000000000000000 ) ) ;
#984 = CARTESIAN_POINT ( 'NONE',  ( 0.6785254037844697939, -1.175240473580812184, -5.458333333333561299 ) ) ;
#985 = VERTEX_POINT ( 'NONE', #1535 ) ;
#986 = EDGE_LOOP ( 'NONE', ( #1072, #2204, #2618, #1054 ) ) ;
#987 = CARTESIAN_POINT ( 'NONE',  ( -1.299038105676656008, 0.7499999999999870104, -4.916666666666400509 ) ) ;
#988 = CARTESIAN_POINT ( 'NONE',  ( 1.500000000000000222, -4.055534907831854373E-14, -2.125000000000255351 ) ) ;
#989 = CARTESIAN_POINT ( 'NONE',  ( 1.732050807568876971, 3.405246423804224482E-14, -2.687500000000480060 ) ) ;
#990 = ORIENTED_EDGE ( 'NONE', *, *, #388, .F. ) ;
#991 = CARTESIAN_POINT ( 'NONE',  ( -1.017788105676656008, -0.5876202367904730384, -2.145833333333460047 ) ) ;
#992 = CARTESIAN_POINT ( 'NONE',  ( 1.299038105676654009, -0.7500000000000289768, -0.6666666666667040442 ) ) ;
#993 = EDGE_CURVE ( 'NONE', #1598, #3351, #3002, .T. ) ;
#994 = CARTESIAN_POINT ( 'NONE',  ( -1.249999999999997335, 0.2610807870343376247, -8.333097098679502324 ) ) ;
#995 = CARTESIAN_POINT ( 'NONE',  ( -1.357050807568874973, -5.408332555453773380E-14, -0.1875000000002733369 ) ) ;
#996 = CARTESIAN_POINT ( 'NONE',  ( 1.500000000000000222, -4.264702897347534573E-14, -4.625000000000110134 ) ) ;
#997 = CARTESIAN_POINT ( 'NONE',  ( -0.8660254037844233865, -1.500000000000001554, -4.354166666666789531 ) ) ;
#998 = CARTESIAN_POINT ( 'NONE',  ( 6.938893903907229955E-15, 1.175240473580738021, -2.749999999999754863 ) ) ;
#999 = CARTESIAN_POINT ( 'NONE',  ( -1.017788105676664001, -0.5876202367904910240, -1.645833333333514892 ) ) ;
#1000 = CARTESIAN_POINT ( 'NONE',  ( 1.175240473580845713, -3.486133158594715031E-16, -0.9374999999998799849 ) ) ;
#1001 = PLANE ( 'NONE',  #3359 ) ;
#1002 = CARTESIAN_POINT ( 'NONE',  ( -6.938893903907229955E-15, -7.285838599102588534E-14, -6.099999999999609734 ) ) ;
#1003 = EDGE_CURVE ( 'NONE', #26, #583, #149, .T. ) ;
#1004 = FACE_OUTER_BOUND ( 'NONE', #2023, .T. ) ;
#1005 = CARTESIAN_POINT ( 'NONE',  ( -1.266071014197973410, -0.4502932265526770061, -4.999999999999731770 ) ) ;
#1006 = ORIENTED_EDGE ( 'NONE', *, *, #827, .F. ) ;
#1007 =( BOUNDED_CURVE ( )  B_SPLINE_CURVE ( 2, ( #3078, #2497, #3375 ),
 .UNSPECIFIED., .F., .F. ) 
 B_SPLINE_CURVE_WITH_KNOTS ( ( 3, 3 ),
 ( 0.2067219070742919995, 0.2115384615384615086 ),
 .UNSPECIFIED. ) 
 CURVE ( )  GEOMETRIC_REPRESENTATION_ITEM ( )  RATIONAL_B_SPLINE_CURVE ( ( 0.9708320996591920382, 0.9330127018922209636, 0.9330127018922189652 ) ) 
 REPRESENTATION_ITEM ( '' )  );
#1008 = ORIENTED_EDGE ( 'NONE', *, *, #2692, .F. ) ;
#1009 = CARTESIAN_POINT ( 'NONE',  ( -1.500000000000000222, -3.765023811282295349E-14, -0.4375000000000109357 ) ) ;
#1010 = CARTESIAN_POINT ( 'NONE',  ( -0.6785254037844065111, -1.175240473580736023, -4.541666666666931640 ) ) ;
#1011 = CARTESIAN_POINT ( 'NONE',  ( -1.299038105676630028, -0.7500000000000440759, -1.395833333333319937 ) ) ;
#1012 = VERTEX_POINT ( 'NONE', #700 ) ;
#1013 = CARTESIAN_POINT ( 'NONE',  ( 1.004604775383595827, -0.9402320908233772201, -0.3183079596039898873 ) ) ;
#1014 = DIRECTION ( 'NONE',  ( 2.150996698587985373E-15, 2.400530044109884714E-17, -1.000000000000000000 ) ) ;
#1015 = VERTEX_POINT ( 'NONE', #2071 ) ;
#1016 = CARTESIAN_POINT ( 'NONE',  ( -1.500000000000000222, -4.043914463969869160E-14, -2.437499999999944933 ) ) ;
#1017 = CYLINDRICAL_SURFACE ( 'NONE', #3460, 1.500000000000000000 ) ;
#1018 = CARTESIAN_POINT ( 'NONE',  ( -1.299038105676683985, 0.7499999999999000799, -4.979166666666479557 ) ) ;
#1019 = FACE_OUTER_BOUND ( 'NONE', #1234, .T. ) ;
#1020 = DIRECTION ( 'NONE',  ( 1.000000000000000000, -8.326672684688686872E-16, 1.892425610156516974E-15 ) ) ;
#1021 = CARTESIAN_POINT ( 'NONE',  ( 1.499999999999991562, 0.4019237886466743293, -2.665170900630582373 ) ) ;
#1022 = CARTESIAN_POINT ( 'NONE',  ( -1.732050807568876971, -4.607098102793951549E-14, -0.9375000000001485478 ) ) ;
#1023 = CARTESIAN_POINT ( 'NONE',  ( -1.024771563194747159, -0.8045242094697483415, -4.999999999999732658 ) ) ;
#1024 = CARTESIAN_POINT ( 'NONE',  ( 0.000000000000000000, 0.000000000000000000, 0.000000000000000000 ) ) ;
#1025 = ORIENTED_EDGE ( 'NONE', *, *, #1138, .T. ) ;
#1026 = EDGE_CURVE ( 'NONE', #448, #1012, #3021, .T. ) ;
#1027 = CARTESIAN_POINT ( 'NONE',  ( 1.017788105676641797, -0.5876202367904319601, -3.479166666666865027 ) ) ;
#1028 = ORIENTED_EDGE ( 'NONE', *, *, #2854, .F. ) ;
#1029 = CARTESIAN_POINT ( 'NONE',  ( 1.299038105676669996, 0.7499999999999289457, -5.145833333332570980 ) ) ;
#1030 = VECTOR ( 'NONE', #2233, 1000.000000000000000 ) ;
#1031 = CARTESIAN_POINT ( 'NONE',  ( 0.8660254037844790087, -1.500000000000015765, -2.208333333333609705 ) ) ;
#1032 = CARTESIAN_POINT ( 'NONE',  ( -1.017788105676639798, -0.5876202367904579393, -4.145833333332904935 ) ) ;
#1033 = CARTESIAN_POINT ( 'NONE',  ( -2.081668171172170091E-14, 1.443375672974021917, -7.099999999999389466 ) ) ;
#1034 = AXIS2_PLACEMENT_3D ( 'NONE', #247, #2807, #2548 ) ;
#1035 = CARTESIAN_POINT ( 'NONE',  ( -1.357050807568851880, -5.408332555453773380E-14, -2.687500000000219824 ) ) ;
#1036 = DIRECTION ( 'NONE',  ( -1.000000000000000000, 8.326672684688669123E-16, -2.081668171172168513E-15 ) ) ;
#1037 = CARTESIAN_POINT ( 'NONE',  ( 1.732050807568876971, 5.608641168618726945E-14, 0.3124999999994727551 ) ) ;
#1038 = CARTESIAN_POINT ( 'NONE',  ( -1.500000000000000000, -3.950950913074015220E-14, -4.437500000000000000 ) ) ;
#1039 = ADVANCED_FACE ( 'NONE', ( #1872 ), #1303, .F. ) ;
#1040 = AXIS2_PLACEMENT_3D ( 'NONE', #1372, #2227, #240 ) ;
#1041 = CARTESIAN_POINT ( 'NONE',  ( 0.000000000000000000, 1.175240473580734024, -5.249999999999699796 ) ) ;
#1042 = ORIENTED_EDGE ( 'NONE', *, *, #3337, .T. ) ;
#1043 = ORIENTED_EDGE ( 'NONE', *, *, #1824, .T. ) ;
#1044 = CARTESIAN_POINT ( 'NONE',  ( 6.938893903907229955E-15, 1.175240473580821954, -0.2499999999998614997 ) ) ;
#1045 = EDGE_CURVE ( 'NONE', #3557, #3467, #477, .T. ) ;
#1046 = CARTESIAN_POINT ( 'NONE',  ( 0.2125068267764304297, -1.402532898406561701, -0.3482118040658401803 ) ) ;
#1047 = ORIENTED_EDGE ( 'NONE', *, *, #1790, .F. ) ;
#1048 = CARTESIAN_POINT ( 'NONE',  ( 0.000000000000000000, 0.000000000000000000, 0.000000000000000000 ) ) ;
#1049 = CARTESIAN_POINT ( 'NONE',  ( -1.499999999999982014, -3.346687832250929901E-14, -4.875000000000000000 ) ) ;
#1050 = EDGE_CURVE ( 'NONE', #582, #2155, #2985, .T. ) ;
#1051 = CARTESIAN_POINT ( 'NONE',  ( 1.175240473580833944, -8.346588265106930416E-16, 2.527938378719355031E-15 ) ) ;
#1052 = CARTESIAN_POINT ( 'NONE',  ( 1.299038105676654009, -0.7500000000000319744, -0.2291666666668354946 ) ) ;
#1053 = CARTESIAN_POINT ( 'NONE',  ( -1.167338565709830078, -0.1360545616620467968, -0.1778527147056064850 ) ) ;
#1054 = ORIENTED_EDGE ( 'NONE', *, *, #3510, .T. ) ;
#1055 = CARTESIAN_POINT ( 'NONE',  ( 0.8660254037844637987, -1.499999999999962697, -1.270833333333589055 ) ) ;
#1056 = CARTESIAN_POINT ( 'NONE',  ( 1.357050807568874973, 3.605555036969184357E-14, -4.437499999999974243 ) ) ;
#1057 = LINE ( 'NONE', #782, #2472 ) ;
#1058 = CARTESIAN_POINT ( 'NONE',  ( 1.264780607697806536, -0.4796714469449323559, -0.3021000092622523892 ) ) ;
#1059 = EDGE_LOOP ( 'NONE', ( #777, #2046, #1472, #2043 ) ) ;
#1060 = CARTESIAN_POINT ( 'NONE',  ( 0.8660254037844707931, -1.500000000000004663, -2.270833333333595494 ) ) ;
#1061 = CARTESIAN_POINT ( 'NONE',  ( -0.6785254037844469233, 1.175240473580814404, -1.208333333333542425 ) ) ;
#1062 = ADVANCED_FACE ( 'NONE', ( #459 ), #188, .T. ) ;
#1063 = CARTESIAN_POINT ( 'NONE',  ( 1.175240473580833944, -8.346588265106930416E-16, 2.527938378719355031E-15 ) ) ;
#1064 = SHAPE_DEFINITION_REPRESENTATION ( #3062, #2620 ) ;
#1065 = CARTESIAN_POINT ( 'NONE',  ( 1.500000000000000222, -4.299564228933484534E-14, -1.125000000000251799 ) ) ;
#1066 = EDGE_CURVE ( 'NONE', #2764, #1533, #2530, .T. ) ;
#1067 = LINE ( 'NONE', #3537, #2010 ) ;
#1068 = CARTESIAN_POINT ( 'NONE',  ( -6.938893903907229955E-15, 1.499999999999960032, 0.9374999999999239497 ) ) ;
#1069 = FACE_OUTER_BOUND ( 'NONE', #1090, .T. ) ;
#1070 = CARTESIAN_POINT ( 'NONE',  ( -1.017788105676654009, 0.5876202367903189394, -1.166666666666925867 ) ) ;
#1071 = CARTESIAN_POINT ( 'NONE',  ( -1.250000000000000000, -0.7216878364870549234, -8.499999999999669598 ) ) ;
#1072 = ORIENTED_EDGE ( 'NONE', *, *, #2216, .F. ) ;
#1073 =( BOUNDED_CURVE ( )  B_SPLINE_CURVE ( 2, ( #2235, #1397, #575, #1906, #1678, #292, #2512, #63, #1148 ),
 .UNSPECIFIED., .F., .F. ) 
 B_SPLINE_CURVE_WITH_KNOTS ( ( 3, 2, 2, 2, 3 ),
 ( 0.8653846153846159739, 0.8717948717948719173, 0.8846153846153849143, 0.8974358974358980223, 0.9038461538461540767 ),
 .UNSPECIFIED. ) 
 CURVE ( )  GEOMETRIC_REPRESENTATION_ITEM ( )  RATIONAL_B_SPLINE_CURVE ( ( 0.9330127018922189652, 0.9330127018922219628, 1.000000000000000000, 0.8660254037844389297, 1.000000000000000000, 0.8660254037844389297, 1.000000000000000000, 0.9330127018922179660, 0.9330127018922189652 ) ) 
 REPRESENTATION_ITEM ( '' )  );
#1074 = ORIENTED_EDGE ( 'NONE', *, *, #2279, .F. ) ;
#1075 = CARTESIAN_POINT ( 'NONE',  ( 1.017788105676620036, 0.5876202367903929913, -2.833333333332745063 ) ) ;
#1076 = DIRECTION ( 'NONE',  ( 1.000000000000000000, -8.326672684688661234E-16, 2.312964634635742661E-15 ) ) ;
#1077 = CARTESIAN_POINT ( 'NONE',  ( -2.081668171172170091E-14, 1.175240473580793976, -0.3124999999998270273 ) ) ;
#1078 = EDGE_CURVE ( 'NONE', #641, #3493, #3208, .T. ) ;
#1079 = ORIENTED_EDGE ( 'NONE', *, *, #173, .T. ) ;
#1080 = CARTESIAN_POINT ( 'NONE',  ( -0.5728093732309523789, 1.084692608520099411, -0.1958615560669160482 ) ) ;
#1081 = CARTESIAN_POINT ( 'NONE',  ( -1.017788105676659782, 0.5876202367903480273, -1.666666666666984931 ) ) ;
#1082 = CARTESIAN_POINT ( 'NONE',  ( -0.8660254037844384856, 1.499999999999983569, -0.9583333333335408710 ) ) ;
#1083 = CARTESIAN_POINT ( 'NONE',  ( 1.017788105676693977, -0.5876202367904610480, -5.479166666666649199 ) ) ;
#1084 = VECTOR ( 'NONE', #3114, 1000.000000000000000 ) ;
#1085 = CARTESIAN_POINT ( 'NONE',  ( -1.387778780781445991E-14, -1.443375672974061885, -8.499999999999900524 ) ) ;
#1086 = CARTESIAN_POINT ( 'NONE',  ( -1.732050807568844775, -4.006172263299091013E-15, -0.4375000000001461054 ) ) ;
#1087 = ADVANCED_FACE ( 'NONE', ( #3463 ), #705, .T. ) ;
#1088 = AXIS2_PLACEMENT_3D ( 'NONE', #2433, #2454, #3535 ) ;
#1089 = CARTESIAN_POINT ( 'NONE',  ( -1.017788105676673993, -0.5876202367904730384, -3.583333333333105220 ) ) ;
#1090 = EDGE_LOOP ( 'NONE', ( #2342, #434, #3539, #3195 ) ) ;
#1091 = CARTESIAN_POINT ( 'NONE',  ( -1.017788105676659782, 0.5876202367903738955, -0.7291666666669469610 ) ) ;
#1092 = CARTESIAN_POINT ( 'NONE',  ( 3.469446951953614978E-15, -3.469446951953614978E-15, -5.299999999999690736 ) ) ;
#1093 = ORIENTED_EDGE ( 'NONE', *, *, #2174, .T. ) ;
#1094 = APPROVAL_PERSON_ORGANIZATION ( #1431, #1459, #2181 ) ;
#1095 = AXIS2_PLACEMENT_3D ( 'NONE', #2224, #819, #858 ) ;
#1096 =( BOUNDED_CURVE ( )  B_SPLINE_CURVE ( 2, ( #1444, #3148, #1174, #1190, #1157, #649, #1682, #2308, #2812 ),
 .UNSPECIFIED., .F., .F. ) 
 B_SPLINE_CURVE_WITH_KNOTS ( ( 3, 2, 2, 2, 3 ),
 ( 0.2884615384615384914, 0.2948717948717950454, 0.3076923076923074873, 0.3205128205128204844, 0.3269230769230774825 ),
 .UNSPECIFIED. ) 
 CURVE ( )  GEOMETRIC_REPRESENTATION_ITEM ( )  RATIONAL_B_SPLINE_CURVE ( ( 0.9330127018922189652, 0.9330127018922199644, 1.000000000000000000, 0.8660254037844389297, 1.000000000000000000, 0.8660254037844389297, 1.000000000000000000, 0.9330127018922149684, 0.9330127018922189652 ) ) 
 REPRESENTATION_ITEM ( '' )  );
#1097 = CARTESIAN_POINT ( 'NONE',  ( 1.299038105676677990, -0.7500000000000179856, -3.666666666666874796 ) ) ;
#1098 = CARTESIAN_POINT ( 'NONE',  ( -1.112881350439956618, -0.9770684767430597439, -0.3919006454230111181 ) ) ;
#1099 = CARTESIAN_POINT ( 'NONE',  ( 1.017788105676620036, 0.5876202367903929913, -2.833333333332745063 ) ) ;
#1100 = VERTEX_POINT ( 'NONE', #118 ) ;
#1101 = CARTESIAN_POINT ( 'NONE',  ( 1.281812869088537532, 0.3450924697913109740, -4.999999999999727329 ) ) ;
#1102 = CARTESIAN_POINT ( 'NONE',  ( -1.500000000000001554, -0.4019237886467356136, -4.352670900630868367 ) ) ;
#1103 = CARTESIAN_POINT ( 'NONE',  ( -1.299038105676630028, -0.7500000000000419664, -1.333333333333464044 ) ) ;
#1104 = CARTESIAN_POINT ( 'NONE',  ( 1.299038105676677990, -0.7500000000000149880, -2.666666666666759777 ) ) ;
#1105 = CARTESIAN_POINT ( 'NONE',  ( -1.175240473580839939, 2.324088772396480138E-16, -0.6875000000002519096 ) ) ;
#1106 = FACE_OUTER_BOUND ( 'NONE', #2249, .T. ) ;
#1107 = CARTESIAN_POINT ( 'NONE',  ( 1.175240473580823730, -1.045839947578413819E-15, -4.874999999999830358 ) ) ;
#1108 = CARTESIAN_POINT ( 'NONE',  ( -0.6785254037844179464, -1.175240473580844380, -3.604166666666914765 ) ) ;
#1109 = ORIENTED_EDGE ( 'NONE', *, *, #2941, .T. ) ;
#1110 = EDGE_CURVE ( 'NONE', #778, #2266, #1479, .T. ) ;
#1111 = CARTESIAN_POINT ( 'NONE',  ( -1.500000000000000000, -3.765023811282295349E-14, -3.875000000000064837 ) ) ;
#1112 = ORIENTED_EDGE ( 'NONE', *, *, #285, .F. ) ;
#1113 = ORIENTED_EDGE ( 'NONE', *, *, #2084, .T. ) ;
#1114 = CARTESIAN_POINT ( 'NONE',  ( -1.499999999999980016, -3.846594202489114672E-14, -4.999999999999729994 ) ) ;
#1115 = ORIENTED_EDGE ( 'NONE', *, *, #651, .T. ) ;
#1116 = CARTESIAN_POINT ( 'NONE',  ( 0.000000000000000000, -1.734723475976804570E-14, -7.099999999999718980 ) ) ;
#1117 = CARTESIAN_POINT ( 'NONE',  ( -6.938893903907229955E-15, -1.175240473580866141, -2.000000000000000000 ) ) ;
#1118 =( BOUNDED_CURVE ( )  B_SPLINE_CURVE ( 2, ( #1995, #3166, #2930, #83, #2591, #422, #907, #2632, #3426 ),
 .UNSPECIFIED., .F., .F. ) 
 B_SPLINE_CURVE_WITH_KNOTS ( ( 3, 2, 2, 2, 3 ),
 ( 0.2115384615384620082, 0.2179487179487179793, 0.2307692307692310041, 0.2435897435897435015, 0.2500000000000000000 ),
 .UNSPECIFIED. ) 
 CURVE ( )  GEOMETRIC_REPRESENTATION_ITEM ( )  RATIONAL_B_SPLINE_CURVE ( ( 0.9330127018922189652, 0.9330127018922219628, 1.000000000000000000, 0.8660254037844389297, 1.000000000000000000, 0.8660254037844389297, 1.000000000000000000, 0.9330127018922179660, 0.9330127018922189652 ) ) 
 REPRESENTATION_ITEM ( '' )  );
#1119 = CARTESIAN_POINT ( 'NONE',  ( 1.299038105676691979, -0.7500000000000000000, -4.166666666666819729 ) ) ;
#1120 = CARTESIAN_POINT ( 'NONE',  ( 1.499999999999995115, -0.4019237886467113552, -2.709829099369573502 ) ) ;
#1121 = CYLINDRICAL_SURFACE ( 'NONE', #1489, 1.500000000000000000 ) ;
#1122 = CARTESIAN_POINT ( 'NONE',  ( -0.4287835680118635140, -1.195817364558362961, -8.307204735839210485 ) ) ;
#1123 = FACE_OUTER_BOUND ( 'NONE', #3249, .T. ) ;
#1124 = EDGE_LOOP ( 'NONE', ( #1581, #3564, #2884, #37 ) ) ;
#1125 = DIRECTION ( 'NONE',  ( 2.150996698587985373E-15, 2.400530044109884714E-17, -1.000000000000000000 ) ) ;
#1126 = ORIENTED_EDGE ( 'NONE', *, *, #3425, .F. ) ;
#1127 = ORIENTED_EDGE ( 'NONE', *, *, #2976, .T. ) ;
#1128 = CARTESIAN_POINT ( 'NONE',  ( 0.8660254037844870023, -1.500000000000004663, -1.270833333333589055 ) ) ;
#1129 = CARTESIAN_POINT ( 'NONE',  ( -0.8660254037844834496, 1.499999999999967137, -4.958333333333427184 ) ) ;
#1130 = CARTESIAN_POINT ( 'NONE',  ( -1.121531742076565807, -0.9679000859748404517, -0.3922453249247151996 ) ) ;
#1131 = VERTEX_POINT ( 'NONE', #3574 ) ;
#1132 = CARTESIAN_POINT ( 'NONE',  ( 0.9330276337827274613, 1.050767091723219471, -4.999999999999727329 ) ) ;
#1133 = CARTESIAN_POINT ( 'NONE',  ( -0.8660254037844510311, 1.499999999999997558, -4.958333333333428072 ) ) ;
#1134 = DIRECTION ( 'NONE',  ( 1.000000000000000000, -8.326672684688661234E-16, 2.312964634635742661E-15 ) ) ;
#1135 = CARTESIAN_POINT ( 'NONE',  ( 0.6785254037844387076, 1.175240473580814404, -1.854166666666520191 ) ) ;
#1136 = CARTESIAN_POINT ( 'NONE',  ( -1.175240473580861922, -0.3149047358083744697, -3.602670900630730699 ) ) ;
#1137 = B_SPLINE_CURVE_WITH_KNOTS ( 'NONE', 3,
 ( #3076, #889, #3107, #587 ),
 .UNSPECIFIED., .F., .F.,
 ( 4, 4 ),
 ( 6.043773935666350485E-16, 0.0001702831607186139774 ),
 .UNSPECIFIED. ) ;
#1138 = EDGE_CURVE ( 'NONE', #735, #582, #1987, .T. ) ;
#1139 = VECTOR ( 'NONE', #2707, 1000.000000000000000 ) ;
#1140 = DIRECTION ( 'NONE',  ( -1.000000000000000000, 8.326672684688679970E-16, -2.150996698587985373E-15 ) ) ;
#1141 = CARTESIAN_POINT ( 'NONE',  ( -1.175240473580837941, 5.112995299272249895E-15, -4.624999999999939604 ) ) ;
#1142 = ORIENTED_EDGE ( 'NONE', *, *, #1706, .T. ) ;
#1143 = VERTEX_POINT ( 'NONE', #3266 ) ;
#1144 = CARTESIAN_POINT ( 'NONE',  ( 0.8660254037844072883, 1.499999999999944267, -3.541666666666802854 ) ) ;
#1145 = CIRCLE ( 'NONE', #2124, 0.9212404735808339407 ) ;
#1146 = AXIS2_PLACEMENT_3D ( 'NONE', #958, #2051, #3185 ) ;
#1147 = CARTESIAN_POINT ( 'NONE',  ( 1.250000000000000000, -7.374613922671858222E-14, -6.099999999999609734 ) ) ;
#1148 = CARTESIAN_POINT ( 'NONE',  ( -1.499999999999974021, -3.904469137626083832E-14, -4.937500000000000000 ) ) ;
#1149 =( LENGTH_UNIT ( ) NAMED_UNIT ( * ) SI_UNIT ( .MILLI., .METRE. ) );
#1150 = CARTESIAN_POINT ( 'NONE',  ( 1.357050807568893847, 2.003086131649542745E-15, -0.4375000000000179301 ) ) ;
#1151 = AXIS2_PLACEMENT_3D ( 'NONE', #1172, #2322, #3387 ) ;
#1152 = ORIENTED_EDGE ( 'NONE', *, *, #367, .T. ) ;
#1153 = CARTESIAN_POINT ( 'NONE',  ( 1.017788105676630028, 0.5876202367903760049, -4.833333333332749504 ) ) ;
#1155 = EDGE_CURVE ( 'NONE', #2560, #624, #220, .T. ) ;
#1154 = CARTESIAN_POINT ( 'NONE',  ( 1.299038105676630028, 0.7499999999999870104, -3.083333333332715309 ) ) ;
#1156 = CARTESIAN_POINT ( 'NONE',  ( 6.938893903907229955E-15, -2.775557561562889773E-14, -8.499999999999559464 ) ) ;
#1157 = CARTESIAN_POINT ( 'NONE',  ( -3.122502256758254663E-14, 1.499999999999946043, -1.062500000000075939 ) ) ;
#1158 = ADVANCED_FACE ( 'NONE', ( #494 ), #3101, .F. ) ;
#1159 = CARTESIAN_POINT ( 'NONE',  ( 1.175240473580830169, 5.810221930991200593E-16, -1.937499999999884981 ) ) ;
#1160 = CYLINDRICAL_SURFACE ( 'NONE', #1375, 1.500000000000000000 ) ;
#1161 = CARTESIAN_POINT ( 'NONE',  ( -1.175240473580833944, 9.785842749306110427E-16, -2.527938378719355031E-15 ) ) ;
#1162 = APPROVAL_ROLE ( '' ) ;
#1163 = CARTESIAN_POINT ( 'NONE',  ( -0.8660254037843829744, -1.500000000000004441, -4.291666666666802854 ) ) ;
#1164 = CARTESIAN_POINT ( 'NONE',  ( 0.6785254037844226094, 1.175240473580756673, -4.791666666666549723 ) ) ;
#1165 = ORIENTED_EDGE ( 'NONE', *, *, #3135, .T. ) ;
#1166 = ORIENTED_EDGE ( 'NONE', *, *, #2875, .T. ) ;
#1167 = DIRECTION ( 'NONE',  ( -1.000000000000000000, 8.326672684688670109E-16, -2.144897242475216267E-15 ) ) ;
#1168 = CARTESIAN_POINT ( 'NONE',  ( 2.081668171172170091E-14, -3.989863994746654424E-14, -4.999999999999729994 ) ) ;
#1169 = CARTESIAN_POINT ( 'NONE',  ( 1.175240473580843936, 2.324088772396479843E-15, -2.874999999999885425 ) ) ;
#1170 = VERTEX_POINT ( 'NONE', #2377 ) ;
#1171 = EDGE_CURVE ( 'NONE', #1394, #1452, #180, .T. ) ;
#1172 = CARTESIAN_POINT ( 'NONE',  ( 0.000000000000000000, 0.000000000000000000, 0.000000000000000000 ) ) ;
#1173 = CARTESIAN_POINT ( 'NONE',  ( 1.500000000000000222, -4.078775795555819751E-14, -2.687500000000079492 ) ) ;
#1174 = CARTESIAN_POINT ( 'NONE',  ( -1.299038105676669996, 0.7499999999999760192, -0.9791666666664200491 ) ) ;
#1175 = CARTESIAN_POINT ( 'NONE',  ( 1.500000000000000222, -3.520994490180665189E-14, -3.187500000000114575 ) ) ;
#1176 = APPROVAL ( #807, 'Coincident' ) ;
#1177 = CARTESIAN_POINT ( 'NONE',  ( 3.816391647148974346E-14, -1.175240473580821954, 0.4374999999999795164 ) ) ;
#1178 = CYLINDRICAL_SURFACE ( 'NONE', #3083, 1.175240473580833944 ) ;
#1179 = EDGE_CURVE ( 'NONE', #374, #985, #1328, .T. ) ;
#1180 = CARTESIAN_POINT ( 'NONE',  ( 1.175240473580845713, 6.972266317189430062E-16, -0.8749999999998770983 ) ) ;
#1181 = CARTESIAN_POINT ( 'NONE',  ( -1.017788105676654009, 0.5876202367903210488, -4.166666666666374752 ) ) ;
#1182 = ORIENTED_EDGE ( 'NONE', *, *, #560, .F. ) ;
#1183 = EDGE_CURVE ( 'NONE', #931, #3434, #2368, .T. ) ;
#1184 = CARTESIAN_POINT ( 'NONE',  ( 1.499999999999974021, -4.322805116657449912E-14, -4.687500000000089706 ) ) ;
#1185 = ORIENTED_EDGE ( 'NONE', *, *, #3273, .F. ) ;
#1186 = CARTESIAN_POINT ( 'NONE',  ( 1.249999999999960254, -0.4821224680324828205, -8.392135213818180617 ) ) ;
#1187 = CARTESIAN_POINT ( 'NONE',  ( -0.8660254037844673514, 1.499999999999951150, -0.4583333333335384840 ) ) ;
#1188 = EDGE_CURVE ( 'NONE', #642, #3396, #405, .T. ) ;
#1189 =( BOUNDED_CURVE ( )  B_SPLINE_CURVE ( 2, ( #565, #2153, #1070, #2815, #594, #2275, #1998, #2572, #1558 ),
 .UNSPECIFIED., .F., .T. ) 
 B_SPLINE_CURVE_WITH_KNOTS ( ( 3, 2, 2, 2, 3 ),
 ( 0.2884615384615389910, 0.2948717948717950454, 0.3076923076923074873, 0.3205128205128204844, 0.3269230769230769829 ),
 .UNSPECIFIED. ) 
 CURVE ( )  GEOMETRIC_REPRESENTATION_ITEM ( )  RATIONAL_B_SPLINE_CURVE ( ( 0.9330127018922189652, 0.9330127018922259596, 1.000000000000000000, 0.8660254037844389297, 1.000000000000000000, 0.8660254037844389297, 1.000000000000000000, 0.9330127018922189652, 0.9330127018922189652 ) ) 
 REPRESENTATION_ITEM ( '' )  );
#1190 = CARTESIAN_POINT ( 'NONE',  ( -0.8660254037844384856, 1.499999999999951150, -1.020833333333525328 ) ) ;
#1191 = CARTESIAN_POINT ( 'NONE',  ( -0.6785254037844065111, -1.175240473580851264, -5.604166666666917429 ) ) ;
#1192 = CARTESIAN_POINT ( 'NONE',  ( 1.175240473580827949, -1.743066579297359981E-15, -4.937499999999799272 ) ) ;
#1193 = CARTESIAN_POINT ( 'NONE',  ( -0.6785254037844307140, -1.175240473580830836, 0.3958333333330413262 ) ) ;
#1194 = DIRECTION ( 'NONE',  ( 1.000000000000000000, -8.326672684688692789E-16, 2.081668171172168513E-15 ) ) ;
#1195 = CARTESIAN_POINT ( 'NONE',  ( 0.6785254037845103170, -1.175240473580786649, -2.520833333333595050 ) ) ;
#1196 = EDGE_CURVE ( 'NONE', #3008, #374, #751, .T. ) ;
#1197 = CARTESIAN_POINT ( 'NONE',  ( -0.6785254037844549169, 1.175240473580791312, -3.708333333333426740 ) ) ;
#1198 = ORIENTED_EDGE ( 'NONE', *, *, #2401, .T. ) ;
#1199 = ORIENTED_EDGE ( 'NONE', *, *, #2968, .F. ) ;
#1200 = CARTESIAN_POINT ( 'NONE',  ( -2.081668171172170091E-14, 1.443375672974021917, -7.099999999999389466 ) ) ;
#1201 = CARTESIAN_POINT ( 'NONE',  ( 2.081668171172170091E-14, -3.989863994746654424E-14, -4.999999999999729994 ) ) ;
#1202 = CARTESIAN_POINT ( 'NONE',  ( -4.857225732735059864E-14, 1.499999999999946043, -3.062499999999470202 ) ) ;
#1203 = VERTEX_POINT ( 'NONE', #465 ) ;
#1204 = AXIS2_PLACEMENT_3D ( 'NONE', #495, #1270, #2076 ) ;
#1205 = CARTESIAN_POINT ( 'NONE',  ( -0.6785254037844469233, 1.175240473580814404, -1.270833333333524440 ) ) ;
#1206 = CARTESIAN_POINT ( 'NONE',  ( -0.8660254037843991837, -1.500000000000043299, -0.2916666666668498720 ) ) ;
#1207 = SECURITY_CLASSIFICATION ( '', '', #3318 ) ;
#1208 = DIRECTION ( 'NONE',  ( 0.000000000000000000, -1.000000000000000000, -2.400530044109884714E-17 ) ) ;
#1209 = CARTESIAN_POINT ( 'NONE',  ( 1.500000000000000222, -4.055534907831854373E-14, -2.125000000000255351 ) ) ;
#1210 = CARTESIAN_POINT ( 'NONE',  ( 6.938893903907229955E-15, -2.775557561562889773E-14, -8.499999999999559464 ) ) ;
#1211 = PLANE ( 'NONE',  #1376 ) ;
#1212 = CARTESIAN_POINT ( 'NONE',  ( -1.357050807568868089, -4.607098102793951549E-14, -4.625000000000249578 ) ) ;
#1213 = ORIENTED_EDGE ( 'NONE', *, *, #3135, .F. ) ;
#1214 = ORIENTED_EDGE ( 'NONE', *, *, #512, .F. ) ;
#1215 = EDGE_CURVE ( 'NONE', #1012, #258, #615, .T. ) ;
#1216 = CARTESIAN_POINT ( 'NONE',  ( 1.017788105676626031, 0.5876202367904449497, -3.895833333332709980 ) ) ;
#1217 = CARTESIAN_POINT ( 'NONE',  ( 1.299038105676622035, 0.7499999999999870104, -0.6458333333333460269 ) ) ;
#1218 = LINE ( 'NONE', #2317, #746 ) ;
#1219 = CARTESIAN_POINT ( 'NONE',  ( 1.175240473580833722, -3.021315404115419891E-15, -4.374999999999859668 ) ) ;
#1220 = CARTESIAN_POINT ( 'NONE',  ( 1.299038105676636023, 0.7499999999999450440, -2.145833333333289961 ) ) ;
#1221 = ORIENTED_EDGE ( 'NONE', *, *, #1897, .T. ) ;
#1222 = EDGE_CURVE ( 'NONE', #2039, #693, #3192, .T. ) ;
#1223 = CARTESIAN_POINT ( 'NONE',  ( 1.249999999999959588, -0.5988494902436876099, -8.438580826877794649 ) ) ;
#1224 = CARTESIAN_POINT ( 'NONE',  ( 0.8660254037844384856, 1.500000000000025091, -1.541666666666791530 ) ) ;
#1225 = CARTESIAN_POINT ( 'NONE',  ( -1.175240473580839939, 1.278248824818062079E-15, -4.187499999999935163 ) ) ;
#1226 = ORIENTED_EDGE ( 'NONE', *, *, #2976, .F. ) ;
#1227 = CARTESIAN_POINT ( 'NONE',  ( 1.249999999999984013, 2.165063509461075064, -7.099999999999829114 ) ) ;
#1228 = CARTESIAN_POINT ( 'NONE',  ( 0.8660254037844790087, -1.500000000000011102, -5.270833333333540871 ) ) ;
#1229 = CARTESIAN_POINT ( 'NONE',  ( -0.6785254037844387076, 1.175240473580770661, -4.770833333333478699 ) ) ;
#1230 = DIRECTION ( 'NONE',  ( -1.000000000000000000, 8.326672684688674053E-16, -2.403703357979455633E-15 ) ) ;
#1231 = CARTESIAN_POINT ( 'NONE',  ( 1.500000000000000222, -3.985812244659959501E-14, -3.687500000000144773 ) ) ;
#1232 = CARTESIAN_POINT ( 'NONE',  ( -1.175240473580821954, -3.486133158594715031E-16, -3.187500000000000000 ) ) ;
#1233 = ORIENTED_EDGE ( 'NONE', *, *, #2067, .F. ) ;
#1234 = EDGE_LOOP ( 'NONE', ( #1793, #120, #1074, #1185, #946 ) ) ;
#1235 = CARTESIAN_POINT ( 'NONE',  ( -0.6785254037844503650, 1.175240473580839717, -4.770833333333477810 ) ) ;
#1236 = CARTESIAN_POINT ( 'NONE',  ( 0.6785254037843787556, 1.175240473580821510, -3.854166666666528407 ) ) ;
#1237 = CARTESIAN_POINT ( 'NONE',  ( -1.499999999999980016, -3.846594202489114672E-14, -4.999999999999729994 ) ) ;
#1238 = CARTESIAN_POINT ( 'NONE',  ( 1.299038105676654009, -0.7500000000000289768, -2.229166666666834828 ) ) ;
#1239 = ORIENTED_EDGE ( 'NONE', *, *, #211, .T. ) ;
#1240 = CARTESIAN_POINT ( 'NONE',  ( 1.732050807568876971, 5.808949781783680509E-14, 0.3749999999994566013 ) ) ;
#1241 = CARTESIAN_POINT ( 'NONE',  ( -1.500000000000012434, 0.4019237886466633380, -4.397329099369203576 ) ) ;
#1242 = CARTESIAN_POINT ( 'NONE',  ( 0.6785254037844146158, 1.175240473580791312, 0.2083333333334729254 ) ) ;
#1243 = CARTESIAN_POINT ( 'NONE',  ( 0.8660254037844870023, -1.500000000000001776, -0.7708333333335884996 ) ) ;
#1244 = CARTESIAN_POINT ( 'NONE',  ( -1.175240473580833944, 9.785842749306110427E-16, -2.527938378719355031E-15 ) ) ;
#1245 = DIRECTION ( 'NONE',  ( -2.312964634635745422E-15, -2.400530044109874854E-17, 1.000000000000000000 ) ) ;
#1246 = CARTESIAN_POINT ( 'NONE',  ( -1.017788105676677768, 0.5876202367903310408, -5.229166666666341001 ) ) ;
#1247 = CARTESIAN_POINT ( 'NONE',  ( -1.175240473580833944, 9.785842749306110427E-16, -2.527938378719355031E-15 ) ) ;
#1248 = DIRECTION ( 'NONE',  ( 5.551115123125799958E-17, 1.000000000000000000, 6.647309888689929873E-17 ) ) ;
#1249 = CARTESIAN_POINT ( 'NONE',  ( -1.017788105676666000, -0.5876202367904870272, -5.583333333332889836 ) ) ;
#1250 = ORIENTED_EDGE ( 'NONE', *, *, #1078, .F. ) ;
#1251 = ORIENTED_EDGE ( 'NONE', *, *, #2469, .T. ) ;
#1252 = ADVANCED_FACE ( 'NONE', ( #1106 ), #3030, .T. ) ;
#1253 = CARTESIAN_POINT ( 'NONE',  ( 1.175240473580830169, 5.810221930991200593E-16, -1.937499999999884981 ) ) ;
#1254 = CARTESIAN_POINT ( 'NONE',  ( 0.8660254037844556940, -1.500000000000036637, -1.770833333333594606 ) ) ;
#1255 = ORIENTED_EDGE ( 'NONE', *, *, #1903, .T. ) ;
#1256 = VECTOR ( 'NONE', #2008, 1000.000000000000000 ) ;
#1257 = CARTESIAN_POINT ( 'NONE',  ( 0.8660254037844384856, 1.500000000000029754, -0.5416666666667866448 ) ) ;
#1258 = CARTESIAN_POINT ( 'NONE',  ( -1.249999999999997335, 0.1519731827980896066, -8.313383332554133531 ) ) ;
#1259 = VERTEX_POINT ( 'NONE', #3109 ) ;
#1260 = CARTESIAN_POINT ( 'NONE',  ( 3.469446951953614820E-14, -1.500000000000000000, -4.812499999999830358 ) ) ;
#1261 = EDGE_CURVE ( 'NONE', #490, #3229, #3453, .T. ) ;
#1262 = CIRCLE ( 'NONE', #382, 1.250000000000000000 ) ;
#1263 = CIRCLE ( 'NONE', #3300, 1.250000000000000000 ) ;
#1264 = CARTESIAN_POINT ( 'NONE',  ( -3.469446951953614978E-15, 1.443375672974031909, -8.499999999999449329 ) ) ;
#1265 = AXIS2_PLACEMENT_3D ( 'NONE', #1347, #518, #3055 ) ;
#1266 = EDGE_CURVE ( 'NONE', #1502, #2955, #1385, .T. ) ;
#1267 = CARTESIAN_POINT ( 'NONE',  ( -0.8660254037844384856, 1.500000000000015765, -4.458333333333427184 ) ) ;
#1268 = CARTESIAN_POINT ( 'NONE',  ( 1.299038105676695976, -0.7499999999999870104, -3.729166666666949848 ) ) ;
#1269 = DIRECTION ( 'NONE',  ( -2.312964634635745422E-15, -2.400530044109874854E-17, 1.000000000000000000 ) ) ;
#1270 = DIRECTION ( 'NONE',  ( 2.150996698587985373E-15, 2.400530044109884714E-17, -1.000000000000000000 ) ) ;
#1271 = CARTESIAN_POINT ( 'NONE',  ( -0.8748328521183869055, -0.9369113934993148485, -4.999999999999732658 ) ) ;
#1272 = ORIENTED_EDGE ( 'NONE', *, *, #2624, .F. ) ;
#1273 = ORIENTED_EDGE ( 'NONE', *, *, #736, .F. ) ;
#1274 = CARTESIAN_POINT ( 'NONE',  ( 0.8660254037844152819, 1.500000000000054845, -4.041666666666803742 ) ) ;
#1275 = DIRECTION ( 'NONE',  ( -3.647064326199800396E-15, 2.400530044110370049E-17, -1.000000000000000000 ) ) ;
#1276 = CARTESIAN_POINT ( 'NONE',  ( -2.775557561562889773E-14, 1.499999999999930056, -5.999999999999729994 ) ) ;
#1277 = DIRECTION ( 'NONE',  ( -1.000000000000000000, 5.551115123125819680E-17, -2.150996698587945141E-15 ) ) ;
#1278 = CARTESIAN_POINT ( 'NONE',  ( 1.017788105676646015, -0.5876202367904209689, -4.416666666666680285 ) ) ;
#1279 = CARTESIAN_POINT ( 'NONE',  ( -4.163336342344334502E-14, 1.499999999999960032, -2.562499999999525269 ) ) ;
#1280 = ORIENTED_EDGE ( 'NONE', *, *, #1026, .T. ) ;
#1281 = CARTESIAN_POINT ( 'NONE',  ( -0.2657311222727834488, -1.413646657261506956, -0.3621164284486027007 ) ) ;
#1282 = ORIENTED_EDGE ( 'NONE', *, *, #1507, .F. ) ;
#1283 = CARTESIAN_POINT ( 'NONE',  ( 0.6785254037844147268, 1.175240473580890788, -3.791666666666542618 ) ) ;
#1284 = CARTESIAN_POINT ( 'NONE',  ( 0.8660254037844187236, 1.500000000000017986, -4.541666666666803742 ) ) ;
#1285 = CARTESIAN_POINT ( 'NONE',  ( -0.8660254037844384856, 1.500000000000015765, -4.520833333333540871 ) ) ;
#1286 = CARTESIAN_POINT ( 'NONE',  ( 1.017788105676620036, 0.5876202367903879953, -1.895833333333095005 ) ) ;
#1287 = CARTESIAN_POINT ( 'NONE',  ( -2.449999999999974865, -3.785860513971784434E-14, -4.999999999999729994 ) ) ;
#1288 = CARTESIAN_POINT ( 'NONE',  ( 0.8660254037843991837, 1.499999999999967137, -4.041666666666803742 ) ) ;
#1289 =( BOUNDED_CURVE ( )  B_SPLINE_CURVE ( 2, ( #3566, #555, #2755, #2494, #3246, #2691, #1622, #2439, #2152 ),
 .UNSPECIFIED., .F., .F. ) 
 B_SPLINE_CURVE_WITH_KNOTS ( ( 3, 2, 2, 2, 3 ),
 ( 0.7500000000000000000, 0.7564102564102570536, 0.7692307692307689404, 0.7820512820512819374, 0.7884615384615389910 ),
 .UNSPECIFIED. ) 
 CURVE ( )  GEOMETRIC_REPRESENTATION_ITEM ( )  RATIONAL_B_SPLINE_CURVE ( ( 0.9330127018922189652, 0.9330127018922189652, 1.000000000000000000, 0.8660254037844389297, 1.000000000000000000, 0.8660254037844389297, 1.000000000000000000, 0.9330127018922149684, 0.9330127018922189652 ) ) 
 REPRESENTATION_ITEM ( '' )  );
#1290 = CARTESIAN_POINT ( 'NONE',  ( -1.299038105676689980, 0.7499999999999830136, -4.416666666666459129 ) ) ;
#1291 = CARTESIAN_POINT ( 'NONE',  ( 1.500000000000000666, -0.4019237886466896503, -4.647329099369545524 ) ) ;
#1292 = CARTESIAN_POINT ( 'NONE',  ( 1.299038105676626031, 0.7499999999999850120, -0.1458333333332894055 ) ) ;
#1293 = CARTESIAN_POINT ( 'NONE',  ( -1.175240473580833944, 9.785842749306110427E-16, -2.527938378719355031E-15 ) ) ;
#1294 = EDGE_CURVE ( 'NONE', #125, #290, #2473, .T. ) ;
#1295 = DIRECTION ( 'NONE',  ( -3.647064326199800396E-15, 2.400530044110370049E-17, -1.000000000000000000 ) ) ;
#1296 = CARTESIAN_POINT ( 'NONE',  ( 1.500000000000000000, -4.218221121899604448E-14, -0.6875000000002828848 ) ) ;
#1297 = EDGE_LOOP ( 'NONE', ( #1647, #80, #964, #2337 ) ) ;
#1298 = CARTESIAN_POINT ( 'NONE',  ( 1.263452823015516646, -0.4836541124857086094, -0.3022226915109881840 ) ) ;
#1299 = EDGE_LOOP ( 'NONE', ( #969, #2068, #3049, #990 ) ) ;
#1300 = CARTESIAN_POINT ( 'NONE',  ( 1.299038105676630028, 0.7499999999999870104, -4.583333333332769932 ) ) ;
#1301 = CARTESIAN_POINT ( 'NONE',  ( -5.551115123125779547E-14, 1.499999999999932054, -5.062499999999690914 ) ) ;
#1302 = EDGE_CURVE ( 'NONE', #1329, #137, #9, .T. ) ;
#1303 = PLANE ( 'NONE',  #2186 ) ;
#1304 = CARTESIAN_POINT ( 'NONE',  ( -5.551115123125779547E-14, 1.499999999999904077, -3.499999999999560352 ) ) ;
#1305 = CARTESIAN_POINT ( 'NONE',  ( -0.7275415091825787606, -1.265703312515650047, -0.3771659066979195507 ) ) ;
#1306 = CARTESIAN_POINT ( 'NONE',  ( 1.299038105676659782, 0.7499999999999450440, -2.083333333333325044 ) ) ;
#1307 = CARTESIAN_POINT ( 'NONE',  ( 1.500000000000000222, -4.171739346451678740E-14, -4.125000000000079936 ) ) ;
#1308 = CARTESIAN_POINT ( 'NONE',  ( -0.6785254037844259400, 1.175240473580772882, -3.770833333333475590 ) ) ;
#1309 = DIRECTION ( 'NONE',  ( -1.000000000000000000, 8.326672684688679970E-16, -2.150996698587985373E-15 ) ) ;
#1310 = CARTESIAN_POINT ( 'NONE',  ( 1.040834085586083941E-14, 1.175240473580821954, -0.8124999999998829825 ) ) ;
#1311 = CARTESIAN_POINT ( 'NONE',  ( 1.017788105676639798, 0.5876202367903340384, -2.895833333332820114 ) ) ;
#1312 = ORIENTED_EDGE ( 'NONE', *, *, #560, .T. ) ;
#1313 = ORIENTED_EDGE ( 'NONE', *, *, #3112, .F. ) ;
#1314 = EDGE_CURVE ( 'NONE', #102, #1917, #1007, .T. ) ;
#1315 = EDGE_CURVE ( 'NONE', #2583, #3217, #2207, .T. ) ;
#1316 = CARTESIAN_POINT ( 'NONE',  ( 1.017788105676621813, 0.5876202367903899937, -3.333333333332689996 ) ) ;
#1317 = CARTESIAN_POINT ( 'NONE',  ( -1.249999999999988010, -2.671938357171749619E-14, -8.306624327025490473 ) ) ;
#1318 = CARTESIAN_POINT ( 'NONE',  ( 0.6785254037845022124, -1.175240473580786649, -3.520833333333602599 ) ) ;
#1319 = ORIENTED_EDGE ( 'NONE', *, *, #1045, .T. ) ;
#1320 = CARTESIAN_POINT ( 'NONE',  ( 1.017788105676641797, -0.5876202367904330703, -2.979166666666920094 ) ) ;
#1321 = CONICAL_SURFACE ( 'NONE', #66, 0.9212404735808339407, 0.9599310885968838081 ) ;
#1322 = CLOSED_SHELL ( 'NONE', ( #3005, #96, #32, #3393, #2988, #2274, #2729, #1671, #1934, #1039, #1884, #3461, #2595, #310, #62, #3214, #2746, #205, #1692, #412, #2713, #1402, #1373, #3165, #1158, #1087, #2343, #3159, #1379, #567, #3449, #763, #1721, #2902, #2318, #2779, #2021, #73, #2260, #276, #3477, #2481, #184, #1415, #461, #472, #112, #492, #1988, #2447, #3038, #3570, #2367, #1440, #3500, #610, #1252, #429, #1674, #239, #2842, #2702, #2048, #1062, #2550, #633, #2732, #591, #2712, #734, #2125, #1857, #927, #2353, #1529, #603, #1817, #2013 ) ) ;
#1323 = CARTESIAN_POINT ( 'NONE',  ( -1.299038105676630028, -0.7500000000000980327, -2.333333333333464932 ) ) ;
#1324 = CARTESIAN_POINT ( 'NONE',  ( -1.499999999999980016, -3.846594202489114672E-14, -4.999999999999729994 ) ) ;
#1325 = CARTESIAN_POINT ( 'NONE',  ( -1.250000000000035971, -2.949029909160570167E-14, -7.099999999999499600 ) ) ;
#1326 = CARTESIAN_POINT ( 'NONE',  ( 1.732050807568876971, 4.206480876464043789E-14, -0.1875000000005296874 ) ) ;
#1327 = DIRECTION ( 'NONE',  ( -0.7071067811865510144, 6.057589827327411748E-16, -0.7071067811865441310 ) ) ;
#1328 = CIRCLE ( 'NONE', #971, 1.443375672974063884 ) ;
#1329 = VERTEX_POINT ( 'NONE', #890 ) ;
#1330 = ORIENTED_EDGE ( 'NONE', *, *, #1630, .F. ) ;
#1331 =( NAMED_UNIT ( * ) SI_UNIT ( $, .STERADIAN. ) SOLID_ANGLE_UNIT ( ) );
#1332 = EDGE_CURVE ( 'NONE', #624, #1203, #1367, .T. ) ;
#1333 = CARTESIAN_POINT ( 'NONE',  ( 1.017788105676649790, 0.5876202367903730073, -4.395833333332874737 ) ) ;
#1334 = CARTESIAN_POINT ( 'NONE',  ( 1.175240473580832390, 0.3149047358083622572, -3.352670900630391415 ) ) ;
#1335 = CARTESIAN_POINT ( 'NONE',  ( 1.241420475907688115, -0.5451931210182492382, -0.3041421107370053112 ) ) ;
#1336 = EDGE_CURVE ( 'NONE', #1143, #269, #2480, .T. ) ;
#1337 = FACE_OUTER_BOUND ( 'NONE', #2212, .T. ) ;
#1338 = CARTESIAN_POINT ( 'NONE',  ( -1.357050807568874973, -5.208023942288818554E-14, -1.125000000000230260 ) ) ;
#1339 = CARTESIAN_POINT ( 'NONE',  ( -1.732050807568853656, -7.010801460773411994E-14, -4.875000000000116351 ) ) ;
#1340 = DIRECTION ( 'NONE',  ( 2.403703357979455239E-15, 2.400530044109864685E-17, -1.000000000000000000 ) ) ;
#1341 = DIRECTION ( 'NONE',  ( -0.8660254037844390407, 0.4999999999999995004, -1.829581234990197827E-15 ) ) ;
#1342 = CARTESIAN_POINT ( 'NONE',  ( 0.6785254037844860031, -1.175240473580800638, -0.5208333333335870563 ) ) ;
#1343 = CARTESIAN_POINT ( 'NONE',  ( 1.299038105676622035, 0.7499999999999870104, -0.6458333333333460269 ) ) ;
#1344 = CARTESIAN_POINT ( 'NONE',  ( 1.017788105676639798, -0.5876202367904319601, -3.416666666666789975 ) ) ;
#1345 = ORIENTED_EDGE ( 'NONE', *, *, #1543, .F. ) ;
#1346 = ORIENTED_EDGE ( 'NONE', *, *, #2539, .T. ) ;
#1347 = CARTESIAN_POINT ( 'NONE',  ( 3.469446951953614978E-15, -3.469446951953614978E-15, -5.299999999999690736 ) ) ;
#1348 =( BOUNDED_CURVE ( )  B_SPLINE_CURVE ( 2, ( #915, #2584, #106, #1205, #398, #936, #2626, #2551, #81 ),
 .UNSPECIFIED., .F., .F. ) 
 B_SPLINE_CURVE_WITH_KNOTS ( ( 3, 2, 2, 2, 3 ),
 ( 0.2884615384615389910, 0.2948717948717950454, 0.3076923076923074873, 0.3205128205128204844, 0.3269230769230769829 ),
 .UNSPECIFIED. ) 
 CURVE ( )  GEOMETRIC_REPRESENTATION_ITEM ( )  RATIONAL_B_SPLINE_CURVE ( ( 0.9330127018922189652, 0.9330127018922249604, 1.000000000000000000, 0.8660254037844389297, 1.000000000000000000, 0.8660254037844389297, 1.000000000000000000, 0.9330127018922189652, 0.9330127018922189652 ) ) 
 REPRESENTATION_ITEM ( '' )  );
#1349 = CARTESIAN_POINT ( 'NONE',  ( -0.6785254037844941077, 1.175240473580849265, -3.208333333333489801 ) ) ;
#1350 = ORIENTED_EDGE ( 'NONE', *, *, #1196, .F. ) ;
#1351 = CARTESIAN_POINT ( 'NONE',  ( -1.017788105676664001, -0.5876202367904870272, -1.583333333333435178 ) ) ;
#1352 = CARTESIAN_POINT ( 'NONE',  ( -1.500000000000000222, -3.579096709490574848E-14, -3.437499999999944933 ) ) ;
#1353 = DIRECTION ( 'NONE',  ( 3.647064326199800396E-15, -2.400530044110370049E-17, 1.000000000000000000 ) ) ;
#1354 = CARTESIAN_POINT ( 'NONE',  ( 2.081668171172170091E-14, -1.500000000000000000, -0.3124999999998270273 ) ) ;
#1355 = CARTESIAN_POINT ( 'NONE',  ( 6.938893903907229955E-15, -2.775557561562889773E-14, -8.499999999999559464 ) ) ;
#1356 = APPROVAL_STATUS ( 'not_yet_approved' ) ;
#1357 = ORIENTED_EDGE ( 'NONE', *, *, #323, .T. ) ;
#1358 = CARTESIAN_POINT ( 'NONE',  ( -1.299038105676659782, 0.7499999999999590328, -0.4166666666665099772 ) ) ;
#1359 = CARTESIAN_POINT ( 'NONE',  ( -1.500000000000000000, -3.933520247281039608E-14, -0.9375000000000139888 ) ) ;
#1360 = VERTEX_POINT ( 'NONE', #1669 ) ;
#1361 = CARTESIAN_POINT ( 'NONE',  ( 1.175240473580843936, 2.324088772396479843E-15, -2.874999999999884981 ) ) ;
#1362 = CALENDAR_DATE ( 2026, 22, 6 ) ;
#1363 = CARTESIAN_POINT ( 'NONE',  ( 0.6785254037844308250, 1.175240473580775102, -0.2916666666665294061 ) ) ;
#1364 = DIRECTION ( 'NONE',  ( 1.000000000000000000, -8.326672684688661234E-16, 2.312964634635742661E-15 ) ) ;
#1365 = VERTEX_POINT ( 'NONE', #2515 ) ;
#1366 = CARTESIAN_POINT ( 'NONE',  ( -0.9191755816221479636, 0.7323294483305570202, -0.1778527147054954904 ) ) ;
#1367 =( BOUNDED_CURVE ( )  B_SPLINE_CURVE ( 2, ( #50, #1651, #1979, #327, #29, #2223, #3340, #852, #1698 ),
 .UNSPECIFIED., .F., .F. ) 
 B_SPLINE_CURVE_WITH_KNOTS ( ( 3, 2, 2, 2, 3 ),
 ( 0.4423076923076924571, 0.4487179487179489557, 0.4615384615384620082, 0.4743589743589740060, 0.4807692307692310041 ),
 .UNSPECIFIED. ) 
 CURVE ( )  GEOMETRIC_REPRESENTATION_ITEM ( )  RATIONAL_B_SPLINE_CURVE ( ( 0.9330127018922189652, 0.9330127018922199644, 1.000000000000000000, 0.8660254037844389297, 1.000000000000000000, 0.8660254037844389297, 1.000000000000000000, 0.9330127018922149684, 0.9330127018922189652 ) ) 
 REPRESENTATION_ITEM ( '' )  );
#1368 = EDGE_CURVE ( 'NONE', #374, #985, #355, .T. ) ;
#1369 = AXIS2_PLACEMENT_3D ( 'NONE', #174, #1411, #2824 ) ;
#1370 = LINE ( 'NONE', #2533, #1084 ) ;
#1371 = AXIS2_PLACEMENT_3D ( 'NONE', #99, #3023, #217 ) ;
#1372 = CARTESIAN_POINT ( 'NONE',  ( 2.081668171172170091E-14, -3.989863994746654424E-14, -4.999999999999729994 ) ) ;
#1373 = ADVANCED_FACE ( 'NONE', ( #2852 ), #2044, .T. ) ;
#1374 = ORIENTED_EDGE ( 'NONE', *, *, #344, .T. ) ;
#1375 = AXIS2_PLACEMENT_3D ( 'NONE', #1915, #3292, #3029 ) ;
#1376 = AXIS2_PLACEMENT_3D ( 'NONE', #595, #74, #386 ) ;
#1377 = CARTESIAN_POINT ( 'NONE',  ( 0.8660254037844384856, 1.499999999999967137, -1.541666666666791530 ) ) ;
#1378 = ORIENTED_EDGE ( 'NONE', *, *, #2736, .F. ) ;
#1379 = ADVANCED_FACE ( 'NONE', ( #360 ), #3146, .T. ) ;
#1380 = APPROVAL_PERSON_ORGANIZATION ( #2487, #1176, #3468 ) ;
#1381 = DIRECTION ( 'NONE',  ( -3.647064326199800396E-15, 2.400530044110370049E-17, -1.000000000000000000 ) ) ;
#1382 = CARTESIAN_POINT ( 'NONE',  ( -1.133535097644857492, -0.9549555693987122895, -0.3927283874573200828 ) ) ;
#1383 = ORIENTED_EDGE ( 'NONE', *, *, #2052, .T. ) ;
#1384 = DIRECTION ( 'NONE',  ( 2.150996698587985373E-15, 2.400530044109884714E-17, -1.000000000000000000 ) ) ;
#1385 = LINE ( 'NONE', #833, #70 ) ;
#1386 = CARTESIAN_POINT ( 'NONE',  ( 1.357050807568893847, 3.405246423804224482E-14, -2.374999999999980460 ) ) ;
#1387 =( BOUNDED_CURVE ( )  B_SPLINE_CURVE ( 2, ( #1107, #3344, #2242, #1916, #1390 ),
 .UNSPECIFIED., .F., .T. ) 
 B_SPLINE_CURVE_WITH_KNOTS ( ( 3, 2, 3 ),
 ( 0.8653846153846149747, 0.8717948717948719173, 0.8846153846153849143 ),
 .UNSPECIFIED. ) 
 CURVE ( )  GEOMETRIC_REPRESENTATION_ITEM ( )  RATIONAL_B_SPLINE_CURVE ( ( 0.9330127018922189652, 0.9330127018922189652, 1.000000000000000000, 0.8660254037844389297, 1.000000000000000000 ) ) 
 REPRESENTATION_ITEM ( '' )  );
#1388 = CARTESIAN_POINT ( 'NONE',  ( -1.500000000000000222, -4.154308680658704391E-14, -1.375000000000000000 ) ) ;
#1389 = LINE ( 'NONE', #2555, #2066 ) ;
#1390 = CARTESIAN_POINT ( 'NONE',  ( 3.469446951953614820E-14, -1.175240473580819955, -5.000000000000280664 ) ) ;
#1391 = ORIENTED_EDGE ( 'NONE', *, *, #2909, .F. ) ;
#1392 = CC_DESIGN_DATE_AND_TIME_ASSIGNMENT ( #1730, #3225, ( #3121 ) ) ;
#1393 = CARTESIAN_POINT ( 'NONE',  ( -1.499999999999980016, -3.846594202489114672E-14, -4.999999999999729994 ) ) ;
#1394 = VERTEX_POINT ( 'NONE', #126 ) ;
#1395 = ORIENTED_EDGE ( 'NONE', *, *, #2675, .F. ) ;
#1396 = PERSON_AND_ORGANIZATION_ROLE ( 'creator' ) ;
#1397 = CARTESIAN_POINT ( 'NONE',  ( 1.499999999999986233, -0.4019237886467016962, -4.709829099369577499 ) ) ;
#1398 = ORIENTED_EDGE ( 'NONE', *, *, #817, .T. ) ;
#1399 = CARTESIAN_POINT ( 'NONE',  ( 0.6608403666876107030, 1.109305787449323732, -0.2408836594708252121 ) ) ;
#1400 = CARTESIAN_POINT ( 'NONE',  ( 1.299038105676650012, 0.7500000000000109912, -1.083333333333324155 ) ) ;
#1401 = CARTESIAN_POINT ( 'NONE',  ( -1.387778780781445991E-14, 1.175240473580779987, 0.1875000000000625056 ) ) ;
#1402 = ADVANCED_FACE ( 'NONE', ( #345 ), #1422, .T. ) ;
#1403 = CARTESIAN_POINT ( 'NONE',  ( -1.175240473580841938, 2.963213184805509600E-15, -1.687500000000260014 ) ) ;
#1404 = CARTESIAN_POINT ( 'NONE',  ( 1.357050807568900508, -6.009258394948633758E-15, 0.5624999999999863443 ) ) ;
#1405 = CARTESIAN_POINT ( 'NONE',  ( -1.499999999999980016, -3.846594202489114672E-14, -4.999999999999729994 ) ) ;
#1406 = DIRECTION ( 'NONE',  ( -0.8660254037844379305, 7.331136576143866328E-16, -0.5000000000000011102 ) ) ;
#1407 = ORIENTED_EDGE ( 'NONE', *, *, #981, .F. ) ;
#1408 = ORIENTED_EDGE ( 'NONE', *, *, #1687, .F. ) ;
#1409 = EDGE_CURVE ( 'NONE', #3493, #2826, #2287, .T. ) ;
#1410 = CARTESIAN_POINT ( 'NONE',  ( -1.175240473580843936, 6.158835246850669039E-15, -3.687500000000000000 ) ) ;
#1411 = DIRECTION ( 'NONE',  ( -2.081668171172170091E-15, -2.400530044109889953E-17, 1.000000000000000000 ) ) ;
#1412 = DIRECTION ( 'NONE',  ( 5.551115123125799958E-17, 1.000000000000000000, 6.647309888689929873E-17 ) ) ;
#1413 = ORIENTED_EDGE ( 'NONE', *, *, #2395, .T. ) ;
#1414 = CARTESIAN_POINT ( 'NONE',  ( 0.8234078741650100453, -0.8385640366160330705, -5.000000000000000000 ) ) ;
#1415 = ADVANCED_FACE ( 'NONE', ( #1776 ), #1739, .T. ) ;
#1416 = CARTESIAN_POINT ( 'NONE',  ( 3.469446951953614978E-15, -1.443375672974103852, -7.099999999999829114 ) ) ;
#1417 = DIRECTION ( 'NONE',  ( 2.403703357979455239E-15, 2.400530044109864685E-17, -1.000000000000000000 ) ) ;
#1418 = FACE_OUTER_BOUND ( 'NONE', #822, .T. ) ;
#1419 = DIRECTION ( 'NONE',  ( 0.7071067811865500152, -6.057589827327399915E-16, 0.7071067811865450192 ) ) ;
#1420 = CARTESIAN_POINT ( 'NONE',  ( -1.387778780781445991E-14, -1.443375672974061885, -8.499999999999900524 ) ) ;
#1421 = CARTESIAN_POINT ( 'NONE',  ( -1.387778780781445991E-14, -1.443375672974061885, -8.499999999999900524 ) ) ;
#1422 = CONICAL_SURFACE ( 'NONE', #2195, 0.9212404735808339407, 0.9599310885968838081 ) ;
#1423 =( BOUNDED_CURVE ( )  B_SPLINE_CURVE ( 2, ( #1584, #2704, #682, #3443, #3184, #596, #335, #2593, #1464 ),
 .UNSPECIFIED., .F., .F. ) 
 B_SPLINE_CURVE_WITH_KNOTS ( ( 3, 2, 2, 2, 3 ),
 ( 0.1346153846153851918, 0.1410256410256409965, 0.1538461538461539935, 0.1666666666666665186, 0.1730769230769229894 ),
 .UNSPECIFIED. ) 
 CURVE ( )  GEOMETRIC_REPRESENTATION_ITEM ( )  RATIONAL_B_SPLINE_CURVE ( ( 0.9330127018922189652, 0.9330127018922259596, 1.000000000000000000, 0.8660254037844389297, 1.000000000000000000, 0.8660254037844389297, 1.000000000000000000, 0.9330127018922209636, 0.9330127018922189652 ) ) 
 REPRESENTATION_ITEM ( '' )  );
#1424 = CARTESIAN_POINT ( 'NONE',  ( 1.175240473580849931, -9.296355089585910693E-16, -1.374999999999875877 ) ) ;
#1425 = CARTESIAN_POINT ( 'NONE',  ( -0.6785254037844307140, 1.175240473580774880, -2.708333333333482695 ) ) ;
#1426 = ORIENTED_EDGE ( 'NONE', *, *, #1302, .F. ) ;
#1427 = ORIENTED_EDGE ( 'NONE', *, *, #3112, .T. ) ;
#1428 = AXIS2_PLACEMENT_3D ( 'NONE', #3224, #1536, #2650 ) ;
#1429 = AXIS2_PLACEMENT_3D ( 'NONE', #3556, #546, #1953 ) ;
#1430 = CARTESIAN_POINT ( 'NONE',  ( 1.500000000000000222, -3.985812244659959501E-14, -3.687500000000144773 ) ) ;
#1431 = PERSON_AND_ORGANIZATION ( #18446744073709551615, #18446744073709551615 ) ;
#1432 = CARTESIAN_POINT ( 'NONE',  ( 1.040834085586083941E-14, -1.175240473580851930, -1.562500000000000000 ) ) ;
#1433 = EDGE_CURVE ( 'NONE', #2155, #2126, #1348, .T. ) ;
#1434 = CIRCLE ( 'NONE', #805, 2.449999999999999734 ) ;
#1435 = CIRCLE ( 'NONE', #792, 1.250000000000000000 ) ;
#1436 = ORIENTED_EDGE ( 'NONE', *, *, #2865, .T. ) ;
#1437 = CARTESIAN_POINT ( 'NONE',  ( 0.6785254037844226094, 1.175240473580756673, -4.791666666666549723 ) ) ;
#1438 = CARTESIAN_POINT ( 'NONE',  ( -1.357050807568856543, -5.208023942288818554E-14, -3.187500000000226041 ) ) ;
#1439 = CARTESIAN_POINT ( 'NONE',  ( -1.500000000000011768, 0.4019237886466675014, -0.8973290993691926953 ) ) ;
#1440 = ADVANCED_FACE ( 'NONE', ( #1994 ), #2015, .T. ) ;
#1441 =( BOUNDED_CURVE ( )  B_SPLINE_CURVE ( 2, ( #1219, #1772, #1278, #2381, #3490, #1010, #529, #302, #1141 ),
 .UNSPECIFIED., .F., .F. ) 
 B_SPLINE_CURVE_WITH_KNOTS ( ( 3, 2, 2, 2, 3 ),
 ( 0.7884615384615389910, 0.7948717948717949344, 0.8076923076923080425, 0.8205128205128210395, 0.8269230769230769829 ),
 .UNSPECIFIED. ) 
 CURVE ( )  GEOMETRIC_REPRESENTATION_ITEM ( )  RATIONAL_B_SPLINE_CURVE ( ( 0.9330127018922189652, 0.9330127018922229620, 1.000000000000000000, 0.8660254037844389297, 1.000000000000000000, 0.8660254037844389297, 1.000000000000000000, 0.9330127018922129700, 0.9330127018922189652 ) ) 
 REPRESENTATION_ITEM ( '' )  );
#1442 = DIRECTION ( 'NONE',  ( -3.647064326199800396E-15, 2.400530044110370049E-17, -1.000000000000000000 ) ) ;
#1443 = CARTESIAN_POINT ( 'NONE',  ( 1.175240473580835943, -0.3149047358083409964, -3.459829099369355454 ) ) ;
#1444 = CARTESIAN_POINT ( 'NONE',  ( -1.500000000000000222, -3.933520247281039608E-14, -0.9375000000000139888 ) ) ;
#1445 = CARTESIAN_POINT ( 'NONE',  ( 0.8660254037843958530, 1.499999999999990230, -3.104166666666781538 ) ) ;
#1446 = CARTESIAN_POINT ( 'NONE',  ( 0.2242881273793517760, -1.313882862255588480, -8.370507189280179006 ) ) ;
#1447 = DIRECTION ( 'NONE',  ( -1.000000000000000000, 8.326672684688674053E-16, -2.403703357979455633E-15 ) ) ;
#1448 = CALENDAR_DATE ( 2026, 22, 6 ) ;
#1449 = CARTESIAN_POINT ( 'NONE',  ( -1.299038105676664001, -0.7500000000000740519, -4.333333333333469817 ) ) ;
#1450 = CARTESIAN_POINT ( 'NONE',  ( -1.017788105676659782, -0.5876202367905180024, -5.083333333332939574 ) ) ;
#1451 = EDGE_LOOP ( 'NONE', ( #2979, #1679 ) ) ;
#1452 = VERTEX_POINT ( 'NONE', #647 ) ;
#1453 = CARTESIAN_POINT ( 'NONE',  ( -1.500000000000003109, 0.4019237886466632270, -3.397329099369019723 ) ) ;
#1454 = EDGE_CURVE ( 'NONE', #2118, #624, #241, .T. ) ;
#1455 = CARTESIAN_POINT ( 'NONE',  ( -1.175240473580821954, -2.556497649636124948E-15, -2.625000000000000000 ) ) ;
#1456 = ORIENTED_EDGE ( 'NONE', *, *, #2958, .F. ) ;
#1457 = DIRECTION ( 'NONE',  ( -1.000000000000000000, 8.326672684688679970E-16, -2.150996698587985373E-15 ) ) ;
#1458 = CARTESIAN_POINT ( 'NONE',  ( -0.8660254037844152819, 1.499999999999969358, -0.9583333333335408710 ) ) ;
#1459 = APPROVAL ( #2545, 'Coincident' ) ;
#1460 = DIRECTION ( 'NONE',  ( -2.312964634635745422E-15, -2.400530044109874854E-17, 1.000000000000000000 ) ) ;
#1461 =( BOUNDED_CURVE ( )  B_SPLINE_CURVE ( 2, ( #2574, #351, #3069, #2248, #2817, #2278, #545, #2002, #569 ),
 .UNSPECIFIED., .F., .T. ) 
 B_SPLINE_CURVE_WITH_KNOTS ( ( 3, 2, 2, 2, 3 ),
 ( 0.5576923076923080425, 0.5641025641025639858, 0.5769230769230769829, 0.5897435897435899799, 0.5961538461538460343 ),
 .UNSPECIFIED. ) 
 CURVE ( )  GEOMETRIC_REPRESENTATION_ITEM ( )  RATIONAL_B_SPLINE_CURVE ( ( 0.9330127018922189652, 0.9330127018922239612, 1.000000000000000000, 0.8660254037844389297, 1.000000000000000000, 0.8660254037844389297, 1.000000000000000000, 0.9330127018922199644, 0.9330127018922189652 ) ) 
 REPRESENTATION_ITEM ( '' )  );
#1462 = CARTESIAN_POINT ( 'NONE',  ( 0.6785254037844147268, 1.175240473580791312, -2.354166666666520857 ) ) ;
#1463 = DIRECTION ( 'NONE',  ( 1.000000000000000000, -8.326672684688661234E-16, 2.312964634635742661E-15 ) ) ;
#1464 = CARTESIAN_POINT ( 'NONE',  ( 1.175240473580839939, -1.859271017917179772E-15, -0.4374999999998769873 ) ) ;
#1465 = CARTESIAN_POINT ( 'NONE',  ( -1.017788105676679988, -0.5876202367904489465, -4.083333333333049708 ) ) ;
#1466 = ORIENTED_EDGE ( 'NONE', *, *, #1155, .F. ) ;
#1467 = ORIENTED_EDGE ( 'NONE', *, *, #3057, .T. ) ;
#1468 = CARTESIAN_POINT ( 'NONE',  ( 1.175240473580839939, -3.253724281355070123E-15, -2.374999999999910294 ) ) ;
#1469 = CARTESIAN_POINT ( 'NONE',  ( 1.017788105676659782, -0.5876202367904870272, -0.4791666666663639829 ) ) ;
#1470 = DIRECTION ( 'NONE',  ( 1.000000000000000000, -8.326672684688679970E-16, 2.150996698587985373E-15 ) ) ;
#1471 = CARTESIAN_POINT ( 'NONE',  ( -1.732050807568876971, -5.408332555453773380E-14, -3.437500000000094147 ) ) ;
#1472 = ORIENTED_EDGE ( 'NONE', *, *, #827, .T. ) ;
#1473 = CARTESIAN_POINT ( 'NONE',  ( 1.299038105676656008, 0.7499999999999590328, -5.583333333332659798 ) ) ;
#1474 = DIRECTION ( 'NONE',  ( 1.000000000000000000, -8.326672684688661234E-16, 2.312964634635742661E-15 ) ) ;
#1475 = CARTESIAN_POINT ( 'NONE',  ( -0.8660254037844384856, -1.500000000000036637, -2.291666666666858365 ) ) ;
#1476 = CARTESIAN_POINT ( 'NONE',  ( 1.017788105676631805, 0.5876202367903620161, -4.895833333332820558 ) ) ;
#1477 = EDGE_CURVE ( 'NONE', #1787, #1365, #1852, .T. ) ;
#1478 = FACE_OUTER_BOUND ( 'NONE', #2006, .T. ) ;
#1479 =( BOUNDED_CURVE ( )  B_SPLINE_CURVE ( 2, ( #1538, #2677, #2296, #3413, #928, #3153, #639, #2879, #190 ),
 .UNSPECIFIED., .F., .T. ) 
 B_SPLINE_CURVE_WITH_KNOTS ( ( 3, 2, 2, 2, 3 ),
 ( 0.3653846153846160294, 0.3717948717948720283, 0.3846153846153845257, 0.3974358974358974672, 0.4038461538461539657 ),
 .UNSPECIFIED. ) 
 CURVE ( )  GEOMETRIC_REPRESENTATION_ITEM ( )  RATIONAL_B_SPLINE_CURVE ( ( 0.9330127018922189652, 0.9330127018922259596, 1.000000000000000000, 0.8660254037844389297, 1.000000000000000000, 0.8660254037844389297, 1.000000000000000000, 0.9330127018922179660, 0.9330127018922189652 ) ) 
 REPRESENTATION_ITEM ( '' )  );
#1480 = CARTESIAN_POINT ( 'NONE',  ( -1.017788105676677768, -0.5876202367904439505, -3.083333333333160287 ) ) ;
#1481 = ORIENTED_EDGE ( 'NONE', *, *, #3528, .T. ) ;
#1482 = ORIENTED_EDGE ( 'NONE', *, *, #1943, .F. ) ;
#1483 = CARTESIAN_POINT ( 'NONE',  ( 1.017788105676649790, 0.5876202367904039825, -4.333333333332801018 ) ) ;
#1484 = AXIS2_PLACEMENT_3D ( 'NONE', #1201, #691, #1813 ) ;
#1485 = CARTESIAN_POINT ( 'NONE',  ( -1.299038105676681987, 0.7499999999999590328, -0.4791666666663639829 ) ) ;
#1486 = CARTESIAN_POINT ( 'NONE',  ( 0.000000000000000000, -1.500000000000000000, -2.312500000000104805 ) ) ;
#1487 = EDGE_LOOP ( 'NONE', ( #1426, #950, #2975, #3346 ) ) ;
#1488 = CYLINDRICAL_SURFACE ( 'NONE', #3407, 1.175240473580833944 ) ;
#1489 = AXIS2_PLACEMENT_3D ( 'NONE', #3327, #855, #1134 ) ;
#1490 = VECTOR ( 'NONE', #286, 1000.000000000000000 ) ;
#1491 = CARTESIAN_POINT ( 'NONE',  ( 1.387778780781445991E-14, -1.175240473580849931, -2.062499999999964917 ) ) ;
#1492 = DIRECTION ( 'NONE',  ( 0.000000000000000000, -1.000000000000000000, -2.400530044109884714E-17 ) ) ;
#1493 = CARTESIAN_POINT ( 'NONE',  ( -0.8660254037844556940, 1.499999999999972022, -1.458333333333542647 ) ) ;
#1494 = CC_DESIGN_APPROVAL ( #762, ( #2065 ) ) ;
#1495 = LINE ( 'NONE', #2608, #2532 ) ;
#1496 = CARTESIAN_POINT ( 'NONE',  ( -2.775557561562889773E-14, 1.175240473580791978, 0.2500000000001389999 ) ) ;
#1497 = CARTESIAN_POINT ( 'NONE',  ( 0.000000000000000000, 0.000000000000000000, 0.000000000000000000 ) ) ;
#1498 = CARTESIAN_POINT ( 'NONE',  ( 1.299038105676677990, -0.7500000000000129896, -4.229166666666895225 ) ) ;
#1499 = CARTESIAN_POINT ( 'NONE',  ( -1.397671204003087864, 0.5445320977688069553, -0.4052517832093814887 ) ) ;
#1500 = CARTESIAN_POINT ( 'NONE',  ( 3.469446951953614978E-15, -3.469446951953614978E-15, -5.299999999999690736 ) ) ;
#1501 = CARTESIAN_POINT ( 'NONE',  ( -2.081668171172170091E-14, 1.175240473580779987, -4.249999999999809930 ) ) ;
#1502 = VERTEX_POINT ( 'NONE', #110 ) ;
#1503 = CARTESIAN_POINT ( 'NONE',  ( 1.299038105676654009, -0.7500000000000289768, -3.729166666666949848 ) ) ;
#1504 =( BOUNDED_CURVE ( )  B_SPLINE_CURVE ( 2, ( #580, #1636, #1104, #1964, #3328, #3084, #593, #2193, #563 ),
 .UNSPECIFIED., .F., .F. ) 
 B_SPLINE_CURVE_WITH_KNOTS ( ( 3, 2, 2, 2, 3 ),
 ( 0.4807692307692310041, 0.4871794871794870030, 0.5000000000000000000, 0.5128205128205129970, 0.5192307692307689404 ),
 .UNSPECIFIED. ) 
 CURVE ( )  GEOMETRIC_REPRESENTATION_ITEM ( )  RATIONAL_B_SPLINE_CURVE ( ( 0.9330127018922189652, 0.9330127018922239612, 1.000000000000000000, 0.8660254037844389297, 1.000000000000000000, 0.8660254037844389297, 1.000000000000000000, 0.9330127018922209636, 0.9330127018922189652 ) ) 
 REPRESENTATION_ITEM ( '' )  );
#1505 = VERTEX_POINT ( 'NONE', #650 ) ;
#1506 = CARTESIAN_POINT ( 'NONE',  ( 0.6785254037844387076, 1.175240473580775102, -4.291666666666549723 ) ) ;
#1507 = EDGE_CURVE ( 'NONE', #1365, #600, #2610, .T. ) ;
#1508 = CARTESIAN_POINT ( 'NONE',  ( -1.175240473580858369, -0.3149047358083714165, -3.102670900630759565 ) ) ;
#1509 = DIRECTION ( 'NONE',  ( -3.647064326199800396E-15, 2.400530044110370049E-17, -1.000000000000000000 ) ) ;
#1510 = CARTESIAN_POINT ( 'NONE',  ( -0.8660254037844384856, 1.500000000000032196, -2.520833333333531989 ) ) ;
#1511 = ORIENTED_EDGE ( 'NONE', *, *, #1336, .F. ) ;
#1512 = DIRECTION ( 'NONE',  ( -2.312964634635745422E-15, -2.400530044109874854E-17, 1.000000000000000000 ) ) ;
#1513 = CARTESIAN_POINT ( 'NONE',  ( -1.732050807568862982, -3.805863650134137291E-14, 0.1249999999999043127 ) ) ;
#1514 = CARTESIAN_POINT ( 'NONE',  ( -0.4205537219392992410, -1.383304618279441511, -0.3669201028732558822 ) ) ;
#1515 = CARTESIAN_POINT ( 'NONE',  ( 0.8660254037845075414, -1.499999999999990230, -4.770833333333609261 ) ) ;
#1516 = CARTESIAN_POINT ( 'NONE',  ( -0.4333890392543309211, 1.193158394496668828, -8.306049574303427718 ) ) ;
#1517 = CARTESIAN_POINT ( 'NONE',  ( -1.299038105676641797, -0.7500000000000530687, -3.395833333333429849 ) ) ;
#1518 = CARTESIAN_POINT ( 'NONE',  ( -0.6785254037844308250, 1.175240473580770661, -2.270833333333468484 ) ) ;
#1519 = CARTESIAN_POINT ( 'NONE',  ( 0.000000000000000000, 0.000000000000000000, 0.000000000000000000 ) ) ;
#1520 = EDGE_CURVE ( 'NONE', #1871, #431, #3361, .T. ) ;
#1521 = CYLINDRICAL_SURFACE ( 'NONE', #1845, 1.500000000000000000 ) ;
#1522 = CARTESIAN_POINT ( 'NONE',  ( -1.499999999999984457, -0.4019237886467431631, -3.915170900630810191 ) ) ;
#1523 = FACE_OUTER_BOUND ( 'NONE', #1530, .T. ) ;
#1524 = CARTESIAN_POINT ( 'NONE',  ( -1.175240473580799971, 0.3149047358083254533, -3.209829099369189809 ) ) ;
#1525 = VERTEX_POINT ( 'NONE', #1361 ) ;
#1526 = ORIENTED_EDGE ( 'NONE', *, *, #1520, .T. ) ;
#1527 = DIRECTION ( 'NONE',  ( -3.647064326199800396E-15, 2.400530044110370049E-17, -1.000000000000000000 ) ) ;
#1528 = CARTESIAN_POINT ( 'NONE',  ( -1.357050807568874973, 6.009258394948633443E-14, -0.6875000000002751133 ) ) ;
#1529 = ADVANCED_FACE ( 'NONE', ( #808 ), #2831, .T. ) ;
#1530 = EDGE_LOOP ( 'NONE', ( #1313, #913, #2656 ) ) ;
#1531 = CARTESIAN_POINT ( 'NONE',  ( -0.2675173134368609151, -1.413383665384161603, -0.3621705816562166835 ) ) ;
#1532 = EDGE_CURVE ( 'NONE', #448, #1525, #2866, .T. ) ;
#1533 = VERTEX_POINT ( 'NONE', #722 ) ;
#1534 = CARTESIAN_POINT ( 'NONE',  ( -1.299038105676630028, -0.7500000000000980327, -4.895833333333489357 ) ) ;
#1535 = CARTESIAN_POINT ( 'NONE',  ( 1.250000000000000000, -0.7216878364870999985, -8.499999999999900524 ) ) ;
#1536 = DIRECTION ( 'NONE',  ( -2.168404344971010446E-15, -2.400530044109884714E-17, 1.000000000000000000 ) ) ;
#1537 = DIRECTION ( 'NONE',  ( -1.000000000000000000, 8.326672684688692789E-16, -2.081668171172168513E-15 ) ) ;
#1538 = CARTESIAN_POINT ( 'NONE',  ( -1.175240473580843936, 1.336351044127973947E-15, -1.625000000000225153 ) ) ;
#1539 = DIRECTION ( 'NONE',  ( 1.000000000000000000, -8.326672684688677011E-16, 2.124151195073641541E-15 ) ) ;
#1540 = CARTESIAN_POINT ( 'NONE',  ( -0.2655556388036544591, -1.203485292914918681, -4.999999999999730882 ) ) ;
#1541 = ORIENTED_EDGE ( 'NONE', *, *, #1222, .F. ) ;
#1542 = EDGE_LOOP ( 'NONE', ( #3089, #1413, #2086, #1282 ) ) ;
#1543 = EDGE_CURVE ( 'NONE', #2466, #2364, #1703, .T. ) ;
#1544 = CARTESIAN_POINT ( 'NONE',  ( -1.253764808134933739, 3.486133158594715031E-16, -0.2328360456929425004 ) ) ;
#1545 = EDGE_LOOP ( 'NONE', ( #1640, #1970, #1577, #2753 ) ) ;
#1546 = CARTESIAN_POINT ( 'NONE',  ( -1.017788105676639798, -0.5876202367904579393, -4.145833333332904935 ) ) ;
#1547 = VECTOR ( 'NONE', #1602, 1000.000000000000000 ) ;
#1548 = CARTESIAN_POINT ( 'NONE',  ( 0.8660254037844384856, -1.499999999999980904, -3.208333333333552861 ) ) ;
#1549 = CARTESIAN_POINT ( 'NONE',  ( 0.4642598822585208840, -1.329240756893760089, -0.3401104731887517607 ) ) ;
#1550 = CONICAL_SURFACE ( 'NONE', #2594, 0.9212404735808339407, 0.9599310885968838081 ) ;
#1551 = ORIENTED_EDGE ( 'NONE', *, *, #2526, .F. ) ;
#1552 = PLANE ( 'NONE',  #1841 ) ;
#1553 = CARTESIAN_POINT ( 'NONE',  ( 1.017788105676677768, -0.5876202367904750368, 0.5833333333336019333 ) ) ;
#1554 = CARTESIAN_POINT ( 'NONE',  ( 1.499999999999993561, -0.4019237886466821008, -1.647329099369568617 ) ) ;
#1555 = VECTOR ( 'NONE', #243, 1000.000000000000000 ) ;
#1556 = CARTESIAN_POINT ( 'NONE',  ( -0.9212404735808339407, 7.670867887395189899E-16, -1.981585217278004674E-15 ) ) ;
#1557 = CARTESIAN_POINT ( 'NONE',  ( -1.175240473580842604, -0.3149047358083809089, -1.165170900630997153 ) ) ;
#1558 = CARTESIAN_POINT ( 'NONE',  ( 1.175240473580849931, -9.296355089585910693E-16, -1.374999999999875877 ) ) ;
#1559 = CARTESIAN_POINT ( 'NONE',  ( -0.8660254037844384856, 1.499999999999949152, -2.520833333333531989 ) ) ;
#1560 = DIRECTION ( 'NONE',  ( -2.312964634635745422E-15, -2.400530044109874854E-17, 1.000000000000000000 ) ) ;
#1561 = CARTESIAN_POINT ( 'NONE',  ( -1.404318966632776444, 0.09479736748731155960, -4.999999999999732658 ) ) ;
#1562 = DIRECTION ( 'NONE',  ( -2.312964634635745422E-15, -2.400530044109874854E-17, 1.000000000000000000 ) ) ;
#1563 = ORIENTED_EDGE ( 'NONE', *, *, #771, .T. ) ;
#1564 = ORIENTED_EDGE ( 'NONE', *, *, #2270, .T. ) ;
#1565 = CARTESIAN_POINT ( 'NONE',  ( 1.387778780781445991E-14, -1.175240473580849931, -2.062499999999964917 ) ) ;
#1566 = CARTESIAN_POINT ( 'NONE',  ( 1.732050807568876971, 6.009258394948633443E-14, -1.687500000000534905 ) ) ;
#1567 = EDGE_CURVE ( 'NONE', #2578, #1329, #2082, .T. ) ;
#1568 = CARTESIAN_POINT ( 'NONE',  ( 0.6029766931061786295, -1.263458834530593267, -0.3351523248225633522 ) ) ;
#1569 = EDGE_LOOP ( 'NONE', ( #576, #2119, #1239, #2744 ) ) ;
#1570 = CARTESIAN_POINT ( 'NONE',  ( 0.000000000000000000, 0.000000000000000000, 0.000000000000000000 ) ) ;
#1571 = DIRECTION ( 'NONE',  ( 2.081668171172170091E-15, 2.400530044109889953E-17, -1.000000000000000000 ) ) ;
#1572 = CARTESIAN_POINT ( 'NONE',  ( 1.357050807568912276, 5.007715329123865620E-14, 0.1250000000000325018 ) ) ;
#1573 = CARTESIAN_POINT ( 'NONE',  ( 1.500000000000003331, 0.4019237886466799359, -4.102670900630579709 ) ) ;
#1574 = CARTESIAN_POINT ( 'NONE',  ( 3.469446951953614820E-14, -1.175240473580819955, -5.000000000000280664 ) ) ;
#1575 = CARTESIAN_POINT ( 'NONE',  ( 0.8660254037844951069, -1.500000000000043299, 0.7291666666664191609 ) ) ;
#1576 = VERTEX_POINT ( 'NONE', #1410 ) ;
#1577 = ORIENTED_EDGE ( 'NONE', *, *, #1315, .T. ) ;
#1578 =( BOUNDED_CURVE ( )  B_SPLINE_CURVE ( 2, ( #341, #1735, #1940, #1975, #1432, #912, #291, #2011, #3105 ),
 .UNSPECIFIED., .F., .F. ) 
 B_SPLINE_CURVE_WITH_KNOTS ( ( 3, 2, 2, 2, 3 ),
 ( 0.3269230769230769829, 0.3333333333333335369, 0.3461538461538459788, 0.3589743589743589758, 0.3653846153846160294 ),
 .UNSPECIFIED. ) 
 CURVE ( )  GEOMETRIC_REPRESENTATION_ITEM ( )  RATIONAL_B_SPLINE_CURVE ( ( 0.9330127018922189652, 0.9330127018922199644, 1.000000000000000000, 0.8660254037844389297, 1.000000000000000000, 0.8660254037844389297, 1.000000000000000000, 0.9330127018922119708, 0.9330127018922189652 ) ) 
 REPRESENTATION_ITEM ( '' )  );
#1579 = CARTESIAN_POINT ( 'NONE',  ( 0.000000000000000000, 0.000000000000000000, 0.000000000000000000 ) ) ;
#1580 = CARTESIAN_POINT ( 'NONE',  ( 1.329556218946474022, -2.739473158686900179E-11, -0.2859057628747420088 ) ) ;
#1581 = ORIENTED_EDGE ( 'NONE', *, *, #1532, .T. ) ;
#1582 = CARTESIAN_POINT ( 'NONE',  ( -1.499999999999980238, -0.4019237886467474374, -2.415170900630894568 ) ) ;
#1583 = CARTESIAN_POINT ( 'NONE',  ( -0.6785254037844307140, -1.175240473580830836, -1.041666666666981378 ) ) ;
#1584 = CARTESIAN_POINT ( 'NONE',  ( -1.175240473580831946, 1.684964359987444957E-15, -0.1875000000002544909 ) ) ;
#1585 = CARTESIAN_POINT ( 'NONE',  ( 2.428612866367529617E-14, 1.175240473580752010, -3.812499999999719780 ) ) ;
#1586 = CARTESIAN_POINT ( 'NONE',  ( -1.499999999999982014, -3.346687832250929901E-14, -4.875000000000000000 ) ) ;
#1587 = EDGE_CURVE ( 'NONE', #2946, #7, #2540, .T. ) ;
#1588 = CARTESIAN_POINT ( 'NONE',  ( -1.732050807568876971, -5.007715329123865620E-14, 0.5624999999998581135 ) ) ;
#1589 = EDGE_LOOP ( 'NONE', ( #2522, #1796, #799, #2058, #1006 ) ) ;
#1590 = VERTEX_POINT ( 'NONE', #604 ) ;
#1591 = CARTESIAN_POINT ( 'NONE',  ( 0.6785254037844226094, 1.175240473580759115, -4.854166666666533736 ) ) ;
#1592 = EDGE_CURVE ( 'NONE', #2062, #3446, #21, .T. ) ;
#1593 = CARTESIAN_POINT ( 'NONE',  ( -0.8660254037844637987, -1.500000000000020650, -1.354166666666838159 ) ) ;
#1594 = EDGE_CURVE ( 'NONE', #641, #2684, #1435, .T. ) ;
#1595 = CARTESIAN_POINT ( 'NONE',  ( 1.500000000000000000, -4.114764085016985166E-14, -4.999999999999720224 ) ) ;
#1596 = CARTESIAN_POINT ( 'NONE',  ( 0.3044709372751382981, -1.383824341257630097, -0.3454559099992654536 ) ) ;
#1597 = CARTESIAN_POINT ( 'NONE',  ( 1.175240473580830169, 5.810221930991200593E-16, -1.937499999999884981 ) ) ;
#1598 = VERTEX_POINT ( 'NONE', #584 ) ;
#1599 = CARTESIAN_POINT ( 'NONE',  ( 1.499999999999996891, -0.4019237886466942022, -2.209829099369572614 ) ) ;
#1600 = VECTOR ( 'NONE', #3442, 1000.000000000000000 ) ;
#1601 = CARTESIAN_POINT ( 'NONE',  ( 6.938893903907229955E-15, 1.175240473580821954, -0.2499999999998614997 ) ) ;
#1602 = DIRECTION ( 'NONE',  ( -3.647064326199800396E-15, 2.400530044110370049E-17, -1.000000000000000000 ) ) ;
#1603 = VECTOR ( 'NONE', #261, 1000.000000000000000 ) ;
#1604 = CARTESIAN_POINT ( 'NONE',  ( -0.8660254037843797548, -1.500000000000004663, -1.854166666666843044 ) ) ;
#1605 = AXIS2_PLACEMENT_3D ( 'NONE', #894, #1983, #922 ) ;
#1606 = EDGE_CURVE ( 'NONE', #1667, #1452, #1691, .T. ) ;
#1607 = FACE_OUTER_BOUND ( 'NONE', #1733, .T. ) ;
#1608 = CARTESIAN_POINT ( 'NONE',  ( 0.8660254037844384856, 1.500000000000041300, 0.8958333333332365589 ) ) ;
#1609 = DIRECTION ( 'NONE',  ( 1.000000000000000000, -8.326672684688661234E-16, 2.312964634635742661E-15 ) ) ;
#1610 = LOCAL_TIME ( 18, 50, 30.00000000000000000, #3345 ) ;
#1611 = CYLINDRICAL_SURFACE ( 'NONE', #3080, 1.250000000000000000 ) ;
#1612 = ORIENTED_EDGE ( 'NONE', *, *, #2040, .T. ) ;
#1613 = PERSON_AND_ORGANIZATION ( #18446744073709551615, #18446744073709551615 ) ;
#1614 = DIRECTION ( 'NONE',  ( 3.647064326199800396E-15, -2.400530044110370049E-17, 1.000000000000000000 ) ) ;
#1615 = CARTESIAN_POINT ( 'NONE',  ( 2.081668171172170091E-14, -3.989863994746654424E-14, -4.999999999999729994 ) ) ;
#1616 =( BOUNDED_CURVE ( )  B_SPLINE_CURVE ( 2, ( #1403, #72, #524, #1984, #52, #1135, #3363, #876, #1159 ),
 .UNSPECIFIED., .F., .F. ) 
 B_SPLINE_CURVE_WITH_KNOTS ( ( 3, 2, 2, 2, 3 ),
 ( 0.3653846153846160294, 0.3717948717948720283, 0.3846153846153845257, 0.3974358974358974672, 0.4038461538461539657 ),
 .UNSPECIFIED. ) 
 CURVE ( )  GEOMETRIC_REPRESENTATION_ITEM ( )  RATIONAL_B_SPLINE_CURVE ( ( 0.9330127018922189652, 0.9330127018922269588, 1.000000000000000000, 0.8660254037844389297, 1.000000000000000000, 0.8660254037844389297, 1.000000000000000000, 0.9330127018922189652, 0.9330127018922189652 ) ) 
 REPRESENTATION_ITEM ( '' )  );
#1617 = CARTESIAN_POINT ( 'NONE',  ( 1.499999999999996225, -0.4019237886466929255, -1.147329099369535976 ) ) ;
#1618 = CARTESIAN_POINT ( 'NONE',  ( -1.175240473580852374, -0.3149047358083785220, -2.665170900630700501 ) ) ;
#1619 = CARTESIAN_POINT ( 'NONE',  ( -1.017788105676687982, -0.5876202367904420631, -0.6458333333335120052 ) ) ;
#1620 = CARTESIAN_POINT ( 'NONE',  ( 1.299038105676610044, 0.7499999999999730216, 0.3541666666666554719 ) ) ;
#1621 = CARTESIAN_POINT ( 'NONE',  ( -0.8166109607446103702, -0.9719051149650010935, -8.306049574302775795 ) ) ;
#1622 = CARTESIAN_POINT ( 'NONE',  ( 1.299038105676630028, 0.7499999999999900080, -4.145833333332684667 ) ) ;
#1623 = EDGE_CURVE ( 'NONE', #3368, #600, #362, .T. ) ;
#1624 = DIRECTION ( 'NONE',  ( -1.000000000000000000, 8.326672684688692789E-16, -2.081668171172168513E-15 ) ) ;
#1625 = ORIENTED_EDGE ( 'NONE', *, *, #2270, .F. ) ;
#1626 = CARTESIAN_POINT ( 'NONE',  ( -1.734723475976804570E-14, 1.499999999999986011, -1.500000000000170086 ) ) ;
#1627 = ORIENTED_EDGE ( 'NONE', *, *, #2253, .F. ) ;
#1628 = CARTESIAN_POINT ( 'NONE',  ( -1.017788105676659782, 0.5876202367903500257, -2.666666666666314800 ) ) ;
#1629 = FACE_OUTER_BOUND ( 'NONE', #255, .T. ) ;
#1630 = EDGE_CURVE ( 'NONE', #3430, #3259, #2906, .T. ) ;
#1631 = CARTESIAN_POINT ( 'NONE',  ( 1.250000000000000000, -2.775557561562889773E-14, -7.099999999999829114 ) ) ;
#1632 = CC_DESIGN_PERSON_AND_ORGANIZATION_ASSIGNMENT ( #2745, #3578, ( #3121 ) ) ;
#1633 = EDGE_CURVE ( 'NONE', #1576, #2431, #43, .T. ) ;
#1634 = CARTESIAN_POINT ( 'NONE',  ( -0.6785254037844469233, 1.175240473580814404, -1.270833333333524440 ) ) ;
#1635 = CARTESIAN_POINT ( 'NONE',  ( -1.249999999999972022, 0.7216878364869759865, -7.099999999999829114 ) ) ;
#1636 = CARTESIAN_POINT ( 'NONE',  ( 1.499999999999993561, -0.4019237886467003085, -2.647329099369541971 ) ) ;
#1637 = CARTESIAN_POINT ( 'NONE',  ( -0.8660254037844384856, -1.500000000000027311, -0.8541666666668361607 ) ) ;
#1638 = CARTESIAN_POINT ( 'NONE',  ( 1.249999999999984013, 2.165063509461075064, -7.099999999999829114 ) ) ;
#1639 = FACE_OUTER_BOUND ( 'NONE', #77, .T. ) ;
#1640 = ORIENTED_EDGE ( 'NONE', *, *, #1829, .F. ) ;
#1641 = CARTESIAN_POINT ( 'NONE',  ( 1.017788105676631805, 0.5876202367903620161, -4.895833333332820558 ) ) ;
#1642 = CARTESIAN_POINT ( 'NONE',  ( 1.499999999999998890, 0.4019237886466676124, -1.602670900630934536 ) ) ;
#1643 = ORIENTED_EDGE ( 'NONE', *, *, #3532, .F. ) ;
#1644 = PERSON_AND_ORGANIZATION ( #18446744073709551615, #18446744073709551615 ) ;
#1645 = FACE_OUTER_BOUND ( 'NONE', #3350, .T. ) ;
#1646 = CARTESIAN_POINT ( 'NONE',  ( -1.307989716205181896, -0.7254220663475922093, -0.4006894893899988763 ) ) ;
#1647 = ORIENTED_EDGE ( 'NONE', *, *, #394, .F. ) ;
#1648 = CARTESIAN_POINT ( 'NONE',  ( -3.469446951953614820E-14, 1.175240473580775991, -4.749999999999750422 ) ) ;
#1649 = CARTESIAN_POINT ( 'NONE',  ( 1.017788105676639798, 0.5876202367903730073, -1.833333333333129866 ) ) ;
#1650 = CARTESIAN_POINT ( 'NONE',  ( -1.175240473580830169, 4.067155351693835189E-16, -1.125000000000222045 ) ) ;
#1651 = CARTESIAN_POINT ( 'NONE',  ( -1.500000000000010658, 0.4019237886466500154, -2.397329099369077898 ) ) ;
#1652 = CARTESIAN_POINT ( 'NONE',  ( -0.6785254037844388186, 1.175240473580819067, -2.208333333333482695 ) ) ;
#1653 = CARTESIAN_POINT ( 'NONE',  ( -0.6785254037844259400, 1.175240473580807521, 0.2291666666664808893 ) ) ;
#1654 = CARTESIAN_POINT ( 'NONE',  ( 2.428612866367529617E-14, -1.500000000000000000, -1.249999999999862110 ) ) ;
#1655 = CARTESIAN_POINT ( 'NONE',  ( -0.9212404735808339407, 7.670867887395189899E-16, -1.981585217278004674E-15 ) ) ;
#1656 = CARTESIAN_POINT ( 'NONE',  ( 1.175240473580863920, -0.3149047358083545411, -1.897329099369136074 ) ) ;
#1657 = CARTESIAN_POINT ( 'NONE',  ( 1.299038105676612043, 0.7499999999999730216, -1.145833333333401871 ) ) ;
#1658 = CARTESIAN_POINT ( 'NONE',  ( -1.249999999999997113, -0.1218770393571695504, -8.306624327025440735 ) ) ;
#1659 = EDGE_LOOP ( 'NONE', ( #2104, #2887, #483 ) ) ;
#1660 = CONICAL_SURFACE ( 'NONE', #551, 1.443375672974063884, 0.7853981633974503884 ) ;
#1661 = CARTESIAN_POINT ( 'NONE',  ( 1.175240473580839939, 3.021315404115419891E-15, -4.437499999999829470 ) ) ;
#1662 = CARTESIAN_POINT ( 'NONE',  ( -1.499999999999993117, 0.4019237886466579535, -1.959829099369198468 ) ) ;
#1663 = ORIENTED_EDGE ( 'NONE', *, *, #3417, .T. ) ;
#1664 = DIRECTION ( 'NONE',  ( -1.000000000000000000, 8.326672684688679970E-16, -2.150996698587985373E-15 ) ) ;
#1665 = EDGE_CURVE ( 'NONE', #3171, #778, #753, .T. ) ;
#1666 =( BOUNDED_CURVE ( )  B_SPLINE_CURVE ( 2, ( #1253, #3232, #732, #1834, #1565, #103, #3095, #579, #3376 ),
 .UNSPECIFIED., .F., .F. ) 
 B_SPLINE_CURVE_WITH_KNOTS ( ( 3, 2, 2, 2, 3 ),
 ( 0.4038461538461539657, 0.4102564102564105197, 0.4230769230769230171, 0.4358974358974360142, 0.4423076923076929567 ),
 .UNSPECIFIED. ) 
 CURVE ( )  GEOMETRIC_REPRESENTATION_ITEM ( )  RATIONAL_B_SPLINE_CURVE ( ( 0.9330127018922189652, 0.9330127018922199644, 1.000000000000000000, 0.8660254037844389297, 1.000000000000000000, 0.8660254037844389297, 1.000000000000000000, 0.9330127018922139692, 0.9330127018922189652 ) ) 
 REPRESENTATION_ITEM ( '' )  );
#1667 = VERTEX_POINT ( 'NONE', #2641 ) ;
#1668 = CARTESIAN_POINT ( 'NONE',  ( 1.316696573504986922, 0.2735398309912777659, -0.2769013421939532371 ) ) ;
#1669 = CARTESIAN_POINT ( 'NONE',  ( 1.175240473580827949, -1.743066579297359981E-15, -4.937499999999799272 ) ) ;
#1670 = CARTESIAN_POINT ( 'NONE',  ( 0.6785254037844780095, -1.175240473580802858, -1.958333333333609039 ) ) ;
#1671 = ADVANCED_FACE ( 'NONE', ( #157 ), #256, .F. ) ;
#1672 = LINE ( 'NONE', #2782, #1490 ) ;
#1673 = DIRECTION ( 'NONE',  ( -1.000000000000000000, 8.326672684688679970E-16, -2.150996698587985373E-15 ) ) ;
#1674 = ADVANCED_FACE ( 'NONE', ( #3542 ), #2218, .T. ) ;
#1675 = CARTESIAN_POINT ( 'NONE',  ( -1.499999999999999556, 0.4019237886466446308, -1.397329099369165606 ) ) ;
#1676 = ORIENTED_EDGE ( 'NONE', *, *, #20, .T. ) ;
#1677 = CARTESIAN_POINT ( 'NONE',  ( -1.250000000000000000, -0.7216878364870470408, -7.100000000000000533 ) ) ;
#1678 = CARTESIAN_POINT ( 'NONE',  ( 3.469446951953614820E-14, -1.500000000000000000, -4.812499999999830358 ) ) ;
#1679 = ORIENTED_EDGE ( 'NONE', *, *, #1368, .F. ) ;
#1680 = CARTESIAN_POINT ( 'NONE',  ( 1.162599397608006901, -0.4322874213350836881, -4.999999999999727329 ) ) ;
#1681 = CARTESIAN_POINT ( 'NONE',  ( 1.017788105676691979, -0.5876202367904730384, -2.416666666666900110 ) ) ;
#1682 = CARTESIAN_POINT ( 'NONE',  ( 1.299038105676612043, 0.7499999999999730216, -1.145833333333401871 ) ) ;
#1683 = CARTESIAN_POINT ( 'NONE',  ( 1.299038105676650012, -0.7500000000000419664, -5.166666666666930752 ) ) ;
#1684 = CARTESIAN_POINT ( 'NONE',  ( 0.4287835680108018077, 1.195817364558887652, -8.307204735838443099 ) ) ;
#1685 = CARTESIAN_POINT ( 'NONE',  ( -1.299038105676683985, 0.7499999999999610312, -0.9791666666664200491 ) ) ;
#1686 = CARTESIAN_POINT ( 'NONE',  ( -1.500000000000012434, 0.4019237886466767162, -3.897329099369231109 ) ) ;
#1687 = EDGE_CURVE ( 'NONE', #3509, #2466, #2467, .T. ) ;
#1688 = CARTESIAN_POINT ( 'NONE',  ( 0.6785254037844697939, -1.175240473580835054, -4.958333333333560411 ) ) ;
#1689 = EDGE_LOOP ( 'NONE', ( #902, #1732, #1255, #3524, #2236, #841, #1563, #3488 ) ) ;
#1690 = PERSON_AND_ORGANIZATION_ROLE ( 'design_owner' ) ;
#1691 = LINE ( 'NONE', #2823, #1256 ) ;
#1692 = ADVANCED_FACE ( 'NONE', ( #3561, #3013 ), #685, .T. ) ;
#1693 = COORDINATED_UNIVERSAL_TIME_OFFSET ( 10, 0, .AHEAD. ) ;
#1694 = FACE_OUTER_BOUND ( 'NONE', #1689, .T. ) ;
#1695 = ORIENTED_EDGE ( 'NONE', *, *, #1803, .T. ) ;
#1696 = CARTESIAN_POINT ( 'NONE',  ( -1.167338565709830078, -0.1360545616620467690, -0.1778527147056064850 ) ) ;
#1697 = EDGE_CURVE ( 'NONE', #2955, #865, #378, .T. ) ;
#1698 = CARTESIAN_POINT ( 'NONE',  ( 1.500000000000000222, -4.334425560519429446E-14, -2.625000000000110134 ) ) ;
#1699 = CARTESIAN_POINT ( 'NONE',  ( 1.175240473580841938, -3.486133158594715031E-16, -3.437499999999889866 ) ) ;
#1700 = CARTESIAN_POINT ( 'NONE',  ( 2.081668171172170091E-14, -3.989863994746654424E-14, -4.999999999999729994 ) ) ;
#1701 = CARTESIAN_POINT ( 'NONE',  ( -1.500000000000024869, -3.811505586730224213E-14, -2.937499999999915179 ) ) ;
#1702 = CARTESIAN_POINT ( 'NONE',  ( 0.6785254037844259400, 1.175240473580759115, -2.854166666666526631 ) ) ;
#1703 =( BOUNDED_CURVE ( )  B_SPLINE_CURVE ( 2, ( #439, #1554, #3499, #781, #3316, #2446, #3559, #2768, #3039 ),
 .UNSPECIFIED., .F., .F. ) 
 B_SPLINE_CURVE_WITH_KNOTS ( ( 3, 2, 2, 2, 3 ),
 ( 0.3269230769230774825, 0.3333333333333335369, 0.3461538461538459788, 0.3589743589743589758, 0.3653846153846155298 ),
 .UNSPECIFIED. ) 
 CURVE ( )  GEOMETRIC_REPRESENTATION_ITEM ( )  RATIONAL_B_SPLINE_CURVE ( ( 0.9330127018922189652, 0.9330127018922239612, 1.000000000000000000, 0.8660254037844389297, 1.000000000000000000, 0.8660254037844389297, 1.000000000000000000, 0.9330127018922179660, 0.9330127018922189652 ) ) 
 REPRESENTATION_ITEM ( '' )  );
#1704 = CARTESIAN_POINT ( 'NONE',  ( 1.027707124852072829, -0.8500286877926541695, -8.371659148693529673 ) ) ;
#1705 = DIRECTION ( 'NONE',  ( -1.000000000000000000, 8.326672684688679970E-16, -2.150996698587985373E-15 ) ) ;
#1706 = EDGE_CURVE ( 'NONE', #263, #3523, #3348, .T. ) ;
#1707 = CARTESIAN_POINT ( 'NONE',  ( 1.500000000000000000, -4.102016683279784499E-14, -0.6250000000002490230 ) ) ;
#1708 = AXIS2_PLACEMENT_3D ( 'NONE', #2292, #3391, #384 ) ;
#1709 = CARTESIAN_POINT ( 'NONE',  ( 0.000000000000000000, -1.175240473580879907, -5.062500000000139444 ) ) ;
#1710 = CARTESIAN_POINT ( 'NONE',  ( 1.357050807568874973, 4.406789489628998615E-14, -2.437499999999965805 ) ) ;
#1711 = VECTOR ( 'NONE', #3360, 999.9999999999998863 ) ;
#1712 = CARTESIAN_POINT ( 'NONE',  ( 1.017788105676677768, -0.5876202367904319601, -0.4166666666665099772 ) ) ;
#1713 = CARTESIAN_POINT ( 'NONE',  ( -0.6785254037843982955, -1.175240473580895229, -5.041666666666936969 ) ) ;
#1714 = ORIENTED_EDGE ( 'NONE', *, *, #698, .T. ) ;
#1715 = ORIENTED_EDGE ( 'NONE', *, *, #2067, .T. ) ;
#1716 = AXIS2_PLACEMENT_3D ( 'NONE', #1048, #2947, #2127 ) ;
#1717 = VECTOR ( 'NONE', #1986, 1000.000000000000000 ) ;
#1718 = CARTESIAN_POINT ( 'NONE',  ( 0.000000000000000000, -1.175240473580874134, -3.000000000000280220 ) ) ;
#1719 = CONICAL_SURFACE ( 'NONE', #2419, 2.449999999999999734, 0.7853981633974497223 ) ;
#1720 = VECTOR ( 'NONE', #1248, 1000.000000000000000 ) ;
#1721 = ADVANCED_FACE ( 'NONE', ( #961 ), #2637, .T. ) ;
#1722 = ORIENTED_EDGE ( 'NONE', *, *, #1897, .F. ) ;
#1723 = CARTESIAN_POINT ( 'NONE',  ( 1.249999999999960698, -0.3576798075811105093, -8.356729154196406384 ) ) ;
#1724 = CARTESIAN_POINT ( 'NONE',  ( 1.040834085586083941E-14, -1.499999999999960032, -0.2499999999998614997 ) ) ;
#1725 = CARTESIAN_POINT ( 'NONE',  ( -0.5371140418966894314, -1.349924726341256376, -0.3706680636025959097 ) ) ;
#1726 = CARTESIAN_POINT ( 'NONE',  ( -1.500000000000000000, -3.625578484938504342E-14, -4.375000000000000000 ) ) ;
#1727 = CARTESIAN_POINT ( 'NONE',  ( -1.175240473580869249, -0.3149047358083629233, -4.102670900630703166 ) ) ;
#1728 = CARTESIAN_POINT ( 'NONE',  ( -1.500000000000000222, -3.950950913074015220E-14, -4.437499999999999112 ) ) ;
#1729 = CARTESIAN_POINT ( 'NONE',  ( -2.449999999999999734, -2.541550234208909861E-14, -8.499999999999570122 ) ) ;
#1730 = DATE_AND_TIME ( #1448, #2663 ) ;
#1731 = CARTESIAN_POINT ( 'NONE',  ( 1.017788105676621813, 0.5876202367903899937, -3.333333333332689996 ) ) ;
#1732 = ORIENTED_EDGE ( 'NONE', *, *, #42, .F. ) ;
#1733 = EDGE_LOOP ( 'NONE', ( #2801, #687, #379, #531 ) ) ;
#1734 = CARTESIAN_POINT ( 'NONE',  ( 1.299038105676630028, 0.7499999999999350520, -3.583333333332660242 ) ) ;
#1735 = CARTESIAN_POINT ( 'NONE',  ( 1.175240473580861700, -0.3149047358083603698, -1.459829099369168715 ) ) ;
#1736 = CARTESIAN_POINT ( 'NONE',  ( 1.299038105676654009, -0.7500000000000580647, -2.729166666666839713 ) ) ;
#1737 = ORIENTED_EDGE ( 'NONE', *, *, #1687, .T. ) ;
#1738 = EDGE_CURVE ( 'NONE', #2946, #410, #1762, .T. ) ;
#1739 = CYLINDRICAL_SURFACE ( 'NONE', #806, 1.500000000000000000 ) ;
#1740 = CARTESIAN_POINT ( 'NONE',  ( -0.6785254037844549169, 1.175240473580740241, -5.770833333333484028 ) ) ;
#1741 = CARTESIAN_POINT ( 'NONE',  ( -1.500000000000000000, -3.515184268249674791E-14, -1.875000000000000000 ) ) ;
#1742 = CARTESIAN_POINT ( 'NONE',  ( 3.469446951953614820E-14, -1.500000000000000000, -3.812500000000164757 ) ) ;
#1743 = CARTESIAN_POINT ( 'NONE',  ( -1.175240473580824174, 0.3149047358083111869, -4.709829099369220451 ) ) ;
#1744 = CARTESIAN_POINT ( 'NONE',  ( 1.017788105676683985, -0.5876202367904589385, -0.9791666666664200491 ) ) ;
#1745 = CARTESIAN_POINT ( 'NONE',  ( 0.6785254037843982955, 1.175240473580849265, -2.291666666666540841 ) ) ;
#1746 = LINE ( 'NONE', #1761, #2478 ) ;
#1747 = CARTESIAN_POINT ( 'NONE',  ( 2.081668171172170091E-14, -1.175240473580831946, -3.000000000000280220 ) ) ;
#1748 = EDGE_LOOP ( 'NONE', ( #2079, #23, #3367 ) ) ;
#1749 = DIRECTION ( 'NONE',  ( 2.081668171172170091E-15, 2.400530044109889953E-17, -1.000000000000000000 ) ) ;
#1750 = ORIENTED_EDGE ( 'NONE', *, *, #2909, .T. ) ;
#1751 = CARTESIAN_POINT ( 'NONE',  ( 1.175240473580835943, -2.324088772396480138E-16, -3.937499999999799716 ) ) ;
#1752 = CARTESIAN_POINT ( 'NONE',  ( -0.8660254037844510311, 1.500000000000001776, -1.958333333333545978 ) ) ;
#1753 = CARTESIAN_POINT ( 'NONE',  ( 0.8660254037844556940, -1.500000000000036637, -2.770833333333595938 ) ) ;
#1754 = ORIENTED_EDGE ( 'NONE', *, *, #1633, .T. ) ;
#1755 = CARTESIAN_POINT ( 'NONE',  ( 1.299038105676689980, -0.7500000000000289768, -5.666666666666879237 ) ) ;
#1756 = CARTESIAN_POINT ( 'NONE',  ( 1.249999999999960920, -0.06034715396764667866, -8.306592697679683113 ) ) ;
#1757 = CARTESIAN_POINT ( 'NONE',  ( -1.299038105676667998, 0.7499999999999590328, -1.416666666666400065 ) ) ;
#1758 = CARTESIAN_POINT ( 'NONE',  ( 0.6785254037844226094, 1.175240473580759115, 0.7083333333334760340 ) ) ;
#1759 = FACE_OUTER_BOUND ( 'NONE', #2492, .T. ) ;
#1760 = CARTESIAN_POINT ( 'NONE',  ( -0.8660254037843829744, -1.499999999999997335, -0.7916666666668515928 ) ) ;
#1761 = CARTESIAN_POINT ( 'NONE',  ( 1.175240473580833944, -8.346588265106930416E-16, 2.527938378719355031E-15 ) ) ;
#1762 = LINE ( 'NONE', #1247, #2658 ) ;
#1763 = CARTESIAN_POINT ( 'NONE',  ( -1.357050807568851880, -5.408332555453773380E-14, -3.125000000000241585 ) ) ;
#1764 = EDGE_LOOP ( 'NONE', ( #1541, #87, #3324, #2251 ) ) ;
#1765 = CARTESIAN_POINT ( 'NONE',  ( 1.357050807568874973, 4.206480876464043789E-14, -3.437499999999966693 ) ) ;
#1766 = ORIENTED_EDGE ( 'NONE', *, *, #323, .F. ) ;
#1767 = CARTESIAN_POINT ( 'NONE',  ( -4.163336342344334502E-14, 1.499999999999934053, -2.999999999999390266 ) ) ;
#1768 = VECTOR ( 'NONE', #2388, 1000.000000000000000 ) ;
#1769 = CARTESIAN_POINT ( 'NONE',  ( -1.299038105676683985, 0.7499999999999610312, -5.916666666666290375 ) ) ;
#1770 = AXIS2_PLACEMENT_3D ( 'NONE', #1024, #466, #752 ) ;
#1771 = CARTESIAN_POINT ( 'NONE',  ( -1.299038105676669996, 0.7499999999999590328, -1.479166666666476004 ) ) ;
#1772 = CARTESIAN_POINT ( 'NONE',  ( 1.175240473580823508, -0.3149047358083378878, -4.397329099369261307 ) ) ;
#1773 = ORIENTED_EDGE ( 'NONE', *, *, #1606, .F. ) ;
#1774 = AXIS2_PLACEMENT_3D ( 'NONE', #559, #1929, #297 ) ;
#1775 = VECTOR ( 'NONE', #2393, 1000.000000000000000 ) ;
#1776 = FACE_OUTER_BOUND ( 'NONE', #1882, .T. ) ;
#1777 = CARTESIAN_POINT ( 'NONE',  ( 0.8660254037844384856, 1.499999999999985789, -0.04166666666678436187 ) ) ;
#1778 = LINE ( 'NONE', #3177, #3079 ) ;
#1779 = EDGE_CURVE ( 'NONE', #431, #1871, #2295, .T. ) ;
#1780 = CIRCLE ( 'NONE', #2907, 1.500000000000000000 ) ;
#1781 = CARTESIAN_POINT ( 'NONE',  ( 1.017788105676654009, 0.5876202367904299617, 0.6666666666668150665 ) ) ;
#1782 = DIRECTION ( 'NONE',  ( 2.150996698587985373E-15, 2.400530044109884714E-17, -1.000000000000000000 ) ) ;
#1783 = CARTESIAN_POINT ( 'NONE',  ( 3.816391647148974346E-14, -1.500000000000000000, -3.312500000000219824 ) ) ;
#1784 = CARTESIAN_POINT ( 'NONE',  ( -0.6785254037844259400, -1.175240473580828171, -1.104166666666965835 ) ) ;
#1785 = FACE_OUTER_BOUND ( 'NONE', #2926, .T. ) ;
#1786 = CARTESIAN_POINT ( 'NONE',  ( 0.6785254037844179464, 1.175240473580791312, -5.291666666666555052 ) ) ;
#1787 = VERTEX_POINT ( 'NONE', #2355 ) ;
#1788 = ORIENTED_EDGE ( 'NONE', *, *, #1779, .F. ) ;
#1789 = CARTESIAN_POINT ( 'NONE',  ( -1.175240473580858147, -0.3149047358083761350, -1.602670900630903894 ) ) ;
#1790 = EDGE_CURVE ( 'NONE', #3106, #125, #134, .T. ) ;
#1791 = CARTESIAN_POINT ( 'NONE',  ( 1.249999999999980016, -0.7216878364870729090, -7.100000000000270539 ) ) ;
#1792 = CARTESIAN_POINT ( 'NONE',  ( 1.732050807568876971, 3.405246423804224482E-14, -2.187500000000473399 ) ) ;
#1793 = ORIENTED_EDGE ( 'NONE', *, *, #1196, .T. ) ;
#1794 =( BOUNDED_CURVE ( )  B_SPLINE_CURVE ( 2, ( #2435, #3243, #747, #1559, #1874, #2725, #2676, #1021, #3004 ),
 .UNSPECIFIED., .F., .T. ) 
 B_SPLINE_CURVE_WITH_KNOTS ( ( 3, 2, 2, 2, 3 ),
 ( 0.5192307692307689404, 0.5256410256410259940, 0.5384615384615379918, 0.5512820512820510999, 0.5576923076923080425 ),
 .UNSPECIFIED. ) 
 CURVE ( )  GEOMETRIC_REPRESENTATION_ITEM ( )  RATIONAL_B_SPLINE_CURVE ( ( 0.9330127018922189652, 0.9330127018922199644, 1.000000000000000000, 0.8660254037844389297, 1.000000000000000000, 0.8660254037844389297, 1.000000000000000000, 0.9330127018922159676, 0.9330127018922189652 ) ) 
 REPRESENTATION_ITEM ( '' )  );
#1795 = CARTESIAN_POINT ( 'NONE',  ( -1.299038105676664001, 0.7500000000000000000, -3.916666666666515528 ) ) ;
#1796 = ORIENTED_EDGE ( 'NONE', *, *, #139, .T. ) ;
#1797 = CARTESIAN_POINT ( 'NONE',  ( 1.175240473580833944, -8.346588265106930416E-16, 2.527938378719355031E-15 ) ) ;
#1798 = CARTESIAN_POINT ( 'NONE',  ( 0.8660254037844187236, 1.500000000000001554, -5.104166666666791308 ) ) ;
#1799 = CARTESIAN_POINT ( 'NONE',  ( -1.357050807568861428, -3.805863650134137291E-14, -1.687500000000281331 ) ) ;
#1800 = CARTESIAN_POINT ( 'NONE',  ( -1.499999999999993117, -0.4019237886467340592, -3.415170900630837281 ) ) ;
#1801 = CARTESIAN_POINT ( 'NONE',  ( -0.6785254037844308250, -1.175240473580830614, -1.041666666666981378 ) ) ;
#1802 = CARTESIAN_POINT ( 'NONE',  ( 2.081668171172170091E-14, -3.989863994746654424E-14, -4.999999999999729994 ) ) ;
#1803 = EDGE_CURVE ( 'NONE', #391, #2118, #3462, .T. ) ;
#1804 = DIRECTION ( 'NONE',  ( 0.4999999999999995004, -0.8660254037844390407, 1.017930956989656083E-15 ) ) ;
#1805 = CARTESIAN_POINT ( 'NONE',  ( 2.081668171172170091E-14, -1.499999999999988010, -2.812500000000274891 ) ) ;
#1806 = CARTESIAN_POINT ( 'NONE',  ( -1.499999999999984013, -4.276323341209519156E-14, -3.937500000000000000 ) ) ;
#1807 = CARTESIAN_POINT ( 'NONE',  ( 6.938893903907229955E-15, -2.775557561562889773E-14, -8.499999999999559464 ) ) ;
#1808 = LINE ( 'NONE', #221, #2601 ) ;
#1809 = CARTESIAN_POINT ( 'NONE',  ( -0.6785254037844780095, 1.175240473580851264, -3.270833333333469817 ) ) ;
#1810 = ORIENTED_EDGE ( 'NONE', *, *, #2395, .F. ) ;
#1811 = ORIENTED_EDGE ( 'NONE', *, *, #3388, .T. ) ;
#1812 = CARTESIAN_POINT ( 'NONE',  ( 1.299038105676630028, 0.7499999999999870104, -3.083333333332715309 ) ) ;
#1813 = DIRECTION ( 'NONE',  ( 1.000000000000000000, -8.326672684688661234E-16, 2.312964634635742661E-15 ) ) ;
#1814 = CARTESIAN_POINT ( 'NONE',  ( 0.6785254037844860031, -1.175240473580800638, -0.5208333333335870563 ) ) ;
#1815 = LINE ( 'NONE', #3541, #1555 ) ;
#1816 = ORIENTED_EDGE ( 'NONE', *, *, #2464, .T. ) ;
#1817 = ADVANCED_FACE ( 'NONE', ( #3104 ), #2934, .F. ) ;
#1818 = CARTESIAN_POINT ( 'NONE',  ( 1.299038105676641797, -0.7500000000000000000, -3.166666666666929864 ) ) ;
#1819 = CARTESIAN_POINT ( 'NONE',  ( -0.3108529206138601064, -1.406560045526573655, -0.3634916787166036500 ) ) ;
#1820 = VERTEX_POINT ( 'NONE', #3485 ) ;
#1821 = CARTESIAN_POINT ( 'NONE',  ( -0.6785254037844664632, 1.175240473580823730, -3.708333333333426740 ) ) ;
#1822 = CARTESIAN_POINT ( 'NONE',  ( 1.175240473580835943, -2.324088772396480138E-16, -3.937499999999799716 ) ) ;
#1823 = CARTESIAN_POINT ( 'NONE',  ( -2.775557561562889773E-14, 1.175240473580793976, 0.7500000000000840439 ) ) ;
#1824 = EDGE_CURVE ( 'NONE', #1100, #3434, #2093, .T. ) ;
#1825 = LINE ( 'NONE', #1244, #2716 ) ;
#1826 = CARTESIAN_POINT ( 'NONE',  ( 3.469446951953614820E-14, -1.500000000000000000, -3.812500000000164757 ) ) ;
#1827 = CARTESIAN_POINT ( 'NONE',  ( -1.175240473580839939, 2.324088772396480138E-16, -0.6875000000002519096 ) ) ;
#1828 = CARTESIAN_POINT ( 'NONE',  ( 0.000000000000000000, 0.000000000000000000, 0.000000000000000000 ) ) ;
#1829 = EDGE_CURVE ( 'NONE', #2911, #2431, #219, .T. ) ;
#1830 = CARTESIAN_POINT ( 'NONE',  ( 1.017788105676654009, 0.5876202367903480273, -5.333333333332690884 ) ) ;
#1831 = ORIENTED_EDGE ( 'NONE', *, *, #1188, .F. ) ;
#1832 = ORIENTED_EDGE ( 'NONE', *, *, #1665, .F. ) ;
#1833 =( BOUNDED_CURVE ( )  B_SPLINE_CURVE ( 2, ( #109, #2259, #2894, #69, #3424, #1982, #939, #3111, #2033 ),
 .UNSPECIFIED., .F., .T. ) 
 B_SPLINE_CURVE_WITH_KNOTS ( ( 3, 2, 2, 2, 3 ),
 ( 0.7884615384615389910, 0.7948717948717949344, 0.8076923076923080425, 0.8205128205128210395, 0.8269230769230769829 ),
 .UNSPECIFIED. ) 
 CURVE ( )  GEOMETRIC_REPRESENTATION_ITEM ( )  RATIONAL_B_SPLINE_CURVE ( ( 0.9330127018922189652, 0.9330127018922199644, 1.000000000000000000, 0.8660254037844389297, 1.000000000000000000, 0.8660254037844389297, 1.000000000000000000, 0.9330127018922129700, 0.9330127018922189652 ) ) 
 REPRESENTATION_ITEM ( '' )  );
#1834 = CARTESIAN_POINT ( 'NONE',  ( 0.6785254037844905550, -1.175240473580890788, -2.020833333333594606 ) ) ;
#1835 = CARTESIAN_POINT ( 'NONE',  ( 3.469446951953614820E-14, -1.175240473580821954, -0.5625000000000209832 ) ) ;
#1836 = ORIENTED_EDGE ( 'NONE', *, *, #1963, .T. ) ;
#1837 = VECTOR ( 'NONE', #1527, 1000.000000000000000 ) ;
#1838 = CC_DESIGN_PERSON_AND_ORGANIZATION_ASSIGNMENT ( #884, #1973, ( #1207 ) ) ;
#1839 = EDGE_CURVE ( 'NONE', #224, #467, #2889, .T. ) ;
#1840 = CARTESIAN_POINT ( 'NONE',  ( 0.2503678360080207610, -1.394998862083402180, -0.3471352137782303671 ) ) ;
#1841 = AXIS2_PLACEMENT_3D ( 'NONE', #759, #3237, #2966 ) ;
#1842 = DIRECTION ( 'NONE',  ( -2.312964634635745422E-15, -2.400530044109874854E-17, 1.000000000000000000 ) ) ;
#1843 = CARTESIAN_POINT ( 'NONE',  ( 1.734723475976804570E-14, -1.175240473580849931, 0.4999999999999450440 ) ) ;
#1844 = CC_DESIGN_APPROVAL ( #1459, ( #1207 ) ) ;
#1845 = AXIS2_PLACEMENT_3D ( 'NONE', #3459, #2635, #982 ) ;
#1846 = APPLICATION_CONTEXT ( 'configuration controlled 3d designs of mechanical parts and assemblies' ) ;
#1847 = CARTESIAN_POINT ( 'NONE',  ( 1.500000000000000222, -4.264702897347534573E-14, -4.625000000000110134 ) ) ;
#1848 = CARTESIAN_POINT ( 'NONE',  ( -2.775557561562889773E-14, 1.499999999999913847, 0.4374999999998684941 ) ) ;
#1849 = CARTESIAN_POINT ( 'NONE',  ( -1.341339456775392458, 0.6201420170693219269, -4.999999999999731770 ) ) ;
#1850 = CARTESIAN_POINT ( 'NONE',  ( 6.938893903907229955E-15, -2.775557561562889773E-14, -8.499999999999559464 ) ) ;
#1851 = ORIENTED_EDGE ( 'NONE', *, *, #1188, .T. ) ;
#1852 =( BOUNDED_CURVE ( )  B_SPLINE_CURVE ( 2, ( #1701, #672, #617, #2874, #3390, #1445, #2569, #331, #2588 ),
 .UNSPECIFIED., .F., .F. ) 
 B_SPLINE_CURVE_WITH_KNOTS ( ( 3, 2, 2, 2, 3 ),
 ( 0.5961538461538460343, 0.6025641025641029769, 0.6153846153846149747, 0.6282051282051279717, 0.6346153846153849143 ),
 .UNSPECIFIED. ) 
 CURVE ( )  GEOMETRIC_REPRESENTATION_ITEM ( )  RATIONAL_B_SPLINE_CURVE ( ( 0.9330127018922189652, 0.9330127018922199644, 1.000000000000000000, 0.8660254037844389297, 1.000000000000000000, 0.8660254037844389297, 1.000000000000000000, 0.9330127018922139692, 0.9330127018922189652 ) ) 
 REPRESENTATION_ITEM ( '' )  );
#1853 = FACE_OUTER_BOUND ( 'NONE', #3514, .T. ) ;
#1854 = CARTESIAN_POINT ( 'NONE',  ( 1.273350432479266381, -0.4538243963258259961, -0.3013045403685957191 ) ) ;
#1855 = EDGE_LOOP ( 'NONE', ( #826, #1398, #196, #2802 ) ) ;
#1856 = CARTESIAN_POINT ( 'NONE',  ( 0.6785254037844421493, 1.175240473580814404, -1.291666666666532626 ) ) ;
#1857 = ADVANCED_FACE ( 'NONE', ( #3003 ), #1550, .T. ) ;
#1858 = CARTESIAN_POINT ( 'NONE',  ( -1.017788105676656008, 0.5876202367903899937, -3.166666666666484886 ) ) ;
#1859 = DIRECTION ( 'NONE',  ( -1.000000000000000000, 8.326672684688679970E-16, -2.150996698587985373E-15 ) ) ;
#1860 = CARTESIAN_POINT ( 'NONE',  ( -1.500000000000000000, -4.026483798176899228E-14, -2.374999999999969802 ) ) ;
#1861 = CARTESIAN_POINT ( 'NONE',  ( -1.175240473580827505, 0.3149047358083282289, -0.7098290993695381967 ) ) ;
#1862 = CARTESIAN_POINT ( 'NONE',  ( -0.8208371190842715936, -0.9750153429342511835, -4.999999999999731770 ) ) ;
#1863 = ORIENTED_EDGE ( 'NONE', *, *, #1630, .T. ) ;
#1864 = ORIENTED_EDGE ( 'NONE', *, *, #3357, .F. ) ;
#1865 = CARTESIAN_POINT ( 'NONE',  ( 1.175240473580833722, -3.021315404115419891E-15, -4.374999999999859668 ) ) ;
#1866 = CARTESIAN_POINT ( 'NONE',  ( 3.469446951953614978E-15, -1.500000000000000000, -1.312499999999940048 ) ) ;
#1867 = CARTESIAN_POINT ( 'NONE',  ( 0.000000000000000000, 0.000000000000000000, 0.000000000000000000 ) ) ;
#1868 = CARTESIAN_POINT ( 'NONE',  ( -0.8660254037844152819, -1.500000000000020650, -5.791666666666811736 ) ) ;
#1869 = CARTESIAN_POINT ( 'NONE',  ( -6.938893903907229955E-15, -7.285838599102588534E-14, -6.099999999999609734 ) ) ;
#1870 = CARTESIAN_POINT ( 'NONE',  ( 0.1530827767677838125, -1.412933785833429212, -0.3499027890983573141 ) ) ;
#1871 = VERTEX_POINT ( 'NONE', #3181 ) ;
#1872 = FACE_OUTER_BOUND ( 'NONE', #2869, .T. ) ;
#1873 = CARTESIAN_POINT ( 'NONE',  ( -1.299038105676669996, 0.7499999999999730216, -1.916666666666454910 ) ) ;
#1874 = CARTESIAN_POINT ( 'NONE',  ( -4.163336342344334502E-14, 1.499999999999960032, -2.562499999999525269 ) ) ;
#1875 = B_SPLINE_CURVE_WITH_KNOTS ( 'NONE', 3,
 ( #299, #3097, #1684, #33, #2814, #314 ),
 .UNSPECIFIED., .F., .F.,
 ( 4, 2, 4 ),
 ( 0.000000000000000000, 0.5000000000000001110, 1.000000000000000000 ),
 .UNSPECIFIED. ) ;
#1876 = CARTESIAN_POINT ( 'NONE',  ( -0.6785254037844147268, -1.175240473580812184, -3.541666666666928975 ) ) ;
#1877 = ORIENTED_EDGE ( 'NONE', *, *, #2007, .T. ) ;
#1878 = CARTESIAN_POINT ( 'NONE',  ( -3.469446951953614978E-15, 1.443375672974031909, -8.499999999999449329 ) ) ;
#1879 = CARTESIAN_POINT ( 'NONE',  ( -1.299038105676656008, -0.7500000000000720535, -5.833333333333520443 ) ) ;
#1880 = CARTESIAN_POINT ( 'NONE',  ( -0.5662976404906997496, 1.175240473580784428, -0.2152249792141276430 ) ) ;
#1881 = CARTESIAN_POINT ( 'NONE',  ( 0.4200558755513521536, -1.345658564186299255, -0.3416124014957622190 ) ) ;
#1882 = EDGE_LOOP ( 'NONE', ( #2163, #804, #3533, #2504 ) ) ;
#1883 = CARTESIAN_POINT ( 'NONE',  ( -0.6785254037844307140, 1.175240473580807521, -0.7083333333335393167 ) ) ;
#1884 = ADVANCED_FACE ( 'NONE', ( #187 ), #421, .T. ) ;
#1885 = LINE ( 'NONE', #773, #3186 ) ;
#1886 = VECTOR ( 'NONE', #1614, 1000.000000000000000 ) ;
#1887 = CARTESIAN_POINT ( 'NONE',  ( -1.175240473580833944, 9.785842749306110427E-16, -2.527938378719355031E-15 ) ) ;
#1888 = VECTOR ( 'NONE', #1442, 1000.000000000000000 ) ;
#1889 = VECTOR ( 'NONE', #2351, 1000.000000000000000 ) ;
#1890 = CARTESIAN_POINT ( 'NONE',  ( 0.000000000000000000, -1.734723475976804570E-14, -7.099999999999718980 ) ) ;
#1891 = CARTESIAN_POINT ( 'NONE',  ( -0.8660254037843991837, -1.500000000000043299, 0.1458333333331685855 ) ) ;
#1892 = DIRECTION ( 'NONE',  ( 2.150996698587985373E-15, 2.400530044109884714E-17, -1.000000000000000000 ) ) ;
#1893 = APPROVAL_PERSON_ORGANIZATION ( #729, #762, #1162 ) ;
#1894 = AXIS2_PLACEMENT_3D ( 'NONE', #959, #1804, #244 ) ;
#1895 = CARTESIAN_POINT ( 'NONE',  ( -0.6250000000000000000, -1.082531754730626128, -7.100000000000000533 ) ) ;
#1896 = VERTEX_POINT ( 'NONE', #1287 ) ;
#1897 = EDGE_CURVE ( 'NONE', #2826, #3259, #2491, .T. ) ;
#1898 = CARTESIAN_POINT ( 'NONE',  ( 1.040834085586083941E-14, 1.175240473580821954, -0.8124999999998829825 ) ) ;
#1899 = FACE_OUTER_BOUND ( 'NONE', #1855, .T. ) ;
#1900 = EDGE_LOOP ( 'NONE', ( #2305, #155, #1737, #3032 ) ) ;
#1901 = PERSON_AND_ORGANIZATION ( #18446744073709551615, #18446744073709551615 ) ;
#1902 = CARTESIAN_POINT ( 'NONE',  ( 1.175240473580839717, 0.3149047358083699177, -2.852670900630417616 ) ) ;
#1903 = EDGE_CURVE ( 'NONE', #3036, #2946, #3482, .T. ) ;
#1904 = COORDINATED_UNIVERSAL_TIME_OFFSET ( 10, 0, .AHEAD. ) ;
#1905 = CARTESIAN_POINT ( 'NONE',  ( -1.175240473580830169, 4.067155351693835189E-16, -1.125000000000222045 ) ) ;
#1906 = CARTESIAN_POINT ( 'NONE',  ( 0.8660254037845112052, -1.500000000000052625, -4.770833333333610149 ) ) ;
#1907 = CARTESIAN_POINT ( 'NONE',  ( 1.017788105676646015, 0.5876202367904060919, -0.3958333333331509607 ) ) ;
#1908 = CARTESIAN_POINT ( 'NONE',  ( 0.000000000000000000, 0.000000000000000000, 0.000000000000000000 ) ) ;
#1909 = CARTESIAN_POINT ( 'NONE',  ( -0.1000487074040045665, 1.247836543053588265, -0.2138703974284796860 ) ) ;
#1910 = CARTESIAN_POINT ( 'NONE',  ( 1.017788105676620036, 0.5876202367903899937, -0.8333333333331309767 ) ) ;
#1911 = CARTESIAN_POINT ( 'NONE',  ( 1.500000000000005107, -0.4019237886466891507, -4.147329099369574834 ) ) ;
#1912 = LINE ( 'NONE', #1635, #1711 ) ;
#1913 = DIRECTION ( 'NONE',  ( 1.000000000000000000, -8.326672684688681942E-16, 2.168404344971008868E-15 ) ) ;
#1914 = CARTESIAN_POINT ( 'NONE',  ( 1.299038105676650012, -0.7500000000000250910, -0.7291666666667809826 ) ) ;
#1915 = CARTESIAN_POINT ( 'NONE',  ( 2.081668171172170091E-14, -3.989863994746654424E-14, -4.999999999999729994 ) ) ;
#1916 = CARTESIAN_POINT ( 'NONE',  ( 0.6785254037844699049, -1.175240473580874578, -4.958333333333561299 ) ) ;
#1917 = VERTEX_POINT ( 'NONE', #3501 ) ;
#1918 = DATE_AND_TIME ( #343, #681 ) ;
#1919 = DIRECTION ( 'NONE',  ( -1.000000000000000000, 8.326672684688679970E-16, -2.150996698587985373E-15 ) ) ;
#1920 = EDGE_LOOP ( 'NONE', ( #1028, #304, #1042, #19 ) ) ;
#1921 = FACE_OUTER_BOUND ( 'NONE', #986, .T. ) ;
#1922 = CARTESIAN_POINT ( 'NONE',  ( -0.7729631562873411355, -1.241361758264393877, -0.3787742876335952191 ) ) ;
#1923 = CARTESIAN_POINT ( 'NONE',  ( 1.357050807568895845, 3.405246423804224482E-14, -3.374999999999980904 ) ) ;
#1924 = EDGE_LOOP ( 'NONE', ( #607, #2281, #1280, #1273 ) ) ;
#1925 = CARTESIAN_POINT ( 'NONE',  ( 0.000000000000000000, 0.000000000000000000, 0.000000000000000000 ) ) ;
#1926 = CARTESIAN_POINT ( 'NONE',  ( 1.357050807568907391, 4.607098102793951549E-14, -1.374999999999973133 ) ) ;
#1927 = DIRECTION ( 'NONE',  ( -3.647064326199800396E-15, 2.400530044110370049E-17, -1.000000000000000000 ) ) ;
#1928 = CARTESIAN_POINT ( 'NONE',  ( -1.357050807568856543, -4.006172263299091486E-14, 0.3124999999997290501 ) ) ;
#1929 = DIRECTION ( 'NONE',  ( 2.150996698587985373E-15, 2.400530044109884714E-17, -1.000000000000000000 ) ) ;
#1930 = CARTESIAN_POINT ( 'NONE',  ( 1.175240473580853928, -6.972266317189430062E-16, -1.874999999999880096 ) ) ;
#1931 = LINE ( 'NONE', #1405, #1951 ) ;
#1932 = CARTESIAN_POINT ( 'NONE',  ( -1.357050807568861428, -5.408332555453773380E-14, -3.687500000000226930 ) ) ;
#1933 = ORIENTED_EDGE ( 'NONE', *, *, #3558, .T. ) ;
#1934 = ADVANCED_FACE ( 'NONE', ( #1019 ), #2113, .F. ) ;
#1935 = CARTESIAN_POINT ( 'NONE',  ( -1.175240473580835499, 0.3149047358083295056, -4.209829099369252425 ) ) ;
#1936 = CARTESIAN_POINT ( 'NONE',  ( -1.175240473580843936, 6.972266317189430062E-16, -3.125000000000000000 ) ) ;
#1937 = VERTEX_POINT ( 'NONE', #1049 ) ;
#1938 = CARTESIAN_POINT ( 'NONE',  ( -1.299038105676664001, 0.7500000000000000000, -3.416666666666125174 ) ) ;
#1939 = DIRECTION ( 'NONE',  ( -1.000000000000000000, 8.326672684688679970E-16, -2.150996698587985373E-15 ) ) ;
#1940 = CARTESIAN_POINT ( 'NONE',  ( 1.017788105676687982, -0.5876202367904730384, -1.479166666666476004 ) ) ;
#1941 = EDGE_LOOP ( 'NONE', ( #3228, #1319, #1643, #3210 ) ) ;
#1942 = CARTESIAN_POINT ( 'NONE',  ( -1.175240473580837941, 5.112995299272249895E-15, -4.624999999999939604 ) ) ;
#1943 = EDGE_CURVE ( 'NONE', #2175, #1937, #1885, .T. ) ;
#1944 = CARTESIAN_POINT ( 'NONE',  ( -4.510281037539699708E-14, 1.499999999999960032, -1.000000000000112133 ) ) ;
#1945 =( BOUNDED_CURVE ( )  B_SPLINE_CURVE ( 2, ( #1009, #158, #1485, #433, #450, #123, #1217, #3157, #2621 ),
 .UNSPECIFIED., .F., .T. ) 
 B_SPLINE_CURVE_WITH_KNOTS ( ( 3, 2, 2, 2, 3 ),
 ( 0.2115384615384615086, 0.2179487179487179793, 0.2307692307692310041, 0.2435897435897435015, 0.2500000000000000000 ),
 .UNSPECIFIED. ) 
 CURVE ( )  GEOMETRIC_REPRESENTATION_ITEM ( )  RATIONAL_B_SPLINE_CURVE ( ( 0.9330127018922189652, 0.9330127018922179660, 1.000000000000000000, 0.8660254037844389297, 1.000000000000000000, 0.8660254037844389297, 1.000000000000000000, 0.9330127018922159676, 0.9330127018922189652 ) ) 
 REPRESENTATION_ITEM ( '' )  );
#1946 = DIRECTION ( 'NONE',  ( -1.000000000000000000, 8.326672684688674053E-16, -2.403703357979455633E-15 ) ) ;
#1947 = CARTESIAN_POINT ( 'NONE',  ( 2.449999999999999734, -2.979561042337765128E-14, -8.499999999999559464 ) ) ;
#1948 = CARTESIAN_POINT ( 'NONE',  ( -0.2222928751460131747, -1.315034821669613940, -8.371659148694639896 ) ) ;
#1949 = CONICAL_SURFACE ( 'NONE', #2297, 1.443375672974063884, 0.7853981633974503884 ) ;
#1950 = CARTESIAN_POINT ( 'NONE',  ( -6.938893903907229955E-15, -7.285838599102588534E-14, -6.099999999999609734 ) ) ;
#1951 = VECTOR ( 'NONE', #3085, 1000.000000000000000 ) ;
#1952 = ORIENTED_EDGE ( 'NONE', *, *, #122, .F. ) ;
#1953 = DIRECTION ( 'NONE',  ( -1.000000000000000000, 8.326672684688674053E-16, -2.403703357979455633E-15 ) ) ;
#1954 = ORIENTED_EDGE ( 'NONE', *, *, #48, .F. ) ;
#1955 = ORIENTED_EDGE ( 'NONE', *, *, #2375, .F. ) ;
#1956 = CARTESIAN_POINT ( 'NONE',  ( -3.469446951953614820E-14, -2.775557561562889773E-14, -0.1778527147052735013 ) ) ;
#1957 = ORIENTED_EDGE ( 'NONE', *, *, #849, .F. ) ;
#1958 = CARTESIAN_POINT ( 'NONE',  ( 0.1327664208201946305, 1.488936131598209922, -4.999999999999729106 ) ) ;
#1959 = CARTESIAN_POINT ( 'NONE',  ( 1.249999999999961142, 0.5708384258303128567, -8.429040094213679168 ) ) ;
#1960 = FACE_OUTER_BOUND ( 'NONE', #1451, .T. ) ;
#1961 = CARTESIAN_POINT ( 'NONE',  ( -1.017788105676649790, 0.5876202367903189394, -1.229166666666892116 ) ) ;
#1962 = LINE ( 'NONE', #1797, #1768 ) ;
#1963 = EDGE_CURVE ( 'NONE', #535, #1100, #725, .T. ) ;
#1964 = CARTESIAN_POINT ( 'NONE',  ( 0.8660254037844788977, -1.500000000000082601, -2.708333333333610149 ) ) ;
#1965 = CARTESIAN_POINT ( 'NONE',  ( -1.250000000000000000, -0.7216878364870549234, -8.499999999999669598 ) ) ;
#1966 = CARTESIAN_POINT ( 'NONE',  ( 0.6785254037844469233, 1.175240473580807521, 0.6458333333334913551 ) ) ;
#1967 = CARTESIAN_POINT ( 'NONE',  ( 6.938893903907229955E-15, -2.775557561562889773E-14, -8.499999999999559464 ) ) ;
#1968 = DIRECTION ( 'NONE',  ( -3.647064326199800396E-15, 2.400530044110370049E-17, -1.000000000000000000 ) ) ;
#1969 = CARTESIAN_POINT ( 'NONE',  ( -1.175240473580839939, 1.278248824818062079E-15, -4.187499999999935163 ) ) ;
#1970 = ORIENTED_EDGE ( 'NONE', *, *, #2324, .T. ) ;
#1971 = EDGE_LOOP ( 'NONE', ( #411, #2320, #670, #2766, #3120 ) ) ;
#1972 = DIRECTION ( 'NONE',  ( -0.8660254037844390407, -0.4999999999999995004, -1.896054333877113421E-15 ) ) ;
#1973 = PERSON_AND_ORGANIZATION_ROLE ( 'classification_officer' ) ;
#1974 = CARTESIAN_POINT ( 'NONE',  ( 1.732050807568876971, 4.206480876464043789E-14, -1.625000000000488276 ) ) ;
#1975 = CARTESIAN_POINT ( 'NONE',  ( 0.6785254037844780095, -1.175240473580828393, -1.520833333333592163 ) ) ;
#1976 = VERTEX_POINT ( 'NONE', #1905 ) ;
#1977 = CARTESIAN_POINT ( 'NONE',  ( 1.096927653197386610, 0.8350449952527191355, -4.999999999999726441 ) ) ;
#1978 = CALENDAR_DATE ( 2026, 22, 6 ) ;
#1979 = CARTESIAN_POINT ( 'NONE',  ( -1.299038105676667998, 0.7499999999999470424, -2.416666666666234864 ) ) ;
#1980 = CARTESIAN_POINT ( 'NONE',  ( -1.299038105676626031, -0.7500000000001010303, -3.833333333333519999 ) ) ;
#1981 = CARTESIAN_POINT ( 'NONE',  ( 1.175240473580833944, -8.346588265106930416E-16, 2.527938378719355031E-15 ) ) ;
#1982 = CARTESIAN_POINT ( 'NONE',  ( -0.6785254037844065111, -1.175240473580738243, -4.604166666666914765 ) ) ;
#1983 = DIRECTION ( 'NONE',  ( 2.081668171172170091E-15, 2.400530044109889953E-17, -1.000000000000000000 ) ) ;
#1984 = CARTESIAN_POINT ( 'NONE',  ( -0.6785254037844226094, 1.175240473580830614, -1.770833333333461823 ) ) ;
#1985 = CARTESIAN_POINT ( 'NONE',  ( -0.8660254037844384856, 1.499999999999951150, -1.020833333333525328 ) ) ;
#1986 = DIRECTION ( 'NONE',  ( -3.647064326199800396E-15, 2.400530044110370049E-17, -1.000000000000000000 ) ) ;
#1987 =( BOUNDED_CURVE ( )  B_SPLINE_CURVE ( 2, ( #2115, #1861, #3028, #206, #1310, #3244, #3550, #3291, #748 ),
 .UNSPECIFIED., .F., .F. ) 
 B_SPLINE_CURVE_WITH_KNOTS ( ( 3, 2, 2, 2, 3 ),
 ( 0.2115384615384615086, 0.2179487179487179793, 0.2307692307692310041, 0.2435897435897435015, 0.2500000000000000000 ),
 .UNSPECIFIED. ) 
 CURVE ( )  GEOMETRIC_REPRESENTATION_ITEM ( )  RATIONAL_B_SPLINE_CURVE ( ( 0.9330127018922189652, 0.9330127018922199644, 1.000000000000000000, 0.8660254037844389297, 1.000000000000000000, 0.8660254037844389297, 1.000000000000000000, 0.9330127018922189652, 0.9330127018922189652 ) ) 
 REPRESENTATION_ITEM ( '' )  );
#1988 = ADVANCED_FACE ( 'NONE', ( #1645 ), #2734, .T. ) ;
#1989 = CARTESIAN_POINT ( 'NONE',  ( 1.175240473580855927, -1.743066579297359981E-15, -0.3749999999998749889 ) ) ;
#1990 = CARTESIAN_POINT ( 'NONE',  ( 1.357050807568893847, 5.007715329123865620E-14, -2.874999999999980460 ) ) ;
#1991 = ORIENTED_EDGE ( 'NONE', *, *, #3510, .F. ) ;
#1992 = CARTESIAN_POINT ( 'NONE',  ( -1.299038105676656008, 0.7499999999999870104, -4.916666666666400509 ) ) ;
#1993 = ORIENTED_EDGE ( 'NONE', *, *, #887, .T. ) ;
#1994 = FACE_OUTER_BOUND ( 'NONE', #1569, .T. ) ;
#1995 = CARTESIAN_POINT ( 'NONE',  ( -1.175240473580839939, -1.162044386198240069E-16, -0.6250000000002190470 ) ) ;
#1996 = CARTESIAN_POINT ( 'NONE',  ( -0.8660254037844152819, -1.500000000000020650, -3.291666666666865471 ) ) ;
#1997 = CARTESIAN_POINT ( 'NONE',  ( -3.122502256758254663E-14, 1.499999999999946043, -1.062500000000075939 ) ) ;
#1998 = CARTESIAN_POINT ( 'NONE',  ( 1.017788105676646015, 0.5876202367904039825, -1.333333333333186044 ) ) ;
#1999 = FACE_OUTER_BOUND ( 'NONE', #2485, .T. ) ;
#2000 = CONICAL_SURFACE ( 'NONE', #2188, 1.250000000000000000, 1.047197551196596299 ) ;
#2001 = VECTOR ( 'NONE', #2672, 1000.000000000000000 ) ;
#2002 = CARTESIAN_POINT ( 'NONE',  ( -1.499999999999982903, -0.4019237886467346699, -3.352670900630805306 ) ) ;
#2003 = CIRCLE ( 'NONE', #1770, 0.9212404735808339407 ) ;
#2004 = CARTESIAN_POINT ( 'NONE',  ( -0.6785254037844307140, 1.175240473580809963, -5.208333333333492021 ) ) ;
#2005 = ORIENTED_EDGE ( 'NONE', *, *, #3377, .T. ) ;
#2006 = EDGE_LOOP ( 'NONE', ( #1482, #2772, #1715, #3296 ) ) ;
#2007 = EDGE_CURVE ( 'NONE', #2038, #2364, #3040, .T. ) ;
#2008 = DIRECTION ( 'NONE',  ( -0.7071067811865500152, 6.057589827327399915E-16, -0.7071067811865450192 ) ) ;
#2009 = AXIS2_PLACEMENT_3D ( 'NONE', #3308, #1340, #1946 ) ;
#2010 = VECTOR ( 'NONE', #2424, 1000.000000000000000 ) ;
#2011 = CARTESIAN_POINT ( 'NONE',  ( -1.175240473580858813, -0.3149047358083850168, -1.665170900630970729 ) ) ;
#2012 = ORIENTED_EDGE ( 'NONE', *, *, #285, .T. ) ;
#2013 = ADVANCED_FACE ( 'NONE', ( #1853 ), #2000, .F. ) ;
#2014 = CARTESIAN_POINT ( 'NONE',  ( -0.8660254037844510311, 1.500000000000001554, -2.958333333333483584 ) ) ;
#2015 = CYLINDRICAL_SURFACE ( 'NONE', #870, 1.175240473580833944 ) ;
#2016 = CARTESIAN_POINT ( 'NONE',  ( -0.8660254037844707931, -1.499999999999978684, -1.291666666666853480 ) ) ;
#2017 = CARTESIAN_POINT ( 'NONE',  ( 1.040834085586083941E-14, -1.175240473580781986, -4.000000000000170530 ) ) ;
#2018 = CARTESIAN_POINT ( 'NONE',  ( 1.249999999999966027, 0.7216878364870189522, -7.099999999999269562 ) ) ;
#2019 = CARTESIAN_POINT ( 'NONE',  ( 1.017788105676673993, -0.5876202367904330703, 0.5208333333335259940 ) ) ;
#2020 = CARTESIAN_POINT ( 'NONE',  ( 1.500000000000000222, -4.102016683279785130E-14, -0.6250000000002490230 ) ) ;
#2021 = ADVANCED_FACE ( 'NONE', ( #1921 ), #2770, .T. ) ;
#2022 = CARTESIAN_POINT ( 'NONE',  ( -1.387778780781445991E-14, 1.175240473580752010, -3.249999999999694911 ) ) ;
#2023 = EDGE_LOOP ( 'NONE', ( #1008, #2326, #3142, #3438, #1025, #850, #231, #1093, #2410, #527, #2598, #293, #177, #2893, #340, #1436, #1754, #3092, #2198, #900, #2617, #1109, #447, #718, #930, #3075, #2863, #342, #214, #3071, #1991, #754, #3156, #2937, #3301, #1627, #1345, #1214, #121, #1511, #974, #3487, #2808 ) ) ;
#2024 = ORIENTED_EDGE ( 'NONE', *, *, #520, .T. ) ;
#2025 = CARTESIAN_POINT ( 'NONE',  ( -1.175240473580843936, 6.158835246850669039E-15, -3.687500000000000000 ) ) ;
#2026 = CARTESIAN_POINT ( 'NONE',  ( -1.017788105676677768, -0.5876202367904439505, -3.083333333333160287 ) ) ;
#2027 = CARTESIAN_POINT ( 'NONE',  ( 0.8660254037844707931, -1.500000000000004441, -2.270833333333595494 ) ) ;
#2028 = ORIENTED_EDGE ( 'NONE', *, *, #1171, .T. ) ;
#2029 = CC_DESIGN_DATE_AND_TIME_ASSIGNMENT ( #2825, #322, ( #1207 ) ) ;
#2030 = CARTESIAN_POINT ( 'NONE',  ( 1.249999999999961142, 0.3994972804225437879, -8.368856085564724268 ) ) ;
#2031 = CARTESIAN_POINT ( 'NONE',  ( 1.299038105676641797, -0.7500000000000459632, -1.166666666666759999 ) ) ;
#2032 = CARTESIAN_POINT ( 'NONE',  ( 1.017788105676673993, -0.5876202367904730384, 0.02083333333358084946 ) ) ;
#2033 = CARTESIAN_POINT ( 'NONE',  ( -1.175240473580839939, 0.000000000000000000, -4.687500000000000000 ) ) ;
#2034 = CARTESIAN_POINT ( 'NONE',  ( 3.816391647148974346E-14, -1.500000000000000000, -2.249999999999864997 ) ) ;
#2035 = CARTESIAN_POINT ( 'NONE',  ( 1.499999999999999778, -0.4019237886466895393, -4.209829099369606809 ) ) ;
#2036 =( BOUNDED_CURVE ( )  B_SPLINE_CURVE ( 2, ( #1696, #2237, #2514 ),
 .UNSPECIFIED., .F., .F. ) 
 B_SPLINE_CURVE_WITH_KNOTS ( ( 3, 3 ),
 ( 0.1332259381970385959, 0.1346153846153851918 ),
 .UNSPECIFIED. ) 
 CURVE ( )  GEOMETRIC_REPRESENTATION_ITEM ( )  RATIONAL_B_SPLINE_CURVE ( ( 0.9361599085771500350, 0.9330127018922179660, 0.9330127018922189652 ) ) 
 REPRESENTATION_ITEM ( '' )  );
#2037 = CARTESIAN_POINT ( 'NONE',  ( 1.357050807568895845, 3.405246423804224482E-14, -4.874999999999990230 ) ) ;
#2038 = VERTEX_POINT ( 'NONE', #2977 ) ;
#2039 = VERTEX_POINT ( 'NONE', #2182 ) ;
#2040 = EDGE_CURVE ( 'NONE', #602, #1360, #2429, .T. ) ;
#2041 = CARTESIAN_POINT ( 'NONE',  ( -1.299038105676669996, 0.7499999999999730216, -1.916666666666454910 ) ) ;
#2042 = CARTESIAN_POINT ( 'NONE',  ( -1.299038105676659782, -0.7500000000000740519, -2.895833333333484916 ) ) ;
#2043 = ORIENTED_EDGE ( 'NONE', *, *, #359, .T. ) ;
#2044 = CYLINDRICAL_SURFACE ( 'NONE', #1151, 1.175240473580833944 ) ;
#2045 = CARTESIAN_POINT ( 'NONE',  ( -1.299038105676659782, 0.7499999999999590328, -0.4166666666665099772 ) ) ;
#2046 = ORIENTED_EDGE ( 'NONE', *, *, #1003, .F. ) ;
#2047 = CARTESIAN_POINT ( 'NONE',  ( 0.6785254037844780095, -1.175240473580828171, 0.5416666666664021745 ) ) ;
#2048 = ADVANCED_FACE ( 'NONE', ( #1629 ), #3056, .T. ) ;
#2049 = DIRECTION ( 'NONE',  ( 0.000000000000000000, 0.000000000000000000, 1.000000000000000000 ) ) ;
#2050 = CYLINDRICAL_SURFACE ( 'NONE', #3189, 2.750000000000000000 ) ;
#2051 = DIRECTION ( 'NONE',  ( -2.312964634635745422E-15, -2.400530044109874854E-17, 1.000000000000000000 ) ) ;
#2052 = EDGE_CURVE ( 'NONE', #2684, #1259, #442, .T. ) ;
#2053 = DIRECTION ( 'NONE',  ( 0.000000000000000000, -1.000000000000000000, -2.400530044109884714E-17 ) ) ;
#2054 = DIRECTION ( 'NONE',  ( -1.892425610156519735E-15, -2.400530044100559824E-17, 1.000000000000000000 ) ) ;
#2055 = CARTESIAN_POINT ( 'NONE',  ( 6.938893903907229955E-15, -2.775557561562889773E-14, -8.499999999999559464 ) ) ;
#2056 = VECTOR ( 'NONE', #67, 1000.000000000000000 ) ;
#2057 = VERTEX_POINT ( 'NONE', #2201 ) ;
#2058 = ORIENTED_EDGE ( 'NONE', *, *, #1839, .T. ) ;
#2059 = CARTESIAN_POINT ( 'NONE',  ( 1.499999999999984013, -4.311184672795464699E-14, -3.125000000000140332 ) ) ;
#2060 = AXIS2_PLACEMENT_3D ( 'NONE', #1002, #427, #1537 ) ;
#2061 = PLANE ( 'NONE',  #911 ) ;
#2062 = VERTEX_POINT ( 'NONE', #809 ) ;
#2063 = CONICAL_SURFACE ( 'NONE', #2957, 1.443375672974063884, 0.7853981633974503884 ) ;
#2064 = VECTOR ( 'NONE', #3205, 1000.000000000000000 ) ;
#2065 = PRODUCT_DEFINITION_FORMATION_WITH_SPECIFIED_SOURCE ( 'Symmetric', '', #2199, .NOT_KNOWN. ) ;
#2066 = VECTOR ( 'NONE', #2502, 1000.000000000000000 ) ;
#2067 = EDGE_CURVE ( 'NONE', #2643, #2463, #2122, .T. ) ;
#2068 = ORIENTED_EDGE ( 'NONE', *, *, #394, .T. ) ;
#2069 = CARTESIAN_POINT ( 'NONE',  ( 1.500000000000009770, 0.4019237886466788812, -4.602670900630672968 ) ) ;
#2070 = CARTESIAN_POINT ( 'NONE',  ( -1.017788105676669996, -0.5876202367904610480, 0.4166666666665654883 ) ) ;
#2071 = CARTESIAN_POINT ( 'NONE',  ( -1.175240473580839939, 0.000000000000000000, -4.687500000000000000 ) ) ;
#2072 = EDGE_CURVE ( 'NONE', #1170, #3106, #1057, .T. ) ;
#2073 = LINE ( 'NONE', #1324, #1775 ) ;
#2074 = CARTESIAN_POINT ( 'NONE',  ( -1.175240473580833944, 9.785842749306110427E-16, -2.527938378719355031E-15 ) ) ;
#2075 = CARTESIAN_POINT ( 'NONE',  ( 6.938893903907229955E-15, -2.775557561562889773E-14, -8.499999999999559464 ) ) ;
#2076 = DIRECTION ( 'NONE',  ( 0.000000000000000000, -1.000000000000000000, -2.400530044109884714E-17 ) ) ;
#2077 = EDGE_CURVE ( 'NONE', #3103, #41, #2456, .T. ) ;
#2078 = CARTESIAN_POINT ( 'NONE',  ( -6.938893903907229955E-15, -1.175240473580793976, -5.500000000000229150 ) ) ;
#2079 = ORIENTED_EDGE ( 'NONE', *, *, #2052, .F. ) ;
#2080 = CARTESIAN_POINT ( 'NONE',  ( 1.017788105676641797, -0.5876202367904319601, -3.479166666666865027 ) ) ;
#2081 = EDGE_LOOP ( 'NONE', ( #3553, #3155, #88, #2483, #2451, #2640, #1564, #1346, #2920, #2143, #2382, #3268, #3312, #1993, #1165, #1142, #2428, #661, #965, #3451, #3272, #1831, #1952, #1395, #861, #2961, #2358, #2220, #358, #193, #272, #2559, #2403, #415, #3540, #248, #1832, #1391, #3384, #1407, #2623, #2956, #831 ) ) ;
#2082 =( BOUNDED_CURVE ( )  B_SPLINE_CURVE ( 2, ( #2348, #626, #2509, #1128, #2217, #2804, #89, #3334, #3122 ),
 .UNSPECIFIED., .F., .F. ) 
 B_SPLINE_CURVE_WITH_KNOTS ( ( 3, 2, 2, 2, 3 ),
 ( 0.3269230769230774825, 0.3333333333333335369, 0.3461538461538459788, 0.3589743589743589758, 0.3653846153846155298 ),
 .UNSPECIFIED. ) 
 CURVE ( )  GEOMETRIC_REPRESENTATION_ITEM ( )  RATIONAL_B_SPLINE_CURVE ( ( 0.9330127018922189652, 0.9330127018922229620, 1.000000000000000000, 0.8660254037844389297, 1.000000000000000000, 0.8660254037844389297, 1.000000000000000000, 0.9330127018922189652, 0.9330127018922189652 ) ) 
 REPRESENTATION_ITEM ( '' )  );
#2083 = DIRECTION ( 'NONE',  ( -2.150996698587945141E-15, 0.000000000000000000, 1.000000000000000000 ) ) ;
#2084 = EDGE_CURVE ( 'NONE', #3446, #543, #3264, .T. ) ;
#2085 = CARTESIAN_POINT ( 'NONE',  ( -0.8660254037843829744, -1.500000000000025091, -1.854166666666843488 ) ) ;
#2086 = ORIENTED_EDGE ( 'NONE', *, *, #1623, .T. ) ;
#2087 = CARTESIAN_POINT ( 'NONE',  ( 3.469446951953614978E-15, -1.500000000000000000, -0.7499999999999169553 ) ) ;
#2088 = CARTESIAN_POINT ( 'NONE',  ( -1.249999999999997558, 0.3083024179193853409, -8.344080482663635223 ) ) ;
#2089 = CARTESIAN_POINT ( 'NONE',  ( -1.175240473580839939, 5.112995299272249895E-15, -3.625000000000000000 ) ) ;
#2090 = CARTESIAN_POINT ( 'NONE',  ( 1.732050807568876971, -6.009258394948633758E-15, -5.187500000000489386 ) ) ;
#2091 = EDGE_CURVE ( 'NONE', #1937, #58, #2843, .T. ) ;
#2092 = CARTESIAN_POINT ( 'NONE',  ( 0.6785254037845184216, -1.175240473580786649, -1.020833333333588833 ) ) ;
#2093 = LINE ( 'NONE', #818, #1139 ) ;
#2094 = CARTESIAN_POINT ( 'NONE',  ( 2.081668171172170091E-14, -3.989863994746654424E-14, -4.999999999999729994 ) ) ;
#2095 = CARTESIAN_POINT ( 'NONE',  ( -1.017788105676677768, 0.5876202367903640145, -5.666666666666430707 ) ) ;
#2096 = ORIENTED_EDGE ( 'NONE', *, *, #1829, .T. ) ;
#2097 = EDGE_LOOP ( 'NONE', ( #715, #1933, #3119, #3170 ) ) ;
#2098 = CC_DESIGN_PERSON_AND_ORGANIZATION_ASSIGNMENT ( #1613, #3369, ( #2065 ) ) ;
#2099 = CARTESIAN_POINT ( 'NONE',  ( -0.8660254037844555830, 1.499999999999972022, -2.958333333333483584 ) ) ;
#2100 = EDGE_CURVE ( 'NONE', #3351, #2643, #2161, .T. ) ;
#2101 = CARTESIAN_POINT ( 'NONE',  ( 1.299038105676656008, 0.7499999999999850120, -1.645833333333344806 ) ) ;
#2102 = CARTESIAN_POINT ( 'NONE',  ( -1.732050807568876971, -4.607098102793951549E-14, -1.437500000000148770 ) ) ;
#2103 = CARTESIAN_POINT ( 'NONE',  ( -1.299038105676640020, -0.7500000000000560663, -1.895833333333375004 ) ) ;
#2104 = ORIENTED_EDGE ( 'NONE', *, *, #2828, .F. ) ;
#2105 = CARTESIAN_POINT ( 'NONE',  ( -1.017788105676659782, 0.5876202367903450297, -2.229166666667004915 ) ) ;
#2106 =( BOUNDED_CURVE ( )  B_SPLINE_CURVE ( 2, ( #3265, #2150, #793, #3277, #775, #3027, #508, #1618, #2741 ),
 .UNSPECIFIED., .F., .F. ) 
 B_SPLINE_CURVE_WITH_KNOTS ( ( 3, 2, 2, 2, 3 ),
 ( 0.4807692307692310041, 0.4871794871794870030, 0.5000000000000000000, 0.5128205128205129970, 0.5192307692307699396 ),
 .UNSPECIFIED. ) 
 CURVE ( )  GEOMETRIC_REPRESENTATION_ITEM ( )  RATIONAL_B_SPLINE_CURVE ( ( 0.9330127018922189652, 0.9330127018922199644, 1.000000000000000000, 0.8660254037844389297, 1.000000000000000000, 0.8660254037844389297, 1.000000000000000000, 0.9330127018922119708, 0.9330127018922189652 ) ) 
 REPRESENTATION_ITEM ( '' )  );
#2107 = CARTESIAN_POINT ( 'NONE',  ( 1.214843688297493118, -0.6105341360212699353, -0.3062321753747349051 ) ) ;
#2108 = CARTESIAN_POINT ( 'NONE',  ( -0.6785254037844259400, 1.175240473580774880, -0.2708333333335215531 ) ) ;
#2109 = ORIENTED_EDGE ( 'NONE', *, *, #2865, .F. ) ;
#2110 = CARTESIAN_POINT ( 'NONE',  ( 1.175240473580833722, 2.556497649636124948E-15, -3.874999999999825029 ) ) ;
#2111 = CARTESIAN_POINT ( 'NONE',  ( 2.081668171172170091E-14, -3.989863994746654424E-14, -4.999999999999729994 ) ) ;
#2112 = CARTESIAN_POINT ( 'NONE',  ( 1.299038105676650012, -0.7500000000000419664, -5.229166666666790420 ) ) ;
#2113 = PLANE ( 'NONE',  #1088 ) ;
#2114 = FACE_OUTER_BOUND ( 'NONE', #1297, .T. ) ;
#2115 = CARTESIAN_POINT ( 'NONE',  ( -1.175240473580839939, 2.324088772396480138E-16, -0.6875000000002519096 ) ) ;
#2116 = CARTESIAN_POINT ( 'NONE',  ( -0.9761727950361051009, -0.8523866003331140861, -4.999999999999729994 ) ) ;
#2117 = CARTESIAN_POINT ( 'NONE',  ( -4.510281037539699708E-14, 1.499999999999944045, -2.499999999999444888 ) ) ;
#2118 = VERTEX_POINT ( 'NONE', #574 ) ;
#2119 = ORIENTED_EDGE ( 'NONE', *, *, #2208, .T. ) ;
#2120 = EDGE_CURVE ( 'NONE', #1590, #448, #105, .T. ) ;
#2121 = AXIS2_PLACEMENT_3D ( 'NONE', #2075, #407, #2053 ) ;
#2122 = LINE ( 'NONE', #1595, #1603 ) ;
#2123 = CARTESIAN_POINT ( 'NONE',  ( -0.09860523898379239260, -1.430174902534691039, -0.3571394021842573263 ) ) ;
#2124 = AXIS2_PLACEMENT_3D ( 'NONE', #1908, #2269, #1470 ) ;
#2125 = ADVANCED_FACE ( 'NONE', ( #1694 ), #1321, .T. ) ;
#2126 = VERTEX_POINT ( 'NONE', #2790 ) ;
#2127 = DIRECTION ( 'NONE',  ( 1.000000000000000000, 0.000000000000000000, 2.150996698587985373E-15 ) ) ;
#2128 = CARTESIAN_POINT ( 'NONE',  ( 1.387778780781445991E-14, -1.500000000000045075, -5.312500000000000000 ) ) ;
#2129 = VECTOR ( 'NONE', #2226, 999.9999999999998863 ) ;
#2130 = VECTOR ( 'NONE', #1353, 1000.000000000000000 ) ;
#2131 = CARTESIAN_POINT ( 'NONE',  ( 3.816391647148974346E-14, -1.500000000000000000, -2.249999999999864997 ) ) ;
#2132 = CARTESIAN_POINT ( 'NONE',  ( -1.175240473580844602, -0.3149047358083738590, -4.165170900630614348 ) ) ;
#2133 = DIRECTION ( 'NONE',  ( -1.000000000000000000, 8.326672684688679970E-16, -2.150996698587985373E-15 ) ) ;
#2134 = CARTESIAN_POINT ( 'NONE',  ( 1.299038105676669996, -0.7500000000000149880, 0.2708333333332205162 ) ) ;
#2135 = CARTESIAN_POINT ( 'NONE',  ( 0.6785254037844387076, 1.175240473580775102, -3.354166666666527963 ) ) ;
#2136 = ORIENTED_EDGE ( 'NONE', *, *, #1336, .T. ) ;
#2137 = EDGE_LOOP ( 'NONE', ( #880, #1811 ) ) ;
#2138 = COORDINATED_UNIVERSAL_TIME_OFFSET ( 10, 0, .AHEAD. ) ;
#2139 = CARTESIAN_POINT ( 'NONE',  ( -1.299038105676667998, 0.7499999999999470424, -2.416666666666234864 ) ) ;
#2140 = CARTESIAN_POINT ( 'NONE',  ( 1.175240473580850153, 0.3149047358083397752, -0.3526709006305872585 ) ) ;
#2141 = CARTESIAN_POINT ( 'NONE',  ( 0.02272298104326377077, -1.426670052278706580, -0.3536312420510956955 ) ) ;
#2142 = CARTESIAN_POINT ( 'NONE',  ( 3.469446951953614820E-14, -1.175240473580819955, -3.562500000000300204 ) ) ;
#2143 = ORIENTED_EDGE ( 'NONE', *, *, #2736, .T. ) ;
#2144 = CARTESIAN_POINT ( 'NONE',  ( 0.6785254037845184216, -1.175240473580786649, -0.9583333333336044868 ) ) ;
#2145 = EDGE_CURVE ( 'NONE', #3191, #641, #2581, .T. ) ;
#2146 = CARTESIAN_POINT ( 'NONE',  ( 1.175240473580861700, -0.3149047358083565951, -0.9598290993691374062 ) ) ;
#2147 = CARTESIAN_POINT ( 'NONE',  ( -1.175240473580833944, 9.785842749306110427E-16, -2.527938378719355031E-15 ) ) ;
#2148 = CARTESIAN_POINT ( 'NONE',  ( 1.500000000000000000, -3.939330469212030006E-14, -1.625000000000254907 ) ) ;
#2149 = CARTESIAN_POINT ( 'NONE',  ( 0.6785254037844259400, 1.175240473580830836, -3.854166666666528407 ) ) ;
#2150 = CARTESIAN_POINT ( 'NONE',  ( 1.175240473580831724, -0.3149047358083404968, -2.459829099369292837 ) ) ;
#2151 = CARTESIAN_POINT ( 'NONE',  ( -1.299038105676659782, -0.7500000000000149880, -0.3958333333334284609 ) ) ;
#2152 = CARTESIAN_POINT ( 'NONE',  ( 1.500000000000000222, -3.474512714732735063E-14, -4.187500000000115463 ) ) ;
#2153 = CARTESIAN_POINT ( 'NONE',  ( -1.175240473580815515, 0.3149047358083068571, -1.147329099369509331 ) ) ;
#2154 = DIRECTION ( 'NONE',  ( 3.647064326199800396E-15, -2.400530044110370049E-17, 1.000000000000000000 ) ) ;
#2155 = VERTEX_POINT ( 'NONE', #848 ) ;
#2156 = LINE ( 'NONE', #156, #675 ) ;
#2157 = CARTESIAN_POINT ( 'NONE',  ( -1.500000000000010658, 0.4019237886466548448, -3.459829099369057026 ) ) ;
#2158 = CARTESIAN_POINT ( 'NONE',  ( -1.356182168672330768, 0.6510235795405360237, -0.4111679766410200609 ) ) ;
#2159 = CARTESIAN_POINT ( 'NONE',  ( -4.857225732735059864E-14, 1.499999999999946043, -3.562499999999415135 ) ) ;
#2160 = EDGE_CURVE ( 'NONE', #2955, #2680, #885, .T. ) ;
#2161 =( BOUNDED_CURVE ( )  B_SPLINE_CURVE ( 2, ( #550, #61, #3398, #2867, #3370, #356, #3090, #2562, #1184 ),
 .UNSPECIFIED., .F., .F. ) 
 B_SPLINE_CURVE_WITH_KNOTS ( ( 3, 2, 2, 2, 3 ),
 ( 0.8269230769230769829, 0.8333333333333330373, 0.8461538461538460343, 0.8589743589743590313, 0.8653846153846159739 ),
 .UNSPECIFIED. ) 
 CURVE ( )  GEOMETRIC_REPRESENTATION_ITEM ( )  RATIONAL_B_SPLINE_CURVE ( ( 0.9330127018922189652, 0.9330127018922199644, 1.000000000000000000, 0.8660254037844389297, 1.000000000000000000, 0.8660254037844389297, 1.000000000000000000, 0.9330127018922159676, 0.9330127018922189652 ) ) 
 REPRESENTATION_ITEM ( '' )  );
#2162 = CARTESIAN_POINT ( 'NONE',  ( -0.6785254037844179464, -1.175240473580844380, -3.604166666666914765 ) ) ;
#2163 = ORIENTED_EDGE ( 'NONE', *, *, #679, .F. ) ;
#2164 = CARTESIAN_POINT ( 'NONE',  ( 6.938893903907229955E-15, -2.775557561562889773E-14, -8.499999999999559464 ) ) ;
#2165 = CARTESIAN_POINT ( 'NONE',  ( 1.017788105676666000, -0.5876202367904870272, -1.416666666666400065 ) ) ;
#2166 = CARTESIAN_POINT ( 'NONE',  ( -1.299038105676669996, 0.7499999999999730216, -4.979166666666479557 ) ) ;
#2167 = CARTESIAN_POINT ( 'NONE',  ( 1.357050807568842776, 5.007715329123865620E-14, -5.437499999999981348 ) ) ;
#2168 = CARTESIAN_POINT ( 'NONE',  ( -1.299038105676659782, -0.7500000000000740519, -2.895833333333484916 ) ) ;
#2169 = CARTESIAN_POINT ( 'NONE',  ( -1.299038105676630028, -0.7500000000000679456, -4.833333333333410309 ) ) ;
#2170 =( BOUNDED_CURVE ( )  B_SPLINE_CURVE ( 2, ( #1847, #1291, #493, #236, #2394, #2688, #2169, #203, #1586 ),
 .UNSPECIFIED., .F., .F. ) 
 B_SPLINE_CURVE_WITH_KNOTS ( ( 3, 2, 2, 2, 3 ),
 ( 0.7884615384615389910, 0.7948717948717949344, 0.8076923076923080425, 0.8205128205128210395, 0.8269230769230769829 ),
 .UNSPECIFIED. ) 
 CURVE ( )  GEOMETRIC_REPRESENTATION_ITEM ( )  RATIONAL_B_SPLINE_CURVE ( ( 0.9330127018922189652, 0.9330127018922249604, 1.000000000000000000, 0.8660254037844389297, 1.000000000000000000, 0.8660254037844389297, 1.000000000000000000, 0.9330127018922179660, 0.9330127018922189652 ) ) 
 REPRESENTATION_ITEM ( '' )  );
#2171 = CARTESIAN_POINT ( 'NONE',  ( 1.732050807568917161, -4.607098102793951549E-14, 0.8124999999994749755 ) ) ;
#2172 = CARTESIAN_POINT ( 'NONE',  ( 6.938893903907229955E-15, -2.775557561562889773E-14, -8.499999999999559464 ) ) ;
#2173 = CARTESIAN_POINT ( 'NONE',  ( -1.249999999999997113, -0.6607527861986197681, -8.469532474855338222 ) ) ;
#2174 = EDGE_CURVE ( 'NONE', #2126, #2845, #1578, .T. ) ;
#2175 = VERTEX_POINT ( 'NONE', #2546 ) ;
#2176 = CARTESIAN_POINT ( 'NONE',  ( 1.299038105676677990, 0.7499999999999450440, -5.083333333332720194 ) ) ;
#2177 = CARTESIAN_POINT ( 'NONE',  ( 1.175240473580845935, -3.486133158594715031E-16, -0.9374999999998799849 ) ) ;
#2178 = ORIENTED_EDGE ( 'NONE', *, *, #743, .T. ) ;
#2179 = CARTESIAN_POINT ( 'NONE',  ( 0.8660254037844071773, 1.499999999999944489, -3.604166666666781982 ) ) ;
#2180 = CARTESIAN_POINT ( 'NONE',  ( 0.6785254037844146158, 1.175240473580791312, -2.354166666666520857 ) ) ;
#2181 = APPROVAL_ROLE ( '' ) ;
#2182 = CARTESIAN_POINT ( 'NONE',  ( -2.449999999999999734, -2.527583334489769632E-14, -8.499999999999559464 ) ) ;
#2183 =( BOUNDED_CURVE ( )  B_SPLINE_CURVE ( 2, ( #1942, #3302, #2528, #3042, #1648, #1437, #1153, #2258, #521 ),
 .UNSPECIFIED., .F., .T. ) 
 B_SPLINE_CURVE_WITH_KNOTS ( ( 3, 2, 2, 2, 3 ),
 ( 0.8269230769230769829, 0.8333333333333330373, 0.8461538461538460343, 0.8589743589743590313, 0.8653846153846149747 ),
 .UNSPECIFIED. ) 
 CURVE ( )  GEOMETRIC_REPRESENTATION_ITEM ( )  RATIONAL_B_SPLINE_CURVE ( ( 0.9330127018922189652, 0.9330127018922259596, 1.000000000000000000, 0.8660254037844389297, 1.000000000000000000, 0.8660254037844389297, 1.000000000000000000, 0.9330127018922199644, 0.9330127018922189652 ) ) 
 REPRESENTATION_ITEM ( '' )  );
#2184 = EDGE_LOOP ( 'NONE', ( #2791, #484, #3145, #3333 ) ) ;
#2185 = CARTESIAN_POINT ( 'NONE',  ( -0.7785655570312020046, 0.9294517643453676925, -0.1868571353861341044 ) ) ;
#2186 = AXIS2_PLACEMENT_3D ( 'NONE', #2373, #3262, #2649 ) ;
#2187 = CARTESIAN_POINT ( 'NONE',  ( -0.6785254037844226094, 1.175240473580830836, -1.708333333333480475 ) ) ;
#2188 = AXIS2_PLACEMENT_3D ( 'NONE', #1869, #757, #2449 ) ;
#2189 = EDGE_CURVE ( 'NONE', #3523, #543, #2511, .T. ) ;
#2190 = CARTESIAN_POINT ( 'NONE',  ( -1.499999999999984901, 0.4019237886466526799, -4.959829099369207128 ) ) ;
#2191 = CONICAL_SURFACE ( 'NONE', #1605, 1.250000000000000000, 1.047197551196596299 ) ;
#2192 = AXIS2_PLACEMENT_3D ( 'NONE', #1519, #2633, #1859 ) ;
#2193 = CARTESIAN_POINT ( 'NONE',  ( -1.499999999999977129, -0.4019237886467316168, -2.852670900630829287 ) ) ;
#2194 = CARTESIAN_POINT ( 'NONE',  ( -1.299038105676664001, 0.7499999999999590328, -0.4791666666663639829 ) ) ;
#2195 = AXIS2_PLACEMENT_3D ( 'NONE', #2606, #948, #1457 ) ;
#2196 = VERTEX_POINT ( 'NONE', #79 ) ;
#2197 = CYLINDRICAL_SURFACE ( 'NONE', #750, 1.175240473580833944 ) ;
#2198 = ORIENTED_EDGE ( 'NONE', *, *, #3532, .T. ) ;
#2199 = PRODUCT ( 'M3X0.5-5-ALUMINUM-SOCKET-HEAD-CAP-SCREW_91292A110.STEP', 'M3X0.5-5-ALUMINUM-SOCKET-HEAD-CAP-SCREW_91292A110.STEP', '', ( #2767 ) ) ;
#2200 = CARTESIAN_POINT ( 'NONE',  ( 0.8660254037844707931, -1.500000000000001554, -1.708333333333607484 ) ) ;
#2201 = CARTESIAN_POINT ( 'NONE',  ( 1.175240473580845935, 6.972266317189430062E-16, -0.8749999999998770983 ) ) ;
#2202 = CARTESIAN_POINT ( 'NONE',  ( -1.055851797430205963, -1.036764341625857178, -0.3895285877709214750 ) ) ;
#2203 = CARTESIAN_POINT ( 'NONE',  ( 1.017788105676656008, -0.5876202367904449497, -2.916666666666845042 ) ) ;
#2204 = ORIENTED_EDGE ( 'NONE', *, *, #887, .F. ) ;
#2205 = CARTESIAN_POINT ( 'NONE',  ( -1.175240473580848155, 3.369928719974889915E-15, -4.125000000000000000 ) ) ;
#2206 = CARTESIAN_POINT ( 'NONE',  ( -1.017788105676641797, 0.5876202367903590185, -0.6666666666668710217 ) ) ;
#2207 = LINE ( 'NONE', #2774, #2056 ) ;
#2208 = EDGE_CURVE ( 'NONE', #1525, #535, #3197, .T. ) ;
#2209 = CARTESIAN_POINT ( 'NONE',  ( -1.025711872618532139, -0.8511806472067965368, -8.370507189279003057 ) ) ;
#2210 = CARTESIAN_POINT ( 'NONE',  ( 0.000000000000000000, 0.000000000000000000, 0.000000000000000000 ) ) ;
#2211 = CARTESIAN_POINT ( 'NONE',  ( -1.249999999999997113, -0.3995229083022737160, -8.368889939185505611 ) ) ;
#2212 = EDGE_LOOP ( 'NONE', ( #2338, #1663, #2379, #2927, #1126 ) ) ;
#2213 = CARTESIAN_POINT ( 'NONE',  ( 0.6785254037844147268, 1.175240473580791312, -4.354166666666534624 ) ) ;
#2214 = CARTESIAN_POINT ( 'NONE',  ( -0.8660254037844555830, 1.500000000000001776, -1.458333333333542647 ) ) ;
#2215 = ORIENTED_EDGE ( 'NONE', *, *, #643, .T. ) ;
#2216 = EDGE_CURVE ( 'NONE', #2196, #2062, #3450, .T. ) ;
#2217 = CARTESIAN_POINT ( 'NONE',  ( 3.469446951953614978E-15, -1.500000000000000000, -1.312499999999940048 ) ) ;
#2218 = CYLINDRICAL_SURFACE ( 'NONE', #332, 1.175240473580833944 ) ;
#2219 = DIRECTION ( 'NONE',  ( 3.647064326199800396E-15, -2.400530044110370049E-17, 1.000000000000000000 ) ) ;
#2220 = ORIENTED_EDGE ( 'NONE', *, *, #2758, .F. ) ;
#2221 = CARTESIAN_POINT ( 'NONE',  ( 1.499999999999974021, -4.322805116657449912E-14, -4.687500000000089706 ) ) ;
#2222 = CARTESIAN_POINT ( 'NONE',  ( 0.6785254037844307140, 1.175240473580774880, -0.2916666666665294061 ) ) ;
#2223 = CARTESIAN_POINT ( 'NONE',  ( 0.8660254037844153929, 1.500000000000015543, -2.541666666666794860 ) ) ;
#2224 = CARTESIAN_POINT ( 'NONE',  ( -1.734723475976804570E-14, 1.734723475976804570E-14, -8.199999999999599609 ) ) ;
#2225 = B_SPLINE_CURVE_WITH_KNOTS ( 'NONE', 3,
 ( #264, #1668, #2754, #2773, #1399, #812, #1909, #1080, #2185, #1366 ),
 .UNSPECIFIED., .F., .F.,
 ( 4, 2, 2, 2, 4 ),
 ( 0.000000000000000000, 0.2500000000000000555, 0.5000000000000000000, 0.7499999999999998890, 1.000000000000000000 ),
 .UNSPECIFIED. ) ;
#2226 = DIRECTION ( 'NONE',  ( -0.8660254037844390407, 0.4999999999999995004, -1.829581234990197827E-15 ) ) ;
#2227 = DIRECTION ( 'NONE',  ( -2.312964634635745422E-15, -2.400530044109874854E-17, 1.000000000000000000 ) ) ;
#2228 = VERTEX_POINT ( 'NONE', #2959 ) ;
#2229 = CARTESIAN_POINT ( 'NONE',  ( 0.6785254037844307140, -1.175240473580819067, -5.020833333333611037 ) ) ;
#2230 = CARTESIAN_POINT ( 'NONE',  ( 0.8660254037844072883, 1.500000000000048628, -2.104166666666780205 ) ) ;
#2231 = ORIENTED_EDGE ( 'NONE', *, *, #801, .T. ) ;
#2232 = ORIENTED_EDGE ( 'NONE', *, *, #2505, .T. ) ;
#2233 = DIRECTION ( 'NONE',  ( -3.647064326199800396E-15, 2.400530044110370049E-17, -1.000000000000000000 ) ) ;
#2234 = EDGE_CURVE ( 'NONE', #1917, #26, #1945, .T. ) ;
#2235 = CARTESIAN_POINT ( 'NONE',  ( 1.499999999999974021, -4.322805116657449912E-14, -4.687500000000089706 ) ) ;
#2236 = ORIENTED_EDGE ( 'NONE', *, *, #2692, .T. ) ;
#2237 = CARTESIAN_POINT ( 'NONE',  ( -1.175240473580834166, -0.06825674813712925837, -0.1826600864058519902 ) ) ;
#2238 = EDGE_CURVE ( 'NONE', #308, #224, #449, .T. ) ;
#2239 = CARTESIAN_POINT ( 'NONE',  ( -1.175240473580833944, 9.785842749306110427E-16, -2.527938378719355031E-15 ) ) ;
#2240 = CARTESIAN_POINT ( 'NONE',  ( 1.017788105676687982, -0.5876202367904730384, -1.916666666666454910 ) ) ;
#2241 = VECTOR ( 'NONE', #3110, 1000.000000000000000 ) ;
#2242 = CARTESIAN_POINT ( 'NONE',  ( 1.017788105676611821, -0.5876202367904589385, -4.916666666666629659 ) ) ;
#2243 = CARTESIAN_POINT ( 'NONE',  ( 0.6785254037844469233, -1.175240473580766221, -3.520833333333602599 ) ) ;
#2244 =( BOUNDED_CURVE ( )  B_SPLINE_CURVE ( 2, ( #1175, #925, #2273, #652, #1783, #2896, #1517, #1800, #2876 ),
 .UNSPECIFIED., .F., .F. ) 
 B_SPLINE_CURVE_WITH_KNOTS ( ( 3, 2, 2, 2, 3 ),
 ( 0.6346153846153849143, 0.6410256410256410797, 0.6538461538461540767, 0.6666666666666670737, 0.6730769230769230171 ),
 .UNSPECIFIED. ) 
 CURVE ( )  GEOMETRIC_REPRESENTATION_ITEM ( )  RATIONAL_B_SPLINE_CURVE ( ( 0.9330127018922189652, 0.9330127018922239612, 1.000000000000000000, 0.8660254037844389297, 1.000000000000000000, 0.8660254037844389297, 1.000000000000000000, 0.9330127018922189652, 0.9330127018922189652 ) ) 
 REPRESENTATION_ITEM ( '' )  );
#2245 = CARTESIAN_POINT ( 'NONE',  ( 2.081668171172170091E-14, -1.175240473580769995, -2.562500000000409894 ) ) ;
#2246 = CARTESIAN_POINT ( 'NONE',  ( 1.175240473580839939, -1.859271017917179772E-15, -0.4374999999998769873 ) ) ;
#2247 = AXIS2_PLACEMENT_3D ( 'NONE', #409, #3209, #708 ) ;
#2248 = CARTESIAN_POINT ( 'NONE',  ( 0.8660254037844951069, -1.500000000000043077, -3.208333333333552861 ) ) ;
#2249 = EDGE_LOOP ( 'NONE', ( #1199, #3234, #3431, #3416 ) ) ;
#2250 = CARTESIAN_POINT ( 'NONE',  ( -0.6785254037844259400, 1.175240473580814404, -3.270833333333469817 ) ) ;
#2251 = ORIENTED_EDGE ( 'NONE', *, *, #788, .F. ) ;
#2252 = CARTESIAN_POINT ( 'NONE',  ( -1.175240473580825507, 0.3149047358083114645, -4.147329099369221339 ) ) ;
#2253 = EDGE_CURVE ( 'NONE', #2364, #2118, #3547, .T. ) ;
#2254 = CARTESIAN_POINT ( 'NONE',  ( -1.299038105676646015, -0.7500000000000560663, -3.895833333333374782 ) ) ;
#2255 = CARTESIAN_POINT ( 'NONE',  ( 1.017788105676656008, -0.5876202367904449497, -2.416666666666900110 ) ) ;
#2256 = CARTESIAN_POINT ( 'NONE',  ( -0.8330049968435314645, -1.205861099413951143, -0.3809432952233202108 ) ) ;
#2257 = EDGE_LOOP ( 'NONE', ( #1466, #1378, #1695, #390 ) ) ;
#2258 = CARTESIAN_POINT ( 'NONE',  ( 1.175240473580827505, 0.3149047358083507109, -4.852670900630418949 ) ) ;
#2259 = CARTESIAN_POINT ( 'NONE',  ( 1.175240473580835943, -0.3149047358083351678, -4.459829099369180483 ) ) ;
#2260 = ADVANCED_FACE ( 'NONE', ( #3173 ), #663, .T. ) ;
#2261 = CARTESIAN_POINT ( 'NONE',  ( -1.250000000000000000, -7.180554925521929660E-14, -6.099999999999600853 ) ) ;
#2262 = FACE_OUTER_BOUND ( 'NONE', #2695, .T. ) ;
#2263 = CARTESIAN_POINT ( 'NONE',  ( -1.017788105676666000, 0.5876202367903660129, -4.229166666666451135 ) ) ;
#2264 = CARTESIAN_POINT ( 'NONE',  ( -1.250000000000019984, 0.7216878364869889761, -8.499999999999669598 ) ) ;
#2265 = CARTESIAN_POINT ( 'NONE',  ( 1.017788105676639798, -0.5876202367904319601, -3.416666666666789975 ) ) ;
#2266 = VERTEX_POINT ( 'NONE', #2340 ) ;
#2267 = DIRECTION ( 'NONE',  ( 1.000000000000000000, -8.326672684688661234E-16, 2.312964634635742661E-15 ) ) ;
#2268 = CARTESIAN_POINT ( 'NONE',  ( 1.017788105676656008, -0.5876202367904449497, -2.916666666666845042 ) ) ;
#2269 = DIRECTION ( 'NONE',  ( -2.150996698587985373E-15, -2.400530044109884714E-17, 1.000000000000000000 ) ) ;
#2270 = EDGE_CURVE ( 'NONE', #1329, #3509, #938, .T. ) ;
#2271 = EDGE_LOOP ( 'NONE', ( #3018, #3421, #2301, #3052, #1250, #3294 ) ) ;
#2272 = CYLINDRICAL_SURFACE ( 'NONE', #222, 1.175240473580833944 ) ;
#2273 = CARTESIAN_POINT ( 'NONE',  ( 1.299038105676695976, -0.7499999999999850120, -3.229166666666785090 ) ) ;
#2274 = ADVANCED_FACE ( 'NONE', ( #966 ), #2061, .F. ) ;
#2275 = CARTESIAN_POINT ( 'NONE',  ( 0.6785254037844422603, 1.175240473580814404, -1.291666666666532626 ) ) ;
#2276 = CARTESIAN_POINT ( 'NONE',  ( 1.175240473580843936, 0.3149047358083580939, -2.352670900630442485 ) ) ;
#2277 = DIRECTION ( 'NONE',  ( 0.8660254037844390407, 0.4999999999999995004, 1.896054333877113421E-15 ) ) ;
#2278 = CARTESIAN_POINT ( 'NONE',  ( -0.8660254037844153929, -1.500000000000020428, -3.291666666666865915 ) ) ;
#2279 = EDGE_CURVE ( 'NONE', #1170, #985, #2380, .T. ) ;
#2280 = CARTESIAN_POINT ( 'NONE',  ( 0.6785254037844226094, 1.175240473580759115, -4.291666666666549723 ) ) ;
#2281 = ORIENTED_EDGE ( 'NONE', *, *, #2120, .T. ) ;
#2282 = CARTESIAN_POINT ( 'NONE',  ( -1.387778780781445991E-14, 1.175240473580821954, -4.249999999999809930 ) ) ;
#2283 = DIRECTION ( 'NONE',  ( 2.081668171172170091E-15, 2.400530044109889953E-17, -1.000000000000000000 ) ) ;
#2284 = DIRECTION ( 'NONE',  ( 2.150996698587985373E-15, 2.400530044109884714E-17, -1.000000000000000000 ) ) ;
#2285 = ORIENTED_EDGE ( 'NONE', *, *, #849, .T. ) ;
#2286 = CARTESIAN_POINT ( 'NONE',  ( 0.8660254037844556940, -1.500000000000036637, -5.708333333333563075 ) ) ;
#2287 = LINE ( 'NONE', #665, #605 ) ;
#2288 = CARTESIAN_POINT ( 'NONE',  ( 2.428612866367529617E-14, -1.500000000000000000, -1.249999999999862110 ) ) ;
#2289 = CARTESIAN_POINT ( 'NONE',  ( 1.017788105676654009, 0.5876202367903760049, -1.395833333333039938 ) ) ;
#2290 = FACE_OUTER_BOUND ( 'NONE', #2257, .T. ) ;
#2291 = EDGE_CURVE ( 'NONE', #3053, #1505, #1666, .T. ) ;
#2292 = CARTESIAN_POINT ( 'NONE',  ( 2.081668171172170091E-14, -3.989863994746654424E-14, -4.999999999999729994 ) ) ;
#2293 = CARTESIAN_POINT ( 'NONE',  ( -0.6785254037844387076, 1.175240473580819067, -2.208333333333482695 ) ) ;
#2294 =( BOUNDED_CURVE ( )  B_SPLINE_CURVE ( 2, ( #2392, #2190, #2166, #2529, #326 ),
 .UNSPECIFIED., .F., .T. ) 
 B_SPLINE_CURVE_WITH_KNOTS ( ( 3, 2, 3 ),
 ( 0.9038461538461540767, 0.9102564102564100201, 0.9136279961194799792 ),
 .UNSPECIFIED. ) 
 CURVE ( )  GEOMETRIC_REPRESENTATION_ITEM ( )  RATIONAL_B_SPLINE_CURVE ( ( 0.9330127018922189652, 0.9330127018922199644, 1.000000000000000000, 0.9647668653403489447, 0.9480652107225979730 ) ) 
 REPRESENTATION_ITEM ( '' )  );
#2295 = CIRCLE ( 'NONE', #608, 2.750000000000000000 ) ;
#2296 = CARTESIAN_POINT ( 'NONE',  ( -1.017788105676666000, 0.5876202367903069490, -1.666666666666984931 ) ) ;
#2297 = AXIS2_PLACEMENT_3D ( 'NONE', #872, #3325, #3061 ) ;
#2298 = CARTESIAN_POINT ( 'NONE',  ( -0.6785254037844146158, -1.175240473580819067, -4.041666666666929864 ) ) ;
#2299 = ORIENTED_EDGE ( 'NONE', *, *, #1045, .F. ) ;
#2300 = CARTESIAN_POINT ( 'NONE',  ( 0.000000000000000000, -1.734723475976804570E-14, -7.099999999999718980 ) ) ;
#2301 = ORIENTED_EDGE ( 'NONE', *, *, #2828, .T. ) ;
#2302 = CARTESIAN_POINT ( 'NONE',  ( 0.6785254037844549169, -1.175240473580786649, -1.458333333333607262 ) ) ;
#2303 = VECTOR ( 'NONE', #2690, 1000.000000000000000 ) ;
#2304 = CARTESIAN_POINT ( 'NONE',  ( -1.387964926025102130, 0.3938733921731795151, -0.3633555182710214160 ) ) ;
#2305 = ORIENTED_EDGE ( 'NONE', *, *, #2007, .F. ) ;
#2306 = CARTESIAN_POINT ( 'NONE',  ( 1.249999999999961142, 0.4700024099106448472, -8.391644418252740323 ) ) ;
#2307 = CARTESIAN_POINT ( 'NONE',  ( -1.732050807568862982, -3.405246423804224482E-14, -1.375000000000102585 ) ) ;
#2308 = CARTESIAN_POINT ( 'NONE',  ( 1.499999999999986899, 0.4019237886466628940, -1.165170900631027129 ) ) ;
#2309 = CARTESIAN_POINT ( 'NONE',  ( 1.175240473580822176, 0.3149047358083387205, -4.915170900630452699 ) ) ;
#2310 = DIRECTION ( 'NONE',  ( 2.403703357979455239E-15, 2.400530044109864685E-17, -1.000000000000000000 ) ) ;
#2311 = DIRECTION ( 'NONE',  ( -0.7071067811865489050, 6.584059669036439538E-16, 0.7071067811865460184 ) ) ;
#2312 = EDGE_CURVE ( 'NONE', #583, #2578, #1096, .T. ) ;
#2313 = CARTESIAN_POINT ( 'NONE',  ( -0.6785254037844259400, 1.175240473580770661, -4.208333333333427184 ) ) ;
#2314 = ORIENTED_EDGE ( 'NONE', *, *, #875, .T. ) ;
#2315 = ORIENTED_EDGE ( 'NONE', *, *, #2645, .F. ) ;
#2316 = CARTESIAN_POINT ( 'NONE',  ( -1.017788105676649790, 0.5876202367903220480, -3.729166666666504870 ) ) ;
#2317 = CARTESIAN_POINT ( 'NONE',  ( -1.250000000000000000, -0.7216878364870470408, -7.100000000000000533 ) ) ;
#2318 = ADVANCED_FACE ( 'NONE', ( #2290 ), #590, .T. ) ;
#2319 = CARTESIAN_POINT ( 'NONE',  ( -0.8660254037844384856, 1.499999999999983347, -2.020833333333531545 ) ) ;
#2320 = ORIENTED_EDGE ( 'NONE', *, *, #3247, .T. ) ;
#2321 = DIRECTION ( 'NONE',  ( 2.150996698587985373E-15, 2.400530044109884714E-17, -1.000000000000000000 ) ) ;
#2322 = DIRECTION ( 'NONE',  ( 2.150996698587985373E-15, 2.400530044109884714E-17, -1.000000000000000000 ) ) ;
#2323 = CARTESIAN_POINT ( 'NONE',  ( 1.299038105676669996, -0.7500000000000149880, 0.3333333333331855441 ) ) ;
#2324 = EDGE_CURVE ( 'NONE', #2911, #2583, #699, .T. ) ;
#2325 = DESIGN_CONTEXT ( 'detailed design', #2856, 'design' ) ;
#2326 = ORIENTED_EDGE ( 'NONE', *, *, #2645, .T. ) ;
#2327 = FACE_OUTER_BOUND ( 'NONE', #2787, .T. ) ;
#2328 = CARTESIAN_POINT ( 'NONE',  ( -1.732050807568853656, -6.209567008113587639E-14, -5.437500000000108358 ) ) ;
#2329 = CARTESIAN_POINT ( 'NONE',  ( 0.8660254037844788977, -1.500000000000015543, -2.208333333333609705 ) ) ;
#2330 = CARTESIAN_POINT ( 'NONE',  ( 1.175240473580833944, -8.346588265106930416E-16, 2.527938378719355031E-15 ) ) ;
#2331 = CYLINDRICAL_SURFACE ( 'NONE', #3412, 1.500000000000000000 ) ;
#2332 = CARTESIAN_POINT ( 'NONE',  ( 0.6785254037845184216, -1.175240473580786649, -0.9583333333336044868 ) ) ;
#2333 = CARTESIAN_POINT ( 'NONE',  ( 1.387778780781445991E-14, -1.500000000000060174, -4.249999999999809930 ) ) ;
#2334 = CARTESIAN_POINT ( 'NONE',  ( 1.249999999999980016, -0.7216878364870729090, -7.100000000000270539 ) ) ;
#2335 = DIRECTION ( 'NONE',  ( -1.000000000000000000, 8.326672684688679970E-16, -2.150996698587985373E-15 ) ) ;
#2336 = CARTESIAN_POINT ( 'NONE',  ( 1.249999999999966027, 0.7216878364870189522, -7.099999999999269562 ) ) ;
#2337 = ORIENTED_EDGE ( 'NONE', *, *, #1050, .F. ) ;
#2338 = ORIENTED_EDGE ( 'NONE', *, *, #1294, .T. ) ;
#2339 = CARTESIAN_POINT ( 'NONE',  ( 1.175240473580849931, -9.296355089585910693E-16, -1.374999999999875877 ) ) ;
#2340 = CARTESIAN_POINT ( 'NONE',  ( 1.175240473580853928, -6.972266317189430062E-16, -1.874999999999880096 ) ) ;
#2341 = LINE ( 'NONE', #3473, #2474 ) ;
#2342 = ORIENTED_EDGE ( 'NONE', *, *, #306, .F. ) ;
#2343 = ADVANCED_FACE ( 'NONE', ( #312 ), #348, .T. ) ;
#2344 = CARTESIAN_POINT ( 'NONE',  ( 0.8660254037844870023, -1.499999999999972022, -1.208333333333604598 ) ) ;
#2345 = ORIENTED_EDGE ( 'NONE', *, *, #2238, .T. ) ;
#2346 = CARTESIAN_POINT ( 'NONE',  ( -1.299038105676689980, 0.7499999999999830136, -4.416666666666459129 ) ) ;
#2347 = CARTESIAN_POINT ( 'NONE',  ( 1.017788105676656008, 0.5876202367903480273, 0.1666666666668704944 ) ) ;
#2348 = CARTESIAN_POINT ( 'NONE',  ( 1.500000000000000222, -4.404148223691324318E-14, -1.187500000000283995 ) ) ;
#2349 = DIRECTION ( 'NONE',  ( 2.150996698587985373E-15, 2.400530044109884714E-17, -1.000000000000000000 ) ) ;
#2350 = CARTESIAN_POINT ( 'NONE',  ( -0.8660254037844384856, -1.500000000000027311, -0.8541666666668361607 ) ) ;
#2351 = DIRECTION ( 'NONE',  ( -3.647064326199800396E-15, 2.400530044110370049E-17, -1.000000000000000000 ) ) ;
#2352 = DIRECTION ( 'NONE',  ( 1.000000000000000000, -8.326672684688661234E-16, 2.312964634635742661E-15 ) ) ;
#2353 = ADVANCED_FACE ( 'NONE', ( #330 ), #270, .F. ) ;
#2354 = CARTESIAN_POINT ( 'NONE',  ( 0.8660254037845112052, -1.500000000000052625, -2.770833333333595938 ) ) ;
#2355 = CARTESIAN_POINT ( 'NONE',  ( -1.500000000000024869, -3.811505586730224213E-14, -2.937499999999915179 ) ) ;
#2356 = DIRECTION ( 'NONE',  ( -1.000000000000000000, 1.770805724277119949E-14, -1.892425610156516974E-15 ) ) ;
#2357 = CARTESIAN_POINT ( 'NONE',  ( 1.357050807568882300, 3.605555036969184357E-14, -5.374999999999989342 ) ) ;
#2358 = ORIENTED_EDGE ( 'NONE', *, *, #2324, .F. ) ;
#2359 = CARTESIAN_POINT ( 'NONE',  ( 1.017788105676646015, 0.5876202367904039825, -3.395833333332765047 ) ) ;
#2360 = ORIENTED_EDGE ( 'NONE', *, *, #2994, .F. ) ;
#2361 = AXIS2_PLACEMENT_3D ( 'NONE', #1168, #3187, #2267 ) ;
#2362 = CARTESIAN_POINT ( 'NONE',  ( -1.309633560130242902, 0.1032683288047553799, -0.2719557669904341668 ) ) ;
#2363 = CARTESIAN_POINT ( 'NONE',  ( -0.6785254037844146158, -1.175240473580819067, -0.6041666666669627261 ) ) ;
#2364 = VERTEX_POINT ( 'NONE', #1741 ) ;
#2365 = AXIS2_PLACEMENT_3D ( 'NONE', #2952, #1560, #1609 ) ;
#2366 = CARTESIAN_POINT ( 'NONE',  ( -2.081668171172170091E-14, 1.175240473580795975, -4.312499999999665157 ) ) ;
#2367 = ADVANCED_FACE ( 'NONE', ( #2327 ), #2272, .T. ) ;
#2368 =( BOUNDED_CURVE ( )  B_SPLINE_CURVE ( 2, ( #1232, #1524, #2953, #1809, #2918, #2135, #2638, #446, #2936 ),
 .UNSPECIFIED., .F., .F. ) 
 B_SPLINE_CURVE_WITH_KNOTS ( ( 3, 2, 2, 2, 3 ),
 ( 0.5961538461538470335, 0.6025641025641029769, 0.6153846153846149747, 0.6282051282051279717, 0.6346153846153849143 ),
 .UNSPECIFIED. ) 
 CURVE ( )  GEOMETRIC_REPRESENTATION_ITEM ( )  RATIONAL_B_SPLINE_CURVE ( ( 0.9330127018922189652, 0.9330127018922249604, 1.000000000000000000, 0.8660254037844389297, 1.000000000000000000, 0.8660254037844389297, 1.000000000000000000, 0.9330127018922159676, 0.9330127018922189652 ) ) 
 REPRESENTATION_ITEM ( '' )  );
#2369 = CARTESIAN_POINT ( 'NONE',  ( -1.299038105676656008, -0.7500000000000810463, -0.3333333333333520221 ) ) ;
#2370 = CARTESIAN_POINT ( 'NONE',  ( 0.5631423634823314872, -1.284244434015316738, -0.3366099092615850163 ) ) ;
#2371 = CARTESIAN_POINT ( 'NONE',  ( 0.8660254037844790087, -1.500000000000013545, -4.270833333333603932 ) ) ;
#2372 = CARTESIAN_POINT ( 'NONE',  ( -0.6785254037844469233, 1.175240473580837497, -2.708333333333483139 ) ) ;
#2373 = CARTESIAN_POINT ( 'NONE',  ( -2.081668171172170091E-14, 1.443375672974021917, -7.099999999999389466 ) ) ;
#2374 = CARTESIAN_POINT ( 'NONE',  ( -1.175240473580831946, 1.684964359987444957E-15, -0.1875000000002544909 ) ) ;
#2375 = EDGE_CURVE ( 'NONE', #3467, #1015, #1833, .T. ) ;
#2376 = CARTESIAN_POINT ( 'NONE',  ( 0.8660254037845112052, -1.500000000000050404, -3.770833333333603044 ) ) ;
#2377 = CARTESIAN_POINT ( 'NONE',  ( 1.249999999999980016, -0.7216878364870729090, -7.100000000000270539 ) ) ;
#2378 = VERTEX_POINT ( 'NONE', #3163 ) ;
#2379 = ORIENTED_EDGE ( 'NONE', *, *, #3014, .F. ) ;
#2380 = LINE ( 'NONE', #1791, #1837 ) ;
#2381 = CARTESIAN_POINT ( 'NONE',  ( 0.6785254037844308250, -1.175240473580754230, -4.458333333333554194 ) ) ;
#2382 = ORIENTED_EDGE ( 'NONE', *, *, #679, .T. ) ;
#2383 = CARTESIAN_POINT ( 'NONE',  ( 0.8430225338333237062, -1.103652513002026492, -0.3257347318660841484 ) ) ;
#2384 = CARTESIAN_POINT ( 'NONE',  ( -1.017788105676649790, 0.5876202367903189394, -0.2291666666670024999 ) ) ;
#2385 = CYLINDRICAL_SURFACE ( 'NONE', #3133, 1.175240473580833944 ) ;
#2386 = EDGE_LOOP ( 'NONE', ( #320, #1221, #1330, #1456, #3211 ) ) ;
#2387 = CARTESIAN_POINT ( 'NONE',  ( 1.017788105676626031, 0.5876202367904449497, -3.833333333332854753 ) ) ;
#2388 = DIRECTION ( 'NONE',  ( -3.647064326199800396E-15, 2.400530044110370049E-17, -1.000000000000000000 ) ) ;
#2389 = CARTESIAN_POINT ( 'NONE',  ( 0.8660254037843910790, 1.500000000000032196, -4.604166666666788643 ) ) ;
#2390 = DIRECTION ( 'NONE',  ( 3.647064326199800396E-15, -2.400530044110370049E-17, 1.000000000000000000 ) ) ;
#2391 = CARTESIAN_POINT ( 'NONE',  ( -1.027707124852174525, 0.8500286877924910778, -8.371659148693833430 ) ) ;
#2392 = CARTESIAN_POINT ( 'NONE',  ( -1.499999999999974021, -3.904469137626083832E-14, -4.937500000000000000 ) ) ;
#2393 = DIRECTION ( 'NONE',  ( 3.647064326199800396E-15, -2.400530044110370049E-17, 1.000000000000000000 ) ) ;
#2394 = CARTESIAN_POINT ( 'NONE',  ( 4.163336342344334502E-14, -1.500000000000085043, -4.750000000000000000 ) ) ;
#2395 = EDGE_CURVE ( 'NONE', #1787, #3368, #1495, .T. ) ;
#2396 = CARTESIAN_POINT ( 'NONE',  ( -1.299038105676654009, 0.7500000000000000000, 0.5208333333335259940 ) ) ;
#2397 = CARTESIAN_POINT ( 'NONE',  ( -1.017788105676666000, 0.5876202367903030632, -2.729166666666394736 ) ) ;
#2398 = EDGE_LOOP ( 'NONE', ( #3372, #1612, #3544, #2710 ) ) ;
#2399 = ORIENTED_EDGE ( 'NONE', *, *, #2279, .T. ) ;
#2400 = CARTESIAN_POINT ( 'NONE',  ( 1.732050807568844775, 2.203394744814502148E-14, -4.125000000000502709 ) ) ;
#2401 = EDGE_CURVE ( 'NONE', #1590, #3415, #1962, .T. ) ;
#2402 = CARTESIAN_POINT ( 'NONE',  ( 1.290254733455044933, -0.4022721651059792958, -0.2995713467083013226 ) ) ;
#2403 = ORIENTED_EDGE ( 'NONE', *, *, #2120, .F. ) ;
#2404 = CARTESIAN_POINT ( 'NONE',  ( -0.6785254037844307140, 1.175240473580774880, -0.2083333333335370130 ) ) ;
#2405 = CARTESIAN_POINT ( 'NONE',  ( 1.299038105676654009, -0.7500000000000289768, -2.166666666666760221 ) ) ;
#2406 = CARTESIAN_POINT ( 'NONE',  ( 1.175240473580834166, -0.3149047358083485459, -3.959829099369204464 ) ) ;
#2407 = EDGE_CURVE ( 'NONE', #258, #931, #90, .T. ) ;
#2408 = LINE ( 'NONE', #463, #445 ) ;
#2409 = CARTESIAN_POINT ( 'NONE',  ( 1.175240473580831946, 0.3149047358083406634, -2.915170900630448259 ) ) ;
#2410 = ORIENTED_EDGE ( 'NONE', *, *, #853, .T. ) ;
#2411 = ORIENTED_EDGE ( 'NONE', *, *, #1738, .T. ) ;
#2412 =( BOUNDED_CURVE ( )  B_SPLINE_CURVE ( 2, ( #3054, #2252, #3352, #2486, #2282, #1506, #1483, #2619, #1865 ),
 .UNSPECIFIED., .F., .F. ) 
 B_SPLINE_CURVE_WITH_KNOTS ( ( 3, 2, 2, 2, 3 ),
 ( 0.7500000000000000000, 0.7564102564102570536, 0.7692307692307689404, 0.7820512820512819374, 0.7884615384615389910 ),
 .UNSPECIFIED. ) 
 CURVE ( )  GEOMETRIC_REPRESENTATION_ITEM ( )  RATIONAL_B_SPLINE_CURVE ( ( 0.9330127018922189652, 0.9330127018922249604, 1.000000000000000000, 0.8660254037844389297, 1.000000000000000000, 0.8660254037844389297, 1.000000000000000000, 0.9330127018922159676, 0.9330127018922189652 ) ) 
 REPRESENTATION_ITEM ( '' )  );
#2413 = AXIS2_PLACEMENT_3D ( 'NONE', #1579, #2751, #2489 ) ;
#2414 = CARTESIAN_POINT ( 'NONE',  ( -1.732050807568862982, -7.010801460773411994E-14, -5.875000000000118128 ) ) ;
#2415 = CARTESIAN_POINT ( 'NONE',  ( -1.387778780781445991E-14, 1.175240473580752010, -3.249999999999694911 ) ) ;
#2416 = CARTESIAN_POINT ( 'NONE',  ( 0.2174379805283607747, -1.401574206777620679, -0.3480715713376066334 ) ) ;
#2417 = VERTEX_POINT ( 'NONE', #419 ) ;
#2418 = CARTESIAN_POINT ( 'NONE',  ( 0.000000000000000000, -1.175240473580879907, -3.062500000000355271 ) ) ;
#2419 = AXIS2_PLACEMENT_3D ( 'NONE', #2172, #707, #1539 ) ;
#2420 = CIRCLE ( 'NONE', #1095, 2.750000000000000000 ) ;
#2421 = CARTESIAN_POINT ( 'NONE',  ( -1.175240473580841938, 2.963213184805509600E-15, -1.687500000000260014 ) ) ;
#2422 = DIRECTION ( 'NONE',  ( -1.000000000000000000, 8.326672684688669123E-16, -2.081668171172168513E-15 ) ) ;
#2423 = CARTESIAN_POINT ( 'NONE',  ( -1.017788105676687982, 0.5876202367903999857, -2.729166666666394736 ) ) ;
#2424 = DIRECTION ( 'NONE',  ( 3.647064326199800396E-15, -2.400530044110370049E-17, 1.000000000000000000 ) ) ;
#2425 = CARTESIAN_POINT ( 'NONE',  ( 1.299038105676659782, 0.7499999999999850120, 0.8541666666666000163 ) ) ;
#2426 = EDGE_CURVE ( 'NONE', #3229, #2463, #462, .T. ) ;
#2427 = ORIENTED_EDGE ( 'NONE', *, *, #1266, .T. ) ;
#2428 = ORIENTED_EDGE ( 'NONE', *, *, #3576, .T. ) ;
#2429 = LINE ( 'NONE', #3257, #2899 ) ;
#2430 = CARTESIAN_POINT ( 'NONE',  ( 1.253601913921380984, -0.5121541189707533581, -0.3031060251850105081 ) ) ;
#2431 = VERTEX_POINT ( 'NONE', #1822 ) ;
#2432 = CARTESIAN_POINT ( 'NONE',  ( 1.357050807568912276, 5.208023942288818554E-14, -0.8749999999999723554 ) ) ;
#2433 = CARTESIAN_POINT ( 'NONE',  ( 1.249999999999966027, 0.7216878364870189522, -7.099999999999269562 ) ) ;
#2434 = CARTESIAN_POINT ( 'NONE',  ( 1.017788105676646015, 0.5876202367904060919, -3.895833333332709980 ) ) ;
#2435 = CARTESIAN_POINT ( 'NONE',  ( -1.500000000000000222, -4.043914463969869160E-14, -2.437499999999944933 ) ) ;
#2436 = CARTESIAN_POINT ( 'NONE',  ( 3.469446951953614820E-14, -1.175240473580821954, -0.5625000000000209832 ) ) ;
#2437 = CARTESIAN_POINT ( 'NONE',  ( -1.299038105676659782, -0.7500000000000300870, 0.6041666666666829499 ) ) ;
#2438 = DIRECTION ( 'NONE',  ( -2.124151195073645091E-15, -2.400530044109889953E-17, 1.000000000000000000 ) ) ;
#2439 = CARTESIAN_POINT ( 'NONE',  ( 1.500000000000003775, 0.4019237886466800469, -4.165170900630614348 ) ) ;
#2440 = DIRECTION ( 'NONE',  ( -1.000000000000000000, 8.326672684688677011E-16, -2.124151195073641541E-15 ) ) ;
#2441 = DIRECTION ( 'NONE',  ( -2.312964634635745422E-15, -2.400530044109874854E-17, 1.000000000000000000 ) ) ;
#2442 = EDGE_LOOP ( 'NONE', ( #2699, #1127, #1079 ) ) ;
#2443 = FACE_OUTER_BOUND ( 'NONE', #1900, .T. ) ;
#2444 = DIRECTION ( 'NONE',  ( -1.000000000000000000, 8.326672684688679970E-16, -2.150996698587985373E-15 ) ) ;
#2445 = ORIENTED_EDGE ( 'NONE', *, *, #139, .F. ) ;
#2446 = CARTESIAN_POINT ( 'NONE',  ( -0.8660254037844384856, -1.499999999999980904, -1.791666666666857921 ) ) ;
#2447 = ADVANCED_FACE ( 'NONE', ( #3497 ), #1017, .T. ) ;
#2448 = CARTESIAN_POINT ( 'NONE',  ( 1.500000000000000000, -4.114764085016985166E-14, -4.999999999999720224 ) ) ;
#2449 = DIRECTION ( 'NONE',  ( -1.000000000000000000, 8.326672684688692789E-16, -2.081668171172168513E-15 ) ) ;
#2450 = DIRECTION ( 'NONE',  ( -1.000000000000000000, -1.750266598321555247E-13, -2.144897242475216267E-15 ) ) ;
#2451 = ORIENTED_EDGE ( 'NONE', *, *, #2312, .T. ) ;
#2452 = CARTESIAN_POINT ( 'NONE',  ( 0.000000000000000000, -1.500000000000000000, -2.312500000000104805 ) ) ;
#2453 = CARTESIAN_POINT ( 'NONE',  ( 1.017788105676673993, -0.5876202367904319601, -0.9166666666664549101 ) ) ;
#2454 = DIRECTION ( 'NONE',  ( 1.000000000000000000, -8.326672684688670109E-16, -3.647064326199800396E-15 ) ) ;
#2455 = DIRECTION ( 'NONE',  ( -1.000000000000000000, 8.326672684688674053E-16, -2.403703357979455633E-15 ) ) ;
#2456 =( BOUNDED_CURVE ( )  B_SPLINE_CURVE ( 2, ( #229, #1880, #1044, #1363, #3015, #2140, #504 ),
 .UNSPECIFIED., .F., .T. ) 
 B_SPLINE_CURVE_WITH_KNOTS ( ( 3, 2, 2, 3 ),
 ( 0.1429036693094994093, 0.1538461538461539935, 0.1666666666666665186, 0.1730769230769229894 ),
 .UNSPECIFIED. ) 
 CURVE ( )  GEOMETRIC_REPRESENTATION_ITEM ( )  RATIONAL_B_SPLINE_CURVE ( ( 0.9664988490248260788, 0.8856508341033230147, 1.000000000000000000, 0.8660254037844389297, 1.000000000000000000, 0.9330127018922189652, 0.9330127018922189652 ) ) 
 REPRESENTATION_ITEM ( '' )  );
#2457 = CARTESIAN_POINT ( 'NONE',  ( -1.017788105676673993, 0.5876202367903340384, 0.2708333333330535386 ) ) ;
#2458 = CARTESIAN_POINT ( 'NONE',  ( -1.017788105676639798, -0.5876202367904589385, -1.145833333333567960 ) ) ;
#2459 = DIRECTION ( 'NONE',  ( -0.4999999999999995004, 0.8660254037844390407, -1.017930956989691581E-15 ) ) ;
#2460 = FACE_OUTER_BOUND ( 'NONE', #1059, .T. ) ;
#2461 = CARTESIAN_POINT ( 'NONE',  ( -0.8660254037844637987, -1.500000000000020650, -0.3541666666668338292 ) ) ;
#2462 = CARTESIAN_POINT ( 'NONE',  ( 1.500000000000000000, -4.114764085016985166E-14, -4.999999999999720224 ) ) ;
#2463 = VERTEX_POINT ( 'NONE', #738 ) ;
#2464 = EDGE_CURVE ( 'NONE', #3106, #178, #3297, .T. ) ;
#2465 = PLANE ( 'NONE',  #552 ) ;
#2466 = VERTEX_POINT ( 'NONE', #2148 ) ;
#2467 = LINE ( 'NONE', #2448, #2655 ) ;
#2468 = CARTESIAN_POINT ( 'NONE',  ( -1.116346886227911783, -0.9734066277523276689, -0.3920384914473791227 ) ) ;
#2469 = EDGE_CURVE ( 'NONE', #41, #1820, #2651, .T. ) ;
#2470 = ORIENTED_EDGE ( 'NONE', *, *, #651, .F. ) ;
#2471 = DIRECTION ( 'NONE',  ( 2.081668171172170091E-15, 2.400530044109889953E-17, -1.000000000000000000 ) ) ;
#2472 = VECTOR ( 'NONE', #2714, 999.9999999999998863 ) ;
#2473 = LINE ( 'NONE', #1416, #170 ) ;
#2474 = VECTOR ( 'NONE', #714, 1000.000000000000000 ) ;
#2475 = DIRECTION ( 'NONE',  ( 2.403703357979455239E-15, 2.400530044109864685E-17, -1.000000000000000000 ) ) ;
#2476 = AXIS2_PLACEMENT_3D ( 'NONE', #1850, #2974, #2743 ) ;
#2477 = CARTESIAN_POINT ( 'NONE',  ( 1.500000000000000222, -3.962571356935994753E-14, -1.687500000000284883 ) ) ;
#2478 = VECTOR ( 'NONE', #1968, 1000.000000000000000 ) ;
#2479 = VECTOR ( 'NONE', #3548, 1000.000000000000000 ) ;
#2480 =( BOUNDED_CURVE ( )  B_SPLINE_CURVE ( 2, ( #2829, #1439, #3569, #1082, #1944, #3307, #1400, #815, #557 ),
 .UNSPECIFIED., .F., .F. ) 
 B_SPLINE_CURVE_WITH_KNOTS ( ( 3, 2, 2, 2, 3 ),
 ( 0.2115384615384615086, 0.2179487179487179793, 0.2307692307692310041, 0.2435897435897435015, 0.2500000000000000000 ),
 .UNSPECIFIED. ) 
 CURVE ( )  GEOMETRIC_REPRESENTATION_ITEM ( )  RATIONAL_B_SPLINE_CURVE ( ( 0.9330127018922189652, 0.9330127018922179660, 1.000000000000000000, 0.8660254037844389297, 1.000000000000000000, 0.8660254037844389297, 1.000000000000000000, 0.9330127018922139692, 0.9330127018922189652 ) ) 
 REPRESENTATION_ITEM ( '' )  );
#2481 = ADVANCED_FACE ( 'NONE', ( #30 ), #1121, .T. ) ;
#2482 = CARTESIAN_POINT ( 'NONE',  ( 0.6785254037844780095, -1.175240473580819067, -3.458333333333553750 ) ) ;
#2483 = ORIENTED_EDGE ( 'NONE', *, *, #1003, .T. ) ;
#2484 = DIRECTION ( 'NONE',  ( -1.000000000000000000, 8.326672684688670109E-16, -2.207829878515936338E-15 ) ) ;
#2485 = EDGE_LOOP ( 'NONE', ( #2563, #2411, #2315 ) ) ;
#2486 = CARTESIAN_POINT ( 'NONE',  ( -0.6785254037844780095, 1.175240473580807521, -4.208333333333427184 ) ) ;
#2487 = PERSON_AND_ORGANIZATION ( #18446744073709551615, #18446744073709551615 ) ;
#2488 = CARTESIAN_POINT ( 'NONE',  ( -1.499999999999996669, 0.4019237886466680565, -2.897329099369045924 ) ) ;
#2489 = DIRECTION ( 'NONE',  ( -1.000000000000000000, 8.326672684688679970E-16, -2.150996698587985373E-15 ) ) ;
#2490 = CARTESIAN_POINT ( 'NONE',  ( -0.8573858077487259699, -1.190146842324179222, -0.3818416406232090221 ) ) ;
#2491 = B_SPLINE_CURVE_WITH_KNOTS ( 'NONE', 3,
 ( #2929, #2391, #2917, #1516, #2631, #1264 ),
 .UNSPECIFIED., .F., .F.,
 ( 4, 2, 4 ),
 ( 0.000000000000000000, 0.5000000000000000000, 1.000000000000000000 ),
 .UNSPECIFIED. ) ;
#2492 = EDGE_LOOP ( 'NONE', ( #2527, #1676, #1526, #2470 ) ) ;
#2493 = DIRECTION ( 'NONE',  ( -1.000000000000000000, 8.326672684688679970E-16, -2.150996698587985373E-15 ) ) ;
#2494 = CARTESIAN_POINT ( 'NONE',  ( -0.8660254037844384856, 1.500000000000032196, -4.020833333333539095 ) ) ;
#2495 = CARTESIAN_POINT ( 'NONE',  ( 0.6785254037844860031, -1.175240473580802858, -0.4583333333336026549 ) ) ;
#2496 = CARTESIAN_POINT ( 'NONE',  ( 1.732050807568876971, 3.405246423804224482E-14, -2.625000000000494271 ) ) ;
#2497 = CARTESIAN_POINT ( 'NONE',  ( -1.499999999999983347, -0.3019984996801133859, -0.4207223055734198303 ) ) ;
#2498 = CARTESIAN_POINT ( 'NONE',  ( 1.040834085586083941E-14, -1.175240473580849931, -2.500000000000334843 ) ) ;
#2499 = DIRECTION ( 'NONE',  ( 2.150996698587985373E-15, 2.400530044109884714E-17, -1.000000000000000000 ) ) ;
#2500 = CARTESIAN_POINT ( 'NONE',  ( -1.500000000000000000, -4.043914463969869160E-14, -2.437499999999944933 ) ) ;
#2501 = DIRECTION ( 'NONE',  ( -0.8191520442889940190, 6.958499698593480355E-16, -0.5735764363510429398 ) ) ;
#2502 = DIRECTION ( 'NONE',  ( 0.7071067811865500152, -4.852147556565449515E-16, -0.7071067811865450192 ) ) ;
#2503 = FACE_OUTER_BOUND ( 'NONE', #319, .T. ) ;
#2504 = ORIENTED_EDGE ( 'NONE', *, *, #743, .F. ) ;
#2505 = EDGE_CURVE ( 'NONE', #3493, #2684, #1912, .T. ) ;
#2506 = CARTESIAN_POINT ( 'NONE',  ( -1.175240473580856815, -0.3149047358083484349, -0.6026709006309602934 ) ) ;
#2507 = CARTESIAN_POINT ( 'NONE',  ( -0.8660254037844510311, 1.500000000000004663, -2.020833333333531545 ) ) ;
#2508 = ORIENTED_EDGE ( 'NONE', *, *, #528, .F. ) ;
#2509 = CARTESIAN_POINT ( 'NONE',  ( 1.299038105676681987, -0.7500000000000149880, -1.229166666666726027 ) ) ;
#2510 = EDGE_CURVE ( 'NONE', #1452, #2826, #549, .T. ) ;
#2511 = LINE ( 'NONE', #1114, #3077 ) ;
#2512 = CARTESIAN_POINT ( 'NONE',  ( -1.299038105676616039, -0.7500000000000840439, -4.895833333333489357 ) ) ;
#2513 = ORIENTED_EDGE ( 'NONE', *, *, #2189, .F. ) ;
#2514 = CARTESIAN_POINT ( 'NONE',  ( -1.175240473580831946, 1.684964359987444957E-15, -0.1875000000002544909 ) ) ;
#2515 = CARTESIAN_POINT ( 'NONE',  ( 1.500000000000000000, -3.520994490180665189E-14, -3.187500000000114575 ) ) ;
#2516 = FACE_OUTER_BOUND ( 'NONE', #2543, .T. ) ;
#2517 = DIRECTION ( 'NONE',  ( -2.168404344971010446E-15, -2.400530044109884714E-17, 1.000000000000000000 ) ) ;
#2518 = DIRECTION ( 'NONE',  ( -2.312964634635745422E-15, -2.400530044109874854E-17, 1.000000000000000000 ) ) ;
#2519 = CARTESIAN_POINT ( 'NONE',  ( -1.250000000000000000, -0.7216878364870470408, -7.100000000000000533 ) ) ;
#2520 = CARTESIAN_POINT ( 'NONE',  ( 0.6785254037844860031, -1.175240473580802858, -0.4583333333336026549 ) ) ;
#2521 = CARTESIAN_POINT ( 'NONE',  ( 0.000000000000000000, 0.000000000000000000, 0.000000000000000000 ) ) ;
#2522 = ORIENTED_EDGE ( 'NONE', *, *, #2234, .F. ) ;
#2523 = CARTESIAN_POINT ( 'NONE',  ( -1.017788105676656008, 0.5876202367903480273, -3.229166666666339669 ) ) ;
#2524 = CARTESIAN_POINT ( 'NONE',  ( 0.6785254037844941077, -1.175240473580812184, -2.458333333333609261 ) ) ;
#2525 = CYLINDRICAL_SURFACE ( 'NONE', #2900, 1.500000000000000000 ) ;
#2526 = EDGE_CURVE ( 'NONE', #3060, #1576, #523, .T. ) ;
#2527 = ORIENTED_EDGE ( 'NONE', *, *, #1066, .T. ) ;
#2528 = CARTESIAN_POINT ( 'NONE',  ( -1.017788105676649790, 0.5876202367903170520, -4.666666666666319685 ) ) ;
#2529 = CARTESIAN_POINT ( 'NONE',  ( -1.196817672909206154, 0.9270509831249046373, -4.989002832395739162 ) ) ;
#2530 = CIRCLE ( 'NONE', #619, 2.750000000000000000 ) ;
#2531 =( BOUNDED_CURVE ( )  B_SPLINE_CURVE ( 2, ( #2700, #1599, #232, #1060, #2452, #2980, #474, #1582, #1016 ),
 .UNSPECIFIED., .F., .F. ) 
 B_SPLINE_CURVE_WITH_KNOTS ( ( 3, 2, 2, 2, 3 ),
 ( 0.4807692307692310041, 0.4871794871794870030, 0.5000000000000000000, 0.5128205128205129970, 0.5192307692307689404 ),
 .UNSPECIFIED. ) 
 CURVE ( )  GEOMETRIC_REPRESENTATION_ITEM ( )  RATIONAL_B_SPLINE_CURVE ( ( 0.9330127018922189652, 0.9330127018922219628, 1.000000000000000000, 0.8660254037844389297, 1.000000000000000000, 0.8660254037844389297, 1.000000000000000000, 0.9330127018922189652, 0.9330127018922189652 ) ) 
 REPRESENTATION_ITEM ( '' )  );
#2532 = VECTOR ( 'NONE', #3439, 1000.000000000000000 ) ;
#2533 = CARTESIAN_POINT ( 'NONE',  ( 1.500000000000000000, -4.114764085016985166E-14, -4.999999999999720224 ) ) ;
#2534 = FACE_OUTER_BOUND ( 'NONE', #418, .T. ) ;
#2535 = CIRCLE ( 'NONE', #977, 1.443375672974063884 ) ;
#2536 = LINE ( 'NONE', #1729, #2662 ) ;
#2537 = AXIS2_PLACEMENT_3D ( 'NONE', #1967, #621, #1447 ) ;
#2538 = CARTESIAN_POINT ( 'NONE',  ( 3.469446951953614820E-14, -1.175240473580819955, -3.562500000000300204 ) ) ;
#2539 = EDGE_CURVE ( 'NONE', #3509, #2038, #440, .T. ) ;
#2540 = CIRCLE ( 'NONE', #2664, 1.175240473580833944 ) ;
#2541 = DIRECTION ( 'NONE',  ( 2.124151195073645091E-15, 2.400530044109889953E-17, -1.000000000000000000 ) ) ;
#2542 = CARTESIAN_POINT ( 'NONE',  ( 0.6785254037844388186, 1.175240473580814404, -2.791666666666540841 ) ) ;
#2543 = EDGE_LOOP ( 'NONE', ( #1374, #1198, #513, #628 ) ) ;
#2544 = ORIENTED_EDGE ( 'NONE', *, *, #875, .F. ) ;
#2545 = APPROVAL_STATUS ( 'not_yet_approved' ) ;
#2546 = CARTESIAN_POINT ( 'NONE',  ( -1.499999999999974021, -3.904469137626084463E-14, -4.937500000000000000 ) ) ;
#2547 =( BOUNDED_CURVE ( )  B_SPLINE_CURVE ( 2, ( #2020, #3152, #2878, #366, #2898, #1760, #2592, #132, #878 ),
 .UNSPECIFIED., .F., .F. ) 
 B_SPLINE_CURVE_WITH_KNOTS ( ( 3, 2, 2, 2, 3 ),
 ( 0.1730769230769234890, 0.1794871794871795156, 0.1923076923076925127, 0.2051282051282049823, 0.2115384615384615086 ),
 .UNSPECIFIED. ) 
 CURVE ( )  GEOMETRIC_REPRESENTATION_ITEM ( )  RATIONAL_B_SPLINE_CURVE ( ( 0.9330127018922189652, 0.9330127018922219628, 1.000000000000000000, 0.8660254037844389297, 1.000000000000000000, 0.8660254037844389297, 1.000000000000000000, 0.9330127018922199644, 0.9330127018922189652 ) ) 
 REPRESENTATION_ITEM ( '' )  );
#2548 = DIRECTION ( 'NONE',  ( 1.000000000000000000, -5.273559366969487256E-15, 2.214087476103448884E-15 ) ) ;
#2549 = ORIENTED_EDGE ( 'NONE', *, *, #2783, .F. ) ;
#2550 = ADVANCED_FACE ( 'NONE', ( #2516 ), #13, .T. ) ;
#2551 = CARTESIAN_POINT ( 'NONE',  ( 1.175240473580826617, 0.3149047358083628123, -1.415170900630592588 ) ) ;
#2552 = CARTESIAN_POINT ( 'NONE',  ( 0.6785254037844942188, -1.175240473580812184, -2.458333333333609261 ) ) ;
#2553 = CARTESIAN_POINT ( 'NONE',  ( 6.938893903907229955E-15, -2.775557561562889773E-14, -8.499999999999559464 ) ) ;
#2554 = EDGE_CURVE ( 'NONE', #269, #137, #2698, .T. ) ;
#2555 = CARTESIAN_POINT ( 'NONE',  ( 2.750000000000000000, -5.422504070477479474E-15, -5.299999999999690736 ) ) ;
#2556 = CARTESIAN_POINT ( 'NONE',  ( -6.938893903907229955E-15, -7.285838599102588534E-14, -6.099999999999609734 ) ) ;
#2557 = CYLINDRICAL_SURFACE ( 'NONE', #2901, 1.500000000000000000 ) ;
#2558 = CARTESIAN_POINT ( 'NONE',  ( -1.017788105676687982, 0.5876202367903999857, -2.666666666666314800 ) ) ;
#2559 = ORIENTED_EDGE ( 'NONE', *, *, #1532, .F. ) ;
#2560 = VERTEX_POINT ( 'NONE', #2500 ) ;
#2561 = CARTESIAN_POINT ( 'NONE',  ( 1.500000000000000222, -4.136878014865729410E-14, -3.625000000000110134 ) ) ;
#2562 = CARTESIAN_POINT ( 'NONE',  ( 1.499999999999961364, 0.4019237886466528464, -4.665170900630591255 ) ) ;
#2563 = ORIENTED_EDGE ( 'NONE', *, *, #1587, .F. ) ;
#2564 = CARTESIAN_POINT ( 'NONE',  ( 1.732050807568911388, 2.003086131649542745E-15, -5.625000000000510703 ) ) ;
#2565 = CARTESIAN_POINT ( 'NONE',  ( -1.299038105676659782, 0.7500000000000000000, -2.916666666666180241 ) ) ;
#2566 = CARTESIAN_POINT ( 'NONE',  ( 1.249999999999961142, 0.3874368115896091314, -8.365209110441186979 ) ) ;
#2567 = CARTESIAN_POINT ( 'NONE',  ( 0.6785254037843982955, 1.175240473580849043, -2.291666666666541285 ) ) ;
#2568 = DIRECTION ( 'NONE',  ( 2.150996698587985373E-15, 2.400530044109884714E-17, -1.000000000000000000 ) ) ;
#2569 = CARTESIAN_POINT ( 'NONE',  ( 1.299038105676610044, 0.7499999999999870104, -3.145833333332795245 ) ) ;
#2570 = CARTESIAN_POINT ( 'NONE',  ( 1.017788105676639798, 0.5876202367903340384, -2.895833333332820114 ) ) ;
#2571 = DIRECTION ( 'NONE',  ( -1.892425610156515002E-15, -2.400530044109909674E-17, 1.000000000000000000 ) ) ;
#2572 = CARTESIAN_POINT ( 'NONE',  ( 1.175240473580843936, 0.3149047358083692516, -1.352670900630649875 ) ) ;
#2573 = CARTESIAN_POINT ( 'NONE',  ( 1.175240473580839939, -3.253724281355070123E-15, -2.374999999999910294 ) ) ;
#2574 = CARTESIAN_POINT ( 'NONE',  ( 1.499999999999984013, -4.311184672795464699E-14, -3.125000000000140332 ) ) ;
#2575 =( BOUNDED_CURVE ( )  B_SPLINE_CURVE ( 2, ( #1969, #1935, #2263, #3331, #2799, #2213, #897, #3380, #1661 ),
 .UNSPECIFIED., .F., .F. ) 
 B_SPLINE_CURVE_WITH_KNOTS ( ( 3, 2, 2, 2, 3 ),
 ( 0.7500000000000000000, 0.7564102564102570536, 0.7692307692307689404, 0.7820512820512819374, 0.7884615384615389910 ),
 .UNSPECIFIED. ) 
 CURVE ( )  GEOMETRIC_REPRESENTATION_ITEM ( )  RATIONAL_B_SPLINE_CURVE ( ( 0.9330127018922189652, 0.9330127018922239612, 1.000000000000000000, 0.8660254037844389297, 1.000000000000000000, 0.8660254037844389297, 1.000000000000000000, 0.9330127018922179660, 0.9330127018922189652 ) ) 
 REPRESENTATION_ITEM ( '' )  );
#2576 = CARTESIAN_POINT ( 'NONE',  ( -1.357050807568851880, -5.408332555453773380E-14, -3.625000000000241140 ) ) ;
#2577 = CARTESIAN_POINT ( 'NONE',  ( -0.8660254037844556940, 1.500000000000001554, -2.458333333333546200 ) ) ;
#2578 = VERTEX_POINT ( 'NONE', #3093 ) ;
#2579 = ORIENTED_EDGE ( 'NONE', *, *, #2253, .T. ) ;
#2580 = B_SPLINE_CURVE_WITH_KNOTS ( 'NONE', 3,
 ( #3378, #1704, #2834, #333, #1446, #1085 ),
 .UNSPECIFIED., .F., .F.,
 ( 4, 2, 4 ),
 ( 0.000000000000000000, 0.5000000000000000000, 1.000000000000000000 ),
 .UNSPECIFIED. ) ;
#2581 = LINE ( 'NONE', #1677, #3403 ) ;
#2582 = CARTESIAN_POINT ( 'NONE',  ( -0.8660254037844152819, -1.500000000000025091, -2.854166666666845042 ) ) ;
#2583 = VERTEX_POINT ( 'NONE', #2205 ) ;
#2584 = CARTESIAN_POINT ( 'NONE',  ( -1.175240473580810407, 0.3149047358083222337, -1.209829099369512662 ) ) ;
#2585 = CARTESIAN_POINT ( 'NONE',  ( -0.8660254037844556940, -1.500000000000036637, 0.2083333333331524873 ) ) ;
#2586 = CARTESIAN_POINT ( 'NONE',  ( -0.3844090159627427394, -1.391916409208691086, -0.3657783343975410939 ) ) ;
#2587 = EDGE_CURVE ( 'NONE', #324, #3103, #2225, .T. ) ;
#2588 = CARTESIAN_POINT ( 'NONE',  ( 1.500000000000000222, -3.520994490180665189E-14, -3.187500000000114575 ) ) ;
#2589 = CARTESIAN_POINT ( 'NONE',  ( -1.017788105676709964, 0.5876202367903899937, -1.729166666666950070 ) ) ;
#2590 = CARTESIAN_POINT ( 'NONE',  ( 2.081668171172170091E-14, -1.175240473580833944, -3.062500000000355271 ) ) ;
#2591 = CARTESIAN_POINT ( 'NONE',  ( -3.816391647148974346E-14, 1.175240473580817957, -0.7499999999999169553 ) ) ;
#2592 = CARTESIAN_POINT ( 'NONE',  ( -1.299038105676641797, -0.7500000000000599520, -0.8333333333334079773 ) ) ;
#2593 = CARTESIAN_POINT ( 'NONE',  ( 1.175240473580830614, 0.3149047358083584269, -0.4151709006306499306 ) ) ;
#2594 = AXIS2_PLACEMENT_3D ( 'NONE', #1497, #2349, #2612 ) ;
#2595 = ADVANCED_FACE ( 'NONE', ( #325 ), #1949, .F. ) ;
#2596 = AXIS2_PLACEMENT_3D ( 'NONE', #2164, #249, #737 ) ;
#2597 = CARTESIAN_POINT ( 'NONE',  ( 1.017788105676666000, -0.5876202367904750368, -4.416666666666680285 ) ) ;
#2598 = ORIENTED_EDGE ( 'NONE', *, *, #3207, .T. ) ;
#2599 = ORIENTED_EDGE ( 'NONE', *, *, #1179, .F. ) ;
#2600 = CARTESIAN_POINT ( 'NONE',  ( -0.6785254037844699049, 1.175240473580823730, -3.770833333333469817 ) ) ;
#2601 = VECTOR ( 'NONE', #1327, 999.9999999999998863 ) ;
#2602 = AXIS2_PLACEMENT_3D ( 'NONE', #726, #3290, #1309 ) ;
#2603 = CARTESIAN_POINT ( 'NONE',  ( 1.500000000000008660, 0.4019237886466496823, -2.102670900630964290 ) ) ;
#2604 = CARTESIAN_POINT ( 'NONE',  ( -1.732050807568844775, -2.203394744814502148E-14, -1.937500000000155209 ) ) ;
#2605 = ORIENTED_EDGE ( 'NONE', *, *, #2426, .T. ) ;
#2606 = CARTESIAN_POINT ( 'NONE',  ( 0.000000000000000000, 0.000000000000000000, 0.000000000000000000 ) ) ;
#2607 = CARTESIAN_POINT ( 'NONE',  ( -1.734723475976804570E-14, 1.499999999999986011, -1.500000000000170086 ) ) ;
#2608 = CARTESIAN_POINT ( 'NONE',  ( -1.499999999999980016, -3.846594202489114672E-14, -4.999999999999729994 ) ) ;
#2609 = CARTESIAN_POINT ( 'NONE',  ( -1.017788105676659782, 0.5876202367903480273, 0.3333333333330190107 ) ) ;
#2610 = LINE ( 'NONE', #3441, #3020 ) ;
#2611 = CARTESIAN_POINT ( 'NONE',  ( -0.6785254037844259400, -1.175240473580828171, -1.604166666666967611 ) ) ;
#2612 = DIRECTION ( 'NONE',  ( -1.000000000000000000, 8.326672684688679970E-16, -2.150996698587985373E-15 ) ) ;
#2613 = CARTESIAN_POINT ( 'NONE',  ( 0.8660254037844788977, -1.500000000000013545, -4.270833333333603932 ) ) ;
#2614 = CARTESIAN_POINT ( 'NONE',  ( 6.938893903907229955E-15, -2.775557561562889773E-14, -8.499999999999559464 ) ) ;
#2615 = DIRECTION ( 'NONE',  ( -1.000000000000000000, 8.326672684688670109E-16, -2.207829878515936338E-15 ) ) ;
#2616 = CARTESIAN_POINT ( 'NONE',  ( -2.775557561562889773E-14, 1.175240473580779987, -5.749999999999650058 ) ) ;
#2617 = ORIENTED_EDGE ( 'NONE', *, *, #960, .T. ) ;
#2618 = ORIENTED_EDGE ( 'NONE', *, *, #1507, .T. ) ;
#2619 = CARTESIAN_POINT ( 'NONE',  ( 1.175240473580843270, 0.3149047358083670867, -4.352670900630448259 ) ) ;
#2620 = ADVANCED_BREP_SHAPE_REPRESENTATION ( 'M3X0.5-5-ALUMINUM-SOCKET-HEAD-CAP-SCREW_91292A110.STEP', ( #3506, #3410 ), #2780 ) ;
#2621 = CARTESIAN_POINT ( 'NONE',  ( 1.500000000000000222, -4.218221121899604448E-14, -0.6875000000002829958 ) ) ;
#2622 = CARTESIAN_POINT ( 'NONE',  ( -1.299038105676725952, 0.7499999999999040767, -2.979166666666035024 ) ) ;
#2623 = ORIENTED_EDGE ( 'NONE', *, *, #3558, .F. ) ;
#2624 = EDGE_CURVE ( 'NONE', #178, #641, #1262, .T. ) ;
#2625 =( BOUNDED_CURVE ( )  B_SPLINE_CURVE ( 2, ( #636, #1743, #2859, #1229, #364, #95, #1476, #2309, #1192 ),
 .UNSPECIFIED., .F., .F. ) 
 B_SPLINE_CURVE_WITH_KNOTS ( ( 3, 2, 2, 2, 3 ),
 ( 0.8269230769230769829, 0.8333333333333330373, 0.8461538461538460343, 0.8589743589743590313, 0.8653846153846149747 ),
 .UNSPECIFIED. ) 
 CURVE ( )  GEOMETRIC_REPRESENTATION_ITEM ( )  RATIONAL_B_SPLINE_CURVE ( ( 0.9330127018922189652, 0.9330127018922259596, 1.000000000000000000, 0.8660254037844389297, 1.000000000000000000, 0.8660254037844389297, 1.000000000000000000, 0.9330127018922189652, 0.9330127018922189652 ) ) 
 REPRESENTATION_ITEM ( '' )  );
#2626 = CARTESIAN_POINT ( 'NONE',  ( 1.017788105676620036, 0.5876202367903859969, -1.395833333333039938 ) ) ;
#2627 = CARTESIAN_POINT ( 'NONE',  ( 1.299038105676612043, 0.7499999999999730216, 0.4166666666667320218 ) ) ;
#2628 = CARTESIAN_POINT ( 'NONE',  ( 0.8660254037844752339, -1.500000000000004441, -3.708333333333554194 ) ) ;
#2629 = ORIENTED_EDGE ( 'NONE', *, *, #1594, .F. ) ;
#2630 = CARTESIAN_POINT ( 'NONE',  ( -1.732050807568853656, -6.209567008113587639E-14, -3.937500000000099920 ) ) ;
#2631 = CARTESIAN_POINT ( 'NONE',  ( -0.2242881273804011588, 1.313882862254878159, -8.370507189279599913 ) ) ;
#2632 = CARTESIAN_POINT ( 'NONE',  ( 1.175240473580834166, 0.3149047358083583159, -0.8526709006306180116 ) ) ;
#2633 = DIRECTION ( 'NONE',  ( 2.150996698587985373E-15, 2.400530044109884714E-17, -1.000000000000000000 ) ) ;
#2634 = CARTESIAN_POINT ( 'NONE',  ( 2.081668171172170091E-14, -1.175240473580833944, -1.000000000000000000 ) ) ;
#2635 = DIRECTION ( 'NONE',  ( -2.312964634635745422E-15, -2.400530044109874854E-17, 1.000000000000000000 ) ) ;
#2636 = CARTESIAN_POINT ( 'NONE',  ( -1.732050807568876971, -2.604011971144409277E-14, -4.375000000000115463 ) ) ;
#2637 = CYLINDRICAL_SURFACE ( 'NONE', #2361, 1.500000000000000000 ) ;
#2638 = CARTESIAN_POINT ( 'NONE',  ( 1.017788105676646015, 0.5876202367904039825, -3.395833333332765047 ) ) ;
#2639 = FACE_OUTER_BOUND ( 'NONE', #432, .T. ) ;
#2640 = ORIENTED_EDGE ( 'NONE', *, *, #1567, .T. ) ;
#2641 = CARTESIAN_POINT ( 'NONE',  ( -1.249999999999988010, -2.671938357171749619E-14, -8.306624327025490473 ) ) ;
#2642 = CARTESIAN_POINT ( 'NONE',  ( -4.857225732735059864E-14, 1.499999999999946043, -2.062500000000079936 ) ) ;
#2643 = VERTEX_POINT ( 'NONE', #2221 ) ;
#2644 = CARTESIAN_POINT ( 'NONE',  ( -1.017788105676677768, 0.5876202367903590185, -5.729166666666509755 ) ) ;
#2645 = EDGE_CURVE ( 'NONE', #7, #410, #2036, .T. ) ;
#2646 = CARTESIAN_POINT ( 'NONE',  ( -0.1799752016146594635, -1.425692706831312995, -0.3595272335523645446 ) ) ;
#2647 = EDGE_LOOP ( 'NONE', ( #1182, #553, #3269, #3250, #1954, #2599, #1112 ) ) ;
#2648 = CARTESIAN_POINT ( 'NONE',  ( -1.357050807568861428, -3.805863650134137291E-14, -0.1250000000002248479 ) ) ;
#2649 = DIRECTION ( 'NONE',  ( 2.266131483196640043E-15, 0.000000000000000000, -1.000000000000000000 ) ) ;
#2650 = DIRECTION ( 'NONE',  ( 1.000000000000000000, -8.326672684688681942E-16, 2.168404344971008868E-15 ) ) ;
#2651 = LINE ( 'NONE', #744, #668 ) ;
#2652 = CARTESIAN_POINT ( 'NONE',  ( 1.175240473580833944, -8.346588265106930416E-16, 2.527938378719355031E-15 ) ) ;
#2653 = CARTESIAN_POINT ( 'NONE',  ( -1.050943903832902038, 1.070288237343714144, -4.999999999999840128 ) ) ;
#2654 = CARTESIAN_POINT ( 'NONE',  ( -0.5342296460374147404, -1.144742854368114626, -4.999999999999731770 ) ) ;
#2655 = VECTOR ( 'NONE', #3073, 1000.000000000000000 ) ;
#2656 = ORIENTED_EDGE ( 'NONE', *, *, #2072, .T. ) ;
#2657 = ORIENTED_EDGE ( 'NONE', *, *, #655, .T. ) ;
#2658 = VECTOR ( 'NONE', #387, 1000.000000000000000 ) ;
#2659 = CARTESIAN_POINT ( 'NONE',  ( -1.500000000000000222, -3.515184268249674791E-14, -1.875000000000000000 ) ) ;
#2660 = EDGE_LOOP ( 'NONE', ( #1750, #104, #3581, #437 ) ) ;
#2661 = AXIS2_PLACEMENT_3D ( 'NONE', #1570, #3260, #785 ) ;
#2662 = VECTOR ( 'NONE', #2311, 1000.000000000000114 ) ;
#2663 = LOCAL_TIME ( 18, 50, 30.00000000000000000, #2138 ) ;
#2664 = AXIS2_PLACEMENT_3D ( 'NONE', #1956, #846, #1167 ) ;
#2665 = CARTESIAN_POINT ( 'NONE',  ( 0.7679761373220823639, -1.165131336577324594, -0.3288834527571629085 ) ) ;
#2666 = CARTESIAN_POINT ( 'NONE',  ( -1.017788105676656008, -0.5876202367904730384, -3.645833333333180271 ) ) ;
#2667 = CARTESIAN_POINT ( 'NONE',  ( -4.857225732735059864E-14, 1.175240473580777989, -3.749999999999645173 ) ) ;
#2668 = CARTESIAN_POINT ( 'NONE',  ( -1.175240473580821954, -3.486133158594715031E-16, -3.187500000000000000 ) ) ;
#2669 = CARTESIAN_POINT ( 'NONE',  ( -0.8660254037843829744, -1.500000000000027311, -4.854166666666789531 ) ) ;
#2670 = B_SPLINE_CURVE_WITH_KNOTS ( 'NONE', 3,
 ( #1420, #1948, #1122, #1621, #2209, #1965 ),
 .UNSPECIFIED., .F., .F.,
 ( 4, 2, 4 ),
 ( 0.000000000000000000, 0.5000000000000000000, 1.000000000000000000 ),
 .UNSPECIFIED. ) ;
#2671 = EDGE_CURVE ( 'NONE', #58, #2788, #2847, .T. ) ;
#2672 = DIRECTION ( 'NONE',  ( -0.8191520442889940190, 6.958499698593480355E-16, -0.5735764363510429398 ) ) ;
#2673 = CARTESIAN_POINT ( 'NONE',  ( -1.175240473580825951, 1.452555482747800050E-15, -1.187500000000256017 ) ) ;
#2674 = LINE ( 'NONE', #2239, #1888 ) ;
#2675 = EDGE_CURVE ( 'NONE', #2228, #602, #2183, .T. ) ;
#2676 = CARTESIAN_POINT ( 'NONE',  ( 1.299038105676630028, 0.7499999999999891198, -2.645833333332625159 ) ) ;
#2677 = CARTESIAN_POINT ( 'NONE',  ( -1.175240473580826395, 0.3149047358083116865, -1.647329099369538419 ) ) ;
#2678 = CARTESIAN_POINT ( 'NONE',  ( -1.402943845637308895, 0.2261568787174818851, -4.999999999999733546 ) ) ;
#2679 = EDGE_LOOP ( 'NONE', ( #3286, #1166 ) ) ;
#2680 = VERTEX_POINT ( 'NONE', #1631 ) ;
#2681 = CARTESIAN_POINT ( 'NONE',  ( -1.357050807568868089, -4.607098102793951549E-14, -4.687500000000228262 ) ) ;
#2682 = CARTESIAN_POINT ( 'NONE',  ( 1.299038105676650012, -0.7500000000000300870, -1.729166666666779983 ) ) ;
#2683 = CARTESIAN_POINT ( 'NONE',  ( 1.030559325192361042, -0.9087320695267314674, -0.3170154349664939808 ) ) ;
#2684 = VERTEX_POINT ( 'NONE', #3373 ) ;
#2685 = CARTESIAN_POINT ( 'NONE',  ( -1.017788105676631805, -0.5876202367904319601, -0.08333333333349068894 ) ) ;
#2686 = DATE_AND_TIME ( #1362, #2963 ) ;
#2687 = DIRECTION ( 'NONE',  ( -1.892425610156515002E-15, -2.400530044109909674E-17, 1.000000000000000000 ) ) ;
#2688 = CARTESIAN_POINT ( 'NONE',  ( -0.8660254037844072883, -1.499999999999990230, -4.791666666666803742 ) ) ;
#2689 = CARTESIAN_POINT ( 'NONE',  ( -1.732050807568853656, -3.004629197474316721E-14, 0.06249999999985608734 ) ) ;
#2690 = DIRECTION ( 'NONE',  ( -3.647064326199800396E-15, 2.400530044110370049E-17, -1.000000000000000000 ) ) ;
#2691 = CARTESIAN_POINT ( 'NONE',  ( 0.8660254037844153929, 1.500000000000057510, -4.104166666666787755 ) ) ;
#2692 = EDGE_CURVE ( 'NONE', #7, #308, #1137, .T. ) ;
#2693 = CARTESIAN_POINT ( 'NONE',  ( -1.175240473580837941, -6.972266317189430062E-16, -2.687499999999964473 ) ) ;
#2694 = ORIENTED_EDGE ( 'NONE', *, *, #3425, .T. ) ;
#2695 = EDGE_LOOP ( 'NONE', ( #183, #3174 ) ) ;
#2696 = CARTESIAN_POINT ( 'NONE',  ( 1.500000000000000222, -4.136878014865729410E-14, -3.625000000000110134 ) ) ;
#2697 = CARTESIAN_POINT ( 'NONE',  ( -1.250000000000019984, 0.7216878364869889761, -8.499999999999669598 ) ) ;
#2698 =( BOUNDED_CURVE ( )  B_SPLINE_CURVE ( 2, ( #1065, #1617, #540, #2740, #1654, #816, #1103, #283, #1388 ),
 .UNSPECIFIED., .F., .F. ) 
 B_SPLINE_CURVE_WITH_KNOTS ( ( 3, 2, 2, 2, 3 ),
 ( 0.2500000000000000000, 0.2564102564102564985, 0.2692307692307689959, 0.2820512820512819929, 0.2884615384615384914 ),
 .UNSPECIFIED. ) 
 CURVE ( )  GEOMETRIC_REPRESENTATION_ITEM ( )  RATIONAL_B_SPLINE_CURVE ( ( 0.9330127018922189652, 0.9330127018922249604, 1.000000000000000000, 0.8660254037844389297, 1.000000000000000000, 0.8660254037844389297, 1.000000000000000000, 0.9330127018922199644, 0.9330127018922189652 ) ) 
 REPRESENTATION_ITEM ( '' )  );
#2699 = ORIENTED_EDGE ( 'NONE', *, *, #643, .F. ) ;
#2700 = CARTESIAN_POINT ( 'NONE',  ( 1.500000000000000222, -4.102016683279785130E-14, -2.187500000000260236 ) ) ;
#2701 = CARTESIAN_POINT ( 'NONE',  ( 1.732050807568876971, 6.009258394948633443E-14, -4.625000000000502709 ) ) ;
#2702 = ADVANCED_FACE ( 'NONE', ( #279 ), #3565, .T. ) ;
#2703 = CARTESIAN_POINT ( 'NONE',  ( 1.732050807568876971, 3.405246423804224482E-14, -2.125000000000487610 ) ) ;
#2704 = CARTESIAN_POINT ( 'NONE',  ( -1.175240473580813516, 0.3149047358083090220, -0.2098290993695690609 ) ) ;
#2705 = FACE_OUTER_BOUND ( 'NONE', #2386, .T. ) ;
#2706 = CARTESIAN_POINT ( 'NONE',  ( 0.6785254037844307140, 1.175240473580774880, -5.354166666666536400 ) ) ;
#2707 = DIRECTION ( 'NONE',  ( -3.647064326199800396E-15, 2.400530044110370049E-17, -1.000000000000000000 ) ) ;
#2708 = FACE_OUTER_BOUND ( 'NONE', #2398, .T. ) ;
#2709 = CARTESIAN_POINT ( 'NONE',  ( 1.299038105676669996, -0.7499999999999891198, 0.7708333333332760828 ) ) ;
#2710 = ORIENTED_EDGE ( 'NONE', *, *, #503, .F. ) ;
#2711 = ORIENTED_EDGE ( 'NONE', *, *, #2160, .F. ) ;
#2712 = ADVANCED_FACE ( 'NONE', ( #554 ), #1488, .T. ) ;
#2713 = ADVANCED_FACE ( 'NONE', ( #947 ), #2999, .T. ) ;
#2714 = DIRECTION ( 'NONE',  ( -0.8660254037844390407, -0.4999999999999995004, -1.896054333877113421E-15 ) ) ;
#2715 = CARTESIAN_POINT ( 'NONE',  ( 1.020212761362152776, -0.9214740548979399870, -0.3175336393447746874 ) ) ;
#2716 = VECTOR ( 'NONE', #3203, 1000.000000000000000 ) ;
#2717 = ORIENTED_EDGE ( 'NONE', *, *, #2189, .T. ) ;
#2718 = CARTESIAN_POINT ( 'NONE',  ( -3.816391647148974346E-14, 1.175240473580817957, -0.7499999999999169553 ) ) ;
#2719 = CARTESIAN_POINT ( 'NONE',  ( -1.299038105676659782, -0.7500000000000700551, -4.833333333333410309 ) ) ;
#2720 = AXIS2_PLACEMENT_3D ( 'NONE', #2210, #2499, #3094 ) ;
#2721 = CARTESIAN_POINT ( 'NONE',  ( 1.017788105676683985, -0.5876202367904589385, -0.9791666666664200491 ) ) ;
#2722 =( BOUNDED_CURVE ( )  B_SPLINE_CURVE ( 2, ( #1930, #1656, #2240, #1670, #15, #3066, #2781, #3342, #895 ),
 .UNSPECIFIED., .F., .F. ) 
 B_SPLINE_CURVE_WITH_KNOTS ( ( 3, 2, 2, 2, 3 ),
 ( 0.4038461538461539657, 0.4102564102564105197, 0.4230769230769230171, 0.4358974358974360142, 0.4423076923076929567 ),
 .UNSPECIFIED. ) 
 CURVE ( )  GEOMETRIC_REPRESENTATION_ITEM ( )  RATIONAL_B_SPLINE_CURVE ( ( 0.9330127018922189652, 0.9330127018922199644, 1.000000000000000000, 0.8660254037844389297, 1.000000000000000000, 0.8660254037844389297, 1.000000000000000000, 0.9330127018922139692, 0.9330127018922189652 ) ) 
 REPRESENTATION_ITEM ( '' )  );
#2723 = LINE ( 'NONE', #1981, #2241 ) ;
#2724 = CARTESIAN_POINT ( 'NONE',  ( 1.017788105676636023, 0.5876202367903730073, -5.395833333332769044 ) ) ;
#2725 = CARTESIAN_POINT ( 'NONE',  ( 0.8660254037844384856, 1.500000000000064171, -2.604166666666780650 ) ) ;
#2726 = CARTESIAN_POINT ( 'NONE',  ( 0.8660254037844384856, -1.500000000000043299, -0.2708333333335856130 ) ) ;
#2727 = DIRECTION ( 'NONE',  ( 2.124151195073645091E-15, 2.400530044109889953E-17, -1.000000000000000000 ) ) ;
#2728 = CARTESIAN_POINT ( 'NONE',  ( -2.081668171172170091E-14, 1.499999999999986011, -4.999999999999840128 ) ) ;
#2729 = ADVANCED_FACE ( 'NONE', ( #1337 ), #1552, .F. ) ;
#2730 = ORIENTED_EDGE ( 'NONE', *, *, #122, .T. ) ;
#2731 = CARTESIAN_POINT ( 'NONE',  ( 1.299038105676622035, 0.7500000000000000000, -4.083333333332605619 ) ) ;
#2732 = ADVANCED_FACE ( 'NONE', ( #491 ), #454, .T. ) ;
#2733 = CARTESIAN_POINT ( 'NONE',  ( 0.6785254037844226094, -1.175240473580812184, -4.520833333333603932 ) ) ;
#2734 = CYLINDRICAL_SURFACE ( 'NONE', #742, 1.500000000000000000 ) ;
#2735 = CARTESIAN_POINT ( 'NONE',  ( -3.469446951953614820E-14, -2.775557561562889773E-14, -0.1778527147052735013 ) ) ;
#2736 = EDGE_CURVE ( 'NONE', #391, #2560, #2531, .T. ) ;
#2737 = DIRECTION ( 'NONE',  ( -1.000000000000000000, 8.326672684688679970E-16, -2.150996698587985373E-15 ) ) ;
#2738 = CARTESIAN_POINT ( 'NONE',  ( 1.017788105676654009, 0.5876202367903760049, -1.333333333333186044 ) ) ;
#2739 = CARTESIAN_POINT ( 'NONE',  ( 0.8660254037844790087, -1.500000000000082601, -2.708333333333610149 ) ) ;
#2740 = CARTESIAN_POINT ( 'NONE',  ( 0.8660254037844951069, -1.500000000000043077, -1.208333333333604598 ) ) ;
#2741 = CARTESIAN_POINT ( 'NONE',  ( -1.175240473580837941, -6.972266317189430062E-16, -2.687499999999964473 ) ) ;
#2742 = CARTESIAN_POINT ( 'NONE',  ( -1.299038105676664001, 0.7499999999999569233, 0.02083333333358084946 ) ) ;
#2743 = DIRECTION ( 'NONE',  ( -1.000000000000000000, 8.326672684688674053E-16, -2.403703357979455633E-15 ) ) ;
#2744 = ORIENTED_EDGE ( 'NONE', *, *, #2407, .F. ) ;
#2745 = PERSON_AND_ORGANIZATION ( #18446744073709551615, #18446744073709551615 ) ;
#2746 = ADVANCED_FACE ( 'NONE', ( #215 ), #867, .F. ) ;
#2747 = CYLINDRICAL_SURFACE ( 'NONE', #3527, 1.175240473580833944 ) ;
#2748 = ORIENTED_EDGE ( 'NONE', *, *, #2040, .F. ) ;
#2749 = CARTESIAN_POINT ( 'NONE',  ( 1.299038105676659782, 0.7499999999999450440, -3.645833333332740178 ) ) ;
#2750 = CARTESIAN_POINT ( 'NONE',  ( 1.299038105676630028, 0.7499999999999870104, -1.583333333333270199 ) ) ;
#2751 = DIRECTION ( 'NONE',  ( 2.150996698587985373E-15, 2.400530044109884714E-17, -1.000000000000000000 ) ) ;
#2752 = CARTESIAN_POINT ( 'NONE',  ( 2.750000000000000000, -3.008741987969004564E-14, -8.199999999999610267 ) ) ;
#2753 = ORIENTED_EDGE ( 'NONE', *, *, #435, .F. ) ;
#2754 = CARTESIAN_POINT ( 'NONE',  ( 1.216993421637485584, 0.5380172259034292637, -0.2678969215131712933 ) ) ;
#2755 = CARTESIAN_POINT ( 'NONE',  ( -1.299038105676654009, 0.7500000000000000000, -3.979166666666365426 ) ) ;
#2756 = CARTESIAN_POINT ( 'NONE',  ( 1.357050807568893847, 3.405246423804224482E-14, -1.874999999999979794 ) ) ;
#2757 = CC_DESIGN_PERSON_AND_ORGANIZATION_ASSIGNMENT ( #1901, #1396, ( #2065 ) ) ;
#2758 = EDGE_CURVE ( 'NONE', #3060, #2911, #3086, .T. ) ;
#2759 = CARTESIAN_POINT ( 'NONE',  ( -0.8660254037844071773, 1.499999999999937161, -1.958333333333545534 ) ) ;
#2760 = CARTESIAN_POINT ( 'NONE',  ( 1.734723475976804570E-14, -1.500000000000045075, -5.249999999999920952 ) ) ;
#2761 = CARTESIAN_POINT ( 'NONE',  ( -1.175240473580843936, 1.336351044127973947E-15, -1.625000000000224931 ) ) ;
#2762 = FACE_OUTER_BOUND ( 'NONE', #339, .T. ) ;
#2763 = CARTESIAN_POINT ( 'NONE',  ( -1.500000000000000000, -4.154308680658704391E-14, -1.375000000000000000 ) ) ;
#2764 = VERTEX_POINT ( 'NONE', #2752 ) ;
#2765 = CARTESIAN_POINT ( 'NONE',  ( 1.299038105676630028, 0.7499999999999870104, -1.583333333333270199 ) ) ;
#2766 = ORIENTED_EDGE ( 'NONE', *, *, #2783, .T. ) ;
#2767 = MECHANICAL_CONTEXT ( 'NONE', #1846, 'mechanical' ) ;
#2768 = CARTESIAN_POINT ( 'NONE',  ( -1.500000000000003109, -0.4019237886467253440, -1.852670900630830619 ) ) ;
#2769 = CARTESIAN_POINT ( 'NONE',  ( 0.000000000000000000, 0.000000000000000000, 0.000000000000000000 ) ) ;
#2770 = CYLINDRICAL_SURFACE ( 'NONE', #3130, 1.500000000000000000 ) ;
#2771 = CARTESIAN_POINT ( 'NONE',  ( -1.202845390310801621, -0.8746588339736605100, -0.3956393930466008402 ) ) ;
#2772 = ORIENTED_EDGE ( 'NONE', *, *, #2813, .F. ) ;
#2773 = CARTESIAN_POINT ( 'NONE',  ( 0.8885765595390570093, 0.9563269216000773731, -0.2498880801516070727 ) ) ;
#2774 = CARTESIAN_POINT ( 'NONE',  ( -1.175240473580833944, 9.785842749306110427E-16, -2.527938378719355031E-15 ) ) ;
#2775 = AXIS2_PLACEMENT_3D ( 'NONE', #899, #1562, #963 ) ;
#2776 = AXIS2_PLACEMENT_3D ( 'NONE', #3279, #2919, #154 ) ;
#2777 = CARTESIAN_POINT ( 'NONE',  ( -1.357050807568851880, -5.408332555453773380E-14, -1.187500000000278222 ) ) ;
#2778 = DIRECTION ( 'NONE',  ( -3.647064326199800396E-15, 2.400530044110370049E-17, -1.000000000000000000 ) ) ;
#2779 = ADVANCED_FACE ( 'NONE', ( #262 ), #2525, .T. ) ;
#2780 =( GEOMETRIC_REPRESENTATION_CONTEXT ( 3 ) GLOBAL_UNCERTAINTY_ASSIGNED_CONTEXT ( ( #3323 ) ) GLOBAL_UNIT_ASSIGNED_CONTEXT ( ( #1149, #3050, #1331 ) ) REPRESENTATION_CONTEXT ( 'NONE', 'WORKASPACE' ) );
#2781 = CARTESIAN_POINT ( 'NONE',  ( -1.017788105676677768, -0.5876202367904449497, -2.083333333333495130 ) ) ;
#2782 = CARTESIAN_POINT ( 'NONE',  ( 1.249999999999966027, 0.7216878364870189522, -7.099999999999269562 ) ) ;
#2783 = EDGE_CURVE ( 'NONE', #3103, #2946, #613, .T. ) ;
#2784 = CARTESIAN_POINT ( 'NONE',  ( 1.175240473580858369, -0.3149047358083439385, -0.8973290993691340756 ) ) ;
#2785 = ORIENTED_EDGE ( 'NONE', *, *, #933, .F. ) ;
#2786 = CARTESIAN_POINT ( 'NONE',  ( 1.500000000000000222, -3.939330469212030006E-14, -1.625000000000254907 ) ) ;
#2787 = EDGE_LOOP ( 'NONE', ( #888, #3454, #3102, #2109 ) ) ;
#2788 = VERTEX_POINT ( 'NONE', #45 ) ;
#2789 = CARTESIAN_POINT ( 'NONE',  ( -5.551115123125779547E-14, 1.499999999999904077, -3.499999999999560352 ) ) ;
#2790 = CARTESIAN_POINT ( 'NONE',  ( 1.175240473580843936, -1.743066579297359981E-15, -1.437499999999880096 ) ) ;
#2791 = ORIENTED_EDGE ( 'NONE', *, *, #377, .F. ) ;
#2792 = CARTESIAN_POINT ( 'NONE',  ( -1.500000000000000222, -3.625578484938504973E-14, -4.375000000000000000 ) ) ;
#2793 = CARTESIAN_POINT ( 'NONE',  ( 1.499999999999999778, -0.4019237886467029175, -1.709829099369569283 ) ) ;
#2794 = LINE ( 'NONE', #1655, #274 ) ;
#2795 = CARTESIAN_POINT ( 'NONE',  ( -1.175240473580839939, -1.162044386198240069E-16, -0.6250000000002190470 ) ) ;
#2796 = CARTESIAN_POINT ( 'NONE',  ( 2.081668171172170091E-14, 1.175240473580752010, 0.6875000000000079936 ) ) ;
#2797 = CARTESIAN_POINT ( 'NONE',  ( 2.081668171172170091E-14, -3.989863994746654424E-14, -4.999999999999729994 ) ) ;
#2798 = COORDINATED_UNIVERSAL_TIME_OFFSET ( 10, 0, .AHEAD. ) ;
#2799 = CARTESIAN_POINT ( 'NONE',  ( -2.081668171172170091E-14, 1.175240473580795975, -4.312499999999665157 ) ) ;
#2800 = CARTESIAN_POINT ( 'NONE',  ( -1.299038105676669996, 0.7499999999999730216, -1.979166666666420049 ) ) ;
#2801 = ORIENTED_EDGE ( 'NONE', *, *, #1110, .T. ) ;
#2802 = ORIENTED_EDGE ( 'NONE', *, *, #3377, .F. ) ;
#2803 = CARTESIAN_POINT ( 'NONE',  ( 0.8234078741650100453, -0.8385640366160330705, -5.000000000000000000 ) ) ;
#2804 = CARTESIAN_POINT ( 'NONE',  ( -0.8660254037844637987, -1.500000000000020428, -1.354166666666837715 ) ) ;
#2805 = CARTESIAN_POINT ( 'NONE',  ( 1.175240473580837053, -0.3149047358083445491, -2.397329099369380323 ) ) ;
#2806 = CARTESIAN_POINT ( 'NONE',  ( -1.383133042942491953, -0.5804679022311759473, -0.4052517832094369998 ) ) ;
#2807 = DIRECTION ( 'NONE',  ( 2.214087476103450068E-15, 2.400530044107279933E-17, -1.000000000000000000 ) ) ;
#2808 = ORIENTED_EDGE ( 'NONE', *, *, #2238, .F. ) ;
#2809 = CARTESIAN_POINT ( 'NONE',  ( 0.9274266492916679594, -0.7581807767139090437, -4.999999999999729106 ) ) ;
#2810 = CARTESIAN_POINT ( 'NONE',  ( -4.163336342344334502E-14, 1.499999999999934053, -2.999999999999390266 ) ) ;
#2811 = DIRECTION ( 'NONE',  ( 0.8660254037844381525, -6.030508333007949464E-16, -0.5000000000000007772 ) ) ;
#2812 = CARTESIAN_POINT ( 'NONE',  ( 1.500000000000000222, -4.404148223691324318E-14, -1.187500000000283995 ) ) ;
#2813 = EDGE_CURVE ( 'NONE', #2643, #2175, #1073, .T. ) ;
#2814 = CARTESIAN_POINT ( 'NONE',  ( 1.025711872619529119, 0.8511806472061321793, -8.370507189279619453 ) ) ;
#2815 = CARTESIAN_POINT ( 'NONE',  ( -0.6785254037844469233, 1.175240473580814404, -1.208333333333542425 ) ) ;
#2816 = CARTESIAN_POINT ( 'NONE',  ( 1.500000000000000000, -4.299564228933484534E-14, -1.125000000000251799 ) ) ;
#2817 = CARTESIAN_POINT ( 'NONE',  ( 2.081668171172170091E-14, -1.500000000000070166, -3.250000000000139888 ) ) ;
#2818 = CARTESIAN_POINT ( 'NONE',  ( 6.938893903907229955E-15, 1.175240473580738021, -2.749999999999754863 ) ) ;
#2819 = EDGE_LOOP ( 'NONE', ( #1864, #2995, #1467, #1851 ) ) ;
#2820 = ORIENTED_EDGE ( 'NONE', *, *, #1078, .T. ) ;
#2821 = EDGE_CURVE ( 'NONE', #102, #324, #38, .T. ) ;
#2822 = APPLICATION_PROTOCOL_DEFINITION ( 'international standard', 'config_control_design', 1994, #2856 ) ;
#2823 = CARTESIAN_POINT ( 'NONE',  ( -1.443375672974057888, -2.655372393663919654E-14, -8.499999999999570122 ) ) ;
#2824 = DIRECTION ( 'NONE',  ( 1.000000000000000000, -8.326672684688692789E-16, 2.081668171172168513E-15 ) ) ;
#2825 = DATE_AND_TIME ( #259, #3253 ) ;
#2826 = VERTEX_POINT ( 'NONE', #2697 ) ;
#2827 = CARTESIAN_POINT ( 'NONE',  ( 1.161177213894858395, 0.7199581463100769296, -4.999999999999727329 ) ) ;
#2828 = EDGE_CURVE ( 'NONE', #1667, #2826, #3319, .T. ) ;
#2829 = CARTESIAN_POINT ( 'NONE',  ( -1.500000000000000222, -3.997432688521939665E-14, -0.8750000000000000000 ) ) ;
#2830 = CARTESIAN_POINT ( 'NONE',  ( -1.040834085586083941E-14, 1.175240473580775991, -2.249999999999864997 ) ) ;
#2831 = CONICAL_SURFACE ( 'NONE', #3458, 2.449999999999999734, 0.7853981633974497223 ) ;
#2832 = VECTOR ( 'NONE', #2940, 1000.000000000000000 ) ;
#2833 = CARTESIAN_POINT ( 'NONE',  ( 0.8660254037843991837, 1.499999999999983347, -5.541666666666809959 ) ) ;
#2834 = CARTESIAN_POINT ( 'NONE',  ( 0.8212164319901592568, -0.9692461449016321895, -8.307204735838094933 ) ) ;
#2835 = CIRCLE ( 'NONE', #1034, 1.175240473580833944 ) ;
#2836 = DIRECTION ( 'NONE',  ( -2.312964634635745422E-15, -2.400530044109874854E-17, 1.000000000000000000 ) ) ;
#2837 = AXIS2_PLACEMENT_3D ( 'NONE', #2989, #765, #2133 ) ;
#2838 = CYLINDRICAL_SURFACE ( 'NONE', #1146, 1.500000000000000000 ) ;
#2839 = CARTESIAN_POINT ( 'NONE',  ( -0.6785254037844307140, -1.175240473580849043, -5.104166666666922758 ) ) ;
#2840 = CARTESIAN_POINT ( 'NONE',  ( 1.017788105676666000, -0.5876202367904730384, -2.479166666666754892 ) ) ;
#2841 = AXIS2_PLACEMENT_3D ( 'NONE', #2094, #3226, #838 ) ;
#2842 = ADVANCED_FACE ( 'NONE', ( #3381 ), #3140, .T. ) ;
#2843 =( BOUNDED_CURVE ( )  B_SPLINE_CURVE ( 2, ( #3144, #91, #1992, #1129, #585 ),
 .UNSPECIFIED., .F., .F. ) 
 B_SPLINE_CURVE_WITH_KNOTS ( ( 3, 2, 3 ),
 ( 0.8269230769230769829, 0.8333333333333330373, 0.8461538461538460343 ),
 .UNSPECIFIED. ) 
 CURVE ( )  GEOMETRIC_REPRESENTATION_ITEM ( )  RATIONAL_B_SPLINE_CURVE ( ( 0.9330127018922189652, 0.9330127018922209636, 1.000000000000000000, 0.8660254037844389297, 1.000000000000000000 ) ) 
 REPRESENTATION_ITEM ( '' )  );
#2844 = CARTESIAN_POINT ( 'NONE',  ( -1.017788105676656008, 0.5876202367903899937, -3.166666666666484886 ) ) ;
#2845 = VERTEX_POINT ( 'NONE', #2421 ) ;
#2846 = ORIENTED_EDGE ( 'NONE', *, *, #2072, .F. ) ;
#2847 = B_SPLINE_CURVE_WITH_KNOTS ( 'NONE', 3,
 ( #577, #1958, #309, #8, #65, #47, #1132, #1977, #2827, #294, #1101, #851, #3339, #27, #1680, #3356, #2809, #1414 ),
 .UNSPECIFIED., .F., .F.,
 ( 4, 2, 2, 2, 2, 2, 2, 2, 4 ),
 ( 0.000000000000000000, 0.1250000000000000833, 0.2500000000000001665, 0.3750000000000002220, 0.5000000000000002220, 0.6250000000000002220, 0.7500000000000001110, 0.8750000000000001110, 1.000000000000000000 ),
 .UNSPECIFIED. ) ;
#2848 = CARTESIAN_POINT ( 'NONE',  ( -0.6785254037844147268, -1.175240473580812184, -3.041666666666928975 ) ) ;
#2849 = ORIENTED_EDGE ( 'NONE', *, *, #512, .T. ) ;
#2850 = CARTESIAN_POINT ( 'NONE',  ( 0.9376990457997980144, -0.7263385576275692701, -4.989002832395755149 ) ) ;
#2851 = APPROVAL_DATE_TIME ( #903, #762 ) ;
#2852 = FACE_OUTER_BOUND ( 'NONE', #3447, .T. ) ;
#2853 = CARTESIAN_POINT ( 'NONE',  ( -1.732050807568862982, -2.203394744814502148E-14, -0.8750000000001005862 ) ) ;
#2854 = EDGE_CURVE ( 'NONE', #2266, #3053, #2723, .T. ) ;
#2855 = CARTESIAN_POINT ( 'NONE',  ( -0.6785254037844226094, -1.175240473580819067, -2.041666666666984931 ) ) ;
#2856 = APPLICATION_CONTEXT ( 'configuration controlled 3d designs of mechanical parts and assemblies' ) ;
#2857 = CARTESIAN_POINT ( 'NONE',  ( -1.017788105676679988, -0.5876202367904489465, -4.083333333333049708 ) ) ;
#2858 = B_SPLINE_CURVE_WITH_KNOTS ( 'NONE', 3,
 ( #1071, #2173, #566, #268, #798, #2211, #542, #839, #1658, #3293 ),
 .UNSPECIFIED., .F., .F.,
 ( 4, 1, 1, 2, 2, 4 ),
 ( 0.000000000000000000, 0.2500000000000000000, 0.3750000000000012768, 0.4375000000000019984, 0.5000000000000027756, 1.000000000000000000 ),
 .UNSPECIFIED. ) ;
#2859 = CARTESIAN_POINT ( 'NONE',  ( -1.017788105676654009, 0.5876202367903170520, -4.729166666666399621 ) ) ;
#2860 = CARTESIAN_POINT ( 'NONE',  ( -1.040834085586083941E-14, 1.175240473580775991, -2.249999999999864997 ) ) ;
#2861 = CARTESIAN_POINT ( 'NONE',  ( -0.6785254037844146158, -1.175240473580812184, -3.041666666666928975 ) ) ;
#2862 = EDGE_LOOP ( 'NONE', ( #1357, #3143, #1427, #1816, #278, #730 ) ) ;
#2863 = ORIENTED_EDGE ( 'NONE', *, *, #1261, .F. ) ;
#2864 = CARTESIAN_POINT ( 'NONE',  ( -1.017788105676664001, -0.5876202367904870272, -1.583333333333435178 ) ) ;
#2865 = EDGE_CURVE ( 'NONE', #3434, #1576, #823, .T. ) ;
#2866 =( BOUNDED_CURVE ( )  B_SPLINE_CURVE ( 2, ( #3201, #2949, #1628, #2372, #998, #697, #1075, #1902, #168 ),
 .UNSPECIFIED., .F., .F. ) 
 B_SPLINE_CURVE_WITH_KNOTS ( ( 3, 2, 2, 2, 3 ),
 ( 0.5192307692307699396, 0.5256410256410259940, 0.5384615384615379918, 0.5512820512820510999, 0.5576923076923080425 ),
 .UNSPECIFIED. ) 
 CURVE ( )  GEOMETRIC_REPRESENTATION_ITEM ( )  RATIONAL_B_SPLINE_CURVE ( ( 0.9330127018922189652, 0.9330127018922239612, 1.000000000000000000, 0.8660254037844389297, 1.000000000000000000, 0.8660254037844389297, 1.000000000000000000, 0.9330127018922169668, 0.9330127018922189652 ) ) 
 REPRESENTATION_ITEM ( '' )  );
#2867 = CARTESIAN_POINT ( 'NONE',  ( -0.8660254037844788977, 1.499999999999967137, -4.520833333333540871 ) ) ;
#2868 = CARTESIAN_POINT ( 'NONE',  ( -0.8660254037844384856, -1.500000000000036637, -3.354166666666845042 ) ) ;
#2869 = EDGE_LOOP ( 'NONE', ( #1863, #2285, #1350, #1226, #572 ) ) ;
#2870 = CARTESIAN_POINT ( 'NONE',  ( 1.249999999999960032, -0.2611693647307670729, -8.333039322680347638 ) ) ;
#2871 = CARTESIAN_POINT ( 'NONE',  ( -2.775557561562889773E-14, 1.175240473580779987, -5.812499999999720224 ) ) ;
#2872 = DIRECTION ( 'NONE',  ( 1.000000000000000000, -8.326672684688661234E-16, 2.312964634635742661E-15 ) ) ;
#2873 = CARTESIAN_POINT ( 'NONE',  ( -1.299038105676646015, -0.7500000000000560663, -3.895833333333374782 ) ) ;
#2874 = CARTESIAN_POINT ( 'NONE',  ( -0.8660254037844384856, 1.499999999999951150, -3.020833333333532877 ) ) ;
#2875 = EDGE_CURVE ( 'NONE', #1131, #3036, #1145, .T. ) ;
#2876 = CARTESIAN_POINT ( 'NONE',  ( -1.500000000000000222, -3.579096709490574848E-14, -3.437499999999944933 ) ) ;
#2877 = CARTESIAN_POINT ( 'NONE',  ( 0.6785254037845184216, -1.175240473580786649, -1.020833333333588833 ) ) ;
#2878 = CARTESIAN_POINT ( 'NONE',  ( 1.299038105676654009, -0.7500000000000289768, -0.6666666666667040442 ) ) ;
#2879 = CARTESIAN_POINT ( 'NONE',  ( 1.175240473580843048, 0.3149047358083615911, -1.852670900630621453 ) ) ;
#2880 = CARTESIAN_POINT ( 'NONE',  ( 1.500000000000020872, 0.4019237886466553999, -3.665170900630644102 ) ) ;
#2881 = CARTESIAN_POINT ( 'NONE',  ( -1.017788105676693977, 0.5876202367903859969, -3.666666666666429819 ) ) ;
#2882 = ORIENTED_EDGE ( 'NONE', *, *, #458, .F. ) ;
#2883 = CARTESIAN_POINT ( 'NONE',  ( 0.6785254037844388186, 1.175240473580774880, -3.354166666666527963 ) ) ;
#2884 = ORIENTED_EDGE ( 'NONE', *, *, #1215, .F. ) ;
#2885 = CARTESIAN_POINT ( 'NONE',  ( 1.299038105676659782, 0.7499999999999450440, -2.083333333333325044 ) ) ;
#2886 = CARTESIAN_POINT ( 'NONE',  ( 2.081668171172170091E-14, -1.499999999999988010, -2.812500000000274891 ) ) ;
#2887 = ORIENTED_EDGE ( 'NONE', *, *, #1606, .T. ) ;
#2888 = CARTESIAN_POINT ( 'NONE',  ( 0.6785254037844905550, -1.175240473580890788, -2.020833333333594606 ) ) ;
#2889 =( BOUNDED_CURVE ( )  B_SPLINE_CURVE ( 2, ( #824, #2158, #1358, #755, #772, #2996, #487, #3026, #3341 ),
 .UNSPECIFIED., .F., .T. ) 
 B_SPLINE_CURVE_WITH_KNOTS ( ( 3, 2, 2, 2, 3 ),
 ( 0.1391110846770143850, 0.1410256410256409965, 0.1538461538461539935, 0.1666666666666665186, 0.1730769230769234890 ),
 .UNSPECIFIED. ) 
 CURVE ( )  GEOMETRIC_REPRESENTATION_ITEM ( )  RATIONAL_B_SPLINE_CURVE ( ( 0.9659612525430170127, 0.9799928507283430790, 1.000000000000000000, 0.8660254037844389297, 1.000000000000000000, 0.8660254037844389297, 1.000000000000000000, 0.9330127018922159676, 0.9330127018922189652 ) ) 
 REPRESENTATION_ITEM ( '' )  );
#2890 = CARTESIAN_POINT ( 'NONE',  ( 1.249999999999960476, -0.3083173883973858165, -8.344030788113260044 ) ) ;
#2891 = CARTESIAN_POINT ( 'NONE',  ( 1.732050807568876971, 1.802777518484589023E-14, -0.6250000000004835021 ) ) ;
#2892 = CARTESIAN_POINT ( 'NONE',  ( 0.6785254037844780095, -1.175240473580828171, -1.520833333333592163 ) ) ;
#2893 = ORIENTED_EDGE ( 'NONE', *, *, #2407, .T. ) ;
#2894 = CARTESIAN_POINT ( 'NONE',  ( 1.017788105676646015, -0.5876202367904209689, -4.479166666666534624 ) ) ;
#2895 = CARTESIAN_POINT ( 'NONE',  ( 1.299038105676630028, 0.7499999999999900080, -4.145833333332684667 ) ) ;
#2896 = CARTESIAN_POINT ( 'NONE',  ( -0.8660254037843829744, -1.500000000000004663, -3.354166666666845042 ) ) ;
#2897 = EDGE_CURVE ( 'NONE', #3557, #2228, #1441, .T. ) ;
#2898 = CARTESIAN_POINT ( 'NONE',  ( 3.469446951953614978E-15, -1.500000000000000000, -0.7499999999999169553 ) ) ;
#2899 = VECTOR ( 'NONE', #1381, 1000.000000000000000 ) ;
#2900 = AXIS2_PLACEMENT_3D ( 'NONE', #1615, #533, #1364 ) ;
#2901 = AXIS2_PLACEMENT_3D ( 'NONE', #1802, #1245, #2352 ) ;
#2902 = ADVANCED_FACE ( 'NONE', ( #2443 ), #3383, .T. ) ;
#2903 = CARTESIAN_POINT ( 'NONE',  ( 1.017788105676646015, 0.5876202367904019841, -3.833333333332854753 ) ) ;
#2904 = ORIENTED_EDGE ( 'NONE', *, *, #48, .T. ) ;
#2905 = ORIENTED_EDGE ( 'NONE', *, *, #1790, .T. ) ;
#2906 = LINE ( 'NONE', #1200, #3306 ) ;
#2907 = AXIS2_PLACEMENT_3D ( 'NONE', #284, #2517, #1913 ) ;
#2908 = CARTESIAN_POINT ( 'NONE',  ( -1.734723475976804570E-14, 1.499999999999988010, -1.562500000000000000 ) ) ;
#2909 = EDGE_CURVE ( 'NONE', #1976, #3171, #1189, .T. ) ;
#2910 = CARTESIAN_POINT ( 'NONE',  ( -1.299038105676626031, -0.7500000000000980327, -2.395833333333539983 ) ) ;
#2911 = VERTEX_POINT ( 'NONE', #702 ) ;
#2912 = CARTESIAN_POINT ( 'NONE',  ( 2.081668171172170091E-14, -3.989863994746654424E-14, -4.999999999999729994 ) ) ;
#2913 = CARTESIAN_POINT ( 'NONE',  ( -1.732050807568876971, -4.807406715958906376E-14, -0.3750000000000980882 ) ) ;
#2914 = CARTESIAN_POINT ( 'NONE',  ( -1.732050807568876971, -2.203394744814502148E-14, -2.375000000000107470 ) ) ;
#2915 = CARTESIAN_POINT ( 'NONE',  ( -0.6785254037844259400, -1.175240473580828171, 0.4583333333330258386 ) ) ;
#2916 =( BOUNDED_CURVE ( )  B_SPLINE_CURVE ( 2, ( #3051, #1662, #2800, #2507, #40, #2230, #3349, #864, #3332 ),
 .UNSPECIFIED., .F., .F. ) 
 B_SPLINE_CURVE_WITH_KNOTS ( ( 3, 2, 2, 2, 3 ),
 ( 0.4423076923076924571, 0.4487179487179489557, 0.4615384615384620082, 0.4743589743589740060, 0.4807692307692310041 ),
 .UNSPECIFIED. ) 
 CURVE ( )  GEOMETRIC_REPRESENTATION_ITEM ( )  RATIONAL_B_SPLINE_CURVE ( ( 0.9330127018922189652, 0.9330127018922189652, 1.000000000000000000, 0.8660254037844389297, 1.000000000000000000, 0.8660254037844389297, 1.000000000000000000, 0.9330127018922159676, 0.9330127018922189652 ) ) 
 REPRESENTATION_ITEM ( '' )  );
#2917 = CARTESIAN_POINT ( 'NONE',  ( -0.8212164319892109043, 0.9692461449020756126, -8.307204735838460863 ) ) ;
#2918 = CARTESIAN_POINT ( 'NONE',  ( 0.000000000000000000, 1.175240473580767997, -3.312499999999774847 ) ) ;
#2919 = DIRECTION ( 'NONE',  ( 2.207829878515935155E-15, 2.400530044109879784E-17, -1.000000000000000000 ) ) ;
#2920 = ORIENTED_EDGE ( 'NONE', *, *, #528, .T. ) ;
#2921 = CARTESIAN_POINT ( 'NONE',  ( -1.175240473580869915, 1.040732229959376074E-15, -0.1778527147052690049 ) ) ;
#2922 = CARTESIAN_POINT ( 'NONE',  ( 6.938893903907229955E-15, -1.175240473580823952, -4.562500000000190070 ) ) ;
#2923 = CARTESIAN_POINT ( 'NONE',  ( -1.175240473580843936, 1.336351044127973947E-15, -1.625000000000225153 ) ) ;
#2924 =( BOUNDED_CURVE ( )  B_SPLINE_CURVE ( 2, ( #1173, #1120, #12, #2354, #1805, #638, #2168, #3007, #428 ),
 .UNSPECIFIED., .F., .F. ) 
 B_SPLINE_CURVE_WITH_KNOTS ( ( 3, 2, 2, 2, 3 ),
 ( 0.5576923076923080425, 0.5641025641025639858, 0.5769230769230769829, 0.5897435897435899799, 0.5961538461538460343 ),
 .UNSPECIFIED. ) 
 CURVE ( )  GEOMETRIC_REPRESENTATION_ITEM ( )  RATIONAL_B_SPLINE_CURVE ( ( 0.9330127018922189652, 0.9330127018922229620, 1.000000000000000000, 0.8660254037844389297, 1.000000000000000000, 0.8660254037844389297, 1.000000000000000000, 0.9330127018922179660, 0.9330127018922189652 ) ) 
 REPRESENTATION_ITEM ( '' )  );
#2925 = CARTESIAN_POINT ( 'NONE',  ( 1.500000000000000222, -3.962571356935994753E-14, -1.687500000000284883 ) ) ;
#2926 = EDGE_LOOP ( 'NONE', ( #1213, #3386, #728, #625 ) ) ;
#2927 = ORIENTED_EDGE ( 'NONE', *, *, #655, .F. ) ;
#2928 = CARTESIAN_POINT ( 'NONE',  ( -1.299038105676636023, 0.7499999999998780975, -5.479166666666420049 ) ) ;
#2929 = CARTESIAN_POINT ( 'NONE',  ( -1.250000000000019984, 0.7216878364869889761, -8.499999999999669598 ) ) ;
#2930 = CARTESIAN_POINT ( 'NONE',  ( -1.017788105676649790, 0.5876202367903170520, -0.6666666666668710217 ) ) ;
#2931 = CARTESIAN_POINT ( 'NONE',  ( 1.500000000000000000, -4.102016683279784499E-14, -2.187500000000260236 ) ) ;
#2932 = EDGE_CURVE ( 'NONE', #2175, #3396, #2294, .T. ) ;
#2933 = FACE_OUTER_BOUND ( 'NONE', #498, .T. ) ;
#2934 = CYLINDRICAL_SURFACE ( 'NONE', #2060, 1.250000000000000000 ) ;
#2935 = DIRECTION ( 'NONE',  ( 1.000000000000000000, -8.326672684688661234E-16, 2.312964634635742661E-15 ) ) ;
#2936 = CARTESIAN_POINT ( 'NONE',  ( 1.175240473580841938, -3.486133158594715031E-16, -3.437499999999889866 ) ) ;
#2937 = ORIENTED_EDGE ( 'NONE', *, *, #1332, .F. ) ;
#2938 = VERTEX_POINT ( 'NONE', #3108 ) ;
#2939 = CARTESIAN_POINT ( 'NONE',  ( 1.499999999999997335, 0.4019237886466671683, -3.102670900630639661 ) ) ;
#2940 = DIRECTION ( 'NONE',  ( 3.647064326199800396E-15, -2.400530044110370049E-17, 1.000000000000000000 ) ) ;
#2941 = EDGE_CURVE ( 'NONE', #1360, #2788, #2965, .T. ) ;
#2942 = CARTESIAN_POINT ( 'NONE',  ( 1.299038105676626031, -0.7500000000000289768, -3.229166666666785090 ) ) ;
#2943 = EDGE_LOOP ( 'NONE', ( #1312, #1722 ) ) ;
#2944 = CARTESIAN_POINT ( 'NONE',  ( -1.357050807568868089, -4.607098102793951549E-14, -4.187500000000227374 ) ) ;
#2945 = EDGE_CURVE ( 'NONE', #2583, #3557, #2412, .T. ) ;
#2946 = VERTEX_POINT ( 'NONE', #2921 ) ;
#2947 = DIRECTION ( 'NONE',  ( -2.150996698587985373E-15, -2.400530044109884714E-17, 1.000000000000000000 ) ) ;
#2948 = CARTESIAN_POINT ( 'NONE',  ( -0.8660254037844637987, 1.499999999999951150, -5.020833333333540871 ) ) ;
#2949 = CARTESIAN_POINT ( 'NONE',  ( -1.175240473580815959, 0.3149047358083155723, -2.647329099369183147 ) ) ;
#2950 = CARTESIAN_POINT ( 'NONE',  ( 1.500000000000000000, -4.114764085016985166E-14, -4.999999999999720224 ) ) ;
#2951 = CARTESIAN_POINT ( 'NONE',  ( -1.175240473580853484, -0.3149047358083363335, -0.6651709006309641792 ) ) ;
#2952 = CARTESIAN_POINT ( 'NONE',  ( 2.081668171172170091E-14, -3.989863994746654424E-14, -4.999999999999729994 ) ) ;
#2953 = CARTESIAN_POINT ( 'NONE',  ( -1.017788105676639798, 0.5876202367903620161, -3.229166666666339669 ) ) ;
#2954 = AXIS2_PLACEMENT_3D ( 'NONE', #1700, #1460, #2872 ) ;
#2955 = VERTEX_POINT ( 'NONE', #779 ) ;
#2956 = ORIENTED_EDGE ( 'NONE', *, *, #2077, .F. ) ;
#2957 = AXIS2_PLACEMENT_3D ( 'NONE', #1156, #2475, #2455 ) ;
#2958 = EDGE_CURVE ( 'NONE', #2684, #3430, #2156, .T. ) ;
#2959 = CARTESIAN_POINT ( 'NONE',  ( -1.175240473580837941, 5.112995299272249895E-15, -4.624999999999939604 ) ) ;
#2960 = CARTESIAN_POINT ( 'NONE',  ( 0.8660254037844510311, 1.499999999999980904, -1.604166666666773544 ) ) ;
#2961 = ORIENTED_EDGE ( 'NONE', *, *, #2945, .F. ) ;
#2962 = VECTOR ( 'NONE', #684, 1000.000000000000000 ) ;
#2963 = LOCAL_TIME ( 18, 50, 30.00000000000000000, #1904 ) ;
#2964 = CARTESIAN_POINT ( 'NONE',  ( -0.3346335593269016417, -1.402130911634081212, -0.3642270093350665761 ) ) ;
#2965 =( BOUNDED_CURVE ( )  B_SPLINE_CURVE ( 2, ( #970, #416, #3196, #2850, #2803 ),
 .UNSPECIFIED., .F., .F. ) 
 B_SPLINE_CURVE_WITH_KNOTS ( ( 3, 2, 3 ),
 ( 0.8653846153846149747, 0.8717948717948719173, 0.8751664576579429866 ),
 .UNSPECIFIED. ) 
 CURVE ( )  GEOMETRIC_REPRESENTATION_ITEM ( )  RATIONAL_B_SPLINE_CURVE ( ( 0.9330127018922189652, 0.9330127018922199644, 1.000000000000000000, 0.9647668653403399519, 0.9480652107225889802 ) ) 
 REPRESENTATION_ITEM ( '' )  );
#2966 = DIRECTION ( 'NONE',  ( -0.8660254037844389297, 0.4999999999999994449, 0.000000000000000000 ) ) ;
#2967 = CARTESIAN_POINT ( 'NONE',  ( -1.357050807568861428, -3.405246423804224482E-14, 0.3749999999997130073 ) ) ;
#2968 = EDGE_CURVE ( 'NONE', #3171, #2126, #1746, .T. ) ;
#2969 = CARTESIAN_POINT ( 'NONE',  ( -2.081668171172170091E-14, 1.499999999999988010, -2.000000000000115019 ) ) ;
#2970 = CARTESIAN_POINT ( 'NONE',  ( 1.299038105676622035, 0.7500000000000000000, -4.083333333332605619 ) ) ;
#2971 = DIRECTION ( 'NONE',  ( 2.081668171172170091E-15, 2.400530044109889953E-17, -1.000000000000000000 ) ) ;
#2972 = CARTESIAN_POINT ( 'NONE',  ( 0.8660254037845112052, -1.500000000000050404, 0.2291666666664167740 ) ) ;
#2973 = DIRECTION ( 'NONE',  ( -1.000000000000000000, 8.326672684688674053E-16, -2.403703357979455633E-15 ) ) ;
#2974 = DIRECTION ( 'NONE',  ( 2.403703357979455239E-15, 2.400530044109864685E-17, -1.000000000000000000 ) ) ;
#2975 = ORIENTED_EDGE ( 'NONE', *, *, #133, .T. ) ;
#2976 = EDGE_CURVE ( 'NONE', #1259, #3008, #75, .T. ) ;
#2977 = CARTESIAN_POINT ( 'NONE',  ( -1.499999999999984013, -3.596527375283549197E-14, -1.937500000000000000 ) ) ;
#2978 = CARTESIAN_POINT ( 'NONE',  ( 1.321693835875653367, -0.2428890466633975842, -0.2941812996184589024 ) ) ;
#2979 = ORIENTED_EDGE ( 'NONE', *, *, #1179, .T. ) ;
#2980 = CARTESIAN_POINT ( 'NONE',  ( -0.8660254037843829744, -1.500000000000004663, -2.354166666666844154 ) ) ;
#2981 = CARTESIAN_POINT ( 'NONE',  ( -1.017788105676669996, -0.5876202367904730384, -3.145833333333235338 ) ) ;
#2982 = CARTESIAN_POINT ( 'NONE',  ( 1.299038105676630028, 0.7499999999999870104, -4.583333333332769932 ) ) ;
#2983 = CARTESIAN_POINT ( 'NONE',  ( -1.175240473580833944, 9.785842749306110427E-16, -2.527938378719355031E-15 ) ) ;
#2984 = CARTESIAN_POINT ( 'NONE',  ( 1.299038105676630028, 0.7499999999999350520, -3.583333333332660242 ) ) ;
#2985 =( BOUNDED_CURVE ( )  B_SPLINE_CURVE ( 2, ( #1000, #2146, #2721, #2092, #3223, #723, #441, #1557, #2673 ),
 .UNSPECIFIED., .F., .F. ) 
 B_SPLINE_CURVE_WITH_KNOTS ( ( 3, 2, 2, 2, 3 ),
 ( 0.2500000000000000000, 0.2564102564102564985, 0.2692307692307689959, 0.2820512820512819929, 0.2884615384615389910 ),
 .UNSPECIFIED. ) 
 CURVE ( )  GEOMETRIC_REPRESENTATION_ITEM ( )  RATIONAL_B_SPLINE_CURVE ( ( 0.9330127018922189652, 0.9330127018922199644, 1.000000000000000000, 0.8660254037844389297, 1.000000000000000000, 0.8660254037844389297, 1.000000000000000000, 0.9330127018922129700, 0.9330127018922189652 ) ) 
 REPRESENTATION_ITEM ( '' )  );
#2986 = APPROVAL_DATE_TIME ( #2686, #1459 ) ;
#2987 = CARTESIAN_POINT ( 'NONE',  ( -1.175240473580821954, -2.556497649636124948E-15, -2.625000000000000000 ) ) ;
#2988 = ADVANCED_FACE ( 'NONE', ( #2705 ), #1001, .F. ) ;
#2989 = CARTESIAN_POINT ( 'NONE',  ( 0.000000000000000000, 0.000000000000000000, 0.000000000000000000 ) ) ;
#2990 = CARTESIAN_POINT ( 'NONE',  ( -1.499999999999980016, -3.846594202489114672E-14, -4.999999999999729994 ) ) ;
#2991 = PLANE ( 'NONE',  #1204 ) ;
#2992 = CARTESIAN_POINT ( 'NONE',  ( 6.938893903907229955E-15, -2.775557561562889773E-14, -8.499999999999559464 ) ) ;
#2993 = ORIENTED_EDGE ( 'NONE', *, *, #774, .T. ) ;
#2994 = EDGE_CURVE ( 'NONE', #308, #288, #2794, .T. ) ;
#2995 = ORIENTED_EDGE ( 'NONE', *, *, #2671, .T. ) ;
#2996 = CARTESIAN_POINT ( 'NONE',  ( 0.8660254037844384856, 1.500000000000029754, -0.5416666666667866448 ) ) ;
#2997 = DIRECTION ( 'NONE',  ( -2.312964634635745422E-15, -2.400530044109874854E-17, 1.000000000000000000 ) ) ;
#2998 = CARTESIAN_POINT ( 'NONE',  ( 0.6232559642056936244, -1.252469134752129287, -0.3344028364650045160 ) ) ;
#2999 = PLANE ( 'NONE',  #1716 ) ;
#3000 = CARTESIAN_POINT ( 'NONE',  ( 1.017788105676654009, 0.5876202367903480273, -0.3333333333330745218 ) ) ;
#3001 = CARTESIAN_POINT ( 'NONE',  ( -2.081668171172170091E-14, 1.175240473580793976, -2.812499999999604761 ) ) ;
#3002 =( BOUNDED_CURVE ( )  B_SPLINE_CURVE ( 2, ( #114, #2035, #1498, #2613, #3131, #131, #620, #955, #1728 ),
 .UNSPECIFIED., .F., .T. ) 
 B_SPLINE_CURVE_WITH_KNOTS ( ( 3, 2, 2, 2, 3 ),
 ( 0.7884615384615389910, 0.7948717948717949344, 0.8076923076923080425, 0.8205128205128210395, 0.8269230769230769829 ),
 .UNSPECIFIED. ) 
 CURVE ( )  GEOMETRIC_REPRESENTATION_ITEM ( )  RATIONAL_B_SPLINE_CURVE ( ( 0.9330127018922189652, 0.9330127018922239612, 1.000000000000000000, 0.8660254037844389297, 1.000000000000000000, 0.8660254037844389297, 1.000000000000000000, 0.9330127018922189652, 0.9330127018922189652 ) ) 
 REPRESENTATION_ITEM ( '' )  );
#3003 = FACE_OUTER_BOUND ( 'NONE', #1971, .T. ) ;
#3004 = CARTESIAN_POINT ( 'NONE',  ( 1.500000000000000222, -4.078775795555819751E-14, -2.687500000000079492 ) ) ;
#3005 = ADVANCED_FACE ( 'NONE', ( #1418 ), #2191, .F. ) ;
#3006 = DIRECTION ( 'NONE',  ( 3.647064326199800396E-15, -2.400530044110370049E-17, 1.000000000000000000 ) ) ;
#3007 = CARTESIAN_POINT ( 'NONE',  ( -1.500000000000009326, -0.4019237886467237342, -2.915170900630866591 ) ) ;
#3008 = VERTEX_POINT ( 'NONE', #2018 ) ;
#3009 = CARTESIAN_POINT ( 'NONE',  ( -4.163336342344334502E-14, 1.499999999999956035, -3.999999999999725109 ) ) ;
#3010 = VECTOR ( 'NONE', #539, 1000.000000000000000 ) ;
#3011 = CARTESIAN_POINT ( 'NONE',  ( -1.249999999999997335, 0.3578710742486784779, -8.356797630837789370 ) ) ;
#3012 = DIRECTION ( 'NONE',  ( -2.124151195073645091E-15, -2.400530044109889953E-17, 1.000000000000000000 ) ) ;
#3013 = FACE_OUTER_BOUND ( 'NONE', #353, .T. ) ;
#3014 = EDGE_CURVE ( 'NONE', #3191, #1394, #1218, .T. ) ;
#3015 = CARTESIAN_POINT ( 'NONE',  ( 1.017788105676654009, 0.5876202367903480273, -0.3333333333330745218 ) ) ;
#3016 = CIRCLE ( 'NONE', #1428, 1.500000000000000000 ) ;
#3017 = AXIS2_PLACEMENT_3D ( 'NONE', #1355, #3067, #3575 ) ;
#3018 = ORIENTED_EDGE ( 'NONE', *, *, #3014, .T. ) ;
#3019 = CARTESIAN_POINT ( 'NONE',  ( -1.017788105676654009, 0.5876202367903189394, -1.166666666666925867 ) ) ;
#3020 = VECTOR ( 'NONE', #2390, 1000.000000000000000 ) ;
#3021 = LINE ( 'NONE', #2983, #1547 ) ;
#3022 = CARTESIAN_POINT ( 'NONE',  ( -0.8660254037844384856, -1.499999999999980904, -1.791666666666857921 ) ) ;
#3023 = DIRECTION ( 'NONE',  ( 2.150996698587985373E-15, 2.400530044109884714E-17, -1.000000000000000000 ) ) ;
#3024 = CARTESIAN_POINT ( 'NONE',  ( -1.299038105676640020, -0.7500000000000560663, -1.895833333333375004 ) ) ;
#3025 = CARTESIAN_POINT ( 'NONE',  ( -0.8660254037844384856, -1.500000000000041300, -5.291666666666808183 ) ) ;
#3026 = CARTESIAN_POINT ( 'NONE',  ( 1.500000000000002220, 0.4019237886466673348, -0.6026709006309898253 ) ) ;
#3027 = CARTESIAN_POINT ( 'NONE',  ( -0.6785254037844147268, -1.175240473580812184, -2.604166666666907659 ) ) ;
#3028 = CARTESIAN_POINT ( 'NONE',  ( -1.017788105676646015, 0.5876202367903080592, -0.7291666666669469610 ) ) ;
#3029 = DIRECTION ( 'NONE',  ( 1.000000000000000000, -8.326672684688661234E-16, 2.312964634635742661E-15 ) ) ;
#3030 = CYLINDRICAL_SURFACE ( 'NONE', #2720, 1.175240473580833944 ) ;
#3031 = DIRECTION ( 'NONE',  ( 2.081668171172170091E-15, 2.400530044109889953E-17, -1.000000000000000000 ) ) ;
#3032 = ORIENTED_EDGE ( 'NONE', *, *, #1543, .T. ) ;
#3033 = PRODUCT_RELATED_PRODUCT_CATEGORY ( 'detail', '', ( #2199 ) ) ;
#3034 = CARTESIAN_POINT ( 'NONE',  ( 1.017788105676620036, 0.5876202367903929913, -0.8958333333330960047 ) ) ;
#3035 = DIRECTION ( 'NONE',  ( 2.207829878515935155E-15, 2.400530044109879784E-17, -1.000000000000000000 ) ) ;
#3036 = VERTEX_POINT ( 'NONE', #694 ) ;
#3037 = CARTESIAN_POINT ( 'NONE',  ( -0.9191755816221479636, 0.7323294483305570202, -0.1778527147054954904 ) ) ;
#3038 = ADVANCED_FACE ( 'NONE', ( #3478 ), #2385, .T. ) ;
#3039 = CARTESIAN_POINT ( 'NONE',  ( -1.500000000000000222, -3.515184268249674791E-14, -1.875000000000000000 ) ) ;
#3040 = LINE ( 'NONE', #519, #1886 ) ;
#3041 = CARTESIAN_POINT ( 'NONE',  ( -1.239219821934955723, -0.8259008990633945890, -0.3973172595475046309 ) ) ;
#3042 = CARTESIAN_POINT ( 'NONE',  ( -0.6785254037844630215, 1.175240473580802858, -4.708333333333497350 ) ) ;
#3043 = CARTESIAN_POINT ( 'NONE',  ( 1.500000000000000222, -4.171739346451678740E-14, -4.125000000000079936 ) ) ;
#3044 = DIRECTION ( 'NONE',  ( 3.647064326199800396E-15, -2.400530044110370049E-17, 1.000000000000000000 ) ) ;
#3045 = LINE ( 'NONE', #1947, #3183 ) ;
#3046 = CARTESIAN_POINT ( 'NONE',  ( 0.8660254037844870023, -1.500000000000001554, -0.7708333333335886106 ) ) ;
#3047 = CARTESIAN_POINT ( 'NONE',  ( 1.500000000000000000, -4.136878014865729410E-14, -3.625000000000110134 ) ) ;
#3048 = FACE_OUTER_BOUND ( 'NONE', #3474, .T. ) ;
#3049 = ORIENTED_EDGE ( 'NONE', *, *, #1138, .F. ) ;
#3050 =( NAMED_UNIT ( * ) PLANE_ANGLE_UNIT ( ) SI_UNIT ( $, .RADIAN. ) );
#3051 = CARTESIAN_POINT ( 'NONE',  ( -1.499999999999984013, -3.596527375283549197E-14, -1.937500000000000000 ) ) ;
#3052 = ORIENTED_EDGE ( 'NONE', *, *, #1409, .F. ) ;
#3053 = VERTEX_POINT ( 'NONE', #1597 ) ;
#3054 = CARTESIAN_POINT ( 'NONE',  ( -1.175240473580848155, 3.369928719974889915E-15, -4.125000000000000000 ) ) ;
#3055 = DIRECTION ( 'NONE',  ( -1.000000000000000000, 8.326672684688670109E-16, -2.207829878515936338E-15 ) ) ;
#3056 = CYLINDRICAL_SURFACE ( 'NONE', #2413, 1.175240473580833944 ) ;
#3057 = EDGE_CURVE ( 'NONE', #2788, #642, #2835, .T. ) ;
#3058 = CARTESIAN_POINT ( 'NONE',  ( -0.7513176260226692715, -1.253144095760551746, -0.3780055590151231160 ) ) ;
#3059 = CARTESIAN_POINT ( 'NONE',  ( 0.6785254037844307140, -1.175240473580802858, -3.958333333333554194 ) ) ;
#3060 = VERTEX_POINT ( 'NONE', #3511 ) ;
#3061 = DIRECTION ( 'NONE',  ( -1.000000000000000000, 8.326672684688674053E-16, -2.403703357979455633E-15 ) ) ;
#3062 = PRODUCT_DEFINITION_SHAPE ( 'NONE', 'NONE',  #3121 ) ;
#3063 = CARTESIAN_POINT ( 'NONE',  ( 1.017788105676654009, 0.5876202367903760049, -2.333333333332800130 ) ) ;
#3064 = CARTESIAN_POINT ( 'NONE',  ( 1.299038105676677990, -0.7500000000000419664, -1.729166666666779983 ) ) ;
#3065 =( BOUNDED_CURVE ( )  B_SPLINE_CURVE ( 2, ( #1352, #2157, #3281, #3251, #469, #863, #3099, #2880, #1231 ),
 .UNSPECIFIED., .F., .F. ) 
 B_SPLINE_CURVE_WITH_KNOTS ( ( 3, 2, 2, 2, 3 ),
 ( 0.6730769230769230171, 0.6794871794871799597, 0.6923076923076919575, 0.7051282051282049546, 0.7115384615384620082 ),
 .UNSPECIFIED. ) 
 CURVE ( )  GEOMETRIC_REPRESENTATION_ITEM ( )  RATIONAL_B_SPLINE_CURVE ( ( 0.9330127018922189652, 0.9330127018922199644, 1.000000000000000000, 0.8660254037844389297, 1.000000000000000000, 0.8660254037844389297, 1.000000000000000000, 0.9330127018922149684, 0.9330127018922189652 ) ) 
 REPRESENTATION_ITEM ( '' )  );
#3066 = CARTESIAN_POINT ( 'NONE',  ( -0.6785254037844226094, -1.175240473580819067, -2.041666666666985375 ) ) ;
#3067 = DIRECTION ( 'NONE',  ( 2.403703357979455239E-15, 2.400530044109864685E-17, -1.000000000000000000 ) ) ;
#3068 = EDGE_LOOP ( 'NONE', ( #2399, #2314, #146, #1047, #2846 ) ) ;
#3069 = CARTESIAN_POINT ( 'NONE',  ( 1.299038105676641797, -0.7500000000000000000, -3.166666666666929864 ) ) ;
#3070 = LINE ( 'NONE', #3295, #329 ) ;
#3071 = ORIENTED_EDGE ( 'NONE', *, *, #1592, .F. ) ;
#3072 = APPLICATION_PROTOCOL_DEFINITION ( 'international standard', 'config_control_design', 1994, #1846 ) ;
#3073 = DIRECTION ( 'NONE',  ( 3.647064326199800396E-15, -2.400530044110370049E-17, 1.000000000000000000 ) ) ;
#3074 = CARTESIAN_POINT ( 'NONE',  ( -1.299038105676626031, -0.7500000000001010303, -3.833333333333519999 ) ) ;
#3075 = ORIENTED_EDGE ( 'NONE', *, *, #2426, .F. ) ;
#3076 = CARTESIAN_POINT ( 'NONE',  ( -1.167338565709830078, -0.1360545616620467968, -0.1778527147056064850 ) ) ;
#3077 = VECTOR ( 'NONE', #2219, 1000.000000000000000 ) ;
#3078 = CARTESIAN_POINT ( 'NONE',  ( -1.383133042942491953, -0.5804679022311758363, -0.4052517832094369998 ) ) ;
#3079 = VECTOR ( 'NONE', #972, 1000.000000000000000 ) ;
#3080 = AXIS2_PLACEMENT_3D ( 'NONE', #1950, #3031, #1624 ) ;
#3081 = CARTESIAN_POINT ( 'NONE',  ( 2.428612866367529617E-14, -1.500000000000000000, -1.812499999999885203 ) ) ;
#3082 = CARTESIAN_POINT ( 'NONE',  ( -1.017788105676669996, -0.5876202367904730384, -5.645833333332960002 ) ) ;
#3083 = AXIS2_PLACEMENT_3D ( 'NONE', #3134, #3115, #1705 ) ;
#3084 = CARTESIAN_POINT ( 'NONE',  ( -0.8660254037843991837, -1.500000000000020428, -2.791666666666858365 ) ) ;
#3085 = DIRECTION ( 'NONE',  ( 3.647064326199800396E-15, -2.400530044110370049E-17, 1.000000000000000000 ) ) ;
#3086 =( BOUNDED_CURVE ( )  B_SPLINE_CURVE ( 2, ( #2089, #3220, #719, #1821, #2667, #1283, #2387, #3496, #2110 ),
 .UNSPECIFIED., .F., .F. ) 
 B_SPLINE_CURVE_WITH_KNOTS ( ( 3, 2, 2, 2, 3 ),
 ( 0.6730769230769240163, 0.6794871794871799597, 0.6923076923076919575, 0.7051282051282049546, 0.7115384615384620082 ),
 .UNSPECIFIED. ) 
 CURVE ( )  GEOMETRIC_REPRESENTATION_ITEM ( )  RATIONAL_B_SPLINE_CURVE ( ( 0.9330127018922189652, 0.9330127018922259596, 1.000000000000000000, 0.8660254037844389297, 1.000000000000000000, 0.8660254037844389297, 1.000000000000000000, 0.9330127018922159676, 0.9330127018922189652 ) ) 
 REPRESENTATION_ITEM ( '' )  );
#3087 = DIRECTION ( 'NONE',  ( 2.150996698587985373E-15, 2.400530044109884714E-17, -1.000000000000000000 ) ) ;
#3088 = ORIENTED_EDGE ( 'NONE', *, *, #2932, .F. ) ;
#3089 = ORIENTED_EDGE ( 'NONE', *, *, #1477, .F. ) ;
#3090 = CARTESIAN_POINT ( 'NONE',  ( 1.299038105676594057, 0.7499999999999560352, -4.645833333332629600 ) ) ;
#3091 = EDGE_CURVE ( 'NONE', #3430, #1259, #2341, .T. ) ;
#3092 = ORIENTED_EDGE ( 'NONE', *, *, #435, .T. ) ;
#3093 = CARTESIAN_POINT ( 'NONE',  ( 1.500000000000000000, -4.404148223691324318E-14, -1.187500000000283995 ) ) ;
#3094 = DIRECTION ( 'NONE',  ( -1.000000000000000000, 8.326672684688679970E-16, -2.150996698587985373E-15 ) ) ;
#3095 = CARTESIAN_POINT ( 'NONE',  ( -1.017788105676656008, -0.5876202367904730384, -2.145833333333460047 ) ) ;
#3096 = CARTESIAN_POINT ( 'NONE',  ( 2.775557561562889773E-14, -1.175240473580765777, -4.062500000000249578 ) ) ;
#3097 = CARTESIAN_POINT ( 'NONE',  ( 0.2222928751485173660, 1.315034821668080056, -8.371659148693732178 ) ) ;
#3098 = CARTESIAN_POINT ( 'NONE',  ( -1.500000000000000222, -3.765023811282295349E-14, -3.875000000000064837 ) ) ;
#3099 = CARTESIAN_POINT ( 'NONE',  ( 1.299038105676659782, 0.7499999999999450440, -3.645833333332740178 ) ) ;
#3100 = EDGE_CURVE ( 'NONE', #1598, #490, #1815, .T. ) ;
#3101 =( BOUNDED_SURFACE ( )  B_SPLINE_SURFACE ( 1, 2, ( 
 ( #1068, #1608, #2425, #2171, #2709, #1575, #3520, #509, #2437, #1588, #2396, #253, #1848, #481, #1620, #1037, #2134, #2972, #795, #1891, #464, #2689, #2742, #766, #3538, #3309, #1292, #1326, #1052, #2726, #1354, #2461, #2151, #1086, #2194, #237, #3278, #776, #1343, #820, #1914, #3046, #525, #1637, #3505, #1022, #1685, #1985, #1997, #267, #1657, #226, #3491, #1055, #1866, #1593, #1011, #2102, #3283, #3233, #733, #2960, #451, #1566, #2682, #1254, #3472, #2085, #2103, #2604, #124, #2319, #2642, #373, #1220, #1792, #1238, #2027, #1486, #3433, #2910, #182, #140, #1510, #1279, #692, #645, #989, #1736, #1753, #2886, #2582, #2042, #396, #2622, #968, #1202, #3194, #3216, #713, #2942, #934, #3492, #2868, #357, #1471, #3420, #3252, #2159, #2179, #2749, #756, #1503, #3406, #1742, #921, #2873, #2630, #696, #3178, #952, #671, #2895, #147, #381, #2371, #3498, #997, #3239, #3515, #976, #1285, #186, #2389, #3481, #130, #402, #1515, #1260, #2669, #1534, #721, #1018, #2948, #1301, #1798, #1029, #2090, #2112, #1228, #2128, #438, #3221, #2328, #2928, #456, #3261 ),
 ( #1823, #1758, #1781, #739, #1553, #2047, #1843, #2915, #2070, #2967, #2609, #3440, #1496, #1242, #2347, #1572, #3200, #3455, #197, #420, #2685, #2648, #166, #2404, #1601, #2222, #3000, #3534, #250, #2495, #761, #3545, #28, #476, #2206, #1883, #2718, #233, #1910, #2432, #2453, #2144, #537, #1583, #832, #1338, #3019, #1061, #505, #1856, #2738, #1926, #2165, #3287, #786, #522, #1351, #3567, #1081, #2187, #3303, #813, #1649, #2756, #265, #280, #1117, #2855, #347, #3402, #578, #1652, #2830, #2567, #3063, #1386, #1681, #2552, #2498, #854, #3429, #898, #2558, #1425, #2818, #2542, #1099, #1990, #2203, #623, #1747, #2861, #1480, #1763, #2844, #3154, #2022, #640, #1731, #1923, #2265, #3382, #3141, #929, #3395, #2576, #2881, #1197, #3169, #86, #2903, #352, #368, #3059, #389, #2298, #1465, #534, #1181, #2313, #1501, #2280, #4, #3118, #2597, #119, #100, #3322, #76, #1212, #3414, #318, #942, #1164, #338, #2037, #830, #1688, #599, #1713, #1450, #660, #909, #2004, #1041, #1786, #1830, #2357, #3465, #984, #2078, #482, #1249, #962, #2095, #767, #2616 ) ),
 .UNSPECIFIED., .F., .F., .T. ) 
 B_SPLINE_SURFACE_WITH_KNOTS ( ( 2, 2 ),
 ( 3, 2, 2, 2, 2, 2, 2, 2, 2, 2, 2, 2, 2, 2, 2, 2, 2, 2, 2, 2, 2, 2, 2, 2, 2, 2, 2, 2, 2, 2, 2, 2, 2, 2, 2, 2, 2, 2, 2, 2, 2, 2, 2, 2, 2, 2, 2, 2, 2, 2, 2, 2, 2, 2, 2, 2, 2, 2, 2, 2, 2, 2, 2, 2, 2, 2, 2, 2, 2, 2, 2, 2, 2, 2, 2, 2, 2, 2, 3 ),
 ( 0.000000000000000000, 1.000000000000000000 ),
 ( 0.000000000000000000, 0.01282051282051282007, 0.02564102564102565054, 0.03846153846153844980, 0.05128205128205130109, 0.06410256410256409687, 0.07692307692307689959, 0.08974358974358970231, 0.1025641025641026022, 0.1153846153846154049, 0.1282051282051281937, 0.1410256410256409965, 0.1538461538461539935, 0.1666666666666665186, 0.1794871794871795156, 0.1923076923076925127, 0.2051282051282049823, 0.2179487179487179793, 0.2307692307692310041, 0.2435897435897435015, 0.2564102564102564985, 0.2692307692307689959, 0.2820512820512819929, 0.2948717948717950454, 0.3076923076923074873, 0.3205128205128204844, 0.3333333333333335369, 0.3461538461538459788, 0.3589743589743589758, 0.3717948717948720283, 0.3846153846153845257, 0.3974358974358974672, 0.4102564102564105197, 0.4230769230769230171, 0.4358974358974360142, 0.4487179487179489557, 0.4615384615384620082, 0.4743589743589740060, 0.4871794871794870030, 0.5000000000000000000, 0.5128205128205129970, 0.5256410256410259940, 0.5384615384615379918, 0.5512820512820510999, 0.5641025641025639858, 0.5769230769230769829, 0.5897435897435899799, 0.6025641025641029769, 0.6153846153846149747, 0.6282051282051279717, 0.6410256410256410797, 0.6538461538461540767, 0.6666666666666670737, 0.6794871794871799597, 0.6923076923076919575, 0.7051282051282049546, 0.7179487179487179516, 0.7307692307692310596, 0.7435897435897440566, 0.7564102564102570536, 0.7692307692307689404, 0.7820512820512819374, 0.7948717948717949344, 0.8076923076923080425, 0.8205128205128210395, 0.8333333333333330373, 0.8461538461538460343, 0.8589743589743590313, 0.8717948717948719173, 0.8846153846153849143, 0.8974358974358980223, 0.9102564102564100201, 0.9230769230769230171, 0.9358974358974360142, 0.9487179487179490112, 0.9615384615384620082, 0.9743589743589740060, 0.9871794871794870030, 1.000000000000000000 ),
 .UNSPECIFIED. ) 
 GEOMETRIC_REPRESENTATION_ITEM ( )  RATIONAL_B_SPLINE_SURFACE ( (
 ( 1.000000000000000000, 0.8660254037844389297, 1.000000000000000000, 0.8660254037844389297, 1.000000000000000000, 0.8660254037844389297, 1.000000000000000000, 0.8660254037844389297, 1.000000000000000000, 0.8660254037844389297, 1.000000000000000000, 0.8660254037844389297, 1.000000000000000000, 0.8660254037844389297, 1.000000000000000000, 0.8660254037844389297, 1.000000000000000000, 0.8660254037844389297, 1.000000000000000000, 0.8660254037844389297, 1.000000000000000000, 0.8660254037844389297, 1.000000000000000000, 0.8660254037844389297, 1.000000000000000000, 0.8660254037844389297, 1.000000000000000000, 0.8660254037844389297, 1.000000000000000000, 0.8660254037844389297, 1.000000000000000000, 0.8660254037844389297, 1.000000000000000000, 0.8660254037844389297, 1.000000000000000000, 0.8660254037844389297, 1.000000000000000000, 0.8660254037844389297, 1.000000000000000000, 0.8660254037844389297, 1.000000000000000000, 0.8660254037844389297, 1.000000000000000000, 0.8660254037844389297, 1.000000000000000000, 0.8660254037844389297, 1.000000000000000000, 0.8660254037844389297, 1.000000000000000000, 0.8660254037844389297, 1.000000000000000000, 0.8660254037844389297, 1.000000000000000000, 0.8660254037844389297, 1.000000000000000000, 0.8660254037844389297, 1.000000000000000000, 0.8660254037844389297, 1.000000000000000000, 0.8660254037844389297, 1.000000000000000000, 0.8660254037844389297, 1.000000000000000000, 0.8660254037844389297, 1.000000000000000000, 0.8660254037844389297, 1.000000000000000000, 0.8660254037844389297, 1.000000000000000000, 0.8660254037844389297, 1.000000000000000000, 0.8660254037844389297, 1.000000000000000000, 0.8660254037844389297, 1.000000000000000000, 0.8660254037844389297, 1.000000000000000000, 0.8660254037844389297, 1.000000000000000000, 0.8660254037844389297, 1.000000000000000000, 0.8660254037844389297, 1.000000000000000000, 0.8660254037844389297, 1.000000000000000000, 0.8660254037844389297, 1.000000000000000000, 0.8660254037844389297, 1.000000000000000000, 0.8660254037844389297, 1.000000000000000000, 0.8660254037844389297, 1.000000000000000000, 0.8660254037844389297, 1.000000000000000000, 0.8660254037844389297, 1.000000000000000000, 0.8660254037844389297, 1.000000000000000000, 0.8660254037844389297, 1.000000000000000000, 0.8660254037844389297, 1.000000000000000000, 0.8660254037844389297, 1.000000000000000000, 0.8660254037844389297, 1.000000000000000000, 0.8660254037844389297, 1.000000000000000000, 0.8660254037844389297, 1.000000000000000000, 0.8660254037844389297, 1.000000000000000000, 0.8660254037844389297, 1.000000000000000000, 0.8660254037844389297, 1.000000000000000000, 0.8660254037844389297, 1.000000000000000000, 0.8660254037844389297, 1.000000000000000000, 0.8660254037844389297, 1.000000000000000000, 0.8660254037844389297, 1.000000000000000000, 0.8660254037844389297, 1.000000000000000000, 0.8660254037844389297, 1.000000000000000000, 0.8660254037844389297, 1.000000000000000000, 0.8660254037844389297, 1.000000000000000000, 0.8660254037844389297, 1.000000000000000000, 0.8660254037844389297, 1.000000000000000000, 0.8660254037844389297, 1.000000000000000000, 0.8660254037844389297, 1.000000000000000000, 0.8660254037844389297, 1.000000000000000000, 0.8660254037844389297, 1.000000000000000000, 0.8660254037844389297, 1.000000000000000000, 0.8660254037844389297, 1.000000000000000000, 0.8660254037844389297, 1.000000000000000000, 0.8660254037844389297, 1.000000000000000000, 0.8660254037844389297, 1.000000000000000000, 0.8660254037844389297, 1.000000000000000000),
 ( 1.000000000000000000, 0.8660254037844389297, 1.000000000000000000, 0.8660254037844389297, 1.000000000000000000, 0.8660254037844389297, 1.000000000000000000, 0.8660254037844389297, 1.000000000000000000, 0.8660254037844389297, 1.000000000000000000, 0.8660254037844389297, 1.000000000000000000, 0.8660254037844389297, 1.000000000000000000, 0.8660254037844389297, 1.000000000000000000, 0.8660254037844389297, 1.000000000000000000, 0.8660254037844389297, 1.000000000000000000, 0.8660254037844389297, 1.000000000000000000, 0.8660254037844389297, 1.000000000000000000, 0.8660254037844389297, 1.000000000000000000, 0.8660254037844389297, 1.000000000000000000, 0.8660254037844389297, 1.000000000000000000, 0.8660254037844389297, 1.000000000000000000, 0.8660254037844389297, 1.000000000000000000, 0.8660254037844389297, 1.000000000000000000, 0.8660254037844389297, 1.000000000000000000, 0.8660254037844389297, 1.000000000000000000, 0.8660254037844389297, 1.000000000000000000, 0.8660254037844389297, 1.000000000000000000, 0.8660254037844389297, 1.000000000000000000, 0.8660254037844389297, 1.000000000000000000, 0.8660254037844389297, 1.000000000000000000, 0.8660254037844389297, 1.000000000000000000, 0.8660254037844389297, 1.000000000000000000, 0.8660254037844389297, 1.000000000000000000, 0.8660254037844389297, 1.000000000000000000, 0.8660254037844389297, 1.000000000000000000, 0.8660254037844389297, 1.000000000000000000, 0.8660254037844389297, 1.000000000000000000, 0.8660254037844389297, 1.000000000000000000, 0.8660254037844389297, 1.000000000000000000, 0.8660254037844389297, 1.000000000000000000, 0.8660254037844389297, 1.000000000000000000, 0.8660254037844389297, 1.000000000000000000, 0.8660254037844389297, 1.000000000000000000, 0.8660254037844389297, 1.000000000000000000, 0.8660254037844389297, 1.000000000000000000, 0.8660254037844389297, 1.000000000000000000, 0.8660254037844389297, 1.000000000000000000, 0.8660254037844389297, 1.000000000000000000, 0.8660254037844389297, 1.000000000000000000, 0.8660254037844389297, 1.000000000000000000, 0.8660254037844389297, 1.000000000000000000, 0.8660254037844389297, 1.000000000000000000, 0.8660254037844389297, 1.000000000000000000, 0.8660254037844389297, 1.000000000000000000, 0.8660254037844389297, 1.000000000000000000, 0.8660254037844389297, 1.000000000000000000, 0.8660254037844389297, 1.000000000000000000, 0.8660254037844389297, 1.000000000000000000, 0.8660254037844389297, 1.000000000000000000, 0.8660254037844389297, 1.000000000000000000, 0.8660254037844389297, 1.000000000000000000, 0.8660254037844389297, 1.000000000000000000, 0.8660254037844389297, 1.000000000000000000, 0.8660254037844389297, 1.000000000000000000, 0.8660254037844389297, 1.000000000000000000, 0.8660254037844389297, 1.000000000000000000, 0.8660254037844389297, 1.000000000000000000, 0.8660254037844389297, 1.000000000000000000, 0.8660254037844389297, 1.000000000000000000, 0.8660254037844389297, 1.000000000000000000, 0.8660254037844389297, 1.000000000000000000, 0.8660254037844389297, 1.000000000000000000, 0.8660254037844389297, 1.000000000000000000, 0.8660254037844389297, 1.000000000000000000, 0.8660254037844389297, 1.000000000000000000, 0.8660254037844389297, 1.000000000000000000, 0.8660254037844389297, 1.000000000000000000, 0.8660254037844389297, 1.000000000000000000, 0.8660254037844389297, 1.000000000000000000, 0.8660254037844389297, 1.000000000000000000, 0.8660254037844389297, 1.000000000000000000, 0.8660254037844389297, 1.000000000000000000, 0.8660254037844389297, 1.000000000000000000) ) ) 
 REPRESENTATION_ITEM ( '' )  SURFACE ( )  );
#3102 = ORIENTED_EDGE ( 'NONE', *, *, #2526, .T. ) ;
#3103 = VERTEX_POINT ( 'NONE', #3037 ) ;
#3104 = FACE_OUTER_BOUND ( 'NONE', #2862, .T. ) ;
#3105 = CARTESIAN_POINT ( 'NONE',  ( -1.175240473580841938, 2.963213184805509600E-15, -1.687500000000260014 ) ) ;
#3106 = VERTEX_POINT ( 'NONE', #517 ) ;
#3107 = CARTESIAN_POINT ( 'NONE',  ( -1.228107447009839870, -0.04742530860812469579, -0.2148705680225834747 ) ) ;
#3108 = CARTESIAN_POINT ( 'NONE',  ( 1.500000000000000000, -4.078775795555819751E-14, -2.687500000000079492 ) ) ;
#3109 = CARTESIAN_POINT ( 'NONE',  ( 0.6250000000000000000, 1.082531754730498008, -7.099999999999389466 ) ) ;
#3110 = DIRECTION ( 'NONE',  ( -3.647064326199800396E-15, 2.400530044110370049E-17, -1.000000000000000000 ) ) ;
#3111 = CARTESIAN_POINT ( 'NONE',  ( -1.175240473580851486, -0.3149047358083755799, -4.665170900630707607 ) ) ;
#3112 = EDGE_CURVE ( 'NONE', #2680, #3106, #5, .T. ) ;
#3113 = CARTESIAN_POINT ( 'NONE',  ( -1.299038105676681987, 0.7499999999999560352, -5.416666666666348995 ) ) ;
#3114 = DIRECTION ( 'NONE',  ( 3.647064326199800396E-15, -2.400530044110370049E-17, 1.000000000000000000 ) ) ;
#3115 = DIRECTION ( 'NONE',  ( 2.150996698587985373E-15, 2.400530044109884714E-17, -1.000000000000000000 ) ) ;
#3116 = CARTESIAN_POINT ( 'NONE',  ( 1.017788105676656008, 0.5876202367903480273, -2.395833333332875181 ) ) ;
#3117 = CARTESIAN_POINT ( 'NONE',  ( 1.175240473580861700, -0.3149047358083404968, -0.3973290993691623307 ) ) ;
#3118 = CARTESIAN_POINT ( 'NONE',  ( 1.357050807568893847, 3.405246423804224482E-14, -4.374999999999988454 ) ) ;
#3119 = ORIENTED_EDGE ( 'NONE', *, *, #388, .T. ) ;
#3120 = ORIENTED_EDGE ( 'NONE', *, *, #1903, .F. ) ;
#3121 = PRODUCT_DEFINITION ( 'General', '', #2065, #2325 ) ;
#3122 = CARTESIAN_POINT ( 'NONE',  ( -1.500000000000000222, -4.072965573624824305E-14, -1.437500000000013989 ) ) ;
#3123 = EDGE_CURVE ( 'NONE', #2057, #1976, #198, .T. ) ;
#3124 = CARTESIAN_POINT ( 'NONE',  ( -1.175240473580826617, -0.3149047358083730819, -2.602670900630789763 ) ) ;
#3125 = ORIENTED_EDGE ( 'NONE', *, *, #1594, .T. ) ;
#3126 = CARTESIAN_POINT ( 'NONE',  ( 0.000000000000000000, 0.000000000000000000, 0.000000000000000000 ) ) ;
#3127 = CIRCLE ( 'NONE', #1708, 2.449999999999999734 ) ;
#3128 = CARTESIAN_POINT ( 'NONE',  ( -1.175240473580848155, 3.369928719974889915E-15, -4.125000000000000000 ) ) ;
#3129 = CARTESIAN_POINT ( 'NONE',  ( 1.299038105676691979, -0.7499999999999870104, -2.166666666666760221 ) ) ;
#3130 = AXIS2_PLACEMENT_3D ( 'NONE', #3284, #275, #1076 ) ;
#3131 = CARTESIAN_POINT ( 'NONE',  ( 6.591949208711869483E-14, -1.500000000000024869, -4.312499999999885425 ) ) ;
#3132 = CARTESIAN_POINT ( 'NONE',  ( -1.732050807568876971, -3.405246423804224482E-14, -3.375000000000113687 ) ) ;
#3133 = AXIS2_PLACEMENT_3D ( 'NONE', #3495, #1014, #2737 ) ;
#3134 = CARTESIAN_POINT ( 'NONE',  ( 0.000000000000000000, 0.000000000000000000, 0.000000000000000000 ) ) ;
#3135 = EDGE_CURVE ( 'NONE', #2196, #263, #3065, .T. ) ;
#3136 = VECTOR ( 'NONE', #300, 1000.000000000000000 ) ;
#3137 = CARTESIAN_POINT ( 'NONE',  ( -1.357050807568840334, -7.010801460773411994E-14, -5.187500000000235367 ) ) ;
#3138 = AXIS2_PLACEMENT_3D ( 'NONE', #56, #1125, #1673 ) ;
#3139 = CARTESIAN_POINT ( 'NONE',  ( -0.6785254037844147268, -1.175240473580802858, -0.5416666666669794905 ) ) ;
#3140 = CYLINDRICAL_SURFACE ( 'NONE', #1371, 1.175240473580833944 ) ;
#3141 = CARTESIAN_POINT ( 'NONE',  ( 3.469446951953614820E-14, -1.175240473580821954, -3.500000000000444977 ) ) ;
#3142 = ORIENTED_EDGE ( 'NONE', *, *, #458, .T. ) ;
#3143 = ORIENTED_EDGE ( 'NONE', *, *, #2160, .T. ) ;
#3144 = CARTESIAN_POINT ( 'NONE',  ( -1.499999999999982014, -3.346687832250929901E-14, -4.875000000000000000 ) ) ;
#3145 = ORIENTED_EDGE ( 'NONE', *, *, #3100, .T. ) ;
#3146 = PLANE ( 'NONE',  #502 ) ;
#3147 = CARTESIAN_POINT ( 'NONE',  ( -1.299038105676650012, -0.7500000000001010303, -1.333333333333464044 ) ) ;
#3148 = CARTESIAN_POINT ( 'NONE',  ( -1.500000000000002220, 0.4019237886466516807, -0.9598290993691973583 ) ) ;
#3149 = CARTESIAN_POINT ( 'NONE',  ( 1.357050807568884299, 7.611727300268274581E-14, -2.937499999999966249 ) ) ;
#3150 = DIRECTION ( 'NONE',  ( 1.000000000000000000, -8.326672684688686872E-16, 1.892425610156516974E-15 ) ) ;
#3151 = CARTESIAN_POINT ( 'NONE',  ( 1.357050807568907391, 5.208023942288818554E-14, -0.9375000000000203171 ) ) ;
#3152 = CARTESIAN_POINT ( 'NONE',  ( 1.499999999999998890, -0.4019237886467092458, -0.6473290993695067774 ) ) ;
#3153 = CARTESIAN_POINT ( 'NONE',  ( 0.6785254037843982955, 1.175240473580775102, -1.791666666666534180 ) ) ;
#3154 = CARTESIAN_POINT ( 'NONE',  ( -0.6785254037844421493, 1.175240473580814404, -3.208333333333490245 ) ) ;
#3155 = ORIENTED_EDGE ( 'NONE', *, *, #1314, .T. ) ;
#3156 = ORIENTED_EDGE ( 'NONE', *, *, #801, .F. ) ;
#3157 = CARTESIAN_POINT ( 'NONE',  ( 1.500000000000000000, 0.4019237886466646148, -0.6651709006309947103 ) ) ;
#3158 = ORIENTED_EDGE ( 'NONE', *, *, #2077, .T. ) ;
#3159 = ADVANCED_FACE ( 'NONE', ( #1523 ), #2991, .T. ) ;
#3160 = DIRECTION ( 'NONE',  ( -1.000000000000000000, 8.326672684688679970E-16, -2.150996698587985373E-15 ) ) ;
#3161 = CARTESIAN_POINT ( 'NONE',  ( -3.816391647148974346E-14, 1.499999999999946043, -0.5000000000000560663 ) ) ;
#3162 = CARTESIAN_POINT ( 'NONE',  ( 0.6785254037844780095, -1.175240473580770661, -0.02083333333358446809 ) ) ;
#3163 = CARTESIAN_POINT ( 'NONE',  ( 2.449999999999999734, -5.319574477260259018E-15, -4.999999999999739764 ) ) ;
#3164 = CARTESIAN_POINT ( 'NONE',  ( -1.499999999999996669, -0.4019237886467419973, -2.352670900630863482 ) ) ;
#3165 = ADVANCED_FACE ( 'NONE', ( #1004 ), #3418, .F. ) ;
#3166 = CARTESIAN_POINT ( 'NONE',  ( -1.175240473580824840, 0.3149047358083221781, -0.6473290993694756912 ) ) ;
#3167 = CARTESIAN_POINT ( 'NONE',  ( -1.017788105676673993, -0.5876202367904629353, 0.3541666666664889940 ) ) ;
#3168 = CARTESIAN_POINT ( 'NONE',  ( -1.175240473580813738, 0.3149047358083188475, -2.147329099369513106 ) ) ;
#3169 = CARTESIAN_POINT ( 'NONE',  ( -1.734723475976804570E-14, 1.175240473580789979, -3.749999999999645173 ) ) ;
#3170 = ORIENTED_EDGE ( 'NONE', *, *, #3198, .F. ) ;
#3171 = VERTEX_POINT ( 'NONE', #1424 ) ;
#3172 = CARTESIAN_POINT ( 'NONE',  ( 0.8660254037844152819, 1.499999999999934941, -5.041666666666810848 ) ) ;
#3173 = FACE_OUTER_BOUND ( 'NONE', #2184, .T. ) ;
#3174 = ORIENTED_EDGE ( 'NONE', *, *, #3417, .F. ) ;
#3175 = CARTESIAN_POINT ( 'NONE',  ( 1.249999999999984013, 2.165063509461075064, -7.099999999999829114 ) ) ;
#3176 = CARTESIAN_POINT ( 'NONE',  ( -0.8660254037844384856, 1.499999999999951150, 0.04166666666646388212 ) ) ;
#3177 = CARTESIAN_POINT ( 'NONE',  ( 0.9212404735808339407, -6.542673690179430751E-16, 1.981585217278004674E-15 ) ) ;
#3178 = CARTESIAN_POINT ( 'NONE',  ( -0.8660254037844384856, 1.500000000000032196, -4.020833333333539095 ) ) ;
#3179 = CARTESIAN_POINT ( 'NONE',  ( 1.299038105676622035, -0.7500000000000289768, -4.666666666666760221 ) ) ;
#3180 = CARTESIAN_POINT ( 'NONE',  ( -0.6785254037844226094, -1.175240473580819067, -3.104166666666908103 ) ) ;
#3181 = CARTESIAN_POINT ( 'NONE',  ( -2.750000000000000000, -2.517097203334599938E-14, -5.299999999999680078 ) ) ;
#3182 = CARTESIAN_POINT ( 'NONE',  ( 1.500000000000000222, -4.218221121899604448E-14, -0.6875000000002829958 ) ) ;
#3183 = VECTOR ( 'NONE', #1419, 1000.000000000000000 ) ;
#3184 = CARTESIAN_POINT ( 'NONE',  ( -2.081668171172170091E-14, 1.175240473580793976, -0.3124999999998270273 ) ) ;
#3185 = DIRECTION ( 'NONE',  ( 1.000000000000000000, -8.326672684688661234E-16, 2.312964634635742661E-15 ) ) ;
#3186 = VECTOR ( 'NONE', #3044, 1000.000000000000000 ) ;
#3187 = DIRECTION ( 'NONE',  ( -2.312964634635745422E-15, -2.400530044109874854E-17, 1.000000000000000000 ) ) ;
#3188 = CARTESIAN_POINT ( 'NONE',  ( -1.250000000000000000, -0.7216878364870470408, -7.100000000000000533 ) ) ;
#3189 = AXIS2_PLACEMENT_3D ( 'NONE', #3502, #2687, #1020 ) ;
#3190 = EDGE_LOOP ( 'NONE', ( #943, #2993, #1115, #3199 ) ) ;
#3191 = VERTEX_POINT ( 'NONE', #2519 ) ;
#3192 = CIRCLE ( 'NONE', #3530, 2.449999999999999734 ) ;
#3193 = CARTESIAN_POINT ( 'NONE',  ( -1.250000000000000000, -0.7216878364870470408, -7.100000000000000533 ) ) ;
#3194 = CARTESIAN_POINT ( 'NONE',  ( 0.8660254037844233865, 1.499999999999969358, -3.104166666666781538 ) ) ;
#3195 = ORIENTED_EDGE ( 'NONE', *, *, #774, .F. ) ;
#3196 = CARTESIAN_POINT ( 'NONE',  ( 1.017788105676654009, -0.5876202367904069801, -4.979166666666479557 ) ) ;
#3197 =( BOUNDED_CURVE ( )  B_SPLINE_CURVE ( 2, ( #1169, #44, #2268, #3385, #1718, #2848, #2026, #1508, #3489 ),
 .UNSPECIFIED., .F., .F. ) 
 B_SPLINE_CURVE_WITH_KNOTS ( ( 3, 2, 2, 2, 3 ),
 ( 0.5576923076923080425, 0.5641025641025639858, 0.5769230769230769829, 0.5897435897435899799, 0.5961538461538470335 ),
 .UNSPECIFIED. ) 
 CURVE ( )  GEOMETRIC_REPRESENTATION_ITEM ( )  RATIONAL_B_SPLINE_CURVE ( ( 0.9330127018922189652, 0.9330127018922219628, 1.000000000000000000, 0.8660254037844389297, 1.000000000000000000, 0.8660254037844389297, 1.000000000000000000, 0.9330127018922159676, 0.9330127018922189652 ) ) 
 REPRESENTATION_ITEM ( '' )  );
#3198 = EDGE_CURVE ( 'NONE', #1820, #735, #301, .T. ) ;
#3199 = ORIENTED_EDGE ( 'NONE', *, *, #1779, .T. ) ;
#3200 = CARTESIAN_POINT ( 'NONE',  ( 1.017788105676656008, -0.5876202367904870272, 0.08333333333354620009 ) ) ;
#3201 = CARTESIAN_POINT ( 'NONE',  ( -1.175240473580821954, -2.556497649636124948E-15, -2.625000000000000000 ) ) ;
#3202 = CARTESIAN_POINT ( 'NONE',  ( 6.938893903907229955E-15, -1.499999999999960032, -0.8124999999998829825 ) ) ;
#3203 = DIRECTION ( 'NONE',  ( -3.647064326199800396E-15, 2.400530044110370049E-17, -1.000000000000000000 ) ) ;
#3204 = DIRECTION ( 'NONE',  ( 0.8660254037844387076, -0.4999999999999998890, 1.829581234990194672E-15 ) ) ;
#3205 = DIRECTION ( 'NONE',  ( -3.647064326199800396E-15, 2.400530044110370049E-17, -1.000000000000000000 ) ) ;
#3206 = CARTESIAN_POINT ( 'NONE',  ( -0.6785254037844146158, -1.175240473580812184, -2.604166666666907659 ) ) ;
#3207 = EDGE_CURVE ( 'NONE', #1505, #3415, #667, .T. ) ;
#3208 = LINE ( 'NONE', #3188, #1720 ) ;
#3209 = DIRECTION ( 'NONE',  ( 2.403703357979455239E-15, 2.400530044109864685E-17, -1.000000000000000000 ) ) ;
#3210 = ORIENTED_EDGE ( 'NONE', *, *, #1315, .F. ) ;
#3211 = ORIENTED_EDGE ( 'NONE', *, *, #2505, .F. ) ;
#3212 = CARTESIAN_POINT ( 'NONE',  ( -0.6785254037844146158, -1.175240473580819067, -4.604166666666914765 ) ) ;
#3213 = CARTESIAN_POINT ( 'NONE',  ( 0.8660254037844108410, 1.499999999999944267, -3.041666666666796193 ) ) ;
#3214 = ADVANCED_FACE ( 'NONE', ( #1960 ), #2063, .F. ) ;
#3215 = CARTESIAN_POINT ( 'NONE',  ( 0.8660254037844233865, 1.499999999999967137, -2.041666666666794416 ) ) ;
#3216 = CARTESIAN_POINT ( 'NONE',  ( 1.299038105676610044, 0.7499999999999870104, -3.145833333332795245 ) ) ;
#3217 = VERTEX_POINT ( 'NONE', #1225 ) ;
#3218 = CARTESIAN_POINT ( 'NONE',  ( -0.2850991033237995076, -1.410747982652049481, -0.3627043738424189923 ) ) ;
#3219 = ORIENTED_EDGE ( 'NONE', *, *, #1738, .F. ) ;
#3220 = CARTESIAN_POINT ( 'NONE',  ( -1.175240473580813516, 0.3149047358083203463, -3.647329099369246652 ) ) ;
#3221 = CARTESIAN_POINT ( 'NONE',  ( -1.299038105676654009, -0.7500000000000840439, -5.395833333333429849 ) ) ;
#3222 = CARTESIAN_POINT ( 'NONE',  ( -5.551115123125779547E-14, 1.499999999999946043, -4.499999999999670486 ) ) ;
#3223 = CARTESIAN_POINT ( 'NONE',  ( 3.816391647148974346E-14, -1.175240473580821954, -1.062499999999966027 ) ) ;
#3224 = CARTESIAN_POINT ( 'NONE',  ( -2.775557561562889773E-14, -2.775557561562889773E-14, -0.4052517832093814887 ) ) ;
#3225 = DATE_TIME_ROLE ( 'creation_date' ) ;
#3226 = DIRECTION ( 'NONE',  ( -2.312964634635745422E-15, -2.400530044109874854E-17, 1.000000000000000000 ) ) ;
#3227 = CARTESIAN_POINT ( 'NONE',  ( -1.333303921434511485, -0.2993721255891163557, -4.999999999999732658 ) ) ;
#3228 = ORIENTED_EDGE ( 'NONE', *, *, #2945, .T. ) ;
#3229 = VERTEX_POINT ( 'NONE', #1726 ) ;
#3230 = CARTESIAN_POINT ( 'NONE',  ( -1.017788105676646015, -0.5876202367904750368, -4.645833333333070136 ) ) ;
#3231 = CARTESIAN_POINT ( 'NONE',  ( -0.6785254037844308250, -1.175240473580828393, -1.541666666666983154 ) ) ;
#3232 = CARTESIAN_POINT ( 'NONE',  ( 1.175240473580833944, -0.3149047358083496007, -1.959829099369137184 ) ) ;
#3233 = CARTESIAN_POINT ( 'NONE',  ( -0.8660254037844834496, 1.499999999999969358, -1.520833333333527326 ) ) ;
#3234 = ORIENTED_EDGE ( 'NONE', *, *, #1665, .T. ) ;
#3235 = CARTESIAN_POINT ( 'NONE',  ( 0.2051055225427117212, -1.403951628274527019, -0.3484222968826412581 ) ) ;
#3236 = ORIENTED_EDGE ( 'NONE', *, *, #468, .T. ) ;
#3237 = DIRECTION ( 'NONE',  ( -0.4999999999999995004, -0.8660254037844390407, -1.133065741598338954E-15 ) ) ;
#3238 = DIRECTION ( 'NONE',  ( 1.000000000000000000, -8.326672684688661234E-16, 2.312964634635742661E-15 ) ) ;
#3239 = CARTESIAN_POINT ( 'NONE',  ( -1.299038105676664001, -0.7500000000000720535, -4.395833333333544424 ) ) ;
#3240 = CARTESIAN_POINT ( 'NONE',  ( 1.357050807568895845, 3.405246423804224482E-14, -1.937500000000022427 ) ) ;
#3241 = CARTESIAN_POINT ( 'NONE',  ( 0.000000000000000000, 0.000000000000000000, 0.000000000000000000 ) ) ;
#3242 = CARTESIAN_POINT ( 'NONE',  ( 2.750000000000000000, -3.008741987969019710E-14, -5.299999999999699618 ) ) ;
#3243 = CARTESIAN_POINT ( 'NONE',  ( -1.500000000000000000, 0.4019237886466591747, -2.459829099368993077 ) ) ;
#3244 = CARTESIAN_POINT ( 'NONE',  ( 0.6785254037844387076, 1.175240473580814404, -0.8541666666665164165 ) ) ;
#3245 = CARTESIAN_POINT ( 'NONE',  ( -1.499999999999986011, -4.276323341209519156E-14, -2.874999999999940048 ) ) ;
#3246 = CARTESIAN_POINT ( 'NONE',  ( -3.816391647148974346E-14, 1.499999999999988010, -4.062499999999804601 ) ) ;
#3247 = EDGE_CURVE ( 'NONE', #1131, #324, #1778, .T. ) ;
#3248 = CARTESIAN_POINT ( 'NONE',  ( -1.110299343261363481, -0.7062487219750956946, -4.999999999999733546 ) ) ;
#3249 = EDGE_LOOP ( 'NONE', ( #910, #2717, #1152, #3466 ) ) ;
#3250 = ORIENTED_EDGE ( 'NONE', *, *, #3275, .F. ) ;
#3251 = CARTESIAN_POINT ( 'NONE',  ( -0.8660254037844384856, 1.500000000000036637, -3.520833333333539095 ) ) ;
#3252 = CARTESIAN_POINT ( 'NONE',  ( -0.8660254037844384856, 1.500000000000036637, -3.520833333333539095 ) ) ;
#3253 = LOCAL_TIME ( 18, 50, 30.00000000000000000, #1693 ) ;
#3254 = CARTESIAN_POINT ( 'NONE',  ( -1.017788105676666000, 0.5876202367903660129, -4.229166666666451135 ) ) ;
#3255 = CONICAL_SURFACE ( 'NONE', #800, 2.750000000000000000, 0.7853981633974511656 ) ;
#3256 = CARTESIAN_POINT ( 'NONE',  ( 2.081668171172170091E-14, -1.500000000000070166, -3.250000000000139888 ) ) ;
#3257 = CARTESIAN_POINT ( 'NONE',  ( 1.175240473580833944, -8.346588265106930416E-16, 2.527938378719355031E-15 ) ) ;
#3258 = CARTESIAN_POINT ( 'NONE',  ( 0.08320569361163085431, -1.422365037568690704, -0.3518955587142648667 ) ) ;
#3259 = VERTEX_POINT ( 'NONE', #1878 ) ;
#3260 = DIRECTION ( 'NONE',  ( 2.150996698587985373E-15, 2.400530044109884714E-17, -1.000000000000000000 ) ) ;
#3261 = CARTESIAN_POINT ( 'NONE',  ( -3.469446951953614820E-14, 1.499999999999932054, -5.562499999999639400 ) ) ;
#3262 = DIRECTION ( 'NONE',  ( 0.4999999999999995004, 0.8660254037844390407, 1.133065741598319035E-15 ) ) ;
#3263 = LINE ( 'NONE', #2147, #3464 ) ;
#3264 =( BOUNDED_CURVE ( )  B_SPLINE_CURVE ( 2, ( #2696, #2, #1097, #3320, #828, #212, #3074, #3353, #868 ),
 .UNSPECIFIED., .F., .F. ) 
 B_SPLINE_CURVE_WITH_KNOTS ( ( 3, 2, 2, 2, 3 ),
 ( 0.6346153846153849143, 0.6410256410256410797, 0.6538461538461540767, 0.6666666666666670737, 0.6730769230769230171 ),
 .UNSPECIFIED. ) 
 CURVE ( )  GEOMETRIC_REPRESENTATION_ITEM ( )  RATIONAL_B_SPLINE_CURVE ( ( 0.9330127018922189652, 0.9330127018922219628, 1.000000000000000000, 0.8660254037844389297, 1.000000000000000000, 0.8660254037844389297, 1.000000000000000000, 0.9330127018922199644, 0.9330127018922189652 ) ) 
 REPRESENTATION_ITEM ( '' )  );
#3265 = CARTESIAN_POINT ( 'NONE',  ( 1.175240473580837941, -1.743066579297359981E-15, -2.437499999999885425 ) ) ;
#3266 = CARTESIAN_POINT ( 'NONE',  ( -1.500000000000000000, -3.997432688521939665E-14, -0.8750000000000000000 ) ) ;
#3267 = CARTESIAN_POINT ( 'NONE',  ( -1.050943903832902038, 1.070288237343714144, -4.999999999999840128 ) ) ;
#3268 = ORIENTED_EDGE ( 'NONE', *, *, #3347, .T. ) ;
#3269 = ORIENTED_EDGE ( 'NONE', *, *, #1171, .F. ) ;
#3270 = CARTESIAN_POINT ( 'NONE',  ( 0.000000000000000000, -1.734723475976804570E-14, -7.099999999999718980 ) ) ;
#3271 = CARTESIAN_POINT ( 'NONE',  ( -1.249999999999997558, 0.06029729544507235472, -8.306624327025442511 ) ) ;
#3272 = ORIENTED_EDGE ( 'NONE', *, *, #2932, .T. ) ;
#3273 = EDGE_CURVE ( 'NONE', #2680, #1170, #842, .T. ) ;
#3274 = CARTESIAN_POINT ( 'NONE',  ( 1.357050807568874973, 7.411418687103321648E-14, -3.937499999999967137 ) ) ;
#3275 = EDGE_CURVE ( 'NONE', #290, #1394, #2535, .T. ) ;
#3276 = DIRECTION ( 'NONE',  ( -3.647064326199800396E-15, 2.400530044110370049E-17, -1.000000000000000000 ) ) ;
#3277 = CARTESIAN_POINT ( 'NONE',  ( 0.6785254037845103170, -1.175240473580786649, -2.520833333333595050 ) ) ;
#3278 = CARTESIAN_POINT ( 'NONE',  ( -3.469446951953614820E-14, 1.499999999999918066, -0.5625000000001318945 ) ) ;
#3279 = CARTESIAN_POINT ( 'NONE',  ( 3.469446951953614978E-15, -3.469446951953614978E-15, -5.299999999999690736 ) ) ;
#3280 = ORIENTED_EDGE ( 'NONE', *, *, #3313, .T. ) ;
#3281 = CARTESIAN_POINT ( 'NONE',  ( -1.299038105676677990, 0.7499999999999870104, -3.479166666666200225 ) ) ;
#3282 = CARTESIAN_POINT ( 'NONE',  ( -1.249999999999997558, 0.3398860005248647287, -8.351965989113779187 ) ) ;
#3283 = CARTESIAN_POINT ( 'NONE',  ( -1.299038105676669996, 0.7499999999999590328, -1.479166666666476004 ) ) ;
#3284 = CARTESIAN_POINT ( 'NONE',  ( 2.081668171172170091E-14, -3.989863994746654424E-14, -4.999999999999729994 ) ) ;
#3285 = CARTESIAN_POINT ( 'NONE',  ( 0.1878044958225418004, -1.407126649786963668, -0.3489144528596690442 ) ) ;
#3286 = ORIENTED_EDGE ( 'NONE', *, *, #42, .T. ) ;
#3287 = CARTESIAN_POINT ( 'NONE',  ( 0.6785254037844549169, -1.175240473580786649, -1.458333333333607262 ) ) ;
#3288 = CARTESIAN_POINT ( 'NONE',  ( -0.6785254037844226094, 1.175240473580830836, -1.770833333333461823 ) ) ;
#3289 = CARTESIAN_POINT ( 'NONE',  ( 0.8660254037844556940, -1.499999999999972022, -5.208333333333561299 ) ) ;
#3290 = DIRECTION ( 'NONE',  ( 2.150996698587985373E-15, 2.400530044109884714E-17, -1.000000000000000000 ) ) ;
#3291 = CARTESIAN_POINT ( 'NONE',  ( 1.175240473580830836, 0.3149047358083628123, -0.9151709006306218974 ) ) ;
#3292 = DIRECTION ( 'NONE',  ( -2.312964634635745422E-15, -2.400530044109874854E-17, 1.000000000000000000 ) ) ;
#3293 = CARTESIAN_POINT ( 'NONE',  ( -1.249999999999988010, -2.671938357171749619E-14, -8.306624327025490473 ) ) ;
#3294 = ORIENTED_EDGE ( 'NONE', *, *, #2145, .F. ) ;
#3295 = CARTESIAN_POINT ( 'NONE',  ( -1.250000000000000000, -7.181755190543980109E-14, -6.099999999999609734 ) ) ;
#3296 = ORIENTED_EDGE ( 'NONE', *, *, #712, .T. ) ;
#3297 = CIRCLE ( 'NONE', #172, 1.250000000000000000 ) ;
#3298 = CIRCLE ( 'NONE', #2476, 1.443375672974063884 ) ;
#3299 = DIRECTION ( 'NONE',  ( 2.081668171172170091E-15, 2.400530044109889953E-17, -1.000000000000000000 ) ) ;
#3300 = AXIS2_PLACEMENT_3D ( 'NONE', #1890, #2971, #1036 ) ;
#3301 = ORIENTED_EDGE ( 'NONE', *, *, #1454, .F. ) ;
#3302 = CARTESIAN_POINT ( 'NONE',  ( -1.175240473580819955, 0.3149047358083160164, -4.647329099369186700 ) ) ;
#3303 = CARTESIAN_POINT ( 'NONE',  ( -1.387778780781445991E-14, 1.175240473580779987, -1.749999999999805045 ) ) ;
#3304 = CARTESIAN_POINT ( 'NONE',  ( 0.6785254037844388186, 1.175240473580814404, -1.854166666666519747 ) ) ;
#3305 = CC_DESIGN_SECURITY_CLASSIFICATION ( #1207, ( #2065 ) ) ;
#3306 = VECTOR ( 'NONE', #1275, 1000.000000000000000 ) ;
#3307 = CARTESIAN_POINT ( 'NONE',  ( 0.8660254037844153929, 1.500000000000011102, -1.041666666666788421 ) ) ;
#3308 = CARTESIAN_POINT ( 'NONE',  ( 6.938893903907229955E-15, -2.775557561562889773E-14, -8.499999999999559464 ) ) ;
#3309 = CARTESIAN_POINT ( 'NONE',  ( 0.8660254037844152819, 1.500000000000009104, -0.1041666666667685759 ) ) ;
#3310 = DIRECTION ( 'NONE',  ( 2.403703357979455239E-15, 2.400530044109864685E-17, -1.000000000000000000 ) ) ;
#3311 = CYLINDRICAL_SURFACE ( 'NONE', #6, 1.500000000000000000 ) ;
#3312 = ORIENTED_EDGE ( 'NONE', *, *, #1477, .T. ) ;
#3313 = EDGE_CURVE ( 'NONE', #224, #288, #3016, .T. ) ;
#3314 = CARTESIAN_POINT ( 'NONE',  ( 0.000000000000000000, 0.000000000000000000, 0.000000000000000000 ) ) ;
#3315 = ORIENTED_EDGE ( 'NONE', *, *, #1183, .F. ) ;
#3316 = CARTESIAN_POINT ( 'NONE',  ( 2.775557561562889773E-14, -1.500000000000085043, -1.749999999999805045 ) ) ;
#3317 = EDGE_CURVE ( 'NONE', #778, #2845, #3263, .T. ) ;
#3318 = SECURITY_CLASSIFICATION_LEVEL ( 'unclassified' ) ;
#3319 = B_SPLINE_CURVE_WITH_KNOTS ( 'NONE', 3,
 ( #1317, #3271, #1258, #994, #2088, #3282, #3011, #802, #3579, #2264 ),
 .UNSPECIFIED., .F., .F.,
 ( 4, 1, 1, 2, 2, 4 ),
 ( 0.000000000000000000, 0.2500000000000014988, 0.3750000000000022204, 0.4375000000000033307, 0.5000000000000044409, 1.000000000000000000 ),
 .UNSPECIFIED. ) ;
#3320 = CARTESIAN_POINT ( 'NONE',  ( 0.8660254037844951069, -1.500000000000043077, -3.708333333333554194 ) ) ;
#3321 = CARTESIAN_POINT ( 'NONE',  ( -0.9625207263021797743, -1.114782278718127850, -0.3858268632570225343 ) ) ;
#3322 = CARTESIAN_POINT ( 'NONE',  ( -0.6785254037844065111, -1.175240473580802858, -4.541666666666931640 ) ) ;
#3323 = UNCERTAINTY_MEASURE_WITH_UNIT (LENGTH_MEASURE( 1.000000000000000082E-05 ), #1149, 'distance_accuracy_value', 'NONE');
#3324 = ORIENTED_EDGE ( 'NONE', *, *, #1066, .F. ) ;
#3325 = DIRECTION ( 'NONE',  ( 2.403703357979455239E-15, 2.400530044109864685E-17, -1.000000000000000000 ) ) ;
#3326 = CARTESIAN_POINT ( 'NONE',  ( 1.387778780781445991E-14, -1.500000000000060174, -4.249999999999809930 ) ) ;
#3327 = CARTESIAN_POINT ( 'NONE',  ( 2.081668171172170091E-14, -3.989863994746654424E-14, -4.999999999999729994 ) ) ;
#3328 = CARTESIAN_POINT ( 'NONE',  ( 2.081668171172170091E-14, -1.499999999999988010, -2.750000000000194955 ) ) ;
#3329 = CARTESIAN_POINT ( 'NONE',  ( 2.081668171172170091E-14, -3.989863994746654424E-14, -4.999999999999729994 ) ) ;
#3330 = EDGE_LOOP ( 'NONE', ( #2711, #571, #3236, #3125, #1383, #2215 ) ) ;
#3331 = CARTESIAN_POINT ( 'NONE',  ( -0.6785254037844699049, 1.175240473580823730, -4.270833333333476922 ) ) ;
#3332 = CARTESIAN_POINT ( 'NONE',  ( 1.500000000000000222, -4.102016683279785130E-14, -2.187500000000260236 ) ) ;
#3333 = ORIENTED_EDGE ( 'NONE', *, *, #1261, .T. ) ;
#3334 = CARTESIAN_POINT ( 'NONE',  ( -1.499999999999982236, -0.4019237886467276200, -1.415170900630802642 ) ) ;
#3335 = DIRECTION ( 'NONE',  ( 2.150996698587985373E-15, 2.400530044109884714E-17, -1.000000000000000000 ) ) ;
#3336 = CARTESIAN_POINT ( 'NONE',  ( 0.000000000000000000, 0.000000000000000000, 0.000000000000000000 ) ) ;
#3337 = EDGE_CURVE ( 'NONE', #2417, #1505, #2674, .T. ) ;
#3338 = ORIENTED_EDGE ( 'NONE', *, *, #2100, .F. ) ;
#3339 = CARTESIAN_POINT ( 'NONE',  ( 1.283018322675476330, -0.05527397092258638095, -4.999999999999727329 ) ) ;
#3340 = CARTESIAN_POINT ( 'NONE',  ( 1.299038105676630028, 0.7499999999999891198, -2.583333333332769932 ) ) ;
#3341 = CARTESIAN_POINT ( 'NONE',  ( 1.500000000000000222, -4.102016683279785130E-14, -0.6250000000002490230 ) ) ;
#3342 = CARTESIAN_POINT ( 'NONE',  ( -1.175240473580860590, -0.3149047358083623682, -2.102670900630936757 ) ) ;
#3343 = CARTESIAN_POINT ( 'NONE',  ( -2.081668171172170091E-14, 1.443375672974021917, -7.099999999999389466 ) ) ;
#3344 = CARTESIAN_POINT ( 'NONE',  ( 1.175240473580820399, -0.3149047358083590931, -4.897329099369238214 ) ) ;
#3345 = COORDINATED_UNIVERSAL_TIME_OFFSET ( 10, 0, .AHEAD. ) ;
#3346 = ORIENTED_EDGE ( 'NONE', *, *, #2554, .T. ) ;
#3347 = EDGE_CURVE ( 'NONE', #2938, #1787, #2924, .T. ) ;
#3348 =( BOUNDED_CURVE ( )  B_SPLINE_CURVE ( 2, ( #1430, #704, #1268, #2376, #1826, #78, #2254, #1522, #1806 ),
 .UNSPECIFIED., .F., .F. ) 
 B_SPLINE_CURVE_WITH_KNOTS ( ( 3, 2, 2, 2, 3 ),
 ( 0.7115384615384620082, 0.7179487179487179516, 0.7307692307692310596, 0.7435897435897440566, 0.7500000000000000000 ),
 .UNSPECIFIED. ) 
 CURVE ( )  GEOMETRIC_REPRESENTATION_ITEM ( )  RATIONAL_B_SPLINE_CURVE ( ( 0.9330127018922189652, 0.9330127018922239612, 1.000000000000000000, 0.8660254037844389297, 1.000000000000000000, 0.8660254037844389297, 1.000000000000000000, 0.9330127018922189652, 0.9330127018922189652 ) ) 
 REPRESENTATION_ITEM ( '' )  );
#3349 = CARTESIAN_POINT ( 'NONE',  ( 1.299038105676636023, 0.7499999999999450440, -2.145833333333289961 ) ) ;
#3350 = EDGE_LOOP ( 'NONE', ( #3088, #64, #3577, #136 ) ) ;
#3351 = VERTEX_POINT ( 'NONE', #1038 ) ;
#3352 = CARTESIAN_POINT ( 'NONE',  ( -1.017788105676654009, 0.5876202367903210488, -4.166666666666374752 ) ) ;
#3353 = CARTESIAN_POINT ( 'NONE',  ( -1.499999999999989342, -0.4019237886467443843, -3.852670900630896345 ) ) ;
#3354 = DIRECTION ( 'NONE',  ( -2.144897242475215084E-15, -2.400530044211744838E-17, 1.000000000000000000 ) ) ;
#3355 = ORIENTED_EDGE ( 'NONE', *, *, #2897, .T. ) ;
#3356 = CARTESIAN_POINT ( 'NONE',  ( 1.016068709005599313, -0.6608488016772939844, -4.999999999999726441 ) ) ;
#3357 = EDGE_CURVE ( 'NONE', #58, #3396, #328, .T. ) ;
#3358 = CARTESIAN_POINT ( 'NONE',  ( 1.249999999999976019, 0.7216878364870169538, -8.499999999999339195 ) ) ;
#3359 = AXIS2_PLACEMENT_3D ( 'NONE', #3503, #2459, #837 ) ;
#3360 = DIRECTION ( 'NONE',  ( 0.8660254037844390407, 0.4999999999999995004, 1.896054333877113421E-15 ) ) ;
#3361 = CIRCLE ( 'NONE', #1265, 2.750000000000000000 ) ;
#3362 = EDGE_CURVE ( 'NONE', #1976, #2155, #207, .T. ) ;
#3363 = CARTESIAN_POINT ( 'NONE',  ( 1.017788105676620036, 0.5876202367903879953, -1.895833333333095005 ) ) ;
#3364 = CARTESIAN_POINT ( 'NONE',  ( 6.938893903907229955E-15, -2.775557561562889773E-14, -8.499999999999559464 ) ) ;
#3365 = CARTESIAN_POINT ( 'NONE',  ( 1.175240473580830169, -4.067155351693835485E-15, -3.374999999999855227 ) ) ;
#3366 = CARTESIAN_POINT ( 'NONE',  ( 1.175240473580848377, -0.3149047358083822412, -0.4598290993691062090 ) ) ;
#3367 = ORIENTED_EDGE ( 'NONE', *, *, #3091, .T. ) ;
#3368 = VERTEX_POINT ( 'NONE', #3245 ) ;
#3369 = PERSON_AND_ORGANIZATION_ROLE ( 'design_supplier' ) ;
#3370 = CARTESIAN_POINT ( 'NONE',  ( -7.285838599102588534E-14, 1.500000000000055067, -4.562499999999749534 ) ) ;
#3371 = CARTESIAN_POINT ( 'NONE',  ( -0.7934707246857954921, -1.229515169631308913, -0.3795113597292156249 ) ) ;
#3372 = ORIENTED_EDGE ( 'NONE', *, *, #2675, .T. ) ;
#3373 = CARTESIAN_POINT ( 'NONE',  ( -0.6250000000000079936, 1.082531754730498008, -7.099999999999389466 ) ) ;
#3374 = CARTESIAN_POINT ( 'NONE',  ( -2.081668171172170091E-14, 1.499999999999986011, -4.999999999999840128 ) ) ;
#3375 = CARTESIAN_POINT ( 'NONE',  ( -1.500000000000000222, -3.765023811282295349E-14, -0.4375000000000109357 ) ) ;
#3376 = CARTESIAN_POINT ( 'NONE',  ( -1.175240473580843936, 1.568759921367624969E-15, -2.187500000000230038 ) ) ;
#3377 = EDGE_CURVE ( 'NONE', #1896, #1871, #1808, .T. ) ;
#3378 = CARTESIAN_POINT ( 'NONE',  ( 1.250000000000000000, -0.7216878364870999985, -8.499999999999900524 ) ) ;
#3379 = DIRECTION ( 'NONE',  ( -2.081668171172170091E-15, -2.400530044109889953E-17, 1.000000000000000000 ) ) ;
#3380 = CARTESIAN_POINT ( 'NONE',  ( 1.175240473580843048, 0.3149047358083529868, -4.415170900630483786 ) ) ;
#3381 = FACE_OUTER_BOUND ( 'NONE', #1941, .T. ) ;
#3382 = CARTESIAN_POINT ( 'NONE',  ( 0.6785254037844780095, -1.175240473580819067, -3.458333333333553306 ) ) ;
#3383 = CYLINDRICAL_SURFACE ( 'NONE', #2775, 1.500000000000000000 ) ;
#3384 = ORIENTED_EDGE ( 'NONE', *, *, #3123, .F. ) ;
#3385 = CARTESIAN_POINT ( 'NONE',  ( 0.6785254037844860031, -1.175240473580886125, -2.958333333333547088 ) ) ;
#3386 = ORIENTED_EDGE ( 'NONE', *, *, #2216, .T. ) ;
#3387 = DIRECTION ( 'NONE',  ( -1.000000000000000000, 8.326672684688679970E-16, -2.150996698587985373E-15 ) ) ;
#3388 = EDGE_CURVE ( 'NONE', #2378, #1896, #1434, .T. ) ;
#3389 = DIRECTION ( 'NONE',  ( 2.150996698587985373E-15, 2.400530044109884714E-17, -1.000000000000000000 ) ) ;
#3390 = CARTESIAN_POINT ( 'NONE',  ( -4.857225732735059864E-14, 1.499999999999946043, -3.062499999999470202 ) ) ;
#3391 = DIRECTION ( 'NONE',  ( -2.124151195073645091E-15, -2.400530044109889953E-17, 1.000000000000000000 ) ) ;
#3392 = FACE_OUTER_BOUND ( 'NONE', #2137, .T. ) ;
#3393 = ADVANCED_FACE ( 'NONE', ( #1069 ), #1719, .T. ) ;
#3394 = CARTESIAN_POINT ( 'NONE',  ( 6.938893903907229955E-15, -2.775557561562889773E-14, -8.499999999999559464 ) ) ;
#3395 = CARTESIAN_POINT ( 'NONE',  ( -1.017788105676673993, -0.5876202367904730384, -3.583333333333105220 ) ) ;
#3396 = VERTEX_POINT ( 'NONE', #2653 ) ;
#3397 = DIRECTION ( 'NONE',  ( -1.000000000000000000, 8.326672684688669123E-16, -2.081668171172168513E-15 ) ) ;
#3398 = CARTESIAN_POINT ( 'NONE',  ( -1.299038105676677990, 0.7499999999999870104, -4.479166666666314356 ) ) ;
#3399 = ORIENTED_EDGE ( 'NONE', *, *, #1314, .F. ) ;
#3400 = DIRECTION ( 'NONE',  ( -3.647064326199800396E-15, 2.400530044110370049E-17, -1.000000000000000000 ) ) ;
#3401 = CARTESIAN_POINT ( 'NONE',  ( 1.732050807568876971, -1.402160292154680474E-14, -1.125000000000486500 ) ) ;
#3402 = CARTESIAN_POINT ( 'NONE',  ( -1.357050807568856543, -4.006172263299091486E-14, -2.125000000000233147 ) ) ;
#3403 = VECTOR ( 'NONE', #1412, 1000.000000000000000 ) ;
#3404 = CARTESIAN_POINT ( 'NONE',  ( 1.357050807568900508, 5.808949781783680509E-14, -1.437500000000021982 ) ) ;
#3405 = CARTESIAN_POINT ( 'NONE',  ( 1.175240473580830169, -0.3149047358083421067, -3.897329099369171601 ) ) ;
#3406 = CARTESIAN_POINT ( 'NONE',  ( 0.8660254037844790087, -1.500000000000013545, -3.770833333333602155 ) ) ;
#3407 = AXIS2_PLACEMENT_3D ( 'NONE', #142, #2321, #3435 ) ;
#3408 = LINE ( 'NONE', #2330, #1600 ) ;
#3409 = CARTESIAN_POINT ( 'NONE',  ( -1.299038105676640020, -0.7500000000000530687, -3.333333333333354798 ) ) ;
#3410 = AXIS2_PLACEMENT_3D ( 'NONE', #1867, #2049, #365 ) ;
#3411 = CARTESIAN_POINT ( 'NONE',  ( 2.081668171172170091E-14, -3.989863994746654424E-14, -4.999999999999729994 ) ) ;
#3412 = AXIS2_PLACEMENT_3D ( 'NONE', #3411, #2836, #334 ) ;
#3413 = CARTESIAN_POINT ( 'NONE',  ( -0.6785254037844226094, 1.175240473580830614, -1.708333333333480475 ) ) ;
#3414 = CARTESIAN_POINT ( 'NONE',  ( -1.017788105676677768, 0.5876202367904019841, -4.666666666666319685 ) ) ;
#3415 = VERTEX_POINT ( 'NONE', #541 ) ;
#3416 = ORIENTED_EDGE ( 'NONE', *, *, #2174, .F. ) ;
#3417 = EDGE_CURVE ( 'NONE', #290, #1394, #2670, .T. ) ;
#3418 =( BOUNDED_SURFACE ( )  B_SPLINE_SURFACE ( 1, 2, ( 
 ( #2796, #1966, #17, #1404, #2019, #653, #1177, #1193, #3167, #1928, #2457, #1653, #1401, #235, #51, #614, #2032, #3162, #128, #401, #164, #995, #2384, #2108, #1077, #810, #1907, #1150, #1469, #1814, #1835, #2363, #967, #1528, #1091, #770, #1898, #486, #3034, #3151, #1744, #2877, #680, #1784, #2458, #2777, #1961, #1634, #282, #558, #2289, #3404, #919, #2892, #924, #2611, #999, #1799, #2589, #3288, #457, #3304, #1286, #3240, #629, #2888, #1491, #160, #991, #470, #2105, #3560, #3512, #2180, #3116, #1710, #2840, #1195, #2245, #3206, #3571, #1035, #2423, #14, #3001, #1702, #2570, #3149, #71, #561, #2590, #3180, #674, #1438, #2523, #2250, #601, #2883, #2359, #1765, #2080, #2243, #2538, #1108, #840, #1932, #791, #1308, #1585, #2149, #2434, #3274, #836, #31, #3096, #856, #1546, #2944, #3254, #3529, #2366, #227, #1333, #1056, #780, #2733, #2922, #3212, #3230, #2681, #194, #1235, #514, #1591, #1641, #485, #597, #2229, #1709, #2839, #568, #3137, #1246, #3484, #202, #2706, #2724, #2167, #1083, #618, #857, #1191, #3082, #298, #2644, #1740, #2871 ),
 ( #937, #144, #2627, #1240, #2323, #94, #361, #2585, #127, #1513, #376, #3176, #3452, #1777, #162, #648, #346, #3437, #1724, #1206, #2369, #2913, #2045, #1187, #3161, #1257, #3475, #2891, #992, #107, #2087, #612, #949, #2853, #632, #1458, #666, #916, #399, #3401, #2031, #2344, #2288, #2016, #3147, #2307, #1757, #1493, #2607, #1224, #2750, #1974, #260, #2200, #11, #3022, #789, #200, #1873, #2759, #2969, #506, #1306, #2703, #2405, #1031, #2131, #216, #1323, #2914, #2139, #2577, #2117, #834, #891, #2496, #787, #2739, #3568, #49, #234, #630, #2565, #2014, #2810, #3422, #1154, #716, #1818, #1548, #3256, #1996, #3409, #3132, #956, #701, #1304, #3516, #2984, #478, #3536, #2628, #145, #892, #1980, #589, #1795, #452, #3009, #1274, #2731, #2400, #3555, #336, #2333, #1163, #1449, #2636, #1290, #1267, #3222, #740, #2982, #2701, #3179, #673, #814, #556, #2719, #1339, #987, #1133, #3374, #3172, #2176, #656, #1683, #3289, #2760, #3025, #562, #953, #3113, #592, #113, #2833, #1473, #2564, #1755, #2286, #3572, #1868, #1879, #2414, #1769, #393, #1276 ) ),
 .UNSPECIFIED., .F., .F., .T. ) 
 B_SPLINE_SURFACE_WITH_KNOTS ( ( 2, 2 ),
 ( 3, 2, 2, 2, 2, 2, 2, 2, 2, 2, 2, 2, 2, 2, 2, 2, 2, 2, 2, 2, 2, 2, 2, 2, 2, 2, 2, 2, 2, 2, 2, 2, 2, 2, 2, 2, 2, 2, 2, 2, 2, 2, 2, 2, 2, 2, 2, 2, 2, 2, 2, 2, 2, 2, 2, 2, 2, 2, 2, 2, 2, 2, 2, 2, 2, 2, 2, 2, 2, 2, 2, 2, 2, 2, 2, 2, 2, 2, 3 ),
 ( 0.000000000000000000, 1.000000000000000000 ),
 ( 0.000000000000000000, 0.01282051282051282007, 0.02564102564102565054, 0.03846153846153844980, 0.05128205128205130109, 0.06410256410256409687, 0.07692307692307689959, 0.08974358974358970231, 0.1025641025641026022, 0.1153846153846154049, 0.1282051282051281937, 0.1410256410256409965, 0.1538461538461539935, 0.1666666666666665186, 0.1794871794871795156, 0.1923076923076925127, 0.2051282051282049823, 0.2179487179487179793, 0.2307692307692310041, 0.2435897435897435015, 0.2564102564102564985, 0.2692307692307689959, 0.2820512820512819929, 0.2948717948717950454, 0.3076923076923074873, 0.3205128205128204844, 0.3333333333333335369, 0.3461538461538459788, 0.3589743589743589758, 0.3717948717948720283, 0.3846153846153845257, 0.3974358974358974672, 0.4102564102564105197, 0.4230769230769230171, 0.4358974358974360142, 0.4487179487179489557, 0.4615384615384620082, 0.4743589743589740060, 0.4871794871794870030, 0.5000000000000000000, 0.5128205128205129970, 0.5256410256410259940, 0.5384615384615379918, 0.5512820512820510999, 0.5641025641025639858, 0.5769230769230769829, 0.5897435897435899799, 0.6025641025641029769, 0.6153846153846149747, 0.6282051282051279717, 0.6410256410256410797, 0.6538461538461540767, 0.6666666666666670737, 0.6794871794871799597, 0.6923076923076919575, 0.7051282051282049546, 0.7179487179487179516, 0.7307692307692310596, 0.7435897435897440566, 0.7564102564102570536, 0.7692307692307689404, 0.7820512820512819374, 0.7948717948717949344, 0.8076923076923080425, 0.8205128205128210395, 0.8333333333333330373, 0.8461538461538460343, 0.8589743589743590313, 0.8717948717948719173, 0.8846153846153849143, 0.8974358974358980223, 0.9102564102564100201, 0.9230769230769230171, 0.9358974358974360142, 0.9487179487179490112, 0.9615384615384620082, 0.9743589743589740060, 0.9871794871794870030, 1.000000000000000000 ),
 .UNSPECIFIED. ) 
 GEOMETRIC_REPRESENTATION_ITEM ( )  RATIONAL_B_SPLINE_SURFACE ( (
 ( 1.000000000000000000, 0.8660254037844389297, 1.000000000000000000, 0.8660254037844389297, 1.000000000000000000, 0.8660254037844389297, 1.000000000000000000, 0.8660254037844389297, 1.000000000000000000, 0.8660254037844389297, 1.000000000000000000, 0.8660254037844389297, 1.000000000000000000, 0.8660254037844389297, 1.000000000000000000, 0.8660254037844389297, 1.000000000000000000, 0.8660254037844389297, 1.000000000000000000, 0.8660254037844389297, 1.000000000000000000, 0.8660254037844389297, 1.000000000000000000, 0.8660254037844389297, 1.000000000000000000, 0.8660254037844389297, 1.000000000000000000, 0.8660254037844389297, 1.000000000000000000, 0.8660254037844389297, 1.000000000000000000, 0.8660254037844389297, 1.000000000000000000, 0.8660254037844389297, 1.000000000000000000, 0.8660254037844389297, 1.000000000000000000, 0.8660254037844389297, 1.000000000000000000, 0.8660254037844389297, 1.000000000000000000, 0.8660254037844389297, 1.000000000000000000, 0.8660254037844389297, 1.000000000000000000, 0.8660254037844389297, 1.000000000000000000, 0.8660254037844389297, 1.000000000000000000, 0.8660254037844389297, 1.000000000000000000, 0.8660254037844389297, 1.000000000000000000, 0.8660254037844389297, 1.000000000000000000, 0.8660254037844389297, 1.000000000000000000, 0.8660254037844389297, 1.000000000000000000, 0.8660254037844389297, 1.000000000000000000, 0.8660254037844389297, 1.000000000000000000, 0.8660254037844389297, 1.000000000000000000, 0.8660254037844389297, 1.000000000000000000, 0.8660254037844389297, 1.000000000000000000, 0.8660254037844389297, 1.000000000000000000, 0.8660254037844389297, 1.000000000000000000, 0.8660254037844389297, 1.000000000000000000, 0.8660254037844389297, 1.000000000000000000, 0.8660254037844389297, 1.000000000000000000, 0.8660254037844389297, 1.000000000000000000, 0.8660254037844389297, 1.000000000000000000, 0.8660254037844389297, 1.000000000000000000, 0.8660254037844389297, 1.000000000000000000, 0.8660254037844389297, 1.000000000000000000, 0.8660254037844389297, 1.000000000000000000, 0.8660254037844389297, 1.000000000000000000, 0.8660254037844389297, 1.000000000000000000, 0.8660254037844389297, 1.000000000000000000, 0.8660254037844389297, 1.000000000000000000, 0.8660254037844389297, 1.000000000000000000, 0.8660254037844389297, 1.000000000000000000, 0.8660254037844389297, 1.000000000000000000, 0.8660254037844389297, 1.000000000000000000, 0.8660254037844389297, 1.000000000000000000, 0.8660254037844389297, 1.000000000000000000, 0.8660254037844389297, 1.000000000000000000, 0.8660254037844389297, 1.000000000000000000, 0.8660254037844389297, 1.000000000000000000, 0.8660254037844389297, 1.000000000000000000, 0.8660254037844389297, 1.000000000000000000, 0.8660254037844389297, 1.000000000000000000, 0.8660254037844389297, 1.000000000000000000, 0.8660254037844389297, 1.000000000000000000, 0.8660254037844389297, 1.000000000000000000, 0.8660254037844389297, 1.000000000000000000, 0.8660254037844389297, 1.000000000000000000, 0.8660254037844389297, 1.000000000000000000, 0.8660254037844389297, 1.000000000000000000, 0.8660254037844389297, 1.000000000000000000, 0.8660254037844389297, 1.000000000000000000, 0.8660254037844389297, 1.000000000000000000, 0.8660254037844389297, 1.000000000000000000, 0.8660254037844389297, 1.000000000000000000, 0.8660254037844389297, 1.000000000000000000, 0.8660254037844389297, 1.000000000000000000, 0.8660254037844389297, 1.000000000000000000, 0.8660254037844389297, 1.000000000000000000, 0.8660254037844389297, 1.000000000000000000),
 ( 1.000000000000000000, 0.8660254037844389297, 1.000000000000000000, 0.8660254037844389297, 1.000000000000000000, 0.8660254037844389297, 1.000000000000000000, 0.8660254037844389297, 1.000000000000000000, 0.8660254037844389297, 1.000000000000000000, 0.8660254037844389297, 1.000000000000000000, 0.8660254037844389297, 1.000000000000000000, 0.8660254037844389297, 1.000000000000000000, 0.8660254037844389297, 1.000000000000000000, 0.8660254037844389297, 1.000000000000000000, 0.8660254037844389297, 1.000000000000000000, 0.8660254037844389297, 1.000000000000000000, 0.8660254037844389297, 1.000000000000000000, 0.8660254037844389297, 1.000000000000000000, 0.8660254037844389297, 1.000000000000000000, 0.8660254037844389297, 1.000000000000000000, 0.8660254037844389297, 1.000000000000000000, 0.8660254037844389297, 1.000000000000000000, 0.8660254037844389297, 1.000000000000000000, 0.8660254037844389297, 1.000000000000000000, 0.8660254037844389297, 1.000000000000000000, 0.8660254037844389297, 1.000000000000000000, 0.8660254037844389297, 1.000000000000000000, 0.8660254037844389297, 1.000000000000000000, 0.8660254037844389297, 1.000000000000000000, 0.8660254037844389297, 1.000000000000000000, 0.8660254037844389297, 1.000000000000000000, 0.8660254037844389297, 1.000000000000000000, 0.8660254037844389297, 1.000000000000000000, 0.8660254037844389297, 1.000000000000000000, 0.8660254037844389297, 1.000000000000000000, 0.8660254037844389297, 1.000000000000000000, 0.8660254037844389297, 1.000000000000000000, 0.8660254037844389297, 1.000000000000000000, 0.8660254037844389297, 1.000000000000000000, 0.8660254037844389297, 1.000000000000000000, 0.8660254037844389297, 1.000000000000000000, 0.8660254037844389297, 1.000000000000000000, 0.8660254037844389297, 1.000000000000000000, 0.8660254037844389297, 1.000000000000000000, 0.8660254037844389297, 1.000000000000000000, 0.8660254037844389297, 1.000000000000000000, 0.8660254037844389297, 1.000000000000000000, 0.8660254037844389297, 1.000000000000000000, 0.8660254037844389297, 1.000000000000000000, 0.8660254037844389297, 1.000000000000000000, 0.8660254037844389297, 1.000000000000000000, 0.8660254037844389297, 1.000000000000000000, 0.8660254037844389297, 1.000000000000000000, 0.8660254037844389297, 1.000000000000000000, 0.8660254037844389297, 1.000000000000000000, 0.8660254037844389297, 1.000000000000000000, 0.8660254037844389297, 1.000000000000000000, 0.8660254037844389297, 1.000000000000000000, 0.8660254037844389297, 1.000000000000000000, 0.8660254037844389297, 1.000000000000000000, 0.8660254037844389297, 1.000000000000000000, 0.8660254037844389297, 1.000000000000000000, 0.8660254037844389297, 1.000000000000000000, 0.8660254037844389297, 1.000000000000000000, 0.8660254037844389297, 1.000000000000000000, 0.8660254037844389297, 1.000000000000000000, 0.8660254037844389297, 1.000000000000000000, 0.8660254037844389297, 1.000000000000000000, 0.8660254037844389297, 1.000000000000000000, 0.8660254037844389297, 1.000000000000000000, 0.8660254037844389297, 1.000000000000000000, 0.8660254037844389297, 1.000000000000000000, 0.8660254037844389297, 1.000000000000000000, 0.8660254037844389297, 1.000000000000000000, 0.8660254037844389297, 1.000000000000000000, 0.8660254037844389297, 1.000000000000000000, 0.8660254037844389297, 1.000000000000000000, 0.8660254037844389297, 1.000000000000000000, 0.8660254037844389297, 1.000000000000000000, 0.8660254037844389297, 1.000000000000000000, 0.8660254037844389297, 1.000000000000000000, 0.8660254037844389297, 1.000000000000000000) ) ) 
 REPRESENTATION_ITEM ( '' )  SURFACE ( )  );
#3419 = CARTESIAN_POINT ( 'NONE',  ( -1.500000000000000222, -4.072965573624824305E-14, -1.437500000000013989 ) ) ;
#3420 = CARTESIAN_POINT ( 'NONE',  ( -1.299038105676677990, 0.7499999999999870104, -3.479166666666200225 ) ) ;
#3421 = ORIENTED_EDGE ( 'NONE', *, *, #161, .T. ) ;
#3422 = CARTESIAN_POINT ( 'NONE',  ( 0.8660254037844384856, 1.499999999999978684, -3.041666666666796193 ) ) ;
#3423 = CARTESIAN_POINT ( 'NONE',  ( 1.249999999999960698, -0.1521333592104807952, -8.313323826395304650 ) ) ;
#3424 = CARTESIAN_POINT ( 'NONE',  ( 6.938893903907229955E-15, -1.175240473580823952, -4.562500000000190070 ) ) ;
#3425 = EDGE_CURVE ( 'NONE', #125, #178, #16, .T. ) ;
#3426 = CARTESIAN_POINT ( 'NONE',  ( 1.175240473580845713, 6.972266317189430062E-16, -0.8749999999998770983 ) ) ;
#3427 = CARTESIAN_POINT ( 'NONE',  ( 1.329556218946474022, -2.739473158686900179E-11, -0.2859057628747420088 ) ) ;
#3428 = CARTESIAN_POINT ( 'NONE',  ( -1.250000000000000000, -7.181755190543980109E-14, -6.099999999999609734 ) ) ;
#3429 = CARTESIAN_POINT ( 'NONE',  ( -1.017788105676631805, -0.5876202367904449497, -2.583333333333215354 ) ) ;
#3430 = VERTEX_POINT ( 'NONE', #3343 ) ;
#3431 = ORIENTED_EDGE ( 'NONE', *, *, #3317, .T. ) ;
#3432 = CARTESIAN_POINT ( 'NONE',  ( 1.175240473580836831, 0.3149047358083836845, -3.915170900630394968 ) ) ;
#3433 = CARTESIAN_POINT ( 'NONE',  ( -0.8660254037844384856, -1.500000000000036637, -2.354166666666844154 ) ) ;
#3434 = VERTEX_POINT ( 'NONE', #859 ) ;
#3435 = DIRECTION ( 'NONE',  ( -1.000000000000000000, 8.326672684688679970E-16, -2.150996698587985373E-15 ) ) ;
#3436 = CARTESIAN_POINT ( 'NONE',  ( 1.249999999999961142, 0.1209942857709963709, -8.306687597715251670 ) ) ;
#3437 = CARTESIAN_POINT ( 'NONE',  ( 0.8660254037844384856, -1.500000000000043299, -0.2083333333336017112 ) ) ;
#3438 = ORIENTED_EDGE ( 'NONE', *, *, #3198, .T. ) ;
#3439 = DIRECTION ( 'NONE',  ( 3.647064326199800396E-15, -2.400530044110370049E-17, 1.000000000000000000 ) ) ;
#3440 = CARTESIAN_POINT ( 'NONE',  ( -0.6785254037844307140, 1.175240473580814404, 0.2916666666664647356 ) ) ;
#3441 = CARTESIAN_POINT ( 'NONE',  ( 1.500000000000000000, -4.114764085016985166E-14, -4.999999999999720224 ) ) ;
#3442 = DIRECTION ( 'NONE',  ( -3.647064326199800396E-15, 2.400530044110370049E-17, -1.000000000000000000 ) ) ;
#3443 = CARTESIAN_POINT ( 'NONE',  ( -0.6785254037844261621, 1.175240473580775102, -0.2708333333335215531 ) ) ;
#3444 = FACE_OUTER_BOUND ( 'NONE', #1924, .T. ) ;
#3445 = CARTESIAN_POINT ( 'NONE',  ( -1.175240473580821288, 0.3149047358083011949, -2.709829099369219563 ) ) ;
#3446 = VERTEX_POINT ( 'NONE', #3047 ) ;
#3447 = EDGE_LOOP ( 'NONE', ( #2748, #2730, #46, #305 ) ) ;
#3448 = CARTESIAN_POINT ( 'NONE',  ( 1.017788105676666000, -0.5876202367904870272, -1.416666666666400065 ) ) ;
#3449 = ADVANCED_FACE ( 'NONE', ( #2762 ), #796, .T. ) ;
#3450 = LINE ( 'NONE', #1237, #2832 ) ;
#3451 = ORIENTED_EDGE ( 'NONE', *, *, #2813, .T. ) ;
#3452 = CARTESIAN_POINT ( 'NONE',  ( -3.122502256758254663E-14, 1.499999999999918066, -1.110223024625155909E-13 ) ) ;
#3453 =( BOUNDED_CURVE ( )  B_SPLINE_CURVE ( 2, ( #3043, #1911, #1119, #311, #3326, #266, #588, #1102, #2792 ),
 .UNSPECIFIED., .F., .F. ) 
 B_SPLINE_CURVE_WITH_KNOTS ( ( 3, 2, 2, 2, 3 ),
 ( 0.7115384615384620082, 0.7179487179487179516, 0.7307692307692310596, 0.7435897435897440566, 0.7500000000000000000 ),
 .UNSPECIFIED. ) 
 CURVE ( )  GEOMETRIC_REPRESENTATION_ITEM ( )  RATIONAL_B_SPLINE_CURVE ( ( 0.9330127018922189652, 0.9330127018922249604, 1.000000000000000000, 0.8660254037844389297, 1.000000000000000000, 0.8660254037844389297, 1.000000000000000000, 0.9330127018922189652, 0.9330127018922189652 ) ) 
 REPRESENTATION_ITEM ( '' )  );
#3454 = ORIENTED_EDGE ( 'NONE', *, *, #82, .T. ) ;
#3455 = CARTESIAN_POINT ( 'NONE',  ( 0.6785254037844860031, -1.175240473580802858, 0.04166666666639980143 ) ) ;
#3456 = DIRECTION ( 'NONE',  ( 0.000000000000000000, -1.000000000000000000, -2.400530044109884714E-17 ) ) ;
#3457 = CARTESIAN_POINT ( 'NONE',  ( -1.499999999999990896, -0.4019237886467340592, -0.9151709006308298422 ) ) ;
#3458 = AXIS2_PLACEMENT_3D ( 'NONE', #1, #3012, #532 ) ;
#3459 = CARTESIAN_POINT ( 'NONE',  ( 2.081668171172170091E-14, -3.989863994746654424E-14, -4.999999999999729994 ) ) ;
#3460 = AXIS2_PLACEMENT_3D ( 'NONE', #2111, #1842, #3238 ) ;
#3461 = ADVANCED_FACE ( 'NONE', ( #54 ), #1660, .F. ) ;
#3462 = LINE ( 'NONE', #152, #544 ) ;
#3463 = FACE_OUTER_BOUND ( 'NONE', #944, .T. ) ;
#3464 = VECTOR ( 'NONE', #251, 1000.000000000000000 ) ;
#3465 = CARTESIAN_POINT ( 'NONE',  ( 1.017788105676677768, -0.5876202367904989066, -5.416666666666570151 ) ) ;
#3466 = ORIENTED_EDGE ( 'NONE', *, *, #3100, .F. ) ;
#3467 = VERTEX_POINT ( 'NONE', #315 ) ;
#3468 = APPROVAL_ROLE ( '' ) ;
#3469 = AXIS2_PLACEMENT_3D ( 'NONE', #3394, #2541, #98 ) ;
#3470 = AXIS2_PLACEMENT_3D ( 'NONE', #3241, #741, #2335 ) ;
#3471 = CARTESIAN_POINT ( 'NONE',  ( -2.081668171172170091E-14, 1.499999999999988010, -2.000000000000115019 ) ) ;
#3472 = CARTESIAN_POINT ( 'NONE',  ( 2.428612866367529617E-14, -1.500000000000000000, -1.812499999999885203 ) ) ;
#3473 = CARTESIAN_POINT ( 'NONE',  ( -2.081668171172170091E-14, 1.443375672974021917, -7.099999999999389466 ) ) ;
#3474 = EDGE_LOOP ( 'NONE', ( #2904, #2544 ) ) ;
#3475 = CARTESIAN_POINT ( 'NONE',  ( 1.299038105676622035, 0.7499999999999870104, -0.5833333333333799997 ) ) ;
#3476 = CARTESIAN_POINT ( 'NONE',  ( 0.5375545900666516275, -1.296510377735646369, -0.3375264425194721696 ) ) ;
#3477 = ADVANCED_FACE ( 'NONE', ( #2534 ), #1160, .T. ) ;
#3478 = FACE_OUTER_BOUND ( 'NONE', #242, .T. ) ;
#3479 = ORIENTED_EDGE ( 'NONE', *, *, #1803, .F. ) ;
#3480 = CARTESIAN_POINT ( 'NONE',  ( 1.175240473580830169, -2.091679895156830005E-15, -2.937499999999915179 ) ) ;
#3481 = CARTESIAN_POINT ( 'NONE',  ( 1.299038105676594057, 0.7499999999999560352, -4.645833333332629600 ) ) ;
#3482 = LINE ( 'NONE', #1556, #2001 ) ;
#3483 = CARTESIAN_POINT ( 'NONE',  ( -0.8660254037844834496, 1.500000000000048628, -3.958333333333427628 ) ) ;
#3484 = CARTESIAN_POINT ( 'NONE',  ( -0.6785254037844307140, 1.175240473580772882, -5.270833333333483139 ) ) ;
#3485 = CARTESIAN_POINT ( 'NONE',  ( 1.175240473580839939, -1.859271017917179772E-15, -0.4374999999998769873 ) ) ;
#3486 = CARTESIAN_POINT ( 'NONE',  ( -1.250691579919042340, -0.4818876866318221874, -4.999999999999733546 ) ) ;
#3487 = ORIENTED_EDGE ( 'NONE', *, *, #1839, .F. ) ;
#3488 = ORIENTED_EDGE ( 'NONE', *, *, #2821, .T. ) ;
#3489 = CARTESIAN_POINT ( 'NONE',  ( -1.175240473580843936, 6.972266317189430062E-16, -3.125000000000000000 ) ) ;
#3490 = CARTESIAN_POINT ( 'NONE',  ( 2.428612866367529617E-14, -1.175240473580833944, -4.500000000000119016 ) ) ;
#3491 = CARTESIAN_POINT ( 'NONE',  ( 1.299038105676646015, -0.7500000000000419664, -1.229166666666726027 ) ) ;
#3492 = CARTESIAN_POINT ( 'NONE',  ( 3.816391647148974346E-14, -1.500000000000000000, -3.312500000000219824 ) ) ;
#3493 = VERTEX_POINT ( 'NONE', #510 ) ;
#3494 = CARTESIAN_POINT ( 'NONE',  ( 0.9894511167056581069, -0.9576348893695670883, -0.3190455294340070469 ) ) ;
#3495 = CARTESIAN_POINT ( 'NONE',  ( 0.000000000000000000, 0.000000000000000000, 0.000000000000000000 ) ) ;
#3496 = CARTESIAN_POINT ( 'NONE',  ( 1.175240473580836831, 0.3149047358083826298, -3.852670900630478901 ) ) ;
#3497 = FACE_OUTER_BOUND ( 'NONE', #1589, .T. ) ;
#3498 = CARTESIAN_POINT ( 'NONE',  ( 3.816391647148974346E-14, -1.500000000000000000, -4.312499999999885425 ) ) ;
#3499 = CARTESIAN_POINT ( 'NONE',  ( 1.299038105676677990, -0.7499999999999730216, -1.666666666666814844 ) ) ;
#3500 = ADVANCED_FACE ( 'NONE', ( #3444 ), #659, .T. ) ;
#3501 = CARTESIAN_POINT ( 'NONE',  ( -1.500000000000000000, -3.765023811282295349E-14, -0.4375000000000109912 ) ) ;
#3502 = CARTESIAN_POINT ( 'NONE',  ( 6.938893903907229955E-15, -2.775557561562889773E-14, -8.499999999999559464 ) ) ;
#3503 = CARTESIAN_POINT ( 'NONE',  ( -1.249999999999972022, 0.7216878364869759865, -7.099999999999829114 ) ) ;
#3504 = CYLINDRICAL_SURFACE ( 'NONE', #2837, 1.175240473580833944 ) ;
#3505 = CARTESIAN_POINT ( 'NONE',  ( -1.299038105676664001, -0.7500000000000289768, -0.8958333333333730053 ) ) ;
#3506 = MANIFOLD_SOLID_BREP ( 'NONE', #1322 ) ;
#3507 = CARTESIAN_POINT ( 'NONE',  ( -1.369202148083157766, -0.1708764974296538008, -4.999999999999733546 ) ) ;
#3508 = CARTESIAN_POINT ( 'NONE',  ( 1.175240473580855927, -1.743066579297359981E-15, -0.3749999999998749889 ) ) ;
#3509 = VERTEX_POINT ( 'NONE', #317 ) ;
#3510 = EDGE_CURVE ( 'NONE', #600, #2062, #1461, .T. ) ;
#3511 = CARTESIAN_POINT ( 'NONE',  ( -1.175240473580839939, 5.112995299272249895E-15, -3.625000000000000000 ) ) ;
#3512 = CARTESIAN_POINT ( 'NONE',  ( -1.387778780781445991E-14, 1.175240473580775991, -2.312499999999659828 ) ) ;
#3513 = CARTESIAN_POINT ( 'NONE',  ( 0.2214894240521967095, -1.400771134289239273, -0.3479563657261870446 ) ) ;
#3514 = EDGE_LOOP ( 'NONE', ( #769, #2427, #1766 ) ) ;
#3515 = CARTESIAN_POINT ( 'NONE',  ( -1.732050807568876971, -5.007715329123865620E-14, -4.437500000000101252 ) ) ;
#3516 = CARTESIAN_POINT ( 'NONE',  ( 0.8660254037844233865, 1.500000000000011102, -3.541666666666801966 ) ) ;
#3517 = CARTESIAN_POINT ( 'NONE',  ( 1.175240473580841494, 0.3149047358083397752, -2.415170900630476680 ) ) ;
#3518 = CARTESIAN_POINT ( 'NONE',  ( 2.775557561562889773E-14, -1.175240473580765777, -4.062500000000249578 ) ) ;
#3519 = CYLINDRICAL_SURFACE ( 'NONE', #2602, 1.175240473580833944 ) ;
#3520 = CARTESIAN_POINT ( 'NONE',  ( 2.428612866367529617E-14, -1.500000000000000000, 0.6875000000000629496 ) ) ;
#3521 = CARTESIAN_POINT ( 'NONE',  ( 1.175240473580830169, -2.091679895156830005E-15, -2.937499999999915179 ) ) ;
#3522 = AXIS2_PLACEMENT_3D ( 'NONE', #1227, #2568, #1208 ) ;
#3523 = VERTEX_POINT ( 'NONE', #879 ) ;
#3524 = ORIENTED_EDGE ( 'NONE', *, *, #1587, .T. ) ;
#3525 =( BOUNDED_CURVE ( )  B_SPLINE_CURVE ( 2, ( #3365, #511, #1344, #2482, #55, #1876, #1089, #1136, #497 ),
 .UNSPECIFIED., .F., .T. ) 
 B_SPLINE_CURVE_WITH_KNOTS ( ( 3, 2, 2, 2, 3 ),
 ( 0.6346153846153849143, 0.6410256410256410797, 0.6538461538461540767, 0.6666666666666670737, 0.6730769230769240163 ),
 .UNSPECIFIED. ) 
 CURVE ( )  GEOMETRIC_REPRESENTATION_ITEM ( )  RATIONAL_B_SPLINE_CURVE ( ( 0.9330127018922189652, 0.9330127018922219628, 1.000000000000000000, 0.8660254037844389297, 1.000000000000000000, 0.8660254037844389297, 1.000000000000000000, 0.9330127018922129700, 0.9330127018922189652 ) ) 
 REPRESENTATION_ITEM ( '' )  );
#3526 = VECTOR ( 'NONE', #2778, 1000.000000000000000 ) ;
#3527 = AXIS2_PLACEMENT_3D ( 'NONE', #2521, #57, #2444 ) ;
#3528 = EDGE_CURVE ( 'NONE', #693, #2039, #179, .T. ) ;
#3529 = CARTESIAN_POINT ( 'NONE',  ( -0.6785254037844469233, 1.175240473580745348, -4.270833333333476922 ) ) ;
#3530 = AXIS2_PLACEMENT_3D ( 'NONE', #2992, #2727, #2440 ) ;
#3531 = CARTESIAN_POINT ( 'NONE',  ( 2.081668171172170091E-14, -3.989863994746654424E-14, -4.999999999999729994 ) ) ;
#3532 = EDGE_CURVE ( 'NONE', #3217, #3467, #2575, .T. ) ;
#3533 = ORIENTED_EDGE ( 'NONE', *, *, #1332, .T. ) ;
#3534 = CARTESIAN_POINT ( 'NONE',  ( 1.357050807568912276, 5.007715329123865620E-14, -0.3749999999999699685 ) ) ;
#3535 = DIRECTION ( 'NONE',  ( -3.647064326199800396E-15, 0.000000000000000000, -1.000000000000000000 ) ) ;
#3536 = CARTESIAN_POINT ( 'NONE',  ( 1.299038105676650012, -0.7500000000000319744, -3.666666666666874796 ) ) ;
#3537 = CARTESIAN_POINT ( 'NONE',  ( 2.750000000000000000, -3.004541060391829888E-14, -8.499999999999559464 ) ) ;
#3538 = CARTESIAN_POINT ( 'NONE',  ( -6.938893903907229955E-15, 1.499999999999946043, -0.06250000000018740565 ) ) ;
#3539 = ORIENTED_EDGE ( 'NONE', *, *, #788, .T. ) ;
#3540 = ORIENTED_EDGE ( 'NONE', *, *, #794, .F. ) ;
#3541 = CARTESIAN_POINT ( 'NONE',  ( 1.500000000000000000, -4.114764085016985166E-14, -4.999999999999720224 ) ) ;
#3542 = FACE_OUTER_BOUND ( 'NONE', #2097, .T. ) ;
#3543 = CARTESIAN_POINT ( 'NONE',  ( 0.6660406979731323673, -1.227468262756544748, -0.3327870730424771217 ) ) ;
#3544 = ORIENTED_EDGE ( 'NONE', *, *, #960, .F. ) ;
#3545 = CARTESIAN_POINT ( 'NONE',  ( -0.6785254037844146158, -1.175240473580802858, -0.5416666666669783803 ) ) ;
#3546 = CARTESIAN_POINT ( 'NONE',  ( -1.499999999999984013, -3.596527375283549197E-14, -1.937500000000000000 ) ) ;
#3547 =( BOUNDED_CURVE ( )  B_SPLINE_CURVE ( 2, ( #2659, #945, #2041, #1752, #3471, #3215, #2885, #2603, #988 ),
 .UNSPECIFIED., .F., .F. ) 
 B_SPLINE_CURVE_WITH_KNOTS ( ( 3, 2, 2, 2, 3 ),
 ( 0.3653846153846155298, 0.3717948717948720283, 0.3846153846153845257, 0.3974358974358974672, 0.4038461538461539657 ),
 .UNSPECIFIED. ) 
 CURVE ( )  GEOMETRIC_REPRESENTATION_ITEM ( )  RATIONAL_B_SPLINE_CURVE ( ( 0.9330127018922189652, 0.9330127018922199644, 1.000000000000000000, 0.8660254037844389297, 1.000000000000000000, 0.8660254037844389297, 1.000000000000000000, 0.9330127018922159676, 0.9330127018922189652 ) ) 
 REPRESENTATION_ITEM ( '' )  );
#3548 = DIRECTION ( 'NONE',  ( 3.647064326199800396E-15, -2.400530044110370049E-17, 1.000000000000000000 ) ) ;
#3549 = CARTESIAN_POINT ( 'NONE',  ( -0.6785254037844147268, -1.175240473580819067, -0.6041666666669627261 ) ) ;
#3550 = CARTESIAN_POINT ( 'NONE',  ( 1.017788105676620036, 0.5876202367903929913, -0.8958333333330960047 ) ) ;
#3551 = DIRECTION ( 'NONE',  ( -1.000000000000000000, 8.326672684688687858E-16, -2.124151195073641541E-15 ) ) ;
#3552 = DIRECTION ( 'NONE',  ( 1.000000000000000000, -8.326672684688661234E-16, 2.312964634635742661E-15 ) ) ;
#3553 = ORIENTED_EDGE ( 'NONE', *, *, #2821, .F. ) ;
#3554 = APPROVAL_DATE_TIME ( #1918, #1176 ) ;
#3555 = CARTESIAN_POINT ( 'NONE',  ( 1.299038105676654009, -0.7500000000000289768, -4.166666666666819729 ) ) ;
#3556 = CARTESIAN_POINT ( 'NONE',  ( 6.938893903907229955E-15, -2.775557561562889773E-14, -8.499999999999559464 ) ) ;
#3557 = VERTEX_POINT ( 'NONE', #581 ) ;
#3558 = EDGE_CURVE ( 'NONE', #41, #811, #847, .T. ) ;
#3559 = CARTESIAN_POINT ( 'NONE',  ( -1.299038105676673993, -0.7500000000000289768, -1.833333333333409865 ) ) ;
#3560 = CARTESIAN_POINT ( 'NONE',  ( -0.6785254037844307140, 1.175240473580807521, -2.270833333333468484 ) ) ;
#3561 = FACE_BOUND ( 'NONE', #2647, .T. ) ;
#3562 = CARTESIAN_POINT ( 'NONE',  ( 1.175240473580830169, -4.067155351693835485E-15, -3.374999999999855227 ) ) ;
#3563 = CARTESIAN_POINT ( 'NONE',  ( -1.348522167656322157, -0.6544791645937572122, -0.4029596384059104808 ) ) ;
#3564 = ORIENTED_EDGE ( 'NONE', *, *, #954, .T. ) ;
#3565 = CYLINDRICAL_SURFACE ( 'NONE', #444, 1.175240473580833944 ) ;
#3566 = CARTESIAN_POINT ( 'NONE',  ( -1.499999999999984013, -4.276323341209519156E-14, -3.937500000000000000 ) ) ;
#3567 = CARTESIAN_POINT ( 'NONE',  ( -1.357050807568900508, -4.006172263299091013E-15, -1.625000000000231593 ) ) ;
#3568 = CARTESIAN_POINT ( 'NONE',  ( 2.081668171172170091E-14, -1.499999999999988010, -2.750000000000194955 ) ) ;
#3569 = CARTESIAN_POINT ( 'NONE',  ( -1.299038105676683985, 0.7500000000000000000, -0.9166666666664549101 ) ) ;
#3570 = ADVANCED_FACE ( 'NONE', ( #843 ), #39, .T. ) ;
#3571 = CARTESIAN_POINT ( 'NONE',  ( -1.017788105676656008, -0.5876202367904769241, -2.645833333333070136 ) ) ;
#3572 = CARTESIAN_POINT ( 'NONE',  ( -6.938893903907229955E-15, -1.500000000000039968, -5.749999999999869438 ) ) ;
#3573 = CYLINDRICAL_SURFACE ( 'NONE', #2841, 1.500000000000000000 ) ;
#3574 = CARTESIAN_POINT ( 'NONE',  ( 0.9212404735808339407, -8.549215305194640351E-16, -3.359823267048044664E-15 ) ) ;
#3575 = DIRECTION ( 'NONE',  ( -1.000000000000000000, 8.326672684688674053E-16, -2.403703357979455633E-15 ) ) ;
#3576 = EDGE_CURVE ( 'NONE', #3523, #1598, #1289, .T. ) ;
#3577 = ORIENTED_EDGE ( 'NONE', *, *, #2091, .T. ) ;
#3578 = PERSON_AND_ORGANIZATION_ROLE ( 'creator' ) ;
#3579 = CARTESIAN_POINT ( 'NONE',  ( -1.249999999999997335, 0.5983295115033652189, -8.438320837507669481 ) ) ;
#3580 = CARTESIAN_POINT ( 'NONE',  ( 1.249999999999984013, 2.165063509461075064, -7.099999999999829114 ) ) ;
#3581 = ORIENTED_EDGE ( 'NONE', *, *, #1433, .F. ) ;
ENDSEC;
END-ISO-10303-21;
