ISO-10303-21;
HEADER;
FILE_DESCRIPTION (( 'STEP AP203' ),
    '1' );
FILE_NAME ('MEIHUA-M2-10.stp.STEP',
    '2026-06-22T08:49:50',
    ( 'localuser' ),
    ( '' ),
    'SwSTEP 2.0',
    'SolidWorks 2025',
    '' );
FILE_SCHEMA (( 'CONFIG_CONTROL_DESIGN' ));
ENDSEC;

DATA;
#1 = ORIENTED_EDGE ( 'NONE', *, *, #2876, .T. ) ;
#2 = CARTESIAN_POINT ( 'NONE',  ( 0.8358829682069000011, 0.4125096270975000534, -3.978582880378000119 ) ) ;
#3 = CARTESIAN_POINT ( 'NONE',  ( -0.7165111107796999779, 0.3447080403783999714, 0.6999999999999999556 ) ) ;
#4 = CARTESIAN_POINT ( 'NONE',  ( 0.1139350884416000104, -0.9250119972613000119, -8.514517119621999086 ) ) ;
#5 = VECTOR ( 'NONE', #1464, 1000.000000000000227 ) ;
#6 = CARTESIAN_POINT ( 'NONE',  ( -0.007949307015391000181, -0.8078549142990000265, -1.808582880377999969 ) ) ;
#7 = ORIENTED_EDGE ( 'NONE', *, *, #3977, .F. ) ;
#8 = VERTEX_POINT ( 'NONE', #2398 ) ;
#9 = CARTESIAN_POINT ( 'NONE',  ( -0.7500000000000000000, -0.1443375672973999935, 1.399999999999999911 ) ) ;
#10 = ADVANCED_FACE ( 'NONE', ( #1056 ), #4488, .F. ) ;
#11 = DIRECTION ( 'NONE',  ( -0.5416752204197295972, 0.4545194776720247187, 0.7071067811865385799 ) ) ;
#12 = CARTESIAN_POINT ( 'NONE',  ( 0.08356434370319998362, -0.6784391141146999260, -8.344426358866000371 ) ) ;
#13 = DIRECTION ( 'NONE',  ( 0.000000000000000000, 1.000000000000000000, 0.000000000000000000 ) ) ;
#14 = CARTESIAN_POINT ( 'NONE',  ( -0.4958873258251184635, -0.8476155584293222356, -4.825208333335331723 ) ) ;
#15 = EDGE_CURVE ( 'NONE', #1793, #1333, #3787, .T. ) ;
#16 = CARTESIAN_POINT ( 'NONE',  ( 0.4207752267329000206, -0.6896673460791999943, -2.904692119622999780 ) ) ;
#17 = DIRECTION ( 'NONE',  ( 0.3420201433256990775, -0.9396926207858972147, 0.000000000000000000 ) ) ;
#18 = ORIENTED_EDGE ( 'NONE', *, *, #3381, .T. ) ;
#19 = CARTESIAN_POINT ( 'NONE',  ( -0.2583489518507999794, -0.8345427253185999650, -9.221609106615998641 ) ) ;
#20 = CARTESIAN_POINT ( 'NONE',  ( 1.596559995877999905, -1.219907909123999934, 0.9000000000000000222 ) ) ;
#21 = APPROVAL_STATUS ( 'not_yet_approved' ) ;
#22 = CARTESIAN_POINT ( 'NONE',  ( 0.000000000000000000, -0.9499999999999999556, -5.962500000000999556 ) ) ;
#23 = FACE_OUTER_BOUND ( 'NONE', #1180, .T. ) ;
#24 = B_SPLINE_SURFACE_WITH_KNOTS ( 'NONE', 3, 2, ( 
 ( #881, #4003, #970 ),
 ( #3304, #1593, #1728 ),
 ( #4428, #1022, #2276 ),
 ( #2753, #3462, #179 ),
 ( #2362, #3044, #3749 ),
 ( #2067, #2014, #1571 ),
 ( #651, #1223, #3411 ),
 ( #1705, #339, #3071 ),
 ( #4500, #2413, #4452 ),
 ( #2615, #1335, #859 ),
 ( #2593, #3666, #541 ),
 ( #2730, #4112, #675 ),
 ( #2386, #3326, #3980 ),
 ( #3438, #3773, #313 ),
 ( #3095, #4476, #2175 ),
 ( #3144, #2778, #2521 ),
 ( #1088, #1047, #20 ),
 ( #1109, #2800, #447 ),
 ( #3530, #3823, #2111 ),
 ( #3484, #2088, #2480 ),
 ( #2458, #4247, #3889 ),
 ( #787, #1755, #1130 ) ),
 .UNSPECIFIED., .F., .F., .F.,
 ( 4, 1, 1, 1, 1, 1, 1, 1, 1, 1, 1, 1, 1, 1, 1, 1, 1, 1, 1, 4 ),
 ( 3, 3 ),
 ( 0.000000000000000000, 0.05263505552087999889, 0.1052631136917999977, 0.1578958682684000192, 0.2105258514923999957, 0.2631573805551999934, 0.3157895013769999593, 0.3684214919173999792, 0.4210523092926999889, 0.4736843314367000235, 0.5263156685632999210, 0.5789476907073000111, 0.6315785080826000764, 0.6842104986229999852, 0.7368426194448000066, 0.7894741485076000043, 0.8421041317316000363, 0.8947368863082000301, 0.9473649444791000240, 1.000000000000000000 ),
 ( 0.000000000000000000, 1.000000000000000000 ),
 .UNSPECIFIED. ) ;
#25 = ORIENTED_EDGE ( 'NONE', *, *, #4459, .F. ) ;
#26 = CARTESIAN_POINT ( 'NONE',  ( 0.1993283553453999990, -0.7829089680405000307, -3.598667119621999699 ) ) ;
#27 = CARTESIAN_POINT ( 'NONE',  ( 0.09782804378657000699, 1.201587945305999883, 1.399999999999999911 ) ) ;
#28 = CARTESIAN_POINT ( 'NONE',  ( -0.1851346592760999832, 1.040014492087000031, -6.947538858865999423 ) ) ;
#29 = CARTESIAN_POINT ( 'NONE',  ( 0.1881100161508000024, -0.8543383794147999533, -1.217633786288999875 ) ) ;
#30 = VERTEX_POINT ( 'NONE', #1349 ) ;
#31 = DIRECTION ( 'NONE',  ( -0.7016738431598624759, -0.1237240302064933073, -0.7016738431598624759 ) ) ;
#32 = CARTESIAN_POINT ( 'NONE',  ( 0.1194592710668000018, 0.5661154538010000348, 0.5999999999999999778 ) ) ;
#33 = FACE_OUTER_BOUND ( 'NONE', #857, .T. ) ;
#34 = CARTESIAN_POINT ( 'NONE',  ( 0.000000000000000000, -0.9499999999999999556, -8.612500000000000711 ) ) ;
#35 = CONICAL_SURFACE ( 'NONE', #3007, 0.7512477079160999605, 0.7853936473494822490 ) ;
#36 = EDGE_CURVE ( 'NONE', #2828, #2798, #710, .T. ) ;
#37 = DIRECTION ( 'NONE',  ( 0.000000000000000000, -1.000000000000000000, 0.000000000000000000 ) ) ;
#38 = CARTESIAN_POINT ( 'NONE',  ( -0.7885937638030999786, 0.1754939348630999985, -1.163667119622000090 ) ) ;
#39 = PRODUCT_RELATED_PRODUCT_CATEGORY ( 'detail', '', ( #3519 ) ) ;
#40 = VERTEX_POINT ( 'NONE', #301 ) ;
#41 = CARTESIAN_POINT ( 'NONE',  ( 0.9698273274591999726, -0.1990970719541000078, -9.140588179242000066 ) ) ;
#42 = DIRECTION ( 'NONE',  ( 0.000000000000000000, -1.000000000000000000, 0.000000000000000000 ) ) ;
#43 = DATE_TIME_ROLE ( 'classification_date' ) ;
#44 = DIRECTION ( 'NONE',  ( 0.000000000000000000, 0.000000000000000000, 1.000000000000000000 ) ) ;
#45 = CARTESIAN_POINT ( 'NONE',  ( -0.4958873258251184635, -0.8476155584293222356, -2.175208333334333943 ) ) ;
#46 = ORIENTED_EDGE ( 'NONE', *, *, #3949, .F. ) ;
#47 = CARTESIAN_POINT ( 'NONE',  ( -0.3259336572800000109, -0.7392195185030000504, -5.656242119622000075 ) ) ;
#48 = CARTESIAN_POINT ( 'NONE',  ( 0.4928804744893999223, 1.947882445383999794, 0.9000000000000000222 ) ) ;
#49 = CARTESIAN_POINT ( 'NONE',  ( -0.9062325578027999873, 0.4020081476325999548, -6.182543025533000502 ) ) ;
#50 = CARTESIAN_POINT ( 'NONE',  ( 0.5451733709391999305, -0.5962203834982999773, -1.729445380377999886 ) ) ;
#51 = ORIENTED_EDGE ( 'NONE', *, *, #349, .F. ) ;
#52 = CARTESIAN_POINT ( 'NONE',  ( -1.999999999999751754, -1.171572875262216096, 0.06666666666662679486 ) ) ;
#53 = DIRECTION ( 'NONE',  ( 0.8660254037844288266, -0.5000000000000169864, 0.000000000000000000 ) ) ;
#54 = CARTESIAN_POINT ( 'NONE',  ( 0.05972963553338999504, -0.7928708442183000082, 0.6999999999999999556 ) ) ;
#55 = LINE ( 'NONE', #1439, #3273 ) ;
#56 = CARTESIAN_POINT ( 'NONE',  ( 1.366098404099999941, 1.473415152268000128, 0.9000000000464060124 ) ) ;
#57 = CARTESIAN_POINT ( 'NONE',  ( 0.4700513575723000437, 0.6570726583992999581, -2.034179619622999535 ) ) ;
#58 = B_SPLINE_SURFACE_WITH_KNOTS ( 'NONE', 3, 3, ( 
 ( #156, #3981, #4240, #4047, #4343, #4096, #542, #3054, #3028, #927, #225, #3371, #1224, #4412, #4072, #609, #587, #1594, #4437, #1618, #633, #2617, #2664, #2324, #3757, #3667, #271, #2689, #2300, #2958, #3713, #1248, #1663, #980, #3689 ),
 ( #1294, #564, #954, #1953, #1999, #3004, #1321, #2347, #1976, #2022, #2370, #2981, #4363, #3351, #4005, #882, #4389, #180, #2640, #1270, #2715, #4026, #246, #3394, #1572, #2277, #1930, #1641, #3734, #3327, #202, #904, #3128, #4461, #2118 ),
 ( #1412, #1391, #2444, #1345, #4192, #2487, #1003, #3080, #4170, #1736, #4121, #2075, #2739, #3830, #1030, #392, #1781, #4484, #1053, #707, #2096, #3172, #2394, #2806, #2421, #3782, #660, #3875, #2051, #3446, #347, #3470, #4, #1432, #1076 ),
 ( #298, #49, #2785, #3493, #323, #1714, #372, #3151, #3104, #752, #1761, #28, #3421, #2826, #1366, #2759, #2466, #4145, #3807, #683, #1690, #3853, #730, #4211, #3514, #1096, #836, #2931, #1458, #1883, #795, #1138, #2185, #3596, #1543 ) ),
 .UNSPECIFIED., .F., .F., .F.,
 ( 4, 4 ),
 ( 4, 1, 1, 1, 1, 1, 1, 1, 1, 1, 1, 1, 1, 1, 1, 1, 1, 1, 1, 1, 1, 1, 1, 1, 1, 1, 1, 1, 1, 1, 1, 1, 4 ),
 ( -0.03722210892778000241, 1.037222108927999820 ),
 ( -0.02000000000000000042, 0.01250000000000000069, 0.04499999999998999939, 0.07749999999999000744, 0.1100000000000000006, 0.1424999999999999878, 0.1749999999999999889, 0.2074999999999999900, 0.2399999999999999911, 0.2725000000000000200, 0.3049999999999999933, 0.3375000000000000222, 0.3699999999999999956, 0.4025000000000000244, 0.4349999999999999978, 0.4675000000000000266, 0.4999999999998999689, 0.5324999999999000533, 0.5649999999999000266, 0.5974999999999000000, 0.6299999999999000844, 0.6624999999999000577, 0.6949999999999000311, 0.7274999999999000044, 0.7599999999999000888, 0.7924999999999000622, 0.8249999999999000355, 0.8574999999999000089, 0.8899999999999000933, 0.9224999999999000666, 0.9549999999999000400, 0.9874999999999000133, 1.020000000000000018 ),
 .UNSPECIFIED. ) ;
#59 = ORIENTED_EDGE ( 'NONE', *, *, #2619, .T. ) ;
#60 = CARTESIAN_POINT ( 'NONE',  ( -0.6789880721043000111, 0.7205413847500999891, -9.536431054134000718 ) ) ;
#61 = CARTESIAN_POINT ( 'NONE',  ( 0.9499999999999991784, -0.2487094184091953319, -7.811979166668668206 ) ) ;
#62 = PERSON_AND_ORGANIZATION_ROLE ( 'creator' ) ;
#63 = EDGE_CURVE ( 'NONE', #4230, #1205, #434, .T. ) ;
#64 = CARTESIAN_POINT ( 'NONE',  ( 1.024593827521999900, 0.2571234558244000490, -6.556086141134000123 ) ) ;
#65 = CARTESIAN_POINT ( 'NONE',  ( -0.4229863434741000239, 0.4824422449932999624, -5.942456974466999498 ) ) ;
#66 = ORIENTED_EDGE ( 'NONE', *, *, #2677, .F. ) ;
#67 = CARTESIAN_POINT ( 'NONE',  ( 0.8994552472629999684, 0.2446309945340000014, -5.323920380378000416 ) ) ;
#68 = LINE ( 'NONE', #2183, #2571 ) ;
#69 = CARTESIAN_POINT ( 'NONE',  ( 0.6202905815229813324, -0.2024976420787523990, -2.252370638347528153 ) ) ;
#70 = ADVANCED_FACE ( 'NONE', ( #1141 ), #74, .F. ) ;
#71 = CARTESIAN_POINT ( 'NONE',  ( 0.6516907210839737452, -0.01082273254878420195, -3.545947479652220125 ) ) ;
#72 = CARTESIAN_POINT ( 'NONE',  ( 0.04325061970212000506, 0.6823260434142000008, -3.375561141133999854 ) ) ;
#73 = ORIENTED_EDGE ( 'NONE', *, *, #1455, .F. ) ;
#74 = PLANE ( 'NONE',  #2240 ) ;
#75 = CARTESIAN_POINT ( 'NONE',  ( -0.4958873258251185745, -0.8476155584293220135, -2.042708333334333659 ) ) ;
#76 = AXIS2_PLACEMENT_3D ( 'NONE', #54, #11, #3835 ) ;
#77 = CARTESIAN_POINT ( 'NONE',  ( 0.7500000000000000000, 0.1443375672973999935, 1.399999999999999911 ) ) ;
#78 = CARTESIAN_POINT ( 'NONE',  ( -0.5864967369228000216, 0.2601721432019000191, -5.917543025532999934 ) ) ;
#79 = AXIS2_PLACEMENT_3D ( 'NONE', #1187, #1533, #846 ) ;
#80 = DIRECTION ( 'NONE',  ( -0.6427876096865042799, 0.7660444431190074344, 0.000000000000000000 ) ) ;
#81 = CARTESIAN_POINT ( 'NONE',  ( -0.1876711131988000048, -0.9130408635903999315, -2.888920380379000008 ) ) ;
#82 = VERTEX_POINT ( 'NONE', #3858 ) ;
#83 = CARTESIAN_POINT ( 'NONE',  ( -0.3174413723463999637, -0.9377777534388000991, -8.656780221041000090 ) ) ;
#84 = CARTESIAN_POINT ( 'NONE',  ( 0.000000000000000000, 1.019626234635999884, 1.399999999999999911 ) ) ;
#85 = CARTESIAN_POINT ( 'NONE',  ( -0.3250000000000000111, 0.5629165124599000425, 0.6999999999999999556 ) ) ;
#86 = EDGE_CURVE ( 'NONE', #1358, #2328, #2491, .T. ) ;
#87 = EDGE_LOOP ( 'NONE', ( #249, #1229 ) ) ;
#88 = CARTESIAN_POINT ( 'NONE',  ( -0.5001434992405999758, 0.6344676803030999679, -4.548317119622000249 ) ) ;
#89 = FACE_OUTER_BOUND ( 'NONE', #1473, .T. ) ;
#90 = CARTESIAN_POINT ( 'NONE',  ( -0.4192568542658486330, -0.5004292938119445644, -1.795801374869774980 ) ) ;
#91 = CARTESIAN_POINT ( 'NONE',  ( 0.5756739918473966489, -0.3066811117533154718, -3.596677397816391952 ) ) ;
#92 = CARTESIAN_POINT ( 'NONE',  ( 0.8472702931047999542, 0.2177441047181000178, -3.697275452954999597 ) ) ;
#93 = EDGE_CURVE ( 'NONE', #3443, #216, #3099, .T. ) ;
#94 = ORIENTED_EDGE ( 'NONE', *, *, #3067, .F. ) ;
#95 = CARTESIAN_POINT ( 'NONE',  ( 1.654265992674889738E-11, -1.799999999999999378, 2.848021097452025157E-17 ) ) ;
#96 = CARTESIAN_POINT ( 'NONE',  ( 0.000000000000000000, -0.9499999999999999556, -1.987500000001000133 ) ) ;
#97 = CARTESIAN_POINT ( 'NONE',  ( -0.2355700529083284978, 0.9500000000000003997, -8.387604166665751038 ) ) ;
#98 = CARTESIAN_POINT ( 'NONE',  ( -0.8476155584293213474, 0.4958873258251194627, -7.508333333335333037 ) ) ;
#99 = CARTESIAN_POINT ( 'NONE',  ( -0.2684914249765999461, 0.8313351277806000361, -8.465856992480999210 ) ) ;
#100 = CARTESIAN_POINT ( 'NONE',  ( 0.000000000000000000, 0.9499999999999999556, -8.281250000002000178 ) ) ;
#101 = EDGE_LOOP ( 'NONE', ( #3449, #2384, #902, #1523 ) ) ;
#102 = AXIS2_PLACEMENT_3D ( 'NONE', #3717, #2646, #1300 ) ;
#103 = CARTESIAN_POINT ( 'NONE',  ( -1.800000000000000044, 0.000000000000000000, 0.000000000000000000 ) ) ;
#104 = CARTESIAN_POINT ( 'NONE',  ( -0.8830222215595000534, -0.5098131173177999909, 1.399999999999999911 ) ) ;
#105 = CARTESIAN_POINT ( 'NONE',  ( 0.6835987569363000116, -0.009077135280847001969, -4.860911141134000246 ) ) ;
#106 = B_SPLINE_CURVE_WITH_KNOTS ( 'NONE', 3,
 ( #1741, #1436, #2830, #4152, #1007, #4216, #3084, #328, #2079, #3788 ),
 .UNSPECIFIED., .F., .F.,
 ( 4, 2, 2, 2, 4 ),
 ( 0.000000000000000000, 0.2500000000000000555, 0.5000000000000001110, 0.7500000000000000000, 1.000000000000000000 ),
 .UNSPECIFIED. ) ;
#107 = ORIENTED_EDGE ( 'NONE', *, *, #3797, .F. ) ;
#108 = CARTESIAN_POINT ( 'NONE',  ( -0.3760545502836999954, -0.8528940088958000265, -5.561332880377999999 ) ) ;
#109 = CARTESIAN_POINT ( 'NONE',  ( 1.999903841519999892, -0.01961185030800999957, 0.9000000000000000222 ) ) ;
#110 = CARTESIAN_POINT ( 'NONE',  ( 0.4430678502507199301, -0.4792230175464144426, -1.643611620376331572 ) ) ;
#111 = CARTESIAN_POINT ( 'NONE',  ( -0.5761238359702935963, -0.3050792748988176983, -3.824962029555303733 ) ) ;
#112 = FACE_OUTER_BOUND ( 'NONE', #3196, .T. ) ;
#113 = ADVANCED_FACE ( 'NONE', ( #457 ), #1848, .T. ) ;
#114 = EDGE_LOOP ( 'NONE', ( #839, #1950, #2053, #3077 ) ) ;
#115 = CARTESIAN_POINT ( 'NONE',  ( 0.000000000000000000, 0.9499999999999999556, -8.943749999998999556 ) ) ;
#116 = CARTESIAN_POINT ( 'NONE',  ( 0.8476155584293233458, 0.4958873258251160210, -4.549166666668001291 ) ) ;
#117 = LINE ( 'NONE', #3284, #4220 ) ;
#118 = ADVANCED_FACE ( 'NONE', ( #1462 ), #1435, .F. ) ;
#119 = CARTESIAN_POINT ( 'NONE',  ( 0.9698273274591999726, -0.1990970719541000078, -8.590860461510001045 ) ) ;
#120 = CARTESIAN_POINT ( 'NONE',  ( 0.1816887432657000034, -0.6590742412264999350, -2.366501358867000082 ) ) ;
#121 = ORIENTED_EDGE ( 'NONE', *, *, #1678, .T. ) ;
#122 = DIRECTION ( 'NONE',  ( 0.000000000000000000, 0.000000000000000000, -1.000000000000000000 ) ) ;
#123 = CARTESIAN_POINT ( 'NONE',  ( -0.2361648865965758071, -0.5895422239208859549, -9.712694057309708029 ) ) ;
#124 = FACE_OUTER_BOUND ( 'NONE', #2072, .T. ) ;
#125 = VERTEX_POINT ( 'NONE', #3517 ) ;
#126 = CARTESIAN_POINT ( 'NONE',  ( -0.1507961534660000047, -0.6668209467422999692, -4.405813858865999855 ) ) ;
#127 = CARTESIAN_POINT ( 'NONE',  ( -1.372163138867999788, 1.467768844522000071, 1.399999999999999911 ) ) ;
#128 = CARTESIAN_POINT ( 'NONE',  ( 0.5632626966255029899, -0.3277386029240574872, -2.937224533564127604 ) ) ;
#129 = CARTESIAN_POINT ( 'NONE',  ( 1.800000000000000044, 0.000000000000000000, 0.000000000000000000 ) ) ;
#130 = CARTESIAN_POINT ( 'NONE',  ( -0.8791725917321000505, -0.3097096820097000047, -2.694867119622999851 ) ) ;
#131 = ORIENTED_EDGE ( 'NONE', *, *, #758, .T. ) ;
#132 = CARTESIAN_POINT ( 'NONE',  ( 0.000000000000000000, -0.9499999999999999556, -1.324999999999999956 ) ) ;
#133 = CARTESIAN_POINT ( 'NONE',  ( 0.6462799621469863531, 0.7178408239905043065, -3.721249999999999947 ) ) ;
#134 = CARTESIAN_POINT ( 'NONE',  ( 1.933333333332946991, 1.132520446086720201, -4.146303308238574003E-14 ) ) ;
#135 = FACE_OUTER_BOUND ( 'NONE', #2621, .T. ) ;
#136 = VERTEX_POINT ( 'NONE', #3540 ) ;
#137 = ADVANCED_FACE ( 'NONE', ( #2829 ), #165, .T. ) ;
#138 = CARTESIAN_POINT ( 'NONE',  ( -0.9126884565998000243, 0.3836723476310000547, -8.942720794747000213 ) ) ;
#139 = CARTESIAN_POINT ( 'NONE',  ( -0.2487094184091902249, 0.9500000000000005107, -9.048645833332335187 ) ) ;
#140 = CARTESIAN_POINT ( 'NONE',  ( -0.9499999999999997335, 0.2487094184091930837, -6.288229166668250159 ) ) ;
#141 = VECTOR ( 'NONE', #2661, 1000.000000000000000 ) ;
#142 = CARTESIAN_POINT ( 'NONE',  ( -0.2773246979037078397, -0.5896909982641811432, -7.731129656317095034 ) ) ;
#143 = ADVANCED_FACE ( 'NONE', ( #776 ), #2208, .T. ) ;
#144 = FACE_OUTER_BOUND ( 'NONE', #2879, .T. ) ;
#145 = CARTESIAN_POINT ( 'NONE',  ( 0.5315071027572482176, -0.3791355502561336577, -8.909730074667480793 ) ) ;
#146 = CARTESIAN_POINT ( 'NONE',  ( 0.5752554134287000132, -0.3694870159381000163, -3.594711141133999810 ) ) ;
#147 = ORIENTED_EDGE ( 'NONE', *, *, #2440, .T. ) ;
#148 = CARTESIAN_POINT ( 'NONE',  ( 0.05639324337177999830, -0.6198700814365000200, -8.328069961655000242 ) ) ;
#149 = CARTESIAN_POINT ( 'NONE',  ( -0.1047737525684999949, -0.6254705851792999871, -8.364999999999998437 ) ) ;
#150 = CARTESIAN_POINT ( 'NONE',  ( 0.9500000000000007327, 0.2487094184091886429, -6.564270833335331901 ) ) ;
#151 = CARTESIAN_POINT ( 'NONE',  ( 0.4803416009528007069, 0.4403815803565940268, -4.129341538540455936 ) ) ;
#152 = CARTESIAN_POINT ( 'NONE',  ( -0.3005355249325000200, -1.012561162851000063, -1.365301358866000125 ) ) ;
#153 = ORIENTED_EDGE ( 'NONE', *, *, #3181, .F. ) ;
#154 = CARTESIAN_POINT ( 'NONE',  ( 0.000000000000000000, 0.9499999999999999556, -6.956250000002000000 ) ) ;
#155 = CARTESIAN_POINT ( 'NONE',  ( -0.6462799621470020073, -0.7178408239904912058, -6.040000000000666169 ) ) ;
#156 = CARTESIAN_POINT ( 'NONE',  ( -0.6132059566506999904, 0.1067594046733000013, -5.871436141134000586 ) ) ;
#157 = CARTESIAN_POINT ( 'NONE',  ( 0.000000000000000000, 0.9499999999999999556, -4.306250000000000355 ) ) ;
#158 = VERTEX_POINT ( 'NONE', #438 ) ;
#159 = B_SPLINE_CURVE_WITH_KNOTS ( 'NONE', 3,
 ( #2045, #1657, #3046, #239, #947, #602 ),
 .UNSPECIFIED., .F., .F.,
 ( 4, 2, 4 ),
 ( 0.000000000000000000, 0.1389571353008580701, 0.2779142706017161402 ),
 .UNSPECIFIED. ) ;
#160 = CARTESIAN_POINT ( 'NONE',  ( 0.9614759445666999360, 0.2361540060120000117, -9.206616044675000055 ) ) ;
#161 = CARTESIAN_POINT ( 'NONE',  ( -0.9426672457057454491, -0.03457155515204351354, -9.420956924434765511 ) ) ;
#162 = CARTESIAN_POINT ( 'NONE',  ( -0.9062325578027999873, 0.4020081476325999548, -5.632815307801000593 ) ) ;
#163 = EDGE_CURVE ( 'NONE', #2121, #1702, #267, .T. ) ;
#164 = CARTESIAN_POINT ( 'NONE',  ( 0.5496446311538722984, -0.3501147525817138728, -7.578939901824510272 ) ) ;
#165 =( BOUNDED_SURFACE ( )  B_SPLINE_SURFACE ( 3, 3, ( 
 ( #3918, #2469, #2511, #95, #799, #417, #1501 ),
 ( #2890, #2189, #4278, #3899, #1785, #1806, #2809 ),
 ( #3197, #756, #2551, #377, #1161, #52, #2852 ),
 ( #3941, #735, #820, #4238, #2144, #1120, #1829 ) ),
 .UNSPECIFIED., .F., .F., .T. ) 
 B_SPLINE_SURFACE_WITH_KNOTS ( ( 4, 4 ),
 ( 4, 3, 4 ),
 ( 0.01829912646677369845, 0.9813463654232630340 ),
 ( 0.000000000000000000, 0.5000000000000000000, 1.000000000000000000 ),
 .UNSPECIFIED. ) 
 GEOMETRIC_REPRESENTATION_ITEM ( )  RATIONAL_B_SPLINE_SURFACE ( (
 ( 1.000000000000000000, 0.8047378541221988923, 0.8047378541221988923, 1.000000000000000000, 0.8047378541221988923, 0.8047378541221988923, 1.000000000000000000),
 ( 1.000000000000000000, 0.8047378541221988923, 0.8047378541221988923, 1.000000000000000000, 0.8047378541221988923, 0.8047378541221988923, 1.000000000000000000),
 ( 1.000000000000000000, 0.8047378541221988923, 0.8047378541221988923, 1.000000000000000000, 0.8047378541221988923, 0.8047378541221988923, 1.000000000000000000),
 ( 1.000000000000000000, 0.8047378541221988923, 0.8047378541221988923, 1.000000000000000000, 0.8047378541221988923, 0.8047378541221988923, 1.000000000000000000) ) ) 
 REPRESENTATION_ITEM ( '' )  SURFACE ( )  );
#166 = CARTESIAN_POINT ( 'NONE',  ( 0.7833579175731000266, 0.6054379079772999050, -9.712361220751999369 ) ) ;
#167 = CARTESIAN_POINT ( 'NONE',  ( 0.5000000000000000000, -0.5773502691895999739, 0.8000000000000000444 ) ) ;
#168 = CARTESIAN_POINT ( 'NONE',  ( -0.8014754353077000459, -0.1016360443881999948, -5.272370380377999766 ) ) ;
#169 = VECTOR ( 'NONE', #1923, 1000.000000000000000 ) ;
#170 = VERTEX_POINT ( 'NONE', #3349 ) ;
#171 = CARTESIAN_POINT ( 'NONE',  ( -0.2758127642761999954, -0.6255450281102000742, -5.751151358866000152 ) ) ;
#172 = CARTESIAN_POINT ( 'NONE',  ( -0.6658613190501000423, 1.004993965750000218, 1.399999999999999911 ) ) ;
#173 = CARTESIAN_POINT ( 'NONE',  ( 0.000000000000000000, -0.5524972525275000379, -9.799997757242000063 ) ) ;
#174 = DIRECTION ( 'NONE',  ( 0.000000000000000000, 0.000000000000000000, -1.000000000000000000 ) ) ;
#175 = CARTESIAN_POINT ( 'NONE',  ( 0.8486294727426000328, 0.005432776039619000193, -3.723654619621999728 ) ) ;
#176 = ORIENTED_EDGE ( 'NONE', *, *, #2464, .T. ) ;
#177 = CARTESIAN_POINT ( 'NONE',  ( 0.8476155584293201262, -0.4958873258251215166, -2.672083333334333233 ) ) ;
#178 = B_SPLINE_CURVE_WITH_KNOTS ( 'NONE', 3,
 ( #3705, #2315, #3096, #4405, #3072, #3439, #314, #626, #3801, #4477 ),
 .UNSPECIFIED., .F., .F.,
 ( 4, 2, 2, 2, 4 ),
 ( 0.000000000000000000, 0.2500000000000000000, 0.5000000000000000000, 0.7500000000000000000, 1.000000000000000000 ),
 .UNSPECIFIED. ) ;
#179 = CARTESIAN_POINT ( 'NONE',  ( -1.905129515670999973, -0.6385160154361001483, 0.9000000000000000222 ) ) ;
#180 = CARTESIAN_POINT ( 'NONE',  ( -0.7486669977553999100, -0.3036288583960999876, -7.232545380378000210 ) ) ;
#181 = CARTESIAN_POINT ( 'NONE',  ( 0.4958873258251145777, -0.8476155584293242340, -7.232291666668666963 ) ) ;
#182 = CARTESIAN_POINT ( 'NONE',  ( 0.000000000000000000, -0.9499999999999999556, -7.287500000001999823 ) ) ;
#183 = CARTESIAN_POINT ( 'NONE',  ( -0.8734557011251999903, -0.01675945936045999951, -8.993647492335998805 ) ) ;
#184 = PLANE ( 'NONE',  #3565 ) ;
#185 = LINE ( 'NONE', #1578, #4354 ) ;
#186 = CARTESIAN_POINT ( 'NONE',  ( 0.1508892271041765432, -0.6341135976864175072, -6.336056906801553090 ) ) ;
#187 = CARTESIAN_POINT ( 'NONE',  ( -0.2487094184091902249, 0.9500000000000005107, -7.061145833335333855 ) ) ;
#188 = CARTESIAN_POINT ( 'NONE',  ( 0.06825915906328801352, 0.6492951969449674010, -8.689817366393480569 ) ) ;
#189 = CARTESIAN_POINT ( 'NONE',  ( 0.05257223854220000048, -0.9306453099727000078, -5.209004619622000121 ) ) ;
#190 = AXIS2_PLACEMENT_3D ( 'NONE', #2802, #2461, #3848 ) ;
#191 = ORIENTED_EDGE ( 'NONE', *, *, #2560, .T. ) ;
#192 = LINE ( 'NONE', #896, #929 ) ;
#193 = EDGE_CURVE ( 'NONE', #3280, #2828, #1181, .T. ) ;
#194 = CARTESIAN_POINT ( 'NONE',  ( -1.907746549697000082, 0.6306538476612000288, 1.399999999999999911 ) ) ;
#195 = LINE ( 'NONE', #1587, #4141 ) ;
#196 = CARTESIAN_POINT ( 'NONE',  ( 0.2584968851705777837, -0.5983911754698399976, -4.991750147331923237 ) ) ;
#197 = CARTESIAN_POINT ( 'NONE',  ( 0.000000000000000000, 0.000000000000000000, 0.000000000000000000 ) ) ;
#198 = ORIENTED_EDGE ( 'NONE', *, *, #3289, .F. ) ;
#199 = CARTESIAN_POINT ( 'NONE',  ( 0.01455165654316745334, -0.9292207367245636229, -9.423219218839786748 ) ) ;
#200 = EDGE_CURVE ( 'NONE', #3490, #1584, #1591, .T. ) ;
#201 = CYLINDRICAL_SURFACE ( 'NONE', #2690, 0.9499999999999999556 ) ;
#202 = CARTESIAN_POINT ( 'NONE',  ( 0.8067505864092000545, 0.04279879451716000344, -8.261332880377999288 ) ) ;
#203 = CARTESIAN_POINT ( 'NONE',  ( -0.4711775999435000029, -0.4953597939214999246, -1.792811141135000064 ) ) ;
#204 = ORIENTED_EDGE ( 'NONE', *, *, #1738, .T. ) ;
#205 = CARTESIAN_POINT ( 'NONE',  ( 0.4957848381483369593, -0.8475359274207395766, -9.219808786911702470 ) ) ;
#206 = CARTESIAN_POINT ( 'NONE',  ( -0.2327066432913000027, 0.7205340247004000664, -8.560766231725001063 ) ) ;
#207 = CARTESIAN_POINT ( 'NONE',  ( 1.199999999999999956, -9.123470989108999504E-10, 1.399999999986999866 ) ) ;
#208 = CARTESIAN_POINT ( 'NONE',  ( 0.03881343628324999961, -1.055650462572000015, -6.081261141133999182 ) ) ;
#209 = AXIS2_PLACEMENT_3D ( 'NONE', #2059, #3766, #3037 ) ;
#210 = CARTESIAN_POINT ( 'NONE',  ( 0.5132526685376114228, 0.4020916820761626931, -8.111604042548531623 ) ) ;
#211 = DIRECTION ( 'NONE',  ( -0.9848077530122130163, 0.1736481776669025201, 0.000000000000000000 ) ) ;
#212 = CARTESIAN_POINT ( 'NONE',  ( -0.8541879657022000139, 0.3731319505073000253, -2.414095380379000400 ) ) ;
#213 = VECTOR ( 'NONE', #4197, 1000.000000000000114 ) ;
#214 = CARTESIAN_POINT ( 'NONE',  ( 0.2658072399106999884, -0.7629154368575999934, -5.747195380377999818 ) ) ;
#215 = VECTOR ( 'NONE', #2574, 1000.000000000000000 ) ;
#216 = VERTEX_POINT ( 'NONE', #4002 ) ;
#217 = CARTESIAN_POINT ( 'NONE',  ( 0.8476155584293235679, 0.4958873258251159100, -2.429166666667665897 ) ) ;
#218 = DIRECTION ( 'NONE',  ( 0.7016738431598624759, -0.1237240302064933073, -0.7016738431598624759 ) ) ;
#219 = CARTESIAN_POINT ( 'NONE',  ( -0.09784965060900288614, -0.6450116432029326941, -3.064049328974610464 ) ) ;
#220 = CARTESIAN_POINT ( 'NONE',  ( 0.4584969748470124618, 0.4631678420696809240, -5.448319410809689067 ) ) ;
#221 = CARTESIAN_POINT ( 'NONE',  ( 0.000000000000000000, -1.019626234635999884, 1.399999999999999911 ) ) ;
#222 = EDGE_CURVE ( 'NONE', #2947, #2121, #4125, .T. ) ;
#223 = ORIENTED_EDGE ( 'NONE', *, *, #3041, .T. ) ;
#224 = CARTESIAN_POINT ( 'NONE',  ( 0.2487094184091941385, 0.9499999999999996225, -2.478854166667666892 ) ) ;
#225 = CARTESIAN_POINT ( 'NONE',  ( -0.5466872976580999799, 0.4105151047231999639, -6.583673641134000221 ) ) ;
#226 = CARTESIAN_POINT ( 'NONE',  ( -0.7652427512141000143, 0.5629418546476999685, -6.195000000000000284 ) ) ;
#227 = EDGE_CURVE ( 'NONE', #3093, #4481, #1524, .T. ) ;
#228 = ORIENTED_EDGE ( 'NONE', *, *, #200, .F. ) ;
#229 = CARTESIAN_POINT ( 'NONE',  ( 0.8476650237822787037, 0.4959128796140488404, -9.054186064199969408 ) ) ;
#230 = CARTESIAN_POINT ( 'NONE',  ( 0.6260386131328999904, 0.1364848375767999944, -8.831605637586999791 ) ) ;
#231 = CARTESIAN_POINT ( 'NONE',  ( 0.1027825506186999804, -1.201174285348999726, 1.399999999999999911 ) ) ;
#232 = CARTESIAN_POINT ( 'NONE',  ( 0.7873788281429999758, -0.1809069863647000120, -7.458142119621999910 ) ) ;
#233 = CARTESIAN_POINT ( 'NONE',  ( -0.6485719765752451238, -0.07292606991564605512, -6.513611620376227762 ) ) ;
#234 = CARTESIAN_POINT ( 'NONE',  ( 0.000000000000000000, 0.000000000000000000, 0.000000000000000000 ) ) ;
#235 = FACE_OUTER_BOUND ( 'NONE', #1921, .T. ) ;
#236 = CARTESIAN_POINT ( 'NONE',  ( -1.003064251512999938, -0.3313131533210000312, -4.116851358865999622 ) ) ;
#237 = ORIENTED_EDGE ( 'NONE', *, *, #2126, .F. ) ;
#238 = CARTESIAN_POINT ( 'NONE',  ( -0.1894829845938000024, -0.6120854961150999918, -9.031790628129000353 ) ) ;
#239 = CARTESIAN_POINT ( 'NONE',  ( -0.3824111374506786176, -0.8903063044987512553, -9.317512624684061606 ) ) ;
#240 = FACE_OUTER_BOUND ( 'NONE', #1610, .T. ) ;
#241 = CARTESIAN_POINT ( 'NONE',  ( 0.8476155584293233458, 0.4958873258251160210, -5.211666666668334003 ) ) ;
#242 = AXIS2_PLACEMENT_3D ( 'NONE', #2634, #1902, #4020 ) ;
#243 = ORIENTED_EDGE ( 'NONE', *, *, #3647, .T. ) ;
#244 = CARTESIAN_POINT ( 'NONE',  ( 0.000000000000000000, 0.9499999999999999556, -8.281250000002000178 ) ) ;
#245 = EDGE_CURVE ( 'NONE', #1468, #1227, #1238, .T. ) ;
#246 = CARTESIAN_POINT ( 'NONE',  ( 0.7873788281429999758, -0.1809069863647000120, -7.628232880378000402 ) ) ;
#247 = CARTESIAN_POINT ( 'NONE',  ( 0.5000000000000000000, -0.5773502691895999739, 1.399999999999999911 ) ) ;
#248 = B_SPLINE_CURVE_WITH_KNOTS ( 'NONE', 3,
 ( #2527, #3217, #71, #91, #2224, #3915, #414, #817, #454, #111, #3614, #3255, #433, #1198, #492, #2507, #3278, #151, #3896, #4234, #1178, #1498, #2589, #3975, #2848, #2140, #4274, #1157, #2548, #472, #773, #3938, #2163, #3555, #2910, #2205, #1863, #4295, #560, #2248, #196, #2319, #265, #1948, #1904, #4066, #3366, #515, #2296, #2341, #4407, #1658, #220, #3322, #3048, #3728, #3685, #3299, #1218, #1243, #3639, #2973, #603, #1993, #1925, #2999 ),
 .UNSPECIFIED., .F., .F.,
 ( 4, 2, 2, 2, 2, 2, 2, 2, 2, 2, 2, 2, 2, 2, 2, 2, 2, 2, 2, 2, 2, 2, 2, 2, 2, 2, 2, 2, 2, 2, 2, 2, 4 ),
 ( 0.000000000000000000, 0.03125000000000000000, 0.06249999999999999306, 0.09375000000000000000, 0.1250000000000000000, 0.1562500000000000000, 0.1875000000000000000, 0.2187500000000000278, 0.2500000000000000555, 0.2812500000000000555, 0.3125000000000000555, 0.3437500000000000555, 0.3750000000000000555, 0.4062500000000000555, 0.4375000000000000555, 0.4687500000000000555, 0.5000000000000001110, 0.5312500000000001110, 0.5625000000000001110, 0.5937500000000001110, 0.6250000000000001110, 0.6562500000000001110, 0.6875000000000001110, 0.7187500000000001110, 0.7500000000000001110, 0.7812500000000001110, 0.8125000000000001110, 0.8437500000000001110, 0.8750000000000001110, 0.9062500000000001110, 0.9375000000000001110, 0.9687500000000001110, 1.000000000000000000 ),
 .UNSPECIFIED. ) ;
#249 = ORIENTED_EDGE ( 'NONE', *, *, #1455, .T. ) ;
#250 = EDGE_LOOP ( 'NONE', ( #2638, #3436, #2858, #3153 ) ) ;
#251 = CARTESIAN_POINT ( 'NONE',  ( 0.9499999999999990674, -0.2487094184091952209, -5.956979166667248471 ) ) ;
#252 = CARTESIAN_POINT ( 'NONE',  ( 0.05941502728101000219, 0.7548453605267000377, -9.264486898198999398 ) ) ;
#253 = EDGE_CURVE ( 'NONE', #3892, #1550, #322, .T. ) ;
#254 = PLANE ( 'NONE',  #863 ) ;
#255 = CARTESIAN_POINT ( 'NONE',  ( 0.6603636250218999360, -0.6578643021932999435, -6.097032880377999398 ) ) ;
#256 = CARTESIAN_POINT ( 'NONE',  ( -0.4305407289332000009, -0.3865124903618999963, 0.5999999999999999778 ) ) ;
#257 = B_SPLINE_CURVE_WITH_KNOTS ( 'NONE', 3,
 ( #2641, #4438, #1931, #2301, #4048, #905, #3690, #1295, #1664, #3352 ),
 .UNSPECIFIED., .F., .F.,
 ( 4, 2, 2, 2, 4 ),
 ( 0.000000000000000000, 0.2500000000000000000, 0.5000000000000000000, 0.7500000000000000000, 1.000000000000000000 ),
 .UNSPECIFIED. ) ;
#258 = CARTESIAN_POINT ( 'NONE',  ( 0.6135629504926999322, 0.3542407346318000028, 0.5999999999999999778 ) ) ;
#259 = CARTESIAN_POINT ( 'NONE',  ( 0.7679110207862999138, 0.7251995411031999517, -3.189698641134000034 ) ) ;
#260 = CARTESIAN_POINT ( 'NONE',  ( 0.7843270646405999802, -0.5037739061093999826, -3.784529619621999963 ) ) ;
#261 = EDGE_LOOP ( 'NONE', ( #734, #686, #4194, #4214 ) ) ;
#262 = CARTESIAN_POINT ( 'NONE',  ( 0.06664106393435000053, -0.7325133164564999744, -8.422979200898000229 ) ) ;
#263 = CARTESIAN_POINT ( 'NONE',  ( -0.4958873258251185745, -0.8476155584293220135, -5.355208333335333748 ) ) ;
#264 = LINE ( 'NONE', #653, #1379 ) ;
#265 = CARTESIAN_POINT ( 'NONE',  ( -0.2012007449529701619, -0.6199106769459734601, -5.067845024578248037 ) ) ;
#266 = CARTESIAN_POINT ( 'NONE',  ( 0.2487094184091882820, -0.9500000000000011768, -5.404895833334419919 ) ) ;
#267 = B_SPLINE_CURVE_WITH_KNOTS ( 'NONE', 3,
 ( #3220, #395, #3175, #495, #2955, #3258, #3002, #3960, #1951, #1928 ),
 .UNSPECIFIED., .F., .F.,
 ( 4, 2, 2, 2, 4 ),
 ( 0.000000000000000000, 0.2500000000000000000, 0.5000000000000000000, 0.7500000000000000000, 1.000000000000000000 ),
 .UNSPECIFIED. ) ;
#268 = VERTEX_POINT ( 'NONE', #926 ) ;
#269 = CARTESIAN_POINT ( 'NONE',  ( 2.072061146205541347E-06, -0.9188574765579954340, -9.433605489055741700 ) ) ;
#270 = CARTESIAN_POINT ( 'NONE',  ( 1.776744602543999907, -0.9382665196123000095, 0.9000000000464060124 ) ) ;
#271 = CARTESIAN_POINT ( 'NONE',  ( -0.6811075208665999803, 0.05901066829957000298, -7.849873641133998881 ) ) ;
#272 = CARTESIAN_POINT ( 'NONE',  ( -0.2235729871893218368, -0.7000163743606897526, -9.623389521478712183 ) ) ;
#273 = VERTEX_POINT ( 'NONE', #2934 ) ;
#274 = EDGE_LOOP ( 'NONE', ( #3497, #3031, #636, #3599 ) ) ;
#275 = CARTESIAN_POINT ( 'NONE',  ( 0.000000000000000000, 0.000000000000000000, 0.000000000000000000 ) ) ;
#276 = CARTESIAN_POINT ( 'NONE',  ( 0.05027840036736999640, 0.6387679849495000450, -9.359396137442999475 ) ) ;
#277 = CARTESIAN_POINT ( 'NONE',  ( 0.000000000000000000, -0.9499999999999999556, -4.107499999999999929 ) ) ;
#278 = CARTESIAN_POINT ( 'NONE',  ( 0.9308097589400999849, 0.04938023755988999591, -7.996332880377999608 ) ) ;
#279 = EDGE_CURVE ( 'NONE', #4207, #3917, #2926, .T. ) ;
#280 = CARTESIAN_POINT ( 'NONE',  ( -0.5954510308229047366, 0.4380805577606272649, -5.841408726381427385 ) ) ;
#281 = CARTESIAN_POINT ( 'NONE',  ( 0.000000000000000000, 0.9499999999999999556, -8.413749999999000195 ) ) ;
#282 = CARTESIAN_POINT ( 'NONE',  ( -0.7184994357380001251, 0.5938207592227999765, -1.780995380378999959 ) ) ;
#283 = VECTOR ( 'NONE', #53, 1000.000000000000114 ) ;
#284 = CARTESIAN_POINT ( 'NONE',  ( -0.6135629504926999322, 0.3542407346318000028, 0.5999999999999999778 ) ) ;
#285 = ADVANCED_FACE ( 'NONE', ( #903 ), #858, .T. ) ;
#286 = ORIENTED_EDGE ( 'NONE', *, *, #2343, .T. ) ;
#287 = VECTOR ( 'NONE', #1425, 1000.000000000000000 ) ;
#288 = CARTESIAN_POINT ( 'NONE',  ( 0.08832787348336999800, -0.7520105387245999973, -9.082717325718000723 ) ) ;
#289 = CARTESIAN_POINT ( 'NONE',  ( -0.7652427512141000143, 0.5629418546476999685, -6.195000000000000284 ) ) ;
#290 = CARTESIAN_POINT ( 'NONE',  ( -0.1194592710668000018, -0.5661154538010000348, 0.5999999999999999778 ) ) ;
#291 = CARTESIAN_POINT ( 'NONE',  ( 0.8830222215595000534, 0.5098131173177999909, 1.399999999999999911 ) ) ;
#292 = CARTESIAN_POINT ( 'NONE',  ( 0.3250000000000000111, -0.5629165124599000425, 0.6999999999999999556 ) ) ;
#293 = CARTESIAN_POINT ( 'NONE',  ( -0.8476155584293213474, 0.4958873258251194627, -3.533333333333667170 ) ) ;
#294 = VECTOR ( 'NONE', #2963, 1000.000000000000000 ) ;
#295 = ORIENTED_EDGE ( 'NONE', *, *, #3824, .T. ) ;
#296 = CARTESIAN_POINT ( 'NONE',  ( 1.011615104487000094, -0.3042036590673999896, -3.962811141134000348 ) ) ;
#297 = DIRECTION ( 'NONE',  ( 0.6644630243887069687, 0.2418447626480025314, 0.7071067811865078268 ) ) ;
#298 = CARTESIAN_POINT ( 'NONE',  ( -0.9475026331281999337, 0.1649605910412999810, -6.156163858865999927 ) ) ;
#299 = CARTESIAN_POINT ( 'NONE',  ( -0.2500000000000000000, 0.7216878364869999674, 1.399999999999999911 ) ) ;
#300 = VERTEX_POINT ( 'NONE', #3688 ) ;
#301 = CARTESIAN_POINT ( 'NONE',  ( 0.000000000000000000, 0.9499999999999999556, -6.426250000001999751 ) ) ;
#302 = CARTESIAN_POINT ( 'NONE',  ( 0.9549092340120000078, 0.7358890412116001478, 1.399999999999999911 ) ) ;
#303 = CARTESIAN_POINT ( 'NONE',  ( -0.4337195708939999839, -0.4716370896110999578, -8.435762762695000916 ) ) ;
#304 = CARTESIAN_POINT ( 'NONE',  ( 0.8477307243209000198, 0.4287803855615999749, -3.229999999999999982 ) ) ;
#305 = CARTESIAN_POINT ( 'NONE',  ( 0.8067312399934999378, 0.4669574281009000183, -7.284095380377999973 ) ) ;
#306 = CARTESIAN_POINT ( 'NONE',  ( 0.9499999999999991784, -0.2487094184091953319, -6.486979166667248720 ) ) ;
#307 = DIRECTION ( 'NONE',  ( -0.3420201433256990775, -0.9396926207858972147, 0.000000000000000000 ) ) ;
#308 = CARTESIAN_POINT ( 'NONE',  ( -0.8612650937232999571, -0.6116606383948000047, -2.873148641134999792 ) ) ;
#309 = EDGE_CURVE ( 'NONE', #136, #3474, #4384, .T. ) ;
#310 = CARTESIAN_POINT ( 'NONE',  ( 0.7820357007850998743, 0.7101585354985000542, -5.066501358865999727 ) ) ;
#311 = ORIENTED_EDGE ( 'NONE', *, *, #733, .T. ) ;
#312 = CARTESIAN_POINT ( 'NONE',  ( 0.07916463097055000120, 0.7530302945783000634, -8.774839534134999397 ) ) ;
#313 = CARTESIAN_POINT ( 'NONE',  ( 0.8166454097304999271, -1.835828802400999882, 0.9000000000000000222 ) ) ;
#314 = CARTESIAN_POINT ( 'NONE',  ( -0.8476155584293226797, -0.4958873258251175198, -7.530416666668667602 ) ) ;
#315 = EDGE_CURVE ( 'NONE', #3917, #344, #2275, .T. ) ;
#316 = FACE_OUTER_BOUND ( 'NONE', #4173, .T. ) ;
#317 = CARTESIAN_POINT ( 'NONE',  ( 0.2487094184091882820, -0.9500000000000011768, -1.429895833334250632 ) ) ;
#318 = VERTEX_POINT ( 'NONE', #1975 ) ;
#319 = CARTESIAN_POINT ( 'NONE',  ( -0.6539639976889999318, 0.8295999473060999829, -4.358498641134000096 ) ) ;
#320 = B_SPLINE_CURVE_WITH_KNOTS ( 'NONE', 3,
 ( #4337, #3661, #537, #1588, #1266, #2660, #4043, #923, #3707, #582 ),
 .UNSPECIFIED., .F., .F.,
 ( 4, 2, 2, 2, 4 ),
 ( 0.000000000000000000, 0.2500000000000000555, 0.5000000000000001110, 0.7500000000000000000, 1.000000000000000000 ),
 .UNSPECIFIED. ) ;
#321 = CARTESIAN_POINT ( 'NONE',  ( -2.000008392267000001, -5.249276364245999779E-09, 0.9000000000000000222 ) ) ;
#322 = B_SPLINE_CURVE_WITH_KNOTS ( 'NONE', 3,
 ( #3281, #3642, #2913, #4298, #3302, #1546, #4046, #3600, #563, #154 ),
 .UNSPECIFIED., .F., .F.,
 ( 4, 2, 2, 2, 4 ),
 ( 0.000000000000000000, 0.2500000000000000000, 0.5000000000000000000, 0.7500000000000000000, 1.000000000000000000 ),
 .UNSPECIFIED. ) ;
#323 = CARTESIAN_POINT ( 'NONE',  ( 0.7958562797607000583, 0.6946171278059000143, -6.393576358866000398 ) ) ;
#324 = CARTESIAN_POINT ( 'NONE',  ( -0.7403410155676000137, 0.3234005842639000039, -2.679095380379000080 ) ) ;
#325 = EDGE_LOOP ( 'NONE', ( #3226, #131, #51, #3533 ) ) ;
#326 = CC_DESIGN_SECURITY_CLASSIFICATION ( #3091, ( #4464 ) ) ;
#327 = EDGE_LOOP ( 'NONE', ( #2662, #59, #2195, #66 ) ) ;
#328 = CARTESIAN_POINT ( 'NONE',  ( 0.4958873258251204619, 0.8476155584293210143, -7.143958333335334920 ) ) ;
#329 = CARTESIAN_POINT ( 'NONE',  ( 0.000000000000000000, -0.8447284326541675270, -0.8833333333333340809 ) ) ;
#330 = DIRECTION ( 'NONE',  ( 0.9396926207858973257, -0.3420201433256991330, 0.000000000000000000 ) ) ;
#331 = DIRECTION ( 'NONE',  ( 0.9848077530122130163, 0.1736481776669025201, 0.000000000000000000 ) ) ;
#332 = B_SPLINE_CURVE_WITH_KNOTS ( 'NONE', 3,
 ( #1396, #397, #1102, #3133, #3156, #302, #352, #2028, #664, #1416, #4127, #2789, #378, #1080, #688, #1786, #2810, #3859, #1765, #2470, #4174, #3450 ),
 .UNSPECIFIED., .F., .F.,
 ( 4, 1, 1, 1, 1, 1, 1, 1, 1, 1, 1, 1, 1, 1, 1, 1, 1, 1, 1, 4 ),
 ( 0.000000000000000000, 0.04991167702304000198, 0.1029373207863999995, 0.1559676964348999939, 0.2089952797943000207, 0.2620244206708000068, 0.3150541577766999835, 0.3680837636170999905, 0.4211121874295000178, 0.4741418251122000438, 0.5271707726025000040, 0.5802004102851999745, 0.6332288340976999219, 0.6862584399380000644, 0.7392881770440000722, 0.7923173179203999439, 0.8453449012797999984, 0.8983752769284000239, 0.9514009206917000139, 1.000000000000000000 ),
 .UNSPECIFIED. ) ;
#333 = DIRECTION ( 'NONE',  ( -0.4579850747972859515, 0.5458053582442828899, -0.7016738431598789072 ) ) ;
#334 = CARTESIAN_POINT ( 'NONE',  ( 0.000000000000000000, 0.9499999999999999556, -5.101250000002000462 ) ) ;
#335 = CARTESIAN_POINT ( 'NONE',  ( -0.3867522488831999783, 0.5637489253513000564, -1.337713858866000027 ) ) ;
#336 = CARTESIAN_POINT ( 'NONE',  ( 0.1614264904391720101, -0.9500000000000007327, -3.427083333333333925 ) ) ;
#337 = ORIENTED_EDGE ( 'NONE', *, *, #3294, .F. ) ;
#338 = CARTESIAN_POINT ( 'NONE',  ( 0.3601390573343999923, 0.6660491894233000476, -9.478560200609999598 ) ) ;
#339 = CARTESIAN_POINT ( 'NONE',  ( -1.102851783575000022, -1.679552376750000020, 1.399999999999999911 ) ) ;
#340 = DATE_AND_TIME ( #3463, #2726 ) ;
#341 = CARTESIAN_POINT ( 'NONE',  ( 0.000000000000000000, 0.9499999999999999556, -7.751250000002000817 ) ) ;
#342 = DIRECTION ( 'NONE',  ( 1.198895047152039366E-05, -7.313726617688235712E-09, 0.9999999999281324881 ) ) ;
#343 = ADVANCED_FACE ( 'NONE', ( #658 ), #4410, .T. ) ;
#344 = VERTEX_POINT ( 'NONE', #978 ) ;
#345 = CARTESIAN_POINT ( 'NONE',  ( 0.7843270646405999802, -0.5037739061093999826, -3.424620380378000206 ) ) ;
#346 = CARTESIAN_POINT ( 'NONE',  ( 0.000000000000000000, 0.000000000000000000, -9.402491419469999556 ) ) ;
#347 = CARTESIAN_POINT ( 'NONE',  ( 0.9308097589400999849, 0.04938023755988999591, -8.356242119621999365 ) ) ;
#348 = CARTESIAN_POINT ( 'NONE',  ( 0.1386100681378999999, 0.9217661343116000383, -1.586942119622000158 ) ) ;
#349 = EDGE_CURVE ( 'NONE', #3623, #566, #1639, .T. ) ;
#350 = ORIENTED_EDGE ( 'NONE', *, *, #36, .F. ) ;
#351 = CARTESIAN_POINT ( 'NONE',  ( 0.2500000000000000000, -0.7216878364869999674, 0.8000000000000000444 ) ) ;
#352 = CARTESIAN_POINT ( 'NONE',  ( 0.8196590648550999836, 0.8840490913594999389, 1.399999999999999911 ) ) ;
#353 = B_SPLINE_SURFACE_WITH_KNOTS ( 'NONE', 3, 3, ( 
 ( #2691, #4122, #2326, #4074, #2000, #3056, #1642, #3328, #1322, #3029, #4413, #203, #2982, #4364, #3876, #3854, #374, #1054, #4193, #2052, #732, #393, #1433, #1413, #2422, #753, #2445, #1460, #3447, #3494, #3152, #72, #4485, #1098, #3515 ),
 ( #2849, #1762, #1783, #1004, #2119, #1367, #2142, #3173, #1392, #50, #6, #2827, #3831, #3538, #4212, #2807, #2395, #415, #3809, #685, #4171, #324, #1715, #3129, #3784, #2076, #2786, #2488, #3471, #708, #1804, #3194, #3105, #661, #2097 ),
 ( #2760, #29, #4147, #1077, #1031, #2467, #348, #1737, #2206, #3256, #774, #493, #3300, #1827, #3897, #473, #2549, #435, #2888, #3556, #130, #1845, #1199, #2590, #796, #1864, #1521, #2911, #3976, #3218, #3615, #3236, #2164, #92, #175 ),
 ( #4296, #1478, #152, #818, #516, #3640, #2869, #1117, #856, #1158, #3939, #4255, #1139, #4275, #3958, #2528, #1568, #3597, #1179, #3916, #2568, #1884, #1544, #837, #2187, #2249, #2225, #4235, #3578, #3279, #2932, #2509, #455, #4317, #1905 ) ),
 .UNSPECIFIED., .F., .F., .F.,
 ( 4, 4 ),
 ( 4, 1, 1, 1, 1, 1, 1, 1, 1, 1, 1, 1, 1, 1, 1, 1, 1, 1, 1, 1, 1, 1, 1, 1, 1, 1, 1, 1, 1, 1, 1, 1, 4 ),
 ( -0.03722210892777000346, 1.037222108927999820 ),
 ( -0.02000000000000000042, 0.01250000000000000069, 0.04499999999999999833, 0.07749999999999999944, 0.1100000000000000006, 0.1424999999999999878, 0.1749999999999999889, 0.2074999999999999900, 0.2399999999999999911, 0.2725000000000000200, 0.3049999999999999933, 0.3375000000000000222, 0.3699999999999999956, 0.4025000000000000244, 0.4349999999999999978, 0.4675000000000000266, 0.5000000000000000000, 0.5324999999999999734, 0.5649999999999999467, 0.5975000000000000311, 0.6300000000000000044, 0.6624999999999999778, 0.6949999999999999512, 0.7275000000000000355, 0.7600000000000000089, 0.7924999999999999822, 0.8249999999999999556, 0.8575000000000000400, 0.8900000000000000133, 0.9224999999999999867, 0.9549999999999999600, 0.9875000000000000444, 1.020000000000000018 ),
 .UNSPECIFIED. ) ;
#354 = CARTESIAN_POINT ( 'NONE',  ( 0.000000000000000000, 0.7084814692635000855, 0.5999999999999999778 ) ) ;
#355 = CARTESIAN_POINT ( 'NONE',  ( -0.5383534229401999438, -0.4213849093179000138, -7.790463858866000457 ) ) ;
#356 = CARTESIAN_POINT ( 'NONE',  ( 0.9500000000000008438, 0.2487094184091889204, -3.119270833334333748 ) ) ;
#357 = CARTESIAN_POINT ( 'NONE',  ( 0.8090675227547999837, 1.839181029855999849, 0.9000000000464060124 ) ) ;
#358 = CARTESIAN_POINT ( 'NONE',  ( -0.1626581362851000079, -0.7913499456171999569, -2.983829619623000085 ) ) ;
#359 = CARTESIAN_POINT ( 'NONE',  ( -0.6539639976889999318, 0.8295999473060999829, -4.908226358866000005 ) ) ;
#360 = VECTOR ( 'NONE', #951, 1000.000000000000000 ) ;
#361 = VERTEX_POINT ( 'NONE', #3419 ) ;
#362 = CARTESIAN_POINT ( 'NONE',  ( -0.9079483302838999847, -0.3947569888135000205, -8.744745304349999415 ) ) ;
#363 = CARTESIAN_POINT ( 'NONE',  ( -0.7500000000000000000, 0.1443375672973999935, 1.399999999999999911 ) ) ;
#364 = PERSON_AND_ORGANIZATION ( #18446744073709551615, #18446744073709551615 ) ;
#365 = CIRCLE ( 'NONE', #1595, 0.5524972525275000379 ) ;
#366 = DIRECTION ( 'NONE',  ( -0.3535533905932821130, 0.6123724356957699344, 0.7071067811865646702 ) ) ;
#367 = CARTESIAN_POINT ( 'NONE',  ( -0.2500000000000000000, 0.7216878364869999674, 0.8000000000000000444 ) ) ;
#368 = AXIS2_PLACEMENT_3D ( 'NONE', #2492, #4489, #1371 ) ;
#369 = EDGE_LOOP ( 'NONE', ( #475, #1100, #18, #4457, #1174, #2605, #2816, #648 ) ) ;
#370 = CARTESIAN_POINT ( 'NONE',  ( -0.1572130716538999995, 0.7924498723461999017, -5.260554619621999883 ) ) ;
#371 = CARTESIAN_POINT ( 'NONE',  ( 0.2197041331118939622, 0.8241984354300605498, -9.528294120269883649 ) ) ;
#372 = CARTESIAN_POINT ( 'NONE',  ( 0.7483774904792001026, -0.7455450556274000329, -6.551851358866000119 ) ) ;
#373 = VECTOR ( 'NONE', #3097, 1000.000000000000000 ) ;
#374 = CARTESIAN_POINT ( 'NONE',  ( 0.6701284771418999364, 0.1353420814132999805, -2.188498641135000256 ) ) ;
#375 = EDGE_CURVE ( 'NONE', #125, #741, #1711, .T. ) ;
#376 = ORIENTED_EDGE ( 'NONE', *, *, #3188, .F. ) ;
#377 = CARTESIAN_POINT ( 'NONE',  ( 1.839108135934726976E-11, -1.999999999999757971, 0.06666666666662679486 ) ) ;
#378 = CARTESIAN_POINT ( 'NONE',  ( -0.3005455997517999522, 1.167499947769999880, 1.399999999999999911 ) ) ;
#379 = LINE ( 'NONE', #2811, #213 ) ;
#380 = CARTESIAN_POINT ( 'NONE',  ( -0.6811075208665999803, 0.05901066829957000298, -7.869601358865999430 ) ) ;
#381 = ADVANCED_FACE ( 'NONE', ( #1661 ), #3840, .F. ) ;
#382 = DIRECTION ( 'NONE',  ( 0.000000000000000000, 0.000000000000000000, -1.000000000000000000 ) ) ;
#383 = CARTESIAN_POINT ( 'NONE',  ( 0.5872887596240000674, 0.5546235533098999859, -3.379517119621999743 ) ) ;
#384 = ORIENTED_EDGE ( 'NONE', *, *, #637, .F. ) ;
#385 = CARTESIAN_POINT ( 'NONE',  ( 0.06855165419466999199, 0.8709227361038999193, -9.529486898198999967 ) ) ;
#386 = DIRECTION ( 'NONE',  ( 0.000000000000000000, 0.000000000000000000, -1.000000000000000000 ) ) ;
#387 = CARTESIAN_POINT ( 'NONE',  ( 0.000000000000000000, -0.7512477079160999605, -9.601245506712000832 ) ) ;
#388 = CARTESIAN_POINT ( 'NONE',  ( 0.000000000000000000, -0.9499999999999999556, -1.457500000001000107 ) ) ;
#389 = ORIENTED_EDGE ( 'NONE', *, *, #3521, .T. ) ;
#390 = CARTESIAN_POINT ( 'NONE',  ( 0.07726440976330999078, 0.9289212798457999742, -4.532545380378000033 ) ) ;
#391 = CARTESIAN_POINT ( 'NONE',  ( 1.199942304911999935, -0.01176711018481000140, 1.399999999999999911 ) ) ;
#392 = CARTESIAN_POINT ( 'NONE',  ( 0.2893045726046999944, -0.8860967201307000662, -7.169179619621999677 ) ) ;
#393 = CARTESIAN_POINT ( 'NONE',  ( -0.6264940654329999026, 0.2736692180204999825, -2.584186141135000003 ) ) ;
#394 = ORIENTED_EDGE ( 'NONE', *, *, #4282, .F. ) ;
#395 = CARTESIAN_POINT ( 'NONE',  ( -0.2487094184091922233, -0.9499999999999998446, -1.352604166666666829 ) ) ;
#396 = ADVANCED_FACE ( 'NONE', ( #1880 ), #1240, .F. ) ;
#397 = CARTESIAN_POINT ( 'NONE',  ( 1.200040220748000097, 0.06272722952537000685, 1.399999999986999866 ) ) ;
#398 = CARTESIAN_POINT ( 'NONE',  ( 0.6567814752463999595, 0.4481628038398000058, 0.6999999999999999556 ) ) ;
#399 = VECTOR ( 'NONE', #1801, 1000.000000000000000 ) ;
#400 = EDGE_CURVE ( 'NONE', #2538, #4207, #476, .T. ) ;
#401 = LINE ( 'NONE', #4222, #499 ) ;
#402 = CARTESIAN_POINT ( 'NONE',  ( -0.006726891479366999688, -0.6836259222395999480, -1.733401358865999997 ) ) ;
#403 = B_SPLINE_CURVE_WITH_KNOTS ( 'NONE', 2,
 ( #2908, #1196, #2246 ),
 .UNSPECIFIED., .F., .F.,
 ( 3, 3 ),
 ( 0.000000000000000000, 1.000000000000000000 ),
 .UNSPECIFIED. ) ;
#404 = EDGE_CURVE ( 'NONE', #4481, #4045, #874, .T. ) ;
#405 = ORIENTED_EDGE ( 'NONE', *, *, #2399, .F. ) ;
#406 = CARTESIAN_POINT ( 'NONE',  ( 0.8535669831659999929, 0.1860890823896000079, -9.001696398342998506 ) ) ;
#407 = CYLINDRICAL_SURFACE ( 'NONE', #1599, 0.9499999999999999556 ) ;
#408 = PLANE ( 'NONE',  #79 ) ;
#409 = CARTESIAN_POINT ( 'NONE',  ( -0.7984941926002999679, 0.1228811684295000040, -4.639270380377999992 ) ) ;
#410 = EDGE_LOOP ( 'NONE', ( #873, #3592, #2298, #3189, #1752, #1073, #930, #2374 ) ) ;
#411 = CARTESIAN_POINT ( 'NONE',  ( 0.4909403871114000339, 0.7923649281078001261, -5.244782880377999668 ) ) ;
#412 = FACE_OUTER_BOUND ( 'NONE', #87, .T. ) ;
#413 = CARTESIAN_POINT ( 'NONE',  ( -0.4398459519865035583, 0.4813245160592308780, -1.313867152308965780 ) ) ;
#414 = CARTESIAN_POINT ( 'NONE',  ( 0.07209183251966037875, -0.6480291612035237181, -3.698137234144801777 ) ) ;
#415 = CARTESIAN_POINT ( 'NONE',  ( 0.6882166012319000936, -0.4231437899436000238, -2.362545380379000193 ) ) ;
#416 = EDGE_LOOP ( 'NONE', ( #3646, #3324, #3871, #812 ) ) ;
#417 = CARTESIAN_POINT ( 'NONE',  ( -1.799999999999998712, -1.054415587736112103, 2.848021097452025157E-17 ) ) ;
#418 = DIRECTION ( 'NONE',  ( 0.000000000000000000, 0.000000000000000000, -1.000000000000000000 ) ) ;
#419 = CARTESIAN_POINT ( 'NONE',  ( -0.8476155584293226797, -0.4958873258251175198, -3.555416666666666892 ) ) ;
#420 = LINE ( 'NONE', #3621, #1826 ) ;
#421 = DIRECTION ( 'NONE',  ( 0.000000000000000000, 0.000000000000000000, 1.000000000000000000 ) ) ;
#422 = CARTESIAN_POINT ( 'NONE',  ( -0.1043908857084999975, 0.8011212768191999789, -1.955042119623000119 ) ) ;
#423 = EDGE_CURVE ( 'NONE', #2985, #680, #556, .T. ) ;
#424 = EDGE_LOOP ( 'NONE', ( #4426, #3108, #1262, #1461, #2397 ) ) ;
#425 = CARTESIAN_POINT ( 'NONE',  ( 0.09133828014710998477, 0.8688285559120000334, -8.869748773378999473 ) ) ;
#426 = CARTESIAN_POINT ( 'NONE',  ( 0.000000000000000000, 0.000000000000000000, 0.000000000000000000 ) ) ;
#427 = CARTESIAN_POINT ( 'NONE',  ( 0.8078228124974000668, -0.01072663880323000002, -4.955820380377999435 ) ) ;
#428 = CC_DESIGN_DATE_AND_TIME_ASSIGNMENT ( #744, #2819, ( #982 ) ) ;
#429 = VERTEX_POINT ( 'NONE', #3318 ) ;
#430 = CARTESIAN_POINT ( 'NONE',  ( 0.6900634196471000514, 0.6266394577710999725, -4.611682880377999005 ) ) ;
#431 = CARTESIAN_POINT ( 'NONE',  ( 1.984582836676000106, 0.3137457033211999979, 0.9000000000000000222 ) ) ;
#432 = CARTESIAN_POINT ( 'NONE',  ( 0.1487716353072341957, 0.6350886034160549976, -1.415326988637350292 ) ) ;
#433 = CARTESIAN_POINT ( 'NONE',  ( -0.5776074502009372891, 0.3033336605597702906, -3.926421865883690465 ) ) ;
#434 = B_SPLINE_CURVE_WITH_KNOTS ( 'NONE', 3,
 ( #1693, #2762, #2424, #3083, #4465, #3811, #687, #2100, #3498, #1644 ),
 .UNSPECIFIED., .F., .F.,
 ( 4, 2, 2, 2, 4 ),
 ( 0.000000000000000000, 0.2500000000000000000, 0.5000000000000000000, 0.7500000000000000000, 1.000000000000000000 ),
 .UNSPECIFIED. ) ;
#435 = CARTESIAN_POINT ( 'NONE',  ( 0.7940480484092999891, -0.4882133037765000183, -2.457454619622999825 ) ) ;
#436 = AXIS2_PLACEMENT_3D ( 'NONE', #4042, #1862, #2659 ) ;
#437 = ORIENTED_EDGE ( 'NONE', *, *, #2406, .F. ) ;
#438 = CARTESIAN_POINT ( 'NONE',  ( 0.8830222215595000534, 0.5098131173177999909, 0.8000000000000000444 ) ) ;
#439 = CARTESIAN_POINT ( 'NONE',  ( 0.000000000000000000, 0.000000000000000000, 0.000000000000000000 ) ) ;
#440 = CARTESIAN_POINT ( 'NONE',  ( -1.839294458788785683E-11, 1.999999999999527711, 0.2000000000000000111 ) ) ;
#441 = DIRECTION ( 'NONE',  ( 0.000000000000000000, 1.000000000000000000, 0.000000000000000000 ) ) ;
#442 = CARTESIAN_POINT ( 'NONE',  ( -0.5100090193881000600, -0.8262849547386000859, -9.455850447385000024 ) ) ;
#443 = CARTESIAN_POINT ( 'NONE',  ( -0.5306283041863488759, 0.7110148089432720697, -9.476353439328697448 ) ) ;
#444 = ORIENTED_EDGE ( 'NONE', *, *, #315, .F. ) ;
#445 = LINE ( 'NONE', #2601, #4283 ) ;
#446 = ADVANCED_FACE ( 'NONE', ( #1944 ), #3972, .T. ) ;
#447 = CARTESIAN_POINT ( 'NONE',  ( 1.776744602543999907, -0.9382665196123000095, 0.9000000000000000222 ) ) ;
#448 = CARTESIAN_POINT ( 'NONE',  ( 0.6725527820418999436, 0.1222104188130000019, -3.515573641134000393 ) ) ;
#449 = VERTEX_POINT ( 'NONE', #2563 ) ;
#450 = CARTESIAN_POINT ( 'NONE',  ( -0.8014754353077000459, -0.1016360443881999948, -5.102279619622000162 ) ) ;
#451 = EDGE_CURVE ( 'NONE', #851, #2776, #192, .T. ) ;
#452 = CARTESIAN_POINT ( 'NONE',  ( -0.7500000000000000000, -0.1443375672973999935, 0.8000000000000000444 ) ) ;
#453 = CARTESIAN_POINT ( 'NONE',  ( -0.6091712906394445293, -0.2322231067311538444, -1.187042356898484252 ) ) ;
#454 = CARTESIAN_POINT ( 'NONE',  ( -0.3740789933432330794, -0.5341971610495580558, -3.774232111391106148 ) ) ;
#455 = CARTESIAN_POINT ( 'NONE',  ( 0.7679110207862999138, 0.7251995411031999517, -3.739426358865999944 ) ) ;
#456 = VERTEX_POINT ( 'NONE', #2293 ) ;
#457 = FACE_OUTER_BOUND ( 'NONE', #3663, .T. ) ;
#458 = CARTESIAN_POINT ( 'NONE',  ( -0.8945595713346590205, -0.3971856280894172087, -8.734583333333002741 ) ) ;
#459 = CARTESIAN_POINT ( 'NONE',  ( 0.000000000000000000, -0.9499999999999999556, -4.770000000001999751 ) ) ;
#460 = LINE ( 'NONE', #1528, #2038 ) ;
#461 = CARTESIAN_POINT ( 'NONE',  ( -0.2583489518507999794, -0.8345427253185999650, -8.861699867372999861 ) ) ;
#462 = DIRECTION ( 'NONE',  ( -0.9848077530122130163, 0.1736481776669025201, 0.000000000000000000 ) ) ;
#463 = CIRCLE ( 'NONE', #3230, 0.9499999999999997335 ) ;
#464 = ORIENTED_EDGE ( 'NONE', *, *, #1846, .F. ) ;
#465 = CARTESIAN_POINT ( 'NONE',  ( 0.000000000000000000, 0.9499999999999999556, -8.413749999999000195 ) ) ;
#466 = CARTESIAN_POINT ( 'NONE',  ( 0.000000000000000000, 0.9499999999999999556, -6.293750000000000178 ) ) ;
#467 = DIRECTION ( 'NONE',  ( 0.3535533905932821130, -0.6123724356957699344, 0.7071067811865646702 ) ) ;
#468 = ORIENTED_EDGE ( 'NONE', *, *, #3521, .F. ) ;
#469 = CARTESIAN_POINT ( 'NONE',  ( -0.6782274563372999721, -0.08600682294286000895, -5.197188858866000238 ) ) ;
#470 = CARTESIAN_POINT ( 'NONE',  ( -1.144647929817999898, 0.3783923085966999778, 1.399999999999999911 ) ) ;
#471 = CARTESIAN_POINT ( 'NONE',  ( 0.5165851347155007156, 0.3979949816620809155, -2.150910802019143198 ) ) ;
#472 = CARTESIAN_POINT ( 'NONE',  ( -0.5883096287586052631, 0.2813396302461595999, -4.585910802018180910 ) ) ;
#473 = CARTESIAN_POINT ( 'NONE',  ( 0.5423341466396999211, 0.7581149032601999238, -2.299179619622999660 ) ) ;
#474 = ADVANCED_FACE ( 'NONE', ( #3953 ), #1772, .F. ) ;
#475 = ORIENTED_EDGE ( 'NONE', *, *, #1945, .F. ) ;
#476 = B_SPLINE_CURVE_WITH_KNOTS ( 'NONE', 3,
 ( #2970, #1517, #3251, #217, #2221, #2907, #4356, #1901, #4019, #1562 ),
 .UNSPECIFIED., .F., .F.,
 ( 4, 2, 2, 2, 4 ),
 ( 0.000000000000000000, 0.2500000000000000000, 0.5000000000000000000, 0.7500000000000000000, 1.000000000000000000 ),
 .UNSPECIFIED. ) ;
#477 = CARTESIAN_POINT ( 'NONE',  ( 0.5000000000000000000, -0.5773502691895999739, 0.8000000000000000444 ) ) ;
#478 = CARTESIAN_POINT ( 'NONE',  ( -0.8476155584293213474, 0.4958873258251194627, -2.208333333334334014 ) ) ;
#479 = CARTESIAN_POINT ( 'NONE',  ( -1.654311405567086724E-11, 1.799999999999999378, -2.442481754933009740E-17 ) ) ;
#480 = CARTESIAN_POINT ( 'NONE',  ( -0.9499999999999997335, 0.2487094184091931393, -7.480729166668666608 ) ) ;
#481 = EDGE_CURVE ( 'NONE', #3219, #1515, #695, .T. ) ;
#482 = CARTESIAN_POINT ( 'NONE',  ( -0.8735951967301999188, 0.006122756140832999808, -8.333909367517000177 ) ) ;
#483 = CARTESIAN_POINT ( 'NONE',  ( -0.2487094184091920568, -0.9500000000000000666, -8.772604166665667336 ) ) ;
#484 = CARTESIAN_POINT ( 'NONE',  ( -1.050383582483999989, -0.1122466050645000019, -6.239536141133999791 ) ) ;
#485 = CARTESIAN_POINT ( 'NONE',  ( -0.2487094184091920568, -0.9500000000000000666, -1.485104166667666759 ) ) ;
#486 = CARTESIAN_POINT ( 'NONE',  ( -0.2570398958622939212, -0.5901296849481620921, -8.390960889374882825 ) ) ;
#487 = CARTESIAN_POINT ( 'NONE',  ( 0.6130684814174999220, 0.3025503094018000549, -4.148673641134000611 ) ) ;
#488 = EDGE_LOOP ( 'NONE', ( #585, #2468, #3459, #3448, #4319, #4136, #1979, #1006, #4434, #1799, #3354 ) ) ;
#489 = DIRECTION ( 'NONE',  ( -0.9848077530122130163, -0.1736481776669025201, 0.000000000000000000 ) ) ;
#490 = CARTESIAN_POINT ( 'NONE',  ( 0.000000000000000000, -0.9499999999999999556, -0.7950000000000000400 ) ) ;
#491 = CARTESIAN_POINT ( 'NONE',  ( 0.8476155584293201262, -0.4958873258251215166, -6.647083333335333855 ) ) ;
#492 = CARTESIAN_POINT ( 'NONE',  ( -0.2332099444971512947, 0.6094439337847036287, -4.002516743129975296 ) ) ;
#493 = CARTESIAN_POINT ( 'NONE',  ( -0.6424230615848000037, -0.6753940667707000189, -1.982629619622000128 ) ) ;
#494 = VERTEX_POINT ( 'NONE', #103 ) ;
#495 = CARTESIAN_POINT ( 'NONE',  ( -0.8476155584293225687, -0.4958873258251174088, -1.435416666666666341 ) ) ;
#496 = CARTESIAN_POINT ( 'NONE',  ( -0.1745658559400377896, -0.9500000000000001776, -5.981875000000917986 ) ) ;
#497 = ADVANCED_FACE ( 'NONE', ( #144 ), #2558, .F. ) ;
#498 = FACE_OUTER_BOUND ( 'NONE', #2130, .T. ) ;
#499 = VECTOR ( 'NONE', #2496, 1000.000000000000000 ) ;
#500 = DIRECTION ( 'NONE',  ( 0.000000000000000000, 0.000000000000000000, -1.000000000000000000 ) ) ;
#501 = ORIENTED_EDGE ( 'NONE', *, *, #1583, .T. ) ;
#502 = AXIS2_PLACEMENT_3D ( 'NONE', #2790, #3790, #3452 ) ;
#503 = CARTESIAN_POINT ( 'NONE',  ( 0.9673311681826000097, 0.2108912047960000147, -8.546877919855001338 ) ) ;
#504 = CARTESIAN_POINT ( 'NONE',  ( 0.000000000000000000, -0.9499999999999999556, -8.612500000000000711 ) ) ;
#505 = LINE ( 'NONE', #4304, #294 ) ;
#506 = AXIS2_PLACEMENT_3D ( 'NONE', #398, #1788, #3178 ) ;
#507 = CARTESIAN_POINT ( 'NONE',  ( -0.1475928331861257048, -0.6357894529783769677, -7.046275761100305068 ) ) ;
#508 = DIRECTION ( 'NONE',  ( 0.8660254037844288266, 0.5000000000000169864, 0.000000000000000000 ) ) ;
#509 = CARTESIAN_POINT ( 'NONE',  ( -0.2669386554476000373, -0.5752692816234998840, -9.718308973989000066 ) ) ;
#510 = CARTESIAN_POINT ( 'NONE',  ( 0.9169863282307000318, 0.1666267484295999857, -3.705392119621999658 ) ) ;
#511 = ORIENTED_EDGE ( 'NONE', *, *, #1770, .F. ) ;
#512 = CARTESIAN_POINT ( 'NONE',  ( -0.4232332500163999978, 0.5369015468016999915, -4.643226358865999437 ) ) ;
#513 = PLANE ( 'NONE',  #242 ) ;
#514 = CARTESIAN_POINT ( 'NONE',  ( -0.09544877399908394122, -0.6507907963722819877, -9.701703325596378491 ) ) ;
#515 = CARTESIAN_POINT ( 'NONE',  ( -0.5162441510281255974, 0.3994642095884075594, -5.270764697235017060 ) ) ;
#516 = CARTESIAN_POINT ( 'NONE',  ( -1.031127928508999814, 0.2294675735813999917, -1.523576358866000069 ) ) ;
#517 = ORIENTED_EDGE ( 'NONE', *, *, #86, .F. ) ;
#518 = DIRECTION ( 'NONE',  ( 0.000000000000000000, 0.000000000000000000, 1.000000000000000000 ) ) ;
#519 = LINE ( 'NONE', #625, #3783 ) ;
#520 = CARTESIAN_POINT ( 'NONE',  ( -1.171572875280463499, 1.999999999988753441, 0.1999999999999999833 ) ) ;
#521 = CARTESIAN_POINT ( 'NONE',  ( -0.9500000000000003997, -0.2487094184091911409, -7.425520833335333748 ) ) ;
#522 = B_SPLINE_CURVE_WITH_KNOTS ( 'NONE', 2,
 ( #3476, #3522, #3813 ),
 .UNSPECIFIED., .F., .F.,
 ( 3, 3 ),
 ( 0.000000000000000000, 1.000000000000000000 ),
 .UNSPECIFIED. ) ;
#523 = CARTESIAN_POINT ( 'NONE',  ( -0.04062527970364000068, -0.8558475092431000464, -8.172640048116999623 ) ) ;
#524 = CARTESIAN_POINT ( 'NONE',  ( -0.6776200665438000259, 0.09067082368852000251, -3.237013858865999794 ) ) ;
#525 = CARTESIAN_POINT ( 'NONE',  ( -0.4642297715597999419, 0.9488918284100000822, -7.030911141134000175 ) ) ;
#526 = EDGE_CURVE ( 'NONE', #3681, #1358, #3930, .T. ) ;
#527 = CARTESIAN_POINT ( 'NONE',  ( 0.3985232016479547945, 0.5161867797279715564, -8.086239083466436384 ) ) ;
#528 = CARTESIAN_POINT ( 'NONE',  ( 0.000000000000000000, 0.9499999999999999556, -1.788750000001000151 ) ) ;
#529 = CARTESIAN_POINT ( 'NONE',  ( 0.8621778602514099665, -0.4681338344540880714, -9.293744279646331208 ) ) ;
#530 = CARTESIAN_POINT ( 'NONE',  ( 0.8358829682069000011, 0.4125096270975000534, -4.338492119621999876 ) ) ;
#531 = EDGE_CURVE ( 'NONE', #456, #4050, #1133, .T. ) ;
#532 = APPROVAL_PERSON_ORGANIZATION ( #4227, #3321, #1492 ) ;
#533 = ORIENTED_EDGE ( 'NONE', *, *, #1817, .F. ) ;
#534 = CARTESIAN_POINT ( 'NONE',  ( -0.6431204559247000185, 0.2316434982265000164, -5.909426358865999873 ) ) ;
#535 = CARTESIAN_POINT ( 'NONE',  ( 0.000000000000000000, 0.9499999999999999556, 0.000000000000000000 ) ) ;
#536 = CARTESIAN_POINT ( 'NONE',  ( 0.000000000000000000, 0.000000000000000000, -9.799997757242000063 ) ) ;
#537 = CARTESIAN_POINT ( 'NONE',  ( 0.9558784395599317918, 0.1218807638636199009, -3.795833333333333837 ) ) ;
#538 = CARTESIAN_POINT ( 'NONE',  ( -0.9499999999999997335, 0.2487094184091931393, -3.505729166667083341 ) ) ;
#539 = ORIENTED_EDGE ( 'NONE', *, *, #3647, .F. ) ;
#540 = CARTESIAN_POINT ( 'NONE',  ( 0.04510959371007000618, -0.9489284085510999445, -9.402491419469999556 ) ) ;
#541 = CARTESIAN_POINT ( 'NONE',  ( -0.1630467396443000261, -2.002646575511000115, 0.9000000000000000222 ) ) ;
#542 = CARTESIAN_POINT ( 'NONE',  ( 0.4843358941070999846, -0.4825027953252000179, -6.267123641134000778 ) ) ;
#543 = CARTESIAN_POINT ( 'NONE',  ( 0.000000000000000000, 0.000000000000000000, 0.000000000000000000 ) ) ;
#544 = ORIENTED_EDGE ( 'NONE', *, *, #1645, .T. ) ;
#545 = EDGE_LOOP ( 'NONE', ( #663, #1093, #4367, #3866 ) ) ;
#546 = CARTESIAN_POINT ( 'NONE',  ( 0.6135629504926999322, 0.3542407346318000028, 0.5999999999999999778 ) ) ;
#547 = CARTESIAN_POINT ( 'NONE',  ( 0.1079949962134999913, -0.7494405876591000437, -9.572364689782000724 ) ) ;
#548 = CARTESIAN_POINT ( 'NONE',  ( -1.199999999999999956, 9.123479565670000414E-10, 1.399999999986999866 ) ) ;
#549 = CARTESIAN_POINT ( 'NONE',  ( -0.8318433313573999621, -0.6511080116072001100, -7.505736141134000228 ) ) ;
#550 = CARTESIAN_POINT ( 'NONE',  ( 0.2808618697136950892, 0.5893885078691193380, -7.401385188249836489 ) ) ;
#551 = CARTESIAN_POINT ( 'NONE',  ( 0.6596141362516337869, 0.3336776491034394443, -3.583627578320089491 ) ) ;
#552 = CARTESIAN_POINT ( 'NONE',  ( 0.5165718873997879879, 0.3992456012905830631, -9.437520574523382777 ) ) ;
#553 = EDGE_CURVE ( 'NONE', #1134, #3490, #2196, .T. ) ;
#554 = CARTESIAN_POINT ( 'NONE',  ( 0.7795750326087000914, 0.2120263527520999947, -5.588920380378000097 ) ) ;
#555 = ORIENTED_EDGE ( 'NONE', *, *, #15, .F. ) ;
#556 = LINE ( 'NONE', #1922, #1743 ) ;
#557 = CARTESIAN_POINT ( 'NONE',  ( -1.200866562753000188, 0.04992904096569000111, 1.399999999999999911 ) ) ;
#558 = CARTESIAN_POINT ( 'NONE',  ( -0.6411938790883273676, -0.1230146840299357058, -2.531385188250588225 ) ) ;
#559 = EDGE_CURVE ( 'NONE', #3810, #1019, #3776, .T. ) ;
#560 = CARTESIAN_POINT ( 'NONE',  ( 0.5894727186727966028, -0.2785250558147041589, -4.915655270085557582 ) ) ;
#561 = LINE ( 'NONE', #3415, #2186 ) ;
#562 = ORIENTED_EDGE ( 'NONE', *, *, #705, .F. ) ;
#563 = CARTESIAN_POINT ( 'NONE',  ( -0.2487094184091901694, 0.9500000000000006217, -6.928645833335250082 ) ) ;
#564 = CARTESIAN_POINT ( 'NONE',  ( -0.6930753438828000101, 0.3074508113454999525, -5.992724547045000349 ) ) ;
#565 = CARTESIAN_POINT ( 'NONE',  ( 0.5000000000000000000, -0.5773502691895999739, 1.399999999999999911 ) ) ;
#566 = VERTEX_POINT ( 'NONE', #465 ) ;
#567 = CARTESIAN_POINT ( 'NONE',  ( 0.5500000000000000444, 0.1796029634390999830, 0.5999999999999999778 ) ) ;
#568 = VECTOR ( 'NONE', #3370, 1000.000000000000000 ) ;
#569 = CARTESIAN_POINT ( 'NONE',  ( -0.5876071527346999890, -0.2554793290344000156, -8.479745304349998847 ) ) ;
#570 = CARTESIAN_POINT ( 'NONE',  ( -1.189818704614000078, -0.1920702460074999729, 1.400000000007000089 ) ) ;
#571 = CARTESIAN_POINT ( 'NONE',  ( -0.1633616674368000010, 0.9177022943725998694, -6.492720380377999589 ) ) ;
#572 = VECTOR ( 'NONE', #711, 1000.000000000000000 ) ;
#573 = DIRECTION ( 'NONE',  ( 0.000000000000000000, 0.000000000000000000, -1.000000000000000000 ) ) ;
#574 = CARTESIAN_POINT ( 'NONE',  ( -0.9265206348639242195, -0.2730068703007839659, -5.568125000000416769 ) ) ;
#575 = CARTESIAN_POINT ( 'NONE',  ( 0.000000000000000000, 0.9499999999999999556, -9.076249999998999840 ) ) ;
#576 = CIRCLE ( 'NONE', #937, 2.000000000000000000 ) ;
#577 = CARTESIAN_POINT ( 'NONE',  ( 0.8888628902466001458, -0.5709173511951000091, -3.879438858866000039 ) ) ;
#578 = ADVANCED_FACE ( 'NONE', ( #2629 ), #4015, .T. ) ;
#579 = ORIENTED_EDGE ( 'NONE', *, *, #4308, .F. ) ;
#580 = CARTESIAN_POINT ( 'NONE',  ( 0.5170629434239000233, 0.3784156028612999934, -8.767895378201000511 ) ) ;
#581 = DIRECTION ( 'NONE',  ( -0.3420201433256880863, -0.9396926207859013225, 0.000000000000000000 ) ) ;
#582 = CARTESIAN_POINT ( 'NONE',  ( 0.000000000000000000, -0.9499999999999999556, -3.975000000000000089 ) ) ;
#583 = CARTESIAN_POINT ( 'NONE',  ( 0.8476155584293201262, -0.4958873258251215166, -5.322083333334667543 ) ) ;
#584 = ADVANCED_FACE ( 'NONE', ( #2238 ), #828, .T. ) ;
#585 = ORIENTED_EDGE ( 'NONE', *, *, #222, .F. ) ;
#586 = CARTESIAN_POINT ( 'NONE',  ( 0.7820357007850998743, 0.7101585354985000542, -4.516773641133999817 ) ) ;
#587 = CARTESIAN_POINT ( 'NONE',  ( -0.2880777063462999776, -0.6200007177285999926, -7.058498641134000273 ) ) ;
#588 = CARTESIAN_POINT ( 'NONE',  ( 0.000000000000000000, -0.9499999999999999556, -0.7950000000000000400 ) ) ;
#589 = ORIENTED_EDGE ( 'NONE', *, *, #245, .F. ) ;
#590 = EDGE_LOOP ( 'NONE', ( #879, #2562, #4126, #394, #2200, #4265, #1193, #1805 ) ) ;
#591 = CARTESIAN_POINT ( 'NONE',  ( 0.4958873258251204619, 0.8476155584293210143, -5.818958333333501542 ) ) ;
#592 = CARTESIAN_POINT ( 'NONE',  ( 0.06699098179399999575, 0.6372320332447000135, -8.699658012623000758 ) ) ;
#593 = CARTESIAN_POINT ( 'NONE',  ( 0.9579358802509999604, -0.7319447454695999777, 1.399999999999999911 ) ) ;
#594 = CARTESIAN_POINT ( 'NONE',  ( 0.2714946949366999762, 0.8917147323021000771, -7.204957880377999224 ) ) ;
#595 = CARTESIAN_POINT ( 'NONE',  ( -0.4615861269716839965, 0.4610345121342789287, -7.934049328973856952 ) ) ;
#596 = CARTESIAN_POINT ( 'NONE',  ( 0.000000000000000000, -0.7084814692635000855, 0.5999999999999999778 ) ) ;
#597 = CARTESIAN_POINT ( 'NONE',  ( -0.9098608461560998562, 0.2024807542221999934, -1.068757880378000014 ) ) ;
#598 = CARTESIAN_POINT ( 'NONE',  ( 1.011615104487000094, -0.3042036590673999896, -4.512538858865999813 ) ) ;
#599 = VERTEX_POINT ( 'NONE', #2923 ) ;
#600 = CARTESIAN_POINT ( 'NONE',  ( -0.2327066432913000027, 0.7205340247004000664, -8.730856992480999779 ) ) ;
#601 = DIRECTION ( 'NONE',  ( -0.9848077530122006928, -0.1736481776669719646, 0.000000000000000000 ) ) ;
#602 = CARTESIAN_POINT ( 'NONE',  ( 9.259816526925526082E-07, -0.9499838352209943881, -9.275008179579794287 ) ) ;
#603 = CARTESIAN_POINT ( 'NONE',  ( -0.6183778543039512021, -0.2074269127021110271, -5.828793797041118552 ) ) ;
#604 = CARTESIAN_POINT ( 'NONE',  ( 0.000000000000000000, -1.019626234635999884, 1.399999999999999911 ) ) ;
#605 = AXIS2_PLACEMENT_3D ( 'NONE', #1344, #3445, #953 ) ;
#606 = ORIENTED_EDGE ( 'NONE', *, *, #4339, .F. ) ;
#607 = DIRECTION ( 'NONE',  ( -0.9848077530122130163, -0.1736481776669025201, 0.000000000000000000 ) ) ;
#608 = CARTESIAN_POINT ( 'NONE',  ( 1.596559995877999905, -1.219907909123999934, 0.9000000000464060124 ) ) ;
#609 = CARTESIAN_POINT ( 'NONE',  ( 0.2121870186843000106, -0.6498971641512000241, -6.979361141134000412 ) ) ;
#610 = DIRECTION ( 'NONE',  ( 0.9848077530122130163, 0.1736481776669025201, 0.000000000000000000 ) ) ;
#611 = EDGE_CURVE ( 'NONE', #1027, #1584, #445, .T. ) ;
#612 = VERTEX_POINT ( 'NONE', #3991 ) ;
#613 = ORIENTED_EDGE ( 'NONE', *, *, #3398, .T. ) ;
#614 = FACE_OUTER_BOUND ( 'NONE', #1429, .T. ) ;
#615 = CARTESIAN_POINT ( 'NONE',  ( 0.08832787348336999800, -0.7520105387245999973, -8.912626564961998454 ) ) ;
#616 = CARTESIAN_POINT ( 'NONE',  ( 1.190215632286000025, -0.1887711916719000127, 1.400000000007000089 ) ) ;
#617 = CARTESIAN_POINT ( 'NONE',  ( -0.6102704503092001298, -0.7045811667017000124, -6.255307880377999119 ) ) ;
#618 = ADVANCED_FACE ( 'NONE', ( #1897 ), #3291, .T. ) ;
#619 = CARTESIAN_POINT ( 'NONE',  ( 0.000000000000000000, -1.019626234635999884, 0.8000000000000000444 ) ) ;
#620 = CARTESIAN_POINT ( 'NONE',  ( 0.9500000000000007327, 0.2487094184091886429, -8.551770833332330568 ) ) ;
#621 = CARTESIAN_POINT ( 'NONE',  ( 0.1386100681378999999, 0.9217661343116000383, -1.227032880377999957 ) ) ;
#622 = CARTESIAN_POINT ( 'NONE',  ( 0.9558784395599317918, 0.1218807638636199564, -3.265833333333333588 ) ) ;
#623 = ORIENTED_EDGE ( 'NONE', *, *, #2098, .T. ) ;
#624 = CARTESIAN_POINT ( 'NONE',  ( 0.07474513418282999200, -0.6363690917391999768, -8.987808086473998870 ) ) ;
#625 = CARTESIAN_POINT ( 'NONE',  ( 0.000000000000000000, -0.9499999999999999556, -7.287500000001999823 ) ) ;
#626 = CARTESIAN_POINT ( 'NONE',  ( -0.4958873258251184635, -0.8476155584293222356, -7.475208333335334743 ) ) ;
#627 = CARTESIAN_POINT ( 'NONE',  ( 0.01383714191368251231, 0.6521214478141951210, -6.031677397816405772 ) ) ;
#628 = CARTESIAN_POINT ( 'NONE',  ( 0.4958873258251145777, -0.8476155584293242340, -1.932291666667499852 ) ) ;
#629 = PLANE ( 'NONE',  #3350 ) ;
#630 = VERTEX_POINT ( 'NONE', #3432 ) ;
#631 = CARTESIAN_POINT ( 'NONE',  ( -0.9937253850819999235, 0.3579267652836000124, -5.624698641133999644 ) ) ;
#632 = CARTESIAN_POINT ( 'NONE',  ( 0.2487094184091881710, -0.9500000000000009548, -5.272395833335250970 ) ) ;
#633 = CARTESIAN_POINT ( 'NONE',  ( 0.1991245744559999864, 0.6540176287625000251, -7.375048641134000604 ) ) ;
#634 = FACE_OUTER_BOUND ( 'NONE', #3898, .T. ) ;
#635 = ORIENTED_EDGE ( 'NONE', *, *, #4282, .T. ) ;
#636 = ORIENTED_EDGE ( 'NONE', *, *, #763, .T. ) ;
#637 = EDGE_CURVE ( 'NONE', #1847, #1716, #644, .T. ) ;
#638 = CARTESIAN_POINT ( 'NONE',  ( 0.2500000000000000000, 0.7216878364869999674, 0.8000000000000000444 ) ) ;
#639 = CARTESIAN_POINT ( 'NONE',  ( -0.5409488206630999052, -0.6538928585679000260, -9.565420533847001749 ) ) ;
#640 = DIRECTION ( 'NONE',  ( 0.000000000000000000, -1.000000000000000000, 0.000000000000000000 ) ) ;
#641 = CARTESIAN_POINT ( 'NONE',  ( -0.7545995601486000792, 0.2885693348327999508, -7.141592119622000467 ) ) ;
#642 = LINE ( 'NONE', #3382, #3855 ) ;
#643 = ADVANCED_FACE ( 'NONE', ( #1258 ), #4133, .T. ) ;
#644 = LINE ( 'NONE', #4422, #1448 ) ;
#645 = CARTESIAN_POINT ( 'NONE',  ( -0.3701930790458000109, 0.8554657309247999386, -2.493232880379000260 ) ) ;
#646 = VECTOR ( 'NONE', #1014, 1000.000000000000114 ) ;
#647 = CARTESIAN_POINT ( 'NONE',  ( 0.7629036849656000152, -0.7306729434744000384, -5.224776358865999448 ) ) ;
#648 = ORIENTED_EDGE ( 'NONE', *, *, #2062, .F. ) ;
#649 = AXIS2_PLACEMENT_3D ( 'NONE', #3537, #1477, #1520 ) ;
#650 = CARTESIAN_POINT ( 'NONE',  ( -0.02979613113602999977, -0.6277112380243000667, -8.342730808873000115 ) ) ;
#651 = CARTESIAN_POINT ( 'NONE',  ( -0.8196590424602000491, -0.8840490913606999790, 1.399999999999999911 ) ) ;
#652 = APPROVAL_ROLE ( '' ) ;
#653 = CARTESIAN_POINT ( 'NONE',  ( 0.000000000000000000, 1.019626234635999884, 0.8000000000000000444 ) ) ;
#654 = DIRECTION ( 'NONE',  ( 1.000000000000000000, 0.000000000000000000, 0.000000000000000000 ) ) ;
#655 = CARTESIAN_POINT ( 'NONE',  ( 0.000000000000000000, 0.9499999999999999556, -2.451250000001000018 ) ) ;
#656 = VECTOR ( 'NONE', #2533, 1000.000000000000000 ) ;
#657 = ORIENTED_EDGE ( 'NONE', *, *, #3570, .T. ) ;
#658 = FACE_OUTER_BOUND ( 'NONE', #325, .T. ) ;
#659 = CARTESIAN_POINT ( 'NONE',  ( -0.5000000000000000000, -0.5773502691895999739, 1.399999999999999911 ) ) ;
#660 = CARTESIAN_POINT ( 'NONE',  ( -0.9286502135844000305, 0.08045759008626000852, -8.039692119621999922 ) ) ;
#661 = CARTESIAN_POINT ( 'NONE',  ( 0.7343453366752000777, 0.1887229721018000017, -3.602366213710999965 ) ) ;
#662 = EDGE_LOOP ( 'NONE', ( #1251, #775, #2327, #3396 ) ) ;
#663 = ORIENTED_EDGE ( 'NONE', *, *, #1817, .T. ) ;
#664 = CARTESIAN_POINT ( 'NONE',  ( 0.4854405152637999987, 1.103508617912999812, 1.399999999999999911 ) ) ;
#665 = CARTESIAN_POINT ( 'NONE',  ( 0.6308134757251999680, -0.1123689245008000076, -9.535326304062001768 ) ) ;
#666 = CARTESIAN_POINT ( 'NONE',  ( -0.8830222215595000534, -0.5098131173177999909, 1.399999999999999911 ) ) ;
#667 = CARTESIAN_POINT ( 'NONE',  ( 0.08280411305937999955, 0.8036826282942000077, -5.954529619622000780 ) ) ;
#668 = CARTESIAN_POINT ( 'NONE',  ( -0.5108481075709998542, 0.3757994187635000372, -5.930000000000000604 ) ) ;
#669 = CARTESIAN_POINT ( 'NONE',  ( -0.9079483302838999847, -0.3947569888135000205, -8.195017586618000394 ) ) ;
#670 = CARTESIAN_POINT ( 'NONE',  ( 0.3781790961625000058, -0.7597249951717000016, -0.8313453803780000984 ) ) ;
#671 = CARTESIAN_POINT ( 'NONE',  ( -0.1569494992392000132, -0.9369454918448999470, -8.099999999999999645 ) ) ;
#672 = EDGE_CURVE ( 'NONE', #4045, #3971, #4471, .T. ) ;
#673 = ORIENTED_EDGE ( 'NONE', *, *, #2645, .T. ) ;
#674 = CARTESIAN_POINT ( 'NONE',  ( -0.6406257582002999884, -0.01229202734152000029, -9.163738253092999386 ) ) ;
#675 = CARTESIAN_POINT ( 'NONE',  ( 0.1713042507097000122, -2.001957142248999677, 0.9000000000000000222 ) ) ;
#676 =( NAMED_UNIT ( * ) PLANE_ANGLE_UNIT ( ) SI_UNIT ( $, .RADIAN. ) );
#677 = LINE ( 'NONE', #1684, #1753 ) ;
#678 = CARTESIAN_POINT ( 'NONE',  ( 0.000000000000000000, -0.9499999999999999556, -2.120000000001000195 ) ) ;
#679 = EDGE_CURVE ( 'NONE', #4069, #3657, #3065, .T. ) ;
#680 = VERTEX_POINT ( 'NONE', #1699 ) ;
#681 = CARTESIAN_POINT ( 'NONE',  ( -0.4261754432873999798, -0.9665684992885998916, -5.466423641133999922 ) ) ;
#682 = CARTESIAN_POINT ( 'NONE',  ( 0.000000000000000000, -0.9499999999999999556, -2.650000000001000000 ) ) ;
#683 = CARTESIAN_POINT ( 'NONE',  ( -0.4642297715597999419, 0.9488918284100000822, -7.580638858866000085 ) ) ;
#684 = VECTOR ( 'NONE', #2738, 1000.000000000000114 ) ;
#685 = CARTESIAN_POINT ( 'NONE',  ( -0.3741809245231999537, -0.7160177322485999918, -2.520820380378999914 ) ) ;
#686 = ORIENTED_EDGE ( 'NONE', *, *, #1124, .F. ) ;
#687 = CARTESIAN_POINT ( 'NONE',  ( -0.8476155584293213474, 0.4958873258251194627, -4.195833333333333748 ) ) ;
#688 = CARTESIAN_POINT ( 'NONE',  ( -0.6658613106292999850, 1.004993965750000218, 1.399999999999999911 ) ) ;
#689 = DIRECTION ( 'NONE',  ( 0.000000000000000000, 0.000000000000000000, -1.000000000000000000 ) ) ;
#690 = CARTESIAN_POINT ( 'NONE',  ( -0.2831314098850000183, -0.7033605323249000341, -8.302275452955001356 ) ) ;
#691 = CARTESIAN_POINT ( 'NONE',  ( -0.2487094184091920568, -0.9500000000000000666, -2.810104166667583225 ) ) ;
#692 = CARTESIAN_POINT ( 'NONE',  ( -0.4958873258251166316, 0.8476155584293232348, -5.046041666668667602 ) ) ;
#693 = CARTESIAN_POINT ( 'NONE',  ( 0.7172999207532000376, 0.3717170667680999574, -2.746417119623000058 ) ) ;
#694 = CARTESIAN_POINT ( 'NONE',  ( -0.9709697581686000945, -0.4162230030603000230, -6.095288858865999693 ) ) ;
#695 = B_SPLINE_CURVE_WITH_KNOTS ( 'NONE', 3,
 ( #528, #1536, #1918, #4306, #1875, #848, #2880, #3313, #485, #4288 ),
 .UNSPECIFIED., .F., .F.,
 ( 4, 2, 2, 2, 4 ),
 ( 0.000000000000000000, 0.2500000000000000000, 0.5000000000000000000, 0.7500000000000000000, 1.000000000000000000 ),
 .UNSPECIFIED. ) ;
#696 = ORIENTED_EDGE ( 'NONE', *, *, #2120, .F. ) ;
#697 = CARTESIAN_POINT ( 'NONE',  ( 0.4023612564471000241, -0.6414251644056000456, -9.698472908882999732 ) ) ;
#698 = EDGE_CURVE ( 'NONE', #612, #1726, #3109, .T. ) ;
#699 = CARTESIAN_POINT ( 'NONE',  ( -1.800000000000000044, 0.000000000000000000, 0.000000000000000000 ) ) ;
#700 = COORDINATED_UNIVERSAL_TIME_OFFSET ( 10, 0, .AHEAD. ) ;
#701 = DIRECTION ( 'NONE',  ( 0.000000000000000000, 0.000000000000000000, -1.000000000000000000 ) ) ;
#702 = LINE ( 'NONE', #4504, #1888 ) ;
#703 = EDGE_LOOP ( 'NONE', ( #4269, #4250, #3030, #1 ) ) ;
#704 = CARTESIAN_POINT ( 'NONE',  ( -0.8768570753629000292, 0.3158323429311999941, -5.719607880377999720 ) ) ;
#705 = EDGE_CURVE ( 'NONE', #2788, #1590, #3368, .T. ) ;
#706 = CARTESIAN_POINT ( 'NONE',  ( 1.800000000000000044, 0.000000000000000000, 0.000000000000000000 ) ) ;
#707 = CARTESIAN_POINT ( 'NONE',  ( -0.4096334519550999809, 0.8372962248787000350, -7.485729619622000008 ) ) ;
#708 = CARTESIAN_POINT ( 'NONE',  ( -0.8007576702059999718, 0.1071475906887000007, -3.312195380379000298 ) ) ;
#709 = ORIENTED_EDGE ( 'NONE', *, *, #1173, .F. ) ;
#710 = LINE ( 'NONE', #1370, #3985 ) ;
#711 = DIRECTION ( 'NONE',  ( 0.6427876096865052791, 0.7660444431190065462, 0.000000000000000000 ) ) ;
#712 = FACE_OUTER_BOUND ( 'NONE', #984, .T. ) ;
#713 = CARTESIAN_POINT ( 'NONE',  ( -0.4320564158131999788, -0.5952680436099000438, -8.328654619621998378 ) ) ;
#714 = LINE ( 'NONE', #2123, #4349 ) ;
#715 = CARTESIAN_POINT ( 'NONE',  ( -1.109768865084000078, 1.674989942916999874, 0.9000000000464060124 ) ) ;
#716 = CARTESIAN_POINT ( 'NONE',  ( 0.8977521576917999457, -0.2508098623991999454, -2.730645380379000287 ) ) ;
#717 = AXIS2_PLACEMENT_3D ( 'NONE', #4195, #4257, #3879 ) ;
#718 = EDGE_LOOP ( 'NONE', ( #2503, #3551, #4201, #696 ) ) ;
#719 = CARTESIAN_POINT ( 'NONE',  ( 0.4935486717388000155, 0.8582624296245999762, -9.008640554278001034 ) ) ;
#720 = LINE ( 'NONE', #3549, #287 ) ;
#721 = COORDINATED_UNIVERSAL_TIME_OFFSET ( 10, 0, .AHEAD. ) ;
#722 = VECTOR ( 'NONE', #573, 1000.000000000000000 ) ;
#723 = CARTESIAN_POINT ( 'NONE',  ( 0.2500000000000000000, 0.7216878364869999674, 1.399999999999999911 ) ) ;
#724 = LINE ( 'NONE', #3870, #3416 ) ;
#725 = EDGE_CURVE ( 'NONE', #1019, #895, #2653, .T. ) ;
#726 = VECTOR ( 'NONE', #2945, 1000.000000000000114 ) ;
#727 = ORIENTED_EDGE ( 'NONE', *, *, #93, .T. ) ;
#728 = CARTESIAN_POINT ( 'NONE',  ( -0.6554527524664000016, 0.4723075727990999617, -5.181417119622000911 ) ) ;
#729 = CARTESIAN_POINT ( 'NONE',  ( 0.6979748510983647680, 0.4039376886167100889, -9.573323133305388311 ) ) ;
#730 = CARTESIAN_POINT ( 'NONE',  ( 1.029539336071000122, -0.2365454238456999869, -7.818051358866000555 ) ) ;
#731 = AXIS2_PLACEMENT_3D ( 'NONE', #1994, #3390, #974 ) ;
#732 = CARTESIAN_POINT ( 'NONE',  ( -0.6448187440321999642, -0.2271529049541999856, -2.505048641135000143 ) ) ;
#733 = EDGE_CURVE ( 'NONE', #3586, #2741, #1514, .T. ) ;
#734 = ORIENTED_EDGE ( 'NONE', *, *, #4033, .T. ) ;
#735 = CARTESIAN_POINT ( 'NONE',  ( 2.000000000021068480, -1.171572875225297627, 0.1999999999999999556 ) ) ;
#736 = DIRECTION ( 'NONE',  ( 0.000000000000000000, 0.000000000000000000, 1.000000000000000000 ) ) ;
#737 = CARTESIAN_POINT ( 'NONE',  ( 4.582125475429999378E-11, 0.5524983365087999809, -9.799998336669000665 ) ) ;
#738 = CARTESIAN_POINT ( 'NONE',  ( 0.4745746185022999830, 0.4921067814255000172, -8.107013858866000788 ) ) ;
#739 = CARTESIAN_POINT ( 'NONE',  ( 1.591515529313000110, 1.226481735345000157, 0.9000000000464060124 ) ) ;
#740 = CARTESIAN_POINT ( 'NONE',  ( -0.6673266814500999899, 0.1485071155039000279, -1.258576358865999945 ) ) ;
#741 = VERTEX_POINT ( 'NONE', #2674 ) ;
#742 = CARTESIAN_POINT ( 'NONE',  ( -0.8972986382145999862, -0.4184015332375000118, -9.404483429169999908 ) ) ;
#743 = CARTESIAN_POINT ( 'NONE',  ( -0.7500000000000000000, 0.1443375672973999935, 0.8000000000000000444 ) ) ;
#744 = DATE_AND_TIME ( #1068, #761 ) ;
#745 = B_SPLINE_CURVE_WITH_KNOTS ( 'NONE', 3,
 ( #2630, #2265, #4330, #529, #1212, #3654, #1941, #4267, #2037, #575 ),
 .UNSPECIFIED., .F., .F.,
 ( 4, 2, 2, 2, 4 ),
 ( 0.000000000000000000, 0.2500000000000000000, 0.5000000000000000000, 0.7500000000000000000, 1.000000000000000000 ),
 .UNSPECIFIED. ) ;
#746 = CARTESIAN_POINT ( 'NONE',  ( 1.055791090293000112, -0.03480438802717000096, -5.922986141134000349 ) ) ;
#747 = DIRECTION ( 'NONE',  ( 0.000000000000000000, 0.000000000000000000, -1.000000000000000000 ) ) ;
#748 = ORIENTED_EDGE ( 'NONE', *, *, #2179, .T. ) ;
#749 = CARTESIAN_POINT ( 'NONE',  ( -0.9212837269043999688, 0.1417773878209000193, -4.374270380377999423 ) ) ;
#750 = CARTESIAN_POINT ( 'NONE',  ( 0.6388500716378178179, -0.3781557137554380499, -9.633361817352723122 ) ) ;
#751 = DIRECTION ( 'NONE',  ( 0.000000000000000000, 0.000000000000000000, -1.000000000000000000 ) ) ;
#752 = CARTESIAN_POINT ( 'NONE',  ( -1.050383582483999989, -0.1122466050645000019, -6.789263858866000589 ) ) ;
#753 = CARTESIAN_POINT ( 'NONE',  ( 0.6584457070421000369, -0.1839535285608999704, -2.900736141134999890 ) ) ;
#754 = B_SPLINE_CURVE_WITH_KNOTS ( 'NONE', 3,
 ( #3509, #4455, #2460, #2438, #3464, #4139, #2780, #628, #3825, #3486 ),
 .UNSPECIFIED., .F., .F.,
 ( 4, 2, 2, 2, 4 ),
 ( 0.000000000000000000, 0.2500000000000000000, 0.5000000000000000000, 0.7500000000000000000, 1.000000000000000000 ),
 .UNSPECIFIED. ) ;
#755 = VERTEX_POINT ( 'NONE', #596 ) ;
#756 = CARTESIAN_POINT ( 'NONE',  ( 2.000000000021298074, -1.171572875225433963, 0.06666666666662679486 ) ) ;
#757 = CARTESIAN_POINT ( 'NONE',  ( 0.2487094184091941385, 0.9499999999999996225, -1.816354166667666803 ) ) ;
#758 = EDGE_CURVE ( 'NONE', #1065, #566, #4073, .T. ) ;
#759 = CARTESIAN_POINT ( 'NONE',  ( -0.1194592710668000018, 0.5661154538010000348, 0.5999999999999999778 ) ) ;
#760 = CARTESIAN_POINT ( 'NONE',  ( 0.6826914138783000130, 0.03621735147575000369, -8.186151358866000649 ) ) ;
#761 = LOCAL_TIME ( 18, 49, 50.00000000000000000, #700 ) ;
#762 = PLANE ( 'NONE',  #2685 ) ;
#763 = EDGE_CURVE ( 'NONE', #3557, #1027, #3677, .T. ) ;
#764 = CARTESIAN_POINT ( 'NONE',  ( -0.3208534082678000110, 0.7414484790773999690, -2.588142119622999893 ) ) ;
#765 = EDGE_LOOP ( 'NONE', ( #3482, #3069, #2900, #1943 ) ) ;
#766 = CARTESIAN_POINT ( 'NONE',  ( 0.4155199324173000086, 0.7684718125942000544, -9.573469439853999674 ) ) ;
#767 = CARTESIAN_POINT ( 'NONE',  ( -0.1569494992392000132, -0.9369454918448999470, -8.630000000000000782 ) ) ;
#768 = CARTESIAN_POINT ( 'NONE',  ( 0.2859733572304000160, 0.7555871816239000394, -4.164445380377999939 ) ) ;
#769 = EDGE_LOOP ( 'NONE', ( #1621, #3369, #2692, #2041 ) ) ;
#770 = CARTESIAN_POINT ( 'NONE',  ( 0.7147278188205998806, -0.3766399760438000066, -5.497967119622000354 ) ) ;
#771 = CARTESIAN_POINT ( 'NONE',  ( 1.999903841519999892, -0.01961185030800999957, 1.399999999999999911 ) ) ;
#772 = CARTESIAN_POINT ( 'NONE',  ( 0.5311988393393999308, -0.3583021327262999600, -9.579308845716001386 ) ) ;
#773 = CARTESIAN_POINT ( 'NONE',  ( -0.5007298332267946517, 0.4186663433367987519, -4.611275761100278814 ) ) ;
#774 = CARTESIAN_POINT ( 'NONE',  ( -0.009171722551418999211, -0.9320839063583999939, -1.903492119622000045 ) ) ;
#775 = ORIENTED_EDGE ( 'NONE', *, *, #1896, .F. ) ;
#776 = FACE_OUTER_BOUND ( 'NONE', #703, .T. ) ;
#777 = FACE_OUTER_BOUND ( 'NONE', #1312, .T. ) ;
#778 = DIRECTION ( 'NONE',  ( 0.7285049696539939168, -0.4206025403356966064, -0.5407162030608959613 ) ) ;
#779 = CARTESIAN_POINT ( 'NONE',  ( 0.6630979336808000557, 0.1664054844730999960, -6.840813858866000352 ) ) ;
#780 = B_SPLINE_CURVE_WITH_KNOTS ( 'NONE', 3,
 ( #4436, #1320, #3420, #2714, #2369, #1029, #3806, #3756, #632, #2784 ),
 .UNSPECIFIED., .F., .F.,
 ( 4, 2, 2, 2, 4 ),
 ( 0.000000000000000000, 0.2500000000000000000, 0.5000000000000000000, 0.7500000000000000000, 1.000000000000000000 ),
 .UNSPECIFIED. ) ;
#781 = EDGE_CURVE ( 'NONE', #300, #1078, #1355, .T. ) ;
#782 = CARTESIAN_POINT ( 'NONE',  ( 0.1154933520844999978, -0.9832934326953998161, -8.722808086474000078 ) ) ;
#783 = CARTESIAN_POINT ( 'NONE',  ( -0.8476155584293226797, -0.4958873258251175198, -8.855416666665666625 ) ) ;
#784 = EDGE_CURVE ( 'NONE', #3832, #2280, #3808, .T. ) ;
#785 = ORIENTED_EDGE ( 'NONE', *, *, #1566, .F. ) ;
#786 = CARTESIAN_POINT ( 'NONE',  ( -0.5743039079484000275, -0.6583166127478000673, -9.265591648271000125 ) ) ;
#787 = CARTESIAN_POINT ( 'NONE',  ( 1.199883573513000012, 0.01671556205242000215, 1.399999999999999911 ) ) ;
#788 = COORDINATED_UNIVERSAL_TIME_OFFSET ( 10, 0, .AHEAD. ) ;
#789 = CARTESIAN_POINT ( 'NONE',  ( 0.2249323688024000012, -0.6455970742780999805, -5.652286141133999742 ) ) ;
#790 = EDGE_CURVE ( 'NONE', #3516, #2906, #3159, .T. ) ;
#791 = ORIENTED_EDGE ( 'NONE', *, *, #672, .F. ) ;
#792 = CARTESIAN_POINT ( 'NONE',  ( 0.4968781225189999873, 0.4059311491884999845, -3.482543025532999881 ) ) ;
#793 = DIRECTION ( 'NONE',  ( -0.8660254037844288266, 0.5000000000000169864, 0.000000000000000000 ) ) ;
#794 = DIRECTION ( 'NONE',  ( -0.3420201433256990775, -0.9396926207858972147, 0.000000000000000000 ) ) ;
#795 = CARTESIAN_POINT ( 'NONE',  ( 1.054868931471000026, 0.05596168060139999900, -8.451151358865999441 ) ) ;
#796 = CARTESIAN_POINT ( 'NONE',  ( 0.8276036950847001084, 0.4288783660539999820, -3.011417119623000183 ) ) ;
#797 = AXIS2_PLACEMENT_3D ( 'NONE', #234, #4082, #1964 ) ;
#798 = ORIENTED_EDGE ( 'NONE', *, *, #253, .F. ) ;
#799 = CARTESIAN_POINT ( 'NONE',  ( -1.054415587719568892, -1.800000000009689627, 2.848021097452025157E-17 ) ) ;
#800 = CARTESIAN_POINT ( 'NONE',  ( 0.000000000000000000, 0.9499999999999999556, -2.318750000001000178 ) ) ;
#801 = VECTOR ( 'NONE', #2272, 1000.000000000000000 ) ;
#802 = CARTESIAN_POINT ( 'NONE',  ( 0.000000000000000000, 1.019626234635999884, 0.8000000000000000444 ) ) ;
#803 = CARTESIAN_POINT ( 'NONE',  ( 0.000000000000000000, 0.9499999999999999556, -1.788750000001000151 ) ) ;
#804 = AXIS2_PLACEMENT_3D ( 'NONE', #247, #3758, #4462 ) ;
#805 = CARTESIAN_POINT ( 'NONE',  ( -0.2801082849783999573, -0.8274892345160999030, -8.201961742552999368 ) ) ;
#806 = CARTESIAN_POINT ( 'NONE',  ( -0.2747955023346109193, 0.8243667045174163377, -9.494818944293344387 ) ) ;
#807 = ORIENTED_EDGE ( 'NONE', *, *, #3237, .T. ) ;
#808 = CARTESIAN_POINT ( 'NONE',  ( 0.000000000000000000, 0.9499999999999999556, -7.088750000002000284 ) ) ;
#809 = CARTESIAN_POINT ( 'NONE',  ( 0.5268512381179251136, 0.3855792247853475629, -8.777782449703481760 ) ) ;
#810 = ADVANCED_FACE ( 'NONE', ( #2150 ), #2856, .T. ) ;
#811 = CARTESIAN_POINT ( 'NONE',  ( -0.3062010008555000051, 0.7476187442505999314, -4.085307880377999190 ) ) ;
#812 = ORIENTED_EDGE ( 'NONE', *, *, #1347, .F. ) ;
#813 = CARTESIAN_POINT ( 'NONE',  ( -0.6209873031476000893, 0.2859443521604999594, -3.930988858865999802 ) ) ;
#814 = CARTESIAN_POINT ( 'NONE',  ( 1.591515529313000110, 1.226481735345000157, 1.399999999999999911 ) ) ;
#815 = CARTESIAN_POINT ( 'NONE',  ( -0.5496338612085956976, 0.3524244132157852150, -1.947991129362370399 ) ) ;
#816 = ADVANCED_FACE ( 'NONE', ( #4178 ), #1401, .T. ) ;
#817 = CARTESIAN_POINT ( 'NONE',  ( -0.2309855407926628690, -0.6097404621503961231, -3.748867152309005579 ) ) ;
#818 = CARTESIAN_POINT ( 'NONE',  ( -0.9106433183645998852, -0.5354928629502999637, -1.444438858865999986 ) ) ;
#819 = VERTEX_POINT ( 'NONE', #3161 ) ;
#820 = CARTESIAN_POINT ( 'NONE',  ( 1.171572875280462611, -1.999999999988753441, 0.1999999999999999556 ) ) ;
#821 = LINE ( 'NONE', #4258, #3923 ) ;
#822 = CARTESIAN_POINT ( 'NONE',  ( 1.799999999999998934, 1.054415587736112547, -2.442481754933009740E-17 ) ) ;
#823 = LINE ( 'NONE', #3603, #656 ) ;
#824 = ORIENTED_EDGE ( 'NONE', *, *, #4188, .F. ) ;
#825 = CARTESIAN_POINT ( 'NONE',  ( 0.4446933896363999827, -0.7519664424148000403, -8.773734784063000447 ) ) ;
#826 = CARTESIAN_POINT ( 'NONE',  ( 0.000000000000000000, 0.9499999999999999556, -9.076249999998999840 ) ) ;
#827 = FACE_OUTER_BOUND ( 'NONE', #2550, .T. ) ;
#828 = PLANE ( 'NONE',  #2396 ) ;
#829 = CARTESIAN_POINT ( 'NONE',  ( -0.4351488952723172043, 0.4867124533531156927, -8.601852283084481243 ) ) ;
#830 = CARTESIAN_POINT ( 'NONE',  ( 0.4968781225189999873, 0.4059311491884999845, -3.462815307800999776 ) ) ;
#831 = ADVANCED_FACE ( 'NONE', ( #1419 ), #3179, .T. ) ;
#832 = ORIENTED_EDGE ( 'NONE', *, *, #3036, .F. ) ;
#833 = DIRECTION ( 'NONE',  ( 0.9848077530122130163, -0.1736481776669025201, 0.000000000000000000 ) ) ;
#834 = CARTESIAN_POINT ( 'NONE',  ( -0.5009093339410999324, 1.945833246282999918, 0.9000000000000000222 ) ) ;
#835 = CARTESIAN_POINT ( 'NONE',  ( 0.3967175450099916789, 0.5169748587487607017, -2.785034779071550393 ) ) ;
#836 = CARTESIAN_POINT ( 'NONE',  ( -1.052421559943000018, 0.09118105098069000103, -8.134601358865999998 ) ) ;
#837 = CARTESIAN_POINT ( 'NONE',  ( 0.3544114085337999875, 0.9951369450068000555, -3.027188858867000398 ) ) ;
#838 = CC_DESIGN_DATE_AND_TIME_ASSIGNMENT ( #3890, #43, ( #3091 ) ) ;
#839 = ORIENTED_EDGE ( 'NONE', *, *, #2899, .T. ) ;
#840 = CARTESIAN_POINT ( 'NONE',  ( 0.000000000000000000, -0.8447284326541649735, -1.236666666666666803 ) ) ;
#841 = CARTESIAN_POINT ( 'NONE',  ( 0.2487094184091882820, -0.9500000000000011768, -2.092395833334333322 ) ) ;
#842 = CARTESIAN_POINT ( 'NONE',  ( -1.999999999999757971, -3.677231587805029900E-11, 0.06666666666662679486 ) ) ;
#843 = LINE ( 'NONE', #1144, #2693 ) ;
#844 = CARTESIAN_POINT ( 'NONE',  ( 0.09133828014710998477, 0.8688285559120000334, -8.509839534135000605 ) ) ;
#845 = CARTESIAN_POINT ( 'NONE',  ( 0.8476155584293202372, -0.4958873258251216276, -8.502083333333999349 ) ) ;
#846 = DIRECTION ( 'NONE',  ( 0.000000000000000000, 0.000000000000000000, 1.000000000000000000 ) ) ;
#847 = CARTESIAN_POINT ( 'NONE',  ( 0.6482319250185072379, -0.06854206107370419687, -6.868721047525575329 ) ) ;
#848 = CARTESIAN_POINT ( 'NONE',  ( -0.9500000000000002887, -0.2487094184091911964, -1.595520833334333366 ) ) ;
#849 = CARTESIAN_POINT ( 'NONE',  ( 0.09311794338208360944, -0.6461999968211012968, -9.657433282796480611 ) ) ;
#850 = CARTESIAN_POINT ( 'NONE',  ( 0.7947695551363000988, 0.1444185836213000007, -3.610482880378000026 ) ) ;
#851 = VERTEX_POINT ( 'NONE', #1083 ) ;
#852 = CARTESIAN_POINT ( 'NONE',  ( 0.3600744231438999798, 0.5811506893669999840, -5.434601358865999821 ) ) ;
#853 = CARTESIAN_POINT ( 'NONE',  ( -1.985859845031000104, 0.3055586324673000287, 1.399999999999999911 ) ) ;
#854 = DIRECTION ( 'NONE',  ( 0.000000000000000000, -1.000000000000000000, 0.000000000000000000 ) ) ;
#855 = CARTESIAN_POINT ( 'NONE',  ( 0.000000000000000000, 0.000000000000000000, 0.2000000000000000111 ) ) ;
#856 = CARTESIAN_POINT ( 'NONE',  ( 1.053023638318000055, -0.08394248646615999621, -1.840126358865999956 ) ) ;
#857 = EDGE_LOOP ( 'NONE', ( #204, #3798, #3339, #1045 ) ) ;
#858 = CYLINDRICAL_SURFACE ( 'NONE', #3047, 0.9499999999999999556 ) ;
#859 = CARTESIAN_POINT ( 'NONE',  ( -0.4928804744893999223, -1.947882445383999794, 0.9000000000000000222 ) ) ;
#860 = LINE ( 'NONE', #2168, #2033 ) ;
#861 = LINE ( 'NONE', #883, #2837 ) ;
#862 = EDGE_CURVE ( 'NONE', #4230, #1590, #401, .T. ) ;
#863 = AXIS2_PLACEMENT_3D ( 'NONE', #1603, #3764, #640 ) ;
#864 = CARTESIAN_POINT ( 'NONE',  ( 0.4709008075000999938, 0.8708944357651999812, -9.118650961365998953 ) ) ;
#865 = CARTESIAN_POINT ( 'NONE',  ( -0.4337164593286000347, 0.5284593608197999393, -3.316151358866000098 ) ) ;
#866 = CARTESIAN_POINT ( 'NONE',  ( 0.4958873258251203509, 0.8476155584293211254, -7.806458333335001498 ) ) ;
#867 = ADVANCED_FACE ( 'NONE', ( #1061, #3884 ), #762, .F. ) ;
#868 = AXIS2_PLACEMENT_3D ( 'NONE', #4027, #1250, #2740 ) ;
#869 = CARTESIAN_POINT ( 'NONE',  ( 0.04577240025256239936, -0.6507965949598684130, -8.339888674287180947 ) ) ;
#870 = CARTESIAN_POINT ( 'NONE',  ( 0.9614759445666999360, 0.2361540060120000117, -9.756343762406999076 ) ) ;
#871 = LINE ( 'NONE', #167, #726 ) ;
#872 = CARTESIAN_POINT ( 'NONE',  ( -0.1572130716538999995, 0.7924498723461999017, -5.430645380377999487 ) ) ;
#873 = ORIENTED_EDGE ( 'NONE', *, *, #3381, .F. ) ;
#874 = LINE ( 'NONE', #3996, #4502 ) ;
#875 = CARTESIAN_POINT ( 'NONE',  ( -0.1394647601816099425, -0.8328516495062736613, -8.542000323666906425 ) ) ;
#876 = CARTESIAN_POINT ( 'NONE',  ( 0.000000000000000000, -0.9499999999999999556, -6.757500000001999574 ) ) ;
#877 = DIRECTION ( 'NONE',  ( 0.000000000000000000, 0.000000000000000000, -1.000000000000000000 ) ) ;
#878 = CARTESIAN_POINT ( 'NONE',  ( 0.000000000000000000, 0.000000000000000000, 0.000000000000000000 ) ) ;
#879 = ORIENTED_EDGE ( 'NONE', *, *, #4393, .F. ) ;
#880 = DIRECTION ( 'NONE',  ( 0.000000000000000000, -1.000000000000000000, 0.000000000000000000 ) ) ;
#881 = CARTESIAN_POINT ( 'NONE',  ( -1.199942304911999935, 0.01176711018481000140, 1.399999999999999911 ) ) ;
#882 = CARTESIAN_POINT ( 'NONE',  ( 0.2507457956435000246, -0.7679969421412999875, -7.074270380377999601 ) ) ;
#883 = CARTESIAN_POINT ( 'NONE',  ( -0.8830222215595000534, -0.5098131173177999909, 1.399999999999999911 ) ) ;
#884 = ORIENTED_EDGE ( 'NONE', *, *, #4151, .T. ) ;
#885 = ADVANCED_FACE ( 'NONE', ( #1466 ), #2426, .F. ) ;
#886 = DIRECTION ( 'NONE',  ( -1.000000000000000000, 0.000000000000000000, 0.000000000000000000 ) ) ;
#887 = CARTESIAN_POINT ( 'NONE',  ( -0.5192815988723999965, 0.5510610534985000974, -9.176521814890000073 ) ) ;
#888 = CARTESIAN_POINT ( 'NONE',  ( 0.000000000000000000, 0.000000000000000000, 0.000000000000000000 ) ) ;
#889 = CARTESIAN_POINT ( 'NONE',  ( 0.5915877031773999484, -0.8751736829144000085, -7.347461141133999618 ) ) ;
#890 = CARTESIAN_POINT ( 'NONE',  ( 0.6120934449752353235, -0.2271828622116903729, -6.894086006607673234 ) ) ;
#891 = ADVANCED_FACE ( 'NONE', ( #1457 ), #4128, .T. ) ;
#892 = DIRECTION ( 'NONE',  ( 0.000000000000000000, 0.000000000000000000, 1.000000000000000000 ) ) ;
#893 = CARTESIAN_POINT ( 'NONE',  ( -0.5000000000000000000, -0.5773502691895999739, 0.8000000000000000444 ) ) ;
#894 = CARTESIAN_POINT ( 'NONE',  ( 0.3066821110190000033, -0.8802337994371999264, -5.842104619621999895 ) ) ;
#895 = VERTEX_POINT ( 'NONE', #1035 ) ;
#896 = CARTESIAN_POINT ( 'NONE',  ( 0.000000000000000000, -0.9499999999999999556, -7.950000000002000355 ) ) ;
#897 = B_SPLINE_CURVE_WITH_KNOTS ( 'NONE', 3,
 ( #699, #1795, #3507, #2860 ),
 .UNSPECIFIED., .F., .F.,
 ( 4, 4 ),
 ( 0.000000000000000000, 1.000000000000000000 ),
 .UNSPECIFIED. ) ;
#898 = PLANE ( 'NONE',  #3737 ) ;
#899 = CARTESIAN_POINT ( 'NONE',  ( 0.8830222215595000534, -0.5098131173177999909, 0.8000000000000000444 ) ) ;
#900 = LINE ( 'NONE', #4383, #801 ) ;
#901 = LINE ( 'NONE', #2342, #4149 ) ;
#902 = ORIENTED_EDGE ( 'NONE', *, *, #3160, .T. ) ;
#903 = FACE_OUTER_BOUND ( 'NONE', #545, .T. ) ;
#904 = CARTESIAN_POINT ( 'NONE',  ( 0.6192185138170999137, -0.5189708279942999436, -8.340470380377999149 ) ) ;
#905 = CARTESIAN_POINT ( 'NONE',  ( 0.9499999999999991784, -0.2487094184091953319, -5.824479166668084851 ) ) ;
#906 = B_SPLINE_CURVE_WITH_KNOTS ( 'NONE', 3,
 ( #3123, #4503, #4478, #2754, #1385, #2599, #3268, #866, #1874, #3311 ),
 .UNSPECIFIED., .F., .F.,
 ( 4, 2, 2, 2, 4 ),
 ( 0.000000000000000000, 0.2500000000000001110, 0.5000000000000002220, 0.7500000000000002220, 1.000000000000000000 ),
 .UNSPECIFIED. ) ;
#907 = ORIENTED_EDGE ( 'NONE', *, *, #679, .T. ) ;
#908 = VERTEX_POINT ( 'NONE', #3554 ) ;
#909 = CARTESIAN_POINT ( 'NONE',  ( 0.4957766412326979899, 0.8475292234880046349, -8.998978489963276317 ) ) ;
#910 = CARTESIAN_POINT ( 'NONE',  ( -0.2239159682222999770, -0.7233141107167999628, -8.956609106615999849 ) ) ;
#911 = LINE ( 'NONE', #1648, #2543 ) ;
#912 = CARTESIAN_POINT ( 'NONE',  ( -0.6930753438828000101, 0.3074508113454999525, -5.822633786288999858 ) ) ;
#913 = EDGE_CURVE ( 'NONE', #3386, #2947, #1798, .T. ) ;
#914 = CARTESIAN_POINT ( 'NONE',  ( 0.3030072629951859886, 0.5783272804824586277, -6.741896252115089361 ) ) ;
#915 = CARTESIAN_POINT ( 'NONE',  ( -0.7652427512141000143, 0.5629418546476999685, -5.665000000000000036 ) ) ;
#916 = CARTESIAN_POINT ( 'NONE',  ( 0.7128429293479998652, -0.7795895899642000249, -1.369536141134000129 ) ) ;
#917 = CARTESIAN_POINT ( 'NONE',  ( -0.3878749512510999975, 0.7548208524244999218, -6.158654619622000226 ) ) ;
#918 = ADVANCED_FACE ( 'NONE', ( #3216 ), #3234, .T. ) ;
#919 = ORIENTED_EDGE ( 'NONE', *, *, #1395, .F. ) ;
#920 = CARTESIAN_POINT ( 'NONE',  ( 0.6277286727576999459, -0.4234130528263999604, -9.654490367228000025 ) ) ;
#921 = CARTESIAN_POINT ( 'NONE',  ( -1.776744602543999907, 0.9382665196123000095, 1.399999999999999911 ) ) ;
#922 = CARTESIAN_POINT ( 'NONE',  ( 0.2572478000794510278, 0.6000106690956085176, -2.759669819989453821 ) ) ;
#923 = CARTESIAN_POINT ( 'NONE',  ( 0.3226735343511938914, -0.9079869503714348422, -3.939166666666668259 ) ) ;
#924 = CARTESIAN_POINT ( 'NONE',  ( 0.000000000000000000, -0.9499999999999999556, -5.432500000001000195 ) ) ;
#925 = ORIENTED_EDGE ( 'NONE', *, *, #4451, .T. ) ;
#926 = CARTESIAN_POINT ( 'NONE',  ( 0.000000000000000000, -0.9499999999999999556, -1.987500000001000133 ) ) ;
#927 = CARTESIAN_POINT ( 'NONE',  ( -0.6797885800285999869, -0.07264390032530999852, -6.504536141134000360 ) ) ;
#928 = FACE_OUTER_BOUND ( 'NONE', #1995, .T. ) ;
#929 = VECTOR ( 'NONE', #3275, 1000.000000000000000 ) ;
#930 = ORIENTED_EDGE ( 'NONE', *, *, #725, .T. ) ;
#931 = ORIENTED_EDGE ( 'NONE', *, *, #2713, .F. ) ;
#932 = LINE ( 'NONE', #3032, #2435 ) ;
#933 = VECTOR ( 'NONE', #1281, 1000.000000000000000 ) ;
#934 = CARTESIAN_POINT ( 'NONE',  ( -0.6943875452511000246, -0.3019052156273999699, -8.384836065106000547 ) ) ;
#935 = CARTESIAN_POINT ( 'NONE',  ( 0.8830222215595000534, 0.5098131173177999909, 0.8000000000000000444 ) ) ;
#936 = CARTESIAN_POINT ( 'NONE',  ( -0.1449438928776000113, -0.9207908540514999629, -7.521507880377999555 ) ) ;
#937 = AXIS2_PLACEMENT_3D ( 'NONE', #855, #4359, #2682 ) ;
#938 = CARTESIAN_POINT ( 'NONE',  ( 0.5457291225918483590, 0.3568175315776163092, -6.133137234144796501 ) ) ;
#939 = CARTESIAN_POINT ( 'NONE',  ( -0.2487094184091902249, 0.9500000000000005107, -4.411145833334250810 ) ) ;
#940 = CARTESIAN_POINT ( 'NONE',  ( 1.035457157158000019, 0.2091254612276000069, -1.923498641135000131 ) ) ;
#941 = VECTOR ( 'NONE', #3167, 1000.000000000000000 ) ;
#942 = CARTESIAN_POINT ( 'NONE',  ( 0.3739252438767999842, 0.9879700818815999597, -4.354263858866000092 ) ) ;
#943 = ORIENTED_EDGE ( 'NONE', *, *, #3927, .F. ) ;
#944 = CARTESIAN_POINT ( 'NONE',  ( -0.4337195708939999839, -0.4716370896110999578, -8.416035044963999567 ) ) ;
#945 = EDGE_CURVE ( 'NONE', #599, #2227, #4233, .T. ) ;
#946 = CARTESIAN_POINT ( 'NONE',  ( -0.8476155584293225687, -0.4958873258251174088, -5.410416666668664831 ) ) ;
#947 = CARTESIAN_POINT ( 'NONE',  ( -0.1914453176167922321, -0.9498600319859000773, -9.296264492916545663 ) ) ;
#948 = CARTESIAN_POINT ( 'NONE',  ( 0.000000000000000000, 0.000000000000000000, 0.000000000000000000 ) ) ;
#949 = PLANE ( 'NONE',  #731 ) ;
#950 = VERTEX_POINT ( 'NONE', #2162 ) ;
#951 = DIRECTION ( 'NONE',  ( 0.000000000000000000, 0.000000000000000000, -1.000000000000000000 ) ) ;
#952 = EDGE_CURVE ( 'NONE', #2947, #612, #3489, .T. ) ;
#953 = DIRECTION ( 'NONE',  ( 0.000000000000000000, -1.000000000000000000, 0.000000000000000000 ) ) ;
#954 = CARTESIAN_POINT ( 'NONE',  ( -0.4875891229299000318, 0.6440281207108000672, -6.045482880378000523 ) ) ;
#955 = CARTESIAN_POINT ( 'NONE',  ( 0.8830222215595000534, 0.5098131173177999909, 1.399999999999999911 ) ) ;
#956 = ORIENTED_EDGE ( 'NONE', *, *, #2172, .F. ) ;
#957 = ORIENTED_EDGE ( 'NONE', *, *, #1092, .T. ) ;
#958 = DIRECTION ( 'NONE',  ( 0.9848077530122006928, -0.1736481776669719646, 0.000000000000000000 ) ) ;
#959 = CARTESIAN_POINT ( 'NONE',  ( -0.2128236910619000222, 0.6043662238028999489, -9.315413595787999768 ) ) ;
#960 = B_SPLINE_CURVE_WITH_KNOTS ( 'NONE', 3,
 ( #3844, #3569, #3909, #2818 ),
 .UNSPECIFIED., .F., .F.,
 ( 4, 4 ),
 ( 0.000000000000000000, 1.000000000000000000 ),
 .UNSPECIFIED. ) ;
#961 = CARTESIAN_POINT ( 'NONE',  ( 0.3488668950720684725, 0.9007025744289012259, -3.152500000000000302 ) ) ;
#962 = APPLICATION_CONTEXT ( 'configuration controlled 3d designs of mechanical parts and assemblies' ) ;
#963 = CARTESIAN_POINT ( 'NONE',  ( -0.3927770804610999922, -0.8453346664105000352, -6.888407880377999781 ) ) ;
#964 = DIRECTION ( 'NONE',  ( 0.000000000000000000, 0.000000000000000000, -1.000000000000000000 ) ) ;
#965 = CARTESIAN_POINT ( 'NONE',  ( -0.2500000000000000000, -0.7216878364869999674, 0.8000000000000000444 ) ) ;
#966 = CARTESIAN_POINT ( 'NONE',  ( -0.5975949356177999716, 0.8710835004133000714, -1.052986141134000020 ) ) ;
#967 = CARTESIAN_POINT ( 'NONE',  ( -0.5767171058550999430, 0.6577817453623000521, -6.132275452955000539 ) ) ;
#968 = ORIENTED_EDGE ( 'NONE', *, *, #309, .F. ) ;
#969 = CARTESIAN_POINT ( 'NONE',  ( -0.3300682844562000118, -0.5347561457045000299, -9.720850447385000592 ) ) ;
#970 = CARTESIAN_POINT ( 'NONE',  ( -1.999903841519999892, 0.01961185030800999957, 0.9000000000000000222 ) ) ;
#971 = PERSON_AND_ORGANIZATION ( #18446744073709551615, #18446744073709551615 ) ;
#972 = CARTESIAN_POINT ( 'NONE',  ( -0.5108481075709998542, 0.3757994187635000372, -5.930000000000000604 ) ) ;
#973 = CARTESIAN_POINT ( 'NONE',  ( 0.000000000000000000, -0.9499999999999999556, -8.082499999999999574 ) ) ;
#974 = DIRECTION ( 'NONE',  ( -0.6427876096865042799, -0.7660444431190074344, 0.000000000000000000 ) ) ;
#975 = VECTOR ( 'NONE', #3820, 1000.000000000000227 ) ;
#976 = EDGE_CURVE ( 'NONE', #895, #1692, #1249, .T. ) ;
#977 = ORIENTED_EDGE ( 'NONE', *, *, #2040, .T. ) ;
#978 = CARTESIAN_POINT ( 'NONE',  ( 0.000000000000000000, 0.9499999999999999556, -3.113750000000000018 ) ) ;
#979 = CARTESIAN_POINT ( 'NONE',  ( 0.5009093339410999324, -1.945833246282999918, 0.9000000000464060124 ) ) ;
#980 = CARTESIAN_POINT ( 'NONE',  ( -0.2395924908936999942, -0.5952003064743000005, -8.377456974466999995 ) ) ;
#981 = CYLINDRICAL_SURFACE ( 'NONE', #868, 0.9499999999999999556 ) ;
#982 = PRODUCT_DEFINITION ( 'General', '', #4464, #3566 ) ;
#983 = VERTEX_POINT ( 'NONE', #1519 ) ;
#984 = EDGE_LOOP ( 'NONE', ( #2575, #1153, #635, #1643 ) ) ;
#985 = CARTESIAN_POINT ( 'NONE',  ( 0.2487067621171265286, 0.9501296772900672538, -8.971374702844506999 ) ) ;
#986 = CARTESIAN_POINT ( 'NONE',  ( 0.6276540806616999202, -0.1288518957155000144, -8.875588179241999498 ) ) ;
#987 = CARTESIAN_POINT ( 'NONE',  ( -0.8196590648550999836, -0.8840490913594999389, 1.399999999999999911 ) ) ;
#988 = CARTESIAN_POINT ( 'NONE',  ( -0.8360704076356999526, 0.1455601955853000062, -5.701345380378000094 ) ) ;
#989 = CARTESIAN_POINT ( 'NONE',  ( 0.8476155584293202372, -0.4958873258251216276, -3.202083333334333926 ) ) ;
#990 = CARTESIAN_POINT ( 'NONE',  ( 0.5659140652583999342, 0.2862381227135000206, -3.494999999999999662 ) ) ;
#991 = CARTESIAN_POINT ( 'NONE',  ( 0.7940480484092999891, -0.4882133037765000183, -2.097545380379000068 ) ) ;
#992 = CARTESIAN_POINT ( 'NONE',  ( -0.6567814752463999595, -0.4481628038398000058, 0.6999999999999999556 ) ) ;
#993 = ORIENTED_EDGE ( 'NONE', *, *, #1485, .T. ) ;
#994 = CARTESIAN_POINT ( 'NONE',  ( -0.5046707604401000635, 0.5644724061535000281, -8.686874450826000071 ) ) ;
#995 = CARTESIAN_POINT ( 'NONE',  ( -0.2669386554476000373, -0.5752692816234998840, -9.718308973989000066 ) ) ;
#996 = MECHANICAL_CONTEXT ( 'NONE', #4221, 'mechanical' ) ;
#997 = CARTESIAN_POINT ( 'NONE',  ( 0.000000000000000000, 0.000000000000000000, 0.000000000000000000 ) ) ;
#998 = DIRECTION ( 'NONE',  ( 0.000000000000000000, -1.000000000000000000, 0.000000000000000000 ) ) ;
#999 = DIRECTION ( 'NONE',  ( -0.3420201433256991330, 0.9396926207858973257, 0.000000000000000000 ) ) ;
#1000 = VERTEX_POINT ( 'NONE', #3613 ) ;
#1001 = CARTESIAN_POINT ( 'NONE',  ( -0.6535824870456000690, 0.7454514955468000137, -5.677456974466998929 ) ) ;
#1002 = CYLINDRICAL_SURFACE ( 'NONE', #605, 0.9499999999999999556 ) ;
#1003 = CARTESIAN_POINT ( 'NONE',  ( 0.6603636250218999360, -0.6578643021932999435, -6.456942119622000043 ) ) ;
#1004 = CARTESIAN_POINT ( 'NONE',  ( -0.6964486384822998755, -0.4095382547674999985, -1.254620380377999833 ) ) ;
#1005 = ORIENTED_EDGE ( 'NONE', *, *, #2433, .F. ) ;
#1006 = ORIENTED_EDGE ( 'NONE', *, *, #400, .F. ) ;
#1007 = CARTESIAN_POINT ( 'NONE',  ( 0.9499999999999990674, -0.2487094184091952209, -7.281979166668666181 ) ) ;
#1008 = CARTESIAN_POINT ( 'NONE',  ( 0.5467422352244146744, -0.3546439284441105788, -1.618246661294143518 ) ) ;
#1009 = EDGE_CURVE ( 'NONE', #4050, #40, #4391, .T. ) ;
#1010 = CARTESIAN_POINT ( 'NONE',  ( -1.054415587752655314, 1.799999999990308241, -2.442481754933009740E-17 ) ) ;
#1011 = CARTESIAN_POINT ( 'NONE',  ( -0.4096334519550999809, 0.8372962248787000350, -7.125820380377999363 ) ) ;
#1012 = CARTESIAN_POINT ( 'NONE',  ( 0.2487094184091940829, 0.9499999999999994005, -3.008854166667665808 ) ) ;
#1013 = VECTOR ( 'NONE', #518, 1000.000000000000000 ) ;
#1014 = DIRECTION ( 'NONE',  ( 0.7016738431598624759, 0.1237240302064933073, -0.7016738431598624759 ) ) ;
#1015 = ADVANCED_FACE ( 'NONE', ( #1197 ), #2588, .T. ) ;
#1016 = CARTESIAN_POINT ( 'NONE',  ( -0.009171722551418999211, -0.9320839063583999939, -1.543582880377999844 ) ) ;
#1017 = VECTOR ( 'NONE', #3221, 1000.000000000000000 ) ;
#1018 = CARTESIAN_POINT ( 'NONE',  ( 0.5500000000000000444, -0.1796029634390999830, 0.5999999999999999778 ) ) ;
#1019 = VERTEX_POINT ( 'NONE', #173 ) ;
#1020 = AXIS2_PLACEMENT_3D ( 'NONE', #1289, #3414, #654 ) ;
#1021 = CARTESIAN_POINT ( 'NONE',  ( 0.7398027981495000072, 0.1612869599832000012, -8.906787159098998430 ) ) ;
#1022 = CARTESIAN_POINT ( 'NONE',  ( -1.984582836676000106, -0.3137457033211999979, 1.399999999999999911 ) ) ;
#1023 = CARTESIAN_POINT ( 'NONE',  ( -0.8476155584293213474, 0.4958873258251194627, -5.520833333335333215 ) ) ;
#1024 = CARTESIAN_POINT ( 'NONE',  ( 0.000000000000000000, 0.000000000000000000, 0.000000000000000000 ) ) ;
#1025 = CARTESIAN_POINT ( 'NONE',  ( 0.000000000000000000, 0.9499999999999999556, -7.618750000001999645 ) ) ;
#1026 = AXIS2_PLACEMENT_3D ( 'NONE', #2257, #2893, #441 ) ;
#1027 = VERTEX_POINT ( 'NONE', #3706 ) ;
#1028 = CARTESIAN_POINT ( 'NONE',  ( 0.9345443105130999406, -0.4924766288017000115, -5.308148641134000201 ) ) ;
#1029 = CARTESIAN_POINT ( 'NONE',  ( 0.9499999999999991784, -0.2487094184091953319, -5.161979166668252184 ) ) ;
#1030 = CARTESIAN_POINT ( 'NONE',  ( 0.8159242283018999231, -0.4507018824599000606, -7.090042119621999817 ) ) ;
#1031 = CARTESIAN_POINT ( 'NONE',  ( -0.9098608461560998562, 0.2024807542221999934, -1.428667119621999992 ) ) ;
#1032 = ORIENTED_EDGE ( 'NONE', *, *, #3903, .F. ) ;
#1033 = ORIENTED_EDGE ( 'NONE', *, *, #2652, .T. ) ;
#1034 = CARTESIAN_POINT ( 'NONE',  ( 0.3250000000000000111, 0.5629165124599000425, 0.6999999999999999556 ) ) ;
#1035 = CARTESIAN_POINT ( 'NONE',  ( -8.199281067472000649E-11, -0.6590935455770999818, -9.693400501399999314 ) ) ;
#1036 = PLANE ( 'NONE',  #2250 ) ;
#1037 = CARTESIAN_POINT ( 'NONE',  ( -0.1063073847399999966, -0.6753431665285999363, -7.711326358865999708 ) ) ;
#1038 = EDGE_CURVE ( 'NONE', #1019, #3810, #365, .T. ) ;
#1039 = CARTESIAN_POINT ( 'NONE',  ( -0.8476155584293213474, 0.4958873258251193517, -3.003333333333666033 ) ) ;
#1040 = CARTESIAN_POINT ( 'NONE',  ( -2.000077534538703183, 0.1017947456791995081, 0.9000000000464060124 ) ) ;
#1041 = CARTESIAN_POINT ( 'NONE',  ( 0.5451733709391999305, -0.5962203834982999773, -1.559354619622000060 ) ) ;
#1042 = B_SPLINE_CURVE_WITH_KNOTS ( 'NONE', 3,
 ( #1306, #2405, #280, #668 ),
 .UNSPECIFIED., .F., .F.,
 ( 4, 4 ),
 ( 0.000000000000000000, 1.000000000000000000 ),
 .UNSPECIFIED. ) ;
#1043 = CARTESIAN_POINT ( 'NONE',  ( 0.8938206805952014777, -0.3600598599619799778, -3.319583333333333997 ) ) ;
#1044 = EDGE_CURVE ( 'NONE', #1273, #1078, #1564, .T. ) ;
#1045 = ORIENTED_EDGE ( 'NONE', *, *, #4038, .F. ) ;
#1046 = CARTESIAN_POINT ( 'NONE',  ( -0.04603985398743999646, -0.9699156448525000362, -8.627458526604000255 ) ) ;
#1047 = CARTESIAN_POINT ( 'NONE',  ( 1.596559995877999905, -1.219907909123999934, 1.399999999999999911 ) ) ;
#1048 = CARTESIAN_POINT ( 'NONE',  ( 0.8830222215595000534, -0.5098131173177999909, 1.399999999999999911 ) ) ;
#1049 = CARTESIAN_POINT ( 'NONE',  ( -0.9500000000000002887, -0.2487094184091911964, -2.258020833334333233 ) ) ;
#1050 = ORIENTED_EDGE ( 'NONE', *, *, #63, .F. ) ;
#1051 = CARTESIAN_POINT ( 'NONE',  ( 0.1686763654458000028, -0.6625160729147999694, -3.693576358865999776 ) ) ;
#1052 = LINE ( 'NONE', #2074, #3303 ) ;
#1053 = CARTESIAN_POINT ( 'NONE',  ( -0.8706391374380000325, 0.3329444781525999764, -7.406592119622000148 ) ) ;
#1054 = CARTESIAN_POINT ( 'NONE',  ( 0.5823851540546000072, -0.3580742761107999494, -2.267636141135000116 ) ) ;
#1055 = EDGE_LOOP ( 'NONE', ( #2569, #3163, #2258, #2220 ) ) ;
#1056 = FACE_OUTER_BOUND ( 'NONE', #274, .T. ) ;
#1057 = DIRECTION ( 'NONE',  ( -0.5000000000000169864, 0.8660254037844288266, 0.000000000000000000 ) ) ;
#1058 = CARTESIAN_POINT ( 'NONE',  ( -0.2487094184091920568, -0.9500000000000000666, -3.472604166666667158 ) ) ;
#1059 = CARTESIAN_POINT ( 'NONE',  ( -0.6135629504926999322, -0.3542407346318000028, 0.5999999999999999778 ) ) ;
#1060 = CARTESIAN_POINT ( 'NONE',  ( -0.8476155584293226797, -0.4958873258251175198, -2.892916666667333381 ) ) ;
#1061 = FACE_BOUND ( 'NONE', #3307, .T. ) ;
#1062 = CARTESIAN_POINT ( 'NONE',  ( -0.9238952738682000287, 0.1236243576889000106, -3.047195380379000174 ) ) ;
#1063 = EDGE_CURVE ( 'NONE', #755, #3657, #195, .T. ) ;
#1064 = CARTESIAN_POINT ( 'NONE',  ( -0.4395712780628000527, 0.8554240631895999591, -6.253563858866000302 ) ) ;
#1065 = VERTEX_POINT ( 'NONE', #2635 ) ;
#1066 = CARTESIAN_POINT ( 'NONE',  ( 0.4355042664169999633, 0.7573254092451999764, -8.913731315033999181 ) ) ;
#1067 = DIRECTION ( 'NONE',  ( 0.000000000000000000, -1.000000000000000000, 0.000000000000000000 ) ) ;
#1068 = CALENDAR_DATE ( 2026, 22, 6 ) ;
#1069 = EDGE_CURVE ( 'NONE', #1134, #2985, #4021, .T. ) ;
#1070 = PLANE ( 'NONE',  #3632 ) ;
#1071 = CARTESIAN_POINT ( 'NONE',  ( -0.4958873258251166316, 0.8476155584293232348, -2.396041666667666714 ) ) ;
#1072 = B_SPLINE_CURVE_WITH_KNOTS ( 'NONE', 3,
 ( #459, #3305, #2915, #1183, #1851, #3241, #116, #4280, #1164, #2573 ),
 .UNSPECIFIED., .F., .F.,
 ( 4, 2, 2, 2, 4 ),
 ( 0.000000000000000000, 0.2500000000000000555, 0.5000000000000001110, 0.7500000000000000000, 1.000000000000000000 ),
 .UNSPECIFIED. ) ;
#1073 = ORIENTED_EDGE ( 'NONE', *, *, #1038, .F. ) ;
#1074 = CARTESIAN_POINT ( 'NONE',  ( 0.4396422925001000070, 0.5896875823974000452, -3.361254619621999673 ) ) ;
#1075 = CARTESIAN_POINT ( 'NONE',  ( 0.1630467396443000261, 2.002646575511000115, 1.399999999999999911 ) ) ;
#1076 = CARTESIAN_POINT ( 'NONE',  ( -0.4984964808538999703, -0.6868061994763998701, -8.593654619621998947 ) ) ;
#1077 = CARTESIAN_POINT ( 'NONE',  ( -0.8035459784235000624, -0.4725155588588999533, -1.349529619622000132 ) ) ;
#1078 = VERTEX_POINT ( 'NONE', #4430 ) ;
#1079 = CARTESIAN_POINT ( 'NONE',  ( 0.7500000000000000000, -0.1443375672973999935, 0.8000000000000000444 ) ) ;
#1080 = CARTESIAN_POINT ( 'NONE',  ( -0.4899872480965999921, 1.101497281440000142, 1.399999999999999911 ) ) ;
#1081 = CARTESIAN_POINT ( 'NONE',  ( -0.2487094184091922233, -0.9499999999999998446, -7.977604166668669450 ) ) ;
#1082 = PLANE ( 'NONE',  #506 ) ;
#1083 = CARTESIAN_POINT ( 'NONE',  ( 0.000000000000000000, -0.9499999999999999556, -7.950000000002000355 ) ) ;
#1084 = CARTESIAN_POINT ( 'NONE',  ( -0.8007576702059999718, 0.1071475906887000007, -3.142104619621999717 ) ) ;
#1085 = AXIS2_PLACEMENT_3D ( 'NONE', #1150, #2539, #892 ) ;
#1086 = ORIENTED_EDGE ( 'NONE', *, *, #2464, .F. ) ;
#1087 = CARTESIAN_POINT ( 'NONE',  ( 0.1035119293236999860, 0.9846268172455998613, -8.964658012622999550 ) ) ;
#1088 = CARTESIAN_POINT ( 'NONE',  ( 0.9579359975267999205, -0.7319447454742998849, 1.399999999999999911 ) ) ;
#1089 = CARTESIAN_POINT ( 'NONE',  ( -0.2487094184091902249, 0.9500000000000005107, -6.398645833335248057 ) ) ;
#1090 = CARTESIAN_POINT ( 'NONE',  ( -0.2487094184091920568, -0.9500000000000000666, -2.147604166667666625 ) ) ;
#1091 = CIRCLE ( 'NONE', #1020, 1.800000000000000044 ) ;
#1092 = EDGE_CURVE ( 'NONE', #3280, #158, #2340, .T. ) ;
#1093 = ORIENTED_EDGE ( 'NONE', *, *, #2372, .T. ) ;
#1094 = CARTESIAN_POINT ( 'NONE',  ( 0.05257223854220000048, -0.9306453099727000078, -4.849095380377999476 ) ) ;
#1095 = CARTESIAN_POINT ( 'NONE',  ( -0.1713042507097000122, 2.001957142248999677, 1.399999999999999911 ) ) ;
#1096 = CARTESIAN_POINT ( 'NONE',  ( -0.8318433313573999621, -0.6511080116072001100, -8.055463858866000137 ) ) ;
#1097 = VECTOR ( 'NONE', #1691, 1000.000000000000114 ) ;
#1098 = CARTESIAN_POINT ( 'NONE',  ( 0.6214203802455999792, 0.1597018394854000101, -3.507456974466999888 ) ) ;
#1099 = EDGE_CURVE ( 'NONE', #170, #3760, #264, .T. ) ;
#1100 = ORIENTED_EDGE ( 'NONE', *, *, #309, .T. ) ;
#1101 = DIRECTION ( 'NONE',  ( 0.000000000000000000, 0.000000000000000000, -1.000000000000000000 ) ) ;
#1102 = CARTESIAN_POINT ( 'NONE',  ( 1.189818704614000078, 0.1920702460074999729, 1.400000000007000089 ) ) ;
#1103 = CARTESIAN_POINT ( 'NONE',  ( 0.000000000000000000, -0.9499999999999999556, -7.950000000002000355 ) ) ;
#1104 = CARTESIAN_POINT ( 'NONE',  ( 0.1991245744559999864, 0.6540176287625000251, -7.394776358866000265 ) ) ;
#1105 = DIRECTION ( 'NONE',  ( -0.5416752204197295972, -0.4545194776720247187, 0.7071067811865385799 ) ) ;
#1106 = CARTESIAN_POINT ( 'NONE',  ( -0.5269749172090000267, 0.4355308158412000141, -1.970813858866000023 ) ) ;
#1107 = EDGE_LOOP ( 'NONE', ( #295, #957, #3424, #2736 ) ) ;
#1108 = CARTESIAN_POINT ( 'NONE',  ( -0.5409488206630999052, -0.6538928585679000260, -9.925329773090998842 ) ) ;
#1109 = CARTESIAN_POINT ( 'NONE',  ( 1.066046761526999953, -0.5629599117674000119, 1.399999999999999911 ) ) ;
#1110 = CARTESIAN_POINT ( 'NONE',  ( 0.1993283553453999990, -0.7829089680405000307, -3.768757880378000191 ) ) ;
#1111 = B_SPLINE_SURFACE_WITH_KNOTS ( 'NONE', 3, 2, ( 
 ( #391, #771, #109 ),
 ( #3171, #1496, #2161 ),
 ( #3535, #3553, #431 ),
 ( #3191, #2805, #2885 ),
 ( #4272, #1456, #2546 ),
 ( #3936, #814, #4232 ),
 ( #3852, #2203, #2825 ),
 ( #1760, #2845, #3150 ),
 ( #1114, #1822, #4191 ),
 ( #2505, #4210, #48 ),
 ( #27, #1075, #2465 ),
 ( #1431, #1095, #2587 ),
 ( #3973, #2294, #834 ),
 ( #4041, #1541, #2222 ),
 ( #172, #3683, #2950 ),
 ( #3997, #127, #1946 ),
 ( #2929, #2564, #3594 ),
 ( #3342, #921, #1563 ),
 ( #470, #194, #3955 ),
 ( #3319, #853, #1586 ),
 ( #557, #4313, #1861 ),
 ( #3252, #2997, #1881 ) ),
 .UNSPECIFIED., .F., .F., .F.,
 ( 4, 1, 1, 1, 1, 1, 1, 1, 1, 1, 1, 1, 1, 1, 1, 1, 1, 1, 1, 4 ),
 ( 3, 3 ),
 ( 0.000000000000000000, 0.05263505552087999889, 0.1052631136917999977, 0.1578958682684000192, 0.2105258514923999957, 0.2631573805551999934, 0.3157895013769999593, 0.3684214919173999792, 0.4210523092926999889, 0.4736843314367000235, 0.5263156685632999210, 0.5789476907073000111, 0.6315785080826000764, 0.6842104986229999852, 0.7368426194448000066, 0.7894741485076000043, 0.8421041317316000363, 0.8947368863082000301, 0.9473649444791000240, 1.000000000000000000 ),
 ( 0.000000000000000000, 1.000000000000000000 ),
 .UNSPECIFIED. ) ;
#1112 = ORIENTED_EDGE ( 'NONE', *, *, #1839, .F. ) ;
#1113 = CARTESIAN_POINT ( 'NONE',  ( -0.7338335604968999615, 0.3379063645686999906, -3.836079619622000170 ) ) ;
#1114 = CARTESIAN_POINT ( 'NONE',  ( 0.4854405136529000298, 1.103508617912999812, 1.399999999999999911 ) ) ;
#1115 = CARTESIAN_POINT ( 'NONE',  ( -0.7500000000000000000, -0.1443375672973999935, 1.399999999999999911 ) ) ;
#1116 = CARTESIAN_POINT ( 'NONE',  ( 0.000000000000000000, 0.9499999999999999556, -2.318750000001000178 ) ) ;
#1117 = CARTESIAN_POINT ( 'NONE',  ( 0.8273464805244999942, 0.6568121368612999111, -1.760988858866000095 ) ) ;
#1118 = ADVANCED_FACE ( 'NONE', ( #1683 ), #1315, .T. ) ;
#1119 = EDGE_LOOP ( 'NONE', ( #444, #2344, #2136, #2048, #748 ) ) ;
#1120 = CARTESIAN_POINT ( 'NONE',  ( -1.999999999999521050, -1.171572875262082425, 0.1999999999999999556 ) ) ;
#1121 = CARTESIAN_POINT ( 'NONE',  ( 0.000000000000000000, -0.9499999999999999556, -4.107499999999999929 ) ) ;
#1122 = CARTESIAN_POINT ( 'NONE',  ( 1.799999999999999378, 4.571177581138464240E-16, -2.442481754933009740E-17 ) ) ;
#1123 = CARTESIAN_POINT ( 'NONE',  ( -0.8048788672253999188, 0.06973412919419999523, -7.774692119622000241 ) ) ;
#1124 = EDGE_CURVE ( 'NONE', #2718, #1134, #3021, .T. ) ;
#1125 = LOCAL_TIME ( 18, 49, 50.00000000000000000, #3508 ) ;
#1126 = CARTESIAN_POINT ( 'NONE',  ( -0.2364102526739999821, -0.8410168113561000691, -9.521437992191998489 ) ) ;
#1127 = CARTESIAN_POINT ( 'NONE',  ( -0.6964486384822998755, -0.4095382547674999985, -1.084529619622000007 ) ) ;
#1128 = EDGE_LOOP ( 'NONE', ( #1530, #2544, #2889, #3907 ) ) ;
#1129 = CARTESIAN_POINT ( 'NONE',  ( -0.9023266392011999315, 0.4074447578125000025, -8.832710387659000517 ) ) ;
#1130 = CARTESIAN_POINT ( 'NONE',  ( 1.999805955854000006, 0.02785927008735999966, 0.9000000000000000222 ) ) ;
#1131 = APPROVAL_DATE_TIME ( #4248, #3321 ) ;
#1132 = CARTESIAN_POINT ( 'NONE',  ( 0.5061188573710999616, 0.4596013023164000066, -4.781773641133999497 ) ) ;
#1133 = B_SPLINE_CURVE_WITH_KNOTS ( 'NONE', 3,
 ( #808, #187, #4329, #3948, #3227, #1189, #1170, #1580, #2966, #2217 ),
 .UNSPECIFIED., .F., .F.,
 ( 4, 2, 2, 2, 4 ),
 ( 0.000000000000000000, 0.2500000000000000000, 0.5000000000000000000, 0.7500000000000000000, 1.000000000000000000 ),
 .UNSPECIFIED. ) ;
#1134 = VERTEX_POINT ( 'NONE', #2732 ) ;
#1135 = CARTESIAN_POINT ( 'NONE',  ( -0.7425855463349000374, -0.3183221552725999381, -5.735379619621999936 ) ) ;
#1136 = CARTESIAN_POINT ( 'NONE',  ( 0.7341412227832470050, -0.1961272099141643244, -9.618352146340889419 ) ) ;
#1137 = CARTESIAN_POINT ( 'NONE',  ( -0.3967525175443000207, -0.4795899869474999910, -9.755239012335000126 ) ) ;
#1138 = CARTESIAN_POINT ( 'NONE',  ( 0.8096608580417999912, -0.6785817227938000240, -8.530288858865999302 ) ) ;
#1139 = CARTESIAN_POINT ( 'NONE',  ( -1.054471500448999954, -0.06320472133850998930, -2.156676358866000065 ) ) ;
#1140 = ORIENTED_EDGE ( 'NONE', *, *, #2619, .F. ) ;
#1141 = FACE_OUTER_BOUND ( 'NONE', #261, .T. ) ;
#1142 = CARTESIAN_POINT ( 'NONE',  ( -0.3892824456456649429, -0.8980269635926103611, -8.656145833333251716 ) ) ;
#1143 = CARTESIAN_POINT ( 'NONE',  ( -0.3892824456456648874, -0.8980269635926102501, -8.126145833333250579 ) ) ;
#1144 = CARTESIAN_POINT ( 'NONE',  ( 0.000000000000000000, 0.9499999999999999556, -4.306250000000000355 ) ) ;
#1145 = EDGE_CURVE ( 'NONE', #2978, #1065, #1970, .T. ) ;
#1146 = CARTESIAN_POINT ( 'NONE',  ( -0.2927819354792999818, -0.9457713399203000471, -8.766790628128998009 ) ) ;
#1147 = CARTESIAN_POINT ( 'NONE',  ( -0.5573946364483999272, -0.3958553082581999782, -3.157876358865999933 ) ) ;
#1148 = ADVANCED_FACE ( 'NONE', ( #3727 ), #3388, .F. ) ;
#1149 = ORIENTED_EDGE ( 'NONE', *, *, #1195, .T. ) ;
#1150 = CARTESIAN_POINT ( 'NONE',  ( -0.7500000000000000000, 0.4330127018921999804, 1.399999999999999911 ) ) ;
#1151 = CARTESIAN_POINT ( 'NONE',  ( -0.9499999999999997335, 0.2487094184091931393, -4.830729166667250496 ) ) ;
#1152 = CARTESIAN_POINT ( 'NONE',  ( -0.2844822976278000293, 0.5536144308943000691, -5.968836141134000073 ) ) ;
#1153 = ORIENTED_EDGE ( 'NONE', *, *, #2310, .T. ) ;
#1154 = CARTESIAN_POINT ( 'NONE',  ( 0.6596948179545001345, 0.1794217109702999913, -5.513738858865999681 ) ) ;
#1155 = DIRECTION ( 'NONE',  ( 0.000000000000000000, 0.000000000000000000, -1.000000000000000000 ) ) ;
#1156 = CARTESIAN_POINT ( 'NONE',  ( 0.000000000000000000, -0.6341852979625000053, -1.060000000000000053 ) ) ;
#1157 = CARTESIAN_POINT ( 'NONE',  ( -0.6273712610040428350, -0.1773900176780510152, -4.509815924771894302 ) ) ;
#1158 = CARTESIAN_POINT ( 'NONE',  ( 0.7128429293479998652, -0.7795895899642000249, -1.919263858866000039 ) ) ;
#1159 = AXIS2_PLACEMENT_3D ( 'NONE', #2580, #122, #2288 ) ;
#1160 = ORIENTED_EDGE ( 'NONE', *, *, #404, .T. ) ;
#1161 = CARTESIAN_POINT ( 'NONE',  ( -1.171572875243813927, -2.000000000010531132, 0.06666666666662679486 ) ) ;
#1162 = CARTESIAN_POINT ( 'NONE',  ( 0.3488668950720685280, 0.9007025744289014479, -3.682500000000000107 ) ) ;
#1163 = CONICAL_SURFACE ( 'NONE', #2107, 0.7512477079160999605, 0.7853936473494822490 ) ;
#1164 = CARTESIAN_POINT ( 'NONE',  ( 0.2487094184091941385, 0.9499999999999996225, -4.466354166667749759 ) ) ;
#1165 = CARTESIAN_POINT ( 'NONE',  ( 0.000000000000000000, -0.9499999999999999556, -7.287500000001999823 ) ) ;
#1166 = CARTESIAN_POINT ( 'NONE',  ( -0.2679192264925999711, -0.9531082980421000661, -9.426528752947998413 ) ) ;
#1167 = CARTESIAN_POINT ( 'NONE',  ( -0.8830222215595000534, -0.5098131173177999909, 1.399999999999999911 ) ) ;
#1168 = CARTESIAN_POINT ( 'NONE',  ( 0.7483774904792001026, -0.7455450556274000329, -6.002123641134000209 ) ) ;
#1169 = ADVANCED_FACE ( 'NONE', ( #2388 ), #4114, .T. ) ;
#1170 = CARTESIAN_POINT ( 'NONE',  ( -0.8476155584293226797, -0.4958873258251175198, -6.867916666668667958 ) ) ;
#1171 = CARTESIAN_POINT ( 'NONE',  ( -0.9500000000000003997, -0.2487094184091911409, -4.775520833333748882 ) ) ;
#1172 = CARTESIAN_POINT ( 'NONE',  ( 0.2419974139072000041, 0.6393957314949999526, -4.069536141133999863 ) ) ;
#1173 = EDGE_CURVE ( 'NONE', #1489, #819, #159, .T. ) ;
#1174 = ORIENTED_EDGE ( 'NONE', *, *, #93, .F. ) ;
#1175 = CARTESIAN_POINT ( 'NONE',  ( 0.2419974139072000041, 0.6393957314949999526, -4.089263858866000412 ) ) ;
#1176 = CARTESIAN_POINT ( 'NONE',  ( -0.4958873258251184635, -0.8476155584293222356, -0.8502083333333334547 ) ) ;
#1177 = CARTESIAN_POINT ( 'NONE',  ( -0.2669386554476000373, -0.5752692816234998840, -9.718308973989000066 ) ) ;
#1178 = CARTESIAN_POINT ( 'NONE',  ( 0.6357877929854549581, -0.1482554223111896274, -4.230801374868838671 ) ) ;
#1179 = CARTESIAN_POINT ( 'NONE',  ( 0.2807385688069999885, -1.018376570246999790, -2.631501358867000206 ) ) ;
#1180 = EDGE_LOOP ( 'NONE', ( #3182, #3669, #3878, #1324 ) ) ;
#1181 = LINE ( 'NONE', #4362, #3264 ) ;
#1182 = CARTESIAN_POINT ( 'NONE',  ( 0.9500000000000007327, 0.2487094184091886429, -1.926770833334332744 ) ) ;
#1183 = CARTESIAN_POINT ( 'NONE',  ( 0.8476155584293201262, -0.4958873258251215166, -4.659583333334998301 ) ) ;
#1184 = CARTESIAN_POINT ( 'NONE',  ( 0.8476155584293235679, 0.4958873258251159100, -7.066666666668664831 ) ) ;
#1185 = CARTESIAN_POINT ( 'NONE',  ( 0.1412091520962000246, -0.9799330861644999224, -9.382546211294000571 ) ) ;
#1186 = CARTESIAN_POINT ( 'NONE',  ( 0.9500000000000008438, 0.2487094184091889204, -8.419270833334500992 ) ) ;
#1187 = CARTESIAN_POINT ( 'NONE',  ( 0.000000000000000000, 1.019626234635999884, 1.399999999999999911 ) ) ;
#1188 = CARTESIAN_POINT ( 'NONE',  ( -0.6096555614874140661, -0.2302596015541925334, -6.488246661294129858 ) ) ;
#1189 = CARTESIAN_POINT ( 'NONE',  ( -0.9500000000000002887, -0.2487094184091911964, -6.895520833335333499 ) ) ;
#1190 = EDGE_CURVE ( 'NONE', #1763, #216, #1298, .T. ) ;
#1191 = CARTESIAN_POINT ( 'NONE',  ( -0.4291902775066783193, -0.4919748687098987605, -9.085660241285479444 ) ) ;
#1192 = CARTESIAN_POINT ( 'NONE',  ( 0.03855848686200000208, -0.6825708007272999200, -5.019186141133999968 ) ) ;
#1193 = ORIENTED_EDGE ( 'NONE', *, *, #4004, .T. ) ;
#1194 = CARTESIAN_POINT ( 'NONE',  ( -0.5546596108511999690, 0.3996778311556999919, -5.276326358866000099 ) ) ;
#1195 = EDGE_CURVE ( 'NONE', #318, #3386, #1917, .T. ) ;
#1196 = CARTESIAN_POINT ( 'NONE',  ( -2.000014283576917684, -9.326360942922128517E-09, 1.399999999999999911 ) ) ;
#1197 = FACE_OUTER_BOUND ( 'NONE', #662, .T. ) ;
#1198 = CARTESIAN_POINT ( 'NONE',  ( -0.3757530821117358033, 0.5325203240184425146, -3.977151784047881389 ) ) ;
#1199 = CARTESIAN_POINT ( 'NONE',  ( -0.3701930790458000109, 0.8554657309247999386, -2.853142119622999573 ) ) ;
#1200 = ORIENTED_EDGE ( 'NONE', *, *, #862, .T. ) ;
#1201 = CARTESIAN_POINT ( 'NONE',  ( -0.4958873258251185745, -0.8476155584293220135, -2.705208333334332860 ) ) ;
#1202 = CARTESIAN_POINT ( 'NONE',  ( -0.2487094184091922233, -0.9499999999999998446, -2.015104166667666785 ) ) ;
#1203 = CARTESIAN_POINT ( 'NONE',  ( 1.171572875243814149, 2.000000000010531576, 0.06666666666662679486 ) ) ;
#1204 = CARTESIAN_POINT ( 'NONE',  ( 0.8476155584293202372, -0.4958873258251216276, -4.527083333333334458 ) ) ;
#1205 = VERTEX_POINT ( 'NONE', #3816 ) ;
#1206 = CARTESIAN_POINT ( 'NONE',  ( -0.5991348354883000438, 0.6358012191242999878, -9.081612575645998220 ) ) ;
#1207 = CARTESIAN_POINT ( 'NONE',  ( 0.2293684251835000076, 0.6440339910682999491, -2.762188858867000274 ) ) ;
#1208 = CARTESIAN_POINT ( 'NONE',  ( 0.3278633495639999840, -1.004196498120999870, -6.714361141133999844 ) ) ;
#1209 = B_SPLINE_CURVE_WITH_KNOTS ( 'NONE', 3,
 ( #671, #4135, #3118, #2011 ),
 .UNSPECIFIED., .F., .F.,
 ( 4, 4 ),
 ( 0.000000000000000000, 1.000000000000000000 ),
 .UNSPECIFIED. ) ;
#1210 = CARTESIAN_POINT ( 'NONE',  ( 0.4173012531746408404, 0.5007517375126838699, -7.426750147331934393 ) ) ;
#1211 = DIRECTION ( 'NONE',  ( -0.9848077530122130163, -0.1736481776669025201, 0.000000000000000000 ) ) ;
#1212 = CARTESIAN_POINT ( 'NONE',  ( 0.9555492545328192477, -0.2223186268178188318, -9.266557494690417229 ) ) ;
#1213 = CARTESIAN_POINT ( 'NONE',  ( 0.4255074051276999669, 0.6867578087373999995, -5.509782880378000236 ) ) ;
#1214 = ORIENTED_EDGE ( 'NONE', *, *, #2772, .T. ) ;
#1215 = DIRECTION ( 'NONE',  ( 0.000000000000000000, -1.000000000000000000, 0.000000000000000000 ) ) ;
#1216 = CARTESIAN_POINT ( 'NONE',  ( 0.000000000000000000, 0.9499999999999999556, -1.126249999999999973 ) ) ;
#1217 = CARTESIAN_POINT ( 'NONE',  ( -0.6506452407346444700, 0.03941331288386204501, -2.556750147332683465 ) ) ;
#1218 = CARTESIAN_POINT ( 'NONE',  ( 0.1271503113517237216, -0.6394832451901890646, -5.676604042548550666 ) ) ;
#1219 = FACE_OUTER_BOUND ( 'NONE', #2490, .T. ) ;
#1220 = EDGE_CURVE ( 'NONE', #3738, #3892, #1574, .T. ) ;
#1221 = EDGE_LOOP ( 'NONE', ( #4414, #3263, #1297, #2274, #1500 ) ) ;
#1222 = CARTESIAN_POINT ( 'NONE',  ( 0.000000000000000000, -0.9499999999999999556, -2.782500000000999840 ) ) ;
#1223 = CARTESIAN_POINT ( 'NONE',  ( -1.366098404099999941, -1.473415152268000128, 1.399999999999999911 ) ) ;
#1224 = CARTESIAN_POINT ( 'NONE',  ( 0.3714406202355000075, 0.5739525417556999853, -6.741948641133999942 ) ) ;
#1225 = CIRCLE ( 'NONE', #3627, 0.9499999999999997335 ) ;
#1226 = CARTESIAN_POINT ( 'NONE',  ( 0.2487094184091940829, 0.9499999999999994005, -4.333854166666666785 ) ) ;
#1227 = VERTEX_POINT ( 'NONE', #3114 ) ;
#1228 = AXIS2_PLACEMENT_3D ( 'NONE', #1316, #174, #2636 ) ;
#1229 = ORIENTED_EDGE ( 'NONE', *, *, #2149, .T. ) ;
#1230 = LINE ( 'NONE', #2960, #3528 ) ;
#1231 = CARTESIAN_POINT ( 'NONE',  ( 0.3047581822514999761, 0.5636265662524000408, -9.403378679098000958 ) ) ;
#1232 = DIRECTION ( 'NONE',  ( 0.000000000000000000, 0.000000000000000000, -1.000000000000000000 ) ) ;
#1233 = CARTESIAN_POINT ( 'NONE',  ( -0.4958873258251184635, -0.8476155584293222356, -6.150208333334498789 ) ) ;
#1234 = CARTESIAN_POINT ( 'NONE',  ( 0.01447934834328423390, -0.6519590135190154179, -7.020910802018184071 ) ) ;
#1235 = CARTESIAN_POINT ( 'NONE',  ( 0.000000000000000000, 0.000000000000000000, -9.799997757242000063 ) ) ;
#1236 = LINE ( 'NONE', #104, #4146 ) ;
#1237 = CARTESIAN_POINT ( 'NONE',  ( 0.04556536270209000233, -0.8066080553500000194, -5.114095380378000044 ) ) ;
#1238 = B_SPLINE_CURVE_WITH_KNOTS ( 'NONE', 3,
 ( #1222, #3618, #4025, #177, #4388, #1269, #1886, #1867, #224, #1907 ),
 .UNSPECIFIED., .F., .F.,
 ( 4, 2, 2, 2, 4 ),
 ( 0.000000000000000000, 0.2500000000000000555, 0.5000000000000001110, 0.7500000000000000000, 1.000000000000000000 ),
 .UNSPECIFIED. ) ;
#1239 = ORIENTED_EDGE ( 'NONE', *, *, #1421, .F. ) ;
#1240 = PLANE ( 'NONE',  #2895 ) ;
#1241 = FACE_OUTER_BOUND ( 'NONE', #1393, .T. ) ;
#1242 = CARTESIAN_POINT ( 'NONE',  ( 0.4971054493876547742, 0.4225133049093588999, -3.469888674287027186 ) ) ;
#1243 = CARTESIAN_POINT ( 'NONE',  ( -0.1780774843431480736, -0.6272103170394438543, -5.727333960712739369 ) ) ;
#1244 = CARTESIAN_POINT ( 'NONE',  ( 0.000000000000000000, 0.9499999999999999556, -5.101250000002000462 ) ) ;
#1245 = ORIENTED_EDGE ( 'NONE', *, *, #1651, .F. ) ;
#1246 = CARTESIAN_POINT ( 'NONE',  ( 0.000000000000000000, -0.6341852979625000053, -1.060000000000000053 ) ) ;
#1247 = EDGE_CURVE ( 'NONE', #3917, #8, #1745, .T. ) ;
#1248 = CARTESIAN_POINT ( 'NONE',  ( 0.5239973417051000393, -0.4391653805941999611, -8.245561141133999072 ) ) ;
#1249 = B_SPLINE_CURVE_WITH_KNOTS ( 'NONE', 3,
 ( #3277, #514, #4294, #1177 ),
 .UNSPECIFIED., .F., .F.,
 ( 4, 4 ),
 ( 0.000000000000000000, 1.000000000000000000 ),
 .UNSPECIFIED. ) ;
#1250 = DIRECTION ( 'NONE',  ( 0.000000000000000000, 0.000000000000000000, -1.000000000000000000 ) ) ;
#1251 = ORIENTED_EDGE ( 'NONE', *, *, #3598, .F. ) ;
#1252 = PLANE ( 'NONE',  #102 ) ;
#1253 = CARTESIAN_POINT ( 'NONE',  ( 0.6164237037991000534, -0.4397084044942999870, -8.824661481653000905 ) ) ;
#1254 = EDGE_CURVE ( 'NONE', #1793, #1600, #2380, .T. ) ;
#1255 = CARTESIAN_POINT ( 'NONE',  ( 0.2487094184091941385, 0.9499999999999996225, -3.803854166666667425 ) ) ;
#1256 = CARTESIAN_POINT ( 'NONE',  ( -0.3702092478677000420, -0.9196809840259999591, -8.112456974466999426 ) ) ;
#1257 = CARTESIAN_POINT ( 'NONE',  ( -0.01751588661749089657, 0.6517265427247611598, -7.350655270085644233 ) ) ;
#1258 = FACE_OUTER_BOUND ( 'NONE', #2064, .T. ) ;
#1259 = CARTESIAN_POINT ( 'NONE',  ( 0.1570841442770000151, 1.044619964313999949, -1.132123641133999881 ) ) ;
#1260 = VECTOR ( 'NONE', #17, 1000.000000000000227 ) ;
#1261 = CARTESIAN_POINT ( 'NONE',  ( -0.2056017234189999876, -0.9091713065019000339, -4.575904619622000347 ) ) ;
#1262 = ORIENTED_EDGE ( 'NONE', *, *, #1341, .T. ) ;
#1263 = CARTESIAN_POINT ( 'NONE',  ( 0.7454453521907998814, -0.1327886859162999977, -9.610507825573998630 ) ) ;
#1264 = FACE_OUTER_BOUND ( 'NONE', #769, .T. ) ;
#1265 = CARTESIAN_POINT ( 'NONE',  ( 0.2487094184091941385, 0.9499999999999996225, -6.453854166668667069 ) ) ;
#1266 = CARTESIAN_POINT ( 'NONE',  ( 0.8938206805952013667, -0.3600598599619798668, -3.849583333333333357 ) ) ;
#1267 = CYLINDRICAL_SURFACE ( 'NONE', #1605, 0.9499999999999999556 ) ;
#1268 = ORIENTED_EDGE ( 'NONE', *, *, #1503, .F. ) ;
#1269 = CARTESIAN_POINT ( 'NONE',  ( 0.9500000000000007327, 0.2487094184091886429, -2.589270833334332167 ) ) ;
#1270 = CARTESIAN_POINT ( 'NONE',  ( -0.3550371323481000263, 0.7257006213484999968, -7.390820380377999932 ) ) ;
#1271 = CARTESIAN_POINT ( 'NONE',  ( 2.072061146205541347E-06, -0.9188574765579954340, -9.433605489055741700 ) ) ;
#1272 = ORIENTED_EDGE ( 'NONE', *, *, #4365, .T. ) ;
#1273 = VERTEX_POINT ( 'NONE', #4081 ) ;
#1274 = DIRECTION ( 'NONE',  ( 0.000000000000000000, 0.000000000000000000, -1.000000000000000000 ) ) ;
#1275 = CARTESIAN_POINT ( 'NONE',  ( -0.2427751976104000065, -0.7172007155934999600, -8.296870981796999445 ) ) ;
#1276 = CARTESIAN_POINT ( 'NONE',  ( 0.8476155584293233458, 0.4958873258251160210, -3.886666666666666714 ) ) ;
#1277 = CARTESIAN_POINT ( 'NONE',  ( 0.9084590821073000866, -0.2087262051039000255, -7.363232880377999834 ) ) ;
#1278 = B_SPLINE_CURVE_WITH_KNOTS ( 'NONE', 3,
 ( #129, #2867, #3957, #2887 ),
 .UNSPECIFIED., .F., .F.,
 ( 4, 4 ),
 ( 0.000000000000000000, 1.000000000000000000 ),
 .UNSPECIFIED. ) ;
#1279 = EDGE_CURVE ( 'NONE', #3586, #1763, #1042, .T. ) ;
#1280 = CARTESIAN_POINT ( 'NONE',  ( -0.5160894624218398397, -0.3994916570870305494, -7.781859574481277519 ) ) ;
#1281 = DIRECTION ( 'NONE',  ( -2.399426273705995570E-10, -0.7070980706962981532, 0.7071154915694981558 ) ) ;
#1282 = CARTESIAN_POINT ( 'NONE',  ( -0.8142616950024998967, 0.6729657309136000132, -1.686086141135000105 ) ) ;
#1283 = CARTESIAN_POINT ( 'NONE',  ( -0.3361786244393999978, 0.6542176416593999955, -6.063745380377999261 ) ) ;
#1284 = EDGE_CURVE ( 'NONE', #950, #2741, #642, .T. ) ;
#1285 = ORIENTED_EDGE ( 'NONE', *, *, #3315, .T. ) ;
#1286 = CARTESIAN_POINT ( 'NONE',  ( 0.09138791827219000519, -0.6341943384064999689, -9.647546211293999363 ) ) ;
#1287 = CARTESIAN_POINT ( 'NONE',  ( 0.000000000000000000, -0.9499999999999999556, -5.300000000002000000 ) ) ;
#1288 = DIRECTION ( 'NONE',  ( -0.7660444431190069903, -0.6427876096865049460, 0.000000000000000000 ) ) ;
#1289 = CARTESIAN_POINT ( 'NONE',  ( 0.000000000000000000, 0.000000000000000000, 0.000000000000000000 ) ) ;
#1290 = FACE_OUTER_BOUND ( 'NONE', #2883, .T. ) ;
#1291 = ORIENTED_EDGE ( 'NONE', *, *, #2337, .F. ) ;
#1292 = DIRECTION ( 'NONE',  ( 0.000000000000000000, 0.000000000000000000, -1.000000000000000000 ) ) ;
#1293 = CARTESIAN_POINT ( 'NONE',  ( 2.000008392264999824, -5.082835907943999962E-09, 0.9000000000000000222 ) ) ;
#1294 = CARTESIAN_POINT ( 'NONE',  ( -0.7246381821432000825, 0.1261598001292999760, -5.966345380377999774 ) ) ;
#1295 = CARTESIAN_POINT ( 'NONE',  ( 0.4958873258251145777, -0.8476155584293242340, -5.907291666667831898 ) ) ;
#1296 = VECTOR ( 'NONE', #2252, 1000.000000000000114 ) ;
#1297 = ORIENTED_EDGE ( 'NONE', *, *, #349, .T. ) ;
#1298 = B_SPLINE_CURVE_WITH_KNOTS ( 'NONE', 3,
 ( #972, #2364, #3751, #627, #2016, #3359, #938, #3967, #4398, #3312, #3651, #186, #1606, #4055, #4350, #1188, #233, #2651, #4305, #1579, #1628, #2579, #914, #3721, #2237, #847, #890, #2965, #3628, #1234, #507, #2263, #1895, #2628, #3014, #3990, #1535, #3334, #1257, #550, #1210, #1556, #4014, #3290, #164, #2287, #2600, #2333, #142, #1280, #4328, #3676, #2673, #595, #2943, #1985, #1938, #527, #210, #2990, #2922, #4374, #1963, #4034, #869, #2307 ),
 .UNSPECIFIED., .F., .F.,
 ( 4, 2, 2, 2, 2, 2, 2, 2, 2, 2, 2, 2, 2, 2, 2, 2, 2, 2, 2, 2, 2, 2, 2, 2, 2, 2, 2, 2, 2, 2, 2, 2, 4 ),
 ( 0.000000000000000000, 0.03124999999999999306, 0.06249999999999998612, 0.09374999999999997224, 0.1249999999999999445, 0.1562499999999999445, 0.1874999999999999445, 0.2187499999999999167, 0.2499999999999999167, 0.2812499999999999445, 0.3124999999999999445, 0.3437499999999999445, 0.3749999999999998890, 0.4062499999999999445, 0.4375000000000000000, 0.4687500000000000000, 0.5000000000000000000, 0.5312500000000000000, 0.5625000000000000000, 0.5937500000000000000, 0.6250000000000000000, 0.6562500000000000000, 0.6875000000000000000, 0.7187500000000000000, 0.7499999999999998890, 0.7812499999999998890, 0.8124999999999998890, 0.8437499999999998890, 0.8749999999999998890, 0.9062499999999998890, 0.9374999999999998890, 0.9687499999999998890, 1.000000000000000000 ),
 .UNSPECIFIED. ) ;
#1299 = ORIENTED_EDGE ( 'NONE', *, *, #1044, .F. ) ;
#1300 = DIRECTION ( 'NONE',  ( 0.9848077530122006928, 0.1736481776669719646, 0.000000000000000000 ) ) ;
#1301 = AXIS2_PLACEMENT_3D ( 'NONE', #2833, #4199, #2794 ) ;
#1302 = CARTESIAN_POINT ( 'NONE',  ( 0.07474513418281999999, -0.6363690917391999768, -9.007535804206000307 ) ) ;
#1303 = CARTESIAN_POINT ( 'NONE',  ( 0.7689408137778955821, 0.5845539008223824551, -3.210624999999998952 ) ) ;
#1304 = CARTESIAN_POINT ( 'NONE',  ( 0.1291204608105999962, -1.048298438835000068, -8.059698641133998365 ) ) ;
#1305 = VECTOR ( 'NONE', #778, 1000.000000000000227 ) ;
#1306 = CARTESIAN_POINT ( 'NONE',  ( -0.7652427512141000143, 0.5629418546476999685, -5.665000000000000036 ) ) ;
#1307 = CARTESIAN_POINT ( 'NONE',  ( 0.4958873258251145777, -0.8476155584293242340, -8.689791666665668046 ) ) ;
#1308 = CARTESIAN_POINT ( 'NONE',  ( -0.7280457924054999364, -0.7654112031951999517, -1.527811141135000161 ) ) ;
#1309 = AXIS2_PLACEMENT_3D ( 'NONE', #543, #3423, #3714 ) ;
#1310 = ADVANCED_FACE ( 'NONE', ( #2793 ), #1698, .T. ) ;
#1311 = CARTESIAN_POINT ( 'NONE',  ( -0.2330045083956000240, -1.030346486381999993, -4.670813858866000423 ) ) ;
#1312 = EDGE_LOOP ( 'NONE', ( #4287, #2666, #3131, #1272 ) ) ;
#1313 = CARTESIAN_POINT ( 'NONE',  ( 0.3047581822514999761, 0.5636265662524000408, -9.383650961365999521 ) ) ;
#1314 = CARTESIAN_POINT ( 'NONE',  ( 0.000000000000000000, 0.9499999999999999556, -1.656250000000000000 ) ) ;
#1315 = CYLINDRICAL_SURFACE ( 'NONE', #2029, 0.9499999999999999556 ) ;
#1316 = CARTESIAN_POINT ( 'NONE',  ( 0.000000000000000000, 0.000000000000000000, 0.000000000000000000 ) ) ;
#1317 = CARTESIAN_POINT ( 'NONE',  ( 0.5000000000000000000, -0.5773502691895999739, 0.8000000000000000444 ) ) ;
#1318 = ORIENTED_EDGE ( 'NONE', *, *, #1009, .T. ) ;
#1319 = CARTESIAN_POINT ( 'NONE',  ( 0.5563733690952000766, 0.8979720474782999506, -5.149873641134000479 ) ) ;
#1320 = CARTESIAN_POINT ( 'NONE',  ( 0.2487094184091940829, 0.9499999999999994005, -4.996354166667750007 ) ) ;
#1321 = CARTESIAN_POINT ( 'NONE',  ( 0.5723497595643999292, -0.5701835487592999963, -6.362032880377999966 ) ) ;
#1322 = CARTESIAN_POINT ( 'NONE',  ( 0.6814971747134001001, -0.05432600492853000007, -1.555398641133999948 ) ) ;
#1323 = EDGE_LOOP ( 'NONE', ( #4340, #4498, #2717, #1160 ) ) ;
#1324 = ORIENTED_EDGE ( 'NONE', *, *, #3100, .T. ) ;
#1325 = CARTESIAN_POINT ( 'NONE',  ( 0.2487094184091882820, -0.9500000000000011768, -6.067395833334250810 ) ) ;
#1326 = CARTESIAN_POINT ( 'NONE',  ( -0.1969218616059000004, 0.6097329216203000168, -8.655675470968999363 ) ) ;
#1327 = FACE_OUTER_BOUND ( 'NONE', #1119, .T. ) ;
#1328 = CARTESIAN_POINT ( 'NONE',  ( 0.7071771039411000048, -0.3906319250299999934, -6.825042119622001024 ) ) ;
#1329 = CARTESIAN_POINT ( 'NONE',  ( 0.000000000000000000, -0.9499999999999999556, -6.095000000000999840 ) ) ;
#1330 = CARTESIAN_POINT ( 'NONE',  ( -0.6462799621470023403, -0.7178408239904912058, -5.510000000000666809 ) ) ;
#1331 = CARTESIAN_POINT ( 'NONE',  ( 0.000000000000000000, -1.019626234635999884, 0.8000000000000000444 ) ) ;
#1332 = DIRECTION ( 'NONE',  ( 1.000000000000000000, 0.000000000000000000, 0.000000000000000000 ) ) ;
#1333 = VERTEX_POINT ( 'NONE', #619 ) ;
#1334 = CARTESIAN_POINT ( 'NONE',  ( -0.6980127346664999344, 0.2934278204674000134, -9.302630033991000857 ) ) ;
#1335 = CARTESIAN_POINT ( 'NONE',  ( -0.4928804744893999223, -1.947882445383999794, 1.399999999999999911 ) ) ;
#1336 = CARTESIAN_POINT ( 'NONE',  ( 0.000000000000000000, 0.000000000000000000, 0.000000000000000000 ) ) ;
#1337 = DIRECTION ( 'NONE',  ( 0.000000000000000000, 0.000000000000000000, -1.000000000000000000 ) ) ;
#1338 = CARTESIAN_POINT ( 'NONE',  ( 0.000000000000000000, -0.9499999999999999556, -5.432500000001000195 ) ) ;
#1339 = LINE ( 'NONE', #4187, #1962 ) ;
#1340 = APPROVAL_PERSON_ORGANIZATION ( #2459, #3214, #3845 ) ;
#1341 = EDGE_CURVE ( 'NONE', #4182, #136, #1225, .T. ) ;
#1342 = EDGE_LOOP ( 'NONE', ( #147, #3928, #2787, #468 ) ) ;
#1343 = CARTESIAN_POINT ( 'NONE',  ( 0.2299803452449999952, -0.9033018631661000608, -3.503757880378000067 ) ) ;
#1344 = CARTESIAN_POINT ( 'NONE',  ( 0.000000000000000000, 0.000000000000000000, 0.000000000000000000 ) ) ;
#1345 = CARTESIAN_POINT ( 'NONE',  ( 0.09553742856153001062, 0.9272700213785000090, -6.219529619622000460 ) ) ;
#1346 = FACE_OUTER_BOUND ( 'NONE', #488, .T. ) ;
#1347 = EDGE_CURVE ( 'NONE', #3490, #1793, #4156, .T. ) ;
#1348 = EDGE_LOOP ( 'NONE', ( #1773, #3148, #1381 ) ) ;
#1349 = CARTESIAN_POINT ( 'NONE',  ( 0.000000000000000000, 0.9499999999999999556, -5.763749999999999929 ) ) ;
#1350 = DIRECTION ( 'NONE',  ( 0.000000000000000000, 0.000000000000000000, -1.000000000000000000 ) ) ;
#1351 = DIRECTION ( 'NONE',  ( 0.000000000000000000, -1.000000000000000000, 0.000000000000000000 ) ) ;
#1352 = CARTESIAN_POINT ( 'NONE',  ( 0.000000000000000000, 0.9499999999999999556, -5.763749999999999929 ) ) ;
#1353 = CARTESIAN_POINT ( 'NONE',  ( 0.09553742856154000263, 0.9272700213785000090, -5.859620380377998927 ) ) ;
#1354 = CARTESIAN_POINT ( 'NONE',  ( 0.000000000000000000, 0.9499999999999999556, -2.981250000000999822 ) ) ;
#1355 = LINE ( 'NONE', #2748, #646 ) ;
#1356 = CARTESIAN_POINT ( 'NONE',  ( -0.2651906707738999613, -0.8934776480630999274, -0.9104828803780999902 ) ) ;
#1357 = DIRECTION ( 'NONE',  ( 0.000000000000000000, 1.000000000000000000, 0.000000000000000000 ) ) ;
#1358 = VERTEX_POINT ( 'NONE', #3138 ) ;
#1359 = CARTESIAN_POINT ( 'NONE',  ( -0.6900881461103000047, 0.3116086629229000149, -8.642891909172000453 ) ) ;
#1360 = CARTESIAN_POINT ( 'NONE',  ( 0.000000000000000000, 0.9499999999999999556, -1.656250000000000000 ) ) ;
#1361 = LINE ( 'NONE', #3752, #3500 ) ;
#1362 = CARTESIAN_POINT ( 'NONE',  ( 0.9500000000000007327, 0.2487094184091886429, -1.264270833333750010 ) ) ;
#1363 = ORIENTED_EDGE ( 'NONE', *, *, #481, .T. ) ;
#1364 = CARTESIAN_POINT ( 'NONE',  ( -0.8466798178463000868, 0.3898683769768999663, -3.741170380378000093 ) ) ;
#1365 = CARTESIAN_POINT ( 'NONE',  ( 0.000000000000000000, -0.9500000000002248868, -9.402491419469999556 ) ) ;
#1366 = CARTESIAN_POINT ( 'NONE',  ( 0.9246713526618999257, -0.5107718398913000390, -7.184951358865999893 ) ) ;
#1367 = CARTESIAN_POINT ( 'NONE',  ( -0.4570331444614000316, 0.6661937837053000244, -1.412895380377999777 ) ) ;
#1368 = EDGE_CURVE ( 'NONE', #429, #3006, #2770, .T. ) ;
#1369 = EDGE_LOOP ( 'NONE', ( #243, #613, #153, #1404 ) ) ;
#1370 = CARTESIAN_POINT ( 'NONE',  ( 0.5000000000000000000, 0.5773502691895999739, 1.399999999999999911 ) ) ;
#1371 = DIRECTION ( 'NONE',  ( 0.000000000000000000, -1.000000000000000000, 0.000000000000000000 ) ) ;
#1372 = CARTESIAN_POINT ( 'NONE',  ( 0.6447888330731239570, 0.09495069748764180251, -1.542151784047832264 ) ) ;
#1373 = DIRECTION ( 'NONE',  ( 0.000000000000000000, 0.000000000000000000, 1.000000000000000000 ) ) ;
#1374 = CARTESIAN_POINT ( 'NONE',  ( 0.09874971607224999892, -0.8017255556879000489, -8.249517119622000294 ) ) ;
#1375 = EDGE_CURVE ( 'NONE', #1828, #318, #3050, .T. ) ;
#1376 = CARTESIAN_POINT ( 'NONE',  ( 0.9499999999999991784, -0.2487094184091953319, -3.174479166667666608 ) ) ;
#1377 = CARTESIAN_POINT ( 'NONE',  ( -0.5009093339410999324, 1.945833246282999918, 0.9000000000464060124 ) ) ;
#1378 = CARTESIAN_POINT ( 'NONE',  ( -0.8064466361266000582, -0.04833818162846999916, -1.796767119622000086 ) ) ;
#1379 = VECTOR ( 'NONE', #1635, 1000.000000000000000 ) ;
#1380 = FACE_OUTER_BOUND ( 'NONE', #114, .T. ) ;
#1381 = ORIENTED_EDGE ( 'NONE', *, *, #4098, .F. ) ;
#1382 = CARTESIAN_POINT ( 'NONE',  ( -0.8053505956331999949, 0.3385500840492000063, -9.397539273235000934 ) ) ;
#1383 = CARTESIAN_POINT ( 'NONE',  ( 0.000000000000000000, 0.9499999999999999556, 0.000000000000000000 ) ) ;
#1384 = LINE ( 'NONE', #290, #1782 ) ;
#1385 = CARTESIAN_POINT ( 'NONE',  ( 0.9499999999999991784, -0.2487094184091954152, -7.944479166667499648 ) ) ;
#1386 = CARTESIAN_POINT ( 'NONE',  ( -0.1194592710668000018, -0.5661154538010000348, 0.5999999999999999778 ) ) ;
#1387 = VECTOR ( 'NONE', #342, 1000.000000000000114 ) ;
#1388 = VERTEX_POINT ( 'NONE', #1329 ) ;
#1389 = CARTESIAN_POINT ( 'NONE',  ( 0.7677572670723000758, 0.6272294464093000066, -3.197815307800999651 ) ) ;
#1390 = CARTESIAN_POINT ( 'NONE',  ( -1.905129515670999973, -0.6385160154361001483, 0.9000000000464060124 ) ) ;
#1391 = CARTESIAN_POINT ( 'NONE',  ( -0.7996539508427999987, 0.3547294794891000524, -6.087633786288999538 ) ) ;
#1392 = CARTESIAN_POINT ( 'NONE',  ( 0.8053393292481999532, -0.06419816544106998757, -1.650307880377999803 ) ) ;
#1393 = EDGE_LOOP ( 'NONE', ( #107, #3911, #907, #2711 ) ) ;
#1394 = ORIENTED_EDGE ( 'NONE', *, *, #315, .T. ) ;
#1395 = EDGE_CURVE ( 'NONE', #344, #1468, #3211, .T. ) ;
#1396 = CARTESIAN_POINT ( 'NONE',  ( 1.199999999999999956, -9.123470989108999504E-10, 1.399999999986999866 ) ) ;
#1397 = CARTESIAN_POINT ( 'NONE',  ( -0.7652427512141000143, 0.5629418546476999685, -5.665000000000000036 ) ) ;
#1398 = CARTESIAN_POINT ( 'NONE',  ( 0.07007079755721999648, 0.6800952352097998643, -6.049438858865999968 ) ) ;
#1399 = CARTESIAN_POINT ( 'NONE',  ( 0.000000000000000000, -0.9499999999999999556, -2.782500000000999840 ) ) ;
#1400 = EDGE_CURVE ( 'NONE', #2742, #2906, #714, .T. ) ;
#1401 = PLANE ( 'NONE',  #2541 ) ;
#1402 = CARTESIAN_POINT ( 'NONE',  ( 0.8053393292481999532, -0.06419816544106998757, -1.480217119621999977 ) ) ;
#1403 = FACE_OUTER_BOUND ( 'NONE', #3119, .T. ) ;
#1404 = ORIENTED_EDGE ( 'NONE', *, *, #1998, .T. ) ;
#1405 = CARTESIAN_POINT ( 'NONE',  ( 0.1154933520844999978, -0.9832934326953998161, -9.272535804206000876 ) ) ;
#1406 = CARTESIAN_POINT ( 'NONE',  ( -0.2964566467916570636, 0.9146597881155134058, -6.260833333333332362 ) ) ;
#1407 = PLANE ( 'NONE',  #1676 ) ;
#1408 = CYLINDRICAL_SURFACE ( 'NONE', #190, 0.9499999999999999556 ) ;
#1409 = EDGE_LOOP ( 'NONE', ( #1622, #2927, #4449, #2019, #121 ) ) ;
#1410 = CARTESIAN_POINT ( 'NONE',  ( 0.2859733572304000160, 0.7555871816239000394, -3.994354619621999891 ) ) ;
#1411 = PLANE ( 'NONE',  #2065 ) ;
#1412 = CARTESIAN_POINT ( 'NONE',  ( -0.8360704076356999526, 0.1455601955853000062, -6.061254619621999851 ) ) ;
#1413 = CARTESIAN_POINT ( 'NONE',  ( 0.2293684251835000076, 0.6440339910682999491, -2.742461141135000169 ) ) ;
#1414 = ORIENTED_EDGE ( 'NONE', *, *, #4332, .T. ) ;
#1415 = CARTESIAN_POINT ( 'NONE',  ( 0.8830222215595000534, -0.5098131173177999909, 1.399999999999999911 ) ) ;
#1416 = CARTESIAN_POINT ( 'NONE',  ( 0.2957282842511999577, 1.168729467229999930, 1.399999999999999911 ) ) ;
#1417 = CARTESIAN_POINT ( 'NONE',  ( -0.9500000000000003997, -0.2487094184091911409, -8.088020833335333393 ) ) ;
#1418 = CARTESIAN_POINT ( 'NONE',  ( -0.6385599828600999617, 0.2441941915104999805, -7.236501358865999656 ) ) ;
#1419 = FACE_OUTER_BOUND ( 'NONE', #2026, .T. ) ;
#1420 = CARTESIAN_POINT ( 'NONE',  ( -0.5568003307640999600, -0.5853769303461000550, -1.717629619622000003 ) ) ;
#1421 = EDGE_CURVE ( 'NONE', #3760, #2798, #2425, .T. ) ;
#1422 = UNCERTAINTY_MEASURE_WITH_UNIT (LENGTH_MEASURE( 1.000000000000000082E-05 ), #4453, 'distance_accuracy_value', 'NONE');
#1423 = ORIENTED_EDGE ( 'NONE', *, *, #952, .F. ) ;
#1424 = CARTESIAN_POINT ( 'NONE',  ( 0.1246020741548999888, -0.8646868369118000386, -9.837364689781999516 ) ) ;
#1425 = DIRECTION ( 'NONE',  ( 0.000000000000000000, 0.000000000000000000, -1.000000000000000000 ) ) ;
#1426 = DIRECTION ( 'NONE',  ( 0.000000000000000000, 1.000000000000000000, 0.000000000000000000 ) ) ;
#1427 = CARTESIAN_POINT ( 'NONE',  ( 0.8476155584293233458, 0.4958873258251160210, -1.236666666667000314 ) ) ;
#1428 = EDGE_CURVE ( 'NONE', #2686, #4481, #3812, .T. ) ;
#1429 = EDGE_LOOP ( 'NONE', ( #2519, #1598, #2644, #2667 ) ) ;
#1430 = CARTESIAN_POINT ( 'NONE',  ( -0.4998517246645999834, 0.5701119951778000905, -5.867275452954999970 ) ) ;
#1431 = CARTESIAN_POINT ( 'NONE',  ( -0.1027825504257999928, 1.201174285348999726, 1.399999999999999911 ) ) ;
#1432 = CARTESIAN_POINT ( 'NONE',  ( -0.3266703288764000179, -0.8115207581754000365, -8.567275452955000148 ) ) ;
#1433 = CARTESIAN_POINT ( 'NONE',  ( -0.2715137374897000355, 0.6274312272299999993, -2.663323641135000308 ) ) ;
#1434 = ORIENTED_EDGE ( 'NONE', *, *, #2489, .T. ) ;
#1435 = PLANE ( 'NONE',  #3200 ) ;
#1436 = CARTESIAN_POINT ( 'NONE',  ( 0.2487094184091882820, -0.9500000000000011768, -7.392395833335337230 ) ) ;
#1437 = B_SPLINE_SURFACE_WITH_KNOTS ( 'NONE', 3, 3, ( 
 ( #1987, #3066, #1630, #2408, #4423, #966, #1259, #4057, #2675, #916, #4036, #1308, #2654, #1282, #1700, #2725, #940, #3769, #4083, #3016, #4472, #2335, #3433, #1965, #2309, #3795, #3723, #3361, #308, #2701, #3090, #2357, #259, #3745, #4376 ),
 ( #670, #3698, #1356, #4108, #597, #1608, #621, #2010, #3384, #4134, #1016, #1653, #3406, #282, #1675, #3336, #3039, #991, #4447, #2992, #2382, #212, #645, #4159, #3504, #716, #3162, #81, #1441, #1062, #2431, #4223, #1724, #2084, #3839 ),
 ( #2106, #1791, #3480, #1127, #38, #4200, #4496, #2795, #1402, #1041, #2773, #1420, #1378, #3140, #422, #57, #4179, #2497, #2814, #1749, #3204, #2453, #764, #3818, #693, #2518, #16, #358, #2151, #1084, #3546, #2475, #383, #3865, #3116 ),
 ( #3905, #1771, #1811, #2834, #740, #335, #2128, #3526, #1467, #2857, #402, #3885, #3180, #1106, #4244, #2061, #3456, #3987, #120, #2171, #3965, #2897, #1854, #1207, #1893, #3585, #4347, #2598, #1147, #524, #865, #4264, #2878, #4326, #1913 ) ),
 .UNSPECIFIED., .F., .F., .F.,
 ( 4, 4 ),
 ( 4, 1, 1, 1, 1, 1, 1, 1, 1, 1, 1, 1, 1, 1, 1, 1, 1, 1, 1, 1, 1, 1, 1, 1, 1, 1, 1, 1, 1, 1, 1, 1, 4 ),
 ( -0.03722210892778000241, 1.037222108927999820 ),
 ( -0.02000000000000000042, 0.01250000000000000069, 0.04499999999999999833, 0.07749999999999999944, 0.1100000000000000006, 0.1424999999999999878, 0.1749999999999999889, 0.2074999999999999900, 0.2399999999999999911, 0.2725000000000000200, 0.3049999999999999933, 0.3375000000000000222, 0.3699999999999999956, 0.4025000000000000244, 0.4349999999999999978, 0.4675000000000000266, 0.5000000000000000000, 0.5324999999999999734, 0.5649999999999999467, 0.5975000000000000311, 0.6300000000000000044, 0.6624999999999999778, 0.6949999999999999512, 0.7275000000000000355, 0.7600000000000000089, 0.7924999999999999822, 0.8249999999999999556, 0.8575000000000000400, 0.8900000000000000133, 0.9224999999999999867, 0.9549999999999999600, 0.9875000000000000444, 1.020000000000000018 ),
 .UNSPECIFIED. ) ;
#1438 = CARTESIAN_POINT ( 'NONE',  ( 0.000000000000000000, 0.9499999999999999556, -3.776250000000000107 ) ) ;
#1439 = CARTESIAN_POINT ( 'NONE',  ( -0.8830222215595000534, 0.5098131173177999909, 1.399999999999999911 ) ) ;
#1440 = CARTESIAN_POINT ( 'NONE',  ( -0.9500000000000002887, -0.2487094184091911964, -4.908020833335333677 ) ) ;
#1441 = CARTESIAN_POINT ( 'NONE',  ( -0.7599749412983000108, -0.5397255283492999878, -2.968057880379000313 ) ) ;
#1442 = AXIS2_PLACEMENT_3D ( 'NONE', #1666, #4076, #2027 ) ;
#1443 = ORIENTED_EDGE ( 'NONE', *, *, #2255, .F. ) ;
#1444 = CARTESIAN_POINT ( 'NONE',  ( -0.9898706725876000867, -0.01899317536993999633, -9.448465970824001303 ) ) ;
#1445 = ADVANCED_FACE ( 'NONE', ( #3834 ), #3427, .F. ) ;
#1446 = CARTESIAN_POINT ( 'NONE',  ( -0.7652427512141000143, 0.5629418546476999685, -6.195000000000000284 ) ) ;
#1447 = CALENDAR_DATE ( 2026, 22, 6 ) ;
#1448 = VECTOR ( 'NONE', #211, 1000.000000000000000 ) ;
#1449 = LINE ( 'NONE', #4348, #2616 ) ;
#1450 = CARTESIAN_POINT ( 'NONE',  ( -0.1330374169856000099, 0.6705898116388999686, -5.335736141134000299 ) ) ;
#1451 = AXIS2_PLACEMENT_3D ( 'NONE', #888, #3357, #3401 ) ;
#1452 = ORIENTED_EDGE ( 'NONE', *, *, #4480, .F. ) ;
#1453 = CARTESIAN_POINT ( 'NONE',  ( 0.4071223803146999942, -0.6978138176975999807, -4.231767119622000806 ) ) ;
#1454 = B_SPLINE_CURVE_WITH_KNOTS ( 'NONE', 3,
 ( #924, #266, #3708, #583, #3367, #4360, #241, #1659, #4408, #1244 ),
 .UNSPECIFIED., .F., .F.,
 ( 4, 2, 2, 2, 4 ),
 ( 0.000000000000000000, 0.2500000000000000555, 0.5000000000000001110, 0.7500000000000000000, 1.000000000000000000 ),
 .UNSPECIFIED. ) ;
#1455 = EDGE_CURVE ( 'NONE', #1655, #983, #332, .T. ) ;
#1456 = CARTESIAN_POINT ( 'NONE',  ( 1.772860090457000215, 0.9455858206207998773, 1.399999999999999911 ) ) ;
#1457 = FACE_OUTER_BOUND ( 'NONE', #250, .T. ) ;
#1458 = CARTESIAN_POINT ( 'NONE',  ( 0.01765610469203000160, 1.056217098988999847, -8.292876358865999720 ) ) ;
#1459 = VECTOR ( 'NONE', #4023, 1000.000000000000000 ) ;
#1460 = CARTESIAN_POINT ( 'NONE',  ( -0.1376451593714999866, -0.6696590276438999512, -3.059011141135000056 ) ) ;
#1461 = ORIENTED_EDGE ( 'NONE', *, *, #1945, .T. ) ;
#1462 = FACE_OUTER_BOUND ( 'NONE', #1342, .T. ) ;
#1463 = CARTESIAN_POINT ( 'NONE',  ( -0.2355700529083285255, 0.9500000000000005107, -8.917604166665750398 ) ) ;
#1464 = DIRECTION ( 'NONE',  ( 0.3420201433256990775, -0.9396926207858972147, 0.000000000000000000 ) ) ;
#1465 = CARTESIAN_POINT ( 'NONE',  ( -0.4126094400578999566, 0.5449918174369999813, -5.970301358866000108 ) ) ;
#1466 = FACE_OUTER_BOUND ( 'NONE', #369, .T. ) ;
#1467 = CARTESIAN_POINT ( 'NONE',  ( 0.6814971747134001001, -0.05432600492853000007, -1.575126358865999832 ) ) ;
#1468 = VERTEX_POINT ( 'NONE', #1694 ) ;
#1469 = CARTESIAN_POINT ( 'NONE',  ( -0.3900485294334999908, -0.6319324153825000012, -9.815759686628998892 ) ) ;
#1470 = CARTESIAN_POINT ( 'NONE',  ( 0.4958873258251204619, 0.8476155584293211254, -7.673958333335334281 ) ) ;
#1471 = SECURITY_CLASSIFICATION_LEVEL ( 'unclassified' ) ;
#1472 = DIRECTION ( 'NONE',  ( -0.8660254037844248298, -0.5000000000000239808, 0.000000000000000000 ) ) ;
#1473 = EDGE_LOOP ( 'NONE', ( #4256, #2411, #785, #977 ) ) ;
#1474 = CARTESIAN_POINT ( 'NONE',  ( 0.8926428520690999902, -0.2684274094320999726, -4.057720380377999980 ) ) ;
#1475 = CARTESIAN_POINT ( 'NONE',  ( 0.4251643773382765001, 0.7192015396103481617, -9.543303791281722681 ) ) ;
#1476 = CARTESIAN_POINT ( 'NONE',  ( 0.04060602473531720047, -0.6514296029356136941, -2.379195433758009681 ) ) ;
#1477 = DIRECTION ( 'NONE',  ( 0.7660444431190069903, 0.6427876096865049460, 0.000000000000000000 ) ) ;
#1478 = CARTESIAN_POINT ( 'NONE',  ( 0.2131814904496999730, -0.9682053768259999416, -1.312543025532999952 ) ) ;
#1479 = ADVANCED_FACE ( 'NONE', ( #4196 ), #3518, .F. ) ;
#1480 = ORIENTED_EDGE ( 'NONE', *, *, #4203, .F. ) ;
#1481 = CARTESIAN_POINT ( 'NONE',  ( -0.1047737525684999949, -0.6254705851792999871, -8.364999999999998437 ) ) ;
#1482 = CYLINDRICAL_SURFACE ( 'NONE', #3562, 0.9499999999999999556 ) ;
#1483 = CARTESIAN_POINT ( 'NONE',  ( -0.8166478653843243229, 0.5395178530785244009, -8.309166666666001788 ) ) ;
#1484 = CARTESIAN_POINT ( 'NONE',  ( 0.000000000000000000, -0.9499999999999999556, -7.420000000002000107 ) ) ;
#1485 = EDGE_CURVE ( 'NONE', #3125, #456, #106, .T. ) ;
#1486 = AXIS2_PLACEMENT_3D ( 'NONE', #1336, #3020, #4113 ) ;
#1487 = CARTESIAN_POINT ( 'NONE',  ( 0.8060064965731000841, -0.5749419245818999658, -8.634843003164998976 ) ) ;
#1488 = CARTESIAN_POINT ( 'NONE',  ( 0.2487094184091940829, 0.9499999999999994005, -8.308854166668501406 ) ) ;
#1489 = VERTEX_POINT ( 'NONE', #2400 ) ;
#1490 = CARTESIAN_POINT ( 'NONE',  ( 0.1412091520962000246, -0.9799330861644999224, -9.932273929025999593 ) ) ;
#1491 = CARTESIAN_POINT ( 'NONE',  ( 0.000000000000000000, 0.9499999999999999556, -4.968750000001000089 ) ) ;
#1492 = APPROVAL_ROLE ( '' ) ;
#1493 = CARTESIAN_POINT ( 'NONE',  ( 0.6546983472341000310, -0.1968749101616999730, -4.227811141134000472 ) ) ;
#1494 = EDGE_LOOP ( 'NONE', ( #1855, #1859, #228, #3754 ) ) ;
#1495 = CARTESIAN_POINT ( 'NONE',  ( -0.3361786244393999978, 0.6542176416593999955, -5.893654619622000546 ) ) ;
#1496 = CARTESIAN_POINT ( 'NONE',  ( 2.001084073356000026, 0.09146829991270000182, 1.399999999999999911 ) ) ;
#1497 = CARTESIAN_POINT ( 'NONE',  ( -0.6186096241936621665, 0.2051962485011686876, -1.922626170280274494 ) ) ;
#1498 = CARTESIAN_POINT ( 'NONE',  ( 0.4979393301511388370, -0.4204292344745514942, -4.281531293033030927 ) ) ;
#1499 = PLANE ( 'NONE',  #1526 ) ;
#1500 = ORIENTED_EDGE ( 'NONE', *, *, #3856, .T. ) ;
#1501 = CARTESIAN_POINT ( 'NONE',  ( -1.799999999999999378, -4.026691250066059738E-16, 2.848021097452025157E-17 ) ) ;
#1502 = CARTESIAN_POINT ( 'NONE',  ( -0.9662572085842475733, -0.1560136426284935984, -8.760729166666251899 ) ) ;
#1503 = EDGE_CURVE ( 'NONE', #2165, #170, #2448, .T. ) ;
#1504 = CARTESIAN_POINT ( 'NONE',  ( 1.132520446068935982, 1.933333333343364879, -4.146303308238574003E-14 ) ) ;
#1505 = CARTESIAN_POINT ( 'NONE',  ( -0.4958873258251185745, -0.8476155584293220135, -7.342708333335332682 ) ) ;
#1506 = CARTESIAN_POINT ( 'NONE',  ( 0.4155199324173000086, 0.7684718125942000544, -9.213560200610000805 ) ) ;
#1507 = CC_DESIGN_PERSON_AND_ORGANIZATION_ASSIGNMENT ( #364, #2089, ( #4464 ) ) ;
#1508 = CARTESIAN_POINT ( 'NONE',  ( 0.000000000000000000, 0.000000000000000000, -9.799999999999998934 ) ) ;
#1509 = ORIENTED_EDGE ( 'NONE', *, *, #3616, .F. ) ;
#1510 = CARTESIAN_POINT ( 'NONE',  ( 0.7500000000000000000, 0.1443375672973999935, 0.8000000000000000444 ) ) ;
#1511 = CARTESIAN_POINT ( 'NONE',  ( -0.5987308893095799611, -0.2603156975899516556, -8.469904658120478658 ) ) ;
#1512 = CLOSED_SHELL ( 'NONE', ( #1824, #2513, #3011, #118, #2232, #584, #2226, #3074, #3877, #70, #3347, #4065, #2260, #2735, #4058, #10, #3906, #1169, #4420, #816, #2949, #3576, #3792, #1479, #396, #3591, #4123, #2152, #497, #1445, #2005, #4259, #1148, #891, #4372, #113, #1534, #3435, #2534, #1015, #4315, #4286, #1732, #2792, #137, #2379, #2034, #2291, #381, #2976, #885, #4236, #474, #2495, #3819, #3404, #2850, #343, #143, #2627, #578, #618, #918, #1310, #810, #4157, #446, #2566, #2092, #2870, #1973, #3468, #3763, #3373, #1529, #1118, #831, #1712, #3442, #643, #285, #2583, #1559, #3260, #867 ) ) ;
#1513 = CARTESIAN_POINT ( 'NONE',  ( 0.7244757248122000171, 0.3575299682495999831, -4.243582880377999800 ) ) ;
#1514 = B_SPLINE_CURVE_WITH_KNOTS ( 'NONE', 3,
 ( #915, #3697, #3722, #2308, #574, #2700, #1330, #1629, #3360, #3089 ),
 .UNSPECIFIED., .F., .F.,
 ( 4, 2, 2, 2, 4 ),
 ( 0.000000000000000000, 0.2500000000000000555, 0.5000000000000000000, 0.7500000000000000000, 1.000000000000000000 ),
 .UNSPECIFIED. ) ;
#1515 = VERTEX_POINT ( 'NONE', #2101 ) ;
#1516 = VECTOR ( 'NONE', #307, 1000.000000000000227 ) ;
#1517 = CARTESIAN_POINT ( 'NONE',  ( 0.2487094184091940829, 0.9499999999999994005, -2.346354166667667496 ) ) ;
#1518 = LINE ( 'NONE', #2971, #4100 ) ;
#1519 = CARTESIAN_POINT ( 'NONE',  ( -1.199999999999999956, 9.123479565670000414E-10, 1.399999999986999866 ) ) ;
#1520 = DIRECTION ( 'NONE',  ( 0.000000000000000000, 0.000000000000000000, -1.000000000000000000 ) ) ;
#1521 = CARTESIAN_POINT ( 'NONE',  ( 0.4854805115251999981, -0.7957218835256000267, -3.169692119622999904 ) ) ;
#1522 = VECTOR ( 'NONE', #1815, 1000.000000000000227 ) ;
#1523 = ORIENTED_EDGE ( 'NONE', *, *, #1428, .T. ) ;
#1524 = LINE ( 'NONE', #2228, #1296 ) ;
#1525 = DIRECTION ( 'NONE',  ( 0.8660254037844288266, 0.5000000000000169864, 0.000000000000000000 ) ) ;
#1526 = AXIS2_PLACEMENT_3D ( 'NONE', #2611, #4385, #4432 ) ;
#1527 = CARTESIAN_POINT ( 'NONE',  ( -0.4699690536504038119, 0.8585582906466967534, -8.361458333332501880 ) ) ;
#1528 = CARTESIAN_POINT ( 'NONE',  ( 0.000000000000000000, -1.019626234635999884, 0.8000000000000000444 ) ) ;
#1529 = ADVANCED_FACE ( 'NONE', ( #3499 ), #4466, .T. ) ;
#1530 = ORIENTED_EDGE ( 'NONE', *, *, #862, .F. ) ;
#1531 = CARTESIAN_POINT ( 'NONE',  ( 0.5261085592052000548, -0.8386972246363999517, -9.338563669638999087 ) ) ;
#1532 = CARTESIAN_POINT ( 'NONE',  ( 0.000000000000000000, -0.9499999999999999556, -8.744999999999000906 ) ) ;
#1533 = DIRECTION ( 'NONE',  ( -0.7660444431190069903, 0.6427876096865049460, 0.000000000000000000 ) ) ;
#1534 = ADVANCED_FACE ( 'NONE', ( #3475 ), #2763, .T. ) ;
#1535 = CARTESIAN_POINT ( 'NONE',  ( -0.4437899808977804339, 0.4778131661740538383, -7.274560392839357625 ) ) ;
#1536 = CARTESIAN_POINT ( 'NONE',  ( -0.2487094184091902249, 0.9500000000000005107, -1.761145833334333277 ) ) ;
#1537 = CARTESIAN_POINT ( 'NONE',  ( 0.3323294107213437543, -0.5619615009214756762, -8.953712616321480411 ) ) ;
#1538 = CARTESIAN_POINT ( 'NONE',  ( -0.6782274563372999721, -0.08600682294286000895, -5.177461141133999689 ) ) ;
#1539 = EDGE_LOOP ( 'NONE', ( #3572, #2350, #2086, #3759 ) ) ;
#1540 = CARTESIAN_POINT ( 'NONE',  ( -0.6491643953541998968, -0.2144196670592999898, -3.851851358865999941 ) ) ;
#1541 = CARTESIAN_POINT ( 'NONE',  ( -0.8166454097304999271, 1.835828802400999882, 1.399999999999999911 ) ) ;
#1542 = CARTESIAN_POINT ( 'NONE',  ( 0.000000000000000000, 0.9499999999999999556, -6.426250000001999751 ) ) ;
#1543 = CARTESIAN_POINT ( 'NONE',  ( -0.5649365458944000107, -0.7783443553431000916, -8.688563858866000800 ) ) ;
#1544 = CARTESIAN_POINT ( 'NONE',  ( -0.4195327498238000108, 0.9694829827721000992, -2.948051358867000094 ) ) ;
#1545 = ORIENTED_EDGE ( 'NONE', *, *, #1284, .T. ) ;
#1546 = CARTESIAN_POINT ( 'NONE',  ( -0.9499999999999997335, 0.2487094184091931393, -6.818229166668250407 ) ) ;
#1547 = CARTESIAN_POINT ( 'NONE',  ( -0.7689408137779127905, -0.5845539008223615829, -6.059375000000584599 ) ) ;
#1548 = CARTESIAN_POINT ( 'NONE',  ( 1.171572875243678036, 2.000000000010301981, 0.1999999999999999833 ) ) ;
#1549 = CARTESIAN_POINT ( 'NONE',  ( 0.9500000000000008438, 0.2487094184091889204, -4.444270833333333393 ) ) ;
#1550 = VERTEX_POINT ( 'NONE', #4279 ) ;
#1551 = CARTESIAN_POINT ( 'NONE',  ( 0.4355042664169999633, 0.7573254092451999764, -8.553822075790000312 ) ) ;
#1552 = CARTESIAN_POINT ( 'NONE',  ( -0.8476155584293213474, 0.4958873258251193517, -8.965833333332332344 ) ) ;
#1553 = CARTESIAN_POINT ( 'NONE',  ( 0.7958562797606000272, 0.6946171278059000143, -5.843848641133999600 ) ) ;
#1554 = CIRCLE ( 'NONE', #4386, 1.800000000000000044 ) ;
#1555 = B_SPLINE_CURVE_WITH_KNOTS ( 'NONE', 3,
 ( #277, #3012, #4370, #1670, #3673, #4031, #1276, #2649, #1255, #3034 ),
 .UNSPECIFIED., .F., .F.,
 ( 4, 2, 2, 2, 4 ),
 ( 0.000000000000000000, 0.2500000000000000555, 0.5000000000000001110, 0.7500000000000000000, 1.000000000000000000 ),
 .UNSPECIFIED. ) ;
#1556 = CARTESIAN_POINT ( 'NONE',  ( 0.6002657257871539809, 0.2568469565982838820, -7.477480065496126649 ) ) ;
#1557 = DIRECTION ( 'NONE',  ( 0.3420201433256880863, 0.9396926207859013225, 0.000000000000000000 ) ) ;
#1558 = CARTESIAN_POINT ( 'NONE',  ( 0.07616010195344639910, -0.6484159194674834481, -8.997695157976480118 ) ) ;
#1559 = ADVANCED_FACE ( 'NONE', ( #777 ), #1482, .T. ) ;
#1560 = CARTESIAN_POINT ( 'NONE',  ( -0.8850976327935000665, -0.2923486579003999331, -4.021942119622000433 ) ) ;
#1561 = ORIENTED_EDGE ( 'NONE', *, *, #2772, .F. ) ;
#1562 = CARTESIAN_POINT ( 'NONE',  ( 0.000000000000000000, -0.9499999999999999556, -2.650000000001000000 ) ) ;
#1563 = CARTESIAN_POINT ( 'NONE',  ( -1.776744602543999907, 0.9382665196123000095, 0.9000000000000000222 ) ) ;
#1564 = LINE ( 'NONE', #2247, #2473 ) ;
#1565 = B_SPLINE_CURVE_WITH_KNOTS ( 'NONE', 3,
 ( #4090, #2273, #3729, #1949, #3662, #538, #293, #1589, #2974, #4044 ),
 .UNSPECIFIED., .F., .F.,
 ( 4, 2, 2, 2, 4 ),
 ( 0.000000000000000000, 0.2500000000000000000, 0.5000000000000000000, 0.7500000000000000000, 1.000000000000000000 ),
 .UNSPECIFIED. ) ;
#1566 = EDGE_CURVE ( 'NONE', #4069, #361, #3581, .T. ) ;
#1567 = FACE_OUTER_BOUND ( 'NONE', #3107, .T. ) ;
#1568 = CARTESIAN_POINT ( 'NONE',  ( 1.035457157158000019, 0.2091254612276000069, -2.473226358867000041 ) ) ;
#1569 = ORIENTED_EDGE ( 'NONE', *, *, #3036, .T. ) ;
#1570 = CARTESIAN_POINT ( 'NONE',  ( -0.2487094184091922233, -0.9499999999999998446, -2.677604166667666874 ) ) ;
#1571 = CARTESIAN_POINT ( 'NONE',  ( -1.591515529313000110, -1.226481735345000157, 0.9000000000000000222 ) ) ;
#1572 = CARTESIAN_POINT ( 'NONE',  ( -0.1256256388102000021, -0.7980670102897999829, -7.786507880377999236 ) ) ;
#1573 = LINE ( 'NONE', #3561, #3206 ) ;
#1574 = B_SPLINE_CURVE_WITH_KNOTS ( 'NONE', 3,
 ( #2008, #3478, #4470, #2082, #2747, #306, #3793, #4421, #1746, #2035 ),
 .UNSPECIFIED., .F., .F.,
 ( 4, 2, 2, 2, 4 ),
 ( 0.000000000000000000, 0.2500000000000000000, 0.5000000000000000000, 0.7500000000000000000, 1.000000000000000000 ),
 .UNSPECIFIED. ) ;
#1575 = CARTESIAN_POINT ( 'NONE',  ( 0.000000000000000000, -0.9499999999999999556, -6.095000000000999840 ) ) ;
#1576 = CARTESIAN_POINT ( 'NONE',  ( -0.9900287602940001097, 0.006938802656400999518, -8.239000128273000101 ) ) ;
#1577 = LINE ( 'NONE', #2962, #2180 ) ;
#1578 = CARTESIAN_POINT ( 'NONE',  ( -0.8830222215595000534, -0.5098131173177999909, 0.8000000000000000444 ) ) ;
#1579 = CARTESIAN_POINT ( 'NONE',  ( -0.3059339117376660422, 0.5753863009443607179, -6.640436415786708402 ) ) ;
#1580 = CARTESIAN_POINT ( 'NONE',  ( -0.4958873258251184635, -0.8476155584293222356, -6.812708333335335098 ) ) ;
#1581 = CARTESIAN_POINT ( 'NONE',  ( -0.5950237619443812243, 0.2686824283418398629, -8.557869741430476296 ) ) ;
#1582 = CARTESIAN_POINT ( 'NONE',  ( -0.8567776522517999149, -0.3672725791665000239, -6.000379619622000504 ) ) ;
#1583 = EDGE_CURVE ( 'NONE', #4028, #1726, #2267, .T. ) ;
#1584 = VERTEX_POINT ( 'NONE', #3240 ) ;
#1585 = CARTESIAN_POINT ( 'NONE',  ( -0.1330374169856000099, 0.6705898116388999686, -5.355463858865999960 ) ) ;
#1586 = CARTESIAN_POINT ( 'NONE',  ( -1.985859845031000104, 0.3055586324673000287, 0.9000000000000000222 ) ) ;
#1587 = CARTESIAN_POINT ( 'NONE',  ( 0.000000000000000000, -0.7084814692635000855, 0.5999999999999999778 ) ) ;
#1588 = CARTESIAN_POINT ( 'NONE',  ( 0.9424862305221107794, -0.2006943374680311698, -3.831666666666666998 ) ) ;
#1589 = CARTESIAN_POINT ( 'NONE',  ( -0.4958873258251166316, 0.8476155584293231238, -3.588541666666833940 ) ) ;
#1590 = VERTEX_POINT ( 'NONE', #1121 ) ;
#1591 = LINE ( 'NONE', #477, #1013 ) ;
#1592 = B_SPLINE_CURVE_WITH_KNOTS ( 'NONE', 3,
 ( #149, #3297, #875, #3659 ),
 .UNSPECIFIED., .F., .F.,
 ( 4, 4 ),
 ( 0.000000000000000000, 1.000000000000000000 ),
 .UNSPECIFIED. ) ;
#1593 = CARTESIAN_POINT ( 'NONE',  ( -2.001084073356000026, -0.09146829991270000182, 1.399999999999999911 ) ) ;
#1594 = CARTESIAN_POINT ( 'NONE',  ( -0.6335397083460000411, -0.2569379162839000585, -7.137636141133999246 ) ) ;
#1595 = AXIS2_PLACEMENT_3D ( 'NONE', #536, #3253, #854 ) ;
#1596 = DIRECTION ( 'NONE',  ( 0.9848077530122130163, -0.1736481776669025201, 0.000000000000000000 ) ) ;
#1597 = EDGE_CURVE ( 'NONE', #268, #2538, #3846, .T. ) ;
#1598 = ORIENTED_EDGE ( 'NONE', *, *, #423, .T. ) ;
#1599 = AXIS2_PLACEMENT_3D ( 'NONE', #426, #386, #1067 ) ;
#1600 = VERTEX_POINT ( 'NONE', #2552 ) ;
#1601 = CARTESIAN_POINT ( 'NONE',  ( 0.000000000000000000, -0.9499999999999999556, -3.445000000000000284 ) ) ;
#1602 = CARTESIAN_POINT ( 'NONE',  ( 0.06664106393435000053, -0.7325133164564999744, -8.252888440141999737 ) ) ;
#1603 = CARTESIAN_POINT ( 'NONE',  ( -0.6500000000000000222, 0.000000000000000000, 0.6999999999999999556 ) ) ;
#1604 = CARTESIAN_POINT ( 'NONE',  ( 0.2353096346976999986, 0.7728661805319000377, -7.299867119622000189 ) ) ;
#1605 = AXIS2_PLACEMENT_3D ( 'NONE', #878, #3323, #3345 ) ;
#1606 = CARTESIAN_POINT ( 'NONE',  ( -0.009977387968774809393, -0.6523359011165353882, -6.361421865883650995 ) ) ;
#1607 = DIRECTION ( 'NONE',  ( 0.4579850747972859515, 0.5458053582442828899, -0.7016738431598789072 ) ) ;
#1608 = CARTESIAN_POINT ( 'NONE',  ( -0.5273140400396000294, 0.7686386420592999924, -1.147895380377999874 ) ) ;
#1609 = CARTESIAN_POINT ( 'NONE',  ( -0.4478912372371999795, -0.8174710383223000587, -3.942804619621999684 ) ) ;
#1610 = EDGE_LOOP ( 'NONE', ( #1509, #4409, #1638, #1363 ) ) ;
#1611 = CARTESIAN_POINT ( 'NONE',  ( 0.000000000000000000, 0.000000000000000000, 0.000000000000000000 ) ) ;
#1612 = CARTESIAN_POINT ( 'NONE',  ( -0.8476155584293213474, 0.4958873258251193517, -1.015833333333333144 ) ) ;
#1613 = CARTESIAN_POINT ( 'NONE',  ( -0.2534955581550888404, -0.6004838299230267351, -3.089414288056706592 ) ) ;
#1614 = CYLINDRICAL_SURFACE ( 'NONE', #2975, 0.9499999999999999556 ) ;
#1615 = DIRECTION ( 'NONE',  ( 0.000000000000000000, 0.000000000000000000, -1.000000000000000000 ) ) ;
#1616 = ORIENTED_EDGE ( 'NONE', *, *, #2842, .F. ) ;
#1617 = CARTESIAN_POINT ( 'NONE',  ( -0.4958873258251166316, 0.8476155584293231238, -2.926041666667666075 ) ) ;
#1618 = CARTESIAN_POINT ( 'NONE',  ( -0.3004408127436000164, 0.6141050178169999985, -7.295911141133999855 ) ) ;
#1619 = PLANE ( 'NONE',  #804 ) ;
#1620 = EDGE_CURVE ( 'NONE', #1733, #449, #821, .T. ) ;
#1621 = ORIENTED_EDGE ( 'NONE', *, *, #2406, .T. ) ;
#1622 = ORIENTED_EDGE ( 'NONE', *, *, #1846, .T. ) ;
#1623 = LINE ( 'NONE', #2329, #3887 ) ;
#1624 = CARTESIAN_POINT ( 'NONE',  ( 0.7398027981495000072, 0.1612869599832000012, -8.736696398342999714 ) ) ;
#1625 = CARTESIAN_POINT ( 'NONE',  ( -0.4854405152637999987, -1.103508617912999812, 1.399999999999999911 ) ) ;
#1626 = CARTESIAN_POINT ( 'NONE',  ( 0.4524388881028000298, -0.6693219042084000980, -7.537279619622000659 ) ) ;
#1627 = EDGE_CURVE ( 'NONE', #1758, #3747, #2648, .T. ) ;
#1628 = CARTESIAN_POINT ( 'NONE',  ( -0.1546659562932624077, 0.6342588035793153001, -6.665801374868800977 ) ) ;
#1629 = CARTESIAN_POINT ( 'NONE',  ( -0.3488668950720774653, -0.9007025744288986724, -5.471250000000833502 ) ) ;
#1630 = CARTESIAN_POINT ( 'NONE',  ( -0.3005355249325000200, -1.012561162851000063, -0.8155736411341000247 ) ) ;
#1631 = AXIS2_PLACEMENT_3D ( 'NONE', #992, #2359, #958 ) ;
#1632 = CARTESIAN_POINT ( 'NONE',  ( -0.9247234142781000088, -0.1172652658334999987, -5.367279619622000730 ) ) ;
#1633 = EDGE_LOOP ( 'NONE', ( #1778, #544, #3250, #3391 ) ) ;
#1634 = CARTESIAN_POINT ( 'NONE',  ( 0.3261551095671000322, -0.5515208976168999300, -8.943825544818999163 ) ) ;
#1635 = DIRECTION ( 'NONE',  ( 0.6427876096865052791, -0.7660444431190065462, 0.000000000000000000 ) ) ;
#1636 = LINE ( 'NONE', #1971, #3709 ) ;
#1637 = CARTESIAN_POINT ( 'NONE',  ( 1.044001904845000049E-10, 0.8392079709010000776, -9.513284449258000208 ) ) ;
#1638 = ORIENTED_EDGE ( 'NONE', *, *, #1686, .T. ) ;
#1639 = LINE ( 'NONE', #244, #568 ) ;
#1640 = CARTESIAN_POINT ( 'NONE',  ( -0.5000000000000000000, -0.5773502691895999739, 1.399999999999999911 ) ) ;
#1641 = CARTESIAN_POINT ( 'NONE',  ( -0.5410607754210000619, 0.5999547008143999438, -8.023920380377999706 ) ) ;
#1642 = CARTESIAN_POINT ( 'NONE',  ( 0.1016619158598000006, 0.6760584743062000301, -1.397123641134000005 ) ) ;
#1643 = ORIENTED_EDGE ( 'NONE', *, *, #725, .F. ) ;
#1644 = CARTESIAN_POINT ( 'NONE',  ( 0.000000000000000000, 0.9499999999999999556, -4.306250000000000355 ) ) ;
#1645 = EDGE_CURVE ( 'NONE', #4142, #2251, #1868, .T. ) ;
#1646 = CARTESIAN_POINT ( 'NONE',  ( 0.000000000000000000, 0.9499999999999999556, -5.763749999999999929 ) ) ;
#1647 = CARTESIAN_POINT ( 'NONE',  ( 0.7454453521907998814, -0.1327886859162999977, -9.440417064817999915 ) ) ;
#1648 = CARTESIAN_POINT ( 'NONE',  ( 0.000000000000000000, -0.9499999999999999556, -1.987500000001000133 ) ) ;
#1649 = CARTESIAN_POINT ( 'NONE',  ( 0.01557963654225999993, 0.9319993735402000157, -7.838057880378000775 ) ) ;
#1650 = CARTESIAN_POINT ( 'NONE',  ( 0.4958873258251145777, -0.8476155584293242340, -3.257291666667666785 ) ) ;
#1651 = EDGE_CURVE ( 'NONE', #3725, #3219, #2586, .T. ) ;
#1652 = CARTESIAN_POINT ( 'NONE',  ( 0.000000000000000000, 0.000000000000000000, 0.000000000000000000 ) ) ;
#1653 = CARTESIAN_POINT ( 'NONE',  ( -0.6424230615848000037, -0.6753940667707000189, -1.622720380379000016 ) ) ;
#1654 = CARTESIAN_POINT ( 'NONE',  ( -0.3259336572800000109, -0.7392195185030000504, -5.826332880377999679 ) ) ;
#1655 = VERTEX_POINT ( 'NONE', #2229 ) ;
#1656 = CARTESIAN_POINT ( 'NONE',  ( 0.5311988393393999308, -0.3583021327262999600, -9.559581127984001725 ) ) ;
#1657 = CARTESIAN_POINT ( 'NONE',  ( -0.8209061002027603360, -0.5152232961215099660, -9.381257019987542023 ) ) ;
#1658 = CARTESIAN_POINT ( 'NONE',  ( 0.3306128046958635713, 0.5625650534930847213, -5.422954451727591163 ) ) ;
#1659 = CARTESIAN_POINT ( 'NONE',  ( 0.4958873258251204619, 0.8476155584293210143, -5.156458333335168120 ) ) ;
#1660 = ORIENTED_EDGE ( 'NONE', *, *, #945, .F. ) ;
#1661 = FACE_OUTER_BOUND ( 'NONE', #2863, .T. ) ;
#1662 = DIRECTION ( 'NONE',  ( -0.8660254037844288266, -0.5000000000000169864, 0.000000000000000000 ) ) ;
#1663 = CARTESIAN_POINT ( 'NONE',  ( 0.08356434370319998362, -0.6784391141146999260, -8.324698641133998933 ) ) ;
#1664 = CARTESIAN_POINT ( 'NONE',  ( 0.2487094184091881710, -0.9500000000000009548, -5.934895833334416615 ) ) ;
#1665 = ORIENTED_EDGE ( 'NONE', *, *, #4203, .T. ) ;
#1666 = CARTESIAN_POINT ( 'NONE',  ( 0.000000000000000000, -1.019626234635999884, 1.399999999999999911 ) ) ;
#1667 = DIRECTION ( 'NONE',  ( -0.7016738431598624759, 0.1237240302064933073, -0.7016738431598624759 ) ) ;
#1668 = AXIS2_PLACEMENT_3D ( 'NONE', #3837, #1722, #13 ) ;
#1669 = CARTESIAN_POINT ( 'NONE',  ( 0.5069745713099998996, 0.3918280736889000471, -9.447361220751998800 ) ) ;
#1670 = CARTESIAN_POINT ( 'NONE',  ( 0.8476155584293201262, -0.4958873258251215166, -3.997083333333333321 ) ) ;
#1671 = CARTESIAN_POINT ( 'NONE',  ( -0.9268519149989999928, -0.09904570348497999943, -6.334445380377999868 ) ) ;
#1672 = CIRCLE ( 'NONE', #3422, 2.000000000000000000 ) ;
#1673 = CARTESIAN_POINT ( 'NONE',  ( -0.2487094184091902249, 0.9500000000000005107, -3.086145833333416189 ) ) ;
#1674 = DIRECTION ( 'NONE',  ( 0.000000000000000000, 0.000000000000000000, -1.000000000000000000 ) ) ;
#1675 = CARTESIAN_POINT ( 'NONE',  ( -0.1204437366378999924, 0.9243147945845999747, -1.860132880379000042 ) ) ;
#1676 = AXIS2_PLACEMENT_3D ( 'NONE', #2389, #2113, #4186 ) ;
#1677 = CARTESIAN_POINT ( 'NONE',  ( -0.6535824870456000690, 0.7454514955468000137, -6.227184692198999727 ) ) ;
#1678 = EDGE_CURVE ( 'NONE', #273, #1679, #3024, .T. ) ;
#1679 = VERTEX_POINT ( 'NONE', #289 ) ;
#1680 = CARTESIAN_POINT ( 'NONE',  ( -0.4977601599729999937, -0.5705755749508999441, -9.170682409027000048 ) ) ;
#1681 = FACE_OUTER_BOUND ( 'NONE', #2836, .T. ) ;
#1682 = CARTESIAN_POINT ( 'NONE',  ( -0.4958873258251166316, 0.8476155584293231238, -5.576041666668667851 ) ) ;
#1683 = FACE_OUTER_BOUND ( 'NONE', #1409, .T. ) ;
#1684 = CARTESIAN_POINT ( 'NONE',  ( -0.8830222215595000534, 0.5098131173177999909, 0.8000000000000000444 ) ) ;
#1685 = CARTESIAN_POINT ( 'NONE',  ( 0.8830222215595000534, -0.5098131173177999909, 1.399999999999999911 ) ) ;
#1686 = EDGE_CURVE ( 'NONE', #1702, #3219, #2957, .T. ) ;
#1687 = ORIENTED_EDGE ( 'NONE', *, *, #1627, .T. ) ;
#1688 = CARTESIAN_POINT ( 'NONE',  ( 1.056270923618999991, -0.01402564584797000129, -4.595911141133999678 ) ) ;
#1689 = CARTESIAN_POINT ( 'NONE',  ( 0.8166454097304999271, -1.835828802400999882, 0.9000000000464060124 ) ) ;
#1690 = CARTESIAN_POINT ( 'NONE',  ( 0.3076797551782000095, 1.010563284072000023, -7.659776358865999946 ) ) ;
#1691 = DIRECTION ( 'NONE',  ( -0.8660254037844288266, -0.5000000000000169864, 0.000000000000000000 ) ) ;
#1692 = VERTEX_POINT ( 'NONE', #995 ) ;
#1693 = CARTESIAN_POINT ( 'NONE',  ( 0.000000000000000000, -0.9499999999999999556, -3.975000000000000089 ) ) ;
#1694 = CARTESIAN_POINT ( 'NONE',  ( 0.000000000000000000, -0.9499999999999999556, -2.782500000000999840 ) ) ;
#1695 = CARTESIAN_POINT ( 'NONE',  ( -0.6406257582002999884, -0.01229202734152000029, -9.183465970824000735 ) ) ;
#1696 = CARTESIAN_POINT ( 'NONE',  ( -0.5000000000000000000, 0.5773502691895999739, 0.8000000000000000444 ) ) ;
#1697 = CARTESIAN_POINT ( 'NONE',  ( 0.5064375311491000620, 0.7825506754218000127, -6.571857880378000338 ) ) ;
#1698 = CYLINDRICAL_SURFACE ( 'NONE', #209, 0.9499999999999999556 ) ;
#1699 = CARTESIAN_POINT ( 'NONE',  ( 0.4305407289332000009, -0.3865124903618999963, 0.5999999999999999778 ) ) ;
#1700 = CARTESIAN_POINT ( 'NONE',  ( -0.1364965875672000117, 1.047508312349999970, -1.765223641135000188 ) ) ;
#1701 = CARTESIAN_POINT ( 'NONE',  ( 0.05957911438229000073, -1.054682564594999983, -5.303913858865999309 ) ) ;
#1702 = VERTEX_POINT ( 'NONE', #1360 ) ;
#1703 = CARTESIAN_POINT ( 'NONE',  ( 0.6164237037991000534, -0.4397084044942999870, -8.994752242409001397 ) ) ;
#1704 = EDGE_CURVE ( 'NONE', #4075, #3125, #519, .T. ) ;
#1705 = CARTESIAN_POINT ( 'NONE',  ( -0.6617110701452000310, -1.007731426049999879, 1.399999999999999911 ) ) ;
#1706 = CARTESIAN_POINT ( 'NONE',  ( 0.4305407289332000009, 0.3865124903618999963, 0.5999999999999999778 ) ) ;
#1707 = DIRECTION ( 'NONE',  ( 0.8660254037844248298, 0.5000000000000239808, 0.000000000000000000 ) ) ;
#1708 = CARTESIAN_POINT ( 'NONE',  ( 0.4958873258251145777, -0.8476155584293242340, -1.402291666667500269 ) ) ;
#1709 = CIRCLE ( 'NONE', #1849, 0.9499999999999999556 ) ;
#1710 = ORIENTED_EDGE ( 'NONE', *, *, #3704, .T. ) ;
#1711 = LINE ( 'NONE', #3732, #1747 ) ;
#1712 = ADVANCED_FACE ( 'NONE', ( #1929 ), #201, .T. ) ;
#1713 = FACE_OUTER_BOUND ( 'NONE', #2751, .T. ) ;
#1714 = CARTESIAN_POINT ( 'NONE',  ( 1.055791090293000112, -0.03480438802717000096, -6.472713858865999370 ) ) ;
#1715 = CARTESIAN_POINT ( 'NONE',  ( -0.3208534082678000110, 0.7414484790773999690, -2.758232880379000385 ) ) ;
#1716 = VERTEX_POINT ( 'NONE', #3800 ) ;
#1717 = ORIENTED_EDGE ( 'NONE', *, *, #3003, .F. ) ;
#1718 = DIRECTION ( 'NONE',  ( -0.9396926207858973257, 0.3420201433256991330, 0.000000000000000000 ) ) ;
#1719 = CARTESIAN_POINT ( 'NONE',  ( -0.3078501171280038640, 0.5749173901686156496, -1.339232111391061908 ) ) ;
#1720 = FACE_OUTER_BOUND ( 'NONE', #1055, .T. ) ;
#1721 = DIRECTION ( 'NONE',  ( -1.731668617017999998E-14, 0.000000000000000000, -1.000000000000000000 ) ) ;
#1722 = DIRECTION ( 'NONE',  ( 0.000000000000000000, 0.000000000000000000, -1.000000000000000000 ) ) ;
#1723 = CARTESIAN_POINT ( 'NONE',  ( 0.000000000000000000, 0.000000000000000000, 0.000000000000000000 ) ) ;
#1724 = CARTESIAN_POINT ( 'NONE',  ( 0.6775998902051000305, 0.6399115472066000398, -3.284607880378000111 ) ) ;
#1725 = CARTESIAN_POINT ( 'NONE',  ( 0.9345443105130999406, -0.4924766288017000115, -5.857876358866000110 ) ) ;
#1726 = VERTEX_POINT ( 'NONE', #4342 ) ;
#1727 = CARTESIAN_POINT ( 'NONE',  ( 0.1079949962134999913, -0.7494405876591000437, -9.742455450537999440 ) ) ;
#1728 = CARTESIAN_POINT ( 'NONE',  ( -2.001084073356000026, -0.09146829991270000182, 0.9000000000000000222 ) ) ;
#1729 = APPROVAL_DATE_TIME ( #340, #3933 ) ;
#1730 = DIRECTION ( 'NONE',  ( 0.000000000000000000, 0.000000000000000000, -1.000000000000000000 ) ) ;
#1731 = LINE ( 'NONE', #2114, #4068 ) ;
#1732 = ADVANCED_FACE ( 'NONE', ( #1681 ), #24, .F. ) ;
#1733 = VERTEX_POINT ( 'NONE', #84 ) ;
#1734 = CARTESIAN_POINT ( 'NONE',  ( -0.3532874776852000243, 0.8625848370465000192, -3.820307880378000398 ) ) ;
#1735 = LINE ( 'NONE', #1640, #684 ) ;
#1736 = CARTESIAN_POINT ( 'NONE',  ( -0.9268519149989999928, -0.09904570348497999943, -6.694354619621999625 ) ) ;
#1737 = CARTESIAN_POINT ( 'NONE',  ( 0.7300453687862998864, 0.5795669286877999093, -1.666079619622000019 ) ) ;
#1738 = EDGE_CURVE ( 'NONE', #494, #3057, #897, .T. ) ;
#1739 = ORIENTED_EDGE ( 'NONE', *, *, #2068, .F. ) ;
#1740 = ORIENTED_EDGE ( 'NONE', *, *, #1952, .T. ) ;
#1741 = CARTESIAN_POINT ( 'NONE',  ( 0.000000000000000000, -0.9499999999999999556, -7.420000000002000107 ) ) ;
#1742 = CARTESIAN_POINT ( 'NONE',  ( -0.4958873258251166316, 0.8476155584293232348, -3.721041666666667247 ) ) ;
#1743 = VECTOR ( 'NONE', #489, 1000.000000000000000 ) ;
#1744 = CARTESIAN_POINT ( 'NONE',  ( -0.4578584162056000273, 0.5076958478392999963, -7.948738858865999291 ) ) ;
#1745 = B_SPLINE_CURVE_WITH_KNOTS ( 'NONE', 3,
 ( #1354, #1012, #2451, #2355, #356, #1376, #989, #1650, #4132, #4445 ),
 .UNSPECIFIED., .F., .F.,
 ( 4, 2, 2, 2, 4 ),
 ( 0.000000000000000000, 0.2500000000000000000, 0.5000000000000000000, 0.7500000000000000000, 1.000000000000000000 ),
 .UNSPECIFIED. ) ;
#1746 = CARTESIAN_POINT ( 'NONE',  ( 0.2487094184091881710, -0.9500000000000009548, -6.597395833334249282 ) ) ;
#1747 = VECTOR ( 'NONE', #607, 1000.000000000000000 ) ;
#1748 = CARTESIAN_POINT ( 'NONE',  ( -1.907746549697000082, 0.6306538476612000288, 0.9000000000464060124 ) ) ;
#1749 = CARTESIAN_POINT ( 'NONE',  ( -0.3741809245231999537, -0.7160177322485999918, -2.350729619622999866 ) ) ;
#1750 = VECTOR ( 'NONE', #794, 1000.000000000000227 ) ;
#1751 = CARTESIAN_POINT ( 'NONE',  ( 0.000000000000000000, -0.9499999999999999556, -6.625000000001000089 ) ) ;
#1752 = ORIENTED_EDGE ( 'NONE', *, *, #2310, .F. ) ;
#1753 = VECTOR ( 'NONE', #3802, 1000.000000000000000 ) ;
#1754 = CARTESIAN_POINT ( 'NONE',  ( 0.9673311681826000097, 0.2108912047960000147, -9.096605637587000359 ) ) ;
#1755 = CARTESIAN_POINT ( 'NONE',  ( 1.999805955854000006, 0.02785927008735999966, 1.399999999999999911 ) ) ;
#1756 = CARTESIAN_POINT ( 'NONE',  ( 0.000000000000000000, -0.9499999999999999556, -4.637500000000000178 ) ) ;
#1757 = CARTESIAN_POINT ( 'NONE',  ( 0.000000000000000000, 0.9499999999999999556, -6.293750000000000178 ) ) ;
#1758 = VERTEX_POINT ( 'NONE', #767 ) ;
#1759 = CARTESIAN_POINT ( 'NONE',  ( 0.6731814483407999594, -0.6447412432850999631, -4.769957880377999615 ) ) ;
#1760 = CARTESIAN_POINT ( 'NONE',  ( 0.6617110701452000310, 1.007731426049999879, 1.399999999999999911 ) ) ;
#1761 = CARTESIAN_POINT ( 'NONE',  ( -0.8447205191194999685, 0.6343124009887000092, -6.868401358865999562 ) ) ;
#1762 = CARTESIAN_POINT ( 'NONE',  ( 0.1630385418519000040, -0.7404713820035000449, -1.122724547045000021 ) ) ;
#1763 = VERTEX_POINT ( 'NONE', #1837 ) ;
#1764 = CARTESIAN_POINT ( 'NONE',  ( -0.1395561946389382579, -0.8328672094680797944, -8.188035905398923120 ) ) ;
#1765 = CARTESIAN_POINT ( 'NONE',  ( -1.144646296358999837, 0.3783923085322999924, 1.399999999998000177 ) ) ;
#1766 = EDGE_CURVE ( 'NONE', #300, #3579, #2155, .T. ) ;
#1767 = CARTESIAN_POINT ( 'NONE',  ( 0.000000000000000000, -0.9499999999999999556, -3.445000000000000284 ) ) ;
#1768 = CARTESIAN_POINT ( 'NONE',  ( 0.6192185138170999137, -0.5189708279942999436, -8.170379619622000433 ) ) ;
#1769 = CARTESIAN_POINT ( 'NONE',  ( 0.05972963553338999504, 0.7928708442183000082, 0.6999999999999999556 ) ) ;
#1770 = EDGE_CURVE ( 'NONE', #4378, #612, #960, .T. ) ;
#1771 = CARTESIAN_POINT ( 'NONE',  ( 0.1379670675530000057, -0.6266043845922999456, -1.047543025533000050 ) ) ;
#1772 = B_SPLINE_SURFACE_WITH_KNOTS ( 'NONE', 3, 3, ( 
 ( #148, #650, #3703, #944, #3043, #3070, #4111, #1968, #3364, #4427, #3410, #580, #3799, #2339, #2385, #1634, #624, #238, #3437, #4086, #674, #2412, #3019, #4379, #4137, #1313, #2704, #2657, #4404, #1656, #2729, #1286, #2066, #969, #4475 ),
 ( #262, #2679, #4063, #2361, #2313, #3726, #1359, #994, #600, #312, #3748, #1990, #1021, #3387, #1703, #2013, #288, #3460, #1680, #4450, #3094, #1334, #2752, #3772, #2042, #338, #4040, #2996, #1263, #920, #697, #1727, #2479, #1469, #2174 ),
 ( #1814, #2859, #3506, #4183, #3822, #2436, #2087, #3548, #3120, #425, #1066, #4499, #406, #2838, #2131, #2799, #3529, #19, #786, #3207, #3483, #1382, #1794, #3843, #385, #766, #4246, #2154, #1774, #2817, #4162, #1424, #2777, #2456, #1108 ),
 ( #4202, #1046, #83, #4225, #362, #3165, #1129, #2520, #3908, #1087, #719, #3568, #1754, #41, #3867, #3143, #1405, #2500, #2110, #742, #1444, #3183, #60, #3888, #2944, #3653, #166, #870, #3968, #1856, #3607, #1490, #4266, #3269, #2901 ) ),
 .UNSPECIFIED., .F., .F., .F.,
 ( 4, 4 ),
 ( 4, 1, 1, 1, 1, 1, 1, 1, 1, 1, 1, 1, 1, 1, 1, 1, 1, 1, 1, 1, 1, 1, 1, 1, 1, 1, 1, 1, 1, 1, 1, 1, 4 ),
 ( -0.03722210892778000241, 1.037222108927999820 ),
 ( -0.01111547411895000108, 0.006947171324433999880, 0.02500981676781999924, 0.04307246221120000079, 0.06113510765459000129, 0.07919775309796998897, 0.09726039854135999640, 0.1153230439847000022, 0.1333856894281000016, 0.1514483348715000011, 0.1695109803149000005, 0.1875736257583000000, 0.2056362712016999994, 0.2236989166450999988, 0.2417615620884000227, 0.2598242075317999666, 0.2778868529751999938, 0.2959494984185999655, 0.3140121438620000482, 0.3320747893053999644, 0.3501374347487000160, 0.3682000801920999877, 0.3862627256354999594, 0.4043253710788999866, 0.4223880165222999583, 0.4404506619657000410, 0.4585133074090999572, 0.4765759528524000088, 0.4946385982957999805, 0.5127012437392000077, 0.5307638891826000904, 0.5488265346260000621, 0.5668891800694000338 ),
 .UNSPECIFIED. ) ;
#1773 = ORIENTED_EDGE ( 'NONE', *, *, #913, .T. ) ;
#1774 = CARTESIAN_POINT ( 'NONE',  ( 0.8600772286563999058, -0.1532084473316999984, -9.705417064818000483 ) ) ;
#1775 = CARTESIAN_POINT ( 'NONE',  ( 0.2487094184091940829, 0.9499999999999994005, -7.646354166668664298 ) ) ;
#1776 = FACE_OUTER_BOUND ( 'NONE', #3641, .T. ) ;
#1777 = CARTESIAN_POINT ( 'NONE',  ( -0.2487094184091902249, 0.9500000000000005107, -2.423645833334333588 ) ) ;
#1778 = ORIENTED_EDGE ( 'NONE', *, *, #2197, .T. ) ;
#1779 = CARTESIAN_POINT ( 'NONE',  ( -0.7984941926002999679, 0.1228811684295000040, -4.469179619622000388 ) ) ;
#1780 = LINE ( 'NONE', #452, #399 ) ;
#1781 = CARTESIAN_POINT ( 'NONE',  ( -0.3927770804610999922, -0.8453346664105000352, -7.248317119622000426 ) ) ;
#1782 = VECTOR ( 'NONE', #2707, 1000.000000000000114 ) ;
#1783 = CARTESIAN_POINT ( 'NONE',  ( -0.2298458166152999860, -0.7743941332750999829, -1.175482880377999972 ) ) ;
#1784 = ORIENTED_EDGE ( 'NONE', *, *, #3977, .T. ) ;
#1785 = CARTESIAN_POINT ( 'NONE',  ( -1.132520446068935982, -1.933333333343364435, -4.051621242779308517E-14 ) ) ;
#1786 = CARTESIAN_POINT ( 'NONE',  ( -0.8232979147458999725, 0.8806613067142999851, 1.399999999999999911 ) ) ;
#1787 = CARTESIAN_POINT ( 'NONE',  ( -1.799999999999999378, -3.308577099358361862E-11, -2.442481754933009740E-17 ) ) ;
#1788 = DIRECTION ( 'NONE',  ( -0.1227878039690051409, -0.6963642403200299702, 0.7071067811865311414 ) ) ;
#1789 = EDGE_CURVE ( 'NONE', #3886, #599, #3184, .T. ) ;
#1790 = CARTESIAN_POINT ( 'NONE',  ( -1.983682920763790714, 0.3146186479241208644, 0.9000000000464060124 ) ) ;
#1791 = CARTESIAN_POINT ( 'NONE',  ( 0.1630385418519000040, -0.7404713820035000449, -0.9526337862886000707 ) ) ;
#1792 = CC_DESIGN_PERSON_AND_ORGANIZATION_ASSIGNMENT ( #3045, #2387, ( #3519 ) ) ;
#1793 = VERTEX_POINT ( 'NONE', #4184 ) ;
#1794 = CARTESIAN_POINT ( 'NONE',  ( -0.5991348354883000438, 0.6358012191242999878, -9.441521814890000641 ) ) ;
#1795 = CARTESIAN_POINT ( 'NONE',  ( -1.933333333332999837, 4.756770895748999855E-11, 0.000000000000000000 ) ) ;
#1796 = CARTESIAN_POINT ( 'NONE',  ( -0.6916078518118999874, -0.7984883863910999802, -6.160398641133999931 ) ) ;
#1797 = CARTESIAN_POINT ( 'NONE',  ( -0.5001434992405999758, 0.6344676803030999679, -4.718407880377999852 ) ) ;
#1798 = B_SPLINE_CURVE_WITH_KNOTS ( 'NONE', 3,
 ( #2547, #329, #4467, #4273 ),
 .UNSPECIFIED., .F., .F.,
 ( 4, 4 ),
 ( 0.000000000000000000, 1.000000000000000000 ),
 .UNSPECIFIED. ) ;
#1799 = ORIENTED_EDGE ( 'NONE', *, *, #2705, .F. ) ;
#1800 = CARTESIAN_POINT ( 'NONE',  ( -0.5767171058550999430, 0.6577817453623000521, -5.772366213711000782 ) ) ;
#1801 = DIRECTION ( 'NONE',  ( 0.000000000000000000, 0.000000000000000000, 1.000000000000000000 ) ) ;
#1802 = CARTESIAN_POINT ( 'NONE',  ( 0.5995994246741592759, 0.2578612085150996380, -2.176275761101240214 ) ) ;
#1803 = DIRECTION ( 'NONE',  ( 0.000000000000000000, -1.000000000000000000, 0.000000000000000000 ) ) ;
#1804 = CARTESIAN_POINT ( 'NONE',  ( -0.5125317248549000615, 0.6244913742402000700, -3.391332880378000070 ) ) ;
#1805 = ORIENTED_EDGE ( 'NONE', *, *, #1627, .F. ) ;
#1806 = CARTESIAN_POINT ( 'NONE',  ( -1.933333333332946768, -1.132520446086719756, -4.051621242779308517E-14 ) ) ;
#1807 = CARTESIAN_POINT ( 'NONE',  ( -0.9272042868006972194, 0.3135051201585776215, -8.813020833332751991 ) ) ;
#1808 = CARTESIAN_POINT ( 'NONE',  ( -0.8476155584293213474, 0.4958873258251193517, -3.665833333333332167 ) ) ;
#1809 = CARTESIAN_POINT ( 'NONE',  ( -0.1256256388102000021, -0.7980670102897999829, -7.616417119622000520 ) ) ;
#1810 = DIRECTION ( 'NONE',  ( 1.000000000000000000, 0.000000000000000000, 0.000000000000000000 ) ) ;
#1811 = CARTESIAN_POINT ( 'NONE',  ( -0.1945009624567000106, -0.6553106184871000384, -1.100301358866000001 ) ) ;
#1812 = AXIS2_PLACEMENT_3D ( 'NONE', #1235, #4351, #3587 ) ;
#1813 = ORIENTED_EDGE ( 'NONE', *, *, #3849, .F. ) ;
#1814 = CARTESIAN_POINT ( 'NONE',  ( 0.07688888449693000171, -0.8451565514765999598, -8.517888440141998529 ) ) ;
#1815 = DIRECTION ( 'NONE',  ( -0.3420201433256990775, 0.9396926207858972147, 0.000000000000000000 ) ) ;
#1816 = AXIS2_PLACEMENT_3D ( 'NONE', #1723, #382, #37 ) ;
#1817 = EDGE_CURVE ( 'NONE', #4028, #1000, #720, .T. ) ;
#1818 = CARTESIAN_POINT ( 'NONE',  ( -0.6757046582962999981, 0.1039849490379999991, -4.544361141133999915 ) ) ;
#1819 = VECTOR ( 'NONE', #3946, 1000.000000000000114 ) ;
#1820 = ORIENTED_EDGE ( 'NONE', *, *, #3461, .T. ) ;
#1821 = CARTESIAN_POINT ( 'NONE',  ( 0.3066821110190000033, -0.8802337994371999264, -5.482195380377999250 ) ) ;
#1822 = CARTESIAN_POINT ( 'NONE',  ( 0.8090675227547999837, 1.839181029855999849, 1.399999999999999911 ) ) ;
#1823 = CARTESIAN_POINT ( 'NONE',  ( -0.2821970445048006537, -0.5873923575757110660, -1.770436415787669082 ) ) ;
#1824 = ADVANCED_FACE ( 'NONE', ( #3228 ), #407, .T. ) ;
#1825 = DIRECTION ( 'NONE',  ( 0.000000000000000000, 0.000000000000000000, -1.000000000000000000 ) ) ;
#1826 = VECTOR ( 'NONE', #2231, 1000.000000000000000 ) ;
#1827 = CARTESIAN_POINT ( 'NONE',  ( -0.7184994357380001251, 0.5938207592227999765, -2.140904619622999938 ) ) ;
#1828 = VERTEX_POINT ( 'NONE', #1383 ) ;
#1829 = CARTESIAN_POINT ( 'NONE',  ( -1.999999999999527711, -1.215415839679645456E-14, 0.2000000000000000111 ) ) ;
#1830 = CARTESIAN_POINT ( 'NONE',  ( 0.7689408137778956931, 0.5845539008223824551, -3.740625000000000089 ) ) ;
#1831 = CARTESIAN_POINT ( 'NONE',  ( -1.933333333332951653, -3.554418247903555483E-11, -4.146303308238574003E-14 ) ) ;
#1832 = CARTESIAN_POINT ( 'NONE',  ( 0.000000000000000000, 0.9499999999999999556, -7.618750000001999645 ) ) ;
#1833 = CARTESIAN_POINT ( 'NONE',  ( 0.07688888449693000171, -0.8451565514765999598, -8.157979200898001437 ) ) ;
#1834 = LINE ( 'NONE', #3267, #1819 ) ;
#1835 = ORIENTED_EDGE ( 'NONE', *, *, #531, .F. ) ;
#1836 = CARTESIAN_POINT ( 'NONE',  ( 0.7165111107796999779, 0.3447080403783999714, 0.6999999999999999556 ) ) ;
#1837 = CARTESIAN_POINT ( 'NONE',  ( -0.5108481075709998542, 0.3757994187635000372, -5.930000000000000604 ) ) ;
#1838 = CARTESIAN_POINT ( 'NONE',  ( -0.4232332500163999978, 0.5369015468016999915, -4.623498641134000664 ) ) ;
#1839 = EDGE_CURVE ( 'NONE', #3635, #851, #4494, .T. ) ;
#1840 = ORIENTED_EDGE ( 'NONE', *, *, #253, .T. ) ;
#1841 = CARTESIAN_POINT ( 'NONE',  ( -0.6677624800435999486, -0.4547373169612000110, -4.390042119621999639 ) ) ;
#1842 = DIRECTION ( 'NONE',  ( -0.9353104372513002529, -0.3538281870750001334, 0.000000000000000000 ) ) ;
#1843 = CARTESIAN_POINT ( 'NONE',  ( 0.4213778660288679534, 0.4973010231720063068, -1.466056906801543658 ) ) ;
#1844 = DIRECTION ( 'NONE',  ( 0.000000000000000000, 0.000000000000000000, 1.000000000000000000 ) ) ;
#1845 = CARTESIAN_POINT ( 'NONE',  ( -0.8541879657022000139, 0.3731319505073000253, -2.774004619622999712 ) ) ;
#1846 = EDGE_CURVE ( 'NONE', #1679, #3738, #3408, .T. ) ;
#1847 = VERTEX_POINT ( 'NONE', #893 ) ;
#1848 = PLANE ( 'NONE',  #717 ) ;
#1849 = AXIS2_PLACEMENT_3D ( 'NONE', #275, #2986, #4051 ) ;
#1850 = CARTESIAN_POINT ( 'NONE',  ( -0.4699690536504035898, 0.8585582906466968645, -8.891458333332497688 ) ) ;
#1851 = CARTESIAN_POINT ( 'NONE',  ( 0.9499999999999990674, -0.2487094184091952209, -4.631979166668249270 ) ) ;
#1852 = CARTESIAN_POINT ( 'NONE',  ( 0.000000000000000000, -0.9499999999999999556, -3.312500000001000089 ) ) ;
#1853 = CARTESIAN_POINT ( 'NONE',  ( -0.8053505956331999949, 0.3385500840492000063, -9.037630033991000289 ) ) ;
#1854 = CARTESIAN_POINT ( 'NONE',  ( -0.2715137374897000355, 0.6274312272299999993, -2.683051358866999969 ) ) ;
#1855 = ORIENTED_EDGE ( 'NONE', *, *, #3652, .T. ) ;
#1856 = CARTESIAN_POINT ( 'NONE',  ( 0.8207883395943998961, -0.5536348930266999924, -9.844308845716000178 ) ) ;
#1857 = CARTESIAN_POINT ( 'NONE',  ( 0.5412547345581530944, -0.3650849952563317569, -9.569468199486482973 ) ) ;
#1858 = DIRECTION ( 'NONE',  ( 0.2436887683625019174, 0.6695293884507048654, -0.7016738431599058856 ) ) ;
#1859 = ORIENTED_EDGE ( 'NONE', *, *, #611, .T. ) ;
#1860 = CARTESIAN_POINT ( 'NONE',  ( -0.2844822976278000293, 0.5536144308943000691, -5.988563858865999734 ) ) ;
#1861 = CARTESIAN_POINT ( 'NONE',  ( -2.001444271255000018, 0.08321506827614000290, 0.9000000000000000222 ) ) ;
#1862 = DIRECTION ( 'NONE',  ( 0.000000000000000000, 0.000000000000000000, 1.000000000000000000 ) ) ;
#1863 = CARTESIAN_POINT ( 'NONE',  ( 0.6266793058626066726, 0.1803552508746752159, -4.839560392839189262 ) ) ;
#1864 = CARTESIAN_POINT ( 'NONE',  ( 0.8977521576917999457, -0.2508098623991999454, -3.090554619622999599 ) ) ;
#1865 = EDGE_CURVE ( 'NONE', #2742, #4387, #2314, .T. ) ;
#1866 = ORIENTED_EDGE ( 'NONE', *, *, #193, .F. ) ;
#1867 = CARTESIAN_POINT ( 'NONE',  ( 0.4958873258251204619, 0.8476155584293210143, -2.506458333334333322 ) ) ;
#1868 = LINE ( 'NONE', #3880, #1954 ) ;
#1869 = CARTESIAN_POINT ( 'NONE',  ( -1.171572875280597170, 1.999999999988984367, 0.06666666666662679486 ) ) ;
#1870 = CARTESIAN_POINT ( 'NONE',  ( 0.9500000000000008438, 0.2487094184091889204, -7.094270833335333037 ) ) ;
#1871 = EDGE_CURVE ( 'NONE', #216, #1692, #4271, .T. ) ;
#1872 = CARTESIAN_POINT ( 'NONE',  ( 0.6912301354854000213, 0.5342346298810999317, -9.257542742263998647 ) ) ;
#1873 = CARTESIAN_POINT ( 'NONE',  ( -0.8885449153887000628, -0.3361367777213000174, -9.402491419469999556 ) ) ;
#1874 = CARTESIAN_POINT ( 'NONE',  ( 0.2487094184091941940, 0.9499999999999997335, -7.778854166668500270 ) ) ;
#1875 = CARTESIAN_POINT ( 'NONE',  ( -0.9499999999999997335, 0.2487094184091930837, -1.650729166667666670 ) ) ;
#1876 = CARTESIAN_POINT ( 'NONE',  ( -0.6528574152534879493, 0.004575673908567222913, -8.513887199775481918 ) ) ;
#1877 = CARTESIAN_POINT ( 'NONE',  ( 0.05666866793906000233, 0.6813063312117999537, -4.702636141133999637 ) ) ;
#1878 = ORIENTED_EDGE ( 'NONE', *, *, #1099, .T. ) ;
#1879 = VECTOR ( 'NONE', #3413, 1000.000000000000227 ) ;
#1880 = FACE_OUTER_BOUND ( 'NONE', #2001, .T. ) ;
#1881 = CARTESIAN_POINT ( 'NONE',  ( -1.999805955854000006, -0.02785927008735999966, 0.9000000000000000222 ) ) ;
#1882 = CARTESIAN_POINT ( 'NONE',  ( 0.4958873258251204619, 0.8476155584293210143, -6.481458333335334387 ) ) ;
#1883 = CARTESIAN_POINT ( 'NONE',  ( 0.7332947368973999902, 0.7603847714207000452, -8.372013858865999580 ) ) ;
#1884 = CARTESIAN_POINT ( 'NONE',  ( -0.9680349158368000140, 0.4228633167506999913, -2.868913858866999789 ) ) ;
#1885 = ORIENTED_EDGE ( 'NONE', *, *, #279, .T. ) ;
#1886 = CARTESIAN_POINT ( 'NONE',  ( 0.8476155584293233458, 0.4958873258251160210, -2.561666666667667069 ) ) ;
#1887 = CARTESIAN_POINT ( 'NONE',  ( -0.3488668950720776318, -0.9007025744288988944, -6.001250000000833751 ) ) ;
#1888 = VECTOR ( 'NONE', #2416, 1000.000000000000000 ) ;
#1889 = CARTESIAN_POINT ( 'NONE',  ( -2.000000000021298963, 1.171572875225433297, 0.06666666666662679486 ) ) ;
#1890 = CARTESIAN_POINT ( 'NONE',  ( 0.9499999999999991784, -0.2487094184091953319, -7.149479166668667673 ) ) ;
#1891 = EDGE_CURVE ( 'NONE', #2227, #1716, #1236, .T. ) ;
#1892 = CARTESIAN_POINT ( 'NONE',  ( -0.6789880721043000111, 0.7205413847500999891, -8.986703336401999920 ) ) ;
#1893 = CARTESIAN_POINT ( 'NONE',  ( 0.6069961464216999669, 0.3145557674821000127, -2.841326358866999691 ) ) ;
#1894 = CARTESIAN_POINT ( 'NONE',  ( -0.2487094184091920568, -0.9500000000000000666, -6.122604166667748871 ) ) ;
#1895 = CARTESIAN_POINT ( 'NONE',  ( -0.5306814559119819030, -0.3796615504957498444, -7.122370638346673388 ) ) ;
#1896 = EDGE_CURVE ( 'NONE', #3057, #3567, #1672, .T. ) ;
#1897 = FACE_OUTER_BOUND ( 'NONE', #3317, .T. ) ;
#1898 = DIRECTION ( 'NONE',  ( 0.000000000000000000, 0.000000000000000000, -1.000000000000000000 ) ) ;
#1899 = CARTESIAN_POINT ( 'NONE',  ( -0.4003739545148000123, 0.9775509298424999161, -4.275126358866000231 ) ) ;
#1900 = ORIENTED_EDGE ( 'NONE', *, *, #1428, .F. ) ;
#1901 = CARTESIAN_POINT ( 'NONE',  ( 0.4958873258251145777, -0.8476155584293242340, -2.594791666667666696 ) ) ;
#1902 = DIRECTION ( 'NONE',  ( 0.3535533905932821130, 0.6123724356957699344, 0.7071067811865646702 ) ) ;
#1903 = CARTESIAN_POINT ( 'NONE',  ( 0.09400645036207670724, 0.6454299978285035211, -3.393793797040869364 ) ) ;
#1904 = CARTESIAN_POINT ( 'NONE',  ( -0.5605051259691734566, -0.3324508449288458012, -5.143939901824539085 ) ) ;
#1905 = CARTESIAN_POINT ( 'NONE',  ( 0.9617355818724000471, 0.006156861378806000040, -3.818563858866000249 ) ) ;
#1906 = ORIENTED_EDGE ( 'NONE', *, *, #481, .F. ) ;
#1907 = CARTESIAN_POINT ( 'NONE',  ( 0.000000000000000000, 0.9499999999999999556, -2.451250000001000018 ) ) ;
#1908 = DIRECTION ( 'NONE',  ( 0.000000000000000000, 0.000000000000000000, -1.000000000000000000 ) ) ;
#1909 = CARTESIAN_POINT ( 'NONE',  ( 1.999999999999757971, 1.085601602639271260E-14, 0.06666666666662679486 ) ) ;
#1910 = CARTESIAN_POINT ( 'NONE',  ( 0.000000000000000000, 0.9499999999999999556, -6.956250000002000000 ) ) ;
#1911 = FACE_OUTER_BOUND ( 'NONE', #1494, .T. ) ;
#1912 = CARTESIAN_POINT ( 'NONE',  ( 0.4642349078260999962, -0.7400611945209999432, -9.433472908883000940 ) ) ;
#1913 = CARTESIAN_POINT ( 'NONE',  ( 0.6224172544830000042, 0.003984605361245000497, -3.553563858866000125 ) ) ;
#1914 = CARTESIAN_POINT ( 'NONE',  ( 0.3076797551782000095, 1.010563284072000023, -7.110048641134000036 ) ) ;
#1915 = VECTOR ( 'NONE', #1662, 1000.000000000000114 ) ;
#1916 = EDGE_CURVE ( 'NONE', #3490, #680, #871, .T. ) ;
#1917 = LINE ( 'NONE', #3696, #722 ) ;
#1918 = CARTESIAN_POINT ( 'NONE',  ( -0.4958873258251166316, 0.8476155584293232348, -1.733541666667666847 ) ) ;
#1919 = CARTESIAN_POINT ( 'NONE',  ( -0.2487094184091922233, -0.9499999999999998446, -4.665104166666749208 ) ) ;
#1920 = CARTESIAN_POINT ( 'NONE',  ( 0.6731814483407999594, -0.6447412432850999631, -5.129867119622000260 ) ) ;
#1921 = EDGE_LOOP ( 'NONE', ( #2181, #2207, #1423, #2728, #2462, #3205, #1906, #1245, #1957, #589, #919 ) ) ;
#1922 = CARTESIAN_POINT ( 'NONE',  ( 0.6135629504926999322, -0.3542407346318000028, 0.5999999999999999778 ) ) ;
#1923 = DIRECTION ( 'NONE',  ( 0.000000000000000000, 0.000000000000000000, -1.000000000000000000 ) ) ;
#1924 = CARTESIAN_POINT ( 'NONE',  ( 0.2487094184091882820, -0.9500000000000011768, -6.729895833335331368 ) ) ;
#1925 = CARTESIAN_POINT ( 'NONE',  ( -0.6013963960624870708, 0.2528906788305041453, -5.904888674287199990 ) ) ;
#1926 = CARTESIAN_POINT ( 'NONE',  ( 2.072061146205541347E-06, -0.9188574765579954340, -9.433605489055741700 ) ) ;
#1927 = ORIENTED_EDGE ( 'NONE', *, *, #4131, .F. ) ;
#1928 = CARTESIAN_POINT ( 'NONE',  ( 0.000000000000000000, 0.9499999999999999556, -1.656250000000000000 ) ) ;
#1929 = FACE_OUTER_BOUND ( 'NONE', #1128, .T. ) ;
#1930 = CARTESIAN_POINT ( 'NONE',  ( -0.8048788672253999188, 0.06973412919421000111, -7.944782880377998957 ) ) ;
#1931 = CARTESIAN_POINT ( 'NONE',  ( 0.4958873258251204619, 0.8476155584293211254, -5.686458333335167481 ) ) ;
#1932 = ORIENTED_EDGE ( 'NONE', *, *, #2399, .T. ) ;
#1933 = ORIENTED_EDGE ( 'NONE', *, *, #3768, .T. ) ;
#1934 = CARTESIAN_POINT ( 'NONE',  ( 0.000000000000000000, -0.9499999999999999556, -6.757500000001999574 ) ) ;
#1935 = CARTESIAN_POINT ( 'NONE',  ( -0.03521070541982999208, -0.7417793736336999455, -8.267549287360999699 ) ) ;
#1936 = CARTESIAN_POINT ( 'NONE',  ( -0.09782804394541000370, -1.201587945305999883, 1.399999999999999911 ) ) ;
#1937 = CARTESIAN_POINT ( 'NONE',  ( -1.052421559943000018, 0.09118105098069000103, -7.584873641134000088 ) ) ;
#1938 = CARTESIAN_POINT ( 'NONE',  ( 0.1196376777911208472, 0.6408194907015335451, -8.035509165302244128 ) ) ;
#1939 = B_SPLINE_CURVE_WITH_KNOTS ( 'NONE', 3,
 ( #2578, #1089, #3606, #2262, #140, #3531, #3626, #1233, #1894, #2481 ),
 .UNSPECIFIED., .F., .F.,
 ( 4, 2, 2, 2, 4 ),
 ( 0.000000000000000000, 0.2500000000000000000, 0.5000000000000000000, 0.7500000000000000000, 1.000000000000000000 ),
 .UNSPECIFIED. ) ;
#1940 = CARTESIAN_POINT ( 'NONE',  ( -0.9500000000000002887, -0.2487094184091911964, -4.245520833333751298 ) ) ;
#1941 = CARTESIAN_POINT ( 'NONE',  ( 0.8389765660444193918, 0.5085452499991531816, -9.184997139822668188 ) ) ;
#1942 = CARTESIAN_POINT ( 'NONE',  ( 0.2299803452449999952, -0.9033018631661000608, -3.863667119621999824 ) ) ;
#1943 = ORIENTED_EDGE ( 'NONE', *, *, #3130, .F. ) ;
#1944 = FACE_OUTER_BOUND ( 'NONE', #1539, .T. ) ;
#1945 = EDGE_CURVE ( 'NONE', #136, #82, #745, .T. ) ;
#1946 = CARTESIAN_POINT ( 'NONE',  ( -1.372163138867999788, 1.467768844522000071, 0.9000000000000000222 ) ) ;
#1947 = CARTESIAN_POINT ( 'NONE',  ( -0.3999867337000413969, -0.5159287284573378374, -2.455290311004297621 ) ) ;
#1948 = CARTESIAN_POINT ( 'NONE',  ( -0.4618261757010839741, -0.4614960534239298529, -5.118574942742439404 ) ) ;
#1949 = CARTESIAN_POINT ( 'NONE',  ( -0.8476155584293225687, -0.4958873258251174088, -3.422916666667332741 ) ) ;
#1950 = ORIENTED_EDGE ( 'NONE', *, *, #2713, .T. ) ;
#1951 = CARTESIAN_POINT ( 'NONE',  ( -0.2487094184091901694, 0.9500000000000006217, -1.628645833333333348 ) ) ;
#1952 = EDGE_CURVE ( 'NONE', #1333, #4069, #4401, .T. ) ;
#1953 = CARTESIAN_POINT ( 'NONE',  ( 0.08280411305937999955, 0.8036826282942000077, -6.124620380377999496 ) ) ;
#1954 = VECTOR ( 'NONE', #1525, 1000.000000000000114 ) ;
#1955 = CARTESIAN_POINT ( 'NONE',  ( -0.6802465036262405063, 0.5003568563757173626, -6.107000323666976094 ) ) ;
#1956 = AXIS2_PLACEMENT_3D ( 'NONE', #948, #3344, #3389 ) ;
#1957 = ORIENTED_EDGE ( 'NONE', *, *, #3680, .F. ) ;
#1958 = CARTESIAN_POINT ( 'NONE',  ( 0.8476155584293233458, 0.4958873258251160210, -5.874166666667000491 ) ) ;
#1959 = CARTESIAN_POINT ( 'NONE',  ( -0.6407280696026999012, 0.004490663109691999180, -8.523727846005000330 ) ) ;
#1960 = CARTESIAN_POINT ( 'NONE',  ( -0.2957282842511999577, -1.168729467229999930, 1.399999999999999911 ) ) ;
#1961 = CARTESIAN_POINT ( 'NONE',  ( 0.6992093654901000432, 0.4047209167376999983, -7.379004619622000050 ) ) ;
#1962 = VECTOR ( 'NONE', #3168, 1000.000000000000000 ) ;
#1963 = CARTESIAN_POINT ( 'NONE',  ( 0.4642004860416713008, -0.4581866470832208216, -8.263793797041106615 ) ) ;
#1964 = DIRECTION ( 'NONE',  ( 0.000000000000000000, -1.000000000000000000, 0.000000000000000000 ) ) ;
#1965 = CARTESIAN_POINT ( 'NONE',  ( 0.3544114085337999875, 0.9951369450068000555, -2.477461141135000044 ) ) ;
#1966 = CARTESIAN_POINT ( 'NONE',  ( -0.5075865893129000161, -0.9264243229309000460, -4.037713858865999761 ) ) ;
#1967 = ORIENTED_EDGE ( 'NONE', *, *, #763, .F. ) ;
#1968 = CARTESIAN_POINT ( 'NONE',  ( -0.4270643254459000060, 0.4776698914684999742, -8.591965211581999995 ) ) ;
#1969 =( NAMED_UNIT ( * ) SI_UNIT ( $, .STERADIAN. ) SOLID_ANGLE_UNIT ( ) );
#1970 = LINE ( 'NONE', #3365, #3417 ) ;
#1971 = CARTESIAN_POINT ( 'NONE',  ( 0.7500000000000000000, 0.1443375672973999935, 0.8000000000000000444 ) ) ;
#1972 = CARTESIAN_POINT ( 'NONE',  ( -0.1569494992392000132, -0.9369454918448999470, -8.099999999999999645 ) ) ;
#1973 = ADVANCED_FACE ( 'NONE', ( #235 ), #1437, .F. ) ;
#1974 = ORIENTED_EDGE ( 'NONE', *, *, #3525, .T. ) ;
#1975 = CARTESIAN_POINT ( 'NONE',  ( 0.000000000000000000, -0.9499999999999999556, 0.000000000000000000 ) ) ;
#1976 = CARTESIAN_POINT ( 'NONE',  ( -0.5289330488071000147, -0.6106739470118999202, -6.520307880377999687 ) ) ;
#1977 = LINE ( 'NONE', #2716, #3425 ) ;
#1978 = EDGE_CURVE ( 'NONE', #1489, #3473, #2157, .T. ) ;
#1979 = ORIENTED_EDGE ( 'NONE', *, *, #279, .F. ) ;
#1980 = ORIENTED_EDGE ( 'NONE', *, *, #1400, .T. ) ;
#1981 = CARTESIAN_POINT ( 'NONE',  ( 0.000000000000000000, 0.000000000000000000, 0.000000000000000000 ) ) ;
#1982 = CARTESIAN_POINT ( 'NONE',  ( 0.3261551095671000322, -0.5515208976168999300, -8.963553262550998824 ) ) ;
#1983 = CARTESIAN_POINT ( 'NONE',  ( 1.066047199200999884, -0.5629599117846000311, 1.400000000001000000 ) ) ;
#1984 = CARTESIAN_POINT ( 'NONE',  ( 0.5220132956412000258, -0.7722477935606999466, -7.442370380377999695 ) ) ;
#1985 = CARTESIAN_POINT ( 'NONE',  ( -0.04188297446062858725, 0.6509122063535439651, -8.010144206220147112 ) ) ;
#1986 = CARTESIAN_POINT ( 'NONE',  ( 0.2487094184091882820, -0.9500000000000011768, -8.717395833332336252 ) ) ;
#1987 = CARTESIAN_POINT ( 'NONE',  ( 0.4285831505760999693, -0.8609818345491999647, -0.7364361411340999419 ) ) ;
#1988 = CARTESIAN_POINT ( 'NONE',  ( -0.5962874237209999650, -0.7164536557741000289, -5.288142119621999981 ) ) ;
#1989 = ORIENTED_EDGE ( 'NONE', *, *, #790, .T. ) ;
#1990 = CARTESIAN_POINT ( 'NONE',  ( 0.6110239917153998945, 0.4471815571555000091, -8.862804617445000588 ) ) ;
#1991 = LINE ( 'NONE', #2015, #3457 ) ;
#1992 = DIRECTION ( 'NONE',  ( 0.000000000000000000, -1.000000000000000000, 0.000000000000000000 ) ) ;
#1993 = CARTESIAN_POINT ( 'NONE',  ( -0.6445054390097264552, 0.09690773222905385564, -5.879523715205237089 ) ) ;
#1994 = CARTESIAN_POINT ( 'NONE',  ( -0.05972963553338000303, 0.7928708442183000082, 0.6999999999999999556 ) ) ;
#1995 = EDGE_LOOP ( 'NONE', ( #1285, #2995, #2584, #4018 ) ) ;
#1996 = CARTESIAN_POINT ( 'NONE',  ( -1.003064251512999938, -0.3313131533210000312, -3.567123641134000156 ) ) ;
#1997 = DIRECTION ( 'NONE',  ( 0.000000000000000000, 0.000000000000000000, -1.000000000000000000 ) ) ;
#1998 = EDGE_CURVE ( 'NONE', #2954, #2165, #1834, .T. ) ;
#1999 = CARTESIAN_POINT ( 'NONE',  ( 0.6086609447290000086, 0.5312345055095000212, -6.203757880377999356 ) ) ;
#2000 = CARTESIAN_POINT ( 'NONE',  ( -0.6673266814500999899, 0.1485071155039000279, -1.238848641133999839 ) ) ;
#2001 = EDGE_LOOP ( 'NONE', ( #2312, #1569, #3295, #4049 ) ) ;
#2002 = ORIENTED_EDGE ( 'NONE', *, *, #4451, .F. ) ;
#2003 = CARTESIAN_POINT ( 'NONE',  ( 0.9499556374430871974, -0.2487325227347272905, -9.136997425556177888 ) ) ;
#2004 = CARTESIAN_POINT ( 'NONE',  ( 0.07916463097055000120, 0.7530302945783000634, -8.604748773379000681 ) ) ;
#2005 = ADVANCED_FACE ( 'NONE', ( #2194 ), #184, .F. ) ;
#2006 = LINE ( 'NONE', #1696, #2612 ) ;
#2007 = CARTESIAN_POINT ( 'NONE',  ( 0.7022586122448000179, 0.6129258166577000733, -5.938757880377999676 ) ) ;
#2008 = CARTESIAN_POINT ( 'NONE',  ( 0.000000000000000000, 0.9499999999999999556, -6.293750000000000178 ) ) ;
#2009 = CARTESIAN_POINT ( 'NONE',  ( 0.4958873258251204619, 0.8476155584293210143, -8.468958333332334831 ) ) ;
#2010 = CARTESIAN_POINT ( 'NONE',  ( 0.7300453687862998864, 0.5795669286877999093, -1.306170380377999818 ) ) ;
#2011 = CARTESIAN_POINT ( 'NONE',  ( 0.000000000000000000, -0.9499999999999999556, -8.082499999999999574 ) ) ;
#2012 = ORIENTED_EDGE ( 'NONE', *, *, #1284, .F. ) ;
#2013 = CARTESIAN_POINT ( 'NONE',  ( 0.3854242496017000197, -0.6517436700159000562, -9.038734784062999239 ) ) ;
#2014 = CARTESIAN_POINT ( 'NONE',  ( -1.591515529313000110, -1.226481735345000157, 1.399999999999999911 ) ) ;
#2015 = CARTESIAN_POINT ( 'NONE',  ( -0.5500000000000000444, 0.1796029634390999830, 0.5999999999999999778 ) ) ;
#2016 = CARTESIAN_POINT ( 'NONE',  ( 0.1739168074300612710, 0.6283073903214045908, -6.057042356898507229 ) ) ;
#2017 = DIRECTION ( 'NONE',  ( 1.000000000000000000, 0.000000000000000000, 0.000000000000000000 ) ) ;
#2018 = FACE_OUTER_BOUND ( 'NONE', #3670, .T. ) ;
#2019 = ORIENTED_EDGE ( 'NONE', *, *, #2797, .F. ) ;
#2020 = CARTESIAN_POINT ( 'NONE',  ( 0.000000000000000000, 0.9499999999999999556, -2.981250000000999822 ) ) ;
#2021 = CARTESIAN_POINT ( 'NONE',  ( -1.102851783575000022, -1.679552376750000020, 0.9000000000464060124 ) ) ;
#2022 = CARTESIAN_POINT ( 'NONE',  ( -0.8033202475139000764, -0.08584480190476000139, -6.599445380377999548 ) ) ;
#2023 = CARTESIAN_POINT ( 'NONE',  ( -0.1330808494290585953, -0.8238908112914098414, -9.528491045815286498 ) ) ;
#2024 = VECTOR ( 'NONE', #1211, 1000.000000000000000 ) ;
#2025 = B_SPLINE_CURVE_WITH_KNOTS ( 'NONE', 3,
 ( #3761, #2719, #205, #2695, #2003, #3009, #229, #909, #985, #3330 ),
 .UNSPECIFIED., .F., .F.,
 ( 4, 2, 2, 2, 4 ),
 ( 0.2779142706017161402, 0.4584357029512871051, 0.6389571353008580701, 0.8194785676504290350, 1.000000000000000000 ),
 .UNSPECIFIED. ) ;
#2026 = EDGE_LOOP ( 'NONE', ( #4167, #3101, #4291, #1989 ) ) ;
#2027 = DIRECTION ( 'NONE',  ( 0.000000000000000000, 0.000000000000000000, -1.000000000000000000 ) ) ;
#2028 = CARTESIAN_POINT ( 'NONE',  ( 0.6617110641437000673, 1.007731426050999968, 1.399999999999999911 ) ) ;
#2029 = AXIS2_PLACEMENT_3D ( 'NONE', #997, #3073, #1992 ) ;
#2030 = CARTESIAN_POINT ( 'NONE',  ( -0.5807148715050000076, -0.2707816353036999746, -9.139483429169999340 ) ) ;
#2031 = CARTESIAN_POINT ( 'NONE',  ( -0.2500000000000000000, 0.7216878364869999674, 0.8000000000000000444 ) ) ;
#2032 = CARTESIAN_POINT ( 'NONE',  ( -0.3266703288764000179, -0.8115207581754000365, -8.207366213711001279 ) ) ;
#2033 = VECTOR ( 'NONE', #3901, 1000.000000000000000 ) ;
#2034 = ADVANCED_FACE ( 'NONE', ( #3245 ), #3287, .T. ) ;
#2035 = CARTESIAN_POINT ( 'NONE',  ( 0.000000000000000000, -0.9499999999999999556, -6.625000000001000089 ) ) ;
#2036 = CARTESIAN_POINT ( 'NONE',  ( 0.8476155584293233458, 0.4958873258251160210, -8.524166666665667691 ) ) ;
#2037 = CARTESIAN_POINT ( 'NONE',  ( 0.2449488715393241534, 0.9499999999999995115, -9.103436784954917371 ) ) ;
#2038 = VECTOR ( 'NONE', #3963, 1000.000000000000114 ) ;
#2039 = CARTESIAN_POINT ( 'NONE',  ( -0.6757611547030000221, -0.8119432516215999707, -5.383051358866000058 ) ) ;
#2040 = EDGE_CURVE ( 'NONE', #4069, #1847, #1577, .T. ) ;
#2041 = ORIENTED_EDGE ( 'NONE', *, *, #2766, .F. ) ;
#2042 = CARTESIAN_POINT ( 'NONE',  ( 0.05941502728102000808, 0.7548453605267000377, -9.434577658954999890 ) ) ;
#2043 = DIRECTION ( 'NONE',  ( 0.000000000000000000, 0.000000000000000000, -1.000000000000000000 ) ) ;
#2044 = COORDINATED_UNIVERSAL_TIME_OFFSET ( 10, 0, .AHEAD. ) ;
#2045 = CARTESIAN_POINT ( 'NONE',  ( -0.8885449153887000628, -0.3361367777213000174, -9.402491419469999556 ) ) ;
#2046 = LINE ( 'NONE', #3440, #3346 ) ;
#2047 = LINE ( 'NONE', #3124, #3058 ) ;
#2048 = ORIENTED_EDGE ( 'NONE', *, *, #3903, .T. ) ;
#2049 = CARTESIAN_POINT ( 'NONE',  ( 1.039203101325000045, 0.1888349132377999950, -3.250573641134000269 ) ) ;
#2050 = CARTESIAN_POINT ( 'NONE',  ( 1.983682919956446966, -0.3146186512841573912, 0.9000000000464060124 ) ) ;
#2051 = CARTESIAN_POINT ( 'NONE',  ( 0.01557963654225999993, 0.9319993735402000157, -8.197967119621997867 ) ) ;
#2052 = CARTESIAN_POINT ( 'NONE',  ( -0.3166407421481000073, -0.6059111282043999624, -2.425911141135000282 ) ) ;
#2053 = ORIENTED_EDGE ( 'NONE', *, *, #2672, .F. ) ;
#2054 = ORIENTED_EDGE ( 'NONE', *, *, #1044, .T. ) ;
#2055 = DIRECTION ( 'NONE',  ( 0.000000000000000000, 0.000000000000000000, 1.000000000000000000 ) ) ;
#2056 = DIRECTION ( 'NONE',  ( 0.6427876096865042799, -0.7660444431190074344, 0.000000000000000000 ) ) ;
#2057 = CARTESIAN_POINT ( 'NONE',  ( -0.5611041243314863758, 0.7808016605263240484, -5.697916666666666075 ) ) ;
#2058 = CARTESIAN_POINT ( 'NONE',  ( 0.4389390756928999715, 0.6782516085883999457, -6.666767119622000415 ) ) ;
#2059 = CARTESIAN_POINT ( 'NONE',  ( 0.000000000000000000, 0.000000000000000000, 0.000000000000000000 ) ) ;
#2060 = CARTESIAN_POINT ( 'NONE',  ( -0.6701670637805000608, -0.7287557784472000755, -8.151035044964000775 ) ) ;
#2061 = CARTESIAN_POINT ( 'NONE',  ( 0.3977685685048999997, 0.5560304135382999613, -2.129088858867000056 ) ) ;
#2062 = EDGE_CURVE ( 'NONE', #82, #1065, #2213, .T. ) ;
#2063 = CARTESIAN_POINT ( 'NONE',  ( 0.7500000000000000000, -0.4330127018921999804, 1.399999999999999911 ) ) ;
#2064 = EDGE_LOOP ( 'NONE', ( #2143, #956, #2153, #223 ) ) ;
#2065 = AXIS2_PLACEMENT_3D ( 'NONE', #3215, #4252, #793 ) ;
#2066 = CARTESIAN_POINT ( 'NONE',  ( -0.1733923050367999763, -0.6168338379841999952, -9.691528752947998981 ) ) ;
#2067 = CARTESIAN_POINT ( 'NONE',  ( -0.9549093175878999862, -0.7358890412072001119, 1.399999999999999911 ) ) ;
#2068 = EDGE_CURVE ( 'NONE', #3623, #2978, #3472, .T. ) ;
#2069 = DIRECTION ( 'NONE',  ( 0.000000000000000000, -1.000000000000000000, 0.000000000000000000 ) ) ;
#2070 = CARTESIAN_POINT ( 'NONE',  ( 0.7500000000000000000, 0.1443375672973999935, 0.8000000000000000444 ) ) ;
#2071 = VECTOR ( 'NONE', #1274, 1000.000000000000000 ) ;
#2072 = EDGE_LOOP ( 'NONE', ( #191, #3018, #3842, #2302, #2002, #1480, #3174, #2823, #1050, #3785, #2656 ) ) ;
#2073 = CARTESIAN_POINT ( 'NONE',  ( -0.9595260751955999590, 0.4418303893850999975, -3.646261141134000017 ) ) ;
#2074 = CARTESIAN_POINT ( 'NONE',  ( -0.6135629504926999322, -0.3542407346318000028, 0.5999999999999999778 ) ) ;
#2075 = CARTESIAN_POINT ( 'NONE',  ( -0.1633616674368000010, 0.9177022943725998694, -6.852629619622000234 ) ) ;
#2076 = CARTESIAN_POINT ( 'NONE',  ( 0.7780989323668999758, -0.2173816954799999979, -2.995645380379000411 ) ) ;
#2077 = ORIENTED_EDGE ( 'NONE', *, *, #1395, .T. ) ;
#2078 = ORIENTED_EDGE ( 'NONE', *, *, #672, .T. ) ;
#2079 = CARTESIAN_POINT ( 'NONE',  ( 0.2487094184091941385, 0.9499999999999996225, -7.116354166668667602 ) ) ;
#2080 = CARTESIAN_POINT ( 'NONE',  ( -2.000008392267000001, -5.249276364245999779E-09, 0.9000000000000000222 ) ) ;
#2081 = CARTESIAN_POINT ( 'NONE',  ( 0.5984299795812000333, -0.3305619675985999595, -6.919951358866000213 ) ) ;
#2082 = CARTESIAN_POINT ( 'NONE',  ( 0.8476155584293235679, 0.4958873258251159100, -6.404166666666998964 ) ) ;
#2083 = CARTESIAN_POINT ( 'NONE',  ( -0.8476155584293226797, -0.4958873258251175198, -4.880416666668666359 ) ) ;
#2084 = CARTESIAN_POINT ( 'NONE',  ( 0.8472702931047999542, 0.2177441047181000178, -3.337366213710999840 ) ) ;
#2085 = CARTESIAN_POINT ( 'NONE',  ( 1.056270923618999991, -0.01402564584797000129, -5.145638858866000476 ) ) ;
#2086 = ORIENTED_EDGE ( 'NONE', *, *, #3041, .F. ) ;
#2087 = CARTESIAN_POINT ( 'NONE',  ( -0.7962073926556999526, 0.3595267103677000087, -8.737801148414998664 ) ) ;
#2088 = CARTESIAN_POINT ( 'NONE',  ( 1.985859845031000104, -0.3055586324673000287, 1.399999999999999911 ) ) ;
#2089 = PERSON_AND_ORGANIZATION_ROLE ( 'design_supplier' ) ;
#2090 = LINE ( 'NONE', #4165, #2404 ) ;
#2091 = LINE ( 'NONE', #1685, #3634 ) ;
#2092 = ADVANCED_FACE ( 'NONE', ( #1327 ), #3719, .T. ) ;
#2093 = ORIENTED_EDGE ( 'NONE', *, *, #2983, .F. ) ;
#2094 = CARTESIAN_POINT ( 'NONE',  ( 0.8246360646667999506, -0.4345583024228000246, -5.403057880378000277 ) ) ;
#2095 = FACE_OUTER_BOUND ( 'NONE', #4009, .T. ) ;
#2096 = CARTESIAN_POINT ( 'NONE',  ( 0.2714946949366999762, 0.8917147323021000771, -7.564867119621999869 ) ) ;
#2097 = CARTESIAN_POINT ( 'NONE',  ( 0.7355233636128000185, 0.004708690700432000345, -3.628745380378000096 ) ) ;
#2098 = EDGE_CURVE ( 'NONE', #1590, #1000, #1555, .T. ) ;
#2099 = ORIENTED_EDGE ( 'NONE', *, *, #2172, .T. ) ;
#2100 = CARTESIAN_POINT ( 'NONE',  ( -0.4958873258251166316, 0.8476155584293231238, -4.251041666666665719 ) ) ;
#2101 = CARTESIAN_POINT ( 'NONE',  ( 0.000000000000000000, -0.9499999999999999556, -1.457500000001000107 ) ) ;
#2102 = CARTESIAN_POINT ( 'NONE',  ( -0.4958873258251185745, -0.8476155584293220135, -8.005208333335332327 ) ) ;
#2103 = CARTESIAN_POINT ( 'NONE',  ( 0.5916874909852000153, 0.3424844053770000341, -7.473913858865999238 ) ) ;
#2104 = VECTOR ( 'NONE', #1607, 1000.000000000000114 ) ;
#2105 = CARTESIAN_POINT ( 'NONE',  ( -2.000008392267000001, -5.249276364245999779E-09, 0.9000000000000000222 ) ) ;
#2106 = CARTESIAN_POINT ( 'NONE',  ( 0.3277750417488000112, -0.6584681557941999275, -0.9262546196218999217 ) ) ;
#2107 = AXIS2_PLACEMENT_3D ( 'NONE', #3577, #1844, #1803 ) ;
#2108 = ORIENTED_EDGE ( 'NONE', *, *, #375, .F. ) ;
#2109 = VECTOR ( 'NONE', #4117, 1000.000000000000000 ) ;
#2110 = CARTESIAN_POINT ( 'NONE',  ( -0.6508476559237998949, -0.7460576505445999373, -9.360500887515001978 ) ) ;
#2111 = CARTESIAN_POINT ( 'NONE',  ( 1.907746549697000082, -0.6306538476612000288, 0.9000000000000000222 ) ) ;
#2112 = APPROVAL_STATUS ( 'not_yet_approved' ) ;
#2113 = DIRECTION ( 'NONE',  ( -1.000000000000000000, 0.000000000000000000, 0.000000000000000000 ) ) ;
#2114 = CARTESIAN_POINT ( 'NONE',  ( -0.2500000000000000000, -0.7216878364869999674, 1.399999999999999911 ) ) ;
#2115 = ORIENTED_EDGE ( 'NONE', *, *, #1686, .F. ) ;
#2116 = CARTESIAN_POINT ( 'NONE',  ( 0.5871711707035000005, 0.4796972482621000289, -3.387633786289000248 ) ) ;
#2117 = CARTESIAN_POINT ( 'NONE',  ( 0.000000000000000000, 0.000000000000000000, 1.399999999999999911 ) ) ;
#2118 = CARTESIAN_POINT ( 'NONE',  ( -0.4320564158131999788, -0.5952680436099000438, -8.498745380378000647 ) ) ;
#2119 = CARTESIAN_POINT ( 'NONE',  ( -0.7885937638030999786, 0.1754939348630999985, -1.333757880377999916 ) ) ;
#2120 = EDGE_CURVE ( 'NONE', #1716, #2917, #2670, .T. ) ;
#2121 = VERTEX_POINT ( 'NONE', #4053 ) ;
#2122 = DIRECTION ( 'NONE',  ( 0.000000000000000000, -1.000000000000000000, 0.000000000000000000 ) ) ;
#2123 = CARTESIAN_POINT ( 'NONE',  ( 0.000000000000000000, -0.9499999999999999556, -4.637500000000000178 ) ) ;
#2124 = CARTESIAN_POINT ( 'NONE',  ( -0.4958873258251166316, 0.8476155584293231238, -8.226041666668665542 ) ) ;
#2125 = CARTESIAN_POINT ( 'NONE',  ( -0.3656163507726999939, -0.5037298877431000133, -8.423563858866000231 ) ) ;
#2126 = EDGE_CURVE ( 'NONE', #158, #3681, #2721, .T. ) ;
#2127 = CARTESIAN_POINT ( 'NONE',  ( -0.9499999999999997335, 0.2487094184091930837, -4.963229166668666537 ) ) ;
#2128 = CARTESIAN_POINT ( 'NONE',  ( 0.1016619158598000006, 0.6760584743062000301, -1.416851358866000110 ) ) ;
#2129 = B_SPLINE_SURFACE_WITH_KNOTS ( 'NONE', 3, 3, ( 
 ( #3910, #830, #448, #146, #2904, #2199, #2241, #4309, #3210, #1172, #487, #1493, #3229, #2522, #3970, #1818, #1838, #1877, #1132, #105, #3609, #1192, #4229, #1538, #2882, #1450, #3589, #2158, #4290, #789, #3249, #4268, #2219, #65, #1152 ),
 ( #2841, #2561, #850, #2502, #1110, #2542, #3932, #3891, #811, #768, #1513, #3951, #3272, #2925, #2582, #409, #1797, #3187, #3550, #427, #3017, #1237, #3293, #168, #4084, #872, #1213, #554, #2290, #214, #1654, #4402, #2631, #3994, #1283 ),
 ( #3337, #2266, #510, #260, #1942, #1609, #1560, #3655, #3679, #3362, #530, #2702, #2993, #1261, #2946, #4353, #2968, #2604, #4331, #4377, #1920, #189, #1988, #1632, #4017, #4060, #2655, #3316, #3040, #894, #2336, #1582, #4037, #967, #917 ),
 ( #2311, #3700, #3385, #577, #3633, #1966, #236, #2676, #1899, #942, #3724, #598, #4425, #1311, #3796, #3770, #359, #2796, #310, #2085, #647, #1701, #2039, #3407, #2383, #3481, #3434, #3746, #1725, #3092, #4473, #694, #2775, #1677, #1064 ) ),
 .UNSPECIFIED., .F., .F., .F.,
 ( 4, 4 ),
 ( 4, 1, 1, 1, 1, 1, 1, 1, 1, 1, 1, 1, 1, 1, 1, 1, 1, 1, 1, 1, 1, 1, 1, 1, 1, 1, 1, 1, 1, 1, 1, 1, 4 ),
 ( -0.03722210892777000346, 1.037222108927999820 ),
 ( -0.01999999999997000011, 0.01250000000002000032, 0.04500000000001999623, 0.07750000000001000533, 0.1100000000000000006, 0.1424999999999999878, 0.1749999999999999889, 0.2074999999999999900, 0.2399999999999999911, 0.2725000000000000200, 0.3049999999999999933, 0.3375000000000000222, 0.3699999999999999956, 0.4025000000000000244, 0.4349999999999999978, 0.4675000000000000266, 0.5000000000000000000, 0.5324999999999999734, 0.5649999999999999467, 0.5974999999999000000, 0.6299999999999000844, 0.6624999999999000577, 0.6949999999999000311, 0.7274999999999000044, 0.7599999999999000888, 0.7924999999999000622, 0.8249999999999000355, 0.8574999999999000089, 0.8899999999999000933, 0.9224999999999000666, 0.9549999999999000400, 0.9874999999999000133, 1.020000000000000018 ),
 .UNSPECIFIED. ) ;
#2130 = EDGE_LOOP ( 'NONE', ( #2446, #798, #3418, #464, #3257, #3274, #4039, #7, #1739, #1443, #1112, #3409 ) ) ;
#2131 = CARTESIAN_POINT ( 'NONE',  ( 0.7112151001861000132, -0.5073251645380999486, -9.089661481653001474 ) ) ;
#2132 = CARTESIAN_POINT ( 'NONE',  ( -0.6773721942318727818, 0.6823899046029091586, -6.211458333333331971 ) ) ;
#2133 = PERSON_AND_ORGANIZATION_ROLE ( 'classification_officer' ) ;
#2134 = CARTESIAN_POINT ( 'NONE',  ( 0.7332947368973999902, 0.7603847714207000452, -7.822286141133999671 ) ) ;
#2135 = DIRECTION ( 'NONE',  ( 0.000000000000000000, 0.000000000000000000, 1.000000000000000000 ) ) ;
#2136 = ORIENTED_EDGE ( 'NONE', *, *, #3208, .T. ) ;
#2137 = CARTESIAN_POINT ( 'NONE',  ( -0.2056017234189999876, -0.9091713065019000339, -4.215995380377999702 ) ) ;
#2138 = FACE_OUTER_BOUND ( 'NONE', #3001, .T. ) ;
#2139 = CARTESIAN_POINT ( 'NONE',  ( -0.3037968016374348879, -0.5766501806134103347, -1.110947479652216519 ) ) ;
#2140 = CARTESIAN_POINT ( 'NONE',  ( -0.3537414166622394607, -0.5475122399428495878, -4.433721047525605918 ) ) ;
#2141 = AXIS2_PLACEMENT_3D ( 'NONE', #2063, #1332, #1357 ) ;
#2142 = CARTESIAN_POINT ( 'NONE',  ( 0.1201359919989000019, 0.7989123043089000342, -1.492032880378000081 ) ) ;
#2143 = ORIENTED_EDGE ( 'NONE', *, *, #3680, .T. ) ;
#2144 = CARTESIAN_POINT ( 'NONE',  ( -1.171572875243678036, -2.000000000010301981, 0.1999999999999999556 ) ) ;
#2145 = B_SPLINE_CURVE_WITH_KNOTS ( 'NONE', 3,
 ( #321, #3127, #2443, #1390, #3079, #4071, #3393, #2021, #4411, #3053, #3492, #2346, #979, #1689, #4483, #2758, #608, #270, #4460, #2050, #3733, #1293 ),
 .UNSPECIFIED., .F., .F.,
 ( 4, 1, 1, 1, 1, 1, 1, 1, 1, 1, 1, 1, 1, 1, 1, 1, 1, 1, 1, 4 ),
 ( 0.000000000000000000, 0.04991167642840470958, 0.1029373201943888649, 0.1559676958456681362, 0.2089952792077992560, 0.2620244200869731310, 0.3150541571956682607, 0.3680837630387354675, 0.4211121868538724167, 0.4741418245392932107, 0.5271707720322597046, 0.5802004097176806097, 0.6332288335328175588, 0.6862584393758847101, 0.7392881764845798953, 0.7923173173637537703, 0.8453449007258849734, 0.8983752763771641892, 0.9514009201431281593, 1.000000000000000000 ),
 .UNSPECIFIED. ) ;
#2146 = CARTESIAN_POINT ( 'NONE',  ( 0.8476155584293233458, 0.4958873258251160210, -1.899166666667666536 ) ) ;
#2147 = DIRECTION ( 'NONE',  ( 0.6427876096865049460, -0.7660444431190069903, 0.000000000000000000 ) ) ;
#2148 = LINE ( 'NONE', #3543, #2409 ) ;
#2149 = EDGE_CURVE ( 'NONE', #983, #1655, #4115, .T. ) ;
#2150 = FACE_OUTER_BOUND ( 'NONE', #2529, .T. ) ;
#2151 = CARTESIAN_POINT ( 'NONE',  ( -0.6586847888733999845, -0.4677904183036999952, -3.062967119622999945 ) ) ;
#2152 = ADVANCED_FACE ( 'NONE', ( #3062 ), #254, .T. ) ;
#2153 = ORIENTED_EDGE ( 'NONE', *, *, #1597, .T. ) ;
#2154 = CARTESIAN_POINT ( 'NONE',  ( 0.8484003704050999684, 0.2083808204515000262, -9.661434523162999000 ) ) ;
#2155 = LINE ( 'NONE', #743, #1522 ) ;
#2156 = PERSON_AND_ORGANIZATION ( #18446744073709551615, #18446744073709551615 ) ;
#2157 = B_SPLINE_CURVE_WITH_KNOTS ( 'NONE', 3,
 ( #1873, #3310, #161, #4285, #2536, #2941, #443, #806, #2556, #3925 ),
 .UNSPECIFIED., .F., .F.,
 ( 4, 2, 2, 2, 4 ),
 ( 0.000000000000000000, 0.2500000000000000000, 0.5000000000000000000, 0.7500000000000000000, 1.000000000000000000 ),
 .UNSPECIFIED. ) ;
#2158 = CARTESIAN_POINT ( 'NONE',  ( 0.6596948179545001345, 0.1794217109702999913, -5.494011141134000020 ) ) ;
#2159 = ORIENTED_EDGE ( 'NONE', *, *, #2645, .F. ) ;
#2160 = CARTESIAN_POINT ( 'NONE',  ( -0.3062010008555000051, 0.7476187442505999314, -3.915217119622000030 ) ) ;
#2161 = CARTESIAN_POINT ( 'NONE',  ( 2.001084073356000026, 0.09146829991270000182, 0.9000000000000000222 ) ) ;
#2162 = CARTESIAN_POINT ( 'NONE',  ( 0.000000000000000000, -0.9499999999999999556, -5.300000000002000000 ) ) ;
#2163 = CARTESIAN_POINT ( 'NONE',  ( -0.09926838096563615765, 0.6449120010621690602, -4.687370638346565421 ) ) ;
#2164 = CARTESIAN_POINT ( 'NONE',  ( 0.6775998902051000305, 0.6399115472066000398, -3.644517119621999868 ) ) ;
#2165 = VERTEX_POINT ( 'NONE', #2031 ) ;
#2166 = DIRECTION ( 'NONE',  ( 0.000000000000000000, 0.000000000000000000, -1.000000000000000000 ) ) ;
#2167 = CARTESIAN_POINT ( 'NONE',  ( 0.8477307243209000198, 0.4287803855615999749, -3.759999999999999787 ) ) ;
#2168 = CARTESIAN_POINT ( 'NONE',  ( 0.000000000000000000, 0.9499999999999999556, -5.631250000001999823 ) ) ;
#2169 = CARTESIAN_POINT ( 'NONE',  ( -0.6135629504926999322, 0.3542407346318000028, 0.5999999999999999778 ) ) ;
#2170 = CARTESIAN_POINT ( 'NONE',  ( 0.9747091051219000102, -0.1736282087470999713, -9.250598586330001538 ) ) ;
#2171 = CARTESIAN_POINT ( 'NONE',  ( -0.3166407421481000073, -0.6059111282043999624, -2.445638858866999943 ) ) ;
#2172 = EDGE_CURVE ( 'NONE', #268, #3725, #911, .T. ) ;
#2173 = ORIENTED_EDGE ( 'NONE', *, *, #3768, .F. ) ;
#2174 = CARTESIAN_POINT ( 'NONE',  ( -0.4688506691036999907, -0.5667414227577000085, -9.830420533847000542 ) ) ;
#2175 = CARTESIAN_POINT ( 'NONE',  ( 1.109768865084000078, -1.674989942916999874, 0.9000000000000000222 ) ) ;
#2176 = CALENDAR_DATE ( 2026, 22, 6 ) ;
#2177 = VECTOR ( 'NONE', #333, 1000.000000000000114 ) ;
#2178 = PLANE ( 'NONE',  #4310 ) ;
#2179 = EDGE_CURVE ( 'NONE', #4378, #344, #3195, .T. ) ;
#2180 = VECTOR ( 'NONE', #3564, 1000.000000000000114 ) ;
#2181 = ORIENTED_EDGE ( 'NONE', *, *, #2179, .F. ) ;
#2182 = CARTESIAN_POINT ( 'NONE',  ( 0.4255074051276999669, 0.6867578087373999995, -5.339692119621999744 ) ) ;
#2183 = CARTESIAN_POINT ( 'NONE',  ( 0.000000000000000000, 0.9499999999999999556, -8.943749999998999556 ) ) ;
#2184 = CARTESIAN_POINT ( 'NONE',  ( -0.1525906023107174436, -0.6343396986316977015, -1.085582520570222975 ) ) ;
#2185 = CARTESIAN_POINT ( 'NONE',  ( 0.1291204608105999962, -1.048298438835000068, -8.609426358865999163 ) ) ;
#2186 = VECTOR ( 'NONE', #2710, 1000.000000000000114 ) ;
#2187 = CARTESIAN_POINT ( 'NONE',  ( 0.9379074694161998460, 0.4860396653400000377, -3.106326358866999815 ) ) ;
#2188 = ORIENTED_EDGE ( 'NONE', *, *, #1368, .T. ) ;
#2189 = CARTESIAN_POINT ( 'NONE',  ( 1.933333333353772110, -1.132520446051168639, -4.051621242779308517E-14 ) ) ;
#2190 = CARTESIAN_POINT ( 'NONE',  ( -0.8166478653843247670, 0.5395178530785242899, -8.839166666666001149 ) ) ;
#2191 = DIRECTION ( 'NONE',  ( 0.000000000000000000, -0.8412050806714113094, -0.5407162030609071746 ) ) ;
#2192 = CARTESIAN_POINT ( 'NONE',  ( 0.4958873258251204619, 0.8476155584293211254, -4.361458333333334103 ) ) ;
#2193 = CARTESIAN_POINT ( 'NONE',  ( -0.3288471116207000167, 0.9338438125336999684, -9.030685878056999627 ) ) ;
#2194 = FACE_OUTER_BOUND ( 'NONE', #765, .T. ) ;
#2195 = ORIENTED_EDGE ( 'NONE', *, *, #1738, .F. ) ;
#2196 = LINE ( 'NONE', #2264, #2024 ) ;
#2197 = EDGE_CURVE ( 'NONE', #2954, #4142, #2006, .T. ) ;
#2198 = CARTESIAN_POINT ( 'NONE',  ( -0.5917081332882716538, -0.2759076851933495167, -9.129642782940482704 ) ) ;
#2199 = CARTESIAN_POINT ( 'NONE',  ( -0.3285005330856999861, -0.5995644691052000042, -3.752986141133999975 ) ) ;
#2200 = ORIENTED_EDGE ( 'NONE', *, *, #1978, .F. ) ;
#2201 = CARTESIAN_POINT ( 'NONE',  ( 0.6835987569363000116, -0.009077135280849000371, -4.880638858865999907 ) ) ;
#2202 = EDGE_CURVE ( 'NONE', #30, #3586, #4373, .T. ) ;
#2203 = CARTESIAN_POINT ( 'NONE',  ( 1.366098404099999941, 1.473415152268000128, 1.399999999999999911 ) ) ;
#2204 = DIRECTION ( 'NONE',  ( 0.5416752204197295972, 0.4545194776720247187, 0.7071067811865385799 ) ) ;
#2205 = CARTESIAN_POINT ( 'NONE',  ( 0.5629745496798040927, 0.3302560116612441310, -4.814195433757070930 ) ) ;
#2206 = CARTESIAN_POINT ( 'NONE',  ( 0.9291814837829999174, -0.07407032595361999483, -1.745217119622000101 ) ) ;
#2207 = ORIENTED_EDGE ( 'NONE', *, *, #1770, .T. ) ;
#2208 = CYLINDRICAL_SURFACE ( 'NONE', #2317, 0.9499999999999999556 ) ;
#2209 =( GEOMETRIC_REPRESENTATION_CONTEXT ( 3 ) GLOBAL_UNCERTAINTY_ASSIGNED_CONTEXT ( ( #1422 ) ) GLOBAL_UNIT_ASSIGNED_CONTEXT ( ( #4453, #676, #1969 ) ) REPRESENTATION_CONTEXT ( 'NONE', 'WORKASPACE' ) );
#2210 = DIRECTION ( 'NONE',  ( -0.6427876096865052791, -0.7660444431190065462, 0.000000000000000000 ) ) ;
#2211 = CARTESIAN_POINT ( 'NONE',  ( -1.777614354572535744E-11, 1.933333333332951653, -4.146303308238574003E-14 ) ) ;
#2212 = CARTESIAN_POINT ( 'NONE',  ( 0.2487094184091881710, -0.9500000000000009548, -7.259895833335334281 ) ) ;
#2213 = B_SPLINE_CURVE_WITH_KNOTS ( 'NONE', 3,
 ( #826, #139, #2624, #1552, #2215, #3605, #783, #3225, #483, #1532 ),
 .UNSPECIFIED., .F., .F.,
 ( 4, 2, 2, 2, 4 ),
 ( 0.000000000000000000, 0.2500000000000000000, 0.5000000000000000000, 0.7500000000000000000, 1.000000000000000000 ),
 .UNSPECIFIED. ) ;
#2214 = CARTESIAN_POINT ( 'NONE',  ( 0.4935486717388000155, 0.8582624296247000073, -8.458912836546000236 ) ) ;
#2215 = CARTESIAN_POINT ( 'NONE',  ( -0.9499999999999997335, 0.2487094184091930837, -8.938229166665665915 ) ) ;
#2216 = CARTESIAN_POINT ( 'NONE',  ( 0.000000000000000000, -0.9499999999999999556, -4.770000000001999751 ) ) ;
#2217 = CARTESIAN_POINT ( 'NONE',  ( 0.000000000000000000, -0.9499999999999999556, -6.757500000001999574 ) ) ;
#2218 = CARTESIAN_POINT ( 'NONE',  ( -0.8476155584293225687, -0.4958873258251174088, -4.747916666666999852 ) ) ;
#2219 = CARTESIAN_POINT ( 'NONE',  ( -0.6431204559247000185, 0.2316434982265000164, -5.889698641133999324 ) ) ;
#2220 = ORIENTED_EDGE ( 'NONE', *, *, #3849, .T. ) ;
#2221 = CARTESIAN_POINT ( 'NONE',  ( 0.9500000000000008438, 0.2487094184091889204, -2.456770833334333659 ) ) ;
#2222 = CARTESIAN_POINT ( 'NONE',  ( -0.8166454097304999271, 1.835828802400999882, 0.9000000000000000222 ) ) ;
#2223 = CARTESIAN_POINT ( 'NONE',  ( -0.4793150778598483930, 0.4419970909031410988, -3.292333960712734875 ) ) ;
#2224 = CARTESIAN_POINT ( 'NONE',  ( 0.4821719614170179025, -0.4387794802204742495, -3.622042356898501403 ) ) ;
#2225 = CARTESIAN_POINT ( 'NONE',  ( 0.5501857963174999755, -0.9017764209719000279, -3.264601358866999981 ) ) ;
#2226 = ADVANCED_FACE ( 'NONE', ( #1720 ), #4154, .T. ) ;
#2227 = VERTEX_POINT ( 'NONE', #666 ) ;
#2228 = CARTESIAN_POINT ( 'NONE',  ( 0.5000000000000000000, 0.5773502691895999739, 0.8000000000000000444 ) ) ;
#2229 = CARTESIAN_POINT ( 'NONE',  ( 1.199999999999999956, -9.123470989108999504E-10, 1.399999999986999866 ) ) ;
#2230 = LINE ( 'NONE', #3261, #1305 ) ;
#2231 = DIRECTION ( 'NONE',  ( 0.000000000000000000, 0.000000000000000000, -1.000000000000000000 ) ) ;
#2232 = ADVANCED_FACE ( 'NONE', ( #2449 ), #1036, .F. ) ;
#2233 = ORIENTED_EDGE ( 'NONE', *, *, #2372, .F. ) ;
#2234 = CARTESIAN_POINT ( 'NONE',  ( 0.8484003704050999684, 0.2083808204515000262, -9.301525283919000131 ) ) ;
#2235 = CARTESIAN_POINT ( 'NONE',  ( 0.4958873258251145777, -0.8476155584293242340, -8.557291666667003582 ) ) ;
#2236 = CARTESIAN_POINT ( 'NONE',  ( 0.000000000000000000, -0.6341852979625000053, -1.060000000000000053 ) ) ;
#2237 = CARTESIAN_POINT ( 'NONE',  ( 0.6095811923861745862, 0.2339040792857085549, -6.817991129361379521 ) ) ;
#2238 = FACE_OUTER_BOUND ( 'NONE', #3539, .T. ) ;
#2239 = CARTESIAN_POINT ( 'NONE',  ( 0.6427551324923044263, -0.1144961319548557371, -9.525485657832481579 ) ) ;
#2240 = AXIS2_PLACEMENT_3D ( 'NONE', #1415, #3580, #2872 ) ;
#2241 = CARTESIAN_POINT ( 'NONE',  ( -0.6491643953541998968, -0.2144196670592999898, -3.832123641133999836 ) ) ;
#2242 = B_SPLINE_CURVE_WITH_KNOTS ( 'NONE', 3,
 ( #3355, #4345, #2281, #2303 ),
 .UNSPECIFIED., .F., .F.,
 ( 4, 4 ),
 ( 0.000000000000000000, 1.000000000000000000 ),
 .UNSPECIFIED. ) ;
#2243 = ORIENTED_EDGE ( 'NONE', *, *, #2797, .T. ) ;
#2244 = AXIS2_PLACEMENT_3D ( 'NONE', #3176, #1057, #2055 ) ;
#2245 = CARTESIAN_POINT ( 'NONE',  ( 0.2249323688024000012, -0.6455970742780999805, -5.672013858866000291 ) ) ;
#2246 = CARTESIAN_POINT ( 'NONE',  ( -2.000008392267000001, -5.249276364245999779E-09, 0.9000000000000000222 ) ) ;
#2247 = CARTESIAN_POINT ( 'NONE',  ( -0.5500000000000000444, -0.1796029634390999830, 0.5999999999999999778 ) ) ;
#2248 = CARTESIAN_POINT ( 'NONE',  ( 0.3991733535730022653, -0.5166457556823698116, -4.966385188249800464 ) ) ;
#2249 = CARTESIAN_POINT ( 'NONE',  ( 1.017405383017000231, -0.2842380293183000561, -3.185463858867000120 ) ) ;
#2250 = AXIS2_PLACEMENT_3D ( 'NONE', #77, #330, #689 ) ;
#2251 = VERTEX_POINT ( 'NONE', #759 ) ;
#2252 = DIRECTION ( 'NONE',  ( -0.2436887683625019174, -0.6695293884507048654, -0.7016738431599058856 ) ) ;
#2253 = CARTESIAN_POINT ( 'NONE',  ( 0.000000000000000000, 0.000000000000000000, 0.000000000000000000 ) ) ;
#2254 = VECTOR ( 'NONE', #331, 1000.000000000000000 ) ;
#2255 = EDGE_CURVE ( 'NONE', #851, #3623, #2964, .T. ) ;
#2256 = CARTESIAN_POINT ( 'NONE',  ( -0.8945595713346589095, -0.3971856280894172087, -8.204583333333001605 ) ) ;
#2257 = CARTESIAN_POINT ( 'NONE',  ( 0.6500000000000000222, 0.000000000000000000, 0.6999999999999999556 ) ) ;
#2258 = ORIENTED_EDGE ( 'NONE', *, *, #86, .T. ) ;
#2259 = CARTESIAN_POINT ( 'NONE',  ( 0.7112151001861000132, -0.5073251645380999486, -8.729752242408999052 ) ) ;
#2260 = ADVANCED_FACE ( 'NONE', ( #4491 ), #3881, .T. ) ;
#2261 = DIRECTION ( 'NONE',  ( -0.1736481776669025201, -0.9848077530122130163, 0.000000000000000000 ) ) ;
#2262 = CARTESIAN_POINT ( 'NONE',  ( -0.8476155584293213474, 0.4958873258251193517, -6.315833333334998301 ) ) ;
#2263 = CARTESIAN_POINT ( 'NONE',  ( -0.4199422331111247186, -0.4991435586238922029, -7.097005679264550615 ) ) ;
#2264 = CARTESIAN_POINT ( 'NONE',  ( 0.8830222215595000534, -0.5098131173177999909, 0.8000000000000000444 ) ) ;
#2265 = CARTESIAN_POINT ( 'NONE',  ( 0.2897821651271176857, -0.9372973095249055309, -9.375304634514082025 ) ) ;
#2266 = CARTESIAN_POINT ( 'NONE',  ( 0.6774642188878999827, 0.5534633473357000177, -3.652633786289000373 ) ) ;
#2267 = B_SPLINE_CURVE_WITH_KNOTS ( 'NONE', 3,
 ( #2512, #4239, #1162, #133, #1830, #2167 ),
 .UNSPECIFIED., .F., .F.,
 ( 4, 2, 4 ),
 ( 0.000000000000000000, 0.5000000000000000000, 1.000000000000000000 ),
 .UNSPECIFIED. ) ;
#2268 = ORIENTED_EDGE ( 'NONE', *, *, #3106, .F. ) ;
#2269 = CARTESIAN_POINT ( 'NONE',  ( 0.6048195729743000015, -0.3187216496649000197, -5.592876358866000430 ) ) ;
#2270 = CARTESIAN_POINT ( 'NONE',  ( -0.4958873258251166316, 0.8476155584293232348, -1.071041666666666892 ) ) ;
#2271 = CARTESIAN_POINT ( 'NONE',  ( 0.9499999999999990674, -0.2487094184091952209, -6.619479166668664760 ) ) ;
#2272 = DIRECTION ( 'NONE',  ( -0.6427876096865052791, 0.7660444431190065462, 0.000000000000000000 ) ) ;
#2273 = CARTESIAN_POINT ( 'NONE',  ( -0.2487094184091922233, -0.9499999999999998446, -3.340104166667583030 ) ) ;
#2274 = ORIENTED_EDGE ( 'NONE', *, *, #2457, .T. ) ;
#2275 = LINE ( 'NONE', #2020, #360 ) ;
#2276 = CARTESIAN_POINT ( 'NONE',  ( -1.984582836676000106, -0.3137457033211999979, 0.9000000000000000222 ) ) ;
#2277 = CARTESIAN_POINT ( 'NONE',  ( -0.6361833924131999884, -0.4979592767468999925, -7.865645380377999096 ) ) ;
#2278 = CARTESIAN_POINT ( 'NONE',  ( -2.000000000000000000, -3.677367421670000185E-11, 0.2000000000000000111 ) ) ;
#2279 = ORIENTED_EDGE ( 'NONE', *, *, #1341, .F. ) ;
#2280 = VERTEX_POINT ( 'NONE', #2080 ) ;
#2281 = CARTESIAN_POINT ( 'NONE',  ( -0.1051142602003214133, -0.9456285101004425764, -8.624166666666667425 ) ) ;
#2282 = CARTESIAN_POINT ( 'NONE',  ( -0.2514981645815000388, 0.7141920867132000028, -9.220504356543999691 ) ) ;
#2283 = DIRECTION ( 'NONE',  ( -0.3420201433256990775, -0.9396926207858972147, 0.000000000000000000 ) ) ;
#2284 = CARTESIAN_POINT ( 'NONE',  ( -0.1642621469475999962, -1.043514697813000103, -7.426598641133999479 ) ) ;
#2285 = LOCAL_TIME ( 18, 49, 50.00000000000000000, #721 ) ;
#2286 = EDGE_CURVE ( 'NONE', #3760, #3093, #379, .T. ) ;
#2287 = CARTESIAN_POINT ( 'NONE',  ( 0.3308823805290136422, -0.5627664559386613696, -7.629669819988705193 ) ) ;
#2288 = DIRECTION ( 'NONE',  ( 0.000000000000000000, -1.000000000000000000, 0.000000000000000000 ) ) ;
#2289 = CARTESIAN_POINT ( 'NONE',  ( 0.3254621714600533511, 0.5659663778329058204, -8.733799908048480276 ) ) ;
#2290 = CARTESIAN_POINT ( 'NONE',  ( 0.7147278188205998806, -0.3766399760438000066, -5.668057880377999069 ) ) ;
#2291 = ADVANCED_FACE ( 'NONE', ( #712 ), #4062, .T. ) ;
#2292 = ORIENTED_EDGE ( 'NONE', *, *, #1503, .T. ) ;
#2293 = CARTESIAN_POINT ( 'NONE',  ( 0.000000000000000000, 0.9499999999999999556, -7.088750000002000284 ) ) ;
#2294 = CARTESIAN_POINT ( 'NONE',  ( -0.5009093339410999324, 1.945833246282999918, 1.399999999999999911 ) ) ;
#2295 = CARTESIAN_POINT ( 'NONE',  ( -0.06780128164554627412, 0.6483695722972470099, -3.368428837958745259 ) ) ;
#2296 = CARTESIAN_POINT ( 'NONE',  ( -0.4010397749369998821, 0.5136258953943518835, -5.296129656317114076 ) ) ;
#2297 = LINE ( 'NONE', #3686, #2980 ) ;
#2298 = ORIENTED_EDGE ( 'NONE', *, *, #4242, .F. ) ;
#2299 = CARTESIAN_POINT ( 'NONE',  ( -0.8476155584293225687, -0.4958873258251174088, -2.760416666667666608 ) ) ;
#2300 = CARTESIAN_POINT ( 'NONE',  ( 0.01142670024446999950, 0.6835639226433000148, -8.008148641133999490 ) ) ;
#2301 = CARTESIAN_POINT ( 'NONE',  ( 0.8476155584293235679, 0.4958873258251159100, -5.741666666668330699 ) ) ;
#2302 = ORIENTED_EDGE ( 'NONE', *, *, #3266, .F. ) ;
#2303 = CARTESIAN_POINT ( 'NONE',  ( -0.1569494992392000132, -0.9369454918448999470, -8.630000000000000782 ) ) ;
#2304 = CARTESIAN_POINT ( 'NONE',  ( -0.3900485294334999908, -0.6319324153825999213, -9.645668925873000177 ) ) ;
#2305 = CARTESIAN_POINT ( 'NONE',  ( 1.200034949003000007, -0.06107685245576000010, 1.399999999986999866 ) ) ;
#2306 = CARTESIAN_POINT ( 'NONE',  ( -0.1415886755964000099, 0.7953900966589000365, -6.587629619622000554 ) ) ;
#2307 = CARTESIAN_POINT ( 'NONE',  ( -0.1047737525684999949, -0.6254705851792999871, -8.364999999999998437 ) ) ;
#2308 = CARTESIAN_POINT ( 'NONE',  ( -0.9612005553652638312, -0.09521938051461285857, -5.587500000000333422 ) ) ;
#2309 = CARTESIAN_POINT ( 'NONE',  ( 0.9379074694161998460, 0.4860396653400000377, -2.556598641134999905 ) ) ;
#2310 = EDGE_CURVE ( 'NONE', #3810, #3473, #2427, .T. ) ;
#2311 = CARTESIAN_POINT ( 'NONE',  ( 0.5748554796635000352, 0.7710476080518000597, -3.721163858865999874 ) ) ;
#2312 = ORIENTED_EDGE ( 'NONE', *, *, #375, .T. ) ;
#2313 = CARTESIAN_POINT ( 'NONE',  ( -0.6943875452511000246, -0.3019052156273999699, -8.554926825861999262 ) ) ;
#2314 = B_SPLINE_CURVE_WITH_KNOTS ( 'NONE', 3,
 ( #3608, #1919, #4289, #2218, #1171, #1151, #2559, #3314, #3950, #1491 ),
 .UNSPECIFIED., .F., .F.,
 ( 4, 2, 2, 2, 4 ),
 ( 0.000000000000000000, 0.2500000000000000000, 0.5000000000000000000, 0.7500000000000000000, 1.000000000000000000 ),
 .UNSPECIFIED. ) ;
#2315 = CARTESIAN_POINT ( 'NONE',  ( -0.2487094184091902249, 0.9500000000000005107, -7.723645833335334387 ) ) ;
#2316 = CARTESIAN_POINT ( 'NONE',  ( -0.5625947080631555908, 0.3313253614318163454, -2.607480065496875277 ) ) ;
#2317 = AXIS2_PLACEMENT_3D ( 'NONE', #3154, #2166, #2122 ) ;
#2318 = CC_DESIGN_PERSON_AND_ORGANIZATION_ASSIGNMENT ( #3145, #62, ( #4464 ) ) ;
#2319 = CARTESIAN_POINT ( 'NONE',  ( -0.04173169767245758083, -0.6515733006177645281, -5.042480065496149244 ) ) ;
#2320 = CARTESIAN_POINT ( 'NONE',  ( 0.000000000000000000, 0.9499999999999999556, -5.101250000002000462 ) ) ;
#2321 = AXIS2_PLACEMENT_3D ( 'NONE', #2526, #751, #1351 ) ;
#2322 = EDGE_LOOP ( 'NONE', ( #2373, #2477, #1740, #3804 ) ) ;
#2323 = CARTESIAN_POINT ( 'NONE',  ( 0.9169863282307000318, 0.1666267484295999857, -3.345482880377999901 ) ) ;
#2324 = CARTESIAN_POINT ( 'NONE',  ( 0.3828644805668000028, -0.5663960148544999740, -7.612461141134000187 ) ) ;
#2325 = AXIS2_PLACEMENT_3D ( 'NONE', #9, #1718, #736 ) ;
#2326 = CARTESIAN_POINT ( 'NONE',  ( -0.1945009624567000106, -0.6553106184871000384, -1.080573641134000118 ) ) ;
#2327 = ORIENTED_EDGE ( 'NONE', *, *, #3289, .T. ) ;
#2328 = VERTEX_POINT ( 'NONE', #2831 ) ;
#2329 = CARTESIAN_POINT ( 'NONE',  ( 0.8830222215595000534, 0.5098131173177999909, 0.8000000000000000444 ) ) ;
#2330 = CARTESIAN_POINT ( 'NONE',  ( -0.4270643254459000060, 0.4776698914684999742, -8.611692929313999656 ) ) ;
#2331 = CARTESIAN_POINT ( 'NONE',  ( 0.4899872480965999921, -1.101497281440000142, 1.399999999999999911 ) ) ;
#2332 = CARTESIAN_POINT ( 'NONE',  ( -0.9286502135844000305, 0.08045759008626000852, -7.679782880378000165 ) ) ;
#2333 = CARTESIAN_POINT ( 'NONE',  ( -0.1234554922226672041, -0.6409667851401725791, -7.705764697234996241 ) ) ;
#2334 = CARTESIAN_POINT ( 'NONE',  ( -0.2487094184091920568, -0.9500000000000000666, -4.135104166666750736 ) ) ;
#2335 = CARTESIAN_POINT ( 'NONE',  ( -0.9680349158368000140, 0.4228633167506999913, -2.319186141134999879 ) ) ;
#2336 = CARTESIAN_POINT ( 'NONE',  ( -0.3760545502836999954, -0.8528940088958000265, -5.921242119621999755 ) ) ;
#2337 = EDGE_CURVE ( 'NONE', #1655, #3832, #522, .T. ) ;
#2338 = ORIENTED_EDGE ( 'NONE', *, *, #4399, .F. ) ;
#2339 = CARTESIAN_POINT ( 'NONE',  ( 0.6276540806616999202, -0.1288518957155000144, -8.855860461509999837 ) ) ;
#2340 = LINE ( 'NONE', #291, #3340 ) ;
#2341 = CARTESIAN_POINT ( 'NONE',  ( -0.1235498033054047567, 0.6408411374187683585, -5.346859574481308108 ) ) ;
#2342 = CARTESIAN_POINT ( 'NONE',  ( -0.2500000000000000000, 0.7216878364869999674, 0.8000000000000000444 ) ) ;
#2343 = EDGE_CURVE ( 'NONE', #908, #2686, #3501, .T. ) ;
#2344 = ORIENTED_EDGE ( 'NONE', *, *, #1247, .T. ) ;
#2345 = CARTESIAN_POINT ( 'NONE',  ( -0.2055643809902999997, 1.036169993760999830, -5.070736141133999730 ) ) ;
#2346 = CARTESIAN_POINT ( 'NONE',  ( 0.1713042507097000122, -2.001957142248999677, 0.9000000000464060124 ) ) ;
#2347 = CARTESIAN_POINT ( 'NONE',  ( 0.02968403139721999609, -0.8073482916358999395, -6.441170380377999827 ) ) ;
#2348 = LINE ( 'NONE', #565, #3929 ) ;
#2349 = EDGE_LOOP ( 'NONE', ( #727, #2441, #3710, #4001, #2912, #3132, #4237, #1835, #4392, #4324, #3959, #2523 ) ) ;
#2350 = ORIENTED_EDGE ( 'NONE', *, *, #245, .T. ) ;
#2351 = CARTESIAN_POINT ( 'NONE',  ( 0.000000000000000000, 0.9499999999999999556, -2.981250000000999822 ) ) ;
#2352 = CARTESIAN_POINT ( 'NONE',  ( -0.4394283622564000291, 0.4663208878726999851, -9.271431054134001926 ) ) ;
#2353 = CARTESIAN_POINT ( 'NONE',  ( 0.1745658559400341536, 0.9499999999999996225, -3.133125000000000604 ) ) ;
#2354 = CARTESIAN_POINT ( 'NONE',  ( 0.8074558419609000337, -0.02661796135325999665, -6.112804619621999613 ) ) ;
#2355 = CARTESIAN_POINT ( 'NONE',  ( 0.8476155584293235679, 0.4958873258251159100, -3.091666666667666874 ) ) ;
#2356 = CARTESIAN_POINT ( 'NONE',  ( 0.8476155584293201262, -0.4958873258251215166, -8.634583333332335187 ) ) ;
#2357 = CARTESIAN_POINT ( 'NONE',  ( 0.06682922044009000084, 1.054304374860000060, -3.110561141133999730 ) ) ;
#2358 = AXIS2_PLACEMENT_3D ( 'NONE', #3, #297, #4095 ) ;
#2359 = DIRECTION ( 'NONE',  ( 0.1227878039690051409, 0.6963642403200299702, 0.7071067811865311414 ) ) ;
#2360 = ORIENTED_EDGE ( 'NONE', *, *, #1254, .T. ) ;
#2361 = CARTESIAN_POINT ( 'NONE',  ( -0.5125354018561999458, -0.5573433192230999866, -8.510944284207999644 ) ) ;
#2362 = CARTESIAN_POINT ( 'NONE',  ( -1.063716054273999845, -0.5673514923724999326, 1.399999999999999911 ) ) ;
#2363 = APPLICATION_PROTOCOL_DEFINITION ( 'international standard', 'config_control_design', 1994, #4221 ) ;
#2364 = CARTESIAN_POINT ( 'NONE',  ( -0.4205518100199168718, 0.4988054934166561427, -5.955582520570242622 ) ) ;
#2365 = CARTESIAN_POINT ( 'NONE',  ( 0.000000000000000000, 0.000000000000000000, 0.000000000000000000 ) ) ;
#2366 = FACE_OUTER_BOUND ( 'NONE', #3363, .T. ) ;
#2367 = ORIENTED_EDGE ( 'NONE', *, *, #1279, .T. ) ;
#2368 = CARTESIAN_POINT ( 'NONE',  ( -0.4003739545148000123, 0.9775509298424999161, -3.725398641133999877 ) ) ;
#2369 = CARTESIAN_POINT ( 'NONE',  ( 0.9500000000000008438, 0.2487094184091889204, -5.106770833334751458 ) ) ;
#2370 = CARTESIAN_POINT ( 'NONE',  ( -0.6460317048117000249, 0.4851142034786000146, -6.678582880377999409 ) ) ;
#2371 = LINE ( 'NONE', #2278, #3786 ) ;
#2372 = EDGE_CURVE ( 'NONE', #1000, #4061, #4318, .T. ) ;
#2373 = ORIENTED_EDGE ( 'NONE', *, *, #3622, .T. ) ;
#2374 = ORIENTED_EDGE ( 'NONE', *, *, #976, .T. ) ;
#2375 = CARTESIAN_POINT ( 'NONE',  ( 0.000000000000000000, -0.8660254037843999608, 1.399999999999999911 ) ) ;
#2376 = CARTESIAN_POINT ( 'NONE',  ( -0.7571616331664999811, 0.005306709625258999689, -8.428818606761000254 ) ) ;
#2377 = CARTESIAN_POINT ( 'NONE',  ( 0.3005455997517999522, -1.167499947769999880, 1.399999999999999911 ) ) ;
#2378 = CARTESIAN_POINT ( 'NONE',  ( 0.2507457956435000246, -0.7679969421412999875, -6.904179619621999997 ) ) ;
#2379 = ADVANCED_FACE ( 'NONE', ( #33 ), #2994, .T. ) ;
#2380 = LINE ( 'NONE', #2723, #2177 ) ;
#2381 = CARTESIAN_POINT ( 'NONE',  ( 0.7535202509223448697, 0.3811817425690953165, -3.672000323666841481 ) ) ;
#2382 = CARTESIAN_POINT ( 'NONE',  ( -0.8791725917321000505, -0.3097096820097000047, -2.334957880379000095 ) ) ;
#2383 = CARTESIAN_POINT ( 'NONE',  ( -0.8570390356967999557, 0.6175670560857998703, -5.541326358866000668 ) ) ;
#2384 = ORIENTED_EDGE ( 'NONE', *, *, #2286, .F. ) ;
#2385 = CARTESIAN_POINT ( 'NONE',  ( 0.5216323074121000936, -0.3720916444504999698, -8.899843003164999544 ) ) ;
#2386 = CARTESIAN_POINT ( 'NONE',  ( 0.3005456003645999852, -1.167499947769999880, 1.399999999999999911 ) ) ;
#2387 = PERSON_AND_ORGANIZATION_ROLE ( 'design_owner' ) ;
#2388 = FACE_OUTER_BOUND ( 'NONE', #718, .T. ) ;
#2389 = CARTESIAN_POINT ( 'NONE',  ( 0.000000000000000000, -0.9499999999999999556, -1.060000000000000053 ) ) ;
#2390 = CARTESIAN_POINT ( 'NONE',  ( -0.8830222215595000534, 0.5098131173177999909, 1.399999999999999911 ) ) ;
#2391 = ORIENTED_EDGE ( 'NONE', *, *, #4092, .T. ) ;
#2392 = CARTESIAN_POINT ( 'NONE',  ( -0.4478912372371999795, -0.8174710383223000587, -3.582895380377999928 ) ) ;
#2393 = FACE_OUTER_BOUND ( 'NONE', #3731, .T. ) ;
#2394 = CARTESIAN_POINT ( 'NONE',  ( 0.9084590821073000866, -0.2087262051039000255, -7.723142119622000479 ) ) ;
#2395 = CARTESIAN_POINT ( 'NONE',  ( 0.7919047038140999417, 0.1599365413514000078, -2.283407880378999888 ) ) ;
#2396 = AXIS2_PLACEMENT_3D ( 'NONE', #1836, #3630, #1557 ) ;
#2397 = ORIENTED_EDGE ( 'NONE', *, *, #4263, .F. ) ;
#2398 = CARTESIAN_POINT ( 'NONE',  ( 0.000000000000000000, -0.9499999999999999556, -3.312500000001000089 ) ) ;
#2399 = EDGE_CURVE ( 'NONE', #630, #30, #860, .T. ) ;
#2400 = CARTESIAN_POINT ( 'NONE',  ( -0.8885449153887000628, -0.3361367777213000174, -9.402491419469999556 ) ) ;
#2401 = CARTESIAN_POINT ( 'NONE',  ( 0.1761725676163363452, -0.6273971759123264658, -1.694341538540937719 ) ) ;
#2402 = DIRECTION ( 'NONE',  ( 1.444710972375994881E-10, 0.7071015366340984709, 0.7071120257000984566 ) ) ;
#2403 = CARTESIAN_POINT ( 'NONE',  ( -0.8033202475139000764, -0.08584480190476000139, -6.429354619621999944 ) ) ;
#2404 = VECTOR ( 'NONE', #1426, 1000.000000000000000 ) ;
#2405 = CARTESIAN_POINT ( 'NONE',  ( -0.6802191197902435205, 0.5004454706969712063, -5.753035905398855121 ) ) ;
#2406 = EDGE_CURVE ( 'NONE', #3579, #3821, #2230, .T. ) ;
#2407 = CARTESIAN_POINT ( 'NONE',  ( -0.04603985398743999646, -0.9699156448525000362, -8.077730808872999546 ) ) ;
#2408 = CARTESIAN_POINT ( 'NONE',  ( -0.9106433183645998852, -0.5354928629502999637, -0.8947111411342001386 ) ) ;
#2409 = VECTOR ( 'NONE', #1721, 1000.000000000000000 ) ;
#2410 = CARTESIAN_POINT ( 'NONE',  ( 0.7500000000000000000, 0.1443375672973999935, 1.399999999999999911 ) ) ;
#2411 = ORIENTED_EDGE ( 'NONE', *, *, #4181, .T. ) ;
#2412 = CARTESIAN_POINT ( 'NONE',  ( -0.5906748736999000160, 0.2483055568856000206, -9.207720794747000781 ) ) ;
#2413 = CARTESIAN_POINT ( 'NONE',  ( -0.8090675227547999837, -1.839181029855999849, 1.399999999999999911 ) ) ;
#2414 = CARTESIAN_POINT ( 'NONE',  ( -0.9500000000000003997, -0.2487094184091911409, -5.438020833335333037 ) ) ;
#2415 = FACE_OUTER_BOUND ( 'NONE', #1348, .T. ) ;
#2416 = DIRECTION ( 'NONE',  ( 0.000000000000000000, 0.000000000000000000, -1.000000000000000000 ) ) ;
#2417 = B_SPLINE_CURVE_WITH_KNOTS ( 'NONE', 3,
 ( #1216, #2608, #2270, #1612, #4293, #4357, #3637, #1176, #3612, #490 ),
 .UNSPECIFIED., .F., .F.,
 ( 4, 2, 2, 2, 4 ),
 ( 0.000000000000000000, 0.2500000000000000000, 0.5000000000000000000, 0.7500000000000000000, 1.000000000000000000 ),
 .UNSPECIFIED. ) ;
#2418 = ORIENTED_EDGE ( 'NONE', *, *, #781, .T. ) ;
#2419 = CARTESIAN_POINT ( 'NONE',  ( -1.044073261208000147, 0.1606736072124000103, -4.279361141134000235 ) ) ;
#2420 = DIRECTION ( 'NONE',  ( 0.3420201433256990775, 0.9396926207858972147, 0.000000000000000000 ) ) ;
#2421 = CARTESIAN_POINT ( 'NONE',  ( -0.1449438928776000113, -0.9207908540514999629, -7.881417119621999312 ) ) ;
#2422 = CARTESIAN_POINT ( 'NONE',  ( 0.6069961464216999669, 0.3145557674821000127, -2.821598641135000030 ) ) ;
#2423 = ORIENTED_EDGE ( 'NONE', *, *, #1063, .F. ) ;
#2424 = CARTESIAN_POINT ( 'NONE',  ( -0.4958873258251185745, -0.8476155584293220135, -4.030208333333335169 ) ) ;
#2425 = LINE ( 'NONE', #638, #4213 ) ;
#2426 = B_SPLINE_SURFACE_WITH_KNOTS ( 'NONE', 3, 3, ( 
 ( #4243, #2407, #3794, #2060, #669, #1576, #2877, #3224, #2555, #4284, #2214, #3648, #503, #119, #1487, #3286, #782, #1146, #2896, #4262, #2535, #138, #1892, #2193, #3924, #864, #3904, #160, #2170, #3563, #1531, #1185, #1166, #442, #2918 ),
 ( #1833, #523, #805, #3986, #3964, #482, #3945, #4302, #99, #844, #1551, #2940, #2576, #3584, #2259, #825, #2961, #461, #3604, #3265, #183, #1853, #1206, #3624, #3244, #1506, #1872, #2234, #2597, #4325, #1912, #3309, #1126, #2516, #639 ),
 ( #1602, #1935, #1275, #3010, #934, #2376, #3740, #3356, #206, #2004, #4011, #4369, #1624, #2987, #1253, #3378, #615, #910, #2647, #4103, #2623, #3400, #887, #2282, #252, #4417, #4395, #3672, #1647, #4030, #3718, #547, #3762, #2304, #2720 ),
 ( #3061, #3693, #3331, #303, #569, #1959, #4442, #2330, #1326, #592, #2669, #3033, #230, #986, #4052, #1982, #1302, #4346, #2696, #2030, #1695, #4078, #2352, #959, #276, #1231, #1669, #3428, #665, #772, #2866, #3575, #3192, #2886, #1137 ) ),
 .UNSPECIFIED., .F., .F., .F.,
 ( 4, 4 ),
 ( 4, 1, 1, 1, 1, 1, 1, 1, 1, 1, 1, 1, 1, 1, 1, 1, 1, 1, 1, 1, 1, 1, 1, 1, 1, 1, 1, 1, 1, 1, 1, 1, 4 ),
 ( -0.03722210892778000241, 1.037222108927999820 ),
 ( -0.01111547411895000108, 0.006947171324433999880, 0.02500981676781999924, 0.04307246221120000079, 0.06113510765459000129, 0.07919775309796998897, 0.09726039854135999640, 0.1153230439847000022, 0.1333856894281000016, 0.1514483348715000011, 0.1695109803149000005, 0.1875736257583000000, 0.2056362712016999994, 0.2236989166450999988, 0.2417615620884000227, 0.2598242075317999666, 0.2778868529751999938, 0.2959494984185999655, 0.3140121438620000482, 0.3320747893053999644, 0.3501374347487000160, 0.3682000801920999877, 0.3862627256354999594, 0.4043253710788999866, 0.4223880165222999583, 0.4404506619657000410, 0.4585133074090999572, 0.4765759528524000088, 0.4946385982957999805, 0.5127012437392000077, 0.5307638891826000904, 0.5488265346260000621, 0.5668891800694000338 ),
 .UNSPECIFIED. ) ;
#2427 = LINE ( 'NONE', #737, #3993 ) ;
#2428 = CARTESIAN_POINT ( 'NONE',  ( 0.2121870186843000106, -0.6498971641512000241, -6.999088858866000074 ) ) ;
#2429 = CARTESIAN_POINT ( 'NONE',  ( -0.9499999999999997335, 0.2487094184091930837, -2.975729166667082648 ) ) ;
#2430 = CARTESIAN_POINT ( 'NONE',  ( 1.905129515670999973, 0.6385160154361001483, 0.9000000000464060124 ) ) ;
#2431 = CARTESIAN_POINT ( 'NONE',  ( -0.5913469903811999773, 0.7205233876604999477, -3.126332880377999945 ) ) ;
#2432 = CARTESIAN_POINT ( 'NONE',  ( 0.9424862305221108905, -0.2006943374680311420, -3.301666666666666305 ) ) ;
#2433 = EDGE_CURVE ( 'NONE', #741, #3886, #3920, .T. ) ;
#2434 = ORIENTED_EDGE ( 'NONE', *, *, #526, .F. ) ;
#2435 = VECTOR ( 'NONE', #3399, 1000.000000000000227 ) ;
#2436 = CARTESIAN_POINT ( 'NONE',  ( -0.8735951967301999188, 0.006122756140832999808, -8.693818606760999046 ) ) ;
#2437 = CARTESIAN_POINT ( 'NONE',  ( 0.000000000000000000, 0.9499999999999999556, -7.618750000001999645 ) ) ;
#2438 = CARTESIAN_POINT ( 'NONE',  ( 0.8476155584293235679, 0.4958873258251159100, -1.766666666666999452 ) ) ;
#2439 = CARTESIAN_POINT ( 'NONE',  ( 0.4958873258251204619, 0.8476155584293210143, -1.181458333333500477 ) ) ;
#2440 = EDGE_CURVE ( 'NONE', #3093, #158, #3560, .T. ) ;
#2441 = ORIENTED_EDGE ( 'NONE', *, *, #1190, .F. ) ;
#2442 = CARTESIAN_POINT ( 'NONE',  ( -0.5770537484648000648, 0.7320338138045999754, -4.453407880378000172 ) ) ;
#2443 = CARTESIAN_POINT ( 'NONE',  ( -1.983024113847931869, -0.3201170782740532794, 0.9000000000464060124 ) ) ;
#2444 = CARTESIAN_POINT ( 'NONE',  ( -0.5625688058018000204, 0.7430644239846999621, -6.140392119622000600 ) ) ;
#2445 = CARTESIAN_POINT ( 'NONE',  ( 0.3560699419405999877, -0.5836128086328999931, -2.979873641135000195 ) ) ;
#2446 = ORIENTED_EDGE ( 'NONE', *, *, #3155, .F. ) ;
#2447 = ORIENTED_EDGE ( 'NONE', *, *, #3525, .F. ) ;
#2448 = LINE ( 'NONE', #3110, #572 ) ;
#2449 = FACE_OUTER_BOUND ( 'NONE', #1107, .T. ) ;
#2450 = CARTESIAN_POINT ( 'NONE',  ( -0.6132059566506999904, 0.1067594046733000013, -5.891163858865999359 ) ) ;
#2451 = CARTESIAN_POINT ( 'NONE',  ( 0.4958873258251204619, 0.8476155584293211254, -3.036458333334333570 ) ) ;
#2452 = CARTESIAN_POINT ( 'NONE',  ( 0.4928804744893999223, 1.947882445383999794, 0.9000000000464060124 ) ) ;
#2453 = CARTESIAN_POINT ( 'NONE',  ( -0.7403410155676000137, 0.3234005842639000039, -2.509004619623000032 ) ) ;
#2454 = CARTESIAN_POINT ( 'NONE',  ( 0.8477307243209000198, 0.4287803855615999749, -3.229999999999999982 ) ) ;
#2455 = ORIENTED_EDGE ( 'NONE', *, *, #2337, .T. ) ;
#2456 = CARTESIAN_POINT ( 'NONE',  ( -0.4500287744107999699, -0.7291086850606000036, -9.910668925873000745 ) ) ;
#2457 = EDGE_CURVE ( 'NONE', #566, #3443, #3520, .T. ) ;
#2458 = CARTESIAN_POINT ( 'NONE',  ( 1.200866562753000188, -0.04992904096568000216, 1.399999999999999911 ) ) ;
#2459 = PERSON_AND_ORGANIZATION ( #18446744073709551615, #18446744073709551615 ) ;
#2460 = CARTESIAN_POINT ( 'NONE',  ( 0.4958873258251204619, 0.8476155584293211254, -1.711458333333500281 ) ) ;
#2461 = DIRECTION ( 'NONE',  ( 0.000000000000000000, 0.000000000000000000, -1.000000000000000000 ) ) ;
#2462 = ORIENTED_EDGE ( 'NONE', *, *, #4365, .F. ) ;
#2463 = CARTESIAN_POINT ( 'NONE',  ( 0.06696653885119999150, 0.8051138055287999640, -4.627454619622000109 ) ) ;
#2464 = EDGE_CURVE ( 'NONE', #170, #908, #2532, .T. ) ;
#2465 = CARTESIAN_POINT ( 'NONE',  ( 0.1630467396443000261, 2.002646575511000115, 0.9000000000000000222 ) ) ;
#2466 = CARTESIAN_POINT ( 'NONE',  ( -0.4451267675192999707, -0.9580016407511000587, -7.343226358865999615 ) ) ;
#2467 = CARTESIAN_POINT ( 'NONE',  ( -0.5273140400396000294, 0.7686386420592999924, -1.507804619622000075 ) ) ;
#2468 = ORIENTED_EDGE ( 'NONE', *, *, #952, .T. ) ;
#2469 = CARTESIAN_POINT ( 'NONE',  ( 1.800000000019380098, -1.054415587703026791, 2.848021097452025157E-17 ) ) ;
#2470 = CARTESIAN_POINT ( 'NONE',  ( -1.190215632286000025, 0.1887711916719000127, 1.400000000007000089 ) ) ;
#2471 = CARTESIAN_POINT ( 'NONE',  ( -0.8476155584293213474, 0.4958873258251194627, -8.170833333335334459 ) ) ;
#2472 = CARTESIAN_POINT ( 'NONE',  ( 0.5150632772131000792, 0.4495431943613000247, -6.128576358865999829 ) ) ;
#2473 = VECTOR ( 'NONE', #3320, 1000.000000000000000 ) ;
#2474 = CARTESIAN_POINT ( 'NONE',  ( 0.1630467396443000261, 2.002646575511000115, 0.9000000000464060124 ) ) ;
#2475 = CARTESIAN_POINT ( 'NONE',  ( 0.05111015328144000169, 0.8063188205628000205, -3.300379619621999883 ) ) ;
#2476 = AXIS2_PLACEMENT_3D ( 'NONE', #1508, #1232, #3649 ) ;
#2477 = ORIENTED_EDGE ( 'NONE', *, *, #3488, .T. ) ;
#2478 = AXIS2_PLACEMENT_3D ( 'NONE', #197, #1615, #2683 ) ;
#2479 = CARTESIAN_POINT ( 'NONE',  ( -0.2049012788553999931, -0.7289253246700999611, -9.786437992192000834 ) ) ;
#2480 = CARTESIAN_POINT ( 'NONE',  ( 1.985859845031000104, -0.3055586324673000287, 0.9000000000000000222 ) ) ;
#2481 = CARTESIAN_POINT ( 'NONE',  ( 0.000000000000000000, -0.9499999999999999556, -6.095000000000999840 ) ) ;
#2482 = CARTESIAN_POINT ( 'NONE',  ( 0.2500000000000000000, 0.7216878364869999674, 0.8000000000000000444 ) ) ;
#2483 = ORIENTED_EDGE ( 'NONE', *, *, #1766, .F. ) ;
#2484 = CARTESIAN_POINT ( 'NONE',  ( -0.7671310140739000527, -0.2533841624798000014, -3.756942119621999865 ) ) ;
#2485 = FACE_BOUND ( 'NONE', #2933, .T. ) ;
#2486 = CARTESIAN_POINT ( 'NONE',  ( -0.6454065577075671634, -0.09862160030238023567, -1.871896252116080239 ) ) ;
#2487 = CARTESIAN_POINT ( 'NONE',  ( 0.9316234661268000261, -0.03071117469014999699, -6.377804619622000182 ) ) ;
#2488 = CARTESIAN_POINT ( 'NONE',  ( -0.1626581362851000079, -0.7913499456171999569, -3.153920380379000132 ) ) ;
#2489 = EDGE_CURVE ( 'NONE', #2906, #2788, #1072, .T. ) ;
#2490 = EDGE_LOOP ( 'NONE', ( #2012, #925, #1932, #3169, #311 ) ) ;
#2491 = LINE ( 'NONE', #1079, #3699 ) ;
#2492 = CARTESIAN_POINT ( 'NONE',  ( 0.000000000000000000, 0.000000000000000000, 0.000000000000000000 ) ) ;
#2493 = CARTESIAN_POINT ( 'NONE',  ( -0.6773721942318728928, 0.6823899046029091586, -5.681458333333333499 ) ) ;
#2494 = CARTESIAN_POINT ( 'NONE',  ( 0.3828644805668000028, -0.5663960148544999740, -7.632188858865999848 ) ) ;
#2495 = ADVANCED_FACE ( 'NONE', ( #498 ), #58, .F. ) ;
#2496 = DIRECTION ( 'NONE',  ( 0.000000000000000000, 0.000000000000000000, -1.000000000000000000 ) ) ;
#2497 = CARTESIAN_POINT ( 'NONE',  ( 0.6882166012319000936, -0.4231437899436000238, -2.192454619623000145 ) ) ;
#2498 = PRODUCT_DEFINITION_SHAPE ( 'NONE', 'NONE',  #982 ) ;
#2499 = EDGE_LOOP ( 'NONE', ( #1414, #2054, #3701, #3716 ) ) ;
#2500 = CARTESIAN_POINT ( 'NONE',  ( -0.2927819354794000128, -0.9457713399203000471, -9.316518345860000494 ) ) ;
#2501 = CARTESIAN_POINT ( 'NONE',  ( 0.000000000000000000, -0.9499999999999999556, -7.950000000002000355 ) ) ;
#2502 = CARTESIAN_POINT ( 'NONE',  ( 0.6797912390346000366, -0.4366304610238000428, -3.689620380378000331 ) ) ;
#2503 = ORIENTED_EDGE ( 'NONE', *, *, #2894, .T. ) ;
#2504 = CARTESIAN_POINT ( 'NONE',  ( 0.7795750326087000914, 0.2120263527520999947, -5.418829619622000493 ) ) ;
#2505 = CARTESIAN_POINT ( 'NONE',  ( 0.2957282846936000187, 1.168729467229999930, 1.399999999999999911 ) ) ;
#2506 = CARTESIAN_POINT ( 'NONE',  ( 0.3317762903475023339, -0.5616203562362902524, -2.328465515593817425 ) ) ;
#2507 = CARTESIAN_POINT ( 'NONE',  ( 0.06969495569905212462, 0.6479521594304542553, -4.053246661294168440 ) ) ;
#2508 = LOCAL_TIME ( 18, 49, 50.00000000000000000, #788 ) ;
#2509 = CARTESIAN_POINT ( 'NONE',  ( 0.06682922044009000084, 1.054304374860000060, -3.660288858865999639 ) ) ;
#2510 = ORIENTED_EDGE ( 'NONE', *, *, #1368, .F. ) ;
#2511 = CARTESIAN_POINT ( 'NONE',  ( 1.054415587752654426, -1.799999999990308908, 2.848021097452025157E-17 ) ) ;
#2512 = CARTESIAN_POINT ( 'NONE',  ( 0.000000000000000000, 0.9499999999999999556, -3.643749999999999822 ) ) ;
#2513 = ADVANCED_FACE ( 'NONE', ( #3193 ), #1163, .T. ) ;
#2514 = CARTESIAN_POINT ( 'NONE',  ( 1.933333333332951653, 8.104612415160998748E-15, -4.146303308238574003E-14 ) ) ;
#2515 = CARTESIAN_POINT ( 'NONE',  ( -0.3004408127436000164, 0.6141050178169999985, -7.315638858866000405 ) ) ;
#2516 = CARTESIAN_POINT ( 'NONE',  ( -0.4500287744107999699, -0.7291086850606000036, -9.550759686628998324 ) ) ;
#2517 = EDGE_CURVE ( 'NONE', #3738, #40, #2567, .T. ) ;
#2518 = CARTESIAN_POINT ( 'NONE',  ( 0.7780989323668999758, -0.2173816954799999979, -2.825554619622999475 ) ) ;
#2519 = ORIENTED_EDGE ( 'NONE', *, *, #1069, .T. ) ;
#2520 = CARTESIAN_POINT ( 'NONE',  ( -0.6598836304285999876, 0.7380774355234999140, -8.876692929313998448 ) ) ;
#2521 = CARTESIAN_POINT ( 'NONE',  ( 1.372163138867999788, -1.467768844522000071, 0.9000000000000000222 ) ) ;
#2522 = CARTESIAN_POINT ( 'NONE',  ( -0.1507961534660000047, -0.6668209467422999692, -4.386086141134000194 ) ) ;
#2523 = ORIENTED_EDGE ( 'NONE', *, *, #3856, .F. ) ;
#2524 = CARTESIAN_POINT ( 'NONE',  ( -0.7599887656438000239, 0.2737379205787999759, -5.814517119622000685 ) ) ;
#2525 = CARTESIAN_POINT ( 'NONE',  ( 0.3569290251270206271, -0.6176233830713390160, -9.663381159376390528 ) ) ;
#2526 = CARTESIAN_POINT ( 'NONE',  ( 0.000000000000000000, 0.000000000000000000, 0.000000000000000000 ) ) ;
#2527 = CARTESIAN_POINT ( 'NONE',  ( 0.5659140652583999342, 0.2862381227135000206, -3.494999999999999662 ) ) ;
#2528 = CARTESIAN_POINT ( 'NONE',  ( 0.6146169357070999650, 0.8591571481212000316, -2.394088858867000180 ) ) ;
#2529 = EDGE_LOOP ( 'NONE', ( #1033, #1200, #623, #533, #501 ) ) ;
#2530 = DIRECTION ( 'NONE',  ( 0.1736481776669025201, 0.9848077530122130163, 0.000000000000000000 ) ) ;
#2531 = CARTESIAN_POINT ( 'NONE',  ( -0.2500000000000000000, -0.7216878364869999674, 0.8000000000000000444 ) ) ;
#2532 = LINE ( 'NONE', #802, #2769 ) ;
#2533 = DIRECTION ( 'NONE',  ( 0.000000000000000000, 0.000000000000000000, 1.000000000000000000 ) ) ;
#2534 = ADVANCED_FACE ( 'NONE', ( #4254 ), #3235, .F. ) ;
#2535 = CARTESIAN_POINT ( 'NONE',  ( -0.9898706725876000867, -0.01899317536993999633, -8.898738253092998818 ) ) ;
#2536 = CARTESIAN_POINT ( 'NONE',  ( -0.8255173659796766206, 0.3952171498414578377, -9.448655181881731480 ) ) ;
#2537 = EDGE_CURVE ( 'NONE', #4101, #3567, #1278, .T. ) ;
#2538 = VERTEX_POINT ( 'NONE', #1116 ) ;
#2539 = DIRECTION ( 'NONE',  ( -1.000000000000000000, 0.000000000000000000, 0.000000000000000000 ) ) ;
#2540 = CARTESIAN_POINT ( 'NONE',  ( -0.1047737525684999949, -0.6254705851792999871, -8.364999999999998437 ) ) ;
#2541 = AXIS2_PLACEMENT_3D ( 'NONE', #1769, #1105, #80 ) ;
#2542 = CARTESIAN_POINT ( 'NONE',  ( -0.3881958851613999673, -0.7085177537137999915, -3.847895380378000052 ) ) ;
#2543 = VECTOR ( 'NONE', #4418, 1000.000000000000000 ) ;
#2544 = ORIENTED_EDGE ( 'NONE', *, *, #63, .T. ) ;
#2545 = CARTESIAN_POINT ( 'NONE',  ( -0.5000000000000000000, 0.5773502691895999739, 1.399999999999999911 ) ) ;
#2546 = CARTESIAN_POINT ( 'NONE',  ( 1.772860090457000215, 0.9455858206207998773, 0.9000000000000000222 ) ) ;
#2547 = CARTESIAN_POINT ( 'NONE',  ( 0.000000000000000000, -0.9499999999999999556, -0.7950000000000000400 ) ) ;
#2548 = CARTESIAN_POINT ( 'NONE',  ( -0.6526126101020176540, -0.01655310438822480551, -4.535180883853988654 ) ) ;
#2549 = CARTESIAN_POINT ( 'NONE',  ( 0.9136809304861999159, 0.1845310012894999796, -2.378317119622999964 ) ) ;
#2550 = EDGE_LOOP ( 'NONE', ( #2292, #4474, #2694, #539 ) ) ;
#2551 = CARTESIAN_POINT ( 'NONE',  ( 1.171572875280596060, -1.999999999988985033, 0.06666666666662679486 ) ) ;
#2552 = CARTESIAN_POINT ( 'NONE',  ( 0.1194592710668000018, -0.5661154538010000348, 0.5999999999999999778 ) ) ;
#2553 = CARTESIAN_POINT ( 'NONE',  ( -0.9662572085842474623, -0.1560136426284936817, -8.230729166666247210 ) ) ;
#2554 = DIRECTION ( 'NONE',  ( -0.4579850747972859515, -0.5458053582442828899, -0.7016738431598789072 ) ) ;
#2555 = CARTESIAN_POINT ( 'NONE',  ( -0.3042762066619000283, 0.9421362308606999747, -8.370947753236999134 ) ) ;
#2556 = CARTESIAN_POINT ( 'NONE',  ( -0.1351444596163767498, 0.8484406400093953415, -9.504051696775666969 ) ) ;
#2557 = CARTESIAN_POINT ( 'NONE',  ( -0.9789215765733001451, -0.3970107426230000125, -6.872636141133999566 ) ) ;
#2558 = PLANE ( 'NONE',  #1085 ) ;
#2559 = CARTESIAN_POINT ( 'NONE',  ( -0.8476155584293213474, 0.4958873258251194627, -4.858333333334000415 ) ) ;
#2560 = EDGE_CURVE ( 'NONE', #612, #1763, #248, .T. ) ;
#2561 = CARTESIAN_POINT ( 'NONE',  ( 0.5871711707035000005, 0.4796972482621000289, -3.557724547044999852 ) ) ;
#2562 = ORIENTED_EDGE ( 'NONE', *, *, #1871, .T. ) ;
#2563 = CARTESIAN_POINT ( 'NONE',  ( -0.2500000000000000000, 0.7216878364869999674, 1.399999999999999911 ) ) ;
#2564 = CARTESIAN_POINT ( 'NONE',  ( -1.596559995877999905, 1.219907909123999934, 1.399999999999999911 ) ) ;
#2565 = CARTESIAN_POINT ( 'NONE',  ( -0.6280306885903667036, 0.1751669967331292987, -3.241604042549020903 ) ) ;
#2566 = ADVANCED_FACE ( 'NONE', ( #2610 ), #3999, .T. ) ;
#2567 = LINE ( 'NONE', #4316, #3860 ) ;
#2568 = CARTESIAN_POINT ( 'NONE',  ( -0.9963495155819999116, -0.3509880705373999987, -2.789776358866999928 ) ) ;
#2569 = ORIENTED_EDGE ( 'NONE', *, *, #1069, .F. ) ;
#2570 = DIRECTION ( 'NONE',  ( -0.9848077530122130163, 0.1736481776669025201, 0.000000000000000000 ) ) ;
#2571 = VECTOR ( 'NONE', #1155, 1000.000000000000000 ) ;
#2572 = CARTESIAN_POINT ( 'NONE',  ( 0.4958873258251204619, 0.8476155584293210143, -1.843958333334333899 ) ) ;
#2573 = CARTESIAN_POINT ( 'NONE',  ( 0.000000000000000000, 0.9499999999999999556, -4.438750000000999840 ) ) ;
#2574 = DIRECTION ( 'NONE',  ( 0.000000000000000000, 0.000000000000000000, -1.000000000000000000 ) ) ;
#2575 = ORIENTED_EDGE ( 'NONE', *, *, #559, .F. ) ;
#2576 = CARTESIAN_POINT ( 'NONE',  ( 0.8535669831659999929, 0.1860890823896000079, -8.641787159098999638 ) ) ;
#2577 = CARTESIAN_POINT ( 'NONE',  ( 0.9499999999999991784, -0.2487094184091953319, -8.474479166667499896 ) ) ;
#2578 = CARTESIAN_POINT ( 'NONE',  ( 0.000000000000000000, 0.9499999999999999556, -6.426250000001999751 ) ) ;
#2579 = CARTESIAN_POINT ( 'NONE',  ( 0.1504254331484701224, 0.6340950297662825141, -6.716531293032995897 ) ) ;
#2580 = CARTESIAN_POINT ( 'NONE',  ( 0.000000000000000000, 0.000000000000000000, 0.000000000000000000 ) ) ;
#2581 = CARTESIAN_POINT ( 'NONE',  ( -0.2168525642048614865, 0.6158072190955086178, -9.305572949559380191 ) ) ;
#2582 = CARTESIAN_POINT ( 'NONE',  ( -0.6677624800435999486, -0.4547373169612000110, -4.560132880377999243 ) ) ;
#2583 = ADVANCED_FACE ( 'NONE', ( #240 ), #4431, .T. ) ;
#2584 = ORIENTED_EDGE ( 'NONE', *, *, #553, .T. ) ;
#2585 = DIRECTION ( 'NONE',  ( 0.000000000000000000, 0.000000000000000000, 1.000000000000000000 ) ) ;
#2586 = B_SPLINE_CURVE_WITH_KNOTS ( 'NONE', 3,
 ( #3282, #841, #2914, #3198, #4299, #1182, #2146, #2572, #757, #3961 ),
 .UNSPECIFIED., .F., .F.,
 ( 4, 2, 2, 2, 4 ),
 ( 0.000000000000000000, 0.2500000000000000555, 0.5000000000000001110, 0.7500000000000000000, 1.000000000000000000 ),
 .UNSPECIFIED. ) ;
#2587 = CARTESIAN_POINT ( 'NONE',  ( -0.1713042507097000122, 2.001957142248999677, 0.9000000000000000222 ) ) ;
#2588 = CYLINDRICAL_SURFACE ( 'NONE', #436, 2.000000000000000000 ) ;
#2589 = CARTESIAN_POINT ( 'NONE',  ( 0.3793076140177414901, -0.5314146956250238585, -4.306896252115128831 ) ) ;
#2590 = CARTESIAN_POINT ( 'NONE',  ( 0.3127304140837000035, 0.8781026270272999090, -2.932279619622999878 ) ) ;
#2591 = EDGE_LOOP ( 'NONE', ( #176, #286, #3779, #4297 ) ) ;
#2592 = CARTESIAN_POINT ( 'NONE',  ( -0.9499999999999997335, 0.2487094184091931393, -2.843229166667667229 ) ) ;
#2593 = CARTESIAN_POINT ( 'NONE',  ( -0.09782804378656000110, -1.201587945305999883, 1.399999999999999911 ) ) ;
#2594 = DIRECTION ( 'NONE',  ( 0.9848077530122130163, -0.1736481776669025201, 0.000000000000000000 ) ) ;
#2595 = CARTESIAN_POINT ( 'NONE',  ( 0.2487094184091881710, -0.9500000000000009548, -4.609895833333334636 ) ) ;
#2596 = B_SPLINE_CURVE_WITH_KNOTS ( 'NONE', 3,
 ( #655, #1777, #1071, #3803, #3778, #1049, #2755, #45, #1090, #678 ),
 .UNSPECIFIED., .F., .F.,
 ( 4, 2, 2, 2, 4 ),
 ( 0.000000000000000000, 0.2500000000000000000, 0.5000000000000000000, 0.7500000000000000000, 1.000000000000000000 ),
 .UNSPECIFIED. ) ;
#2597 = CARTESIAN_POINT ( 'NONE',  ( 0.8600772286563999058, -0.1532084473316999984, -9.345507825573999838 ) ) ;
#2598 = CARTESIAN_POINT ( 'NONE',  ( -0.1376451593713999833, -0.6696590276438999512, -3.078738858867000161 ) ) ;
#2599 = CARTESIAN_POINT ( 'NONE',  ( 0.9500000000000007327, 0.2487094184091886984, -7.889270833334500743 ) ) ;
#2600 = CARTESIAN_POINT ( 'NONE',  ( 0.1813498449111398125, -0.6259073804068338021, -7.655034779070803985 ) ) ;
#2601 = CARTESIAN_POINT ( 'NONE',  ( 0.2500000000000000000, -0.7216878364869999674, 1.399999999999999911 ) ) ;
#2602 = CARTESIAN_POINT ( 'NONE',  ( -0.4477469903100518844, 0.4751486066843566003, -9.261590407904481737 ) ) ;
#2603 = AXIS2_PLACEMENT_3D ( 'NONE', #1611, #4292, #1215 ) ;
#2604 = CARTESIAN_POINT ( 'NONE',  ( 0.07726440976330999078, 0.9289212798457999742, -4.892454619622000678 ) ) ;
#2605 = ORIENTED_EDGE ( 'NONE', *, *, #2457, .F. ) ;
#2606 = AXIS2_PLACEMENT_3D ( 'NONE', #1652, #1674, #3335 ) ;
#2607 = CARTESIAN_POINT ( 'NONE',  ( -0.6757046582962999981, 0.1039849490379999991, -4.564088858866000464 ) ) ;
#2608 = CARTESIAN_POINT ( 'NONE',  ( -0.2487094184091902249, 0.9500000000000005107, -1.098645833333333321 ) ) ;
#2609 = CARTESIAN_POINT ( 'NONE',  ( 0.3527825204226444633, -0.5489342030924471150, -2.987954451728319416 ) ) ;
#2610 = FACE_OUTER_BOUND ( 'NONE', #4355, .T. ) ;
#2611 = CARTESIAN_POINT ( 'NONE',  ( 0.7500000000000000000, 0.4330127018921999804, 1.399999999999999911 ) ) ;
#2612 = VECTOR ( 'NONE', #4468, 1000.000000000000114 ) ;
#2613 = VERTEX_POINT ( 'NONE', #2709 ) ;
#2614 = CARTESIAN_POINT ( 'NONE',  ( 0.000000000000000000, 0.000000000000000000, 0.000000000000000000 ) ) ;
#2615 = CARTESIAN_POINT ( 'NONE',  ( -0.2957282846936000187, -1.168729467229999930, 1.399999999999999911 ) ) ;
#2616 = VECTOR ( 'NONE', #3966, 1000.000000000000000 ) ;
#2617 = CARTESIAN_POINT ( 'NONE',  ( 0.5916874909852000153, 0.3424844053770000341, -7.454186141134000465 ) ) ;
#2618 = LINE ( 'NONE', #1852, #215 ) ;
#2619 = EDGE_CURVE ( 'NONE', #3567, #3057, #576, .T. ) ;
#2620 = ORIENTED_EDGE ( 'NONE', *, *, #2062, .T. ) ;
#2621 = EDGE_LOOP ( 'NONE', ( #4008, #3715, #517, #2434 ) ) ;
#2622 = CARTESIAN_POINT ( 'NONE',  ( 0.2487094184091941385, 0.9499999999999996225, -5.791354166666749848 ) ) ;
#2623 = CARTESIAN_POINT ( 'NONE',  ( -0.7570407296628000049, -0.01452574335100000058, -9.088556731580000658 ) ) ;
#2624 = CARTESIAN_POINT ( 'NONE',  ( -0.4958873258251166316, 0.8476155584293232348, -9.021041666665666980 ) ) ;
#2625 = CARTESIAN_POINT ( 'NONE',  ( -0.9475026331281999337, 0.1649605910412999810, -5.606436141134000017 ) ) ;
#2626 = B_SPLINE_CURVE_WITH_KNOTS ( 'NONE', 3,
 ( #388, #317, #1708, #3532, #4140, #1362, #1427, #2439, #2821, #3826 ),
 .UNSPECIFIED., .F., .F.,
 ( 4, 2, 2, 2, 4 ),
 ( 0.000000000000000000, 0.2500000000000000555, 0.5000000000000001110, 0.7500000000000000000, 1.000000000000000000 ),
 .UNSPECIFIED. ) ;
#2627 = ADVANCED_FACE ( 'NONE', ( #1567 ), #1614, .T. ) ;
#2628 = CARTESIAN_POINT ( 'NONE',  ( -0.6452097600377812991, -0.09731645628864381281, -7.173100556510916270 ) ) ;
#2629 = FACE_OUTER_BOUND ( 'NONE', #3051, .T. ) ;
#2630 = CARTESIAN_POINT ( 'NONE',  ( 0.04510959371007000618, -0.9489284085510999445, -9.402491419469999556 ) ) ;
#2631 = CARTESIAN_POINT ( 'NONE',  ( -0.7599887656438000239, 0.2737379205787999759, -5.984607880378000289 ) ) ;
#2632 = ORIENTED_EDGE ( 'NONE', *, *, #2098, .F. ) ;
#2633 = CARTESIAN_POINT ( 'NONE',  ( -0.5650763932690999747, -0.3848094653902999762, -4.484951358866000604 ) ) ;
#2634 = CARTESIAN_POINT ( 'NONE',  ( -0.3250000000000000111, -0.5629165124599000425, 0.6999999999999999556 ) ) ;
#2635 = CARTESIAN_POINT ( 'NONE',  ( 0.000000000000000000, -0.9499999999999999556, -8.744999999999000906 ) ) ;
#2636 = DIRECTION ( 'NONE',  ( 0.000000000000000000, -1.000000000000000000, 0.000000000000000000 ) ) ;
#2637 = LINE ( 'NONE', #4067, #1459 ) ;
#2638 = ORIENTED_EDGE ( 'NONE', *, *, #3106, .T. ) ;
#2639 = CARTESIAN_POINT ( 'NONE',  ( -0.2487094184091901694, 0.9500000000000006217, -2.953645833334333393 ) ) ;
#2640 = CARTESIAN_POINT ( 'NONE',  ( -0.7545995601486000792, 0.2885693348327999508, -7.311682880377999183 ) ) ;
#2641 = CARTESIAN_POINT ( 'NONE',  ( 0.000000000000000000, 0.9499999999999999556, -5.631250000001999823 ) ) ;
#2642 = ORIENTED_EDGE ( 'NONE', *, *, #2517, .F. ) ;
#2643 = AXIS2_PLACEMENT_3D ( 'NONE', #2375, #4394, #4416 ) ;
#2644 = ORIENTED_EDGE ( 'NONE', *, *, #1916, .F. ) ;
#2645 = EDGE_CURVE ( 'NONE', #2798, #1733, #900, .T. ) ;
#2646 = DIRECTION ( 'NONE',  ( -0.1227878039690051409, 0.6963642403200299702, 0.7071067811865311414 ) ) ;
#2647 = CARTESIAN_POINT ( 'NONE',  ( -0.4977601599729999937, -0.5705755749508999441, -9.000591648270999556 ) ) ;
#2648 = B_SPLINE_CURVE_WITH_KNOTS ( 'NONE', 3,
 ( #3601, #1142, #2936, #458, #1502, #1807, #2190, #1850, #1463, #115 ),
 .UNSPECIFIED., .F., .F.,
 ( 4, 2, 2, 2, 4 ),
 ( 0.000000000000000000, 0.2500000000000000555, 0.5000000000000001110, 0.7500000000000002220, 1.000000000000000000 ),
 .UNSPECIFIED. ) ;
#2649 = CARTESIAN_POINT ( 'NONE',  ( 0.4958873258251204619, 0.8476155584293210143, -3.831458333333333854 ) ) ;
#2650 = CARTESIAN_POINT ( 'NONE',  ( -0.7340133618845000596, -0.5745336441780000136, -7.600645380377999416 ) ) ;
#2651 = CARTESIAN_POINT ( 'NONE',  ( -0.6097747925828165272, 0.2298666836533963254, -6.564341538540420018 ) ) ;
#2652 = EDGE_CURVE ( 'NONE', #1726, #4230, #320, .T. ) ;
#2653 = LINE ( 'NONE', #4035, #933 ) ;
#2654 = CARTESIAN_POINT ( 'NONE',  ( -1.054471500448999954, -0.06320472133850998930, -1.606948641135000022 ) ) ;
#2655 = CARTESIAN_POINT ( 'NONE',  ( 0.4909403871114000339, 0.7923649281078001261, -5.604692119622000313 ) ) ;
#2656 = ORIENTED_EDGE ( 'NONE', *, *, #698, .F. ) ;
#2657 = CARTESIAN_POINT ( 'NONE',  ( 0.6222492220820000641, 0.1528344493306000029, -9.471616044675000623 ) ) ;
#2658 = CARTESIAN_POINT ( 'NONE',  ( -0.6567814752463999595, 0.4481628038398000058, 0.6999999999999999556 ) ) ;
#2659 = DIRECTION ( 'NONE',  ( 1.000000000000000000, 0.000000000000000000, 0.000000000000000000 ) ) ;
#2660 = CARTESIAN_POINT ( 'NONE',  ( 0.7247227178242033885, -0.6350869972570760691, -3.885416666666666963 ) ) ;
#2661 = DIRECTION ( 'NONE',  ( 0.000000000000000000, 0.000000000000000000, -1.000000000000000000 ) ) ;
#2662 = ORIENTED_EDGE ( 'NONE', *, *, #2537, .T. ) ;
#2663 = CARTESIAN_POINT ( 'NONE',  ( 0.000000000000000000, -0.7394568653083324339, -1.148333333333333206 ) ) ;
#2664 = CARTESIAN_POINT ( 'NONE',  ( 0.6662985741794000827, -0.1530877676226999884, -7.533323641133999438 ) ) ;
#2665 = CARTESIAN_POINT ( 'NONE',  ( -0.2669386554476000373, -0.5752692816234998840, -9.718308973989000066 ) ) ;
#2666 = ORIENTED_EDGE ( 'NONE', *, *, #3927, .T. ) ;
#2667 = ORIENTED_EDGE ( 'NONE', *, *, #553, .F. ) ;
#2668 = CARTESIAN_POINT ( 'NONE',  ( 0.9500000000000007327, 0.2487094184091886429, -5.901770833333748634 ) ) ;
#2669 = CARTESIAN_POINT ( 'NONE',  ( 0.3194154557735000011, 0.5554513684862000256, -8.743640554278000465 ) ) ;
#2670 = LINE ( 'NONE', #3086, #3271 ) ;
#2671 = CARTESIAN_POINT ( 'NONE',  ( -0.7996539508427999987, 0.3547294794891000524, -5.727724547044999781 ) ) ;
#2672 = EDGE_CURVE ( 'NONE', #3681, #3301, #1636, .T. ) ;
#2673 = CARTESIAN_POINT ( 'NONE',  ( -0.6202485472564862601, 0.2000891438771552067, -7.883319410809665584 ) ) ;
#2674 = CARTESIAN_POINT ( 'NONE',  ( -0.8830222215595000534, 0.5098131173177999909, 1.399999999999999911 ) ) ;
#2675 = CARTESIAN_POINT ( 'NONE',  ( 1.053023638318000055, -0.08394248646615999621, -1.290398641134000046 ) ) ;
#2676 = CARTESIAN_POINT ( 'NONE',  ( -0.9595260751955999590, 0.4418303893850999975, -4.195988858866000371 ) ) ;
#2677 = EDGE_CURVE ( 'NONE', #4101, #494, #1091, .T. ) ;
#2678 = ORIENTED_EDGE ( 'NONE', *, *, #1789, .T. ) ;
#2679 = CARTESIAN_POINT ( 'NONE',  ( -0.03521070541982999208, -0.7417793736336999455, -8.437640048117000191 ) ) ;
#2680 = DIRECTION ( 'NONE',  ( 0.1227878039690051409, -0.6963642403200299702, 0.7071067811865311414 ) ) ;
#2681 = CARTESIAN_POINT ( 'NONE',  ( -0.2500000000000000000, -0.7216878364869999674, 1.399999999999999911 ) ) ;
#2682 = DIRECTION ( 'NONE',  ( 1.000000000000000000, 0.000000000000000000, 0.000000000000000000 ) ) ;
#2683 = DIRECTION ( 'NONE',  ( 0.000000000000000000, -1.000000000000000000, 0.000000000000000000 ) ) ;
#2684 = B_SPLINE_CURVE_WITH_KNOTS ( 'NONE', 3,
 ( #3458, #336, #4497, #3141, #2727, #1043, #2432, #622, #4109, #2454 ),
 .UNSPECIFIED., .F., .F.,
 ( 4, 2, 2, 2, 4 ),
 ( 0.000000000000000000, 0.2499999999999999445, 0.4999999999999998890, 0.7499999999999998890, 1.000000000000000000 ),
 .UNSPECIFIED. ) ;
#2685 = AXIS2_PLACEMENT_3D ( 'NONE', #3545, #421, #1810 ) ;
#2686 = VERTEX_POINT ( 'NONE', #3075 ) ;
#2687 = CARTESIAN_POINT ( 'NONE',  ( 0.9472902116015999852, 0.4674892859453000371, -3.883673641134000043 ) ) ;
#2688 = PLANE ( 'NONE',  #2358 ) ;
#2689 = CARTESIAN_POINT ( 'NONE',  ( -0.4578584162056000273, 0.5076958478392999963, -7.929011141133997853 ) ) ;
#2690 = AXIS2_PLACEMENT_3D ( 'NONE', #2253, #1908, #3121 ) ;
#2691 = CARTESIAN_POINT ( 'NONE',  ( 0.2773709873351000166, -0.5572113164166999644, -1.001436141134000035 ) ) ;
#2692 = ORIENTED_EDGE ( 'NONE', *, *, #2197, .F. ) ;
#2693 = VECTOR ( 'NONE', #500, 1000.000000000000000 ) ;
#2694 = ORIENTED_EDGE ( 'NONE', *, *, #1620, .T. ) ;
#2695 = CARTESIAN_POINT ( 'NONE',  ( 0.8476497219785819048, -0.4958903443119808685, -9.164601212674345021 ) ) ;
#2696 = CARTESIAN_POINT ( 'NONE',  ( -0.4212164119976000154, -0.4828345371540999631, -9.095500887514999633 ) ) ;
#2697 = CARTESIAN_POINT ( 'NONE',  ( 0.8232979147458999725, -0.8806613067142999851, 1.399999999999999911 ) ) ;
#2698 = CARTESIAN_POINT ( 'NONE',  ( 0.1139350884416000104, -0.9250119972613000119, -8.154607880377998441 ) ) ;
#2699 = CARTESIAN_POINT ( 'NONE',  ( 0.000000000000000000, 0.000000000000000000, -9.402491419469999556 ) ) ;
#2700 = CARTESIAN_POINT ( 'NONE',  ( -0.7689408137779129015, -0.5845539008223616939, -5.529375000000585239 ) ) ;
#2701 = CARTESIAN_POINT ( 'NONE',  ( -1.047032877530000183, 0.1401011246889999895, -2.952286141135000097 ) ) ;
#2702 = CARTESIAN_POINT ( 'NONE',  ( 0.8926428520690999902, -0.2684274094320999726, -4.417629619622000625 ) ) ;
#2703 = ORIENTED_EDGE ( 'NONE', *, *, #2489, .F. ) ;
#2704 = CARTESIAN_POINT ( 'NONE',  ( 0.5069745713099998996, 0.3918280736889000471, -9.427633503020999228 ) ) ;
#2705 = EDGE_CURVE ( 'NONE', #1702, #268, #754, .T. ) ;
#2706 = DIRECTION ( 'NONE',  ( 1.326887826253000145E-14, 0.000000000000000000, -1.000000000000000000 ) ) ;
#2707 = DIRECTION ( 'NONE',  ( -0.8660254037844288266, 0.5000000000000169864, 0.000000000000000000 ) ) ;
#2708 = DIRECTION ( 'NONE',  ( 0.000000000000000000, 0.000000000000000000, -1.000000000000000000 ) ) ;
#2709 = CARTESIAN_POINT ( 'NONE',  ( 0.000000000000000000, 0.9499999999999999556, -1.126249999999999973 ) ) ;
#2710 = DIRECTION ( 'NONE',  ( 0.6427876096865049460, 0.7660444431190069903, 0.000000000000000000 ) ) ;
#2711 = ORIENTED_EDGE ( 'NONE', *, *, #4459, .T. ) ;
#2712 = CARTESIAN_POINT ( 'NONE',  ( 1.019335461917000085, 0.2772356363158000048, -5.229011141133999452 ) ) ;
#2713 = EDGE_CURVE ( 'NONE', #4024, #3301, #2090, .T. ) ;
#2714 = CARTESIAN_POINT ( 'NONE',  ( 0.8476155584293235679, 0.4958873258251159100, -5.079166666667998875 ) ) ;
#2715 = CARTESIAN_POINT ( 'NONE',  ( 0.2353096346976999986, 0.7728661805319000377, -7.469957880377999793 ) ) ;
#2716 = CARTESIAN_POINT ( 'NONE',  ( 0.1194592710668000018, -0.5661154538010000348, 0.5999999999999999778 ) ) ;
#2717 = ORIENTED_EDGE ( 'NONE', *, *, #227, .T. ) ;
#2718 = VERTEX_POINT ( 'NONE', #1048 ) ;
#2719 = CARTESIAN_POINT ( 'NONE',  ( 0.2487138844498046897, -0.9501075052783001240, -9.247412574030697385 ) ) ;
#2720 = CARTESIAN_POINT ( 'NONE',  ( -0.4688506691036999907, -0.5667414227577000085, -9.660329773091000050 ) ) ;
#2721 = LINE ( 'NONE', #935, #3137 ) ;
#2722 = CARTESIAN_POINT ( 'NONE',  ( -0.4984964808538999703, -0.6868061994763998701, -8.233745380378000078 ) ) ;
#2723 = CARTESIAN_POINT ( 'NONE',  ( 0.2500000000000000000, -0.7216878364869999674, 0.8000000000000000444 ) ) ;
#2724 = CARTESIAN_POINT ( 'NONE',  ( 0.000000000000000000, -1.019626234635999884, 1.399999999999999911 ) ) ;
#2725 = CARTESIAN_POINT ( 'NONE',  ( 0.6146169357070999650, 0.8591571481212000316, -1.844361141135000048 ) ) ;
#2726 = LOCAL_TIME ( 18, 49, 50.00000000000000000, #2044 ) ;
#2727 = CARTESIAN_POINT ( 'NONE',  ( 0.7247227178242034995, -0.6350869972570764022, -3.355416666666667602 ) ) ;
#2728 = ORIENTED_EDGE ( 'NONE', *, *, #913, .F. ) ;
#2729 = CARTESIAN_POINT ( 'NONE',  ( 0.3404876050680999966, -0.5427891342903000682, -9.603563669638999656 ) ) ;
#2730 = CARTESIAN_POINT ( 'NONE',  ( 0.1027825504257999928, -1.201174285348999726, 1.399999999999999911 ) ) ;
#2731 = CARTESIAN_POINT ( 'NONE',  ( 0.000000000000000000, 0.9499999999999999556, -5.631250000001999823 ) ) ;
#2732 = CARTESIAN_POINT ( 'NONE',  ( 0.8830222215595000534, -0.5098131173177999909, 0.8000000000000000444 ) ) ;
#2733 = LINE ( 'NONE', #387, #941 ) ;
#2734 = LINE ( 'NONE', #4166, #1387 ) ;
#2735 = ADVANCED_FACE ( 'NONE', ( #2801 ), #1070, .T. ) ;
#2736 = ORIENTED_EDGE ( 'NONE', *, *, #2672, .T. ) ;
#2737 = CARTESIAN_POINT ( 'NONE',  ( -0.5075865893129000161, -0.9264243229309000460, -3.487986141134000295 ) ) ;
#2738 = DIRECTION ( 'NONE',  ( 0.8660254037844288266, -0.5000000000000169864, 0.000000000000000000 ) ) ;
#2739 = CARTESIAN_POINT ( 'NONE',  ( 0.5064375311491000620, 0.7825506754218000127, -6.931767119622000095 ) ) ;
#2740 = DIRECTION ( 'NONE',  ( 0.000000000000000000, -1.000000000000000000, 0.000000000000000000 ) ) ;
#2741 = VERTEX_POINT ( 'NONE', #1338 ) ;
#2742 = VERTEX_POINT ( 'NONE', #1756 ) ;
#2743 = DIRECTION ( 'NONE',  ( 0.000000000000000000, 0.000000000000000000, 1.000000000000000000 ) ) ;
#2744 = CARTESIAN_POINT ( 'NONE',  ( -0.6483062390955544041, 0.07074228454349501538, -1.237772275062676064 ) ) ;
#2745 = CARTESIAN_POINT ( 'NONE',  ( -0.4958873258251184635, -0.8476155584293222356, -3.500208333333334032 ) ) ;
#2746 = CARTESIAN_POINT ( 'NONE',  ( 1.054868931471000026, 0.05596168060140999795, -7.901423641133999531 ) ) ;
#2747 = CARTESIAN_POINT ( 'NONE',  ( 0.9500000000000008438, 0.2487094184091889204, -6.431770833333748882 ) ) ;
#2748 = CARTESIAN_POINT ( 'NONE',  ( -0.7500000000000000000, 0.1443375672973999935, 0.8000000000000000444 ) ) ;
#2749 = DIRECTION ( 'NONE',  ( -0.6427876096865052791, 0.7660444431190065462, 0.000000000000000000 ) ) ;
#2750 = LINE ( 'NONE', #2410, #975 ) ;
#2751 = EDGE_LOOP ( 'NONE', ( #437, #2483, #2418, #3511 ) ) ;
#2752 = CARTESIAN_POINT ( 'NONE',  ( -0.5192815988722999654, 0.5510610534985000974, -9.346612575645998788 ) ) ;
#2753 = CARTESIAN_POINT ( 'NONE',  ( -1.143077709402999798, -0.3831096092616999571, 1.399999999999999911 ) ) ;
#2754 = CARTESIAN_POINT ( 'NONE',  ( 0.8476155584293203482, -0.4958873258251217386, -7.972083333334000876 ) ) ;
#2755 = CARTESIAN_POINT ( 'NONE',  ( -0.8476155584293226797, -0.4958873258251175198, -2.230416666667667247 ) ) ;
#2756 = ORIENTED_EDGE ( 'NONE', *, *, #945, .T. ) ;
#2757 = CARTESIAN_POINT ( 'NONE',  ( 0.2606323351445000713, -1.023694758291999740, -3.408848641133999990 ) ) ;
#2758 = CARTESIAN_POINT ( 'NONE',  ( 1.372163138867999788, -1.467768844522000071, 0.9000000000464060124 ) ) ;
#2759 = CARTESIAN_POINT ( 'NONE',  ( 0.3278633495639999840, -1.004196498120999870, -7.264088858865999754 ) ) ;
#2760 = CARTESIAN_POINT ( 'NONE',  ( 0.3781790961625000058, -0.7597249951717000016, -1.191254619621999966 ) ) ;
#2761 = ORIENTED_EDGE ( 'NONE', *, *, #1645, .F. ) ;
#2762 = CARTESIAN_POINT ( 'NONE',  ( -0.2487094184091922233, -0.9499999999999998446, -4.002604166666666075 ) ) ;
#2763 = PLANE ( 'NONE',  #3989 ) ;
#2764 = VECTOR ( 'NONE', #3088, 1000.000000000000000 ) ;
#2765 = CARTESIAN_POINT ( 'NONE',  ( -0.5999130499323372945, -0.2545754313227188148, -1.846531293033985444 ) ) ;
#2766 = EDGE_CURVE ( 'NONE', #3579, #2954, #677, .T. ) ;
#2767 = DIRECTION ( 'NONE',  ( 0.000000000000000000, -1.000000000000000000, 0.000000000000000000 ) ) ;
#2768 = CARTESIAN_POINT ( 'NONE',  ( 0.3714406202355000075, 0.5739525417556999853, -6.761676358865999603 ) ) ;
#2769 = VECTOR ( 'NONE', #2191, 1000.000000000000114 ) ;
#2770 = LINE ( 'NONE', #256, #2764 ) ;
#2771 = CARTESIAN_POINT ( 'NONE',  ( 1.983024114669112992, 0.3201170749174245822, 0.9000000000464060124 ) ) ;
#2772 = EDGE_CURVE ( 'NONE', #3892, #4050, #2046, .T. ) ;
#2773 = CARTESIAN_POINT ( 'NONE',  ( -0.007949307015391999381, -0.8078549142990000265, -1.638492119622000143 ) ) ;
#2774 = AXIS2_PLACEMENT_3D ( 'NONE', #2365, #1730, #2069 ) ;
#2775 = CARTESIAN_POINT ( 'NONE',  ( -0.9937253850819999235, 0.3579267652836000124, -6.174426358865999553 ) ) ;
#2776 = VERTEX_POINT ( 'NONE', #973 ) ;
#2777 = CARTESIAN_POINT ( 'NONE',  ( -0.2364102526739999821, -0.8410168113561000691, -9.881347231436000911 ) ) ;
#2778 = CARTESIAN_POINT ( 'NONE',  ( 1.372163138867999788, -1.467768844522000071, 1.399999999999999911 ) ) ;
#2779 = CARTESIAN_POINT ( 'NONE',  ( -0.2487094184091922233, -0.9499999999999998446, -5.327604166668668206 ) ) ;
#2780 = CARTESIAN_POINT ( 'NONE',  ( 0.8476155584293202372, -0.4958873258251216276, -1.877083333334000237 ) ) ;
#2781 = DIRECTION ( 'NONE',  ( -0.9396926207858973257, -0.3420201433256991330, 0.000000000000000000 ) ) ;
#2782 = ORIENTED_EDGE ( 'NONE', *, *, #2343, .F. ) ;
#2783 = CARTESIAN_POINT ( 'NONE',  ( 0.3739252438767999842, 0.9879700818815999597, -3.804536141134000182 ) ) ;
#2784 = CARTESIAN_POINT ( 'NONE',  ( 0.000000000000000000, -0.9499999999999999556, -5.300000000002000000 ) ) ;
#2785 = CARTESIAN_POINT ( 'NONE',  ( -0.6375484886737999846, 0.8421007272586000791, -6.235301358865999788 ) ) ;
#2786 = CARTESIAN_POINT ( 'NONE',  ( 0.4207752267329000206, -0.6896673460791999943, -3.074782880378999828 ) ) ;
#2787 = ORIENTED_EDGE ( 'NONE', *, *, #193, .T. ) ;
#2788 = VERTEX_POINT ( 'NONE', #3146 ) ;
#2789 = CARTESIAN_POINT ( 'NONE',  ( -0.1027825506186999804, 1.201174285348999726, 1.399999999999999911 ) ) ;
#2790 = CARTESIAN_POINT ( 'NONE',  ( 0.7165111107796999779, -0.3447080403785000025, 0.6999999999999999556 ) ) ;
#2791 = CARTESIAN_POINT ( 'NONE',  ( 0.01350316839441000061, 0.8077816480917000552, -7.932967119621999075 ) ) ;
#2792 = ADVANCED_FACE ( 'NONE', ( #316 ), #3847, .T. ) ;
#2793 = FACE_OUTER_BOUND ( 'NONE', #3466, .T. ) ;
#2794 = DIRECTION ( 'NONE',  ( 0.000000000000000000, -1.000000000000000000, 0.000000000000000000 ) ) ;
#2795 = CARTESIAN_POINT ( 'NONE',  ( 0.6327442570481000006, 0.5023217205142999076, -1.401079619622000116 ) ) ;
#2796 = CARTESIAN_POINT ( 'NONE',  ( 0.08756228067544999383, 1.052728754162999936, -4.987363858865999866 ) ) ;
#2797 = EDGE_CURVE ( 'NONE', #273, #1388, #3777, .T. ) ;
#2798 = VERTEX_POINT ( 'NONE', #723 ) ;
#2799 = CARTESIAN_POINT ( 'NONE',  ( 0.4446933896363999827, -0.7519664424148000403, -9.133644023307001092 ) ) ;
#2800 = CARTESIAN_POINT ( 'NONE',  ( 1.776744602543999907, -0.9382665196123000095, 1.399999999999999911 ) ) ;
#2801 = FACE_OUTER_BOUND ( 'NONE', #416, .T. ) ;
#2802 = CARTESIAN_POINT ( 'NONE',  ( 0.000000000000000000, 0.000000000000000000, 0.000000000000000000 ) ) ;
#2803 = ORIENTED_EDGE ( 'NONE', *, *, #3824, .F. ) ;
#2804 = CARTESIAN_POINT ( 'NONE',  ( 0.7244757248122000171, 0.3575299682495999831, -4.073492119622000196 ) ) ;
#2805 = CARTESIAN_POINT ( 'NONE',  ( 1.905129515670999973, 0.6385160154361001483, 1.399999999999999911 ) ) ;
#2806 = CARTESIAN_POINT ( 'NONE',  ( 0.5220132956412000258, -0.7722477935606999466, -7.802279619622000340 ) ) ;
#2807 = CARTESIAN_POINT ( 'NONE',  ( 0.4700513575723000437, 0.6570726583992999581, -2.204270380379000471 ) ) ;
#2808 = ORIENTED_EDGE ( 'NONE', *, *, #4339, .T. ) ;
#2809 = CARTESIAN_POINT ( 'NONE',  ( -1.933333333332951653, -8.045001172711072118E-15, -4.051621242779309779E-14 ) ) ;
#2810 = CARTESIAN_POINT ( 'NONE',  ( -0.9579358802509999604, 0.7319447454695999777, 1.399999999999999911 ) ) ;
#2811 = CARTESIAN_POINT ( 'NONE',  ( 0.2500000000000000000, 0.7216878364869999674, 0.8000000000000000444 ) ) ;
#2812 = LINE ( 'NONE', #2169, #2254 ) ;
#2813 = CARTESIAN_POINT ( 'NONE',  ( -1.372163138867999788, 1.467768844522000071, 0.9000000000464060124 ) ) ;
#2814 = CARTESIAN_POINT ( 'NONE',  ( 0.2147053517794999811, -0.7788416842334000556, -2.271592119622999562 ) ) ;
#2815 = EDGE_CURVE ( 'NONE', #3474, #4182, #2733, .T. ) ;
#2816 = ORIENTED_EDGE ( 'NONE', *, *, #758, .F. ) ;
#2817 = CARTESIAN_POINT ( 'NONE',  ( 0.7242585061760999920, -0.4885239729264999053, -9.749399606472000102 ) ) ;
#2818 = CARTESIAN_POINT ( 'NONE',  ( 0.5659140652583999342, 0.2862381227135000206, -3.494999999999999662 ) ) ;
#2819 = DATE_TIME_ROLE ( 'creation_date' ) ;
#2820 = CARTESIAN_POINT ( 'NONE',  ( 0.01765610469203000160, 1.056217098988999847, -7.743148641133999810 ) ) ;
#2821 = CARTESIAN_POINT ( 'NONE',  ( 0.2487094184091941385, 0.9499999999999996225, -1.153854166666750114 ) ) ;
#2822 = B_SPLINE_CURVE_WITH_KNOTS ( 'NONE', 3,
 ( #1910, #4301, #3306, #1184, #1870, #1890, #2875, #181, #2212, #1165 ),
 .UNSPECIFIED., .F., .F.,
 ( 4, 2, 2, 2, 4 ),
 ( 0.000000000000000000, 0.2500000000000000000, 0.5000000000000000000, 0.7500000000000000000, 1.000000000000000000 ),
 .UNSPECIFIED. ) ;
#2823 = ORIENTED_EDGE ( 'NONE', *, *, #3237, .F. ) ;
#2824 = CARTESIAN_POINT ( 'NONE',  ( 0.4697281800148000452, -0.8051210899358000050, -4.136857880377999841 ) ) ;
#2825 = CARTESIAN_POINT ( 'NONE',  ( 1.366098404099999941, 1.473415152268000128, 0.9000000000000000222 ) ) ;
#2826 = CARTESIAN_POINT ( 'NONE',  ( 1.024593827521999900, 0.2571234558244000490, -7.105813858866000032 ) ) ;
#2827 = CARTESIAN_POINT ( 'NONE',  ( -0.5568003307640999600, -0.5853769303461000550, -1.887720380379000140 ) ) ;
#2828 = VERTEX_POINT ( 'NONE', #4116 ) ;
#2829 = FACE_OUTER_BOUND ( 'NONE', #327, .T. ) ;
#2830 = CARTESIAN_POINT ( 'NONE',  ( 0.4958873258251145777, -0.8476155584293242340, -7.364791666668666359 ) ) ;
#2831 = CARTESIAN_POINT ( 'NONE',  ( 0.5500000000000000444, -0.1796029634390999830, 0.5999999999999999778 ) ) ;
#2832 = DIRECTION ( 'NONE',  ( 0.000000000000000000, 0.000000000000000000, -1.000000000000000000 ) ) ;
#2833 = CARTESIAN_POINT ( 'NONE',  ( 0.000000000000000000, 0.000000000000000000, 0.000000000000000000 ) ) ;
#2834 = CARTESIAN_POINT ( 'NONE',  ( -0.5893512985412000527, -0.3465609506760999881, -1.179438858865999862 ) ) ;
#2835 = AXIS2_PLACEMENT_3D ( 'NONE', #3199, #1373, #2767 ) ;
#2836 = EDGE_LOOP ( 'NONE', ( #2808, #884, #1291, #3771 ) ) ;
#2837 = VECTOR ( 'NONE', #1596, 1000.000000000000000 ) ;
#2838 = CARTESIAN_POINT ( 'NONE',  ( 0.8557695785266999922, -0.1756820132079000008, -9.045678939998001766 ) ) ;
#2839 = CARTESIAN_POINT ( 'NONE',  ( -0.5611041243314864868, 0.7808016605263241594, -6.227916666666666323 ) ) ;
#2840 = CARTESIAN_POINT ( 'NONE',  ( 0.9246713526618999257, -0.5107718398913000390, -6.635223641133999983 ) ) ;
#2841 = CARTESIAN_POINT ( 'NONE',  ( 0.4396422925001000070, 0.5896875823974000452, -3.531345380378000165 ) ) ;
#2842 = EDGE_CURVE ( 'NONE', #3971, #2328, #1361, .T. ) ;
#2843 = VERTEX_POINT ( 'NONE', #341 ) ;
#2844 = CARTESIAN_POINT ( 'NONE',  ( 0.5980911385091000065, 0.5431203800438000329, -4.706592119622000858 ) ) ;
#2845 = CARTESIAN_POINT ( 'NONE',  ( 1.102851783575000022, 1.679552376750000020, 1.399999999999999911 ) ) ;
#2846 = CARTESIAN_POINT ( 'NONE',  ( 0.4607224123101932856, -0.4620616689443727276, -2.303100556511720853 ) ) ;
#2847 = ADVANCED_BREP_SHAPE_REPRESENTATION ( 'MEIHUA-M2-10.stp', ( #2977, #1486 ), #2209 ) ;
#2848 = CARTESIAN_POINT ( 'NONE',  ( -0.06640924647909390854, -0.6495307232145119958, -4.382991129361414551 ) ) ;
#2849 = CARTESIAN_POINT ( 'NONE',  ( 0.3277750417488000112, -0.6584681557941999275, -1.096345380378000112 ) ) ;
#2850 = ADVANCED_FACE ( 'NONE', ( #2415 ), #1407, .T. ) ;
#2851 = ORIENTED_EDGE ( 'NONE', *, *, #4038, .T. ) ;
#2852 = CARTESIAN_POINT ( 'NONE',  ( -1.999999999999757971, -1.079551754516595148E-14, 0.06666666666662679486 ) ) ;
#2853 = CARTESIAN_POINT ( 'NONE',  ( -0.4958873258251166316, 0.8476155584293231238, -2.263541666667667318 ) ) ;
#2854 = CARTESIAN_POINT ( 'NONE',  ( -0.1569494992392000132, -0.9369454918448999470, -8.099999999999999645 ) ) ;
#2855 = CARTESIAN_POINT ( 'NONE',  ( 0.02511932895442999664, -0.6831972061680000596, -6.365988858865999411 ) ) ;
#2856 = CYLINDRICAL_SURFACE ( 'NONE', #1816, 0.9499999999999999556 ) ;
#2857 = CARTESIAN_POINT ( 'NONE',  ( 0.4613385917348999943, -0.5045357802654000245, -1.654263858865999914 ) ) ;
#2858 = ORIENTED_EDGE ( 'NONE', *, *, #679, .F. ) ;
#2859 = CARTESIAN_POINT ( 'NONE',  ( -0.04062527970364000068, -0.8558475092431000464, -8.532549287361000268 ) ) ;
#2860 = CARTESIAN_POINT ( 'NONE',  ( -2.000000000000000000, -3.677367421670000185E-11, 0.2000000000000000111 ) ) ;
#2861 = APPROVAL_DATE_TIME ( #3485, #3214 ) ;
#2862 = LINE ( 'NONE', #4249, #2935 ) ;
#2863 = EDGE_LOOP ( 'NONE', ( #1032, #2233, #2632, #562, #2703, #3617, #3374, #3376, #2367, #3353, #511 ) ) ;
#2864 = CARTESIAN_POINT ( 'NONE',  ( -0.5962874237209999650, -0.7164536557741000289, -4.928232880378000225 ) ) ;
#2865 = CARTESIAN_POINT ( 'NONE',  ( 1.044001904845000049E-10, 0.8392079709010000776, -9.513284449258000208 ) ) ;
#2866 = CARTESIAN_POINT ( 'NONE',  ( 0.3404876050680999966, -0.5427891342903000682, -9.623291387370999317 ) ) ;
#2867 = CARTESIAN_POINT ( 'NONE',  ( 1.933333333332999837, -4.756752422508000233E-11, 0.000000000000000000 ) ) ;
#2868 = CC_DESIGN_APPROVAL ( #3933, ( #982 ) ) ;
#2869 = CARTESIAN_POINT ( 'NONE',  ( 0.1570841442770000151, 1.044619964313999949, -1.681851358865999790 ) ) ;
#2870 = ADVANCED_FACE ( 'NONE', ( #1776 ), #4089, .T. ) ;
#2871 = ORIENTED_EDGE ( 'NONE', *, *, #559, .T. ) ;
#2872 = DIRECTION ( 'NONE',  ( 0.000000000000000000, 0.000000000000000000, -1.000000000000000000 ) ) ;
#2873 = CARTESIAN_POINT ( 'NONE',  ( -0.8476155584293225687, -0.4958873258251174088, -2.097916666667666963 ) ) ;
#2874 = CARTESIAN_POINT ( 'NONE',  ( 1.054415587719568892, 1.800000000009689849, -2.442481754933009740E-17 ) ) ;
#2875 = CARTESIAN_POINT ( 'NONE',  ( 0.8476155584293202372, -0.4958873258251216276, -7.177083333335334103 ) ) ;
#2876 = EDGE_CURVE ( 'NONE', #2776, #2843, #906, .T. ) ;
#2877 = CARTESIAN_POINT ( 'NONE',  ( -0.9023266392011999315, 0.4074447578125000025, -8.282982669927999808 ) ) ;
#2878 = CARTESIAN_POINT ( 'NONE',  ( 0.4969776290427999621, 0.4693355594133000186, -3.474426358865999820 ) ) ;
#2879 = EDGE_LOOP ( 'NONE', ( #3246, #2678, #579, #1820 ) ) ;
#2880 = CARTESIAN_POINT ( 'NONE',  ( -0.8476155584293226797, -0.4958873258251175198, -1.567916666667666936 ) ) ;
#2881 = CARTESIAN_POINT ( 'NONE',  ( -0.6018566839720453920, 0.2530061218668456235, -9.217607866249480253 ) ) ;
#2882 = CARTESIAN_POINT ( 'NONE',  ( -0.5546596108511999690, 0.3996778311556999919, -5.256598641134000438 ) ) ;
#2883 = EDGE_LOOP ( 'NONE', ( #1086, #1268, #4366, #1974 ) ) ;
#2884 = CARTESIAN_POINT ( 'NONE',  ( 0.5752554134287000132, -0.3694870159381000163, -3.614438858865999915 ) ) ;
#2885 = CARTESIAN_POINT ( 'NONE',  ( 1.905129515670999973, 0.6385160154361001483, 0.9000000000000000222 ) ) ;
#2886 = CARTESIAN_POINT ( 'NONE',  ( -0.3300682844562000118, -0.5347561457045000299, -9.740578165117002030 ) ) ;
#2887 = CARTESIAN_POINT ( 'NONE',  ( 2.000000000000000000, 3.677272480593999891E-11, 0.2000000000000000111 ) ) ;
#2888 = CARTESIAN_POINT ( 'NONE',  ( 0.2477219602932000109, -0.8986091272402999541, -2.536592119622999686 ) ) ;
#2889 = ORIENTED_EDGE ( 'NONE', *, *, #3067, .T. ) ;
#2890 = CARTESIAN_POINT ( 'NONE',  ( 1.933333333332951653, 3.554326429532073117E-11, -4.051621242779309779E-14 ) ) ;
#2891 = DIRECTION ( 'NONE',  ( -0.3535533905932821130, -0.6123724356957699344, 0.7071067811865646702 ) ) ;
#2892 = CARTESIAN_POINT ( 'NONE',  ( 1.999999999999751754, 1.171572875262216540, 0.06666666666662679486 ) ) ;
#2893 = DIRECTION ( 'NONE',  ( -0.7071067811865475727, 0.000000000000000000, 0.7071067811865475727 ) ) ;
#2894 = EDGE_CURVE ( 'NONE', #1716, #3006, #185, .T. ) ;
#2895 = AXIS2_PLACEMENT_3D ( 'NONE', #2545, #4270, #2585 ) ;
#2896 = CARTESIAN_POINT ( 'NONE',  ( -0.6508476559237998949, -0.7460576505445999373, -8.810773169783001180 ) ) ;
#2897 = CARTESIAN_POINT ( 'NONE',  ( -0.6264940654329999026, 0.2736692180204999825, -2.603913858867000108 ) ) ;
#2898 = VECTOR ( 'NONE', #3767, 1000.000000000000000 ) ;
#2899 = EDGE_CURVE ( 'NONE', #1358, #4024, #505, .T. ) ;
#2900 = ORIENTED_EDGE ( 'NONE', *, *, #3243, .T. ) ;
#2901 = CARTESIAN_POINT ( 'NONE',  ( -0.6130469722225000417, -0.7410442943780999325, -10.02023901233000025 ) ) ;
#2902 = DIRECTION ( 'NONE',  ( -1.000000000000000000, 0.000000000000000000, 0.000000000000000000 ) ) ;
#2903 = VECTOR ( 'NONE', #2749, 1000.000000000000000 ) ;
#2904 = CARTESIAN_POINT ( 'NONE',  ( 0.1686763654458000028, -0.6625160729147999694, -3.673848641134000115 ) ) ;
#2905 = AXIS2_PLACEMENT_3D ( 'NONE', #1024, #44, #2017 ) ;
#2906 = VERTEX_POINT ( 'NONE', #2216 ) ;
#2907 = CARTESIAN_POINT ( 'NONE',  ( 0.9499999999999991784, -0.2487094184091953319, -2.511979166667667407 ) ) ;
#2908 = CARTESIAN_POINT ( 'NONE',  ( -1.199999999999999956, 9.123479565670000414E-10, 1.399999999986999866 ) ) ;
#2909 = CARTESIAN_POINT ( 'NONE',  ( -0.4623646254542857492, 0.4593364129804277662, -2.632845024578970516 ) ) ;
#2910 = CARTESIAN_POINT ( 'NONE',  ( 0.3514143849324888325, 0.5495460503344847814, -4.763465515592854693 ) ) ;
#2911 = CARTESIAN_POINT ( 'NONE',  ( -0.1876711131988000048, -0.9130408635903999315, -3.248829619623000209 ) ) ;
#2912 = ORIENTED_EDGE ( 'NONE', *, *, #3983, .F. ) ;
#2913 = CARTESIAN_POINT ( 'NONE',  ( -0.4958873258251185745, -0.8476155584293220135, -6.680208333334502591 ) ) ;
#2914 = CARTESIAN_POINT ( 'NONE',  ( 0.4958873258251145777, -0.8476155584293242340, -2.064791666667666448 ) ) ;
#2915 = CARTESIAN_POINT ( 'NONE',  ( 0.4958873258251145777, -0.8476155584293242340, -4.714791666668499914 ) ) ;
#2916 = CARTESIAN_POINT ( 'NONE',  ( -0.2487094184091922233, -0.9499999999999998446, -7.315104166668667141 ) ) ;
#2917 = VERTEX_POINT ( 'NONE', #4228 ) ;
#2918 = CARTESIAN_POINT ( 'NONE',  ( -0.6130469722225000417, -0.7410442943780999325, -9.470511294603001673 ) ) ;
#2919 = CARTESIAN_POINT ( 'NONE',  ( 0.4958873258251204619, 0.8476155584293211254, -8.336458333335000859 ) ) ;
#2920 = CARTESIAN_POINT ( 'NONE',  ( -0.5000000000000000000, 0.5773502691895999739, 0.8000000000000000444 ) ) ;
#2921 = EDGE_CURVE ( 'NONE', #1733, #170, #1449, .T. ) ;
#2922 = CARTESIAN_POINT ( 'NONE',  ( 0.6510631937735557040, -0.03725477846311039953, -8.187698919794820895 ) ) ;
#2923 = CARTESIAN_POINT ( 'NONE',  ( -0.7500000000000000000, -0.1443375672973999935, 1.399999999999999911 ) ) ;
#2924 = CARTESIAN_POINT ( 'NONE',  ( 0.3469332284887130524, -0.5530644403641755691, -9.613450741141480904 ) ) ;
#2925 = CARTESIAN_POINT ( 'NONE',  ( -0.1781989384425000100, -0.7879961266221000571, -4.480995380377999382 ) ) ;
#2926 = B_SPLINE_CURVE_WITH_KNOTS ( 'NONE', 3,
 ( #4320, #1570, #1201, #2299, #2979, #2592, #4341, #1617, #2639, #3979 ),
 .UNSPECIFIED., .F., .F.,
 ( 4, 2, 2, 2, 4 ),
 ( 0.000000000000000000, 0.2500000000000000000, 0.5000000000000000000, 0.7500000000000000000, 1.000000000000000000 ),
 .UNSPECIFIED. ) ;
#2927 = ORIENTED_EDGE ( 'NONE', *, *, #2517, .T. ) ;
#2928 = CARTESIAN_POINT ( 'NONE',  ( -0.4373399617570999931, -0.5254744640792000654, -5.118051358865999489 ) ) ;
#2929 = CARTESIAN_POINT ( 'NONE',  ( -0.9579359975267999205, 0.7319447454742998849, 1.399999999999999911 ) ) ;
#2930 = CARTESIAN_POINT ( 'NONE',  ( 0.2063653690325744638, -0.6181886931474516178, -3.013319410810417320 ) ) ;
#2931 = CARTESIAN_POINT ( 'NONE',  ( -0.7074654938534999937, 0.7844724067630000075, -8.213738858865999859 ) ) ;
#2932 = CARTESIAN_POINT ( 'NONE',  ( -0.6701622559075000041, 0.8165554010807999363, -3.581151358866000223 ) ) ;
#2933 = EDGE_LOOP ( 'NONE', ( #350, #1866, #2803, #931, #3042, #4224, #3238, #1967, #3610, #4333, #3008, #1660, #3857, #1005, #2108, #4403, #3329, #2159 ) ) ;
#2934 = CARTESIAN_POINT ( 'NONE',  ( 0.000000000000000000, -0.9499999999999999556, -5.962500000000999556 ) ) ;
#2935 = VECTOR ( 'NONE', #1858, 1000.000000000000114 ) ;
#2936 = CARTESIAN_POINT ( 'NONE',  ( -0.6053533472726845277, -0.7691167497675436282, -8.682291666666500873 ) ) ;
#2937 = CARTESIAN_POINT ( 'NONE',  ( 0.5000000000000000000, 0.5773502691895999739, 0.8000000000000000444 ) ) ;
#2938 = CARTESIAN_POINT ( 'NONE',  ( 0.8476155584293235679, 0.4958873258251159100, -4.416666666666666963 ) ) ;
#2939 = ORIENTED_EDGE ( 'NONE', *, *, #2433, .T. ) ;
#2940 = CARTESIAN_POINT ( 'NONE',  ( 0.7049850400068000678, 0.5159475114496000492, -8.597804617445000019 ) ) ;
#2941 = CARTESIAN_POINT ( 'NONE',  ( -0.6465497200905329089, 0.6217802234318344778, -9.467120686846374866 ) ) ;
#2942 = CARTESIAN_POINT ( 'NONE',  ( -0.8447205191194999685, 0.6343124009887000092, -6.318673641134000540 ) ) ;
#2943 = CARTESIAN_POINT ( 'NONE',  ( -0.3334869878120703679, 0.5600243360456343966, -7.959414288055948639 ) ) ;
#2944 = CARTESIAN_POINT ( 'NONE',  ( 0.07768828110832000367, 0.9870001116809999919, -9.624396137443000043 ) ) ;
#2945 = DIRECTION ( 'NONE',  ( -0.2436887683625019174, 0.6695293884507048654, -0.7016738431599058856 ) ) ;
#2946 = CARTESIAN_POINT ( 'NONE',  ( -0.7704485668181000335, -0.5246651685319999592, -4.655042119622000207 ) ) ;
#2947 = VERTEX_POINT ( 'NONE', #2236 ) ;
#2948 = CARTESIAN_POINT ( 'NONE',  ( 0.5061188573710999616, 0.4596013023164000066, -4.801501358866000047 ) ) ;
#2949 = ADVANCED_FACE ( 'NONE', ( #827 ), #408, .F. ) ;
#2950 = CARTESIAN_POINT ( 'NONE',  ( -1.109768865084000078, 1.674989942916999874, 0.9000000000000000222 ) ) ;
#2951 = CARTESIAN_POINT ( 'NONE',  ( -0.5145985125275397420, -0.4003032146766175026, -2.480655270086395081 ) ) ;
#2952 = CARTESIAN_POINT ( 'NONE',  ( 0.000000000000000000, 0.000000000000000000, 0.000000000000000000 ) ) ;
#2953 = CARTESIAN_POINT ( 'NONE',  ( -0.7652427512141000143, 0.5629418546476999685, -5.665000000000000036 ) ) ;
#2954 = VERTEX_POINT ( 'NONE', #2920 ) ;
#2955 = CARTESIAN_POINT ( 'NONE',  ( -0.9500000000000003997, -0.2487094184091911409, -1.463020833333333437 ) ) ;
#2956 = EDGE_CURVE ( 'NONE', #40, #1388, #1939, .T. ) ;
#2957 = LINE ( 'NONE', #1314, #4505 ) ;
#2958 = CARTESIAN_POINT ( 'NONE',  ( 0.4745746185022999830, 0.4921067814255000172, -8.087286141133999351 ) ) ;
#2959 = CARTESIAN_POINT ( 'NONE',  ( -0.8476155584293225687, -0.4958873258251174088, -7.397916666668664654 ) ) ;
#2960 = CARTESIAN_POINT ( 'NONE',  ( 0.7500000000000000000, 0.1443375672973999935, 0.8000000000000000444 ) ) ;
#2961 = CARTESIAN_POINT ( 'NONE',  ( 0.1019106127838999842, -0.8676519857099999067, -8.817717325718000154 ) ) ;
#2962 = CARTESIAN_POINT ( 'NONE',  ( -0.2500000000000000000, -0.7216878364869999674, 0.8000000000000000444 ) ) ;
#2963 = DIRECTION ( 'NONE',  ( 0.000000000000000000, 0.000000000000000000, 1.000000000000000000 ) ) ;
#2964 = B_SPLINE_CURVE_WITH_KNOTS ( 'NONE', 3,
 ( #1103, #1081, #2102, #4175, #1417, #3112, #2471, #2124, #3177, #3157 ),
 .UNSPECIFIED., .F., .F.,
 ( 4, 2, 2, 2, 4 ),
 ( 0.000000000000000000, 0.2500000000000000000, 0.5000000000000000000, 0.7500000000000000000, 1.000000000000000000 ),
 .UNSPECIFIED. ) ;
#2965 = CARTESIAN_POINT ( 'NONE',  ( 0.4414562730126976864, -0.4797689824523929669, -6.944815924771863713 ) ) ;
#2966 = CARTESIAN_POINT ( 'NONE',  ( -0.2487094184091920568, -0.9500000000000000666, -6.785104166668666892 ) ) ;
#2967 = CARTESIAN_POINT ( 'NONE',  ( -0.6527531670382296092, -0.01252472238868162363, -9.173625324595379382 ) ) ;
#2968 = CARTESIAN_POINT ( 'NONE',  ( -0.5770537484648000648, 0.7320338138045999754, -4.813317119621999929 ) ) ;
#2969 = ORIENTED_EDGE ( 'NONE', *, *, #36, .T. ) ;
#2970 = CARTESIAN_POINT ( 'NONE',  ( 0.000000000000000000, 0.9499999999999999556, -2.318750000001000178 ) ) ;
#2971 = CARTESIAN_POINT ( 'NONE',  ( -0.7500000000000000000, -0.1443375672973999935, 0.8000000000000000444 ) ) ;
#2972 = DIRECTION ( 'NONE',  ( -0.6427876096865049460, 0.7660444431190069903, 0.000000000000000000 ) ) ;
#2973 = CARTESIAN_POINT ( 'NONE',  ( -0.5479694183839278754, -0.3531425103124843923, -5.803428837959027753 ) ) ;
#2974 = CARTESIAN_POINT ( 'NONE',  ( -0.2487094184091901694, 0.9500000000000006217, -3.616145833333417325 ) ) ;
#2975 = AXIS2_PLACEMENT_3D ( 'NONE', #2952, #877, #4022 ) ;
#2976 = ADVANCED_FACE ( 'NONE', ( #3288 ), #3117, .F. ) ;
#2977 = MANIFOLD_SOLID_BREP ( 'pixhawk5x-3D-simple.stp<1>', #1512 ) ;
#2978 = VERTEX_POINT ( 'NONE', #34 ) ;
#2979 = CARTESIAN_POINT ( 'NONE',  ( -0.9500000000000003997, -0.2487094184091911409, -2.788020833334333926 ) ) ;
#2980 = VECTOR ( 'NONE', #3023, 1000.000000000000000 ) ;
#2981 = CARTESIAN_POINT ( 'NONE',  ( -0.1415886755964000099, 0.7953900966589000365, -6.757720380378000158 ) ) ;
#2982 = CARTESIAN_POINT ( 'NONE',  ( -0.6824342039653000791, -0.04090491177345000062, -1.871948641135000146 ) ) ;
#2983 = EDGE_CURVE ( 'NONE', #3821, #4142, #2812, .T. ) ;
#2984 = ORIENTED_EDGE ( 'NONE', *, *, #1704, .T. ) ;
#2985 = VERTEX_POINT ( 'NONE', #3814 ) ;
#2986 = DIRECTION ( 'NONE',  ( 0.000000000000000000, 0.000000000000000000, -1.000000000000000000 ) ) ;
#2987 = CARTESIAN_POINT ( 'NONE',  ( 0.7417118295942000117, -0.1522669544616999937, -8.780678939998001198 ) ) ;
#2988 = DIRECTION ( 'NONE',  ( 0.3420201433256990775, 0.9396926207858972147, 0.000000000000000000 ) ) ;
#2989 = CARTESIAN_POINT ( 'NONE',  ( 0.6470546974320000588, 0.6709587747559999649, -7.917195380377999747 ) ) ;
#2990 = CARTESIAN_POINT ( 'NONE',  ( 0.6400648302757481201, 0.1241828702952856300, -8.162333960712729208 ) ) ;
#2991 = CARTESIAN_POINT ( 'NONE',  ( -0.8476155584293213474, 0.4958873258251193517, -4.328333333334000166 ) ) ;
#2992 = CARTESIAN_POINT ( 'NONE',  ( -0.4317211068982999556, -0.8261243362927999101, -2.255820380379000234 ) ) ;
#2993 = CARTESIAN_POINT ( 'NONE',  ( 0.4697281800148000452, -0.8051210899358000050, -4.496767119622000486 ) ) ;
#2994 =( BOUNDED_SURFACE ( )  B_SPLINE_SURFACE ( 3, 3, ( 
 ( #1787, #4129, #1010, #479, #2874, #822, #1122 ),
 ( #1831, #4322, #4300, #2211, #1504, #134, #2514 ),
 ( #842, #1889, #1869, #4260, #1203, #2892, #1909 ),
 ( #3943, #3602, #520, #440, #1548, #3962, #3582 ) ),
 .UNSPECIFIED., .F., .F., .T. ) 
 B_SPLINE_SURFACE_WITH_KNOTS ( ( 4, 4 ),
 ( 4, 3, 4 ),
 ( 0.01829912646677369845, 0.9813463654232630340 ),
 ( 0.000000000000000000, 0.5000000000000000000, 1.000000000000000000 ),
 .UNSPECIFIED. ) 
 GEOMETRIC_REPRESENTATION_ITEM ( )  RATIONAL_B_SPLINE_SURFACE ( (
 ( 1.000000000000000000, 0.8047378541221986703, 0.8047378541221986703, 1.000000000000000000, 0.8047378541221986703, 0.8047378541221986703, 1.000000000000000000),
 ( 1.000000000000000000, 0.8047378541221986703, 0.8047378541221986703, 1.000000000000000000, 0.8047378541221986703, 0.8047378541221986703, 1.000000000000000000),
 ( 1.000000000000000000, 0.8047378541221986703, 0.8047378541221986703, 1.000000000000000000, 0.8047378541221986703, 0.8047378541221986703, 1.000000000000000000),
 ( 1.000000000000000000, 0.8047378541221986703, 0.8047378541221986703, 1.000000000000000000, 0.8047378541221986703, 0.8047378541221986703, 1.000000000000000000) ) ) 
 REPRESENTATION_ITEM ( '' )  SURFACE ( )  );
#2995 = ORIENTED_EDGE ( 'NONE', *, *, #1124, .T. ) ;
#2996 = CARTESIAN_POINT ( 'NONE',  ( 0.7353247962436000318, 0.1806076348911000162, -9.566525283919000699 ) ) ;
#2997 = CARTESIAN_POINT ( 'NONE',  ( -1.999805955854000006, -0.02785927008735999966, 1.399999999999999911 ) ) ;
#2998 = CARTESIAN_POINT ( 'NONE',  ( 0.3773715291268887606, 0.5313841345799398264, -3.444523715205033199 ) ) ;
#2999 = CARTESIAN_POINT ( 'NONE',  ( -0.5108481075709998542, 0.3757994187635000372, -5.930000000000000604 ) ) ;
#3000 = CARTESIAN_POINT ( 'NONE',  ( 2.000000000000000000, 3.677272480593999891E-11, 0.2000000000000000111 ) ) ;
#3001 = EDGE_LOOP ( 'NONE', ( #606, #73, #2455, #3527 ) ) ;
#3002 = CARTESIAN_POINT ( 'NONE',  ( -0.8476155584293213474, 0.4958873258251194627, -1.545833333333333615 ) ) ;
#3003 = EDGE_CURVE ( 'NONE', #4387, #3516, #2148, .T. ) ;
#3004 = CARTESIAN_POINT ( 'NONE',  ( 0.8074558419609000337, -0.02661796135325999665, -6.282895380378000105 ) ) ;
#3005 = CYLINDRICAL_SURFACE ( 'NONE', #1309, 0.9499999999999999556 ) ;
#3006 = VERTEX_POINT ( 'NONE', #1059 ) ;
#3007 = AXIS2_PLACEMENT_3D ( 'NONE', #4169, #3781, #3469 ) ;
#3008 = ORIENTED_EDGE ( 'NONE', *, *, #3243, .F. ) ;
#3009 = CARTESIAN_POINT ( 'NONE',  ( 0.9499332235652615530, 0.2487352091458466807, -9.081789851318770701 ) ) ;
#3010 = CARTESIAN_POINT ( 'NONE',  ( -0.5125354018561999458, -0.5573433192230999866, -8.340853523452000928 ) ) ;
#3011 = ADVANCED_FACE ( 'NONE', ( #3113 ), #1082, .T. ) ;
#3012 = CARTESIAN_POINT ( 'NONE',  ( 0.2487094184091882820, -0.9500000000000011768, -4.079895833333332611 ) ) ;
#3013 = CARTESIAN_POINT ( 'NONE',  ( -0.5625688058018000204, 0.7430644239846999621, -5.780482880377999955 ) ) ;
#3014 = CARTESIAN_POINT ( 'NONE',  ( -0.6489964913277737057, 0.06554758286883360929, -7.198465515593041708 ) ) ;
#3015 = CARTESIAN_POINT ( 'NONE',  ( 0.8477307243209000198, 0.4287803855615999749, -3.759999999999999787 ) ) ;
#3016 = CARTESIAN_POINT ( 'NONE',  ( -0.4892612892734000130, -0.9362309403370999705, -2.160911141135000157 ) ) ;
#3017 = CARTESIAN_POINT ( 'NONE',  ( 0.5834592117159999036, -0.5588095430958999188, -5.034957880377999295 ) ) ;
#3018 = ORIENTED_EDGE ( 'NONE', *, *, #3338, .T. ) ;
#3019 = CARTESIAN_POINT ( 'NONE',  ( -0.4394283622564000291, 0.4663208878726999851, -9.251703336402000488 ) ) ;
#3020 = DIRECTION ( 'NONE',  ( 0.000000000000000000, 0.000000000000000000, 1.000000000000000000 ) ) ;
#3021 = LINE ( 'NONE', #4406, #3202 ) ;
#3022 = DIRECTION ( 'NONE',  ( 0.000000000000000000, 0.000000000000000000, 1.000000000000000000 ) ) ;
#3023 = DIRECTION ( 'NONE',  ( 0.000000000000000000, 0.000000000000000000, 1.000000000000000000 ) ) ;
#3024 = B_SPLINE_CURVE_WITH_KNOTS ( 'NONE', 3,
 ( #3619, #496, #1887, #155, #1547, #4321, #3541, #4138, #4087, #3643 ),
 .UNSPECIFIED., .F., .F.,
 ( 4, 2, 2, 2, 4 ),
 ( 0.000000000000000000, 0.2500000000000000555, 0.5000000000000000000, 0.7500000000000000000, 1.000000000000000000 ),
 .UNSPECIFIED. ) ;
#3025 = ORIENTED_EDGE ( 'NONE', *, *, #1766, .T. ) ;
#3026 = CARTESIAN_POINT ( 'NONE',  ( 0.000000000000000000, 0.000000000000000000, 0.000000000000000000 ) ) ;
#3027 = LINE ( 'NONE', #4144, #1915 ) ;
#3028 = CARTESIAN_POINT ( 'NONE',  ( -0.4475956473043999906, -0.5167667273225999836, -6.425398641133999611 ) ) ;
#3029 = CARTESIAN_POINT ( 'NONE',  ( 0.4613385917348999943, -0.5045357802654000245, -1.634536141134000031 ) ) ;
#3030 = ORIENTED_EDGE ( 'NONE', *, *, #451, .T. ) ;
#3031 = ORIENTED_EDGE ( 'NONE', *, *, #3488, .F. ) ;
#3032 = CARTESIAN_POINT ( 'NONE',  ( 0.7500000000000000000, -0.1443375672973999935, 0.8000000000000000444 ) ) ;
#3033 = CARTESIAN_POINT ( 'NONE',  ( 0.5170629434239000233, 0.3784156028612999934, -8.787623095932000084 ) ) ;
#3034 = CARTESIAN_POINT ( 'NONE',  ( 0.000000000000000000, 0.9499999999999999556, -3.776250000000000107 ) ) ;
#3035 = CARTESIAN_POINT ( 'NONE',  ( 0.8096608580417999912, -0.6785817227938000240, -7.980561141133999392 ) ) ;
#3036 = EDGE_CURVE ( 'NONE', #741, #3579, #55, .T. ) ;
#3037 = DIRECTION ( 'NONE',  ( 0.000000000000000000, -1.000000000000000000, 0.000000000000000000 ) ) ;
#3038 = CARTESIAN_POINT ( 'NONE',  ( -0.4958873258251166316, 0.8476155584293232348, -4.383541666667500891 ) ) ;
#3039 = CARTESIAN_POINT ( 'NONE',  ( 0.9136809304861999159, 0.1845310012894999796, -2.018407880379000208 ) ) ;
#3040 = CARTESIAN_POINT ( 'NONE',  ( 0.8246360646667999506, -0.4345583024228000246, -5.762967119622000922 ) ) ;
#3041 = EDGE_CURVE ( 'NONE', #2538, #1227, #420, .T. ) ;
#3042 = ORIENTED_EDGE ( 'NONE', *, *, #3730, .F. ) ;
#3043 = CARTESIAN_POINT ( 'NONE',  ( -0.5876071527346999890, -0.2554793290344000156, -8.460017586617999186 ) ) ;
#3044 = CARTESIAN_POINT ( 'NONE',  ( -1.772860090457000215, -0.9455858206207998773, 1.399999999999999911 ) ) ;
#3045 = PERSON_AND_ORGANIZATION ( #18446744073709551615, #18446744073709551615 ) ;
#3046 = CARTESIAN_POINT ( 'NONE',  ( -0.6975541685111057433, -0.6728425834737885580, -9.360008888219672585 ) ) ;
#3047 = AXIS2_PLACEMENT_3D ( 'NONE', #2614, #3664, #880 ) ;
#3048 = CARTESIAN_POINT ( 'NONE',  ( 0.6502552792075485533, 0.04482075262736415905, -5.524414288055974787 ) ) ;
#3049 = DIRECTION ( 'NONE',  ( 0.4579850747972859515, -0.5458053582442828899, -0.7016738431598789072 ) ) ;
#3050 = CIRCLE ( 'NONE', #1668, 0.9499999999999999556 ) ;
#3051 = EDGE_LOOP ( 'NONE', ( #3547, #1214, #1318, #2642 ) ) ;
#3052 = CARTESIAN_POINT ( 'NONE',  ( -0.8570390356967999557, 0.6175670560857998703, -4.991598641133999870 ) ) ;
#3053 = CARTESIAN_POINT ( 'NONE',  ( -0.4928804744893999223, -1.947882445383999794, 0.9000000000464060124 ) ) ;
#3054 = CARTESIAN_POINT ( 'NONE',  ( 0.02511932895442999664, -0.6831972061680000596, -6.346261141133999750 ) ) ;
#3055 = VECTOR ( 'NONE', #2594, 1000.000000000000000 ) ;
#3056 = CARTESIAN_POINT ( 'NONE',  ( -0.3867522488831999783, 0.5637489253513000564, -1.317986141134000144 ) ) ;
#3057 = VERTEX_POINT ( 'NONE', #3583 ) ;
#3058 = VECTOR ( 'NONE', #4456, 1000.000000000000000 ) ;
#3059 = DIRECTION ( 'NONE',  ( -0.8660254037844288266, 0.5000000000000169864, 0.000000000000000000 ) ) ;
#3060 = CARTESIAN_POINT ( 'NONE',  ( 0.000000000000000000, -0.9499999999999999556, 0.000000000000000000 ) ) ;
#3061 = CARTESIAN_POINT ( 'NONE',  ( 0.05639324337177999830, -0.6198700814365000200, -8.347797679386001590 ) ) ;
#3062 = FACE_OUTER_BOUND ( 'NONE', #2499, .T. ) ;
#3063 = CARTESIAN_POINT ( 'NONE',  ( -0.5289330488071000147, -0.6106739470119999513, -6.350217119622000084 ) ) ;
#3064 = CARTESIAN_POINT ( 'NONE',  ( -0.4958873258251166316, 0.8476155584293232348, -3.058541666666834136 ) ) ;
#3065 = LINE ( 'NONE', #965, #2104 ) ;
#3066 = CARTESIAN_POINT ( 'NONE',  ( 0.2131814904496999730, -0.9682053768259999416, -0.7628153078007999799 ) ) ;
#3067 = EDGE_CURVE ( 'NONE', #1205, #2788, #843, .T. ) ;
#3068 = CARTESIAN_POINT ( 'NONE',  ( 2.000008392264999824, -5.082835907943999962E-09, 0.9000000000000000222 ) ) ;
#3069 = ORIENTED_EDGE ( 'NONE', *, *, #1891, .F. ) ;
#3070 = CARTESIAN_POINT ( 'NONE',  ( -0.6407280696026999012, 0.004490663109691999180, -8.504000128273000669 ) ) ;
#3071 = CARTESIAN_POINT ( 'NONE',  ( -1.102851783575000022, -1.679552376750000020, 0.9000000000000000222 ) ) ;
#3072 = CARTESIAN_POINT ( 'NONE',  ( -0.9499999999999997335, 0.2487094184091930837, -7.613229166668667780 ) ) ;
#3073 = DIRECTION ( 'NONE',  ( 0.000000000000000000, 0.000000000000000000, -1.000000000000000000 ) ) ;
#3074 = ADVANCED_FACE ( 'NONE', ( #135 ), #3242, .T. ) ;
#3075 = CARTESIAN_POINT ( 'NONE',  ( 0.1194592710668000018, 0.5661154538010000348, 0.5999999999999999778 ) ) ;
#3076 = FACE_OUTER_BOUND ( 'NONE', #1633, .T. ) ;
#3077 = ORIENTED_EDGE ( 'NONE', *, *, #526, .T. ) ;
#3078 = CARTESIAN_POINT ( 'NONE',  ( 0.6774642188878999827, 0.5534633473357000177, -3.292724547044999728 ) ) ;
#3079 = CARTESIAN_POINT ( 'NONE',  ( -1.772860090457000215, -0.9455858206207998773, 0.9000000000464060124 ) ) ;
#3080 = CARTESIAN_POINT ( 'NONE',  ( 0.03424873384042000091, -0.9314993771037001213, -6.536079619622000791 ) ) ;
#3081 = DIRECTION ( 'NONE',  ( -0.6427876096865049460, -0.7660444431190069903, 0.000000000000000000 ) ) ;
#3082 = ORIENTED_EDGE ( 'NONE', *, *, #2286, .T. ) ;
#3083 = CARTESIAN_POINT ( 'NONE',  ( -0.8476155584293225687, -0.4958873258251174088, -4.085416666666667140 ) ) ;
#3084 = CARTESIAN_POINT ( 'NONE',  ( 0.8476155584293233458, 0.4958873258251160210, -7.199166666668666892 ) ) ;
#3085 = CARTESIAN_POINT ( 'NONE',  ( 0.6509147890568059980, -0.04249363073607984737, -2.227005679265432914 ) ) ;
#3086 = CARTESIAN_POINT ( 'NONE',  ( -0.8830222215595000534, -0.5098131173177999909, 0.8000000000000000444 ) ) ;
#3087 = CARTESIAN_POINT ( 'NONE',  ( -0.8706391374380000325, 0.3329444781525999764, -7.046682880378000391 ) ) ;
#3088 = DIRECTION ( 'NONE',  ( -0.9848077530122130163, 0.1736481776669025201, 0.000000000000000000 ) ) ;
#3089 = CARTESIAN_POINT ( 'NONE',  ( 0.000000000000000000, -0.9499999999999999556, -5.432500000001000195 ) ) ;
#3090 = CARTESIAN_POINT ( 'NONE',  ( -0.6701622559075000041, 0.8165554010807999363, -3.031423641134000313 ) ) ;
#3091 = SECURITY_CLASSIFICATION ( '', '', #1471 ) ;
#3092 = CARTESIAN_POINT ( 'NONE',  ( 0.3475569821273000182, -0.9975521620167000503, -5.937013858865999971 ) ) ;
#3093 = VERTEX_POINT ( 'NONE', #3645 ) ;
#3094 = CARTESIAN_POINT ( 'NONE',  ( -0.7570407296628000049, -0.01452574335100000058, -9.258647492335999374 ) ) ;
#3095 = CARTESIAN_POINT ( 'NONE',  ( 0.6658613190501000423, -1.004993965750000218, 1.399999999999999911 ) ) ;
#3096 = CARTESIAN_POINT ( 'NONE',  ( -0.4958873258251166316, 0.8476155584293232348, -7.696041666668667958 ) ) ;
#3097 = DIRECTION ( 'NONE',  ( 0.000000000000000000, 0.000000000000000000, -1.000000000000000000 ) ) ;
#3098 = LINE ( 'NONE', #4479, #2109 ) ;
#3099 = B_SPLINE_CURVE_WITH_KNOTS ( 'NONE', 3,
 ( #4215, #1764, #3558, #1481 ),
 .UNSPECIFIED., .F., .F.,
 ( 4, 4 ),
 ( 0.000000000000000000, 1.000000000000000000 ),
 .UNSPECIFIED. ) ;
#3100 = EDGE_CURVE ( 'NONE', #4075, #3635, #3254, .T. ) ;
#3101 = ORIENTED_EDGE ( 'NONE', *, *, #1865, .T. ) ;
#3102 = CARTESIAN_POINT ( 'NONE',  ( 0.5748554796635000352, 0.7710476080518000597, -3.171436141133999964 ) ) ;
#3103 = CARTESIAN_POINT ( 'NONE',  ( -0.4305407289332000009, 0.3865124903618999963, 0.5999999999999999778 ) ) ;
#3104 = CARTESIAN_POINT ( 'NONE',  ( -0.6916078518118999874, -0.7984883863910999802, -6.710126358865999840 ) ) ;
#3105 = CARTESIAN_POINT ( 'NONE',  ( 0.5872887596240000674, 0.5546235533098999859, -3.549607880378000235 ) ) ;
#3106 = EDGE_CURVE ( 'NONE', #1333, #755, #460, .T. ) ;
#3107 = EDGE_LOOP ( 'NONE', ( #2173, #3850, #2984, #993 ) ) ;
#3108 = ORIENTED_EDGE ( 'NONE', *, *, #3954, .T. ) ;
#3109 = B_SPLINE_CURVE_WITH_KNOTS ( 'NONE', 3,
 ( #990, #551, #2381, #3015 ),
 .UNSPECIFIED., .F., .F.,
 ( 4, 4 ),
 ( 0.000000000000000000, 1.000000000000000000 ),
 .UNSPECIFIED. ) ;
#3110 = CARTESIAN_POINT ( 'NONE',  ( -0.2500000000000000000, 0.7216878364869999674, 0.8000000000000000444 ) ) ;
#3111 = CARTESIAN_POINT ( 'NONE',  ( -0.6108060988969844507, 0.2281555075740744065, -1.263137234144772858 ) ) ;
#3112 = CARTESIAN_POINT ( 'NONE',  ( -0.9499999999999997335, 0.2487094184091931393, -8.143229166668666252 ) ) ;
#3113 = FACE_OUTER_BOUND ( 'NONE', #1323, .T. ) ;
#3114 = CARTESIAN_POINT ( 'NONE',  ( 0.000000000000000000, 0.9499999999999999556, -2.451250000001000018 ) ) ;
#3115 = CARTESIAN_POINT ( 'NONE',  ( 1.102851783575000022, 1.679552376750000020, 0.9000000000464060124 ) ) ;
#3116 = CARTESIAN_POINT ( 'NONE',  ( 0.7355233636128000185, 0.004708690700432000345, -3.458654619621999604 ) ) ;
#3117 = B_SPLINE_SURFACE_WITH_KNOTS ( 'NONE', 3, 3, ( 
 ( #2625, #162, #3869, #3186, #1553, #746, #1168, #208, #1796, #484, #2942, #4327, #3988, #64, #2840, #1208, #3650, #2557, #3674, #525, #1914, #3947, #4013, #889, #2284, #549, #1937, #3333, #2820, #2134, #2746, #3035, #1304, #1256, #3358 ),
 ( #988, #2671, #3013, #1353, #2007, #3430, #255, #3402, #617, #1671, #3380, #571, #1697, #4105, #3720, #4371, #963, #4054, #3087, #1011, #594, #305, #1277, #1984, #936, #2650, #2332, #4469, #1649, #2989, #278, #4419, #2698, #2032, #2722 ),
 ( #4032, #912, #4080, #667, #4397, #2354, #4130, #3742, #3063, #2403, #3791, #2306, #2058, #4444, #1328, #2378, #3765, #3453, #641, #3695, #1604, #1961, #232, #1626, #1809, #3882, #1123, #4198, #2791, #4241, #3201, #1768, #1374, #690, #713 ),
 ( #2450, #78, #1465, #1398, #2472, #3862, #3523, #2855, #4155, #4219, #3836, #4492, #2768, #779, #2081, #2428, #3158, #3502, #1418, #2515, #1104, #2103, #3477, #2494, #1037, #355, #380, #1744, #3135, #738, #760, #4176, #12, #3902, #2125 ) ),
 .UNSPECIFIED., .F., .F., .F.,
 ( 4, 4 ),
 ( 4, 1, 1, 1, 1, 1, 1, 1, 1, 1, 1, 1, 1, 1, 1, 1, 1, 1, 1, 1, 1, 1, 1, 1, 1, 1, 1, 1, 1, 1, 1, 1, 4 ),
 ( -0.03722210892778000241, 1.037222108927999820 ),
 ( -0.02000000000000000042, 0.01250000000000000069, 0.04499999999998999939, 0.07749999999999000744, 0.1100000000000000006, 0.1424999999999999878, 0.1749999999999999889, 0.2074999999999999900, 0.2399999999999999911, 0.2725000000000000200, 0.3049999999999999933, 0.3375000000000000222, 0.3699999999999999956, 0.4025000000000000244, 0.4349999999999999978, 0.4675000000000000266, 0.4999999999998999689, 0.5324999999999000533, 0.5649999999999000266, 0.5974999999999000000, 0.6299999999999000844, 0.6624999999999000577, 0.6949999999999000311, 0.7274999999999000044, 0.7599999999999000888, 0.7924999999999000622, 0.8249999999999000355, 0.8574999999999000089, 0.8899999999999000933, 0.9224999999999000666, 0.9549999999999000400, 0.9874999999999000133, 1.020000000000000018 ),
 .UNSPECIFIED. ) ;
#3118 = CARTESIAN_POINT ( 'NONE',  ( -0.05255746200344692948, -0.9499999999999999556, -8.088333333333332931 ) ) ;
#3119 = EDGE_LOOP ( 'NONE', ( #4110, #384, #3827, #2188 ) ) ;
#3120 = CARTESIAN_POINT ( 'NONE',  ( -0.2684914249765999461, 0.8313351277806000361, -8.825766231725001632 ) ) ;
#3121 = DIRECTION ( 'NONE',  ( 0.000000000000000000, -1.000000000000000000, 0.000000000000000000 ) ) ;
#3122 = PERSON_AND_ORGANIZATION ( #18446744073709551615, #18446744073709551615 ) ;
#3123 = CARTESIAN_POINT ( 'NONE',  ( 0.000000000000000000, -0.9499999999999999556, -8.082499999999999574 ) ) ;
#3124 = CARTESIAN_POINT ( 'NONE',  ( 0.000000000000000000, 0.9499999999999999556, -7.618750000001999645 ) ) ;
#3125 = VERTEX_POINT ( 'NONE', #1484 ) ;
#3126 = CARTESIAN_POINT ( 'NONE',  ( 0.3299493005536000556, 0.8717786317526999840, -3.899445380377999815 ) ) ;
#3127 = CARTESIAN_POINT ( 'NONE',  ( -2.000081317951353022, -0.1045453842832717861, 0.9000000000464060124 ) ) ;
#3128 = CARTESIAN_POINT ( 'NONE',  ( 0.09874971607224999892, -0.8017255556879000489, -8.419607880378000786 ) ) ;
#3129 = CARTESIAN_POINT ( 'NONE',  ( 0.2710494196335999639, 0.7610683090477999846, -2.837370380379000245 ) ) ;
#3130 = EDGE_CURVE ( 'NONE', #1847, #4118, #117, .T. ) ;
#3131 = ORIENTED_EDGE ( 'NONE', *, *, #4399, .T. ) ;
#3132 = ORIENTED_EDGE ( 'NONE', *, *, #2956, .F. ) ;
#3133 = CARTESIAN_POINT ( 'NONE',  ( 1.143076545329000160, 0.3831096093235999422, 1.399999999998000177 ) ) ;
#3134 = CARTESIAN_POINT ( 'NONE',  ( -0.9500000000000002887, -0.2487094184091911964, -3.583020833333334210 ) ) ;
#3135 = CARTESIAN_POINT ( 'NONE',  ( 0.01142670024445999882, 0.6835639226433000148, -8.027876358865999151 ) ) ;
#3136 = CC_DESIGN_PERSON_AND_ORGANIZATION_ASSIGNMENT ( #3122, #4501, ( #982 ) ) ;
#3137 = VECTOR ( 'NONE', #2283, 1000.000000000000227 ) ;
#3138 = CARTESIAN_POINT ( 'NONE',  ( 0.7500000000000000000, -0.1443375672973999935, 0.8000000000000000444 ) ) ;
#3139 = CARTESIAN_POINT ( 'NONE',  ( -0.8476155584293213474, 0.4958873258251193517, -4.990833333335331190 ) ) ;
#3140 = CARTESIAN_POINT ( 'NONE',  ( -0.6227371764735000204, 0.5146757875320000508, -1.875904619622999814 ) ) ;
#3141 = CARTESIAN_POINT ( 'NONE',  ( 0.6044782793459431147, -0.7504428836457025520, -3.373333333333333517 ) ) ;
#3142 = ORIENTED_EDGE ( 'NONE', *, *, #3598, .T. ) ;
#3143 = CARTESIAN_POINT ( 'NONE',  ( 0.5039625296710000812, -0.8521892148137999445, -9.228553262550999392 ) ) ;
#3144 = CARTESIAN_POINT ( 'NONE',  ( 0.8232978833209999570, -0.8806613067131000561, 1.399999999999999911 ) ) ;
#3145 = PERSON_AND_ORGANIZATION ( #18446744073709551615, #18446744073709551615 ) ;
#3146 = CARTESIAN_POINT ( 'NONE',  ( 0.000000000000000000, 0.9499999999999999556, -4.438750000000999840 ) ) ;
#3147 = CARTESIAN_POINT ( 'NONE',  ( 0.000000000000000000, 0.9499999999999999556, -8.943749999998999556 ) ) ;
#3148 = ORIENTED_EDGE ( 'NONE', *, *, #222, .T. ) ;
#3149 = CARTESIAN_POINT ( 'NONE',  ( -0.8567776522517999149, -0.3672725791665000239, -5.640470380377999859 ) ) ;
#3150 = CARTESIAN_POINT ( 'NONE',  ( 1.102851783575000022, 1.679552376750000020, 0.9000000000000000222 ) ) ;
#3151 = CARTESIAN_POINT ( 'NONE',  ( 0.03881343628324999961, -1.055650462572000015, -6.630988858865999980 ) ) ;
#3152 = CARTESIAN_POINT ( 'NONE',  ( -0.4337164593286000347, 0.5284593608197999393, -3.296423641133999993 ) ) ;
#3153 = ORIENTED_EDGE ( 'NONE', *, *, #1952, .F. ) ;
#3154 = CARTESIAN_POINT ( 'NONE',  ( 0.000000000000000000, 0.000000000000000000, 0.000000000000000000 ) ) ;
#3155 = EDGE_CURVE ( 'NONE', #1550, #4075, #2822, .T. ) ;
#3156 = CARTESIAN_POINT ( 'NONE',  ( 1.063716366179999984, 0.5673514923558999890, 1.399999999999999911 ) ) ;
#3157 = CARTESIAN_POINT ( 'NONE',  ( 0.000000000000000000, 0.9499999999999999556, -8.281250000002000178 ) ) ;
#3158 = CARTESIAN_POINT ( 'NONE',  ( -0.2880777063462999776, -0.6200007177285999926, -7.078226358865999934 ) ) ;
#3159 = B_SPLINE_CURVE_WITH_KNOTS ( 'NONE', 3,
 ( #334, #3817, #692, #3139, #2127, #1440, #2083, #14, #3503, #3864 ),
 .UNSPECIFIED., .F., .F.,
 ( 4, 2, 2, 2, 4 ),
 ( 0.000000000000000000, 0.2500000000000000000, 0.5000000000000000000, 0.7500000000000000000, 1.000000000000000000 ),
 .UNSPECIFIED. ) ;
#3160 = EDGE_CURVE ( 'NONE', #3760, #2686, #4261, .T. ) ;
#3161 = CARTESIAN_POINT ( 'NONE',  ( 9.259816526925526082E-07, -0.9499838352209943881, -9.275008179579794287 ) ) ;
#3162 = CARTESIAN_POINT ( 'NONE',  ( 0.4854805115251999981, -0.7957218835256000267, -2.809782880379000591 ) ) ;
#3163 = ORIENTED_EDGE ( 'NONE', *, *, #4033, .F. ) ;
#3164 = APPROVAL_PERSON_ORGANIZATION ( #971, #3933, #652 ) ;
#3165 = CARTESIAN_POINT ( 'NONE',  ( -0.9900287602940001097, 0.006938802656400999518, -8.788727846005000899 ) ) ;
#3166 = CARTESIAN_POINT ( 'NONE',  ( 0.8476155584293235679, 0.4958873258251159100, -7.729166666668667141 ) ) ;
#3167 = DIRECTION ( 'NONE',  ( 0.000000000000000000, -0.7071035878511959805, 0.7071099745074779230 ) ) ;
#3168 = DIRECTION ( 'NONE',  ( 0.000000000000000000, 0.000000000000000000, -1.000000000000000000 ) ) ;
#3169 = ORIENTED_EDGE ( 'NONE', *, *, #2202, .T. ) ;
#3170 = CARTESIAN_POINT ( 'NONE',  ( 0.2658072399106999884, -0.7629154368575999934, -5.577104619622001103 ) ) ;
#3171 = CARTESIAN_POINT ( 'NONE',  ( 1.200650444014000007, 0.05488097994761999970, 1.399999999999999911 ) ) ;
#3172 = CARTESIAN_POINT ( 'NONE',  ( 0.8067312399934999378, 0.4669574281009000183, -7.644004619622000618 ) ) ;
#3173 = CARTESIAN_POINT ( 'NONE',  ( 0.6327442570481000006, 0.5023217205142999076, -1.571170380377999942 ) ) ;
#3174 = ORIENTED_EDGE ( 'NONE', *, *, #1865, .F. ) ;
#3175 = CARTESIAN_POINT ( 'NONE',  ( -0.4958873258251185745, -0.8476155584293220135, -1.380208333333333481 ) ) ;
#3176 = CARTESIAN_POINT ( 'NONE',  ( 0.000000000000000000, 0.8660254037843999608, 1.399999999999999911 ) ) ;
#3177 = CARTESIAN_POINT ( 'NONE',  ( -0.2487094184091901694, 0.9500000000000006217, -8.253645833335335524 ) ) ;
#3178 = DIRECTION ( 'NONE',  ( -0.9848077530122006928, 0.1736481776669719646, 0.000000000000000000 ) ) ;
#3179 = CYLINDRICAL_SURFACE ( 'NONE', #1301, 0.9499999999999999556 ) ;
#3180 = CARTESIAN_POINT ( 'NONE',  ( -0.6824342039653000791, -0.04090491177345000062, -1.891676358865999941 ) ) ;
#3181 = EDGE_CURVE ( 'NONE', #2954, #125, #823, .T. ) ;
#3182 = ORIENTED_EDGE ( 'NONE', *, *, #3675, .T. ) ;
#3183 = CARTESIAN_POINT ( 'NONE',  ( -0.9126884565998000243, 0.3836723476310000547, -9.492448512478999234 ) ) ;
#3184 = LINE ( 'NONE', #363, #4217 ) ;
#3185 = SHAPE_DEFINITION_REPRESENTATION ( #2498, #2847 ) ;
#3186 = CARTESIAN_POINT ( 'NONE',  ( 0.1082707440636999918, 1.050857414463000072, -5.764711141133999739 ) ) ;
#3187 = CARTESIAN_POINT ( 'NONE',  ( 0.06696653885119999150, 0.8051138055287999640, -4.797545380377999713 ) ) ;
#3188 = EDGE_CURVE ( 'NONE', #300, #3886, #1573, .T. ) ;
#3189 = ORIENTED_EDGE ( 'NONE', *, *, #1978, .T. ) ;
#3190 = CARTESIAN_POINT ( 'NONE',  ( 0.7736705996515998995, -0.2326511597969000145, -4.152629619622000057 ) ) ;
#3191 = CARTESIAN_POINT ( 'NONE',  ( 1.143077709402999798, 0.3831096092616999571, 1.399999999999999911 ) ) ;
#3192 = CARTESIAN_POINT ( 'NONE',  ( -0.1733923050367999763, -0.6168338379841999952, -9.711256470680000419 ) ) ;
#3193 = FACE_OUTER_BOUND ( 'NONE', #410, .T. ) ;
#3194 = CARTESIAN_POINT ( 'NONE',  ( 0.05111015328144000169, 0.8063188205628000205, -3.470470380378000375 ) ) ;
#3195 = B_SPLINE_CURVE_WITH_KNOTS ( 'NONE', 3,
 ( #304, #1303, #4079, #961, #2353, #3741 ),
 .UNSPECIFIED., .F., .F.,
 ( 4, 2, 4 ),
 ( 0.000000000000000000, 0.5000000000000000000, 1.000000000000000000 ),
 .UNSPECIFIED. ) ;
#3196 = EDGE_LOOP ( 'NONE', ( #389, #2969, #1239, #3082 ) ) ;
#3197 = CARTESIAN_POINT ( 'NONE',  ( 1.999999999999757971, 3.677136720114937418E-11, 0.06666666666662679486 ) ) ;
#3198 = CARTESIAN_POINT ( 'NONE',  ( 0.8476155584293201262, -0.4958873258251215166, -2.009583333334333144 ) ) ;
#3199 = CARTESIAN_POINT ( 'NONE',  ( 0.000000000000000000, 0.000000000000000000, -9.656642021606000270 ) ) ;
#3200 = AXIS2_PLACEMENT_3D ( 'NONE', #3239, #2530, #1101 ) ;
#3201 = CARTESIAN_POINT ( 'NONE',  ( 0.8067505864092000545, 0.04279879451714999755, -8.091242119622000573 ) ) ;
#3202 = VECTOR ( 'NONE', #4454, 1000.000000000000000 ) ;
#3203 = CARTESIAN_POINT ( 'NONE',  ( -1.776744602543999907, 0.9382665196123000095, 0.9000000000464060124 ) ) ;
#3204 = CARTESIAN_POINT ( 'NONE',  ( -0.7619956678820999363, -0.2684312934820000107, -2.429867119622999727 ) ) ;
#3205 = ORIENTED_EDGE ( 'NONE', *, *, #3704, .F. ) ;
#3206 = VECTOR ( 'NONE', #3262, 1000.000000000000000 ) ;
#3207 = CARTESIAN_POINT ( 'NONE',  ( -0.7917707159781000037, -0.3691949005929000549, -9.309574189925999832 ) ) ;
#3208 = EDGE_CURVE ( 'NONE', #8, #4061, #2618, .T. ) ;
#3209 = CARTESIAN_POINT ( 'NONE',  ( 0.2487094184091881710, -0.9500000000000009548, -7.922395833335333926 ) ) ;
#3210 = CARTESIAN_POINT ( 'NONE',  ( -0.2591145240257999860, 0.6326526514546000346, -3.990398641134000002 ) ) ;
#3211 = B_SPLINE_CURVE_WITH_KNOTS ( 'NONE', 3,
 ( #4493, #1673, #3064, #1039, #2429, #4106, #1060, #3431, #691, #1399 ),
 .UNSPECIFIED., .F., .F.,
 ( 4, 2, 2, 2, 4 ),
 ( 0.000000000000000000, 0.2500000000000000000, 0.5000000000000000000, 0.7500000000000000000, 1.000000000000000000 ),
 .UNSPECIFIED. ) ;
#3212 = ORIENTED_EDGE ( 'NONE', *, *, #2921, .T. ) ;
#3213 = CARTESIAN_POINT ( 'NONE',  ( 0.6797912390346000366, -0.4366304610238000428, -3.519529619621999839 ) ) ;
#3214 = APPROVAL ( #2112, 'Coincident' ) ;
#3215 = CARTESIAN_POINT ( 'NONE',  ( -0.7500000000000000000, -0.4330127018921999804, 1.399999999999999911 ) ) ;
#3216 = FACE_OUTER_BOUND ( 'NONE', #4099, .T. ) ;
#3217 = CARTESIAN_POINT ( 'NONE',  ( 0.6349232731353674497, 0.1501438723522715013, -3.520582520570223028 ) ) ;
#3218 = CARTESIAN_POINT ( 'NONE',  ( -0.9238952738682000287, 0.1236243576889000106, -3.407104619621999841 ) ) ;
#3219 = VERTEX_POINT ( 'NONE', #803 ) ;
#3220 = CARTESIAN_POINT ( 'NONE',  ( 0.000000000000000000, -0.9499999999999999556, -1.324999999999999956 ) ) ;
#3221 = DIRECTION ( 'NONE',  ( 0.000000000000000000, 0.000000000000000000, 1.000000000000000000 ) ) ;
#3222 = CARTESIAN_POINT ( 'NONE',  ( -0.8830222215595000534, 0.5098131173177999909, 1.399999999999999911 ) ) ;
#3223 = CARTESIAN_POINT ( 'NONE',  ( 0.2500000000000000000, 0.7216878364869999674, 0.8000000000000000444 ) ) ;
#3224 = CARTESIAN_POINT ( 'NONE',  ( -0.6598836304285999876, 0.7380774355234999140, -8.326965211582001203 ) ) ;
#3225 = CARTESIAN_POINT ( 'NONE',  ( -0.4958873258251184635, -0.8476155584293222356, -8.800208333332331989 ) ) ;
#3226 = ORIENTED_EDGE ( 'NONE', *, *, #1145, .T. ) ;
#3227 = CARTESIAN_POINT ( 'NONE',  ( -0.9499999999999997335, 0.2487094184091930837, -6.950729166668667247 ) ) ;
#3228 = FACE_OUTER_BOUND ( 'NONE', #424, .T. ) ;
#3229 = CARTESIAN_POINT ( 'NONE',  ( 0.3445165806145999987, -0.5905065454593000362, -4.306948641133999445 ) ) ;
#3230 = AXIS2_PLACEMENT_3D ( 'NONE', #346, #3829, #1842 ) ;
#3231 = ORIENTED_EDGE ( 'NONE', *, *, #2120, .T. ) ;
#3232 = CARTESIAN_POINT ( 'NONE',  ( -0.5168136927390000190, -0.6209640599265999761, -5.023142119622000301 ) ) ;
#3233 = CARTESIAN_POINT ( 'NONE',  ( 0.7641602936949613012, 0.1961272098209678738, -9.588332804317222013 ) ) ;
#3234 = CYLINDRICAL_SURFACE ( 'NONE', #2321, 0.9499999999999999556 ) ;
#3235 = PLANE ( 'NONE',  #649 ) ;
#3236 = CARTESIAN_POINT ( 'NONE',  ( 0.05896968686076999727, 0.9303115977113000090, -3.565379619622000007 ) ) ;
#3237 = EDGE_CURVE ( 'NONE', #1205, #2742, #3629, .T. ) ;
#3238 = ORIENTED_EDGE ( 'NONE', *, *, #611, .F. ) ;
#3239 = CARTESIAN_POINT ( 'NONE',  ( 0.8830222215595000534, 0.5098131173177999909, 1.399999999999999911 ) ) ;
#3240 = CARTESIAN_POINT ( 'NONE',  ( 0.5000000000000000000, -0.5773502691895999739, 1.399999999999999911 ) ) ;
#3241 = CARTESIAN_POINT ( 'NONE',  ( 0.9500000000000007327, 0.2487094184091886429, -4.576770833334748545 ) ) ;
#3242 = PLANE ( 'NONE',  #1026 ) ;
#3243 = EDGE_CURVE ( 'NONE', #2227, #4118, #861, .T. ) ;
#3244 = CARTESIAN_POINT ( 'NONE',  ( 0.06855165419466999199, 0.8709227361038999193, -9.169577658954999322 ) ) ;
#3245 = FACE_OUTER_BOUND ( 'NONE', #4440, .T. ) ;
#3246 = ORIENTED_EDGE ( 'NONE', *, *, #3188, .T. ) ;
#3247 = DIRECTION ( 'NONE',  ( 0.000000000000000000, -1.000000000000000000, 0.000000000000000000 ) ) ;
#3248 = CARTESIAN_POINT ( 'NONE',  ( -0.1213346532991963211, -0.6321392624175952157, -9.692394093661855337 ) ) ;
#3249 = CARTESIAN_POINT ( 'NONE',  ( -0.2758127642761999954, -0.6255450281102000742, -5.731423641134000491 ) ) ;
#3250 = ORIENTED_EDGE ( 'NONE', *, *, #3496, .F. ) ;
#3251 = CARTESIAN_POINT ( 'NONE',  ( 0.4958873258251204619, 0.8476155584293211254, -2.373958333334333481 ) ) ;
#3252 = CARTESIAN_POINT ( 'NONE',  ( -1.199883573513000012, -0.01671556205242000215, 1.399999999999999911 ) ) ;
#3253 = DIRECTION ( 'NONE',  ( 0.000000000000000000, 0.000000000000000000, -1.000000000000000000 ) ) ;
#3254 = B_SPLINE_CURVE_WITH_KNOTS ( 'NONE', 3,
 ( #4344, #2916, #1505, #2959, #521, #480, #98, #3922, #3944, #1832 ),
 .UNSPECIFIED., .F., .F.,
 ( 4, 2, 2, 2, 4 ),
 ( 0.000000000000000000, 0.2500000000000000000, 0.5000000000000000000, 0.7500000000000000000, 1.000000000000000000 ),
 .UNSPECIFIED. ) ;
#3255 = CARTESIAN_POINT ( 'NONE',  ( -0.6339536004650866419, 0.1515600411859838736, -3.901056906801592117 ) ) ;
#3256 = CARTESIAN_POINT ( 'NONE',  ( 0.6290081501435998979, -0.6879049867312999611, -1.824354619621999962 ) ) ;
#3257 = ORIENTED_EDGE ( 'NONE', *, *, #3338, .F. ) ;
#3258 = CARTESIAN_POINT ( 'NONE',  ( -0.9499999999999997335, 0.2487094184091931393, -1.518229166666666741 ) ) ;
#3259 = DIRECTION ( 'NONE',  ( -0.8660254037844248298, 0.5000000000000239808, 0.000000000000000000 ) ) ;
#3260 = ADVANCED_FACE ( 'NONE', ( #3668 ), #981, .T. ) ;
#3261 = CARTESIAN_POINT ( 'NONE',  ( -0.8830222215595000534, 0.5098131173177999909, 0.8000000000000000444 ) ) ;
#3262 = DIRECTION ( 'NONE',  ( 0.000000000000000000, 0.000000000000000000, 1.000000000000000000 ) ) ;
#3263 = ORIENTED_EDGE ( 'NONE', *, *, #2255, .T. ) ;
#3264 = VECTOR ( 'NONE', #2570, 1000.000000000000000 ) ;
#3265 = CARTESIAN_POINT ( 'NONE',  ( -0.7917707159781000037, -0.3691949005929000549, -8.949664950681999187 ) ) ;
#3266 = EDGE_CURVE ( 'NONE', #630, #273, #257, .T. ) ;
#3267 = CARTESIAN_POINT ( 'NONE',  ( -0.5000000000000000000, 0.5773502691895999739, 0.8000000000000000444 ) ) ;
#3268 = CARTESIAN_POINT ( 'NONE',  ( 0.8476155584293234568, 0.4958873258251159100, -7.861666666668002179 ) ) ;
#3269 = CARTESIAN_POINT ( 'NONE',  ( -0.5100090193881000600, -0.8262849547386000859, -10.00557816512000109 ) ) ;
#3270 = CARTESIAN_POINT ( 'NONE',  ( 0.6395359282888667396, -0.1312911351604952037, -8.865747533012481085 ) ) ;
#3271 = VECTOR ( 'NONE', #2988, 1000.000000000000227 ) ;
#3272 = CARTESIAN_POINT ( 'NONE',  ( 0.4071223803146999942, -0.6978138176975999807, -4.401857880378000409 ) ) ;
#3273 = VECTOR ( 'NONE', #2832, 1000.000000000000000 ) ;
#3274 = ORIENTED_EDGE ( 'NONE', *, *, #1190, .T. ) ;
#3275 = DIRECTION ( 'NONE',  ( 0.000000000000000000, 0.000000000000000000, -1.000000000000000000 ) ) ;
#3276 = CARTESIAN_POINT ( 'NONE',  ( 0.8477307243209000198, 0.4287803855615999749, -3.229999999999999982 ) ) ;
#3277 = CARTESIAN_POINT ( 'NONE',  ( -8.199281067472000649E-11, -0.6590935455770999818, -9.693400501399999314 ) ) ;
#3278 = CARTESIAN_POINT ( 'NONE',  ( 0.2276560759112952192, 0.6116670103681909332, -4.078611620376262792 ) ) ;
#3279 = CARTESIAN_POINT ( 'NONE',  ( -1.047032877530000183, 0.1401011246889999895, -3.502013858865999918 ) ) ;
#3280 = VERTEX_POINT ( 'NONE', #955 ) ;
#3281 = CARTESIAN_POINT ( 'NONE',  ( 0.000000000000000000, -0.9499999999999999556, -6.625000000001000089 ) ) ;
#3282 = CARTESIAN_POINT ( 'NONE',  ( 0.000000000000000000, -0.9499999999999999556, -2.120000000001000195 ) ) ;
#3283 = CARTESIAN_POINT ( 'NONE',  ( -0.9272042868006969973, 0.3135051201585776770, -8.283020833332752630 ) ) ;
#3284 = CARTESIAN_POINT ( 'NONE',  ( -0.5000000000000000000, -0.5773502691895999739, 0.8000000000000000444 ) ) ;
#3285 = ORIENTED_EDGE ( 'NONE', *, *, #4242, .T. ) ;
#3286 = CARTESIAN_POINT ( 'NONE',  ( 0.5039625296710000812, -0.8521892148137999445, -8.678825544819000370 ) ) ;
#3287 = PLANE ( 'NONE',  #2476 ) ;
#3288 = FACE_OUTER_BOUND ( 'NONE', #2349, .T. ) ;
#3289 = EDGE_CURVE ( 'NONE', #3057, #2280, #2371, .T. ) ;
#3290 = CARTESIAN_POINT ( 'NONE',  ( 0.6202593571796238825, -0.2038145081187019980, -7.553574942742415033 ) ) ;
#3291 = CYLINDRICAL_SURFACE ( 'NONE', #797, 0.9499999999999999556 ) ;
#3292 = DIRECTION ( 'NONE',  ( 0.000000000000000000, 0.000000000000000000, -1.000000000000000000 ) ) ;
#3293 = CARTESIAN_POINT ( 'NONE',  ( -0.5168136927390000190, -0.6209640599265999761, -5.193232880377999905 ) ) ;
#3294 = EDGE_CURVE ( 'NONE', #1600, #755, #1977, .T. ) ;
#3295 = ORIENTED_EDGE ( 'NONE', *, *, #2766, .T. ) ;
#3296 = CARTESIAN_POINT ( 'NONE',  ( -0.2591145240257999860, 0.6326526514546000346, -4.010126358865999663 ) ) ;
#3297 = CARTESIAN_POINT ( 'NONE',  ( -0.1220842136785972587, -0.7290590010585341618, -8.453627578320181968 ) ) ;
#3298 = CARTESIAN_POINT ( 'NONE',  ( 0.4958873258251145777, -0.8476155584293242340, -6.702291666668667602 ) ) ;
#3299 = CARTESIAN_POINT ( 'NONE',  ( 0.2807457480064544653, -0.5886011882369689419, -5.651239083466457203 ) ) ;
#3300 = CARTESIAN_POINT ( 'NONE',  ( -0.9304590682879999575, -0.05577145148348999770, -2.061767119621999544 ) ) ;
#3301 = VERTEX_POINT ( 'NONE', #3372 ) ;
#3302 = CARTESIAN_POINT ( 'NONE',  ( -0.9500000000000003997, -0.2487094184091911409, -6.763020833334749682 ) ) ;
#3303 = VECTOR ( 'NONE', #2420, 1000.000000000000227 ) ;
#3304 = CARTESIAN_POINT ( 'NONE',  ( -1.200650444014000007, -0.05488097994761999970, 1.399999999999999911 ) ) ;
#3305 = CARTESIAN_POINT ( 'NONE',  ( 0.2487094184091882820, -0.9500000000000011768, -4.742395833335251609 ) ) ;
#3306 = CARTESIAN_POINT ( 'NONE',  ( 0.4958873258251204619, 0.8476155584293211254, -7.011458333335335524 ) ) ;
#3307 = EDGE_LOOP ( 'NONE', ( #3995, #943 ) ) ;
#3308 = CARTESIAN_POINT ( 'NONE',  ( -0.2500000000000000000, -0.7216878364869999674, 0.8000000000000000444 ) ) ;
#3309 = CARTESIAN_POINT ( 'NONE',  ( 0.1246020741548999888, -0.8646868369118000386, -9.477455450538000647 ) ) ;
#3310 = CARTESIAN_POINT ( 'NONE',  ( -0.9340403326827924069, -0.1897804114808837594, -9.411724171952439377 ) ) ;
#3311 = CARTESIAN_POINT ( 'NONE',  ( 0.000000000000000000, 0.9499999999999999556, -7.751250000002000817 ) ) ;
#3312 = CARTESIAN_POINT ( 'NONE',  ( 0.5322691317967820357, -0.3764061764664233811, -6.259962029555264706 ) ) ;
#3313 = CARTESIAN_POINT ( 'NONE',  ( -0.4958873258251184635, -0.8476155584293222356, -1.512708333334333632 ) ) ;
#3314 = CARTESIAN_POINT ( 'NONE',  ( -0.4958873258251166316, 0.8476155584293231238, -4.913541666667500252 ) ) ;
#3315 = EDGE_CURVE ( 'NONE', #1584, #2718, #2348, .T. ) ;
#3316 = CARTESIAN_POINT ( 'NONE',  ( 0.8994552472629999684, 0.2446309945340000014, -5.683829619622000173 ) ) ;
#3317 = EDGE_LOOP ( 'NONE', ( #2243, #4463, #405, #3940 ) ) ;
#3318 = CARTESIAN_POINT ( 'NONE',  ( -0.4305407289332000009, -0.3865124903618999963, 0.5999999999999999778 ) ) ;
#3319 = CARTESIAN_POINT ( 'NONE',  ( -1.191515907017999920, 0.1833351794803999846, 1.399999999999999911 ) ) ;
#3320 = DIRECTION ( 'NONE',  ( 0.000000000000000000, 1.000000000000000000, 0.000000000000000000 ) ) ;
#3321 = APPROVAL ( #21, 'Coincident' ) ;
#3322 = CARTESIAN_POINT ( 'NONE',  ( 0.6197391562120027064, 0.2038086167199575638, -5.499049328973879547 ) ) ;
#3323 = DIRECTION ( 'NONE',  ( 0.000000000000000000, 0.000000000000000000, -1.000000000000000000 ) ) ;
#3324 = ORIENTED_EDGE ( 'NONE', *, *, #4188, .T. ) ;
#3325 = CARTESIAN_POINT ( 'NONE',  ( 0.02959174535755124472, -0.9392564302594896830, -9.412845867527638077 ) ) ;
#3326 = CARTESIAN_POINT ( 'NONE',  ( 0.5009093339410999324, -1.945833246282999918, 1.399999999999999911 ) ) ;
#3327 = CARTESIAN_POINT ( 'NONE',  ( 0.5608146579677999455, 0.5815327780900999555, -8.182195380377999427 ) ) ;
#3328 = CARTESIAN_POINT ( 'NONE',  ( 0.5354431453099000038, 0.4250765123407999613, -1.476261141134000088 ) ) ;
#3329 = ORIENTED_EDGE ( 'NONE', *, *, #1620, .F. ) ;
#3330 = CARTESIAN_POINT ( 'NONE',  ( 0.000000000000000000, 0.9499999999999999556, -8.943749999998999556 ) ) ;
#3331 = CARTESIAN_POINT ( 'NONE',  ( -0.2054421102424999757, -0.6069121966707999860, -8.391780221041001298 ) ) ;
#3332 = CARTESIAN_POINT ( 'NONE',  ( 0.6658613106292999850, -1.004993965750000218, 1.399999999999999911 ) ) ;
#3333 = CARTESIAN_POINT ( 'NONE',  ( -0.7074654938534999937, 0.7844724067630000075, -7.664011141134000837 ) ) ;
#3334 = CARTESIAN_POINT ( 'NONE',  ( -0.1785699430526872522, 0.6279208671654020746, -7.325290311003549881 ) ) ;
#3335 = DIRECTION ( 'NONE',  ( 0.000000000000000000, -1.000000000000000000, 0.000000000000000000 ) ) ;
#3336 = CARTESIAN_POINT ( 'NONE',  ( 0.5423341466396999211, 0.7581149032601999238, -1.939270380379000125 ) ) ;
#3337 = CARTESIAN_POINT ( 'NONE',  ( 0.5072488860818000767, 0.6803675952245999969, -3.626254619621999797 ) ) ;
#3338 = EDGE_CURVE ( 'NONE', #1763, #1679, #4007, .T. ) ;
#3339 = ORIENTED_EDGE ( 'NONE', *, *, #2537, .F. ) ;
#3340 = VECTOR ( 'NONE', #1337, 1000.000000000000000 ) ;
#3341 = CARTESIAN_POINT ( 'NONE',  ( -0.4229863434741000239, 0.4824422449932999624, -5.962184692199000047 ) ) ;
#3342 = CARTESIAN_POINT ( 'NONE',  ( -1.066046761526999953, 0.5629599117674000119, 1.399999999999999911 ) ) ;
#3343 = CARTESIAN_POINT ( 'NONE',  ( 0.5894667893253019431, 0.2803722213334717828, -2.835764697235741760 ) ) ;
#3344 = DIRECTION ( 'NONE',  ( 0.000000000000000000, 0.000000000000000000, -1.000000000000000000 ) ) ;
#3345 = DIRECTION ( 'NONE',  ( 0.000000000000000000, -1.000000000000000000, 0.000000000000000000 ) ) ;
#3346 = VECTOR ( 'NONE', #701, 1000.000000000000000 ) ;
#3347 = ADVANCED_FACE ( 'NONE', ( #928 ), #1619, .F. ) ;
#3348 = ORIENTED_EDGE ( 'NONE', *, *, #2815, .F. ) ;
#3349 = CARTESIAN_POINT ( 'NONE',  ( 0.000000000000000000, 1.019626234635999884, 0.8000000000000000444 ) ) ;
#3350 = AXIS2_PLACEMENT_3D ( 'NONE', #2390, #2781, #999 ) ;
#3351 = CARTESIAN_POINT ( 'NONE',  ( 0.7835965649614999862, 0.1966448082562999855, -6.915995380377998991 ) ) ;
#3352 = CARTESIAN_POINT ( 'NONE',  ( 0.000000000000000000, -0.9499999999999999556, -5.962500000000999556 ) ) ;
#3353 = ORIENTED_EDGE ( 'NONE', *, *, #2560, .F. ) ;
#3354 = ORIENTED_EDGE ( 'NONE', *, *, #163, .F. ) ;
#3355 = CARTESIAN_POINT ( 'NONE',  ( 0.000000000000000000, -0.9499999999999999556, -8.612500000000000711 ) ) ;
#3356 = CARTESIAN_POINT ( 'NONE',  ( -0.5046707604401000635, 0.5644724061535000281, -8.516783690069999579 ) ) ;
#3357 = DIRECTION ( 'NONE',  ( 0.000000000000000000, 0.000000000000000000, -1.000000000000000000 ) ) ;
#3358 = CARTESIAN_POINT ( 'NONE',  ( -0.5649365458944000107, -0.7783443553431000916, -8.138836141133998225 ) ) ;
#3359 = CARTESIAN_POINT ( 'NONE',  ( 0.4411513021742619611, 0.4803030075509661656, -6.107772275062699485 ) ) ;
#3360 = CARTESIAN_POINT ( 'NONE',  ( -0.1745658559400377896, -0.9500000000000001776, -5.451875000000916849 ) ) ;
#3361 = CARTESIAN_POINT ( 'NONE',  ( -0.2126840901125000294, -1.034731781564000030, -2.794011141135000376 ) ) ;
#3362 = CARTESIAN_POINT ( 'NONE',  ( 0.3299493005536000556, 0.8717786317526999840, -4.259354619622000016 ) ) ;
#3363 = EDGE_LOOP ( 'NONE', ( #3025, #832, #2939, #376 ) ) ;
#3364 = CARTESIAN_POINT ( 'NONE',  ( -0.1969218616059000004, 0.6097329216203000168, -8.635947753236997926 ) ) ;
#3365 = CARTESIAN_POINT ( 'NONE',  ( 0.000000000000000000, -0.9499999999999999556, -8.612500000000000711 ) ) ;
#3366 = CARTESIAN_POINT ( 'NONE',  ( -0.6403791298655562292, 0.1206747079119845356, -5.220034779070824804 ) ) ;
#3367 = CARTESIAN_POINT ( 'NONE',  ( 0.9499999999999990674, -0.2487094184091952209, -5.294479166668082826 ) ) ;
#3368 = B_SPLINE_CURVE_WITH_KNOTS ( 'NONE', 3,
 ( #4107, #939, #3038, #2991, #3383, #1940, #4400, #4446, #2334, #4375 ),
 .UNSPECIFIED., .F., .F.,
 ( 4, 2, 2, 2, 4 ),
 ( 0.000000000000000000, 0.2500000000000000000, 0.5000000000000000000, 0.7500000000000000000, 1.000000000000000000 ),
 .UNSPECIFIED. ) ;
#3369 = ORIENTED_EDGE ( 'NONE', *, *, #2983, .T. ) ;
#3370 = DIRECTION ( 'NONE',  ( 0.000000000000000000, 0.000000000000000000, -1.000000000000000000 ) ) ;
#3371 = CARTESIAN_POINT ( 'NONE',  ( -0.1198156837571999894, 0.6730778989448999994, -6.662811141134000081 ) ) ;
#3372 = CARTESIAN_POINT ( 'NONE',  ( 0.7500000000000000000, 0.1443375672973999935, 1.399999999999999911 ) ) ;
#3373 = ADVANCED_FACE ( 'NONE', ( #634 ), #3005, .T. ) ;
#3374 = ORIENTED_EDGE ( 'NONE', *, *, #3570, .F. ) ;
#3375 = CC_DESIGN_APPROVAL ( #3214, ( #4464 ) ) ;
#3376 = ORIENTED_EDGE ( 'NONE', *, *, #733, .F. ) ;
#3377 = DIRECTION ( 'NONE',  ( -0.7285049696539939168, -0.4206025403356966064, -0.5407162030608959613 ) ) ;
#3378 = CARTESIAN_POINT ( 'NONE',  ( 0.3854242496017000197, -0.6517436700159000562, -8.868644023307000523 ) ) ;
#3379 = CARTESIAN_POINT ( 'NONE',  ( -1.200040220748000097, -0.06272722952537000685, 1.399999999986999866 ) ) ;
#3380 = CARTESIAN_POINT ( 'NONE',  ( -0.7453761119658999235, 0.5597133022332999586, -6.413582880377999729 ) ) ;
#3381 = EDGE_CURVE ( 'NONE', #3474, #1692, #4382, .T. ) ;
#3382 = CARTESIAN_POINT ( 'NONE',  ( 0.000000000000000000, -0.9499999999999999556, -5.300000000002000000 ) ) ;
#3383 = CARTESIAN_POINT ( 'NONE',  ( -0.9499999999999997335, 0.2487094184091930837, -4.300729166667251135 ) ) ;
#3384 = CARTESIAN_POINT ( 'NONE',  ( 0.9291814837829999174, -0.07407032595361999483, -1.385307880377999901 ) ) ;
#3385 = CARTESIAN_POINT ( 'NONE',  ( 1.039203101325000045, 0.1888349132377999950, -3.800301358866000179 ) ) ;
#3386 = VERTEX_POINT ( 'NONE', #588 ) ;
#3387 = CARTESIAN_POINT ( 'NONE',  ( 0.7417118295942000117, -0.1522669544616999937, -8.950769700753998137 ) ) ;
#3388 = PLANE ( 'NONE',  #3495 ) ;
#3389 = DIRECTION ( 'NONE',  ( 0.000000000000000000, -1.000000000000000000, 0.000000000000000000 ) ) ;
#3390 = DIRECTION ( 'NONE',  ( 0.5416752204197295972, -0.4545194776720247187, 0.7071067811865385799 ) ) ;
#3391 = ORIENTED_EDGE ( 'NONE', *, *, #1998, .F. ) ;
#3392 = CARTESIAN_POINT ( 'NONE',  ( 0.7629036849656000152, -0.7306729434744000384, -4.675048641134000427 ) ) ;
#3393 = CARTESIAN_POINT ( 'NONE',  ( -1.366098404099999941, -1.473415152268000128, 0.9000000000464060124 ) ) ;
#3394 = CARTESIAN_POINT ( 'NONE',  ( 0.4524388881028000298, -0.6693219042084000980, -7.707370380377999375 ) ) ;
#3395 = CARTESIAN_POINT ( 'NONE',  ( -0.5954719987662839831, 0.4380007773272669436, -6.018627578320224103 ) ) ;
#3396 = ORIENTED_EDGE ( 'NONE', *, *, #784, .F. ) ;
#3397 = ORIENTED_EDGE ( 'NONE', *, *, #2677, .T. ) ;
#3398 = EDGE_CURVE ( 'NONE', #449, #125, #4097, .T. ) ;
#3399 = DIRECTION ( 'NONE',  ( 0.3420201433256990775, -0.9396926207858972147, 0.000000000000000000 ) ) ;
#3400 = CARTESIAN_POINT ( 'NONE',  ( -0.6980127346664999344, 0.2934278204674000134, -9.132539273235000366 ) ) ;
#3401 = DIRECTION ( 'NONE',  ( 0.000000000000000000, -1.000000000000000000, 0.000000000000000000 ) ) ;
#3402 = CARTESIAN_POINT ( 'NONE',  ( 0.03424873384042000091, -0.9314993771037001213, -6.176170380378000146 ) ) ;
#3403 = CARTESIAN_POINT ( 'NONE',  ( 0.5000000000000000000, -0.5773502691895999739, 0.8000000000000000444 ) ) ;
#3404 = ADVANCED_FACE ( 'NONE', ( #1346 ), #353, .F. ) ;
#3405 = CARTESIAN_POINT ( 'NONE',  ( 0.2487094184091941385, 0.9499999999999996225, -8.441354166665663072 ) ) ;
#3406 = CARTESIAN_POINT ( 'NONE',  ( -0.9304590682879999575, -0.05577145148348999770, -1.701857880378999877 ) ) ;
#3407 = CARTESIAN_POINT ( 'NONE',  ( -1.047971393247999927, -0.1328944872787000131, -5.462188858865999919 ) ) ;
#3408 = B_SPLINE_CURVE_WITH_KNOTS ( 'NONE', 3,
 ( #1446, #2132, #2839, #1406, #4226, #466 ),
 .UNSPECIFIED., .F., .F.,
 ( 4, 2, 4 ),
 ( 0.000000000000000000, 0.5000000000000000000, 1.000000000000000000 ),
 .UNSPECIFIED. ) ;
#3409 = ORIENTED_EDGE ( 'NONE', *, *, #3100, .F. ) ;
#3410 = CARTESIAN_POINT ( 'NONE',  ( 0.3194154557735000011, 0.5554513684862000256, -8.723912836545999028 ) ) ;
#3411 = CARTESIAN_POINT ( 'NONE',  ( -1.366098404099999941, -1.473415152268000128, 0.9000000000000000222 ) ) ;
#3412 = CARTESIAN_POINT ( 'NONE',  ( -0.9499999999999997335, 0.2487094184091931393, -5.493229166668667673 ) ) ;
#3413 = DIRECTION ( 'NONE',  ( -0.7285049696539939168, 0.4206025403356966064, -0.5407162030608959613 ) ) ;
#3414 = DIRECTION ( 'NONE',  ( 0.000000000000000000, 0.000000000000000000, -1.000000000000000000 ) ) ;
#3415 = CARTESIAN_POINT ( 'NONE',  ( -0.1194592710668000018, 0.5661154538010000348, 0.5999999999999999778 ) ) ;
#3416 = VECTOR ( 'NONE', #747, 1000.000000000000000 ) ;
#3417 = VECTOR ( 'NONE', #2708, 1000.000000000000000 ) ;
#3418 = ORIENTED_EDGE ( 'NONE', *, *, #1220, .F. ) ;
#3419 = CARTESIAN_POINT ( 'NONE',  ( -0.2500000000000000000, -0.7216878364869999674, 1.399999999999999911 ) ) ;
#3420 = CARTESIAN_POINT ( 'NONE',  ( 0.4958873258251204619, 0.8476155584293211254, -5.023958333334499926 ) ) ;
#3421 = CARTESIAN_POINT ( 'NONE',  ( 0.5739359866063999949, 0.8868497422544999731, -7.026676358866000172 ) ) ;
#3422 = AXIS2_PLACEMENT_3D ( 'NONE', #3992, #3292, #2902 ) ;
#3423 = DIRECTION ( 'NONE',  ( 0.000000000000000000, 0.000000000000000000, -1.000000000000000000 ) ) ;
#3424 = ORIENTED_EDGE ( 'NONE', *, *, #2126, .T. ) ;
#3425 = VECTOR ( 'NONE', #3081, 1000.000000000000114 ) ;
#3426 = ORIENTED_EDGE ( 'NONE', *, *, #404, .F. ) ;
#3427 = PLANE ( 'NONE',  #2325 ) ;
#3428 = CARTESIAN_POINT ( 'NONE',  ( 0.6222492220820000641, 0.1528344493306000029, -9.491343762407000284 ) ) ;
#3429 = CARTESIAN_POINT ( 'NONE',  ( -1.063716366179999984, -0.5673514923558999890, 1.399999999999999911 ) ) ;
#3430 = CARTESIAN_POINT ( 'NONE',  ( 0.9316234661268000261, -0.03071117469014999699, -6.017895380377999537 ) ) ;
#3431 = CARTESIAN_POINT ( 'NONE',  ( -0.4958873258251184635, -0.8476155584293222356, -2.837708333334167055 ) ) ;
#3432 = CARTESIAN_POINT ( 'NONE',  ( 0.000000000000000000, 0.9499999999999999556, -5.631250000001999823 ) ) ;
#3433 = CARTESIAN_POINT ( 'NONE',  ( -0.4195327498238000108, 0.9694829827721000992, -2.398323641135000184 ) ) ;
#3434 = CARTESIAN_POINT ( 'NONE',  ( 0.5563733690952000766, 0.8979720474782999506, -5.699601358865999501 ) ) ;
#3435 = ADVANCED_FACE ( 'NONE', ( #112 ), #1499, .F. ) ;
#3436 = ORIENTED_EDGE ( 'NONE', *, *, #1063, .T. ) ;
#3437 = CARTESIAN_POINT ( 'NONE',  ( -0.4212164119976000154, -0.4828345371540999631, -9.075773169782999972 ) ) ;
#3438 = CARTESIAN_POINT ( 'NONE',  ( 0.4899872458383000007, -1.101497281440000142, 1.399999999999999911 ) ) ;
#3439 = CARTESIAN_POINT ( 'NONE',  ( -0.9500000000000002887, -0.2487094184091911964, -7.558020833335332256 ) ) ;
#3440 = CARTESIAN_POINT ( 'NONE',  ( 0.000000000000000000, -0.9499999999999999556, -6.625000000001000089 ) ) ;
#3441 = LINE ( 'NONE', #367, #3863 ) ;
#3442 = ADVANCED_FACE ( 'NONE', ( #1219 ), #4000, .T. ) ;
#3443 = VERTEX_POINT ( 'NONE', #1972 ) ;
#3444 = CARTESIAN_POINT ( 'NONE',  ( -0.4395712780628000527, 0.8554240631895999591, -5.703836141133999504 ) ) ;
#3445 = DIRECTION ( 'NONE',  ( 0.000000000000000000, 0.000000000000000000, -1.000000000000000000 ) ) ;
#3446 = CARTESIAN_POINT ( 'NONE',  ( 0.6470546974320000588, 0.6709587747559999649, -8.277104619621999504 ) ) ;
#3447 = CARTESIAN_POINT ( 'NONE',  ( -0.5573946364483999272, -0.3958553082581999782, -3.138148641134999917 ) ) ;
#3448 = ORIENTED_EDGE ( 'NONE', *, *, #1583, .F. ) ;
#3449 = ORIENTED_EDGE ( 'NONE', *, *, #227, .F. ) ;
#3450 = CARTESIAN_POINT ( 'NONE',  ( -1.199999999999999956, 9.123479565670000414E-10, 1.399999999986999866 ) ) ;
#3451 = CARTESIAN_POINT ( 'NONE',  ( -0.5334954917724222812, -0.3752817734105032277, -1.161677397816379242 ) ) ;
#3452 = DIRECTION ( 'NONE',  ( -0.3420201433256880863, 0.9396926207859013225, 0.000000000000000000 ) ) ;
#3453 = CARTESIAN_POINT ( 'NONE',  ( -0.7486669977553999100, -0.3036288583960999876, -7.062454619622000607 ) ) ;
#3454 = DIRECTION ( 'NONE',  ( -0.8660254037844288266, -0.5000000000000169864, 0.000000000000000000 ) ) ;
#3455 = CARTESIAN_POINT ( 'NONE',  ( 2.000081318496270910, 0.1045453773965073496, 0.9000000000464060124 ) ) ;
#3456 = CARTESIAN_POINT ( 'NONE',  ( 0.6701284771418999364, 0.1353420814132999805, -2.208226358866999917 ) ) ;
#3457 = VECTOR ( 'NONE', #4164, 1000.000000000000227 ) ;
#3458 = CARTESIAN_POINT ( 'NONE',  ( 0.000000000000000000, -0.9499999999999999556, -3.445000000000000284 ) ) ;
#3459 = ORIENTED_EDGE ( 'NONE', *, *, #698, .T. ) ;
#3460 = CARTESIAN_POINT ( 'NONE',  ( -0.2239159682222999770, -0.7233141107167999628, -9.126699867373000430 ) ) ;
#3461 = EDGE_CURVE ( 'NONE', #2917, #300, #2637, .T. ) ;
#3462 = CARTESIAN_POINT ( 'NONE',  ( -1.905129515670999973, -0.6385160154361001483, 1.399999999999999911 ) ) ;
#3463 = CALENDAR_DATE ( 2026, 22, 6 ) ;
#3464 = CARTESIAN_POINT ( 'NONE',  ( 0.9500000000000008438, 0.2487094184091889204, -1.794270833333750481 ) ) ;
#3465 = CARTESIAN_POINT ( 'NONE',  ( 0.000000000000000000, -0.9499999999999999556, -2.120000000001000195 ) ) ;
#3466 = EDGE_LOOP ( 'NONE', ( #94, #807, #1980, #1434 ) ) ;
#3467 = CARTESIAN_POINT ( 'NONE',  ( -0.6757611547030000221, -0.8119432516215999707, -4.833323641133999260 ) ) ;
#3468 = ADVANCED_FACE ( 'NONE', ( #2018 ), #1267, .T. ) ;
#3469 = DIRECTION ( 'NONE',  ( 0.000000000000000000, -1.000000000000000000, 0.000000000000000000 ) ) ;
#3470 = CARTESIAN_POINT ( 'NONE',  ( 0.7144396859296999747, -0.5987762753937999616, -8.435379619621999225 ) ) ;
#3471 = CARTESIAN_POINT ( 'NONE',  ( -0.6586847888733999845, -0.4677904183036999952, -3.233057880379000437 ) ) ;
#3472 = B_SPLINE_CURVE_WITH_KNOTS ( 'NONE', 3,
 ( #100, #1488, #2919, #4303, #1186, #2577, #845, #2235, #3625, #504 ),
 .UNSPECIFIED., .F., .F.,
 ( 4, 2, 2, 2, 4 ),
 ( 0.000000000000000000, 0.2500000000000000000, 0.5000000000000000000, 0.7500000000000000000, 1.000000000000000000 ),
 .UNSPECIFIED. ) ;
#3473 = VERTEX_POINT ( 'NONE', #1637 ) ;
#3474 = VERTEX_POINT ( 'NONE', #1926 ) ;
#3475 = FACE_OUTER_BOUND ( 'NONE', #101, .T. ) ;
#3476 = CARTESIAN_POINT ( 'NONE',  ( 1.199999999999999956, -9.123470989108999504E-10, 1.399999999986999866 ) ) ;
#3477 = CARTESIAN_POINT ( 'NONE',  ( 0.6662985741794000827, -0.1530877676226999884, -7.553051358865999987 ) ) ;
#3478 = CARTESIAN_POINT ( 'NONE',  ( 0.2487094184091940829, 0.9499999999999994005, -6.321354166666747432 ) ) ;
#3479 = CARTESIAN_POINT ( 'NONE',  ( 1.772860090457000215, 0.9455858206207998773, 0.9000000000464060124 ) ) ;
#3480 = CARTESIAN_POINT ( 'NONE',  ( -0.2298458166152999860, -0.7743941332750999829, -1.005392119622000147 ) ) ;
#3481 = CARTESIAN_POINT ( 'NONE',  ( -0.2055643809902999997, 1.036169993760999830, -5.620463858865999640 ) ) ;
#3482 = ORIENTED_EDGE ( 'NONE', *, *, #637, .T. ) ;
#3483 = CARTESIAN_POINT ( 'NONE',  ( -0.8734557011251999903, -0.01675945936045999951, -9.353556731580001227 ) ) ;
#3484 = CARTESIAN_POINT ( 'NONE',  ( 1.191515907017999920, -0.1833351794803999846, 1.399999999999999911 ) ) ;
#3485 = DATE_AND_TIME ( #1447, #2508 ) ;
#3486 = CARTESIAN_POINT ( 'NONE',  ( 0.000000000000000000, -0.9499999999999999556, -1.987500000001000133 ) ) ;
#3487 = DIRECTION ( 'NONE',  ( -0.3420201433256990775, 0.9396926207858972147, 0.000000000000000000 ) ) ;
#3488 = EDGE_CURVE ( 'NONE', #3557, #1333, #4338, .T. ) ;
#3489 = B_SPLINE_CURVE_WITH_KNOTS ( 'NONE', 3,
 ( #1156, #2184, #2139, #3451, #453, #2744, #3111, #413, #1719, #4490, #432, #1843, #4153, #1372, #3937, #1008, #110, #2401, #3789, #1823, #90, #2765, #2486, #1497, #815, #3874, #3595, #3895, #3536, #471, #1802, #3085, #69, #2846, #2506, #1476, #4253, #1947, #2951, #558, #1217, #2316, #2909, #4336, #3998, #922, #835, #3343, #4358, #3974, #128, #2609, #2930, #219, #1613, #3638, #4314, #3956, #2565, #2223, #3684, #2295, #1903, #2998, #1242, #4381 ),
 .UNSPECIFIED., .F., .F.,
 ( 4, 2, 2, 2, 2, 2, 2, 2, 2, 2, 2, 2, 2, 2, 2, 2, 2, 2, 2, 2, 2, 2, 2, 2, 2, 2, 2, 2, 2, 2, 2, 2, 4 ),
 ( 0.000000000000000000, 0.03125000000000000000, 0.06249999999999999306, 0.09375000000000000000, 0.1250000000000000000, 0.1562500000000000000, 0.1875000000000000000, 0.2187500000000000000, 0.2500000000000000000, 0.2812500000000000000, 0.3125000000000000000, 0.3437500000000000000, 0.3750000000000000000, 0.4062500000000000000, 0.4375000000000000000, 0.4687500000000000000, 0.5000000000000000000, 0.5312500000000000000, 0.5625000000000000000, 0.5937500000000000000, 0.6250000000000000000, 0.6562500000000000000, 0.6875000000000000000, 0.7187500000000000000, 0.7500000000000000000, 0.7812500000000000000, 0.8125000000000000000, 0.8437500000000000000, 0.8750000000000000000, 0.9062500000000000000, 0.9375000000000000000, 0.9687500000000000000, 1.000000000000000000 ),
 .UNSPECIFIED. ) ;
#3490 = VERTEX_POINT ( 'NONE', #1317 ) ;
#3491 = CARTESIAN_POINT ( 'NONE',  ( -0.7704485668181000335, -0.5246651685319999592, -4.295132880377999562 ) ) ;
#3492 = CARTESIAN_POINT ( 'NONE',  ( -0.1630467396443000261, -2.002646575511000115, 0.9000000000464060124 ) ) ;
#3493 = CARTESIAN_POINT ( 'NONE',  ( 0.1082707440636999918, 1.050857414463000072, -6.314438858866000537 ) ) ;
#3494 = CARTESIAN_POINT ( 'NONE',  ( -0.6776200665438000259, 0.09067082368852000251, -3.217286141135000221 ) ) ;
#3495 = AXIS2_PLACEMENT_3D ( 'NONE', #2681, #1288, #4088 ) ;
#3496 = EDGE_CURVE ( 'NONE', #2165, #2251, #901, .T. ) ;
#3497 = ORIENTED_EDGE ( 'NONE', *, *, #15, .T. ) ;
#3498 = CARTESIAN_POINT ( 'NONE',  ( -0.2487094184091901694, 0.9500000000000006217, -4.278645833333334814 ) ) ;
#3499 = FACE_OUTER_BOUND ( 'NONE', #1221, .T. ) ;
#3500 = VECTOR ( 'NONE', #998, 1000.000000000000000 ) ;
#3501 = LINE ( 'NONE', #354, #3926 ) ;
#3502 = CARTESIAN_POINT ( 'NONE',  ( -0.6335397083460000411, -0.2569379162839000585, -7.157363858865999795 ) ) ;
#3503 = CARTESIAN_POINT ( 'NONE',  ( -0.2487094184091920568, -0.9500000000000000666, -4.797604166668667958 ) ) ;
#3504 = CARTESIAN_POINT ( 'NONE',  ( 0.8276036950847001084, 0.4288783660539999820, -2.651507880378999982 ) ) ;
#3505 = ORIENTED_EDGE ( 'NONE', *, *, #3954, .F. ) ;
#3506 = CARTESIAN_POINT ( 'NONE',  ( -0.2801082849783999573, -0.8274892345160999030, -8.561870981797000013 ) ) ;
#3507 = CARTESIAN_POINT ( 'NONE',  ( -2.000000000000000000, -3.677367421670000185E-11, 0.06666666666667001029 ) ) ;
#3508 = COORDINATED_UNIVERSAL_TIME_OFFSET ( 10, 0, .AHEAD. ) ;
#3509 = CARTESIAN_POINT ( 'NONE',  ( 0.000000000000000000, 0.9499999999999999556, -1.656250000000000000 ) ) ;
#3510 = CARTESIAN_POINT ( 'NONE',  ( 0.000000000000000000, 0.9499999999999999556, -8.281250000002000178 ) ) ;
#3511 = ORIENTED_EDGE ( 'NONE', *, *, #4480, .T. ) ;
#3512 = CARTESIAN_POINT ( 'NONE',  ( -0.3881958851613999673, -0.7085177537137999915, -3.677804619621999560 ) ) ;
#3513 = PLANE ( 'NONE',  #3590 ) ;
#3514 = CARTESIAN_POINT ( 'NONE',  ( -0.1642621469475999962, -1.043514697813000103, -7.976326358866000277 ) ) ;
#3515 = CARTESIAN_POINT ( 'NONE',  ( 0.6224172544830000042, 0.003984605361245000497, -3.533836141134000020 ) ) ;
#3516 = VERTEX_POINT ( 'NONE', #2320 ) ;
#3517 = CARTESIAN_POINT ( 'NONE',  ( -0.5000000000000000000, 0.5773502691895999739, 1.399999999999999911 ) ) ;
#3518 = PLANE ( 'NONE',  #2244 ) ;
#3519 = PRODUCT ( 'MEIHUA-M2-10.stp', 'MEIHUA-M2-10.stp', '', ( #996 ) ) ;
#3520 = B_SPLINE_CURVE_WITH_KNOTS ( 'NONE', 3,
 ( #3620, #97, #1527, #1483, #3283, #2553, #2256, #3644, #1143, #2854 ),
 .UNSPECIFIED., .F., .F.,
 ( 4, 2, 2, 2, 4 ),
 ( 0.000000000000000000, 0.2500000000000000000, 0.5000000000000000000, 0.7500000000000000000, 1.000000000000000000 ),
 .UNSPECIFIED. ) ;
#3521 = EDGE_CURVE ( 'NONE', #3093, #2828, #2297, .T. ) ;
#3522 = CARTESIAN_POINT ( 'NONE',  ( 2.000014283571212470, 4.297176518089427903E-10, 1.400000000000000355 ) ) ;
#3523 = CARTESIAN_POINT ( 'NONE',  ( 0.4843358941070999846, -0.4825027953252000179, -6.286851358865999551 ) ) ;
#3524 = CARTESIAN_POINT ( 'NONE',  ( -0.1713042507097000122, 2.001957142248999677, 0.9000000000464060124 ) ) ;
#3525 = EDGE_CURVE ( 'NONE', #2251, #908, #561, .T. ) ;
#3526 = CARTESIAN_POINT ( 'NONE',  ( 0.5354431453099000038, 0.4250765123407999613, -1.495988858865999971 ) ) ;
#3527 = ORIENTED_EDGE ( 'NONE', *, *, #784, .T. ) ;
#3528 = VECTOR ( 'NONE', #1667, 1000.000000000000114 ) ;
#3529 = CARTESIAN_POINT ( 'NONE',  ( 0.1019106127838999842, -0.8676519857099999067, -9.177626564962000799 ) ) ;
#3530 = CARTESIAN_POINT ( 'NONE',  ( 1.144647929817999898, -0.3783923085966999778, 1.399999999999999911 ) ) ;
#3531 = CARTESIAN_POINT ( 'NONE',  ( -0.9500000000000002887, -0.2487094184091911964, -6.233020833334748545 ) ) ;
#3532 = CARTESIAN_POINT ( 'NONE',  ( 0.8476155584293201262, -0.4958873258251215166, -1.347083333334000654 ) ) ;
#3533 = ORIENTED_EDGE ( 'NONE', *, *, #2068, .T. ) ;
#3534 = CARTESIAN_POINT ( 'NONE',  ( -0.9247234142781000088, -0.1172652658334999987, -5.007370380377999197 ) ) ;
#3535 = CARTESIAN_POINT ( 'NONE',  ( 1.190749702004999966, 0.1882474219926999759, 1.399999999999999911 ) ) ;
#3536 = CARTESIAN_POINT ( 'NONE',  ( 0.2797841172758378514, 0.5898288496244599166, -2.100180883854951386 ) ) ;
#3537 = CARTESIAN_POINT ( 'NONE',  ( 0.2500000000000000000, 0.7216878364869999674, 1.399999999999999911 ) ) ;
#3538 = CARTESIAN_POINT ( 'NONE',  ( -0.6227371764735000204, 0.5146757875320000508, -2.045995380379000306 ) ) ;
#3539 = EDGE_LOOP ( 'NONE', ( #2391, #2078, #46, #237 ) ) ;
#3540 = CARTESIAN_POINT ( 'NONE',  ( 0.04510959371007000618, -0.9489284085510999445, -9.402491419469999556 ) ) ;
#3541 = CARTESIAN_POINT ( 'NONE',  ( -0.9612005553652637202, -0.09521938051461291408, -6.117500000000333671 ) ) ;
#3542 = CARTESIAN_POINT ( 'NONE',  ( -0.2964566467916571746, 0.9146597881155136278, -5.730833333333333002 ) ) ;
#3543 = CARTESIAN_POINT ( 'NONE',  ( 0.000000000000000000, 0.9499999999999999556, -4.968750000001000089 ) ) ;
#3544 = EDGE_CURVE ( 'NONE', #8, #4028, #1565, .T. ) ;
#3545 = CARTESIAN_POINT ( 'NONE',  ( 0.000000000000000000, 0.000000000000000000, 0.000000000000000000 ) ) ;
#3546 = CARTESIAN_POINT ( 'NONE',  ( -0.5125317248549000615, 0.6244913742402000700, -3.221242119622000022 ) ) ;
#3547 = ORIENTED_EDGE ( 'NONE', *, *, #1220, .T. ) ;
#3548 = CARTESIAN_POINT ( 'NONE',  ( -0.5822771954343999301, 0.6512749208384999156, -8.781783690069998372 ) ) ;
#3549 = CARTESIAN_POINT ( 'NONE',  ( 0.000000000000000000, 0.9499999999999999556, -3.643749999999999822 ) ) ;
#3550 = CARTESIAN_POINT ( 'NONE',  ( 0.5980911385091000065, 0.5431203800438000329, -4.876682880377999574 ) ) ;
#3551 = ORIENTED_EDGE ( 'NONE', *, *, #4131, .T. ) ;
#3552 = CARTESIAN_POINT ( 'NONE',  ( -0.1813887263221000135, 0.9143099330536000879, -5.165645380377999807 ) ) ;
#3553 = CARTESIAN_POINT ( 'NONE',  ( 1.984582836676000106, 0.3137457033211999979, 1.399999999999999911 ) ) ;
#3554 = CARTESIAN_POINT ( 'NONE',  ( 0.000000000000000000, 0.7084814692635000855, 0.5999999999999999778 ) ) ;
#3555 = CARTESIAN_POINT ( 'NONE',  ( 0.2043738312666088519, 0.6196752893297963194, -4.738100556510757677 ) ) ;
#3556 = CARTESIAN_POINT ( 'NONE',  ( -0.4317211068982999556, -0.8261243362927999101, -2.615729619622999991 ) ) ;
#3557 = VERTEX_POINT ( 'NONE', #221 ) ;
#3558 = CARTESIAN_POINT ( 'NONE',  ( -0.1221648694337256896, -0.7290762990744873440, -8.276408726381468739 ) ) ;
#3559 = DIRECTION ( 'NONE',  ( 0.000000000000000000, -1.000000000000000000, 0.000000000000000000 ) ) ;
#3560 = LINE ( 'NONE', #2937, #3055 ) ;
#3561 = CARTESIAN_POINT ( 'NONE',  ( -0.7500000000000000000, 0.1443375672973999935, 0.8000000000000000444 ) ) ;
#3562 = AXIS2_PLACEMENT_3D ( 'NONE', #439, #418, #3559 ) ;
#3563 = CARTESIAN_POINT ( 'NONE',  ( 0.8207883395943998961, -0.5536348930266999924, -9.294581127983999380 ) ) ;
#3564 = DIRECTION ( 'NONE',  ( -0.8660254037844288266, 0.5000000000000169864, 0.000000000000000000 ) ) ;
#3565 = AXIS2_PLACEMENT_3D ( 'NONE', #1167, #2261, #462 ) ;
#3566 = DESIGN_CONTEXT ( 'detailed design', #962, 'design' ) ;
#3567 = VERTEX_POINT ( 'NONE', #3000 ) ;
#3568 = CARTESIAN_POINT ( 'NONE',  ( 0.7989460882982000189, 0.5847134657437000893, -9.052623095931998876 ) ) ;
#3569 = CARTESIAN_POINT ( 'NONE',  ( 0.7535869661126289865, 0.3811173107776215097, -3.318035905398778240 ) ) ;
#3570 = EDGE_CURVE ( 'NONE', #2741, #3516, #1454, .T. ) ;
#3571 = CARTESIAN_POINT ( 'NONE',  ( 0.000000000000000000, 0.5524972525275000379, -9.799997757242000063 ) ) ;
#3572 = ORIENTED_EDGE ( 'NONE', *, *, #3712, .T. ) ;
#3573 = CARTESIAN_POINT ( 'NONE',  ( 0.6725527820418999436, 0.1222104188130000019, -3.535301358866000054 ) ) ;
#3574 = CARTESIAN_POINT ( 'NONE',  ( -8.199281067472000649E-11, -0.6590935455770999818, -9.693400501399999314 ) ) ;
#3575 = CARTESIAN_POINT ( 'NONE',  ( 0.09138791827219000519, -0.6341943384064999689, -9.667273929026000800 ) ) ;
#3576 = ADVANCED_FACE ( 'NONE', ( #1290 ), #949, .T. ) ;
#3577 = CARTESIAN_POINT ( 'NONE',  ( 0.000000000000000000, 0.000000000000000000, -9.601245506712000832 ) ) ;
#3578 = CARTESIAN_POINT ( 'NONE',  ( -0.8612650937232999571, -0.6116606383948000047, -3.422876358866000057 ) ) ;
#3579 = VERTEX_POINT ( 'NONE', #3753 ) ;
#3580 = DIRECTION ( 'NONE',  ( 0.9396926207858973257, 0.3420201433256991330, 0.000000000000000000 ) ) ;
#3581 = LINE ( 'NONE', #2531, #1017 ) ;
#3582 = CARTESIAN_POINT ( 'NONE',  ( 1.999999999999527711, 1.221465687801690479E-14, 0.2000000000000000111 ) ) ;
#3583 = CARTESIAN_POINT ( 'NONE',  ( -2.000000000000000000, -3.677367421670000185E-11, 0.2000000000000000111 ) ) ;
#3584 = CARTESIAN_POINT ( 'NONE',  ( 0.8557695785266999922, -0.1756820132079000008, -8.685769700753999345 ) ) ;
#3585 = CARTESIAN_POINT ( 'NONE',  ( 0.6584457070421000369, -0.1839535285608999704, -2.920463858866999995 ) ) ;
#3586 = VERTEX_POINT ( 'NONE', #2953 ) ;
#3587 = DIRECTION ( 'NONE',  ( 0.000000000000000000, 1.000000000000000000, 0.000000000000000000 ) ) ;
#3588 = CARTESIAN_POINT ( 'NONE',  ( 0.3105274274395986578, 0.5742963367281577192, -9.393538032868480769 ) ) ;
#3589 = CARTESIAN_POINT ( 'NONE',  ( 0.3600744231438999798, 0.5811506893669999840, -5.414873641134000160 ) ) ;
#3590 = AXIS2_PLACEMENT_3D ( 'NONE', #2117, #3894, #3913 ) ;
#3591 = ADVANCED_FACE ( 'NONE', ( #2366 ), #629, .F. ) ;
#3592 = ORIENTED_EDGE ( 'NONE', *, *, #2815, .T. ) ;
#3593 = CARTESIAN_POINT ( 'NONE',  ( -0.6283934404180999689, -0.2693717313787000189, -5.830288858866000012 ) ) ;
#3594 = CARTESIAN_POINT ( 'NONE',  ( -1.596559995877999905, 1.219907909123999934, 0.9000000000000000222 ) ) ;
#3595 = CARTESIAN_POINT ( 'NONE',  ( -0.1797084006477482343, 0.6276745406666296434, -2.024086006608661670 ) ) ;
#3596 = CARTESIAN_POINT ( 'NONE',  ( -0.3702092478677000420, -0.9196809840259999591, -8.662184692199000224 ) ) ;
#3597 = CARTESIAN_POINT ( 'NONE',  ( 0.8998794955865999645, -0.5532828176092999817, -2.552363858866999902 ) ) ;
#3598 = EDGE_CURVE ( 'NONE', #3567, #3832, #2734, .T. ) ;
#3599 = ORIENTED_EDGE ( 'NONE', *, *, #3652, .F. ) ;
#3600 = CARTESIAN_POINT ( 'NONE',  ( -0.4958873258251166316, 0.8476155584293231238, -6.901041666668501939 ) ) ;
#3601 = CARTESIAN_POINT ( 'NONE',  ( -0.1569494992392000132, -0.9369454918448999470, -8.630000000000000782 ) ) ;
#3602 = CARTESIAN_POINT ( 'NONE',  ( -2.000000000021068924, 1.171572875225296961, 0.1999999999999999833 ) ) ;
#3603 = CARTESIAN_POINT ( 'NONE',  ( -0.5000000000000000000, 0.5773502691895999739, 0.8000000000000000444 ) ) ;
#3604 = CARTESIAN_POINT ( 'NONE',  ( -0.5743039079484000275, -0.6583166127478000673, -8.905682409026999480 ) ) ;
#3605 = CARTESIAN_POINT ( 'NONE',  ( -0.9500000000000002887, -0.2487094184091911964, -8.883020833332329502 ) ) ;
#3606 = CARTESIAN_POINT ( 'NONE',  ( -0.4958873258251166316, 0.8476155584293232348, -6.371041666668500802 ) ) ;
#3607 = CARTESIAN_POINT ( 'NONE',  ( 0.5261085592052000548, -0.8386972246363999517, -9.888291387370999885 ) ) ;
#3608 = CARTESIAN_POINT ( 'NONE',  ( 0.000000000000000000, -0.9499999999999999556, -4.637500000000000178 ) ) ;
#3609 = CARTESIAN_POINT ( 'NONE',  ( 0.4937369750912001254, -0.4728778429066000100, -4.940048641134000107 ) ) ;
#3610 = ORIENTED_EDGE ( 'NONE', *, *, #3622, .F. ) ;
#3611 = CARTESIAN_POINT ( 'NONE',  ( 0.4937369750912001254, -0.4728778429066000100, -4.959776358866000656 ) ) ;
#3612 = CARTESIAN_POINT ( 'NONE',  ( -0.2487094184091920568, -0.9500000000000000666, -0.8226041666666668029 ) ) ;
#3613 = CARTESIAN_POINT ( 'NONE',  ( 0.000000000000000000, 0.9499999999999999556, -3.776250000000000107 ) ) ;
#3614 = CARTESIAN_POINT ( 'NONE',  ( -0.6338678746629378136, -0.1538897369262264281, -3.850326988637398529 ) ) ;
#3615 = CARTESIAN_POINT ( 'NONE',  ( -0.5913469903811999773, 0.7205233876604999477, -3.486242119621999702 ) ) ;
#3616 = EDGE_CURVE ( 'NONE', #2121, #1515, #1339, .T. ) ;
#3617 = ORIENTED_EDGE ( 'NONE', *, *, #790, .F. ) ;
#3618 = CARTESIAN_POINT ( 'NONE',  ( 0.2487094184091882820, -0.9500000000000011768, -2.754895833334334743 ) ) ;
#3619 = CARTESIAN_POINT ( 'NONE',  ( 0.000000000000000000, -0.9499999999999999556, -5.962500000000999556 ) ) ;
#3620 = CARTESIAN_POINT ( 'NONE',  ( 0.000000000000000000, 0.9499999999999999556, -8.413749999999000195 ) ) ;
#3621 = CARTESIAN_POINT ( 'NONE',  ( 0.000000000000000000, 0.9499999999999999556, -2.318750000001000178 ) ) ;
#3622 = EDGE_CURVE ( 'NONE', #361, #3557, #1731, .T. ) ;
#3623 = VERTEX_POINT ( 'NONE', #3510 ) ;
#3624 = CARTESIAN_POINT ( 'NONE',  ( -0.2901726381011000000, 0.8240179496234000256, -9.125595117299999615 ) ) ;
#3625 = CARTESIAN_POINT ( 'NONE',  ( 0.2487094184091881710, -0.9500000000000009548, -8.584895833333501258 ) ) ;
#3626 = CARTESIAN_POINT ( 'NONE',  ( -0.8476155584293226797, -0.4958873258251175198, -6.205416666668001291 ) ) ;
#3627 = AXIS2_PLACEMENT_3D ( 'NONE', #2699, #4177, #3743 ) ;
#3628 = CARTESIAN_POINT ( 'NONE',  ( 0.3093263808005350390, -0.5748864359766360232, -6.970180883853960729 ) ) ;
#3629 = B_SPLINE_CURVE_WITH_KNOTS ( 'NONE', 3,
 ( #157, #1226, #2192, #2938, #1549, #4323, #1204, #4006, #2595, #3982 ),
 .UNSPECIFIED., .F., .F.,
 ( 4, 2, 2, 2, 4 ),
 ( 0.000000000000000000, 0.2500000000000000000, 0.5000000000000000000, 0.7500000000000000000, 1.000000000000000000 ),
 .UNSPECIFIED. ) ;
#3630 = DIRECTION ( 'NONE',  ( -0.6644630243887069687, 0.2418447626480025314, 0.7071067811865078268 ) ) ;
#3631 = CARTESIAN_POINT ( 'NONE',  ( 0.05123019899421764334, 0.6508602250864324867, -9.349555491213481062 ) ) ;
#3632 = AXIS2_PLACEMENT_3D ( 'NONE', #292, #366, #1707 ) ;
#3633 = CARTESIAN_POINT ( 'NONE',  ( 0.2606323351445000713, -1.023694758291999740, -3.958576358865999456 ) ) ;
#3634 = VECTOR ( 'NONE', #3487, 1000.000000000000227 ) ;
#3635 = VERTEX_POINT ( 'NONE', #1025 ) ;
#3636 = CARTESIAN_POINT ( 'NONE',  ( 0.6130684814174999220, 0.3025503094018000549, -4.168401358865999384 ) ) ;
#3637 = CARTESIAN_POINT ( 'NONE',  ( -0.8476155584293226797, -0.4958873258251175198, -0.9054166666666667584 ) ) ;
#3638 = CARTESIAN_POINT ( 'NONE',  ( -0.4995033350218394674, -0.4194488076413630528, -3.140144206220896628 ) ) ;
#3639 = CARTESIAN_POINT ( 'NONE',  ( -0.3271001553492509650, -0.5641601626980365936, -5.752698919794844379 ) ) ;
#3640 = CARTESIAN_POINT ( 'NONE',  ( -0.5975949356177999716, 0.8710835004133000714, -1.602713858865999930 ) ) ;
#3641 = EDGE_LOOP ( 'NONE', ( #3687, #1710, #2338, #4361, #1149, #4161 ) ) ;
#3642 = CARTESIAN_POINT ( 'NONE',  ( -0.2487094184091922233, -0.9499999999999998446, -6.652604166667750896 ) ) ;
#3643 = CARTESIAN_POINT ( 'NONE',  ( -0.7652427512141000143, 0.5629418546476999685, -6.195000000000000284 ) ) ;
#3644 = CARTESIAN_POINT ( 'NONE',  ( -0.6053533472726845277, -0.7691167497675437392, -8.152291666666499736 ) ) ;
#3645 = CARTESIAN_POINT ( 'NONE',  ( 0.5000000000000000000, 0.5773502691895999739, 0.8000000000000000444 ) ) ;
#3646 = ORIENTED_EDGE ( 'NONE', *, *, #1916, .T. ) ;
#3647 = EDGE_CURVE ( 'NONE', #2165, #449, #3441, .T. ) ;
#3648 = CARTESIAN_POINT ( 'NONE',  ( 0.7989460882982000189, 0.5847134657437000893, -8.502895378200999943 ) ) ;
#3649 = DIRECTION ( 'NONE',  ( 0.000000000000000000, -1.000000000000000000, 0.000000000000000000 ) ) ;
#3650 = CARTESIAN_POINT ( 'NONE',  ( -0.4451267675192999707, -0.9580016407511000587, -6.793498641134000593 ) ) ;
#3651 = CARTESIAN_POINT ( 'NONE',  ( 0.4234180735236748871, -0.4961730229207860776, -6.285326988637359058 ) ) ;
#3652 = EDGE_CURVE ( 'NONE', #1793, #1027, #3098, .T. ) ;
#3653 = CARTESIAN_POINT ( 'NONE',  ( 0.4709008075000999938, 0.8708944357651999812, -9.668378679097999751 ) ) ;
#3654 = CARTESIAN_POINT ( 'NONE',  ( 0.9439148741748221161, 0.2674409467151902531, -9.212183924778583943 ) ) ;
#3655 = CARTESIAN_POINT ( 'NONE',  ( -0.8466798178463000868, 0.3898683769768999663, -4.101079619622000294 ) ) ;
#3656 = B_SPLINE_CURVE_WITH_KNOTS ( 'NONE', 3,
 ( #1287, #2779, #263, #946, #2414, #3412, #1023, #1682, #3750, #2731 ),
 .UNSPECIFIED., .F., .F.,
 ( 4, 2, 2, 2, 4 ),
 ( 0.000000000000000000, 0.2500000000000000000, 0.5000000000000000000, 0.7500000000000000000, 1.000000000000000000 ),
 .UNSPECIFIED. ) ;
#3657 = VERTEX_POINT ( 'NONE', #1386 ) ;
#3658 = CARTESIAN_POINT ( 'NONE',  ( 0.03855848686200000208, -0.6825708007272999200, -5.038913858865999629 ) ) ;
#3659 = CARTESIAN_POINT ( 'NONE',  ( -0.1569494992392000132, -0.9369454918448999470, -8.630000000000000782 ) ) ;
#3660 = CARTESIAN_POINT ( 'NONE',  ( 0.8476155584293233458, 0.4958873258251160210, -6.536666666668666359 ) ) ;
#3661 = CARTESIAN_POINT ( 'NONE',  ( 0.9205902114897106525, 0.2847317585462494360, -3.777916666666667034 ) ) ;
#3662 = CARTESIAN_POINT ( 'NONE',  ( -0.9500000000000003997, -0.2487094184091911409, -3.450520833333917015 ) ) ;
#3663 = EDGE_LOOP ( 'NONE', ( #2423, #337, #824, #4415, #1813, #1616, #791, #3426, #1900, #2782, #2447, #2761, #2093, #1452, #1299, #1927, #2510, #25 ) ) ;
#3664 = DIRECTION ( 'NONE',  ( 0.000000000000000000, 0.000000000000000000, -1.000000000000000000 ) ) ;
#3665 = CC_DESIGN_APPROVAL ( #3321, ( #3091 ) ) ;
#3666 = CARTESIAN_POINT ( 'NONE',  ( -0.1630467396443000261, -2.002646575511000115, 1.399999999999999911 ) ) ;
#3667 = CARTESIAN_POINT ( 'NONE',  ( -0.5383534229401999438, -0.4213849093179000138, -7.770736141133999908 ) ) ;
#3668 = FACE_OUTER_BOUND ( 'NONE', #3952, .T. ) ;
#3669 = ORIENTED_EDGE ( 'NONE', *, *, #4486, .T. ) ;
#3670 = EDGE_LOOP ( 'NONE', ( #1687, #4148, #2620, #4172, #1784 ) ) ;
#3671 = CARTESIAN_POINT ( 'NONE',  ( 0.4958873258251145777, -0.8476155584293242340, -6.039791666667500003 ) ) ;
#3672 = CARTESIAN_POINT ( 'NONE',  ( 0.7353247962436000318, 0.1806076348911000162, -9.396434523163000208 ) ) ;
#3673 = CARTESIAN_POINT ( 'NONE',  ( 0.9499999999999990674, -0.2487094184091952209, -3.969479166666665559 ) ) ;
#3674 = CARTESIAN_POINT ( 'NONE',  ( -0.9866787147264999280, 0.3773196214746999955, -6.951773641133999426 ) ) ;
#3675 = EDGE_CURVE ( 'NONE', #3635, #2843, #2047, .T. ) ;
#3676 = CARTESIAN_POINT ( 'NONE',  ( -0.6512252275204286622, 0.04110923353037958250, -7.857954451727572120 ) ) ;
#3677 = LINE ( 'NONE', #2724, #2898 ) ;
#3678 = CARTESIAN_POINT ( 'NONE',  ( -0.4419301282902850514, -0.4805654471359484536, -8.425922116466480816 ) ) ;
#3679 = CARTESIAN_POINT ( 'NONE',  ( -0.3532874776852000243, 0.8625848370465000192, -4.180217119622001043 ) ) ;
#3680 = EDGE_CURVE ( 'NONE', #1227, #3725, #2596, .T. ) ;
#3681 = VERTEX_POINT ( 'NONE', #2070 ) ;
#3682 = CARTESIAN_POINT ( 'NONE',  ( 0.3445165806145999987, -0.5905065454593000362, -4.326676358865999994 ) ) ;
#3683 = CARTESIAN_POINT ( 'NONE',  ( -1.109768865084000078, 1.674989942916999874, 1.399999999999999911 ) ) ;
#3684 = CARTESIAN_POINT ( 'NONE',  ( -0.3557913396072956980, 0.5465196460012748947, -3.317698919794644041 ) ) ;
#3685 = CARTESIAN_POINT ( 'NONE',  ( 0.5178358751584782871, -0.3959909089980664376, -5.600509165302262282 ) ) ;
#3686 = CARTESIAN_POINT ( 'NONE',  ( 0.5000000000000000000, 0.5773502691895999739, 0.8000000000000000444 ) ) ;
#3687 = ORIENTED_EDGE ( 'NONE', *, *, #3616, .T. ) ;
#3688 = CARTESIAN_POINT ( 'NONE',  ( -0.7500000000000000000, 0.1443375672973999935, 0.8000000000000000444 ) ) ;
#3689 = CARTESIAN_POINT ( 'NONE',  ( -0.3656163507726999939, -0.5037298877431000133, -8.403836141134000570 ) ) ;
#3690 = CARTESIAN_POINT ( 'NONE',  ( 0.8476155584293202372, -0.4958873258251216276, -5.852083333334667792 ) ) ;
#3691 = ORIENTED_EDGE ( 'NONE', *, *, #1421, .T. ) ;
#3692 = DIRECTION ( 'NONE',  ( 0.000000000000000000, 0.000000000000000000, -1.000000000000000000 ) ) ;
#3693 = CARTESIAN_POINT ( 'NONE',  ( -0.02979613113602999977, -0.6277112380243000667, -8.362458526603999687 ) ) ;
#3694 = CARTESIAN_POINT ( 'NONE',  ( -0.6617110641437000673, -1.007731426050999968, 1.399999999999999911 ) ) ;
#3695 = CARTESIAN_POINT ( 'NONE',  ( -0.3550371323481000263, 0.7257006213484999968, -7.220729619622000328 ) ) ;
#3696 = CARTESIAN_POINT ( 'NONE',  ( 0.000000000000000000, -0.9499999999999999556, 0.000000000000000000 ) ) ;
#3697 = CARTESIAN_POINT ( 'NONE',  ( -0.8686853056362967562, 0.4223257958397189094, -5.645625000000082494 ) ) ;
#3698 = CARTESIAN_POINT ( 'NONE',  ( 0.1881100161508000024, -0.8543383794147999533, -0.8577245470447000253 ) ) ;
#3699 = VECTOR ( 'NONE', #31, 1000.000000000000114 ) ;
#3700 = CARTESIAN_POINT ( 'NONE',  ( 0.7677572670723000758, 0.6272294464093000066, -3.747543025532999561 ) ) ;
#3701 = ORIENTED_EDGE ( 'NONE', *, *, #781, .F. ) ;
#3702 = AXIS2_PLACEMENT_3D ( 'NONE', #3914, #2204, #2056 ) ;
#3703 = CARTESIAN_POINT ( 'NONE',  ( -0.2054421102424999757, -0.6069121966707999860, -8.372052503308999860 ) ) ;
#3704 = EDGE_CURVE ( 'NONE', #1515, #2613, #2626, .T. ) ;
#3705 = CARTESIAN_POINT ( 'NONE',  ( 0.000000000000000000, 0.9499999999999999556, -7.751250000002000817 ) ) ;
#3706 = CARTESIAN_POINT ( 'NONE',  ( 0.2500000000000000000, -0.7216878364869999674, 1.399999999999999911 ) ) ;
#3707 = CARTESIAN_POINT ( 'NONE',  ( 0.1614264904391720656, -0.9500000000000008438, -3.957083333333332398 ) ) ;
#3708 = CARTESIAN_POINT ( 'NONE',  ( 0.4958873258251145777, -0.8476155584293242340, -5.377291666667833425 ) ) ;
#3709 = VECTOR ( 'NONE', #3022, 1000.000000000000000 ) ;
#3710 = ORIENTED_EDGE ( 'NONE', *, *, #1279, .F. ) ;
#3711 = CARTESIAN_POINT ( 'NONE',  ( 0.3475569821273000182, -0.9975521620167000503, -5.387286141134000061 ) ) ;
#3712 = EDGE_CURVE ( 'NONE', #4207, #1468, #702, .T. ) ;
#3713 = CARTESIAN_POINT ( 'NONE',  ( 0.6826914138783000130, 0.03621735147575000369, -8.166423641133999212 ) ) ;
#3714 = DIRECTION ( 'NONE',  ( 0.000000000000000000, -1.000000000000000000, 0.000000000000000000 ) ) ;
#3715 = ORIENTED_EDGE ( 'NONE', *, *, #2842, .T. ) ;
#3716 = ORIENTED_EDGE ( 'NONE', *, *, #3461, .F. ) ;
#3717 = CARTESIAN_POINT ( 'NONE',  ( 0.6567814752463999595, -0.4481628038398000058, 0.6999999999999999556 ) ) ;
#3718 = CARTESIAN_POINT ( 'NONE',  ( 0.4023612564471000241, -0.6414251644056000456, -9.528382148127001017 ) ) ;
#3719 = CYLINDRICAL_SURFACE ( 'NONE', #1451, 0.9499999999999999556 ) ;
#3720 = CARTESIAN_POINT ( 'NONE',  ( 0.8159242283018999231, -0.4507018824599000606, -6.730132880377999172 ) ) ;
#3721 = CARTESIAN_POINT ( 'NONE',  ( 0.5318591482980193907, 0.3767083937418991280, -6.792626170279283393 ) ) ;
#3722 = CARTESIAN_POINT ( 'NONE',  ( -0.9322609400196784080, 0.2527108580447304798, -5.626250000000167617 ) ) ;
#3723 = CARTESIAN_POINT ( 'NONE',  ( 0.5501857963174999755, -0.9017764209719000279, -2.714873641135000071 ) ) ;
#3724 = CARTESIAN_POINT ( 'NONE',  ( 0.9472902116015999852, 0.4674892859453000371, -4.433401358865999953 ) ) ;
#3725 = VERTEX_POINT ( 'NONE', #3465 ) ;
#3726 = CARTESIAN_POINT ( 'NONE',  ( -0.7571616331664999811, 0.005306709625259999757, -8.598909367516998969 ) ) ;
#3727 = FACE_OUTER_BOUND ( 'NONE', #2322, .T. ) ;
#3728 = CARTESIAN_POINT ( 'NONE',  ( 0.5997440779991418669, -0.2564135816112366184, -5.575144206220166154 ) ) ;
#3729 = CARTESIAN_POINT ( 'NONE',  ( -0.4958873258251185745, -0.8476155584293220135, -3.367708333334166415 ) ) ;
#3730 = EDGE_CURVE ( 'NONE', #2718, #4024, #2091, .T. ) ;
#3731 = EDGE_LOOP ( 'NONE', ( #3348, #968, #2279 ) ) ;
#3732 = CARTESIAN_POINT ( 'NONE',  ( -0.5000000000000000000, 0.5773502691895999739, 1.399999999999999911 ) ) ;
#3733 = CARTESIAN_POINT ( 'NONE',  ( 2.000077534008179558, -0.1017947525661000441, 0.9000000000464060124 ) ) ;
#3734 = CARTESIAN_POINT ( 'NONE',  ( 0.01350316839441000061, 0.8077816480917000552, -8.103057880377999567 ) ) ;
#3735 = CARTESIAN_POINT ( 'NONE',  ( -0.5108481075709998542, 0.3757994187635000372, -5.930000000000000604 ) ) ;
#3736 = ORIENTED_EDGE ( 'NONE', *, *, #4308, .T. ) ;
#3737 = AXIS2_PLACEMENT_3D ( 'NONE', #2658, #2680, #601 ) ;
#3738 = VERTEX_POINT ( 'NONE', #1757 ) ;
#3739 = CARTESIAN_POINT ( 'NONE',  ( 0.000000000000000000, -0.9499999999999999556, -0.7950000000000000400 ) ) ;
#3740 = CARTESIAN_POINT ( 'NONE',  ( -0.6900881461103000047, 0.3116086629229000149, -8.472801148414999872 ) ) ;
#3741 = CARTESIAN_POINT ( 'NONE',  ( 0.000000000000000000, 0.9499999999999999556, -3.113750000000000018 ) ) ;
#3742 = CARTESIAN_POINT ( 'NONE',  ( 0.02968403139721999609, -0.8073482916358999395, -6.271079619622000223 ) ) ;
#3743 = DIRECTION ( 'NONE',  ( -0.9353104372513002529, -0.3538281870750001334, 0.000000000000000000 ) ) ;
#3744 = CARTESIAN_POINT ( 'NONE',  ( 0.9499999999999990674, -0.2487094184091952209, -8.606979166665666980 ) ) ;
#3745 = CARTESIAN_POINT ( 'NONE',  ( 0.9601952495344999727, 0.2467652373345000094, -3.242456974467000208 ) ) ;
#3746 = CARTESIAN_POINT ( 'NONE',  ( 1.019335461917000085, 0.2772356363158000048, -5.778738858866000250 ) ) ;
#3747 = VERTEX_POINT ( 'NONE', #3147 ) ;
#3748 = CARTESIAN_POINT ( 'NONE',  ( 0.3774598610952999977, 0.6563883888656999455, -8.818822075789999104 ) ) ;
#3749 = CARTESIAN_POINT ( 'NONE',  ( -1.772860090457000215, -0.9455858206207998773, 0.9000000000000000222 ) ) ;
#3750 = CARTESIAN_POINT ( 'NONE',  ( -0.2487094184091901694, 0.9500000000000006217, -5.603645833335334281 ) ) ;
#3751 = CARTESIAN_POINT ( 'NONE',  ( -0.2844815113174405941, 0.5864198131075992748, -5.980947479652236609 ) ) ;
#3752 = CARTESIAN_POINT ( 'NONE',  ( 0.5500000000000000444, 0.1796029634390999830, 0.5999999999999999778 ) ) ;
#3753 = CARTESIAN_POINT ( 'NONE',  ( -0.8830222215595000534, 0.5098131173177999909, 0.8000000000000000444 ) ) ;
#3754 = ORIENTED_EDGE ( 'NONE', *, *, #1347, .T. ) ;
#3755 = CARTESIAN_POINT ( 'NONE',  ( -0.9709697581686000945, -0.4162230030603000230, -5.545561141134000671 ) ) ;
#3756 = CARTESIAN_POINT ( 'NONE',  ( 0.4958873258251145777, -0.8476155584293242340, -5.244791666668499275 ) ) ;
#3757 = CARTESIAN_POINT ( 'NONE',  ( -0.1063073847399999966, -0.6753431665285999363, -7.691598641134000047 ) ) ;
#3758 = DIRECTION ( 'NONE',  ( 0.1736481776669025201, -0.9848077530122130163, 0.000000000000000000 ) ) ;
#3759 = ORIENTED_EDGE ( 'NONE', *, *, #400, .T. ) ;
#3760 = VERTEX_POINT ( 'NONE', #2482 ) ;
#3761 = CARTESIAN_POINT ( 'NONE',  ( 9.259816526925526082E-07, -0.9499838352209943881, -9.275008179579794287 ) ) ;
#3762 = CARTESIAN_POINT ( 'NONE',  ( -0.2049012788553999931, -0.7289253246700999611, -9.616347231436002119 ) ) ;
#3763 = ADVANCED_FACE ( 'NONE', ( #23 ), #1408, .T. ) ;
#3764 = DIRECTION ( 'NONE',  ( 0.7071067811865475727, 0.000000000000000000, 0.7071067811865475727 ) ) ;
#3765 = CARTESIAN_POINT ( 'NONE',  ( -0.3404273934046999628, -0.7326676920691000960, -6.983317119621999858 ) ) ;
#3766 = DIRECTION ( 'NONE',  ( 0.000000000000000000, 0.000000000000000000, -1.000000000000000000 ) ) ;
#3767 = DIRECTION ( 'NONE',  ( 0.6427876096865052791, 0.7660444431190065462, 0.000000000000000000 ) ) ;
#3768 = EDGE_CURVE ( 'NONE', #1550, #456, #724, .T. ) ;
#3769 = CARTESIAN_POINT ( 'NONE',  ( 0.8998794955865999645, -0.5532828176092999817, -2.002636141135000436 ) ) ;
#3770 = CARTESIAN_POINT ( 'NONE',  ( -1.044073261208000147, 0.1606736072124000103, -4.829088858865999256 ) ) ;
#3771 = ORIENTED_EDGE ( 'NONE', *, *, #2149, .F. ) ;
#3772 = CARTESIAN_POINT ( 'NONE',  ( -0.2514981645815000388, 0.7141920867132000028, -9.390595117300000183 ) ) ;
#3773 = CARTESIAN_POINT ( 'NONE',  ( 0.8166454097304999271, -1.835828802400999882, 1.399999999999999911 ) ) ;
#3774 = APPROVAL_STATUS ( 'not_yet_approved' ) ;
#3775 = CARTESIAN_POINT ( 'NONE',  ( -0.7165111107796999779, -0.3447080403783999714, 0.6999999999999999556 ) ) ;
#3776 = CIRCLE ( 'NONE', #1812, 0.5524972525275000379 ) ;
#3777 = LINE ( 'NONE', #22, #373 ) ;
#3778 = CARTESIAN_POINT ( 'NONE',  ( -0.9499999999999997335, 0.2487094184091930837, -2.313229166667666536 ) ) ;
#3779 = ORIENTED_EDGE ( 'NONE', *, *, #3160, .F. ) ;
#3780 = CARTESIAN_POINT ( 'NONE',  ( -0.8850976327935000665, -0.2923486579003999331, -3.662032880378000232 ) ) ;
#3781 = DIRECTION ( 'NONE',  ( 0.000000000000000000, 0.000000000000000000, 1.000000000000000000 ) ) ;
#3782 = CARTESIAN_POINT ( 'NONE',  ( -0.7340133618845000596, -0.5745336441780000136, -7.960554619621999173 ) ) ;
#3783 = VECTOR ( 'NONE', #2706, 1000.000000000000000 ) ;
#3784 = CARTESIAN_POINT ( 'NONE',  ( 0.7172999207532000376, 0.3717170667680999574, -2.916507880379000106 ) ) ;
#3785 = ORIENTED_EDGE ( 'NONE', *, *, #2652, .F. ) ;
#3786 = VECTOR ( 'NONE', #4390, 1000.000000000000227 ) ;
#3787 = LINE ( 'NONE', #351, #4276 ) ;
#3788 = CARTESIAN_POINT ( 'NONE',  ( 0.000000000000000000, 0.9499999999999999556, -7.088750000002000284 ) ) ;
#3789 = CARTESIAN_POINT ( 'NONE',  ( 0.01594542837763709281, -0.6525677510090287514, -1.719706497623278540 ) ) ;
#3790 = DIRECTION ( 'NONE',  ( -0.6644630243887069687, -0.2418447626480025314, 0.7071067811865078268 ) ) ;
#3791 = CARTESIAN_POINT ( 'NONE',  ( -0.6460317048117000249, 0.4851142034786000146, -6.508492119621999805 ) ) ;
#3792 = ADVANCED_FACE ( 'NONE', ( #3076 ), #2178, .T. ) ;
#3793 = CARTESIAN_POINT ( 'NONE',  ( 0.8476155584293202372, -0.4958873258251216276, -6.514583333334000415 ) ) ;
#3794 = CARTESIAN_POINT ( 'NONE',  ( -0.3174413723463999637, -0.9377777534388000991, -8.107052503309001068 ) ) ;
#3795 = CARTESIAN_POINT ( 'NONE',  ( 1.017405383017000231, -0.2842380293183000561, -2.635736141135000210 ) ) ;
#3796 = CARTESIAN_POINT ( 'NONE',  ( -0.8731346535926000074, -0.5945930201028999385, -4.749951358866000284 ) ) ;
#3797 = EDGE_CURVE ( 'NONE', #1847, #429, #2862, .T. ) ;
#3798 = ORIENTED_EDGE ( 'NONE', *, *, #1896, .T. ) ;
#3799 = CARTESIAN_POINT ( 'NONE',  ( 0.6260386131328999904, 0.1364848375767999944, -8.811877919855000130 ) ) ;
#3800 = CARTESIAN_POINT ( 'NONE',  ( -0.8830222215595000534, -0.5098131173177999909, 0.8000000000000000444 ) ) ;
#3801 = CARTESIAN_POINT ( 'NONE',  ( -0.2487094184091920568, -0.9500000000000000666, -7.447604166668666537 ) ) ;
#3802 = DIRECTION ( 'NONE',  ( 0.9848077530122130163, 0.1736481776669025201, 0.000000000000000000 ) ) ;
#3803 = CARTESIAN_POINT ( 'NONE',  ( -0.8476155584293213474, 0.4958873258251193517, -2.340833333334332966 ) ) ;
#3804 = ORIENTED_EDGE ( 'NONE', *, *, #1566, .T. ) ;
#3805 = CARTESIAN_POINT ( 'NONE',  ( 0.05957911438229999967, -1.054682564594999983, -4.754186141134000287 ) ) ;
#3806 = CARTESIAN_POINT ( 'NONE',  ( 0.8476155584293202372, -0.4958873258251216276, -5.189583333334999438 ) ) ;
#3807 = CARTESIAN_POINT ( 'NONE',  ( -0.9866787147264999280, 0.3773196214746999955, -7.501501358866000224 ) ) ;
#3808 = B_SPLINE_CURVE_WITH_KNOTS ( 'NONE', 3,
 ( #3838, #3455, #2771, #2430, #3479, #739, #56, #3115, #357, #2452, #2474, #3524, #1377, #4158, #715, #2813, #4495, #3203, #1748, #1790, #1040, #2105 ),
 .UNSPECIFIED., .F., .F.,
 ( 4, 1, 1, 1, 1, 1, 1, 1, 1, 1, 1, 1, 1, 1, 1, 1, 1, 1, 1, 4 ),
 ( 0.000000000000000000, 0.04991167790851384900, 0.1029373215001224973, 0.1559676969770107113, 0.2089952801647599057, 0.2620244208695468036, 0.3150541578038529300, 0.3680837634725315777, 0.4211121871132839090, 0.4741418246243160328, 0.5271707719428960770, 0.5802004094539282564, 0.6332288330946805877, 0.6862584387633591243, 0.7392881756976653618, 0.7923173164024522874, 0.8453448995902015373, 0.8983752750670896958, 0.9514009186586781519, 1.000000000000000000 ),
 .UNSPECIFIED. ) ;
#3809 = CARTESIAN_POINT ( 'NONE',  ( 0.2147053517794999811, -0.7788416842334000556, -2.441682880379000498 ) ) ;
#3810 = VERTEX_POINT ( 'NONE', #3571 ) ;
#3811 = CARTESIAN_POINT ( 'NONE',  ( -0.9499999999999997335, 0.2487094184091931393, -4.168229166666668206 ) ) ;
#3812 = LINE ( 'NONE', #32, #283 ) ;
#3813 = CARTESIAN_POINT ( 'NONE',  ( 2.000008392264999824, -5.082835907943999962E-09, 0.9000000000000000222 ) ) ;
#3814 = CARTESIAN_POINT ( 'NONE',  ( 0.6135629504926999322, -0.3542407346318000028, 0.5999999999999999778 ) ) ;
#3815 = VECTOR ( 'NONE', #1997, 1000.000000000000000 ) ;
#3816 = CARTESIAN_POINT ( 'NONE',  ( 0.000000000000000000, 0.9499999999999999556, -4.306250000000000355 ) ) ;
#3817 = CARTESIAN_POINT ( 'NONE',  ( -0.2487094184091902249, 0.9500000000000005107, -5.073645833335333144 ) ) ;
#3818 = CARTESIAN_POINT ( 'NONE',  ( 0.2710494196335999639, 0.7610683090477999846, -2.667279619622999753 ) ) ;
#3819 = ADVANCED_FACE ( 'NONE', ( #124 ), #2129, .F. ) ;
#3820 = DIRECTION ( 'NONE',  ( 0.3420201433256990775, 0.9396926207858972147, 0.000000000000000000 ) ) ;
#3821 = VERTEX_POINT ( 'NONE', #284 ) ;
#3822 = CARTESIAN_POINT ( 'NONE',  ( -0.8011679377675000602, -0.3483311022203999796, -8.649836065106001115 ) ) ;
#3823 = CARTESIAN_POINT ( 'NONE',  ( 1.907746549697000082, -0.6306538476612000288, 1.399999999999999911 ) ) ;
#3824 = EDGE_CURVE ( 'NONE', #3301, #3280, #2750, .T. ) ;
#3825 = CARTESIAN_POINT ( 'NONE',  ( 0.2487094184091881710, -0.9500000000000009548, -1.959895833334250215 ) ) ;
#3826 = CARTESIAN_POINT ( 'NONE',  ( 0.000000000000000000, 0.9499999999999999556, -1.126249999999999973 ) ) ;
#3827 = ORIENTED_EDGE ( 'NONE', *, *, #3797, .T. ) ;
#3828 = CARTESIAN_POINT ( 'NONE',  ( -0.7562458940816000341, 0.5449373144424001225, -5.086507880377999058 ) ) ;
#3829 = DIRECTION ( 'NONE',  ( 0.000000000000000000, 0.000000000000000000, 1.000000000000000000 ) ) ;
#3830 = CARTESIAN_POINT ( 'NONE',  ( 0.9040951962416999832, 0.2268841320410999729, -7.010904619622000844 ) ) ;
#3831 = CARTESIAN_POINT ( 'NONE',  ( -0.8064466361266000582, -0.04833818162846999916, -1.966857880379000445 ) ) ;
#3832 = VERTEX_POINT ( 'NONE', #3068 ) ;
#3833 = DIRECTION ( 'NONE',  ( -0.6427876096865052791, -0.7660444431190065462, 0.000000000000000000 ) ) ;
#3834 = FACE_OUTER_BOUND ( 'NONE', #4124, .T. ) ;
#3835 = DIRECTION ( 'NONE',  ( 0.6427876096865042799, 0.7660444431190074344, 0.000000000000000000 ) ) ;
#3836 = CARTESIAN_POINT ( 'NONE',  ( -0.5466872976580999799, 0.4105151047231999639, -6.603401358866000770 ) ) ;
#3837 = CARTESIAN_POINT ( 'NONE',  ( 0.000000000000000000, 0.000000000000000000, 0.000000000000000000 ) ) ;
#3838 = CARTESIAN_POINT ( 'NONE',  ( 2.000008392264999824, -5.082835907943999962E-09, 0.9000000000000000222 ) ) ;
#3839 = CARTESIAN_POINT ( 'NONE',  ( 0.8486294727426000328, 0.005432776039619000193, -3.363745380377999972 ) ) ;
#3840 = B_SPLINE_SURFACE_WITH_KNOTS ( 'NONE', 3, 3, ( 
 ( #3102, #1389, #2049, #4482, #2757, #2737, #1996, #2073, #2368, #2783, #2687, #296, #4458, #4168, #4070, #2419, #319, #4435, #586, #1688, #3392, #3805, #3467, #4094, #3052, #2345, #1319, #2712, #1028, #3711, #681, #3755, #631, #1001, #3444 ),
 ( #4119, #3078, #2323, #345, #1343, #2392, #3780, #1364, #1734, #3126, #2, #1474, #2824, #2137, #3491, #749, #2442, #390, #430, #4209, #1759, #1094, #2864, #3534, #3828, #3552, #411, #67, #2094, #1821, #108, #3149, #704, #1800, #3872 ),
 ( #1074, #2116, #3893, #3213, #26, #3512, #2484, #1113, #2160, #1410, #2804, #3190, #1453, #4190, #1841, #1779, #88, #2463, #2844, #3851, #4251, #4231, #3232, #450, #728, #370, #2182, #2504, #770, #3170, #47, #1135, #2524, #1430, #1495 ),
 ( #3912, #792, #3573, #2884, #1051, #4334, #1540, #813, #3296, #1175, #3636, #3935, #3682, #126, #2633, #2607, #512, #4312, #2948, #2201, #3611, #3658, #2928, #469, #1194, #1585, #852, #1154, #2269, #2245, #171, #3593, #534, #3341, #1860 ) ),
 .UNSPECIFIED., .F., .F., .F.,
 ( 4, 4 ),
 ( 4, 1, 1, 1, 1, 1, 1, 1, 1, 1, 1, 1, 1, 1, 1, 1, 1, 1, 1, 1, 1, 1, 1, 1, 1, 1, 1, 1, 1, 1, 1, 1, 4 ),
 ( -0.03722210892778000241, 1.037222108927999820 ),
 ( -0.01999999999997000011, 0.01250000000002000032, 0.04500000000001999623, 0.07750000000001000533, 0.1100000000000000006, 0.1424999999999999878, 0.1749999999999999889, 0.2074999999999999900, 0.2399999999999999911, 0.2725000000000000200, 0.3049999999999999933, 0.3375000000000000222, 0.3699999999999999956, 0.4025000000000000244, 0.4349999999999999978, 0.4675000000000000266, 0.5000000000000000000, 0.5324999999999999734, 0.5649999999999999467, 0.5974999999999000000, 0.6299999999999000844, 0.6624999999999000577, 0.6949999999999000311, 0.7274999999999000044, 0.7599999999999000888, 0.7924999999999000622, 0.8249999999999000355, 0.8574999999999000089, 0.8899999999999000933, 0.9224999999999000666, 0.9549999999999000400, 0.9874999999999000133, 1.020000000000000018 ),
 .UNSPECIFIED. ) ;
#3841 = PLANE ( 'NONE',  #1631 ) ;
#3842 = ORIENTED_EDGE ( 'NONE', *, *, #1678, .F. ) ;
#3843 = CARTESIAN_POINT ( 'NONE',  ( -0.2901726381011000000, 0.8240179496234000256, -9.485504356544000260 ) ) ;
#3844 = CARTESIAN_POINT ( 'NONE',  ( 0.8477307243209000198, 0.4287803855615999749, -3.229999999999999982 ) ) ;
#3845 = APPROVAL_ROLE ( '' ) ;
#3846 = B_SPLINE_CURVE_WITH_KNOTS ( 'NONE', 3,
 ( #96, #1202, #75, #2873, #3919, #3942, #478, #2853, #3900, #800 ),
 .UNSPECIFIED., .F., .F.,
 ( 4, 2, 2, 2, 4 ),
 ( 0.000000000000000000, 0.2500000000000000000, 0.5000000000000000000, 0.7500000000000000000, 1.000000000000000000 ),
 .UNSPECIFIED. ) ;
#3847 = CYLINDRICAL_SURFACE ( 'NONE', #2905, 2.000000000000000000 ) ;
#3848 = DIRECTION ( 'NONE',  ( 0.000000000000000000, -1.000000000000000000, 0.000000000000000000 ) ) ;
#3849 = EDGE_CURVE ( 'NONE', #2328, #2985, #4180, .T. ) ;
#3850 = ORIENTED_EDGE ( 'NONE', *, *, #3155, .T. ) ;
#3851 = CARTESIAN_POINT ( 'NONE',  ( 0.8078228124974000668, -0.01072663880323000002, -4.785729619621999831 ) ) ;
#3852 = CARTESIAN_POINT ( 'NONE',  ( 0.8196590424602000491, 0.8840490913606999790, 1.399999999999999911 ) ) ;
#3853 = CARTESIAN_POINT ( 'NONE',  ( 0.9142531144982000146, 0.5291939394617999337, -7.738913858865999806 ) ) ;
#3854 = CARTESIAN_POINT ( 'NONE',  ( 0.3977685685048999997, 0.5560304135382999613, -2.109361141134999951 ) ) ;
#3855 = VECTOR ( 'NONE', #964, 1000.000000000000000 ) ;
#3856 = EDGE_CURVE ( 'NONE', #3443, #2776, #1209, .T. ) ;
#3857 = ORIENTED_EDGE ( 'NONE', *, *, #1789, .F. ) ;
#3858 = CARTESIAN_POINT ( 'NONE',  ( 0.000000000000000000, 0.9499999999999999556, -9.076249999998999840 ) ) ;
#3859 = CARTESIAN_POINT ( 'NONE',  ( -1.066047199200999884, 0.5629599117846000311, 1.400000000001000000 ) ) ;
#3860 = VECTOR ( 'NONE', #1825, 1000.000000000000000 ) ;
#3861 = CARTESIAN_POINT ( 'NONE',  ( -0.2487094184091902249, 0.9500000000000005107, -3.748645833333333233 ) ) ;
#3862 = CARTESIAN_POINT ( 'NONE',  ( 0.6832882177950000413, -0.02252474801623000067, -6.207713858866000578 ) ) ;
#3863 = VECTOR ( 'NONE', #2135, 1000.000000000000000 ) ;
#3864 = CARTESIAN_POINT ( 'NONE',  ( 0.000000000000000000, -0.9499999999999999556, -4.770000000001999751 ) ) ;
#3865 = CARTESIAN_POINT ( 'NONE',  ( 0.7343453366752000777, 0.1887229721018000017, -3.432275452955000361 ) ) ;
#3866 = ORIENTED_EDGE ( 'NONE', *, *, #3544, .T. ) ;
#3867 = CARTESIAN_POINT ( 'NONE',  ( 0.8060064965731000841, -0.5749419245818999658, -9.184570720895999685 ) ) ;
#3868 = CARTESIAN_POINT ( 'NONE',  ( 0.4958873258251145777, -0.8476155584293242340, -7.894791666668668384 ) ) ;
#3869 = CARTESIAN_POINT ( 'NONE',  ( -0.6375484886737999846, 0.8421007272586000791, -5.685573641133999878 ) ) ;
#3870 = CARTESIAN_POINT ( 'NONE',  ( 0.000000000000000000, 0.9499999999999999556, -6.956250000002000000 ) ) ;
#3871 = ORIENTED_EDGE ( 'NONE', *, *, #1254, .F. ) ;
#3872 = CARTESIAN_POINT ( 'NONE',  ( -0.3878749512510999975, 0.7548208524244999218, -5.798745380378000469 ) ) ;
#3873 = CARTESIAN_POINT ( 'NONE',  ( 0.1725502867276380581, -0.6741030810208159529, -9.678390830388226007 ) ) ;
#3874 = CARTESIAN_POINT ( 'NONE',  ( -0.3289111228566320433, 0.5627789228558055523, -1.998721047526565764 ) ) ;
#3875 = CARTESIAN_POINT ( 'NONE',  ( -0.6242631346381000146, 0.6922135537879999800, -8.118829619621998006 ) ) ;
#3876 = CARTESIAN_POINT ( 'NONE',  ( -0.08833803477922000380, 0.6779277590537999831, -2.030223641135000090 ) ) ;
#3877 = ADVANCED_FACE ( 'NONE', ( #1380 ), #4448, .F. ) ;
#3878 = ORIENTED_EDGE ( 'NONE', *, *, #1704, .F. ) ;
#3879 = DIRECTION ( 'NONE',  ( 1.000000000000000000, 0.000000000000000000, 0.000000000000000000 ) ) ;
#3880 = CARTESIAN_POINT ( 'NONE',  ( -0.4305407289332000009, 0.3865124903618999963, 0.5999999999999999778 ) ) ;
#3881 = PLANE ( 'NONE',  #76 ) ;
#3882 = CARTESIAN_POINT ( 'NONE',  ( -0.6361833924131999884, -0.4979592767468999925, -7.695554619621999493 ) ) ;
#3883 = CC_DESIGN_PERSON_AND_ORGANIZATION_ASSIGNMENT ( #2156, #2133, ( #3091 ) ) ;
#3884 = FACE_OUTER_BOUND ( 'NONE', #3978, .T. ) ;
#3885 = CARTESIAN_POINT ( 'NONE',  ( -0.4711775999435000029, -0.4953597939214999246, -1.812538858866000080 ) ) ;
#3886 = VERTEX_POINT ( 'NONE', #4160 ) ;
#3887 = VECTOR ( 'NONE', #3377, 1000.000000000000227 ) ;
#3888 = CARTESIAN_POINT ( 'NONE',  ( -0.3288471116207000167, 0.9338438125336999684, -9.580413595788000336 ) ) ;
#3889 = CARTESIAN_POINT ( 'NONE',  ( 2.001444271255000018, -0.08321506827614000290, 0.9000000000000000222 ) ) ;
#3890 = DATE_AND_TIME ( #2176, #2285 ) ;
#3891 = CARTESIAN_POINT ( 'NONE',  ( -0.7338335604968999615, 0.3379063645686999906, -4.006170380378000218 ) ) ;
#3892 = VERTEX_POINT ( 'NONE', #1751 ) ;
#3893 = CARTESIAN_POINT ( 'NONE',  ( 0.7947695551363000988, 0.1444185836213000007, -3.440392119621999978 ) ) ;
#3894 = DIRECTION ( 'NONE',  ( 0.000000000000000000, 0.000000000000000000, 1.000000000000000000 ) ) ;
#3895 = CARTESIAN_POINT ( 'NONE',  ( 0.1248689715926159932, 0.6398981617719528003, -2.074815924772853926 ) ) ;
#3896 = CARTESIAN_POINT ( 'NONE',  ( 0.5751206792669069090, 0.3087638751905044665, -4.154706497622552952 ) ) ;
#3897 = CARTESIAN_POINT ( 'NONE',  ( -0.1204437366378999924, 0.9243147945845999747, -2.220042119623000243 ) ) ;
#3898 = EDGE_LOOP ( 'NONE', ( #1561, #1840, #1933, #4311 ) ) ;
#3899 = CARTESIAN_POINT ( 'NONE',  ( 1.777565464824672238E-11, -1.933333333332951653, -4.051621242779309779E-14 ) ) ;
#3900 = CARTESIAN_POINT ( 'NONE',  ( -0.2487094184091901694, 0.9500000000000006217, -2.291145833334333304 ) ) ;
#3901 = DIRECTION ( 'NONE',  ( -1.298751462784000048E-14, 0.000000000000000000, -1.000000000000000000 ) ) ;
#3902 = CARTESIAN_POINT ( 'NONE',  ( -0.2395924908936999942, -0.5952003064743000005, -8.397184692198999656 ) ) ;
#3903 = EDGE_CURVE ( 'NONE', #4061, #4378, #2684, .T. ) ;
#3904 = CARTESIAN_POINT ( 'NONE',  ( 0.7833579175731000266, 0.6054379079772999050, -9.162633503021000436 ) ) ;
#3905 = CARTESIAN_POINT ( 'NONE',  ( 0.2773709873351000166, -0.5572113164166999644, -1.021163858866000140 ) ) ;
#3906 = ADVANCED_FACE ( 'NONE', ( #1403 ), #3841, .T. ) ;
#3907 = ORIENTED_EDGE ( 'NONE', *, *, #705, .T. ) ;
#3908 = CARTESIAN_POINT ( 'NONE',  ( -0.3042762066619000283, 0.9421362308606999747, -8.920675470968999932 ) ) ;
#3909 = CARTESIAN_POINT ( 'NONE',  ( 0.6596758643374303066, 0.3336229296773751130, -3.406408726381349172 ) ) ;
#3910 = CARTESIAN_POINT ( 'NONE',  ( 0.3720356989183999930, 0.4990075695702000380, -3.436436141134000088 ) ) ;
#3911 = ORIENTED_EDGE ( 'NONE', *, *, #2040, .F. ) ;
#3912 = CARTESIAN_POINT ( 'NONE',  ( 0.3720356989183999930, 0.4990075695702000380, -3.456163858865999750 ) ) ;
#3913 = DIRECTION ( 'NONE',  ( 1.000000000000000000, 0.000000000000000000, 0.000000000000000000 ) ) ;
#3914 = CARTESIAN_POINT ( 'NONE',  ( -0.05972963553338000303, -0.7928708442183000082, 0.6999999999999999556 ) ) ;
#3915 = CARTESIAN_POINT ( 'NONE',  ( 0.2294848326781141756, -0.6104442333607541515, -3.672772275062701208 ) ) ;
#3916 = CARTESIAN_POINT ( 'NONE',  ( -0.4892612892734000130, -0.9362309403370999705, -2.710638858867000067 ) ) ;
#3917 = VERTEX_POINT ( 'NONE', #2351 ) ;
#3918 = CARTESIAN_POINT ( 'NONE',  ( 1.799999999999999378, 3.308491718437278628E-11, 2.848021097452025157E-17 ) ) ;
#3919 = CARTESIAN_POINT ( 'NONE',  ( -0.9500000000000003997, -0.2487094184091911409, -2.125520833334333393 ) ) ;
#3920 = LINE ( 'NONE', #3222, #5 ) ;
#3921 = AXIS2_PLACEMENT_3D ( 'NONE', #3026, #1292, #4143 ) ;
#3922 = CARTESIAN_POINT ( 'NONE',  ( -0.4958873258251166316, 0.8476155584293231238, -7.563541666668667673 ) ) ;
#3923 = VECTOR ( 'NONE', #2210, 1000.000000000000000 ) ;
#3924 = CARTESIAN_POINT ( 'NONE',  ( 0.07768828110830999778, 0.9870001116809999919, -9.074668419710999245 ) ) ;
#3925 = CARTESIAN_POINT ( 'NONE',  ( 1.044001904845000049E-10, 0.8392079709010000776, -9.513284449258000208 ) ) ;
#3926 = VECTOR ( 'NONE', #2147, 1000.000000000000114 ) ;
#3927 = EDGE_CURVE ( 'NONE', #318, #1828, #1709, .T. ) ;
#3928 = ORIENTED_EDGE ( 'NONE', *, *, #1092, .F. ) ;
#3929 = VECTOR ( 'NONE', #610, 1000.000000000000000 ) ;
#3930 = LINE ( 'NONE', #1510, #4208 ) ;
#3931 = CARTESIAN_POINT ( 'NONE',  ( -0.1382242919770202971, -0.6198613531202741278, -8.370660509501933078 ) ) ;
#3932 = CARTESIAN_POINT ( 'NONE',  ( -0.7671310140739000527, -0.2533841624798000014, -3.927032880377999913 ) ) ;
#3933 = APPROVAL ( #3774, 'Coincident' ) ;
#3934 = EDGE_LOOP ( 'NONE', ( #673, #3212, #1878, #3691 ) ) ;
#3935 = CARTESIAN_POINT ( 'NONE',  ( 0.6546983472341000310, -0.1968749101616999730, -4.247538858866000133 ) ) ;
#3936 = CARTESIAN_POINT ( 'NONE',  ( 0.9549093175878999862, 0.7358890412072001119, 1.399999999999999911 ) ) ;
#3937 = CARTESIAN_POINT ( 'NONE',  ( 0.6490949445670163298, -0.06696670498759575707, -1.567516743129916845 ) ) ;
#3938 = CARTESIAN_POINT ( 'NONE',  ( -0.2558698293267784307, 0.6000220010184836861, -4.662005679264472846 ) ) ;
#3939 = CARTESIAN_POINT ( 'NONE',  ( -0.01039413808744000037, -1.056312898418000135, -1.998401358866000121 ) ) ;
#3940 = ORIENTED_EDGE ( 'NONE', *, *, #3266, .T. ) ;
#3941 = CARTESIAN_POINT ( 'NONE',  ( 1.999999999999527711, 3.677272584199677008E-11, 0.2000000000000000111 ) ) ;
#3942 = CARTESIAN_POINT ( 'NONE',  ( -0.9499999999999997335, 0.2487094184091931393, -2.180729166667667140 ) ) ;
#3943 = CARTESIAN_POINT ( 'NONE',  ( -1.999999999999527711, -3.677367451889769490E-11, 0.2000000000000000111 ) ) ;
#3944 = CARTESIAN_POINT ( 'NONE',  ( -0.2487094184091901694, 0.9500000000000006217, -7.591145833335334991 ) ) ;
#3945 = CARTESIAN_POINT ( 'NONE',  ( -0.7962073926556999526, 0.3595267103677000087, -8.377891909171999885 ) ) ;
#3946 = DIRECTION ( 'NONE',  ( 0.8660254037844288266, 0.5000000000000169864, 0.000000000000000000 ) ) ;
#3947 = CARTESIAN_POINT ( 'NONE',  ( 0.9142531144982000146, 0.5291939394617999337, -7.189186141133999897 ) ) ;
#3948 = CARTESIAN_POINT ( 'NONE',  ( -0.8476155584293213474, 0.4958873258251193517, -6.978333333335331901 ) ) ;
#3949 = EDGE_CURVE ( 'NONE', #3681, #3971, #1230, .T. ) ;
#3950 = CARTESIAN_POINT ( 'NONE',  ( -0.2487094184091901694, 0.9500000000000006217, -4.941145833334251058 ) ) ;
#3951 = CARTESIAN_POINT ( 'NONE',  ( 0.7736705996515998995, -0.2326511597969000145, -4.322720380377999660 ) ) ;
#3952 = EDGE_LOOP ( 'NONE', ( #4277, #1885, #1394, #2077 ) ) ;
#3953 = FACE_OUTER_BOUND ( 'NONE', #590, .T. ) ;
#3954 = EDGE_CURVE ( 'NONE', #819, #4182, #4029, .T. ) ;
#3955 = CARTESIAN_POINT ( 'NONE',  ( -1.907746549697000082, 0.6306538476612000288, 0.9000000000000000222 ) ) ;
#3956 = CARTESIAN_POINT ( 'NONE',  ( -0.6519511386475066450, 0.01514089276912721979, -3.216239083467111293 ) ) ;
#3957 = CARTESIAN_POINT ( 'NONE',  ( 2.000000000000000000, 3.677272480593999891E-11, 0.06666666666667001029 ) ) ;
#3958 = CARTESIAN_POINT ( 'NONE',  ( -0.1364965875672000117, 1.047508312349999970, -2.314951358866999875 ) ) ;
#3959 = ORIENTED_EDGE ( 'NONE', *, *, #2876, .F. ) ;
#3960 = CARTESIAN_POINT ( 'NONE',  ( -0.4958873258251166316, 0.8476155584293231238, -1.601041666666667362 ) ) ;
#3961 = CARTESIAN_POINT ( 'NONE',  ( 0.000000000000000000, 0.9499999999999999556, -1.788750000001000151 ) ) ;
#3962 = CARTESIAN_POINT ( 'NONE',  ( 1.999999999999521050, 1.171572875262082869, 0.1999999999999999833 ) ) ;
#3963 = DIRECTION ( 'NONE',  ( 0.000000000000000000, 0.8412050806714113094, -0.5407162030609071746 ) ) ;
#3964 = CARTESIAN_POINT ( 'NONE',  ( -0.8011679377675000602, -0.3483311022203999796, -8.289926825862000470 ) ) ;
#3965 = CARTESIAN_POINT ( 'NONE',  ( -0.6448187440321999642, -0.2271529049541999856, -2.524776358867000248 ) ) ;
#3966 = DIRECTION ( 'NONE',  ( 0.000000000000000000, 0.000000000000000000, -1.000000000000000000 ) ) ;
#3967 = CARTESIAN_POINT ( 'NONE',  ( 0.6483555714379936052, 0.06908548489908096502, -6.183867152308989645 ) ) ;
#3968 = CARTESIAN_POINT ( 'NONE',  ( 0.9747091051219000102, -0.1736282087470999713, -9.800326304062000560 ) ) ;
#3969 = CARTESIAN_POINT ( 'NONE',  ( 0.6340287526716982258, 0.1557276921136585002, -9.481503116177481871 ) ) ;
#3970 = CARTESIAN_POINT ( 'NONE',  ( -0.5650763932690999747, -0.3848094653902999762, -4.465223641134000054 ) ) ;
#3971 = VERTEX_POINT ( 'NONE', #567 ) ;
#3972 = CYLINDRICAL_SURFACE ( 'NONE', #2603, 0.9499999999999999556 ) ;
#3973 = CARTESIAN_POINT ( 'NONE',  ( -0.3005456003645999852, 1.167499947769999880, 1.399999999999999911 ) ) ;
#3974 = CARTESIAN_POINT ( 'NONE',  ( 0.6276173198889143379, -0.1789927849957623218, -2.911859574482030588 ) ) ;
#3975 = CARTESIAN_POINT ( 'NONE',  ( 0.09610158821650885419, -0.6446300119341259460, -4.357626170279317535 ) ) ;
#3976 = CARTESIAN_POINT ( 'NONE',  ( -0.7599749412983000108, -0.5397255283492999878, -3.327967119622999626 ) ) ;
#3977 = EDGE_CURVE ( 'NONE', #2978, #1758, #2242, .T. ) ;
#3978 = EDGE_LOOP ( 'NONE', ( #3397, #2851 ) ) ;
#3979 = CARTESIAN_POINT ( 'NONE',  ( 0.000000000000000000, 0.9499999999999999556, -2.981250000000999822 ) ) ;
#3980 = CARTESIAN_POINT ( 'NONE',  ( 0.5009093339410999324, -1.945833246282999918, 0.9000000000000000222 ) ) ;
#3981 = CARTESIAN_POINT ( 'NONE',  ( -0.5864967369228000216, 0.2601721432019000191, -5.897815307801000273 ) ) ;
#3982 = CARTESIAN_POINT ( 'NONE',  ( 0.000000000000000000, -0.9499999999999999556, -4.637500000000000178 ) ) ;
#3983 = EDGE_CURVE ( 'NONE', #1388, #30, #3984, .T. ) ;
#3984 = B_SPLINE_CURVE_WITH_KNOTS ( 'NONE', 3,
 ( #1575, #1325, #3671, #4441, #251, #2668, #1958, #591, #2622, #1646 ),
 .UNSPECIFIED., .F., .F.,
 ( 4, 2, 2, 2, 4 ),
 ( 0.000000000000000000, 0.2500000000000000555, 0.5000000000000001110, 0.7500000000000000000, 1.000000000000000000 ),
 .UNSPECIFIED. ) ;
#3985 = VECTOR ( 'NONE', #3059, 1000.000000000000114 ) ;
#3986 = CARTESIAN_POINT ( 'NONE',  ( -0.5913512328182999322, -0.6430495488351000155, -8.245944284208000852 ) ) ;
#3987 = CARTESIAN_POINT ( 'NONE',  ( 0.5823851540546000072, -0.3580742761107999494, -2.287363858866999777 ) ) ;
#3988 = CARTESIAN_POINT ( 'NONE',  ( 0.5739359866063999949, 0.8868497422544999731, -6.476948641133999374 ) ) ;
#3989 = AXIS2_PLACEMENT_3D ( 'NONE', #1034, #2891, #3259 ) ;
#3990 = CARTESIAN_POINT ( 'NONE',  ( -0.5488006446862687682, 0.3533089713233143470, -7.249195433757263274 ) ) ;
#3991 = CARTESIAN_POINT ( 'NONE',  ( 0.5659140652583999342, 0.2862381227135000206, -3.494999999999999662 ) ) ;
#3992 = CARTESIAN_POINT ( 'NONE',  ( 0.000000000000000000, 0.000000000000000000, 0.2000000000000000111 ) ) ;
#3993 = VECTOR ( 'NONE', #2402, 1000.000000000000114 ) ;
#3994 = CARTESIAN_POINT ( 'NONE',  ( -0.4998517246645999834, 0.5701119951778000905, -6.037366213711000462 ) ) ;
#3995 = ORIENTED_EDGE ( 'NONE', *, *, #1375, .F. ) ;
#3996 = CARTESIAN_POINT ( 'NONE',  ( 0.4305407289332000009, 0.3865124903618999963, 0.5999999999999999778 ) ) ;
#3997 = CARTESIAN_POINT ( 'NONE',  ( -0.8232978833209999570, 0.8806613067131000561, 1.399999999999999911 ) ) ;
#3998 = CARTESIAN_POINT ( 'NONE',  ( -0.04367914899428607112, 0.6502166504133174429, -2.708939901825261565 ) ) ;
#3999 = CYLINDRICAL_SURFACE ( 'NONE', #1956, 0.9499999999999999556 ) ;
#4000 = CYLINDRICAL_SURFACE ( 'NONE', #2478, 0.9499999999999999556 ) ;
#4001 = ORIENTED_EDGE ( 'NONE', *, *, #2202, .F. ) ;
#4002 = CARTESIAN_POINT ( 'NONE',  ( -0.1047737525684999949, -0.6254705851792999871, -8.364999999999998437 ) ) ;
#4003 = CARTESIAN_POINT ( 'NONE',  ( -1.999903841519999892, 0.01961185030800999957, 1.399999999999999911 ) ) ;
#4004 = EDGE_CURVE ( 'NONE', #819, #3747, #2025, .T. ) ;
#4005 = CARTESIAN_POINT ( 'NONE',  ( 0.7071771039411000048, -0.3906319250299999934, -6.995132880377999740 ) ) ;
#4006 = CARTESIAN_POINT ( 'NONE',  ( 0.4958873258251145777, -0.8476155584293242340, -4.582291666666668206 ) ) ;
#4007 = B_SPLINE_CURVE_WITH_KNOTS ( 'NONE', 3,
 ( #3735, #3395, #1955, #226 ),
 .UNSPECIFIED., .F., .F.,
 ( 4, 4 ),
 ( 0.000000000000000000, 1.000000000000000000 ),
 .UNSPECIFIED. ) ;
#4008 = ORIENTED_EDGE ( 'NONE', *, *, #3949, .T. ) ;
#4009 = EDGE_LOOP ( 'NONE', ( #3505, #709, #3285 ) ) ;
#4010 = CARTESIAN_POINT ( 'NONE',  ( 0.000000000000000000, 0.9499999999999999556, -3.643749999999999822 ) ) ;
#4011 = CARTESIAN_POINT ( 'NONE',  ( 0.3774598610952999977, 0.6563883888656999455, -8.648731315033998612 ) ) ;
#4012 = CARTESIAN_POINT ( 'NONE',  ( -0.1482871249383067302, 0.9500000000000002887, -5.747291666666667354 ) ) ;
#4013 = CARTESIAN_POINT ( 'NONE',  ( 1.029539336071000122, -0.2365454238456999869, -7.268323641133999757 ) ) ;
#4014 = CARTESIAN_POINT ( 'NONE',  ( 0.6439876422920431942, 0.1002541956048640936, -7.502845024578223665 ) ) ;
#4015 = CYLINDRICAL_SURFACE ( 'NONE', #1159, 0.9499999999999999556 ) ;
#4016 = CARTESIAN_POINT ( 'NONE',  ( -0.1930700049291276255, -0.6236726216094008457, -9.041677699631479825 ) ) ;
#4017 = CARTESIAN_POINT ( 'NONE',  ( -0.7562458940816000341, 0.5449373144424001225, -5.446417119621999703 ) ) ;
#4018 = ORIENTED_EDGE ( 'NONE', *, *, #200, .T. ) ;
#4019 = CARTESIAN_POINT ( 'NONE',  ( 0.2487094184091881710, -0.9500000000000009548, -2.622395833334333570 ) ) ;
#4020 = DIRECTION ( 'NONE',  ( 0.8660254037844248298, -0.5000000000000239808, 0.000000000000000000 ) ) ;
#4021 = LINE ( 'NONE', #899, #1879 ) ;
#4022 = DIRECTION ( 'NONE',  ( 0.000000000000000000, -1.000000000000000000, 0.000000000000000000 ) ) ;
#4023 = DIRECTION ( 'NONE',  ( 0.000000000000000000, 1.000000000000000000, 0.000000000000000000 ) ) ;
#4024 = VERTEX_POINT ( 'NONE', #4368 ) ;
#4025 = CARTESIAN_POINT ( 'NONE',  ( 0.4958873258251145777, -0.8476155584293242340, -2.727291666667666536 ) ) ;
#4026 = CARTESIAN_POINT ( 'NONE',  ( 0.6992093654901000432, 0.4047209167376999983, -7.549095380377999653 ) ) ;
#4027 = CARTESIAN_POINT ( 'NONE',  ( 0.000000000000000000, 0.000000000000000000, 0.000000000000000000 ) ) ;
#4028 = VERTEX_POINT ( 'NONE', #4010 ) ;
#4029 = LINE ( 'NONE', #3060, #2071 ) ;
#4030 = CARTESIAN_POINT ( 'NONE',  ( 0.6277286727576999459, -0.4234130528263999604, -9.484399606471999533 ) ) ;
#4031 = CARTESIAN_POINT ( 'NONE',  ( 0.9500000000000007327, 0.2487094184091886429, -3.914270833333333144 ) ) ;
#4032 = CARTESIAN_POINT ( 'NONE',  ( -0.7246381821432000825, 0.1261598001292999760, -5.796254619622000170 ) ) ;
#4033 = EDGE_CURVE ( 'NONE', #1358, #1134, #932, .T. ) ;
#4034 = CARTESIAN_POINT ( 'NONE',  ( 0.2044206616843494972, -0.6188623130837782593, -8.314523715205222487 ) ) ;
#4035 = CARTESIAN_POINT ( 'NONE',  ( -4.582140024537000067E-11, -0.5524983365087999809, -9.799998336669000665 ) ) ;
#4036 = CARTESIAN_POINT ( 'NONE',  ( -0.01039413808744000037, -1.056312898418000135, -1.448673641135000079 ) ) ;
#4037 = CARTESIAN_POINT ( 'NONE',  ( -0.8768570753629000292, 0.3158323429311999941, -6.079517119622000365 ) ) ;
#4038 = EDGE_CURVE ( 'NONE', #494, #4101, #1554, .T. ) ;
#4039 = ORIENTED_EDGE ( 'NONE', *, *, #4393, .T. ) ;
#4040 = CARTESIAN_POINT ( 'NONE',  ( 0.5991023533977000159, 0.4630313517849999894, -9.522542742264000992 ) ) ;
#4041 = CARTESIAN_POINT ( 'NONE',  ( -0.4899872458383000007, 1.101497281440000142, 1.399999999999999911 ) ) ;
#4042 = CARTESIAN_POINT ( 'NONE',  ( 0.000000000000000000, 0.000000000000000000, 0.000000000000000000 ) ) ;
#4043 = CARTESIAN_POINT ( 'NONE',  ( 0.6044782793459431147, -0.7504428836457026630, -3.903333333333333321 ) ) ;
#4044 = CARTESIAN_POINT ( 'NONE',  ( 0.000000000000000000, 0.9499999999999999556, -3.643749999999999822 ) ) ;
#4045 = VERTEX_POINT ( 'NONE', #546 ) ;
#4046 = CARTESIAN_POINT ( 'NONE',  ( -0.8476155584293213474, 0.4958873258251194627, -6.845833333335000326 ) ) ;
#4047 = CARTESIAN_POINT ( 'NONE',  ( 0.07007079755721999648, 0.6800952352097998643, -6.029711141134000307 ) ) ;
#4048 = CARTESIAN_POINT ( 'NONE',  ( 0.9500000000000008438, 0.2487094184091889204, -5.769270833334916304 ) ) ;
#4049 = ORIENTED_EDGE ( 'NONE', *, *, #3181, .T. ) ;
#4050 = VERTEX_POINT ( 'NONE', #1934 ) ;
#4051 = DIRECTION ( 'NONE',  ( 0.000000000000000000, -1.000000000000000000, 0.000000000000000000 ) ) ;
#4052 = CARTESIAN_POINT ( 'NONE',  ( 0.5216323074121000936, -0.3720916444504999698, -8.919570720896000893 ) ) ;
#4053 = CARTESIAN_POINT ( 'NONE',  ( 0.000000000000000000, -0.9499999999999999556, -1.324999999999999956 ) ) ;
#4054 = CARTESIAN_POINT ( 'NONE',  ( -0.8637942871639000542, -0.3503198005104999901, -6.967545380377999642 ) ) ;
#4055 = CARTESIAN_POINT ( 'NONE',  ( -0.3055981984903942128, -0.5756544234943137273, -6.412151784047840586 ) ) ;
#4056 = CARTESIAN_POINT ( 'NONE',  ( 0.000000000000000000, -0.9499999999999999556, -8.744999999999000906 ) ) ;
#4057 = CARTESIAN_POINT ( 'NONE',  ( 0.8273464805244999942, 0.6568121368612999111, -1.211261141133999963 ) ) ;
#4058 = ADVANCED_FACE ( 'NONE', ( #1911 ), #4102, .F. ) ;
#4059 = AXIS2_PLACEMENT_3D ( 'NONE', #3775, #4064, #581 ) ;
#4060 = CARTESIAN_POINT ( 'NONE',  ( -0.1813887263221000135, 0.9143099330536000879, -5.525554619622000452 ) ) ;
#4061 = VERTEX_POINT ( 'NONE', #1601 ) ;
#4062 = CONICAL_SURFACE ( 'NONE', #2835, 0.6958516933665999105, 0.7853936473494822490 ) ;
#4063 = CARTESIAN_POINT ( 'NONE',  ( -0.2427751976104000065, -0.7172007155934999600, -8.466961742552999937 ) ) ;
#4064 = DIRECTION ( 'NONE',  ( 0.6644630243887069687, -0.2418447626480025314, 0.7071067811865078268 ) ) ;
#4065 = ADVANCED_FACE ( 'NONE', ( #614 ), #1252, .T. ) ;
#4066 = CARTESIAN_POINT ( 'NONE',  ( -0.6515266210686835313, -0.04125888647414589772, -5.194669819988727788 ) ) ;
#4067 = CARTESIAN_POINT ( 'NONE',  ( -0.7500000000000000000, -0.1443375672973999935, 0.8000000000000000444 ) ) ;
#4068 = VECTOR ( 'NONE', #4206, 1000.000000000000000 ) ;
#4069 = VERTEX_POINT ( 'NONE', #3308 ) ;
#4070 = CARTESIAN_POINT ( 'NONE',  ( -0.8731346535926000074, -0.5945930201028999385, -4.200223641134000374 ) ) ;
#4071 = CARTESIAN_POINT ( 'NONE',  ( -1.591515529313000110, -1.226481735345000157, 0.9000000000464060124 ) ) ;
#4072 = CARTESIAN_POINT ( 'NONE',  ( 0.5984299795812000333, -0.3305619675985999595, -6.900223641133999664 ) ) ;
#4073 = B_SPLINE_CURVE_WITH_KNOTS ( 'NONE', 3,
 ( #4056, #1986, #1307, #2356, #3744, #620, #2036, #2009, #3405, #281 ),
 .UNSPECIFIED., .F., .F.,
 ( 4, 2, 2, 2, 4 ),
 ( 0.000000000000000000, 0.2500000000000000555, 0.5000000000000001110, 0.7500000000000000000, 1.000000000000000000 ),
 .UNSPECIFIED. ) ;
#4074 = CARTESIAN_POINT ( 'NONE',  ( -0.5893512985412000527, -0.3465609506760999881, -1.159711141133999979 ) ) ;
#4075 = VERTEX_POINT ( 'NONE', #182 ) ;
#4076 = DIRECTION ( 'NONE',  ( 0.7660444431190069903, -0.6427876096865049460, 0.000000000000000000 ) ) ;
#4077 = LINE ( 'NONE', #3739, #3815 ) ;
#4078 = CARTESIAN_POINT ( 'NONE',  ( -0.5906748736999000160, 0.2483055568856000206, -9.227448512478998666 ) ) ;
#4079 = CARTESIAN_POINT ( 'NONE',  ( 0.6462799621469863531, 0.7178408239905044175, -3.191250000000001030 ) ) ;
#4080 = CARTESIAN_POINT ( 'NONE',  ( -0.4875891229299000318, 0.6440281207108000672, -5.875392119622000031 ) ) ;
#4081 = CARTESIAN_POINT ( 'NONE',  ( -0.5500000000000000444, -0.1796029634390999830, 0.5999999999999999778 ) ) ;
#4082 = DIRECTION ( 'NONE',  ( 0.000000000000000000, 0.000000000000000000, -1.000000000000000000 ) ) ;
#4083 = CARTESIAN_POINT ( 'NONE',  ( 0.2807385688069999885, -1.018376570246999790, -2.081773641134999853 ) ) ;
#4084 = CARTESIAN_POINT ( 'NONE',  ( -0.6554527524664000016, 0.4723075727990999617, -5.351507880377999626 ) ) ;
#4085 = ORIENTED_EDGE ( 'NONE', *, *, #1651, .T. ) ;
#4086 = CARTESIAN_POINT ( 'NONE',  ( -0.5807148715050000076, -0.2707816353036999746, -9.119755711438001455 ) ) ;
#4087 = CARTESIAN_POINT ( 'NONE',  ( -0.8686853056362966452, 0.4223257958397190204, -6.175625000000084519 ) ) ;
#4088 = DIRECTION ( 'NONE',  ( -0.6427876096865049460, 0.7660444431190069903, 0.000000000000000000 ) ) ;
#4089 = CYLINDRICAL_SURFACE ( 'NONE', #2774, 0.9499999999999999556 ) ;
#4090 = CARTESIAN_POINT ( 'NONE',  ( 0.000000000000000000, -0.9499999999999999556, -3.312500000001000089 ) ) ;
#4091 = B_SPLINE_CURVE_WITH_KNOTS ( 'NONE', 3,
 ( #2865, #371, #1475, #729, #3233, #1136, #750, #2525, #3873, #3574 ),
 .UNSPECIFIED., .F., .F.,
 ( 4, 2, 2, 2, 4 ),
 ( 0.000000000000000000, 0.2500000000000000000, 0.5000000000000000000, 0.7500000000000000000, 1.000000000000000000 ),
 .UNSPECIFIED. ) ;
#4092 = EDGE_CURVE ( 'NONE', #158, #4045, #1623, .T. ) ;
#4093 = ORIENTED_EDGE ( 'NONE', *, *, #1038, .T. ) ;
#4094 = CARTESIAN_POINT ( 'NONE',  ( -1.047971393247999927, -0.1328944872787000131, -4.912461141134000009 ) ) ;
#4095 = DIRECTION ( 'NONE',  ( 0.3420201433256880863, -0.9396926207859013225, 0.000000000000000000 ) ) ;
#4096 = CARTESIAN_POINT ( 'NONE',  ( 0.6832882177948998992, -0.02252474801623000067, -6.187986141134000029 ) ) ;
#4097 = LINE ( 'NONE', #299, #1097 ) ;
#4098 = EDGE_CURVE ( 'NONE', #3386, #2121, #4077, .T. ) ;
#4099 = EDGE_LOOP ( 'NONE', ( #1717, #1665, #1545, #657 ) ) ;
#4100 = VECTOR ( 'NONE', #218, 1000.000000000000114 ) ;
#4101 = VERTEX_POINT ( 'NONE', #706 ) ;
#4102 = PLANE ( 'NONE',  #2643 ) ;
#4103 = CARTESIAN_POINT ( 'NONE',  ( -0.6862427937414998791, -0.3199882679482999870, -9.044574189925999264 ) ) ;
#4104 = CARTESIAN_POINT ( 'NONE',  ( -1.143076545329000160, -0.3831096093235999422, 1.399999999998000177 ) ) ;
#4105 = CARTESIAN_POINT ( 'NONE',  ( 0.9040951962416999832, 0.2268841320410999729, -6.650995380377999311 ) ) ;
#4106 = CARTESIAN_POINT ( 'NONE',  ( -0.9500000000000002887, -0.2487094184091911964, -2.920520833333916322 ) ) ;
#4107 = CARTESIAN_POINT ( 'NONE',  ( 0.000000000000000000, 0.9499999999999999556, -4.438750000000999840 ) ) ;
#4108 = CARTESIAN_POINT ( 'NONE',  ( -0.8035459784235000624, -0.4725155588588999533, -0.9896203803780999619 ) ) ;
#4109 = CARTESIAN_POINT ( 'NONE',  ( 0.9205902114897108746, 0.2847317585462494360, -3.247916666666666341 ) ) ;
#4110 = ORIENTED_EDGE ( 'NONE', *, *, #2894, .F. ) ;
#4111 = CARTESIAN_POINT ( 'NONE',  ( -0.5839688995649000569, 0.2636906154780999656, -8.547982669927998600 ) ) ;
#4112 = CARTESIAN_POINT ( 'NONE',  ( 0.1713042507097000122, -2.001957142248999677, 1.399999999999999911 ) ) ;
#4113 = DIRECTION ( 'NONE',  ( 1.000000000000000000, 0.000000000000000000, 0.000000000000000000 ) ) ;
#4114 = PLANE ( 'NONE',  #4059 ) ;
#4115 = B_SPLINE_CURVE_WITH_KNOTS ( 'NONE', 3,
 ( #548, #3379, #570, #4104, #3429, #4396, #987, #3694, #1625, #1960, #1936, #231, #2377, #2331, #3332, #2697, #593, #1983, #4443, #616, #2305, #207 ),
 .UNSPECIFIED., .F., .F.,
 ( 4, 1, 1, 1, 1, 1, 1, 1, 1, 1, 1, 1, 1, 1, 1, 1, 1, 1, 1, 4 ),
 ( 0.000000000000000000, 0.04991167702305000092, 0.1029373207863999995, 0.1559676964348999939, 0.2089952797943000207, 0.2620244206708000068, 0.3150541577766999835, 0.3680837636170999905, 0.4211121874295000178, 0.4741418251122000438, 0.5271707726025000040, 0.5802004102851999745, 0.6332288340976999219, 0.6862584399380000644, 0.7392881770440000722, 0.7923173179203999439, 0.8453449012797999984, 0.8983752769284000239, 0.9514009206917000139, 1.000000000000000000 ),
 .UNSPECIFIED. ) ;
#4116 = CARTESIAN_POINT ( 'NONE',  ( 0.5000000000000000000, 0.5773502691895999739, 1.399999999999999911 ) ) ;
#4117 = DIRECTION ( 'NONE',  ( 0.000000000000000000, 0.000000000000000000, 1.000000000000000000 ) ) ;
#4118 = VERTEX_POINT ( 'NONE', #659 ) ;
#4119 = CARTESIAN_POINT ( 'NONE',  ( 0.5072488860818000767, 0.6803675952245999969, -3.266345380378000485 ) ) ;
#4120 = CARTESIAN_POINT ( 'NONE',  ( 0.000000000000000000, -0.9499999999999999556, -3.975000000000000089 ) ) ;
#4121 = CARTESIAN_POINT ( 'NONE',  ( -0.7453761119658999235, 0.5597133022332999586, -6.773492119622000374 ) ) ;
#4122 = CARTESIAN_POINT ( 'NONE',  ( 0.1379670675530000057, -0.6266043845922999456, -1.027815307800999944 ) ) ;
#4123 = ADVANCED_FACE ( 'NONE', ( #1713 ), #2688, .T. ) ;
#4124 = EDGE_LOOP ( 'NONE', ( #2756, #4439, #3231, #3736 ) ) ;
#4125 = B_SPLINE_CURVE_WITH_KNOTS ( 'NONE', 3,
 ( #1246, #2663, #840, #132 ),
 .UNSPECIFIED., .F., .F.,
 ( 4, 4 ),
 ( 0.000000000000000000, 1.000000000000000000 ),
 .UNSPECIFIED. ) ;
#4126 = ORIENTED_EDGE ( 'NONE', *, *, #976, .F. ) ;
#4127 = CARTESIAN_POINT ( 'NONE',  ( 0.09782804394541000370, 1.201587945305999883, 1.399999999999999911 ) ) ;
#4128 = PLANE ( 'NONE',  #3702 ) ;
#4129 = CARTESIAN_POINT ( 'NONE',  ( -1.800000000019380320, 1.054415587703026347, -2.442481754933009740E-17 ) ) ;
#4130 = CARTESIAN_POINT ( 'NONE',  ( 0.5723497595643999292, -0.5701835487592999963, -6.191942119622000362 ) ) ;
#4131 = EDGE_CURVE ( 'NONE', #3006, #1273, #1052, .T. ) ;
#4132 = CARTESIAN_POINT ( 'NONE',  ( 0.2487094184091881710, -0.9500000000000009548, -3.284895833334333215 ) ) ;
#4133 = CYLINDRICAL_SURFACE ( 'NONE', #2606, 0.9499999999999999556 ) ;
#4134 = CARTESIAN_POINT ( 'NONE',  ( 0.6290081501435998979, -0.6879049867312999611, -1.464445380377999983 ) ) ;
#4135 = CARTESIAN_POINT ( 'NONE',  ( -0.1051142602003214133, -0.9456285101004425764, -8.094166666666666288 ) ) ;
#4136 = ORIENTED_EDGE ( 'NONE', *, *, #1247, .F. ) ;
#4137 = CARTESIAN_POINT ( 'NONE',  ( 0.05027840036737999535, 0.6387679849495000450, -9.339668419710999814 ) ) ;
#4138 = CARTESIAN_POINT ( 'NONE',  ( -0.9322609400196782969, 0.2527108580447304798, -6.156250000000166089 ) ) ;
#4139 = CARTESIAN_POINT ( 'NONE',  ( 0.9499999999999991784, -0.2487094184091953319, -1.849479166667249874 ) ) ;
#4140 = CARTESIAN_POINT ( 'NONE',  ( 0.9499999999999990674, -0.2487094184091952209, -1.319479166667250070 ) ) ;
#4141 = VECTOR ( 'NONE', #2972, 1000.000000000000114 ) ;
#4142 = VERTEX_POINT ( 'NONE', #3103 ) ;
#4143 = DIRECTION ( 'NONE',  ( 0.000000000000000000, -1.000000000000000000, 0.000000000000000000 ) ) ;
#4144 = CARTESIAN_POINT ( 'NONE',  ( 0.4305407289332000009, -0.3865124903618999963, 0.5999999999999999778 ) ) ;
#4145 = CARTESIAN_POINT ( 'NONE',  ( -0.9789215765733001451, -0.3970107426230000125, -7.422363858865999475 ) ) ;
#4146 = VECTOR ( 'NONE', #1898, 1000.000000000000000 ) ;
#4147 = CARTESIAN_POINT ( 'NONE',  ( -0.2651906707738999613, -0.8934776480630999274, -1.270392119622000049 ) ) ;
#4148 = ORIENTED_EDGE ( 'NONE', *, *, #4263, .T. ) ;
#4149 = VECTOR ( 'NONE', #3049, 1000.000000000000114 ) ;
#4150 = ORIENTED_EDGE ( 'NONE', *, *, #2705, .T. ) ;
#4151 = EDGE_CURVE ( 'NONE', #2280, #3832, #2145, .T. ) ;
#4152 = CARTESIAN_POINT ( 'NONE',  ( 0.8476155584293201262, -0.4958873258251215166, -7.309583333335333499 ) ) ;
#4153 = CARTESIAN_POINT ( 'NONE',  ( 0.5313810620811113550, 0.3785179560044685809, -1.491421865883639786 ) ) ;
#4154 = PLANE ( 'NONE',  #502 ) ;
#4155 = CARTESIAN_POINT ( 'NONE',  ( -0.4475956473043999906, -0.5167667273225999836, -6.445126358866000160 ) ) ;
#4156 = LINE ( 'NONE', #3403, #4424 ) ;
#4157 = ADVANCED_FACE ( 'NONE', ( #2095 ), #1002, .T. ) ;
#4158 = CARTESIAN_POINT ( 'NONE',  ( -0.8166454097304999271, 1.835828802400999882, 0.9000000000464060124 ) ) ;
#4159 = CARTESIAN_POINT ( 'NONE',  ( 0.3127304140837000035, 0.8781026270272999090, -2.572370380379000121 ) ) ;
#4160 = CARTESIAN_POINT ( 'NONE',  ( -0.7500000000000000000, 0.1443375672973999935, 1.399999999999999911 ) ) ;
#4161 = ORIENTED_EDGE ( 'NONE', *, *, #4098, .T. ) ;
#4162 = CARTESIAN_POINT ( 'NONE',  ( 0.4642349078260999962, -0.7400611945209999432, -9.793382148126999809 ) ) ;
#4163 = CARTESIAN_POINT ( 'NONE',  ( 0.9500000000000008438, 0.2487094184091889204, -7.756770833335331794 ) ) ;
#4164 = DIRECTION ( 'NONE',  ( -0.3420201433256990775, 0.9396926207858972147, 0.000000000000000000 ) ) ;
#4165 = CARTESIAN_POINT ( 'NONE',  ( 0.7500000000000000000, -0.1443375672973999935, 1.399999999999999911 ) ) ;
#4166 = CARTESIAN_POINT ( 'NONE',  ( 2.000000000000000000, 3.677272480593999891E-11, 0.2000000000000000111 ) ) ;
#4167 = ORIENTED_EDGE ( 'NONE', *, *, #1400, .F. ) ;
#4168 = CARTESIAN_POINT ( 'NONE',  ( -0.2330045083956000240, -1.030346486381999993, -4.121086141133999625 ) ) ;
#4169 = CARTESIAN_POINT ( 'NONE',  ( 0.000000000000000000, 0.000000000000000000, -9.601245506712000832 ) ) ;
#4170 = CARTESIAN_POINT ( 'NONE',  ( -0.6102704503092001298, -0.7045811667017000124, -6.615217119622000652 ) ) ;
#4171 = CARTESIAN_POINT ( 'NONE',  ( -0.7619956678820999363, -0.2684312934820000107, -2.599957880379000219 ) ) ;
#4172 = ORIENTED_EDGE ( 'NONE', *, *, #1145, .F. ) ;
#4173 = EDGE_LOOP ( 'NONE', ( #198, #1140, #3142, #4487 ) ) ;
#4174 = CARTESIAN_POINT ( 'NONE',  ( -1.200034949003000007, 0.06107685245576000010, 1.399999999986999866 ) ) ;
#4175 = CARTESIAN_POINT ( 'NONE',  ( -0.8476155584293225687, -0.4958873258251174088, -8.060416666668663410 ) ) ;
#4176 = CARTESIAN_POINT ( 'NONE',  ( 0.5239973417051000393, -0.4391653805941999611, -8.265288858866000510 ) ) ;
#4177 = DIRECTION ( 'NONE',  ( 0.000000000000000000, 0.000000000000000000, 1.000000000000000000 ) ) ;
#4178 = FACE_OUTER_BOUND ( 'NONE', #2591, .T. ) ;
#4179 = CARTESIAN_POINT ( 'NONE',  ( 0.7919047038140999417, 0.1599365413514000078, -2.113317119622999840 ) ) ;
#4180 = LINE ( 'NONE', #1018, #1260 ) ;
#4181 = EDGE_CURVE ( 'NONE', #4118, #361, #1735, .T. ) ;
#4182 = VERTEX_POINT ( 'NONE', #1365 ) ;
#4183 = CARTESIAN_POINT ( 'NONE',  ( -0.5913512328182999322, -0.6430495488351000155, -8.605853523452001497 ) ) ;
#4184 = CARTESIAN_POINT ( 'NONE',  ( 0.2500000000000000000, -0.7216878364869999674, 0.8000000000000000444 ) ) ;
#4185 = CALENDAR_DATE ( 2026, 22, 6 ) ;
#4186 = DIRECTION ( 'NONE',  ( 0.000000000000000000, 0.000000000000000000, 1.000000000000000000 ) ) ;
#4187 = CARTESIAN_POINT ( 'NONE',  ( 0.000000000000000000, -0.9499999999999999556, -1.324999999999999956 ) ) ;
#4188 = EDGE_CURVE ( 'NONE', #680, #1600, #3027, .T. ) ;
#4189 = EDGE_LOOP ( 'NONE', ( #2268, #555, #2360, #4245 ) ) ;
#4190 = CARTESIAN_POINT ( 'NONE',  ( -0.1781989384425000100, -0.7879961266221000571, -4.310904619622000666 ) ) ;
#4191 = CARTESIAN_POINT ( 'NONE',  ( 0.8090675227547999837, 1.839181029855999849, 0.9000000000000000222 ) ) ;
#4192 = CARTESIAN_POINT ( 'NONE',  ( 0.7022586122448000179, 0.6129258166577000733, -6.298667119622000321 ) ) ;
#4193 = CARTESIAN_POINT ( 'NONE',  ( 0.1816887432657000034, -0.6590742412264999350, -2.346773641134999977 ) ) ;
#4194 = ORIENTED_EDGE ( 'NONE', *, *, #3730, .T. ) ;
#4195 = CARTESIAN_POINT ( 'NONE',  ( 0.000000000000000000, 0.000000000000000000, 0.5999999999999999778 ) ) ;
#4196 = FACE_OUTER_BOUND ( 'NONE', #1369, .T. ) ;
#4197 = DIRECTION ( 'NONE',  ( 0.8660254037844288266, -0.5000000000000169864, 0.000000000000000000 ) ) ;
#4198 = CARTESIAN_POINT ( 'NONE',  ( -0.5410607754210000619, 0.5999547008143999438, -7.853829619621999214 ) ) ;
#4199 = DIRECTION ( 'NONE',  ( 0.000000000000000000, 0.000000000000000000, -1.000000000000000000 ) ) ;
#4200 = CARTESIAN_POINT ( 'NONE',  ( -0.4570331444614000316, 0.6661937837053000244, -1.242804619622000173 ) ) ;
#4201 = ORIENTED_EDGE ( 'NONE', *, *, #4332, .F. ) ;
#4202 = CARTESIAN_POINT ( 'NONE',  ( 0.08713670505951000289, -0.9577997864966000252, -8.612797679386000382 ) ) ;
#4203 = EDGE_CURVE ( 'NONE', #4387, #950, #780, .T. ) ;
#4204 = CARTESIAN_POINT ( 'NONE',  ( 0.8476155584293202372, -0.4958873258251216276, -7.839583333335333748 ) ) ;
#4205 = DIRECTION ( 'NONE',  ( 0.7285049696539939168, 0.4206025403356966064, -0.5407162030608959613 ) ) ;
#4206 = DIRECTION ( 'NONE',  ( 0.6427876096865052791, -0.7660444431190065462, 0.000000000000000000 ) ) ;
#4207 = VERTEX_POINT ( 'NONE', #682 ) ;
#4208 = VECTOR ( 'NONE', #3247, 1000.000000000000000 ) ;
#4209 = CARTESIAN_POINT ( 'NONE',  ( 0.9320468680583999799, -0.01237614232559000084, -4.690820380377999754 ) ) ;
#4210 = CARTESIAN_POINT ( 'NONE',  ( 0.4928804744893999223, 1.947882445383999794, 1.399999999999999911 ) ) ;
#4211 = CARTESIAN_POINT ( 'NONE',  ( 0.5915877031773999484, -0.8751736829144000085, -7.897188858866000416 ) ) ;
#4212 = CARTESIAN_POINT ( 'NONE',  ( -0.1043908857084999975, 0.8011212768191999789, -2.125132880379000166 ) ) ;
#4213 = VECTOR ( 'NONE', #2743, 1000.000000000000000 ) ;
#4214 = ORIENTED_EDGE ( 'NONE', *, *, #2899, .F. ) ;
#4215 = CARTESIAN_POINT ( 'NONE',  ( -0.1569494992392000132, -0.9369454918448999470, -8.099999999999999645 ) ) ;
#4216 = CARTESIAN_POINT ( 'NONE',  ( 0.9500000000000007327, 0.2487094184091886429, -7.226770833335330657 ) ) ;
#4217 = VECTOR ( 'NONE', #42, 1000.000000000000000 ) ;
#4218 = CARTESIAN_POINT ( 'NONE',  ( -0.9499999999999997335, 0.2487094184091930837, -3.638229166666667069 ) ) ;
#4219 = CARTESIAN_POINT ( 'NONE',  ( -0.6797885800285999869, -0.07264390032530999852, -6.524263858866000021 ) ) ;
#4220 = VECTOR ( 'NONE', #4281, 1000.000000000000000 ) ;
#4221 = APPLICATION_CONTEXT ( 'configuration controlled 3d designs of mechanical parts and assemblies' ) ;
#4222 = CARTESIAN_POINT ( 'NONE',  ( 0.000000000000000000, -0.9499999999999999556, -3.975000000000000089 ) ) ;
#4223 = CARTESIAN_POINT ( 'NONE',  ( 0.05896968686076999727, 0.9303115977113000090, -3.205470380378000250 ) ) ;
#4224 = ORIENTED_EDGE ( 'NONE', *, *, #3315, .F. ) ;
#4225 = CARTESIAN_POINT ( 'NONE',  ( -0.6701670637805000608, -0.7287557784472000755, -8.700762762694999708 ) ) ;
#4226 = CARTESIAN_POINT ( 'NONE',  ( -0.1482871249383066747, 0.9500000000000002887, -6.277291666666667602 ) ) ;
#4227 = PERSON_AND_ORGANIZATION ( #18446744073709551615, #18446744073709551615 ) ;
#4228 = CARTESIAN_POINT ( 'NONE',  ( -0.7500000000000000000, -0.1443375672973999935, 0.8000000000000000444 ) ) ;
#4229 = CARTESIAN_POINT ( 'NONE',  ( -0.4373399617570999931, -0.5254744640792000654, -5.098323641133999828 ) ) ;
#4230 = VERTEX_POINT ( 'NONE', #4120 ) ;
#4231 = CARTESIAN_POINT ( 'NONE',  ( 0.04556536270209000233, -0.8066080553500000194, -4.944004619622000440 ) ) ;
#4232 = CARTESIAN_POINT ( 'NONE',  ( 1.591515529313000110, 1.226481735345000157, 0.9000000000000000222 ) ) ;
#4233 = LINE ( 'NONE', #1115, #1750 ) ;
#4234 = CARTESIAN_POINT ( 'NONE',  ( 0.6515274803108574986, 0.01330022801939342164, -4.205436415786744320 ) ) ;
#4235 = CARTESIAN_POINT ( 'NONE',  ( -0.2126840901125000294, -1.034731781564000030, -3.343738858866999841 ) ) ;
#4236 = ADVANCED_FACE ( 'NONE', ( #2393 ), #35, .T. ) ;
#4237 = ORIENTED_EDGE ( 'NONE', *, *, #1009, .F. ) ;
#4238 = CARTESIAN_POINT ( 'NONE',  ( 1.839244000019678208E-11, -1.999999999999527711, 0.2000000000000000111 ) ) ;
#4239 = CARTESIAN_POINT ( 'NONE',  ( 0.1745658559400341814, 0.9499999999999995115, -3.663124999999998632 ) ) ;
#4240 = CARTESIAN_POINT ( 'NONE',  ( -0.4126094400578999566, 0.5449918174369999813, -5.950573641133999558 ) ) ;
#4241 = CARTESIAN_POINT ( 'NONE',  ( 0.5608146579677999455, 0.5815327780900999555, -8.012104619621998935 ) ) ;
#4242 = EDGE_CURVE ( 'NONE', #1489, #4182, #463, .T. ) ;
#4243 = CARTESIAN_POINT ( 'NONE',  ( 0.08713670505951000289, -0.9577997864966000252, -8.063069961655001450 ) ) ;
#4244 = CARTESIAN_POINT ( 'NONE',  ( -0.08833803477922000380, 0.6779277590537999831, -2.049951358866999751 ) ) ;
#4245 = ORIENTED_EDGE ( 'NONE', *, *, #3294, .T. ) ;
#4246 = CARTESIAN_POINT ( 'NONE',  ( 0.6912301354854000213, 0.5342346298810999317, -9.617451981508001069 ) ) ;
#4247 = CARTESIAN_POINT ( 'NONE',  ( 2.001444271255000018, -0.08321506827614000290, 1.399999999999999911 ) ) ;
#4248 = DATE_AND_TIME ( #4185, #1125 ) ;
#4249 = CARTESIAN_POINT ( 'NONE',  ( -0.5000000000000000000, -0.5773502691895999739, 0.8000000000000000444 ) ) ;
#4250 = ORIENTED_EDGE ( 'NONE', *, *, #1839, .T. ) ;
#4251 = CARTESIAN_POINT ( 'NONE',  ( 0.5834592117159999036, -0.5588095430958999188, -4.864867119621999692 ) ) ;
#4252 = DIRECTION ( 'NONE',  ( -0.5000000000000169864, -0.8660254037844288266, 0.000000000000000000 ) ) ;
#4253 = CARTESIAN_POINT ( 'NONE',  ( -0.1219106388815157649, -0.6406190482978415535, -2.404560392840105365 ) ) ;
#4254 = FACE_OUTER_BOUND ( 'NONE', #3934, .T. ) ;
#4255 = CARTESIAN_POINT ( 'NONE',  ( -0.7280457924054999364, -0.7654112031951999517, -2.077538858865999760 ) ) ;
#4256 = ORIENTED_EDGE ( 'NONE', *, *, #3130, .T. ) ;
#4257 = DIRECTION ( 'NONE',  ( 0.000000000000000000, 0.000000000000000000, 1.000000000000000000 ) ) ;
#4258 = CARTESIAN_POINT ( 'NONE',  ( 0.000000000000000000, 1.019626234635999884, 1.399999999999999911 ) ) ;
#4259 = ADVANCED_FACE ( 'NONE', ( #89 ), #1411, .F. ) ;
#4260 = CARTESIAN_POINT ( 'NONE',  ( -1.839158594703834452E-11, 1.999999999999757971, 0.06666666666662679486 ) ) ;
#4261 = LINE ( 'NONE', #3223, #4433 ) ;
#4262 = CARTESIAN_POINT ( 'NONE',  ( -0.8972986382145999862, -0.4184015332375000118, -8.854755711438000887 ) ) ;
#4263 = EDGE_CURVE ( 'NONE', #3747, #82, #68, .T. ) ;
#4264 = CARTESIAN_POINT ( 'NONE',  ( 0.04325061970212000506, 0.6823260434142000008, -3.395288858865999959 ) ) ;
#4265 = ORIENTED_EDGE ( 'NONE', *, *, #1173, .T. ) ;
#4266 = CARTESIAN_POINT ( 'NONE',  ( -0.2679192264925999711, -0.9531082980421000661, -9.976256470679999211 ) ) ;
#4267 = CARTESIAN_POINT ( 'NONE',  ( 0.4884773111571585891, 0.8508171755160212069, -9.130623569910834902 ) ) ;
#4268 = CARTESIAN_POINT ( 'NONE',  ( -0.6283934404180999689, -0.2693717313787000189, -5.810561141134000351 ) ) ;
#4269 = ORIENTED_EDGE ( 'NONE', *, *, #3675, .F. ) ;
#4270 = DIRECTION ( 'NONE',  ( -0.1736481776669025201, 0.9848077530122130163, 0.000000000000000000 ) ) ;
#4271 = B_SPLINE_CURVE_WITH_KNOTS ( 'NONE', 3,
 ( #2540, #3931, #486, #3678, #1511, #1876, #1581, #829, #4307, #188, #2289, #809, #4352, #3270, #145, #1537, #1558, #4016, #1191, #2198, #2967, #2881, #2602, #2581, #3631, #3588, #552, #3969, #2239, #1857, #2924, #849, #3248, #123, #509 ),
 .UNSPECIFIED., .F., .F.,
 ( 4, 1, 1, 1, 1, 1, 1, 1, 1, 1, 1, 1, 1, 1, 1, 1, 1, 1, 1, 1, 1, 1, 1, 1, 1, 1, 1, 1, 1, 1, 1, 1, 4 ),
 ( 0.000000000000000000, 0.01250162231857044129, 0.04500154492005367657, 0.07750146752152611840, 0.1100013901230165597, 0.1425013127244889877, 0.1750012353259794429, 0.2075011579273799145, 0.2400010805288883831, 0.2725010031303968239, 0.3050009257319052369, 0.3375008483334136500, 0.3700007709349220630, 0.4025006935364305316, 0.4350006161377590330, 0.4675005387392673906, 0.5000004613407759146, 0.5325003839422842722, 0.5650003065437928518, 0.5975002291453010983, 0.6300001517466297107, 0.6625000743481380683, 0.6949999969496464258, 0.7274999195511548944, 0.7599998421526633630, 0.7924997647541719425, 0.8249996873556801891, 0.8574996099570088015, 0.8899995325585171591, 0.9224994551600256276, 0.9549993777615342072, 0.9874993003630425648, 1.000000000000000000 ),
 .UNSPECIFIED. ) ;
#4272 = CARTESIAN_POINT ( 'NONE',  ( 1.063716054273999845, 0.5673514923724999326, 1.399999999999999911 ) ) ;
#4273 = CARTESIAN_POINT ( 'NONE',  ( 0.000000000000000000, -0.6341852979625000053, -1.060000000000000053 ) ) ;
#4274 = CARTESIAN_POINT ( 'NONE',  ( -0.4789932165019982202, -0.4436619623197078366, -4.459086006607702046 ) ) ;
#4275 = CARTESIAN_POINT ( 'NONE',  ( -0.8142616950024998967, 0.6729657309136000132, -2.235813858865999926 ) ) ;
#4276 = VECTOR ( 'NONE', #3833, 1000.000000000000000 ) ;
#4277 = ORIENTED_EDGE ( 'NONE', *, *, #3712, .F. ) ;
#4278 = CARTESIAN_POINT ( 'NONE',  ( 1.132520446104487322, -1.933333333322538872, -4.051621242779308517E-14 ) ) ;
#4279 = CARTESIAN_POINT ( 'NONE',  ( 0.000000000000000000, 0.9499999999999999556, -6.956250000002000000 ) ) ;
#4280 = CARTESIAN_POINT ( 'NONE',  ( 0.4958873258251204619, 0.8476155584293210143, -4.493958333334500566 ) ) ;
#4281 = DIRECTION ( 'NONE',  ( 0.000000000000000000, 0.000000000000000000, 1.000000000000000000 ) ) ;
#4282 = EDGE_CURVE ( 'NONE', #3473, #895, #4091, .T. ) ;
#4283 = VECTOR ( 'NONE', #508, 1000.000000000000114 ) ;
#4284 = CARTESIAN_POINT ( 'NONE',  ( 0.1035119293236999860, 0.9846268172455998613, -8.414930294892000617 ) ) ;
#4285 = CARTESIAN_POINT ( 'NONE',  ( -0.8883486446998672958, 0.2580546019868600882, -9.439422429399410674 ) ) ;
#4286 = ADVANCED_FACE ( 'NONE', ( #2485, #412 ), #3513, .T. ) ;
#4287 = ORIENTED_EDGE ( 'NONE', *, *, #1195, .F. ) ;
#4288 = CARTESIAN_POINT ( 'NONE',  ( 0.000000000000000000, -0.9499999999999999556, -1.457500000001000107 ) ) ;
#4289 = CARTESIAN_POINT ( 'NONE',  ( -0.4958873258251185745, -0.8476155584293220135, -4.692708333333500015 ) ) ;
#4290 = CARTESIAN_POINT ( 'NONE',  ( 0.6048195729743000015, -0.3187216496649000197, -5.573148641133999881 ) ) ;
#4291 = ORIENTED_EDGE ( 'NONE', *, *, #3003, .T. ) ;
#4292 = DIRECTION ( 'NONE',  ( 0.000000000000000000, 0.000000000000000000, -1.000000000000000000 ) ) ;
#4293 = CARTESIAN_POINT ( 'NONE',  ( -0.9499999999999997335, 0.2487094184091930837, -0.9882291666666667140 ) ) ;
#4294 = CARTESIAN_POINT ( 'NONE',  ( -0.1871239235719877048, -0.6214582917775879345, -9.710006149792759444 ) ) ;
#4295 = CARTESIAN_POINT ( 'NONE',  ( 0.6409211584943035334, -0.1240641309081359361, -4.890290311003433921 ) ) ;
#4296 = CARTESIAN_POINT ( 'NONE',  ( 0.4285831505760999693, -0.8609818345491999647, -1.286163858865999821 ) ) ;
#4297 = ORIENTED_EDGE ( 'NONE', *, *, #1099, .F. ) ;
#4298 = CARTESIAN_POINT ( 'NONE',  ( -0.8476155584293225687, -0.4958873258251174088, -6.735416666667999763 ) ) ;
#4299 = CARTESIAN_POINT ( 'NONE',  ( 0.9499999999999990674, -0.2487094184091952209, -1.981979166667666270 ) ) ;
#4300 = CARTESIAN_POINT ( 'NONE',  ( -1.132520446104488432, 1.933333333322538650, -4.146303308238574003E-14 ) ) ;
#4301 = CARTESIAN_POINT ( 'NONE',  ( 0.2487094184091940829, 0.9499999999999994005, -6.983854166668666430 ) ) ;
#4302 = CARTESIAN_POINT ( 'NONE',  ( -0.5822771954343999301, 0.6512749208384999156, -8.421874450826001279 ) ) ;
#4303 = CARTESIAN_POINT ( 'NONE',  ( 0.8476155584293235679, 0.4958873258251159100, -8.391666666668003316 ) ) ;
#4304 = CARTESIAN_POINT ( 'NONE',  ( 0.7500000000000000000, -0.1443375672973999935, 0.8000000000000000444 ) ) ;
#4305 = CARTESIAN_POINT ( 'NONE',  ( -0.5351043054359245765, 0.3738479753147895823, -6.589706497622516146 ) ) ;
#4306 = CARTESIAN_POINT ( 'NONE',  ( -0.8476155584293213474, 0.4958873258251193517, -1.678333333334333100 ) ) ;
#4307 = CARTESIAN_POINT ( 'NONE',  ( -0.2006497041009236981, 0.6212755115455047550, -8.645834824739479174 ) ) ;
#4308 = EDGE_CURVE ( 'NONE', #2917, #599, #1780, .T. ) ;
#4309 = CARTESIAN_POINT ( 'NONE',  ( -0.6209873031476000893, 0.2859443521604999594, -3.911261141134000585 ) ) ;
#4310 = AXIS2_PLACEMENT_3D ( 'NONE', #85, #467, #1472 ) ;
#4311 = ORIENTED_EDGE ( 'NONE', *, *, #531, .T. ) ;
#4312 = CARTESIAN_POINT ( 'NONE',  ( 0.05666866793906000233, 0.6813063312117999537, -4.722363858866000186 ) ) ;
#4313 = CARTESIAN_POINT ( 'NONE',  ( -2.001444271255000018, 0.08321506827614000290, 1.399999999999999911 ) ) ;
#4314 = CARTESIAN_POINT ( 'NONE',  ( -0.5870858171783167601, -0.2833602598782936632, -3.165509165303012740 ) ) ;
#4315 = ADVANCED_FACE ( 'NONE', ( #2138 ), #1111, .F. ) ;
#4316 = CARTESIAN_POINT ( 'NONE',  ( 0.000000000000000000, 0.9499999999999999556, -6.293750000000000178 ) ) ;
#4317 = CARTESIAN_POINT ( 'NONE',  ( 0.9601952495344999727, 0.2467652373345000094, -3.792184692199000118 ) ) ;
#4318 = B_SPLINE_CURVE_WITH_KNOTS ( 'NONE', 3,
 ( #1438, #3861, #1742, #1808, #4218, #3134, #419, #2745, #1058, #1767 ),
 .UNSPECIFIED., .F., .F.,
 ( 4, 2, 2, 2, 4 ),
 ( 0.000000000000000000, 0.2500000000000000000, 0.5000000000000000000, 0.7500000000000000000, 1.000000000000000000 ),
 .UNSPECIFIED. ) ;
#4319 = ORIENTED_EDGE ( 'NONE', *, *, #3544, .F. ) ;
#4320 = CARTESIAN_POINT ( 'NONE',  ( 0.000000000000000000, -0.9499999999999999556, -2.650000000001000000 ) ) ;
#4321 = CARTESIAN_POINT ( 'NONE',  ( -0.9265206348639242195, -0.2730068703007840769, -6.098125000000418794 ) ) ;
#4322 = CARTESIAN_POINT ( 'NONE',  ( -1.933333333353772998, 1.132520446051167973, -4.146303308238574003E-14 ) ) ;
#4323 = CARTESIAN_POINT ( 'NONE',  ( 0.9499999999999991784, -0.2487094184091953319, -4.499479166666667140 ) ) ;
#4324 = ORIENTED_EDGE ( 'NONE', *, *, #4486, .F. ) ;
#4325 = CARTESIAN_POINT ( 'NONE',  ( 0.7242585061760999920, -0.4885239729264999053, -9.389490367227999457 ) ) ;
#4326 = CARTESIAN_POINT ( 'NONE',  ( 0.6214203802455999792, 0.1597018394854000101, -3.527184692198999993 ) ) ;
#4327 = CARTESIAN_POINT ( 'NONE',  ( -0.1851346592760999832, 1.040014492087000031, -6.397811141134000401 ) ) ;
#4328 = CARTESIAN_POINT ( 'NONE',  ( -0.5977723550213476233, -0.2595104406928582241, -7.807224533563381641 ) ) ;
#4329 = CARTESIAN_POINT ( 'NONE',  ( -0.4958873258251166316, 0.8476155584293232348, -7.033541666668668313 ) ) ;
#4330 = CARTESIAN_POINT ( 'NONE',  ( 0.5283263311565843390, -0.8266627108289154036, -9.348117849558166270 ) ) ;
#4331 = CARTESIAN_POINT ( 'NONE',  ( 0.6900634196471000514, 0.6266394577710999725, -4.971592119622000538 ) ) ;
#4332 = EDGE_CURVE ( 'NONE', #2917, #1273, #1518, .T. ) ;
#4333 = ORIENTED_EDGE ( 'NONE', *, *, #4181, .F. ) ;
#4334 = CARTESIAN_POINT ( 'NONE',  ( -0.3285005330856999861, -0.5995644691052000042, -3.772713858866000081 ) ) ;
#4335 = CARTESIAN_POINT ( 'NONE',  ( 0.000000000000000000, 0.9499999999999999556, -4.968750000001000089 ) ) ;
#4336 = CARTESIAN_POINT ( 'NONE',  ( -0.2033709241635099918, 0.6204049412225626225, -2.683574942743163660 ) ) ;
#4337 = CARTESIAN_POINT ( 'NONE',  ( 0.8477307243209000198, 0.4287803855615999749, -3.759999999999999787 ) ) ;
#4338 = LINE ( 'NONE', #604, #141 ) ;
#4339 = EDGE_CURVE ( 'NONE', #983, #2280, #403, .T. ) ;
#4340 = ORIENTED_EDGE ( 'NONE', *, *, #4092, .F. ) ;
#4341 = CARTESIAN_POINT ( 'NONE',  ( -0.8476155584293213474, 0.4958873258251194627, -2.870833333334333215 ) ) ;
#4342 = CARTESIAN_POINT ( 'NONE',  ( 0.8477307243209000198, 0.4287803855615999749, -3.759999999999999787 ) ) ;
#4343 = CARTESIAN_POINT ( 'NONE',  ( 0.5150632772131000792, 0.4495431943613000247, -6.108848641134000168 ) ) ;
#4344 = CARTESIAN_POINT ( 'NONE',  ( 0.000000000000000000, -0.9499999999999999556, -7.287500000001999823 ) ) ;
#4345 = CARTESIAN_POINT ( 'NONE',  ( -0.05255746200344692948, -0.9499999999999999556, -8.618333333333334068 ) ) ;
#4346 = CARTESIAN_POINT ( 'NONE',  ( -0.1894829845938000024, -0.6120854961150999918, -9.051518345859999926 ) ) ;
#4347 = CARTESIAN_POINT ( 'NONE',  ( 0.3560699419405999877, -0.5836128086328999931, -2.999601358867000300 ) ) ;
#4348 = CARTESIAN_POINT ( 'NONE',  ( 0.000000000000000000, 1.019626234635999884, 1.399999999999999911 ) ) ;
#4349 = VECTOR ( 'NONE', #1350, 1000.000000000000000 ) ;
#4350 = CARTESIAN_POINT ( 'NONE',  ( -0.4385773657860986274, -0.4831756211352372099, -6.437516743129940266 ) ) ;
#4351 = DIRECTION ( 'NONE',  ( 0.000000000000000000, 0.000000000000000000, -1.000000000000000000 ) ) ;
#4352 = CARTESIAN_POINT ( 'NONE',  ( 0.6378898790437851352, 0.1390685729391171188, -8.821764991357479602 ) ) ;
#4353 = CARTESIAN_POINT ( 'NONE',  ( -0.9212837269043999688, 0.1417773878209000193, -4.734179619622000068 ) ) ;
#4354 = VECTOR ( 'NONE', #4205, 1000.000000000000227 ) ;
#4355 = EDGE_LOOP ( 'NONE', ( #2099, #4085, #2115, #4150 ) ) ;
#4356 = CARTESIAN_POINT ( 'NONE',  ( 0.8476155584293202372, -0.4958873258251216276, -2.539583333334333837 ) ) ;
#4357 = CARTESIAN_POINT ( 'NONE',  ( -0.9500000000000002887, -0.2487094184091911964, -0.9330208333333334103 ) ) ;
#4358 = CARTESIAN_POINT ( 'NONE',  ( 0.6393415175335573908, 0.1260431888646903753, -2.861129656317840109 ) ) ;
#4359 = DIRECTION ( 'NONE',  ( 0.000000000000000000, 0.000000000000000000, -1.000000000000000000 ) ) ;
#4360 = CARTESIAN_POINT ( 'NONE',  ( 0.9500000000000007327, 0.2487094184091886429, -5.239270833334914279 ) ) ;
#4361 = ORIENTED_EDGE ( 'NONE', *, *, #1375, .T. ) ;
#4362 = CARTESIAN_POINT ( 'NONE',  ( 0.8830222215595000534, 0.5098131173177999909, 1.399999999999999911 ) ) ;
#4363 = CARTESIAN_POINT ( 'NONE',  ( 0.4389390756928999715, 0.6782516085883999457, -6.836857880378000019 ) ) ;
#4364 = CARTESIAN_POINT ( 'NONE',  ( -0.5269749172090000267, 0.4355308158412000141, -1.951086141135000007 ) ) ;
#4365 = EDGE_CURVE ( 'NONE', #2613, #3386, #2417, .T. ) ;
#4366 = ORIENTED_EDGE ( 'NONE', *, *, #3496, .T. ) ;
#4367 = ORIENTED_EDGE ( 'NONE', *, *, #3208, .F. ) ;
#4368 = CARTESIAN_POINT ( 'NONE',  ( 0.7500000000000000000, -0.1443375672973999935, 1.399999999999999911 ) ) ;
#4369 = CARTESIAN_POINT ( 'NONE',  ( 0.6110239917153998945, 0.4471815571555000091, -8.692713856689000096 ) ) ;
#4370 = CARTESIAN_POINT ( 'NONE',  ( 0.4958873258251145777, -0.8476155584293242340, -4.052291666666667957 ) ) ;
#4371 = CARTESIAN_POINT ( 'NONE',  ( 0.2893045726046999944, -0.8860967201307000662, -6.809270380377999921 ) ) ;
#4372 = ADVANCED_FACE ( 'NONE', ( #1241 ), #513, .T. ) ;
#4373 = B_SPLINE_CURVE_WITH_KNOTS ( 'NONE', 3,
 ( #1352, #4012, #3542, #2057, #2493, #1397 ),
 .UNSPECIFIED., .F., .F.,
 ( 4, 2, 4 ),
 ( 0.000000000000000000, 0.5000000000000000000, 1.000000000000000000 ),
 .UNSPECIFIED. ) ;
#4374 = CARTESIAN_POINT ( 'NONE',  ( 0.5624508363643561104, -0.3295894002343792151, -8.238428837959004269 ) ) ;
#4375 = CARTESIAN_POINT ( 'NONE',  ( 0.000000000000000000, -0.9499999999999999556, -4.107499999999999929 ) ) ;
#4376 = CARTESIAN_POINT ( 'NONE',  ( 0.9617355818724000471, 0.006156861378806000040, -3.268836141133999895 ) ) ;
#4377 = CARTESIAN_POINT ( 'NONE',  ( 0.9320468680583999799, -0.01237614232559000084, -5.050729619621999511 ) ) ;
#4378 = VERTEX_POINT ( 'NONE', #3276 ) ;
#4379 = CARTESIAN_POINT ( 'NONE',  ( -0.2128236910619000222, 0.6043662238028999489, -9.295685878057000195 ) ) ;
#4380 = LINE ( 'NONE', #535, #169 ) ;
#4381 = CARTESIAN_POINT ( 'NONE',  ( 0.5659140652583999342, 0.2862381227135000206, -3.494999999999999662 ) ) ;
#4382 = B_SPLINE_CURVE_WITH_KNOTS ( 'NONE', 3,
 ( #1271, #2023, #272, #2665 ),
 .UNSPECIFIED., .F., .F.,
 ( 4, 4 ),
 ( 0.09853872218411076356, 1.000000000000000000 ),
 .UNSPECIFIED. ) ;
#4383 = CARTESIAN_POINT ( 'NONE',  ( 0.2500000000000000000, 0.7216878364869999674, 1.399999999999999911 ) ) ;
#4384 = B_SPLINE_CURVE_WITH_KNOTS ( 'NONE', 3,
 ( #540, #3325, #199, #269 ),
 .UNSPECIFIED., .F., .F.,
 ( 4, 4 ),
 ( 0.000000000000000000, 0.09853872218411076356 ),
 .UNSPECIFIED. ) ;
#4385 = DIRECTION ( 'NONE',  ( 0.5000000000000169864, 0.8660254037844288266, 0.000000000000000000 ) ) ;
#4386 = AXIS2_PLACEMENT_3D ( 'NONE', #1981, #3692, #886 ) ;
#4387 = VERTEX_POINT ( 'NONE', #4335 ) ;
#4388 = CARTESIAN_POINT ( 'NONE',  ( 0.9499999999999990674, -0.2487094184091952209, -2.644479166667666359 ) ) ;
#4389 = CARTESIAN_POINT ( 'NONE',  ( -0.3404273934046999628, -0.7326676920691000960, -7.153407880377999462 ) ) ;
#4390 = DIRECTION ( 'NONE',  ( -1.198895229610039423E-05, -7.446432413792234833E-09, 0.9999999999281323770 ) ) ;
#4391 = B_SPLINE_CURVE_WITH_KNOTS ( 'NONE', 3,
 ( #876, #1924, #3298, #491, #2271, #150, #3660, #1882, #1265, #1542 ),
 .UNSPECIFIED., .F., .F.,
 ( 4, 2, 2, 2, 4 ),
 ( 0.000000000000000000, 0.2500000000000000555, 0.5000000000000001110, 0.7500000000000000000, 1.000000000000000000 ),
 .UNSPECIFIED. ) ;
#4392 = ORIENTED_EDGE ( 'NONE', *, *, #1485, .F. ) ;
#4393 = EDGE_CURVE ( 'NONE', #216, #1758, #1592, .T. ) ;
#4394 = DIRECTION ( 'NONE',  ( 0.5000000000000169864, -0.8660254037844288266, 0.000000000000000000 ) ) ;
#4395 = CARTESIAN_POINT ( 'NONE',  ( 0.5991023533977000159, 0.4630313517849999894, -9.352451981508000500 ) ) ;
#4396 = CARTESIAN_POINT ( 'NONE',  ( -0.9549092340120000078, -0.7358890412116001478, 1.399999999999999911 ) ) ;
#4397 = CARTESIAN_POINT ( 'NONE',  ( 0.6086609447290000086, 0.5312345055095000212, -6.033667119621999753 ) ) ;
#4398 = CARTESIAN_POINT ( 'NONE',  ( 0.6455295592247092262, -0.09269999083620510116, -6.209232111391078668 ) ) ;
#4399 = EDGE_CURVE ( 'NONE', #1828, #2613, #4380, .T. ) ;
#4400 = CARTESIAN_POINT ( 'NONE',  ( -0.8476155584293226797, -0.4958873258251175198, -4.217916666667000491 ) ) ;
#4401 = LINE ( 'NONE', #1331, #2903 ) ;
#4402 = CARTESIAN_POINT ( 'NONE',  ( -0.7425855463350000685, -0.3183221552725999381, -5.905470380377999540 ) ) ;
#4403 = ORIENTED_EDGE ( 'NONE', *, *, #3398, .F. ) ;
#4404 = CARTESIAN_POINT ( 'NONE',  ( 0.6308134757251999680, -0.1123689245008000076, -9.515598586330000330 ) ) ;
#4405 = CARTESIAN_POINT ( 'NONE',  ( -0.8476155584293213474, 0.4958873258251193517, -7.640833333335334210 ) ) ;
#4406 = CARTESIAN_POINT ( 'NONE',  ( 0.8830222215595000534, -0.5098131173177999909, 1.399999999999999911 ) ) ;
#4407 = CARTESIAN_POINT ( 'NONE',  ( 0.03822956527102902569, 0.6505505034934416786, -5.372224533563398907 ) ) ;
#4408 = CARTESIAN_POINT ( 'NONE',  ( 0.2487094184091941385, 0.9499999999999996225, -5.128854166668583403 ) ) ;
#4409 = ORIENTED_EDGE ( 'NONE', *, *, #163, .T. ) ;
#4410 = CYLINDRICAL_SURFACE ( 'NONE', #3921, 0.9499999999999999556 ) ;
#4411 = CARTESIAN_POINT ( 'NONE',  ( -0.8090675227547999837, -1.839181029855999849, 0.9000000000464060124 ) ) ;
#4412 = CARTESIAN_POINT ( 'NONE',  ( 0.6630979336808000557, 0.1664054844730999960, -6.821086141133999803 ) ) ;
#4413 = CARTESIAN_POINT ( 'NONE',  ( -0.006726891479366999688, -0.6836259222395999480, -1.713673641135000203 ) ) ;
#4414 = ORIENTED_EDGE ( 'NONE', *, *, #451, .F. ) ;
#4415 = ORIENTED_EDGE ( 'NONE', *, *, #423, .F. ) ;
#4416 = DIRECTION ( 'NONE',  ( 0.000000000000000000, 0.000000000000000000, -1.000000000000000000 ) ) ;
#4417 = CARTESIAN_POINT ( 'NONE',  ( 0.3601390573343999923, 0.6660491894233000476, -9.308469439854000882 ) ) ;
#4418 = DIRECTION ( 'NONE',  ( 1.332357138740000066E-14, 0.000000000000000000, -1.000000000000000000 ) ) ;
#4419 = CARTESIAN_POINT ( 'NONE',  ( 0.7144396859296999747, -0.5987762753937999616, -8.075470380377998580 ) ) ;
#4420 = ADVANCED_FACE ( 'NONE', ( #1264 ), #898, .T. ) ;
#4421 = CARTESIAN_POINT ( 'NONE',  ( 0.4958873258251145777, -0.8476155584293242340, -6.569791666667502028 ) ) ;
#4422 = CARTESIAN_POINT ( 'NONE',  ( -0.5000000000000000000, -0.5773502691895999739, 0.8000000000000000444 ) ) ;
#4423 = CARTESIAN_POINT ( 'NONE',  ( -1.031127928508999814, 0.2294675735813999917, -0.9738486411341999993 ) ) ;
#4424 = VECTOR ( 'NONE', #3454, 1000.000000000000114 ) ;
#4425 = CARTESIAN_POINT ( 'NONE',  ( 0.5323339797149000407, -0.9124283621741000605, -4.591676358865999674 ) ) ;
#4426 = ORIENTED_EDGE ( 'NONE', *, *, #4004, .F. ) ;
#4427 = CARTESIAN_POINT ( 'NONE',  ( 0.06699098179399999575, 0.6372320332447000135, -8.679930294891001097 ) ) ;
#4428 = CARTESIAN_POINT ( 'NONE',  ( -1.190749702004999966, -0.1882474219926999759, 1.399999999999999911 ) ) ;
#4429 = APPLICATION_PROTOCOL_DEFINITION ( 'international standard', 'config_control_design', 1994, #962 ) ;
#4430 = CARTESIAN_POINT ( 'NONE',  ( -0.5500000000000000444, 0.1796029634390999830, 0.5999999999999999778 ) ) ;
#4431 = CYLINDRICAL_SURFACE ( 'NONE', #1228, 0.9499999999999999556 ) ;
#4432 = DIRECTION ( 'NONE',  ( 0.000000000000000000, 0.000000000000000000, -1.000000000000000000 ) ) ;
#4433 = VECTOR ( 'NONE', #2554, 1000.000000000000114 ) ;
#4434 = ORIENTED_EDGE ( 'NONE', *, *, #1597, .F. ) ;
#4435 = CARTESIAN_POINT ( 'NONE',  ( 0.08756228067544999383, 1.052728754162999936, -4.437636141133999956 ) ) ;
#4436 = CARTESIAN_POINT ( 'NONE',  ( 0.000000000000000000, 0.9499999999999999556, -4.968750000001000089 ) ) ;
#4437 = CARTESIAN_POINT ( 'NONE',  ( -0.6385599828600999617, 0.2441941915104999805, -7.216773641133999995 ) ) ;
#4438 = CARTESIAN_POINT ( 'NONE',  ( 0.2487094184091940829, 0.9499999999999994005, -5.658854166668584540 ) ) ;
#4439 = ORIENTED_EDGE ( 'NONE', *, *, #1891, .T. ) ;
#4440 = EDGE_LOOP ( 'NONE', ( #4093, #2871 ) ) ;
#4441 = CARTESIAN_POINT ( 'NONE',  ( 0.8476155584293201262, -0.4958873258251215166, -5.984583333333999278 ) ) ;
#4442 = CARTESIAN_POINT ( 'NONE',  ( -0.5839688995649000569, 0.2636906154780999656, -8.567710387658999949 ) ) ;
#4443 = CARTESIAN_POINT ( 'NONE',  ( 1.144646296358999837, -0.3783923085322999924, 1.399999999998000177 ) ) ;
#4444 = CARTESIAN_POINT ( 'NONE',  ( 0.7835965649614999862, 0.1966448082562999855, -6.745904619622000276 ) ) ;
#4445 = CARTESIAN_POINT ( 'NONE',  ( 0.000000000000000000, -0.9499999999999999556, -3.312500000001000089 ) ) ;
#4446 = CARTESIAN_POINT ( 'NONE',  ( -0.4958873258251184635, -0.8476155584293222356, -4.162708333333500654 ) ) ;
#4447 = CARTESIAN_POINT ( 'NONE',  ( 0.2477219602932000109, -0.8986091272402999541, -2.176682880379000373 ) ) ;
#4448 = PLANE ( 'NONE',  #2141 ) ;
#4449 = ORIENTED_EDGE ( 'NONE', *, *, #2956, .T. ) ;
#4450 = CARTESIAN_POINT ( 'NONE',  ( -0.6862427937414998791, -0.3199882679482999870, -9.214664950681999755 ) ) ;
#4451 = EDGE_CURVE ( 'NONE', #950, #630, #3656, .T. ) ;
#4452 = CARTESIAN_POINT ( 'NONE',  ( -0.8090675227547999837, -1.839181029855999849, 0.9000000000000000222 ) ) ;
#4453 =( LENGTH_UNIT ( ) NAMED_UNIT ( * ) SI_UNIT ( .MILLI., .METRE. ) );
#4454 = DIRECTION ( 'NONE',  ( 0.000000000000000000, 0.000000000000000000, -1.000000000000000000 ) ) ;
#4455 = CARTESIAN_POINT ( 'NONE',  ( 0.2487094184091940829, 0.9499999999999994005, -1.683854166666750363 ) ) ;
#4456 = DIRECTION ( 'NONE',  ( 0.000000000000000000, 0.000000000000000000, -1.000000000000000000 ) ) ;
#4457 = ORIENTED_EDGE ( 'NONE', *, *, #1871, .F. ) ;
#4458 = CARTESIAN_POINT ( 'NONE',  ( 0.5323339797149000407, -0.9124283621741000605, -4.041948641133999764 ) ) ;
#4459 = EDGE_CURVE ( 'NONE', #3657, #429, #1384, .T. ) ;
#4460 = CARTESIAN_POINT ( 'NONE',  ( 1.907746549697000082, -0.6306538476612000288, 0.9000000000464060124 ) ) ;
#4461 = CARTESIAN_POINT ( 'NONE',  ( -0.2831314098850000183, -0.7033605323249000341, -8.472366213711000071 ) ) ;
#4462 = DIRECTION ( 'NONE',  ( 0.000000000000000000, 0.000000000000000000, -1.000000000000000000 ) ) ;
#4463 = ORIENTED_EDGE ( 'NONE', *, *, #3983, .T. ) ;
#4464 = PRODUCT_DEFINITION_FORMATION_WITH_SPECIFIED_SOURCE ( 'Symmetric', '', #3519, .NOT_KNOWN. ) ;
#4465 = CARTESIAN_POINT ( 'NONE',  ( -0.9500000000000003997, -0.2487094184091911409, -4.113020833333333570 ) ) ;
#4466 = CYLINDRICAL_SURFACE ( 'NONE', #368, 0.9499999999999999556 ) ;
#4467 = CARTESIAN_POINT ( 'NONE',  ( 0.000000000000000000, -0.7394568653083350984, -0.9716666666666684549 ) ) ;
#4468 = DIRECTION ( 'NONE',  ( 0.2436887683625019174, -0.6695293884507048654, -0.7016738431599058856 ) ) ;
#4469 = CARTESIAN_POINT ( 'NONE',  ( -0.6242631346381000146, 0.6922135537879999800, -7.758920380378000026 ) ) ;
#4470 = CARTESIAN_POINT ( 'NONE',  ( 0.4958873258251204619, 0.8476155584293211254, -6.348958333333500903 ) ) ;
#4471 = LINE ( 'NONE', #258, #1516 ) ;
#4472 = CARTESIAN_POINT ( 'NONE',  ( -0.9963495155819999116, -0.3509880705373999987, -2.240048641135000462 ) ) ;
#4473 = CARTESIAN_POINT ( 'NONE',  ( -0.4261754432873999798, -0.9665684992885998916, -6.016151358865999832 ) ) ;
#4474 = ORIENTED_EDGE ( 'NONE', *, *, #2921, .F. ) ;
#4475 = CARTESIAN_POINT ( 'NONE',  ( -0.3967525175443000207, -0.4795899869474999910, -9.735511294603000465 ) ) ;
#4476 = CARTESIAN_POINT ( 'NONE',  ( 1.109768865084000078, -1.674989942916999874, 1.399999999999999911 ) ) ;
#4477 = CARTESIAN_POINT ( 'NONE',  ( 0.000000000000000000, -0.9499999999999999556, -7.420000000002000107 ) ) ;
#4478 = CARTESIAN_POINT ( 'NONE',  ( 0.4958873258251143556, -0.8476155584293245671, -8.027291666667000669 ) ) ;
#4479 = CARTESIAN_POINT ( 'NONE',  ( 0.2500000000000000000, -0.7216878364869999674, 0.8000000000000000444 ) ) ;
#4480 = EDGE_CURVE ( 'NONE', #1078, #3821, #1991, .T. ) ;
#4481 = VERTEX_POINT ( 'NONE', #1706 ) ;
#4482 = CARTESIAN_POINT ( 'NONE',  ( 0.8888628902466001458, -0.5709173511951000091, -3.329711141133999686 ) ) ;
#4483 = CARTESIAN_POINT ( 'NONE',  ( 1.109768865084000078, -1.674989942916999874, 0.9000000000464060124 ) ) ;
#4484 = CARTESIAN_POINT ( 'NONE',  ( -0.8637942871639000542, -0.3503198005104999901, -7.327454619622000287 ) ) ;
#4485 = CARTESIAN_POINT ( 'NONE',  ( 0.4969776290427999621, 0.4693355594133000186, -3.454698641134000159 ) ) ;
#4486 = EDGE_CURVE ( 'NONE', #2843, #3125, #178, .T. ) ;
#4487 = ORIENTED_EDGE ( 'NONE', *, *, #4151, .F. ) ;
#4488 = PLANE ( 'NONE',  #1442 ) ;
#4489 = DIRECTION ( 'NONE',  ( 0.000000000000000000, 0.000000000000000000, -1.000000000000000000 ) ) ;
#4490 = CARTESIAN_POINT ( 'NONE',  ( -0.01220470965047175740, 0.6517998798774307101, -1.389962029555254164 ) ) ;
#4491 = FACE_OUTER_BOUND ( 'NONE', #4189, .T. ) ;
#4492 = CARTESIAN_POINT ( 'NONE',  ( -0.1198156837571999894, 0.6730778989448999994, -6.682538858865999742 ) ) ;
#4493 = CARTESIAN_POINT ( 'NONE',  ( 0.000000000000000000, 0.9499999999999999556, -3.113750000000000018 ) ) ;
#4494 = B_SPLINE_CURVE_WITH_KNOTS ( 'NONE', 3,
 ( #2437, #1775, #1470, #3166, #4163, #61, #4204, #3868, #3209, #2501 ),
 .UNSPECIFIED., .F., .F.,
 ( 4, 2, 2, 2, 4 ),
 ( 0.000000000000000000, 0.2500000000000000000, 0.5000000000000000000, 0.7500000000000000000, 1.000000000000000000 ),
 .UNSPECIFIED. ) ;
#4495 = CARTESIAN_POINT ( 'NONE',  ( -1.596559995877999905, 1.219907909123999934, 0.9000000000464060124 ) ) ;
#4496 = CARTESIAN_POINT ( 'NONE',  ( 0.1201359919989000019, 0.7989123043089000342, -1.321942119622000034 ) ) ;
#4497 = CARTESIAN_POINT ( 'NONE',  ( 0.3226735343511936693, -0.9079869503714348422, -3.409166666666667123 ) ) ;
#4498 = ORIENTED_EDGE ( 'NONE', *, *, #2440, .F. ) ;
#4499 = CARTESIAN_POINT ( 'NONE',  ( 0.7049850400068000678, 0.5159475114496000492, -8.957713856689000664 ) ) ;
#4500 = CARTESIAN_POINT ( 'NONE',  ( -0.4854405136529000298, -1.103508617912999812, 1.399999999999999911 ) ) ;
#4501 = PERSON_AND_ORGANIZATION_ROLE ( 'creator' ) ;
#4502 = VECTOR ( 'NONE', #833, 1000.000000000000000 ) ;
#4503 = CARTESIAN_POINT ( 'NONE',  ( 0.2487094184091881710, -0.9500000000000009548, -8.054895833333500121 ) ) ;
#4504 = CARTESIAN_POINT ( 'NONE',  ( 0.000000000000000000, -0.9499999999999999556, -2.650000000001000000 ) ) ;
#4505 = VECTOR ( 'NONE', #2043, 1000.000000000000000 ) ;
ENDSEC;
END-ISO-10303-21;
