ISO-10303-21;
HEADER;
FILE_DESCRIPTION (( 'STEP AP203' ),
    '1' );
FILE_NAME ('PCB-BASEMINI-V5X-F3.stp.STEP',
    '2026-06-22T08:49:42',
    ( 'localuser' ),
    ( '' ),
    'SwSTEP 2.0',
    'SolidWorks 2025',
    '' );
FILE_SCHEMA (( 'CONFIG_CONTROL_DESIGN' ));
ENDSEC;

DATA;
#1 = VERTEX_POINT ( 'NONE', #921 ) ;
#2 = ORIENTED_EDGE ( 'NONE', *, *, #1020, .F. ) ;
#3 = AXIS2_PLACEMENT_3D ( 'NONE', #2669, #545, #1809 ) ;
#4 = VECTOR ( 'NONE', #50, 1000.000000000000000 ) ;
#5 = VECTOR ( 'NONE', #652, 1000.000000000000000 ) ;
#6 = DIRECTION ( 'NONE',  ( 0.000000000000000000, -1.000000000000000000, 0.000000000000000000 ) ) ;
#7 = ORIENTED_EDGE ( 'NONE', *, *, #1047, .F. ) ;
#8 = EDGE_CURVE ( 'NONE', #1743, #2308, #716, .T. ) ;
#9 = CARTESIAN_POINT ( 'NONE',  ( 1.550000000000000044, -18.19999999999999929, 0.000000000000000000 ) ) ;
#10 = CC_DESIGN_APPROVAL ( #1036, ( #2062 ) ) ;
#11 = PLANE ( 'NONE',  #349 ) ;
#12 = EDGE_CURVE ( 'NONE', #1184, #380, #2176, .T. ) ;
#13 = FACE_OUTER_BOUND ( 'NONE', #2261, .T. ) ;
#14 = CARTESIAN_POINT ( 'NONE',  ( 0.000000000000000000, 0.000000000000000000, -0.5999999999999999778 ) ) ;
#15 = ORIENTED_EDGE ( 'NONE', *, *, #791, .T. ) ;
#16 = LINE ( 'NONE', #2689, #1054 ) ;
#17 = DIRECTION ( 'NONE',  ( 0.000000000000000000, 0.000000000000000000, -1.000000000000000000 ) ) ;
#18 = VERTEX_POINT ( 'NONE', #2231 ) ;
#19 = ORIENTED_EDGE ( 'NONE', *, *, #791, .F. ) ;
#20 = DIRECTION ( 'NONE',  ( 0.000000000000000000, -1.000000000000000000, 0.000000000000000000 ) ) ;
#21 = ORIENTED_EDGE ( 'NONE', *, *, #2230, .T. ) ;
#22 = DIRECTION ( 'NONE',  ( 1.000000000000000000, 0.000000000000000000, 0.000000000000000000 ) ) ;
#23 = ADVANCED_FACE ( 'NONE', ( #330 ), #1000, .F. ) ;
#24 = CARTESIAN_POINT ( 'NONE',  ( 21.50000000000000000, 18.00000000000000000, 0.000000000000000000 ) ) ;
#25 = CARTESIAN_POINT ( 'NONE',  ( 32.70000000000000284, -19.19999999999999929, 0.000000000000000000 ) ) ;
#26 = EDGE_CURVE ( 'NONE', #711, #2519, #1168, .T. ) ;
#27 = ORIENTED_EDGE ( 'NONE', *, *, #528, .T. ) ;
#28 = FACE_OUTER_BOUND ( 'NONE', #1386, .T. ) ;
#29 = DIRECTION ( 'NONE',  ( -1.000000000000000000, 0.000000000000000000, 0.000000000000000000 ) ) ;
#30 = ORIENTED_EDGE ( 'NONE', *, *, #508, .T. ) ;
#31 = EDGE_LOOP ( 'NONE', ( #2334, #1551, #410, #2158 ) ) ;
#32 = PLANE ( 'NONE',  #357 ) ;
#33 = ORIENTED_EDGE ( 'NONE', *, *, #1614, .F. ) ;
#34 = LINE ( 'NONE', #1987, #786 ) ;
#35 = CARTESIAN_POINT ( 'NONE',  ( 6.049999999999999822, 19.00000000000000000, 0.000000000000000000 ) ) ;
#36 = PRODUCT_DEFINITION_SHAPE ( 'NONE', 'NONE',  #1199 ) ;
#37 = LINE ( 'NONE', #247, #704 ) ;
#38 = ORIENTED_EDGE ( 'NONE', *, *, #2398, .F. ) ;
#39 = CARTESIAN_POINT ( 'NONE',  ( 32.70000000000000284, -19.19999999999999929, 1.199999999999999956 ) ) ;
#40 = EDGE_CURVE ( 'NONE', #2609, #289, #2025, .T. ) ;
#41 = CARTESIAN_POINT ( 'NONE',  ( -18.70000000000000284, -18.00000000000000000, 0.000000000000000000 ) ) ;
#42 = EDGE_LOOP ( 'NONE', ( #1607, #1343, #1198, #1777 ) ) ;
#43 = ORIENTED_EDGE ( 'NONE', *, *, #814, .F. ) ;
#44 = EDGE_CURVE ( 'NONE', #1937, #601, #150, .T. ) ;
#45 = CIRCLE ( 'NONE', #393, 1.050000000000000488 ) ;
#46 = PLANE ( 'NONE',  #1803 ) ;
#47 = VECTOR ( 'NONE', #2226, 1000.000000000000000 ) ;
#48 = AXIS2_PLACEMENT_3D ( 'NONE', #2202, #1380, #953 ) ;
#49 = ORIENTED_EDGE ( 'NONE', *, *, #1429, .T. ) ;
#50 = DIRECTION ( 'NONE',  ( 0.000000000000000000, -1.000000000000000000, 0.000000000000000000 ) ) ;
#51 = VECTOR ( 'NONE', #759, 1000.000000000000000 ) ;
#52 = VECTOR ( 'NONE', #1894, 1000.000000000000000 ) ;
#53 = CARTESIAN_POINT ( 'NONE',  ( -28.89999999999999858, 15.50000000000000000, 0.000000000000000000 ) ) ;
#54 = VECTOR ( 'NONE', #859, 1000.000000000000000 ) ;
#55 = DIRECTION ( 'NONE',  ( 0.000000000000000000, 0.000000000000000000, -1.000000000000000000 ) ) ;
#56 = ORIENTED_EDGE ( 'NONE', *, *, #773, .F. ) ;
#57 = CYLINDRICAL_SURFACE ( 'NONE', #86, 1.050000000000000488 ) ;
#58 = DIRECTION ( 'NONE',  ( 0.000000000000000000, 0.000000000000000000, -1.000000000000000000 ) ) ;
#59 = EDGE_CURVE ( 'NONE', #340, #2389, #2037, .T. ) ;
#60 = ORIENTED_EDGE ( 'NONE', *, *, #409, .F. ) ;
#61 = ORIENTED_EDGE ( 'NONE', *, *, #1630, .F. ) ;
#62 = EDGE_CURVE ( 'NONE', #2430, #2282, #766, .T. ) ;
#63 = LINE ( 'NONE', #900, #2330 ) ;
#64 = VERTEX_POINT ( 'NONE', #1575 ) ;
#65 = CARTESIAN_POINT ( 'NONE',  ( -29.30000000000000071, -20.00000000000000000, 1.199999999999999956 ) ) ;
#66 = CARTESIAN_POINT ( 'NONE',  ( -5.950000000000000178, -18.19999999999999929, -0.5999999999999999778 ) ) ;
#67 = ORIENTED_EDGE ( 'NONE', *, *, #59, .T. ) ;
#68 = CARTESIAN_POINT ( 'NONE',  ( -4.450000000000000178, -19.00000000000000000, -0.5999999999999999778 ) ) ;
#69 = FACE_OUTER_BOUND ( 'NONE', #2466, .T. ) ;
#70 = ORIENTED_EDGE ( 'NONE', *, *, #2565, .F. ) ;
#71 = ORIENTED_EDGE ( 'NONE', *, *, #2164, .F. ) ;
#72 = ADVANCED_FACE ( 'NONE', ( #1997 ), #547, .F. ) ;
#73 = DIRECTION ( 'NONE',  ( 0.000000000000000000, 0.000000000000000000, -1.000000000000000000 ) ) ;
#74 = ORIENTED_EDGE ( 'NONE', *, *, #957, .F. ) ;
#75 = EDGE_CURVE ( 'NONE', #890, #1608, #1782, .T. ) ;
#76 = CARTESIAN_POINT ( 'NONE',  ( 20.50000000000000000, 18.00000000000000000, 0.000000000000000000 ) ) ;
#77 = CARTESIAN_POINT ( 'NONE',  ( -14.65000000000000036, 18.19999999999999929, 0.000000000000000000 ) ) ;
#78 = VERTEX_POINT ( 'NONE', #1156 ) ;
#79 = CARTESIAN_POINT ( 'NONE',  ( 7.550000000000000711, 19.00000000000000000, 0.000000000000000000 ) ) ;
#80 = DIRECTION ( 'NONE',  ( 1.000000000000000000, 0.000000000000000000, 0.000000000000000000 ) ) ;
#81 = EDGE_LOOP ( 'NONE', ( #2301, #2360, #490, #2292 ) ) ;
#82 = ORIENTED_EDGE ( 'NONE', *, *, #1949, .F. ) ;
#83 = AXIS2_PLACEMENT_3D ( 'NONE', #517, #2220, #2246 ) ;
#84 = DIRECTION ( 'NONE',  ( 0.000000000000000000, 0.000000000000000000, -1.000000000000000000 ) ) ;
#85 = EDGE_LOOP ( 'NONE', ( #872, #812, #1959, #631 ) ) ;
#86 = AXIS2_PLACEMENT_3D ( 'NONE', #1916, #1138, #916 ) ;
#87 = DIRECTION ( 'NONE',  ( -1.000000000000000000, 0.000000000000000000, 0.000000000000000000 ) ) ;
#88 = AXIS2_PLACEMENT_3D ( 'NONE', #1610, #130, #2444 ) ;
#89 = EDGE_CURVE ( 'NONE', #1636, #252, #1616, .T. ) ;
#90 = LINE ( 'NONE', #1764, #1404 ) ;
#91 = VECTOR ( 'NONE', #287, 1000.000000000000000 ) ;
#92 = VECTOR ( 'NONE', #823, 1000.000000000000000 ) ;
#93 = AXIS2_PLACEMENT_3D ( 'NONE', #1211, #1839, #363 ) ;
#94 = ADVANCED_FACE ( 'NONE', ( #1387 ), #162, .T. ) ;
#95 = ORIENTED_EDGE ( 'NONE', *, *, #776, .T. ) ;
#96 = LINE ( 'NONE', #1116, #2544 ) ;
#97 = CARTESIAN_POINT ( 'NONE',  ( 32.70000000000000284, 19.19999999999999929, 0.000000000000000000 ) ) ;
#98 = VECTOR ( 'NONE', #2518, 1000.000000000000000 ) ;
#99 = VERTEX_POINT ( 'NONE', #2010 ) ;
#100 = VERTEX_POINT ( 'NONE', #356 ) ;
#101 = CARTESIAN_POINT ( 'NONE',  ( 0.05000000000000000278, 18.19999999999999929, 0.000000000000000000 ) ) ;
#102 = CARTESIAN_POINT ( 'NONE',  ( -29.30000000000000071, -19.19999999999999929, 0.000000000000000000 ) ) ;
#103 = ORIENTED_EDGE ( 'NONE', *, *, #470, .F. ) ;
#104 = LINE ( 'NONE', #2170, #1015 ) ;
#105 = LINE ( 'NONE', #1161, #569 ) ;
#106 = EDGE_CURVE ( 'NONE', #715, #2472, #1592, .T. ) ;
#107 = ORIENTED_EDGE ( 'NONE', *, *, #2486, .F. ) ;
#108 = DIRECTION ( 'NONE',  ( 0.000000000000000000, -1.000000000000000000, 0.000000000000000000 ) ) ;
#109 = CARTESIAN_POINT ( 'NONE',  ( -5.950000000000000178, 19.00000000000000000, -0.5999999999999999778 ) ) ;
#110 = EDGE_CURVE ( 'NONE', #1920, #1745, #737, .T. ) ;
#111 = EDGE_LOOP ( 'NONE', ( #139, #1915, #2140, #865 ) ) ;
#112 = CARTESIAN_POINT ( 'NONE',  ( 17.25000000000000000, 18.19999999999999929, 0.000000000000000000 ) ) ;
#113 = FACE_OUTER_BOUND ( 'NONE', #1278, .T. ) ;
#114 = FACE_OUTER_BOUND ( 'NONE', #1500, .T. ) ;
#115 = ORIENTED_EDGE ( 'NONE', *, *, #376, .T. ) ;
#116 = CARTESIAN_POINT ( 'NONE',  ( 17.00000000000000000, 18.19999999999999929, 1.199999999999999956 ) ) ;
#117 = PLANE ( 'NONE',  #48 ) ;
#118 = ORIENTED_EDGE ( 'NONE', *, *, #678, .T. ) ;
#119 = FACE_OUTER_BOUND ( 'NONE', #321, .T. ) ;
#120 = CARTESIAN_POINT ( 'NONE',  ( -14.40000000000000036, 18.19999999999999929, 0.000000000000000000 ) ) ;
#121 = VECTOR ( 'NONE', #476, 1000.000000000000000 ) ;
#122 = ORIENTED_EDGE ( 'NONE', *, *, #2592, .F. ) ;
#123 = EDGE_CURVE ( 'NONE', #1281, #1291, #2675, .T. ) ;
#124 = DIRECTION ( 'NONE',  ( 1.000000000000000000, 0.000000000000000000, 0.000000000000000000 ) ) ;
#125 = CARTESIAN_POINT ( 'NONE',  ( -29.30000000000000071, -20.00000000000000000, 1.199999999999999956 ) ) ;
#126 = DIRECTION ( 'NONE',  ( -1.000000000000000000, 0.000000000000000000, 0.000000000000000000 ) ) ;
#127 = EDGE_CURVE ( 'NONE', #1510, #2169, #1443, .T. ) ;
#128 = EDGE_LOOP ( 'NONE', ( #848, #596, #1860, #2395 ) ) ;
#129 = CARTESIAN_POINT ( 'NONE',  ( -14.65000000000000036, -18.19999999999999929, 1.199999999999999956 ) ) ;
#130 = DIRECTION ( 'NONE',  ( 0.000000000000000000, 0.000000000000000000, -1.000000000000000000 ) ) ;
#131 = CIRCLE ( 'NONE', #1663, 1.050000000000000488 ) ;
#132 = ORIENTED_EDGE ( 'NONE', *, *, #931, .T. ) ;
#133 = VECTOR ( 'NONE', #1058, 1000.000000000000000 ) ;
#134 = LINE ( 'NONE', #315, #2719 ) ;
#135 = AXIS2_PLACEMENT_3D ( 'NONE', #2224, #347, #2171 ) ;
#136 = DIRECTION ( 'NONE',  ( 0.000000000000000000, 1.000000000000000000, 0.000000000000000000 ) ) ;
#137 = AXIS2_PLACEMENT_3D ( 'NONE', #334, #2002, #1172 ) ;
#138 = AXIS2_PLACEMENT_3D ( 'NONE', #2272, #221, #1264 ) ;
#139 = ORIENTED_EDGE ( 'NONE', *, *, #1553, .T. ) ;
#140 = DIRECTION ( 'NONE',  ( 0.000000000000000000, -1.000000000000000000, 0.000000000000000000 ) ) ;
#141 = CARTESIAN_POINT ( 'NONE',  ( -32.70000000000000284, 19.19999999999999929, 1.199999999999999956 ) ) ;
#142 = ADVANCED_FACE ( 'NONE', ( #318 ), #2621, .F. ) ;
#143 = APPROVAL_DATE_TIME ( #2259, #2656 ) ;
#144 = EDGE_LOOP ( 'NONE', ( #429, #2238, #2358, #1193 ) ) ;
#145 = CARTESIAN_POINT ( 'NONE',  ( -28.89999999999999858, 13.50000000000000000, -2.000000000000000000 ) ) ;
#146 = FACE_BOUND ( 'NONE', #769, .T. ) ;
#147 = DIRECTION ( 'NONE',  ( 0.000000000000000000, 0.000000000000000000, -1.000000000000000000 ) ) ;
#148 = PLANE ( 'NONE',  #1228 ) ;
#149 = ORIENTED_EDGE ( 'NONE', *, *, #1121, .T. ) ;
#150 = LINE ( 'NONE', #795, #1223 ) ;
#151 = CARTESIAN_POINT ( 'NONE',  ( -34.70000000000000284, -20.00000000000000000, 0.000000000000000000 ) ) ;
#152 = CALENDAR_DATE ( 2026, 22, 6 ) ;
#153 = EDGE_LOOP ( 'NONE', ( #884, #426, #807, #1441 ) ) ;
#154 = EDGE_CURVE ( 'NONE', #2098, #185, #1811, .T. ) ;
#155 = DIRECTION ( 'NONE',  ( 1.000000000000000000, 0.000000000000000000, 0.000000000000000000 ) ) ;
#156 = ADVANCED_FACE ( 'NONE', ( #369 ), #2660, .T. ) ;
#157 = DIRECTION ( 'NONE',  ( 0.000000000000000000, 0.000000000000000000, -1.000000000000000000 ) ) ;
#158 = CARTESIAN_POINT ( 'NONE',  ( 17.00000000000000000, -18.19999999999999929, 0.000000000000000000 ) ) ;
#159 = CARTESIAN_POINT ( 'NONE',  ( -14.65000000000000036, 18.19999999999999929, 1.199999999999999956 ) ) ;
#160 = CARTESIAN_POINT ( 'NONE',  ( -4.450000000000000178, -18.19999999999999929, 0.000000000000000000 ) ) ;
#161 = ORIENTED_EDGE ( 'NONE', *, *, #1902, .T. ) ;
#162 = CYLINDRICAL_SURFACE ( 'NONE', #83, 3.449999999999999734 ) ;
#163 = CARTESIAN_POINT ( 'NONE',  ( -32.70000000000000284, 19.19999999999999929, 0.000000000000000000 ) ) ;
#164 = ORIENTED_EDGE ( 'NONE', *, *, #1867, .F. ) ;
#165 = PLANE ( 'NONE',  #2148 ) ;
#166 = DIRECTION ( 'NONE',  ( 1.000000000000000000, 0.000000000000000000, 0.000000000000000000 ) ) ;
#167 = EDGE_CURVE ( 'NONE', #2127, #750, #1643, .T. ) ;
#168 = CARTESIAN_POINT ( 'NONE',  ( 6.049999999999999822, -18.19999999999999929, 0.000000000000000000 ) ) ;
#169 = DIRECTION ( 'NONE',  ( 0.000000000000000000, 0.000000000000000000, 1.000000000000000000 ) ) ;
#170 = DIRECTION ( 'NONE',  ( -1.000000000000000000, 0.000000000000000000, 0.000000000000000000 ) ) ;
#171 = AXIS2_PLACEMENT_3D ( 'NONE', #1341, #297, #464 ) ;
#172 = EDGE_CURVE ( 'NONE', #2342, #2335, #424, .T. ) ;
#173 = VECTOR ( 'NONE', #975, 1000.000000000000000 ) ;
#174 = AXIS2_PLACEMENT_3D ( 'NONE', #1652, #2489, #2462 ) ;
#175 = VERTEX_POINT ( 'NONE', #855 ) ;
#176 = DIRECTION ( 'NONE',  ( -1.000000000000000000, 0.000000000000000000, 0.000000000000000000 ) ) ;
#177 = DIRECTION ( 'NONE',  ( 1.000000000000000000, 0.000000000000000000, 0.000000000000000000 ) ) ;
#178 = VECTOR ( 'NONE', #6, 1000.000000000000000 ) ;
#179 = VECTOR ( 'NONE', #937, 1000.000000000000000 ) ;
#180 = PERSON_AND_ORGANIZATION ( #18446744073709551615, #18446744073709551615 ) ;
#181 = VERTEX_POINT ( 'NONE', #397 ) ;
#182 = EDGE_LOOP ( 'NONE', ( #816, #1423, #2256, #422 ) ) ;
#183 = VECTOR ( 'NONE', #2347, 1000.000000000000000 ) ;
#184 = CARTESIAN_POINT ( 'NONE',  ( -5.950000000000000178, -18.19999999999999929, 0.000000000000000000 ) ) ;
#185 = VERTEX_POINT ( 'NONE', #1045 ) ;
#186 = FACE_OUTER_BOUND ( 'NONE', #1866, .T. ) ;
#187 = DIRECTION ( 'NONE',  ( 1.000000000000000000, 0.000000000000000000, 0.000000000000000000 ) ) ;
#188 = CARTESIAN_POINT ( 'NONE',  ( -28.89999999999999858, 15.50000000000000000, 0.000000000000000000 ) ) ;
#189 = EDGE_CURVE ( 'NONE', #2060, #2530, #237, .T. ) ;
#190 = CARTESIAN_POINT ( 'NONE',  ( 1.550000000000000044, -18.19999999999999929, 0.000000000000000000 ) ) ;
#191 = ORIENTED_EDGE ( 'NONE', *, *, #1467, .T. ) ;
#192 = DIRECTION ( 'NONE',  ( 0.000000000000000000, 0.000000000000000000, 1.000000000000000000 ) ) ;
#193 = EDGE_CURVE ( 'NONE', #2679, #2342, #808, .T. ) ;
#194 = PLANE ( 'NONE',  #1801 ) ;
#195 = CALENDAR_DATE ( 2026, 22, 6 ) ;
#196 = ORIENTED_EDGE ( 'NONE', *, *, #572, .F. ) ;
#197 = ORIENTED_EDGE ( 'NONE', *, *, #1503, .F. ) ;
#198 = CARTESIAN_POINT ( 'NONE',  ( -14.40000000000000036, 12.20000000000000107, 1.199999999999999956 ) ) ;
#199 = ORIENTED_EDGE ( 'NONE', *, *, #957, .T. ) ;
#200 = PLANE ( 'NONE',  #174 ) ;
#201 = PLANE ( 'NONE',  #2105 ) ;
#202 = CYLINDRICAL_SURFACE ( 'NONE', #220, 1.050000000000000488 ) ;
#203 = DIRECTION ( 'NONE',  ( 0.000000000000000000, 0.000000000000000000, 1.000000000000000000 ) ) ;
#204 = ORIENTED_EDGE ( 'NONE', *, *, #2201, .T. ) ;
#205 = DIRECTION ( 'NONE',  ( 0.000000000000000000, 0.000000000000000000, -1.000000000000000000 ) ) ;
#206 = CARTESIAN_POINT ( 'NONE',  ( -27.40000000000000213, 13.50000000000000000, 0.000000000000000000 ) ) ;
#207 = EDGE_CURVE ( 'NONE', #1159, #1739, #1748, .T. ) ;
#208 = ORIENTED_EDGE ( 'NONE', *, *, #1649, .T. ) ;
#209 = ORIENTED_EDGE ( 'NONE', *, *, #1178, .F. ) ;
#210 = EDGE_CURVE ( 'NONE', #1989, #1171, #16, .T. ) ;
#211 = CARTESIAN_POINT ( 'NONE',  ( -27.40000000000000213, -16.50000000000000000, -2.000000000000000000 ) ) ;
#212 = ORIENTED_EDGE ( 'NONE', *, *, #1230, .T. ) ;
#213 = DIRECTION ( 'NONE',  ( -1.000000000000000000, 0.000000000000000000, 0.000000000000000000 ) ) ;
#214 = MANIFOLD_SOLID_BREP ( 'Pixhawk-Basemini-3D-simple.stp<1>', #654 ) ;
#215 = DIRECTION ( 'NONE',  ( 1.000000000000000000, 0.000000000000000000, 0.000000000000000000 ) ) ;
#216 = DIRECTION ( 'NONE',  ( 0.000000000000000000, 1.000000000000000000, 0.000000000000000000 ) ) ;
#217 = CARTESIAN_POINT ( 'NONE',  ( -4.450000000000000178, 18.19999999999999929, 0.000000000000000000 ) ) ;
#218 = VERTEX_POINT ( 'NONE', #2526 ) ;
#219 = DIRECTION ( 'NONE',  ( 0.000000000000000000, 0.000000000000000000, -1.000000000000000000 ) ) ;
#220 = AXIS2_PLACEMENT_3D ( 'NONE', #1011, #2064, #640 ) ;
#221 = DIRECTION ( 'NONE',  ( 0.000000000000000000, 0.000000000000000000, -1.000000000000000000 ) ) ;
#222 = VECTOR ( 'NONE', #1042, 1000.000000000000000 ) ;
#223 = ORIENTED_EDGE ( 'NONE', *, *, #354, .F. ) ;
#224 = EDGE_LOOP ( 'NONE', ( #2130, #999, #655, #1094 ) ) ;
#225 = VECTOR ( 'NONE', #515, 1000.000000000000000 ) ;
#226 = VECTOR ( 'NONE', #2089, 1000.000000000000000 ) ;
#227 = EDGE_CURVE ( 'NONE', #2282, #1919, #1017, .T. ) ;
#228 = VECTOR ( 'NONE', #1942, 1000.000000000000000 ) ;
#229 = CARTESIAN_POINT ( 'NONE',  ( -32.70000000000000284, 20.00000000000000000, 0.000000000000000000 ) ) ;
#230 = EDGE_LOOP ( 'NONE', ( #372, #1771, #2211, #1505 ) ) ;
#231 = CARTESIAN_POINT ( 'NONE',  ( -34.70000000000000284, -20.00000000000000000, 0.000000000000000000 ) ) ;
#232 = AXIS2_PLACEMENT_3D ( 'NONE', #320, #73, #2600 ) ;
#233 = ADVANCED_FACE ( 'NONE', ( #28 ), #1849, .F. ) ;
#234 = LINE ( 'NONE', #460, #2635 ) ;
#235 = DIRECTION ( 'NONE',  ( 0.000000000000000000, 0.000000000000000000, -1.000000000000000000 ) ) ;
#236 = VERTEX_POINT ( 'NONE', #2702 ) ;
#237 = LINE ( 'NONE', #1032, #1098 ) ;
#238 = DIRECTION ( 'NONE',  ( 1.000000000000000000, 0.000000000000000000, 0.000000000000000000 ) ) ;
#239 = ORIENTED_EDGE ( 'NONE', *, *, #2152, .T. ) ;
#240 = ORIENTED_EDGE ( 'NONE', *, *, #1597, .T. ) ;
#241 = DIRECTION ( 'NONE',  ( -1.000000000000000000, 0.000000000000000000, 0.000000000000000000 ) ) ;
#242 = EDGE_CURVE ( 'NONE', #578, #1608, #2099, .T. ) ;
#243 = VERTEX_POINT ( 'NONE', #2290 ) ;
#244 = LINE ( 'NONE', #1923, #1714 ) ;
#245 = DIRECTION ( 'NONE',  ( 0.000000000000000000, 0.000000000000000000, 1.000000000000000000 ) ) ;
#246 = ADVANCED_FACE ( 'NONE', ( #1438 ), #1482, .T. ) ;
#247 = CARTESIAN_POINT ( 'NONE',  ( 7.550000000000000711, -18.19999999999999929, 0.000000000000000000 ) ) ;
#248 = ADVANCED_FACE ( 'NONE', ( #1077 ), #1063, .T. ) ;
#249 = ORIENTED_EDGE ( 'NONE', *, *, #2386, .F. ) ;
#250 = DIRECTION ( 'NONE',  ( 0.000000000000000000, -1.000000000000000000, 0.000000000000000000 ) ) ;
#251 = DIRECTION ( 'NONE',  ( 0.000000000000000000, 1.000000000000000000, 0.000000000000000000 ) ) ;
#252 = VERTEX_POINT ( 'NONE', #2068 ) ;
#253 = ORIENTED_EDGE ( 'NONE', *, *, #1587, .F. ) ;
#254 = CARTESIAN_POINT ( 'NONE',  ( 7.550000000000000711, -19.00000000000000000, 0.000000000000000000 ) ) ;
#255 = VERTEX_POINT ( 'NONE', #1677 ) ;
#256 = LINE ( 'NONE', #231, #1189 ) ;
#257 = CARTESIAN_POINT ( 'NONE',  ( 17.00000000000000000, 12.20000000000000107, 1.199999999999999956 ) ) ;
#258 = PLANE ( 'NONE',  #2188 ) ;
#259 = ADVANCED_FACE ( 'NONE', ( #644 ), #381, .T. ) ;
#260 = VERTEX_POINT ( 'NONE', #1905 ) ;
#261 = FACE_OUTER_BOUND ( 'NONE', #1356, .T. ) ;
#262 = DIRECTION ( 'NONE',  ( 1.000000000000000000, 0.000000000000000000, 0.000000000000000000 ) ) ;
#263 = EDGE_LOOP ( 'NONE', ( #2582, #2263 ) ) ;
#264 = ORIENTED_EDGE ( 'NONE', *, *, #1196, .F. ) ;
#265 = VECTOR ( 'NONE', #205, 1000.000000000000000 ) ;
#266 = CARTESIAN_POINT ( 'NONE',  ( 17.00000000000000000, 11.15000000000000036, 0.000000000000000000 ) ) ;
#267 = AXIS2_PLACEMENT_3D ( 'NONE', #675, #2163, #1332 ) ;
#268 = VECTOR ( 'NONE', #1245, 1000.000000000000000 ) ;
#269 = ORIENTED_EDGE ( 'NONE', *, *, #1210, .T. ) ;
#270 = CIRCLE ( 'NONE', #970, 1.050000000000000488 ) ;
#271 = AXIS2_PLACEMENT_3D ( 'NONE', #2104, #507, #2177 ) ;
#272 = LINE ( 'NONE', #1299, #1975 ) ;
#273 = DIRECTION ( 'NONE',  ( 0.000000000000000000, 1.000000000000000000, 0.000000000000000000 ) ) ;
#274 = EDGE_LOOP ( 'NONE', ( #932, #1680, #494, #963 ) ) ;
#275 = EDGE_CURVE ( 'NONE', #484, #1484, #2081, .T. ) ;
#276 = CARTESIAN_POINT ( 'NONE',  ( 17.25000000000000000, 18.19999999999999929, 0.000000000000000000 ) ) ;
#277 = CARTESIAN_POINT ( 'NONE',  ( 32.70000000000000284, -20.00000000000000000, 0.000000000000000000 ) ) ;
#278 = EDGE_LOOP ( 'NONE', ( #2696, #345, #1462, #546 ) ) ;
#279 = EDGE_CURVE ( 'NONE', #300, #304, #632, .T. ) ;
#280 = VERTEX_POINT ( 'NONE', #2467 ) ;
#281 = CARTESIAN_POINT ( 'NONE',  ( -14.40000000000000036, 18.19999999999999929, 0.000000000000000000 ) ) ;
#282 = ORIENTED_EDGE ( 'NONE', *, *, #847, .T. ) ;
#283 = CARTESIAN_POINT ( 'NONE',  ( -14.40000000000000036, -11.15000000000000036, 0.000000000000000000 ) ) ;
#284 = CARTESIAN_POINT ( 'NONE',  ( 29.30000000000000071, -19.19999999999999929, 1.199999999999999956 ) ) ;
#285 = ORIENTED_EDGE ( 'NONE', *, *, #1047, .T. ) ;
#286 = CARTESIAN_POINT ( 'NONE',  ( -14.40000000000000036, -18.19999999999999929, 1.199999999999999956 ) ) ;
#287 = DIRECTION ( 'NONE',  ( 0.000000000000000000, 1.000000000000000000, 0.000000000000000000 ) ) ;
#288 = VERTEX_POINT ( 'NONE', #585 ) ;
#289 = VERTEX_POINT ( 'NONE', #1535 ) ;
#290 = EDGE_CURVE ( 'NONE', #243, #870, #2569, .T. ) ;
#291 = CYLINDRICAL_SURFACE ( 'NONE', #2019, 1.050000000000000488 ) ;
#292 = ORIENTED_EDGE ( 'NONE', *, *, #1183, .F. ) ;
#293 = EDGE_CURVE ( 'NONE', #1919, #1634, #1511, .T. ) ;
#294 = LINE ( 'NONE', #1990, #1452 ) ;
#295 = DIRECTION ( 'NONE',  ( 0.000000000000000000, 0.000000000000000000, 1.000000000000000000 ) ) ;
#296 = ORIENTED_EDGE ( 'NONE', *, *, #2592, .T. ) ;
#297 = DIRECTION ( 'NONE',  ( 0.000000000000000000, 0.000000000000000000, 1.000000000000000000 ) ) ;
#298 = CARTESIAN_POINT ( 'NONE',  ( 34.70000000000000284, 20.00000000000000000, 0.000000000000000000 ) ) ;
#299 = ORIENTED_EDGE ( 'NONE', *, *, #1118, .F. ) ;
#300 = VERTEX_POINT ( 'NONE', #2125 ) ;
#301 = DIRECTION ( 'NONE',  ( 0.000000000000000000, 1.000000000000000000, 0.000000000000000000 ) ) ;
#302 = AXIS2_PLACEMENT_3D ( 'NONE', #2451, #1794, #947 ) ;
#303 =( NAMED_UNIT ( * ) PLANE_ANGLE_UNIT ( ) SI_UNIT ( $, .RADIAN. ) );
#304 = VERTEX_POINT ( 'NONE', #2343 ) ;
#305 = EDGE_CURVE ( 'NONE', #1985, #2715, #1548, .T. ) ;
#306 = VECTOR ( 'NONE', #674, 1000.000000000000000 ) ;
#307 = CARTESIAN_POINT ( 'NONE',  ( -29.30000000000000071, 19.19999999999999929, 1.199999999999999956 ) ) ;
#308 = VECTOR ( 'NONE', #448, 1000.000000000000000 ) ;
#309 = EDGE_CURVE ( 'NONE', #1985, #2706, #1100, .T. ) ;
#310 = FACE_BOUND ( 'NONE', #1848, .T. ) ;
#311 = VECTOR ( 'NONE', #2344, 1000.000000000000000 ) ;
#312 = AXIS2_PLACEMENT_3D ( 'NONE', #2339, #2131, #2120 ) ;
#313 = VECTOR ( 'NONE', #623, 1000.000000000000000 ) ;
#314 = VERTEX_POINT ( 'NONE', #1968 ) ;
#315 = CARTESIAN_POINT ( 'NONE',  ( -32.70000000000000284, 20.00000000000000000, 0.000000000000000000 ) ) ;
#316 = CARTESIAN_POINT ( 'NONE',  ( 17.00000000000000000, 11.15000000000000036, 0.000000000000000000 ) ) ;
#317 = ORIENTED_EDGE ( 'NONE', *, *, #293, .T. ) ;
#318 = FACE_OUTER_BOUND ( 'NONE', #838, .T. ) ;
#319 = DIRECTION ( 'NONE',  ( -1.000000000000000000, 0.000000000000000000, 0.000000000000000000 ) ) ;
#320 = CARTESIAN_POINT ( 'NONE',  ( -14.40000000000000036, -12.20000000000000107, 0.000000000000000000 ) ) ;
#321 = EDGE_LOOP ( 'NONE', ( #1910, #2155, #718, #2532 ) ) ;
#322 = FACE_BOUND ( 'NONE', #2571, .T. ) ;
#323 = DIRECTION ( 'NONE',  ( 0.000000000000000000, 0.000000000000000000, 1.000000000000000000 ) ) ;
#324 = ADVANCED_FACE ( 'NONE', ( #452 ), #2151, .F. ) ;
#325 = VERTEX_POINT ( 'NONE', #1292 ) ;
#326 = CARTESIAN_POINT ( 'NONE',  ( 6.049999999999999822, 19.00000000000000000, 0.000000000000000000 ) ) ;
#327 = FACE_OUTER_BOUND ( 'NONE', #696, .T. ) ;
#328 = EDGE_CURVE ( 'NONE', #1238, #2185, #1273, .T. ) ;
#329 = EDGE_LOOP ( 'NONE', ( #67, #1066, #1133, #1695 ) ) ;
#330 = FACE_OUTER_BOUND ( 'NONE', #329, .T. ) ;
#331 = LINE ( 'NONE', #1812, #399 ) ;
#332 = DIRECTION ( 'NONE',  ( 0.000000000000000000, 0.000000000000000000, 1.000000000000000000 ) ) ;
#333 = ORIENTED_EDGE ( 'NONE', *, *, #2386, .T. ) ;
#334 = CARTESIAN_POINT ( 'NONE',  ( 1.550000000000000044, 18.19999999999999929, 0.000000000000000000 ) ) ;
#335 = CARTESIAN_POINT ( 'NONE',  ( 0.05000000000000000278, 18.19999999999999929, 0.000000000000000000 ) ) ;
#336 = EDGE_LOOP ( 'NONE', ( #600, #1591, #196, #2215 ) ) ;
#337 = CARTESIAN_POINT ( 'NONE',  ( 1.550000000000000044, 18.19999999999999929, 0.000000000000000000 ) ) ;
#338 = ADVANCED_FACE ( 'NONE', ( #2557 ), #57, .F. ) ;
#339 = DIRECTION ( 'NONE',  ( 1.000000000000000000, 0.000000000000000000, 0.000000000000000000 ) ) ;
#340 = VERTEX_POINT ( 'NONE', #276 ) ;
#341 = DIRECTION ( 'NONE',  ( 0.000000000000000000, 0.000000000000000000, -1.000000000000000000 ) ) ;
#342 = EDGE_CURVE ( 'NONE', #1468, #727, #1945, .T. ) ;
#343 = CARTESIAN_POINT ( 'NONE',  ( -27.40000000000000213, 15.50000000000000000, 0.000000000000000000 ) ) ;
#344 = COORDINATED_UNIVERSAL_TIME_OFFSET ( 10, 0, .AHEAD. ) ;
#345 = ORIENTED_EDGE ( 'NONE', *, *, #193, .F. ) ;
#346 = DIRECTION ( 'NONE',  ( 0.000000000000000000, 1.000000000000000000, 0.000000000000000000 ) ) ;
#347 = DIRECTION ( 'NONE',  ( 0.000000000000000000, 0.000000000000000000, 1.000000000000000000 ) ) ;
#348 = CIRCLE ( 'NONE', #1792, 0.2500000000000002220 ) ;
#349 = AXIS2_PLACEMENT_3D ( 'NONE', #850, #1626, #2698 ) ;
#350 = DIRECTION ( 'NONE',  ( 0.000000000000000000, -1.000000000000000000, 0.000000000000000000 ) ) ;
#351 = AXIS2_PLACEMENT_3D ( 'NONE', #420, #2091, #216 ) ;
#352 = DIRECTION ( 'NONE',  ( 0.000000000000000000, 0.000000000000000000, 1.000000000000000000 ) ) ;
#353 = AXIS2_PLACEMENT_3D ( 'NONE', #2379, #551, #719 ) ;
#354 = EDGE_CURVE ( 'NONE', #870, #380, #96, .T. ) ;
#355 = ORIENTED_EDGE ( 'NONE', *, *, #1445, .T. ) ;
#356 = CARTESIAN_POINT ( 'NONE',  ( 32.70000000000000284, 20.00000000000000000, 1.199999999999999956 ) ) ;
#357 = AXIS2_PLACEMENT_3D ( 'NONE', #1897, #20, #2141 ) ;
#358 = DIRECTION ( 'NONE',  ( 0.000000000000000000, -1.000000000000000000, 0.000000000000000000 ) ) ;
#359 = EDGE_CURVE ( 'NONE', #2706, #860, #895, .T. ) ;
#360 = APPROVAL_STATUS ( 'not_yet_approved' ) ;
#361 = ADVANCED_BREP_SHAPE_REPRESENTATION ( 'PCB-BASEMINI-V5X-F3.stp', ( #214, #972 ), #2373 ) ;
#362 = ORIENTED_EDGE ( 'NONE', *, *, #1248, .T. ) ;
#363 = DIRECTION ( 'NONE',  ( 0.000000000000000000, 1.000000000000000000, 0.000000000000000000 ) ) ;
#364 = CARTESIAN_POINT ( 'NONE',  ( -27.40000000000000213, -14.50000000000000000, 0.000000000000000000 ) ) ;
#365 = DIRECTION ( 'NONE',  ( 0.000000000000000000, -1.000000000000000000, 0.000000000000000000 ) ) ;
#366 = LINE ( 'NONE', #2205, #1710 ) ;
#367 = LINE ( 'NONE', #1983, #882 ) ;
#368 = ORIENTED_EDGE ( 'NONE', *, *, #1349, .F. ) ;
#369 = FACE_OUTER_BOUND ( 'NONE', #182, .T. ) ;
#370 = CARTESIAN_POINT ( 'NONE',  ( 7.550000000000000711, -18.19999999999999929, -0.5999999999999999778 ) ) ;
#371 = PERSON_AND_ORGANIZATION_ROLE ( 'creator' ) ;
#372 = ORIENTED_EDGE ( 'NONE', *, *, #1268, .F. ) ;
#373 = ADVANCED_FACE ( 'NONE', ( #2539 ), #1729, .T. ) ;
#374 = PLANE ( 'NONE',  #93 ) ;
#375 = DIRECTION ( 'NONE',  ( 0.000000000000000000, 0.000000000000000000, -1.000000000000000000 ) ) ;
#376 = EDGE_CURVE ( 'NONE', #601, #2308, #348, .T. ) ;
#377 = LINE ( 'NONE', #390, #1538 ) ;
#378 = CARTESIAN_POINT ( 'NONE',  ( 17.00000000000000000, -12.20000000000000107, 1.199999999999999956 ) ) ;
#379 = CARTESIAN_POINT ( 'NONE',  ( 17.00000000000000000, 13.25000000000000000, 0.000000000000000000 ) ) ;
#380 = VERTEX_POINT ( 'NONE', #2137 ) ;
#381 = PLANE ( 'NONE',  #1446 ) ;
#382 = DIRECTION ( 'NONE',  ( 0.000000000000000000, 1.000000000000000000, 0.000000000000000000 ) ) ;
#383 = PERSON_AND_ORGANIZATION_ROLE ( 'classification_officer' ) ;
#384 = ORIENTED_EDGE ( 'NONE', *, *, #1918, .F. ) ;
#385 = VERTEX_POINT ( 'NONE', #686 ) ;
#386 = DIRECTION ( 'NONE',  ( 0.000000000000000000, 0.000000000000000000, -1.000000000000000000 ) ) ;
#387 = EDGE_CURVE ( 'NONE', #898, #1475, #1716, .T. ) ;
#388 = ORIENTED_EDGE ( 'NONE', *, *, #2084, .F. ) ;
#389 = DIRECTION ( 'NONE',  ( 0.000000000000000000, -1.000000000000000000, 0.000000000000000000 ) ) ;
#390 = CARTESIAN_POINT ( 'NONE',  ( 34.70000000000000284, -20.00000000000000000, 0.000000000000000000 ) ) ;
#391 = LINE ( 'NONE', #2668, #564 ) ;
#392 = LINE ( 'NONE', #421, #1104 ) ;
#393 = AXIS2_PLACEMENT_3D ( 'NONE', #774, #1612, #933 ) ;
#394 = AXIS2_PLACEMENT_3D ( 'NONE', #14, #408, #2479 ) ;
#395 = AXIS2_PLACEMENT_3D ( 'NONE', #1301, #450, #2567 ) ;
#396 = ORIENTED_EDGE ( 'NONE', *, *, #1553, .F. ) ;
#397 = CARTESIAN_POINT ( 'NONE',  ( -29.30000000000000071, -20.00000000000000000, 0.000000000000000000 ) ) ;
#398 = CARTESIAN_POINT ( 'NONE',  ( 7.550000000000000711, -19.00000000000000000, -0.5999999999999999778 ) ) ;
#399 = VECTOR ( 'NONE', #382, 1000.000000000000000 ) ;
#400 = ORIENTED_EDGE ( 'NONE', *, *, #1346, .F. ) ;
#401 = VECTOR ( 'NONE', #1170, 1000.000000000000000 ) ;
#402 = ORIENTED_EDGE ( 'NONE', *, *, #1719, .F. ) ;
#403 = CARTESIAN_POINT ( 'NONE',  ( 17.00000000000000000, -12.20000000000000107, 1.199999999999999956 ) ) ;
#404 = ORIENTED_EDGE ( 'NONE', *, *, #553, .T. ) ;
#405 = CARTESIAN_POINT ( 'NONE',  ( -29.30000000000000071, -20.00000000000000000, 0.000000000000000000 ) ) ;
#406 = CARTESIAN_POINT ( 'NONE',  ( 7.550000000000000711, 19.00000000000000000, 0.000000000000000000 ) ) ;
#407 = CYLINDRICAL_SURFACE ( 'NONE', #2588, 1.000000000000000888 ) ;
#408 = DIRECTION ( 'NONE',  ( 0.000000000000000000, 0.000000000000000000, -1.000000000000000000 ) ) ;
#409 = EDGE_CURVE ( 'NONE', #495, #2289, #1740, .T. ) ;
#410 = ORIENTED_EDGE ( 'NONE', *, *, #864, .F. ) ;
#411 = DIRECTION ( 'NONE',  ( -0.000000000000000000, 1.000000000000000000, 0.000000000000000000 ) ) ;
#412 = DIRECTION ( 'NONE',  ( 0.000000000000000000, 1.000000000000000000, 0.000000000000000000 ) ) ;
#413 = ADVANCED_FACE ( 'NONE', ( #261 ), #2579, .T. ) ;
#414 = VERTEX_POINT ( 'NONE', #79 ) ;
#415 = ORIENTED_EDGE ( 'NONE', *, *, #1084, .F. ) ;
#416 = DIRECTION ( 'NONE',  ( 0.000000000000000000, 0.000000000000000000, -1.000000000000000000 ) ) ;
#417 = EDGE_LOOP ( 'NONE', ( #296, #2180, #2048, #648 ) ) ;
#418 = CARTESIAN_POINT ( 'NONE',  ( -18.70000000000000284, -18.00000000000000000, 1.199999999999999956 ) ) ;
#419 = CARTESIAN_POINT ( 'NONE',  ( -27.40000000000000213, -14.50000000000000000, 0.000000000000000000 ) ) ;
#420 = CARTESIAN_POINT ( 'NONE',  ( 7.550000000000000711, 19.00000000000000000, 0.000000000000000000 ) ) ;
#421 = CARTESIAN_POINT ( 'NONE',  ( 1.550000000000000044, -19.00000000000000000, 0.000000000000000000 ) ) ;
#422 = ORIENTED_EDGE ( 'NONE', *, *, #2214, .T. ) ;
#423 = EDGE_CURVE ( 'NONE', #794, #1039, #2595, .T. ) ;
#424 = LINE ( 'NONE', #1424, #1398 ) ;
#425 = CARTESIAN_POINT ( 'NONE',  ( -5.950000000000000178, -19.00000000000000000, -0.5999999999999999778 ) ) ;
#426 = ORIENTED_EDGE ( 'NONE', *, *, #2320, .F. ) ;
#427 = ORIENTED_EDGE ( 'NONE', *, *, #1751, .T. ) ;
#428 = LINE ( 'NONE', #211, #488 ) ;
#429 = ORIENTED_EDGE ( 'NONE', *, *, #2419, .T. ) ;
#430 = LINE ( 'NONE', #2651, #1364 ) ;
#431 = CARTESIAN_POINT ( 'NONE',  ( 17.00000000000000000, 11.15000000000000036, 1.199999999999999956 ) ) ;
#432 = DIRECTION ( 'NONE',  ( 0.000000000000000000, 0.000000000000000000, -1.000000000000000000 ) ) ;
#433 = VECTOR ( 'NONE', #778, 1000.000000000000000 ) ;
#434 = ORIENTED_EDGE ( 'NONE', *, *, #89, .T. ) ;
#435 = DIRECTION ( 'NONE',  ( 0.000000000000000000, 0.000000000000000000, -1.000000000000000000 ) ) ;
#436 = AXIS2_PLACEMENT_3D ( 'NONE', #2314, #219, #597 ) ;
#437 = CARTESIAN_POINT ( 'NONE',  ( 7.550000000000000711, -18.19999999999999929, 0.000000000000000000 ) ) ;
#438 = EDGE_CURVE ( 'NONE', #2085, #2599, #1491, .T. ) ;
#439 = AXIS2_PLACEMENT_3D ( 'NONE', #1339, #969, #1598 ) ;
#440 = EDGE_LOOP ( 'NONE', ( #191, #1070 ) ) ;
#441 = ORIENTED_EDGE ( 'NONE', *, *, #193, .T. ) ;
#442 = AXIS2_PLACEMENT_3D ( 'NONE', #1055, #1434, #187 ) ;
#443 = VECTOR ( 'NONE', #2195, 1000.000000000000000 ) ;
#444 = EDGE_CURVE ( 'NONE', #877, #584, #1153, .T. ) ;
#445 = AXIS2_PLACEMENT_3D ( 'NONE', #1662, #1609, #827 ) ;
#446 = CARTESIAN_POINT ( 'NONE',  ( 1.550000000000000044, -19.00000000000000000, 0.000000000000000000 ) ) ;
#447 = ORIENTED_EDGE ( 'NONE', *, *, #1381, .T. ) ;
#448 = DIRECTION ( 'NONE',  ( -1.000000000000000000, 0.000000000000000000, 0.000000000000000000 ) ) ;
#449 = DIRECTION ( 'NONE',  ( -1.000000000000000000, 0.000000000000000000, 0.000000000000000000 ) ) ;
#450 = DIRECTION ( 'NONE',  ( -1.000000000000000000, 0.000000000000000000, 0.000000000000000000 ) ) ;
#451 = ORIENTED_EDGE ( 'NONE', *, *, #758, .T. ) ;
#452 = FACE_OUTER_BOUND ( 'NONE', #2040, .T. ) ;
#453 = DIRECTION ( 'NONE',  ( 0.000000000000000000, 1.000000000000000000, 0.000000000000000000 ) ) ;
#454 = ORIENTED_EDGE ( 'NONE', *, *, #342, .T. ) ;
#455 = EDGE_LOOP ( 'NONE', ( #2305, #249, #1973, #212 ) ) ;
#456 = DIRECTION ( 'NONE',  ( 0.000000000000000000, 0.000000000000000000, -1.000000000000000000 ) ) ;
#457 = EDGE_LOOP ( 'NONE', ( #1561, #1758, #1874, #2053 ) ) ;
#458 = EDGE_CURVE ( 'NONE', #505, #2346, #1383, .T. ) ;
#459 = CARTESIAN_POINT ( 'NONE',  ( -14.40000000000000036, -13.25000000000000000, 1.199999999999999956 ) ) ;
#460 = CARTESIAN_POINT ( 'NONE',  ( 0.05000000000000000278, 19.00000000000000000, 0.000000000000000000 ) ) ;
#461 = EDGE_CURVE ( 'NONE', #1566, #2127, #2022, .T. ) ;
#462 = DIRECTION ( 'NONE',  ( 0.000000000000000000, 0.000000000000000000, 1.000000000000000000 ) ) ;
#463 = ORIENTED_EDGE ( 'NONE', *, *, #328, .F. ) ;
#464 = DIRECTION ( 'NONE',  ( -1.000000000000000000, 0.000000000000000000, 0.000000000000000000 ) ) ;
#465 = LINE ( 'NONE', #1970, #1449 ) ;
#466 = ORIENTED_EDGE ( 'NONE', *, *, #604, .T. ) ;
#467 = ORIENTED_EDGE ( 'NONE', *, *, #26, .F. ) ;
#468 = CARTESIAN_POINT ( 'NONE',  ( -32.70000000000000284, 19.19999999999999929, 0.000000000000000000 ) ) ;
#469 = EDGE_LOOP ( 'NONE', ( #1615, #1922, #622, #269 ) ) ;
#470 = EDGE_CURVE ( 'NONE', #78, #1167, #1372, .T. ) ;
#471 = CYLINDRICAL_SURFACE ( 'NONE', #1322, 1.000000000000000888 ) ;
#472 = LINE ( 'NONE', #2145, #1757 ) ;
#473 = EDGE_CURVE ( 'NONE', #243, #1184, #544, .T. ) ;
#474 = ORIENTED_EDGE ( 'NONE', *, *, #1918, .T. ) ;
#475 = DIRECTION ( 'NONE',  ( 0.000000000000000000, 0.000000000000000000, -1.000000000000000000 ) ) ;
#476 = DIRECTION ( 'NONE',  ( 0.000000000000000000, 1.000000000000000000, 0.000000000000000000 ) ) ;
#477 = ADVANCED_FACE ( 'NONE', ( #1191 ), #532, .T. ) ;
#478 = ORIENTED_EDGE ( 'NONE', *, *, #1317, .T. ) ;
#479 = ORIENTED_EDGE ( 'NONE', *, *, #2353, .T. ) ;
#480 = AXIS2_PLACEMENT_3D ( 'NONE', #789, #2464, #169 ) ;
#481 = CARTESIAN_POINT ( 'NONE',  ( -28.89999999999999858, -14.50000000000000000, -2.000000000000000000 ) ) ;
#482 = VECTOR ( 'NONE', #2242, 1000.000000000000000 ) ;
#483 = AXIS2_PLACEMENT_3D ( 'NONE', #552, #1818, #1173 ) ;
#484 = VERTEX_POINT ( 'NONE', #2005 ) ;
#485 = AXIS2_PLACEMENT_3D ( 'NONE', #1350, #87, #1555 ) ;
#486 = CIRCLE ( 'NONE', #2455, 0.2500000000000002220 ) ;
#487 = LINE ( 'NONE', #1953, #1065 ) ;
#488 = VECTOR ( 'NONE', #1706, 1000.000000000000000 ) ;
#489 = CARTESIAN_POINT ( 'NONE',  ( 10.55000000000000071, 3.000000000000000000, 1.199999999999999956 ) ) ;
#490 = ORIENTED_EDGE ( 'NONE', *, *, #2452, .F. ) ;
#491 = DIRECTION ( 'NONE',  ( 0.000000000000000000, 0.000000000000000000, -1.000000000000000000 ) ) ;
#492 = EDGE_CURVE ( 'NONE', #2707, #2036, #366, .T. ) ;
#493 = LINE ( 'NONE', #724, #91 ) ;
#494 = ORIENTED_EDGE ( 'NONE', *, *, #2167, .F. ) ;
#495 = VERTEX_POINT ( 'NONE', #326 ) ;
#496 = ADVANCED_FACE ( 'NONE', ( #119 ), #955, .T. ) ;
#497 = CARTESIAN_POINT ( 'NONE',  ( 17.00000000000000000, -11.15000000000000036, 0.000000000000000000 ) ) ;
#498 = VERTEX_POINT ( 'NONE', #2632 ) ;
#499 = DIRECTION ( 'NONE',  ( 0.000000000000000000, 0.000000000000000000, 1.000000000000000000 ) ) ;
#500 = LINE ( 'NONE', #1086, #660 ) ;
#501 = ORIENTED_EDGE ( 'NONE', *, *, #577, .T. ) ;
#502 = CARTESIAN_POINT ( 'NONE',  ( -14.40000000000000036, 12.20000000000000107, 0.000000000000000000 ) ) ;
#503 = LINE ( 'NONE', #1342, #1060 ) ;
#504 = EDGE_CURVE ( 'NONE', #1320, #1049, #514, .T. ) ;
#505 = VERTEX_POINT ( 'NONE', #554 ) ;
#506 = CARTESIAN_POINT ( 'NONE',  ( -14.65000000000000036, -18.19999999999999929, 0.000000000000000000 ) ) ;
#507 = DIRECTION ( 'NONE',  ( 0.000000000000000000, 0.000000000000000000, -1.000000000000000000 ) ) ;
#508 = EDGE_CURVE ( 'NONE', #18, #1378, #1558, .T. ) ;
#509 = CARTESIAN_POINT ( 'NONE',  ( -32.70000000000000284, -20.00000000000000000, 0.000000000000000000 ) ) ;
#510 = ORIENTED_EDGE ( 'NONE', *, *, #948, .T. ) ;
#511 = DIRECTION ( 'NONE',  ( 0.000000000000000000, 1.000000000000000000, 0.000000000000000000 ) ) ;
#512 = FACE_OUTER_BOUND ( 'NONE', #1892, .T. ) ;
#513 = ORIENTED_EDGE ( 'NONE', *, *, #1733, .F. ) ;
#514 = LINE ( 'NONE', #751, #1005 ) ;
#515 = DIRECTION ( 'NONE',  ( 0.000000000000000000, 0.000000000000000000, 1.000000000000000000 ) ) ;
#516 = ORIENTED_EDGE ( 'NONE', *, *, #290, .T. ) ;
#517 = CARTESIAN_POINT ( 'NONE',  ( 14.00000000000000000, 3.000000000000000000, 1.199999999999999956 ) ) ;
#518 = DIRECTION ( 'NONE',  ( 1.000000000000000000, 0.000000000000000000, 0.000000000000000000 ) ) ;
#519 = CARTESIAN_POINT ( 'NONE',  ( -34.70000000000000284, 20.00000000000000000, 1.199999999999999956 ) ) ;
#520 = ORIENTED_EDGE ( 'NONE', *, *, #682, .F. ) ;
#521 = AXIS2_PLACEMENT_3D ( 'NONE', #1218, #1861, #2481 ) ;
#522 = EDGE_CURVE ( 'NONE', #635, #1907, #985, .T. ) ;
#523 = VECTOR ( 'NONE', #2447, 1000.000000000000000 ) ;
#524 = FACE_BOUND ( 'NONE', #2229, .T. ) ;
#525 = VECTOR ( 'NONE', #994, 1000.000000000000000 ) ;
#526 = FACE_OUTER_BOUND ( 'NONE', #2457, .T. ) ;
#527 = CIRCLE ( 'NONE', #1406, 1.050000000000000488 ) ;
#528 = EDGE_CURVE ( 'NONE', #2543, #1281, #134, .T. ) ;
#529 = VECTOR ( 'NONE', #1388, 1000.000000000000000 ) ;
#530 = PRODUCT_DEFINITION_FORMATION_WITH_SPECIFIED_SOURCE ( 'Symmetric', '', #2116, .NOT_KNOWN. ) ;
#531 = ORIENTED_EDGE ( 'NONE', *, *, #1645, .T. ) ;
#532 = PLANE ( 'NONE',  #1835 ) ;
#533 = CARTESIAN_POINT ( 'NONE',  ( -5.950000000000000178, -19.00000000000000000, 0.000000000000000000 ) ) ;
#534 = ORIENTED_EDGE ( 'NONE', *, *, #8, .F. ) ;
#535 = DIRECTION ( 'NONE',  ( 0.000000000000000000, 0.000000000000000000, 1.000000000000000000 ) ) ;
#536 = DIRECTION ( 'NONE',  ( -1.000000000000000000, 0.000000000000000000, 0.000000000000000000 ) ) ;
#537 = FACE_OUTER_BOUND ( 'NONE', #81, .T. ) ;
#538 = VERTEX_POINT ( 'NONE', #2243 ) ;
#539 = DIRECTION ( 'NONE',  ( 0.000000000000000000, 0.000000000000000000, 1.000000000000000000 ) ) ;
#540 = EDGE_CURVE ( 'NONE', #538, #325, #1808, .T. ) ;
#541 = CARTESIAN_POINT ( 'NONE',  ( -14.14999999999999858, 18.19999999999999929, 0.000000000000000000 ) ) ;
#542 = EDGE_CURVE ( 'NONE', #181, #2072, #2605, .T. ) ;
#543 = ORIENTED_EDGE ( 'NONE', *, *, #2469, .T. ) ;
#544 = LINE ( 'NONE', #337, #784 ) ;
#545 = DIRECTION ( 'NONE',  ( 1.000000000000000000, 0.000000000000000000, 0.000000000000000000 ) ) ;
#546 = ORIENTED_EDGE ( 'NONE', *, *, #2181, .F. ) ;
#547 = CYLINDRICAL_SURFACE ( 'NONE', #1532, 0.2500000000000002220 ) ;
#548 = FACE_OUTER_BOUND ( 'NONE', #1682, .T. ) ;
#549 = CARTESIAN_POINT ( 'NONE',  ( -34.70000000000000284, -20.00000000000000000, 1.199999999999999956 ) ) ;
#550 = EDGE_LOOP ( 'NONE', ( #2585, #1960, #757, #1692 ) ) ;
#551 = DIRECTION ( 'NONE',  ( 0.000000000000000000, 0.000000000000000000, 1.000000000000000000 ) ) ;
#552 = CARTESIAN_POINT ( 'NONE',  ( -4.450000000000000178, 19.00000000000000000, 0.000000000000000000 ) ) ;
#553 = EDGE_CURVE ( 'NONE', #2074, #1636, #45, .T. ) ;
#554 = CARTESIAN_POINT ( 'NONE',  ( -4.450000000000000178, 19.00000000000000000, -0.5999999999999999778 ) ) ;
#555 = DIRECTION ( 'NONE',  ( 0.000000000000000000, 0.000000000000000000, 1.000000000000000000 ) ) ;
#556 = EDGE_CURVE ( 'NONE', #699, #2556, #2008, .T. ) ;
#557 = ORIENTED_EDGE ( 'NONE', *, *, #1564, .F. ) ;
#558 = CARTESIAN_POINT ( 'NONE',  ( 20.50000000000000000, 18.00000000000000000, 0.000000000000000000 ) ) ;
#559 = DIRECTION ( 'NONE',  ( 1.000000000000000000, 0.000000000000000000, 0.000000000000000000 ) ) ;
#560 = DIRECTION ( 'NONE',  ( 1.000000000000000000, 0.000000000000000000, 0.000000000000000000 ) ) ;
#561 = ORIENTED_EDGE ( 'NONE', *, *, #59, .F. ) ;
#562 = VECTOR ( 'NONE', #2208, 1000.000000000000000 ) ;
#563 = CARTESIAN_POINT ( 'NONE',  ( 0.05000000000000000278, 19.00000000000000000, 0.000000000000000000 ) ) ;
#564 = VECTOR ( 'NONE', #1872, 1000.000000000000000 ) ;
#565 = LINE ( 'NONE', #2711, #1797 ) ;
#566 = LINE ( 'NONE', #1407, #1971 ) ;
#567 = VECTOR ( 'NONE', #1216, 1000.000000000000000 ) ;
#568 = DIRECTION ( 'NONE',  ( 0.000000000000000000, -1.000000000000000000, 0.000000000000000000 ) ) ;
#569 = VECTOR ( 'NONE', #323, 1000.000000000000000 ) ;
#570 = CARTESIAN_POINT ( 'NONE',  ( 29.30000000000000071, -20.00000000000000000, 0.000000000000000000 ) ) ;
#571 = ORIENTED_EDGE ( 'NONE', *, *, #1560, .F. ) ;
#572 = EDGE_CURVE ( 'NONE', #699, #99, #1767, .T. ) ;
#573 = CARTESIAN_POINT ( 'NONE',  ( -5.950000000000000178, 19.00000000000000000, 0.000000000000000000 ) ) ;
#574 = DIRECTION ( 'NONE',  ( -1.000000000000000000, 0.000000000000000000, 0.000000000000000000 ) ) ;
#575 = DATE_AND_TIME ( #152, #929 ) ;
#576 = ORIENTED_EDGE ( 'NONE', *, *, #1346, .T. ) ;
#577 = EDGE_CURVE ( 'NONE', #252, #1472, #964, .T. ) ;
#578 = VERTEX_POINT ( 'NONE', #159 ) ;
#579 = DIRECTION ( 'NONE',  ( 0.000000000000000000, 0.000000000000000000, -1.000000000000000000 ) ) ;
#580 = DIRECTION ( 'NONE',  ( 0.000000000000000000, 0.000000000000000000, 1.000000000000000000 ) ) ;
#581 = CARTESIAN_POINT ( 'NONE',  ( 34.70000000000000284, -20.00000000000000000, 1.199999999999999956 ) ) ;
#582 = CARTESIAN_POINT ( 'NONE',  ( -17.69999999999999929, -18.00000000000000000, 1.199999999999999956 ) ) ;
#583 = LINE ( 'NONE', #998, #173 ) ;
#584 = VERTEX_POINT ( 'NONE', #1215 ) ;
#585 = CARTESIAN_POINT ( 'NONE',  ( 7.550000000000000711, 18.19999999999999929, -0.5999999999999999778 ) ) ;
#586 = DIRECTION ( 'NONE',  ( 1.000000000000000000, 0.000000000000000000, 0.000000000000000000 ) ) ;
#587 = EDGE_CURVE ( 'NONE', #1647, #2472, #1686, .T. ) ;
#588 = EDGE_LOOP ( 'NONE', ( #1254, #1447, #2136, #396 ) ) ;
#589 = ORIENTED_EDGE ( 'NONE', *, *, #2654, .T. ) ;
#590 = DIRECTION ( 'NONE',  ( 1.000000000000000000, 0.000000000000000000, 0.000000000000000000 ) ) ;
#591 = ORIENTED_EDGE ( 'NONE', *, *, #1020, .T. ) ;
#592 = LINE ( 'NONE', #1432, #837 ) ;
#593 = DIRECTION ( 'NONE',  ( 1.000000000000000000, 0.000000000000000000, 0.000000000000000000 ) ) ;
#594 = FACE_OUTER_BOUND ( 'NONE', #2471, .T. ) ;
#595 = DIRECTION ( 'NONE',  ( 1.000000000000000000, 0.000000000000000000, 0.000000000000000000 ) ) ;
#596 = ORIENTED_EDGE ( 'NONE', *, *, #1964, .T. ) ;
#597 = DIRECTION ( 'NONE',  ( -1.000000000000000000, 0.000000000000000000, 0.000000000000000000 ) ) ;
#598 = CARTESIAN_POINT ( 'NONE',  ( -4.450000000000000178, 18.19999999999999929, -0.5999999999999999778 ) ) ;
#599 = PERSON_AND_ORGANIZATION_ROLE ( 'design_supplier' ) ;
#600 = ORIENTED_EDGE ( 'NONE', *, *, #2486, .T. ) ;
#601 = VERTEX_POINT ( 'NONE', #2522 ) ;
#602 = DIRECTION ( 'NONE',  ( 0.000000000000000000, -1.000000000000000000, 0.000000000000000000 ) ) ;
#603 = EDGE_LOOP ( 'NONE', ( #1496, #1120, #2694, #466 ) ) ;
#604 = EDGE_CURVE ( 'NONE', #1088, #2083, #131, .T. ) ;
#605 = CARTESIAN_POINT ( 'NONE',  ( -4.450000000000000178, -18.19999999999999929, -0.5999999999999999778 ) ) ;
#606 = VECTOR ( 'NONE', #2482, 1000.000000000000000 ) ;
#607 = FACE_OUTER_BOUND ( 'NONE', #128, .T. ) ;
#608 = VECTOR ( 'NONE', #124, 1000.000000000000000 ) ;
#609 = ADVANCED_FACE ( 'NONE', ( #1247 ), #2046, .T. ) ;
#610 = CARTESIAN_POINT ( 'NONE',  ( -18.70000000000000284, -18.00000000000000000, 0.000000000000000000 ) ) ;
#611 = LINE ( 'NONE', #2287, #567 ) ;
#612 = VECTOR ( 'NONE', #2332, 1000.000000000000000 ) ;
#613 = VECTOR ( 'NONE', #352, 1000.000000000000000 ) ;
#614 = VECTOR ( 'NONE', #157, 1000.000000000000000 ) ;
#615 = ORIENTED_EDGE ( 'NONE', *, *, #2320, .T. ) ;
#616 = CARTESIAN_POINT ( 'NONE',  ( -4.450000000000000178, 19.00000000000000000, 0.000000000000000000 ) ) ;
#617 = PLANE ( 'NONE',  #2191 ) ;
#618 = VECTOR ( 'NONE', #346, 1000.000000000000000 ) ;
#619 = AXIS2_PLACEMENT_3D ( 'NONE', #1458, #17, #29 ) ;
#620 = ORIENTED_EDGE ( 'NONE', *, *, #2436, .F. ) ;
#621 = VECTOR ( 'NONE', #1336, 1000.000000000000000 ) ;
#622 = ORIENTED_EDGE ( 'NONE', *, *, #826, .T. ) ;
#623 = DIRECTION ( 'NONE',  ( 0.000000000000000000, 0.000000000000000000, 1.000000000000000000 ) ) ;
#624 = ORIENTED_EDGE ( 'NONE', *, *, #1815, .F. ) ;
#625 = LINE ( 'NONE', #1463, #2013 ) ;
#626 = ADVANCED_FACE ( 'NONE', ( #1453 ), #1654, .T. ) ;
#627 = DIRECTION ( 'NONE',  ( 0.000000000000000000, 0.000000000000000000, -1.000000000000000000 ) ) ;
#628 = FACE_OUTER_BOUND ( 'NONE', #1037, .T. ) ;
#629 = CARTESIAN_POINT ( 'NONE',  ( 32.70000000000000284, 20.00000000000000000, 0.000000000000000000 ) ) ;
#630 = CC_DESIGN_DATE_AND_TIME_ASSIGNMENT ( #2027, #1220, ( #1199 ) ) ;
#631 = ORIENTED_EDGE ( 'NONE', *, *, #227, .T. ) ;
#632 = LINE ( 'NONE', #2112, #919 ) ;
#633 = DIRECTION ( 'NONE',  ( 0.000000000000000000, 0.000000000000000000, -1.000000000000000000 ) ) ;
#634 = ORIENTED_EDGE ( 'NONE', *, *, #1212, .T. ) ;
#635 = VERTEX_POINT ( 'NONE', #1260 ) ;
#636 = CARTESIAN_POINT ( 'NONE',  ( -32.70000000000000284, -19.19999999999999929, 0.000000000000000000 ) ) ;
#637 = VERTEX_POINT ( 'NONE', #582 ) ;
#638 = DIRECTION ( 'NONE',  ( 1.000000000000000000, 0.000000000000000000, 0.000000000000000000 ) ) ;
#639 = CARTESIAN_POINT ( 'NONE',  ( 16.75000000000000000, -18.19999999999999929, 0.000000000000000000 ) ) ;
#640 = DIRECTION ( 'NONE',  ( 0.000000000000000000, -1.000000000000000000, 0.000000000000000000 ) ) ;
#641 = ADVANCED_FACE ( 'NONE', ( #833 ), #407, .F. ) ;
#642 = CARTESIAN_POINT ( 'NONE',  ( 0.05000000000000000278, -19.00000000000000000, 0.000000000000000000 ) ) ;
#643 = ORIENTED_EDGE ( 'NONE', *, *, #1268, .T. ) ;
#644 = FACE_OUTER_BOUND ( 'NONE', #2426, .T. ) ;
#645 = ADVANCED_FACE ( 'NONE', ( #1478 ), #2268, .T. ) ;
#646 = PLANE ( 'NONE',  #971 ) ;
#647 = ORIENTED_EDGE ( 'NONE', *, *, #2284, .T. ) ;
#648 = ORIENTED_EDGE ( 'NONE', *, *, #1366, .F. ) ;
#649 = CARTESIAN_POINT ( 'NONE',  ( 7.550000000000000711, 19.00000000000000000, 0.000000000000000000 ) ) ;
#650 = ORIENTED_EDGE ( 'NONE', *, *, #2100, .T. ) ;
#651 = DIRECTION ( 'NONE',  ( -0.000000000000000000, 1.000000000000000000, 0.000000000000000000 ) ) ;
#652 = DIRECTION ( 'NONE',  ( 0.000000000000000000, 0.000000000000000000, -1.000000000000000000 ) ) ;
#653 = DIRECTION ( 'NONE',  ( 0.000000000000000000, -1.000000000000000000, 0.000000000000000000 ) ) ;
#654 = CLOSED_SHELL ( 'NONE', ( #248, #878, #913, #259, #1665, #477, #1507, #1747, #626, #1312, #710, #2623, #2490, #1415, #868, #1961, #1330, #373, #1765, #2303, #2122, #810, #2433, #1879, #1635, #609, #1237, #1702, #2524, #2446, #1846, #1087, #645, #246, #2401, #2688, #714, #1481, #1817, #722, #2237, #2203, #142, #2704, #1998, #1863, #1517, #413, #496, #2316, #1074, #2351, #760, #1769, #233, #1980, #993, #1529, #2096, #1109, #1102, #2080, #2645, #641, #927, #2032, #2671, #661, #2666, #338, #324, #1798, #1433, #156, #94, #944, #2070, #2288, #72, #23, #1994, #2299, #1599, #2708, #899 ) ) ;
#655 = ORIENTED_EDGE ( 'NONE', *, *, #1785, .F. ) ;
#656 = DIRECTION ( 'NONE',  ( -1.000000000000000000, 0.000000000000000000, 0.000000000000000000 ) ) ;
#657 = AXIS2_PLACEMENT_3D ( 'NONE', #2434, #2617, #1790 ) ;
#658 = DIRECTION ( 'NONE',  ( 1.000000000000000000, 0.000000000000000000, 0.000000000000000000 ) ) ;
#659 = VECTOR ( 'NONE', #251, 1000.000000000000000 ) ;
#660 = VECTOR ( 'NONE', #1290, 1000.000000000000000 ) ;
#661 = ADVANCED_FACE ( 'NONE', ( #594 ), #202, .F. ) ;
#662 = ORIENTED_EDGE ( 'NONE', *, *, #981, .T. ) ;
#663 = ORIENTED_EDGE ( 'NONE', *, *, #1938, .F. ) ;
#664 = VECTOR ( 'NONE', #262, 1000.000000000000000 ) ;
#665 = VECTOR ( 'NONE', #559, 1000.000000000000000 ) ;
#666 = VECTOR ( 'NONE', #1508, 1000.000000000000000 ) ;
#667 = EDGE_CURVE ( 'NONE', #770, #1707, #1421, .T. ) ;
#668 = CARTESIAN_POINT ( 'NONE',  ( 29.30000000000000071, 19.19999999999999929, 0.000000000000000000 ) ) ;
#669 = VERTEX_POINT ( 'NONE', #188 ) ;
#670 = LINE ( 'NONE', #1506, #308 ) ;
#671 = LINE ( 'NONE', #903, #1713 ) ;
#672 = DIRECTION ( 'NONE',  ( 1.000000000000000000, 0.000000000000000000, 0.000000000000000000 ) ) ;
#673 = EDGE_LOOP ( 'NONE', ( #434, #2413, #909, #404 ) ) ;
#674 = DIRECTION ( 'NONE',  ( 0.000000000000000000, 0.000000000000000000, -1.000000000000000000 ) ) ;
#675 = CARTESIAN_POINT ( 'NONE',  ( -4.450000000000000178, -19.00000000000000000, 0.000000000000000000 ) ) ;
#676 = EDGE_LOOP ( 'NONE', ( #2480, #30, #935, #21 ) ) ;
#677 = EDGE_LOOP ( 'NONE', ( #2067, #19, #7, #1374 ) ) ;
#678 = EDGE_CURVE ( 'NONE', #304, #741, #1829, .T. ) ;
#679 = CARTESIAN_POINT ( 'NONE',  ( 1.550000000000000044, 19.00000000000000000, 0.000000000000000000 ) ) ;
#680 = ORIENTED_EDGE ( 'NONE', *, *, #577, .F. ) ;
#681 = LINE ( 'NONE', #1476, #2547 ) ;
#682 = EDGE_CURVE ( 'NONE', #181, #1647, #391, .T. ) ;
#683 = CARTESIAN_POINT ( 'NONE',  ( 32.70000000000000284, 20.00000000000000000, 0.000000000000000000 ) ) ;
#684 = PLANE ( 'NONE',  #2278 ) ;
#685 = ORIENTED_EDGE ( 'NONE', *, *, #1736, .T. ) ;
#686 = CARTESIAN_POINT ( 'NONE',  ( 0.05000000000000000278, -19.00000000000000000, 0.000000000000000000 ) ) ;
#687 = DIRECTION ( 'NONE',  ( 0.000000000000000000, 0.000000000000000000, -1.000000000000000000 ) ) ;
#688 = ORIENTED_EDGE ( 'NONE', *, *, #1964, .F. ) ;
#689 = EDGE_LOOP ( 'NONE', ( #650, #2004, #2541, #2594 ) ) ;
#690 = LINE ( 'NONE', #1069, #796 ) ;
#691 = ORIENTED_EDGE ( 'NONE', *, *, #1429, .F. ) ;
#692 = DIRECTION ( 'NONE',  ( 0.000000000000000000, 0.000000000000000000, -1.000000000000000000 ) ) ;
#693 = EDGE_CURVE ( 'NONE', #958, #2161, #883, .T. ) ;
#694 = LINE ( 'NONE', #1492, #2591 ) ;
#695 = EDGE_CURVE ( 'NONE', #2598, #1908, #1493, .T. ) ;
#696 = EDGE_LOOP ( 'NONE', ( #2568, #1428, #2306, #1948 ) ) ;
#697 = DIRECTION ( 'NONE',  ( 0.000000000000000000, 0.000000000000000000, -1.000000000000000000 ) ) ;
#698 = CARTESIAN_POINT ( 'NONE',  ( -14.40000000000000036, 18.19999999999999929, 0.000000000000000000 ) ) ;
#699 = VERTEX_POINT ( 'NONE', #2511 ) ;
#700 = EDGE_LOOP ( 'NONE', ( #1554, #463 ) ) ;
#701 = AXIS2_PLACEMENT_3D ( 'NONE', #723, #1409, #2034 ) ;
#702 = DIRECTION ( 'NONE',  ( 0.000000000000000000, -1.000000000000000000, 0.000000000000000000 ) ) ;
#703 = AXIS2_PLACEMENT_3D ( 'NONE', #2634, #2618, #2465 ) ;
#704 = VECTOR ( 'NONE', #1075, 1000.000000000000000 ) ;
#705 = ORIENTED_EDGE ( 'NONE', *, *, #695, .F. ) ;
#706 = AXIS2_PLACEMENT_3D ( 'NONE', #184, #1816, #155 ) ;
#707 = FACE_BOUND ( 'NONE', #2088, .T. ) ;
#708 = VECTOR ( 'NONE', #2612, 1000.000000000000000 ) ;
#709 = FACE_OUTER_BOUND ( 'NONE', #274, .T. ) ;
#710 = ADVANCED_FACE ( 'NONE', ( #628 ), #2298, .T. ) ;
#711 = VERTEX_POINT ( 'NONE', #1057 ) ;
#712 = CARTESIAN_POINT ( 'NONE',  ( 29.30000000000000071, 20.00000000000000000, 0.000000000000000000 ) ) ;
#713 = CARTESIAN_POINT ( 'NONE',  ( 32.70000000000000284, 20.00000000000000000, 0.000000000000000000 ) ) ;
#714 = ADVANCED_FACE ( 'NONE', ( #13 ), #852, .T. ) ;
#715 = VERTEX_POINT ( 'NONE', #25 ) ;
#716 = LINE ( 'NONE', #506, #1963 ) ;
#717 =( LENGTH_UNIT ( ) NAMED_UNIT ( * ) SI_UNIT ( .MILLI., .METRE. ) );
#718 = ORIENTED_EDGE ( 'NONE', *, *, #2066, .F. ) ;
#719 = DIRECTION ( 'NONE',  ( 1.000000000000000000, 0.000000000000000000, 0.000000000000000000 ) ) ;
#720 = FACE_BOUND ( 'NONE', #153, .T. ) ;
#721 = ORIENTED_EDGE ( 'NONE', *, *, #75, .F. ) ;
#722 = ADVANCED_FACE ( 'NONE', ( #1749 ), #1509, .T. ) ;
#723 = CARTESIAN_POINT ( 'NONE',  ( -18.70000000000000284, -18.00000000000000000, 0.000000000000000000 ) ) ;
#724 = CARTESIAN_POINT ( 'NONE',  ( -28.89999999999999858, 13.50000000000000000, 0.000000000000000000 ) ) ;
#725 = ORIENTED_EDGE ( 'NONE', *, *, #2007, .T. ) ;
#726 = EDGE_CURVE ( 'NONE', #1636, #2074, #2322, .T. ) ;
#727 = VERTEX_POINT ( 'NONE', #2329 ) ;
#728 = LINE ( 'NONE', #1900, #1931 ) ;
#729 = DIRECTION ( 'NONE',  ( 0.000000000000000000, 0.000000000000000000, -1.000000000000000000 ) ) ;
#730 = ORIENTED_EDGE ( 'NONE', *, *, #2152, .F. ) ;
#731 = LINE ( 'NONE', #952, #1010 ) ;
#732 = FACE_BOUND ( 'NONE', #2674, .T. ) ;
#733 = ORIENTED_EDGE ( 'NONE', *, *, #1560, .T. ) ;
#734 = CARTESIAN_POINT ( 'NONE',  ( -27.40000000000000213, 15.50000000000000000, -2.000000000000000000 ) ) ;
#735 = CARTESIAN_POINT ( 'NONE',  ( 29.30000000000000071, 20.00000000000000000, 1.199999999999999956 ) ) ;
#736 = ORIENTED_EDGE ( 'NONE', *, *, #739, .F. ) ;
#737 = LINE ( 'NONE', #1833, #876 ) ;
#738 = CARTESIAN_POINT ( 'NONE',  ( 16.75000000000000000, 18.19999999999999929, 0.000000000000000000 ) ) ;
#739 = EDGE_CURVE ( 'NONE', #987, #860, #500, .T. ) ;
#740 = FACE_OUTER_BOUND ( 'NONE', #550, .T. ) ;
#741 = VERTEX_POINT ( 'NONE', #1711 ) ;
#742 = VECTOR ( 'NONE', #1701, 1000.000000000000000 ) ;
#743 = APPROVAL ( #2039, 'Coincident' ) ;
#744 = AXIS2_PLACEMENT_3D ( 'NONE', #1559, #1090, #2006 ) ;
#745 = FACE_OUTER_BOUND ( 'NONE', #1266, .T. ) ;
#746 = VECTOR ( 'NONE', #1328, 1000.000000000000000 ) ;
#747 = CARTESIAN_POINT ( 'NONE',  ( -27.40000000000000213, 15.50000000000000000, 0.000000000000000000 ) ) ;
#748 = VECTOR ( 'NONE', #499, 1000.000000000000000 ) ;
#749 = VECTOR ( 'NONE', #2258, 1000.000000000000000 ) ;
#750 = VERTEX_POINT ( 'NONE', #1738 ) ;
#751 = CARTESIAN_POINT ( 'NONE',  ( 16.75000000000000000, 18.19999999999999929, 0.000000000000000000 ) ) ;
#752 = FACE_OUTER_BOUND ( 'NONE', #2245, .T. ) ;
#753 = VERTEX_POINT ( 'NONE', #914 ) ;
#754 = CARTESIAN_POINT ( 'NONE',  ( 17.00000000000000000, -13.25000000000000000, 0.000000000000000000 ) ) ;
#755 = DIRECTION ( 'NONE',  ( -1.000000000000000000, 0.000000000000000000, 0.000000000000000000 ) ) ;
#756 = CARTESIAN_POINT ( 'NONE',  ( -14.40000000000000036, 11.15000000000000036, 0.000000000000000000 ) ) ;
#757 = ORIENTED_EDGE ( 'NONE', *, *, #830, .F. ) ;
#758 = EDGE_CURVE ( 'NONE', #2354, #2560, #37, .T. ) ;
#759 = DIRECTION ( 'NONE',  ( 0.000000000000000000, 1.000000000000000000, 0.000000000000000000 ) ) ;
#760 = ADVANCED_FACE ( 'NONE', ( #863 ), #258, .F. ) ;
#761 = CYLINDRICAL_SURFACE ( 'NONE', #88, 1.050000000000000488 ) ;
#762 = ORIENTED_EDGE ( 'NONE', *, *, #2267, .F. ) ;
#763 = CARTESIAN_POINT ( 'NONE',  ( 1.550000000000000044, -18.19999999999999929, -0.5999999999999999778 ) ) ;
#764 = CARTESIAN_POINT ( 'NONE',  ( -29.30000000000000071, -20.00000000000000000, 1.199999999999999956 ) ) ;
#765 = ORIENTED_EDGE ( 'NONE', *, *, #1031, .T. ) ;
#766 = LINE ( 'NONE', #573, #608 ) ;
#767 = LINE ( 'NONE', #989, #749 ) ;
#768 = CALENDAR_DATE ( 2026, 22, 6 ) ;
#769 = EDGE_LOOP ( 'NONE', ( #2548, #43 ) ) ;
#770 = VERTEX_POINT ( 'NONE', #2123 ) ;
#771 = DIRECTION ( 'NONE',  ( -1.000000000000000000, 0.000000000000000000, 0.000000000000000000 ) ) ;
#772 = DIRECTION ( 'NONE',  ( 1.000000000000000000, 0.000000000000000000, 0.000000000000000000 ) ) ;
#773 = EDGE_CURVE ( 'NONE', #2354, #741, #1546, .T. ) ;
#774 = CARTESIAN_POINT ( 'NONE',  ( 17.00000000000000000, -12.20000000000000107, 0.000000000000000000 ) ) ;
#775 = CARTESIAN_POINT ( 'NONE',  ( -14.40000000000000036, -11.15000000000000036, 1.199999999999999956 ) ) ;
#776 = EDGE_CURVE ( 'NONE', #1044, #484, #1943, .T. ) ;
#777 = ORIENTED_EDGE ( 'NONE', *, *, #423, .F. ) ;
#778 = DIRECTION ( 'NONE',  ( 0.000000000000000000, 0.000000000000000000, 1.000000000000000000 ) ) ;
#779 = LINE ( 'NONE', #798, #1581 ) ;
#780 = CALENDAR_DATE ( 2026, 22, 6 ) ;
#781 = ORIENTED_EDGE ( 'NONE', *, *, #444, .T. ) ;
#782 = VECTOR ( 'NONE', #2495, 1000.000000000000000 ) ;
#783 = CARTESIAN_POINT ( 'NONE',  ( 34.70000000000000284, 20.00000000000000000, 1.199999999999999956 ) ) ;
#784 = VECTOR ( 'NONE', #2187, 1000.000000000000000 ) ;
#785 = DIRECTION ( 'NONE',  ( 0.000000000000000000, 1.000000000000000000, 0.000000000000000000 ) ) ;
#786 = VECTOR ( 'NONE', #1708, 1000.000000000000000 ) ;
#787 = CARTESIAN_POINT ( 'NONE',  ( -4.450000000000000178, 18.19999999999999929, 0.000000000000000000 ) ) ;
#788 = AXIS2_PLACEMENT_3D ( 'NONE', #698, #1512, #80 ) ;
#789 = CARTESIAN_POINT ( 'NONE',  ( -5.950000000000000178, -19.00000000000000000, 0.000000000000000000 ) ) ;
#790 = CIRCLE ( 'NONE', #619, 0.2500000000000002220 ) ;
#791 = EDGE_CURVE ( 'NONE', #2028, #260, #1913, .T. ) ;
#792 = CARTESIAN_POINT ( 'NONE',  ( -28.89999999999999858, 13.50000000000000000, -2.000000000000000000 ) ) ;
#793 = VECTOR ( 'NONE', #1024, 1000.000000000000000 ) ;
#794 = VERTEX_POINT ( 'NONE', #904 ) ;
#795 = CARTESIAN_POINT ( 'NONE',  ( -14.14999999999999858, -18.19999999999999929, 0.000000000000000000 ) ) ;
#796 = VECTOR ( 'NONE', #2573, 1000.000000000000000 ) ;
#797 = CC_DESIGN_PERSON_AND_ORGANIZATION_ASSIGNMENT ( #1606, #371, ( #530 ) ) ;
#798 = CARTESIAN_POINT ( 'NONE',  ( -5.950000000000000178, -18.19999999999999929, 0.000000000000000000 ) ) ;
#799 = APPLICATION_PROTOCOL_DEFINITION ( 'international standard', 'config_control_design', 1994, #1390 ) ;
#800 = VERTEX_POINT ( 'NONE', #2589 ) ;
#801 = ORIENTED_EDGE ( 'NONE', *, *, #1485, .T. ) ;
#802 = FACE_OUTER_BOUND ( 'NONE', #1255, .T. ) ;
#803 = CARTESIAN_POINT ( 'NONE',  ( 29.30000000000000071, -20.00000000000000000, 1.199999999999999956 ) ) ;
#804 = LINE ( 'NONE', #419, #2365 ) ;
#805 = CARTESIAN_POINT ( 'NONE',  ( 29.30000000000000071, -20.00000000000000000, 0.000000000000000000 ) ) ;
#806 = DIRECTION ( 'NONE',  ( 0.000000000000000000, -1.000000000000000000, 0.000000000000000000 ) ) ;
#807 = ORIENTED_EDGE ( 'NONE', *, *, #981, .F. ) ;
#808 = LINE ( 'NONE', #1875, #2361 ) ;
#809 = CARTESIAN_POINT ( 'NONE',  ( 17.00000000000000000, -11.15000000000000036, 1.199999999999999956 ) ) ;
#810 = ADVANCED_FACE ( 'NONE', ( #709 ), #684, .T. ) ;
#811 = DATE_TIME_ROLE ( 'classification_date' ) ;
#812 = ORIENTED_EDGE ( 'NONE', *, *, #458, .F. ) ;
#813 = ORIENTED_EDGE ( 'NONE', *, *, #1050, .F. ) ;
#814 = EDGE_CURVE ( 'NONE', #1, #2098, #1229, .T. ) ;
#815 = CARTESIAN_POINT ( 'NONE',  ( 6.049999999999999822, 18.19999999999999929, 0.000000000000000000 ) ) ;
#816 = ORIENTED_EDGE ( 'NONE', *, *, #851, .T. ) ;
#817 = DIRECTION ( 'NONE',  ( 0.000000000000000000, 0.000000000000000000, -1.000000000000000000 ) ) ;
#818 = CARTESIAN_POINT ( 'NONE',  ( -34.70000000000000284, -20.00000000000000000, 1.199999999999999956 ) ) ;
#819 = DIRECTION ( 'NONE',  ( 0.000000000000000000, -1.000000000000000000, 0.000000000000000000 ) ) ;
#820 = CARTESIAN_POINT ( 'NONE',  ( 7.550000000000000711, -19.00000000000000000, 0.000000000000000000 ) ) ;
#821 = ORIENTED_EDGE ( 'NONE', *, *, #1549, .T. ) ;
#822 = DIRECTION ( 'NONE',  ( 0.000000000000000000, 0.000000000000000000, -1.000000000000000000 ) ) ;
#823 = DIRECTION ( 'NONE',  ( 0.000000000000000000, 0.000000000000000000, 1.000000000000000000 ) ) ;
#824 = ORIENTED_EDGE ( 'NONE', *, *, #359, .F. ) ;
#825 = VERTEX_POINT ( 'NONE', #2341 ) ;
#826 = EDGE_CURVE ( 'NONE', #380, #1294, #472, .T. ) ;
#827 = DIRECTION ( 'NONE',  ( 1.000000000000000000, 0.000000000000000000, 0.000000000000000000 ) ) ;
#828 = ORIENTED_EDGE ( 'NONE', *, *, #2421, .T. ) ;
#829 = CARTESIAN_POINT ( 'NONE',  ( -5.950000000000000178, -18.19999999999999929, 0.000000000000000000 ) ) ;
#830 = EDGE_CURVE ( 'NONE', #2083, #1739, #694, .T. ) ;
#831 = CARTESIAN_POINT ( 'NONE',  ( 34.70000000000000284, 20.00000000000000000, 0.000000000000000000 ) ) ;
#832 = VECTOR ( 'NONE', #1822, 1000.000000000000000 ) ;
#833 = FACE_OUTER_BOUND ( 'NONE', #2630, .T. ) ;
#834 = PLANE ( 'NONE',  #394 ) ;
#835 = VECTOR ( 'NONE', #2355, 1000.000000000000000 ) ;
#836 = VECTOR ( 'NONE', #170, 1000.000000000000000 ) ;
#837 = VECTOR ( 'NONE', #1624, 1000.000000000000000 ) ;
#838 = EDGE_LOOP ( 'NONE', ( #1035, #2441, #2423, #1222 ) ) ;
#839 = DIRECTION ( 'NONE',  ( 0.000000000000000000, 0.000000000000000000, -1.000000000000000000 ) ) ;
#840 = LINE ( 'NONE', #598, #2051 ) ;
#841 = AXIS2_PLACEMENT_3D ( 'NONE', #2223, #2262, #590 ) ;
#842 = AXIS2_PLACEMENT_3D ( 'NONE', #2453, #2661, #2416 ) ;
#843 = EDGE_LOOP ( 'NONE', ( #1679, #821, #1365, #49 ) ) ;
#844 = CC_DESIGN_APPROVAL ( #743, ( #1199 ) ) ;
#845 = ORIENTED_EDGE ( 'NONE', *, *, #504, .T. ) ;
#846 = LINE ( 'NONE', #1093, #1067 ) ;
#847 = EDGE_CURVE ( 'NONE', #2389, #1049, #1929, .T. ) ;
#848 = ORIENTED_EDGE ( 'NONE', *, *, #470, .T. ) ;
#849 = DIRECTION ( 'NONE',  ( 0.000000000000000000, 0.000000000000000000, 1.000000000000000000 ) ) ;
#850 = CARTESIAN_POINT ( 'NONE',  ( -36.00000000000000000, -20.00000000000000000, 0.000000000000000000 ) ) ;
#851 = EDGE_CURVE ( 'NONE', #1238, #958, #1727, .T. ) ;
#852 = PLANE ( 'NONE',  #968 ) ;
#853 = CARTESIAN_POINT ( 'NONE',  ( 1.550000000000000044, 19.00000000000000000, -0.5999999999999999778 ) ) ;
#854 = ORIENTED_EDGE ( 'NONE', *, *, #1649, .F. ) ;
#855 = CARTESIAN_POINT ( 'NONE',  ( 7.550000000000000711, -19.00000000000000000, -0.5999999999999999778 ) ) ;
#856 = DIRECTION ( 'NONE',  ( 0.000000000000000000, 0.000000000000000000, 1.000000000000000000 ) ) ;
#857 = VERTEX_POINT ( 'NONE', #2160 ) ;
#858 = ORIENTED_EDGE ( 'NONE', *, *, #2084, .T. ) ;
#859 = DIRECTION ( 'NONE',  ( 0.000000000000000000, 0.000000000000000000, 1.000000000000000000 ) ) ;
#860 = VERTEX_POINT ( 'NONE', #284 ) ;
#861 = CARTESIAN_POINT ( 'NONE',  ( 21.50000000000000000, 18.00000000000000000, 0.000000000000000000 ) ) ;
#862 = DIRECTION ( 'NONE',  ( 0.000000000000000000, 1.000000000000000000, 0.000000000000000000 ) ) ;
#863 = FACE_OUTER_BOUND ( 'NONE', #1146, .T. ) ;
#864 = EDGE_CURVE ( 'NONE', #1855, #578, #1954, .T. ) ;
#865 = ORIENTED_EDGE ( 'NONE', *, *, #2119, .F. ) ;
#866 = DIRECTION ( 'NONE',  ( 0.000000000000000000, 1.000000000000000000, 0.000000000000000000 ) ) ;
#867 = DIRECTION ( 'NONE',  ( 1.000000000000000000, 0.000000000000000000, 0.000000000000000000 ) ) ;
#868 = ADVANCED_FACE ( 'NONE', ( #1370 ), #2183, .T. ) ;
#869 = ORIENTED_EDGE ( 'NONE', *, *, #776, .F. ) ;
#870 = VERTEX_POINT ( 'NONE', #335 ) ;
#871 = FACE_OUTER_BOUND ( 'NONE', #2537, .T. ) ;
#872 = ORIENTED_EDGE ( 'NONE', *, *, #2606, .T. ) ;
#873 = DIRECTION ( 'NONE',  ( -1.000000000000000000, 0.000000000000000000, 0.000000000000000000 ) ) ;
#874 = DIRECTION ( 'NONE',  ( 0.000000000000000000, -1.000000000000000000, 0.000000000000000000 ) ) ;
#875 = CARTESIAN_POINT ( 'NONE',  ( 6.049999999999999822, -18.19999999999999929, 0.000000000000000000 ) ) ;
#876 = VECTOR ( 'NONE', #1194, 1000.000000000000000 ) ;
#877 = VERTEX_POINT ( 'NONE', #1150 ) ;
#878 = ADVANCED_FACE ( 'NONE', ( #2615 ), #1187, .T. ) ;
#879 = DIRECTION ( 'NONE',  ( -0.000000000000000000, 1.000000000000000000, 0.000000000000000000 ) ) ;
#880 = VECTOR ( 'NONE', #2216, 1000.000000000000000 ) ;
#881 = DIRECTION ( 'NONE',  ( 0.000000000000000000, 0.000000000000000000, -1.000000000000000000 ) ) ;
#882 = VECTOR ( 'NONE', #1571, 1000.000000000000000 ) ;
#883 = CIRCLE ( 'NONE', #1105, 3.449999999999999734 ) ;
#884 = ORIENTED_EDGE ( 'NONE', *, *, #1898, .F. ) ;
#885 = CC_DESIGN_PERSON_AND_ORGANIZATION_ASSIGNMENT ( #1002, #2662, ( #1199 ) ) ;
#886 = ORIENTED_EDGE ( 'NONE', *, *, #2014, .F. ) ;
#887 = AXIS2_PLACEMENT_3D ( 'NONE', #683, #2390, #511 ) ;
#888 = VECTOR ( 'NONE', #1783, 1000.000000000000000 ) ;
#889 = FACE_OUTER_BOUND ( 'NONE', #1793, .T. ) ;
#890 = VERTEX_POINT ( 'NONE', #541 ) ;
#891 = CARTESIAN_POINT ( 'NONE',  ( 34.70000000000000284, -20.00000000000000000, 0.000000000000000000 ) ) ;
#892 = DIRECTION ( 'NONE',  ( 1.000000000000000000, 0.000000000000000000, 0.000000000000000000 ) ) ;
#893 = DIRECTION ( 'NONE',  ( 1.000000000000000000, 0.000000000000000000, 0.000000000000000000 ) ) ;
#894 = ORIENTED_EDGE ( 'NONE', *, *, #1533, .F. ) ;
#895 = LINE ( 'NONE', #39, #742 ) ;
#896 = CARTESIAN_POINT ( 'NONE',  ( -5.950000000000000178, 18.19999999999999929, 0.000000000000000000 ) ) ;
#897 = ORIENTED_EDGE ( 'NONE', *, *, #342, .F. ) ;
#898 = VERTEX_POINT ( 'NONE', #1806 ) ;
#899 = ADVANCED_FACE ( 'NONE', ( #1776, #146, #732, #1586, #2021, #2603, #2404, #1136, #2644, #1965, #983, #1568, #2655, #720, #2628, #1979, #310, #2422, #526 ), #117, .F. ) ;
#900 = CARTESIAN_POINT ( 'NONE',  ( -4.450000000000000178, 18.19999999999999929, 0.000000000000000000 ) ) ;
#901 = ORIENTED_EDGE ( 'NONE', *, *, #667, .F. ) ;
#902 = EDGE_CURVE ( 'NONE', #2185, #2161, #105, .T. ) ;
#903 = CARTESIAN_POINT ( 'NONE',  ( -34.70000000000000284, -20.00000000000000000, 0.000000000000000000 ) ) ;
#904 = CARTESIAN_POINT ( 'NONE',  ( 29.30000000000000071, 20.00000000000000000, 0.000000000000000000 ) ) ;
#905 = ORIENTED_EDGE ( 'NONE', *, *, #2586, .T. ) ;
#906 = CARTESIAN_POINT ( 'NONE',  ( 1.550000000000000044, 18.19999999999999929, 0.000000000000000000 ) ) ;
#907 = LINE ( 'NONE', #97, #311 ) ;
#908 = ORIENTED_EDGE ( 'NONE', *, *, #2230, .F. ) ;
#909 = ORIENTED_EDGE ( 'NONE', *, *, #2619, .F. ) ;
#910 = EDGE_LOOP ( 'NONE', ( #208, #2, #1878, #2166 ) ) ;
#911 = EDGE_CURVE ( 'NONE', #2161, #958, #1319, .T. ) ;
#912 = DIRECTION ( 'NONE',  ( -1.000000000000000000, 0.000000000000000000, 0.000000000000000000 ) ) ;
#913 = ADVANCED_FACE ( 'NONE', ( #512 ), #930, .T. ) ;
#914 = CARTESIAN_POINT ( 'NONE',  ( 0.05000000000000000278, 19.00000000000000000, 0.000000000000000000 ) ) ;
#915 = EDGE_LOOP ( 'NONE', ( #1048, #1904 ) ) ;
#916 = DIRECTION ( 'NONE',  ( 0.000000000000000000, -1.000000000000000000, 0.000000000000000000 ) ) ;
#917 = CARTESIAN_POINT ( 'NONE',  ( 32.70000000000000284, 20.00000000000000000, 1.199999999999999956 ) ) ;
#918 = AXIS2_PLACEMENT_3D ( 'NONE', #1631, #341, #1357 ) ;
#919 = VECTOR ( 'NONE', #866, 1000.000000000000000 ) ;
#920 = ORIENTED_EDGE ( 'NONE', *, *, #1751, .F. ) ;
#921 = CARTESIAN_POINT ( 'NONE',  ( 22.50000000000000000, 18.00000000000000000, 0.000000000000000000 ) ) ;
#922 = AXIS2_PLACEMENT_3D ( 'NONE', #1271, #651, #518 ) ;
#923 = AXIS2_PLACEMENT_3D ( 'NONE', #1685, #2266, #215 ) ;
#924 = CIRCLE ( 'NONE', #271, 0.2500000000000002220 ) ;
#925 = EDGE_LOOP ( 'NONE', ( #1629, #705 ) ) ;
#926 = AXIS2_PLACEMENT_3D ( 'NONE', #2121, #1124, #862 ) ;
#927 = ADVANCED_FACE ( 'NONE', ( #2003 ), #761, .F. ) ;
#928 = PLANE ( 'NONE',  #485 ) ;
#929 = LOCAL_TIME ( 18, 49, 42.00000000000000000, #2235 ) ;
#930 = PLANE ( 'NONE',  #1754 ) ;
#931 = EDGE_CURVE ( 'NONE', #800, #314, #2449, .T. ) ;
#932 = ORIENTED_EDGE ( 'NONE', *, *, #522, .T. ) ;
#933 = DIRECTION ( 'NONE',  ( 0.000000000000000000, 1.000000000000000000, 0.000000000000000000 ) ) ;
#934 = CARTESIAN_POINT ( 'NONE',  ( -32.70000000000000284, -20.00000000000000000, 0.000000000000000000 ) ) ;
#935 = ORIENTED_EDGE ( 'NONE', *, *, #1014, .T. ) ;
#936 = ORIENTED_EDGE ( 'NONE', *, *, #1736, .F. ) ;
#937 = DIRECTION ( 'NONE',  ( 0.000000000000000000, 1.000000000000000000, 0.000000000000000000 ) ) ;
#938 = DIRECTION ( 'NONE',  ( 0.000000000000000000, -1.000000000000000000, 0.000000000000000000 ) ) ;
#939 = ORIENTED_EDGE ( 'NONE', *, *, #587, .F. ) ;
#940 = CARTESIAN_POINT ( 'NONE',  ( 6.049999999999999822, 19.00000000000000000, -0.5999999999999999778 ) ) ;
#941 = DIRECTION ( 'NONE',  ( 0.000000000000000000, 1.000000000000000000, 0.000000000000000000 ) ) ;
#942 = ORIENTED_EDGE ( 'NONE', *, *, #1399, .F. ) ;
#943 = DIRECTION ( 'NONE',  ( 0.000000000000000000, 0.000000000000000000, -1.000000000000000000 ) ) ;
#944 = ADVANCED_FACE ( 'NONE', ( #2432 ), #1392, .F. ) ;
#945 = LINE ( 'NONE', #735, #1928 ) ;
#946 = EDGE_LOOP ( 'NONE', ( #1250, #1525, #1522, #801 ) ) ;
#947 = DIRECTION ( 'NONE',  ( 1.000000000000000000, 0.000000000000000000, 0.000000000000000000 ) ) ;
#948 = EDGE_CURVE ( 'NONE', #2060, #1044, #90, .T. ) ;
#949 = CARTESIAN_POINT ( 'NONE',  ( 0.05000000000000000278, -18.19999999999999929, 0.000000000000000000 ) ) ;
#950 = CYLINDRICAL_SURFACE ( 'NONE', #232, 1.050000000000000488 ) ;
#951 = ORIENTED_EDGE ( 'NONE', *, *, #2561, .F. ) ;
#952 = CARTESIAN_POINT ( 'NONE',  ( 0.05000000000000000278, -18.19999999999999929, 0.000000000000000000 ) ) ;
#953 = DIRECTION ( 'NONE',  ( 1.000000000000000000, 0.000000000000000000, 0.000000000000000000 ) ) ;
#954 = EDGE_LOOP ( 'NONE', ( #1141, #869, #2024, #2154 ) ) ;
#955 = PLANE ( 'NONE',  #657 ) ;
#956 = LINE ( 'NONE', #1410, #1796 ) ;
#957 = EDGE_CURVE ( 'NONE', #181, #1752, #1213, .T. ) ;
#958 = VERTEX_POINT ( 'NONE', #1870 ) ;
#959 = DIRECTION ( 'NONE',  ( -1.000000000000000000, 0.000000000000000000, 0.000000000000000000 ) ) ;
#960 = FACE_OUTER_BOUND ( 'NONE', #2079, .T. ) ;
#961 = EDGE_CURVE ( 'NONE', #727, #2530, #2031, .T. ) ;
#962 = CARTESIAN_POINT ( 'NONE',  ( 32.70000000000000284, -19.19999999999999929, 1.199999999999999956 ) ) ;
#963 = ORIENTED_EDGE ( 'NONE', *, *, #2336, .T. ) ;
#964 = CIRCLE ( 'NONE', #2228, 1.050000000000000488 ) ;
#965 = VECTOR ( 'NONE', #2570, 1000.000000000000000 ) ;
#966 = EDGE_CURVE ( 'NONE', #637, #99, #1275, .T. ) ;
#967 = DIRECTION ( 'NONE',  ( 0.000000000000000000, 0.000000000000000000, 1.000000000000000000 ) ) ;
#968 = AXIS2_PLACEMENT_3D ( 'NONE', #875, #1521, #1531 ) ;
#969 = DIRECTION ( 'NONE',  ( 0.000000000000000000, 0.000000000000000000, -1.000000000000000000 ) ) ;
#970 = AXIS2_PLACEMENT_3D ( 'NONE', #2503, #2294, #2461 ) ;
#971 = AXIS2_PLACEMENT_3D ( 'NONE', #1906, #2527, #453 ) ;
#972 = AXIS2_PLACEMENT_3D ( 'NONE', #2015, #979, #560 ) ;
#973 = EDGE_LOOP ( 'NONE', ( #118, #576, #1321, #1025 ) ) ;
#974 = DIRECTION ( 'NONE',  ( 0.000000000000000000, 0.000000000000000000, 1.000000000000000000 ) ) ;
#975 = DIRECTION ( 'NONE',  ( 0.000000000000000000, 0.000000000000000000, -1.000000000000000000 ) ) ;
#976 = VERTEX_POINT ( 'NONE', #2075 ) ;
#977 = DIRECTION ( 'NONE',  ( 0.000000000000000000, 0.000000000000000000, -1.000000000000000000 ) ) ;
#978 = DIRECTION ( 'NONE',  ( 0.000000000000000000, 0.000000000000000000, -1.000000000000000000 ) ) ;
#979 = DIRECTION ( 'NONE',  ( 0.000000000000000000, 0.000000000000000000, 1.000000000000000000 ) ) ;
#980 = EDGE_LOOP ( 'NONE', ( #2581, #1513, #223, #1107 ) ) ;
#981 = EDGE_CURVE ( 'NONE', #64, #1853, #1448, .T. ) ;
#982 = LINE ( 'NONE', #2664, #313 ) ;
#983 = FACE_BOUND ( 'NONE', #230, .T. ) ;
#984 = EDGE_CURVE ( 'NONE', #236, #255, #1053, .T. ) ;
#985 = LINE ( 'NONE', #2445, #880 ) ;
#986 = DIRECTION ( 'NONE',  ( -1.000000000000000000, 0.000000000000000000, 0.000000000000000000 ) ) ;
#987 = VERTEX_POINT ( 'NONE', #803 ) ;
#988 = CARTESIAN_POINT ( 'NONE',  ( 32.70000000000000284, -19.19999999999999929, 0.000000000000000000 ) ) ;
#989 = CARTESIAN_POINT ( 'NONE',  ( 22.50000000000000000, 18.00000000000000000, 0.000000000000000000 ) ) ;
#990 = PERSON_AND_ORGANIZATION ( #18446744073709551615, #18446744073709551615 ) ;
#991 = ORIENTED_EDGE ( 'NONE', *, *, #553, .F. ) ;
#992 = DIRECTION ( 'NONE',  ( 0.000000000000000000, 1.000000000000000000, 0.000000000000000000 ) ) ;
#993 = ADVANCED_FACE ( 'NONE', ( #186 ), #200, .T. ) ;
#994 = DIRECTION ( 'NONE',  ( 0.000000000000000000, -1.000000000000000000, 0.000000000000000000 ) ) ;
#995 = DIRECTION ( 'NONE',  ( 0.000000000000000000, 0.000000000000000000, 1.000000000000000000 ) ) ;
#996 = EDGE_CURVE ( 'NONE', #218, #18, #1405, .T. ) ;
#997 = CARTESIAN_POINT ( 'NONE',  ( -5.950000000000000178, 18.19999999999999929, -0.5999999999999999778 ) ) ;
#998 = CARTESIAN_POINT ( 'NONE',  ( 7.550000000000000711, -19.00000000000000000, 0.000000000000000000 ) ) ;
#999 = ORIENTED_EDGE ( 'NONE', *, *, #2201, .F. ) ;
#1000 = CYLINDRICAL_SURFACE ( 'NONE', #302, 0.2500000000000002220 ) ;
#1001 = CARTESIAN_POINT ( 'NONE',  ( -27.40000000000000213, 13.50000000000000000, -2.000000000000000000 ) ) ;
#1002 = PERSON_AND_ORGANIZATION ( #18446744073709551615, #18446744073709551615 ) ;
#1003 = EDGE_LOOP ( 'NONE', ( #2348, #164, #2710, #95 ) ) ;
#1004 = FACE_OUTER_BOUND ( 'NONE', #677, .T. ) ;
#1005 = VECTOR ( 'NONE', #2424, 1000.000000000000000 ) ;
#1006 = CARTESIAN_POINT ( 'NONE',  ( -29.30000000000000071, 20.00000000000000000, 0.000000000000000000 ) ) ;
#1007 = CIRCLE ( 'NONE', #2277, 0.2500000000000002220 ) ;
#1008 = VECTOR ( 'NONE', #1683, 1000.000000000000000 ) ;
#1009 = LINE ( 'NONE', #581, #1885 ) ;
#1010 = VECTOR ( 'NONE', #1186, 1000.000000000000000 ) ;
#1011 = CARTESIAN_POINT ( 'NONE',  ( 17.00000000000000000, -12.20000000000000107, 0.000000000000000000 ) ) ;
#1012 = VECTOR ( 'NONE', #856, 1000.000000000000000 ) ;
#1013 = CARTESIAN_POINT ( 'NONE',  ( -4.450000000000000178, -18.19999999999999929, 0.000000000000000000 ) ) ;
#1014 = EDGE_CURVE ( 'NONE', #1378, #1766, #565, .T. ) ;
#1015 = VECTOR ( 'NONE', #2212, 1000.000000000000000 ) ;
#1016 = ORIENTED_EDGE ( 'NONE', *, *, #2436, .T. ) ;
#1017 = LINE ( 'NONE', #616, #2583 ) ;
#1018 = APPROVAL_PERSON_ORGANIZATION ( #2456, #2656, #1426 ) ;
#1019 = CARTESIAN_POINT ( 'NONE',  ( 17.00000000000000000, 13.25000000000000000, 1.199999999999999956 ) ) ;
#1020 = EDGE_CURVE ( 'NONE', #260, #898, #2507, .T. ) ;
#1021 = SECURITY_CLASSIFICATION_LEVEL ( 'unclassified' ) ;
#1022 = ORIENTED_EDGE ( 'NONE', *, *, #210, .T. ) ;
#1023 = ORIENTED_EDGE ( 'NONE', *, *, #540, .F. ) ;
#1024 = DIRECTION ( 'NONE',  ( 0.000000000000000000, -1.000000000000000000, 0.000000000000000000 ) ) ;
#1025 = ORIENTED_EDGE ( 'NONE', *, *, #279, .T. ) ;
#1026 = CARTESIAN_POINT ( 'NONE',  ( -14.40000000000000036, 13.25000000000000000, 0.000000000000000000 ) ) ;
#1027 = CARTESIAN_POINT ( 'NONE',  ( -14.40000000000000036, 11.15000000000000036, 1.199999999999999956 ) ) ;
#1028 = CARTESIAN_POINT ( 'NONE',  ( 17.00000000000000000, 12.20000000000000107, 0.000000000000000000 ) ) ;
#1029 = CARTESIAN_POINT ( 'NONE',  ( 29.30000000000000071, 20.00000000000000000, 1.199999999999999956 ) ) ;
#1030 = ORIENTED_EDGE ( 'NONE', *, *, #167, .F. ) ;
#1031 = EDGE_CURVE ( 'NONE', #1853, #877, #1856, .T. ) ;
#1032 = CARTESIAN_POINT ( 'NONE',  ( -28.89999999999999858, -14.50000000000000000, 0.000000000000000000 ) ) ;
#1033 = DIRECTION ( 'NONE',  ( 0.000000000000000000, 0.000000000000000000, 1.000000000000000000 ) ) ;
#1034 = APPROVAL_STATUS ( 'not_yet_approved' ) ;
#1035 = ORIENTED_EDGE ( 'NONE', *, *, #2452, .T. ) ;
#1036 = APPROVAL ( #1034, 'Coincident' ) ;
#1037 = EDGE_LOOP ( 'NONE', ( #1786, #2124, #663, #2103 ) ) ;
#1038 = FACE_OUTER_BOUND ( 'NONE', #1932, .T. ) ;
#1039 = VERTEX_POINT ( 'NONE', #1006 ) ;
#1040 = CARTESIAN_POINT ( 'NONE',  ( -28.89999999999999858, 15.50000000000000000, -2.000000000000000000 ) ) ;
#1041 = CARTESIAN_POINT ( 'NONE',  ( -32.70000000000000284, 19.19999999999999929, 0.000000000000000000 ) ) ;
#1042 = DIRECTION ( 'NONE',  ( 0.000000000000000000, 1.000000000000000000, 0.000000000000000000 ) ) ;
#1043 = DIRECTION ( 'NONE',  ( 0.000000000000000000, -1.000000000000000000, 0.000000000000000000 ) ) ;
#1044 = VERTEX_POINT ( 'NONE', #364 ) ;
#1045 = CARTESIAN_POINT ( 'NONE',  ( 20.50000000000000000, 18.00000000000000000, 1.199999999999999956 ) ) ;
#1046 = DIRECTION ( 'NONE',  ( -0.000000000000000000, 1.000000000000000000, 0.000000000000000000 ) ) ;
#1047 = EDGE_CURVE ( 'NONE', #857, #2028, #2283, .T. ) ;
#1048 = ORIENTED_EDGE ( 'NONE', *, *, #242, .T. ) ;
#1049 = VERTEX_POINT ( 'NONE', #2296 ) ;
#1050 = EDGE_CURVE ( 'NONE', #78, #715, #1841, .T. ) ;
#1051 = CARTESIAN_POINT ( 'NONE',  ( -14.40000000000000036, 12.20000000000000107, 0.000000000000000000 ) ) ;
#1052 = ORIENTED_EDGE ( 'NONE', *, *, #26, .T. ) ;
#1053 = LINE ( 'NONE', #1026, #2673 ) ;
#1054 = VECTOR ( 'NONE', #2094, 1000.000000000000000 ) ;
#1055 = CARTESIAN_POINT ( 'NONE',  ( -14.40000000000000036, -18.19999999999999929, 0.000000000000000000 ) ) ;
#1056 = VECTOR ( 'NONE', #2414, 1000.000000000000000 ) ;
#1057 = CARTESIAN_POINT ( 'NONE',  ( 0.05000000000000000278, -19.00000000000000000, -0.5999999999999999778 ) ) ;
#1058 = DIRECTION ( 'NONE',  ( 0.000000000000000000, 0.000000000000000000, -1.000000000000000000 ) ) ;
#1059 = AXIS2_PLACEMENT_3D ( 'NONE', #2286, #2478, #2077 ) ;
#1060 = VECTOR ( 'NONE', #881, 1000.000000000000000 ) ;
#1061 = AXIS2_PLACEMENT_3D ( 'NONE', #747, #1991, #941 ) ;
#1062 = EDGE_LOOP ( 'NONE', ( #1705, #2681, #1676, #615 ) ) ;
#1063 = PLANE ( 'NONE',  #2629 ) ;
#1064 = DIRECTION ( 'NONE',  ( 0.000000000000000000, 0.000000000000000000, -1.000000000000000000 ) ) ;
#1065 = VECTOR ( 'NONE', #1490, 1000.000000000000000 ) ;
#1066 = ORIENTED_EDGE ( 'NONE', *, *, #2248, .F. ) ;
#1067 = VECTOR ( 'NONE', #1081, 1000.000000000000000 ) ;
#1068 = VERTEX_POINT ( 'NONE', #1666 ) ;
#1069 = CARTESIAN_POINT ( 'NONE',  ( 0.05000000000000000278, -18.19999999999999929, -0.5999999999999999778 ) ) ;
#1070 = ORIENTED_EDGE ( 'NONE', *, *, #966, .T. ) ;
#1071 = EDGE_CURVE ( 'NONE', #2430, #1707, #625, .T. ) ;
#1072 = DIRECTION ( 'NONE',  ( 0.000000000000000000, 1.000000000000000000, 0.000000000000000000 ) ) ;
#1073 = CARTESIAN_POINT ( 'NONE',  ( 7.550000000000000711, -19.00000000000000000, 0.000000000000000000 ) ) ;
#1074 = ADVANCED_FACE ( 'NONE', ( #1638 ), #1419, .F. ) ;
#1075 = DIRECTION ( 'NONE',  ( 0.000000000000000000, -1.000000000000000000, 0.000000000000000000 ) ) ;
#1076 = ORIENTED_EDGE ( 'NONE', *, *, #726, .T. ) ;
#1077 = FACE_OUTER_BOUND ( 'NONE', #1502, .T. ) ;
#1078 = FACE_OUTER_BOUND ( 'NONE', #144, .T. ) ;
#1079 = ORIENTED_EDGE ( 'NONE', *, *, #1611, .T. ) ;
#1080 = ORIENTED_EDGE ( 'NONE', *, *, #1385, .F. ) ;
#1081 = DIRECTION ( 'NONE',  ( 0.000000000000000000, 0.000000000000000000, 1.000000000000000000 ) ) ;
#1082 = ORIENTED_EDGE ( 'NONE', *, *, #1684, .F. ) ;
#1083 = FACE_OUTER_BOUND ( 'NONE', #1832, .T. ) ;
#1084 = EDGE_CURVE ( 'NONE', #325, #1766, #592, .T. ) ;
#1085 = LINE ( 'NONE', #1073, #2502 ) ;
#1086 = CARTESIAN_POINT ( 'NONE',  ( 29.30000000000000071, -20.00000000000000000, 1.199999999999999956 ) ) ;
#1087 = ADVANCED_FACE ( 'NONE', ( #2061 ), #2265, .T. ) ;
#1088 = VERTEX_POINT ( 'NONE', #1227 ) ;
#1089 = CARTESIAN_POINT ( 'NONE',  ( -5.950000000000000178, 19.00000000000000000, 0.000000000000000000 ) ) ;
#1090 = DIRECTION ( 'NONE',  ( 0.000000000000000000, 0.000000000000000000, -1.000000000000000000 ) ) ;
#1091 = ORIENTED_EDGE ( 'NONE', *, *, #1151, .F. ) ;
#1092 = ORIENTED_EDGE ( 'NONE', *, *, #1014, .F. ) ;
#1093 = CARTESIAN_POINT ( 'NONE',  ( -17.69999999999999929, -18.00000000000000000, 0.000000000000000000 ) ) ;
#1094 = ORIENTED_EDGE ( 'NONE', *, *, #695, .T. ) ;
#1095 = LINE ( 'NONE', #1157, #1323 ) ;
#1096 = DIRECTION ( 'NONE',  ( 0.000000000000000000, 0.000000000000000000, -1.000000000000000000 ) ) ;
#1097 = DIRECTION ( 'NONE',  ( 0.000000000000000000, -1.000000000000000000, 0.000000000000000000 ) ) ;
#1098 = VECTOR ( 'NONE', #435, 1000.000000000000000 ) ;
#1099 = ORIENTED_EDGE ( 'NONE', *, *, #2693, .T. ) ;
#1100 = LINE ( 'NONE', #2162, #2184 ) ;
#1101 = AXIS2_PLACEMENT_3D ( 'NONE', #1089, #879, #1304 ) ;
#1102 = ADVANCED_FACE ( 'NONE', ( #2697 ), #1911, .F. ) ;
#1103 = DIRECTION ( 'NONE',  ( 0.000000000000000000, 0.000000000000000000, 1.000000000000000000 ) ) ;
#1104 = VECTOR ( 'NONE', #2255, 1000.000000000000000 ) ;
#1105 = AXIS2_PLACEMENT_3D ( 'NONE', #1627, #1233, #2713 ) ;
#1106 = ORIENTED_EDGE ( 'NONE', *, *, #461, .T. ) ;
#1107 = ORIENTED_EDGE ( 'NONE', *, *, #1196, .T. ) ;
#1108 = VECTOR ( 'NONE', #2280, 1000.000000000000000 ) ;
#1109 = ADVANCED_FACE ( 'NONE', ( #1083 ), #2549, .F. ) ;
#1110 = AXIS2_PLACEMENT_3D ( 'NONE', #1795, #574, #1414 ) ;
#1111 = CARTESIAN_POINT ( 'NONE',  ( 17.25000000000000000, -18.19999999999999929, 0.000000000000000000 ) ) ;
#1112 = VERTEX_POINT ( 'NONE', #2324 ) ;
#1113 = DIRECTION ( 'NONE',  ( 1.000000000000000000, 0.000000000000000000, 0.000000000000000000 ) ) ;
#1114 = DIRECTION ( 'NONE',  ( 1.000000000000000000, 0.000000000000000000, 0.000000000000000000 ) ) ;
#1115 = ORIENTED_EDGE ( 'NONE', *, *, #438, .F. ) ;
#1116 = CARTESIAN_POINT ( 'NONE',  ( 0.05000000000000000278, 18.19999999999999929, 0.000000000000000000 ) ) ;
#1117 = CYLINDRICAL_SURFACE ( 'NONE', #788, 0.2500000000000002220 ) ;
#1118 = EDGE_CURVE ( 'NONE', #1039, #1306, #1518, .T. ) ;
#1119 = EDGE_LOOP ( 'NONE', ( #1789, #1974, #1389, #510 ) ) ;
#1120 = ORIENTED_EDGE ( 'NONE', *, *, #207, .F. ) ;
#1121 = EDGE_CURVE ( 'NONE', #484, #1468, #1563, .T. ) ;
#1122 = DIRECTION ( 'NONE',  ( 0.000000000000000000, 0.000000000000000000, 1.000000000000000000 ) ) ;
#1123 = ORIENTED_EDGE ( 'NONE', *, *, #540, .T. ) ;
#1124 = DIRECTION ( 'NONE',  ( 0.000000000000000000, 0.000000000000000000, -1.000000000000000000 ) ) ;
#1125 = DIRECTION ( 'NONE',  ( -0.000000000000000000, 1.000000000000000000, 0.000000000000000000 ) ) ;
#1126 = ORIENTED_EDGE ( 'NONE', *, *, #309, .F. ) ;
#1127 = DIRECTION ( 'NONE',  ( -0.000000000000000000, 1.000000000000000000, 0.000000000000000000 ) ) ;
#1128 = FACE_OUTER_BOUND ( 'NONE', #676, .T. ) ;
#1129 = ORIENTED_EDGE ( 'NONE', *, *, #2066, .T. ) ;
#1130 = ORIENTED_EDGE ( 'NONE', *, *, #172, .F. ) ;
#1131 = EDGE_CURVE ( 'NONE', #1647, #987, #34, .T. ) ;
#1132 = DIRECTION ( 'NONE',  ( 0.000000000000000000, 0.000000000000000000, -1.000000000000000000 ) ) ;
#1133 = ORIENTED_EDGE ( 'NONE', *, *, #504, .F. ) ;
#1134 = EDGE_CURVE ( 'NONE', #288, #2335, #670, .T. ) ;
#1135 = FACE_OUTER_BOUND ( 'NONE', #2376, .T. ) ;
#1136 = FACE_BOUND ( 'NONE', #1759, .T. ) ;
#1137 = ORIENTED_EDGE ( 'NONE', *, *, #305, .T. ) ;
#1138 = DIRECTION ( 'NONE',  ( 0.000000000000000000, 0.000000000000000000, -1.000000000000000000 ) ) ;
#1139 = DIRECTION ( 'NONE',  ( 0.000000000000000000, -1.000000000000000000, 0.000000000000000000 ) ) ;
#1140 = VECTOR ( 'NONE', #475, 1000.000000000000000 ) ;
#1141 = ORIENTED_EDGE ( 'NONE', *, *, #1121, .F. ) ;
#1142 = ORIENTED_EDGE ( 'NONE', *, *, #1583, .T. ) ;
#1143 = CARTESIAN_POINT ( 'NONE',  ( 1.550000000000000044, 18.19999999999999929, -0.5999999999999999778 ) ) ;
#1144 = VECTOR ( 'NONE', #1097, 1000.000000000000000 ) ;
#1145 = AXIS2_PLACEMENT_3D ( 'NONE', #2315, #1033, #238 ) ;
#1146 = EDGE_LOOP ( 'NONE', ( #647, #2275, #1661, #2625 ) ) ;
#1147 = AXIS2_PLACEMENT_3D ( 'NONE', #1418, #416, #1200 ) ;
#1148 = CYLINDRICAL_SURFACE ( 'NONE', #2553, 0.2500000000000002220 ) ;
#1149 = EDGE_CURVE ( 'NONE', #1468, #2060, #681, .T. ) ;
#1150 = CARTESIAN_POINT ( 'NONE',  ( 1.550000000000000044, -18.19999999999999929, -0.5999999999999999778 ) ) ;
#1151 = EDGE_CURVE ( 'NONE', #2083, #1088, #1360, .T. ) ;
#1152 = ORIENTED_EDGE ( 'NONE', *, *, #189, .T. ) ;
#1153 = LINE ( 'NONE', #763, #1966 ) ;
#1154 = CARTESIAN_POINT ( 'NONE',  ( 1.550000000000000044, -19.00000000000000000, -0.5999999999999999778 ) ) ;
#1155 = ORIENTED_EDGE ( 'NONE', *, *, #556, .F. ) ;
#1156 = CARTESIAN_POINT ( 'NONE',  ( 32.70000000000000284, -20.00000000000000000, 0.000000000000000000 ) ) ;
#1157 = CARTESIAN_POINT ( 'NONE',  ( -5.950000000000000178, -19.00000000000000000, 0.000000000000000000 ) ) ;
#1158 = CARTESIAN_POINT ( 'NONE',  ( 17.00000000000000000, -12.20000000000000107, 0.000000000000000000 ) ) ;
#1159 = VERTEX_POINT ( 'NONE', #459 ) ;
#1160 = PLANE ( 'NONE',  #353 ) ;
#1161 = CARTESIAN_POINT ( 'NONE',  ( 17.44999999999999929, 3.000000000000000000, 1.199999999999999956 ) ) ;
#1162 = EDGE_CURVE ( 'NONE', #2323, #280, #256, .T. ) ;
#1163 = EDGE_LOOP ( 'NONE', ( #264, #1814, #70, #1340 ) ) ;
#1164 = DIRECTION ( 'NONE',  ( 0.000000000000000000, -1.000000000000000000, 0.000000000000000000 ) ) ;
#1165 = DIRECTION ( 'NONE',  ( 0.000000000000000000, 1.000000000000000000, 0.000000000000000000 ) ) ;
#1166 = EDGE_CURVE ( 'NONE', #1745, #857, #1095, .T. ) ;
#1167 = VERTEX_POINT ( 'NONE', #891 ) ;
#1168 = LINE ( 'NONE', #1375, #2717 ) ;
#1169 = LINE ( 'NONE', #1593, #1454 ) ;
#1170 = DIRECTION ( 'NONE',  ( 1.000000000000000000, 0.000000000000000000, 0.000000000000000000 ) ) ;
#1171 = VERTEX_POINT ( 'NONE', #1772 ) ;
#1172 = DIRECTION ( 'NONE',  ( 0.000000000000000000, 0.000000000000000000, -1.000000000000000000 ) ) ;
#1173 = DIRECTION ( 'NONE',  ( 0.000000000000000000, 1.000000000000000000, 0.000000000000000000 ) ) ;
#1174 = ORIENTED_EDGE ( 'NONE', *, *, #587, .T. ) ;
#1175 = DIRECTION ( 'NONE',  ( 0.000000000000000000, -1.000000000000000000, 0.000000000000000000 ) ) ;
#1176 = PLANE ( 'NONE',  #3 ) ;
#1177 = VERTEX_POINT ( 'NONE', #1287 ) ;
#1178 = EDGE_CURVE ( 'NONE', #1664, #1566, #244, .T. ) ;
#1179 = CARTESIAN_POINT ( 'NONE',  ( 32.70000000000000284, 19.19999999999999929, 0.000000000000000000 ) ) ;
#1180 = LINE ( 'NONE', #2011, #529 ) ;
#1181 = VECTOR ( 'NONE', #535, 1000.000000000000000 ) ;
#1182 = DATE_AND_TIME ( #780, #2415 ) ;
#1183 = EDGE_CURVE ( 'NONE', #2599, #2085, #924, .T. ) ;
#1184 = VERTEX_POINT ( 'NONE', #1143 ) ;
#1185 = AXIS2_PLACEMENT_3D ( 'NONE', #787, #1259, #627 ) ;
#1186 = DIRECTION ( 'NONE',  ( 0.000000000000000000, 0.000000000000000000, -1.000000000000000000 ) ) ;
#1187 = PLANE ( 'NONE',  #1061 ) ;
#1188 = AXIS2_PLACEMENT_3D ( 'NONE', #403, #2041, #1243 ) ;
#1189 = VECTOR ( 'NONE', #301, 1000.000000000000000 ) ;
#1190 = LOCAL_TIME ( 18, 49, 42.00000000000000000, #1813 ) ;
#1191 = FACE_OUTER_BOUND ( 'NONE', #689, .T. ) ;
#1192 = CYLINDRICAL_SURFACE ( 'NONE', #2055, 1.050000000000000488 ) ;
#1193 = ORIENTED_EDGE ( 'NONE', *, *, #1118, .T. ) ;
#1194 = DIRECTION ( 'NONE',  ( -1.000000000000000000, 0.000000000000000000, 0.000000000000000000 ) ) ;
#1195 = CARTESIAN_POINT ( 'NONE',  ( -14.40000000000000036, -18.19999999999999929, 0.000000000000000000 ) ) ;
#1196 = EDGE_CURVE ( 'NONE', #870, #753, #1976, .T. ) ;
#1197 = COORDINATED_UNIVERSAL_TIME_OFFSET ( 10, 0, .AHEAD. ) ;
#1198 = ORIENTED_EDGE ( 'NONE', *, *, #44, .F. ) ;
#1199 = PRODUCT_DEFINITION ( 'General', '', #530, #2672 ) ;
#1200 = DIRECTION ( 'NONE',  ( 1.000000000000000000, 0.000000000000000000, 0.000000000000000000 ) ) ;
#1201 = CARTESIAN_POINT ( 'NONE',  ( -34.70000000000000284, 20.00000000000000000, 0.000000000000000000 ) ) ;
#1202 = DIRECTION ( 'NONE',  ( 0.000000000000000000, 1.000000000000000000, 0.000000000000000000 ) ) ;
#1203 = DIRECTION ( 'NONE',  ( 1.000000000000000000, 0.000000000000000000, 0.000000000000000000 ) ) ;
#1204 = DIRECTION ( 'NONE',  ( 0.000000000000000000, 0.000000000000000000, -1.000000000000000000 ) ) ;
#1205 = EDGE_LOOP ( 'NONE', ( #1362, #1534 ) ) ;
#1206 = DIRECTION ( 'NONE',  ( 1.000000000000000000, 0.000000000000000000, 0.000000000000000000 ) ) ;
#1207 = CARTESIAN_POINT ( 'NONE',  ( 17.00000000000000000, 18.19999999999999929, 0.000000000000000000 ) ) ;
#1208 = APPLICATION_PROTOCOL_DEFINITION ( 'international standard', 'config_control_design', 1994, #2087 ) ;
#1209 = ORIENTED_EDGE ( 'NONE', *, *, #1949, .T. ) ;
#1210 = EDGE_CURVE ( 'NONE', #1294, #1907, #728, .T. ) ;
#1211 = CARTESIAN_POINT ( 'NONE',  ( 32.70000000000000284, -19.19999999999999929, 0.000000000000000000 ) ) ;
#1212 = EDGE_CURVE ( 'NONE', #1167, #1664, #2397, .T. ) ;
#1213 = LINE ( 'NONE', #405, #1578 ) ;
#1214 = CARTESIAN_POINT ( 'NONE',  ( 32.70000000000000284, -20.00000000000000000, 1.199999999999999956 ) ) ;
#1215 = CARTESIAN_POINT ( 'NONE',  ( 1.550000000000000044, -19.00000000000000000, -0.5999999999999999778 ) ) ;
#1216 = DIRECTION ( 'NONE',  ( -1.000000000000000000, 0.000000000000000000, 0.000000000000000000 ) ) ;
#1217 = EDGE_LOOP ( 'NONE', ( #2249, #402, #1642, #2385 ) ) ;
#1218 = CARTESIAN_POINT ( 'NONE',  ( -29.30000000000000071, -19.19999999999999929, 0.000000000000000000 ) ) ;
#1219 = DIRECTION ( 'NONE',  ( 0.000000000000000000, 0.000000000000000000, -1.000000000000000000 ) ) ;
#1220 = DATE_TIME_ROLE ( 'creation_date' ) ;
#1221 = ORIENTED_EDGE ( 'NONE', *, *, #1611, .F. ) ;
#1222 = ORIENTED_EDGE ( 'NONE', *, *, #167, .T. ) ;
#1223 = VECTOR ( 'NONE', #2650, 1000.000000000000000 ) ;
#1224 = LINE ( 'NONE', #1461, #793 ) ;
#1225 = VECTOR ( 'NONE', #2647, 1000.000000000000000 ) ;
#1226 = EDGE_LOOP ( 'NONE', ( #197, #920, #2270, #1326 ) ) ;
#1227 = CARTESIAN_POINT ( 'NONE',  ( -14.40000000000000036, -13.25000000000000000, 0.000000000000000000 ) ) ;
#1228 = AXIS2_PLACEMENT_3D ( 'NONE', #570, #2435, #555 ) ;
#1229 = CIRCLE ( 'NONE', #2501, 1.000000000000000888 ) ;
#1230 = EDGE_CURVE ( 'NONE', #2098, #1, #1277, .T. ) ;
#1231 = CYLINDRICAL_SURFACE ( 'NONE', #2016, 1.050000000000000488 ) ;
#1232 = CIRCLE ( 'NONE', #1147, 0.2500000000000002220 ) ;
#1233 = DIRECTION ( 'NONE',  ( 0.000000000000000000, 0.000000000000000000, 1.000000000000000000 ) ) ;
#1234 = CIRCLE ( 'NONE', #1840, 0.2500000000000002220 ) ;
#1235 = DIRECTION ( 'NONE',  ( 0.000000000000000000, 0.000000000000000000, 1.000000000000000000 ) ) ;
#1236 = CC_DESIGN_SECURITY_CLASSIFICATION ( #2062, ( #530 ) ) ;
#1237 = ADVANCED_FACE ( 'NONE', ( #113 ), #1489, .T. ) ;
#1238 = VERTEX_POINT ( 'NONE', #2309 ) ;
#1239 = DIRECTION ( 'NONE',  ( 1.000000000000000000, 0.000000000000000000, 0.000000000000000000 ) ) ;
#1240 = LINE ( 'NONE', #398, #52 ) ;
#1241 = EDGE_LOOP ( 'NONE', ( #1720, #1544, #1540, #824, #1126, #1137, #2529, #447, #1079, #1244, #1947, #685, #2276, #33, #2517, #474, #513, #589, #362, #1022 ) ) ;
#1242 = ORIENTED_EDGE ( 'NONE', *, *, #1781, .T. ) ;
#1243 = DIRECTION ( 'NONE',  ( 0.000000000000000000, 1.000000000000000000, 0.000000000000000000 ) ) ;
#1244 = ORIENTED_EDGE ( 'NONE', *, *, #1884, .T. ) ;
#1245 = DIRECTION ( 'NONE',  ( 1.000000000000000000, 0.000000000000000000, 0.000000000000000000 ) ) ;
#1246 = DIRECTION ( 'NONE',  ( 0.000000000000000000, 0.000000000000000000, 1.000000000000000000 ) ) ;
#1247 = FACE_OUTER_BOUND ( 'NONE', #2616, .T. ) ;
#1248 = EDGE_CURVE ( 'NONE', #289, #1989, #430, .T. ) ;
#1249 = LINE ( 'NONE', #1013, #133 ) ;
#1250 = ORIENTED_EDGE ( 'NONE', *, *, #1785, .T. ) ;
#1251 = DIRECTION ( 'NONE',  ( 0.000000000000000000, 0.000000000000000000, 1.000000000000000000 ) ) ;
#1252 = EDGE_CURVE ( 'NONE', #2289, #976, #1180, .T. ) ;
#1253 = DIRECTION ( 'NONE',  ( -0.000000000000000000, 1.000000000000000000, 0.000000000000000000 ) ) ;
#1254 = ORIENTED_EDGE ( 'NONE', *, *, #2178, .F. ) ;
#1255 = EDGE_LOOP ( 'NONE', ( #240, #1309, #2513, #813 ) ) ;
#1256 = CARTESIAN_POINT ( 'NONE',  ( -4.450000000000000178, 18.19999999999999929, -0.5999999999999999778 ) ) ;
#1257 = ORIENTED_EDGE ( 'NONE', *, *, #1252, .T. ) ;
#1258 = DIRECTION ( 'NONE',  ( 1.000000000000000000, 0.000000000000000000, 0.000000000000000000 ) ) ;
#1259 = DIRECTION ( 'NONE',  ( 0.000000000000000000, -1.000000000000000000, 0.000000000000000000 ) ) ;
#1260 = CARTESIAN_POINT ( 'NONE',  ( 1.550000000000000044, 19.00000000000000000, 0.000000000000000000 ) ) ;
#1261 = LINE ( 'NONE', #642, #2146 ) ;
#1262 = ORIENTED_EDGE ( 'NONE', *, *, #1366, .T. ) ;
#1263 = DIRECTION ( 'NONE',  ( 0.000000000000000000, -1.000000000000000000, 0.000000000000000000 ) ) ;
#1264 = DIRECTION ( 'NONE',  ( 0.000000000000000000, 1.000000000000000000, 0.000000000000000000 ) ) ;
#1265 = EDGE_CURVE ( 'NONE', #1, #825, #767, .T. ) ;
#1266 = EDGE_LOOP ( 'NONE', ( #1899, #2009, #2652, #516 ) ) ;
#1267 = ORIENTED_EDGE ( 'NONE', *, *, #2654, .F. ) ;
#1268 = EDGE_CURVE ( 'NONE', #1634, #2430, #331, .T. ) ;
#1269 = DIRECTION ( 'NONE',  ( 0.000000000000000000, 0.000000000000000000, -1.000000000000000000 ) ) ;
#1270 = ORIENTED_EDGE ( 'NONE', *, *, #1898, .T. ) ;
#1271 = CARTESIAN_POINT ( 'NONE',  ( -32.70000000000000284, -19.19999999999999929, 0.000000000000000000 ) ) ;
#1272 = LINE ( 'NONE', #1737, #228 ) ;
#1273 = CIRCLE ( 'NONE', #171, 3.449999999999999734 ) ;
#1274 = CARTESIAN_POINT ( 'NONE',  ( -27.40000000000000213, -16.50000000000000000, 0.000000000000000000 ) ) ;
#1275 = CIRCLE ( 'NONE', #1712, 1.000000000000000888 ) ;
#1276 = CIRCLE ( 'NONE', #2677, 1.000000000000000888 ) ;
#1277 = CIRCLE ( 'NONE', #2281, 1.000000000000000888 ) ;
#1278 = EDGE_LOOP ( 'NONE', ( #765, #1731, #1574, #662 ) ) ;
#1279 = CARTESIAN_POINT ( 'NONE',  ( -28.89999999999999858, 15.50000000000000000, 0.000000000000000000 ) ) ;
#1280 = PLANE ( 'NONE',  #1145 ) ;
#1281 = VERTEX_POINT ( 'NONE', #1632 ) ;
#1282 = VECTOR ( 'NONE', #2545, 1000.000000000000000 ) ;
#1283 = ORIENTED_EDGE ( 'NONE', *, *, #1733, .T. ) ;
#1284 = EDGE_CURVE ( 'NONE', #1745, #1475, #1999, .T. ) ;
#1285 = LINE ( 'NONE', #229, #183 ) ;
#1286 = ORIENTED_EDGE ( 'NONE', *, *, #44, .T. ) ;
#1287 = CARTESIAN_POINT ( 'NONE',  ( -32.70000000000000284, 19.19999999999999929, 0.000000000000000000 ) ) ;
#1288 = CC_DESIGN_PERSON_AND_ORGANIZATION_ASSIGNMENT ( #1401, #1659, ( #2116 ) ) ;
#1289 = LINE ( 'NONE', #2576, #1800 ) ;
#1290 = DIRECTION ( 'NONE',  ( 0.000000000000000000, 1.000000000000000000, 0.000000000000000000 ) ) ;
#1291 = VERTEX_POINT ( 'NONE', #141 ) ;
#1292 = CARTESIAN_POINT ( 'NONE',  ( -28.89999999999999858, 13.50000000000000000, 0.000000000000000000 ) ) ;
#1293 = DIRECTION ( 'NONE',  ( -1.000000000000000000, 0.000000000000000000, 0.000000000000000000 ) ) ;
#1294 = VERTEX_POINT ( 'NONE', #2026 ) ;
#1295 = EDGE_LOOP ( 'NONE', ( #1541, #1810, #1371, #2165 ) ) ;
#1296 = LINE ( 'NONE', #468, #54 ) ;
#1297 = EDGE_LOOP ( 'NONE', ( #1762, #2375, #1774, #2115 ) ) ;
#1298 = CARTESIAN_POINT ( 'NONE',  ( 21.50000000000000000, 18.00000000000000000, 0.000000000000000000 ) ) ;
#1299 = CARTESIAN_POINT ( 'NONE',  ( -28.89999999999999858, -14.50000000000000000, -2.000000000000000000 ) ) ;
#1300 = EDGE_CURVE ( 'NONE', #2323, #2609, #1400, .T. ) ;
#1301 = CARTESIAN_POINT ( 'NONE',  ( 6.049999999999999822, -19.00000000000000000, 0.000000000000000000 ) ) ;
#1302 = EDGE_CURVE ( 'NONE', #857, #1603, #779, .T. ) ;
#1303 = ORIENTED_EDGE ( 'NONE', *, *, #210, .F. ) ;
#1304 = DIRECTION ( 'NONE',  ( 1.000000000000000000, 0.000000000000000000, 0.000000000000000000 ) ) ;
#1305 = FACE_OUTER_BOUND ( 'NONE', #31, .T. ) ;
#1306 = VERTEX_POINT ( 'NONE', #1617 ) ;
#1307 = EDGE_LOOP ( 'NONE', ( #1939, #2701, #2139, #74 ) ) ;
#1308 = CARTESIAN_POINT ( 'NONE',  ( -17.69999999999999929, -18.00000000000000000, 0.000000000000000000 ) ) ;
#1309 = ORIENTED_EDGE ( 'NONE', *, *, #309, .T. ) ;
#1310 = DIRECTION ( 'NONE',  ( 1.000000000000000000, 0.000000000000000000, 0.000000000000000000 ) ) ;
#1311 = CARTESIAN_POINT ( 'NONE',  ( 7.550000000000000711, -18.19999999999999929, 0.000000000000000000 ) ) ;
#1312 = ADVANCED_FACE ( 'NONE', ( #548 ), #1376, .T. ) ;
#1313 = ORIENTED_EDGE ( 'NONE', *, *, #2693, .F. ) ;
#1314 = CARTESIAN_POINT ( 'NONE',  ( -4.450000000000000178, 18.19999999999999929, 0.000000000000000000 ) ) ;
#1315 = VECTOR ( 'NONE', #2699, 1000.000000000000000 ) ;
#1316 = DIRECTION ( 'NONE',  ( -1.000000000000000000, 0.000000000000000000, 0.000000000000000000 ) ) ;
#1317 = EDGE_CURVE ( 'NONE', #1743, #1937, #2636, .T. ) ;
#1318 = VECTOR ( 'NONE', #1043, 1000.000000000000000 ) ;
#1319 = CIRCLE ( 'NONE', #2366, 3.449999999999999734 ) ;
#1320 = VERTEX_POINT ( 'NONE', #738 ) ;
#1321 = ORIENTED_EDGE ( 'NONE', *, *, #1503, .T. ) ;
#1322 = AXIS2_PLACEMENT_3D ( 'NONE', #24, #1912, #1310 ) ;
#1323 = VECTOR ( 'NONE', #1072, 1000.000000000000000 ) ;
#1324 = APPROVAL_PERSON_ORGANIZATION ( #180, #1036, #1646 ) ;
#1325 = CARTESIAN_POINT ( 'NONE',  ( -32.70000000000000284, 20.00000000000000000, 0.000000000000000000 ) ) ;
#1326 = ORIENTED_EDGE ( 'NONE', *, *, #2119, .T. ) ;
#1327 = CARTESIAN_POINT ( 'NONE',  ( 32.70000000000000284, 19.19999999999999929, 0.000000000000000000 ) ) ;
#1328 = DIRECTION ( 'NONE',  ( 0.000000000000000000, 0.000000000000000000, 1.000000000000000000 ) ) ;
#1329 = VERTEX_POINT ( 'NONE', #2209 ) ;
#1330 = ADVANCED_FACE ( 'NONE', ( #960 ), #2232, .T. ) ;
#1331 = CARTESIAN_POINT ( 'NONE',  ( 36.00000000000000000, 20.00000000000000000, 0.000000000000000000 ) ) ;
#1332 = DIRECTION ( 'NONE',  ( 0.000000000000000000, 0.000000000000000000, -1.000000000000000000 ) ) ;
#1333 = ORIENTED_EDGE ( 'NONE', *, *, #1300, .F. ) ;
#1334 = EDGE_CURVE ( 'NONE', #1752, #987, #2468, .T. ) ;
#1335 = ORIENTED_EDGE ( 'NONE', *, *, #387, .T. ) ;
#1336 = DIRECTION ( 'NONE',  ( 0.000000000000000000, 0.000000000000000000, 1.000000000000000000 ) ) ;
#1337 = EDGE_LOOP ( 'NONE', ( #991, #1516 ) ) ;
#1338 = FACE_BOUND ( 'NONE', #1402, .T. ) ;
#1339 = CARTESIAN_POINT ( 'NONE',  ( 17.00000000000000000, -18.19999999999999929, 1.199999999999999956 ) ) ;
#1340 = ORIENTED_EDGE ( 'NONE', *, *, #2336, .F. ) ;
#1341 = CARTESIAN_POINT ( 'NONE',  ( 14.00000000000000000, 3.000000000000000000, 1.199999999999999956 ) ) ;
#1342 = CARTESIAN_POINT ( 'NONE',  ( -4.450000000000000178, -19.00000000000000000, 0.000000000000000000 ) ) ;
#1343 = ORIENTED_EDGE ( 'NONE', *, *, #376, .F. ) ;
#1344 = DIRECTION ( 'NONE',  ( 0.000000000000000000, 0.000000000000000000, 1.000000000000000000 ) ) ;
#1345 = CARTESIAN_POINT ( 'NONE',  ( -29.30000000000000071, 20.00000000000000000, 0.000000000000000000 ) ) ;
#1346 = EDGE_CURVE ( 'NONE', #741, #175, #2247, .T. ) ;
#1347 = LINE ( 'NONE', #1761, #708 ) ;
#1348 = ORIENTED_EDGE ( 'NONE', *, *, #40, .F. ) ;
#1349 = EDGE_CURVE ( 'NONE', #1320, #340, #486, .T. ) ;
#1350 = CARTESIAN_POINT ( 'NONE',  ( 34.70000000000000284, -20.00000000000000000, 0.000000000000000000 ) ) ;
#1351 = CARTESIAN_POINT ( 'NONE',  ( -27.40000000000000213, 13.50000000000000000, 0.000000000000000000 ) ) ;
#1352 = ORIENTED_EDGE ( 'NONE', *, *, #2156, .T. ) ;
#1353 = DIRECTION ( 'NONE',  ( 0.000000000000000000, 0.000000000000000000, 1.000000000000000000 ) ) ;
#1354 = LINE ( 'NONE', #934, #659 ) ;
#1355 = VECTOR ( 'NONE', #1413, 1000.000000000000000 ) ;
#1356 = EDGE_LOOP ( 'NONE', ( #905, #2222, #384, #1569 ) ) ;
#1357 = DIRECTION ( 'NONE',  ( 0.000000000000000000, 1.000000000000000000, 0.000000000000000000 ) ) ;
#1358 = CARTESIAN_POINT ( 'NONE',  ( 34.70000000000000284, -20.00000000000000000, 0.000000000000000000 ) ) ;
#1359 = VECTOR ( 'NONE', #2425, 1000.000000000000000 ) ;
#1360 = CIRCLE ( 'NONE', #312, 1.050000000000000488 ) ;
#1361 = CYLINDRICAL_SURFACE ( 'NONE', #1584, 1.000000000000000888 ) ;
#1362 = ORIENTED_EDGE ( 'NONE', *, *, #911, .T. ) ;
#1363 = VECTOR ( 'NONE', #1694, 1000.000000000000000 ) ;
#1364 = VECTOR ( 'NONE', #1425, 1000.000000000000000 ) ;
#1365 = ORIENTED_EDGE ( 'NONE', *, *, #667, .T. ) ;
#1366 = EDGE_CURVE ( 'NONE', #1177, #1306, #2050, .T. ) ;
#1367 = FACE_BOUND ( 'NONE', #2219, .T. ) ;
#1368 = AXIS2_PLACEMENT_3D ( 'NONE', #1051, #1269, #2101 ) ;
#1369 = PRODUCT_RELATED_PRODUCT_CATEGORY ( 'detail', '', ( #2116 ) ) ;
#1370 = FACE_OUTER_BOUND ( 'NONE', #85, .T. ) ;
#1371 = ORIENTED_EDGE ( 'NONE', *, *, #1781, .F. ) ;
#1372 = LINE ( 'NONE', #1993, #2497 ) ;
#1373 = FACE_OUTER_BOUND ( 'NONE', #1062, .T. ) ;
#1374 = ORIENTED_EDGE ( 'NONE', *, *, #1302, .T. ) ;
#1375 = CARTESIAN_POINT ( 'NONE',  ( 0.05000000000000000278, -19.00000000000000000, -0.5999999999999999778 ) ) ;
#1376 = PLANE ( 'NONE',  #842 ) ;
#1377 = LINE ( 'NONE', #102, #621 ) ;
#1378 = VERTEX_POINT ( 'NONE', #1001 ) ;
#1379 = PLANE ( 'NONE',  #137 ) ;
#1380 = DIRECTION ( 'NONE',  ( 0.000000000000000000, 0.000000000000000000, 1.000000000000000000 ) ) ;
#1381 = EDGE_CURVE ( 'NONE', #2357, #100, #2639, .T. ) ;
#1382 = ORIENTED_EDGE ( 'NONE', *, *, #2374, .T. ) ;
#1383 = LINE ( 'NONE', #1778, #2670 ) ;
#1384 = DIRECTION ( 'NONE',  ( -1.000000000000000000, 0.000000000000000000, 0.000000000000000000 ) ) ;
#1385 = EDGE_CURVE ( 'NONE', #2679, #288, #2622, .T. ) ;
#1386 = EDGE_LOOP ( 'NONE', ( #199, #1557, #2313, #1977 ) ) ;
#1387 = FACE_OUTER_BOUND ( 'NONE', #457, .T. ) ;
#1388 = DIRECTION ( 'NONE',  ( 1.000000000000000000, 0.000000000000000000, 0.000000000000000000 ) ) ;
#1389 = ORIENTED_EDGE ( 'NONE', *, *, #189, .F. ) ;
#1390 = APPLICATION_CONTEXT ( 'configuration controlled 3d designs of mechanical parts and assemblies' ) ;
#1391 = CARTESIAN_POINT ( 'NONE',  ( -14.40000000000000036, -18.19999999999999929, 0.000000000000000000 ) ) ;
#1392 = CYLINDRICAL_SURFACE ( 'NONE', #135, 0.2500000000000002220 ) ;
#1393 = CARTESIAN_POINT ( 'NONE',  ( -29.30000000000000071, -20.00000000000000000, 0.000000000000000000 ) ) ;
#1394 = EDGE_CURVE ( 'NONE', #1475, #2028, #1169, .T. ) ;
#1395 = LINE ( 'NONE', #2189, #47 ) ;
#1396 = ORIENTED_EDGE ( 'NONE', *, *, #2135, .T. ) ;
#1397 = DIRECTION ( 'NONE',  ( 0.000000000000000000, 0.000000000000000000, 1.000000000000000000 ) ) ;
#1398 = VECTOR ( 'NONE', #839, 1000.000000000000000 ) ;
#1399 = EDGE_CURVE ( 'NONE', #1329, #18, #2221, .T. ) ;
#1400 = LINE ( 'NONE', #151, #1623 ) ;
#1401 = PERSON_AND_ORGANIZATION ( #18446744073709551615, #18446744073709551615 ) ;
#1402 = EDGE_LOOP ( 'NONE', ( #2499, #282 ) ) ;
#1403 = CARTESIAN_POINT ( 'NONE',  ( 1.550000000000000044, -18.19999999999999929, 0.000000000000000000 ) ) ;
#1404 = VECTOR ( 'NONE', #1258, 1000.000000000000000 ) ;
#1405 = LINE ( 'NONE', #1040, #1008 ) ;
#1406 = AXIS2_PLACEMENT_3D ( 'NONE', #257, #1096, #1925 ) ;
#1407 = CARTESIAN_POINT ( 'NONE',  ( -29.30000000000000071, 20.00000000000000000, 0.000000000000000000 ) ) ;
#1408 = AXIS2_PLACEMENT_3D ( 'NONE', #1988, #702, #1132 ) ;
#1409 = DIRECTION ( 'NONE',  ( 0.000000000000000000, 0.000000000000000000, -1.000000000000000000 ) ) ;
#1410 = CARTESIAN_POINT ( 'NONE',  ( -34.70000000000000284, -20.00000000000000000, 1.199999999999999956 ) ) ;
#1411 = EDGE_CURVE ( 'NONE', #1088, #1159, #1439, .T. ) ;
#1412 = ORIENTED_EDGE ( 'NONE', *, *, #2528, .F. ) ;
#1413 = DIRECTION ( 'NONE',  ( -1.000000000000000000, 0.000000000000000000, 0.000000000000000000 ) ) ;
#1414 = DIRECTION ( 'NONE',  ( 0.000000000000000000, 0.000000000000000000, 1.000000000000000000 ) ) ;
#1415 = ADVANCED_FACE ( 'NONE', ( #1483 ), #194, .T. ) ;
#1416 = COORDINATED_UNIVERSAL_TIME_OFFSET ( 10, 0, .AHEAD. ) ;
#1417 = ORIENTED_EDGE ( 'NONE', *, *, #2181, .T. ) ;
#1418 = CARTESIAN_POINT ( 'NONE',  ( -14.40000000000000036, 18.19999999999999929, 1.199999999999999956 ) ) ;
#1419 = PLANE ( 'NONE',  #2102 ) ;
#1420 = DIRECTION ( 'NONE',  ( 0.000000000000000000, 1.000000000000000000, 0.000000000000000000 ) ) ;
#1421 = LINE ( 'NONE', #997, #222 ) ;
#1422 = PLANE ( 'NONE',  #1756 ) ;
#1423 = ORIENTED_EDGE ( 'NONE', *, *, #911, .F. ) ;
#1424 = CARTESIAN_POINT ( 'NONE',  ( 6.049999999999999822, 18.19999999999999929, 0.000000000000000000 ) ) ;
#1425 = DIRECTION ( 'NONE',  ( 0.000000000000000000, 1.000000000000000000, 0.000000000000000000 ) ) ;
#1426 = APPROVAL_ROLE ( '' ) ;
#1427 = ORIENTED_EDGE ( 'NONE', *, *, #1451, .T. ) ;
#1428 = ORIENTED_EDGE ( 'NONE', *, *, #2218, .F. ) ;
#1429 = EDGE_CURVE ( 'NONE', #1707, #505, #2095, .T. ) ;
#1430 = LINE ( 'NONE', #1825, #1108 ) ;
#1431 = ORIENTED_EDGE ( 'NONE', *, *, #984, .T. ) ;
#1432 = CARTESIAN_POINT ( 'NONE',  ( -28.89999999999999858, 13.50000000000000000, 0.000000000000000000 ) ) ;
#1433 = ADVANCED_FACE ( 'NONE', ( #2540 ), #1280, .T. ) ;
#1434 = DIRECTION ( 'NONE',  ( 0.000000000000000000, 0.000000000000000000, -1.000000000000000000 ) ) ;
#1435 = DIRECTION ( 'NONE',  ( 1.000000000000000000, 0.000000000000000000, 0.000000000000000000 ) ) ;
#1436 = CARTESIAN_POINT ( 'NONE',  ( 17.00000000000000000, 13.25000000000000000, 0.000000000000000000 ) ) ;
#1437 = ORIENTED_EDGE ( 'NONE', *, *, #123, .T. ) ;
#1438 = FACE_OUTER_BOUND ( 'NONE', #1588, .T. ) ;
#1439 = LINE ( 'NONE', #1678, #1012 ) ;
#1440 = DATE_AND_TIME ( #2483, #2460 ) ;
#1441 = ORIENTED_EDGE ( 'NONE', *, *, #2250, .F. ) ;
#1442 = EDGE_LOOP ( 'NONE', ( #1582, #38, #721, #2516 ) ) ;
#1443 = CIRCLE ( 'NONE', #918, 1.050000000000000488 ) ;
#1444 = DIRECTION ( 'NONE',  ( 0.000000000000000000, 0.000000000000000000, -1.000000000000000000 ) ) ;
#1445 = EDGE_CURVE ( 'NONE', #2472, #860, #1658, .T. ) ;
#1446 = AXIS2_PLACEMENT_3D ( 'NONE', #1657, #1893, #1251 ) ;
#1447 = ORIENTED_EDGE ( 'NONE', *, *, #758, .F. ) ;
#1448 = LINE ( 'NONE', #2241, #268 ) ;
#1449 = VECTOR ( 'NONE', #58, 1000.000000000000000 ) ;
#1450 = CARTESIAN_POINT ( 'NONE',  ( 6.049999999999999822, 18.19999999999999929, 0.000000000000000000 ) ) ;
#1451 = EDGE_CURVE ( 'NONE', #2308, #601, #790, .T. ) ;
#1452 = VECTOR ( 'NONE', #1805, 1000.000000000000000 ) ;
#1453 = FACE_OUTER_BOUND ( 'NONE', #2317, .T. ) ;
#1454 = VECTOR ( 'NONE', #2428, 1000.000000000000000 ) ;
#1455 = FACE_OUTER_BOUND ( 'NONE', #910, .T. ) ;
#1456 = ORIENTED_EDGE ( 'NONE', *, *, #1284, .F. ) ;
#1457 = CARTESIAN_POINT ( 'NONE',  ( 0.000000000000000000, 0.000000000000000000, -0.5999999999999999778 ) ) ;
#1458 = CARTESIAN_POINT ( 'NONE',  ( -14.40000000000000036, -18.19999999999999929, 1.199999999999999956 ) ) ;
#1459 = ORIENTED_EDGE ( 'NONE', *, *, #773, .T. ) ;
#1460 = ORIENTED_EDGE ( 'NONE', *, *, #62, .T. ) ;
#1461 = CARTESIAN_POINT ( 'NONE',  ( -27.40000000000000213, 15.50000000000000000, 0.000000000000000000 ) ) ;
#1462 = ORIENTED_EDGE ( 'NONE', *, *, #2538, .F. ) ;
#1463 = CARTESIAN_POINT ( 'NONE',  ( -5.950000000000000178, 19.00000000000000000, 0.000000000000000000 ) ) ;
#1464 = FACE_OUTER_BOUND ( 'NONE', #2370, .T. ) ;
#1465 = DIRECTION ( 'NONE',  ( 1.000000000000000000, 0.000000000000000000, 0.000000000000000000 ) ) ;
#1466 = CARTESIAN_POINT ( 'NONE',  ( -27.40000000000000213, -14.50000000000000000, -2.000000000000000000 ) ) ;
#1467 = EDGE_CURVE ( 'NONE', #99, #637, #2412, .T. ) ;
#1468 = VERTEX_POINT ( 'NONE', #2496 ) ;
#1469 = DIRECTION ( 'NONE',  ( -1.000000000000000000, 0.000000000000000000, 0.000000000000000000 ) ) ;
#1470 = DIRECTION ( 'NONE',  ( 0.000000000000000000, -1.000000000000000000, 0.000000000000000000 ) ) ;
#1471 = EDGE_CURVE ( 'NONE', #890, #1855, #1234, .T. ) ;
#1472 = VERTEX_POINT ( 'NONE', #809 ) ;
#1473 = ORIENTED_EDGE ( 'NONE', *, *, #1688, .T. ) ;
#1474 = CARTESIAN_POINT ( 'NONE',  ( 29.30000000000000071, -19.19999999999999929, 0.000000000000000000 ) ) ;
#1475 = VERTEX_POINT ( 'NONE', #425 ) ;
#1476 = CARTESIAN_POINT ( 'NONE',  ( -28.89999999999999858, -16.50000000000000000, 0.000000000000000000 ) ) ;
#1477 = PLANE ( 'NONE',  #2458 ) ;
#1478 = FACE_OUTER_BOUND ( 'NONE', #469, .T. ) ;
#1479 = FACE_OUTER_BOUND ( 'NONE', #417, .T. ) ;
#1480 = EDGE_LOOP ( 'NONE', ( #936, #2637, #2506, #1526 ) ) ;
#1481 = ADVANCED_FACE ( 'NONE', ( #2333 ), #617, .T. ) ;
#1482 = PLANE ( 'NONE',  #2319 ) ;
#1483 = FACE_OUTER_BOUND ( 'NONE', #1704, .T. ) ;
#1484 = VERTEX_POINT ( 'NONE', #1862 ) ;
#1485 = EDGE_CURVE ( 'NONE', #1908, #2598, #2551, .T. ) ;
#1486 = ORIENTED_EDGE ( 'NONE', *, *, #275, .F. ) ;
#1487 = CARTESIAN_POINT ( 'NONE',  ( -29.30000000000000071, 20.00000000000000000, 1.199999999999999956 ) ) ;
#1488 = ORIENTED_EDGE ( 'NONE', *, *, #1684, .T. ) ;
#1489 = PLANE ( 'NONE',  #2106 ) ;
#1490 = DIRECTION ( 'NONE',  ( 0.000000000000000000, -1.000000000000000000, 0.000000000000000000 ) ) ;
#1491 = CIRCLE ( 'NONE', #2052, 0.2500000000000002220 ) ;
#1492 = CARTESIAN_POINT ( 'NONE',  ( -14.40000000000000036, -11.15000000000000036, 0.000000000000000000 ) ) ;
#1493 = CIRCLE ( 'NONE', #1886, 1.050000000000000488 ) ;
#1494 = AXIS2_PLACEMENT_3D ( 'NONE', #1717, #2580, #1139 ) ;
#1495 = VECTOR ( 'NONE', #2676, 1000.000000000000000 ) ;
#1496 = ORIENTED_EDGE ( 'NONE', *, *, #830, .T. ) ;
#1497 = CARTESIAN_POINT ( 'NONE',  ( 6.049999999999999822, 19.00000000000000000, 0.000000000000000000 ) ) ;
#1498 = CARTESIAN_POINT ( 'NONE',  ( -18.70000000000000284, -18.00000000000000000, 1.199999999999999956 ) ) ;
#1499 = VECTOR ( 'NONE', #1622, 1000.000000000000000 ) ;
#1500 = EDGE_LOOP ( 'NONE', ( #1724, #2578, #1080, #441 ) ) ;
#1501 = CIRCLE ( 'NONE', #2508, 0.2500000000000002220 ) ;
#1502 = EDGE_LOOP ( 'NONE', ( #2498, #2192, #2484, #2207 ) ) ;
#1503 = EDGE_CURVE ( 'NONE', #175, #300, #1240, .T. ) ;
#1504 = CARTESIAN_POINT ( 'NONE',  ( 6.049999999999999822, -18.19999999999999929, 0.000000000000000000 ) ) ;
#1505 = ORIENTED_EDGE ( 'NONE', *, *, #62, .F. ) ;
#1506 = CARTESIAN_POINT ( 'NONE',  ( 7.550000000000000711, 18.19999999999999929, -0.5999999999999999778 ) ) ;
#1507 = ADVANCED_FACE ( 'NONE', ( #1691 ), #2703, .T. ) ;
#1508 = DIRECTION ( 'NONE',  ( 1.000000000000000000, 0.000000000000000000, 0.000000000000000000 ) ) ;
#1509 = PLANE ( 'NONE',  #395 ) ;
#1510 = VERTEX_POINT ( 'NONE', #1019 ) ;
#1511 = LINE ( 'NONE', #1314, #612 ) ;
#1512 = DIRECTION ( 'NONE',  ( 0.000000000000000000, 0.000000000000000000, 1.000000000000000000 ) ) ;
#1513 = ORIENTED_EDGE ( 'NONE', *, *, #826, .F. ) ;
#1514 = ORIENTED_EDGE ( 'NONE', *, *, #2642, .T. ) ;
#1515 = DIRECTION ( 'NONE',  ( 0.000000000000000000, -1.000000000000000000, 0.000000000000000000 ) ) ;
#1516 = ORIENTED_EDGE ( 'NONE', *, *, #726, .F. ) ;
#1517 = ADVANCED_FACE ( 'NONE', ( #1078 ), #646, .F. ) ;
#1518 = LINE ( 'NONE', #1345, #4 ) ;
#1519 = CARTESIAN_POINT ( 'NONE',  ( -29.30000000000000071, -19.19999999999999929, 0.000000000000000000 ) ) ;
#1520 = CC_DESIGN_DATE_AND_TIME_ASSIGNMENT ( #1182, #811, ( #2062 ) ) ;
#1521 = DIRECTION ( 'NONE',  ( -0.000000000000000000, 1.000000000000000000, 0.000000000000000000 ) ) ;
#1522 = ORIENTED_EDGE ( 'NONE', *, *, #1914, .F. ) ;
#1523 = CARTESIAN_POINT ( 'NONE',  ( -28.89999999999999858, -16.50000000000000000, 0.000000000000000000 ) ) ;
#1524 = LINE ( 'NONE', #2394, #121 ) ;
#1525 = ORIENTED_EDGE ( 'NONE', *, *, #127, .F. ) ;
#1526 = ORIENTED_EDGE ( 'NONE', *, *, #2029, .T. ) ;
#1527 = LINE ( 'NONE', #668, #1363 ) ;
#1528 = ORIENTED_EDGE ( 'NONE', *, *, #1162, .F. ) ;
#1529 = ADVANCED_FACE ( 'NONE', ( #1850 ), #2082, .T. ) ;
#1530 = DIRECTION ( 'NONE',  ( -1.000000000000000000, 0.000000000000000000, 0.000000000000000000 ) ) ;
#1531 = DIRECTION ( 'NONE',  ( 1.000000000000000000, 0.000000000000000000, 0.000000000000000000 ) ) ;
#1532 = AXIS2_PLACEMENT_3D ( 'NONE', #1986, #2638, #1206 ) ;
#1533 = EDGE_CURVE ( 'NONE', #538, #1378, #2718, .T. ) ;
#1534 = ORIENTED_EDGE ( 'NONE', *, *, #693, .T. ) ;
#1535 = CARTESIAN_POINT ( 'NONE',  ( -32.70000000000000284, -20.00000000000000000, 1.199999999999999956 ) ) ;
#1536 = VECTOR ( 'NONE', #108, 1000.000000000000000 ) ;
#1537 = CARTESIAN_POINT ( 'NONE',  ( -4.450000000000000178, -18.19999999999999929, 0.000000000000000000 ) ) ;
#1538 = VECTOR ( 'NONE', #1653, 1000.000000000000000 ) ;
#1539 = AXIS2_PLACEMENT_3D ( 'NONE', #1298, #2611, #1725 ) ;
#1540 = ORIENTED_EDGE ( 'NONE', *, *, #739, .T. ) ;
#1541 = ORIENTED_EDGE ( 'NONE', *, *, #1815, .T. ) ;
#1542 = AXIS2_PLACEMENT_3D ( 'NONE', #198, #1444, #992 ) ;
#1543 = CYLINDRICAL_SURFACE ( 'NONE', #1760, 0.2500000000000002220 ) ;
#1544 = ORIENTED_EDGE ( 'NONE', *, *, #1334, .T. ) ;
#1545 = FACE_BOUND ( 'NONE', #2111, .T. ) ;
#1546 = LINE ( 'NONE', #1311, #1837 ) ;
#1547 = ORIENTED_EDGE ( 'NONE', *, *, #1149, .T. ) ;
#1548 = LINE ( 'NONE', #2383, #835 ) ;
#1549 = EDGE_CURVE ( 'NONE', #2346, #770, #840, .T. ) ;
#1550 = DIRECTION ( 'NONE',  ( 1.000000000000000000, 0.000000000000000000, 0.000000000000000000 ) ) ;
#1551 = ORIENTED_EDGE ( 'NONE', *, *, #242, .F. ) ;
#1552 = ORIENTED_EDGE ( 'NONE', *, *, #2374, .F. ) ;
#1553 = EDGE_CURVE ( 'NONE', #2485, #2450, #1524, .T. ) ;
#1554 = ORIENTED_EDGE ( 'NONE', *, *, #2214, .F. ) ;
#1555 = DIRECTION ( 'NONE',  ( 0.000000000000000000, 0.000000000000000000, 1.000000000000000000 ) ) ;
#1556 = CARTESIAN_POINT ( 'NONE',  ( 14.00000000000000000, 3.000000000000000000, 3.000000000000000000 ) ) ;
#1557 = ORIENTED_EDGE ( 'NONE', *, *, #2132, .T. ) ;
#1558 = LINE ( 'NONE', #734, #1881 ) ;
#1559 = CARTESIAN_POINT ( 'NONE',  ( -14.40000000000000036, -12.20000000000000107, 1.199999999999999956 ) ) ;
#1560 = EDGE_CURVE ( 'NONE', #2559, #1989, #1730, .T. ) ;
#1561 = ORIENTED_EDGE ( 'NONE', *, *, #902, .T. ) ;
#1562 = ORIENTED_EDGE ( 'NONE', *, *, #1071, .T. ) ;
#1563 = LINE ( 'NONE', #2533, #1969 ) ;
#1564 = EDGE_CURVE ( 'NONE', #669, #1329, #1755, .T. ) ;
#1565 = CARTESIAN_POINT ( 'NONE',  ( 0.000000000000000000, 0.000000000000000000, -0.5999999999999999778 ) ) ;
#1566 = VERTEX_POINT ( 'NONE', #713 ) ;
#1567 = FACE_BOUND ( 'NONE', #1941, .T. ) ;
#1568 = FACE_BOUND ( 'NONE', #1163, .T. ) ;
#1569 = ORIENTED_EDGE ( 'NONE', *, *, #528, .F. ) ;
#1570 = CARTESIAN_POINT ( 'NONE',  ( 32.70000000000000284, 20.00000000000000000, 0.000000000000000000 ) ) ;
#1571 = DIRECTION ( 'NONE',  ( 0.000000000000000000, 0.000000000000000000, 1.000000000000000000 ) ) ;
#1572 = AXIS2_PLACEMENT_3D ( 'NONE', #1179, #140, #977 ) ;
#1573 = AXIS2_PLACEMENT_3D ( 'NONE', #1331, #1127, #1956 ) ;
#1574 = ORIENTED_EDGE ( 'NONE', *, *, #2264, .F. ) ;
#1575 = CARTESIAN_POINT ( 'NONE',  ( 0.05000000000000000278, -18.19999999999999929, 0.000000000000000000 ) ) ;
#1576 = CARTESIAN_POINT ( 'NONE',  ( 7.550000000000000711, 18.19999999999999929, 0.000000000000000000 ) ) ;
#1577 = AXIS2_PLACEMENT_3D ( 'NONE', #2269, #595, #2300 ) ;
#1578 = VECTOR ( 'NONE', #580, 1000.000000000000000 ) ;
#1579 = CARTESIAN_POINT ( 'NONE',  ( 17.00000000000000000, 18.19999999999999929, 0.000000000000000000 ) ) ;
#1580 = CIRCLE ( 'NONE', #1670, 0.2500000000000002220 ) ;
#1581 = VECTOR ( 'NONE', #586, 1000.000000000000000 ) ;
#1582 = ORIENTED_EDGE ( 'NONE', *, *, #864, .T. ) ;
#1583 = EDGE_CURVE ( 'NONE', #325, #669, #493, .T. ) ;
#1584 = AXIS2_PLACEMENT_3D ( 'NONE', #2399, #84, #2197 ) ;
#1585 = DIRECTION ( 'NONE',  ( 1.000000000000000000, 0.000000000000000000, 0.000000000000000000 ) ) ;
#1586 = FACE_BOUND ( 'NONE', #2175, .T. ) ;
#1587 = EDGE_CURVE ( 'NONE', #2450, #304, #465, .T. ) ;
#1588 = EDGE_LOOP ( 'NONE', ( #15, #591, #1335, #2459 ) ) ;
#1589 = CARTESIAN_POINT ( 'NONE',  ( 17.00000000000000000, -18.19999999999999929, 0.000000000000000000 ) ) ;
#1590 = DIRECTION ( 'NONE',  ( 0.000000000000000000, 0.000000000000000000, -1.000000000000000000 ) ) ;
#1591 = ORIENTED_EDGE ( 'NONE', *, *, #1467, .F. ) ;
#1592 = LINE ( 'NONE', #988, #1355 ) ;
#1593 = CARTESIAN_POINT ( 'NONE',  ( -5.950000000000000178, -19.00000000000000000, -0.5999999999999999778 ) ) ;
#1594 = FACE_OUTER_BOUND ( 'NONE', #336, .T. ) ;
#1595 = ORIENTED_EDGE ( 'NONE', *, *, #1134, .T. ) ;
#1596 = DIRECTION ( 'NONE',  ( 0.000000000000000000, 0.000000000000000000, -1.000000000000000000 ) ) ;
#1597 = EDGE_CURVE ( 'NONE', #78, #1985, #2596, .T. ) ;
#1598 = DIRECTION ( 'NONE',  ( -1.000000000000000000, 0.000000000000000000, 0.000000000000000000 ) ) ;
#1599 = ADVANCED_FACE ( 'NONE', ( #1305 ), #1117, .F. ) ;
#1600 = ORIENTED_EDGE ( 'NONE', *, *, #847, .F. ) ;
#1601 = CARTESIAN_POINT ( 'NONE',  ( 0.000000000000000000, 0.000000000000000000, -2.000000000000000000 ) ) ;
#1602 = DIRECTION ( 'NONE',  ( 1.000000000000000000, 0.000000000000000000, 0.000000000000000000 ) ) ;
#1603 = VERTEX_POINT ( 'NONE', #1537 ) ;
#1604 = CARTESIAN_POINT ( 'NONE',  ( -32.70000000000000284, 20.00000000000000000, 1.199999999999999956 ) ) ;
#1605 = CARTESIAN_POINT ( 'NONE',  ( -5.950000000000000178, -19.00000000000000000, 0.000000000000000000 ) ) ;
#1606 = PERSON_AND_ORGANIZATION ( #18446744073709551615, #18446744073709551615 ) ;
#1607 = ORIENTED_EDGE ( 'NONE', *, *, #8, .T. ) ;
#1608 = VERTEX_POINT ( 'NONE', #1935 ) ;
#1609 = DIRECTION ( 'NONE',  ( 0.000000000000000000, 0.000000000000000000, -1.000000000000000000 ) ) ;
#1610 = CARTESIAN_POINT ( 'NONE',  ( 17.00000000000000000, 12.20000000000000107, 0.000000000000000000 ) ) ;
#1611 = EDGE_CURVE ( 'NONE', #100, #1068, #1957, .T. ) ;
#1612 = DIRECTION ( 'NONE',  ( 0.000000000000000000, 0.000000000000000000, -1.000000000000000000 ) ) ;
#1613 = LINE ( 'NONE', #1154, #523 ) ;
#1614 = EDGE_CURVE ( 'NONE', #1291, #2204, #2356, .T. ) ;
#1615 = ORIENTED_EDGE ( 'NONE', *, *, #2218, .T. ) ;
#1616 = LINE ( 'NONE', #754, #1181 ) ;
#1617 = CARTESIAN_POINT ( 'NONE',  ( -29.30000000000000071, 19.19999999999999929, 0.000000000000000000 ) ) ;
#1618 = VECTOR ( 'NONE', #2408, 1000.000000000000000 ) ;
#1619 = ORIENTED_EDGE ( 'NONE', *, *, #2619, .T. ) ;
#1620 = AXIS2_PLACEMENT_3D ( 'NONE', #2252, #375, #389 ) ;
#1621 = CIRCLE ( 'NONE', #442, 0.2500000000000002220 ) ;
#1622 = DIRECTION ( 'NONE',  ( 0.000000000000000000, -1.000000000000000000, 0.000000000000000000 ) ) ;
#1623 = VECTOR ( 'NONE', #1823, 1000.000000000000000 ) ;
#1624 = DIRECTION ( 'NONE',  ( 0.000000000000000000, 0.000000000000000000, -1.000000000000000000 ) ) ;
#1625 = CIRCLE ( 'NONE', #445, 1.000000000000000888 ) ;
#1626 = DIRECTION ( 'NONE',  ( 0.000000000000000000, -1.000000000000000000, 0.000000000000000000 ) ) ;
#1627 = CARTESIAN_POINT ( 'NONE',  ( 14.00000000000000000, 3.000000000000000000, 3.000000000000000000 ) ) ;
#1628 = LINE ( 'NONE', #160, #1359 ) ;
#1629 = ORIENTED_EDGE ( 'NONE', *, *, #1485, .F. ) ;
#1630 = EDGE_CURVE ( 'NONE', #2556, #699, #1276, .T. ) ;
#1631 = CARTESIAN_POINT ( 'NONE',  ( 17.00000000000000000, 12.20000000000000107, 1.199999999999999956 ) ) ;
#1632 = CARTESIAN_POINT ( 'NONE',  ( -32.70000000000000284, 20.00000000000000000, 1.199999999999999956 ) ) ;
#1633 = MECHANICAL_CONTEXT ( 'NONE', #1390, 'mechanical' ) ;
#1634 = VERTEX_POINT ( 'NONE', #896 ) ;
#1635 = ADVANCED_FACE ( 'NONE', ( #69 ), #2384, .T. ) ;
#1636 = VERTEX_POINT ( 'NONE', #2558 ) ;
#1637 = CARTESIAN_POINT ( 'NONE',  ( -5.950000000000000178, 19.00000000000000000, 0.000000000000000000 ) ) ;
#1638 = FACE_OUTER_BOUND ( 'NONE', #1770, .T. ) ;
#1639 = PLANE ( 'NONE',  #1185 ) ;
#1640 = CARTESIAN_POINT ( 'NONE',  ( -14.40000000000000036, -12.20000000000000107, 0.000000000000000000 ) ) ;
#1641 = LINE ( 'NONE', #1029, #2590 ) ;
#1642 = ORIENTED_EDGE ( 'NONE', *, *, #1302, .F. ) ;
#1643 = LINE ( 'NONE', #2302, #782 ) ;
#1644 = CARTESIAN_POINT ( 'NONE',  ( -36.00000000000000000, -20.00000000000000000, 0.000000000000000000 ) ) ;
#1645 = EDGE_CURVE ( 'NONE', #2127, #1068, #907, .T. ) ;
#1646 = APPROVAL_ROLE ( '' ) ;
#1647 = VERTEX_POINT ( 'NONE', #1741 ) ;
#1648 = ORIENTED_EDGE ( 'NONE', *, *, #1394, .F. ) ;
#1649 = EDGE_CURVE ( 'NONE', #1920, #898, #503, .T. ) ;
#1650 = CARTESIAN_POINT ( 'NONE',  ( 17.25000000000000000, 18.19999999999999929, 1.199999999999999956 ) ) ;
#1651 = ORIENTED_EDGE ( 'NONE', *, *, #2610, .F. ) ;
#1652 = CARTESIAN_POINT ( 'NONE',  ( -36.00000000000000000, -20.00000000000000000, 0.000000000000000000 ) ) ;
#1653 = DIRECTION ( 'NONE',  ( 0.000000000000000000, 0.000000000000000000, 1.000000000000000000 ) ) ;
#1654 = PLANE ( 'NONE',  #2363 ) ;
#1655 = DIRECTION ( 'NONE',  ( 0.000000000000000000, 0.000000000000000000, -1.000000000000000000 ) ) ;
#1656 = ORIENTED_EDGE ( 'NONE', *, *, #1549, .F. ) ;
#1657 = CARTESIAN_POINT ( 'NONE',  ( -28.89999999999999858, 13.50000000000000000, 0.000000000000000000 ) ) ;
#1658 = LINE ( 'NONE', #1703, #92 ) ;
#1659 = PERSON_AND_ORGANIZATION_ROLE ( 'design_owner' ) ;
#1660 = ORIENTED_EDGE ( 'NONE', *, *, #604, .F. ) ;
#1661 = ORIENTED_EDGE ( 'NONE', *, *, #1445, .F. ) ;
#1662 = CARTESIAN_POINT ( 'NONE',  ( 21.50000000000000000, 18.00000000000000000, 1.199999999999999956 ) ) ;
#1663 = AXIS2_PLACEMENT_3D ( 'NONE', #1640, #2254, #1889 ) ;
#1664 = VERTEX_POINT ( 'NONE', #298 ) ;
#1665 = ADVANCED_FACE ( 'NONE', ( #1128 ), #2174, .T. ) ;
#1666 = CARTESIAN_POINT ( 'NONE',  ( 32.70000000000000284, 19.19999999999999929, 1.199999999999999956 ) ) ;
#1667 = AXIS2_PLACEMENT_3D ( 'NONE', #120, #1590, #1384 ) ;
#1668 = VECTOR ( 'NONE', #2476, 1000.000000000000000 ) ;
#1669 = DIRECTION ( 'NONE',  ( 0.000000000000000000, 0.000000000000000000, 1.000000000000000000 ) ) ;
#1670 = AXIS2_PLACEMENT_3D ( 'NONE', #116, #1596, #2182 ) ;
#1671 = EDGE_CURVE ( 'NONE', #2609, #2559, #1354, .T. ) ;
#1672 = DIRECTION ( 'NONE',  ( 0.000000000000000000, 0.000000000000000000, -1.000000000000000000 ) ) ;
#1673 = AXIS2_PLACEMENT_3D ( 'NONE', #1195, #1219, #2439 ) ;
#1674 = LINE ( 'NONE', #629, #2500 ) ;
#1675 = LOCAL_TIME ( 18, 49, 42.00000000000000000, #1416 ) ;
#1676 = ORIENTED_EDGE ( 'NONE', *, *, #1031, .F. ) ;
#1677 = CARTESIAN_POINT ( 'NONE',  ( -14.40000000000000036, 13.25000000000000000, 1.199999999999999956 ) ) ;
#1678 = CARTESIAN_POINT ( 'NONE',  ( -14.40000000000000036, -13.25000000000000000, 0.000000000000000000 ) ) ;
#1679 = ORIENTED_EDGE ( 'NONE', *, *, #458, .T. ) ;
#1680 = ORIENTED_EDGE ( 'NONE', *, *, #1210, .F. ) ;
#1681 = LINE ( 'NONE', #2531, #98 ) ;
#1682 = EDGE_LOOP ( 'NONE', ( #1152, #2114, #897, #1547 ) ) ;
#1683 = DIRECTION ( 'NONE',  ( 1.000000000000000000, 0.000000000000000000, 0.000000000000000000 ) ) ;
#1684 = EDGE_CURVE ( 'NONE', #2335, #2289, #1768, .T. ) ;
#1685 = CARTESIAN_POINT ( 'NONE',  ( 17.00000000000000000, 18.19999999999999929, 0.000000000000000000 ) ) ;
#1686 = LINE ( 'NONE', #805, #1315 ) ;
#1687 = CARTESIAN_POINT ( 'NONE',  ( -14.65000000000000036, 18.19999999999999929, 0.000000000000000000 ) ) ;
#1688 = EDGE_CURVE ( 'NONE', #1739, #1159, #2325, .T. ) ;
#1689 = ORIENTED_EDGE ( 'NONE', *, *, #1699, .F. ) ;
#1690 = CARTESIAN_POINT ( 'NONE',  ( 14.00000000000000000, 3.000000000000000000, 1.199999999999999956 ) ) ;
#1691 = FACE_OUTER_BOUND ( 'NONE', #1119, .T. ) ;
#1692 = ORIENTED_EDGE ( 'NONE', *, *, #1151, .T. ) ;
#1693 = ORIENTED_EDGE ( 'NONE', *, *, #2561, .T. ) ;
#1694 = DIRECTION ( 'NONE',  ( 0.000000000000000000, 0.000000000000000000, 1.000000000000000000 ) ) ;
#1695 = ORIENTED_EDGE ( 'NONE', *, *, #1349, .T. ) ;
#1696 = DIRECTION ( 'NONE',  ( 0.000000000000000000, 0.000000000000000000, -1.000000000000000000 ) ) ;
#1697 = PLANE ( 'NONE',  #2108 ) ;
#1698 = CARTESIAN_POINT ( 'NONE',  ( -27.40000000000000213, -14.50000000000000000, 0.000000000000000000 ) ) ;
#1699 = EDGE_CURVE ( 'NONE', #314, #800, #1007, .T. ) ;
#1700 = VERTEX_POINT ( 'NONE', #2648 ) ;
#1701 = DIRECTION ( 'NONE',  ( -1.000000000000000000, 0.000000000000000000, 0.000000000000000000 ) ) ;
#1702 = ADVANCED_FACE ( 'NONE', ( #1373 ), #1176, .T. ) ;
#1703 = CARTESIAN_POINT ( 'NONE',  ( 29.30000000000000071, -19.19999999999999929, 0.000000000000000000 ) ) ;
#1704 = EDGE_LOOP ( 'NONE', ( #1865, #2687, #60, #1417 ) ) ;
#1705 = ORIENTED_EDGE ( 'NONE', *, *, #2575, .T. ) ;
#1706 = DIRECTION ( 'NONE',  ( -1.000000000000000000, 0.000000000000000000, 0.000000000000000000 ) ) ;
#1707 = VERTEX_POINT ( 'NONE', #109 ) ;
#1708 = DIRECTION ( 'NONE',  ( 0.000000000000000000, 0.000000000000000000, 1.000000000000000000 ) ) ;
#1709 = CARTESIAN_POINT ( 'NONE',  ( 0.05000000000000000278, 18.19999999999999929, 0.000000000000000000 ) ) ;
#1710 = VECTOR ( 'NONE', #1982, 1000.000000000000000 ) ;
#1711 = CARTESIAN_POINT ( 'NONE',  ( 7.550000000000000711, -18.19999999999999929, -0.5999999999999999778 ) ) ;
#1712 = AXIS2_PLACEMENT_3D ( 'NONE', #418, #1883, #166 ) ;
#1713 = VECTOR ( 'NONE', #2327, 1000.000000000000000 ) ;
#1714 = VECTOR ( 'NONE', #2564, 1000.000000000000000 ) ;
#1715 = ORIENTED_EDGE ( 'NONE', *, *, #1212, .F. ) ;
#1716 = LINE ( 'NONE', #68, #2405 ) ;
#1717 = CARTESIAN_POINT ( 'NONE',  ( 0.000000000000000000, 0.000000000000000000, -2.000000000000000000 ) ) ;
#1718 = VECTOR ( 'NONE', #1515, 1000.000000000000000 ) ;
#1719 = EDGE_CURVE ( 'NONE', #1603, #1920, #1628, .T. ) ;
#1720 = ORIENTED_EDGE ( 'NONE', *, *, #2132, .F. ) ;
#1721 = EDGE_LOOP ( 'NONE', ( #1129, #2475, #688, #634 ) ) ;
#1722 = EDGE_CURVE ( 'NONE', #1855, #890, #1838, .T. ) ;
#1723 = LINE ( 'NONE', #649, #1282 ) ;
#1724 = ORIENTED_EDGE ( 'NONE', *, *, #172, .T. ) ;
#1725 = DIRECTION ( 'NONE',  ( 1.000000000000000000, 0.000000000000000000, 0.000000000000000000 ) ) ;
#1726 = FACE_OUTER_BOUND ( 'NONE', #2097, .T. ) ;
#1727 = LINE ( 'NONE', #489, #746 ) ;
#1728 = ORIENTED_EDGE ( 'NONE', *, *, #40, .T. ) ;
#1729 = PLANE ( 'NONE',  #1101 ) ;
#1730 = LINE ( 'NONE', #2138, #225 ) ;
#1731 = ORIENTED_EDGE ( 'NONE', *, *, #2473, .F. ) ;
#1732 = ORIENTED_EDGE ( 'NONE', *, *, #2382, .F. ) ;
#1733 = EDGE_CURVE ( 'NONE', #1992, #2646, #956, .T. ) ;
#1734 = LINE ( 'NONE', #1880, #178 ) ;
#1735 = ORIENTED_EDGE ( 'NONE', *, *, #1166, .T. ) ;
#1736 = EDGE_CURVE ( 'NONE', #1112, #2574, #945, .T. ) ;
#1737 = CARTESIAN_POINT ( 'NONE',  ( 6.049999999999999822, -19.00000000000000000, 0.000000000000000000 ) ) ;
#1738 = CARTESIAN_POINT ( 'NONE',  ( 29.30000000000000071, 19.19999999999999929, 0.000000000000000000 ) ) ;
#1739 = VERTEX_POINT ( 'NONE', #775 ) ;
#1740 = LINE ( 'NONE', #1497, #306 ) ;
#1741 = CARTESIAN_POINT ( 'NONE',  ( 29.30000000000000071, -20.00000000000000000, 0.000000000000000000 ) ) ;
#1742 = ORIENTED_EDGE ( 'NONE', *, *, #1131, .F. ) ;
#1743 = VERTEX_POINT ( 'NONE', #2410 ) ;
#1744 = FACE_OUTER_BOUND ( 'NONE', #973, .T. ) ;
#1745 = VERTEX_POINT ( 'NONE', #533 ) ;
#1746 = CARTESIAN_POINT ( 'NONE',  ( -4.450000000000000178, 19.00000000000000000, 0.000000000000000000 ) ) ;
#1747 = ADVANCED_FACE ( 'NONE', ( #1791 ), #2244, .T. ) ;
#1748 = CIRCLE ( 'NONE', #2227, 1.050000000000000488 ) ;
#1749 = FACE_OUTER_BOUND ( 'NONE', #111, .T. ) ;
#1750 = VECTOR ( 'NONE', #1435, 1000.000000000000000 ) ;
#1751 = EDGE_CURVE ( 'NONE', #2560, #175, #583, .T. ) ;
#1752 = VERTEX_POINT ( 'NONE', #764 ) ;
#1753 = DIRECTION ( 'NONE',  ( 0.000000000000000000, 1.000000000000000000, 0.000000000000000000 ) ) ;
#1754 = AXIS2_PLACEMENT_3D ( 'NONE', #1351, #1788, #2391 ) ;
#1755 = LINE ( 'NONE', #2153, #664 ) ;
#1756 = AXIS2_PLACEMENT_3D ( 'NONE', #820, #2312, #2065 ) ;
#1757 = VECTOR ( 'NONE', #273, 1000.000000000000000 ) ;
#1758 = ORIENTED_EDGE ( 'NONE', *, *, #693, .F. ) ;
#1759 = EDGE_LOOP ( 'NONE', ( #1091, #1660 ) ) ;
#1760 = AXIS2_PLACEMENT_3D ( 'NONE', #281, #1122, #2377 ) ;
#1761 = CARTESIAN_POINT ( 'NONE',  ( -34.70000000000000284, 20.00000000000000000, 0.000000000000000000 ) ) ;
#1762 = ORIENTED_EDGE ( 'NONE', *, *, #154, .T. ) ;
#1763 = CARTESIAN_POINT ( 'NONE',  ( 32.70000000000000284, -19.19999999999999929, 0.000000000000000000 ) ) ;
#1764 = CARTESIAN_POINT ( 'NONE',  ( -28.89999999999999858, -14.50000000000000000, 0.000000000000000000 ) ) ;
#1765 = ADVANCED_FACE ( 'NONE', ( #327 ), #2206, .T. ) ;
#1766 = VERTEX_POINT ( 'NONE', #792 ) ;
#1767 = LINE ( 'NONE', #2393, #1926 ) ;
#1768 = LINE ( 'NONE', #2372, #2186 ) ;
#1769 = ADVANCED_FACE ( 'NONE', ( #752 ), #148, .F. ) ;
#1770 = EDGE_LOOP ( 'NONE', ( #2093, #1283, #1651, #1528 ) ) ;
#1771 = ORIENTED_EDGE ( 'NONE', *, *, #293, .F. ) ;
#1772 = CARTESIAN_POINT ( 'NONE',  ( -29.30000000000000071, -19.19999999999999929, 1.199999999999999956 ) ) ;
#1773 = PLANE ( 'NONE',  #1408 ) ;
#1774 = ORIENTED_EDGE ( 'NONE', *, *, #1265, .F. ) ;
#1775 = FACE_BOUND ( 'NONE', #915, .T. ) ;
#1776 = FACE_BOUND ( 'NONE', #263, .T. ) ;
#1777 = ORIENTED_EDGE ( 'NONE', *, *, #2014, .T. ) ;
#1778 = CARTESIAN_POINT ( 'NONE',  ( -4.450000000000000178, 19.00000000000000000, -0.5999999999999999778 ) ) ;
#1779 = FACE_OUTER_BOUND ( 'NONE', #1226, .T. ) ;
#1780 = ORIENTED_EDGE ( 'NONE', *, *, #106, .T. ) ;
#1781 = EDGE_CURVE ( 'NONE', #2085, #800, #1395, .T. ) ;
#1782 = LINE ( 'NONE', #2438, #433 ) ;
#1783 = DIRECTION ( 'NONE',  ( 0.000000000000000000, 0.000000000000000000, -1.000000000000000000 ) ) ;
#1784 = CARTESIAN_POINT ( 'NONE',  ( 7.550000000000000711, 18.19999999999999929, 0.000000000000000000 ) ) ;
#1785 = EDGE_CURVE ( 'NONE', #2598, #2169, #2035, .T. ) ;
#1786 = ORIENTED_EDGE ( 'NONE', *, *, #1385, .T. ) ;
#1787 = FACE_BOUND ( 'NONE', #2345, .T. ) ;
#1788 = DIRECTION ( 'NONE',  ( 0.000000000000000000, -1.000000000000000000, 0.000000000000000000 ) ) ;
#1789 = ORIENTED_EDGE ( 'NONE', *, *, #1952, .T. ) ;
#1790 = DIRECTION ( 'NONE',  ( 1.000000000000000000, 0.000000000000000000, 0.000000000000000000 ) ) ;
#1791 = FACE_OUTER_BOUND ( 'NONE', #1003, .T. ) ;
#1792 = AXIS2_PLACEMENT_3D ( 'NONE', #286, #697, #2371 ) ;
#1793 = EDGE_LOOP ( 'NONE', ( #161, #1807, #2150, #1270 ) ) ;
#1794 = DIRECTION ( 'NONE',  ( 0.000000000000000000, 0.000000000000000000, 1.000000000000000000 ) ) ;
#1795 = CARTESIAN_POINT ( 'NONE',  ( -5.950000000000000178, 18.19999999999999929, 0.000000000000000000 ) ) ;
#1796 = VECTOR ( 'NONE', #136, 1000.000000000000000 ) ;
#1797 = VECTOR ( 'NONE', #213, 1000.000000000000000 ) ;
#1798 = ADVANCED_FACE ( 'NONE', ( #1830 ), #1192, .F. ) ;
#1799 = FACE_OUTER_BOUND ( 'NONE', #673, .T. ) ;
#1800 = VECTOR ( 'NONE', #874, 1000.000000000000000 ) ;
#1801 = AXIS2_PLACEMENT_3D ( 'NONE', #2113, #1046, #2304 ) ;
#1802 = ORIENTED_EDGE ( 'NONE', *, *, #1630, .T. ) ;
#1803 = AXIS2_PLACEMENT_3D ( 'NONE', #2117, #241, #2321 ) ;
#1804 = EDGE_CURVE ( 'NONE', #584, #711, #1613, .T. ) ;
#1805 = DIRECTION ( 'NONE',  ( 0.000000000000000000, -1.000000000000000000, 0.000000000000000000 ) ) ;
#1806 = CARTESIAN_POINT ( 'NONE',  ( -4.450000000000000178, -19.00000000000000000, -0.5999999999999999778 ) ) ;
#1807 = ORIENTED_EDGE ( 'NONE', *, *, #1804, .F. ) ;
#1808 = LINE ( 'NONE', #1819, #1225 ) ;
#1809 = DIRECTION ( 'NONE',  ( 0.000000000000000000, 1.000000000000000000, 0.000000000000000000 ) ) ;
#1810 = ORIENTED_EDGE ( 'NONE', *, *, #931, .F. ) ;
#1811 = LINE ( 'NONE', #558, #1924 ) ;
#1812 = CARTESIAN_POINT ( 'NONE',  ( -5.950000000000000178, 18.19999999999999929, 0.000000000000000000 ) ) ;
#1813 = COORDINATED_UNIVERSAL_TIME_OFFSET ( 10, 0, .AHEAD. ) ;
#1814 = ORIENTED_EDGE ( 'NONE', *, *, #290, .F. ) ;
#1815 = EDGE_CURVE ( 'NONE', #2599, #314, #367, .T. ) ;
#1816 = DIRECTION ( 'NONE',  ( -0.000000000000000000, 1.000000000000000000, 0.000000000000000000 ) ) ;
#1817 = ADVANCED_FACE ( 'NONE', ( #1779 ), #1422, .T. ) ;
#1818 = DIRECTION ( 'NONE',  ( 1.000000000000000000, 0.000000000000000000, 0.000000000000000000 ) ) ;
#1819 = CARTESIAN_POINT ( 'NONE',  ( -27.40000000000000213, 13.50000000000000000, 0.000000000000000000 ) ) ;
#1820 = DIRECTION ( 'NONE',  ( 0.000000000000000000, 0.000000000000000000, -1.000000000000000000 ) ) ;
#1821 = ORIENTED_EDGE ( 'NONE', *, *, #2586, .F. ) ;
#1822 = DIRECTION ( 'NONE',  ( 0.000000000000000000, -1.000000000000000000, 0.000000000000000000 ) ) ;
#1823 = DIRECTION ( 'NONE',  ( 1.000000000000000000, 0.000000000000000000, 0.000000000000000000 ) ) ;
#1824 = EDGE_LOOP ( 'NONE', ( #27, #1437, #122, #730 ) ) ;
#1825 = CARTESIAN_POINT ( 'NONE',  ( -4.450000000000000178, 19.00000000000000000, 0.000000000000000000 ) ) ;
#1826 = DIRECTION ( 'NONE',  ( 0.000000000000000000, 0.000000000000000000, -1.000000000000000000 ) ) ;
#1827 = EDGE_CURVE ( 'NONE', #1112, #498, #1641, .T. ) ;
#1828 = DIRECTION ( 'NONE',  ( 0.000000000000000000, 0.000000000000000000, -1.000000000000000000 ) ) ;
#1829 = LINE ( 'NONE', #1845, #1750 ) ;
#1830 = FACE_OUTER_BOUND ( 'NONE', #2260, .T. ) ;
#1831 = EDGE_CURVE ( 'NONE', #1566, #100, #1674, .T. ) ;
#1832 = EDGE_LOOP ( 'NONE', ( #1514, #1303, #571, #1209 ) ) ;
#1833 = CARTESIAN_POINT ( 'NONE',  ( -4.450000000000000178, -19.00000000000000000, 0.000000000000000000 ) ) ;
#1834 = CARTESIAN_POINT ( 'NONE',  ( 34.70000000000000284, 20.00000000000000000, 1.199999999999999956 ) ) ;
#1835 = AXIS2_PLACEMENT_3D ( 'NONE', #1601, #147, #1164 ) ;
#1836 = ORIENTED_EDGE ( 'NONE', *, *, #110, .T. ) ;
#1837 = VECTOR ( 'NONE', #1927, 1000.000000000000000 ) ;
#1838 = CIRCLE ( 'NONE', #1667, 0.2500000000000002220 ) ;
#1839 = DIRECTION ( 'NONE',  ( 1.000000000000000000, 0.000000000000000000, 0.000000000000000000 ) ) ;
#1840 = AXIS2_PLACEMENT_3D ( 'NONE', #2126, #2515, #2690 ) ;
#1841 = LINE ( 'NONE', #2683, #1668 ) ;
#1842 = AXIS2_PLACEMENT_3D ( 'NONE', #158, #995, #892 ) ;
#1843 = DIRECTION ( 'NONE',  ( -1.000000000000000000, 0.000000000000000000, 0.000000000000000000 ) ) ;
#1844 = CC_DESIGN_APPROVAL ( #2656, ( #530 ) ) ;
#1845 = CARTESIAN_POINT ( 'NONE',  ( 6.049999999999999822, -18.19999999999999929, -0.5999999999999999778 ) ) ;
#1846 = ADVANCED_FACE ( 'NONE', ( #2047 ), #834, .T. ) ;
#1847 = CARTESIAN_POINT ( 'NONE',  ( -14.14999999999999858, -18.19999999999999929, 0.000000000000000000 ) ) ;
#1848 = EDGE_LOOP ( 'NONE', ( #2378, #886 ) ) ;
#1849 = PLANE ( 'NONE',  #521 ) ;
#1850 = FACE_OUTER_BOUND ( 'NONE', #1307, .T. ) ;
#1851 = APPROVAL_DATE_TIME ( #575, #743 ) ;
#1852 = ORIENTED_EDGE ( 'NONE', *, *, #127, .T. ) ;
#1853 = VERTEX_POINT ( 'NONE', #190 ) ;
#1854 = DIRECTION ( 'NONE',  ( -1.000000000000000000, 0.000000000000000000, 0.000000000000000000 ) ) ;
#1855 = VERTEX_POINT ( 'NONE', #1687 ) ;
#1856 = LINE ( 'NONE', #9, #614 ) ;
#1857 = LINE ( 'NONE', #1450, #1888 ) ;
#1858 = DIRECTION ( 'NONE',  ( 0.000000000000000000, -1.000000000000000000, 0.000000000000000000 ) ) ;
#1859 = DIRECTION ( 'NONE',  ( 0.000000000000000000, 0.000000000000000000, -1.000000000000000000 ) ) ;
#1860 = ORIENTED_EDGE ( 'NONE', *, *, #305, .F. ) ;
#1861 = DIRECTION ( 'NONE',  ( 1.000000000000000000, 0.000000000000000000, 0.000000000000000000 ) ) ;
#1862 = CARTESIAN_POINT ( 'NONE',  ( -27.40000000000000213, -16.50000000000000000, -2.000000000000000000 ) ) ;
#1863 = ADVANCED_FACE ( 'NONE', ( #1479 ), #2523, .F. ) ;
#1864 = APPROVAL_DATE_TIME ( #1440, #1036 ) ;
#1865 = ORIENTED_EDGE ( 'NONE', *, *, #1938, .T. ) ;
#1866 = EDGE_LOOP ( 'NONE', ( #1728, #1267, #71, #2001 ) ) ;
#1867 = EDGE_CURVE ( 'NONE', #1700, #1484, #2512, .T. ) ;
#1868 = CARTESIAN_POINT ( 'NONE',  ( 0.05000000000000000278, -19.00000000000000000, 0.000000000000000000 ) ) ;
#1869 = EDGE_LOOP ( 'NONE', ( #451, #427, #400, #56 ) ) ;
#1870 = CARTESIAN_POINT ( 'NONE',  ( 10.55000000000000071, 3.000000000000000000, 3.000000000000000000 ) ) ;
#1871 = LINE ( 'NONE', #168, #2454 ) ;
#1872 = DIRECTION ( 'NONE',  ( 1.000000000000000000, 0.000000000000000000, 0.000000000000000000 ) ) ;
#1873 = CARTESIAN_POINT ( 'NONE',  ( -29.30000000000000071, 19.19999999999999929, 0.000000000000000000 ) ) ;
#1874 = ORIENTED_EDGE ( 'NONE', *, *, #851, .F. ) ;
#1875 = CARTESIAN_POINT ( 'NONE',  ( 7.550000000000000711, 18.19999999999999929, 0.000000000000000000 ) ) ;
#1876 = CARTESIAN_POINT ( 'NONE',  ( -5.950000000000000178, 19.00000000000000000, -0.5999999999999999778 ) ) ;
#1877 = ORIENTED_EDGE ( 'NONE', *, *, #2473, .T. ) ;
#1878 = ORIENTED_EDGE ( 'NONE', *, *, #1933, .F. ) ;
#1879 = ADVANCED_FACE ( 'NONE', ( #1455 ), #2714, .T. ) ;
#1880 = CARTESIAN_POINT ( 'NONE',  ( 29.30000000000000071, 20.00000000000000000, 0.000000000000000000 ) ) ;
#1881 = VECTOR ( 'NONE', #1175, 1000.000000000000000 ) ;
#1882 = EDGE_LOOP ( 'NONE', ( #368, #1313 ) ) ;
#1883 = DIRECTION ( 'NONE',  ( 0.000000000000000000, 0.000000000000000000, -1.000000000000000000 ) ) ;
#1884 = EDGE_CURVE ( 'NONE', #1068, #498, #2493, .T. ) ;
#1885 = VECTOR ( 'NONE', #1420, 1000.000000000000000 ) ;
#1886 = AXIS2_PLACEMENT_3D ( 'NONE', #1028, #1672, #1858 ) ;
#1887 = DIRECTION ( 'NONE',  ( 0.000000000000000000, 0.000000000000000000, 1.000000000000000000 ) ) ;
#1888 = VECTOR ( 'NONE', #1202, 1000.000000000000000 ) ;
#1889 = DIRECTION ( 'NONE',  ( 0.000000000000000000, -1.000000000000000000, 0.000000000000000000 ) ) ;
#1890 = DIRECTION ( 'NONE',  ( 0.000000000000000000, -1.000000000000000000, 0.000000000000000000 ) ) ;
#1891 = VECTOR ( 'NONE', #456, 1000.000000000000000 ) ;
#1892 = EDGE_LOOP ( 'NONE', ( #1958, #1092, #894, #1123 ) ) ;
#1893 = DIRECTION ( 'NONE',  ( -1.000000000000000000, 0.000000000000000000, 0.000000000000000000 ) ) ;
#1894 = DIRECTION ( 'NONE',  ( -1.000000000000000000, 0.000000000000000000, 0.000000000000000000 ) ) ;
#1895 = ORIENTED_EDGE ( 'NONE', *, *, #2250, .T. ) ;
#1896 = ORIENTED_EDGE ( 'NONE', *, *, #1183, .T. ) ;
#1897 = CARTESIAN_POINT ( 'NONE',  ( 1.550000000000000044, -19.00000000000000000, 0.000000000000000000 ) ) ;
#1898 = EDGE_CURVE ( 'NONE', #2418, #385, #392, .T. ) ;
#1899 = ORIENTED_EDGE ( 'NONE', *, *, #354, .T. ) ;
#1900 = CARTESIAN_POINT ( 'NONE',  ( 0.05000000000000000278, 19.00000000000000000, -0.5999999999999999778 ) ) ;
#1901 = LINE ( 'NONE', #35, #666 ) ;
#1902 = EDGE_CURVE ( 'NONE', #385, #711, #1261, .T. ) ;
#1903 = DIRECTION ( 'NONE',  ( 1.000000000000000000, 0.000000000000000000, 0.000000000000000000 ) ) ;
#1904 = ORIENTED_EDGE ( 'NONE', *, *, #2398, .T. ) ;
#1905 = CARTESIAN_POINT ( 'NONE',  ( -4.450000000000000178, -18.19999999999999929, -0.5999999999999999778 ) ) ;
#1906 = CARTESIAN_POINT ( 'NONE',  ( -29.30000000000000071, 20.00000000000000000, 0.000000000000000000 ) ) ;
#1907 = VERTEX_POINT ( 'NONE', #853 ) ;
#1908 = VERTEX_POINT ( 'NONE', #1436 ) ;
#1909 = LINE ( 'NONE', #2129, #2239 ) ;
#1910 = ORIENTED_EDGE ( 'NONE', *, *, #1831, .T. ) ;
#1911 = CYLINDRICAL_SURFACE ( 'NONE', #1539, 1.000000000000000888 ) ;
#1912 = DIRECTION ( 'NONE',  ( 0.000000000000000000, 0.000000000000000000, -1.000000000000000000 ) ) ;
#1913 = LINE ( 'NONE', #66, #2056 ) ;
#1914 = EDGE_CURVE ( 'NONE', #1908, #1510, #2092, .T. ) ;
#1915 = ORIENTED_EDGE ( 'NONE', *, *, #1587, .T. ) ;
#1916 = CARTESIAN_POINT ( 'NONE',  ( -14.40000000000000036, -12.20000000000000107, 0.000000000000000000 ) ) ;
#1917 = DIRECTION ( 'NONE',  ( 0.000000000000000000, -1.000000000000000000, 0.000000000000000000 ) ) ;
#1918 = EDGE_CURVE ( 'NONE', #1281, #2646, #611, .T. ) ;
#1919 = VERTEX_POINT ( 'NONE', #217 ) ;
#1920 = VERTEX_POINT ( 'NONE', #2078 ) ;
#1921 = CARTESIAN_POINT ( 'NONE',  ( 6.049999999999999822, -19.00000000000000000, 0.000000000000000000 ) ) ;
#1922 = ORIENTED_EDGE ( 'NONE', *, *, #12, .T. ) ;
#1923 = CARTESIAN_POINT ( 'NONE',  ( 34.70000000000000284, 20.00000000000000000, 0.000000000000000000 ) ) ;
#1924 = VECTOR ( 'NONE', #1397, 1000.000000000000000 ) ;
#1925 = DIRECTION ( 'NONE',  ( 0.000000000000000000, -1.000000000000000000, 0.000000000000000000 ) ) ;
#1926 = VECTOR ( 'NONE', #1353, 1000.000000000000000 ) ;
#1927 = DIRECTION ( 'NONE',  ( 0.000000000000000000, 0.000000000000000000, -1.000000000000000000 ) ) ;
#1928 = VECTOR ( 'NONE', #986, 1000.000000000000000 ) ;
#1929 = CIRCLE ( 'NONE', #2633, 0.2500000000000002220 ) ;
#1930 = CIRCLE ( 'NONE', #2194, 3.449999999999999734 ) ;
#1931 = VECTOR ( 'NONE', #22, 1000.000000000000000 ) ;
#1932 = EDGE_LOOP ( 'NONE', ( #2142, #467, #2663, #1895 ) ) ;
#1933 = EDGE_CURVE ( 'NONE', #1603, #260, #1249, .T. ) ;
#1934 = DIRECTION ( 'NONE',  ( 0.000000000000000000, 0.000000000000000000, -1.000000000000000000 ) ) ;
#1935 = CARTESIAN_POINT ( 'NONE',  ( -14.14999999999999858, 18.19999999999999929, 1.199999999999999956 ) ) ;
#1936 = AXIS2_PLACEMENT_3D ( 'NONE', #2210, #126, #332 ) ;
#1937 = VERTEX_POINT ( 'NONE', #1847 ) ;
#1938 = EDGE_CURVE ( 'NONE', #414, #976, #2686, .T. ) ;
#1939 = ORIENTED_EDGE ( 'NONE', *, *, #682, .T. ) ;
#1940 = DIRECTION ( 'NONE',  ( 0.000000000000000000, 0.000000000000000000, -1.000000000000000000 ) ) ;
#1941 = EDGE_LOOP ( 'NONE', ( #1473, #1996 ) ) ;
#1942 = DIRECTION ( 'NONE',  ( 0.000000000000000000, 0.000000000000000000, -1.000000000000000000 ) ) ;
#1943 = LINE ( 'NONE', #1698, #1144 ) ;
#1944 = ORIENTED_EDGE ( 'NONE', *, *, #2367, .T. ) ;
#1945 = LINE ( 'NONE', #1523, #1140 ) ;
#1946 = CARTESIAN_POINT ( 'NONE',  ( -32.70000000000000284, 19.19999999999999929, 1.199999999999999956 ) ) ;
#1947 = ORIENTED_EDGE ( 'NONE', *, *, #1827, .F. ) ;
#1948 = ORIENTED_EDGE ( 'NONE', *, *, #2565, .T. ) ;
#1949 = EDGE_CURVE ( 'NONE', #2559, #2072, #2076, .T. ) ;
#1950 = CARTESIAN_POINT ( 'NONE',  ( 34.70000000000000284, -20.00000000000000000, 1.199999999999999956 ) ) ;
#1951 = ORIENTED_EDGE ( 'NONE', *, *, #2606, .F. ) ;
#1952 = EDGE_CURVE ( 'NONE', #1044, #1700, #804, .T. ) ;
#1953 = CARTESIAN_POINT ( 'NONE',  ( -32.70000000000000284, 20.00000000000000000, 0.000000000000000000 ) ) ;
#1954 = LINE ( 'NONE', #77, #2234 ) ;
#1955 = ORIENTED_EDGE ( 'NONE', *, *, #1248, .F. ) ;
#1956 = DIRECTION ( 'NONE',  ( 1.000000000000000000, 0.000000000000000000, 0.000000000000000000 ) ) ;
#1957 = LINE ( 'NONE', #917, #2233 ) ;
#1958 = ORIENTED_EDGE ( 'NONE', *, *, #1084, .T. ) ;
#1959 = ORIENTED_EDGE ( 'NONE', *, *, #2367, .F. ) ;
#1960 = ORIENTED_EDGE ( 'NONE', *, *, #1688, .F. ) ;
#1961 = ADVANCED_FACE ( 'NONE', ( #2509 ), #1639, .T. ) ;
#1962 = FACE_OUTER_BOUND ( 'NONE', #1721, .T. ) ;
#1963 = VECTOR ( 'NONE', #1344, 1000.000000000000000 ) ;
#1964 = EDGE_CURVE ( 'NONE', #1167, #2715, #377, .T. ) ;
#1965 = FACE_BOUND ( 'NONE', #278, .T. ) ;
#1966 = VECTOR ( 'NONE', #568, 1000.000000000000000 ) ;
#1967 = ORIENTED_EDGE ( 'NONE', *, *, #1533, .T. ) ;
#1968 = CARTESIAN_POINT ( 'NONE',  ( 17.25000000000000000, -18.19999999999999929, 1.199999999999999956 ) ) ;
#1969 = VECTOR ( 'NONE', #873, 1000.000000000000000 ) ;
#1970 = CARTESIAN_POINT ( 'NONE',  ( 6.049999999999999822, -18.19999999999999929, 0.000000000000000000 ) ) ;
#1971 = VECTOR ( 'NONE', #1887, 1000.000000000000000 ) ;
#1972 = VECTOR ( 'NONE', #358, 1000.000000000000000 ) ;
#1973 = ORIENTED_EDGE ( 'NONE', *, *, #154, .F. ) ;
#1974 = ORIENTED_EDGE ( 'NONE', *, *, #2100, .F. ) ;
#1975 = VECTOR ( 'NONE', #1113, 1000.000000000000000 ) ;
#1976 = LINE ( 'NONE', #101, #179 ) ;
#1977 = ORIENTED_EDGE ( 'NONE', *, *, #542, .F. ) ;
#1978 = DIRECTION ( 'NONE',  ( 1.000000000000000000, 0.000000000000000000, 0.000000000000000000 ) ) ;
#1979 = FACE_BOUND ( 'NONE', #2198, .T. ) ;
#1980 = ADVANCED_FACE ( 'NONE', ( #607 ), #11, .T. ) ;
#1981 = ORIENTED_EDGE ( 'NONE', *, *, #1831, .F. ) ;
#1982 = DIRECTION ( 'NONE',  ( 0.000000000000000000, 0.000000000000000000, 1.000000000000000000 ) ) ;
#1983 = CARTESIAN_POINT ( 'NONE',  ( 17.25000000000000000, -18.19999999999999929, 0.000000000000000000 ) ) ;
#1984 = EDGE_CURVE ( 'NONE', #2715, #2357, #1009, .T. ) ;
#1985 = VERTEX_POINT ( 'NONE', #1214 ) ;
#1986 = CARTESIAN_POINT ( 'NONE',  ( -14.40000000000000036, -18.19999999999999929, 0.000000000000000000 ) ) ;
#1987 = CARTESIAN_POINT ( 'NONE',  ( 29.30000000000000071, -20.00000000000000000, 0.000000000000000000 ) ) ;
#1988 = CARTESIAN_POINT ( 'NONE',  ( 7.550000000000000711, 18.19999999999999929, 0.000000000000000000 ) ) ;
#1989 = VERTEX_POINT ( 'NONE', #2253 ) ;
#1990 = CARTESIAN_POINT ( 'NONE',  ( 1.550000000000000044, 19.00000000000000000, -0.5999999999999999778 ) ) ;
#1991 = DIRECTION ( 'NONE',  ( 1.000000000000000000, 0.000000000000000000, 0.000000000000000000 ) ) ;
#1992 = VERTEX_POINT ( 'NONE', #818 ) ;
#1993 = CARTESIAN_POINT ( 'NONE',  ( 32.70000000000000284, -20.00000000000000000, 0.000000000000000000 ) ) ;
#1994 = ADVANCED_FACE ( 'NONE', ( #2090 ), #2285, .F. ) ;
#1995 = CARTESIAN_POINT ( 'NONE',  ( 1.550000000000000044, 19.00000000000000000, 0.000000000000000000 ) ) ;
#1996 = ORIENTED_EDGE ( 'NONE', *, *, #207, .T. ) ;
#1997 = FACE_OUTER_BOUND ( 'NONE', #42, .T. ) ;
#1998 = ADVANCED_FACE ( 'NONE', ( #2044 ), #201, .F. ) ;
#1999 = LINE ( 'NONE', #1605, #888 ) ;
#2000 = PLANE ( 'NONE',  #2196 ) ;
#2001 = ORIENTED_EDGE ( 'NONE', *, *, #1300, .T. ) ;
#2002 = DIRECTION ( 'NONE',  ( 0.000000000000000000, -1.000000000000000000, 0.000000000000000000 ) ) ;
#2003 = FACE_OUTER_BOUND ( 'NONE', #946, .T. ) ;
#2004 = ORIENTED_EDGE ( 'NONE', *, *, #1867, .T. ) ;
#2005 = CARTESIAN_POINT ( 'NONE',  ( -27.40000000000000213, -16.50000000000000000, 0.000000000000000000 ) ) ;
#2006 = DIRECTION ( 'NONE',  ( 0.000000000000000000, 1.000000000000000000, 0.000000000000000000 ) ) ;
#2007 = EDGE_CURVE ( 'NONE', #2450, #2354, #1871, .T. ) ;
#2008 = CIRCLE ( 'NONE', #701, 1.000000000000000888 ) ;
#2009 = ORIENTED_EDGE ( 'NONE', *, *, #12, .F. ) ;
#2010 = CARTESIAN_POINT ( 'NONE',  ( -19.69999999999999929, -18.00000000000000000, 1.199999999999999956 ) ) ;
#2011 = CARTESIAN_POINT ( 'NONE',  ( 6.049999999999999822, 19.00000000000000000, -0.5999999999999999778 ) ) ;
#2012 = VECTOR ( 'NONE', #2463, 1000.000000000000000 ) ;
#2013 = VECTOR ( 'NONE', #1826, 1000.000000000000000 ) ;
#2014 = EDGE_CURVE ( 'NONE', #1937, #1743, #1621, .T. ) ;
#2015 = CARTESIAN_POINT ( 'NONE',  ( 0.000000000000000000, 0.000000000000000000, 0.000000000000000000 ) ) ;
#2016 = AXIS2_PLACEMENT_3D ( 'NONE', #2063, #2491, #365 ) ;
#2017 = VECTOR ( 'NONE', #978, 1000.000000000000000 ) ;
#2018 = ORIENTED_EDGE ( 'NONE', *, *, #2267, .T. ) ;
#2019 = AXIS2_PLACEMENT_3D ( 'NONE', #1158, #729, #938 ) ;
#2020 = LINE ( 'NONE', #145, #51 ) ;
#2021 = FACE_BOUND ( 'NONE', #954, .T. ) ;
#2022 = LINE ( 'NONE', #1570, #1536 ) ;
#2023 = CARTESIAN_POINT ( 'NONE',  ( -14.40000000000000036, 12.20000000000000107, 0.000000000000000000 ) ) ;
#2024 = ORIENTED_EDGE ( 'NONE', *, *, #948, .F. ) ;
#2025 = LINE ( 'NONE', #2427, #1056 ) ;
#2026 = CARTESIAN_POINT ( 'NONE',  ( 0.05000000000000000278, 19.00000000000000000, -0.5999999999999999778 ) ) ;
#2027 = DATE_AND_TIME ( #195, #1190 ) ;
#2028 = VERTEX_POINT ( 'NONE', #2297 ) ;
#2029 = EDGE_CURVE ( 'NONE', #1039, #2574, #566, .T. ) ;
#2030 = CARTESIAN_POINT ( 'NONE',  ( 0.000000000000000000, 0.000000000000000000, -0.5999999999999999778 ) ) ;
#2031 = LINE ( 'NONE', #2043, #226 ) ;
#2032 = ADVANCED_FACE ( 'NONE', ( #2684 ), #1231, .F. ) ;
#2033 = CYLINDRICAL_SURFACE ( 'NONE', #1842, 0.2500000000000002220 ) ;
#2034 = DIRECTION ( 'NONE',  ( -1.000000000000000000, 0.000000000000000000, 0.000000000000000000 ) ) ;
#2035 = LINE ( 'NONE', #316, #613 ) ;
#2036 = VERTEX_POINT ( 'NONE', #1027 ) ;
#2037 = LINE ( 'NONE', #112, #562 ) ;
#2038 = DIRECTION ( 'NONE',  ( 0.000000000000000000, 0.000000000000000000, -1.000000000000000000 ) ) ;
#2039 = APPROVAL_STATUS ( 'not_yet_approved' ) ;
#2040 = EDGE_LOOP ( 'NONE', ( #2692, #620, #2406, #858 ) ) ;
#2041 = DIRECTION ( 'NONE',  ( 0.000000000000000000, 0.000000000000000000, -1.000000000000000000 ) ) ;
#2042 = EDGE_CURVE ( 'NONE', #2342, #495, #1857, .T. ) ;
#2043 = CARTESIAN_POINT ( 'NONE',  ( -28.89999999999999858, -16.50000000000000000, -2.000000000000000000 ) ) ;
#2044 = FACE_OUTER_BOUND ( 'NONE', #1824, .T. ) ;
#2045 = CC_DESIGN_PERSON_AND_ORGANIZATION_ASSIGNMENT ( #2691, #383, ( #2062 ) ) ;
#2046 = PLANE ( 'NONE',  #480 ) ;
#2047 = FACE_OUTER_BOUND ( 'NONE', #2572, .T. ) ;
#2048 = ORIENTED_EDGE ( 'NONE', *, *, #2419, .F. ) ;
#2049 = DIRECTION ( 'NONE',  ( 0.000000000000000000, 0.000000000000000000, -1.000000000000000000 ) ) ;
#2050 = LINE ( 'NONE', #163, #2059 ) ;
#2051 = VECTOR ( 'NONE', #1316, 1000.000000000000000 ) ;
#2052 = AXIS2_PLACEMENT_3D ( 'NONE', #1589, #943, #2225 ) ;
#2053 = ORIENTED_EDGE ( 'NONE', *, *, #328, .T. ) ;
#2054 = ORIENTED_EDGE ( 'NONE', *, *, #1050, .T. ) ;
#2055 = AXIS2_PLACEMENT_3D ( 'NONE', #2023, #1820, #2658 ) ;
#2056 = VECTOR ( 'NONE', #2577, 1000.000000000000000 ) ;
#2057 = CIRCLE ( 'NONE', #926, 1.050000000000000488 ) ;
#2058 = CARTESIAN_POINT ( 'NONE',  ( 21.50000000000000000, 18.00000000000000000, 1.199999999999999956 ) ) ;
#2059 = VECTOR ( 'NONE', #177, 1000.000000000000000 ) ;
#2060 = VERTEX_POINT ( 'NONE', #2667 ) ;
#2061 = FACE_OUTER_BOUND ( 'NONE', #843, .T. ) ;
#2062 = SECURITY_CLASSIFICATION ( '', '', #1021 ) ;
#2063 = CARTESIAN_POINT ( 'NONE',  ( 17.00000000000000000, 12.20000000000000107, 0.000000000000000000 ) ) ;
#2064 = DIRECTION ( 'NONE',  ( 0.000000000000000000, 0.000000000000000000, -1.000000000000000000 ) ) ;
#2065 = DIRECTION ( 'NONE',  ( 0.000000000000000000, 0.000000000000000000, -1.000000000000000000 ) ) ;
#2066 = EDGE_CURVE ( 'NONE', #1664, #2357, #2712, .T. ) ;
#2067 = ORIENTED_EDGE ( 'NONE', *, *, #1933, .T. ) ;
#2068 = CARTESIAN_POINT ( 'NONE',  ( 17.00000000000000000, -13.25000000000000000, 1.199999999999999956 ) ) ;
#2069 = CARTESIAN_POINT ( 'NONE',  ( -28.89999999999999858, -14.50000000000000000, 0.000000000000000000 ) ) ;
#2070 = ADVANCED_FACE ( 'NONE', ( #1464 ), #2033, .F. ) ;
#2071 = ORIENTED_EDGE ( 'NONE', *, *, #387, .F. ) ;
#2072 = VERTEX_POINT ( 'NONE', #1519 ) ;
#2073 = PLANE ( 'NONE',  #2593 ) ;
#2074 = VERTEX_POINT ( 'NONE', #2350 ) ;
#2075 = CARTESIAN_POINT ( 'NONE',  ( 7.550000000000000711, 19.00000000000000000, -0.5999999999999999778 ) ) ;
#2076 = LINE ( 'NONE', #2477, #2012 ) ;
#2077 = DIRECTION ( 'NONE',  ( 0.000000000000000000, -1.000000000000000000, 0.000000000000000000 ) ) ;
#2078 = CARTESIAN_POINT ( 'NONE',  ( -4.450000000000000178, -19.00000000000000000, 0.000000000000000000 ) ) ;
#2079 = EDGE_LOOP ( 'NONE', ( #1562, #901, #762, #643 ) ) ;
#2080 = ADVANCED_FACE ( 'NONE', ( #2340 ), #471, .F. ) ;
#2081 = LINE ( 'NONE', #2514, #265 ) ;
#2082 = PLANE ( 'NONE',  #2504 ) ;
#2083 = VERTEX_POINT ( 'NONE', #283 ) ;
#2084 = EDGE_CURVE ( 'NONE', #236, #2707, #2057, .T. ) ;
#2085 = VERTEX_POINT ( 'NONE', #639 ) ;
#2086 = CARTESIAN_POINT ( 'NONE',  ( 7.550000000000000711, -18.19999999999999929, 0.000000000000000000 ) ) ;
#2087 = APPLICATION_CONTEXT ( 'configuration controlled 3d designs of mechanical parts and assemblies' ) ;
#2088 = EDGE_LOOP ( 'NONE', ( #1852, #204 ) ) ;
#2089 = DIRECTION ( 'NONE',  ( 0.000000000000000000, 1.000000000000000000, 0.000000000000000000 ) ) ;
#2090 = FACE_OUTER_BOUND ( 'NONE', #2318, .T. ) ;
#2091 = DIRECTION ( 'NONE',  ( 1.000000000000000000, 0.000000000000000000, 0.000000000000000000 ) ) ;
#2092 = LINE ( 'NONE', #379, #2631 ) ;
#2093 = ORIENTED_EDGE ( 'NONE', *, *, #2164, .T. ) ;
#2094 = DIRECTION ( 'NONE',  ( 1.000000000000000000, 0.000000000000000000, 0.000000000000000000 ) ) ;
#2095 = LINE ( 'NONE', #1876, #2326 ) ;
#2096 = ADVANCED_FACE ( 'NONE', ( #2143 ), #1697, .F. ) ;
#2097 = EDGE_LOOP ( 'NONE', ( #531, #1221, #1981, #1106 ) ) ;
#2098 = VERTEX_POINT ( 'NONE', #76 ) ;
#2099 = CIRCLE ( 'NONE', #436, 0.2500000000000002220 ) ;
#2100 = EDGE_CURVE ( 'NONE', #2530, #1700, #272, .T. ) ;
#2101 = DIRECTION ( 'NONE',  ( 0.000000000000000000, -1.000000000000000000, 0.000000000000000000 ) ) ;
#2102 = AXIS2_PLACEMENT_3D ( 'NONE', #1201, #2665, #785 ) ;
#2103 = ORIENTED_EDGE ( 'NONE', *, *, #2538, .T. ) ;
#2104 = CARTESIAN_POINT ( 'NONE',  ( 17.00000000000000000, -18.19999999999999929, 0.000000000000000000 ) ) ;
#2105 = AXIS2_PLACEMENT_3D ( 'NONE', #1041, #1843, #1246 ) ;
#2106 = AXIS2_PLACEMENT_3D ( 'NONE', #949, #2520, #638 ) ;
#2107 = FACE_OUTER_BOUND ( 'NONE', #980, .T. ) ;
#2108 = AXIS2_PLACEMENT_3D ( 'NONE', #2534, #449, #2362 ) ;
#2109 = CARTESIAN_POINT ( 'NONE',  ( 0.05000000000000000278, 19.00000000000000000, 0.000000000000000000 ) ) ;
#2110 = APPROVAL_PERSON_ORGANIZATION ( #2470, #743, #2705 ) ;
#2111 = EDGE_LOOP ( 'NONE', ( #132, #2381 ) ) ;
#2112 = CARTESIAN_POINT ( 'NONE',  ( 6.049999999999999822, -19.00000000000000000, -0.5999999999999999778 ) ) ;
#2113 = CARTESIAN_POINT ( 'NONE',  ( 6.049999999999999822, 19.00000000000000000, 0.000000000000000000 ) ) ;
#2114 = ORIENTED_EDGE ( 'NONE', *, *, #961, .F. ) ;
#2115 = ORIENTED_EDGE ( 'NONE', *, *, #814, .T. ) ;
#2116 = PRODUCT ( 'PCB-BASEMINI-V5X-F3.stp', 'PCB-BASEMINI-V5X-F3.stp', '', ( #1633 ) ) ;
#2117 = CARTESIAN_POINT ( 'NONE',  ( 6.049999999999999822, 18.19999999999999929, 0.000000000000000000 ) ) ;
#2118 = ORIENTED_EDGE ( 'NONE', *, *, #678, .F. ) ;
#2119 = EDGE_CURVE ( 'NONE', #2485, #300, #1272, .T. ) ;
#2120 = DIRECTION ( 'NONE',  ( 0.000000000000000000, 1.000000000000000000, 0.000000000000000000 ) ) ;
#2121 = CARTESIAN_POINT ( 'NONE',  ( -14.40000000000000036, 12.20000000000000107, 0.000000000000000000 ) ) ;
#2122 = ADVANCED_FACE ( 'NONE', ( #2107 ), #1477, .T. ) ;
#2123 = CARTESIAN_POINT ( 'NONE',  ( -5.950000000000000178, 18.19999999999999929, -0.5999999999999999778 ) ) ;
#2124 = ORIENTED_EDGE ( 'NONE', *, *, #2156, .F. ) ;
#2125 = CARTESIAN_POINT ( 'NONE',  ( 6.049999999999999822, -19.00000000000000000, -0.5999999999999999778 ) ) ;
#2126 = CARTESIAN_POINT ( 'NONE',  ( -14.40000000000000036, 18.19999999999999929, 0.000000000000000000 ) ) ;
#2127 = VERTEX_POINT ( 'NONE', #1327 ) ;
#2128 = CARTESIAN_POINT ( 'NONE',  ( 1.550000000000000044, 18.19999999999999929, -0.5999999999999999778 ) ) ;
#2129 = CARTESIAN_POINT ( 'NONE',  ( 29.30000000000000071, 20.00000000000000000, 0.000000000000000000 ) ) ;
#2130 = ORIENTED_EDGE ( 'NONE', *, *, #1914, .T. ) ;
#2131 = DIRECTION ( 'NONE',  ( 0.000000000000000000, 0.000000000000000000, -1.000000000000000000 ) ) ;
#2132 = EDGE_CURVE ( 'NONE', #1752, #1171, #2159, .T. ) ;
#2133 = CARTESIAN_POINT ( 'NONE',  ( 17.44999999999999929, 3.000000000000000000, 1.199999999999999956 ) ) ;
#2134 = DIRECTION ( 'NONE',  ( 0.000000000000000000, 0.000000000000000000, -1.000000000000000000 ) ) ;
#2135 = EDGE_CURVE ( 'NONE', #669, #218, #2552, .T. ) ;
#2136 = ORIENTED_EDGE ( 'NONE', *, *, #2007, .F. ) ;
#2137 = CARTESIAN_POINT ( 'NONE',  ( 0.05000000000000000278, 18.19999999999999929, -0.5999999999999999778 ) ) ;
#2138 = CARTESIAN_POINT ( 'NONE',  ( -32.70000000000000284, -19.19999999999999929, 0.000000000000000000 ) ) ;
#2139 = ORIENTED_EDGE ( 'NONE', *, *, #1334, .F. ) ;
#2140 = ORIENTED_EDGE ( 'NONE', *, *, #279, .F. ) ;
#2141 = DIRECTION ( 'NONE',  ( 0.000000000000000000, 0.000000000000000000, -1.000000000000000000 ) ) ;
#2142 = ORIENTED_EDGE ( 'NONE', *, *, #2264, .T. ) ;
#2143 = FACE_OUTER_BOUND ( 'NONE', #2172, .T. ) ;
#2144 = VECTOR ( 'NONE', #2657, 1000.000000000000000 ) ;
#2145 = CARTESIAN_POINT ( 'NONE',  ( 0.05000000000000000278, 18.19999999999999929, -0.5999999999999999778 ) ) ;
#2146 = VECTOR ( 'NONE', #1859, 1000.000000000000000 ) ;
#2147 = VECTOR ( 'NONE', #817, 1000.000000000000000 ) ;
#2148 = AXIS2_PLACEMENT_3D ( 'NONE', #2030, #386, #602 ) ;
#2149 = AXIS2_PLACEMENT_3D ( 'NONE', #2069, #1253, #867 ) ;
#2150 = ORIENTED_EDGE ( 'NONE', *, *, #2575, .F. ) ;
#2151 = CYLINDRICAL_SURFACE ( 'NONE', #2448, 1.050000000000000488 ) ;
#2152 = EDGE_CURVE ( 'NONE', #2543, #1177, #487, .T. ) ;
#2153 = CARTESIAN_POINT ( 'NONE',  ( -28.89999999999999858, 15.50000000000000000, 0.000000000000000000 ) ) ;
#2154 = ORIENTED_EDGE ( 'NONE', *, *, #1149, .F. ) ;
#2155 = ORIENTED_EDGE ( 'NONE', *, *, #1381, .F. ) ;
#2156 = EDGE_CURVE ( 'NONE', #976, #288, #1289, .T. ) ;
#2157 = FACE_OUTER_BOUND ( 'NONE', #1442, .T. ) ;
#2158 = ORIENTED_EDGE ( 'NONE', *, *, #1722, .T. ) ;
#2159 = LINE ( 'NONE', #65, #2680 ) ;
#2160 = CARTESIAN_POINT ( 'NONE',  ( -5.950000000000000178, -18.19999999999999929, 0.000000000000000000 ) ) ;
#2161 = VERTEX_POINT ( 'NONE', #2521 ) ;
#2162 = CARTESIAN_POINT ( 'NONE',  ( 32.70000000000000284, -20.00000000000000000, 1.199999999999999956 ) ) ;
#2163 = DIRECTION ( 'NONE',  ( 0.000000000000000000, -1.000000000000000000, 0.000000000000000000 ) ) ;
#2164 = EDGE_CURVE ( 'NONE', #2323, #1992, #671, .T. ) ;
#2165 = ORIENTED_EDGE ( 'NONE', *, *, #438, .T. ) ;
#2166 = ORIENTED_EDGE ( 'NONE', *, *, #1719, .T. ) ;
#2167 = EDGE_CURVE ( 'NONE', #753, #1294, #234, .T. ) ;
#2168 = DIRECTION ( 'NONE',  ( 0.000000000000000000, 0.000000000000000000, -1.000000000000000000 ) ) ;
#2169 = VERTEX_POINT ( 'NONE', #431 ) ;
#2170 = CARTESIAN_POINT ( 'NONE',  ( -5.950000000000000178, 18.19999999999999929, 0.000000000000000000 ) ) ;
#2171 = DIRECTION ( 'NONE',  ( 1.000000000000000000, 0.000000000000000000, 0.000000000000000000 ) ) ;
#2172 = EDGE_LOOP ( 'NONE', ( #733, #1955, #1348, #2396 ) ) ;
#2173 = DIRECTION ( 'NONE',  ( -1.000000000000000000, 0.000000000000000000, 0.000000000000000000 ) ) ;
#2174 = PLANE ( 'NONE',  #1494 ) ;
#2175 = EDGE_LOOP ( 'NONE', ( #1023, #1732, #557, #2437 ) ) ;
#2176 = LINE ( 'NONE', #2128, #2403 ) ;
#2177 = DIRECTION ( 'NONE',  ( 1.000000000000000000, 0.000000000000000000, 0.000000000000000000 ) ) ;
#2178 = EDGE_CURVE ( 'NONE', #2560, #2485, #1085, .T. ) ;
#2179 = PLANE ( 'NONE',  #1936 ) ;
#2180 = ORIENTED_EDGE ( 'NONE', *, *, #1614, .T. ) ;
#2181 = EDGE_CURVE ( 'NONE', #495, #414, #1901, .T. ) ;
#2182 = DIRECTION ( 'NONE',  ( -1.000000000000000000, 0.000000000000000000, 0.000000000000000000 ) ) ;
#2183 = PLANE ( 'NONE',  #483 ) ;
#2184 = VECTOR ( 'NONE', #1753, 1000.000000000000000 ) ;
#2185 = VERTEX_POINT ( 'NONE', #2133 ) ;
#2186 = VECTOR ( 'NONE', #2607, 1000.000000000000000 ) ;
#2187 = DIRECTION ( 'NONE',  ( 0.000000000000000000, 0.000000000000000000, -1.000000000000000000 ) ) ;
#2188 = AXIS2_PLACEMENT_3D ( 'NONE', #2380, #2554, #1114 ) ;
#2189 = CARTESIAN_POINT ( 'NONE',  ( 16.75000000000000000, -18.19999999999999929, 0.000000000000000000 ) ) ;
#2190 = VECTOR ( 'NONE', #1103, 1000.000000000000000 ) ;
#2191 = AXIS2_PLACEMENT_3D ( 'NONE', #437, #658, #412 ) ;
#2192 = ORIENTED_EDGE ( 'NONE', *, *, #996, .F. ) ;
#2193 = DIRECTION ( 'NONE',  ( 0.000000000000000000, 1.000000000000000000, 0.000000000000000000 ) ) ;
#2194 = AXIS2_PLACEMENT_3D ( 'NONE', #2602, #967, #1585 ) ;
#2195 = DIRECTION ( 'NONE',  ( 0.000000000000000000, 1.000000000000000000, 0.000000000000000000 ) ) ;
#2196 = AXIS2_PLACEMENT_3D ( 'NONE', #1565, #2168, #2624 ) ;
#2197 = DIRECTION ( 'NONE',  ( 1.000000000000000000, 0.000000000000000000, 0.000000000000000000 ) ) ;
#2198 = EDGE_LOOP ( 'NONE', ( #1115, #292 ) ) ;
#2199 = ORIENTED_EDGE ( 'NONE', *, *, #461, .F. ) ;
#2200 = FACE_BOUND ( 'NONE', #440, .T. ) ;
#2201 = EDGE_CURVE ( 'NONE', #2169, #1510, #527, .T. ) ;
#2202 = CARTESIAN_POINT ( 'NONE',  ( 0.000000000000000000, 0.000000000000000000, 0.000000000000000000 ) ) ;
#2203 = ADVANCED_FACE ( 'NONE', ( #1726 ), #2566, .F. ) ;
#2204 = VERTEX_POINT ( 'NONE', #307 ) ;
#2205 = CARTESIAN_POINT ( 'NONE',  ( -14.40000000000000036, 11.15000000000000036, 0.000000000000000000 ) ) ;
#2206 = PLANE ( 'NONE',  #2546 ) ;
#2207 = ORIENTED_EDGE ( 'NONE', *, *, #1564, .T. ) ;
#2208 = DIRECTION ( 'NONE',  ( 0.000000000000000000, 0.000000000000000000, 1.000000000000000000 ) ) ;
#2209 = CARTESIAN_POINT ( 'NONE',  ( -27.40000000000000213, 15.50000000000000000, 0.000000000000000000 ) ) ;
#2210 = CARTESIAN_POINT ( 'NONE',  ( 29.30000000000000071, 19.19999999999999929, 0.000000000000000000 ) ) ;
#2211 = ORIENTED_EDGE ( 'NONE', *, *, #227, .F. ) ;
#2212 = DIRECTION ( 'NONE',  ( 0.000000000000000000, 0.000000000000000000, -1.000000000000000000 ) ) ;
#2213 = DIRECTION ( 'NONE',  ( 0.000000000000000000, 0.000000000000000000, 1.000000000000000000 ) ) ;
#2214 = EDGE_CURVE ( 'NONE', #2185, #1238, #1930, .T. ) ;
#2215 = ORIENTED_EDGE ( 'NONE', *, *, #556, .T. ) ;
#2216 = DIRECTION ( 'NONE',  ( 0.000000000000000000, 0.000000000000000000, -1.000000000000000000 ) ) ;
#2217 = CARTESIAN_POINT ( 'NONE',  ( 17.00000000000000000, -18.19999999999999929, 1.199999999999999956 ) ) ;
#2218 = EDGE_CURVE ( 'NONE', #1907, #1184, #294, .T. ) ;
#2219 = EDGE_LOOP ( 'NONE', ( #1427, #115 ) ) ;
#2220 = DIRECTION ( 'NONE',  ( 0.000000000000000000, 0.000000000000000000, 1.000000000000000000 ) ) ;
#2221 = LINE ( 'NONE', #343, #2017 ) ;
#2222 = ORIENTED_EDGE ( 'NONE', *, *, #2610, .T. ) ;
#2223 = CARTESIAN_POINT ( 'NONE',  ( 36.00000000000000000, 20.00000000000000000, 0.000000000000000000 ) ) ;
#2224 = CARTESIAN_POINT ( 'NONE',  ( 17.00000000000000000, -18.19999999999999929, 0.000000000000000000 ) ) ;
#2225 = DIRECTION ( 'NONE',  ( -1.000000000000000000, 0.000000000000000000, 0.000000000000000000 ) ) ;
#2226 = DIRECTION ( 'NONE',  ( 0.000000000000000000, 0.000000000000000000, 1.000000000000000000 ) ) ;
#2227 = AXIS2_PLACEMENT_3D ( 'NONE', #2257, #2049, #1263 ) ;
#2228 = AXIS2_PLACEMENT_3D ( 'NONE', #378, #2685, #819 ) ;
#2229 = EDGE_LOOP ( 'NONE', ( #1016, #1382 ) ) ;
#2230 = EDGE_CURVE ( 'NONE', #1766, #218, #2020, .T. ) ;
#2231 = CARTESIAN_POINT ( 'NONE',  ( -27.40000000000000213, 15.50000000000000000, -2.000000000000000000 ) ) ;
#2232 = PLANE ( 'NONE',  #1110 ) ;
#2233 = VECTOR ( 'NONE', #1917, 1000.000000000000000 ) ;
#2234 = VECTOR ( 'NONE', #295, 1000.000000000000000 ) ;
#2235 = COORDINATED_UNIVERSAL_TIME_OFFSET ( 10, 0, .AHEAD. ) ;
#2236 = CIRCLE ( 'NONE', #2411, 1.000000000000000888 ) ;
#2237 = ADVANCED_FACE ( 'NONE', ( #1962 ), #928, .F. ) ;
#2238 = ORIENTED_EDGE ( 'NONE', *, *, #2505, .F. ) ;
#2239 = VECTOR ( 'NONE', #2359, 1000.000000000000000 ) ;
#2240 = CARTESIAN_POINT ( 'NONE',  ( -34.70000000000000284, -20.00000000000000000, 0.000000000000000000 ) ) ;
#2241 = CARTESIAN_POINT ( 'NONE',  ( 0.05000000000000000278, -18.19999999999999929, 0.000000000000000000 ) ) ;
#2242 = DIRECTION ( 'NONE',  ( 0.000000000000000000, 0.000000000000000000, -1.000000000000000000 ) ) ;
#2243 = CARTESIAN_POINT ( 'NONE',  ( -27.40000000000000213, 13.50000000000000000, 0.000000000000000000 ) ) ;
#2244 = PLANE ( 'NONE',  #703 ) ;
#2245 = EDGE_LOOP ( 'NONE', ( #355, #736, #1742, #1174 ) ) ;
#2246 = DIRECTION ( 'NONE',  ( -1.000000000000000000, 0.000000000000000000, 0.000000000000000000 ) ) ;
#2247 = LINE ( 'NONE', #370, #1972 ) ;
#2248 = EDGE_CURVE ( 'NONE', #1049, #2389, #1580, .T. ) ;
#2249 = ORIENTED_EDGE ( 'NONE', *, *, #110, .F. ) ;
#2250 = EDGE_CURVE ( 'NONE', #385, #64, #2614, .T. ) ;
#2251 = CARTESIAN_POINT ( 'NONE',  ( 6.049999999999999822, 18.19999999999999929, -0.5999999999999999778 ) ) ;
#2252 = CARTESIAN_POINT ( 'NONE',  ( 0.000000000000000000, 0.000000000000000000, -0.5999999999999999778 ) ) ;
#2253 = CARTESIAN_POINT ( 'NONE',  ( -32.70000000000000284, -19.19999999999999929, 1.199999999999999956 ) ) ;
#2254 = DIRECTION ( 'NONE',  ( 0.000000000000000000, 0.000000000000000000, -1.000000000000000000 ) ) ;
#2255 = DIRECTION ( 'NONE',  ( -1.000000000000000000, 0.000000000000000000, 0.000000000000000000 ) ) ;
#2256 = ORIENTED_EDGE ( 'NONE', *, *, #902, .F. ) ;
#2257 = CARTESIAN_POINT ( 'NONE',  ( -14.40000000000000036, -12.20000000000000107, 1.199999999999999956 ) ) ;
#2258 = DIRECTION ( 'NONE',  ( 0.000000000000000000, 0.000000000000000000, 1.000000000000000000 ) ) ;
#2259 = DATE_AND_TIME ( #768, #1675 ) ;
#2260 = EDGE_LOOP ( 'NONE', ( #1431, #1552, #2387, #1693 ) ) ;
#2261 = EDGE_LOOP ( 'NONE', ( #725, #1459, #2118, #253 ) ) ;
#2262 = DIRECTION ( 'NONE',  ( -0.000000000000000000, 1.000000000000000000, 0.000000000000000000 ) ) ;
#2263 = ORIENTED_EDGE ( 'NONE', *, *, #1471, .F. ) ;
#2264 = EDGE_CURVE ( 'NONE', #64, #2519, #731, .T. ) ;
#2265 = PLANE ( 'NONE',  #1620 ) ;
#2266 = DIRECTION ( 'NONE',  ( 0.000000000000000000, 0.000000000000000000, 1.000000000000000000 ) ) ;
#2267 = EDGE_CURVE ( 'NONE', #1634, #770, #104, .T. ) ;
#2268 = PLANE ( 'NONE',  #1059 ) ;
#2269 = CARTESIAN_POINT ( 'NONE',  ( -4.450000000000000178, -18.19999999999999929, 0.000000000000000000 ) ) ;
#2270 = ORIENTED_EDGE ( 'NONE', *, *, #2178, .T. ) ;
#2271 = DIRECTION ( 'NONE',  ( 0.000000000000000000, -1.000000000000000000, 0.000000000000000000 ) ) ;
#2272 = CARTESIAN_POINT ( 'NONE',  ( 17.00000000000000000, 12.20000000000000107, 0.000000000000000000 ) ) ;
#2273 = VECTOR ( 'NONE', #2173, 1000.000000000000000 ) ;
#2274 = SHAPE_DEFINITION_REPRESENTATION ( #36, #361 ) ;
#2275 = ORIENTED_EDGE ( 'NONE', *, *, #359, .T. ) ;
#2276 = ORIENTED_EDGE ( 'NONE', *, *, #2505, .T. ) ;
#2277 = AXIS2_PLACEMENT_3D ( 'NONE', #2217, #1204, #339 ) ;
#2278 = AXIS2_PLACEMENT_3D ( 'NONE', #2109, #1125, #672 ) ;
#2279 = VECTOR ( 'NONE', #2682, 1000.000000000000000 ) ;
#2280 = DIRECTION ( 'NONE',  ( 0.000000000000000000, 0.000000000000000000, -1.000000000000000000 ) ) ;
#2281 = AXIS2_PLACEMENT_3D ( 'NONE', #861, #1696, #319 ) ;
#2282 = VERTEX_POINT ( 'NONE', #1746 ) ;
#2283 = LINE ( 'NONE', #829, #2147 ) ;
#2284 = EDGE_CURVE ( 'NONE', #715, #2706, #2587, .T. ) ;
#2285 = CYLINDRICAL_SURFACE ( 'NONE', #923, 0.2500000000000002220 ) ;
#2286 = CARTESIAN_POINT ( 'NONE',  ( 0.000000000000000000, 0.000000000000000000, -0.5999999999999999778 ) ) ;
#2287 = CARTESIAN_POINT ( 'NONE',  ( -32.70000000000000284, 20.00000000000000000, 1.199999999999999956 ) ) ;
#2288 = ADVANCED_FACE ( 'NONE', ( #1135 ), #1148, .F. ) ;
#2289 = VERTEX_POINT ( 'NONE', #940 ) ;
#2290 = CARTESIAN_POINT ( 'NONE',  ( 1.550000000000000044, 18.19999999999999929, 0.000000000000000000 ) ) ;
#2291 = DIRECTION ( 'NONE',  ( 1.000000000000000000, 0.000000000000000000, 0.000000000000000000 ) ) ;
#2292 = ORIENTED_EDGE ( 'NONE', *, *, #2469, .F. ) ;
#2293 = ORIENTED_EDGE ( 'NONE', *, *, #1804, .T. ) ;
#2294 = DIRECTION ( 'NONE',  ( 0.000000000000000000, 0.000000000000000000, -1.000000000000000000 ) ) ;
#2295 = ORIENTED_EDGE ( 'NONE', *, *, #542, .T. ) ;
#2296 = CARTESIAN_POINT ( 'NONE',  ( 16.75000000000000000, 18.19999999999999929, 1.199999999999999956 ) ) ;
#2297 = CARTESIAN_POINT ( 'NONE',  ( -5.950000000000000178, -18.19999999999999929, -0.5999999999999999778 ) ) ;
#2298 = PLANE ( 'NONE',  #351 ) ;
#2299 = ADVANCED_FACE ( 'NONE', ( #1775, #322, #2200, #707, #1787, #1567, #524, #2402, #1545, #1367, #1338, #2626 ), #1160, .T. ) ;
#2300 = DIRECTION ( 'NONE',  ( 0.000000000000000000, 1.000000000000000000, 0.000000000000000000 ) ) ;
#2301 = ORIENTED_EDGE ( 'NONE', *, *, #2510, .T. ) ;
#2302 = CARTESIAN_POINT ( 'NONE',  ( 32.70000000000000284, 19.19999999999999929, 0.000000000000000000 ) ) ;
#2303 = ADVANCED_FACE ( 'NONE', ( #745 ), #1379, .T. ) ;
#2304 = DIRECTION ( 'NONE',  ( 1.000000000000000000, 0.000000000000000000, 0.000000000000000000 ) ) ;
#2305 = ORIENTED_EDGE ( 'NONE', *, *, #1265, .T. ) ;
#2306 = ORIENTED_EDGE ( 'NONE', *, *, #522, .F. ) ;
#2307 = CARTESIAN_POINT ( 'NONE',  ( 0.05000000000000000278, -18.19999999999999929, -0.5999999999999999778 ) ) ;
#2308 = VERTEX_POINT ( 'NONE', #129 ) ;
#2309 = CARTESIAN_POINT ( 'NONE',  ( 10.55000000000000071, 3.000000000000000000, 1.199999999999999956 ) ) ;
#2310 = DIRECTION ( 'NONE',  ( 0.000000000000000000, 1.000000000000000000, 0.000000000000000000 ) ) ;
#2311 = DIRECTION ( 'NONE',  ( 0.000000000000000000, -1.000000000000000000, 0.000000000000000000 ) ) ;
#2312 = DIRECTION ( 'NONE',  ( 0.000000000000000000, -1.000000000000000000, 0.000000000000000000 ) ) ;
#2313 = ORIENTED_EDGE ( 'NONE', *, *, #2642, .F. ) ;
#2314 = CARTESIAN_POINT ( 'NONE',  ( -14.40000000000000036, 18.19999999999999929, 1.199999999999999956 ) ) ;
#2315 = CARTESIAN_POINT ( 'NONE',  ( 0.000000000000000000, 0.000000000000000000, 3.000000000000000000 ) ) ;
#2316 = ADVANCED_FACE ( 'NONE', ( #2643 ), #2431, .T. ) ;
#2317 = EDGE_LOOP ( 'NONE', ( #454, #1412, #1486, #149 ) ) ;
#2318 = EDGE_LOOP ( 'NONE', ( #845, #1600, #561, #1099 ) ) ;
#2319 = AXIS2_PLACEMENT_3D ( 'NONE', #1457, #822, #2271 ) ;
#2320 = EDGE_CURVE ( 'NONE', #1853, #2418, #2709, .T. ) ;
#2321 = DIRECTION ( 'NONE',  ( 0.000000000000000000, 0.000000000000000000, 1.000000000000000000 ) ) ;
#2322 = CIRCLE ( 'NONE', #2409, 1.050000000000000488 ) ;
#2323 = VERTEX_POINT ( 'NONE', #2240 ) ;
#2324 = CARTESIAN_POINT ( 'NONE',  ( 29.30000000000000071, 20.00000000000000000, 1.199999999999999956 ) ) ;
#2325 = CIRCLE ( 'NONE', #744, 1.050000000000000488 ) ;
#2326 = VECTOR ( 'NONE', #2291, 1000.000000000000000 ) ;
#2327 = DIRECTION ( 'NONE',  ( 0.000000000000000000, 0.000000000000000000, 1.000000000000000000 ) ) ;
#2328 = VECTOR ( 'NONE', #1669, 1000.000000000000000 ) ;
#2329 = CARTESIAN_POINT ( 'NONE',  ( -28.89999999999999858, -16.50000000000000000, -2.000000000000000000 ) ) ;
#2330 = VECTOR ( 'NONE', #1940, 1000.000000000000000 ) ;
#2331 = ORIENTED_EDGE ( 'NONE', *, *, #1071, .F. ) ;
#2332 = DIRECTION ( 'NONE',  ( -1.000000000000000000, 0.000000000000000000, 0.000000000000000000 ) ) ;
#2333 = FACE_OUTER_BOUND ( 'NONE', #1869, .T. ) ;
#2334 = ORIENTED_EDGE ( 'NONE', *, *, #75, .T. ) ;
#2335 = VERTEX_POINT ( 'NONE', #2251 ) ;
#2336 = EDGE_CURVE ( 'NONE', #753, #635, #2695, .T. ) ;
#2337 = LINE ( 'NONE', #446, #1891 ) ;
#2338 = ORIENTED_EDGE ( 'NONE', *, *, #1162, .T. ) ;
#2339 = CARTESIAN_POINT ( 'NONE',  ( -14.40000000000000036, -12.20000000000000107, 0.000000000000000000 ) ) ;
#2340 = FACE_OUTER_BOUND ( 'NONE', #1297, .T. ) ;
#2341 = CARTESIAN_POINT ( 'NONE',  ( 22.50000000000000000, 18.00000000000000000, 1.199999999999999956 ) ) ;
#2342 = VERTEX_POINT ( 'NONE', #815 ) ;
#2343 = CARTESIAN_POINT ( 'NONE',  ( 6.049999999999999822, -18.19999999999999929, -0.5999999999999999778 ) ) ;
#2344 = DIRECTION ( 'NONE',  ( 0.000000000000000000, 0.000000000000000000, 1.000000000000000000 ) ) ;
#2345 = EDGE_LOOP ( 'NONE', ( #828, #501 ) ) ;
#2346 = VERTEX_POINT ( 'NONE', #1256 ) ;
#2347 = DIRECTION ( 'NONE',  ( -1.000000000000000000, 0.000000000000000000, 0.000000000000000000 ) ) ;
#2348 = ORIENTED_EDGE ( 'NONE', *, *, #275, .T. ) ;
#2349 = DIRECTION ( 'NONE',  ( 0.000000000000000000, 1.000000000000000000, 0.000000000000000000 ) ) ;
#2350 = CARTESIAN_POINT ( 'NONE',  ( 17.00000000000000000, -11.15000000000000036, 0.000000000000000000 ) ) ;
#2351 = ADVANCED_FACE ( 'NONE', ( #802 ), #374, .F. ) ;
#2352 = CARTESIAN_POINT ( 'NONE',  ( 17.00000000000000000, -12.20000000000000107, 0.000000000000000000 ) ) ;
#2353 = EDGE_CURVE ( 'NONE', #825, #185, #1625, .T. ) ;
#2354 = VERTEX_POINT ( 'NONE', #2086 ) ;
#2355 = DIRECTION ( 'NONE',  ( 1.000000000000000000, 0.000000000000000000, 0.000000000000000000 ) ) ;
#2356 = LINE ( 'NONE', #1946, #965 ) ;
#2357 = VERTEX_POINT ( 'NONE', #783 ) ;
#2358 = ORIENTED_EDGE ( 'NONE', *, *, #2029, .F. ) ;
#2359 = DIRECTION ( 'NONE',  ( 0.000000000000000000, 0.000000000000000000, 1.000000000000000000 ) ) ;
#2360 = ORIENTED_EDGE ( 'NONE', *, *, #1827, .T. ) ;
#2361 = VECTOR ( 'NONE', #1469, 1000.000000000000000 ) ;
#2362 = DIRECTION ( 'NONE',  ( 0.000000000000000000, 0.000000000000000000, 1.000000000000000000 ) ) ;
#2363 = AXIS2_PLACEMENT_3D ( 'NONE', #1274, #2311, #432 ) ;
#2364 = CARTESIAN_POINT ( 'NONE',  ( 17.00000000000000000, 18.19999999999999929, 1.199999999999999956 ) ) ;
#2365 = VECTOR ( 'NONE', #1828, 1000.000000000000000 ) ;
#2366 = AXIS2_PLACEMENT_3D ( 'NONE', #1556, #2213, #772 ) ;
#2367 = EDGE_CURVE ( 'NONE', #2282, #505, #1430, .T. ) ;
#2368 = CIRCLE ( 'NONE', #1188, 1.050000000000000488 ) ;
#2369 = VECTOR ( 'NONE', #755, 1000.000000000000000 ) ;
#2370 = EDGE_LOOP ( 'NONE', ( #1242, #1689, #624, #1896 ) ) ;
#2371 = DIRECTION ( 'NONE',  ( 1.000000000000000000, 0.000000000000000000, 0.000000000000000000 ) ) ;
#2372 = CARTESIAN_POINT ( 'NONE',  ( 6.049999999999999822, 18.19999999999999929, -0.5999999999999999778 ) ) ;
#2373 =( GEOMETRIC_REPRESENTATION_CONTEXT ( 3 ) GLOBAL_UNCERTAINTY_ASSIGNED_CONTEXT ( ( #2536 ) ) GLOBAL_UNIT_ASSIGNED_CONTEXT ( ( #717, #303, #2440 ) ) REPRESENTATION_CONTEXT ( 'NONE', 'WORKASPACE' ) );
#2374 = EDGE_CURVE ( 'NONE', #2036, #255, #270, .T. ) ;
#2375 = ORIENTED_EDGE ( 'NONE', *, *, #2353, .F. ) ;
#2376 = EDGE_LOOP ( 'NONE', ( #1286, #2601, #534, #478 ) ) ;
#2377 = DIRECTION ( 'NONE',  ( 1.000000000000000000, 0.000000000000000000, 0.000000000000000000 ) ) ;
#2378 = ORIENTED_EDGE ( 'NONE', *, *, #1317, .F. ) ;
#2379 = CARTESIAN_POINT ( 'NONE',  ( 0.000000000000000000, 0.000000000000000000, 1.199999999999999956 ) ) ;
#2380 = CARTESIAN_POINT ( 'NONE',  ( 29.30000000000000071, -19.19999999999999929, 0.000000000000000000 ) ) ;
#2381 = ORIENTED_EDGE ( 'NONE', *, *, #1699, .T. ) ;
#2382 = EDGE_CURVE ( 'NONE', #1329, #538, #1224, .T. ) ;
#2383 = CARTESIAN_POINT ( 'NONE',  ( 32.70000000000000284, -20.00000000000000000, 1.199999999999999956 ) ) ;
#2384 = PLANE ( 'NONE',  #267 ) ;
#2385 = ORIENTED_EDGE ( 'NONE', *, *, #1166, .F. ) ;
#2386 = EDGE_CURVE ( 'NONE', #185, #825, #2236, .T. ) ;
#2387 = ORIENTED_EDGE ( 'NONE', *, *, #492, .F. ) ;
#2388 = LINE ( 'NONE', #497, #2597 ) ;
#2389 = VERTEX_POINT ( 'NONE', #1650 ) ;
#2390 = DIRECTION ( 'NONE',  ( 1.000000000000000000, 0.000000000000000000, 0.000000000000000000 ) ) ;
#2391 = DIRECTION ( 'NONE',  ( 0.000000000000000000, 0.000000000000000000, -1.000000000000000000 ) ) ;
#2392 = EDGE_LOOP ( 'NONE', ( #388, #951 ) ) ;
#2393 = CARTESIAN_POINT ( 'NONE',  ( -19.69999999999999929, -18.00000000000000000, 0.000000000000000000 ) ) ;
#2394 = CARTESIAN_POINT ( 'NONE',  ( 6.049999999999999822, -19.00000000000000000, 0.000000000000000000 ) ) ;
#2395 = ORIENTED_EDGE ( 'NONE', *, *, #1597, .F. ) ;
#2396 = ORIENTED_EDGE ( 'NONE', *, *, #1671, .T. ) ;
#2397 = LINE ( 'NONE', #1358, #443 ) ;
#2398 = EDGE_CURVE ( 'NONE', #1608, #578, #1232, .T. ) ;
#2399 = CARTESIAN_POINT ( 'NONE',  ( -18.70000000000000284, -18.00000000000000000, 0.000000000000000000 ) ) ;
#2400 = ORIENTED_EDGE ( 'NONE', *, *, #409, .T. ) ;
#2401 = ADVANCED_FACE ( 'NONE', ( #2487 ), #165, .T. ) ;
#2402 = FACE_BOUND ( 'NONE', #700, .T. ) ;
#2403 = VECTOR ( 'NONE', #959, 1000.000000000000000 ) ;
#2404 = FACE_BOUND ( 'NONE', #1337, .T. ) ;
#2405 = VECTOR ( 'NONE', #656, 1000.000000000000000 ) ;
#2406 = ORIENTED_EDGE ( 'NONE', *, *, #984, .F. ) ;
#2407 = AXIS2_PLACEMENT_3D ( 'NONE', #1873, #806, #1655 ) ;
#2408 = DIRECTION ( 'NONE',  ( -1.000000000000000000, 0.000000000000000000, 0.000000000000000000 ) ) ;
#2409 = AXIS2_PLACEMENT_3D ( 'NONE', #2352, #2134, #653 ) ;
#2410 = CARTESIAN_POINT ( 'NONE',  ( -14.65000000000000036, -18.19999999999999929, 0.000000000000000000 ) ) ;
#2411 = AXIS2_PLACEMENT_3D ( 'NONE', #2058, #579, #1854 ) ;
#2412 = CIRCLE ( 'NONE', #2678, 1.000000000000000888 ) ;
#2413 = ORIENTED_EDGE ( 'NONE', *, *, #2421, .F. ) ;
#2414 = DIRECTION ( 'NONE',  ( 0.000000000000000000, 0.000000000000000000, 1.000000000000000000 ) ) ;
#2415 = LOCAL_TIME ( 18, 49, 42.00000000000000000, #344 ) ;
#2416 = DIRECTION ( 'NONE',  ( 0.000000000000000000, 0.000000000000000000, 1.000000000000000000 ) ) ;
#2417 = DIRECTION ( 'NONE',  ( 1.000000000000000000, 0.000000000000000000, 0.000000000000000000 ) ) ;
#2418 = VERTEX_POINT ( 'NONE', #2653 ) ;
#2419 = EDGE_CURVE ( 'NONE', #1306, #2204, #982, .T. ) ;
#2420 = CARTESIAN_POINT ( 'NONE',  ( 0.05000000000000000278, -19.00000000000000000, 0.000000000000000000 ) ) ;
#2421 = EDGE_CURVE ( 'NONE', #1472, #252, #2368, .T. ) ;
#2422 = FACE_BOUND ( 'NONE', #1882, .T. ) ;
#2423 = ORIENTED_EDGE ( 'NONE', *, *, #1645, .F. ) ;
#2424 = DIRECTION ( 'NONE',  ( 0.000000000000000000, 0.000000000000000000, 1.000000000000000000 ) ) ;
#2425 = DIRECTION ( 'NONE',  ( 0.000000000000000000, -1.000000000000000000, 0.000000000000000000 ) ) ;
#2426 = EDGE_LOOP ( 'NONE', ( #1396, #908, #415, #1142 ) ) ;
#2427 = CARTESIAN_POINT ( 'NONE',  ( -32.70000000000000284, -20.00000000000000000, 0.000000000000000000 ) ) ;
#2428 = DIRECTION ( 'NONE',  ( 0.000000000000000000, 1.000000000000000000, 0.000000000000000000 ) ) ;
#2429 = LINE ( 'NONE', #549, #401 ) ;
#2430 = VERTEX_POINT ( 'NONE', #1637 ) ;
#2431 = PLANE ( 'NONE',  #841 ) ;
#2432 = FACE_OUTER_BOUND ( 'NONE', #1295, .T. ) ;
#2433 = ADVANCED_FACE ( 'NONE', ( #1004 ), #2474, .T. ) ;
#2434 = CARTESIAN_POINT ( 'NONE',  ( 36.00000000000000000, 20.00000000000000000, 0.000000000000000000 ) ) ;
#2435 = DIRECTION ( 'NONE',  ( -1.000000000000000000, 0.000000000000000000, 0.000000000000000000 ) ) ;
#2436 = EDGE_CURVE ( 'NONE', #255, #2036, #2550, .T. ) ;
#2437 = ORIENTED_EDGE ( 'NONE', *, *, #1583, .F. ) ;
#2438 = CARTESIAN_POINT ( 'NONE',  ( -14.14999999999999858, 18.19999999999999929, 0.000000000000000000 ) ) ;
#2439 = DIRECTION ( 'NONE',  ( -1.000000000000000000, 0.000000000000000000, 0.000000000000000000 ) ) ;
#2440 =( NAMED_UNIT ( * ) SI_UNIT ( $, .STERADIAN. ) SOLID_ANGLE_UNIT ( ) );
#2441 = ORIENTED_EDGE ( 'NONE', *, *, #1884, .F. ) ;
#2442 = ORIENTED_EDGE ( 'NONE', *, *, #572, .T. ) ;
#2443 = DIRECTION ( 'NONE',  ( 0.000000000000000000, 0.000000000000000000, 1.000000000000000000 ) ) ;
#2444 = DIRECTION ( 'NONE',  ( 0.000000000000000000, -1.000000000000000000, 0.000000000000000000 ) ) ;
#2445 = CARTESIAN_POINT ( 'NONE',  ( 1.550000000000000044, 19.00000000000000000, 0.000000000000000000 ) ) ;
#2446 = ADVANCED_FACE ( 'NONE', ( #1038 ), #2073, .T. ) ;
#2447 = DIRECTION ( 'NONE',  ( -1.000000000000000000, 0.000000000000000000, 0.000000000000000000 ) ) ;
#2448 = AXIS2_PLACEMENT_3D ( 'NONE', #502, #491, #250 ) ;
#2449 = CIRCLE ( 'NONE', #439, 0.2500000000000002220 ) ;
#2450 = VERTEX_POINT ( 'NONE', #1504 ) ;
#2451 = CARTESIAN_POINT ( 'NONE',  ( 17.00000000000000000, 18.19999999999999929, 0.000000000000000000 ) ) ;
#2452 = EDGE_CURVE ( 'NONE', #750, #498, #1527, .T. ) ;
#2453 = CARTESIAN_POINT ( 'NONE',  ( -28.89999999999999858, -16.50000000000000000, 0.000000000000000000 ) ) ;
#2454 = VECTOR ( 'NONE', #593, 1000.000000000000000 ) ;
#2455 = AXIS2_PLACEMENT_3D ( 'NONE', #1207, #2038, #536 ) ;
#2456 = PERSON_AND_ORGANIZATION ( #18446744073709551615, #18446744073709551615 ) ;
#2457 = EDGE_LOOP ( 'NONE', ( #2494, #1333, #2338, #1821, #239, #1262, #299, #777, #543, #1030, #2199, #209, #1715, #103, #2054, #1780, #939, #520, #2295, #82 ) ) ;
#2458 = AXIS2_PLACEMENT_3D ( 'NONE', #1709, #912, #245 ) ;
#2459 = ORIENTED_EDGE ( 'NONE', *, *, #1394, .T. ) ;
#2460 = LOCAL_TIME ( 18, 49, 42.00000000000000000, #1197 ) ;
#2461 = DIRECTION ( 'NONE',  ( 0.000000000000000000, -1.000000000000000000, 0.000000000000000000 ) ) ;
#2462 = DIRECTION ( 'NONE',  ( 0.000000000000000000, 0.000000000000000000, -1.000000000000000000 ) ) ;
#2463 = DIRECTION ( 'NONE',  ( 1.000000000000000000, 0.000000000000000000, 0.000000000000000000 ) ) ;
#2464 = DIRECTION ( 'NONE',  ( -1.000000000000000000, 0.000000000000000000, 0.000000000000000000 ) ) ;
#2465 = DIRECTION ( 'NONE',  ( 0.000000000000000000, 1.000000000000000000, 0.000000000000000000 ) ) ;
#2466 = EDGE_LOOP ( 'NONE', ( #2604, #2071, #854, #1836 ) ) ;
#2467 = CARTESIAN_POINT ( 'NONE',  ( -34.70000000000000284, 20.00000000000000000, 0.000000000000000000 ) ) ;
#2468 = LINE ( 'NONE', #125, #665 ) ;
#2469 = EDGE_CURVE ( 'NONE', #794, #750, #1734, .T. ) ;
#2470 = PERSON_AND_ORGANIZATION ( #18446744073709551615, #18446744073709551615 ) ;
#2471 = EDGE_LOOP ( 'NONE', ( #1619, #680, #2649, #1076 ) ) ;
#2472 = VERTEX_POINT ( 'NONE', #1474 ) ;
#2473 = EDGE_CURVE ( 'NONE', #2519, #877, #690, .T. ) ;
#2474 = PLANE ( 'NONE',  #706 ) ;
#2475 = ORIENTED_EDGE ( 'NONE', *, *, #1984, .F. ) ;
#2476 = DIRECTION ( 'NONE',  ( 0.000000000000000000, 1.000000000000000000, 0.000000000000000000 ) ) ;
#2477 = CARTESIAN_POINT ( 'NONE',  ( -32.70000000000000284, -19.19999999999999929, 0.000000000000000000 ) ) ;
#2478 = DIRECTION ( 'NONE',  ( 0.000000000000000000, 0.000000000000000000, -1.000000000000000000 ) ) ;
#2479 = DIRECTION ( 'NONE',  ( 0.000000000000000000, -1.000000000000000000, 0.000000000000000000 ) ) ;
#2480 = ORIENTED_EDGE ( 'NONE', *, *, #996, .T. ) ;
#2481 = DIRECTION ( 'NONE',  ( 0.000000000000000000, 1.000000000000000000, 0.000000000000000000 ) ) ;
#2482 = DIRECTION ( 'NONE',  ( 0.000000000000000000, 0.000000000000000000, -1.000000000000000000 ) ) ;
#2483 = CALENDAR_DATE ( 2026, 22, 6 ) ;
#2484 = ORIENTED_EDGE ( 'NONE', *, *, #2135, .F. ) ;
#2485 = VERTEX_POINT ( 'NONE', #1921 ) ;
#2486 = EDGE_CURVE ( 'NONE', #2556, #637, #846, .T. ) ;
#2487 = FACE_OUTER_BOUND ( 'NONE', #2613, .T. ) ;
#2488 = ORIENTED_EDGE ( 'NONE', *, *, #2382, .T. ) ;
#2489 = DIRECTION ( 'NONE',  ( 0.000000000000000000, -1.000000000000000000, 0.000000000000000000 ) ) ;
#2490 = ADVANCED_FACE ( 'NONE', ( #871 ), #46, .T. ) ;
#2491 = DIRECTION ( 'NONE',  ( 0.000000000000000000, 0.000000000000000000, -1.000000000000000000 ) ) ;
#2492 = DIRECTION ( 'NONE',  ( 0.000000000000000000, 0.000000000000000000, -1.000000000000000000 ) ) ;
#2493 = LINE ( 'NONE', #2700, #836 ) ;
#2494 = ORIENTED_EDGE ( 'NONE', *, *, #1671, .F. ) ;
#2495 = DIRECTION ( 'NONE',  ( -1.000000000000000000, 0.000000000000000000, 0.000000000000000000 ) ) ;
#2496 = CARTESIAN_POINT ( 'NONE',  ( -28.89999999999999858, -16.50000000000000000, 0.000000000000000000 ) ) ;
#2497 = VECTOR ( 'NONE', #1203, 1000.000000000000000 ) ;
#2498 = ORIENTED_EDGE ( 'NONE', *, *, #1399, .T. ) ;
#2499 = ORIENTED_EDGE ( 'NONE', *, *, #2248, .T. ) ;
#2500 = VECTOR ( 'NONE', #203, 1000.000000000000000 ) ;
#2501 = AXIS2_PLACEMENT_3D ( 'NONE', #2535, #235, #1903 ) ;
#2502 = VECTOR ( 'NONE', #1530, 1000.000000000000000 ) ;
#2503 = CARTESIAN_POINT ( 'NONE',  ( -14.40000000000000036, 12.20000000000000107, 1.199999999999999956 ) ) ;
#2504 = AXIS2_PLACEMENT_3D ( 'NONE', #1644, #1470, #633 ) ;
#2505 = EDGE_CURVE ( 'NONE', #2574, #2204, #1681, .T. ) ;
#2506 = ORIENTED_EDGE ( 'NONE', *, *, #423, .T. ) ;
#2507 = LINE ( 'NONE', #605, #525 ) ;
#2508 = AXIS2_PLACEMENT_3D ( 'NONE', #1579, #2584, #2417 ) ;
#2509 = FACE_OUTER_BOUND ( 'NONE', #2563, .T. ) ;
#2510 = EDGE_CURVE ( 'NONE', #794, #1112, #1909, .T. ) ;
#2511 = CARTESIAN_POINT ( 'NONE',  ( -19.69999999999999929, -18.00000000000000000, 0.000000000000000000 ) ) ;
#2512 = LINE ( 'NONE', #1466, #1318 ) ;
#2513 = ORIENTED_EDGE ( 'NONE', *, *, #2284, .F. ) ;
#2514 = CARTESIAN_POINT ( 'NONE',  ( -27.40000000000000213, -16.50000000000000000, 0.000000000000000000 ) ) ;
#2515 = DIRECTION ( 'NONE',  ( 0.000000000000000000, 0.000000000000000000, -1.000000000000000000 ) ) ;
#2516 = ORIENTED_EDGE ( 'NONE', *, *, #1471, .T. ) ;
#2517 = ORIENTED_EDGE ( 'NONE', *, *, #123, .F. ) ;
#2518 = DIRECTION ( 'NONE',  ( 0.000000000000000000, -1.000000000000000000, 0.000000000000000000 ) ) ;
#2519 = VERTEX_POINT ( 'NONE', #2307 ) ;
#2520 = DIRECTION ( 'NONE',  ( -0.000000000000000000, 1.000000000000000000, 0.000000000000000000 ) ) ;
#2521 = CARTESIAN_POINT ( 'NONE',  ( 17.44999999999999929, 3.000000000000000000, 3.000000000000000000 ) ) ;
#2522 = CARTESIAN_POINT ( 'NONE',  ( -14.14999999999999858, -18.19999999999999929, 1.199999999999999956 ) ) ;
#2523 = PLANE ( 'NONE',  #2407 ) ;
#2524 = ADVANCED_FACE ( 'NONE', ( #889 ), #32, .T. ) ;
#2525 = EDGE_LOOP ( 'NONE', ( #1944, #691, #2331, #1460 ) ) ;
#2526 = CARTESIAN_POINT ( 'NONE',  ( -28.89999999999999858, 15.50000000000000000, -2.000000000000000000 ) ) ;
#2527 = DIRECTION ( 'NONE',  ( 1.000000000000000000, 0.000000000000000000, 0.000000000000000000 ) ) ;
#2528 = EDGE_CURVE ( 'NONE', #1484, #727, #428, .T. ) ;
#2529 = ORIENTED_EDGE ( 'NONE', *, *, #1984, .T. ) ;
#2530 = VERTEX_POINT ( 'NONE', #481 ) ;
#2531 = CARTESIAN_POINT ( 'NONE',  ( -29.30000000000000071, 20.00000000000000000, 1.199999999999999956 ) ) ;
#2532 = ORIENTED_EDGE ( 'NONE', *, *, #1178, .T. ) ;
#2533 = CARTESIAN_POINT ( 'NONE',  ( -27.40000000000000213, -16.50000000000000000, 0.000000000000000000 ) ) ;
#2534 = CARTESIAN_POINT ( 'NONE',  ( -32.70000000000000284, -20.00000000000000000, 0.000000000000000000 ) ) ;
#2535 = CARTESIAN_POINT ( 'NONE',  ( 21.50000000000000000, 18.00000000000000000, 0.000000000000000000 ) ) ;
#2536 = UNCERTAINTY_MEASURE_WITH_UNIT (LENGTH_MEASURE( 1.000000000000000082E-05 ), #717, 'distance_accuracy_value', 'NONE');
#2537 = EDGE_LOOP ( 'NONE', ( #2400, #1082, #1130, #2608 ) ) ;
#2538 = EDGE_CURVE ( 'NONE', #414, #2679, #1723, .T. ) ;
#2539 = FACE_OUTER_BOUND ( 'NONE', #2525, .T. ) ;
#2540 = FACE_OUTER_BOUND ( 'NONE', #1205, .T. ) ;
#2541 = ORIENTED_EDGE ( 'NONE', *, *, #2528, .T. ) ;
#2542 = CC_DESIGN_PERSON_AND_ORGANIZATION_ASSIGNMENT ( #990, #599, ( #530 ) ) ;
#2543 = VERTEX_POINT ( 'NONE', #1325 ) ;
#2544 = VECTOR ( 'NONE', #1934, 1000.000000000000000 ) ;
#2545 = DIRECTION ( 'NONE',  ( 0.000000000000000000, -1.000000000000000000, 0.000000000000000000 ) ) ;
#2546 = AXIS2_PLACEMENT_3D ( 'NONE', #1995, #1602, #1165 ) ;
#2547 = VECTOR ( 'NONE', #2349, 1000.000000000000000 ) ;
#2548 = ORIENTED_EDGE ( 'NONE', *, *, #1230, .F. ) ;
#2549 = PLANE ( 'NONE',  #922 ) ;
#2550 = CIRCLE ( 'NONE', #1542, 1.050000000000000488 ) ;
#2551 = CIRCLE ( 'NONE', #138, 1.050000000000000488 ) ;
#2552 = LINE ( 'NONE', #53, #5 ) ;
#2553 = AXIS2_PLACEMENT_3D ( 'NONE', #1391, #539, #1978 ) ;
#2554 = DIRECTION ( 'NONE',  ( -0.000000000000000000, 1.000000000000000000, 0.000000000000000000 ) ) ;
#2555 = CIRCLE ( 'NONE', #1368, 1.050000000000000488 ) ;
#2556 = VERTEX_POINT ( 'NONE', #1308 ) ;
#2557 = FACE_OUTER_BOUND ( 'NONE', #603, .T. ) ;
#2558 = CARTESIAN_POINT ( 'NONE',  ( 17.00000000000000000, -13.25000000000000000, 0.000000000000000000 ) ) ;
#2559 = VERTEX_POINT ( 'NONE', #636 ) ;
#2560 = VERTEX_POINT ( 'NONE', #254 ) ;
#2561 = EDGE_CURVE ( 'NONE', #2707, #236, #2555, .T. ) ;
#2562 = LINE ( 'NONE', #679, #1718 ) ;
#2563 = EDGE_LOOP ( 'NONE', ( #2018, #1656, #1951, #317 ) ) ;
#2564 = DIRECTION ( 'NONE',  ( -1.000000000000000000, 0.000000000000000000, 0.000000000000000000 ) ) ;
#2565 = EDGE_CURVE ( 'NONE', #635, #243, #2562, .T. ) ;
#2566 = PLANE ( 'NONE',  #887 ) ;
#2567 = DIRECTION ( 'NONE',  ( 0.000000000000000000, 0.000000000000000000, 1.000000000000000000 ) ) ;
#2568 = ORIENTED_EDGE ( 'NONE', *, *, #473, .T. ) ;
#2569 = LINE ( 'NONE', #906, #2273 ) ;
#2570 = DIRECTION ( 'NONE',  ( 1.000000000000000000, 0.000000000000000000, 0.000000000000000000 ) ) ;
#2571 = EDGE_LOOP ( 'NONE', ( #333, #479 ) ) ;
#2572 = EDGE_LOOP ( 'NONE', ( #1352, #1595, #1488, #1257 ) ) ;
#2573 = DIRECTION ( 'NONE',  ( 1.000000000000000000, 0.000000000000000000, 0.000000000000000000 ) ) ;
#2574 = VERTEX_POINT ( 'NONE', #1487 ) ;
#2575 = EDGE_CURVE ( 'NONE', #2418, #584, #2337, .T. ) ;
#2576 = CARTESIAN_POINT ( 'NONE',  ( 7.550000000000000711, 19.00000000000000000, -0.5999999999999999778 ) ) ;
#2577 = DIRECTION ( 'NONE',  ( 1.000000000000000000, 0.000000000000000000, 0.000000000000000000 ) ) ;
#2578 = ORIENTED_EDGE ( 'NONE', *, *, #1134, .F. ) ;
#2579 = PLANE ( 'NONE',  #1573 ) ;
#2580 = DIRECTION ( 'NONE',  ( 0.000000000000000000, 0.000000000000000000, -1.000000000000000000 ) ) ;
#2581 = ORIENTED_EDGE ( 'NONE', *, *, #2167, .T. ) ;
#2582 = ORIENTED_EDGE ( 'NONE', *, *, #1722, .F. ) ;
#2583 = VECTOR ( 'NONE', #2716, 1000.000000000000000 ) ;
#2584 = DIRECTION ( 'NONE',  ( 0.000000000000000000, 0.000000000000000000, -1.000000000000000000 ) ) ;
#2585 = ORIENTED_EDGE ( 'NONE', *, *, #1411, .T. ) ;
#2586 = EDGE_CURVE ( 'NONE', #2543, #280, #1285, .T. ) ;
#2587 = LINE ( 'NONE', #1763, #748 ) ;
#2588 = AXIS2_PLACEMENT_3D ( 'NONE', #610, #2492, #1465 ) ;
#2589 = CARTESIAN_POINT ( 'NONE',  ( 16.75000000000000000, -18.19999999999999929, 1.199999999999999956 ) ) ;
#2590 = VECTOR ( 'NONE', #1890, 1000.000000000000000 ) ;
#2591 = VECTOR ( 'NONE', #462, 1000.000000000000000 ) ;
#2592 = EDGE_CURVE ( 'NONE', #1177, #1291, #1296, .T. ) ;
#2593 = AXIS2_PLACEMENT_3D ( 'NONE', #1868, #771, #2443 ) ;
#2594 = ORIENTED_EDGE ( 'NONE', *, *, #961, .T. ) ;
#2595 = LINE ( 'NONE', #712, #1618 ) ;
#2596 = LINE ( 'NONE', #277, #2190 ) ;
#2597 = VECTOR ( 'NONE', #2640, 1000.000000000000000 ) ;
#2598 = VERTEX_POINT ( 'NONE', #266 ) ;
#2599 = VERTEX_POINT ( 'NONE', #1111 ) ;
#2600 = DIRECTION ( 'NONE',  ( 0.000000000000000000, -1.000000000000000000, 0.000000000000000000 ) ) ;
#2601 = ORIENTED_EDGE ( 'NONE', *, *, #1451, .F. ) ;
#2602 = CARTESIAN_POINT ( 'NONE',  ( 14.00000000000000000, 3.000000000000000000, 1.199999999999999956 ) ) ;
#2603 = FACE_BOUND ( 'NONE', #925, .T. ) ;
#2604 = ORIENTED_EDGE ( 'NONE', *, *, #1284, .T. ) ;
#2605 = LINE ( 'NONE', #1393, #2144 ) ;
#2606 = EDGE_CURVE ( 'NONE', #1919, #2346, #63, .T. ) ;
#2607 = DIRECTION ( 'NONE',  ( 0.000000000000000000, 1.000000000000000000, 0.000000000000000000 ) ) ;
#2608 = ORIENTED_EDGE ( 'NONE', *, *, #2042, .T. ) ;
#2609 = VERTEX_POINT ( 'NONE', #509 ) ;
#2610 = EDGE_CURVE ( 'NONE', #280, #2646, #1347, .T. ) ;
#2611 = DIRECTION ( 'NONE',  ( 0.000000000000000000, 0.000000000000000000, -1.000000000000000000 ) ) ;
#2612 = DIRECTION ( 'NONE',  ( 0.000000000000000000, 0.000000000000000000, 1.000000000000000000 ) ) ;
#2613 = EDGE_LOOP ( 'NONE', ( #1877, #781, #2293, #1052 ) ) ;
#2614 = LINE ( 'NONE', #2420, #618 ) ;
#2615 = FACE_OUTER_BOUND ( 'NONE', #2641, .T. ) ;
#2616 = EDGE_LOOP ( 'NONE', ( #285, #1648, #1456, #1735 ) ) ;
#2617 = DIRECTION ( 'NONE',  ( -0.000000000000000000, 1.000000000000000000, 0.000000000000000000 ) ) ;
#2618 = DIRECTION ( 'NONE',  ( 1.000000000000000000, 0.000000000000000000, 0.000000000000000000 ) ) ;
#2619 = EDGE_CURVE ( 'NONE', #2074, #1472, #2388, .T. ) ;
#2620 = ORIENTED_EDGE ( 'NONE', *, *, #966, .F. ) ;
#2621 = PLANE ( 'NONE',  #1572 ) ;
#2622 = LINE ( 'NONE', #1576, #1495 ) ;
#2623 = ADVANCED_FACE ( 'NONE', ( #114 ), #1773, .T. ) ;
#2624 = DIRECTION ( 'NONE',  ( 0.000000000000000000, -1.000000000000000000, 0.000000000000000000 ) ) ;
#2625 = ORIENTED_EDGE ( 'NONE', *, *, #106, .F. ) ;
#2626 = FACE_OUTER_BOUND ( 'NONE', #1241, .T. ) ;
#2627 = AXIS2_PLACEMENT_3D ( 'NONE', #1690, #192, #176 ) ;
#2628 = FACE_BOUND ( 'NONE', #588, .T. ) ;
#2629 = AXIS2_PLACEMENT_3D ( 'NONE', #1279, #411, #1239 ) ;
#2630 = EDGE_LOOP ( 'NONE', ( #2442, #2620, #107, #1802 ) ) ;
#2631 = VECTOR ( 'NONE', #1235, 1000.000000000000000 ) ;
#2632 = CARTESIAN_POINT ( 'NONE',  ( 29.30000000000000071, 19.19999999999999929, 1.199999999999999956 ) ) ;
#2633 = AXIS2_PLACEMENT_3D ( 'NONE', #2364, #55, #893 ) ;
#2634 = CARTESIAN_POINT ( 'NONE',  ( -27.40000000000000213, -14.50000000000000000, 0.000000000000000000 ) ) ;
#2635 = VECTOR ( 'NONE', #692, 1000.000000000000000 ) ;
#2636 = CIRCLE ( 'NONE', #1673, 0.2500000000000002220 ) ;
#2637 = ORIENTED_EDGE ( 'NONE', *, *, #2510, .F. ) ;
#2638 = DIRECTION ( 'NONE',  ( 0.000000000000000000, 0.000000000000000000, 1.000000000000000000 ) ) ;
#2639 = LINE ( 'NONE', #1834, #2369 ) ;
#2640 = DIRECTION ( 'NONE',  ( 0.000000000000000000, 0.000000000000000000, 1.000000000000000000 ) ) ;
#2641 = EDGE_LOOP ( 'NONE', ( #1967, #2659, #942, #2488 ) ) ;
#2642 = EDGE_CURVE ( 'NONE', #2072, #1171, #1377, .T. ) ;
#2643 = FACE_OUTER_BOUND ( 'NONE', #1480, .T. ) ;
#2644 = FACE_BOUND ( 'NONE', #2392, .T. ) ;
#2645 = ADVANCED_FACE ( 'NONE', ( #1594 ), #1361, .F. ) ;
#2646 = VERTEX_POINT ( 'NONE', #519 ) ;
#2647 = DIRECTION ( 'NONE',  ( -1.000000000000000000, 0.000000000000000000, 0.000000000000000000 ) ) ;
#2648 = CARTESIAN_POINT ( 'NONE',  ( -27.40000000000000213, -14.50000000000000000, -2.000000000000000000 ) ) ;
#2649 = ORIENTED_EDGE ( 'NONE', *, *, #89, .F. ) ;
#2650 = DIRECTION ( 'NONE',  ( 0.000000000000000000, 0.000000000000000000, 1.000000000000000000 ) ) ;
#2651 = CARTESIAN_POINT ( 'NONE',  ( -32.70000000000000284, -20.00000000000000000, 1.199999999999999956 ) ) ;
#2652 = ORIENTED_EDGE ( 'NONE', *, *, #473, .F. ) ;
#2653 = CARTESIAN_POINT ( 'NONE',  ( 1.550000000000000044, -19.00000000000000000, 0.000000000000000000 ) ) ;
#2654 = EDGE_CURVE ( 'NONE', #1992, #289, #2429, .T. ) ;
#2655 = FACE_BOUND ( 'NONE', #1217, .T. ) ;
#2656 = APPROVAL ( #360, 'Coincident' ) ;
#2657 = DIRECTION ( 'NONE',  ( 0.000000000000000000, 1.000000000000000000, 0.000000000000000000 ) ) ;
#2658 = DIRECTION ( 'NONE',  ( 0.000000000000000000, -1.000000000000000000, 0.000000000000000000 ) ) ;
#2659 = ORIENTED_EDGE ( 'NONE', *, *, #508, .F. ) ;
#2660 = CYLINDRICAL_SURFACE ( 'NONE', #2627, 3.449999999999999734 ) ;
#2661 = DIRECTION ( 'NONE',  ( -1.000000000000000000, 0.000000000000000000, 0.000000000000000000 ) ) ;
#2662 = PERSON_AND_ORGANIZATION_ROLE ( 'creator' ) ;
#2663 = ORIENTED_EDGE ( 'NONE', *, *, #1902, .F. ) ;
#2664 = CARTESIAN_POINT ( 'NONE',  ( -29.30000000000000071, 19.19999999999999929, 0.000000000000000000 ) ) ;
#2665 = DIRECTION ( 'NONE',  ( 1.000000000000000000, 0.000000000000000000, 0.000000000000000000 ) ) ;
#2666 = ADVANCED_FACE ( 'NONE', ( #740 ), #950, .F. ) ;
#2667 = CARTESIAN_POINT ( 'NONE',  ( -28.89999999999999858, -14.50000000000000000, 0.000000000000000000 ) ) ;
#2668 = CARTESIAN_POINT ( 'NONE',  ( -29.30000000000000071, -20.00000000000000000, 0.000000000000000000 ) ) ;
#2669 = CARTESIAN_POINT ( 'NONE',  ( 1.550000000000000044, -18.19999999999999929, 0.000000000000000000 ) ) ;
#2670 = VECTOR ( 'NONE', #350, 1000.000000000000000 ) ;
#2671 = ADVANCED_FACE ( 'NONE', ( #1799 ), #291, .F. ) ;
#2672 = DESIGN_CONTEXT ( 'detailed design', #2087, 'design' ) ;
#2673 = VECTOR ( 'NONE', #849, 1000.000000000000000 ) ;
#2674 = EDGE_LOOP ( 'NONE', ( #1155, #61 ) ) ;
#2675 = LINE ( 'NONE', #1604, #832 ) ;
#2676 = DIRECTION ( 'NONE',  ( 0.000000000000000000, 0.000000000000000000, -1.000000000000000000 ) ) ;
#2677 = AXIS2_PLACEMENT_3D ( 'NONE', #41, #687, #1550 ) ;
#2678 = AXIS2_PLACEMENT_3D ( 'NONE', #1498, #1064, #1293 ) ;
#2679 = VERTEX_POINT ( 'NONE', #1784 ) ;
#2680 = VECTOR ( 'NONE', #2310, 1000.000000000000000 ) ;
#2681 = ORIENTED_EDGE ( 'NONE', *, *, #444, .F. ) ;
#2682 = DIRECTION ( 'NONE',  ( 1.000000000000000000, 0.000000000000000000, 0.000000000000000000 ) ) ;
#2683 = CARTESIAN_POINT ( 'NONE',  ( 32.70000000000000284, -20.00000000000000000, 0.000000000000000000 ) ) ;
#2684 = FACE_OUTER_BOUND ( 'NONE', #224, .T. ) ;
#2685 = DIRECTION ( 'NONE',  ( 0.000000000000000000, 0.000000000000000000, -1.000000000000000000 ) ) ;
#2686 = LINE ( 'NONE', #406, #482 ) ;
#2687 = ORIENTED_EDGE ( 'NONE', *, *, #1252, .F. ) ;
#2688 = ADVANCED_FACE ( 'NONE', ( #1744 ), #2000, .T. ) ;
#2689 = CARTESIAN_POINT ( 'NONE',  ( -32.70000000000000284, -19.19999999999999929, 1.199999999999999956 ) ) ;
#2690 = DIRECTION ( 'NONE',  ( 1.000000000000000000, 0.000000000000000000, 0.000000000000000000 ) ) ;
#2691 = PERSON_AND_ORGANIZATION ( #18446744073709551615, #18446744073709551615 ) ;
#2692 = ORIENTED_EDGE ( 'NONE', *, *, #492, .T. ) ;
#2693 = EDGE_CURVE ( 'NONE', #340, #1320, #1501, .T. ) ;
#2694 = ORIENTED_EDGE ( 'NONE', *, *, #1411, .F. ) ;
#2695 = LINE ( 'NONE', #563, #2279 ) ;
#2696 = ORIENTED_EDGE ( 'NONE', *, *, #2042, .F. ) ;
#2697 = FACE_OUTER_BOUND ( 'NONE', #455, .T. ) ;
#2698 = DIRECTION ( 'NONE',  ( 0.000000000000000000, 0.000000000000000000, -1.000000000000000000 ) ) ;
#2699 = DIRECTION ( 'NONE',  ( 0.000000000000000000, 1.000000000000000000, 0.000000000000000000 ) ) ;
#2700 = CARTESIAN_POINT ( 'NONE',  ( 32.70000000000000284, 19.19999999999999929, 1.199999999999999956 ) ) ;
#2701 = ORIENTED_EDGE ( 'NONE', *, *, #1131, .T. ) ;
#2702 = CARTESIAN_POINT ( 'NONE',  ( -14.40000000000000036, 13.25000000000000000, 0.000000000000000000 ) ) ;
#2703 = PLANE ( 'NONE',  #2149 ) ;
#2704 = ADVANCED_FACE ( 'NONE', ( #537 ), #2179, .F. ) ;
#2705 = APPROVAL_ROLE ( '' ) ;
#2706 = VERTEX_POINT ( 'NONE', #962 ) ;
#2707 = VERTEX_POINT ( 'NONE', #756 ) ;
#2708 = ADVANCED_FACE ( 'NONE', ( #2157 ), #1543, .F. ) ;
#2709 = LINE ( 'NONE', #1403, #1499 ) ;
#2710 = ORIENTED_EDGE ( 'NONE', *, *, #1952, .F. ) ;
#2711 = CARTESIAN_POINT ( 'NONE',  ( -27.40000000000000213, 13.50000000000000000, -2.000000000000000000 ) ) ;
#2712 = LINE ( 'NONE', #831, #2328 ) ;
#2713 = DIRECTION ( 'NONE',  ( -1.000000000000000000, 0.000000000000000000, 0.000000000000000000 ) ) ;
#2714 = PLANE ( 'NONE',  #1577 ) ;
#2715 = VERTEX_POINT ( 'NONE', #1950 ) ;
#2716 = DIRECTION ( 'NONE',  ( 0.000000000000000000, -1.000000000000000000, 0.000000000000000000 ) ) ;
#2717 = VECTOR ( 'NONE', #2193, 1000.000000000000000 ) ;
#2718 = LINE ( 'NONE', #206, #606 ) ;
#2719 = VECTOR ( 'NONE', #974, 1000.000000000000000 ) ;
ENDSEC;
END-ISO-10303-21;
