ISO-10303-21;
HEADER;
FILE_DESCRIPTION (( 'STEP AP203' ),
    '1' );
FILE_NAME ('PowerSense-PM02D.STEP',
    '2026-06-22T08:50:01',
    ( 'localuser' ),
    ( '' ),
    'SwSTEP 2.0',
    'SolidWorks 2025',
    '' );
FILE_SCHEMA (( 'CONFIG_CONTROL_DESIGN' ));
ENDSEC;

DATA;
#1 = DIRECTION ( 'NONE',  ( -0.8993215372809394426, 0.3804056259511411353, 0.2156671795321863927 ) ) ;
#2 = FACE_OUTER_BOUND ( 'NONE', #1789, .T. ) ;
#3 = VERTEX_POINT ( 'NONE', #5 ) ;
#4 = EDGE_CURVE ( 'NONE', #2746, #4571, #3561, .T. ) ;
#5 = CARTESIAN_POINT ( 'NONE',  ( 65.34999999999999432, 6.399999999999999467, -14.30000000000000071 ) ) ;
#6 = ORIENTED_EDGE ( 'NONE', *, *, #3019, .T. ) ;
#7 = LINE ( 'NONE', #3152, #79 ) ;
#8 = CARTESIAN_POINT ( 'NONE',  ( -54.14999999999992042, 6.851864535865274775, -9.650000000000005684 ) ) ;
#9 = DIRECTION ( 'NONE',  ( -0.000000000000000000, -1.000000000000000000, -0.000000000000000000 ) ) ;
#10 = ORIENTED_EDGE ( 'NONE', *, *, #4153, .T. ) ;
#11 = ORIENTED_EDGE ( 'NONE', *, *, #129, .F. ) ;
#12 = ORIENTED_EDGE ( 'NONE', *, *, #100, .F. ) ;
#13 = VERTEX_POINT ( 'NONE', #5396 ) ;
#14 = DIRECTION ( 'NONE',  ( -1.000000000000000000, 0.000000000000000000, 0.000000000000000000 ) ) ;
#15 = CARTESIAN_POINT ( 'NONE',  ( 54.14999999999999858, -2.749999999999999556, -5.649999999999997691 ) ) ;
#16 = DIRECTION ( 'NONE',  ( -1.000000000000000000, -0.000000000000000000, -0.000000000000000000 ) ) ;
#17 = ORIENTED_EDGE ( 'NONE', *, *, #348, .T. ) ;
#18 = ORIENTED_EDGE ( 'NONE', *, *, #960, .F. ) ;
#19 = CARTESIAN_POINT ( 'NONE',  ( 5.250000000000006217, 5.050000000000000711, 4.850000000000000533 ) ) ;
#20 = CARTESIAN_POINT ( 'NONE',  ( -54.14999999999999858, 2.750000000000000444, -5.650000000000000355 ) ) ;
#21 = CARTESIAN_POINT ( 'NONE',  ( 14.15000000000000568, 1.449999999999999956, 2.000000000000000000 ) ) ;
#22 = CARTESIAN_POINT ( 'NONE',  ( -14.04999999999999538, 8.050000000000000711, 12.84999999999999964 ) ) ;
#23 = ORIENTED_EDGE ( 'NONE', *, *, #1961, .T. ) ;
#24 = CARTESIAN_POINT ( 'NONE',  ( 14.15000000000000568, 0.9786148480540189931, -1.833278560092397091 ) ) ;
#25 = CARTESIAN_POINT ( 'NONE',  ( -2.749999999999993783, 0.8499999999999999778, 2.850000000000000089 ) ) ;
#26 = DIRECTION ( 'NONE',  ( 0.000000000000000000, 0.000000000000000000, 1.000000000000000000 ) ) ;
#27 = DIRECTION ( 'NONE',  ( 0.000000000000000000, -1.000000000000000000, 0.000000000000000000 ) ) ;
#28 = ORIENTED_EDGE ( 'NONE', *, *, #1454, .F. ) ;
#29 = DIRECTION ( 'NONE',  ( 0.000000000000000000, 0.000000000000000000, 1.000000000000000000 ) ) ;
#30 = FACE_OUTER_BOUND ( 'NONE', #5741, .T. ) ;
#31 = DIRECTION ( 'NONE',  ( 0.000000000000000000, -2.081668171172170485E-16, -1.000000000000000000 ) ) ;
#32 = LINE ( 'NONE', #4473, #78 ) ;
#33 = EDGE_CURVE ( 'NONE', #3559, #4523, #1167, .T. ) ;
#34 = EDGE_LOOP ( 'NONE', ( #1051, #4132, #1334, #178 ) ) ;
#35 = VERTEX_POINT ( 'NONE', #481 ) ;
#36 = CARTESIAN_POINT ( 'NONE',  ( 7.149999999999995914, -0.8499999999999999778, -11.65000000000000036 ) ) ;
#37 = CARTESIAN_POINT ( 'NONE',  ( 65.34999999999999432, -7.399999999999999467, -5.999999999999998224 ) ) ;
#38 = FACE_OUTER_BOUND ( 'NONE', #1984, .T. ) ;
#39 = ORIENTED_EDGE ( 'NONE', *, *, #4303, .F. ) ;
#40 = ORIENTED_EDGE ( 'NONE', *, *, #3003, .T. ) ;
#41 = CARTESIAN_POINT ( 'NONE',  ( -7.449999999999996625, 8.050000000000000711, -3.149999999999999911 ) ) ;
#42 = CARTESIAN_POINT ( 'NONE',  ( 11.73333333333333073, 0.8499999999999998668, -11.65000000000000036 ) ) ;
#43 = CARTESIAN_POINT ( 'NONE',  ( -12.14999999999998437, -0.8499999999999989786, -11.65000000000000568 ) ) ;
#44 = CARTESIAN_POINT ( 'NONE',  ( 12.14999999999999503, -0.8499999999999998668, -10.31666666666666110 ) ) ;
#45 = B_SPLINE_CURVE_WITH_KNOTS ( 'NONE', 3,
 ( #297, #5696, #1710, #1738, #5213, #4780, #4326, #767 ),
 .UNSPECIFIED., .F., .F.,
 ( 4, 1, 1, 1, 1, 4 ),
 ( 0.000000000000000000, 0.1249999998886840158, 0.2499999999264528316, 0.3749999999642217863, 0.5000000000019905189, 0.5000374723489217077 ),
 .UNSPECIFIED. ) ;
#46 = ORIENTED_EDGE ( 'NONE', *, *, #4732, .F. ) ;
#47 = ORIENTED_EDGE ( 'NONE', *, *, #3531, .T. ) ;
#48 = CARTESIAN_POINT ( 'NONE',  ( 12.14999999999999503, 0.8499999999999999778, -11.65000000000000036 ) ) ;
#49 = CARTESIAN_POINT ( 'NONE',  ( 16.15000000000000568, 1.449999999999999956, -1.999999999999999556 ) ) ;
#50 = DIRECTION ( 'NONE',  ( 0.000000000000000000, 0.000000000000000000, -1.000000000000000000 ) ) ;
#51 = ORIENTED_EDGE ( 'NONE', *, *, #33, .T. ) ;
#52 = VERTEX_POINT ( 'NONE', #5341 ) ;
#53 = CARTESIAN_POINT ( 'NONE',  ( -8.649999999999995026, 6.200000000000000178, 8.849999999999997868 ) ) ;
#54 = DIRECTION ( 'NONE',  ( 0.000000000000000000, 0.000000000000000000, 1.000000000000000000 ) ) ;
#55 = CARTESIAN_POINT ( 'NONE',  ( -54.14999999999999858, 6.546618184993099554, -8.096177570319513350 ) ) ;
#56 = VECTOR ( 'NONE', #3601, 1000.000000000000000 ) ;
#57 = DIRECTION ( 'NONE',  ( -0.000000000000000000, -0.000000000000000000, -1.000000000000000000 ) ) ;
#58 = ADVANCED_FACE ( 'NONE', ( #2251 ), #1430, .T. ) ;
#59 = ORIENTED_EDGE ( 'NONE', *, *, #858, .T. ) ;
#60 = VERTEX_POINT ( 'NONE', #3586 ) ;
#61 = ORIENTED_EDGE ( 'NONE', *, *, #3836, .T. ) ;
#62 = VECTOR ( 'NONE', #3399, 1000.000000000000000 ) ;
#63 = EDGE_CURVE ( 'NONE', #3149, #4581, #3224, .T. ) ;
#64 = LINE ( 'NONE', #4831, #442 ) ;
#65 = CARTESIAN_POINT ( 'NONE',  ( 54.14999999999999858, -2.750000000000000444, -7.799999999999999822 ) ) ;
#66 = DIRECTION ( 'NONE',  ( 0.000000000000000000, -0.000000000000000000, 1.000000000000000000 ) ) ;
#67 = VECTOR ( 'NONE', #2832, 1000.000000000000000 ) ;
#68 = AXIS2_PLACEMENT_3D ( 'NONE', #3612, #2760, #4985 ) ;
#69 = ORIENTED_EDGE ( 'NONE', *, *, #1780, .T. ) ;
#70 = VERTEX_POINT ( 'NONE', #460 ) ;
#71 = EDGE_CURVE ( 'NONE', #5010, #5492, #1117, .T. ) ;
#72 = CARTESIAN_POINT ( 'NONE',  ( 14.14999999999999503, 4.612205218160180920, -9.693481897772610267 ) ) ;
#73 = VECTOR ( 'NONE', #4595, 1000.000000000000000 ) ;
#74 = CARTESIAN_POINT ( 'NONE',  ( 10.48333333333333250, 0.8499999999999998668, -11.65000000000000036 ) ) ;
#75 = VECTOR ( 'NONE', #4773, 1000.000000000000000 ) ;
#76 = LINE ( 'NONE', #3551, #1648 ) ;
#77 = APPLICATION_CONTEXT ( 'configuration controlled 3d designs of mechanical parts and assemblies' ) ;
#78 = VECTOR ( 'NONE', #2662, 1000.000000000000000 ) ;
#79 = VECTOR ( 'NONE', #5282, 1000.000000000000000 ) ;
#80 = APPROVAL_ROLE ( '' ) ;
#81 = ORIENTED_EDGE ( 'NONE', *, *, #5202, .F. ) ;
#82 = VERTEX_POINT ( 'NONE', #1371 ) ;
#83 = CARTESIAN_POINT ( 'NONE',  ( 11.28121954003866456, 0.8499999999999998668, -1.000000000000000000 ) ) ;
#84 = FACE_BOUND ( 'NONE', #794, .T. ) ;
#85 = VECTOR ( 'NONE', #865, 1000.000000000000000 ) ;
#86 = DIRECTION ( 'NONE',  ( -0.000000000000000000, -1.000000000000000000, -0.000000000000000000 ) ) ;
#87 = ADVANCED_FACE ( 'NONE', ( #4106 ), #5548, .T. ) ;
#88 = VECTOR ( 'NONE', #4987, 1000.000000000000000 ) ;
#89 = LINE ( 'NONE', #1871, #3442 ) ;
#90 = ORIENTED_EDGE ( 'NONE', *, *, #4, .T. ) ;
#91 = EDGE_LOOP ( 'NONE', ( #742, #5525, #4019, #3617 ) ) ;
#92 = CARTESIAN_POINT ( 'NONE',  ( 14.15000000000000568, 1.126585716339430832, -2.381418307131922152 ) ) ;
#93 = CARTESIAN_POINT ( 'NONE',  ( -54.15000000000012648, -6.851864535865279215, -9.649999999999993250 ) ) ;
#94 = CARTESIAN_POINT ( 'NONE',  ( -8.649999999999995026, 6.200000000000000178, 8.849999999999997868 ) ) ;
#95 = ORIENTED_EDGE ( 'NONE', *, *, #3877, .T. ) ;
#96 = VERTEX_POINT ( 'NONE', #4185 ) ;
#97 = CARTESIAN_POINT ( 'NONE',  ( -65.34999999999999432, -7.399999999999999467, -14.29999999999999893 ) ) ;
#98 = LINE ( 'NONE', #4998, #4825 ) ;
#99 = CARTESIAN_POINT ( 'NONE',  ( -14.14999999999999503, -1.024401349852988918, -8.946305220297677607 ) ) ;
#100 = EDGE_CURVE ( 'NONE', #5232, #4038, #133, .T. ) ;
#101 = B_SPLINE_CURVE_WITH_KNOTS ( 'NONE', 1,
 ( #1989, #3759 ),
 .UNSPECIFIED., .F., .F.,
 ( 2, 2 ),
 ( 0.000000000000000000, 1.000000000000000000 ),
 .UNSPECIFIED. ) ;
#102 = CARTESIAN_POINT ( 'NONE',  ( 14.14999999999999503, 4.475598650147010638, -10.35369477970231955 ) ) ;
#103 = CARTESIAN_POINT ( 'NONE',  ( -14.14999999999999503, 2.750000000000000000, -9.650000000000000355 ) ) ;
#104 = CARTESIAN_POINT ( 'NONE',  ( 14.14999999999999503, -1.069691888539655356, -10.42399266828605953 ) ) ;
#105 = EDGE_CURVE ( 'NONE', #1481, #2932, #4599, .T. ) ;
#106 = VERTEX_POINT ( 'NONE', #594 ) ;
#107 = CARTESIAN_POINT ( 'NONE',  ( 64.35000000000006537, -6.100679342678986927, -13.04783251654283482 ) ) ;
#108 = CARTESIAN_POINT ( 'NONE',  ( 36.14999999999999858, 1.449999999999999956, 0.000000000000000000 ) ) ;
#109 = CARTESIAN_POINT ( 'NONE',  ( -8.649999999999995026, 1.636454033335750902, 12.05000000000000071 ) ) ;
#110 = CARTESIAN_POINT ( 'NONE',  ( 64.34999999999999432, 7.399999999999999467, -6.000000000000001776 ) ) ;
#111 = ORIENTED_EDGE ( 'NONE', *, *, #1784, .F. ) ;
#112 = B_SPLINE_SURFACE_WITH_KNOTS ( 'NONE', 3, 1, ( 
 ( #587, #2379 ),
 ( #2413, #5439 ),
 ( #648, #2436 ),
 ( #4567, #3694 ),
 ( #1452, #159 ),
 ( #2874, #4179 ),
 ( #618, #4146 ),
 ( #188, #3259 ),
 ( #1953, #2818 ),
 ( #3773, #5093 ) ),
 .UNSPECIFIED., .F., .F., .F.,
 ( 4, 2, 2, 2, 4 ),
 ( 2, 2 ),
 ( 0.000000000000000000, 0.2500000000000000000, 0.5000000000000000000, 0.7500000000000000000, 1.000000000000000000 ),
 ( 0.000000000000000000, 1.000000000000000000 ),
 .UNSPECIFIED. ) ;
#113 = VERTEX_POINT ( 'NONE', #5102 ) ;
#114 = CARTESIAN_POINT ( 'NONE',  ( 54.15000000000036096, -4.345806406413845302, -5.867089650977379556 ) ) ;
#115 = CARTESIAN_POINT ( 'NONE',  ( 64.34999999999999432, 2.265764042632205655, -14.30000000000000071 ) ) ;
#116 = CARTESIAN_POINT ( 'NONE',  ( -8.649999999999995026, 7.249999999999999112, 9.649999999999996803 ) ) ;
#117 = FACE_OUTER_BOUND ( 'NONE', #421, .T. ) ;
#118 = VERTEX_POINT ( 'NONE', #1536 ) ;
#119 = ORIENTED_EDGE ( 'NONE', *, *, #5410, .F. ) ;
#120 = DIRECTION ( 'NONE',  ( -0.000000000000000000, 0.000000000000000000, 1.000000000000000000 ) ) ;
#121 = LINE ( 'NONE', #604, #5192 ) ;
#122 = CARTESIAN_POINT ( 'NONE',  ( 65.34999999999999432, 7.399999999999999467, -13.29999999999999893 ) ) ;
#123 = CARTESIAN_POINT ( 'NONE',  ( 14.14999999999998970, 4.376028419645420442, -10.55869715993961755 ) ) ;
#124 = DIRECTION ( 'NONE',  ( -1.000000000000000000, -0.000000000000000000, 1.084202172485504557E-16 ) ) ;
#125 = LINE ( 'NONE', #673, #1667 ) ;
#126 = ORIENTED_EDGE ( 'NONE', *, *, #4124, .T. ) ;
#127 = DIRECTION ( 'NONE',  ( 0.000000000000000000, 0.000000000000000000, -1.000000000000000000 ) ) ;
#128 = DIRECTION ( 'NONE',  ( 0.000000000000000000, 0.8602915336341737662, 0.5098023903017334657 ) ) ;
#129 = EDGE_CURVE ( 'NONE', #2907, #3233, #5018, .T. ) ;
#130 = DIRECTION ( 'NONE',  ( 1.000000000000000000, 0.000000000000000000, 0.000000000000000000 ) ) ;
#131 = FACE_OUTER_BOUND ( 'NONE', #2324, .T. ) ;
#132 = EDGE_LOOP ( 'NONE', ( #945, #3272, #1067, #3214 ) ) ;
#133 = LINE ( 'NONE', #168, #2756 ) ;
#134 = ORIENTED_EDGE ( 'NONE', *, *, #4558, .F. ) ;
#135 = DIRECTION ( 'NONE',  ( -1.000000000000000000, -0.000000000000000000, 1.084202172485504557E-16 ) ) ;
#136 = CARTESIAN_POINT ( 'NONE',  ( -64.34999999999999432, -2.749999997868448620, -5.000000000000000888 ) ) ;
#137 = CARTESIAN_POINT ( 'NONE',  ( 5.250000000000006217, 5.050000000000000711, 4.850000000000000533 ) ) ;
#138 = VERTEX_POINT ( 'NONE', #1045 ) ;
#139 = EDGE_LOOP ( 'NONE', ( #598, #4754, #2307, #4133, #4597, #3244, #5043, #953 ) ) ;
#140 = ORIENTED_EDGE ( 'NONE', *, *, #1251, .F. ) ;
#141 = CARTESIAN_POINT ( 'NONE',  ( -14.14999999999999503, -4.612205218160180920, -9.693481897772610267 ) ) ;
#142 = VECTOR ( 'NONE', #3347, 1000.000000000000000 ) ;
#143 = FACE_OUTER_BOUND ( 'NONE', #4533, .T. ) ;
#144 = CARTESIAN_POINT ( 'NONE',  ( -7.149999999999995914, -0.8499999999999999778, -11.65000000000000036 ) ) ;
#145 = EDGE_CURVE ( 'NONE', #847, #2719, #3263, .T. ) ;
#146 = AXIS2_PLACEMENT_3D ( 'NONE', #2948, #4700, #5203 ) ;
#147 = PLANE ( 'NONE',  #1080 ) ;
#148 = CARTESIAN_POINT ( 'NONE',  ( 14.14999999999999503, -1.695887704139257490, -8.129483986046180277 ) ) ;
#149 = CARTESIAN_POINT ( 'NONE',  ( 3.299999999999999822, 1.850000000000000089, -12.44999999999999929 ) ) ;
#150 = VECTOR ( 'NONE', #4896, 1000.000000000000000 ) ;
#151 = VECTOR ( 'NONE', #2897, 1000.000000000000000 ) ;
#152 = B_SPLINE_CURVE_WITH_KNOTS ( 'NONE', 3,
 ( #2461, #4783, #4233, #769, #2878, #2554 ),
 .UNSPECIFIED., .F., .F.,
 ( 4, 2, 4 ),
 ( 0.000000000000000000, 0.2500000000000002776, 0.3562252349600870116 ),
 .UNSPECIFIED. ) ;
#153 = VECTOR ( 'NONE', #5227, 1000.000000000000000 ) ;
#154 = DATE_AND_TIME ( #1828, #3254 ) ;
#155 = EDGE_LOOP ( 'NONE', ( #1465, #4796, #3508, #3795 ) ) ;
#156 = AXIS2_PLACEMENT_3D ( 'NONE', #1914, #4611, #1004 ) ;
#157 = CARTESIAN_POINT ( 'NONE',  ( 7.149999999999995026, -0.8499999999999998668, -8.316666666666669983 ) ) ;
#158 = ORIENTED_EDGE ( 'NONE', *, *, #3377, .T. ) ;
#159 = CARTESIAN_POINT ( 'NONE',  ( -10.06666666666666643, 0.8499999999999998668, -11.65000000000000036 ) ) ;
#160 = CARTESIAN_POINT ( 'NONE',  ( -65.34999999999999432, 6.399999999999999467, -5.000000000000000888 ) ) ;
#161 = CARTESIAN_POINT ( 'NONE',  ( 64.34999999999999432, -6.400000000000000355, -4.999999999999999112 ) ) ;
#162 = AXIS2_PLACEMENT_3D ( 'NONE', #4660, #211, #4232 ) ;
#163 = AXIS2_PLACEMENT_3D ( 'NONE', #754, #5226, #3763 ) ;
#164 = APPROVAL ( #395, 'Coincident' ) ;
#165 = LINE ( 'NONE', #2384, #1955 ) ;
#166 = VERTEX_POINT ( 'NONE', #1902 ) ;
#167 = ORIENTED_EDGE ( 'NONE', *, *, #2486, .F. ) ;
#168 = CARTESIAN_POINT ( 'NONE',  ( -7.149999999999995914, 0.8499999999999999778, -11.65000000000000036 ) ) ;
#169 = VECTOR ( 'NONE', #2400, 1000.000000000000000 ) ;
#170 = AXIS2_PLACEMENT_3D ( 'NONE', #4011, #4062, #2648 ) ;
#171 = DIRECTION ( 'NONE',  ( 1.000000000000000000, 0.000000000000000000, 0.000000000000000000 ) ) ;
#172 = DIRECTION ( 'NONE',  ( -0.000000000000000000, 0.5098023903017335767, 0.8602915336341738772 ) ) ;
#173 = DIRECTION ( 'NONE',  ( -0.000000000000000000, -1.084202172485504040E-15, -1.000000000000000000 ) ) ;
#174 = CIRCLE ( 'NONE', #4085, 1.700000000000000178 ) ;
#175 = EDGE_CURVE ( 'NONE', #2565, #5224, #3779, .T. ) ;
#176 = ORIENTED_EDGE ( 'NONE', *, *, #850, .T. ) ;
#177 = VERTEX_POINT ( 'NONE', #5549 ) ;
#178 = ORIENTED_EDGE ( 'NONE', *, *, #2422, .T. ) ;
#179 = LOCAL_TIME ( 18, 50, 1.000000000000000000, #3925 ) ;
#180 = CARTESIAN_POINT ( 'NONE',  ( 69.44999999999998863, -6.999999999999999112, -11.99999999999998757 ) ) ;
#181 = DIRECTION ( 'NONE',  ( 0.000000000000000000, 0.000000000000000000, 1.000000000000000000 ) ) ;
#182 = DIRECTION ( 'NONE',  ( -1.084202172485504434E-16, -0.000000000000000000, -1.000000000000000000 ) ) ;
#183 = ORIENTED_EDGE ( 'NONE', *, *, #2412, .T. ) ;
#184 = DIRECTION ( 'NONE',  ( -1.000000000000000000, 0.000000000000000000, 0.000000000000000000 ) ) ;
#185 = CARTESIAN_POINT ( 'NONE',  ( 54.15000000000005542, -5.671673470966832831, -12.53138204054240212 ) ) ;
#186 = DIRECTION ( 'NONE',  ( 1.000000000000000000, 0.000000000000000000, 0.000000000000000000 ) ) ;
#187 = CARTESIAN_POINT ( 'NONE',  ( 14.14999999999999503, -4.513226927654094389, -9.056020870797693689 ) ) ;
#188 = CARTESIAN_POINT ( 'NONE',  ( -14.14999999999999503, 3.370117107218460806, -11.41418160436249174 ) ) ;
#189 = DIRECTION ( 'NONE',  ( 0.000000000000000000, 0.000000000000000000, 1.000000000000000000 ) ) ;
#190 = DIRECTION ( 'NONE',  ( 1.535153518563545837E-16, 0.000000000000000000, 1.000000000000000000 ) ) ;
#191 = DIRECTION ( 'NONE',  ( -1.000000000000000000, 0.000000000000000000, 0.000000000000000000 ) ) ;
#192 = ORIENTED_EDGE ( 'NONE', *, *, #3344, .F. ) ;
#193 = CARTESIAN_POINT ( 'NONE',  ( -14.14999999999999503, 4.571614978577096089, -9.260875572855569615 ) ) ;
#194 = CARTESIAN_POINT ( 'NONE',  ( 64.34999999999999432, 0.000000000000000000, 0.000000000000000000 ) ) ;
#195 = CARTESIAN_POINT ( 'NONE',  ( -64.34999999999999432, -6.100679342678983375, -6.252167483457179209 ) ) ;
#196 = DIRECTION ( 'NONE',  ( -1.084202172485504434E-16, -2.065146995210485434E-16, -1.000000000000000000 ) ) ;
#197 = EDGE_LOOP ( 'NONE', ( #4422, #5289, #4429, #2803, #1228, #4028, #11 ) ) ;
#198 = VERTEX_POINT ( 'NONE', #2387 ) ;
#199 = VERTEX_POINT ( 'NONE', #3699 ) ;
#200 = DIRECTION ( 'NONE',  ( 0.000000000000000000, 0.000000000000000000, 1.000000000000000000 ) ) ;
#201 = EDGE_CURVE ( 'NONE', #2097, #4499, #4154, .T. ) ;
#202 = B_SPLINE_SURFACE_WITH_KNOTS ( 'NONE', 3, 1, ( 
 ( #2545, #5592 ),
 ( #1616, #2984 ),
 ( #2892, #4772 ),
 ( #4317, #1144 ),
 ( #3452, #319 ),
 ( #3885, #229 ),
 ( #5532, #4737 ),
 ( #2115, #3387 ),
 ( #5169, #5655 ),
 ( #1679, #205 ) ),
 .UNSPECIFIED., .F., .F., .F.,
 ( 4, 2, 2, 2, 4 ),
 ( 2, 2 ),
 ( 0.000000000000000000, 0.2500000000000000000, 0.5000000000000000000, 0.7500000000000000000, 1.000000000000000000 ),
 ( 0.000000000000000000, 1.000000000000000000 ),
 .UNSPECIFIED. ) ;
#203 = DIRECTION ( 'NONE',  ( 1.000000000000000000, 0.000000000000000000, -0.000000000000000000 ) ) ;
#204 = LINE ( 'NONE', #3684, #1198 ) ;
#205 = CARTESIAN_POINT ( 'NONE',  ( -7.149999999999995914, -0.8499999999999999778, -11.65000000000000036 ) ) ;
#206 = CARTESIAN_POINT ( 'NONE',  ( 64.34999999999999432, 2.265764042632205655, -14.30000000000000071 ) ) ;
#207 = LINE ( 'NONE', #5490, #4365 ) ;
#208 = DIRECTION ( 'NONE',  ( -1.000000000000000000, 0.000000000000000000, 0.000000000000000000 ) ) ;
#209 = DIRECTION ( 'NONE',  ( -1.000000000000000000, -0.000000000000000000, -1.807003620809174632E-16 ) ) ;
#210 = LINE ( 'NONE', #3367, #3716 ) ;
#211 = DIRECTION ( 'NONE',  ( 1.084202172485504557E-16, 0.000000000000000000, 1.000000000000000000 ) ) ;
#212 = CARTESIAN_POINT ( 'NONE',  ( -69.44999999999998863, 7.000000000000000000, -13.50000000000000178 ) ) ;
#213 = ORIENTED_EDGE ( 'NONE', *, *, #5444, .T. ) ;
#214 = CARTESIAN_POINT ( 'NONE',  ( -7.149999999999995026, 0.8499999999999998668, -10.31666666666667176 ) ) ;
#215 = LINE ( 'NONE', #4688, #4145 ) ;
#216 = CARTESIAN_POINT ( 'NONE',  ( 10.06666666666665755, 0.8499999999999998668, -7.650000000000000355 ) ) ;
#217 = CARTESIAN_POINT ( 'NONE',  ( -14.14999999999999503, -0.9061914727981216222, -9.379357875808056022 ) ) ;
#218 = VERTEX_POINT ( 'NONE', #5519 ) ;
#219 = EDGE_LOOP ( 'NONE', ( #39, #5482, #4933, #4863 ) ) ;
#220 = ORIENTED_EDGE ( 'NONE', *, *, #2672, .F. ) ;
#221 = ORIENTED_EDGE ( 'NONE', *, *, #2342, .F. ) ;
#222 = ORIENTED_EDGE ( 'NONE', *, *, #3961, .T. ) ;
#223 = DIRECTION ( 'NONE',  ( 1.000000000000000000, -0.000000000000000000, -0.000000000000000000 ) ) ;
#224 = DIRECTION ( 'NONE',  ( -0.000000000000000000, -0.8602915336341738772, 0.5098023903017334657 ) ) ;
#225 = DIRECTION ( 'NONE',  ( 0.000000000000000000, 0.000000000000000000, 1.000000000000000000 ) ) ;
#226 = ORIENTED_EDGE ( 'NONE', *, *, #2632, .F. ) ;
#227 = VECTOR ( 'NONE', #2817, 1000.000000000000000 ) ;
#228 = B_SPLINE_CURVE_WITH_KNOTS ( 'NONE', 1,
 ( #3589, #4884 ),
 .UNSPECIFIED., .F., .F.,
 ( 2, 2 ),
 ( 0.000000000000000000, 1.000000000000000000 ),
 .UNSPECIFIED. ) ;
#229 = CARTESIAN_POINT ( 'NONE',  ( -9.233333333333332504, -0.8499999999999998668, -11.65000000000000036 ) ) ;
#230 = FACE_OUTER_BOUND ( 'NONE', #1050, .T. ) ;
#231 = CARTESIAN_POINT ( 'NONE',  ( -65.34999999999999432, 7.399999999999999467, -5.000000000000000888 ) ) ;
#232 = VECTOR ( 'NONE', #2085, 1000.000000000000000 ) ;
#233 = EDGE_CURVE ( 'NONE', #2445, #1932, #3235, .T. ) ;
#234 = DIRECTION ( 'NONE',  ( 1.971276677246372012E-16, 0.000000000000000000, -1.000000000000000000 ) ) ;
#235 = VECTOR ( 'NONE', #4014, 1000.000000000000000 ) ;
#236 = PLANE ( 'NONE',  #899 ) ;
#237 = DIRECTION ( 'NONE',  ( -0.8488488376682019609, 0.09324260211600929327, 0.5203474492490359760 ) ) ;
#238 = DIRECTION ( 'NONE',  ( -1.000000000000000000, 0.000000000000000000, 0.000000000000000000 ) ) ;
#239 = AXIS2_PLACEMENT_3D ( 'NONE', #4343, #2568, #2941 ) ;
#240 = AXIS2_PLACEMENT_3D ( 'NONE', #734, #5593, #5142 ) ;
#241 = CARTESIAN_POINT ( 'NONE',  ( -77.54999999999998295, 6.200000000000000178, -6.899999999999998579 ) ) ;
#242 = ORIENTED_EDGE ( 'NONE', *, *, #3123, .F. ) ;
#243 = B_SPLINE_SURFACE_WITH_KNOTS ( 'NONE', 3, 1, ( 
 ( #3636, #4481 ),
 ( #5380, #42 ),
 ( #5721, #880 ),
 ( #3133, #74 ),
 ( #854, #2674 ),
 ( #391, #5408 ),
 ( #3513, #1420 ),
 ( #1395, #2183 ),
 ( #2646, #470 ),
 ( #3194, #3549 ) ),
 .UNSPECIFIED., .F., .F., .F.,
 ( 4, 2, 2, 2, 4 ),
 ( 2, 2 ),
 ( 0.000000000000000000, 0.2500000000000000000, 0.5000000000000000000, 0.7500000000000000000, 1.000000000000000000 ),
 ( 0.000000000000000000, 1.000000000000000000 ),
 .UNSPECIFIED. ) ;
#244 = LINE ( 'NONE', #3398, #2936 ) ;
#245 = ORIENTED_EDGE ( 'NONE', *, *, #3668, .T. ) ;
#246 = CARTESIAN_POINT ( 'NONE',  ( 14.14999999999999503, 0.9061914727981216222, -9.379357875808056022 ) ) ;
#247 = EDGE_CURVE ( 'NONE', #2133, #2628, #1514, .T. ) ;
#248 = AXIS2_PLACEMENT_3D ( 'NONE', #5127, #2525, #3310 ) ;
#249 = VECTOR ( 'NONE', #4165, 1000.000000000000000 ) ;
#250 = CARTESIAN_POINT ( 'NONE',  ( 8.816666666666657548, 0.8499999999999998668, -7.650000000000000355 ) ) ;
#251 = LINE ( 'NONE', #2561, #4551 ) ;
#252 = ORIENTED_EDGE ( 'NONE', *, *, #2542, .F. ) ;
#253 = AXIS2_PLACEMENT_3D ( 'NONE', #550, #5455, #1471 ) ;
#254 = ORIENTED_EDGE ( 'NONE', *, *, #5376, .T. ) ;
#255 = VECTOR ( 'NONE', #1480, 1000.000000000000000 ) ;
#256 = VERTEX_POINT ( 'NONE', #2332 ) ;
#257 = CARTESIAN_POINT ( 'NONE',  ( -14.14999999999999503, -3.966896449587267615, -11.05745992316454185 ) ) ;
#258 = CARTESIAN_POINT ( 'NONE',  ( -70.54999999999996874, 2.800000000000001599, -11.34999999999999964 ) ) ;
#259 = VECTOR ( 'NONE', #1311, 1000.000000000000000 ) ;
#260 = EDGE_CURVE ( 'NONE', #1990, #82, #3870, .T. ) ;
#261 = LINE ( 'NONE', #693, #1569 ) ;
#262 = CARTESIAN_POINT ( 'NONE',  ( 14.14999999999999503, 3.609903563910112023, -11.30494860974191873 ) ) ;
#263 = ORIENTED_EDGE ( 'NONE', *, *, #3985, .F. ) ;
#264 = CC_DESIGN_APPROVAL ( #164, ( #5214 ) ) ;
#265 = DIRECTION ( 'NONE',  ( -1.000000000000000000, -0.000000000000000000, -0.000000000000000000 ) ) ;
#266 = CARTESIAN_POINT ( 'NONE',  ( 78.44999999999997442, -5.500000000000000000, -11.99999999999999822 ) ) ;
#267 = CARTESIAN_POINT ( 'NONE',  ( -54.15000000000000568, 4.345806406413833756, -13.43291034902260428 ) ) ;
#268 = EDGE_CURVE ( 'NONE', #4829, #3209, #4715, .T. ) ;
#269 = CARTESIAN_POINT ( 'NONE',  ( -12.14999999999999503, 0.8499999999999999778, -11.65000000000000036 ) ) ;
#270 = CARTESIAN_POINT ( 'NONE',  ( -14.04999999999999538, 1.636454033335750902, 12.05000000000000071 ) ) ;
#271 = LINE ( 'NONE', #5212, #3231 ) ;
#272 = CYLINDRICAL_SURFACE ( 'NONE', #4169, 1.850000000000000977 ) ;
#273 = LINE ( 'NONE', #2038, #1942 ) ;
#274 = EDGE_CURVE ( 'NONE', #1148, #2232, #5273, .T. ) ;
#275 = CARTESIAN_POINT ( 'NONE',  ( -7.149999999999995026, -0.8499999999999999778, -7.650000000000000355 ) ) ;
#276 = ORIENTED_EDGE ( 'NONE', *, *, #3455, .F. ) ;
#277 = LINE ( 'NONE', #5633, #4614 ) ;
#278 = CARTESIAN_POINT ( 'NONE',  ( -64.34999999999999432, 2.750000000000000000, -9.650000000000002132 ) ) ;
#279 = CARTESIAN_POINT ( 'NONE',  ( -3.299999999999999822, 0.8499999999999999778, -12.44999999999999929 ) ) ;
#280 = DIRECTION ( 'NONE',  ( 0.000000000000000000, 1.000000000000000000, -4.731064025391292434E-16 ) ) ;
#281 = EDGE_CURVE ( 'NONE', #4068, #3535, #4786, .T. ) ;
#282 = VERTEX_POINT ( 'NONE', #799 ) ;
#283 = ORIENTED_EDGE ( 'NONE', *, *, #5040, .T. ) ;
#284 = DIRECTION ( 'NONE',  ( -1.000000000000000000, 0.000000000000000000, -0.000000000000000000 ) ) ;
#285 = CARTESIAN_POINT ( 'NONE',  ( -8.649999999999996803, 6.200000000000000178, 0.04999999999999944766 ) ) ;
#286 = CARTESIAN_POINT ( 'NONE',  ( -54.15000000000028990, -6.546618184993106659, -11.20382242968051578 ) ) ;
#287 = EDGE_CURVE ( 'NONE', #2510, #521, #746, .T. ) ;
#288 = LINE ( 'NONE', #5590, #3702 ) ;
#289 = CARTESIAN_POINT ( 'NONE',  ( 13.15000000000000568, 0.8499999999999999778, -1.000000000000000000 ) ) ;
#290 = EDGE_LOOP ( 'NONE', ( #1114, #4475 ) ) ;
#291 = CARTESIAN_POINT ( 'NONE',  ( 3.300000000000001155, 1.850000000000000089, -5.849999999999999645 ) ) ;
#292 = CARTESIAN_POINT ( 'NONE',  ( -14.14999999999999503, -1.168510685632216495, -10.63852445020471649 ) ) ;
#293 = CARTESIAN_POINT ( 'NONE',  ( -64.34999999999996589, 1.339215079511145490, -14.29999999999997584 ) ) ;
#294 = CARTESIAN_POINT ( 'NONE',  ( 11.73333333333333073, -0.8499999999999998668, -11.65000000000000036 ) ) ;
#295 = DIRECTION ( 'NONE',  ( 1.084202172485504557E-16, 1.032573497605242594E-16, 1.000000000000000000 ) ) ;
#296 = DIRECTION ( 'NONE',  ( -1.734723475976807094E-15, 0.000000000000000000, 1.000000000000000000 ) ) ;
#297 = CARTESIAN_POINT ( 'NONE',  ( 64.34999999999999432, 2.750000000000000000, -5.000000000000000888 ) ) ;
#298 = ORIENTED_EDGE ( 'NONE', *, *, #4175, .F. ) ;
#299 = EDGE_CURVE ( 'NONE', #3943, #4412, #2997, .T. ) ;
#300 = PLANE ( 'NONE',  #3423 ) ;
#301 = CARTESIAN_POINT ( 'NONE',  ( -14.14999999999999503, -4.571614978577096089, -9.260875572855569615 ) ) ;
#302 = VERTEX_POINT ( 'NONE', #1129 ) ;
#303 = EDGE_CURVE ( 'NONE', #857, #4938, #3866, .T. ) ;
#304 = CARTESIAN_POINT ( 'NONE',  ( 65.34999999999999432, -6.400000000000000355, -13.29999999999999716 ) ) ;
#305 = FACE_BOUND ( 'NONE', #2353, .T. ) ;
#306 = CARTESIAN_POINT ( 'NONE',  ( 12.14999999999999503, -0.8499999999999999778, -11.65000000000000036 ) ) ;
#307 = PLANE ( 'NONE',  #3065 ) ;
#308 = ORIENTED_EDGE ( 'NONE', *, *, #1706, .T. ) ;
#309 = EDGE_CURVE ( 'NONE', #5412, #991, #277, .T. ) ;
#310 = EDGE_LOOP ( 'NONE', ( #3954, #1886, #5364, #5039 ) ) ;
#311 = FACE_OUTER_BOUND ( 'NONE', #4578, .T. ) ;
#312 = DIRECTION ( 'NONE',  ( -1.000000000000000000, -0.000000000000000000, -0.000000000000000000 ) ) ;
#313 = CARTESIAN_POINT ( 'NONE',  ( -54.14999999999999858, -2.749999999999999556, -5.649999999999997691 ) ) ;
#314 = FACE_OUTER_BOUND ( 'NONE', #197, .T. ) ;
#315 = CARTESIAN_POINT ( 'NONE',  ( 64.34999999999999432, 7.399999999999999467, -14.30000000000000071 ) ) ;
#316 = ORIENTED_EDGE ( 'NONE', *, *, #5252, .T. ) ;
#317 = VERTEX_POINT ( 'NONE', #3838 ) ;
#318 = EDGE_CURVE ( 'NONE', #166, #4591, #1247, .T. ) ;
#319 = CARTESIAN_POINT ( 'NONE',  ( -10.06666666666666643, -0.8499999999999998668, -11.65000000000000036 ) ) ;
#320 = DIRECTION ( 'NONE',  ( -1.000000000000000000, 0.000000000000000000, 1.204669080539449344E-16 ) ) ;
#321 = CARTESIAN_POINT ( 'NONE',  ( -54.14999999999992042, 6.851864535865274775, -9.650000000000005684 ) ) ;
#322 = EDGE_CURVE ( 'NONE', #3, #4459, #3402, .T. ) ;
#323 = ORIENTED_EDGE ( 'NONE', *, *, #4728, .T. ) ;
#324 = B_SPLINE_CURVE_WITH_KNOTS ( 'NONE', 3,
 ( #1046, #4664, #4237, #655, #246, #2045, #3293, #5500, #5446, #336 ),
 .UNSPECIFIED., .F., .F.,
 ( 4, 2, 2, 2, 4 ),
 ( 0.000000000000000000, 0.2500000000000000000, 0.5000000000000000000, 0.7500000000000000000, 1.000000000000000000 ),
 .UNSPECIFIED. ) ;
#325 = ORIENTED_EDGE ( 'NONE', *, *, #889, .T. ) ;
#326 = ORIENTED_EDGE ( 'NONE', *, *, #3571, .T. ) ;
#327 = DIRECTION ( 'NONE',  ( -1.000000000000000000, 0.000000000000000000, -0.000000000000000000 ) ) ;
#328 = DIRECTION ( 'NONE',  ( 0.000000000000000000, 0.000000000000000000, 1.000000000000000000 ) ) ;
#329 = DIRECTION ( 'NONE',  ( -0.000000000000000000, 0.000000000000000000, -1.000000000000000000 ) ) ;
#330 = CARTESIAN_POINT ( 'NONE',  ( -14.14999999999999503, 3.804112295846674652, -11.17051601393357885 ) ) ;
#331 = AXIS2_PLACEMENT_3D ( 'NONE', #2163, #3927, #4301 ) ;
#332 = APPLICATION_PROTOCOL_DEFINITION ( 'international standard', 'config_control_design', 1994, #77 ) ;
#333 = ORIENTED_EDGE ( 'NONE', *, *, #201, .T. ) ;
#334 = CIRCLE ( 'NONE', #146, 0.9999999999999991118 ) ;
#335 = CYLINDRICAL_SURFACE ( 'NONE', #1363, 1.000000000000000000 ) ;
#336 = CARTESIAN_POINT ( 'NONE',  ( 14.14999999999999503, 1.695887704139257490, -8.129483986046180277 ) ) ;
#337 = CARTESIAN_POINT ( 'NONE',  ( 14.14999999999999503, 2.665357686397174408, -7.781921404602056391 ) ) ;
#338 = AXIS2_PLACEMENT_3D ( 'NONE', #2742, #4518, #4575 ) ;
#339 = VECTOR ( 'NONE', #747, 1000.000000000000000 ) ;
#340 = CARTESIAN_POINT ( 'NONE',  ( -65.34999999999999432, -6.400000000000000355, -14.29999999999999893 ) ) ;
#341 = ORIENTED_EDGE ( 'NONE', *, *, #4668, .T. ) ;
#342 = EDGE_LOOP ( 'NONE', ( #3517, #2600, #2739, #1314 ) ) ;
#343 = VECTOR ( 'NONE', #536, 1000.000000000000000 ) ;
#344 = VECTOR ( 'NONE', #1943, 1000.000000000000227 ) ;
#345 = CARTESIAN_POINT ( 'NONE',  ( 12.04818817717598911, 1.385692575972990337, -2.583360719953800899 ) ) ;
#346 = CARTESIAN_POINT ( 'NONE',  ( -13.04999999999999538, 4.049999999999999822, 10.50000000000000000 ) ) ;
#347 = CARTESIAN_POINT ( 'NONE',  ( -7.983333333333324511, -0.8499999999999998668, -7.650000000000000355 ) ) ;
#348 = EDGE_CURVE ( 'NONE', #389, #5504, #4687, .T. ) ;
#349 = VECTOR ( 'NONE', #1786, 1000.000000000000000 ) ;
#350 = VECTOR ( 'NONE', #849, 1000.000000000000000 ) ;
#351 = CARTESIAN_POINT ( 'NONE',  ( 77.44999999999998863, -2.899999999999999467, -9.649999999999998579 ) ) ;
#352 = DIRECTION ( 'NONE',  ( 1.000000000000000000, -0.000000000000000000, -0.000000000000000000 ) ) ;
#353 = ORIENTED_EDGE ( 'NONE', *, *, #2348, .F. ) ;
#354 = ORIENTED_EDGE ( 'NONE', *, *, #4340, .T. ) ;
#355 = CARTESIAN_POINT ( 'NONE',  ( 54.14999999999992752, 1.412677864186189236, -13.64999999999998437 ) ) ;
#356 = CIRCLE ( 'NONE', #5762, 0.5000000000000000000 ) ;
#357 = PLANE ( 'NONE',  #240 ) ;
#358 = VECTOR ( 'NONE', #3287, 1000.000000000000000 ) ;
#359 = CARTESIAN_POINT ( 'NONE',  ( 14.14999999999999503, 3.077631956371052802, -7.821747920656249242 ) ) ;
#360 = AXIS2_PLACEMENT_3D ( 'NONE', #1321, #873, #1455 ) ;
#361 = EDGE_CURVE ( 'NONE', #2017, #3053, #244, .T. ) ;
#362 = ORIENTED_EDGE ( 'NONE', *, *, #4665, .T. ) ;
#363 = VERTEX_POINT ( 'NONE', #5184 ) ;
#364 = CARTESIAN_POINT ( 'NONE',  ( -3.299999999999999822, 1.850000000000000089, -12.44999999999999929 ) ) ;
#365 = CARTESIAN_POINT ( 'NONE',  ( 78.44999999999997442, 7.000000000000000000, -13.50000000000000178 ) ) ;
#366 = DIRECTION ( 'NONE',  ( 0.9194918846049705552, -0.3880277324282072060, -0.06300121437101922905 ) ) ;
#367 = FACE_OUTER_BOUND ( 'NONE', #1937, .T. ) ;
#368 = PERSON_AND_ORGANIZATION_ROLE ( 'creator' ) ;
#369 = ORIENTED_EDGE ( 'NONE', *, *, #2087, .F. ) ;
#370 = ORIENTED_EDGE ( 'NONE', *, *, #640, .T. ) ;
#371 = CARTESIAN_POINT ( 'NONE',  ( 16.15000000000000568, 1.449999999999999956, 2.500000000000000000 ) ) ;
#372 = CARTESIAN_POINT ( 'NONE',  ( -14.14999999999999503, -2.750000472036969068, -11.49970919014276660 ) ) ;
#373 = VERTEX_POINT ( 'NONE', #2557 ) ;
#374 = CYLINDRICAL_SURFACE ( 'NONE', #5104, 1.000000000000000000 ) ;
#375 = DIRECTION ( 'NONE',  ( 0.000000000000000000, 0.000000000000000000, -1.000000000000000000 ) ) ;
#376 = ORIENTED_EDGE ( 'NONE', *, *, #5472, .T. ) ;
#377 = ORIENTED_EDGE ( 'NONE', *, *, #1546, .F. ) ;
#378 = DIRECTION ( 'NONE',  ( 0.000000000000000000, 0.000000000000000000, 1.000000000000000000 ) ) ;
#379 = CARTESIAN_POINT ( 'NONE',  ( -64.35000000000000853, 7.152246326680227639, -11.49590968630909060 ) ) ;
#380 = LINE ( 'NONE', #2172, #5656 ) ;
#381 = ORIENTED_EDGE ( 'NONE', *, *, #3590, .T. ) ;
#382 = DIRECTION ( 'NONE',  ( -1.000000000000000000, 0.000000000000000000, 0.000000000000000000 ) ) ;
#383 = CARTESIAN_POINT ( 'NONE',  ( 65.34999999999999432, -6.999999999999999112, -11.99999999999998757 ) ) ;
#384 = ORIENTED_EDGE ( 'NONE', *, *, #1331, .F. ) ;
#385 = EDGE_CURVE ( 'NONE', #4591, #2751, #5539, .T. ) ;
#386 = CARTESIAN_POINT ( 'NONE',  ( 64.34999999999993747, -1.339215079511145712, -14.29999999999997762 ) ) ;
#387 = LINE ( 'NONE', #36, #5649 ) ;
#388 = CARTESIAN_POINT ( 'NONE',  ( -54.14999999999999858, 3.285234860469025353, -5.650000000000000355 ) ) ;
#389 = VERTEX_POINT ( 'NONE', #5576 ) ;
#390 = DIRECTION ( 'NONE',  ( -0.000000000000000000, -0.000000000000000000, 1.000000000000000000 ) ) ;
#391 = CARTESIAN_POINT ( 'NONE',  ( 14.14999999999999503, 2.540238531698069124, -11.51042704865926680 ) ) ;
#392 = CARTESIAN_POINT ( 'NONE',  ( 36.14999999999999858, 1.449999999999999956, 5.500000000000000000 ) ) ;
#393 = CARTESIAN_POINT ( 'NONE',  ( 14.15000000000000746, 1.539143734077775827, 2.496815875846178923 ) ) ;
#394 = EDGE_CURVE ( 'NONE', #373, #714, #2966, .T. ) ;
#395 = APPROVAL_STATUS ( 'not_yet_approved' ) ;
#396 = ORIENTED_EDGE ( 'NONE', *, *, #850, .F. ) ;
#397 = CARTESIAN_POINT ( 'NONE',  ( 14.14999999999999503, 1.533103550412733052, -8.242540076835457086 ) ) ;
#398 = DIRECTION ( 'NONE',  ( 0.000000000000000000, -0.000000000000000000, 1.000000000000000000 ) ) ;
#399 = LINE ( 'NONE', #425, #615 ) ;
#400 = EDGE_CURVE ( 'NONE', #1919, #1933, #2015, .T. ) ;
#401 = LINE ( 'NONE', #1368, #3337 ) ;
#402 = ORIENTED_EDGE ( 'NONE', *, *, #1365, .T. ) ;
#403 = ORIENTED_EDGE ( 'NONE', *, *, #5625, .T. ) ;
#404 = DIRECTION ( 'NONE',  ( -0.8796740011905005430, 0.4499291374147321720, 0.1540695392825272847 ) ) ;
#405 = PLANE ( 'NONE',  #3145 ) ;
#406 = DIRECTION ( 'NONE',  ( 0.000000000000000000, 0.000000000000000000, -1.000000000000000000 ) ) ;
#407 = VERTEX_POINT ( 'NONE', #4329 ) ;
#408 = CARTESIAN_POINT ( 'NONE',  ( 14.14999999999999503, -3.514575435592331765, -7.941019871310378342 ) ) ;
#409 = ORIENTED_EDGE ( 'NONE', *, *, #3985, .T. ) ;
#410 = ORIENTED_EDGE ( 'NONE', *, *, #1126, .F. ) ;
#411 = CYLINDRICAL_SURFACE ( 'NONE', #2131, 1.850000000000000977 ) ;
#412 = LINE ( 'NONE', #4890, #723 ) ;
#413 = PLANE ( 'NONE',  #3333 ) ;
#414 = CARTESIAN_POINT ( 'NONE',  ( -12.24999999999999289, 8.050000000000000711, 3.149999999999999023 ) ) ;
#415 = CARTESIAN_POINT ( 'NONE',  ( -14.14999999999999680, -4.180457879281553879, -8.445561452195548213 ) ) ;
#416 = DIRECTION ( 'NONE',  ( 1.204669080539449344E-16, 0.000000000000000000, 1.000000000000000000 ) ) ;
#417 = CARTESIAN_POINT ( 'NONE',  ( 64.34999999999999432, 2.750000000052720495, -14.30000000000000071 ) ) ;
#418 = ADVANCED_FACE ( 'NONE', ( #3372 ), #335, .T. ) ;
#419 = ADVANCED_FACE ( 'NONE', ( #1714 ), #5061, .F. ) ;
#420 = DIRECTION ( 'NONE',  ( 0.000000000000000000, -1.770125995894701202E-16, -1.000000000000000000 ) ) ;
#421 = EDGE_LOOP ( 'NONE', ( #5747, #1322, #724, #2268 ) ) ;
#422 = CARTESIAN_POINT ( 'NONE',  ( 14.15000000000000391, 1.157683213829655777, -1.586171202073490605 ) ) ;
#423 = AXIS2_PLACEMENT_3D ( 'NONE', #3666, #208, #5513 ) ;
#424 = LINE ( 'NONE', #4537, #3974 ) ;
#425 = CARTESIAN_POINT ( 'NONE',  ( -69.44999999999998863, 7.000000000000000000, -13.50000000000000178 ) ) ;
#426 = LINE ( 'NONE', #1808, #1671 ) ;
#427 = ORIENTED_EDGE ( 'NONE', *, *, #2279, .T. ) ;
#428 = VERTEX_POINT ( 'NONE', #2189 ) ;
#429 = ORIENTED_EDGE ( 'NONE', *, *, #5032, .F. ) ;
#430 = EDGE_CURVE ( 'NONE', #4581, #922, #1335, .T. ) ;
#431 = CARTESIAN_POINT ( 'NONE',  ( 14.15000000000000391, 1.100568586919293157, 2.371867216359704766 ) ) ;
#432 = AXIS2_PLACEMENT_3D ( 'NONE', #800, #2073, #3839 ) ;
#433 = CARTESIAN_POINT ( 'NONE',  ( -54.14999999999999147, -2.314938844950380492, -5.649999999999997691 ) ) ;
#434 = LINE ( 'NONE', #4948, #349 ) ;
#435 = CIRCLE ( 'NONE', #1748, 2.000000000000000000 ) ;
#436 = ORIENTED_EDGE ( 'NONE', *, *, #3336, .T. ) ;
#437 = CARTESIAN_POINT ( 'NONE',  ( -14.14999999999999503, -3.804112295846674652, -11.17051601393357885 ) ) ;
#438 = VERTEX_POINT ( 'NONE', #3115 ) ;
#439 = CARTESIAN_POINT ( 'NONE',  ( -54.14999999999999858, -2.750000000000000000, -9.650000000000000355 ) ) ;
#440 = CARTESIAN_POINT ( 'NONE',  ( -54.15000000000006963, -5.671673470966819508, -6.768617959457595035 ) ) ;
#441 = AXIS2_PLACEMENT_3D ( 'NONE', #4123, #3201, #3230 ) ;
#442 = VECTOR ( 'NONE', #5348, 1000.000000000000000 ) ;
#443 = CARTESIAN_POINT ( 'NONE',  ( 14.15000000000000568, 1.905701638317722546, 1.794242820697445451 ) ) ;
#444 = VECTOR ( 'NONE', #2743, 1000.000000000000000 ) ;
#445 = VECTOR ( 'NONE', #54, 1000.000000000000000 ) ;
#446 = DIRECTION ( 'NONE',  ( -1.000000000000000000, -0.000000000000000000, -0.000000000000000000 ) ) ;
#447 = CARTESIAN_POINT ( 'NONE',  ( -14.14999999999999503, -3.077631956371052802, -7.821747920656249242 ) ) ;
#448 = LINE ( 'NONE', #5383, #3146 ) ;
#449 = CARTESIAN_POINT ( 'NONE',  ( 14.15000000000000568, 1.449999999999999956, 2.000000000000000000 ) ) ;
#450 = VECTOR ( 'NONE', #4905, 1000.000000000000000 ) ;
#451 = EDGE_CURVE ( 'NONE', #5224, #2138, #5728, .T. ) ;
#452 = CARTESIAN_POINT ( 'NONE',  ( -13.14999999999999503, -0.9598459442698276112, -11.03699633414302994 ) ) ;
#453 = ORIENTED_EDGE ( 'NONE', *, *, #4659, .F. ) ;
#454 = CARTESIAN_POINT ( 'NONE',  ( 10.48031362862665183, 0.8499999999999998668, -1.000000000000000000 ) ) ;
#455 = DIRECTION ( 'NONE',  ( 0.000000000000000000, 0.000000000000000000, -1.000000000000000000 ) ) ;
#456 = EDGE_CURVE ( 'NONE', #5577, #3536, #3524, .T. ) ;
#457 = CARTESIAN_POINT ( 'NONE',  ( 14.15000000000000213, 1.952935431433976410, -2.077516756343031901 ) ) ;
#458 = DIRECTION ( 'NONE',  ( 0.000000000000000000, 0.000000000000000000, 1.000000000000000000 ) ) ;
#459 = VERTEX_POINT ( 'NONE', #1307 ) ;
#460 = CARTESIAN_POINT ( 'NONE',  ( -77.54999999999998295, 6.200000000000000178, -12.40000000000000213 ) ) ;
#461 = CARTESIAN_POINT ( 'NONE',  ( -8.649999999999996803, 7.249999999999999112, 3.149999999999999023 ) ) ;
#462 = CARTESIAN_POINT ( 'NONE',  ( 14.15000000000000924, 1.071141237957445647, 1.661890121566623524 ) ) ;
#463 = CARTESIAN_POINT ( 'NONE',  ( -65.34999999999999432, -6.400000000000000355, -4.999999999999999112 ) ) ;
#464 = ORIENTED_EDGE ( 'NONE', *, *, #494, .F. ) ;
#465 = ORIENTED_EDGE ( 'NONE', *, *, #896, .F. ) ;
#466 = CARTESIAN_POINT ( 'NONE',  ( -70.54999999999996874, -2.899999999999999467, -9.649999999999998579 ) ) ;
#467 = CARTESIAN_POINT ( 'NONE',  ( -64.34999999999999432, -3.345732259861896374, -5.000000000000000888 ) ) ;
#468 = FACE_OUTER_BOUND ( 'NONE', #2956, .T. ) ;
#469 = CARTESIAN_POINT ( 'NONE',  ( 78.44999999999997442, -6.299999999999998934, -8.499999999999998224 ) ) ;
#470 = CARTESIAN_POINT ( 'NONE',  ( 7.566666666666664653, 0.8499999999999998668, -11.65000000000000036 ) ) ;
#471 = LINE ( 'NONE', #4036, #3889 ) ;
#472 = DIRECTION ( 'NONE',  ( 0.000000000000000000, 0.000000000000000000, -1.000000000000000000 ) ) ;
#473 = ORIENTED_EDGE ( 'NONE', *, *, #2895, .T. ) ;
#474 = CARTESIAN_POINT ( 'NONE',  ( 14.15000000000000746, 1.040961476616720560, -1.701016950549559148 ) ) ;
#475 = ADVANCED_FACE ( 'NONE', ( #4901 ), #2734, .F. ) ;
#476 = ADVANCED_FACE ( 'NONE', ( #1868 ), #3747, .T. ) ;
#477 = DIRECTION ( 'NONE',  ( -1.000000000000000000, -0.000000000000000000, -0.000000000000000000 ) ) ;
#478 = LINE ( 'NONE', #5468, #73 ) ;
#479 = EDGE_CURVE ( 'NONE', #317, #860, #3581, .T. ) ;
#480 = ORIENTED_EDGE ( 'NONE', *, *, #385, .F. ) ;
#481 = CARTESIAN_POINT ( 'NONE',  ( -14.04999999999999716, 8.050000000000000711, -3.149999999999999911 ) ) ;
#482 = CARTESIAN_POINT ( 'NONE',  ( 54.15000000000012648, -6.851864535865279215, -9.649999999999993250 ) ) ;
#483 = PLANE ( 'NONE',  #3899 ) ;
#484 = CARTESIAN_POINT ( 'NONE',  ( -54.14999999999997726, 9.757819552369539906E-16, -5.650000000000005684 ) ) ;
#485 = DIRECTION ( 'NONE',  ( 1.000000000000000000, 0.000000000000000000, 0.000000000000000000 ) ) ;
#486 = EDGE_CURVE ( 'NONE', #905, #5271, #5359, .T. ) ;
#487 = EDGE_LOOP ( 'NONE', ( #4988, #4868, #410, #1156 ) ) ;
#488 = VERTEX_POINT ( 'NONE', #48 ) ;
#489 = CARTESIAN_POINT ( 'NONE',  ( -64.34999999999999432, 7.399999999999999467, -5.000000000000000888 ) ) ;
#490 = CARTESIAN_POINT ( 'NONE',  ( 69.44999999999998863, -6.299999999999998934, -10.79999999999999893 ) ) ;
#491 = ORIENTED_EDGE ( 'NONE', *, *, #858, .F. ) ;
#492 = DIRECTION ( 'NONE',  ( -0.000000000000000000, 1.000000000000000000, -1.172110456741086074E-16 ) ) ;
#493 = CARTESIAN_POINT ( 'NONE',  ( 14.15000000000000568, 1.450000004039532442, -1.500127775083069048 ) ) ;
#494 = EDGE_CURVE ( 'NONE', #3969, #4591, #1951, .T. ) ;
#495 = DIRECTION ( 'NONE',  ( 1.000000000000000000, 0.000000000000000000, -0.000000000000000000 ) ) ;
#496 = CARTESIAN_POINT ( 'NONE',  ( 12.14999999999999503, -0.8499999999999998668, -8.983333333333327175 ) ) ;
#497 = DATE_TIME_ROLE ( 'classification_date' ) ;
#498 = ORIENTED_EDGE ( 'NONE', *, *, #1639, .F. ) ;
#499 = ORIENTED_EDGE ( 'NONE', *, *, #1122, .F. ) ;
#500 = DIRECTION ( 'NONE',  ( -1.000000000000000000, 0.000000000000000000, 0.000000000000000000 ) ) ;
#501 = CARTESIAN_POINT ( 'NONE',  ( 0.000000000000000000, 5.050000000000000711, 0.000000000000000000 ) ) ;
#502 = AXIS2_PLACEMENT_3D ( 'NONE', #2222, #3618, #1782 ) ;
#503 = CARTESIAN_POINT ( 'NONE',  ( 13.15000000000000568, 0.8499999999999999778, 3.000000000000000000 ) ) ;
#504 = ORIENTED_EDGE ( 'NONE', *, *, #2902, .F. ) ;
#505 = AXIS2_PLACEMENT_3D ( 'NONE', #5091, #127, #558 ) ;
#506 = ORIENTED_EDGE ( 'NONE', *, *, #5536, .F. ) ;
#507 = CARTESIAN_POINT ( 'NONE',  ( 64.35000000000005116, 4.546899923333069360, -14.06815535663789696 ) ) ;
#508 = CARTESIAN_POINT ( 'NONE',  ( 54.15000000000014069, 3.285234860469026241, -5.649999999999990585 ) ) ;
#509 = VECTOR ( 'NONE', #3920, 1000.000000000000000 ) ;
#510 = CARTESIAN_POINT ( 'NONE',  ( -10.48333333333332362, 0.8499999999999998668, -7.650000000000000355 ) ) ;
#511 = ORIENTED_EDGE ( 'NONE', *, *, #3024, .F. ) ;
#512 = VERTEX_POINT ( 'NONE', #3748 ) ;
#513 = AXIS2_PLACEMENT_3D ( 'NONE', #4600, #2824, #3264 ) ;
#514 = DIRECTION ( 'NONE',  ( 0.000000000000000000, 0.000000000000000000, 1.000000000000000000 ) ) ;
#515 = ADVANCED_FACE ( 'NONE', ( #3723 ), #3837, .T. ) ;
#516 = LINE ( 'NONE', #37, #4740 ) ;
#517 = DIRECTION ( 'NONE',  ( 0.000000000000000000, -0.000000000000000000, 1.000000000000000000 ) ) ;
#518 = AXIS2_PLACEMENT_3D ( 'NONE', #2505, #2905, #4304 ) ;
#519 = AXIS2_PLACEMENT_3D ( 'NONE', #4802, #5170, #2480 ) ;
#520 = ADVANCED_FACE ( 'NONE', ( #978 ), #4983, .F. ) ;
#521 = VERTEX_POINT ( 'NONE', #4099 ) ;
#522 = DIRECTION ( 'NONE',  ( -0.000000000000000000, 1.000000000000000000, -0.000000000000000000 ) ) ;
#523 = VECTOR ( 'NONE', #2716, 1000.000000000000000 ) ;
#524 = DIRECTION ( 'NONE',  ( -1.084202172485504434E-16, -0.000000000000000000, -1.000000000000000000 ) ) ;
#525 = VECTOR ( 'NONE', #4113, 1000.000000000000000 ) ;
#526 = CARTESIAN_POINT ( 'NONE',  ( 14.14999999999998970, -1.123971580354579336, -8.741302840060379609 ) ) ;
#527 = EDGE_CURVE ( 'NONE', #4120, #2445, #2873, .T. ) ;
#528 = VECTOR ( 'NONE', #1844, 1000.000000000000114 ) ;
#529 = AXIS2_PLACEMENT_3D ( 'NONE', #4204, #1408, #189 ) ;
#530 = EDGE_CURVE ( 'NONE', #922, #5765, #3034, .T. ) ;
#531 = EDGE_LOOP ( 'NONE', ( #298, #1830, #2658, #3213, #1136, #3296 ) ) ;
#532 = VERTEX_POINT ( 'NONE', #5438 ) ;
#533 = CARTESIAN_POINT ( 'NONE',  ( 14.14999999999998970, -4.376028419645420442, -10.55869715993961755 ) ) ;
#534 = LINE ( 'NONE', #3749, #5188 ) ;
#535 = AXIS2_PLACEMENT_3D ( 'NONE', #5353, #1860, #4009 ) ;
#536 = DIRECTION ( 'NONE',  ( 0.000000000000000000, -1.000000000000000000, 2.775557561562893816E-16 ) ) ;
#537 = EDGE_CURVE ( 'NONE', #3242, #2323, #1177, .T. ) ;
#538 = AXIS2_PLACEMENT_3D ( 'NONE', #2096, #3864, #1155 ) ;
#539 = CARTESIAN_POINT ( 'NONE',  ( -54.14999999999999858, 2.749999999999999556, -13.65000000000000036 ) ) ;
#540 = ORIENTED_EDGE ( 'NONE', *, *, #1893, .T. ) ;
#541 = VERTEX_POINT ( 'NONE', #5466 ) ;
#542 = DIRECTION ( 'NONE',  ( 0.000000000000000000, -1.000000000000000000, 0.000000000000000000 ) ) ;
#543 = CARTESIAN_POINT ( 'NONE',  ( 54.15000000000001990, -1.412677864186190790, -5.649999999999989697 ) ) ;
#544 = CARTESIAN_POINT ( 'NONE',  ( -54.14999999999989200, -6.546618184993082679, -11.20382242968050335 ) ) ;
#545 = CARTESIAN_POINT ( 'NONE',  ( -69.44999999999998863, -6.299999999999998934, -10.79999999999999893 ) ) ;
#546 = ORIENTED_EDGE ( 'NONE', *, *, #530, .T. ) ;
#547 = EDGE_LOOP ( 'NONE', ( #3120, #2351, #1380, #4809 ) ) ;
#548 = CARTESIAN_POINT ( 'NONE',  ( -14.14999999999999503, -4.513226927654094389, -9.056020870797693689 ) ) ;
#549 = CARTESIAN_POINT ( 'NONE',  ( -8.649999999999995026, 7.249999999999999112, 9.649999999999996803 ) ) ;
#550 = CARTESIAN_POINT ( 'NONE',  ( 14.15000000000000568, 1.449999999999999956, 2.000000000000000000 ) ) ;
#551 = ADVANCED_FACE ( 'NONE', ( #1530 ), #2791, .F. ) ;
#552 = CARTESIAN_POINT ( 'NONE',  ( 14.14999999999999503, 4.513226927654094389, -9.056020870797693689 ) ) ;
#553 = CARTESIAN_POINT ( 'NONE',  ( 54.14999999999987068, -6.546618184993093337, -8.096177570319508021 ) ) ;
#554 = DIRECTION ( 'NONE',  ( -1.000000000000000000, 0.000000000000000000, -7.542275982507858133E-16 ) ) ;
#555 = EDGE_LOOP ( 'NONE', ( #1413, #976, #2555, #4761 ) ) ;
#556 = ORIENTED_EDGE ( 'NONE', *, *, #33, .F. ) ;
#557 = ORIENTED_EDGE ( 'NONE', *, *, #3455, .T. ) ;
#558 = DIRECTION ( 'NONE',  ( -1.000000000000000000, 0.000000000000000000, -0.000000000000000000 ) ) ;
#559 = DIRECTION ( 'NONE',  ( -1.000000000000000000, -0.000000000000000000, -0.000000000000000000 ) ) ;
#560 = EDGE_CURVE ( 'NONE', #13, #4214, #1918, .T. ) ;
#561 = CARTESIAN_POINT ( 'NONE',  ( 65.34999999999999432, -7.399999999999999467, -14.29999999999999893 ) ) ;
#562 = CARTESIAN_POINT ( 'NONE',  ( 54.14999999999999858, 2.749999999999999556, -13.65000000000000036 ) ) ;
#563 = ORIENTED_EDGE ( 'NONE', *, *, #5356, .F. ) ;
#564 = DIRECTION ( 'NONE',  ( -0.000000000000000000, 1.000000000000000000, -1.770125995894701202E-16 ) ) ;
#565 = ORIENTED_EDGE ( 'NONE', *, *, #2318, .F. ) ;
#566 = CARTESIAN_POINT ( 'NONE',  ( -14.14999999999999503, -0.8499999999999999778, -12.94999999999999929 ) ) ;
#567 = EDGE_CURVE ( 'NONE', #731, #2628, #3498, .T. ) ;
#568 = CARTESIAN_POINT ( 'NONE',  ( 54.15000000000014779, 5.671673470966839936, -12.53138204054241989 ) ) ;
#569 = ORIENTED_EDGE ( 'NONE', *, *, #4520, .F. ) ;
#570 = CARTESIAN_POINT ( 'NONE',  ( 69.44999999999998863, -6.299999999999998934, -8.499999999999998224 ) ) ;
#571 = EDGE_LOOP ( 'NONE', ( #4515, #2169, #1161, #2256 ) ) ;
#572 = ORIENTED_EDGE ( 'NONE', *, *, #3823, .F. ) ;
#573 = VERTEX_POINT ( 'NONE', #4143 ) ;
#574 = ORIENTED_EDGE ( 'NONE', *, *, #3809, .T. ) ;
#575 = CARTESIAN_POINT ( 'NONE',  ( 12.08212545145065597, 0.8499999999999998668, -3.000000000000000000 ) ) ;
#576 = CARTESIAN_POINT ( 'NONE',  ( 14.15000000000000568, 1.449999999999999956, -1.999999999999999556 ) ) ;
#577 = CARTESIAN_POINT ( 'NONE',  ( -77.54999999999998295, -2.899999999999999467, -9.649999999999998579 ) ) ;
#578 = CARTESIAN_POINT ( 'NONE',  ( -65.34999999999999432, -7.399999999999999467, -6.000000000000000000 ) ) ;
#579 = CARTESIAN_POINT ( 'NONE',  ( 64.34999999999999432, -6.400000000000000355, -14.29999999999999893 ) ) ;
#580 = CARTESIAN_POINT ( 'NONE',  ( 14.15000000000000568, 0.9936023540218028582, 2.206077397123337391 ) ) ;
#581 = ADVANCED_FACE ( 'NONE', ( #5493 ), #2119, .F. ) ;
#582 = EDGE_CURVE ( 'NONE', #4995, #4637, #2467, .T. ) ;
#583 = ADVANCED_FACE ( 'NONE', ( #2457 ), #3829, .F. ) ;
#584 = DATE_AND_TIME ( #1916, #4177 ) ;
#585 = ORIENTED_EDGE ( 'NONE', *, *, #5046, .T. ) ;
#586 = DIRECTION ( 'NONE',  ( 1.000000000000000000, 0.000000000000000000, 0.000000000000000000 ) ) ;
#587 = CARTESIAN_POINT ( 'NONE',  ( -14.14999999999999503, 1.069691888539655356, -10.42399266828605953 ) ) ;
#588 = DIRECTION ( 'NONE',  ( 0.000000000000000000, 0.000000000000000000, 1.000000000000000000 ) ) ;
#589 = CARTESIAN_POINT ( 'NONE',  ( 16.15000000000000568, 1.449999999999999956, 2.500000000000000000 ) ) ;
#590 = ADVANCED_FACE ( 'NONE', ( #5174 ), #3234, .T. ) ;
#591 = EDGE_CURVE ( 'NONE', #4068, #5583, #1457, .T. ) ;
#592 = PLANE ( 'NONE',  #3722 ) ;
#593 = ORIENTED_EDGE ( 'NONE', *, *, #3176, .F. ) ;
#594 = CARTESIAN_POINT ( 'NONE',  ( -2.749999999999992895, 5.050000000000000711, 10.84999999999999964 ) ) ;
#595 = DIRECTION ( 'NONE',  ( 0.000000000000000000, -1.000000000000000000, 0.000000000000000000 ) ) ;
#596 = CARTESIAN_POINT ( 'NONE',  ( -54.15000000000006963, -5.671673470966819508, -6.768617959457595035 ) ) ;
#597 = CARTESIAN_POINT ( 'NONE',  ( 13.14999999999999503, 0.9598459442698276112, -11.03699633414302994 ) ) ;
#598 = ORIENTED_EDGE ( 'NONE', *, *, #1768, .T. ) ;
#599 = EDGE_CURVE ( 'NONE', #4407, #1716, #2988, .T. ) ;
#600 = ORIENTED_EDGE ( 'NONE', *, *, #710, .T. ) ;
#601 = ORIENTED_EDGE ( 'NONE', *, *, #348, .F. ) ;
#602 = LINE ( 'NONE', #3713, #4930 ) ;
#603 = AXIS2_PLACEMENT_3D ( 'NONE', #3206, #1340, #1406 ) ;
#604 = CARTESIAN_POINT ( 'NONE',  ( -8.649999999999996803, 7.249999999999999112, -2.350000000000000533 ) ) ;
#605 = EDGE_CURVE ( 'NONE', #1025, #4379, #5453, .T. ) ;
#606 = CARTESIAN_POINT ( 'NONE',  ( -14.04999999999999538, 7.249999999999999112, 12.05000000000000071 ) ) ;
#607 = VECTOR ( 'NONE', #2155, 1000.000000000000227 ) ;
#608 = ORIENTED_EDGE ( 'NONE', *, *, #1349, .T. ) ;
#609 = DIRECTION ( 'NONE',  ( 0.000000000000000000, -0.000000000000000000, 1.000000000000000000 ) ) ;
#610 = CARTESIAN_POINT ( 'NONE',  ( 64.34999999999996589, 1.339215079511145490, -14.29999999999997584 ) ) ;
#611 = DIRECTION ( 'NONE',  ( 1.971276677246372012E-16, 0.000000000000000000, 1.000000000000000000 ) ) ;
#612 = AXIS2_PLACEMENT_3D ( 'NONE', #1078, #2779, #4608 ) ;
#613 = CIRCLE ( 'NONE', #994, 5.500000000000000000 ) ;
#614 = B_SPLINE_SURFACE_WITH_KNOTS ( 'NONE', 3, 1, ( 
 ( #4703, #2034 ),
 ( #1647, #3772 ),
 ( #4804, #1683 ),
 ( #3457, #1240 ),
 ( #1149, #790 ),
 ( #4746, #1179 ),
 ( #2581, #1564 ),
 ( #5123, #5568 ),
 ( #4680, #3803 ),
 ( #2490, #269 ) ),
 .UNSPECIFIED., .F., .F., .F.,
 ( 4, 2, 2, 2, 4 ),
 ( 2, 2 ),
 ( 0.000000000000000000, 0.2500000000000000000, 0.5000000000000000000, 0.7500000000000000000, 1.000000000000000000 ),
 ( 0.000000000000000000, 1.000000000000000000 ),
 .UNSPECIFIED. ) ;
#615 = VECTOR ( 'NONE', #2687, 1000.000000000000000 ) ;
#616 = VECTOR ( 'NONE', #3824, 1000.000000000000000 ) ;
#617 = CARTESIAN_POINT ( 'NONE',  ( 64.34999999999989484, -4.546899923333074689, -14.06815535663785788 ) ) ;
#618 = CARTESIAN_POINT ( 'NONE',  ( -14.14999999999999503, 2.834642313602825148, -11.51807859539794521 ) ) ;
#619 = FACE_BOUND ( 'NONE', #2104, .T. ) ;
#620 = CARTESIAN_POINT ( 'NONE',  ( 16.15000000000000568, 1.449999999999999956, -1.999999999999999556 ) ) ;
#621 = VECTOR ( 'NONE', #2876, 1000.000000000000000 ) ;
#622 = VECTOR ( 'NONE', #5749, 1000.000000000000000 ) ;
#623 = CARTESIAN_POINT ( 'NONE',  ( 65.34999999999999432, 6.399999999999999467, -13.29999999999999893 ) ) ;
#624 = ORIENTED_EDGE ( 'NONE', *, *, #2350, .T. ) ;
#625 = ADVANCED_FACE ( 'NONE', ( #4322 ), #614, .T. ) ;
#626 = CARTESIAN_POINT ( 'NONE',  ( 54.15000000000046754, -5.671673470966836383, -6.768617959457575495 ) ) ;
#627 = CIRCLE ( 'NONE', #3797, 1.850000000000000977 ) ;
#628 = AXIS2_PLACEMENT_3D ( 'NONE', #3545, #4525, #4415 ) ;
#629 = CARTESIAN_POINT ( 'NONE',  ( -65.34999999999999432, 6.399999999999999467, -6.000000000000001776 ) ) ;
#630 = CARTESIAN_POINT ( 'NONE',  ( -69.44999999999998863, -5.500000000000000000, -11.99999999999999822 ) ) ;
#631 = DIRECTION ( 'NONE',  ( -1.000000000000000000, 0.000000000000000000, 0.000000000000000000 ) ) ;
#632 = CIRCLE ( 'NONE', #820, 5.500000000000000000 ) ;
#633 = ORIENTED_EDGE ( 'NONE', *, *, #2486, .T. ) ;
#634 = ORIENTED_EDGE ( 'NONE', *, *, #3430, .F. ) ;
#635 = ORIENTED_EDGE ( 'NONE', *, *, #400, .F. ) ;
#636 = ORIENTED_EDGE ( 'NONE', *, *, #4051, .T. ) ;
#637 = EDGE_CURVE ( 'NONE', #4932, #2290, #2062, .T. ) ;
#638 = DIRECTION ( 'NONE',  ( -1.000000000000000000, 0.000000000000000000, 0.000000000000000000 ) ) ;
#639 = DIRECTION ( 'NONE',  ( 0.000000000000000000, 0.000000000000000000, 1.000000000000000000 ) ) ;
#640 = EDGE_CURVE ( 'NONE', #4686, #4944, #2706, .T. ) ;
#641 = LINE ( 'NONE', #2431, #4837 ) ;
#642 = EDGE_CURVE ( 'NONE', #218, #5050, #4922, .T. ) ;
#643 = PLANE ( 'NONE',  #1268 ) ;
#644 = FACE_OUTER_BOUND ( 'NONE', #4021, .T. ) ;
#645 = CARTESIAN_POINT ( 'NONE',  ( -69.44999999999998863, -6.999999999999999112, -11.99999999999998757 ) ) ;
#646 = B_SPLINE_CURVE_WITH_KNOTS ( 'NONE', 3,
 ( #2927, #4709, #5516, #743, #1533, #5543 ),
 .UNSPECIFIED., .F., .F.,
 ( 4, 2, 4 ),
 ( 0.000000000000000000, 0.2500000000000002776, 0.3562252349600870116 ),
 .UNSPECIFIED. ) ;
#647 = CARTESIAN_POINT ( 'NONE',  ( 64.34999999999998010, -7.400048621300933327, -9.649446658945672439 ) ) ;
#648 = CARTESIAN_POINT ( 'NONE',  ( -14.14999999999999680, 1.319542120718444567, -10.85443854780445783 ) ) ;
#649 = DIRECTION ( 'NONE',  ( 0.000000000000000000, 0.000000000000000000, -1.000000000000000000 ) ) ;
#650 = DIRECTION ( 'NONE',  ( -1.000000000000000000, 0.000000000000000000, 0.000000000000000000 ) ) ;
#651 = ORIENTED_EDGE ( 'NONE', *, *, #2502, .F. ) ;
#652 = CARTESIAN_POINT ( 'NONE',  ( -14.04999999999999538, 7.249999999999999112, 12.05000000000000071 ) ) ;
#653 = ORIENTED_EDGE ( 'NONE', *, *, #451, .T. ) ;
#654 = CARTESIAN_POINT ( 'NONE',  ( 54.15000000000038938, -3.285234860469028462, -5.649999999999973710 ) ) ;
#655 = CARTESIAN_POINT ( 'NONE',  ( 14.14999999999999503, 0.8877947818398186364, -9.606518102227388667 ) ) ;
#656 = LINE ( 'NONE', #279, #1839 ) ;
#657 = LINE ( 'NONE', #2444, #4257 ) ;
#658 = EDGE_CURVE ( 'NONE', #3915, #3346, #4869, .T. ) ;
#659 = APPLICATION_CONTEXT ( 'configuration controlled 3d designs of mechanical parts and assemblies' ) ;
#660 = ORIENTED_EDGE ( 'NONE', *, *, #4710, .F. ) ;
#661 = VERTEX_POINT ( 'NONE', #2206 ) ;
#662 = ORIENTED_EDGE ( 'NONE', *, *, #825, .F. ) ;
#663 = CARTESIAN_POINT ( 'NONE',  ( 3.300000000000001155, 0.8499999999999999778, -5.849999999999999645 ) ) ;
#664 = B_SPLINE_SURFACE_WITH_KNOTS ( 'NONE', 3, 1, ( 
 ( #1704, #5171 ),
 ( #1176, #2950 ),
 ( #5235, #1146 ),
 ( #2918, #3480 ),
 ( #4702, #735 ),
 ( #1238, #4386 ),
 ( #388, #4803 ),
 ( #3828, #5143 ),
 ( #3855, #762 ),
 ( #1589, #2483 ),
 ( #321, #701 ),
 ( #789, #5594 ),
 ( #2577, #4260 ),
 ( #267, #3454 ),
 ( #2059, #1618 ),
 ( #4741, #2519 ),
 ( #4291, #293 ),
 ( #2088, #5622 ),
 ( #1645, #1213 ),
 ( #2986, #4774 ),
 ( #2547, #4319 ),
 ( #2260, #851 ),
 ( #2640, #4952 ),
 ( #2703, #1416 ),
 ( #4976, #969 ),
 ( #1731, #3596 ),
 ( #440, #2726 ),
 ( #3569, #3189 ),
 ( #3506, #467 ),
 ( #1765, #2748 ) ),
 .UNSPECIFIED., .T., .F., .F.,
 ( 4, 1, 1, 1, 2, 1, 1, 1, 1, 1, 1, 1, 2, 1, 1, 1, 2, 1, 1, 1, 1, 1, 1, 1, 4 ),
 ( 2, 2 ),
 ( 0.000000000000000000, 0.03612190552848214276, 0.07224381105696428551, 0.1083657165854464283, 0.1444876221139285710, 0.1889266693496874927, 0.2333657165854463866, 0.2778047638212053361, 0.3222438110569642022, 0.3666828582927231794, 0.4111219055284821566, 0.4555609527642410228, 0.5000000000000000000, 0.5361219055284822677, 0.5722438110569643133, 0.6083657165854463589, 0.6444876221139285155, 0.6889266693496874927, 0.7333657165854463589, 0.7778047638212053361, 0.8222438110569643133, 0.8666828582927231794, 0.9111219055284820456, 0.9555609527642410228, 1.000000000000000000 ),
 ( 0.000000000000000000, 1.000000000000000000 ),
 .UNSPECIFIED. ) ;
#665 = DIRECTION ( 'NONE',  ( -0.000000000000000000, 1.000000000000000000, -0.000000000000000000 ) ) ;
#666 = CARTESIAN_POINT ( 'NONE',  ( 64.34999999999999432, 2.750000000000000000, -5.000000000000000888 ) ) ;
#667 = EDGE_CURVE ( 'NONE', #2921, #3969, #5764, .T. ) ;
#668 = EDGE_LOOP ( 'NONE', ( #308, #946, #5281, #4025 ) ) ;
#669 = EDGE_CURVE ( 'NONE', #5557, #4407, #853, .T. ) ;
#670 = ORIENTED_EDGE ( 'NONE', *, *, #1502, .T. ) ;
#671 = CARTESIAN_POINT ( 'NONE',  ( -54.14999999999999858, -2.749999999999999556, -7.799999999999999822 ) ) ;
#672 = CARTESIAN_POINT ( 'NONE',  ( -14.14999999999999503, -1.985424564407667791, -11.35898012868962859 ) ) ;
#673 = CARTESIAN_POINT ( 'NONE',  ( -70.54999999999996874, -2.899999999999999467, -7.949999999999998401 ) ) ;
#674 = EDGE_CURVE ( 'NONE', #5426, #4120, #3109, .T. ) ;
#675 = ORIENTED_EDGE ( 'NONE', *, *, #5685, .F. ) ;
#676 = CARTESIAN_POINT ( 'NONE',  ( 11.31666666666666465, -0.8499999999999998668, -11.65000000000000036 ) ) ;
#677 = ORIENTED_EDGE ( 'NONE', *, *, #1994, .F. ) ;
#678 = CARTESIAN_POINT ( 'NONE',  ( -54.14999999999999858, -2.749999999999999556, -5.649999999999997691 ) ) ;
#679 = DIRECTION ( 'NONE',  ( -0.000000000000000000, -1.000000000000000000, -0.000000000000000000 ) ) ;
#680 = DIRECTION ( 'NONE',  ( -1.000000000000000000, -0.000000000000000000, 1.084202172485504557E-16 ) ) ;
#681 = DIRECTION ( 'NONE',  ( -1.000000000000000000, -0.000000000000000000, -0.000000000000000000 ) ) ;
#682 = ORIENTED_EDGE ( 'NONE', *, *, #5711, .T. ) ;
#683 = EDGE_CURVE ( 'NONE', #3178, #992, #3511, .T. ) ;
#684 = DIRECTION ( 'NONE',  ( -0.000000000000000000, 1.000000000000000000, -0.000000000000000000 ) ) ;
#685 = CARTESIAN_POINT ( 'NONE',  ( 54.14999999999997016, -4.345806406413837308, -5.867089650977403537 ) ) ;
#686 = CARTESIAN_POINT ( 'NONE',  ( 69.44999999999998863, 6.200000000000001066, -12.40000000000000213 ) ) ;
#687 = CARTESIAN_POINT ( 'NONE',  ( 64.34999999999999432, -7.399999999999999467, -5.999999999999998224 ) ) ;
#688 = ORIENTED_EDGE ( 'NONE', *, *, #2922, .F. ) ;
#689 = ORIENTED_EDGE ( 'NONE', *, *, #274, .F. ) ;
#690 = PLANE ( 'NONE',  #3893 ) ;
#691 = CARTESIAN_POINT ( 'NONE',  ( 65.34999999999999432, 7.399999999999999467, -14.30000000000000071 ) ) ;
#692 = EDGE_CURVE ( 'NONE', #1586, #541, #2238, .T. ) ;
#693 = CARTESIAN_POINT ( 'NONE',  ( -2.749999999999992450, 5.050000000000000711, 12.84999999999999964 ) ) ;
#694 = ORIENTED_EDGE ( 'NONE', *, *, #5625, .F. ) ;
#695 = ORIENTED_EDGE ( 'NONE', *, *, #698, .F. ) ;
#696 = VERTEX_POINT ( 'NONE', #4480 ) ;
#697 = AXIS2_PLACEMENT_3D ( 'NONE', #4202, #1979, #5069 ) ;
#698 = EDGE_CURVE ( 'NONE', #4027, #2133, #3482, .T. ) ;
#699 = LINE ( 'NONE', #1211, #232 ) ;
#700 = LINE ( 'NONE', #1680, #3514 ) ;
#701 = CARTESIAN_POINT ( 'NONE',  ( -64.34999999999996589, 7.524168565514628426, -9.650000000000000355 ) ) ;
#702 = AXIS2_PLACEMENT_3D ( 'NONE', #1033, #3302, #3719 ) ;
#703 = ORIENTED_EDGE ( 'NONE', *, *, #299, .T. ) ;
#704 = CARTESIAN_POINT ( 'NONE',  ( 16.15000000000000568, 1.449999999999999956, 2.000000000000000000 ) ) ;
#705 = DIRECTION ( 'NONE',  ( -1.000000000000000000, 0.000000000000000000, 0.000000000000000000 ) ) ;
#706 = AXIS2_PLACEMENT_3D ( 'NONE', #1745, #4902, #455 ) ;
#707 = CARTESIAN_POINT ( 'NONE',  ( 69.44999999999998863, -5.500000000000000000, -7.299999999999998046 ) ) ;
#708 = CARTESIAN_POINT ( 'NONE',  ( 7.149999999999995026, 0.8499999999999998668, -8.983333333333337833 ) ) ;
#709 = DIRECTION ( 'NONE',  ( 0.7938831072838324898, 0.4603604975875512650, 0.3972629157501478270 ) ) ;
#710 = EDGE_CURVE ( 'NONE', #2919, #4829, #824, .T. ) ;
#711 = VECTOR ( 'NONE', #2861, 1000.000000000000000 ) ;
#712 = VECTOR ( 'NONE', #5620, 1000.000000000000000 ) ;
#713 = LINE ( 'NONE', #3754, #1210 ) ;
#714 = VERTEX_POINT ( 'NONE', #1707 ) ;
#715 = DIRECTION ( 'NONE',  ( -1.000000000000000000, -0.000000000000000000, -0.000000000000000000 ) ) ;
#716 = CARTESIAN_POINT ( 'NONE',  ( -65.34999999999999432, -6.999999999999999112, -11.99999999999998757 ) ) ;
#717 = AXIS2_PLACEMENT_3D ( 'NONE', #3833, #1982, #2961 ) ;
#718 = VECTOR ( 'NONE', #4246, 1000.000000000000000 ) ;
#719 = DIRECTION ( 'NONE',  ( 0.000000000000000000, -1.000000000000000000, 1.172110456741086074E-16 ) ) ;
#720 = DIRECTION ( 'NONE',  ( 1.000000000000000000, -0.000000000000000000, -0.000000000000000000 ) ) ;
#721 = AXIS2_PLACEMENT_3D ( 'NONE', #2392, #5449, #5025 ) ;
#722 = ORIENTED_EDGE ( 'NONE', *, *, #3565, .F. ) ;
#723 = VECTOR ( 'NONE', #4866, 1000.000000000000000 ) ;
#724 = ORIENTED_EDGE ( 'NONE', *, *, #2808, .F. ) ;
#725 = FACE_OUTER_BOUND ( 'NONE', #818, .T. ) ;
#726 = DIRECTION ( 'NONE',  ( -0.000000000000000000, -1.000000000000000000, -0.000000000000000000 ) ) ;
#727 = VECTOR ( 'NONE', #1674, 1000.000000000000000 ) ;
#728 = CARTESIAN_POINT ( 'NONE',  ( -54.15000000000038938, -3.285234860469028018, -13.65000000000002878 ) ) ;
#729 = CARTESIAN_POINT ( 'NONE',  ( 64.34999999999988063, 6.100679342678992256, -13.04783251654280463 ) ) ;
#730 = CARTESIAN_POINT ( 'NONE',  ( 12.14999999999999503, 0.8499999999999999778, -11.65000000000000036 ) ) ;
#731 = VERTEX_POINT ( 'NONE', #2262 ) ;
#732 = ORIENTED_EDGE ( 'NONE', *, *, #5440, .T. ) ;
#733 = DIRECTION ( 'NONE',  ( -1.000000000000000000, 0.000000000000000000, 8.673617379884035472E-17 ) ) ;
#734 = CARTESIAN_POINT ( 'NONE',  ( -14.14999999999999503, 0.8499999999999999778, -12.94999999999999929 ) ) ;
#735 = CARTESIAN_POINT ( 'NONE',  ( -64.34999999999999432, 1.339215079511145934, -5.000000000000000888 ) ) ;
#736 = EDGE_CURVE ( 'NONE', #4412, #2097, #3874, .T. ) ;
#737 = CARTESIAN_POINT ( 'NONE',  ( 10.48333333333333250, -0.8499999999999998668, -11.65000000000000036 ) ) ;
#738 = DIRECTION ( 'NONE',  ( 0.000000000000000000, 0.000000000000000000, 1.000000000000000000 ) ) ;
#740 = EDGE_CURVE ( 'NONE', #5182, #5313, #879, .T. ) ;
#739 = DIRECTION ( 'NONE',  ( 0.000000000000000000, -0.8602915336341738772, -0.5098023903017334657 ) ) ;
#741 = DIRECTION ( 'NONE',  ( -0.000000000000000000, -1.000000000000000000, -0.000000000000000000 ) ) ;
#742 = ORIENTED_EDGE ( 'NONE', *, *, #2540, .F. ) ;
#743 = CARTESIAN_POINT ( 'NONE',  ( 14.14999999999999325, 2.511382161123406398, -7.811796935551009291 ) ) ;
#744 = CARTESIAN_POINT ( 'NONE',  ( -7.449999999999994849, 7.249999999999999112, 3.149999999999999023 ) ) ;
#745 = VERTEX_POINT ( 'NONE', #1824 ) ;
#746 = LINE ( 'NONE', #3437, #2569 ) ;
#747 = DIRECTION ( 'NONE',  ( -1.000000000000000000, -0.000000000000000000, -0.000000000000000000 ) ) ;
#748 = CARTESIAN_POINT ( 'NONE',  ( 10.48333333333332362, 0.8499999999999998668, -7.650000000000000355 ) ) ;
#749 = LINE ( 'NONE', #4690, #1574 ) ;
#750 = ORIENTED_EDGE ( 'NONE', *, *, #1601, .F. ) ;
#751 = ORIENTED_EDGE ( 'NONE', *, *, #3377, .F. ) ;
#752 = ORIENTED_EDGE ( 'NONE', *, *, #1214, .F. ) ;
#753 = EDGE_CURVE ( 'NONE', #2919, #4316, #1394, .T. ) ;
#754 = CARTESIAN_POINT ( 'NONE',  ( 54.14999999999999858, 2.750000000000000000, -9.650000000000000355 ) ) ;
#755 = DIRECTION ( 'NONE',  ( -0.000000000000000000, 1.000000000000000000, -0.000000000000000000 ) ) ;
#756 = CARTESIAN_POINT ( 'NONE',  ( -54.15000000000036096, -4.345806406413845302, -5.867089650977379556 ) ) ;
#757 = CARTESIAN_POINT ( 'NONE',  ( -8.649999999999996803, 1.636454033335750902, -2.350000000000000089 ) ) ;
#758 = CARTESIAN_POINT ( 'NONE',  ( 13.15000000000000391, 0.8499999999999998668, -1.333333333333333259 ) ) ;
#759 = VERTEX_POINT ( 'NONE', #1735 ) ;
#760 = DIRECTION ( 'NONE',  ( 0.000000000000000000, 0.000000000000000000, 1.000000000000000000 ) ) ;
#761 = CARTESIAN_POINT ( 'NONE',  ( -8.649999999999995026, 6.200000000000001066, 9.649999999999998579 ) ) ;
#762 = CARTESIAN_POINT ( 'NONE',  ( -64.35000000000000853, 6.100679342678992256, -6.252167483457191643 ) ) ;
#763 = B_SPLINE_SURFACE_WITH_KNOTS ( 'NONE', 3, 1, ( 
 ( #5631, #4661 ),
 ( #2928, #1534 ),
 ( #3396, #1571 ),
 ( #2041, #1656 ),
 ( #5546, #4270 ),
 ( #3345, #2070 ),
 ( #3312, #5099 ),
 ( #301, #3834 ),
 ( #2900, #5151 ),
 ( #5216, #275 ) ),
 .UNSPECIFIED., .F., .F., .F.,
 ( 4, 2, 2, 2, 4 ),
 ( 2, 2 ),
 ( 0.000000000000000000, 0.2500000000000000000, 0.5000000000000000000, 0.7500000000000000000, 1.000000000000000000 ),
 ( 0.000000000000000000, 1.000000000000000000 ),
 .UNSPECIFIED. ) ;
#764 = CARTESIAN_POINT ( 'NONE',  ( 14.14999999999999503, -1.168510685632216495, -10.63852445020471649 ) ) ;
#765 = DIRECTION ( 'NONE',  ( 0.000000000000000000, 1.000000000000000000, -1.652117596168389728E-15 ) ) ;
#766 = DIRECTION ( 'NONE',  ( -0.9194918846049705552, -0.3880277324282072060, -0.06300121437101922905 ) ) ;
#767 = CARTESIAN_POINT ( 'NONE',  ( 64.34999999999999432, 7.400048621300935103, -9.650553341058008883 ) ) ;
#768 = CARTESIAN_POINT ( 'NONE',  ( 14.15000000000000568, 1.867346163310130702, 1.709294859908613295 ) ) ;
#769 = CARTESIAN_POINT ( 'NONE',  ( -14.14999999999999325, -2.511382161123406398, -7.811796935551009291 ) ) ;
#770 = EDGE_LOOP ( 'NONE', ( #3313, #4817 ) ) ;
#771 = CARTESIAN_POINT ( 'NONE',  ( 64.34999999999996589, -7.400120146128487342, -9.034327865939268065 ) ) ;
#772 = LINE ( 'NONE', #716, #4239 ) ;
#773 = ADVANCED_FACE ( 'NONE', ( #2182 ), #2673, .F. ) ;
#774 = DIRECTION ( 'NONE',  ( 0.000000000000000000, 1.000000000000000000, 0.000000000000000000 ) ) ;
#775 = CARTESIAN_POINT ( 'NONE',  ( -7.449999999999993960, 7.249999999999999112, 8.849999999999997868 ) ) ;
#776 = EDGE_LOOP ( 'NONE', ( #4374, #354, #4564, #5518 ) ) ;
#777 = VERTEX_POINT ( 'NONE', #5300 ) ;
#778 = LINE ( 'NONE', #345, #1096 ) ;
#779 = LINE ( 'NONE', #691, #4622 ) ;
#780 = DIRECTION ( 'NONE',  ( 1.000000000000000000, 0.000000000000000000, 0.000000000000000000 ) ) ;
#781 = ADVANCED_FACE ( 'NONE', ( #1355 ), #3165, .T. ) ;
#782 = ORIENTED_EDGE ( 'NONE', *, *, #2481, .F. ) ;
#783 = CYLINDRICAL_SURFACE ( 'NONE', #3788, 1.700000000000000178 ) ;
#784 = CARTESIAN_POINT ( 'NONE',  ( 14.14999999999999503, -2.129882892781538750, -7.885818395637513412 ) ) ;
#785 = ORIENTED_EDGE ( 'NONE', *, *, #1692, .F. ) ;
#786 = EDGE_LOOP ( 'NONE', ( #1580, #751, #2774, #3029 ) ) ;
#787 = CARTESIAN_POINT ( 'NONE',  ( 64.34999999999996589, 7.524168565514628426, -9.650000000000000355 ) ) ;
#788 = LINE ( 'NONE', #761, #4925 ) ;
#789 = CARTESIAN_POINT ( 'NONE',  ( -54.14999999999999858, 6.546618184993080902, -11.20382242968048381 ) ) ;
#790 = CARTESIAN_POINT ( 'NONE',  ( -12.14999999999999503, 0.8499999999999998668, -9.316666666666661101 ) ) ;
#791 = CARTESIAN_POINT ( 'NONE',  ( 14.15000000000000568, 1.429883686608127924, 1.500378336292002679 ) ) ;
#792 = CARTESIAN_POINT ( 'NONE',  ( 10.64999999999999680, 2.327008210988384285, -11.41018901962000420 ) ) ;
#793 = CARTESIAN_POINT ( 'NONE',  ( 14.14999999999999680, -1.378730829410057979, -8.389317719738045298 ) ) ;
#794 = EDGE_LOOP ( 'NONE', ( #2822, #5320 ) ) ;
#795 = AXIS2_PLACEMENT_3D ( 'NONE', #971, #1913, #4560 ) ;
#796 = DATE_AND_TIME ( #1245, #2604 ) ;
#797 = EDGE_LOOP ( 'NONE', ( #4299, #557, #732, #3421 ) ) ;
#798 = CIRCLE ( 'NONE', #5375, 1.500000000000000444 ) ;
#799 = CARTESIAN_POINT ( 'NONE',  ( -0.7499999999999937828, 0.8499999999999999778, 2.850000000000000089 ) ) ;
#800 = CARTESIAN_POINT ( 'NONE',  ( -54.14999999999999858, -2.750000000000000000, -9.650000000000000355 ) ) ;
#801 = DIRECTION ( 'NONE',  ( 0.7781114761779118760, 0.1122802112186509216, -0.6180094536565973184 ) ) ;
#802 = VECTOR ( 'NONE', #3382, 1000.000000000000000 ) ;
#803 = VECTOR ( 'NONE', #4871, 1000.000000000000114 ) ;
#804 = CARTESIAN_POINT ( 'NONE',  ( -54.14999999999999858, 2.749999999999999556, -13.65000000000000036 ) ) ;
#805 = EDGE_CURVE ( 'NONE', #4582, #2700, #3079, .T. ) ;
#806 = ORIENTED_EDGE ( 'NONE', *, *, #2061, .F. ) ;
#807 = ORIENTED_EDGE ( 'NONE', *, *, #5660, .F. ) ;
#808 = VECTOR ( 'NONE', #4814, 1000.000000000000000 ) ;
#809 = AXIS2_PLACEMENT_3D ( 'NONE', #3428, #4229, #329 ) ;
#810 = EDGE_CURVE ( 'NONE', #3762, #2622, #4058, .T. ) ;
#811 = DIRECTION ( 'NONE',  ( -1.000000000000000000, 0.000000000000000000, 0.000000000000000000 ) ) ;
#812 = CARTESIAN_POINT ( 'NONE',  ( 13.15000000000000391, 0.8499999999999998668, 1.833333333333333481 ) ) ;
#813 = CARTESIAN_POINT ( 'NONE',  ( -14.14999999999999503, -3.514575435592331765, -7.941019871310378342 ) ) ;
#814 = CIRCLE ( 'NONE', #913, 1.850000000000000977 ) ;
#815 = AXIS2_PLACEMENT_3D ( 'NONE', #1286, #935, #4470 ) ;
#816 = CARTESIAN_POINT ( 'NONE',  ( 14.14999999999999503, 3.804112295846674652, -11.17051601393357885 ) ) ;
#817 = CARTESIAN_POINT ( 'NONE',  ( 10.06666666666665755, -0.8499999999999998668, -7.650000000000000355 ) ) ;
#818 = EDGE_LOOP ( 'NONE', ( #3055, #694, #5712, #1907 ) ) ;
#819 = CARTESIAN_POINT ( 'NONE',  ( 54.15000000000000568, 5.671673470966833719, -12.53138204054241456 ) ) ;
#820 = AXIS2_PLACEMENT_3D ( 'NONE', #4704, #3392, #2035 ) ;
#821 = CARTESIAN_POINT ( 'NONE',  ( 14.14999999999999503, 1.069662283923977553, -10.42400621329945842 ) ) ;
#822 = CARTESIAN_POINT ( 'NONE',  ( 14.14999999999999858, 4.430337716051879760, -8.875993786711596556 ) ) ;
#823 = VECTOR ( 'NONE', #1596, 1000.000000000000000 ) ;
#824 = LINE ( 'NONE', #469, #2574 ) ;
#825 = EDGE_CURVE ( 'NONE', #3580, #4953, #2373, .T. ) ;
#826 = PLANE ( 'NONE',  #2317 ) ;
#827 = FACE_BOUND ( 'NONE', #3164, .T. ) ;
#828 = CARTESIAN_POINT ( 'NONE',  ( 9.856325337947215104, 0.8499999999999999778, 2.999999999999999556 ) ) ;
#829 = ORIENTED_EDGE ( 'NONE', *, *, #1978, .T. ) ;
#830 = DATE_AND_TIME ( #5697, #179 ) ;
#831 = ORIENTED_EDGE ( 'NONE', *, *, #3706, .F. ) ;
#832 = CARTESIAN_POINT ( 'NONE',  ( 12.14999999999999503, 0.8499999999999998668, -10.31666666666666110 ) ) ;
#833 = CARTESIAN_POINT ( 'NONE',  ( 7.250000000000007105, 0.8499999999999999778, 10.84999999999999964 ) ) ;
#834 = CARTESIAN_POINT ( 'NONE',  ( 13.14999999999999503, -1.272991789011615804, -7.889810980379996508 ) ) ;
#835 = DIRECTION ( 'NONE',  ( 1.000000000000000000, -0.000000000000000000, 0.000000000000000000 ) ) ;
#836 = ORIENTED_EDGE ( 'NONE', *, *, #642, .F. ) ;
#837 = ORIENTED_EDGE ( 'NONE', *, *, #287, .F. ) ;
#838 = LINE ( 'NONE', #3538, #5112 ) ;
#839 = ADVANCED_FACE ( 'NONE', ( #4172 ), #1419, .F. ) ;
#840 = CARTESIAN_POINT ( 'NONE',  ( -64.34999999999999432, 3.345732259861896818, -14.30000000000000249 ) ) ;
#841 = CARTESIAN_POINT ( 'NONE',  ( -10.06666666666665755, 0.8499999999999998668, -7.650000000000000355 ) ) ;
#842 = EDGE_CURVE ( 'NONE', #4906, #3599, #2498, .T. ) ;
#843 = ORIENTED_EDGE ( 'NONE', *, *, #2566, .F. ) ;
#844 = CARTESIAN_POINT ( 'NONE',  ( 9.233333333333321846, -0.8499999999999997558, -7.650000000000000355 ) ) ;
#845 = ORIENTED_EDGE ( 'NONE', *, *, #5196, .T. ) ;
#846 = EDGE_LOOP ( 'NONE', ( #4994, #5688, #1804, #4769 ) ) ;
#847 = VERTEX_POINT ( 'NONE', #4528 ) ;
#848 = CARTESIAN_POINT ( 'NONE',  ( 36.14999999999999858, 1.449999999999999956, 5.500000000000000000 ) ) ;
#849 = DIRECTION ( 'NONE',  ( -1.000000000000000000, 0.000000000000000000, 0.000000000000000000 ) ) ;
#850 = EDGE_CURVE ( 'NONE', #3353, #4978, #1504, .T. ) ;
#851 = CARTESIAN_POINT ( 'NONE',  ( -64.34999999999990905, -4.546899923333074689, -14.06815535663785965 ) ) ;
#852 = ORIENTED_EDGE ( 'NONE', *, *, #753, .F. ) ;
#853 = LINE ( 'NONE', #4418, #607 ) ;
#854 = CARTESIAN_POINT ( 'NONE',  ( 14.14999999999999503, 1.985424564407667791, -11.35898012868962859 ) ) ;
#855 = LINE ( 'NONE', #2209, #2689 ) ;
#856 = CARTESIAN_POINT ( 'NONE',  ( -77.54999999999998295, -2.899999999999999467, -11.34999999999999964 ) ) ;
#857 = VERTEX_POINT ( 'NONE', #4610 ) ;
#858 = EDGE_CURVE ( 'NONE', #3053, #389, #2285, .T. ) ;
#859 = EDGE_CURVE ( 'NONE', #1435, #745, #1002, .T. ) ;
#860 = VERTEX_POINT ( 'NONE', #3661 ) ;
#861 = ORIENTED_EDGE ( 'NONE', *, *, #2811, .T. ) ;
#862 = CARTESIAN_POINT ( 'NONE',  ( 12.14999999999999503, 0.8499999999999998668, -7.983333333333331616 ) ) ;
#863 = DIRECTION ( 'NONE',  ( -2.168404344971009361E-16, -0.000000000000000000, -1.000000000000000000 ) ) ;
#864 = DIRECTION ( 'NONE',  ( -1.000000000000000000, -0.000000000000000000, -0.000000000000000000 ) ) ;
#865 = DIRECTION ( 'NONE',  ( 1.000000000000000000, -0.000000000000000000, -0.000000000000000000 ) ) ;
#866 = ADVANCED_FACE ( 'NONE', ( #5065 ), #147, .F. ) ;
#867 = EDGE_LOOP ( 'NONE', ( #4509, #1206, #140, #2136 ) ) ;
#868 = VERTEX_POINT ( 'NONE', #493 ) ;
#869 = CARTESIAN_POINT ( 'NONE',  ( 65.34999999999999432, 6.399999999999999467, -5.000000000000000888 ) ) ;
#870 = CARTESIAN_POINT ( 'NONE',  ( 14.14999999999999680, 0.9475044333703748212, 2.065939985201948215 ) ) ;
#871 = CARTESIAN_POINT ( 'NONE',  ( -9.233333333333321846, 0.8499999999999997558, -7.650000000000000355 ) ) ;
#872 = VERTEX_POINT ( 'NONE', #1056 ) ;
#873 = DIRECTION ( 'NONE',  ( 0.000000000000000000, -1.000000000000000000, 0.000000000000000000 ) ) ;
#874 = ORIENTED_EDGE ( 'NONE', *, *, #2383, .T. ) ;
#875 = DIRECTION ( 'NONE',  ( 0.000000000000000000, 0.000000000000000000, 1.000000000000000000 ) ) ;
#876 = DIRECTION ( 'NONE',  ( -0.000000000000000000, 1.000000000000000000, -1.032573497605242594E-16 ) ) ;
#877 = CARTESIAN_POINT ( 'NONE',  ( -14.14999999999999503, -1.533103550412733052, -8.242540076835457086 ) ) ;
#878 = EDGE_CURVE ( 'NONE', #3605, #4379, #5510, .T. ) ;
#879 = LINE ( 'NONE', #4033, #3778 ) ;
#880 = CARTESIAN_POINT ( 'NONE',  ( 11.31666666666666465, 0.8499999999999998668, -11.65000000000000036 ) ) ;
#881 = CARTESIAN_POINT ( 'NONE',  ( -14.14999999999999503, -1.695887704139257490, -8.129483986046180277 ) ) ;
#882 = DIRECTION ( 'NONE',  ( -1.000000000000000000, -0.000000000000000000, -0.000000000000000000 ) ) ;
#883 = CARTESIAN_POINT ( 'NONE',  ( -65.34999999999999432, -6.400000000000000355, -4.999999999999999112 ) ) ;
#884 = EDGE_LOOP ( 'NONE', ( #4191, #5042, #316, #2587, #4215, #323, #4875, #1796, #4253, #3939, #653, #2165, #3883, #1012 ) ) ;
#885 = VERTEX_POINT ( 'NONE', #1525 ) ;
#886 = CARTESIAN_POINT ( 'NONE',  ( 12.08212545145067374, 0.8499999999999998668, -1.000000000000000000 ) ) ;
#887 = VECTOR ( 'NONE', #1627, 1000.000000000000000 ) ;
#888 = LINE ( 'NONE', #3525, #2584 ) ;
#889 = EDGE_CURVE ( 'NONE', #3529, #5612, #2851, .T. ) ;
#890 = DIRECTION ( 'NONE',  ( -1.000000000000000000, -0.000000000000000000, -0.000000000000000000 ) ) ;
#891 = DIRECTION ( 'NONE',  ( 0.000000000000000000, -1.000000000000000000, 0.000000000000000000 ) ) ;
#892 = AXIS2_PLACEMENT_3D ( 'NONE', #53, #4548, #4517 ) ;
#893 = ORIENTED_EDGE ( 'NONE', *, *, #3531, .F. ) ;
#894 = ADVANCED_FACE ( 'NONE', ( #5407 ), #3251, .F. ) ;
#895 = DIRECTION ( 'NONE',  ( 1.000000000000000000, -0.000000000000000000, -0.000000000000000000 ) ) ;
#896 = EDGE_CURVE ( 'NONE', #3915, #3536, #2211, .T. ) ;
#897 = VECTOR ( 'NONE', #5542, 1000.000000000000000 ) ;
#898 = DIRECTION ( 'NONE',  ( -1.000000000000000000, -0.000000000000000000, -0.000000000000000000 ) ) ;
#899 = AXIS2_PLACEMENT_3D ( 'NONE', #2036, #3017, #4779 ) ;
#900 = CARTESIAN_POINT ( 'NONE',  ( 13.15000000000000391, 0.8499999999999998668, 2.333333333333333037 ) ) ;
#901 = CARTESIAN_POINT ( 'NONE',  ( -3.300000000000001155, 1.850000000000000089, -5.849999999999999645 ) ) ;
#902 = ORIENTED_EDGE ( 'NONE', *, *, #4261, .F. ) ;
#903 = AXIS2_PLACEMENT_3D ( 'NONE', #2110, #2541, #4767 ) ;
#904 = EDGE_CURVE ( 'NONE', #256, #2634, #2752, .T. ) ;
#905 = VERTEX_POINT ( 'NONE', #2319 ) ;
#906 = ORIENTED_EDGE ( 'NONE', *, *, #1784, .T. ) ;
#907 = DIRECTION ( 'NONE',  ( -1.000000000000000000, 0.000000000000000000, 0.000000000000000000 ) ) ;
#908 = DIRECTION ( 'NONE',  ( -1.000000000000000000, 0.000000000000000000, 0.000000000000000000 ) ) ;
#909 = VECTOR ( 'NONE', #3991, 1000.000000000000000 ) ;
#910 = CIRCLE ( 'NONE', #4541, 1.850000000000000977 ) ;
#911 = CARTESIAN_POINT ( 'NONE',  ( -14.14999999999999503, -0.9283850214229042441, -10.03912442714443287 ) ) ;
#912 = ORIENTED_EDGE ( 'NONE', *, *, #1365, .F. ) ;
#913 = AXIS2_PLACEMENT_3D ( 'NONE', #1031, #780, #3473 ) ;
#914 = AXIS2_PLACEMENT_3D ( 'NONE', #1005, #5067, #1058 ) ;
#915 = CARTESIAN_POINT ( 'NONE',  ( 64.34999999999999432, 2.265764042632205655, -14.30000000000000071 ) ) ;
#916 = CARTESIAN_POINT ( 'NONE',  ( 69.44999999999998863, -6.299999999999998934, -10.79999999999999893 ) ) ;
#917 = DIRECTION ( 'NONE',  ( 1.000000000000000000, -0.000000000000000000, -0.000000000000000000 ) ) ;
#918 = CARTESIAN_POINT ( 'NONE',  ( -12.24999999999999112, 7.249999999999999112, 6.549999999999998934 ) ) ;
#919 = EDGE_CURVE ( 'NONE', #1000, #1605, #2678, .T. ) ;
#920 = AXIS2_PLACEMENT_3D ( 'NONE', #623, #191, #4624 ) ;
#921 = DIRECTION ( 'NONE',  ( 1.000000000000000000, 0.000000000000000000, 0.000000000000000000 ) ) ;
#922 = VERTEX_POINT ( 'NONE', #578 ) ;
#923 = ORIENTED_EDGE ( 'NONE', *, *, #1809, .T. ) ;
#924 = DIRECTION ( 'NONE',  ( 0.000000000000000000, 0.000000000000000000, 1.000000000000000000 ) ) ;
#925 = LOCAL_TIME ( 18, 50, 1.000000000000000000, #3520 ) ;
#926 = ORIENTED_EDGE ( 'NONE', *, *, #2329, .T. ) ;
#927 = DIRECTION ( 'NONE',  ( 2.168404344971008868E-16, -0.000000000000000000, -1.000000000000000000 ) ) ;
#928 = EDGE_CURVE ( 'NONE', #2056, #2622, #2866, .T. ) ;
#929 = CARTESIAN_POINT ( 'NONE',  ( -7.449999999999996625, 8.050000000000000711, -3.149999999999999911 ) ) ;
#930 = EDGE_CURVE ( 'NONE', #1933, #2887, #5119, .T. ) ;
#931 = CYLINDRICAL_SURFACE ( 'NONE', #2599, 1.499999999999999556 ) ;
#932 = ORIENTED_EDGE ( 'NONE', *, *, #642, .T. ) ;
#933 = ORIENTED_EDGE ( 'NONE', *, *, #1276, .F. ) ;
#934 = ORIENTED_EDGE ( 'NONE', *, *, #667, .F. ) ;
#935 = DIRECTION ( 'NONE',  ( 1.000000000000000000, -0.000000000000000000, 0.000000000000000000 ) ) ;
#936 = CARTESIAN_POINT ( 'NONE',  ( 13.15000000000000568, 0.8499999999999998668, 1.333333333333333037 ) ) ;
#937 = CARTESIAN_POINT ( 'NONE',  ( 14.14999999999999503, -2.750000000000000000, -9.650000000000000355 ) ) ;
#938 = VERTEX_POINT ( 'NONE', #3767 ) ;
#939 = ADVANCED_FACE ( 'NONE', ( #2479 ), #643, .F. ) ;
#940 = ORIENTED_EDGE ( 'NONE', *, *, #1842, .F. ) ;
#941 = ORIENTED_EDGE ( 'NONE', *, *, #2318, .T. ) ;
#942 = LINE ( 'NONE', #4004, #5386 ) ;
#943 = DIRECTION ( 'NONE',  ( -1.000000000000000000, 0.000000000000000000, 0.000000000000000000 ) ) ;
#944 = DIRECTION ( 'NONE',  ( 0.000000000000000000, 0.000000000000000000, 1.000000000000000000 ) ) ;
#945 = ORIENTED_EDGE ( 'NONE', *, *, #4331, .T. ) ;
#946 = ORIENTED_EDGE ( 'NONE', *, *, #4456, .T. ) ;
#947 = CARTESIAN_POINT ( 'NONE',  ( -13.04999999999999538, 4.750000000000000000, -0.8000000000000021538 ) ) ;
#948 = DIRECTION ( 'NONE',  ( 0.000000000000000000, 0.000000000000000000, 1.000000000000000000 ) ) ;
#949 = CARTESIAN_POINT ( 'NONE',  ( 69.44999999999998863, -6.999999999999999112, -11.99999999999998757 ) ) ;
#950 = ORIENTED_EDGE ( 'NONE', *, *, #3809, .F. ) ;
#951 = PERSON_AND_ORGANIZATION ( #18446744073709551615, #18446744073709551615 ) ;
#952 = ORIENTED_EDGE ( 'NONE', *, *, #3924, .F. ) ;
#953 = ORIENTED_EDGE ( 'NONE', *, *, #4514, .T. ) ;
#954 = CARTESIAN_POINT ( 'NONE',  ( 12.00316266897361039, 1.160057757014999691, 2.749797601117038859 ) ) ;
#955 = DIRECTION ( 'NONE',  ( -1.000000000000000000, 0.000000000000000000, 0.000000000000000000 ) ) ;
#956 = ORIENTED_EDGE ( 'NONE', *, *, #4404, .F. ) ;
#957 = EDGE_CURVE ( 'NONE', #4278, #3529, #5279, .T. ) ;
#958 = DIRECTION ( 'NONE',  ( 0.000000000000000000, 0.000000000000000000, -1.000000000000000000 ) ) ;
#959 = ORIENTED_EDGE ( 'NONE', *, *, #1787, .F. ) ;
#960 = EDGE_CURVE ( 'NONE', #2056, #532, #334, .T. ) ;
#961 = VERTEX_POINT ( 'NONE', #291 ) ;
#962 = CARTESIAN_POINT ( 'NONE',  ( 64.34999999999999432, 7.152246326680227639, -7.804090313690918990 ) ) ;
#963 = EDGE_CURVE ( 'NONE', #2828, #118, #699, .T. ) ;
#964 = DIRECTION ( 'NONE',  ( 1.000000000000000000, 0.000000000000000000, -0.000000000000000000 ) ) ;
#965 = CARTESIAN_POINT ( 'NONE',  ( -7.983333333333324511, 0.8499999999999998668, -7.650000000000000355 ) ) ;
#966 = ORIENTED_EDGE ( 'NONE', *, *, #1790, .T. ) ;
#967 = ORIENTED_EDGE ( 'NONE', *, *, #1234, .F. ) ;
#968 = CARTESIAN_POINT ( 'NONE',  ( 77.44999999999998863, 2.800000000000001599, -9.649999999999998579 ) ) ;
#969 = CARTESIAN_POINT ( 'NONE',  ( -64.34999999999999432, -7.524168565514620433, -9.649999999999977263 ) ) ;
#970 = DIRECTION ( 'NONE',  ( -1.000000000000000000, 0.000000000000000000, 0.000000000000000000 ) ) ;
#971 = CARTESIAN_POINT ( 'NONE',  ( 14.15000000000000568, 1.449999999999999956, 2.000000000000000000 ) ) ;
#972 = LINE ( 'NONE', #2207, #2044 ) ;
#973 = CARTESIAN_POINT ( 'NONE',  ( 12.14999999999999503, -0.8499999999999998668, -9.316666666666661101 ) ) ;
#974 = CALENDAR_DATE ( 2026, 22, 6 ) ;
#975 = ORIENTED_EDGE ( 'NONE', *, *, #3163, .T. ) ;
#976 = ORIENTED_EDGE ( 'NONE', *, *, #904, .F. ) ;
#977 = EDGE_CURVE ( 'NONE', #5424, #5428, #1832, .T. ) ;
#978 = FACE_OUTER_BOUND ( 'NONE', #4742, .T. ) ;
#979 = LINE ( 'NONE', #3116, #2476 ) ;
#980 = FACE_OUTER_BOUND ( 'NONE', #5436, .T. ) ;
#981 = ADVANCED_FACE ( 'NONE', ( #5619 ), #4223, .F. ) ;
#982 = DIRECTION ( 'NONE',  ( 0.000000000000000000, 0.000000000000000000, 1.000000000000000000 ) ) ;
#983 = ORIENTED_EDGE ( 'NONE', *, *, #1876, .T. ) ;
#984 = AXIS2_PLACEMENT_3D ( 'NONE', #4592, #586, #2378 ) ;
#985 = ORIENTED_EDGE ( 'NONE', *, *, #1960, .T. ) ;
#986 = CARTESIAN_POINT ( 'NONE',  ( 54.15000000000000568, 4.345806406413833756, -13.43291034902260428 ) ) ;
#987 = CARTESIAN_POINT ( 'NONE',  ( -54.14999999999999858, -4.345806406413836420, -13.43291034902260961 ) ) ;
#988 = CIRCLE ( 'NONE', #3040, 1.700000000000000178 ) ;
#989 = FACE_OUTER_BOUND ( 'NONE', #139, .T. ) ;
#990 = ADVANCED_FACE ( 'NONE', ( #4198 ), #202, .F. ) ;
#991 = VERTEX_POINT ( 'NONE', #2000 ) ;
#992 = VERTEX_POINT ( 'NONE', #4677 ) ;
#993 = ORIENTED_EDGE ( 'NONE', *, *, #4854, .F. ) ;
#994 = AXIS2_PLACEMENT_3D ( 'NONE', #108, #1015, #5045 ) ;
#995 = CARTESIAN_POINT ( 'NONE',  ( 11.01425090290131159, 0.8499999999999998668, -3.000000000000000000 ) ) ;
#996 = B_SPLINE_SURFACE_WITH_KNOTS ( 'NONE', 3, 1, ( 
 ( #4718, #3557 ),
 ( #1691, #4465 ),
 ( #2218, #5361 ),
 ( #5677, #5337 ),
 ( #457, #3528 ),
 ( #1337, #4399 ) ),
 .UNSPECIFIED., .F., .F., .F.,
 ( 4, 2, 4 ),
 ( 2, 2 ),
 ( 0.000000000000000000, 0.4999999999999998890, 1.000000000000000000 ),
 ( 0.000000000000000000, 1.000000000000000000 ),
 .UNSPECIFIED. ) ;
#997 = CYLINDRICAL_SURFACE ( 'NONE', #4451, 5.500000000000000000 ) ;
#998 = CARTESIAN_POINT ( 'NONE',  ( -7.449999999999994849, 1.927406647131493678, 0.8500000000000000888 ) ) ;
#999 = VECTOR ( 'NONE', #755, 1000.000000000000000 ) ;
#1000 = VERTEX_POINT ( 'NONE', #671 ) ;
#1001 = AXIS2_PLACEMENT_3D ( 'NONE', #3550, #917, #2264 ) ;
#1002 = LINE ( 'NONE', #2784, #2471 ) ;
#1003 = VECTOR ( 'NONE', #1822, 1000.000000000000000 ) ;
#1004 = DIRECTION ( 'NONE',  ( 0.000000000000000000, 0.000000000000000000, 1.000000000000000000 ) ) ;
#1005 = CARTESIAN_POINT ( 'NONE',  ( -0.7499999999999928946, 5.050000000000000711, 10.84999999999999964 ) ) ;
#1006 = ORIENTED_EDGE ( 'NONE', *, *, #5059, .T. ) ;
#1007 = ORIENTED_EDGE ( 'NONE', *, *, #3255, .T. ) ;
#1008 = VECTOR ( 'NONE', #9, 1000.000000000000000 ) ;
#1009 = VECTOR ( 'NONE', #3919, 1000.000000000000000 ) ;
#1010 = EDGE_CURVE ( 'NONE', #3331, #106, #2454, .T. ) ;
#1011 = DATE_AND_TIME ( #974, #925 ) ;
#1012 = ORIENTED_EDGE ( 'NONE', *, *, #3391, .T. ) ;
#1013 = ORIENTED_EDGE ( 'NONE', *, *, #4904, .F. ) ;
#1014 = CARTESIAN_POINT ( 'NONE',  ( 14.14999999999999503, 2.587526042057760822, -11.49928653833128855 ) ) ;
#1015 = DIRECTION ( 'NONE',  ( 1.000000000000000000, 0.000000000000000000, 0.000000000000000000 ) ) ;
#1016 = DIRECTION ( 'NONE',  ( 1.000000000000000000, 0.000000000000000000, 0.000000000000000000 ) ) ;
#1017 = AXIS2_PLACEMENT_3D ( 'NONE', #1018, #3101, #2418 ) ;
#1018 = CARTESIAN_POINT ( 'NONE',  ( 77.44999999999998863, -2.899999999999999467, -9.649999999999998579 ) ) ;
#1019 = VERTEX_POINT ( 'NONE', #5565 ) ;
#1020 = CARTESIAN_POINT ( 'NONE',  ( 54.15000000000052438, -6.851864535865305861, -9.649999999999995026 ) ) ;
#1021 = CARTESIAN_POINT ( 'NONE',  ( -14.04999999999999538, 7.249999999999999112, 9.649999999999996803 ) ) ;
#1022 = CARTESIAN_POINT ( 'NONE',  ( -64.34999999999993747, -1.339215079511145712, -14.29999999999997762 ) ) ;
#1023 = DIRECTION ( 'NONE',  ( 0.000000000000000000, 0.5098023903017334657, 0.8602915336341738772 ) ) ;
#1024 = ORIENTED_EDGE ( 'NONE', *, *, #1142, .F. ) ;
#1025 = VERTEX_POINT ( 'NONE', #1587 ) ;
#1026 = VERTEX_POINT ( 'NONE', #3359 ) ;
#1027 = CC_DESIGN_PERSON_AND_ORGANIZATION_ASSIGNMENT ( #5387, #5041, ( #5214 ) ) ;
#1028 = CARTESIAN_POINT ( 'NONE',  ( 14.15000000000000568, 1.921385151945981029, -2.166721439907601798 ) ) ;
#1029 = DIRECTION ( 'NONE',  ( -1.000000000000000000, -0.000000000000000000, -0.000000000000000000 ) ) ;
#1030 = ORIENTED_EDGE ( 'NONE', *, *, #2482, .T. ) ;
#1031 = CARTESIAN_POINT ( 'NONE',  ( 14.14999999999999503, -2.750000000000000000, -9.650000000000000355 ) ) ;
#1032 = EDGE_CURVE ( 'NONE', #573, #3760, #5141, .T. ) ;
#1033 = CARTESIAN_POINT ( 'NONE',  ( 14.14999999999999503, -2.750000000000000000, -9.650000000000000355 ) ) ;
#1034 = CARTESIAN_POINT ( 'NONE',  ( 64.34999999999988063, -7.152246326680224087, -11.49590968630907106 ) ) ;
#1035 = DIRECTION ( 'NONE',  ( -0.000000000000000000, 1.000000000000000000, 0.000000000000000000 ) ) ;
#1036 = ADVANCED_FACE ( 'NONE', ( #1174 ), #5689, .F. ) ;
#1037 = VERTEX_POINT ( 'NONE', #848 ) ;
#1038 = ORIENTED_EDGE ( 'NONE', *, *, #1122, .T. ) ;
#1039 = CARTESIAN_POINT ( 'NONE',  ( 64.34999999999993747, -7.400231650700669128, -10.26511877392250938 ) ) ;
#1040 = CARTESIAN_POINT ( 'NONE',  ( -8.649999999999996803, 7.249999999999999112, 0.04999999999999933664 ) ) ;
#1041 = LINE ( 'NONE', #4180, #4547 ) ;
#1042 = CARTESIAN_POINT ( 'NONE',  ( -14.14999999999999503, 0.8499999999999999778, 12.94999999999999929 ) ) ;
#1043 = DIRECTION ( 'NONE',  ( -1.000000000000000000, 0.000000000000000000, 0.000000000000000000 ) ) ;
#1044 = ORIENTED_EDGE ( 'NONE', *, *, #4707, .F. ) ;
#1045 = CARTESIAN_POINT ( 'NONE',  ( 69.44999999999998863, 2.800000000000001599, -7.949999999999998401 ) ) ;
#1046 = CARTESIAN_POINT ( 'NONE',  ( 14.14999999999999503, 1.069662283923977553, -10.42400621329945842 ) ) ;
#1047 = CARTESIAN_POINT ( 'NONE',  ( -54.14999999999999858, -2.314938844950380936, -13.65000000000000213 ) ) ;
#1048 = PLANE ( 'NONE',  #2039 ) ;
#1049 = ORIENTED_EDGE ( 'NONE', *, *, #3191, .T. ) ;
#1050 = EDGE_LOOP ( 'NONE', ( #1751, #3627, #3249, #4899, #325, #2804 ) ) ;
#1051 = ORIENTED_EDGE ( 'NONE', *, *, #1032, .F. ) ;
#1052 = ORIENTED_EDGE ( 'NONE', *, *, #2559, .T. ) ;
#1053 = LINE ( 'NONE', #1415, #2596 ) ;
#1054 = CARTESIAN_POINT ( 'NONE',  ( -7.449999999999993960, 1.927406647131493678, 8.849999999999997868 ) ) ;
#1055 = CARTESIAN_POINT ( 'NONE',  ( -7.449999999999994849, 0.8499999999999999778, 12.84999999999999964 ) ) ;
#1056 = CARTESIAN_POINT ( 'NONE',  ( -77.54999999999998295, -2.899999999999999467, -7.949999999999998401 ) ) ;
#1057 = CARTESIAN_POINT ( 'NONE',  ( 64.34999999999999432, 3.345732259861896818, -14.30000000000000249 ) ) ;
#1058 = DIRECTION ( 'NONE',  ( 0.000000000000000000, 0.000000000000000000, -1.000000000000000000 ) ) ;
#1059 = ORIENTED_EDGE ( 'NONE', *, *, #1343, .F. ) ;
#1060 = EDGE_CURVE ( 'NONE', #885, #745, #2148, .T. ) ;
#1061 = SECURITY_CLASSIFICATION_LEVEL ( 'unclassified' ) ;
#1062 = CARTESIAN_POINT ( 'NONE',  ( 7.149999999999995026, -0.8499999999999998668, -9.316666666666671759 ) ) ;
#1063 = CARTESIAN_POINT ( 'NONE',  ( 78.44999999999997442, -3.599999999999999645, -6.899999999999996803 ) ) ;
#1064 = CARTESIAN_POINT ( 'NONE',  ( 14.14999999999999680, 4.121269170589943798, -10.91068228026195719 ) ) ;
#1065 = LINE ( 'NONE', #503, #1087 ) ;
#1066 = DIRECTION ( 'NONE',  ( 0.000000000000000000, 0.000000000000000000, 1.000000000000000000 ) ) ;
#1067 = ORIENTED_EDGE ( 'NONE', *, *, #4606, .F. ) ;
#1068 = CARTESIAN_POINT ( 'NONE',  ( -8.649999999999995026, 7.249999999999999112, 8.849999999999997868 ) ) ;
#1069 = DIRECTION ( 'NONE',  ( 0.000000000000000000, 0.000000000000000000, -1.000000000000000000 ) ) ;
#1070 = CARTESIAN_POINT ( 'NONE',  ( -54.14999999999999858, -3.285234860469025797, -13.65000000000000213 ) ) ;
#1071 = DIRECTION ( 'NONE',  ( 0.000000000000000000, -1.000000000000000000, 2.775557561562893816E-16 ) ) ;
#1072 = VECTOR ( 'NONE', #4040, 1000.000000000000000 ) ;
#1073 = VERTEX_POINT ( 'NONE', #3650 ) ;
#1074 = VERTEX_POINT ( 'NONE', #2767 ) ;
#1075 = ORIENTED_EDGE ( 'NONE', *, *, #2566, .T. ) ;
#1076 = CARTESIAN_POINT ( 'NONE',  ( 10.48031362862664118, 0.8499999999999998668, -3.000000000000000000 ) ) ;
#1077 = AXIS2_PLACEMENT_3D ( 'NONE', #4488, #500, #4070 ) ;
#1078 = CARTESIAN_POINT ( 'NONE',  ( -14.04999999999999716, 8.050000000000000711, -3.149999999999999911 ) ) ;
#1079 = DIRECTION ( 'NONE',  ( 0.000000000000000000, -1.000000000000000000, 2.081668171172170485E-16 ) ) ;
#1080 = AXIS2_PLACEMENT_3D ( 'NONE', #5087, #2404, #609 ) ;
#1081 = CARTESIAN_POINT ( 'NONE',  ( 14.14999999999999858, 4.430337716051879760, -8.875993786711596556 ) ) ;
#1082 = CARTESIAN_POINT ( 'NONE',  ( 64.34999999999999432, -3.345732259861895042, -14.30000000000000249 ) ) ;
#1083 = CARTESIAN_POINT ( 'NONE',  ( -14.04999999999999538, 8.050000000000000711, 12.84999999999999964 ) ) ;
#1084 = VECTOR ( 'NONE', #719, 1000.000000000000000 ) ;
#1085 = VECTOR ( 'NONE', #1600, 1000.000000000000000 ) ;
#1086 = ORIENTED_EDGE ( 'NONE', *, *, #145, .F. ) ;
#1087 = VECTOR ( 'NONE', #4986, 1000.000000000000000 ) ;
#1088 = VERTEX_POINT ( 'NONE', #92 ) ;
#1089 = CARTESIAN_POINT ( 'NONE',  ( 14.14999999999999503, -4.593808527201876046, -9.920642124191942912 ) ) ;
#1090 = LINE ( 'NONE', #3229, #151 ) ;
#1091 = ADVANCED_FACE ( 'NONE', ( #5261 ), #2349, .F. ) ;
#1092 = CARTESIAN_POINT ( 'NONE',  ( 14.14999999999999503, 3.966896449587267615, -11.05745992316454185 ) ) ;
#1093 = CARTESIAN_POINT ( 'NONE',  ( 13.65000000000000568, 1.139942242985000131, 1.250202398882961141 ) ) ;
#1094 = ADVANCED_FACE ( 'NONE', ( #3757 ), #2012, .F. ) ;
#1095 = VECTOR ( 'NONE', #2315, 1000.000000000000000 ) ;
#1096 = VECTOR ( 'NONE', #1545, 999.9999999999998863 ) ;
#1097 = CARTESIAN_POINT ( 'NONE',  ( 14.15000000000000568, 1.449999999999999956, -1.999999999999999556 ) ) ;
#1098 = EDGE_LOOP ( 'NONE', ( #377, #3933, #2233, #3184 ) ) ;
#1099 = CARTESIAN_POINT ( 'NONE',  ( 54.15000000000028990, -6.546618184993106659, -11.20382242968051578 ) ) ;
#1100 = VECTOR ( 'NONE', #3047, 1000.000000000000000 ) ;
#1101 = VECTOR ( 'NONE', #882, 1000.000000000000000 ) ;
#1102 = CYLINDRICAL_SURFACE ( 'NONE', #4235, 1.000000000000000000 ) ;
#1103 = ADVANCED_FACE ( 'NONE', ( #3780 ), #1102, .T. ) ;
#1104 = CARTESIAN_POINT ( 'NONE',  ( 14.14999999999999858, 3.772035979957539809, -8.084010084480675928 ) ) ;
#1105 = CARTESIAN_POINT ( 'NONE',  ( -77.54999999999998295, -3.599999999999999645, -6.899999999999996803 ) ) ;
#1106 = AXIS2_PLACEMENT_3D ( 'NONE', #1899, #4570, #1066 ) ;
#1107 = VERTEX_POINT ( 'NONE', #5550 ) ;
#1108 = ORIENTED_EDGE ( 'NONE', *, *, #3653, .F. ) ;
#1109 = ORIENTED_EDGE ( 'NONE', *, *, #2618, .T. ) ;
#1110 = LINE ( 'NONE', #4673, #4458 ) ;
#1111 = LINE ( 'NONE', #549, #4724 ) ;
#1112 = EDGE_CURVE ( 'NONE', #1760, #3605, #988, .T. ) ;
#1113 = CARTESIAN_POINT ( 'NONE',  ( 14.15000000000000568, 0.8499999999999999778, -12.94999999999999929 ) ) ;
#1114 = ORIENTED_EDGE ( 'NONE', *, *, #5589, .F. ) ;
#1115 = EDGE_CURVE ( 'NONE', #2573, #1290, #5521, .T. ) ;
#1116 = EDGE_CURVE ( 'NONE', #4485, #302, #2849, .T. ) ;
#1117 = B_SPLINE_CURVE_WITH_KNOTS ( 'NONE', 1,
 ( #4020, #1811 ),
 .UNSPECIFIED., .F., .F.,
 ( 2, 2 ),
 ( 0.000000000000000000, 1.000000000000000000 ),
 .UNSPECIFIED. ) ;
#1118 = DIRECTION ( 'NONE',  ( 1.000000000000000000, 0.000000000000000000, -0.000000000000000000 ) ) ;
#1119 = CYLINDRICAL_SURFACE ( 'NONE', #156, 0.5000000000000000000 ) ;
#1120 = DIRECTION ( 'NONE',  ( -0.000000000000000000, -0.000000000000000000, -1.000000000000000000 ) ) ;
#1121 = CARTESIAN_POINT ( 'NONE',  ( 14.14999999999999503, -3.370117107218460806, -11.41418160436249174 ) ) ;
#1122 = EDGE_CURVE ( 'NONE', #4226, #3346, #215, .T. ) ;
#1123 = DIRECTION ( 'NONE',  ( -1.000000000000000000, 0.000000000000000000, 0.000000000000000000 ) ) ;
#1124 = DIRECTION ( 'NONE',  ( 1.000000000000000000, 0.000000000000000000, 0.000000000000000000 ) ) ;
#1125 = PLANE ( 'NONE',  #162 ) ;
#1126 = EDGE_CURVE ( 'NONE', #4944, #1227, #3348, .T. ) ;
#1127 = CARTESIAN_POINT ( 'NONE',  ( -69.44999999999998863, 7.000000000000000000, -5.800000000000000711 ) ) ;
#1128 = ORIENTED_EDGE ( 'NONE', *, *, #2356, .T. ) ;
#1129 = CARTESIAN_POINT ( 'NONE',  ( -14.04999999999999538, 6.200000000000001066, 9.649999999999998579 ) ) ;
#1130 = DIRECTION ( 'NONE',  ( 0.000000000000000000, -1.000000000000000000, 1.770125995894701202E-16 ) ) ;
#1131 = CARTESIAN_POINT ( 'NONE',  ( 12.14999999999999503, 0.8499999999999999778, -7.650000000000000355 ) ) ;
#1132 = CARTESIAN_POINT ( 'NONE',  ( -12.14999999999999503, -0.8499999999999998668, -9.983333333333328952 ) ) ;
#1133 = ADVANCED_FACE ( 'NONE', ( #1459 ), #3732, .F. ) ;
#1134 = VERTEX_POINT ( 'NONE', #566 ) ;
#1135 = ORIENTED_EDGE ( 'NONE', *, *, #3163, .F. ) ;
#1136 = ORIENTED_EDGE ( 'NONE', *, *, #1746, .F. ) ;
#1137 = CARTESIAN_POINT ( 'NONE',  ( -2.749999999999993783, 0.8499999999999999778, 2.850000000000000089 ) ) ;
#1138 = B_SPLINE_SURFACE_WITH_KNOTS ( 'NONE', 3, 1, ( 
 ( #3351, #5156 ),
 ( #5639, #1693 ),
 ( #3468, #3441 ),
 ( #4240, #3784 ),
 ( #2506, #1197 ),
 ( #217, #1132 ),
 ( #4760, #4212 ),
 ( #1664, #5554 ),
 ( #2101, #5222 ),
 ( #1577, #3842 ) ),
 .UNSPECIFIED., .F., .F., .F.,
 ( 4, 2, 2, 2, 4 ),
 ( 2, 2 ),
 ( 0.000000000000000000, 0.2500000000000000000, 0.5000000000000000000, 0.7500000000000000000, 1.000000000000000000 ),
 ( 0.000000000000000000, 1.000000000000000000 ),
 .UNSPECIFIED. ) ;
#1139 = CARTESIAN_POINT ( 'NONE',  ( -13.04999999999999538, 4.750000000000000000, 10.50000000000000000 ) ) ;
#1140 = CARTESIAN_POINT ( 'NONE',  ( -65.34999999999999432, 7.399999999999999467, -5.000000000000000888 ) ) ;
#1141 = ORIENTED_EDGE ( 'NONE', *, *, #1559, .F. ) ;
#1142 = EDGE_CURVE ( 'NONE', #3580, #2919, #1537, .T. ) ;
#1143 = ORIENTED_EDGE ( 'NONE', *, *, #4606, .T. ) ;
#1144 = CARTESIAN_POINT ( 'NONE',  ( -10.48333333333333250, -0.8499999999999998668, -11.65000000000000036 ) ) ;
#1145 = DIRECTION ( 'NONE',  ( -1.000000000000000000, -0.000000000000000000, 1.084202172485504557E-16 ) ) ;
#1146 = CARTESIAN_POINT ( 'NONE',  ( -64.34999999999996589, -1.339215079511147044, -5.000000000000003553 ) ) ;
#1147 = EDGE_LOOP ( 'NONE', ( #1351, #585, #3819, #3959, #874, #546, #3108, #3609 ) ) ;
#1148 = VERTEX_POINT ( 'NONE', #3316 ) ;
#1149 = CARTESIAN_POINT ( 'NONE',  ( -14.14999999999999503, 1.024401349852988918, -8.946305220297677607 ) ) ;
#1150 = EDGE_CURVE ( 'NONE', #1073, #1378, #5132, .T. ) ;
#1151 = CARTESIAN_POINT ( 'NONE',  ( -0.7499999999999928946, 0.8499999999999999778, 12.84999999999999964 ) ) ;
#1152 = CARTESIAN_POINT ( 'NONE',  ( -2.749999999999993783, 5.050000000000000711, 2.850000000000000089 ) ) ;
#1153 = CARTESIAN_POINT ( 'NONE',  ( 54.14999999999999858, 2.750000000000000000, -9.650000000000000355 ) ) ;
#1154 = CARTESIAN_POINT ( 'NONE',  ( 14.14999999999999858, -4.430337716051879760, -8.875993786711596556 ) ) ;
#1155 = DIRECTION ( 'NONE',  ( 0.000000000000000000, 0.000000000000000000, -1.000000000000000000 ) ) ;
#1156 = ORIENTED_EDGE ( 'NONE', *, *, #4255, .T. ) ;
#1157 = CARTESIAN_POINT ( 'NONE',  ( 14.14999999999999503, -2.750000000000000000, -9.650000000000000355 ) ) ;
#1158 = CARTESIAN_POINT ( 'NONE',  ( -7.449999999999994849, 7.249999999999999112, 6.549999999999998046 ) ) ;
#1159 = CARTESIAN_POINT ( 'NONE',  ( 11.31666666666665932, 0.8499999999999998668, -7.650000000000000355 ) ) ;
#1160 = CYLINDRICAL_SURFACE ( 'NONE', #5562, 1.500000000000000444 ) ;
#1161 = ORIENTED_EDGE ( 'NONE', *, *, #4082, .F. ) ;
#1162 = VERTEX_POINT ( 'NONE', #3700 ) ;
#1163 = ORIENTED_EDGE ( 'NONE', *, *, #4417, .T. ) ;
#1164 = DIRECTION ( 'NONE',  ( 1.000000000000000000, 0.000000000000000000, 0.000000000000000000 ) ) ;
#1165 = EDGE_CURVE ( 'NONE', #521, #3580, #4629, .T. ) ;
#1166 = CARTESIAN_POINT ( 'NONE',  ( -77.54999999999998295, -3.599999999999999645, -12.40000000000000213 ) ) ;
#1167 = CIRCLE ( 'NONE', #502, 1.700000000000000178 ) ;
#1168 = CARTESIAN_POINT ( 'NONE',  ( -14.14999999999999503, -1.695983578023231519, -8.129621960759990884 ) ) ;
#1169 = ORIENTED_EDGE ( 'NONE', *, *, #3198, .T. ) ;
#1170 = CARTESIAN_POINT ( 'NONE',  ( 3.299999999999999822, 0.8499999999999999778, -12.44999999999999929 ) ) ;
#1171 = CARTESIAN_POINT ( 'NONE',  ( 14.15000000000000746, 1.958940812317481628, -1.966774823388161675 ) ) ;
#1172 = ORIENTED_EDGE ( 'NONE', *, *, #2140, .F. ) ;
#1173 = VECTOR ( 'NONE', #4755, 1000.000000000000000 ) ;
#1174 = FACE_OUTER_BOUND ( 'NONE', #4676, .T. ) ;
#1175 = CARTESIAN_POINT ( 'NONE',  ( -7.449999999999993960, 8.050000000000000711, 8.849999999999997868 ) ) ;
#1176 = CARTESIAN_POINT ( 'NONE',  ( -54.14999999999999147, -2.314938844950380492, -5.649999999999997691 ) ) ;
#1177 = B_SPLINE_CURVE_WITH_KNOTS ( 'NONE', 3,
 ( #1424, #1014, #4121, #4656, #3227, #1950, #5413, #3644 ),
 .UNSPECIFIED., .F., .F.,
 ( 4, 2, 2, 4 ),
 ( 0.3562252349600874002, 0.5000000000000001110, 0.7500000000000000000, 1.000000000000000000 ),
 .UNSPECIFIED. ) ;
#1178 = VECTOR ( 'NONE', #135, 1000.000000000000000 ) ;
#1179 = CARTESIAN_POINT ( 'NONE',  ( -12.14999999999999503, 0.8499999999999998668, -9.983333333333328952 ) ) ;
#1180 = CARTESIAN_POINT ( 'NONE',  ( -13.04999999999999538, 4.049999999999999822, -0.8000000000000012657 ) ) ;
#1181 = CIRCLE ( 'NONE', #4920, 2.000000000000000000 ) ;
#1182 = VERTEX_POINT ( 'NONE', #5476 ) ;
#1183 = DIRECTION ( 'NONE',  ( 0.000000000000000000, 0.000000000000000000, -1.000000000000000000 ) ) ;
#1184 = FACE_OUTER_BOUND ( 'NONE', #1742, .T. ) ;
#1185 = EDGE_CURVE ( 'NONE', #1518, #3865, #4915, .T. ) ;
#1186 = PLANE ( 'NONE',  #717 ) ;
#1187 = EDGE_CURVE ( 'NONE', #2323, #661, #324, .T. ) ;
#1188 = CIRCLE ( 'NONE', #1939, 1.000000000000000000 ) ;
#1189 = VECTOR ( 'NONE', #5257, 1000.000000000000000 ) ;
#1190 = CARTESIAN_POINT ( 'NONE',  ( 64.34999999999995168, -1.339215079511147044, -5.000000000000003553 ) ) ;
#1191 = EDGE_LOOP ( 'NONE', ( #3094, #4164, #4982, #453 ) ) ;
#1192 = CARTESIAN_POINT ( 'NONE',  ( 64.34999999999998010, -7.400048621300933327, -9.649446658945672439 ) ) ;
#1193 = CARTESIAN_POINT ( 'NONE',  ( -64.34999999999999432, 6.399999999999999467, -13.29999999999999893 ) ) ;
#1194 = AXIS2_PLACEMENT_3D ( 'NONE', #4148, #2736, #4513 ) ;
#1195 = VECTOR ( 'NONE', #1582, 1000.000000000000000 ) ;
#1196 = LINE ( 'NONE', #5636, #1084 ) ;
#1197 = CARTESIAN_POINT ( 'NONE',  ( -12.14999999999999503, -0.8499999999999998668, -9.316666666666661101 ) ) ;
#1198 = VECTOR ( 'NONE', #1998, 1000.000000000000000 ) ;
#1199 = ORIENTED_EDGE ( 'NONE', *, *, #736, .T. ) ;
#1200 = AXIS2_PLACEMENT_3D ( 'NONE', #1528, #554, #2376 ) ;
#1201 = EDGE_LOOP ( 'NONE', ( #2677, #4216, #5595, #2176, #4321 ) ) ;
#1202 = CARTESIAN_POINT ( 'NONE',  ( 78.44999999999997442, 6.200000000000000178, -12.40000000000000213 ) ) ;
#1203 = LINE ( 'NONE', #3005, #153 ) ;
#1204 = VECTOR ( 'NONE', #3921, 1000.000000000000000 ) ;
#1205 = DIRECTION ( 'NONE',  ( 0.000000000000000000, -1.000000000000000000, -0.000000000000000000 ) ) ;
#1206 = ORIENTED_EDGE ( 'NONE', *, *, #2983, .F. ) ;
#1207 = CARTESIAN_POINT ( 'NONE',  ( 64.35000000000000853, 6.100679342678992256, -6.252167483457191643 ) ) ;
#1208 = CARTESIAN_POINT ( 'NONE',  ( 7.149999999999995026, -0.8499999999999999778, -7.650000000000000355 ) ) ;
#1209 = VERTEX_POINT ( 'NONE', #3490 ) ;
#1210 = VECTOR ( 'NONE', #5181, 1000.000000000000000 ) ;
#1211 = CARTESIAN_POINT ( 'NONE',  ( -7.449999999999994849, 7.249999999999999112, 6.549999999999998046 ) ) ;
#1212 = DIRECTION ( 'NONE',  ( 0.000000000000000000, 0.000000000000000000, -1.000000000000000000 ) ) ;
#1213 = CARTESIAN_POINT ( 'NONE',  ( -64.34999999999993747, -1.339215079511145712, -14.29999999999997762 ) ) ;
#1214 = EDGE_CURVE ( 'NONE', #1728, #317, #5247, .T. ) ;
#1215 = CARTESIAN_POINT ( 'NONE',  ( 14.14999999999999503, -1.985424564407667791, -11.35898012868962859 ) ) ;
#1216 = DIRECTION ( 'NONE',  ( -1.084202172485504434E-16, -1.652117596168389728E-15, -1.000000000000000000 ) ) ;
#1217 = CARTESIAN_POINT ( 'NONE',  ( -65.34999999999999432, 6.399999999999999467, -5.000000000000000888 ) ) ;
#1218 = EDGE_CURVE ( 'NONE', #1605, #1000, #3610, .T. ) ;
#1219 = CARTESIAN_POINT ( 'NONE',  ( 14.15000000000000746, 1.828858762042554931, 2.338109878433376920 ) ) ;
#1220 = LINE ( 'NONE', #4269, #3793 ) ;
#1221 = CARTESIAN_POINT ( 'NONE',  ( 64.34999999999998010, 2.265764042632205655, -5.000000000000000888 ) ) ;
#1222 = EDGE_LOOP ( 'NONE', ( #4392, #4799, #4437, #985 ) ) ;
#1223 = CARTESIAN_POINT ( 'NONE',  ( -70.54999999999996874, -2.899999999999999467, -9.649999999999998579 ) ) ;
#1224 = DIRECTION ( 'NONE',  ( 3.771137991253927587E-16, 0.000000000000000000, 1.000000000000000000 ) ) ;
#1225 = DIRECTION ( 'NONE',  ( 0.000000000000000000, -1.770125995894701202E-16, -1.000000000000000000 ) ) ;
#1226 = CARTESIAN_POINT ( 'NONE',  ( -69.44999999999998863, -6.999999999999999112, -11.99999999999998757 ) ) ;
#1227 = VERTEX_POINT ( 'NONE', #5606 ) ;
#1228 = ORIENTED_EDGE ( 'NONE', *, *, #385, .T. ) ;
#1229 = DIRECTION ( 'NONE',  ( 0.000000000000000000, 0.000000000000000000, -1.000000000000000000 ) ) ;
#1230 = CARTESIAN_POINT ( 'NONE',  ( 14.14999999999999503, -3.804112295846674652, -11.17051601393357885 ) ) ;
#1231 = DIRECTION ( 'NONE',  ( -1.000000000000000000, 0.000000000000000000, 1.084202172485504434E-16 ) ) ;
#1232 = CARTESIAN_POINT ( 'NONE',  ( 54.14999999999999858, 6.546618184993080902, -11.20382242968048381 ) ) ;
#1233 = CARTESIAN_POINT ( 'NONE',  ( -69.44999999999998863, -6.999999999999999112, -11.99999999999998757 ) ) ;
#1234 = EDGE_CURVE ( 'NONE', #512, #1518, #772, .T. ) ;
#1235 = ORIENTED_EDGE ( 'NONE', *, *, #268, .T. ) ;
#1236 = CARTESIAN_POINT ( 'NONE',  ( 54.14999999999992752, 4.345806406413841749, -5.867089650977403537 ) ) ;
#1237 = CARTESIAN_POINT ( 'NONE',  ( -8.649999999999995026, 1.636454033335750902, 12.05000000000000071 ) ) ;
#1238 = CARTESIAN_POINT ( 'NONE',  ( -54.14999999999999147, 2.314938844950381824, -5.650000000000000355 ) ) ;
#1239 = EDGE_CURVE ( 'NONE', #1727, #177, #4274, .T. ) ;
#1240 = CARTESIAN_POINT ( 'NONE',  ( -12.14999999999999503, 0.8499999999999998668, -8.983333333333327175 ) ) ;
#1241 = DIRECTION ( 'NONE',  ( 1.000000000000000000, 0.000000000000000000, -1.084202172485504557E-16 ) ) ;
#1242 = DIRECTION ( 'NONE',  ( -0.000000000000000000, -0.000000000000000000, -1.000000000000000000 ) ) ;
#1243 = CARTESIAN_POINT ( 'NONE',  ( 9.856325337947215104, 0.8499999999999998668, 2.166666666666666519 ) ) ;
#1244 = ADVANCED_FACE ( 'NONE', ( #3928 ), #5578, .F. ) ;
#1245 = CALENDAR_DATE ( 2026, 22, 6 ) ;
#1246 = ORIENTED_EDGE ( 'NONE', *, *, #1441, .T. ) ;
#1247 = LINE ( 'NONE', #5604, #1173 ) ;
#1248 = FACE_OUTER_BOUND ( 'NONE', #1864, .T. ) ;
#1249 = CARTESIAN_POINT ( 'NONE',  ( 13.65000000000000568, 0.9221491808411386160, 2.602878589651277164 ) ) ;
#1250 = DIRECTION ( 'NONE',  ( -1.084202172485504557E-16, -7.725613570630634312E-17, -1.000000000000000000 ) ) ;
#1251 = EDGE_CURVE ( 'NONE', #2308, #4214, #4348, .T. ) ;
#1252 = ORIENTED_EDGE ( 'NONE', *, *, #4507, .F. ) ;
#1253 = ORIENTED_EDGE ( 'NONE', *, *, #1974, .T. ) ;
#1254 = CARTESIAN_POINT ( 'NONE',  ( 14.14879796221370256, 1.055008873286801707, -2.310629289684423160 ) ) ;
#1255 = PLANE ( 'NONE',  #239 ) ;
#1256 = CARTESIAN_POINT ( 'NONE',  ( -12.24999999999999289, 1.927406647131493678, 8.849999999999997868 ) ) ;
#1257 = CARTESIAN_POINT ( 'NONE',  ( 54.14999999999999147, -2.314938844950380492, -5.649999999999997691 ) ) ;
#1258 = CARTESIAN_POINT ( 'NONE',  ( 8.816666666666657548, -0.8499999999999998668, -7.650000000000000355 ) ) ;
#1259 = EDGE_LOOP ( 'NONE', ( #5406, #2446, #4254, #176 ) ) ;
#1260 = CARTESIAN_POINT ( 'NONE',  ( 54.14999999999997726, 9.757819552369539906E-16, -5.650000000000005684 ) ) ;
#1261 = DIRECTION ( 'NONE',  ( -1.000000000000000000, -0.000000000000000000, -0.000000000000000000 ) ) ;
#1262 = FACE_OUTER_BOUND ( 'NONE', #5223, .T. ) ;
#1263 = VECTOR ( 'NONE', #2463, 1000.000000000000000 ) ;
#1264 = CARTESIAN_POINT ( 'NONE',  ( 64.34999999999999432, -2.265764042632205655, -14.30000000000000071 ) ) ;
#1265 = DIRECTION ( 'NONE',  ( 0.000000000000000000, 0.000000000000000000, -1.000000000000000000 ) ) ;
#1266 = DIRECTION ( 'NONE',  ( -1.535153518563545837E-16, -0.000000000000000000, -1.000000000000000000 ) ) ;
#1267 = CARTESIAN_POINT ( 'NONE',  ( 14.14999999999999503, 4.430308111460344200, -8.876007331713941184 ) ) ;
#1268 = AXIS2_PLACEMENT_3D ( 'NONE', #3416, #733, #4289 ) ;
#1269 = CARTESIAN_POINT ( 'NONE',  ( 64.35000000000003695, 4.546899923333069360, -14.06815535663789696 ) ) ;
#1270 = EDGE_LOOP ( 'NONE', ( #1246, #1391 ) ) ;
#1271 = CIRCLE ( 'NONE', #706, 0.5000000000000000000 ) ;
#1272 = EDGE_CURVE ( 'NONE', #5557, #1074, #2838, .T. ) ;
#1273 = DIRECTION ( 'NONE',  ( 0.000000000000000000, -1.000000000000000000, 2.065146995210485188E-16 ) ) ;
#1274 = CARTESIAN_POINT ( 'NONE',  ( -14.14999999999999503, -3.370117107218460806, -11.41418160436249174 ) ) ;
#1275 = EDGE_LOOP ( 'NONE', ( #3100, #975, #3426, #3380, #4373 ) ) ;
#1276 = EDGE_CURVE ( 'NONE', #2718, #2462, #3439, .T. ) ;
#1277 = LINE ( 'NONE', #1747, #4457 ) ;
#1278 = AXIS2_PLACEMENT_3D ( 'NONE', #1884, #203, #4114 ) ;
#1279 = AXIS2_PLACEMENT_3D ( 'NONE', #5330, #2184, #1826 ) ;
#1280 = LINE ( 'NONE', #3584, #3159 ) ;
#1281 = ORIENTED_EDGE ( 'NONE', *, *, #2606, .F. ) ;
#1282 = EDGE_CURVE ( 'NONE', #118, #1727, #1690, .T. ) ;
#1283 = ORIENTED_EDGE ( 'NONE', *, *, #2563, .F. ) ;
#1284 = CIRCLE ( 'NONE', #4540, 1.000000000000000000 ) ;
#1285 = ADVANCED_FACE ( 'NONE', ( #305, #3466, #1248 ), #5185, .F. ) ;
#1286 = CARTESIAN_POINT ( 'NONE',  ( -65.34999999999999432, -6.399999999999999467, -13.29999999999999716 ) ) ;
#1287 = CARTESIAN_POINT ( 'NONE',  ( -54.15000000000000568, 4.345806406413833756, -13.43291034902260428 ) ) ;
#1288 = LINE ( 'NONE', #3998, #1008 ) ;
#1289 = VECTOR ( 'NONE', #4024, 1000.000000000000000 ) ;
#1290 = VERTEX_POINT ( 'NONE', #833 ) ;
#1291 = AXIS2_PLACEMENT_3D ( 'NONE', #5760, #4927, #472 ) ;
#1292 = CARTESIAN_POINT ( 'NONE',  ( 64.34999999999999432, 4.546899923333081794, -5.231844643362122405 ) ) ;
#1293 = CARTESIAN_POINT ( 'NONE',  ( 7.566666666666660213, -0.8499999999999998668, -7.650000000000000355 ) ) ;
#1294 = ORIENTED_EDGE ( 'NONE', *, *, #4277, .T. ) ;
#1295 = ORIENTED_EDGE ( 'NONE', *, *, #4184, .T. ) ;
#1296 = CARTESIAN_POINT ( 'NONE',  ( 64.35000000000007958, -6.100679342678987815, -13.04783251654283660 ) ) ;
#1297 = VECTOR ( 'NONE', #1632, 1000.000000000000000 ) ;
#1298 = CYLINDRICAL_SURFACE ( 'NONE', #3052, 1.850000000000000977 ) ;
#1299 = LINE ( 'NONE', #5404, #4645 ) ;
#1300 = EDGE_CURVE ( 'NONE', #2452, #573, #4757, .T. ) ;
#1301 = ORIENTED_EDGE ( 'NONE', *, *, #5726, .F. ) ;
#1302 = DIRECTION ( 'NONE',  ( 0.000000000000000000, 0.000000000000000000, 1.000000000000000000 ) ) ;
#1303 = CARTESIAN_POINT ( 'NONE',  ( -14.14999999999999680, -4.331489314367783727, -8.661475549795284223 ) ) ;
#1304 = CYLINDRICAL_SURFACE ( 'NONE', #1001, 1.499999999999999556 ) ;
#1305 = CARTESIAN_POINT ( 'NONE',  ( 14.15000000000000568, 1.761513354193116720, 2.399761561796798226 ) ) ;
#1306 = VERTEX_POINT ( 'NONE', #3023 ) ;
#1307 = CARTESIAN_POINT ( 'NONE',  ( -65.34999999999999432, 7.399999999999999467, -6.000000000000001776 ) ) ;
#1308 = DIRECTION ( 'NONE',  ( 0.000000000000000000, -0.000000000000000000, 1.000000000000000000 ) ) ;
#1309 = ORIENTED_EDGE ( 'NONE', *, *, #2061, .T. ) ;
#1310 = CARTESIAN_POINT ( 'NONE',  ( -2.749999999999993783, 5.050000000000000711, 2.850000000000000089 ) ) ;
#1311 = DIRECTION ( 'NONE',  ( -1.000000000000000000, -0.000000000000000000, -0.000000000000000000 ) ) ;
#1312 = VERTEX_POINT ( 'NONE', #2558 ) ;
#1313 = ORIENTED_EDGE ( 'NONE', *, *, #4100, .T. ) ;
#1314 = ORIENTED_EDGE ( 'NONE', *, *, #4854, .T. ) ;
#1315 = FACE_OUTER_BOUND ( 'NONE', #1781, .T. ) ;
#1316 = CARTESIAN_POINT ( 'NONE',  ( 14.14999999999999680, 1.283916005679826000, 1.521182724871462666 ) ) ;
#1317 = CARTESIAN_POINT ( 'NONE',  ( -14.04999999999999716, 6.200000000000000178, 0.8500000000000000888 ) ) ;
#1318 = ORIENTED_EDGE ( 'NONE', *, *, #1115, .T. ) ;
#1319 = ADVANCED_FACE ( 'NONE', ( #5154 ), #4813, .F. ) ;
#1320 = EDGE_LOOP ( 'NONE', ( #5503, #3358 ) ) ;
#1321 = CARTESIAN_POINT ( 'NONE',  ( 5.250000000000007105, 5.050000000000000711, 10.84999999999999964 ) ) ;
#1322 = ORIENTED_EDGE ( 'NONE', *, *, #299, .F. ) ;
#1323 = FACE_OUTER_BOUND ( 'NONE', #5028, .T. ) ;
#1324 = DIRECTION ( 'NONE',  ( -1.000000000000000000, 0.000000000000000000, 0.000000000000000000 ) ) ;
#1325 = CARTESIAN_POINT ( 'NONE',  ( 77.44999999999998863, 2.800000000000001599, -11.34999999999999964 ) ) ;
#1326 = DIRECTION ( 'NONE',  ( -1.971276677246372012E-16, 0.000000000000000000, 1.000000000000000000 ) ) ;
#1327 = CARTESIAN_POINT ( 'NONE',  ( -14.14999999999999503, -3.514575435592331765, -7.941019871310378342 ) ) ;
#1328 = DIRECTION ( 'NONE',  ( 0.000000000000000000, -1.000000000000000000, 2.065146995210485188E-16 ) ) ;
#1329 = CARTESIAN_POINT ( 'NONE',  ( -65.34999999999999432, 7.399999999999999467, -13.29999999999999893 ) ) ;
#1330 = ADVANCED_FACE ( 'NONE', ( #2099 ), #3867, .F. ) ;
#1331 = EDGE_CURVE ( 'NONE', #438, #4448, #1660, .T. ) ;
#1332 = EDGE_CURVE ( 'NONE', #5280, #13, #2122, .T. ) ;
#1333 = CARTESIAN_POINT ( 'NONE',  ( 64.34999999999999432, 2.750000000052720495, -14.30000000000000071 ) ) ;
#1334 = ORIENTED_EDGE ( 'NONE', *, *, #1732, .T. ) ;
#1335 = LINE ( 'NONE', #5272, #3130 ) ;
#1336 = LINE ( 'NONE', #5360, #3140 ) ;
#1337 = CARTESIAN_POINT ( 'NONE',  ( 14.15000000000000568, 1.921385151945981029, -2.166721439907601798 ) ) ;
#1338 = DIRECTION ( 'NONE',  ( 0.000000000000000000, 0.000000000000000000, -1.000000000000000000 ) ) ;
#1339 = ORIENTED_EDGE ( 'NONE', *, *, #1507, .T. ) ;
#1340 = DIRECTION ( 'NONE',  ( -1.000000000000000000, -0.000000000000000000, -0.000000000000000000 ) ) ;
#1341 = CARTESIAN_POINT ( 'NONE',  ( 12.60105422299121436, 0.8499999999999998668, 3.000000000000000000 ) ) ;
#1342 = CARTESIAN_POINT ( 'NONE',  ( -64.34999999999999432, 7.152246326680227639, -7.804090313690918990 ) ) ;
#1343 = EDGE_CURVE ( 'NONE', #4975, #4027, #5098, .T. ) ;
#1344 = EDGE_CURVE ( 'NONE', #5136, #3331, #3318, .T. ) ;
#1345 = FACE_OUTER_BOUND ( 'NONE', #1201, .T. ) ;
#1346 = ORIENTED_EDGE ( 'NONE', *, *, #4376, .T. ) ;
#1347 = EDGE_LOOP ( 'NONE', ( #4064, #4015 ) ) ;
#1348 = ORIENTED_EDGE ( 'NONE', *, *, #4222, .F. ) ;
#1349 = EDGE_CURVE ( 'NONE', #3068, #5172, #1271, .T. ) ;
#1350 = DIRECTION ( 'NONE',  ( 0.000000000000000000, 0.000000000000000000, -1.000000000000000000 ) ) ;
#1351 = ORIENTED_EDGE ( 'NONE', *, *, #4654, .T. ) ;
#1352 = CARTESIAN_POINT ( 'NONE',  ( 65.34999999999999432, -6.400000000000000355, -13.29999999999999716 ) ) ;
#1353 = LINE ( 'NONE', #3597, #1003 ) ;
#1354 = EDGE_CURVE ( 'NONE', #4459, #2535, #424, .T. ) ;
#1355 = FACE_OUTER_BOUND ( 'NONE', #2366, .T. ) ;
#1356 = DIRECTION ( 'NONE',  ( -0.8278207104214979628, -0.2290052299618606513, -0.5121225205430449678 ) ) ;
#1357 = CARTESIAN_POINT ( 'NONE',  ( -69.44999999999998863, -6.299999999999998934, -10.79999999999999893 ) ) ;
#1358 = CARTESIAN_POINT ( 'NONE',  ( 69.44999999999998863, 2.800000000000001599, -9.649999999999998579 ) ) ;
#1359 = ORIENTED_EDGE ( 'NONE', *, *, #1619, .T. ) ;
#1360 = ORIENTED_EDGE ( 'NONE', *, *, #3276, .F. ) ;
#1361 = ORIENTED_EDGE ( 'NONE', *, *, #3600, .F. ) ;
#1362 = CARTESIAN_POINT ( 'NONE',  ( -14.14999999999999503, -0.8499999999999999778, 12.94999999999999929 ) ) ;
#1363 = AXIS2_PLACEMENT_3D ( 'NONE', #2128, #3901, #1689 ) ;
#1365 = EDGE_CURVE ( 'NONE', #1727, #3642, #4426, .T. ) ;
#1364 = CARTESIAN_POINT ( 'NONE',  ( 65.34999999999999432, 0.000000000000000000, 0.000000000000000000 ) ) ;
#1366 = LINE ( 'NONE', #5731, #1661 ) ;
#1367 = ADVANCED_FACE ( 'NONE', ( #4877 ), #5308, .T. ) ;
#1368 = CARTESIAN_POINT ( 'NONE',  ( -77.54999999999998295, 6.200000000000000178, -12.40000000000000213 ) ) ;
#1369 = AXIS2_PLACEMENT_3D ( 'NONE', #3947, #5378, #3573 ) ;
#1370 = EDGE_LOOP ( 'NONE', ( #2970, #2935, #3521, #1294 ) ) ;
#1371 = CARTESIAN_POINT ( 'NONE',  ( 14.14999999999999503, -2.749999646045677260, -7.800290809761480482 ) ) ;
#1372 = VECTOR ( 'NONE', #3161, 1000.000000000000000 ) ;
#1373 = CARTESIAN_POINT ( 'NONE',  ( 7.250000000000007105, 5.050000000000000711, 10.84999999999999964 ) ) ;
#1374 = VECTOR ( 'NONE', #5219, 1000.000000000000000 ) ;
#1375 = CARTESIAN_POINT ( 'NONE',  ( 13.15000000000000568, 0.8499999999999998668, 2.833333333333333037 ) ) ;
#1376 = FACE_OUTER_BOUND ( 'NONE', #4965, .T. ) ;
#1377 = VECTOR ( 'NONE', #864, 1000.000000000000000 ) ;
#1378 = VERTEX_POINT ( 'NONE', #4936 ) ;
#1379 = AXIS2_PLACEMENT_3D ( 'NONE', #21, #5354, #3081 ) ;
#1380 = ORIENTED_EDGE ( 'NONE', *, *, #3391, .F. ) ;
#1381 = DESIGN_CONTEXT ( 'detailed design', #659, 'design' ) ;
#1382 = DIRECTION ( 'NONE',  ( 0.000000000000000000, 0.000000000000000000, 1.000000000000000000 ) ) ;
#1383 = EDGE_CURVE ( 'NONE', #991, #5009, #798, .T. ) ;
#1384 = ORIENTED_EDGE ( 'NONE', *, *, #2526, .T. ) ;
#1385 = DIRECTION ( 'NONE',  ( -0.000000000000000000, -0.000000000000000000, -1.000000000000000000 ) ) ;
#1386 = VECTOR ( 'NONE', #4115, 1000.000000000000000 ) ;
#1387 = ORIENTED_EDGE ( 'NONE', *, *, #4732, .T. ) ;
#1388 = AXIS2_PLACEMENT_3D ( 'NONE', #5560, #1164, #4694 ) ;
#1389 = CARTESIAN_POINT ( 'NONE',  ( -69.44999999999998863, 7.000000000000000000, -5.800000000000000711 ) ) ;
#1390 = CC_DESIGN_PERSON_AND_ORGANIZATION_ASSIGNMENT ( #2377, #2289, ( #3906 ) ) ;
#1391 = ORIENTED_EDGE ( 'NONE', *, *, #3276, .T. ) ;
#1392 = VECTOR ( 'NONE', #1966, 1000.000000000000000 ) ;
#1393 = VECTOR ( 'NONE', #1324, 1000.000000000000000 ) ;
#1394 = LINE ( 'NONE', #1797, #1835 ) ;
#1395 = CARTESIAN_POINT ( 'NONE',  ( 14.14999999999999503, 3.370117107218460806, -11.41418160436249174 ) ) ;
#1396 = CARTESIAN_POINT ( 'NONE',  ( -14.14999999999999503, 2.750000000000000000, -9.650000000000000355 ) ) ;
#1397 = FACE_OUTER_BOUND ( 'NONE', #342, .T. ) ;
#1398 = AXIS2_PLACEMENT_3D ( 'NONE', #2491, #2924, #2550 ) ;
#1399 = EDGE_CURVE ( 'NONE', #2932, #118, #888, .T. ) ;
#1400 = APPROVAL_STATUS ( 'not_yet_approved' ) ;
#1401 = VERTEX_POINT ( 'NONE', #3556 ) ;
#1402 = DIRECTION ( 'NONE',  ( -1.000000000000000000, -0.000000000000000000, -0.000000000000000000 ) ) ;
#1403 = DIRECTION ( 'NONE',  ( 0.000000000000000000, 0.000000000000000000, 1.000000000000000000 ) ) ;
#1404 = CARTESIAN_POINT ( 'NONE',  ( -70.54999999999996874, 2.800000000000001599, -9.649999999999998579 ) ) ;
#1405 = VERTEX_POINT ( 'NONE', #4041 ) ;
#1406 = DIRECTION ( 'NONE',  ( 0.000000000000000000, 0.000000000000000000, 1.000000000000000000 ) ) ;
#1407 = CARTESIAN_POINT ( 'NONE',  ( 64.35000000000000853, 6.100679342678992256, -6.252167483457191643 ) ) ;
#1408 = DIRECTION ( 'NONE',  ( 1.000000000000000000, 0.000000000000000000, -0.000000000000000000 ) ) ;
#1409 = CARTESIAN_POINT ( 'NONE',  ( 77.44999999999998863, -2.899999999999999467, -11.34999999999999964 ) ) ;
#1410 = CARTESIAN_POINT ( 'NONE',  ( -7.566666666666660213, 0.8499999999999998668, -7.650000000000000355 ) ) ;
#1411 = ADVANCED_FACE ( 'NONE', ( #2653 ), #2217, .T. ) ;
#1412 = VERTEX_POINT ( 'NONE', #2246 ) ;
#1413 = ORIENTED_EDGE ( 'NONE', *, *, #3336, .F. ) ;
#1414 = VERTEX_POINT ( 'NONE', #4071 ) ;
#1415 = CARTESIAN_POINT ( 'NONE',  ( -14.04999999999999538, 8.050000000000000711, 12.84999999999999964 ) ) ;
#1416 = CARTESIAN_POINT ( 'NONE',  ( -64.34999999999988063, -7.152246326680224087, -11.49590968630907106 ) ) ;
#1417 = CARTESIAN_POINT ( 'NONE',  ( 78.44999999999997442, -6.299999999999998934, -10.79999999999999893 ) ) ;
#1418 = EDGE_LOOP ( 'NONE', ( #2982, #333, #1030, #326 ) ) ;
#1419 = PLANE ( 'NONE',  #4816 ) ;
#1420 = CARTESIAN_POINT ( 'NONE',  ( 8.816666666666664653, 0.8499999999999998668, -11.65000000000000036 ) ) ;
#1421 = DIRECTION ( 'NONE',  ( 0.000000000000000000, 0.000000000000000000, 1.000000000000000000 ) ) ;
#1422 = ORIENTED_EDGE ( 'NONE', *, *, #3241, .T. ) ;
#1423 = ORIENTED_EDGE ( 'NONE', *, *, #2538, .T. ) ;
#1424 = CARTESIAN_POINT ( 'NONE',  ( 14.14999999999999503, 2.750000472036969068, -11.49970919014276660 ) ) ;
#1425 = CARTESIAN_POINT ( 'NONE',  ( -0.7499999999999928946, 0.8500000000000000888, 10.84999999999999964 ) ) ;
#1426 = EDGE_CURVE ( 'NONE', #3655, #3331, #3987, .T. ) ;
#1427 = LINE ( 'NONE', #4568, #2488 ) ;
#1428 = LINE ( 'NONE', #4886, #88 ) ;
#1429 = ORIENTED_EDGE ( 'NONE', *, *, #4410, .T. ) ;
#1430 = CYLINDRICAL_SURFACE ( 'NONE', #603, 1.700000000000000178 ) ;
#1431 = CARTESIAN_POINT ( 'NONE',  ( 64.34999999999999432, 1.339215079511145934, -5.000000000000000888 ) ) ;
#1432 = DIRECTION ( 'NONE',  ( 0.000000000000000000, -1.000000000000000000, 1.652117596168389531E-15 ) ) ;
#1433 = LINE ( 'NONE', #2852, #1758 ) ;
#1434 = ADVANCED_FACE ( 'NONE', ( #84, #5767, #1777 ), #3200, .F. ) ;
#1435 = VERTEX_POINT ( 'NONE', #3142 ) ;
#1436 = ORIENTED_EDGE ( 'NONE', *, *, #5410, .T. ) ;
#1437 = ORIENTED_EDGE ( 'NONE', *, *, #3823, .T. ) ;
#1438 = ORIENTED_EDGE ( 'NONE', *, *, #71, .F. ) ;
#1439 = ORIENTED_EDGE ( 'NONE', *, *, #5253, .T. ) ;
#1440 = DIRECTION ( 'NONE',  ( 0.000000000000000000, 0.000000000000000000, 1.000000000000000000 ) ) ;
#1441 = EDGE_CURVE ( 'NONE', #857, #438, #5006, .T. ) ;
#1442 = CARTESIAN_POINT ( 'NONE',  ( 5.250000000000007105, 5.050000000000000711, 10.84999999999999964 ) ) ;
#1443 = PLANE ( 'NONE',  #5204 ) ;
#1444 = CARTESIAN_POINT ( 'NONE',  ( -7.449999999999994849, 1.927406647131493678, 6.549999999999998046 ) ) ;
#1445 = CARTESIAN_POINT ( 'NONE',  ( 54.15000000000007674, -1.084202172485504434E-16, -13.65000000000001990 ) ) ;
#1446 = DIRECTION ( 'NONE',  ( -1.084202172485504434E-16, 0.000000000000000000, -1.000000000000000000 ) ) ;
#1447 = PERSON_AND_ORGANIZATION_ROLE ( 'creator' ) ;
#1448 = ORIENTED_EDGE ( 'NONE', *, *, #2074, .F. ) ;
#1449 = ORIENTED_EDGE ( 'NONE', *, *, #2074, .T. ) ;
#1450 = CARTESIAN_POINT ( 'NONE',  ( 7.149999999999995914, -0.8499999999999999778, -11.65000000000000036 ) ) ;
#1451 = ORIENTED_EDGE ( 'NONE', *, *, #1343, .T. ) ;
#1452 = CARTESIAN_POINT ( 'NONE',  ( -14.14999999999999503, 1.985424564407667791, -11.35898012868962859 ) ) ;
#1453 = LINE ( 'NONE', #1042, #4355 ) ;
#1454 = EDGE_CURVE ( 'NONE', #4745, #4820, #1336, .T. ) ;
#1455 = DIRECTION ( 'NONE',  ( 0.000000000000000000, 0.000000000000000000, -1.000000000000000000 ) ) ;
#1456 = ORIENTED_EDGE ( 'NONE', *, *, #1906, .T. ) ;
#1457 = CIRCLE ( 'NONE', #4708, 0.5000000000000000000 ) ;
#1458 = CARTESIAN_POINT ( 'NONE',  ( -7.149999999999995026, 0.8499999999999998668, -8.316666666666669983 ) ) ;
#1459 = FACE_OUTER_BOUND ( 'NONE', #4521, .T. ) ;
#1460 = ORIENTED_EDGE ( 'NONE', *, *, #5068, .T. ) ;
#1461 = LINE ( 'NONE', #1988, #3046 ) ;
#1462 = VECTOR ( 'NONE', #522, 1000.000000000000000 ) ;
#1463 = LINE ( 'NONE', #597, #4546 ) ;
#1464 = EDGE_CURVE ( 'NONE', #1312, #2509, #979, .T. ) ;
#1465 = ORIENTED_EDGE ( 'NONE', *, *, #1795, .F. ) ;
#1466 = ORIENTED_EDGE ( 'NONE', *, *, #2253, .F. ) ;
#1467 = AXIS2_PLACEMENT_3D ( 'NONE', #49, #1869, #5414 ) ;
#1468 = ADVANCED_FACE ( 'NONE', ( #2190, #2685 ), #5390, .T. ) ;
#1469 = DIRECTION ( 'NONE',  ( -0.000000000000000000, -1.000000000000000000, -0.000000000000000000 ) ) ;
#1470 = CARTESIAN_POINT ( 'NONE',  ( -2.749999999999992895, 0.8499999999999999778, 10.84999999999999964 ) ) ;
#1471 = DIRECTION ( 'NONE',  ( 0.000000000000000000, 0.000000000000000000, -1.000000000000000000 ) ) ;
#1472 = AXIS2_PLACEMENT_3D ( 'NONE', #2399, #4136, #639 ) ;
#1473 = VECTOR ( 'NONE', #1266, 1000.000000000000000 ) ;
#1474 = EDGE_CURVE ( 'NONE', #5136, #256, #3174, .T. ) ;
#1475 = EDGE_CURVE ( 'NONE', #5010, #777, #3307, .T. ) ;
#1476 = CARTESIAN_POINT ( 'NONE',  ( 14.14999999999999503, 4.571614978577096089, -9.260875572855569615 ) ) ;
#1477 = ADVANCED_FACE ( 'NONE', ( #1920 ), #112, .T. ) ;
#1478 = CIRCLE ( 'NONE', #2773, 1.499999999999999556 ) ;
#1479 = CARTESIAN_POINT ( 'NONE',  ( 64.35000000000007958, -6.100679342678987815, -13.04783251654283660 ) ) ;
#1480 = DIRECTION ( 'NONE',  ( 1.000000000000000000, 0.000000000000000000, 0.000000000000000000 ) ) ;
#1481 = VERTEX_POINT ( 'NONE', #1980 ) ;
#1482 = CIRCLE ( 'NONE', #2495, 0.5000000000000000000 ) ;
#1483 = ORIENTED_EDGE ( 'NONE', *, *, #2087, .T. ) ;
#1484 = CARTESIAN_POINT ( 'NONE',  ( 7.149999999999995914, -0.8499999999999998668, -11.31666666666666998 ) ) ;
#1485 = DIRECTION ( 'NONE',  ( 0.000000000000000000, 1.000000000000000000, 0.000000000000000000 ) ) ;
#1486 = VECTOR ( 'NONE', #4389, 1000.000000000000000 ) ;
#1487 = CARTESIAN_POINT ( 'NONE',  ( 78.44999999999997442, -6.999999999999999112, -7.300000000000008704 ) ) ;
#1488 = FACE_OUTER_BOUND ( 'NONE', #3171, .T. ) ;
#1489 = EDGE_LOOP ( 'NONE', ( #4052, #1949, #1301, #2188, #4192 ) ) ;
#1490 = CARTESIAN_POINT ( 'NONE',  ( -14.14999999999999503, 4.513226927654094389, -9.056020870797693689 ) ) ;
#1491 = DIRECTION ( 'NONE',  ( 0.000000000000000000, 2.775557561562893816E-16, 1.000000000000000000 ) ) ;
#1492 = CARTESIAN_POINT ( 'NONE',  ( -54.14999999999987068, -6.546618184993093337, -8.096177570319508021 ) ) ;
#1493 = DIRECTION ( 'NONE',  ( 0.000000000000000000, -0.8602915336341738772, 0.5098023903017334657 ) ) ;
#1494 = ORIENTED_EDGE ( 'NONE', *, *, #4277, .F. ) ;
#1495 = ORIENTED_EDGE ( 'NONE', *, *, #4888, .T. ) ;
#1496 = ORIENTED_EDGE ( 'NONE', *, *, #710, .F. ) ;
#1497 = CARTESIAN_POINT ( 'NONE',  ( 14.15000000000000568, 1.405758211750803843, -2.504723728036210684 ) ) ;
#1498 = EDGE_CURVE ( 'NONE', #302, #199, #1090, .T. ) ;
#1499 = DIRECTION ( 'NONE',  ( 1.000000000000000000, 0.000000000000000000, 0.000000000000000000 ) ) ;
#1500 = ORIENTED_EDGE ( 'NONE', *, *, #1974, .F. ) ;
#1501 = CARTESIAN_POINT ( 'NONE',  ( -7.449999999999994849, 7.249999999999999112, 0.8500000000000000888 ) ) ;
#1502 = EDGE_CURVE ( 'NONE', #106, #1635, #2859, .T. ) ;
#1503 = ORIENTED_EDGE ( 'NONE', *, *, #4042, .T. ) ;
#1504 = LINE ( 'NONE', #1941, #5092 ) ;
#1505 = CARTESIAN_POINT ( 'NONE',  ( 64.34999999999999432, -2.749999997868448620, -5.000000000000000888 ) ) ;
#1506 = DIRECTION ( 'NONE',  ( 0.000000000000000000, 1.000000000000000000, -0.000000000000000000 ) ) ;
#1507 = EDGE_CURVE ( 'NONE', #3353, #5296, #534, .T. ) ;
#1508 = CARTESIAN_POINT ( 'NONE',  ( 14.14999999999999503, -4.430308111460344200, -8.876007331713941184 ) ) ;
#1509 = DIRECTION ( 'NONE',  ( 1.000000000000000000, 0.000000000000000000, 0.000000000000000000 ) ) ;
#1510 = LINE ( 'NONE', #2926, #445 ) ;
#1511 = DIRECTION ( 'NONE',  ( 0.000000000000000000, 0.000000000000000000, -1.000000000000000000 ) ) ;
#1512 = CARTESIAN_POINT ( 'NONE',  ( 16.15000000000000568, 1.449999999999999956, 1.500000000000000000 ) ) ;
#1513 = ORIENTED_EDGE ( 'NONE', *, *, #3537, .T. ) ;
#1514 = LINE ( 'NONE', #4545, #142 ) ;
#1515 = DIRECTION ( 'NONE',  ( 0.000000000000000000, -1.000000000000000000, 2.775557561562893816E-16 ) ) ;
#1516 = FACE_OUTER_BOUND ( 'NONE', #4228, .T. ) ;
#1517 = PLANE ( 'NONE',  #2227 ) ;
#1518 = VERTEX_POINT ( 'NONE', #2326 ) ;
#1519 = ORIENTED_EDGE ( 'NONE', *, *, #1711, .T. ) ;
#1520 = EDGE_LOOP ( 'NONE', ( #807, #983, #17, #5056, #2077 ) ) ;
#1521 = CARTESIAN_POINT ( 'NONE',  ( 14.15000000000000746, 1.859038523383280017, -2.298983049450440408 ) ) ;
#1522 = FACE_OUTER_BOUND ( 'NONE', #5719, .T. ) ;
#1523 = LINE ( 'NONE', #4586, #2698 ) ;
#1524 = EDGE_CURVE ( 'NONE', #5082, #1019, #3880, .T. ) ;
#1525 = CARTESIAN_POINT ( 'NONE',  ( -12.14999999999998437, 0.8499999999999989786, -11.65000000000000568 ) ) ;
#1526 = CARTESIAN_POINT ( 'NONE',  ( 64.34999999999999432, -7.524168565514620433, -9.649999999999977263 ) ) ;
#1527 = EDGE_CURVE ( 'NONE', #218, #4932, #5070, .T. ) ;
#1528 = CARTESIAN_POINT ( 'NONE',  ( -12.24999999999999112, 1.927406647131493678, 6.549999999999998934 ) ) ;
#1529 = EDGE_CURVE ( 'NONE', #2232, #1969, #1565, .T. ) ;
#1530 = FACE_OUTER_BOUND ( 'NONE', #571, .T. ) ;
#1531 = FACE_OUTER_BOUND ( 'NONE', #3066, .T. ) ;
#1532 = FACE_OUTER_BOUND ( 'NONE', #1320, .T. ) ;
#1533 = CARTESIAN_POINT ( 'NONE',  ( 14.14999999999999325, 2.629958403387355759, -7.800484210808401819 ) ) ;
#1534 = CARTESIAN_POINT ( 'NONE',  ( -7.149999999999995914, -0.8499999999999998668, -11.31666666666666998 ) ) ;
#1535 = ORIENTED_EDGE ( 'NONE', *, *, #3724, .T. ) ;
#1536 = CARTESIAN_POINT ( 'NONE',  ( -8.649999999999995026, 7.249999999999999112, 6.549999999999998046 ) ) ;
#1537 = LINE ( 'NONE', #2360, #3693 ) ;
#1538 = ADVANCED_FACE ( 'NONE', ( #5467 ), #4101, .T. ) ;
#1539 = DIRECTION ( 'NONE',  ( -1.000000000000000000, -0.000000000000000000, -0.000000000000000000 ) ) ;
#1540 = DIRECTION ( 'NONE',  ( 0.8488488376682019609, 0.09324260211600929327, 0.5203474492490359760 ) ) ;
#1541 = VECTOR ( 'NONE', #564, 1000.000000000000000 ) ;
#1542 = ORIENTED_EDGE ( 'NONE', *, *, #810, .T. ) ;
#1543 = ORIENTED_EDGE ( 'NONE', *, *, #810, .F. ) ;
#1544 = EDGE_LOOP ( 'NONE', ( #4105, #633, #2671, #3370, #1044 ) ) ;
#1545 = DIRECTION ( 'NONE',  ( 0.9516241714024835652, 0.2425421715688209634, 0.1886391566277191290 ) ) ;
#1546 = EDGE_CURVE ( 'NONE', #2718, #1037, #613, .T. ) ;
#1547 = VECTOR ( 'NONE', #3796, 1000.000000000000000 ) ;
#1548 = CARTESIAN_POINT ( 'NONE',  ( 78.44999999999997442, -5.500000000000000000, -13.49999999999999822 ) ) ;
#1549 = CARTESIAN_POINT ( 'NONE',  ( 7.149999999999995026, -0.8499999999999999778, -7.650000000000000355 ) ) ;
#1550 = VERTEX_POINT ( 'NONE', #1040 ) ;
#1551 = EDGE_LOOP ( 'NONE', ( #3736, #2692, #4463, #1052, #5464 ) ) ;
#1552 = VECTOR ( 'NONE', #1509, 1000.000000000000000 ) ;
#1553 = EDGE_CURVE ( 'NONE', #532, #4995, #4203, .T. ) ;
#1554 = B_SPLINE_CURVE_WITH_KNOTS ( 'NONE', 3,
 ( #5128, #4298, #1190, #2964, #4752, #1221, #2995 ),
 .UNSPECIFIED., .F., .F.,
 ( 4, 1, 1, 1, 4 ),
 ( 0.000000000000000000, 0.2499999999082940239, 0.4999999998165880477, 0.7499999997248820716, 1.000000000000000000 ),
 .UNSPECIFIED. ) ;
#1555 = DIRECTION ( 'NONE',  ( 0.000000000000000000, 0.000000000000000000, 1.000000000000000000 ) ) ;
#1556 = CARTESIAN_POINT ( 'NONE',  ( 64.34999999999999432, -6.100679342678983375, -6.252167483457179209 ) ) ;
#1557 = FACE_OUTER_BOUND ( 'NONE', #4692, .T. ) ;
#1558 = CIRCLE ( 'NONE', #3512, 1.850000000000000977 ) ;
#1559 = EDGE_CURVE ( 'NONE', #860, #905, #2841, .T. ) ;
#1560 = VECTOR ( 'NONE', #3949, 1000.000000000000000 ) ;
#1561 = B_SPLINE_SURFACE_WITH_KNOTS ( 'NONE', 3, 1, ( 
 ( #1028, #2807 ),
 ( #1971, #3216 ),
 ( #1521, #1076 ),
 ( #3658, #995 ),
 ( #2311, #4583 ),
 ( #3738, #5060 ),
 ( #1497, #575 ),
 ( #2831, #2339 ),
 ( #2369, #1910 ),
 ( #4641, #2398 ) ),
 .UNSPECIFIED., .F., .F., .F.,
 ( 4, 2, 2, 2, 4 ),
 ( 2, 2 ),
 ( 0.000000000000000000, 0.2500000000000000000, 0.5000000000000000000, 0.7500000000000000000, 1.000000000000000000 ),
 ( 0.000000000000000000, 1.000000000000000000 ),
 .UNSPECIFIED. ) ;
#1562 = CIRCLE ( 'NONE', #4834, 1.700000000000000178 ) ;
#1563 = AXIS2_PLACEMENT_3D ( 'NONE', #2725, #4500, #2282 ) ;
#1564 = CARTESIAN_POINT ( 'NONE',  ( -12.14999999999999503, 0.8499999999999998668, -10.31666666666666110 ) ) ;
#1565 = LINE ( 'NONE', #3339, #3783 ) ;
#1566 = FACE_OUTER_BOUND ( 'NONE', #34, .T. ) ;
#1567 = LINE ( 'NONE', #5095, #3150 ) ;
#1568 = EDGE_CURVE ( 'NONE', #1626, #3865, #2354, .T. ) ;
#1569 = VECTOR ( 'NONE', #2473, 1000.000000000000000 ) ;
#1570 = VECTOR ( 'NONE', #237, 1000.000000000000227 ) ;
#1571 = CARTESIAN_POINT ( 'NONE',  ( -7.149999999999995026, -0.8499999999999998668, -10.98333333333333606 ) ) ;
#1572 = ORIENTED_EDGE ( 'NONE', *, *, #2753, .F. ) ;
#1573 = DIRECTION ( 'NONE',  ( -1.971276677246372012E-16, -0.000000000000000000, -1.000000000000000000 ) ) ;
#1574 = VECTOR ( 'NONE', #3816, 1000.000000000000000 ) ;
#1575 = DIRECTION ( 'NONE',  ( 0.000000000000000000, 0.000000000000000000, -1.000000000000000000 ) ) ;
#1576 = CARTESIAN_POINT ( 'NONE',  ( 14.14999999999999325, 1.890096436089886867, -7.995051390258080204 ) ) ;
#1577 = CARTESIAN_POINT ( 'NONE',  ( -14.14999999999999503, -1.069691888539655356, -10.42399266828605953 ) ) ;
#1578 = ADVANCED_FACE ( 'NONE', ( #1531 ), #236, .F. ) ;
#1579 = ORIENTED_EDGE ( 'NONE', *, *, #1876, .F. ) ;
#1580 = ORIENTED_EDGE ( 'NONE', *, *, #3024, .T. ) ;
#1581 = EDGE_LOOP ( 'NONE', ( #1038, #3291, #5377, #569, #4183 ) ) ;
#1582 = DIRECTION ( 'NONE',  ( -1.000000000000000000, 0.000000000000000000, 0.000000000000000000 ) ) ;
#1583 = LINE ( 'NONE', #5138, #999 ) ;
#1584 = LINE ( 'NONE', #3301, #1665 ) ;
#1585 = EDGE_CURVE ( 'NONE', #2816, #4038, #271, .T. ) ;
#1586 = VERTEX_POINT ( 'NONE', #2551 ) ;
#1587 = CARTESIAN_POINT ( 'NONE',  ( 69.44999999999998863, -2.899999999999999467, -7.949999999999998401 ) ) ;
#1588 = CARTESIAN_POINT ( 'NONE',  ( -69.44999999999998863, -3.599999999999999645, -6.899999999999996803 ) ) ;
#1589 = CARTESIAN_POINT ( 'NONE',  ( -54.14999999999999858, 6.546618184993099554, -8.096177570319513350 ) ) ;
#1590 = CARTESIAN_POINT ( 'NONE',  ( 7.566666666666664653, -0.8499999999999998668, -11.65000000000000036 ) ) ;
#1591 = CARTESIAN_POINT ( 'NONE',  ( -8.649999999999995026, 4.750000000000000000, 10.50000000000000000 ) ) ;
#1592 = DIRECTION ( 'NONE',  ( 1.000000000000000000, 0.000000000000000000, 0.000000000000000000 ) ) ;
#1593 = CARTESIAN_POINT ( 'NONE',  ( -77.54999999999998295, 6.200000000000000178, -6.899999999999998579 ) ) ;
#1594 = CARTESIAN_POINT ( 'NONE',  ( 14.15000000000000568, 0.8499999999999999778, -12.94999999999999929 ) ) ;
#1595 = ORIENTED_EDGE ( 'NONE', *, *, #4928, .T. ) ;
#1596 = DIRECTION ( 'NONE',  ( 0.000000000000000000, -0.000000000000000000, 1.000000000000000000 ) ) ;
#1597 = ORIENTED_EDGE ( 'NONE', *, *, #303, .F. ) ;
#1598 = EDGE_CURVE ( 'NONE', #3770, #4713, #4806, .T. ) ;
#1599 = DIRECTION ( 'NONE',  ( 0.000000000000000000, 0.000000000000000000, 1.000000000000000000 ) ) ;
#1600 = DIRECTION ( 'NONE',  ( -1.000000000000000000, -0.000000000000000000, -0.000000000000000000 ) ) ;
#1601 = EDGE_CURVE ( 'NONE', #3599, #2509, #2065, .T. ) ;
#1602 = FACE_OUTER_BOUND ( 'NONE', #3470, .T. ) ;
#1603 = CARTESIAN_POINT ( 'NONE',  ( -8.649999999999996803, 7.249999999999999112, -2.350000000000000533 ) ) ;
#1604 = VERTEX_POINT ( 'NONE', #1622 ) ;
#1605 = VERTEX_POINT ( 'NONE', #2925 ) ;
#1606 = ORIENTED_EDGE ( 'NONE', *, *, #303, .T. ) ;
#1607 = DIRECTION ( 'NONE',  ( -1.000000000000000000, -0.000000000000000000, -0.000000000000000000 ) ) ;
#1608 = ADVANCED_FACE ( 'NONE', ( #2585 ), #1685, .F. ) ;
#1609 = B_SPLINE_SURFACE_WITH_KNOTS ( 'NONE', 3, 1, ( 
 ( #3938, #5617, #5258 ),
 ( #4409, #4381, #4828 ),
 ( #2175, #3008, #1641 ),
 ( #3881, #1726, #3449 ),
 ( #5746, #3501, #758 ),
 ( #2543, #5687, #289 ) ),
 .UNSPECIFIED., .F., .F., .F.,
 ( 4, 2, 4 ),
 ( 2, 1, 2 ),
 ( 0.000000000000000000, 0.5000000000000000000, 1.000000000000000000 ),
 ( -0.01000000000000000021, 0.000000000000000000, 1.000000000000000000 ),
 .UNSPECIFIED. ) ;
#1610 = CARTESIAN_POINT ( 'NONE',  ( -64.34999999999999432, 7.399999999999999467, -14.30000000000000071 ) ) ;
#1611 = ORIENTED_EDGE ( 'NONE', *, *, #3988, .F. ) ;
#1612 = DIRECTION ( 'NONE',  ( -0.000000000000000000, 1.000000000000000000, -1.172110456741086074E-16 ) ) ;
#1613 = CARTESIAN_POINT ( 'NONE',  ( 64.34999999999999432, -2.265764042632206099, -5.000000000000000888 ) ) ;
#1614 = ORIENTED_EDGE ( 'NONE', *, *, #1628, .F. ) ;
#1615 = EDGE_CURVE ( 'NONE', #3270, #4721, #1181, .T. ) ;
#1616 = CARTESIAN_POINT ( 'NONE',  ( -14.14999999999999503, -1.168510685632216495, -10.63852445020471649 ) ) ;
#1617 = CARTESIAN_POINT ( 'NONE',  ( -14.14999999999999503, -2.422368043628946754, -11.47825207934375413 ) ) ;
#1618 = CARTESIAN_POINT ( 'NONE',  ( -64.34999999999999432, 3.345732259861896818, -14.30000000000000249 ) ) ;
#1619 = EDGE_CURVE ( 'NONE', #5428, #2711, #2523, .T. ) ;
#1620 = CARTESIAN_POINT ( 'NONE',  ( 14.14999999999999503, -1.069691888539655356, -10.42399266828605953 ) ) ;
#1621 = FACE_OUTER_BOUND ( 'NONE', #3862, .T. ) ;
#1622 = CARTESIAN_POINT ( 'NONE',  ( 12.14999999999999325, 0.8499999999999990896, -7.650000000000000355 ) ) ;
#1623 = CARTESIAN_POINT ( 'NONE',  ( 9.856325337947215104, 0.8499999999999998668, 1.166666666666666963 ) ) ;
#1624 = DIRECTION ( 'NONE',  ( -0.000000000000000000, 1.000000000000000000, -0.000000000000000000 ) ) ;
#1625 = DIRECTION ( 'NONE',  ( -1.000000000000000000, 0.000000000000000000, 0.000000000000000000 ) ) ;
#1626 = VERTEX_POINT ( 'NONE', #2990 ) ;
#1627 = DIRECTION ( 'NONE',  ( 1.000000000000000000, 0.000000000000000000, 0.000000000000000000 ) ) ;
#1628 = EDGE_CURVE ( 'NONE', #2337, #4356, #5695, .T. ) ;
#1629 = CARTESIAN_POINT ( 'NONE',  ( -14.14999999999999503, -2.988617838876592714, -11.48820306444899408 ) ) ;
#1630 = CARTESIAN_POINT ( 'NONE',  ( 78.44999999999997442, 6.200000000000000178, -6.899999999999998579 ) ) ;
#1631 = EDGE_CURVE ( 'NONE', #4953, #4829, #1709, .T. ) ;
#1632 = DIRECTION ( 'NONE',  ( -0.000000000000000000, 1.000000000000000000, -4.731064025391292434E-16 ) ) ;
#1633 = ORIENTED_EDGE ( 'NONE', *, *, #5711, .F. ) ;
#1634 = EDGE_CURVE ( 'NONE', #1290, #256, #4632, .T. ) ;
#1635 = VERTEX_POINT ( 'NONE', #5627 ) ;
#1636 = CARTESIAN_POINT ( 'NONE',  ( -8.649999999999996803, 7.249999999999999112, -2.350000000000000533 ) ) ;
#1637 = DIRECTION ( 'NONE',  ( 0.000000000000000000, 0.000000000000000000, -1.000000000000000000 ) ) ;
#1638 = CARTESIAN_POINT ( 'NONE',  ( -54.15000000000026859, -6.546618184993117318, -8.096177570319497363 ) ) ;
#1639 = EDGE_CURVE ( 'NONE', #4076, #4582, #5268, .T. ) ;
#1640 = CARTESIAN_POINT ( 'NONE',  ( 77.44999999999998863, 2.800000000000001599, -9.649999999999998579 ) ) ;
#1641 = CARTESIAN_POINT ( 'NONE',  ( 13.15000000000000391, 0.8499999999999998668, -2.333333333333333925 ) ) ;
#1642 = ORIENTED_EDGE ( 'NONE', *, *, #2350, .F. ) ;
#1643 = DIRECTION ( 'NONE',  ( 0.000000000000000000, 0.000000000000000000, 1.000000000000000000 ) ) ;
#1644 = LINE ( 'NONE', #4678, #1655 ) ;
#1645 = CARTESIAN_POINT ( 'NONE',  ( -54.14999999999993463, -1.412677864186193899, -13.64999999999998614 ) ) ;
#1646 = AXIS2_PLACEMENT_3D ( 'NONE', #4450, #4955, #1302 ) ;
#1647 = CARTESIAN_POINT ( 'NONE',  ( -14.14999999999999503, 1.533103550412733052, -8.242540076835457086 ) ) ;
#1648 = VECTOR ( 'NONE', #1861, 1000.000000000000000 ) ;
#1649 = DIRECTION ( 'NONE',  ( 9.306807796734695098E-33, 1.000000000000000000, -1.428737873575191055E-48 ) ) ;
#1650 = AXIS2_PLACEMENT_3D ( 'NONE', #1152, #4362, #2093 ) ;
#1651 = CARTESIAN_POINT ( 'NONE',  ( -54.14999999999999858, -2.749999999999999556, -5.649999999999997691 ) ) ;
#1652 = CARTESIAN_POINT ( 'NONE',  ( 14.14999999999999503, 4.593808527201876046, -9.920642124191942912 ) ) ;
#1653 = FACE_OUTER_BOUND ( 'NONE', #1991, .T. ) ;
#1654 = AXIS2_PLACEMENT_3D ( 'NONE', #4765, #5194, #3033 ) ;
#1655 = VECTOR ( 'NONE', #2116, 1000.000000000000000 ) ;
#1656 = CARTESIAN_POINT ( 'NONE',  ( -7.149999999999995026, -0.8499999999999998668, -10.31666666666667176 ) ) ;
#1657 = ORIENTED_EDGE ( 'NONE', *, *, #233, .T. ) ;
#1658 = CARTESIAN_POINT ( 'NONE',  ( 64.34999999999999432, -2.750000000000000000, -5.000000000000000000 ) ) ;
#1659 = EDGE_CURVE ( 'NONE', #1668, #1924, #3951, .T. ) ;
#1660 = LINE ( 'NONE', #5700, #4623 ) ;
#1661 = VECTOR ( 'NONE', #5701, 1000.000000000000000 ) ;
#1662 = CIRCLE ( 'NONE', #5294, 1.850000000000000977 ) ;
#1663 = FACE_OUTER_BOUND ( 'NONE', #797, .T. ) ;
#1664 = CARTESIAN_POINT ( 'NONE',  ( -14.14999999999999503, -0.9283850214229042441, -10.03912442714443287 ) ) ;
#1665 = VECTOR ( 'NONE', #1079, 1000.000000000000000 ) ;
#1666 = ORIENTED_EDGE ( 'NONE', *, *, #260, .F. ) ;
#1667 = VECTOR ( 'NONE', #1915, 1000.000000000000000 ) ;
#1668 = VERTEX_POINT ( 'NONE', #678 ) ;
#1669 = CARTESIAN_POINT ( 'NONE',  ( -14.14999999999998970, -4.376028419645420442, -10.55869715993961755 ) ) ;
#1670 = CARTESIAN_POINT ( 'NONE',  ( -69.44999999999998863, -6.999999999999999112, -7.300000000000008704 ) ) ;
#1671 = VECTOR ( 'NONE', #891, 1000.000000000000000 ) ;
#1672 = CARTESIAN_POINT ( 'NONE',  ( 64.34999999999998010, -7.400048621300933327, -9.649446658945672439 ) ) ;
#1673 = CARTESIAN_POINT ( 'NONE',  ( 54.14999999999999858, 6.546618184993099554, -8.096177570319513350 ) ) ;
#1674 = DIRECTION ( 'NONE',  ( 0.000000000000000000, -0.000000000000000000, -1.000000000000000000 ) ) ;
#1675 = ORIENTED_EDGE ( 'NONE', *, *, #105, .F. ) ;
#1676 = ORIENTED_EDGE ( 'NONE', *, *, #1185, .F. ) ;
#1677 = CIRCLE ( 'NONE', #1769, 1.700000000000000178 ) ;
#1678 = ADVANCED_FACE ( 'NONE', ( #5176 ), #2458, .F. ) ;
#1679 = CARTESIAN_POINT ( 'NONE',  ( -14.14999999999999503, -3.804016421976768036, -11.17037803924000983 ) ) ;
#1680 = CARTESIAN_POINT ( 'NONE',  ( -64.34999999999999432, 2.750000000000000000, -5.000000000000000888 ) ) ;
#1681 = CARTESIAN_POINT ( 'NONE',  ( -12.14999999999999503, -0.8499999999999999778, -7.650000000000000355 ) ) ;
#1682 = VERTEX_POINT ( 'NONE', #3805 ) ;
#1683 = CARTESIAN_POINT ( 'NONE',  ( -12.14999999999999503, 0.8499999999999998668, -8.316666666666662877 ) ) ;
#1684 = DIRECTION ( 'NONE',  ( 1.084202172485504434E-16, 0.000000000000000000, 1.000000000000000000 ) ) ;
#1685 = PLANE ( 'NONE',  #1650 ) ;
#1686 = CARTESIAN_POINT ( 'NONE',  ( 14.14999999999999503, -1.533103550412733052, -8.242540076835457086 ) ) ;
#1687 = COORDINATED_UNIVERSAL_TIME_OFFSET ( 10, 0, .AHEAD. ) ;
#1688 = ORIENTED_EDGE ( 'NONE', *, *, #5311, .T. ) ;
#1689 = DIRECTION ( 'NONE',  ( 0.000000000000000000, 0.000000000000000000, -1.000000000000000000 ) ) ;
#1690 = LINE ( 'NONE', #1158, #1374 ) ;
#1691 = CARTESIAN_POINT ( 'NONE',  ( 14.15000000000000391, 1.845532215071860493, -1.679832602306272182 ) ) ;
#1692 = EDGE_CURVE ( 'NONE', #745, #5232, #2123, .T. ) ;
#1693 = CARTESIAN_POINT ( 'NONE',  ( -12.14999999999999503, -0.8499999999999998668, -7.983333333333331616 ) ) ;
#1694 = ORIENTED_EDGE ( 'NONE', *, *, #309, .T. ) ;
#1695 = ORIENTED_EDGE ( 'NONE', *, *, #919, .T. ) ;
#1696 = CARTESIAN_POINT ( 'NONE',  ( -14.04999999999999538, 7.249999999999999112, 8.849999999999997868 ) ) ;
#1697 = DIRECTION ( 'NONE',  ( -1.000000000000000000, -0.000000000000000000, -0.000000000000000000 ) ) ;
#1698 = CARTESIAN_POINT ( 'NONE',  ( -11.31666666666665932, -0.8499999999999998668, -7.650000000000000355 ) ) ;
#1699 = CARTESIAN_POINT ( 'NONE',  ( 54.15000000000001990, -1.412677864186190790, -5.649999999999989697 ) ) ;
#1700 = CARTESIAN_POINT ( 'NONE',  ( 16.15000000000000568, 1.449999999999999956, 2.000000000000000000 ) ) ;
#1701 = EDGE_LOOP ( 'NONE', ( #3502, #396, #3179, #1128 ) ) ;
#1702 = CARTESIAN_POINT ( 'NONE',  ( 64.34999999999999432, 3.345732259861896374, -5.000000000000002665 ) ) ;
#1703 = CARTESIAN_POINT ( 'NONE',  ( -14.14999999999999503, -2.750000472036969068, -11.49970919014276660 ) ) ;
#1704 = CARTESIAN_POINT ( 'NONE',  ( -54.14999999999999147, -2.749999998084910136, -5.649999999999998579 ) ) ;
#1705 = ADVANCED_FACE ( 'NONE', ( #3896 ), #5665, .T. ) ;
#1706 = EDGE_CURVE ( 'NONE', #198, #1734, #5147, .T. ) ;
#1707 = CARTESIAN_POINT ( 'NONE',  ( -69.44999999999998863, -3.599999999999999645, -12.40000000000000213 ) ) ;
#1708 = CARTESIAN_POINT ( 'NONE',  ( -8.649999999999996803, 7.249999999999999112, 0.8499999999999993117 ) ) ;
#1709 = LINE ( 'NONE', #4705, #3330 ) ;
#1710 = CARTESIAN_POINT ( 'NONE',  ( 64.34999999999998010, 4.546899923333081794, -5.231844643362122405 ) ) ;
#1711 = EDGE_CURVE ( 'NONE', #2290, #2901, #3831, .T. ) ;
#1712 = LINE ( 'NONE', #2649, #5030 ) ;
#1713 = VERTEX_POINT ( 'NONE', #4482 ) ;
#1714 = FACE_OUTER_BOUND ( 'NONE', #4439, .T. ) ;
#1715 = DIRECTION ( 'NONE',  ( 1.000000000000000000, -0.000000000000000000, -0.000000000000000000 ) ) ;
#1716 = VERTEX_POINT ( 'NONE', #43 ) ;
#1717 = CARTESIAN_POINT ( 'NONE',  ( 7.250000000000006217, 0.8499999999999999778, 4.850000000000000533 ) ) ;
#1718 = DIRECTION ( 'NONE',  ( 0.000000000000000000, 0.000000000000000000, 1.000000000000000000 ) ) ;
#1719 = VERTEX_POINT ( 'NONE', #881 ) ;
#1720 = ORIENTED_EDGE ( 'NONE', *, *, #4984, .F. ) ;
#1721 = ADVANCED_FACE ( 'NONE', ( #2240 ), #1304, .T. ) ;
#1722 = CARTESIAN_POINT ( 'NONE',  ( 13.14999999999999503, -0.9598459442698276112, -11.03699633414302994 ) ) ;
#1723 = CARTESIAN_POINT ( 'NONE',  ( 14.15000000000000568, 1.429884485970000174, 1.500404797765922282 ) ) ;
#1724 = CARTESIAN_POINT ( 'NONE',  ( -14.14999999999999325, 1.890096436089886867, -7.995051390258080204 ) ) ;
#1725 = DIRECTION ( 'NONE',  ( 1.000000000000000000, -0.000000000000000000, -0.000000000000000000 ) ) ;
#1726 = CARTESIAN_POINT ( 'NONE',  ( 14.15000000000000391, 0.9402319347023496698, -2.030161276560596306 ) ) ;
#1727 = VERTEX_POINT ( 'NONE', #2647 ) ;
#1728 = VERTEX_POINT ( 'NONE', #3134 ) ;
#1729 = CARTESIAN_POINT ( 'NONE',  ( 64.34999999999999432, -2.749999997868448620, -5.000000000000000888 ) ) ;
#1730 = CARTESIAN_POINT ( 'NONE',  ( 65.34999999999999432, -6.400000000000000355, -14.29999999999999893 ) ) ;
#1731 = CARTESIAN_POINT ( 'NONE',  ( -54.14999999999987068, -6.546618184993093337, -8.096177570319508021 ) ) ;
#1732 = EDGE_CURVE ( 'NONE', #2452, #2510, #471, .T. ) ;
#1733 = AXIS2_PLACEMENT_3D ( 'NONE', #3894, #5597, #234 ) ;
#1734 = VERTEX_POINT ( 'NONE', #3979 ) ;
#1735 = CARTESIAN_POINT ( 'NONE',  ( 65.34999999999999432, 7.000000000000000000, -13.50000000000000178 ) ) ;
#1736 = CARTESIAN_POINT ( 'NONE',  ( -77.54999999999998295, -3.599999999999999645, -12.40000000000000213 ) ) ;
#1737 = LINE ( 'NONE', #5302, #616 ) ;
#1738 = CARTESIAN_POINT ( 'NONE',  ( 64.34999999999999432, 6.100679342678992256, -6.252167483457191643 ) ) ;
#1739 = VECTOR ( 'NONE', #595, 1000.000000000000000 ) ;
#1740 = EDGE_CURVE ( 'NONE', #2338, #2071, #2300, .T. ) ;
#1741 = MECHANICAL_CONTEXT ( 'NONE', #77, 'mechanical' ) ;
#1742 = EDGE_LOOP ( 'NONE', ( #1535, #3488, #3187, #5724 ) ) ;
#1743 = VECTOR ( 'NONE', #559, 1000.000000000000000 ) ;
#1744 = CARTESIAN_POINT ( 'NONE',  ( 14.14999999999999503, 1.024401349852988918, -8.946305220297677607 ) ) ;
#1745 = CARTESIAN_POINT ( 'NONE',  ( 14.15000000000000568, 1.449999999999999956, 2.000000000000000000 ) ) ;
#1746 = EDGE_CURVE ( 'NONE', #4408, #5761, #4926, .T. ) ;
#1747 = CARTESIAN_POINT ( 'NONE',  ( 78.44999999999997442, -6.299999999999998934, -10.79999999999999893 ) ) ;
#1748 = AXIS2_PLACEMENT_3D ( 'NONE', #1442, #2312, #181 ) ;
#1749 = AXIS2_PLACEMENT_3D ( 'NONE', #266, #5657, #4353 ) ;
#1750 = FACE_OUTER_BOUND ( 'NONE', #2666, .T. ) ;
#1751 = ORIENTED_EDGE ( 'NONE', *, *, #5311, .F. ) ;
#1752 = DIRECTION ( 'NONE',  ( 1.000000000000000000, -9.306807796734695098E-33, -1.204669080539449344E-16 ) ) ;
#1753 = VECTOR ( 'NONE', #1539, 1000.000000000000000 ) ;
#1754 = VECTOR ( 'NONE', #223, 1000.000000000000000 ) ;
#1755 = CARTESIAN_POINT ( 'NONE',  ( 14.15000000000000746, 1.274002012121542293, 2.478969985816887878 ) ) ;
#1756 = CARTESIAN_POINT ( 'NONE',  ( 14.15000000000000391, 0.9530586866248050848, 1.900505240380221839 ) ) ;
#1757 = DIRECTION ( 'NONE',  ( 0.000000000000000000, 0.000000000000000000, 1.000000000000000000 ) ) ;
#1758 = VECTOR ( 'NONE', #3212, 1000.000000000000000 ) ;
#1759 = VECTOR ( 'NONE', #3887, 1000.000000000000000 ) ;
#1760 = VERTEX_POINT ( 'NONE', #3111 ) ;
#1761 = CARTESIAN_POINT ( 'NONE',  ( 7.983333333333324511, -0.8499999999999998668, -7.650000000000000355 ) ) ;
#1762 = ORIENTED_EDGE ( 'NONE', *, *, #3123, .T. ) ;
#1763 = AXIS2_PLACEMENT_3D ( 'NONE', #3558, #5338, #4941 ) ;
#1764 = CARTESIAN_POINT ( 'NONE',  ( 54.14999999999999858, 2.750000000000000000, -9.650000000000000355 ) ) ;
#1765 = CARTESIAN_POINT ( 'NONE',  ( -54.14999999999999147, -2.749999998084910136, -5.649999999999998579 ) ) ;
#1766 = EDGE_LOOP ( 'NONE', ( #4853, #2428, #5487, #4552, #2745 ) ) ;
#1767 = CARTESIAN_POINT ( 'NONE',  ( 9.856325337947215104, 0.8499999999999999778, 1.000000000000000444 ) ) ;
#1768 = EDGE_CURVE ( 'NONE', #2508, #4669, #3575, .T. ) ;
#1769 = AXIS2_PLACEMENT_3D ( 'NONE', #3290, #2664, #982 ) ;
#1770 = DIRECTION ( 'NONE',  ( 0.000000000000000000, 0.000000000000000000, 1.000000000000000000 ) ) ;
#1771 = DIRECTION ( 'NONE',  ( -1.000000000000000000, 0.000000000000000000, 0.000000000000000000 ) ) ;
#1772 = DIRECTION ( 'NONE',  ( -1.971276677246372012E-16, -0.000000000000000000, -1.000000000000000000 ) ) ;
#1773 = CARTESIAN_POINT ( 'NONE',  ( 12.14999999999999503, -0.8499999999999998668, -8.316666666666662877 ) ) ;
#1774 = DIRECTION ( 'NONE',  ( 0.000000000000000000, 0.000000000000000000, 1.000000000000000000 ) ) ;
#1775 = ORIENTED_EDGE ( 'NONE', *, *, #1795, .T. ) ;
#1776 = CARTESIAN_POINT ( 'NONE',  ( 14.15000000000000391, 1.404125867861228283, -1.494475531562317050 ) ) ;
#1777 = FACE_OUTER_BOUND ( 'NONE', #4001, .T. ) ;
#1778 = LINE ( 'NONE', #4903, #3981 ) ;
#1779 = DIRECTION ( 'NONE',  ( -0.000000000000000000, -0.000000000000000000, -1.000000000000000000 ) ) ;
#1780 = EDGE_CURVE ( 'NONE', #5220, #3915, #5643, .T. ) ;
#1781 = EDGE_LOOP ( 'NONE', ( #2908, #3074, #18, #4892 ) ) ;
#1782 = DIRECTION ( 'NONE',  ( 0.000000000000000000, 0.000000000000000000, 1.000000000000000000 ) ) ;
#1783 = DIRECTION ( 'NONE',  ( -1.000000000000000000, -0.000000000000000000, -0.000000000000000000 ) ) ;
#1784 = EDGE_CURVE ( 'NONE', #4571, #1405, #3603, .T. ) ;
#1785 = CARTESIAN_POINT ( 'NONE',  ( -64.34999999999999432, -2.265764042632206099, -5.000000000000000888 ) ) ;
#1786 = DIRECTION ( 'NONE',  ( 0.000000000000000000, -0.000000000000000000, -1.000000000000000000 ) ) ;
#1787 = EDGE_CURVE ( 'NONE', #714, #4745, #4895, .T. ) ;
#1788 = ORIENTED_EDGE ( 'NONE', *, *, #2750, .F. ) ;
#1789 = EDGE_LOOP ( 'NONE', ( #1818, #4699, #3126, #3404 ) ) ;
#1790 = EDGE_CURVE ( 'NONE', #4356, #373, #448, .T. ) ;
#1791 = DIRECTION ( 'NONE',  ( 1.000000000000000000, -9.306807796734695098E-33, -1.204669080539449344E-16 ) ) ;
#1792 = CYLINDRICAL_SURFACE ( 'NONE', #3419, 0.9999999999999991118 ) ;
#1793 = FACE_OUTER_BOUND ( 'NONE', #1581, .T. ) ;
#1794 = ORIENTED_EDGE ( 'NONE', *, *, #2368, .T. ) ;
#1795 = EDGE_CURVE ( 'NONE', #1873, #2816, #1940, .T. ) ;
#1796 = ORIENTED_EDGE ( 'NONE', *, *, #1399, .T. ) ;
#1797 = CARTESIAN_POINT ( 'NONE',  ( 78.44999999999997442, -6.299999999999998934, -8.499999999999998224 ) ) ;
#1798 = ADVANCED_FACE ( 'NONE', ( #2675, #827 ), #5759, .T. ) ;
#1799 = CARTESIAN_POINT ( 'NONE',  ( 13.65000000000000568, 0.9883181328268889621, -2.690680292184106648 ) ) ;
#1800 = CARTESIAN_POINT ( 'NONE',  ( -8.649999999999996803, 4.049999999999999822, -0.8000000000000018208 ) ) ;
#1801 = CARTESIAN_POINT ( 'NONE',  ( 54.14999999999999858, -2.749999999999999556, -13.65000000000000213 ) ) ;
#1802 = B_SPLINE_CURVE_WITH_KNOTS ( 'NONE', 3,
 ( #816, #262, #4347, #3500, #3849, #5286 ),
 .UNSPECIFIED., .F., .F.,
 ( 4, 2, 4 ),
 ( 0.000000000000000000, 0.2500000000000000555, 0.3562252349600873447 ),
 .UNSPECIFIED. ) ;
#1803 = DIRECTION ( 'NONE',  ( -0.8488488376682019609, -0.09324260211600929327, 0.5203474492490359760 ) ) ;
#1804 = ORIENTED_EDGE ( 'NONE', *, *, #2632, .T. ) ;
#1805 = CARTESIAN_POINT ( 'NONE',  ( 9.946376354351970761, 0.8499999999999999778, -1.000000000000000000 ) ) ;
#1806 = DIRECTION ( 'NONE',  ( 1.301042606982605321E-16, 0.000000000000000000, 1.000000000000000000 ) ) ;
#1807 = CARTESIAN_POINT ( 'NONE',  ( 16.15000000000000568, 1.449999999999999956, -2.499999999999999556 ) ) ;
#1808 = CARTESIAN_POINT ( 'NONE',  ( -2.749999999999993339, 5.050000000000000711, 4.850000000000000533 ) ) ;
#1809 = EDGE_CURVE ( 'NONE', #1037, #4565, #4390, .T. ) ;
#1810 = ORIENTED_EDGE ( 'NONE', *, *, #5509, .F. ) ;
#1811 = CARTESIAN_POINT ( 'NONE',  ( -64.34999999999999432, 2.750000000052720495, -14.30000000000000071 ) ) ;
#1812 = ORIENTED_EDGE ( 'NONE', *, *, #1218, .F. ) ;
#1813 = CARTESIAN_POINT ( 'NONE',  ( 54.14999999999999858, -2.750000000000000000, -9.650000000000000355 ) ) ;
#1814 = DIRECTION ( 'NONE',  ( 0.000000000000000000, 1.000000000000000000, -2.081668171172170485E-16 ) ) ;
#1815 = CARTESIAN_POINT ( 'NONE',  ( -65.34999999999999432, 7.399999999999999467, -14.30000000000000071 ) ) ;
#1816 = ORIENTED_EDGE ( 'NONE', *, *, #4507, .T. ) ;
#1817 = VERTEX_POINT ( 'NONE', #5722 ) ;
#1818 = ORIENTED_EDGE ( 'NONE', *, *, #4764, .T. ) ;
#1819 = CARTESIAN_POINT ( 'NONE',  ( -54.14999999999999858, 2.750000000000000000, -9.650000000000000355 ) ) ;
#1820 = EDGE_CURVE ( 'NONE', #961, #4686, #855, .T. ) ;
#1821 = DIRECTION ( 'NONE',  ( -1.000000000000000000, 0.000000000000000000, 0.000000000000000000 ) ) ;
#1822 = DIRECTION ( 'NONE',  ( 1.204669080539449344E-16, 0.000000000000000000, 1.000000000000000000 ) ) ;
#1823 = ORIENTED_EDGE ( 'NONE', *, *, #3403, .F. ) ;
#1824 = CARTESIAN_POINT ( 'NONE',  ( -12.14999999999999325, 0.8499999999999990896, -7.650000000000000355 ) ) ;
#1825 = PLANE ( 'NONE',  #3718 ) ;
#1826 = DIRECTION ( 'NONE',  ( 0.000000000000000000, 0.000000000000000000, 1.000000000000000000 ) ) ;
#1827 = CARTESIAN_POINT ( 'NONE',  ( -7.449999999999994849, 8.050000000000000711, 12.84999999999999964 ) ) ;
#1828 = CALENDAR_DATE ( 2026, 22, 6 ) ;
#1829 = ORIENTED_EDGE ( 'NONE', *, *, #5609, .T. ) ;
#1830 = ORIENTED_EDGE ( 'NONE', *, *, #698, .T. ) ;
#1831 = CARTESIAN_POINT ( 'NONE',  ( 64.34999999999999432, -2.749999999999485745, -14.30000000000000249 ) ) ;
#1832 = CIRCLE ( 'NONE', #3606, 1.000000000000000000 ) ;
#1833 = CARTESIAN_POINT ( 'NONE',  ( 65.34999999999999432, -5.500000000000000000, -7.299999999999998046 ) ) ;
#1834 = CARTESIAN_POINT ( 'NONE',  ( 16.15000000000000568, 1.449999999999999956, 0.000000000000000000 ) ) ;
#1835 = VECTOR ( 'NONE', #5327, 1000.000000000000000 ) ;
#1836 = EDGE_LOOP ( 'NONE', ( #5420, #572, #3026, #4207 ) ) ;
#1837 = ORIENTED_EDGE ( 'NONE', *, *, #3284, .F. ) ;
#1838 = CARTESIAN_POINT ( 'NONE',  ( 64.34999999999996589, -7.152246326680236521, -7.804090313690934089 ) ) ;
#1839 = VECTOR ( 'NONE', #2971, 1000.000000000000000 ) ;
#1840 = CARTESIAN_POINT ( 'NONE',  ( -13.04999999999999538, 4.049999999999999822, -0.8000000000000012657 ) ) ;
#1841 = AXIS2_PLACEMENT_3D ( 'NONE', #278, #4397, #3813 ) ;
#1842 = EDGE_CURVE ( 'NONE', #1414, #2385, #1737, .T. ) ;
#1843 = CARTESIAN_POINT ( 'NONE',  ( -64.34999999999996589, 7.524168565514628426, -9.650000000000000355 ) ) ;
#1844 = DIRECTION ( 'NONE',  ( -0.000000000000000000, 0.8602915336341738772, 0.5098023903017334657 ) ) ;
#1845 = ORIENTED_EDGE ( 'NONE', *, *, #4695, .T. ) ;
#1846 = VECTOR ( 'NONE', #3727, 1000.000000000000000 ) ;
#1847 = ORIENTED_EDGE ( 'NONE', *, *, #5077, .F. ) ;
#1848 = VECTOR ( 'NONE', #1328, 1000.000000000000000 ) ;
#1849 = EDGE_LOOP ( 'NONE', ( #3085, #4989, #1086, #2534 ) ) ;
#1850 = EDGE_CURVE ( 'NONE', #1073, #2042, #3879, .T. ) ;
#1851 = CYLINDRICAL_SURFACE ( 'NONE', #2407, 1.700000000000000178 ) ;
#1852 = DIRECTION ( 'NONE',  ( -1.000000000000000000, 0.000000000000000000, 0.000000000000000000 ) ) ;
#1853 = VECTOR ( 'NONE', #4999, 1000.000000000000000 ) ;
#1854 = VECTOR ( 'NONE', #4882, 1000.000000000000000 ) ;
#1855 = PLANE ( 'NONE',  #1947 ) ;
#1856 = ADVANCED_FACE ( 'NONE', ( #4797 ), #783, .T. ) ;
#1857 = VECTOR ( 'NONE', #4789, 1000.000000000000000 ) ;
#1858 = CIRCLE ( 'NONE', #1291, 1.500000000000000444 ) ;
#1859 = CARTESIAN_POINT ( 'NONE',  ( 78.44999999999997442, -3.599999999999999645, -6.899999999999996803 ) ) ;
#1860 = DIRECTION ( 'NONE',  ( -1.000000000000000000, 0.000000000000000000, 0.000000000000000000 ) ) ;
#1861 = DIRECTION ( 'NONE',  ( -0.000000000000000000, -1.000000000000000000, -0.000000000000000000 ) ) ;
#1862 = EDGE_LOOP ( 'NONE', ( #5650, #1281, #5437, #1845 ) ) ;
#1863 = APPROVAL_PERSON_ORGANIZATION ( #4394, #164, #2187 ) ;
#1864 = EDGE_LOOP ( 'NONE', ( #1901, #5547, #4087, #4635 ) ) ;
#1865 = SHAPE_DEFINITION_REPRESENTATION ( #3326, #4119 ) ;
#1866 = ORIENTED_EDGE ( 'NONE', *, *, #5659, .T. ) ;
#1867 = ORIENTED_EDGE ( 'NONE', *, *, #605, .F. ) ;
#1868 = FACE_OUTER_BOUND ( 'NONE', #1520, .T. ) ;
#1869 = DIRECTION ( 'NONE',  ( -1.000000000000000000, -0.000000000000000000, -0.000000000000000000 ) ) ;
#1870 = CARTESIAN_POINT ( 'NONE',  ( -12.24999999999999112, 1.927406647131493678, 6.549999999999998934 ) ) ;
#1871 = CARTESIAN_POINT ( 'NONE',  ( 64.34999999999999432, 7.399999999999999467, -14.30000000000000071 ) ) ;
#1872 = ORIENTED_EDGE ( 'NONE', *, *, #4974, .T. ) ;
#1873 = VERTEX_POINT ( 'NONE', #2514 ) ;
#1874 = ORIENTED_EDGE ( 'NONE', *, *, #4072, .F. ) ;
#1875 = CARTESIAN_POINT ( 'NONE',  ( 54.14999999999999858, 6.546618184993099554, -8.096177570319513350 ) ) ;
#1876 = EDGE_CURVE ( 'NONE', #938, #389, #288, .T. ) ;
#1877 = CARTESIAN_POINT ( 'NONE',  ( -12.24999999999999289, 7.249999999999999112, 0.8499999999999992006 ) ) ;
#1878 = CARTESIAN_POINT ( 'NONE',  ( -14.04999999999999716, 8.050000000000000711, -3.149999999999999911 ) ) ;
#1879 = ORIENTED_EDGE ( 'NONE', *, *, #4630, .T. ) ;
#1880 = EDGE_LOOP ( 'NONE', ( #2857, #3707, #2069, #1075 ) ) ;
#1881 = VERTEX_POINT ( 'NONE', #4826 ) ;
#1882 = EDGE_LOOP ( 'NONE', ( #1346, #902, #4308, #362 ) ) ;
#1883 = FACE_OUTER_BOUND ( 'NONE', #776, .T. ) ;
#1884 = CARTESIAN_POINT ( 'NONE',  ( -65.34999999999999432, 6.399999999999999467, -13.29999999999999893 ) ) ;
#1885 = CARTESIAN_POINT ( 'NONE',  ( 14.15000000000000568, 1.523014705572325322, 1.496655037498709540 ) ) ;
#1886 = ORIENTED_EDGE ( 'NONE', *, *, #3836, .F. ) ;
#1887 = CARTESIAN_POINT ( 'NONE',  ( 77.44999999999998863, -2.899999999999999467, -11.34999999999999964 ) ) ;
#1888 = CARTESIAN_POINT ( 'NONE',  ( 65.34999999999999432, 7.399999999999999467, -14.30000000000000071 ) ) ;
#1889 = ORIENTED_EDGE ( 'NONE', *, *, #2153, .F. ) ;
#1890 = CARTESIAN_POINT ( 'NONE',  ( -12.14999999999999503, 0.8499999999999999778, -11.65000000000000036 ) ) ;
#1891 = ORIENTED_EDGE ( 'NONE', *, *, #2229, .T. ) ;
#1892 = PRODUCT_DEFINITION ( 'General', '', #5214, #1381 ) ;
#1893 = EDGE_CURVE ( 'NONE', #4195, #4093, #4827, .T. ) ;
#1894 = ORIENTED_EDGE ( 'NONE', *, *, #2637, .T. ) ;
#1895 = CARTESIAN_POINT ( 'NONE',  ( -3.300000000000001155, 0.8499999999999999778, -5.849999999999999645 ) ) ;
#1896 = CARTESIAN_POINT ( 'NONE',  ( -54.14999999999999858, 2.749999999999999556, -13.65000000000000036 ) ) ;
#1897 = CARTESIAN_POINT ( 'NONE',  ( -13.04999999999999538, 4.750000000000000000, 10.50000000000000000 ) ) ;
#1898 = EDGE_CURVE ( 'NONE', #1881, #3, #3937, .T. ) ;
#1899 = CARTESIAN_POINT ( 'NONE',  ( -70.54999999999996874, -2.899999999999999467, -9.649999999999998579 ) ) ;
#1900 = ORIENTED_EDGE ( 'NONE', *, *, #4273, .F. ) ;
#1901 = ORIENTED_EDGE ( 'NONE', *, *, #4619, .F. ) ;
#1902 = CARTESIAN_POINT ( 'NONE',  ( 64.34999999999999432, -7.399999999999999467, -13.29999999999999716 ) ) ;
#1903 = CARTESIAN_POINT ( 'NONE',  ( 54.15000000000007674, -1.084202172485504434E-16, -13.65000000000001990 ) ) ;
#1904 = CARTESIAN_POINT ( 'NONE',  ( -64.34999999999999432, -2.265764042632205655, -14.30000000000000071 ) ) ;
#1905 = DIRECTION ( 'NONE',  ( 1.000000000000000000, 0.000000000000000000, 0.000000000000000000 ) ) ;
#1906 = EDGE_CURVE ( 'NONE', #2385, #4468, #2571, .T. ) ;
#1907 = ORIENTED_EDGE ( 'NONE', *, *, #175, .F. ) ;
#1908 = EDGE_LOOP ( 'NONE', ( #3257, #1962, #2127, #341, #608, #4784 ) ) ;
#1909 = ORIENTED_EDGE ( 'NONE', *, *, #1585, .T. ) ;
#1910 = CARTESIAN_POINT ( 'NONE',  ( 12.88303136286266692, 0.8499999999999998668, -3.000000000000000000 ) ) ;
#1911 = LINE ( 'NONE', #4194, #4532 ) ;
#1912 = DIRECTION ( 'NONE',  ( 0.000000000000000000, 0.000000000000000000, -1.000000000000000000 ) ) ;
#1913 = DIRECTION ( 'NONE',  ( 1.000000000000000000, 0.000000000000000000, 0.000000000000000000 ) ) ;
#1914 = CARTESIAN_POINT ( 'NONE',  ( 16.15000000000000568, 1.449999999999999956, 2.000000000000000000 ) ) ;
#1915 = DIRECTION ( 'NONE',  ( -1.000000000000000000, -0.000000000000000000, -0.000000000000000000 ) ) ;
#1916 = CALENDAR_DATE ( 2026, 22, 6 ) ;
#1917 = ORIENTED_EDGE ( 'NONE', *, *, #1116, .T. ) ;
#1918 = LINE ( 'NONE', #5044, #227 ) ;
#1919 = VERTEX_POINT ( 'NONE', #5199 ) ;
#1920 = FACE_OUTER_BOUND ( 'NONE', #2504, .T. ) ;
#1921 = EDGE_CURVE ( 'NONE', #3599, #3242, #1802, .T. ) ;
#1922 = DIRECTION ( 'NONE',  ( 1.000000000000000000, 0.000000000000000000, 0.000000000000000000 ) ) ;
#1923 = FACE_OUTER_BOUND ( 'NONE', #2613, .T. ) ;
#1924 = VERTEX_POINT ( 'NONE', #4860 ) ;
#1925 = EDGE_CURVE ( 'NONE', #2133, #2915, #5745, .T. ) ;
#1926 = CARTESIAN_POINT ( 'NONE',  ( 54.15000000000038938, -4.345806406413844414, -13.43291034902263448 ) ) ;
#1927 = CARTESIAN_POINT ( 'NONE',  ( -69.44999999999998863, 7.000000000000000000, -13.50000000000000178 ) ) ;
#1928 = FACE_OUTER_BOUND ( 'NONE', #310, .T. ) ;
#1929 = VECTOR ( 'NONE', #1130, 1000.000000000000000 ) ;
#1930 = PLANE ( 'NONE',  #2962 ) ;
#1931 = ORIENTED_EDGE ( 'NONE', *, *, #4385, .T. ) ;
#1932 = VERTEX_POINT ( 'NONE', #1170 ) ;
#1933 = VERTEX_POINT ( 'NONE', #2607 ) ;
#1934 = VECTOR ( 'NONE', #2792, 1000.000000000000000 ) ;
#1935 = CARTESIAN_POINT ( 'NONE',  ( -14.14999999999999503, -4.593808527201876046, -9.920642124191942912 ) ) ;
#1936 = CARTESIAN_POINT ( 'NONE',  ( 36.14999999999999858, 1.449999999999999956, 0.000000000000000000 ) ) ;
#1937 = EDGE_LOOP ( 'NONE', ( #5080, #2010, #465, #3226 ) ) ;
#1938 = DIRECTION ( 'NONE',  ( -1.000000000000000000, 0.000000000000000000, 0.000000000000000000 ) ) ;
#1939 = AXIS2_PLACEMENT_3D ( 'NONE', #4310, #312, #2450 ) ;
#1940 = CIRCLE ( 'NONE', #4069, 1.850000000000000977 ) ;
#1941 = CARTESIAN_POINT ( 'NONE',  ( 69.44999999999998863, -5.500000000000000000, -13.49999999999999822 ) ) ;
#1942 = VECTOR ( 'NONE', #2494, 1000.000000000000000 ) ;
#1943 = DIRECTION ( 'NONE',  ( -0.9194918846049705552, 0.3880277324282072060, -0.06300121437101922905 ) ) ;
#1944 = AXIS2_PLACEMENT_3D ( 'NONE', #2470, #2889, #2939 ) ;
#1945 = CARTESIAN_POINT ( 'NONE',  ( -14.04999999999999716, 8.050000000000000711, -3.149999999999999911 ) ) ;
#1946 = ADVANCED_FACE ( 'NONE', ( #314 ), #4584, .F. ) ;
#1947 = AXIS2_PLACEMENT_3D ( 'NONE', #4977, #2204, #517 ) ;
#1948 = AXIS2_PLACEMENT_3D ( 'NONE', #2002, #2814, #4225 ) ;
#1949 = ORIENTED_EDGE ( 'NONE', *, *, #2153, .T. ) ;
#1950 = CARTESIAN_POINT ( 'NONE',  ( 14.14999999999999680, 1.319542120718444567, -10.85443854780445783 ) ) ;
#1951 = B_SPLINE_CURVE_WITH_KNOTS ( 'NONE', 3,
 ( #1831, #3692, #617, #107, #3306, #1039, #3199, #647 ),
 .UNSPECIFIED., .F., .F.,
 ( 4, 1, 1, 1, 1, 4 ),
 ( 0.000000000000000000, 0.1249999998695790343, 0.2499999998882066476, 0.3749999999068345802, 0.4999999999254624572, 0.5000374722721379062 ),
 .UNSPECIFIED. ) ;
#1952 = EDGE_LOOP ( 'NONE', ( #4382, #932, #2016, #2776, #5672, #574, #806, #2853, #893, #1931, #4351, #2487 ) ) ;
#1953 = CARTESIAN_POINT ( 'NONE',  ( -14.14999999999999503, 3.609903563910112023, -11.30494860974191873 ) ) ;
#1954 = PLANE ( 'NONE',  #529 ) ;
#1955 = VECTOR ( 'NONE', #3261, 1000.000000000000000 ) ;
#1956 = DIRECTION ( 'NONE',  ( 0.000000000000000000, 0.000000000000000000, 1.000000000000000000 ) ) ;
#1957 = AXIS2_PLACEMENT_3D ( 'NONE', #241, #420, #3462 ) ;
#1958 = FACE_OUTER_BOUND ( 'NONE', #3872, .T. ) ;
#1959 = ORIENTED_EDGE ( 'NONE', *, *, #805, .T. ) ;
#1960 = EDGE_CURVE ( 'NONE', #521, #1162, #4095, .T. ) ;
#1961 = EDGE_CURVE ( 'NONE', #4445, #4432, #5004, .T. ) ;
#1962 = ORIENTED_EDGE ( 'NONE', *, *, #591, .F. ) ;
#1963 = CARTESIAN_POINT ( 'NONE',  ( 54.15000000000044622, -5.671673470966848818, -12.53138204054242166 ) ) ;
#1964 = CARTESIAN_POINT ( 'NONE',  ( 54.14999999999999147, -2.749999998084910136, -5.649999999999998579 ) ) ;
#1965 = CARTESIAN_POINT ( 'NONE',  ( -12.24999999999999112, 8.050000000000000711, 6.549999999999998934 ) ) ;
#1966 = DIRECTION ( 'NONE',  ( -1.000000000000000000, -0.000000000000000000, -0.000000000000000000 ) ) ;
#1967 = ADVANCED_FACE ( 'NONE', ( #2836 ), #1119, .T. ) ;
#1968 = ORIENTED_EDGE ( 'NONE', *, *, #4647, .F. ) ;
#1969 = VERTEX_POINT ( 'NONE', #579 ) ;
#1970 = ORIENTED_EDGE ( 'NONE', *, *, #4081, .F. ) ;
#1971 = CARTESIAN_POINT ( 'NONE',  ( 14.15000000000000568, 1.898510337251571922, -2.231397272880471405 ) ) ;
#1972 = DIRECTION ( 'NONE',  ( 0.000000000000000000, -1.000000000000000000, 1.770125995894701202E-16 ) ) ;
#1973 = CARTESIAN_POINT ( 'NONE',  ( -7.449999999999996625, 8.050000000000000711, -3.149999999999999911 ) ) ;
#1974 = EDGE_CURVE ( 'NONE', #2816, #4938, #4157, .T. ) ;
#1975 = CARTESIAN_POINT ( 'NONE',  ( 14.14999999999999680, 4.121269170589943798, -10.91068228026195719 ) ) ;
#1976 = CARTESIAN_POINT ( 'NONE',  ( 64.34999999999996589, -7.152246326680236521, -7.804090313690934089 ) ) ;
#1977 = DIRECTION ( 'NONE',  ( 1.000000000000000000, 0.000000000000000000, -1.084202172485504434E-16 ) ) ;
#1978 = EDGE_CURVE ( 'NONE', #5674, #5698, #5088, .T. ) ;
#1979 = DIRECTION ( 'NONE',  ( 0.000000000000000000, 0.000000000000000000, -1.000000000000000000 ) ) ;
#1980 = CARTESIAN_POINT ( 'NONE',  ( -8.649999999999995026, 6.200000000000000178, 8.849999999999997868 ) ) ;
#1981 = FACE_BOUND ( 'NONE', #2629, .T. ) ;
#1982 = DIRECTION ( 'NONE',  ( -1.000000000000000000, 0.000000000000000000, 0.000000000000000000 ) ) ;
#1983 = DIRECTION ( 'NONE',  ( 0.000000000000000000, 0.8602915336341738772, -0.5098023903017334657 ) ) ;
#1984 = EDGE_LOOP ( 'NONE', ( #5264, #2564, #1163, #3119 ) ) ;
#1985 = ADVANCED_FACE ( 'NONE', ( #644 ), #5489, .F. ) ;
#1986 = DIRECTION ( 'NONE',  ( -2.168404344971009361E-16, -0.000000000000000000, -1.000000000000000000 ) ) ;
#1987 = CARTESIAN_POINT ( 'NONE',  ( 7.250000000000007105, 5.050000000000000711, 10.84999999999999964 ) ) ;
#1988 = CARTESIAN_POINT ( 'NONE',  ( -14.04999999999999716, 7.249999999999999112, -2.350000000000000089 ) ) ;
#1989 = CARTESIAN_POINT ( 'NONE',  ( 54.14999999999999858, 2.749999999999999556, -13.65000000000000036 ) ) ;
#1990 = VERTEX_POINT ( 'NONE', #148 ) ;
#1991 = EDGE_LOOP ( 'NONE', ( #2757, #2968, #3297, #1542 ) ) ;
#1992 = ORIENTED_EDGE ( 'NONE', *, *, #2983, .T. ) ;
#1993 = ORIENTED_EDGE ( 'NONE', *, *, #3577, .F. ) ;
#1994 = EDGE_CURVE ( 'NONE', #1481, #199, #4199, .T. ) ;
#1995 = ORIENTED_EDGE ( 'NONE', *, *, #5460, .F. ) ;
#1996 = FACE_OUTER_BOUND ( 'NONE', #4131, .T. ) ;
#1997 = DIRECTION ( 'NONE',  ( -0.000000000000000000, -0.000000000000000000, -1.000000000000000000 ) ) ;
#1998 = DIRECTION ( 'NONE',  ( -1.000000000000000000, -0.000000000000000000, 1.084202172485504557E-16 ) ) ;
#1999 = EDGE_CURVE ( 'NONE', #3529, #52, #5458, .T. ) ;
#2000 = CARTESIAN_POINT ( 'NONE',  ( 65.34999999999999432, -6.999999999999999112, -7.300000000000008704 ) ) ;
#2001 = CARTESIAN_POINT ( 'NONE',  ( 64.34999999999990905, -4.546899923333074689, -14.06815535663785965 ) ) ;
#2002 = CARTESIAN_POINT ( 'NONE',  ( -12.24999999999999289, 1.927406647131493678, 3.149999999999999023 ) ) ;
#2003 = EDGE_LOOP ( 'NONE', ( #2440, #3907, #2113, #252 ) ) ;
#2004 = DIRECTION ( 'NONE',  ( 0.000000000000000000, 0.000000000000000000, -1.000000000000000000 ) ) ;
#2005 = DIRECTION ( 'NONE',  ( 1.000000000000000000, 0.000000000000000000, 0.000000000000000000 ) ) ;
#2006 = LINE ( 'NONE', #3774, #897 ) ;
#2007 = ORIENTED_EDGE ( 'NONE', *, *, #1282, .T. ) ;
#2008 = DIRECTION ( 'NONE',  ( 1.000000000000000000, -9.306807796734695098E-33, -1.204669080539449344E-16 ) ) ;
#2009 = FACE_OUTER_BOUND ( 'NONE', #1849, .T. ) ;
#2010 = ORIENTED_EDGE ( 'NONE', *, *, #456, .T. ) ;
#2011 = CARTESIAN_POINT ( 'NONE',  ( -14.14999999999999680, 4.121269170589943798, -10.91068228026195719 ) ) ;
#2012 = PLANE ( 'NONE',  #4342 ) ;
#2013 = CARTESIAN_POINT ( 'NONE',  ( 54.15000000000014069, 3.285234860469027129, -13.65000000000000924 ) ) ;
#2014 = DIRECTION ( 'NONE',  ( -0.000000000000000000, 1.000000000000000000, -2.081668171172170485E-16 ) ) ;
#2015 = CIRCLE ( 'NONE', #4141, 1.700000000000000178 ) ;
#2016 = ORIENTED_EDGE ( 'NONE', *, *, #4782, .T. ) ;
#2017 = VERTEX_POINT ( 'NONE', #3281 ) ;
#2018 = ORIENTED_EDGE ( 'NONE', *, *, #1165, .F. ) ;
#2019 = ADVANCED_FACE ( 'NONE', ( #3918 ), #3798, .F. ) ;
#2020 = CARTESIAN_POINT ( 'NONE',  ( 65.34999999999999432, 7.399999999999999467, -6.000000000000001776 ) ) ;
#2021 = AXIS2_PLACEMENT_3D ( 'NONE', #4094, #2812, #4587 ) ;
#2022 = CARTESIAN_POINT ( 'NONE',  ( 14.15000000000000568, 1.470116631536939389, 2.499635590436084520 ) ) ;
#2023 = CARTESIAN_POINT ( 'NONE',  ( -14.14999999999999503, 2.749999646045677260, -7.800290809761480482 ) ) ;
#2024 = AXIS2_PLACEMENT_3D ( 'NONE', #5494, #2005, #3286 ) ;
#2025 = EDGE_LOOP ( 'NONE', ( #4097, #1611, #3857, #5575 ) ) ;
#2026 = CARTESIAN_POINT ( 'NONE',  ( -2.749999999999992895, 5.050000000000000711, 10.84999999999999964 ) ) ;
#2027 = CYLINDRICAL_SURFACE ( 'NONE', #2952, 1.850000000000000977 ) ;
#2028 = PLANE ( 'NONE',  #1948 ) ;
#2029 = VECTOR ( 'NONE', #1852, 1000.000000000000000 ) ;
#2030 = ORIENTED_EDGE ( 'NONE', *, *, #4493, .T. ) ;
#2031 = EDGE_CURVE ( 'NONE', #2071, #2338, #2589, .T. ) ;
#2032 = B_SPLINE_SURFACE_WITH_KNOTS ( 'NONE', 3, 1, ( 
 ( #5221, #5106 ),
 ( #3400, #2443 ),
 ( #4238, #2560 ),
 ( #1104, #250 ),
 ( #4211, #2046 ),
 ( #2532, #216 ),
 ( #337, #748 ),
 ( #2132, #1159 ),
 ( #1576, #3350 ),
 ( #5133, #1131 ) ),
 .UNSPECIFIED., .F., .F., .F.,
 ( 4, 2, 2, 2, 4 ),
 ( 2, 2 ),
 ( 0.000000000000000000, 0.2499999999999999445, 0.4999999999999998890, 0.7499999999999997780, 1.000000000000000000 ),
 ( 0.000000000000000000, 1.000000000000000000 ),
 .UNSPECIFIED. ) ;
#2033 = VECTOR ( 'NONE', #492, 1000.000000000000000 ) ;
#2034 = CARTESIAN_POINT ( 'NONE',  ( -12.14999999999999503, 0.8499999999999999778, -7.650000000000000355 ) ) ;
#2035 = DIRECTION ( 'NONE',  ( 0.000000000000000000, 0.000000000000000000, -1.000000000000000000 ) ) ;
#2036 = CARTESIAN_POINT ( 'NONE',  ( 64.34999999999999432, 0.000000000000000000, 0.000000000000000000 ) ) ;
#2037 = CARTESIAN_POINT ( 'NONE',  ( -13.14999999999999503, 0.9598459442698276112, -11.03699633414302994 ) ) ;
#2038 = CARTESIAN_POINT ( 'NONE',  ( 64.34999999999999432, 7.399999999999999467, -5.000000000000000888 ) ) ;
#2039 = AXIS2_PLACEMENT_3D ( 'NONE', #1105, #4159, #3734 ) ;
#2040 = CIRCLE ( 'NONE', #4259, 1.850000000000000977 ) ;
#2041 = CARTESIAN_POINT ( 'NONE',  ( -14.14999999999998970, -4.376028419645420442, -10.55869715993961755 ) ) ;
#2042 = VERTEX_POINT ( 'NONE', #1237 ) ;
#2043 = CARTESIAN_POINT ( 'NONE',  ( 64.34999999999995168, -7.152141247526712320, -7.803935235850135932 ) ) ;
#2044 = VECTOR ( 'NONE', #2239, 1000.000000000000000 ) ;
#2045 = CARTESIAN_POINT ( 'NONE',  ( 14.14999999999999503, 1.024401349852988918, -8.946305220297677607 ) ) ;
#2046 = CARTESIAN_POINT ( 'NONE',  ( 9.233333333333321846, 0.8499999999999997558, -7.650000000000000355 ) ) ;
#2047 = FACE_OUTER_BOUND ( 'NONE', #3225, .T. ) ;
#2048 =( GEOMETRIC_REPRESENTATION_CONTEXT ( 3 ) GLOBAL_UNCERTAINTY_ASSIGNED_CONTEXT ( ( #5748 ) ) GLOBAL_UNIT_ASSIGNED_CONTEXT ( ( #2213, #2680, #3054 ) ) REPRESENTATION_CONTEXT ( 'NONE', 'WORKASPACE' ) );
#2049 = ORIENTED_EDGE ( 'NONE', *, *, #2327, .F. ) ;
#2050 = ORIENTED_EDGE ( 'NONE', *, *, #5444, .F. ) ;
#2051 = ORIENTED_EDGE ( 'NONE', *, *, #3003, .F. ) ;
#2052 = DIRECTION ( 'NONE',  ( -0.000000000000000000, 1.000000000000000000, 0.000000000000000000 ) ) ;
#2053 = CARTESIAN_POINT ( 'NONE',  ( -0.7499999999999935607, 5.050000000000000711, 4.850000000000000533 ) ) ;
#2054 = PLANE ( 'NONE',  #3059 ) ;
#2055 = CARTESIAN_POINT ( 'NONE',  ( 54.14999999999992752, 4.345806406413841749, -5.867089650977403537 ) ) ;
#2056 = VERTEX_POINT ( 'NONE', #5566 ) ;
#2057 = DIRECTION ( 'NONE',  ( 0.000000000000000000, 1.000000000000000000, 0.000000000000000000 ) ) ;
#2058 = DIRECTION ( 'NONE',  ( 0.000000000000000000, -1.000000000000000000, 0.000000000000000000 ) ) ;
#2059 = CARTESIAN_POINT ( 'NONE',  ( -54.14999999999999858, 3.285234860469026241, -13.65000000000000036 ) ) ;
#2060 = EDGE_LOOP ( 'NONE', ( #3967, #695, #1059, #2221 ) ) ;
#2061 = EDGE_CURVE ( 'NONE', #3984, #2147, #3011, .T. ) ;
#2062 = LINE ( 'NONE', #414, #2118 ) ;
#2063 = EDGE_CURVE ( 'NONE', #4820, #2337, #2917, .T. ) ;
#2064 = DIRECTION ( 'NONE',  ( -0.000000000000000000, -1.000000000000000000, -0.000000000000000000 ) ) ;
#2065 = LINE ( 'NONE', #792, #3696 ) ;
#2066 = CARTESIAN_POINT ( 'NONE',  ( -3.299999999999999822, 1.850000000000000089, -12.44999999999999929 ) ) ;
#2067 = VERTEX_POINT ( 'NONE', #2985 ) ;
#2068 = FACE_OUTER_BOUND ( 'NONE', #5483, .T. ) ;
#2069 = ORIENTED_EDGE ( 'NONE', *, *, #3593, .F. ) ;
#2070 = CARTESIAN_POINT ( 'NONE',  ( -7.149999999999995026, -0.8499999999999998668, -9.316666666666671759 ) ) ;
#2071 = VERTEX_POINT ( 'NONE', #5690 ) ;
#2072 = DIRECTION ( 'NONE',  ( 0.000000000000000000, 0.000000000000000000, 1.000000000000000000 ) ) ;
#2073 = DIRECTION ( 'NONE',  ( 1.000000000000000000, -0.000000000000000000, -0.000000000000000000 ) ) ;
#2074 = EDGE_CURVE ( 'NONE', #4582, #2746, #1644, .T. ) ;
#2075 = CARTESIAN_POINT ( 'NONE',  ( -14.14999999999999503, -0.8499999999999999778, -12.94999999999999929 ) ) ;
#2076 = DIRECTION ( 'NONE',  ( 0.000000000000000000, -0.000000000000000000, 1.000000000000000000 ) ) ;
#2077 = ORIENTED_EDGE ( 'NONE', *, *, #3422, .F. ) ;
#2078 = ORIENTED_EDGE ( 'NONE', *, *, #2683, .T. ) ;
#2079 = LINE ( 'NONE', #1696, #5752 ) ;
#2080 = CYLINDRICAL_SURFACE ( 'NONE', #2484, 1.850000000000000977 ) ;
#2081 = CARTESIAN_POINT ( 'NONE',  ( -14.14999999999999503, -2.129882892781538750, -7.885818395637513412 ) ) ;
#2082 = DIRECTION ( 'NONE',  ( 1.000000000000000000, 0.000000000000000000, 0.000000000000000000 ) ) ;
#2083 = CARTESIAN_POINT ( 'NONE',  ( 14.14999999999999503, -4.430308111460344200, -8.876007331713941184 ) ) ;
#2084 = ORIENTED_EDGE ( 'NONE', *, *, #4619, .T. ) ;
#2085 = DIRECTION ( 'NONE',  ( 1.000000000000000000, 0.000000000000000000, -1.807003620809175618E-16 ) ) ;
#2086 = PLANE ( 'NONE',  #1749 ) ;
#2087 = EDGE_CURVE ( 'NONE', #4271, #302, #788, .T. ) ;
#2088 = CARTESIAN_POINT ( 'NONE',  ( -54.15000000000007674, -1.084202172485504434E-16, -13.65000000000001990 ) ) ;
#2089 = ORIENTED_EDGE ( 'NONE', *, *, #1524, .T. ) ;
#2090 = ORIENTED_EDGE ( 'NONE', *, *, #3856, .F. ) ;
#2091 = DIRECTION ( 'NONE',  ( -1.000000000000000000, 0.000000000000000000, 0.000000000000000000 ) ) ;
#2092 = CARTESIAN_POINT ( 'NONE',  ( -14.04999999999999716, 8.050000000000000711, -3.149999999999999911 ) ) ;
#2093 = DIRECTION ( 'NONE',  ( 1.000000000000000000, 0.000000000000000000, -0.000000000000000000 ) ) ;
#2094 = CARTESIAN_POINT ( 'NONE',  ( 9.856325337947215104, 0.8499999999999999778, 1.000000000000000444 ) ) ;
#2095 = LINE ( 'NONE', #5215, #3888 ) ;
#2096 = CARTESIAN_POINT ( 'NONE',  ( 36.14999999999999858, 1.449999999999999956, 0.000000000000000000 ) ) ;
#2097 = VERTEX_POINT ( 'NONE', #5234 ) ;
#2098 = DIRECTION ( 'NONE',  ( 1.000000000000000000, -0.000000000000000000, -0.000000000000000000 ) ) ;
#2099 = FACE_OUTER_BOUND ( 'NONE', #531, .T. ) ;
#2100 = FACE_OUTER_BOUND ( 'NONE', #2723, .T. ) ;
#2101 = CARTESIAN_POINT ( 'NONE',  ( -14.14999999999999503, -0.9867730723459047226, -10.24397912920230702 ) ) ;
#2102 = ADVANCED_FACE ( 'NONE', ( #3886, #3453 ), #2086, .T. ) ;
#2103 = ADVANCED_FACE ( 'NONE', ( #3360 ), #357, .F. ) ;
#2104 = EDGE_LOOP ( 'NONE', ( #3654, #2152 ) ) ;
#2105 = VERTEX_POINT ( 'NONE', #4701 ) ;
#2106 = CARTESIAN_POINT ( 'NONE',  ( 78.44999999999997442, -5.500000000000000000, -7.299999999999998046 ) ) ;
#2107 = CARTESIAN_POINT ( 'NONE',  ( 54.14999999999999858, 2.750000000000000000, -9.650000000000000355 ) ) ;
#2108 = CARTESIAN_POINT ( 'NONE',  ( -64.34999999999999432, -7.399999999999999467, -6.000000000000000000 ) ) ;
#2109 = EDGE_LOOP ( 'NONE', ( #5326, #1049, #3851, #464 ) ) ;
#2110 = CARTESIAN_POINT ( 'NONE',  ( 65.34999999999999432, -6.399999999999999467, -5.999999999999998224 ) ) ;
#2111 = CARTESIAN_POINT ( 'NONE',  ( -3.299999999999999822, 0.8499999999999999778, -12.44999999999999929 ) ) ;
#2112 = ORIENTED_EDGE ( 'NONE', *, *, #4153, .F. ) ;
#2113 = ORIENTED_EDGE ( 'NONE', *, *, #1344, .F. ) ;
#2114 = VECTOR ( 'NONE', #1273, 1000.000000000000000 ) ;
#2115 = CARTESIAN_POINT ( 'NONE',  ( -14.14999999999999503, -3.370117107218460806, -11.41418160436249174 ) ) ;
#2116 = DIRECTION ( 'NONE',  ( 0.000000000000000000, -1.000000000000000000, 1.393974221767076904E-15 ) ) ;
#2117 = CARTESIAN_POINT ( 'NONE',  ( 14.14999999999999858, 3.772035979957539809, -8.084010084480675928 ) ) ;
#2118 = VECTOR ( 'NONE', #390, 1000.000000000000000 ) ;
#2119 = PLANE ( 'NONE',  #1733 ) ;
#2120 = VECTOR ( 'NONE', #4991, 1000.000000000000000 ) ;
#2121 = LINE ( 'NONE', #2583, #3532 ) ;
#2122 = CIRCLE ( 'NONE', #1841, 4.649999999999999467 ) ;
#2123 = LINE ( 'NONE', #5570, #2403 ) ;
#2124 = CARTESIAN_POINT ( 'NONE',  ( 14.14999999999999503, -1.695983578023231741, -8.129621960759990884 ) ) ;
#2125 = VECTOR ( 'NONE', #1725, 1000.000000000000000 ) ;
#2126 = PERSON_AND_ORGANIZATION ( #18446744073709551615, #18446744073709551615 ) ;
#2127 = ORIENTED_EDGE ( 'NONE', *, *, #281, .T. ) ;
#2128 = CARTESIAN_POINT ( 'NONE',  ( -65.34999999999999432, -6.400000000000000355, -5.999999999999999112 ) ) ;
#2129 = DIRECTION ( 'NONE',  ( 1.000000000000000000, -0.000000000000000000, -0.000000000000000000 ) ) ;
#2130 = VECTOR ( 'NONE', #2014, 1000.000000000000000 ) ;
#2131 = AXIS2_PLACEMENT_3D ( 'NONE', #439, #3595, #5291 ) ;
#2132 = CARTESIAN_POINT ( 'NONE',  ( 14.14999999999999503, 2.129882892781538750, -7.885818395637513412 ) ) ;
#2133 = VERTEX_POINT ( 'NONE', #2455 ) ;
#2134 = LINE ( 'NONE', #2466, #4644 ) ;
#2135 = VECTOR ( 'NONE', #2572, 1000.000000000000000 ) ;
#2136 = ORIENTED_EDGE ( 'NONE', *, *, #3929, .F. ) ;
#2137 = VECTOR ( 'NONE', #2755, 1000.000000000000000 ) ;
#2138 = VERTEX_POINT ( 'NONE', #3854 ) ;
#2139 = FACE_OUTER_BOUND ( 'NONE', #1766, .T. ) ;
#2140 = EDGE_CURVE ( 'NONE', #1924, #5280, #700, .T. ) ;
#2141 = DIRECTION ( 'NONE',  ( 0.000000000000000000, -1.000000000000000000, 1.172110456741086074E-16 ) ) ;
#2142 = VECTOR ( 'NONE', #1356, 1000.000000000000341 ) ;
#2143 = CARTESIAN_POINT ( 'NONE',  ( -14.14999999999999858, -3.772035979957539809, -8.084010084480675928 ) ) ;
#2144 = DIRECTION ( 'NONE',  ( 0.000000000000000000, 0.000000000000000000, 1.000000000000000000 ) ) ;
#2145 = DIRECTION ( 'NONE',  ( 0.000000000000000000, 0.000000000000000000, 1.000000000000000000 ) ) ;
#2146 = ORIENTED_EDGE ( 'NONE', *, *, #2363, .T. ) ;
#2147 = VERTEX_POINT ( 'NONE', #1175 ) ;
#2148 = LINE ( 'NONE', #4080, #5456 ) ;
#2149 = PLANE ( 'NONE',  #5011 ) ;
#2150 = ADVANCED_FACE ( 'NONE', ( #4290 ), #2149, .T. ) ;
#2151 = LINE ( 'NONE', #3012, #1009 ) ;
#2152 = ORIENTED_EDGE ( 'NONE', *, *, #5416, .T. ) ;
#2153 = EDGE_CURVE ( 'NONE', #1074, #1026, #2553, .T. ) ;
#2154 = ORIENTED_EDGE ( 'NONE', *, *, #2737, .T. ) ;
#2155 = DIRECTION ( 'NONE',  ( 0.9194918846049705552, 0.3880277324282072060, -0.06300121437101922905 ) ) ;
#2156 = CARTESIAN_POINT ( 'NONE',  ( -7.149999999999995026, -0.8500000000000000888, -7.650000000000000355 ) ) ;
#2157 = DIRECTION ( 'NONE',  ( 0.000000000000000000, 0.000000000000000000, 1.000000000000000000 ) ) ;
#2158 = CARTESIAN_POINT ( 'NONE',  ( 14.14999999999999858, 1.952495566629625312, 1.934060014798052229 ) ) ;
#2159 = EDGE_CURVE ( 'NONE', #1550, #696, #5262, .T. ) ;
#2160 = ADVANCED_FACE ( 'NONE', ( #230 ), #2027, .T. ) ;
#2161 = EDGE_LOOP ( 'NONE', ( #4338, #1199, #376, #2447, #95, #670, #4843, #436 ) ) ;
#2162 = ORIENTED_EDGE ( 'NONE', *, *, #3677, .F. ) ;
#2163 = CARTESIAN_POINT ( 'NONE',  ( 65.34999999999999432, 6.399999999999999467, -13.29999999999999893 ) ) ;
#2164 = DIRECTION ( 'NONE',  ( 1.000000000000000000, 0.000000000000000000, -1.301042606982605321E-16 ) ) ;
#2165 = ORIENTED_EDGE ( 'NONE', *, *, #3565, .T. ) ;
#2166 = DIRECTION ( 'NONE',  ( 1.000000000000000000, 0.000000000000000000, -0.000000000000000000 ) ) ;
#2167 = LINE ( 'NONE', #4466, #85 ) ;
#2168 = ORIENTED_EDGE ( 'NONE', *, *, #247, .F. ) ;
#2169 = ORIENTED_EDGE ( 'NONE', *, *, #4665, .F. ) ;
#2170 = CARTESIAN_POINT ( 'NONE',  ( 14.15000000000000568, 0.9778914610237806615, -1.833028580367627614 ) ) ;
#2171 = CARTESIAN_POINT ( 'NONE',  ( -54.14999999999999147, -2.749999998084910136, -5.649999999999998579 ) ) ;
#2172 = CARTESIAN_POINT ( 'NONE',  ( -12.14999999999999503, -0.8499999999999999778, -11.65000000000000036 ) ) ;
#2173 = VERTEX_POINT ( 'NONE', #5714 ) ;
#2174 = CARTESIAN_POINT ( 'NONE',  ( 54.14999999999999858, 3.285234860469025353, -5.650000000000000355 ) ) ;
#2175 = CARTESIAN_POINT ( 'NONE',  ( 14.16000000000000725, 0.9957999566221973353, -2.229541405645509400 ) ) ;
#2176 = ORIENTED_EDGE ( 'NONE', *, *, #3028, .F. ) ;
#2177 = CARTESIAN_POINT ( 'NONE',  ( 64.34999999999999432, -2.265764042632205655, -14.30000000000000071 ) ) ;
#2178 = DIRECTION ( 'NONE',  ( -1.000000000000000000, -0.000000000000000000, -0.000000000000000000 ) ) ;
#2179 = CARTESIAN_POINT ( 'NONE',  ( -8.649999999999996803, 7.249999999999999112, -2.350000000000000533 ) ) ;
#2180 = ORIENTED_EDGE ( 'NONE', *, *, #5669, .T. ) ;
#2181 = ADVANCED_FACE ( 'NONE', ( #4442 ), #2639, .T. ) ;
#2182 = FACE_OUTER_BOUND ( 'NONE', #846, .T. ) ;
#2183 = CARTESIAN_POINT ( 'NONE',  ( 7.983333333333331616, 0.8499999999999998668, -11.65000000000000036 ) ) ;
#2184 = DIRECTION ( 'NONE',  ( -1.000000000000000000, 0.000000000000000000, 0.000000000000000000 ) ) ;
#2185 = ADVANCED_FACE ( 'NONE', ( #3127 ), #411, .T. ) ;
#2186 = DIRECTION ( 'NONE',  ( 0.000000000000000000, 0.000000000000000000, -1.000000000000000000 ) ) ;
#2187 = APPROVAL_ROLE ( '' ) ;
#2188 = ORIENTED_EDGE ( 'NONE', *, *, #599, .F. ) ;
#2189 = CARTESIAN_POINT ( 'NONE',  ( 78.44999999999997442, 7.000000000000000000, -5.800000000000000711 ) ) ;
#2190 = FACE_BOUND ( 'NONE', #3994, .T. ) ;
#2191 = DIRECTION ( 'NONE',  ( -1.000000000000000000, 0.000000000000000000, 0.000000000000000000 ) ) ;
#2192 = CARTESIAN_POINT ( 'NONE',  ( 77.44999999999998863, -2.899999999999999467, -9.649999999999998579 ) ) ;
#2193 = ORIENTED_EDGE ( 'NONE', *, *, #1349, .F. ) ;
#2194 = ORIENTED_EDGE ( 'NONE', *, *, #129, .T. ) ;
#2195 = ADVANCED_FACE ( 'NONE', ( #2202 ), #3103, .T. ) ;
#2196 = CARTESIAN_POINT ( 'NONE',  ( 14.14439968544222381, 0.9484422352252995791, -2.031558242287768934 ) ) ;
#2197 = CARTESIAN_POINT ( 'NONE',  ( -64.34999999999996589, -1.339215079511147044, -5.000000000000003553 ) ) ;
#2198 = CARTESIAN_POINT ( 'NONE',  ( -14.14999999999999325, 2.959761468301930876, -7.789572951340736573 ) ) ;
#2199 = ORIENTED_EDGE ( 'NONE', *, *, #3846, .F. ) ;
#2200 = CARTESIAN_POINT ( 'NONE',  ( -64.34999999999999432, 7.399999999999999467, -6.000000000000001776 ) ) ;
#2201 = VERTEX_POINT ( 'NONE', #2611 ) ;
#2202 = FACE_OUTER_BOUND ( 'NONE', #3777, .T. ) ;
#2203 = LINE ( 'NONE', #4917, #5475 ) ;
#2204 = DIRECTION ( 'NONE',  ( 0.000000000000000000, 1.000000000000000000, 0.000000000000000000 ) ) ;
#2205 = VECTOR ( 'NONE', #5624, 1000.000000000000000 ) ;
#2206 = CARTESIAN_POINT ( 'NONE',  ( 14.14999999999999503, 1.695887704139257490, -8.129483986046180277 ) ) ;
#2207 = CARTESIAN_POINT ( 'NONE',  ( 54.14999999999999858, 2.749999999999999556, -7.799999999999999822 ) ) ;
#2208 = ORIENTED_EDGE ( 'NONE', *, *, #2527, .F. ) ;
#2209 = CARTESIAN_POINT ( 'NONE',  ( 3.299999999999999822, 1.850000000000000089, -12.44999999999999929 ) ) ;
#2210 = LINE ( 'NONE', #3195, #5658 ) ;
#2211 = CIRCLE ( 'NONE', #795, 0.5000000000000000000 ) ;
#2212 = EDGE_CURVE ( 'NONE', #5296, #759, #3568, .T. ) ;
#2213 =( LENGTH_UNIT ( ) NAMED_UNIT ( * ) SI_UNIT ( .MILLI., .METRE. ) );
#2214 = ORIENTED_EDGE ( 'NONE', *, *, #2563, .T. ) ;
#2215 = VECTOR ( 'NONE', #1806, 1000.000000000000000 ) ;
#2216 = CARTESIAN_POINT ( 'NONE',  ( 11.81515681431333853, 0.8499999999999998668, -1.000000000000000000 ) ) ;
#2217 = CYLINDRICAL_SURFACE ( 'NONE', #1467, 0.5000000000000000000 ) ;
#2218 = CARTESIAN_POINT ( 'NONE',  ( 14.15000000000001101, 1.905643607304755127, -1.769430951506095306 ) ) ;
#2219 = AXIS2_PLACEMENT_3D ( 'NONE', #5454, #2890, #3764 ) ;
#2220 = LINE ( 'NONE', #4371, #450 ) ;
#2221 = ORIENTED_EDGE ( 'NONE', *, *, #3198, .F. ) ;
#2222 = CARTESIAN_POINT ( 'NONE',  ( -70.54999999999996874, 2.800000000000001599, -9.649999999999998579 ) ) ;
#2223 = VECTOR ( 'NONE', #3117, 1000.000000000000000 ) ;
#2224 = CARTESIAN_POINT ( 'NONE',  ( 14.15000000000000568, 1.376985294427673479, 2.503344962501291349 ) ) ;
#2225 = FACE_OUTER_BOUND ( 'NONE', #3038, .T. ) ;
#2226 = LINE ( 'NONE', #463, #4078 ) ;
#2227 = AXIS2_PLACEMENT_3D ( 'NONE', #3295, #196, #3652 ) ;
#2228 = CIRCLE ( 'NONE', #3626, 2.000000000000000000 ) ;
#2229 = EDGE_CURVE ( 'NONE', #1306, #1435, #910, .T. ) ;
#2230 = ORIENTED_EDGE ( 'NONE', *, *, #4782, .F. ) ;
#2231 = CARTESIAN_POINT ( 'NONE',  ( 9.856325337947215104, 0.8499999999999999778, 2.999999999999999556 ) ) ;
#2232 = VERTEX_POINT ( 'NONE', #1730 ) ;
#2233 = ORIENTED_EDGE ( 'NONE', *, *, #4026, .T. ) ;
#2234 = VECTOR ( 'NONE', #948, 1000.000000000000000 ) ;
#2235 = DIRECTION ( 'NONE',  ( -1.000000000000000000, 0.000000000000000000, 0.000000000000000000 ) ) ;
#2236 = DIRECTION ( 'NONE',  ( 1.000000000000000000, -0.000000000000000000, -0.000000000000000000 ) ) ;
#2237 = DIRECTION ( 'NONE',  ( 0.000000000000000000, -0.000000000000000000, 1.000000000000000000 ) ) ;
#2238 = LINE ( 'NONE', #5352, #5183 ) ;
#2239 = DIRECTION ( 'NONE',  ( -1.000000000000000000, 0.000000000000000000, 0.000000000000000000 ) ) ;
#2240 = FACE_OUTER_BOUND ( 'NONE', #5167, .T. ) ;
#2241 = CARTESIAN_POINT ( 'NONE',  ( -14.14999999999999503, 2.750000000000000000, -9.650000000000000355 ) ) ;
#2242 = CARTESIAN_POINT ( 'NONE',  ( 64.34999999999999432, 6.399999999999999467, -5.000000000000000888 ) ) ;
#2243 = ORIENTED_EDGE ( 'NONE', *, *, #2880, .T. ) ;
#2244 = PRODUCT_RELATED_PRODUCT_CATEGORY ( 'detail', '', ( #2953 ) ) ;
#2245 = CARTESIAN_POINT ( 'NONE',  ( 10.21334499148931130, 0.8499999999999998668, -1.000000000000000000 ) ) ;
#2246 = CARTESIAN_POINT ( 'NONE',  ( -69.44999999999998863, -6.999999999999999112, -11.99999999999998757 ) ) ;
#2247 = CARTESIAN_POINT ( 'NONE',  ( 65.34999999999999432, -6.399999999999999467, -5.999999999999998224 ) ) ;
#2248 = CARTESIAN_POINT ( 'NONE',  ( -64.34999999999999432, 7.399999999999999467, -14.30000000000000071 ) ) ;
#2249 = ORIENTED_EDGE ( 'NONE', *, *, #3534, .T. ) ;
#2250 = EDGE_CURVE ( 'NONE', #3149, #1924, #4951, .T. ) ;
#2251 = FACE_OUTER_BOUND ( 'NONE', #2732, .T. ) ;
#2252 = LINE ( 'NONE', #1722, #4359 ) ;
#2253 = EDGE_CURVE ( 'NONE', #2877, #4226, #942, .T. ) ;
#2254 = CARTESIAN_POINT ( 'NONE',  ( 13.15000000000000391, 0.8499999999999998668, 1.666666666666666519 ) ) ;
#2255 = LINE ( 'NONE', #4049, #3715 ) ;
#2256 = ORIENTED_EDGE ( 'NONE', *, *, #1559, .T. ) ;
#2257 = ORIENTED_EDGE ( 'NONE', *, *, #4615, .T. ) ;
#2258 = ADVANCED_FACE ( 'NONE', ( #4054 ), #4889, .F. ) ;
#2259 = LINE ( 'NONE', #4030, #2775 ) ;
#2260 = CARTESIAN_POINT ( 'NONE',  ( -54.14999999999999858, -4.345806406413836420, -13.43291034902260961 ) ) ;
#2261 = CARTESIAN_POINT ( 'NONE',  ( -14.14999999999999503, -0.9867730723459047226, -10.24397912920230702 ) ) ;
#2262 = CARTESIAN_POINT ( 'NONE',  ( 65.34999999999999432, 7.399999999999999467, -6.000000000000001776 ) ) ;
#2263 = PLANE ( 'NONE',  #3802 ) ;
#2264 = DIRECTION ( 'NONE',  ( 0.000000000000000000, 0.000000000000000000, -1.000000000000000000 ) ) ;
#2265 = CARTESIAN_POINT ( 'NONE',  ( -3.300000000000001155, 1.850000000000000089, -5.849999999999999645 ) ) ;
#2266 = EDGE_CURVE ( 'NONE', #2201, #2565, #64, .T. ) ;
#2267 = VERTEX_POINT ( 'NONE', #3632 ) ;
#2268 = ORIENTED_EDGE ( 'NONE', *, *, #201, .F. ) ;
#2269 = CARTESIAN_POINT ( 'NONE',  ( 14.15000000000000391, 1.652910096344935909, -1.535746976023260491 ) ) ;
#2270 = DIRECTION ( 'NONE',  ( 0.000000000000000000, 1.000000000000000000, 0.000000000000000000 ) ) ;
#2271 = ORIENTED_EDGE ( 'NONE', *, *, #2250, .T. ) ;
#2272 = LINE ( 'NONE', #3061, #909 ) ;
#2273 = ORIENTED_EDGE ( 'NONE', *, *, #2481, .T. ) ;
#2274 = ORIENTED_EDGE ( 'NONE', *, *, #2367, .F. ) ;
#2275 = CARTESIAN_POINT ( 'NONE',  ( 64.34999999999999432, -7.524168565514620433, -9.649999999999977263 ) ) ;
#2276 = FACE_OUTER_BOUND ( 'NONE', #4522, .T. ) ;
#2277 = CARTESIAN_POINT ( 'NONE',  ( -54.15000000000006963, 5.671673470966813291, -6.768617959457595035 ) ) ;
#2278 = CARTESIAN_POINT ( 'NONE',  ( -65.34999999999999432, -7.399999999999999467, -13.29999999999999716 ) ) ;
#2279 = EDGE_CURVE ( 'NONE', #3507, #1405, #4414, .T. ) ;
#2280 = ORIENTED_EDGE ( 'NONE', *, *, #692, .F. ) ;
#2281 = ORIENTED_EDGE ( 'NONE', *, *, #1239, .F. ) ;
#2282 = DIRECTION ( 'NONE',  ( 0.000000000000000000, -1.000000000000000000, 2.775557561562893816E-16 ) ) ;
#2283 = LINE ( 'NONE', #65, #2029 ) ;
#2284 = DIRECTION ( 'NONE',  ( -0.000000000000000000, 1.000000000000000000, 0.000000000000000000 ) ) ;
#2285 = LINE ( 'NONE', #2835, #3408 ) ;
#2286 = FACE_OUTER_BOUND ( 'NONE', #2394, .T. ) ;
#2287 = DIRECTION ( 'NONE',  ( 0.000000000000000000, 0.000000000000000000, 1.000000000000000000 ) ) ;
#2288 = ADVANCED_FACE ( 'NONE', ( #1323 ), #1298, .T. ) ;
#2289 = PERSON_AND_ORGANIZATION_ROLE ( 'classification_officer' ) ;
#2290 = VERTEX_POINT ( 'NONE', #2702 ) ;
#2291 = CARTESIAN_POINT ( 'NONE',  ( 12.14999999999999503, 0.8499999999999998668, -9.983333333333328952 ) ) ;
#2292 = AXIS2_PLACEMENT_3D ( 'NONE', #4979, #5457, #3635 ) ;
#2293 = DIRECTION ( 'NONE',  ( 0.000000000000000000, 0.000000000000000000, 1.000000000000000000 ) ) ;
#2294 = CARTESIAN_POINT ( 'NONE',  ( 78.44999999999997442, -5.500000000000000000, -11.99999999999999822 ) ) ;
#2295 = AXIS2_PLACEMENT_3D ( 'NONE', #2735, #5730, #4489 ) ;
#2296 = EDGE_LOOP ( 'NONE', ( #4943, #1695, #1879, #3196, #5596, #563 ) ) ;
#2297 = ORIENTED_EDGE ( 'NONE', *, *, #4569, .F. ) ;
#2298 = CARTESIAN_POINT ( 'NONE',  ( 54.14999999999999858, 2.314938844950380936, -13.65000000000000213 ) ) ;
#2299 = VECTOR ( 'NONE', #224, 1000.000000000000114 ) ;
#2300 = CIRCLE ( 'NONE', #1279, 1.700000000000000178 ) ;
#2301 = CARTESIAN_POINT ( 'NONE',  ( 54.15000000000006963, 4.345806406413844414, -5.867089650977393767 ) ) ;
#2302 = CARTESIAN_POINT ( 'NONE',  ( -14.14999999999999503, 2.129882892781538750, -7.885818395637513412 ) ) ;
#2303 = AXIS2_PLACEMENT_3D ( 'NONE', #5150, #3863, #2992 ) ;
#2304 = VERTEX_POINT ( 'NONE', #4865 ) ;
#2305 = AXIS2_PLACEMENT_3D ( 'NONE', #2106, #3445, #1229 ) ;
#2306 = ORIENTED_EDGE ( 'NONE', *, *, #1906, .F. ) ;
#2307 = ORIENTED_EDGE ( 'NONE', *, *, #451, .F. ) ;
#2308 = VERTEX_POINT ( 'NONE', #4477 ) ;
#2309 = ORIENTED_EDGE ( 'NONE', *, *, #3268, .F. ) ;
#2310 = ADVANCED_FACE ( 'NONE', ( #5321 ), #1851, .F. ) ;
#2311 = CARTESIAN_POINT ( 'NONE',  ( 14.15000000000000568, 1.664856192915729727, -2.459887204164722618 ) ) ;
#2312 = DIRECTION ( 'NONE',  ( 0.000000000000000000, 1.000000000000000000, 0.000000000000000000 ) ) ;
#2313 = AXIS2_PLACEMENT_3D ( 'NONE', #3624, #5368, #3154 ) ;
#2314 = VECTOR ( 'NONE', #1385, 1000.000000000000000 ) ;
#2315 = DIRECTION ( 'NONE',  ( 1.000000000000000000, -0.000000000000000000, -0.000000000000000000 ) ) ;
#2316 = ORIENTED_EDGE ( 'NONE', *, *, #2559, .F. ) ;
#2317 = AXIS2_PLACEMENT_3D ( 'NONE', #1180, #1649, #3895 ) ;
#2318 = EDGE_CURVE ( 'NONE', #5611, #1412, #3710, .T. ) ;
#2319 = CARTESIAN_POINT ( 'NONE',  ( -14.14999999999999503, -0.8499999999999999778, 12.94999999999999929 ) ) ;
#2320 = CARTESIAN_POINT ( 'NONE',  ( 54.14999999999999858, 3.285234860469026241, -13.65000000000000036 ) ) ;
#2321 = CARTESIAN_POINT ( 'NONE',  ( 14.14999999999999503, -0.9283850214229042441, -10.03912442714443287 ) ) ;
#2322 = VECTOR ( 'NONE', #1983, 1000.000000000000114 ) ;
#2323 = VERTEX_POINT ( 'NONE', #821 ) ;
#2324 = EDGE_LOOP ( 'NONE', ( #4671, #2336, #1513, #2681 ) ) ;
#2325 = CARTESIAN_POINT ( 'NONE',  ( 7.149999999999995026, -0.8499999999999998668, -9.983333333333339610 ) ) ;
#2326 = CARTESIAN_POINT ( 'NONE',  ( -65.34999999999999432, -6.999999999999999112, -7.300000000000008704 ) ) ;
#2327 = EDGE_CURVE ( 'NONE', #4591, #4975, #2259, .T. ) ;
#2328 = CARTESIAN_POINT ( 'NONE',  ( -14.04999999999999716, 7.249999999999999112, 0.8499999999999998668 ) ) ;
#2329 = EDGE_CURVE ( 'NONE', #4468, #52, #387, .T. ) ;
#2330 = DIRECTION ( 'NONE',  ( 0.000000000000000000, -1.000000000000000000, 1.172110456741086074E-16 ) ) ;
#2331 = ORIENTED_EDGE ( 'NONE', *, *, #1631, .F. ) ;
#2332 = CARTESIAN_POINT ( 'NONE',  ( 5.250000000000007994, 0.8499999999999999778, 12.84999999999999964 ) ) ;
#2333 = CARTESIAN_POINT ( 'NONE',  ( 64.34999999999996589, -1.339215079511147044, -5.000000000000003553 ) ) ;
#2334 = LINE ( 'NONE', #1965, #2120 ) ;
#2335 = CARTESIAN_POINT ( 'NONE',  ( -14.04999999999999716, 6.200000000000000178, 0.05000000000000003053 ) ) ;
#2336 = ORIENTED_EDGE ( 'NONE', *, *, #1112, .F. ) ;
#2337 = VERTEX_POINT ( 'NONE', #5452 ) ;
#2338 = VERTEX_POINT ( 'NONE', #4554 ) ;
#2339 = CARTESIAN_POINT ( 'NONE',  ( 12.61606272572532994, 0.8499999999999998668, -3.000000000000000000 ) ) ;
#2340 = FACE_OUTER_BOUND ( 'NONE', #867, .T. ) ;
#2341 = CARTESIAN_POINT ( 'NONE',  ( -12.24999999999999289, 1.927406647131493678, 0.8499999999999992006 ) ) ;
#2342 = EDGE_CURVE ( 'NONE', #2829, #541, #1053, .T. ) ;
#2343 = DIRECTION ( 'NONE',  ( -1.000000000000000000, 0.000000000000000000, 0.000000000000000000 ) ) ;
#2344 = DIRECTION ( 'NONE',  ( -0.000000000000000000, -0.000000000000000000, -1.000000000000000000 ) ) ;
#2345 = DIRECTION ( 'NONE',  ( 1.000000000000000000, -0.000000000000000000, -0.000000000000000000 ) ) ;
#2346 = ORIENTED_EDGE ( 'NONE', *, *, #2482, .F. ) ;
#2347 = ORIENTED_EDGE ( 'NONE', *, *, #1010, .T. ) ;
#2348 = EDGE_CURVE ( 'NONE', #13, #5492, #4835, .T. ) ;
#2349 = B_SPLINE_SURFACE_WITH_KNOTS ( 'NONE', 3, 1, ( 
 ( #2610, #1729 ),
 ( #4801, #3621 ),
 ( #543, #2333 ),
 ( #1260, #3180 ),
 ( #3917, #1431 ),
 ( #4864, #3041 ),
 ( #4967, #1702 ),
 ( #1236, #5421 ),
 ( #3208, #1407 ),
 ( #1875, #962 ),
 ( #4830, #787 ),
 ( #4107, #4990 ),
 ( #819, #4352 ),
 ( #986, #507 ),
 ( #2740, #4383 ),
 ( #2298, #115 ),
 ( #355, #2638 ),
 ( #1903, #3478 ),
 ( #5397, #386 ),
 ( #3674, #2177 ),
 ( #3010, #3940 ),
 ( #2575, #3504 ),
 ( #5290, #1296 ),
 ( #3075, #4413 ),
 ( #482, #2275 ),
 ( #4046, #1838 ),
 ( #4186, #2904 ),
 ( #685, #2464 ),
 ( #3236, #5103 ),
 ( #1964, #4210 ) ),
 .UNSPECIFIED., .T., .F., .F.,
 ( 4, 1, 1, 1, 2, 1, 1, 1, 1, 1, 1, 1, 2, 1, 1, 1, 2, 1, 1, 1, 1, 1, 1, 1, 4 ),
 ( 2, 2 ),
 ( 0.000000000000000000, 0.03612190552848214276, 0.07224381105696428551, 0.1083657165854464283, 0.1444876221139285710, 0.1889266693496874927, 0.2333657165854463866, 0.2778047638212053361, 0.3222438110569642022, 0.3666828582927231794, 0.4111219055284821566, 0.4555609527642410228, 0.5000000000000000000, 0.5361219055284822677, 0.5722438110569643133, 0.6083657165854463589, 0.6444876221139285155, 0.6889266693496874927, 0.7333657165854463589, 0.7778047638212053361, 0.8222438110569643133, 0.8666828582927231794, 0.9111219055284820456, 0.9555609527642410228, 1.000000000000000000 ),
 ( 0.000000000000000000, 1.000000000000000000 ),
 .UNSPECIFIED. ) ;
#2350 = EDGE_CURVE ( 'NONE', #992, #1378, #602, .T. ) ;
#2351 = ORIENTED_EDGE ( 'NONE', *, *, #683, .F. ) ;
#2352 = CARTESIAN_POINT ( 'NONE',  ( 14.14999999999999680, -4.121269170589943798, -10.91068228026195719 ) ) ;
#2353 = EDGE_LOOP ( 'NONE', ( #4345, #3378, #2306, #940 ) ) ;
#2354 = LINE ( 'NONE', #4122, #2682 ) ;
#2355 = CARTESIAN_POINT ( 'NONE',  ( -12.24999999999999289, 8.050000000000000711, 8.849999999999997868 ) ) ;
#2356 = EDGE_CURVE ( 'NONE', #4307, #5412, #5484, .T. ) ;
#2357 = CARTESIAN_POINT ( 'NONE',  ( -54.15000000000021885, 5.671673470966819508, -6.768617959457587041 ) ) ;
#2358 = ORIENTED_EDGE ( 'NONE', *, *, #5324, .T. ) ;
#2359 = CARTESIAN_POINT ( 'NONE',  ( -7.149999999999995914, 0.8499999999999999778, -11.65000000000000036 ) ) ;
#2360 = CARTESIAN_POINT ( 'NONE',  ( 78.44999999999997442, -3.599999999999999645, -6.899999999999996803 ) ) ;
#2361 = CARTESIAN_POINT ( 'NONE',  ( 54.15000000000014779, 4.345806406413836420, -13.43291034902261138 ) ) ;
#2362 = CARTESIAN_POINT ( 'NONE',  ( 54.14999999999999858, 2.750000000000000444, -5.650000000000000355 ) ) ;
#2363 = EDGE_CURVE ( 'NONE', #3298, #3242, #2860, .T. ) ;
#2364 = ORIENTED_EDGE ( 'NONE', *, *, #1706, .F. ) ;
#2365 = ORIENTED_EDGE ( 'NONE', *, *, #1441, .F. ) ;
#2366 = EDGE_LOOP ( 'NONE', ( #3002, #3510, #3787, #370 ) ) ;
#2367 = EDGE_CURVE ( 'NONE', #3865, #2879, #5031, .T. ) ;
#2368 = EDGE_CURVE ( 'NONE', #5492, #3762, #3188, .T. ) ;
#2369 = CARTESIAN_POINT ( 'NONE',  ( 14.15000000000000568, 1.178960386078897082, -2.425727316722262383 ) ) ;
#2370 = DIRECTION ( 'NONE',  ( 0.000000000000000000, 0.000000000000000000, 1.000000000000000000 ) ) ;
#2371 = PLANE ( 'NONE',  #5556 ) ;
#2372 = ORIENTED_EDGE ( 'NONE', *, *, #5589, .T. ) ;
#2373 = LINE ( 'NONE', #1859, #5371 ) ;
#2374 = CARTESIAN_POINT ( 'NONE',  ( 54.14999999999993463, -1.412677864186193899, -13.64999999999998614 ) ) ;
#2375 = ADVANCED_FACE ( 'NONE', ( #1996 ), #1561, .T. ) ;
#2376 = DIRECTION ( 'NONE',  ( -7.542275982507858133E-16, 0.000000000000000000, 1.000000000000000000 ) ) ;
#2377 = PERSON_AND_ORGANIZATION ( #18446744073709551615, #18446744073709551615 ) ;
#2378 = DIRECTION ( 'NONE',  ( 0.000000000000000000, 0.000000000000000000, -1.000000000000000000 ) ) ;
#2379 = CARTESIAN_POINT ( 'NONE',  ( -12.14999999999999503, 0.8499999999999999778, -11.65000000000000036 ) ) ;
#2380 = ADVANCED_FACE ( 'NONE', ( #4607 ), #2429, .F. ) ;
#2381 = CARTESIAN_POINT ( 'NONE',  ( 16.15000000000000568, 1.449999999999999956, 0.000000000000000000 ) ) ;
#2382 = DIRECTION ( 'NONE',  ( 1.000000000000000000, 0.000000000000000000, 0.000000000000000000 ) ) ;
#2383 = EDGE_CURVE ( 'NONE', #4637, #922, #4193, .T. ) ;
#2384 = CARTESIAN_POINT ( 'NONE',  ( -2.749999999999993783, 5.050000000000000711, 2.850000000000000089 ) ) ;
#2385 = VERTEX_POINT ( 'NONE', #5403 ) ;
#2386 = AXIS2_PLACEMENT_3D ( 'NONE', #1157, #4236, #2930 ) ;
#2387 = CARTESIAN_POINT ( 'NONE',  ( -12.24999999999999289, 7.249999999999999112, 3.149999999999999023 ) ) ;
#2388 = DIRECTION ( 'NONE',  ( -1.000000000000000000, 0.000000000000000000, 1.316708277204006142E-16 ) ) ;
#2389 = ADVANCED_FACE ( 'NONE', ( #1883 ), #2777, .T. ) ;
#2390 = CARTESIAN_POINT ( 'NONE',  ( -7.449999999999995737, 8.050000000000000711, 6.549999999999998934 ) ) ;
#2391 = VECTOR ( 'NONE', #446, 1000.000000000000000 ) ;
#2392 = CARTESIAN_POINT ( 'NONE',  ( 64.34999999999999432, 6.399999999999999467, -13.29999999999999893 ) ) ;
#2393 = ORIENTED_EDGE ( 'NONE', *, *, #3534, .F. ) ;
#2394 = EDGE_LOOP ( 'NONE', ( #3533, #167, #276, #4498 ) ) ;
#2395 = ORIENTED_EDGE ( 'NONE', *, *, #5173, .T. ) ;
#2396 = AXIS2_PLACEMENT_3D ( 'NONE', #1153, #5125, #4147 ) ;
#2397 = VECTOR ( 'NONE', #3922, 1000.000000000000000 ) ;
#2398 = CARTESIAN_POINT ( 'NONE',  ( 13.15000000000000568, 0.8499999999999999778, -3.000000000000000000 ) ) ;
#2399 = CARTESIAN_POINT ( 'NONE',  ( 16.15000000000000568, 1.449999999999999956, -1.999999999999999556 ) ) ;
#2400 = DIRECTION ( 'NONE',  ( -0.000000000000000000, 1.000000000000000000, -0.000000000000000000 ) ) ;
#2401 = EDGE_CURVE ( 'NONE', #5182, #5557, #5278, .T. ) ;
#2402 = AXIS2_PLACEMENT_3D ( 'NONE', #2053, #3821, #2911 ) ;
#2403 = VECTOR ( 'NONE', #1592, 1000.000000000000000 ) ;
#2404 = DIRECTION ( 'NONE',  ( -0.000000000000000000, 1.000000000000000000, 0.000000000000000000 ) ) ;
#2405 = CIRCLE ( 'NONE', #5648, 1.850000000000000977 ) ;
#2406 = CARTESIAN_POINT ( 'NONE',  ( 54.14999999999999858, -2.314938844950380936, -13.65000000000000213 ) ) ;
#2407 = AXIS2_PLACEMENT_3D ( 'NONE', #466, #1261, #3042 ) ;
#2408 = LINE ( 'NONE', #3746, #4919 ) ;
#2409 = VECTOR ( 'NONE', #4824, 1000.000000000000000 ) ;
#2410 = CIRCLE ( 'NONE', #628, 0.9999999999999991118 ) ;
#2411 = CARTESIAN_POINT ( 'NONE',  ( 14.14999999999999503, -3.804016421976768036, -11.17037803924000983 ) ) ;
#2412 = EDGE_CURVE ( 'NONE', #5231, #5612, #5137, .T. ) ;
#2413 = CARTESIAN_POINT ( 'NONE',  ( -14.14999999999999503, 1.168510685632216495, -10.63852445020471649 ) ) ;
#2414 = CARTESIAN_POINT ( 'NONE',  ( -8.649999999999996803, 4.750000000000000000, -0.8000000000000027089 ) ) ;
#2415 = VECTOR ( 'NONE', #1684, 1000.000000000000000 ) ;
#2416 = FACE_OUTER_BOUND ( 'NONE', #3397, .T. ) ;
#2417 = AXIS2_PLACEMENT_3D ( 'NONE', #2497, #681, #3810 ) ;
#2418 = DIRECTION ( 'NONE',  ( 0.000000000000000000, 0.000000000000000000, 1.000000000000000000 ) ) ;
#2419 = ORIENTED_EDGE ( 'NONE', *, *, #4336, .F. ) ;
#2420 = CARTESIAN_POINT ( 'NONE',  ( 54.14999999999999858, -2.749999999999999556, -13.65000000000000213 ) ) ;
#2421 = DIRECTION ( 'NONE',  ( 1.000000000000000000, 0.000000000000000000, -0.000000000000000000 ) ) ;
#2422 = EDGE_CURVE ( 'NONE', #2510, #3760, #1110, .T. ) ;
#2423 = DIRECTION ( 'NONE',  ( -0.000000000000000000, 0.000000000000000000, -1.000000000000000000 ) ) ;
#2424 = LINE ( 'NONE', #94, #3898 ) ;
#2425 = ADVANCED_FACE ( 'NONE', ( #311 ), #5114, .F. ) ;
#2426 = ORIENTED_EDGE ( 'NONE', *, *, #4590, .F. ) ;
#2427 = EDGE_LOOP ( 'NONE', ( #4966, #3186, #722, #4867 ) ) ;
#2428 = ORIENTED_EDGE ( 'NONE', *, *, #3846, .T. ) ;
#2429 = PLANE ( 'NONE',  #3519 ) ;
#2430 = CYLINDRICAL_SURFACE ( 'NONE', #1472, 0.5000000000000000000 ) ;
#2431 = CARTESIAN_POINT ( 'NONE',  ( 65.34999999999999432, 7.000000000000000000, -5.800000000000000711 ) ) ;
#2432 = CARTESIAN_POINT ( 'NONE',  ( -14.14999999999999503, 0.8499999999999999778, -12.94999999999999929 ) ) ;
#2433 = CARTESIAN_POINT ( 'NONE',  ( 64.34999999999996589, -4.546899923333082683, -5.231844643362119740 ) ) ;
#2434 = CARTESIAN_POINT ( 'NONE',  ( 14.15000000000000568, 1.449999999999999956, -1.999999999999999556 ) ) ;
#2435 = CARTESIAN_POINT ( 'NONE',  ( 14.14999999999999503, -4.612205218160180920, -9.693481897772610267 ) ) ;
#2436 = CARTESIAN_POINT ( 'NONE',  ( -11.31666666666666465, 0.8499999999999998668, -11.65000000000000036 ) ) ;
#2437 = CARTESIAN_POINT ( 'NONE',  ( 14.14999999999999503, 4.475598650147010638, -10.35369477970231955 ) ) ;
#2438 = CARTESIAN_POINT ( 'NONE',  ( -65.34999999999999432, -5.500000000000000000, -13.49999999999999822 ) ) ;
#2439 = DIRECTION ( 'NONE',  ( 0.000000000000000000, 0.000000000000000000, -1.000000000000000000 ) ) ;
#2440 = ORIENTED_EDGE ( 'NONE', *, *, #1502, .F. ) ;
#2441 = CARTESIAN_POINT ( 'NONE',  ( -7.149999999999995026, 0.8499999999999999778, -7.650000000000000355 ) ) ;
#2442 = DIRECTION ( 'NONE',  ( 0.000000000000000000, -1.000000000000000000, 1.652117596168389531E-15 ) ) ;
#2443 = CARTESIAN_POINT ( 'NONE',  ( 7.566666666666660213, 0.8499999999999998668, -7.650000000000000355 ) ) ;
#2444 = CARTESIAN_POINT ( 'NONE',  ( -64.34999999999999432, 7.399999999999999467, -14.30000000000000071 ) ) ;
#2445 = VERTEX_POINT ( 'NONE', #663 ) ;
#2446 = ORIENTED_EDGE ( 'NONE', *, *, #2212, .F. ) ;
#2447 = ORIENTED_EDGE ( 'NONE', *, *, #1615, .T. ) ;
#2448 = CARTESIAN_POINT ( 'NONE',  ( 69.44999999999998863, -5.499999999999988454, -5.799999999999998046 ) ) ;
#2449 = EDGE_CURVE ( 'NONE', #2701, #5009, #3789, .T. ) ;
#2450 = DIRECTION ( 'NONE',  ( 0.000000000000000000, 0.000000000000000000, -1.000000000000000000 ) ) ;
#2451 = LINE ( 'NONE', #1113, #1853 ) ;
#2452 = VERTEX_POINT ( 'NONE', #5613 ) ;
#2453 = ORIENTED_EDGE ( 'NONE', *, *, #5064, .T. ) ;
#2454 = LINE ( 'NONE', #2026, #1547 ) ;
#2455 = CARTESIAN_POINT ( 'NONE',  ( 65.34999999999999432, -6.400000000000000355, -4.999999999999999112 ) ) ;
#2456 = DIRECTION ( 'NONE',  ( 0.8796740011905005430, -0.4499291374147321720, 0.1540695392825272847 ) ) ;
#2457 = FACE_OUTER_BOUND ( 'NONE', #1862, .T. ) ;
#2458 = PLANE ( 'NONE',  #809 ) ;
#2459 = CARTESIAN_POINT ( 'NONE',  ( 78.44999999999997442, -3.599999999999999645, -12.40000000000000213 ) ) ;
#2460 = DIRECTION ( 'NONE',  ( -0.000000000000000000, 1.000000000000000000, 0.000000000000000000 ) ) ;
#2461 = CARTESIAN_POINT ( 'NONE',  ( -14.14999999999999503, -1.695887704139257490, -8.129483986046180277 ) ) ;
#2462 = VERTEX_POINT ( 'NONE', #4792 ) ;
#2463 = DIRECTION ( 'NONE',  ( 0.000000000000000000, 0.000000000000000000, -1.000000000000000000 ) ) ;
#2464 = CARTESIAN_POINT ( 'NONE',  ( 64.34999999999996589, -4.546899923333082683, -5.231844643362119740 ) ) ;
#2465 = FACE_OUTER_BOUND ( 'NONE', #1275, .T. ) ;
#2466 = CARTESIAN_POINT ( 'NONE',  ( 54.14999999999999858, 2.750000000000000444, -5.650000000000000355 ) ) ;
#2467 = CIRCLE ( 'NONE', #5729, 0.9999999999999991118 ) ;
#2468 = ORIENTED_EDGE ( 'NONE', *, *, #3999, .T. ) ;
#2469 = ORIENTED_EDGE ( 'NONE', *, *, #4514, .F. ) ;
#2470 = CARTESIAN_POINT ( 'NONE',  ( -13.04999999999999538, 4.750000000000000000, -0.8000000000000021538 ) ) ;
#2471 = VECTOR ( 'NONE', #3744, 1000.000000000000000 ) ;
#2472 = CARTESIAN_POINT ( 'NONE',  ( 77.44999999999998863, -2.899999999999999467, -7.949999999999998401 ) ) ;
#2473 = DIRECTION ( 'NONE',  ( 1.000000000000000000, 0.000000000000000000, 0.000000000000000000 ) ) ;
#2474 = ADVANCED_FACE ( 'NONE', ( #725 ), #4218, .T. ) ;
#2475 = CARTESIAN_POINT ( 'NONE',  ( 64.34999999999999432, 2.059984127722458425E-15, -4.999999999999999112 ) ) ;
#2476 = VECTOR ( 'NONE', #927, 1000.000000000000000 ) ;
#2477 = EDGE_LOOP ( 'NONE', ( #2018, #837, #2761, #4908, #852, #1024 ) ) ;
#2478 = ORIENTED_EDGE ( 'NONE', *, *, #3946, .T. ) ;
#2479 = FACE_OUTER_BOUND ( 'NONE', #2790, .T. ) ;
#2480 = DIRECTION ( 'NONE',  ( 0.000000000000000000, 0.000000000000000000, 1.000000000000000000 ) ) ;
#2481 = EDGE_CURVE ( 'NONE', #3053, #1019, #778, .T. ) ;
#2482 = EDGE_CURVE ( 'NONE', #4499, #282, #5586, .T. ) ;
#2483 = CARTESIAN_POINT ( 'NONE',  ( -64.34999999999999432, 7.152246326680227639, -7.804090313690918990 ) ) ;
#2484 = AXIS2_PLACEMENT_3D ( 'NONE', #2107, #3847, #1637 ) ;
#2485 = AXIS2_PLACEMENT_3D ( 'NONE', #2616, #3515, #416 ) ;
#2486 = EDGE_CURVE ( 'NONE', #5584, #731, #3407, .T. ) ;
#2487 = ORIENTED_EDGE ( 'NONE', *, *, #637, .F. ) ;
#2488 = VECTOR ( 'NONE', #86, 1000.000000000000000 ) ;
#2489 = CIRCLE ( 'NONE', #1388, 1.700000000000000178 ) ;
#2490 = CARTESIAN_POINT ( 'NONE',  ( -14.14999999999999503, 1.069691888539655356, -10.42399266828605953 ) ) ;
#2491 = CARTESIAN_POINT ( 'NONE',  ( 69.44999999999998863, 7.000000000000000000, -5.800000000000000711 ) ) ;
#2492 = CARTESIAN_POINT ( 'NONE',  ( -12.24999999999999289, 7.249999999999999112, 3.149999999999999023 ) ) ;
#2493 = CARTESIAN_POINT ( 'NONE',  ( -65.34999999999999432, 6.399999999999999467, -14.30000000000000071 ) ) ;
#2494 = DIRECTION ( 'NONE',  ( 0.000000000000000000, 1.000000000000000000, -1.172110456741086074E-16 ) ) ;
#2495 = AXIS2_PLACEMENT_3D ( 'NONE', #4406, #4436, #406 ) ;
#2496 = VECTOR ( 'NONE', #4174, 1000.000000000000000 ) ;
#2497 = CARTESIAN_POINT ( 'NONE',  ( 65.34999999999999432, -5.500000000000000000, -11.99999999999999822 ) ) ;
#2498 = B_SPLINE_CURVE_WITH_KNOTS ( 'NONE', 3,
 ( #1081, #552, #1476, #72, #3686, #102, #123, #1975, #3220, #3280 ),
 .UNSPECIFIED., .F., .F.,
 ( 4, 2, 2, 2, 4 ),
 ( 0.000000000000000000, 0.2500000000000000000, 0.5000000000000000000, 0.7500000000000000000, 1.000000000000000000 ),
 .UNSPECIFIED. ) ;
#2499 = ORIENTED_EDGE ( 'NONE', *, *, #1999, .F. ) ;
#2500 = DIRECTION ( 'NONE',  ( 0.000000000000000000, 0.000000000000000000, 1.000000000000000000 ) ) ;
#2501 = CARTESIAN_POINT ( 'NONE',  ( -8.649999999999996803, 1.636454033335750902, -2.350000000000000089 ) ) ;
#2502 = EDGE_CURVE ( 'NONE', #5231, #1713, #1662, .T. ) ;
#2503 = ORIENTED_EDGE ( 'NONE', *, *, #805, .F. ) ;
#2504 = EDGE_LOOP ( 'NONE', ( #1500, #1909, #4846, #5209, #504 ) ) ;
#2505 = CARTESIAN_POINT ( 'NONE',  ( 64.34999999999999432, 0.000000000000000000, 0.000000000000000000 ) ) ;
#2506 = CARTESIAN_POINT ( 'NONE',  ( -14.14999999999999503, -1.024401349852988918, -8.946305220297677607 ) ) ;
#2507 = APPROVAL_PERSON_ORGANIZATION ( #951, #3096, #80 ) ;
#2508 = VERTEX_POINT ( 'NONE', #3381 ) ;
#2509 = VERTEX_POINT ( 'NONE', #5193 ) ;
#2510 = VERTEX_POINT ( 'NONE', #1202 ) ;
#2511 = DIRECTION ( 'NONE',  ( 1.000000000000000000, -0.000000000000000000, -0.000000000000000000 ) ) ;
#2512 = FACE_OUTER_BOUND ( 'NONE', #3709, .T. ) ;
#2513 = CARTESIAN_POINT ( 'NONE',  ( -54.15000000000038938, -4.345806406413844414, -13.43291034902263448 ) ) ;
#2514 = CARTESIAN_POINT ( 'NONE',  ( -14.14999999999999858, 4.430337716051879760, -8.875993786711596556 ) ) ;
#2515 = DIRECTION ( 'NONE',  ( 0.000000000000000000, 0.000000000000000000, 1.000000000000000000 ) ) ;
#2516 = ORIENTED_EDGE ( 'NONE', *, *, #5670, .T. ) ;
#2517 = CARTESIAN_POINT ( 'NONE',  ( -64.34999999999999432, -7.399999999999999467, -14.29999999999999893 ) ) ;
#2518 = CARTESIAN_POINT ( 'NONE',  ( 78.44999999999997442, 6.200000000000000178, -12.40000000000000213 ) ) ;
#2519 = CARTESIAN_POINT ( 'NONE',  ( -64.34999999999999432, 2.265764042632205655, -14.30000000000000071 ) ) ;
#2520 = ORIENTED_EDGE ( 'NONE', *, *, #674, .F. ) ;
#2521 = DIRECTION ( 'NONE',  ( 1.000000000000000000, 0.000000000000000000, 0.000000000000000000 ) ) ;
#2522 = CARTESIAN_POINT ( 'NONE',  ( 14.15000000000000568, -0.8499999999999999778, 12.94999999999999929 ) ) ;
#2523 = LINE ( 'NONE', #1217, #2397 ) ;
#2524 = DIRECTION ( 'NONE',  ( 0.000000000000000000, 0.000000000000000000, 1.000000000000000000 ) ) ;
#2525 = DIRECTION ( 'NONE',  ( 1.000000000000000000, 0.000000000000000000, 0.000000000000000000 ) ) ;
#2526 = EDGE_CURVE ( 'NONE', #3298, #2173, #5016, .T. ) ;
#2527 = EDGE_CURVE ( 'NONE', #2701, #3743, #5198, .T. ) ;
#2528 = DIRECTION ( 'NONE',  ( 1.000000000000000000, 0.000000000000000000, 0.000000000000000000 ) ) ;
#2529 = ORIENTED_EDGE ( 'NONE', *, *, #3340, .T. ) ;
#2530 = CARTESIAN_POINT ( 'NONE',  ( 7.250000000000006217, 5.050000000000000711, 4.850000000000000533 ) ) ;
#2531 = CARTESIAN_POINT ( 'NONE',  ( -14.14999999999999503, 0.8499999999999999778, -12.94999999999999929 ) ) ;
#2532 = CARTESIAN_POINT ( 'NONE',  ( 14.14999999999999325, 2.959761468301930876, -7.789572951340736573 ) ) ;
#2533 = DIRECTION ( 'NONE',  ( -1.000000000000000000, -0.000000000000000000, 0.000000000000000000 ) ) ;
#2534 = ORIENTED_EDGE ( 'NONE', *, *, #3268, .T. ) ;
#2535 = VERTEX_POINT ( 'NONE', #5159 ) ;
#2536 = CARTESIAN_POINT ( 'NONE',  ( -77.54999999999998295, -6.299999999999998934, -8.499999999999998224 ) ) ;
#2537 = LINE ( 'NONE', #1139, #4923 ) ;
#2538 = EDGE_CURVE ( 'NONE', #60, #4820, #3004, .T. ) ;
#2539 = CARTESIAN_POINT ( 'NONE',  ( -54.15000000000038938, -3.285234860469028462, -5.649999999999973710 ) ) ;
#2540 = EDGE_CURVE ( 'NONE', #3605, #1760, #2489, .T. ) ;
#2541 = DIRECTION ( 'NONE',  ( 1.000000000000000000, 0.000000000000000000, 0.000000000000000000 ) ) ;
#2542 = EDGE_CURVE ( 'NONE', #1635, #5136, #2977, .T. ) ;
#2543 = CARTESIAN_POINT ( 'NONE',  ( 14.16000000000000547, 0.9799009965345591988, -1.841611345693321189 ) ) ;
#2544 = ORIENTED_EDGE ( 'NONE', *, *, #740, .F. ) ;
#2545 = CARTESIAN_POINT ( 'NONE',  ( -14.14999999999999503, -1.069691888539655356, -10.42399266828605953 ) ) ;
#2546 = DIRECTION ( 'NONE',  ( 0.000000000000000000, -0.000000000000000000, -1.000000000000000000 ) ) ;
#2547 = CARTESIAN_POINT ( 'NONE',  ( -54.14999999999999858, -3.285234860469025797, -13.65000000000000213 ) ) ;
#2548 = ADVANCED_FACE ( 'NONE', ( #4763 ), #690, .F. ) ;
#2549 = CARTESIAN_POINT ( 'NONE',  ( -3.300000000000001155, 1.850000000000000089, -5.849999999999999645 ) ) ;
#2550 = DIRECTION ( 'NONE',  ( 0.000000000000000000, 1.000000000000000000, -2.081668171172170485E-16 ) ) ;
#2551 = CARTESIAN_POINT ( 'NONE',  ( -14.04999999999999716, 0.8499999999999999778, -3.149999999999999911 ) ) ;
#2552 = FACE_OUTER_BOUND ( 'NONE', #3672, .T. ) ;
#2553 = B_SPLINE_CURVE_WITH_KNOTS ( 'NONE', 3,
 ( #1703, #3827, #1617, #672, #3479, #2949, #292, #4739 ),
 .UNSPECIFIED., .F., .F.,
 ( 4, 2, 2, 4 ),
 ( 0.3562252349600874002, 0.5000000000000001110, 0.7500000000000000000, 1.000000000000000000 ),
 .UNSPECIFIED. ) ;
#2554 = CARTESIAN_POINT ( 'NONE',  ( -14.14999999999999503, -2.749999764018621118, -7.800290809857203911 ) ) ;
#2555 = ORIENTED_EDGE ( 'NONE', *, *, #1634, .F. ) ;
#2556 = EDGE_CURVE ( 'NONE', #199, #2267, #2079, .T. ) ;
#2557 = CARTESIAN_POINT ( 'NONE',  ( -69.44999999999998863, 6.200000000000000178, -12.40000000000000213 ) ) ;
#2558 = CARTESIAN_POINT ( 'NONE',  ( 7.149999999999995026, 0.8500000000000000888, -7.650000000000000355 ) ) ;
#2559 = EDGE_CURVE ( 'NONE', #1414, #113, #2252, .T. ) ;
#2560 = CARTESIAN_POINT ( 'NONE',  ( 7.983333333333324511, 0.8499999999999998668, -7.650000000000000355 ) ) ;
#2561 = CARTESIAN_POINT ( 'NONE',  ( -8.649999999999996803, 7.249999999999999112, -2.350000000000000533 ) ) ;
#2562 = EDGE_LOOP ( 'NONE', ( #1829, #4044, #353, #4972, #1172, #3465, #1872 ) ) ;
#2563 = EDGE_CURVE ( 'NONE', #407, #1088, #3456, .T. ) ;
#2564 = ORIENTED_EDGE ( 'NONE', *, *, #4082, .T. ) ;
#2565 = VERTEX_POINT ( 'NONE', #461 ) ;
#2566 = EDGE_CURVE ( 'NONE', #70, #373, #838, .T. ) ;
#2567 = CARTESIAN_POINT ( 'NONE',  ( -0.7499999999999928946, 5.050000000000000711, 12.84999999999999964 ) ) ;
#2568 = DIRECTION ( 'NONE',  ( -1.000000000000000000, 0.000000000000000000, 0.000000000000000000 ) ) ;
#2569 = VECTOR ( 'NONE', #2500, 1000.000000000000000 ) ;
#2570 = CARTESIAN_POINT ( 'NONE',  ( -14.14999999999999680, -4.331489314367783727, -8.661475549795284223 ) ) ;
#2571 = LINE ( 'NONE', #3036, #3978 ) ;
#2572 = DIRECTION ( 'NONE',  ( 1.000000000000000000, -0.000000000000000000, -0.000000000000000000 ) ) ;
#2573 = VERTEX_POINT ( 'NONE', #1373 ) ;
#2574 = VECTOR ( 'NONE', #4893, 1000.000000000000000 ) ;
#2575 = CARTESIAN_POINT ( 'NONE',  ( 54.14999999999999858, -4.345806406413836420, -13.43291034902260961 ) ) ;
#2576 = CARTESIAN_POINT ( 'NONE',  ( -7.449999999999993960, 8.050000000000000711, 8.849999999999997868 ) ) ;
#2577 = CARTESIAN_POINT ( 'NONE',  ( -54.15000000000000568, 5.671673470966833719, -12.53138204054241456 ) ) ;
#2578 = ADVANCED_FACE ( 'NONE', ( #2139 ), #3371, .T. ) ;
#2579 = AXIS2_PLACEMENT_3D ( 'NONE', #1364, #3956, #1403 ) ;
#2580 = ORIENTED_EDGE ( 'NONE', *, *, #4964, .T. ) ;
#2581 = CARTESIAN_POINT ( 'NONE',  ( -14.14999999999999503, 0.8877947818398186364, -9.606518102227388667 ) ) ;
#2582 = AXIS2_PLACEMENT_3D ( 'NONE', #4166, #1499, #3275 ) ;
#2583 = CARTESIAN_POINT ( 'NONE',  ( -77.54999999999998295, -6.299999999999998934, -8.499999999999998224 ) ) ;
#2584 = VECTOR ( 'NONE', #863, 1000.000000000000000 ) ;
#2585 = FACE_OUTER_BOUND ( 'NONE', #1418, .T. ) ;
#2586 = CARTESIAN_POINT ( 'NONE',  ( 7.149999999999995026, 0.8499999999999999778, -7.650000000000000355 ) ) ;
#2587 = ORIENTED_EDGE ( 'NONE', *, *, #1598, .T. ) ;
#2588 = VECTOR ( 'NONE', #2166, 1000.000000000000000 ) ;
#2589 = CIRCLE ( 'NONE', #519, 1.700000000000000178 ) ;
#2590 = APPROVAL_DATE_TIME ( #796, #4735 ) ;
#2591 = EDGE_LOOP ( 'NONE', ( #3031, #1572, #752, #5498 ) ) ;
#2592 = ORIENTED_EDGE ( 'NONE', *, *, #4993, .F. ) ;
#2593 = CARTESIAN_POINT ( 'NONE',  ( 64.34999999999998010, -3.345732259861896374, -5.000000000000001776 ) ) ;
#2594 = CARTESIAN_POINT ( 'NONE',  ( 0.000000000000000000, -0.8499999999999999778, 0.000000000000000000 ) ) ;
#2595 = AXIS2_PLACEMENT_3D ( 'NONE', #5683, #1231, #5256 ) ;
#2596 = VECTOR ( 'NONE', #1469, 1000.000000000000000 ) ;
#2597 = LINE ( 'NONE', #1807, #1377 ) ;
#2598 = DIRECTION ( 'NONE',  ( -1.000000000000000000, 0.000000000000000000, 0.000000000000000000 ) ) ;
#2599 = AXIS2_PLACEMENT_3D ( 'NONE', #4491, #2598, #1265 ) ;
#2600 = ORIENTED_EDGE ( 'NONE', *, *, #2356, .F. ) ;
#2601 = EDGE_LOOP ( 'NONE', ( #1439, #4366, #245, #2297 ) ) ;
#2602 = CARTESIAN_POINT ( 'NONE',  ( 14.14767481800533666, 1.001243243833983332, -2.226110414592882947 ) ) ;
#2603 = CARTESIAN_POINT ( 'NONE',  ( -54.14999999999999858, 3.285234860469025353, -5.650000000000000355 ) ) ;
#2604 = LOCAL_TIME ( 18, 50, 1.000000000000000000, #1687 ) ;
#2605 = CARTESIAN_POINT ( 'NONE',  ( -9.233333333333321846, -0.8499999999999997558, -7.650000000000000355 ) ) ;
#2606 = EDGE_CURVE ( 'NONE', #961, #2445, #4495, .T. ) ;
#2607 = CARTESIAN_POINT ( 'NONE',  ( -70.54999999999996874, -2.899999999999999467, -11.34999999999999964 ) ) ;
#2608 = CARTESIAN_POINT ( 'NONE',  ( 14.14999999999999325, -1.890096436089886867, -7.995051390258080204 ) ) ;
#2609 = EDGE_LOOP ( 'NONE', ( #2331, #662, #3481, #600 ) ) ;
#2610 = CARTESIAN_POINT ( 'NONE',  ( 54.14999999999999147, -2.749999998084910136, -5.649999999999998579 ) ) ;
#2611 = CARTESIAN_POINT ( 'NONE',  ( -7.449999999999994849, 7.249999999999999112, 3.149999999999999023 ) ) ;
#2612 = DIRECTION ( 'NONE',  ( 0.000000000000000000, 1.000000000000000000, -0.000000000000000000 ) ) ;
#2613 = EDGE_LOOP ( 'NONE', ( #5129, #3322, #2938, #2912 ) ) ;
#2614 = DIRECTION ( 'NONE',  ( 0.000000000000000000, 1.000000000000000000, 0.000000000000000000 ) ) ;
#2615 = CARTESIAN_POINT ( 'NONE',  ( -8.649999999999996803, 7.249999999999999112, 0.04999999999999933664 ) ) ;
#2616 = CARTESIAN_POINT ( 'NONE',  ( -8.649999999999996803, 1.307606495441224384E-31, 1.107090885015753600E-15 ) ) ;
#2617 = CARTESIAN_POINT ( 'NONE',  ( 14.15000000000000568, 1.921978440134039623, 2.187319522525787985 ) ) ;
#2618 = EDGE_CURVE ( 'NONE', #1290, #3943, #7, .T. ) ;
#2619 = DATE_TIME_ROLE ( 'creation_date' ) ;
#2620 = ORIENTED_EDGE ( 'NONE', *, *, #3131, .F. ) ;
#2621 = CARTESIAN_POINT ( 'NONE',  ( 14.14999999999999503, 0.9283850214229042441, -10.03912442714443287 ) ) ;
#2622 = VERTEX_POINT ( 'NONE', #3962 ) ;
#2623 = DIRECTION ( 'NONE',  ( 0.000000000000000000, -1.172110456741086074E-16, -1.000000000000000000 ) ) ;
#2624 = EDGE_LOOP ( 'NONE', ( #2154, #2503, #498, #4723 ) ) ;
#2625 = FACE_OUTER_BOUND ( 'NONE', #4683, .T. ) ;
#2626 = ADVANCED_FACE ( 'NONE', ( #1315 ), #4945, .T. ) ;
#2627 = DIRECTION ( 'NONE',  ( 0.000000000000000000, -0.000000000000000000, -1.000000000000000000 ) ) ;
#2628 = VERTEX_POINT ( 'NONE', #869 ) ;
#2629 = EDGE_LOOP ( 'NONE', ( #4288, #1688 ) ) ;
#2630 = CARTESIAN_POINT ( 'NONE',  ( 10.95421689196482440, 0.8499999999999998668, 2.999999999999999556 ) ) ;
#2631 = CARTESIAN_POINT ( 'NONE',  ( -54.14999999999999858, 2.314938844950380936, -13.65000000000000213 ) ) ;
#2632 = EDGE_CURVE ( 'NONE', #4523, #2071, #4909, .T. ) ;
#2633 = CARTESIAN_POINT ( 'NONE',  ( -14.14999999999999503, 1.695983578023231519, -8.129621960759990884 ) ) ;
#2634 = VERTEX_POINT ( 'NONE', #3562 ) ;
#2635 = DIRECTION ( 'NONE',  ( 1.000000000000000000, 0.000000000000000000, 0.000000000000000000 ) ) ;
#2636 = EDGE_LOOP ( 'NONE', ( #3730, #2830, #2243, #1519, #1348 ) ) ;
#2637 = EDGE_CURVE ( 'NONE', #4278, #4468, #2695, .T. ) ;
#2638 = CARTESIAN_POINT ( 'NONE',  ( 64.34999999999996589, 1.339215079511145490, -14.29999999999997584 ) ) ;
#2639 = CYLINDRICAL_SURFACE ( 'NONE', #5552, 5.500000000000000000 ) ;
#2640 = CARTESIAN_POINT ( 'NONE',  ( -54.15000000000005542, -5.671673470966832831, -12.53138204054240212 ) ) ;
#2641 = CARTESIAN_POINT ( 'NONE',  ( -13.04999999999999538, 4.750000000000000000, -0.8000000000000021538 ) ) ;
#2642 = ORIENTED_EDGE ( 'NONE', *, *, #963, .T. ) ;
#2643 = ORIENTED_EDGE ( 'NONE', *, *, #1332, .T. ) ;
#2644 = ORIENTED_EDGE ( 'NONE', *, *, #2542, .T. ) ;
#2645 = CARTESIAN_POINT ( 'NONE',  ( 64.34999999999999432, 2.750000000052720495, -14.30000000000000071 ) ) ;
#2646 = CARTESIAN_POINT ( 'NONE',  ( 14.14999999999999503, 3.609903563910112023, -11.30494860974191873 ) ) ;
#2647 = CARTESIAN_POINT ( 'NONE',  ( -7.449999999999994849, 7.249999999999999112, 6.549999999999998046 ) ) ;
#2648 = DIRECTION ( 'NONE',  ( 0.000000000000000000, -1.000000000000000000, 1.172110456741086074E-16 ) ) ;
#2649 = CARTESIAN_POINT ( 'NONE',  ( -14.04999999999999716, 7.249999999999999112, 0.04999999999999991951 ) ) ;
#2650 = ORIENTED_EDGE ( 'NONE', *, *, #4904, .T. ) ;
#2651 = CARTESIAN_POINT ( 'NONE',  ( 14.14999999999999503, 0.8877947818398186364, -9.606518102227388667 ) ) ;
#2652 = ADVANCED_FACE ( 'NONE', ( #30 ), #5681, .T. ) ;
#2654 = ADVANCED_FACE ( 'NONE', ( #4375 ), #5342, .T. ) ;
#2653 = FACE_OUTER_BOUND ( 'NONE', #5520, .T. ) ;
#2655 = DIRECTION ( 'NONE',  ( 0.000000000000000000, 0.000000000000000000, 1.000000000000000000 ) ) ;
#2656 = EDGE_CURVE ( 'NONE', #885, #1306, #3934, .T. ) ;
#2657 = DIRECTION ( 'NONE',  ( 0.000000000000000000, -0.000000000000000000, -1.000000000000000000 ) ) ;
#2658 = ORIENTED_EDGE ( 'NONE', *, *, #247, .T. ) ;
#2659 = ORIENTED_EDGE ( 'NONE', *, *, #825, .T. ) ;
#2660 = DIRECTION ( 'NONE',  ( 0.000000000000000000, 0.000000000000000000, -1.000000000000000000 ) ) ;
#2661 = FACE_OUTER_BOUND ( 'NONE', #2562, .T. ) ;
#2662 = DIRECTION ( 'NONE',  ( -2.168404344971009361E-16, -0.000000000000000000, -1.000000000000000000 ) ) ;
#2663 = ORIENTED_EDGE ( 'NONE', *, *, #3916, .F. ) ;
#2664 = DIRECTION ( 'NONE',  ( 1.000000000000000000, -0.000000000000000000, -0.000000000000000000 ) ) ;
#2665 = ADVANCED_FACE ( 'NONE', ( #1981, #2276, #2898 ), #4594, .F. ) ;
#2666 = EDGE_LOOP ( 'NONE', ( #3444, #1992, #3114, #3884, #1006 ) ) ;
#2667 = CARTESIAN_POINT ( 'NONE',  ( -69.44999999999998863, -5.500000000000000000, -11.99999999999999822 ) ) ;
#2668 = CARTESIAN_POINT ( 'NONE',  ( -54.14999999999999858, 2.750000000000000000, -9.650000000000000355 ) ) ;
#2669 = CARTESIAN_POINT ( 'NONE',  ( -14.14999999999999503, -2.749999764018621118, -7.800290809857203911 ) ) ;
#2670 = VECTOR ( 'NONE', #1573, 1000.000000000000000 ) ;
#2671 = ORIENTED_EDGE ( 'NONE', *, *, #3266, .T. ) ;
#2672 = EDGE_CURVE ( 'NONE', #3655, #282, #3412, .T. ) ;
#2673 = CYLINDRICAL_SURFACE ( 'NONE', #1369, 1.700000000000000178 ) ;
#2674 = CARTESIAN_POINT ( 'NONE',  ( 10.06666666666666643, 0.8499999999999998668, -11.65000000000000036 ) ) ;
#2675 = FACE_OUTER_BOUND ( 'NONE', #884, .T. ) ;
#2676 = CARTESIAN_POINT ( 'NONE',  ( 12.14999999999999503, -0.8499999999999998668, -9.983333333333328952 ) ) ;
#2677 = ORIENTED_EDGE ( 'NONE', *, *, #4007, .F. ) ;
#2678 = CIRCLE ( 'NONE', #2021, 1.850000000000000977 ) ;
#2679 = ADVANCED_FACE ( 'NONE', ( #5571, #619, #1532 ), #4682, .F. ) ;
#2680 =( NAMED_UNIT ( * ) PLANE_ANGLE_UNIT ( ) SI_UNIT ( $, .RADIAN. ) );
#2681 = ORIENTED_EDGE ( 'NONE', *, *, #605, .T. ) ;
#2682 = VECTOR ( 'NONE', #4618, 1000.000000000000000 ) ;
#2683 = EDGE_CURVE ( 'NONE', #407, #5504, #210, .T. ) ;
#2684 = CARTESIAN_POINT ( 'NONE',  ( 11.01425090290132758, 0.8499999999999998668, -1.000000000000000000 ) ) ;
#2685 = FACE_OUTER_BOUND ( 'NONE', #5251, .T. ) ;
#2686 = ORIENTED_EDGE ( 'NONE', *, *, #1568, .F. ) ;
#2687 = DIRECTION ( 'NONE',  ( 1.000000000000000000, -0.000000000000000000, -0.000000000000000000 ) ) ;
#2688 = CIRCLE ( 'NONE', #2582, 0.5000000000000000000 ) ;
#2689 = VECTOR ( 'NONE', #1772, 1000.000000000000000 ) ;
#2690 = FACE_OUTER_BOUND ( 'NONE', #1701, .T. ) ;
#2691 = ORIENTED_EDGE ( 'NONE', *, *, #3546, .T. ) ;
#2692 = ORIENTED_EDGE ( 'NONE', *, *, #1999, .T. ) ;
#2693 = VECTOR ( 'NONE', #709, 1000.000000000000227 ) ;
#2694 = AXIS2_PLACEMENT_3D ( 'NONE', #1813, #811, #2660 ) ;
#2695 = LINE ( 'NONE', #3910, #4079 ) ;
#2696 = CARTESIAN_POINT ( 'NONE',  ( 14.15000000000000746, 0.9658692418953104264, 2.142793658385495625 ) ) ;
#2697 = DIRECTION ( 'NONE',  ( 1.000000000000000000, 0.000000000000000000, 0.000000000000000000 ) ) ;
#2698 = VECTOR ( 'NONE', #3765, 1000.000000000000000 ) ;
#2699 = AXIS2_PLACEMENT_3D ( 'NONE', #149, #4562, #611 ) ;
#2700 = VERTEX_POINT ( 'NONE', #2414 ) ;
#2701 = VERTEX_POINT ( 'NONE', #5495 ) ;
#2702 = CARTESIAN_POINT ( 'NONE',  ( -12.24999999999999289, 8.050000000000000711, 3.149999999999999023 ) ) ;
#2703 = CARTESIAN_POINT ( 'NONE',  ( -54.14999999999989200, -6.546618184993082679, -11.20382242968050335 ) ) ;
#2704 = FACE_BOUND ( 'NONE', #5443, .T. ) ;
#2705 = VECTOR ( 'NONE', #5602, 1000.000000000000000 ) ;
#2706 = LINE ( 'NONE', #364, #2391 ) ;
#2707 = CARTESIAN_POINT ( 'NONE',  ( 65.34999999999999432, 6.399999999999999467, -6.000000000000000888 ) ) ;
#2708 = DIRECTION ( 'NONE',  ( -0.000000000000000000, -0.000000000000000000, -1.000000000000000000 ) ) ;
#2709 = CARTESIAN_POINT ( 'NONE',  ( -65.34999999999999432, 7.000000000000000000, -5.800000000000000711 ) ) ;
#2710 = CARTESIAN_POINT ( 'NONE',  ( 64.34999999999999432, 7.400048621300935103, -9.650553341058008883 ) ) ;
#2711 = VERTEX_POINT ( 'NONE', #160 ) ;
#2712 = ORIENTED_EDGE ( 'NONE', *, *, #2744, .T. ) ;
#2713 = CARTESIAN_POINT ( 'NONE',  ( 14.14999999999999680, 1.378730829410057979, -8.389317719738045298 ) ) ;
#2714 = DIRECTION ( 'NONE',  ( -0.000000000000000000, -0.000000000000000000, 1.000000000000000000 ) ) ;
#2715 = ADVANCED_FACE ( 'NONE', ( #3750 ), #1954, .F. ) ;
#2716 = DIRECTION ( 'NONE',  ( -0.000000000000000000, -1.000000000000000000, -0.000000000000000000 ) ) ;
#2717 = DIRECTION ( 'NONE',  ( -1.000000000000000000, 0.000000000000000000, 0.000000000000000000 ) ) ;
#2718 = VERTEX_POINT ( 'NONE', #3726 ) ;
#2719 = VERTEX_POINT ( 'NONE', #1593 ) ;
#2720 = CARTESIAN_POINT ( 'NONE',  ( 3.300000000000001155, 1.850000000000000089, -5.849999999999999645 ) ) ;
#2721 = CARTESIAN_POINT ( 'NONE',  ( -64.34999999999999432, -2.749999997868448620, -5.000000000000000888 ) ) ;
#2722 = CARTESIAN_POINT ( 'NONE',  ( -8.816666666666657548, 0.8499999999999998668, -7.650000000000000355 ) ) ;
#2723 = EDGE_LOOP ( 'NONE', ( #5555, #4077, #4098, #1437 ) ) ;
#2724 = ORIENTED_EDGE ( 'NONE', *, *, #3191, .F. ) ;
#2725 = CARTESIAN_POINT ( 'NONE',  ( 69.44999999999998863, 7.000000000000000000, -13.50000000000000178 ) ) ;
#2726 = CARTESIAN_POINT ( 'NONE',  ( -64.34999999999999432, -6.100679342678983375, -6.252167483457179209 ) ) ;
#2727 = FACE_BOUND ( 'NONE', #4111, .T. ) ;
#2728 = CARTESIAN_POINT ( 'NONE',  ( 64.35000000000005116, -3.903127820947815962E-15, -14.30000000000002203 ) ) ;
#2729 = PLANE ( 'NONE',  #535 ) ;
#2730 = EDGE_CURVE ( 'NONE', #661, #1604, #1041, .T. ) ;
#2731 = DIRECTION ( 'NONE',  ( 0.000000000000000000, 0.000000000000000000, 1.000000000000000000 ) ) ;
#2732 = EDGE_LOOP ( 'NONE', ( #3843, #4959, #3138, #2372 ) ) ;
#2733 = ORIENTED_EDGE ( 'NONE', *, *, #4764, .F. ) ;
#2734 = PLANE ( 'NONE',  #1077 ) ;
#2735 = CARTESIAN_POINT ( 'NONE',  ( 64.34999999999999432, -6.399999999999999467, -5.999999999999998224 ) ) ;
#2736 = DIRECTION ( 'NONE',  ( 0.000000000000000000, 1.000000000000000000, 0.000000000000000000 ) ) ;
#2737 = EDGE_CURVE ( 'NONE', #4320, #2700, #2006, .T. ) ;
#2738 = ORIENTED_EDGE ( 'NONE', *, *, #4984, .T. ) ;
#2739 = ORIENTED_EDGE ( 'NONE', *, *, #4051, .F. ) ;
#2741 = ADVANCED_FACE ( 'NONE', ( #1566 ), #483, .T. ) ;
#2740 = CARTESIAN_POINT ( 'NONE',  ( 54.14999999999999858, 3.285234860469026241, -13.65000000000000036 ) ) ;
#2742 = CARTESIAN_POINT ( 'NONE',  ( -8.649999999999996803, 6.200000000000000178, 0.04999999999999944766 ) ) ;
#2743 = DIRECTION ( 'NONE',  ( 0.000000000000000000, 0.000000000000000000, 1.000000000000000000 ) ) ;
#2744 = EDGE_CURVE ( 'NONE', #2622, #4581, #1510, .T. ) ;
#2745 = ORIENTED_EDGE ( 'NONE', *, *, #456, .F. ) ;
#2746 = VERTEX_POINT ( 'NONE', #1840 ) ;
#2747 = CARTESIAN_POINT ( 'NONE',  ( -64.34999999999999432, 2.750000000000000000, -9.650000000000002132 ) ) ;
#2748 = CARTESIAN_POINT ( 'NONE',  ( -64.34999999999999432, -2.749999997868448620, -5.000000000000000888 ) ) ;
#2749 = LINE ( 'NONE', #4091, #2033 ) ;
#2750 = EDGE_CURVE ( 'NONE', #5313, #4407, #4658, .T. ) ;
#2751 = VERTEX_POINT ( 'NONE', #5515 ) ;
#2752 = LINE ( 'NONE', #5036, #1462 ) ;
#2753 = EDGE_CURVE ( 'NONE', #317, #1134, #3308, .T. ) ;
#2754 = DIRECTION ( 'NONE',  ( 0.000000000000000000, 0.8602915336341738772, -0.5098023903017334657 ) ) ;
#2755 = DIRECTION ( 'NONE',  ( -1.000000000000000000, -0.000000000000000000, -0.000000000000000000 ) ) ;
#2756 = VECTOR ( 'NONE', #5445, 1000.000000000000000 ) ;
#2757 = ORIENTED_EDGE ( 'NONE', *, *, #928, .F. ) ;
#2758 = CARTESIAN_POINT ( 'NONE',  ( 7.149999999999995026, -0.8499999999999998668, -7.983333333333335169 ) ) ;
#2759 = VECTOR ( 'NONE', #265, 1000.000000000000000 ) ;
#2760 = DIRECTION ( 'NONE',  ( 1.000000000000000000, 0.000000000000000000, 0.000000000000000000 ) ) ;
#2761 = ORIENTED_EDGE ( 'NONE', *, *, #1732, .F. ) ;
#2762 = DIRECTION ( 'NONE',  ( 0.000000000000000000, 0.000000000000000000, -1.000000000000000000 ) ) ;
#2763 = AXIS2_PLACEMENT_3D ( 'NONE', #1425, #3645, #2293 ) ;
#2764 = CARTESIAN_POINT ( 'NONE',  ( -54.15000000000014779, 5.671673470966839936, -12.53138204054241989 ) ) ;
#2765 = EDGE_LOOP ( 'NONE', ( #4045, #635, #40, #4162 ) ) ;
#2766 = CARTESIAN_POINT ( 'NONE',  ( 3.299999999999999822, 0.8499999999999999778, -12.44999999999999929 ) ) ;
#2767 = CARTESIAN_POINT ( 'NONE',  ( -14.14999999999999503, -2.750000472036969068, -11.49970919014276660 ) ) ;
#2768 = VECTOR ( 'NONE', #3659, 1000.000000000000000 ) ;
#2769 = AXIS2_PLACEMENT_3D ( 'NONE', #4258, #2893, #320 ) ;
#2770 = CARTESIAN_POINT ( 'NONE',  ( -64.34999999999999432, -3.345732259861896374, -5.000000000000000888 ) ) ;
#2771 = CARTESIAN_POINT ( 'NONE',  ( -77.54999999999998295, -6.299999999999998934, -10.79999999999999893 ) ) ;
#2772 = ADVANCED_FACE ( 'NONE', ( #3181 ), #4726, .F. ) ;
#2773 = AXIS2_PLACEMENT_3D ( 'NONE', #2294, #3613, #5393 ) ;
#2774 = ORIENTED_EDGE ( 'NONE', *, *, #1598, .F. ) ;
#2775 = VECTOR ( 'NONE', #4384, 1000.000000000000000 ) ;
#2776 = ORIENTED_EDGE ( 'NONE', *, *, #5163, .T. ) ;
#2777 = CYLINDRICAL_SURFACE ( 'NONE', #5469, 1.700000000000000178 ) ;
#2778 = ADVANCED_FACE ( 'NONE', ( #367 ), #5101, .T. ) ;
#2779 = DIRECTION ( 'NONE',  ( 0.000000000000000000, 0.000000000000000000, 1.000000000000000000 ) ) ;
#2780 = CIRCLE ( 'NONE', #253, 0.5000000000000000000 ) ;
#2781 = AXIS2_PLACEMENT_3D ( 'NONE', #2381, #1124, #649 ) ;
#2782 = CARTESIAN_POINT ( 'NONE',  ( 69.44999999999998863, 2.800000000000001599, -11.34999999999999964 ) ) ;
#2783 = CIRCLE ( 'NONE', #4942, 1.850000000000000977 ) ;
#2784 = CARTESIAN_POINT ( 'NONE',  ( -13.14999999999999503, 1.272991789011615804, -7.889810980379996508 ) ) ;
#2785 = CARTESIAN_POINT ( 'NONE',  ( 64.34999999999993747, -1.339215079511145712, -14.29999999999997762 ) ) ;
#2786 = PLANE ( 'NONE',  #2699 ) ;
#2787 = EDGE_LOOP ( 'NONE', ( #5055, #3785, #2856, #4800 ) ) ;
#2788 = EDGE_CURVE ( 'NONE', #4906, #1312, #3394, .T. ) ;
#2789 = ORIENTED_EDGE ( 'NONE', *, *, #4659, .T. ) ;
#2790 = EDGE_LOOP ( 'NONE', ( #1109, #703, #4510, #1318 ) ) ;
#2791 = PLANE ( 'NONE',  #505 ) ;
#2792 = DIRECTION ( 'NONE',  ( -0.000000000000000000, -1.000000000000000000, -0.000000000000000000 ) ) ;
#2793 = LINE ( 'NONE', #1870, #1846 ) ;
#2794 = ADVANCED_FACE ( 'NONE', ( #2552 ), #272, .T. ) ;
#2795 = CARTESIAN_POINT ( 'NONE',  ( 13.15000000000000568, 0.8499999999999999778, -1.000000000000000000 ) ) ;
#2796 = EDGE_LOOP ( 'NONE', ( #952, #2733, #2274, #1676, #967, #1995 ) ) ;
#2797 = CARTESIAN_POINT ( 'NONE',  ( -7.149999999999995026, 0.8499999999999998668, -9.983333333333339610 ) ) ;
#2798 = ORIENTED_EDGE ( 'NONE', *, *, #1165, .T. ) ;
#2799 = CARTESIAN_POINT ( 'NONE',  ( 77.44999999999998863, -2.899999999999999467, -9.649999999999998579 ) ) ;
#2800 = DIRECTION ( 'NONE',  ( 0.000000000000000000, -0.8602915336341737662, 0.5098023903017334657 ) ) ;
#2801 = LINE ( 'NONE', #3319, #3526 ) ;
#2802 = ORIENTED_EDGE ( 'NONE', *, *, #4, .F. ) ;
#2803 = ORIENTED_EDGE ( 'NONE', *, *, #494, .T. ) ;
#2804 = ORIENTED_EDGE ( 'NONE', *, *, #2412, .F. ) ;
#2805 = VERTEX_POINT ( 'NONE', #2493 ) ;
#2806 = ADVANCED_FACE ( 'NONE', ( #1184 ), #4807, .F. ) ;
#2807 = CARTESIAN_POINT ( 'NONE',  ( 9.946376354351970761, 0.8499999999999999778, -3.000000000000000000 ) ) ;
#2808 = EDGE_CURVE ( 'NONE', #4499, #3943, #2228, .T. ) ;
#2809 = CARTESIAN_POINT ( 'NONE',  ( -54.14999999999999858, -2.749999999999999556, -7.799999999999999822 ) ) ;
#2810 = CARTESIAN_POINT ( 'NONE',  ( 5.250000000000006217, 0.8499999999999999778, 2.850000000000000089 ) ) ;
#2811 = EDGE_CURVE ( 'NONE', #4408, #5680, #45, .T. ) ;
#2812 = DIRECTION ( 'NONE',  ( 1.000000000000000000, -0.000000000000000000, -0.000000000000000000 ) ) ;
#2813 = CARTESIAN_POINT ( 'NONE',  ( 54.14999999999999858, -3.285234860469026241, -5.649999999999998579 ) ) ;
#2814 = DIRECTION ( 'NONE',  ( -0.000000000000000000, 0.000000000000000000, 1.000000000000000000 ) ) ;
#2815 = EDGE_LOOP ( 'NONE', ( #5217, #1874 ) ) ;
#2816 = VERTEX_POINT ( 'NONE', #330 ) ;
#2817 = DIRECTION ( 'NONE',  ( -0.000000000000000000, -0.000000000000000000, -1.000000000000000000 ) ) ;
#2818 = CARTESIAN_POINT ( 'NONE',  ( -7.566666666666664653, 0.8499999999999998668, -11.65000000000000036 ) ) ;
#2819 = CARTESIAN_POINT ( 'NONE',  ( 7.149999999999995914, 0.8499999999999998668, -11.31666666666666998 ) ) ;
#2820 = LINE ( 'NONE', #561, #5751 ) ;
#2821 = DIRECTION ( 'NONE',  ( 0.000000000000000000, 0.000000000000000000, -1.000000000000000000 ) ) ;
#2822 = ORIENTED_EDGE ( 'NONE', *, *, #2031, .F. ) ;
#2823 = CARTESIAN_POINT ( 'NONE',  ( -7.149999999999995026, 0.8499999999999998668, -7.983333333333335169 ) ) ;
#2824 = DIRECTION ( 'NONE',  ( -1.000000000000000000, 0.000000000000000000, 0.000000000000000000 ) ) ;
#2825 = ADVANCED_FACE ( 'NONE', ( #3516 ), #4785, .T. ) ;
#2826 = CARTESIAN_POINT ( 'NONE',  ( -64.35000000000005116, -3.903127820947815962E-15, -14.30000000000002203 ) ) ;
#2827 = LINE ( 'NONE', #4110, #4462 ) ;
#2828 = VERTEX_POINT ( 'NONE', #918 ) ;
#2829 = VERTEX_POINT ( 'NONE', #22 ) ;
#2830 = ORIENTED_EDGE ( 'NONE', *, *, #3205, .T. ) ;
#2831 = CARTESIAN_POINT ( 'NONE',  ( 14.15000000000000391, 1.247089903655063781, -2.464253023976738177 ) ) ;
#2832 = DIRECTION ( 'NONE',  ( -0.000000000000000000, 1.000000000000000000, -0.000000000000000000 ) ) ;
#2833 = CARTESIAN_POINT ( 'NONE',  ( -7.449999999999996625, 0.8499999999999999778, -3.149999999999999911 ) ) ;
#2834 = EDGE_CURVE ( 'NONE', #4402, #138, #3990, .T. ) ;
#2835 = CARTESIAN_POINT ( 'NONE',  ( 9.946376354351970761, 0.8499999999999999778, -3.000000000000000000 ) ) ;
#2836 = FACE_OUTER_BOUND ( 'NONE', #1908, .T. ) ;
#2837 = LINE ( 'NONE', #4612, #2496 ) ;
#2838 = B_SPLINE_CURVE_WITH_KNOTS ( 'NONE', 3,
 ( #3374, #3903, #1274, #1629, #4849, #372 ),
 .UNSPECIFIED., .F., .F.,
 ( 4, 2, 4 ),
 ( 0.000000000000000000, 0.2500000000000000555, 0.3562252349600873447 ),
 .UNSPECIFIED. ) ;
#2839 = ADVANCED_FACE ( 'NONE', ( #1397 ), #3168, .F. ) ;
#2840 = DIRECTION ( 'NONE',  ( 1.000000000000000000, 0.000000000000000000, 0.000000000000000000 ) ) ;
#2841 = LINE ( 'NONE', #4593, #1934 ) ;
#2842 = CARTESIAN_POINT ( 'NONE',  ( 7.149999999999995026, 0.8499999999999998668, -10.98333333333333606 ) ) ;
#2843 = DIRECTION ( 'NONE',  ( -2.168404344971009361E-16, -0.000000000000000000, -1.000000000000000000 ) ) ;
#2844 = EDGE_CURVE ( 'NONE', #1227, #961, #3112, .T. ) ;
#2845 = CYLINDRICAL_SURFACE ( 'NONE', #920, 1.000000000000000888 ) ;
#2846 = ORIENTED_EDGE ( 'NONE', *, *, #3929, .T. ) ;
#2847 = VECTOR ( 'NONE', #2098, 1000.000000000000000 ) ;
#2848 = CARTESIAN_POINT ( 'NONE',  ( 54.15000000000038938, -3.285234860469028018, -13.65000000000002878 ) ) ;
#2849 = LINE ( 'NONE', #1021, #5001 ) ;
#2850 = CARTESIAN_POINT ( 'NONE',  ( -64.34999999999988063, -7.152246326680224087, -11.49590968630907106 ) ) ;
#2851 = CIRCLE ( 'NONE', #702, 1.850000000000000977 ) ;
#2852 = CARTESIAN_POINT ( 'NONE',  ( 69.44999999999998863, -6.999999999999999112, -7.300000000000008704 ) ) ;
#2853 = ORIENTED_EDGE ( 'NONE', *, *, #3668, .F. ) ;
#2854 = VERTEX_POINT ( 'NONE', #1827 ) ;
#2855 = ORIENTED_EDGE ( 'NONE', *, *, #4630, .F. ) ;
#2856 = ORIENTED_EDGE ( 'NONE', *, *, #1850, .F. ) ;
#2857 = ORIENTED_EDGE ( 'NONE', *, *, #394, .T. ) ;
#2858 = AXIS2_PLACEMENT_3D ( 'NONE', #630, #964, #2423 ) ;
#2859 = CIRCLE ( 'NONE', #4719, 2.000000000000000000 ) ;
#2860 = LINE ( 'NONE', #5083, #4163 ) ;
#2861 = DIRECTION ( 'NONE',  ( -8.673617379884035472E-17, -0.000000000000000000, -1.000000000000000000 ) ) ;
#2862 = FACE_OUTER_BOUND ( 'NONE', #3945, .T. ) ;
#2863 = CIRCLE ( 'NONE', #5015, 0.5000000000000000000 ) ;
#2864 = VECTOR ( 'NONE', #2344, 1000.000000000000000 ) ;
#2865 = EDGE_LOOP ( 'NONE', ( #906, #3844, #5140, #90 ) ) ;
#2866 = LINE ( 'NONE', #2517, #4441 ) ;
#2867 = VECTOR ( 'NONE', #5054, 1000.000000000000000 ) ;
#2868 = CARTESIAN_POINT ( 'NONE',  ( -7.449999999999996625, 0.8499999999999999778, -3.149999999999999911 ) ) ;
#2869 = AXIS2_PLACEMENT_3D ( 'NONE', #2667, #14, #1350 ) ;
#2870 = CARTESIAN_POINT ( 'NONE',  ( -10.64999999999999680, 2.640154055730172367, -8.263003665856970770 ) ) ;
#2871 = AXIS2_PLACEMENT_3D ( 'NONE', #2989, #1216, #765 ) ;
#2872 = AXIS2_PLACEMENT_3D ( 'NONE', #2066, #3950, #4267 ) ;
#2873 = LINE ( 'NONE', #1895, #3309 ) ;
#2874 = CARTESIAN_POINT ( 'NONE',  ( -14.14999999999999503, 2.540238531698069124, -11.51042704865926680 ) ) ;
#2875 = CARTESIAN_POINT ( 'NONE',  ( 14.14999999999998970, 4.376028419645420442, -10.55869715993961755 ) ) ;
#2876 = DIRECTION ( 'NONE',  ( -0.000000000000000000, -1.000000000000000000, -0.000000000000000000 ) ) ;
#2877 = VERTEX_POINT ( 'NONE', #4958 ) ;
#2878 = CARTESIAN_POINT ( 'NONE',  ( -14.14999999999999325, -2.629958403387355759, -7.800484210808401819 ) ) ;
#2879 = VERTEX_POINT ( 'NONE', #2709 ) ;
#2880 = EDGE_CURVE ( 'NONE', #198, #2290, #2210, .T. ) ;
#2881 = CARTESIAN_POINT ( 'NONE',  ( 54.15000000000026859, -6.546618184993117318, -8.096177570319497363 ) ) ;
#2882 = CARTESIAN_POINT ( 'NONE',  ( 78.44999999999997442, 6.200000000000000178, -6.899999999999998579 ) ) ;
#2883 = PLANE ( 'NONE',  #518 ) ;
#2884 = FACE_OUTER_BOUND ( 'NONE', #1836, .T. ) ;
#2885 = ORIENTED_EDGE ( 'NONE', *, *, #1383, .F. ) ;
#2886 = ORIENTED_EDGE ( 'NONE', *, *, #2401, .T. ) ;
#2887 = VERTEX_POINT ( 'NONE', #856 ) ;
#2888 = ORIENTED_EDGE ( 'NONE', *, *, #5509, .T. ) ;
#2889 = DIRECTION ( 'NONE',  ( 1.204669080539449344E-16, 1.393974221767076707E-15, 1.000000000000000000 ) ) ;
#2890 = DIRECTION ( 'NONE',  ( -1.000000000000000000, 0.000000000000000000, 0.000000000000000000 ) ) ;
#2891 = CARTESIAN_POINT ( 'NONE',  ( 9.856325337947215104, 0.8499999999999999778, 1.000000000000000444 ) ) ;
#2892 = CARTESIAN_POINT ( 'NONE',  ( -14.14999999999999680, -1.319542120718444567, -10.85443854780445783 ) ) ;
#2893 = DIRECTION ( 'NONE',  ( -1.204669080539449344E-16, 0.000000000000000000, -1.000000000000000000 ) ) ;
#2894 = FACE_BOUND ( 'NONE', #5347, .T. ) ;
#2895 = EDGE_CURVE ( 'NONE', #3536, #3535, #4149, .T. ) ;
#2896 = CARTESIAN_POINT ( 'NONE',  ( 14.14999999999999503, -3.609903563910112023, -11.30494860974191873 ) ) ;
#2897 = DIRECTION ( 'NONE',  ( -0.000000000000000000, -1.084202172485504040E-15, -1.000000000000000000 ) ) ;
#2898 = FACE_BOUND ( 'NONE', #2815, .T. ) ;
#2899 = FACE_OUTER_BOUND ( 'NONE', #3001, .T. ) ;
#2900 = CARTESIAN_POINT ( 'NONE',  ( -14.14999999999999503, -4.513226927654094389, -9.056020870797693689 ) ) ;
#2901 = VERTEX_POINT ( 'NONE', #4455 ) ;
#2902 = EDGE_CURVE ( 'NONE', #4938, #1306, #2040, .T. ) ;
#2903 = CARTESIAN_POINT ( 'NONE',  ( 12.14999999999999503, 0.8499999999999999778, -7.650000000000000355 ) ) ;
#2904 = CARTESIAN_POINT ( 'NONE',  ( 64.34999999999999432, -6.100679342678983375, -6.252167483457179209 ) ) ;
#2905 = DIRECTION ( 'NONE',  ( 1.000000000000000000, 0.000000000000000000, -0.000000000000000000 ) ) ;
#2906 = CARTESIAN_POINT ( 'NONE',  ( -3.299999999999999822, 1.850000000000000089, -12.44999999999999929 ) ) ;
#2907 = VERTEX_POINT ( 'NONE', #1801 ) ;
#2908 = ORIENTED_EDGE ( 'NONE', *, *, #582, .F. ) ;
#2909 = ORIENTED_EDGE ( 'NONE', *, *, #4486, .F. ) ;
#2910 = CARTESIAN_POINT ( 'NONE',  ( 54.14999999999999858, -2.750000000000000000, -9.650000000000000355 ) ) ;
#2911 = DIRECTION ( 'NONE',  ( 0.000000000000000000, 0.000000000000000000, -1.000000000000000000 ) ) ;
#2912 = ORIENTED_EDGE ( 'NONE', *, *, #1354, .F. ) ;
#2913 = FACE_OUTER_BOUND ( 'NONE', #4039, .T. ) ;
#2914 = ADVANCED_FACE ( 'NONE', ( #4530 ), #3576, .F. ) ;
#2915 = VERTEX_POINT ( 'NONE', #4981 ) ;
#2916 = CARTESIAN_POINT ( 'NONE',  ( 69.44999999999998863, -3.599999999999999645, -12.40000000000000213 ) ) ;
#2917 = LINE ( 'NONE', #1588, #3238 ) ;
#2918 = CARTESIAN_POINT ( 'NONE',  ( -54.14999999999997726, 9.757819552369539906E-16, -5.650000000000005684 ) ) ;
#2919 = VERTEX_POINT ( 'NONE', #4421 ) ;
#2920 = ORIENTED_EDGE ( 'NONE', *, *, #1740, .T. ) ;
#2921 = VERTEX_POINT ( 'NONE', #417 ) ;
#2922 = EDGE_CURVE ( 'NONE', #4038, #885, #3135, .T. ) ;
#2923 = CARTESIAN_POINT ( 'NONE',  ( 14.14999999999999680, -1.319542120718444567, -10.85443854780445783 ) ) ;
#2924 = DIRECTION ( 'NONE',  ( 0.000000000000000000, -2.081668171172170485E-16, -1.000000000000000000 ) ) ;
#2925 = CARTESIAN_POINT ( 'NONE',  ( -54.14999999999999858, -2.750000000000000000, -11.50000000000000178 ) ) ;
#2926 = CARTESIAN_POINT ( 'NONE',  ( -64.34999999999999432, -7.399999999999999467, -14.29999999999999893 ) ) ;
#2927 = CARTESIAN_POINT ( 'NONE',  ( 14.14999999999999503, 1.695887704139257490, -8.129483986046180277 ) ) ;
#2928 = CARTESIAN_POINT ( 'NONE',  ( -14.14999999999999503, -3.966896449587267615, -11.05745992316454185 ) ) ;
#2929 = ORIENTED_EDGE ( 'NONE', *, *, #692, .T. ) ;
#2930 = DIRECTION ( 'NONE',  ( 0.000000000000000000, 0.000000000000000000, 1.000000000000000000 ) ) ;
#2931 = DIRECTION ( 'NONE',  ( 0.000000000000000000, 1.000000000000000000, -1.172110456741086074E-16 ) ) ;
#2932 = VERTEX_POINT ( 'NONE', #5434 ) ;
#2933 = FACE_OUTER_BOUND ( 'NONE', #5717, .T. ) ;
#2934 = CARTESIAN_POINT ( 'NONE',  ( -14.14999999999999858, 2.750000471959145099, -11.49970919023851224 ) ) ;
#2935 = ORIENTED_EDGE ( 'NONE', *, *, #63, .T. ) ;
#2936 = VECTOR ( 'NONE', #3022, 1000.000000000000000 ) ;
#2937 = ORIENTED_EDGE ( 'NONE', *, *, #1239, .T. ) ;
#2938 = ORIENTED_EDGE ( 'NONE', *, *, #4888, .F. ) ;
#2939 = DIRECTION ( 'NONE',  ( 0.000000000000000000, -1.000000000000000000, 1.393974221767076707E-15 ) ) ;
#2940 = VECTOR ( 'NONE', #3045, 1000.000000000000000 ) ;
#2941 = DIRECTION ( 'NONE',  ( 0.000000000000000000, 0.000000000000000000, 1.000000000000000000 ) ) ;
#2942 = LINE ( 'NONE', #1140, #4937 ) ;
#2943 = CARTESIAN_POINT ( 'NONE',  ( 64.34999999999999432, 3.345732259861896374, -5.000000000000002665 ) ) ;
#2944 = AXIS2_PLACEMENT_3D ( 'NONE', #1193, #2129, #4716 ) ;
#2945 = CARTESIAN_POINT ( 'NONE',  ( 14.14999999999999858, -3.772035979957539809, -8.084010084480675928 ) ) ;
#2946 = ORIENTED_EDGE ( 'NONE', *, *, #4493, .F. ) ;
#2947 = EDGE_CURVE ( 'NONE', #1182, #1626, #1858, .T. ) ;
#2948 = CARTESIAN_POINT ( 'NONE',  ( -64.34999999999999432, -6.399999999999999467, -13.29999999999999716 ) ) ;
#2949 = CARTESIAN_POINT ( 'NONE',  ( -14.14999999999999680, -1.319542120718444567, -10.85443854780445783 ) ) ;
#2950 = CARTESIAN_POINT ( 'NONE',  ( -64.34999999999999432, -2.265764042632206099, -5.000000000000000888 ) ) ;
#2951 = AXIS2_PLACEMENT_3D ( 'NONE', #576, #3714, #5485 ) ;
#2952 = AXIS2_PLACEMENT_3D ( 'NONE', #3417, #5205, #1212 ) ;
#2953 = PRODUCT ( 'PowerSense-PM02D', 'PowerSense-PM02D', '', ( #1741 ) ) ;
#2954 = B_SPLINE_CURVE_WITH_KNOTS ( 'NONE', 3,
 ( #3651, #508, #2301, #5422, #3211, #3675, #3239, #568, #2361, #2013, #5186 ),
 .UNSPECIFIED., .F., .F.,
 ( 4, 1, 1, 1, 1, 1, 1, 1, 4 ),
 ( 0.000000000000000000, 0.001563177935411662204, 0.003126355872687692009, 0.004689533809963723765, 0.006252711747239752052, 0.007815889684515785543, 0.009379067621791819034, 0.01094224555906784559, 0.01250542349447951451 ),
 .UNSPECIFIED. ) ;
#2955 = CIRCLE ( 'NONE', #441, 1.850000000000000977 ) ;
#2956 = EDGE_LOOP ( 'NONE', ( #1720, #2281, #4881, #3664 ) ) ;
#2957 = DIRECTION ( 'NONE',  ( 1.000000000000000000, -0.000000000000000000, -0.000000000000000000 ) ) ;
#2958 = LINE ( 'NONE', #5664, #2415 ) ;
#2959 = DIRECTION ( 'NONE',  ( 1.000000000000000000, 0.000000000000000000, 0.000000000000000000 ) ) ;
#2960 = CARTESIAN_POINT ( 'NONE',  ( 7.149999999999995026, 0.8499999999999998668, -9.983333333333339610 ) ) ;
#2961 = DIRECTION ( 'NONE',  ( 0.000000000000000000, 0.000000000000000000, 1.000000000000000000 ) ) ;
#2962 = AXIS2_PLACEMENT_3D ( 'NONE', #3401, #5678, #2076 ) ;
#2963 = AXIS2_PLACEMENT_3D ( 'NONE', #3806, #679, #588 ) ;
#2964 = CARTESIAN_POINT ( 'NONE',  ( 64.34999999999998010, 2.059984127722458030E-15, -4.999999999999999112 ) ) ;
#2965 = ORIENTED_EDGE ( 'NONE', *, *, #963, .F. ) ;
#2966 = LINE ( 'NONE', #5218, #4231 ) ;
#2967 = VECTOR ( 'NONE', #4428, 1000.000000000000000 ) ;
#2968 = ORIENTED_EDGE ( 'NONE', *, *, #960, .T. ) ;
#2969 = CARTESIAN_POINT ( 'NONE',  ( -7.449999999999994849, 7.249999999999999112, 6.549999999999998046 ) ) ;
#2970 = ORIENTED_EDGE ( 'NONE', *, *, #2250, .F. ) ;
#2971 = DIRECTION ( 'NONE',  ( -1.000000000000000000, -0.000000000000000000, -0.000000000000000000 ) ) ;
#2972 = EDGE_CURVE ( 'NONE', #4686, #1932, #76, .T. ) ;
#2973 = CARTESIAN_POINT ( 'NONE',  ( 69.44999999999998863, -3.599999999999999645, -6.899999999999996803 ) ) ;
#2974 = VECTOR ( 'NONE', #1803, 1000.000000000000227 ) ;
#2975 = ORIENTED_EDGE ( 'NONE', *, *, #3877, .F. ) ;
#2976 = EDGE_LOOP ( 'NONE', ( #2642, #2007, #402, #47, #3640 ) ) ;
#2977 = LINE ( 'NONE', #2567, #3424 ) ;
#2978 = LINE ( 'NONE', #5682, #4156 ) ;
#2979 = LINE ( 'NONE', #1256, #4167 ) ;
#2980 = CARTESIAN_POINT ( 'NONE',  ( 54.15000000000000568, 4.345806406413833756, -13.43291034902260428 ) ) ;
#2981 = CARTESIAN_POINT ( 'NONE',  ( 14.15000000000000391, 1.906470311014938801, -1.772492817772291396 ) ) ;
#2982 = ORIENTED_EDGE ( 'NONE', *, *, #5472, .F. ) ;
#2983 = EDGE_CURVE ( 'NONE', #4214, #1209, #5331, .T. ) ;
#2984 = CARTESIAN_POINT ( 'NONE',  ( -11.73333333333333073, -0.8499999999999998668, -11.65000000000000036 ) ) ;
#2985 = CARTESIAN_POINT ( 'NONE',  ( 14.15000000000000568, 0.8499999999999999778, 12.94999999999999929 ) ) ;
#2986 = CARTESIAN_POINT ( 'NONE',  ( -54.14999999999999858, -2.314938844950380936, -13.65000000000000213 ) ) ;
#2987 = ADVANCED_FACE ( 'NONE', ( #5121 ), #3335, .F. ) ;
#2988 = LINE ( 'NONE', #3858, #2205 ) ;
#2989 = CARTESIAN_POINT ( 'NONE',  ( -8.649999999999995026, 7.249999999999999112, 9.649999999999996803 ) ) ;
#2990 = CARTESIAN_POINT ( 'NONE',  ( -69.44999999999998863, -5.499999999999988454, -5.799999999999998046 ) ) ;
#2991 = CARTESIAN_POINT ( 'NONE',  ( 7.149999999999995026, 0.8499999999999998668, -9.316666666666671759 ) ) ;
#2992 = DIRECTION ( 'NONE',  ( 0.000000000000000000, 0.000000000000000000, 1.000000000000000000 ) ) ;
#2993 = ADVANCED_FACE ( 'NONE', ( #4679 ), #5534, .F. ) ;
#2994 = EDGE_CURVE ( 'NONE', #2829, #2854, #3304, .T. ) ;
#2995 = CARTESIAN_POINT ( 'NONE',  ( 64.34999999999999432, 2.750000000000000000, -5.000000000000000888 ) ) ;
#2996 = ORIENTED_EDGE ( 'NONE', *, *, #1187, .T. ) ;
#2997 = LINE ( 'NONE', #2530, #4997 ) ;
#2998 = CARTESIAN_POINT ( 'NONE',  ( 78.44999999999997442, -3.599999999999999645, -12.40000000000000213 ) ) ;
#2999 = DIRECTION ( 'NONE',  ( 0.000000000000000000, -0.000000000000000000, 1.000000000000000000 ) ) ;
#3000 = CARTESIAN_POINT ( 'NONE',  ( 14.14999999999999858, 4.430337716051879760, -8.875993786711596556 ) ) ;
#3001 = EDGE_LOOP ( 'NONE', ( #4736, #1496, #3814, #61 ) ) ;
#3002 = ORIENTED_EDGE ( 'NONE', *, *, #1126, .T. ) ;
#3003 = EDGE_CURVE ( 'NONE', #1919, #872, #125, .T. ) ;
#3004 = LINE ( 'NONE', #2536, #3794 ) ;
#3005 = CARTESIAN_POINT ( 'NONE',  ( -7.449999999999994849, 8.050000000000000711, 6.549999999999998046 ) ) ;
#3006 = DIRECTION ( 'NONE',  ( -0.000000000000000000, 1.000000000000000000, -0.000000000000000000 ) ) ;
#3007 = CARTESIAN_POINT ( 'NONE',  ( 54.15000000000000568, 5.671673470966833719, -12.53138204054241456 ) ) ;
#3008 = CARTESIAN_POINT ( 'NONE',  ( 14.15000000000000746, 0.9943563926952448950, -2.230569048493903139 ) ) ;
#3009 = ORIENTED_EDGE ( 'NONE', *, *, #859, .F. ) ;
#3010 = CARTESIAN_POINT ( 'NONE',  ( 54.14999999999999858, -3.285234860469025797, -13.65000000000000213 ) ) ;
#3011 = LINE ( 'NONE', #2576, #75 ) ;
#3012 = CARTESIAN_POINT ( 'NONE',  ( 64.34999999999999432, 7.399999999999999467, -14.30000000000000071 ) ) ;
#3013 = ADVANCED_FACE ( 'NONE', ( #1557 ), #2786, .F. ) ;
#3014 = CARTESIAN_POINT ( 'NONE',  ( 10.06666666666666643, -0.8499999999999998668, -11.65000000000000036 ) ) ;
#3015 = ADVANCED_FACE ( 'NONE', ( #2894, #5038 ), #4118, .F. ) ;
#3016 = CARTESIAN_POINT ( 'NONE',  ( 54.14999999999999858, -2.750000000000000000, -9.650000000000000355 ) ) ;
#3017 = DIRECTION ( 'NONE',  ( 1.000000000000000000, 0.000000000000000000, -0.000000000000000000 ) ) ;
#3018 = CARTESIAN_POINT ( 'NONE',  ( 9.856325337947215104, 0.8499999999999998668, 1.333333333333333481 ) ) ;
#3019 = EDGE_CURVE ( 'NONE', #5611, #4243, #207, .T. ) ;
#3020 = CARTESIAN_POINT ( 'NONE',  ( 64.34999999999986642, 6.100679342678992256, -13.04783251654280463 ) ) ;
#3021 = ORIENTED_EDGE ( 'NONE', *, *, #2449, .T. ) ;
#3022 = DIRECTION ( 'NONE',  ( -1.000000000000000000, -0.000000000000000000, -0.000000000000000000 ) ) ;
#3023 = CARTESIAN_POINT ( 'NONE',  ( -14.14999999999999503, 1.069662283923977553, -10.42400621329945842 ) ) ;
#3024 = EDGE_CURVE ( 'NONE', #4449, #4485, #2408, .T. ) ;
#3025 = DIRECTION ( 'NONE',  ( 1.301042606982605321E-16, 0.000000000000000000, 1.000000000000000000 ) ) ;
#3026 = ORIENTED_EDGE ( 'NONE', *, *, #3493, .F. ) ;
#3027 = DIRECTION ( 'NONE',  ( -1.000000000000000000, 0.000000000000000000, 1.084202172485504557E-16 ) ) ;
#3028 = EDGE_CURVE ( 'NONE', #1873, #5232, #5512, .T. ) ;
#3029 = ORIENTED_EDGE ( 'NONE', *, *, #5536, .T. ) ;
#3030 = ORIENTED_EDGE ( 'NONE', *, *, #1187, .F. ) ;
#3031 = ORIENTED_EDGE ( 'NONE', *, *, #3742, .T. ) ;
#3032 = CARTESIAN_POINT ( 'NONE',  ( 13.15000000000000568, 0.8499999999999999778, 3.000000000000000000 ) ) ;
#3033 = DIRECTION ( 'NONE',  ( 0.000000000000000000, 0.000000000000000000, 1.000000000000000000 ) ) ;
#3034 = CIRCLE ( 'NONE', #423, 1.000000000000000000 ) ;
#3035 = CARTESIAN_POINT ( 'NONE',  ( -8.649999999999996803, 4.049999999999999822, -0.8000000000000018208 ) ) ;
#3036 = CARTESIAN_POINT ( 'NONE',  ( 12.14999999999999503, -0.8499999999999999778, -7.650000000000000355 ) ) ;
#3037 = CARTESIAN_POINT ( 'NONE',  ( 14.15000000000000568, 1.850110208712441695, -1.683714553468938613 ) ) ;
#3038 = EDGE_LOOP ( 'NONE', ( #4543, #2419, #1013, #3436 ) ) ;
#3039 = ORIENTED_EDGE ( 'NONE', *, *, #1615, .F. ) ;
#3040 = AXIS2_PLACEMENT_3D ( 'NONE', #2799, #171, #1575 ) ;
#3041 = CARTESIAN_POINT ( 'NONE',  ( 64.34999999999999432, 2.265764042632205655, -5.000000000000000888 ) ) ;
#3042 = DIRECTION ( 'NONE',  ( 0.000000000000000000, 0.000000000000000000, 1.000000000000000000 ) ) ;
#3043 = CARTESIAN_POINT ( 'NONE',  ( 14.14999999999999680, 4.180457879281553879, -8.445561452195548213 ) ) ;
#3044 = VECTOR ( 'NONE', #209, 1000.000000000000000 ) ;
#3045 = DIRECTION ( 'NONE',  ( -1.084202172485504434E-16, -0.000000000000000000, -1.000000000000000000 ) ) ;
#3046 = VECTOR ( 'NONE', #3182, 1000.000000000000000 ) ;
#3047 = DIRECTION ( 'NONE',  ( -0.000000000000000000, -0.000000000000000000, -1.000000000000000000 ) ) ;
#3048 = VECTOR ( 'NONE', #124, 1000.000000000000000 ) ;
#3049 = CARTESIAN_POINT ( 'NONE',  ( -14.04999999999999716, 7.249999999999999112, 0.8499999999999998668 ) ) ;
#3050 = CARTESIAN_POINT ( 'NONE',  ( 5.250000000000006217, 0.8500000000000000888, 4.850000000000000533 ) ) ;
#3051 = VECTOR ( 'NONE', #3025, 1000.000000000000000 ) ;
#3052 = AXIS2_PLACEMENT_3D ( 'NONE', #1764, #907, #3076 ) ;
#3053 = VERTEX_POINT ( 'NONE', #3253 ) ;
#3054 =( NAMED_UNIT ( * ) SI_UNIT ( $, .STERADIAN. ) SOLID_ANGLE_UNIT ( ) );
#3055 = ORIENTED_EDGE ( 'NONE', *, *, #2266, .F. ) ;
#3056 = CARTESIAN_POINT ( 'NONE',  ( 14.14999999999999503, 0.9867730723459047226, -10.24397912920230702 ) ) ;
#3058 = ADVANCED_FACE ( 'NONE', ( #4652 ), #2028, .F. ) ;
#3057 = DIRECTION ( 'NONE',  ( -1.301042606982605321E-16, 0.000000000000000000, -1.000000000000000000 ) ) ;
#3059 = AXIS2_PLACEMENT_3D ( 'NONE', #3912, #1205, #3822 ) ;
#3060 = AXIS2_PLACEMENT_3D ( 'NONE', #3121, #898, #378 ) ;
#3061 = CARTESIAN_POINT ( 'NONE',  ( -77.54999999999998295, -6.299999999999998934, -10.79999999999999893 ) ) ;
#3062 = CARTESIAN_POINT ( 'NONE',  ( -14.14999999999999503, 2.750000000000000000, -9.650000000000000355 ) ) ;
#3063 = EDGE_LOOP ( 'NONE', ( #5058, #4401, #3477, #1143 ) ) ;
#3064 = ADVANCED_FACE ( 'NONE', ( #3688 ), #5089, .F. ) ;
#3065 = AXIS2_PLACEMENT_3D ( 'NONE', #1603, #1250, #3027 ) ;
#3066 = EDGE_LOOP ( 'NONE', ( #5450, #1495, #2888, #3207 ) ) ;
#3067 = ORIENTED_EDGE ( 'NONE', *, *, #394, .F. ) ;
#3068 = VERTEX_POINT ( 'NONE', #580 ) ;
#3069 = CARTESIAN_POINT ( 'NONE',  ( 14.15000000000000568, 1.126585716339430832, -2.381418307131922152 ) ) ;
#3070 = CARTESIAN_POINT ( 'NONE',  ( -64.35000000000005116, 4.546899923333069360, -14.06815535663789696 ) ) ;
#3071 = LINE ( 'NONE', #901, #1289 ) ;
#3072 = CARTESIAN_POINT ( 'NONE',  ( 64.34999999999996589, 7.524168565514628426, -9.650000000000000355 ) ) ;
#3073 = CARTESIAN_POINT ( 'NONE',  ( 10.48333333333332362, -0.8499999999999998668, -7.650000000000000355 ) ) ;
#3074 = ORIENTED_EDGE ( 'NONE', *, *, #1553, .F. ) ;
#3075 = CARTESIAN_POINT ( 'NONE',  ( 54.14999999999989200, -6.546618184993082679, -11.20382242968050335 ) ) ;
#3076 = DIRECTION ( 'NONE',  ( 0.000000000000000000, 0.000000000000000000, -1.000000000000000000 ) ) ;
#3077 = DIRECTION ( 'NONE',  ( 0.000000000000000000, 0.000000000000000000, 1.000000000000000000 ) ) ;
#3078 = ORIENTED_EDGE ( 'NONE', *, *, #4962, .F. ) ;
#3079 = LINE ( 'NONE', #947, #3228 ) ;
#3080 = DIRECTION ( 'NONE',  ( 0.000000000000000000, -0.000000000000000000, 1.000000000000000000 ) ) ;
#3081 = DIRECTION ( 'NONE',  ( 0.000000000000000000, 0.000000000000000000, -1.000000000000000000 ) ) ;
#3082 = DIRECTION ( 'NONE',  ( -1.000000000000000000, 0.000000000000000000, 0.000000000000000000 ) ) ;
#3083 = APPLICATION_PROTOCOL_DEFINITION ( 'international standard', 'config_control_design', 1994, #659 ) ;
#3084 = ORIENTED_EDGE ( 'NONE', *, *, #1464, .F. ) ;
#3085 = ORIENTED_EDGE ( 'NONE', *, *, #1628, .T. ) ;
#3086 = B_SPLINE_CURVE_WITH_KNOTS ( 'NONE', 3,
 ( #2710, #5270, #4423, #3020, #1269, #4808, #1333 ),
 .UNSPECIFIED., .F., .F.,
 ( 4, 1, 1, 1, 4 ),
 ( 0.5000374723489217077, 0.6250000000398463484, 0.7500000000777022890, 0.8750000001155577856, 1.000000000000000000 ),
 .UNSPECIFIED. ) ;
#3087 = CARTESIAN_POINT ( 'NONE',  ( 13.15000000000000568, 0.8499999999999999778, -1.000000000000000000 ) ) ;
#3088 = CARTESIAN_POINT ( 'NONE',  ( -7.449999999999994849, 1.927406647131493678, 6.549999999999998046 ) ) ;
#3089 = ORIENTED_EDGE ( 'NONE', *, *, #1546, .T. ) ;
#3090 = CARTESIAN_POINT ( 'NONE',  ( -65.34999999999999432, 6.399999999999999467, -14.30000000000000071 ) ) ;
#3091 = PLANE ( 'NONE',  #4171 ) ;
#3092 = ORIENTED_EDGE ( 'NONE', *, *, #2672, .T. ) ;
#3093 = ORIENTED_EDGE ( 'NONE', *, *, #233, .F. ) ;
#3094 = ORIENTED_EDGE ( 'NONE', *, *, #530, .F. ) ;
#3095 = DIRECTION ( 'NONE',  ( 1.000000000000000000, -0.000000000000000000, -0.000000000000000000 ) ) ;
#3096 = APPROVAL ( #1400, 'Coincident' ) ;
#3097 = CARTESIAN_POINT ( 'NONE',  ( -64.35000000000000853, 6.100679342678992256, -6.252167483457191643 ) ) ;
#3098 = CARTESIAN_POINT ( 'NONE',  ( -14.14999999999999858, 3.772035979957539809, -8.084010084480675928 ) ) ;
#3099 = ADVANCED_FACE ( 'NONE', ( #4140 ), #3800, .F. ) ;
#3100 = ORIENTED_EDGE ( 'NONE', *, *, #4280, .T. ) ;
#3101 = DIRECTION ( 'NONE',  ( -1.000000000000000000, -0.000000000000000000, -0.000000000000000000 ) ) ;
#3102 = ORIENTED_EDGE ( 'NONE', *, *, #567, .T. ) ;
#3103 = CYLINDRICAL_SURFACE ( 'NONE', #4075, 1.850000000000000977 ) ;
#3104 = ADVANCED_FACE ( 'NONE', ( #3222 ), #5005, .T. ) ;
#3105 = CARTESIAN_POINT ( 'NONE',  ( -0.7499999999999937828, 5.050000000000000711, 2.850000000000000089 ) ) ;
#3106 = FACE_OUTER_BOUND ( 'NONE', #2624, .T. ) ;
#3107 = ORIENTED_EDGE ( 'NONE', *, *, #5659, .F. ) ;
#3108 = ORIENTED_EDGE ( 'NONE', *, *, #4579, .T. ) ;
#3109 = LINE ( 'NONE', #4839, #3503 ) ;
#3110 = FACE_OUTER_BOUND ( 'NONE', #1880, .T. ) ;
#3111 = CARTESIAN_POINT ( 'NONE',  ( 77.44999999999998863, -2.899999999999999467, -7.949999999999998401 ) ) ;
#3112 = LINE ( 'NONE', #2265, #150 ) ;
#3113 = ORIENTED_EDGE ( 'NONE', *, *, #537, .T. ) ;
#3114 = ORIENTED_EDGE ( 'NONE', *, *, #4654, .F. ) ;
#3115 = CARTESIAN_POINT ( 'NONE',  ( -54.14999999999999858, 2.750000000000000444, -7.799999999999999822 ) ) ;
#3116 = CARTESIAN_POINT ( 'NONE',  ( 7.149999999999995914, 0.8499999999999999778, -11.65000000000000036 ) ) ;
#3117 = DIRECTION ( 'NONE',  ( 1.000000000000000000, 0.000000000000000000, 0.000000000000000000 ) ) ;
#3118 = CARTESIAN_POINT ( 'NONE',  ( -69.44999999999998863, 7.000000000000000000, -13.50000000000000178 ) ) ;
#3119 = ORIENTED_EDGE ( 'NONE', *, *, #1214, .T. ) ;
#3120 = ORIENTED_EDGE ( 'NONE', *, *, #3677, .T. ) ;
#3121 = CARTESIAN_POINT ( 'NONE',  ( 16.15000000000000568, 1.449999999999999956, 2.000000000000000000 ) ) ;
#3122 = CARTESIAN_POINT ( 'NONE',  ( 14.15000000000000924, 0.9780215598659606213, 1.812680477474213792 ) ) ;
#3123 = EDGE_CURVE ( 'NONE', #2509, #488, #2837, .T. ) ;
#3124 = CARTESIAN_POINT ( 'NONE',  ( -14.14999999999999503, 4.430308111460344200, -8.876007331713941184 ) ) ;
#3125 = ORIENTED_EDGE ( 'NONE', *, *, #2788, .F. ) ;
#3126 = ORIENTED_EDGE ( 'NONE', *, *, #1978, .F. ) ;
#3127 = FACE_OUTER_BOUND ( 'NONE', #2296, .T. ) ;
#3128 = CARTESIAN_POINT ( 'NONE',  ( 14.14999999999999503, 2.750000472036969068, -11.49970919014276660 ) ) ;
#3129 = CARTESIAN_POINT ( 'NONE',  ( 14.15000000000000391, 1.799431413080705644, 1.628132783640293901 ) ) ;
#3130 = VECTOR ( 'NONE', #1402, 1000.000000000000000 ) ;
#3131 = EDGE_CURVE ( 'NONE', #1088, #5082, #4939, .T. ) ;
#3132 = DIRECTION ( 'NONE',  ( -0.9557803970269604932, -0.2350012542708386776, -0.1768000089087055637 ) ) ;
#3133 = CARTESIAN_POINT ( 'NONE',  ( 14.14999999999999503, 1.727964020042459303, -11.21598991551932301 ) ) ;
#3134 = CARTESIAN_POINT ( 'NONE',  ( 14.15000000000000568, 0.8499999999999999778, -12.94999999999999929 ) ) ;
#3135 = LINE ( 'NONE', #1890, #2137 ) ;
#3136 = VECTOR ( 'NONE', #3132, 1000.000000000000114 ) ;
#3137 = AXIS2_PLACEMENT_3D ( 'NONE', #5053, #172, #2800 ) ;
#3138 = ORIENTED_EDGE ( 'NONE', *, *, #5057, .T. ) ;
#3139 = EDGE_LOOP ( 'NONE', ( #3373, #2686, #5505, #3932 ) ) ;
#3140 = VECTOR ( 'NONE', #2714, 1000.000000000000000 ) ;
#3141 = CARTESIAN_POINT ( 'NONE',  ( -14.14999999999999503, 0.8499999999999999778, -12.94999999999999929 ) ) ;
#3142 = CARTESIAN_POINT ( 'NONE',  ( -14.14999999999999503, 1.695887704139257490, -8.129483986046180277 ) ) ;
#3143 = ORIENTED_EDGE ( 'NONE', *, *, #919, .F. ) ;
#3144 = CARTESIAN_POINT ( 'NONE',  ( 14.15000000000000568, 1.906397641616121463, 1.793922604889193195 ) ) ;
#3145 = AXIS2_PLACEMENT_3D ( 'NONE', #4405, #31, #1814 ) ;
#3146 = VECTOR ( 'NONE', #2708, 1000.000000000000000 ) ;
#3147 = FACE_OUTER_BOUND ( 'NONE', #4234, .T. ) ;
#3148 = ORIENTED_EDGE ( 'NONE', *, *, #2730, .T. ) ;
#3149 = VERTEX_POINT ( 'NONE', #3418 ) ;
#3150 = VECTOR ( 'NONE', #190, 1000.000000000000000 ) ;
#3151 = VECTOR ( 'NONE', #200, 1000.000000000000000 ) ;
#3152 = CARTESIAN_POINT ( 'NONE',  ( 7.250000000000006217, 0.8499999999999999778, 2.850000000000000089 ) ) ;
#3153 = CARTESIAN_POINT ( 'NONE',  ( 13.15000000000000568, 0.8499999999999998668, 1.166666666666666519 ) ) ;
#3154 = DIRECTION ( 'NONE',  ( 0.000000000000000000, 0.000000000000000000, 1.000000000000000000 ) ) ;
#3155 = VECTOR ( 'NONE', #57, 1000.000000000000000 ) ;
#3156 = AXIS2_PLACEMENT_3D ( 'NONE', #3721, #1035, #3769 ) ;
#3157 = ORIENTED_EDGE ( 'NONE', *, *, #2363, .F. ) ;
#3158 = ORIENTED_EDGE ( 'NONE', *, *, #2348, .T. ) ;
#3159 = VECTOR ( 'NONE', #835, 1000.000000000000000 ) ;
#3160 = DIRECTION ( 'NONE',  ( 1.000000000000000000, -0.000000000000000000, -0.000000000000000000 ) ) ;
#3161 = DIRECTION ( 'NONE',  ( 0.000000000000000000, -0.000000000000000000, -1.000000000000000000 ) ) ;
#3162 = CARTESIAN_POINT ( 'NONE',  ( 10.95421689196480663, 0.8499999999999998668, 1.000000000000000444 ) ) ;
#3163 = EDGE_CURVE ( 'NONE', #1682, #4906, #5265, .T. ) ;
#3164 = EDGE_LOOP ( 'NONE', ( #111, #3567, #5357, #3629 ) ) ;
#3165 = PLANE ( 'NONE',  #1646 ) ;
#3166 = CARTESIAN_POINT ( 'NONE',  ( -14.14999999999999858, -4.430337716051879760, -8.875993786711596556 ) ) ;
#3167 = DIRECTION ( 'NONE',  ( -1.000000000000000000, 0.000000000000000000, 0.000000000000000000 ) ) ;
#3168 = PLANE ( 'NONE',  #5299 ) ;
#3169 = EDGE_CURVE ( 'NONE', #3969, #1969, #2151, .T. ) ;
#3170 = APPROVAL_DATE_TIME ( #584, #3096 ) ;
#3171 = EDGE_LOOP ( 'NONE', ( #4104, #5564, #4753, #2643 ) ) ;
#3172 = EDGE_LOOP ( 'NONE', ( #3679, #2453, #5585, #2712, #4672 ) ) ;
#3173 = CARTESIAN_POINT ( 'NONE',  ( 14.15000000000000568, 1.235143807084270184, -1.540112795835276271 ) ) ;
#3174 = LINE ( 'NONE', #4961, #1552 ) ;
#3175 = CARTESIAN_POINT ( 'NONE',  ( -7.149999999999995914, 0.8499999999999999778, -11.65000000000000036 ) ) ;
#3176 = EDGE_CURVE ( 'NONE', #96, #5313, #4354, .T. ) ;
#3177 = ADVANCED_FACE ( 'NONE', ( #5691 ), #5661, .F. ) ;
#3178 = VERTEX_POINT ( 'NONE', #2179 ) ;
#3179 = ORIENTED_EDGE ( 'NONE', *, *, #3999, .F. ) ;
#3180 = CARTESIAN_POINT ( 'NONE',  ( 64.34999999999999432, 2.059984127722458425E-15, -4.999999999999999112 ) ) ;
#3181 = FACE_OUTER_BOUND ( 'NONE', #5388, .T. ) ;
#3182 = DIRECTION ( 'NONE',  ( -0.000000000000000000, -0.000000000000000000, -1.000000000000000000 ) ) ;
#3183 = CARTESIAN_POINT ( 'NONE',  ( -14.14999999999999680, 4.180457879281553879, -8.445561452195548213 ) ) ;
#3184 = ORIENTED_EDGE ( 'NONE', *, *, #1809, .F. ) ;
#3185 = ADVANCED_FACE ( 'NONE', ( #1262 ), #664, .T. ) ;
#3186 = ORIENTED_EDGE ( 'NONE', *, *, #4474, .F. ) ;
#3187 = ORIENTED_EDGE ( 'NONE', *, *, #640, .F. ) ;
#3188 = LINE ( 'NONE', #5429, #525 ) ;
#3189 = CARTESIAN_POINT ( 'NONE',  ( -64.34999999999996589, -4.546899923333082683, -5.231844643362119740 ) ) ;
#3190 = CARTESIAN_POINT ( 'NONE',  ( -8.649999999999996803, 7.249999999999999112, -2.350000000000000533 ) ) ;
#3191 = EDGE_CURVE ( 'NONE', #1969, #166, #2410, .T. ) ;
#3192 = ORIENTED_EDGE ( 'NONE', *, *, #5242, .T. ) ;
#3193 = DIRECTION ( 'NONE',  ( -1.807003620809175371E-16, 0.000000000000000000, -1.000000000000000000 ) ) ;
#3194 = CARTESIAN_POINT ( 'NONE',  ( 14.14999999999999503, 3.804016421976768036, -11.17037803924000983 ) ) ;
#3195 = CARTESIAN_POINT ( 'NONE',  ( -12.24999999999999289, 1.927406647131493678, 3.149999999999999023 ) ) ;
#3196 = ORIENTED_EDGE ( 'NONE', *, *, #1272, .F. ) ;
#3197 = ORIENTED_EDGE ( 'NONE', *, *, #4100, .F. ) ;
#3198 = EDGE_CURVE ( 'NONE', #2915, #4975, #516, .T. ) ;
#3199 = CARTESIAN_POINT ( 'NONE',  ( 64.34999999999995168, -7.400194474761939034, -9.649631090305653913 ) ) ;
#3200 = PLANE ( 'NONE',  #68 ) ;
#3201 = DIRECTION ( 'NONE',  ( -1.000000000000000000, 0.000000000000000000, 0.000000000000000000 ) ) ;
#3202 = ORIENTED_EDGE ( 'NONE', *, *, #4579, .F. ) ;
#3203 = CARTESIAN_POINT ( 'NONE',  ( -54.15000000000014069, 3.285234860469026241, -5.649999999999990585 ) ) ;
#3204 = ORIENTED_EDGE ( 'NONE', *, *, #2140, .T. ) ;
#3205 = EDGE_CURVE ( 'NONE', #2565, #198, #5322, .T. ) ;
#3206 = CARTESIAN_POINT ( 'NONE',  ( 77.44999999999998863, 2.800000000000001599, -9.649999999999998579 ) ) ;
#3207 = ORIENTED_EDGE ( 'NONE', *, *, #5742, .F. ) ;
#3208 = CARTESIAN_POINT ( 'NONE',  ( 54.15000000000006963, 5.671673470966813291, -6.768617959457595035 ) ) ;
#3209 = VERTEX_POINT ( 'NONE', #490 ) ;
#3210 = EDGE_CURVE ( 'NONE', #1817, #1550, #1299, .T. ) ;
#3211 = CARTESIAN_POINT ( 'NONE',  ( 54.15000000000014069, 6.546618184993108436, -8.096177570319508021 ) ) ;
#3212 = DIRECTION ( 'NONE',  ( -1.000000000000000000, 0.000000000000000000, 0.000000000000000000 ) ) ;
#3213 = ORIENTED_EDGE ( 'NONE', *, *, #3882, .T. ) ;
#3214 = ORIENTED_EDGE ( 'NONE', *, *, #5726, .T. ) ;
#3215 = ORIENTED_EDGE ( 'NONE', *, *, #2637, .F. ) ;
#3216 = CARTESIAN_POINT ( 'NONE',  ( 10.21334499148930597, 0.8499999999999998668, -3.000000000000000000 ) ) ;
#3217 = CARTESIAN_POINT ( 'NONE',  ( 12.14999999999999503, 0.8499999999999999778, -7.650000000000000355 ) ) ;
#3218 = CARTESIAN_POINT ( 'NONE',  ( 78.44999999999997442, -6.999999999999999112, -11.99999999999998757 ) ) ;
#3219 = VECTOR ( 'NONE', #1752, 1000.000000000000000 ) ;
#3220 = CARTESIAN_POINT ( 'NONE',  ( 14.14999999999999503, 3.966896449587267615, -11.05745992316454185 ) ) ;
#3221 = CARTESIAN_POINT ( 'NONE',  ( 64.34999999999999432, -2.265764042632205655, -14.30000000000000071 ) ) ;
#3222 = FACE_OUTER_BOUND ( 'NONE', #2003, .T. ) ;
#3223 = EDGE_CURVE ( 'NONE', #5612, #113, #5392, .T. ) ;
#3224 = CIRCLE ( 'NONE', #5531, 1.000000000000000000 ) ;
#3225 = EDGE_LOOP ( 'NONE', ( #624, #4241, #2592, #5572 ) ) ;
#3226 = ORIENTED_EDGE ( 'NONE', *, *, #658, .T. ) ;
#3227 = CARTESIAN_POINT ( 'NONE',  ( 14.14999999999999503, 1.727964020042459303, -11.21598991551932301 ) ) ;
#3228 = VECTOR ( 'NONE', #4503, 1000.000000000000000 ) ;
#3229 = CARTESIAN_POINT ( 'NONE',  ( -14.04999999999999538, 6.200000000000000178, 8.849999999999997868 ) ) ;
#3230 = DIRECTION ( 'NONE',  ( 0.000000000000000000, 0.000000000000000000, 1.000000000000000000 ) ) ;
#3231 = VECTOR ( 'NONE', #366, 1000.000000000000227 ) ;
#3232 = FACE_BOUND ( 'NONE', #290, .T. ) ;
#3233 = VERTEX_POINT ( 'NONE', #15 ) ;
#3234 = B_SPLINE_SURFACE_WITH_KNOTS ( 'NONE', 3, 1, ( 
 ( #1620, #5238 ),
 ( #764, #294 ),
 ( #2923, #676 ),
 ( #4227, #737 ),
 ( #1215, #3014 ),
 ( #3390, #5538 ),
 ( #4292, #4264 ),
 ( #1121, #4360 ),
 ( #2896, #1590 ),
 ( #3363, #5145 ) ),
 .UNSPECIFIED., .F., .F., .F.,
 ( 4, 2, 2, 2, 4 ),
 ( 2, 2 ),
 ( 0.000000000000000000, 0.2500000000000000000, 0.5000000000000000000, 0.7500000000000000000, 1.000000000000000000 ),
 ( 0.000000000000000000, 1.000000000000000000 ),
 .UNSPECIFIED. ) ;
#3235 = LINE ( 'NONE', #2766, #2670 ) ;
#3236 = CARTESIAN_POINT ( 'NONE',  ( 54.14999999999999858, -3.285234860469026241, -5.649999999999998579 ) ) ;
#3237 = VECTOR ( 'NONE', #4248, 1000.000000000000000 ) ;
#3238 = VECTOR ( 'NONE', #3388, 1000.000000000000114 ) ;
#3239 = CARTESIAN_POINT ( 'NONE',  ( 54.15000000000014069, 6.546618184993088896, -11.20382242968048914 ) ) ;
#3240 = FACE_OUTER_BOUND ( 'NONE', #1147, .T. ) ;
#3241 = EDGE_CURVE ( 'NONE', #5504, #2017, #4443, .T. ) ;
#3242 = VERTEX_POINT ( 'NONE', #3128 ) ;
#3243 = VECTOR ( 'NONE', #1607, 1000.000000000000000 ) ;
#3244 = ORIENTED_EDGE ( 'NONE', *, *, #1527, .T. ) ;
#3245 = DIRECTION ( 'NONE',  ( -1.000000000000000000, 0.000000000000000000, 0.000000000000000000 ) ) ;
#3246 = LINE ( 'NONE', #3217, #2768 ) ;
#3247 = AXIS2_PLACEMENT_3D ( 'NONE', #5263, #2612, #5567 ) ;
#3248 = DIRECTION ( 'NONE',  ( -1.000000000000000000, -0.000000000000000000, 1.084202172485504557E-16 ) ) ;
#3249 = ORIENTED_EDGE ( 'NONE', *, *, #4710, .T. ) ;
#3250 = VECTOR ( 'NONE', #2754, 1000.000000000000114 ) ;
#3251 = PLANE ( 'NONE',  #2292 ) ;
#3252 = DIRECTION ( 'NONE',  ( 0.000000000000000000, -1.000000000000000000, 1.172110456741086074E-16 ) ) ;
#3253 = CARTESIAN_POINT ( 'NONE',  ( 9.946376354351970761, 0.8499999999999996447, -3.000000000000000000 ) ) ;
#3254 = LOCAL_TIME ( 18, 50, 1.000000000000000000, #4508 ) ;
#3255 = EDGE_CURVE ( 'NONE', #1401, #868, #412, .T. ) ;
#3256 = EDGE_LOOP ( 'NONE', ( #3711, #1361, #3078, #213 ) ) ;
#3257 = ORIENTED_EDGE ( 'NONE', *, *, #3546, .F. ) ;
#3258 = CARTESIAN_POINT ( 'NONE',  ( 7.149999999999995026, -0.8499999999999998668, -8.983333333333337833 ) ) ;
#3259 = CARTESIAN_POINT ( 'NONE',  ( -7.983333333333331616, 0.8499999999999998668, -11.65000000000000036 ) ) ;
#3260 = PLANE ( 'NONE',  #1194 ) ;
#3261 = DIRECTION ( 'NONE',  ( -1.000000000000000000, -0.000000000000000000, -0.000000000000000000 ) ) ;
#3262 = ORIENTED_EDGE ( 'NONE', *, *, #281, .F. ) ;
#3263 = LINE ( 'NONE', #4208, #1541 ) ;
#3264 = DIRECTION ( 'NONE',  ( 0.000000000000000000, 0.000000000000000000, -1.000000000000000000 ) ) ;
#3265 = LINE ( 'NONE', #1877, #3323 ) ;
#3266 = EDGE_CURVE ( 'NONE', #731, #4459, #2203, .T. ) ;
#3267 = CYLINDRICAL_SURFACE ( 'NONE', #5755, 2.000000000000000000 ) ;
#3268 = EDGE_CURVE ( 'NONE', #847, #2337, #5350, .T. ) ;
#3269 = ORIENTED_EDGE ( 'NONE', *, *, #5236, .T. ) ;
#3270 = VERTEX_POINT ( 'NONE', #3105 ) ;
#3271 = ORIENTED_EDGE ( 'NONE', *, *, #930, .T. ) ;
#3272 = ORIENTED_EDGE ( 'NONE', *, *, #4590, .T. ) ;
#3273 = CC_DESIGN_PERSON_AND_ORGANIZATION_ASSIGNMENT ( #2126, #5243, ( #2953 ) ) ;
#3274 = DIRECTION ( 'NONE',  ( 2.168404344971008868E-16, 0.000000000000000000, -1.000000000000000000 ) ) ;
#3275 = DIRECTION ( 'NONE',  ( 0.000000000000000000, 0.000000000000000000, -1.000000000000000000 ) ) ;
#3276 = EDGE_CURVE ( 'NONE', #438, #857, #1558, .T. ) ;
#3277 = DIRECTION ( 'NONE',  ( 1.000000000000000000, -9.306807796734695098E-33, 0.000000000000000000 ) ) ;
#3278 = ADVANCED_FACE ( 'NONE', ( #4501 ), #1792, .T. ) ;
#3279 = EDGE_CURVE ( 'NONE', #2105, #759, #4031, .T. ) ;
#3280 = CARTESIAN_POINT ( 'NONE',  ( 14.14999999999999503, 3.804112295846674652, -11.17051601393357885 ) ) ;
#3281 = CARTESIAN_POINT ( 'NONE',  ( 13.15000000000000568, 0.8499999999999999778, -3.000000000000000000 ) ) ;
#3282 = DIRECTION ( 'NONE',  ( 0.000000000000000000, 0.000000000000000000, 1.000000000000000000 ) ) ;
#3283 = ORIENTED_EDGE ( 'NONE', *, *, #1498, .F. ) ;
#3284 = EDGE_CURVE ( 'NONE', #1713, #82, #2283, .T. ) ;
#3285 = CARTESIAN_POINT ( 'NONE',  ( 14.14999999999999503, -4.571614978577096089, -9.260875572855569615 ) ) ;
#3286 = DIRECTION ( 'NONE',  ( 0.000000000000000000, 0.000000000000000000, -1.000000000000000000 ) ) ;
#3287 = DIRECTION ( 'NONE',  ( -2.168404344971008868E-16, 0.000000000000000000, -1.000000000000000000 ) ) ;
#3288 = DIRECTION ( 'NONE',  ( -1.000000000000000000, -0.000000000000000000, -0.000000000000000000 ) ) ;
#3289 = B_SPLINE_CURVE_WITH_KNOTS ( 'NONE', 3,
 ( #3574, #4924, #1171, #2981, #3037, #5710 ),
 .UNSPECIFIED., .F., .F.,
 ( 4, 2, 4 ),
 ( 0.1958956626644591525, 0.2919820059857573535, 0.3880683493070555823 ),
 .UNSPECIFIED. ) ;
#3290 = CARTESIAN_POINT ( 'NONE',  ( 69.44999999999998863, 2.800000000000001599, -9.649999999999998579 ) ) ;
#3291 = ORIENTED_EDGE ( 'NONE', *, *, #658, .F. ) ;
#3292 = CARTESIAN_POINT ( 'NONE',  ( -14.14999999999999503, 3.966896449587267615, -11.05745992316454185 ) ) ;
#3293 = CARTESIAN_POINT ( 'NONE',  ( 14.14999999999998970, 1.123971580354579336, -8.741302840060379609 ) ) ;
#3294 = FACE_BOUND ( 'NONE', #3909, .T. ) ;
#3295 = CARTESIAN_POINT ( 'NONE',  ( -8.649999999999996803, 7.249999999999999112, 0.8499999999999993117 ) ) ;
#3296 = ORIENTED_EDGE ( 'NONE', *, *, #5670, .F. ) ;
#3297 = ORIENTED_EDGE ( 'NONE', *, *, #4833, .F. ) ;
#3298 = VERTEX_POINT ( 'NONE', #3633 ) ;
#3299 = DIRECTION ( 'NONE',  ( -1.000000000000000000, 0.000000000000000000, 0.000000000000000000 ) ) ;
#3300 = DIRECTION ( 'NONE',  ( -1.000000000000000000, -0.000000000000000000, 1.084202172485504557E-16 ) ) ;
#3301 = CARTESIAN_POINT ( 'NONE',  ( 78.44999999999997442, 7.000000000000000000, -5.800000000000000711 ) ) ;
#3302 = DIRECTION ( 'NONE',  ( 1.000000000000000000, 0.000000000000000000, 0.000000000000000000 ) ) ;
#3303 = DIRECTION ( 'NONE',  ( 0.000000000000000000, 0.000000000000000000, 1.000000000000000000 ) ) ;
#3304 = LINE ( 'NONE', #1083, #255 ) ;
#3305 = ADVANCED_FACE ( 'NONE', ( #143 ), #5528, .T. ) ;
#3306 = CARTESIAN_POINT ( 'NONE',  ( 64.34999999999986642, -7.152246326680223198, -11.49590968630907106 ) ) ;
#3307 = LINE ( 'NONE', #1896, #5738 ) ;
#3308 = LINE ( 'NONE', #5398, #5558 ) ;
#3309 = VECTOR ( 'NONE', #2840, 1000.000000000000000 ) ;
#3310 = DIRECTION ( 'NONE',  ( 0.000000000000000000, 0.000000000000000000, -1.000000000000000000 ) ) ;
#3311 = ADVANCED_FACE ( 'NONE', ( #4674 ), #4090, .F. ) ;
#3312 = CARTESIAN_POINT ( 'NONE',  ( -14.14999999999999503, -4.612205218160180920, -9.693481897772610267 ) ) ;
#3313 = ORIENTED_EDGE ( 'NONE', *, *, #400, .T. ) ;
#3314 = AXIS2_PLACEMENT_3D ( 'NONE', #3826, #4650, #760 ) ;
#3315 = CARTESIAN_POINT ( 'NONE',  ( -7.149999999999995026, 0.8499999999999998668, -10.98333333333333606 ) ) ;
#3316 = CARTESIAN_POINT ( 'NONE',  ( 65.34999999999999432, -7.399999999999999467, -13.29999999999999716 ) ) ;
#3317 = CARTESIAN_POINT ( 'NONE',  ( -77.54999999999998295, -6.299999999999998934, -8.499999999999998224 ) ) ;
#3318 = CIRCLE ( 'NONE', #2763, 2.000000000000000000 ) ;
#3319 = CARTESIAN_POINT ( 'NONE',  ( -65.34999999999999432, 7.399999999999999467, -6.000000000000001776 ) ) ;
#3320 = ORIENTED_EDGE ( 'NONE', *, *, #3255, .F. ) ;
#3321 = ORIENTED_EDGE ( 'NONE', *, *, #5605, .F. ) ;
#3322 = ORIENTED_EDGE ( 'NONE', *, *, #1898, .F. ) ;
#3323 = VECTOR ( 'NONE', #4549, 1000.000000000000000 ) ;
#3324 = VECTOR ( 'NONE', #3459, 1000.000000000000000 ) ;
#3325 = CARTESIAN_POINT ( 'NONE',  ( -14.04999999999999538, 8.050000000000000711, 12.84999999999999964 ) ) ;
#3326 = PRODUCT_DEFINITION_SHAPE ( 'NONE', 'NONE',  #1892 ) ;
#3327 = DIRECTION ( 'NONE',  ( -1.000000000000000000, 2.139964431332608849E-31, 1.535153518563545837E-16 ) ) ;
#3328 = LINE ( 'NONE', #4609, #1386 ) ;
#3329 = VECTOR ( 'NONE', #680, 1000.000000000000000 ) ;
#3330 = VECTOR ( 'NONE', #739, 1000.000000000000114 ) ;
#3331 = VERTEX_POINT ( 'NONE', #1470 ) ;
#3332 = DIRECTION ( 'NONE',  ( 1.000000000000000000, -0.000000000000000000, -0.000000000000000000 ) ) ;
#3333 = AXIS2_PLACEMENT_3D ( 'NONE', #3190, #2284, #66 ) ;
#3334 = CARTESIAN_POINT ( 'NONE',  ( 78.44999999999997442, 6.200000000000000178, -6.899999999999998579 ) ) ;
#3335 = PLANE ( 'NONE',  #3156 ) ;
#3336 = EDGE_CURVE ( 'NONE', #2634, #2573, #435, .T. ) ;
#3337 = VECTOR ( 'NONE', #1779, 1000.000000000000000 ) ;
#3338 = DIRECTION ( 'NONE',  ( 0.000000000000000000, 0.000000000000000000, 1.000000000000000000 ) ) ;
#3339 = CARTESIAN_POINT ( 'NONE',  ( 65.34999999999999432, -6.400000000000000355, -14.29999999999999893 ) ) ;
#3340 = EDGE_CURVE ( 'NONE', #1604, #1312, #3246, .T. ) ;
#3341 = DIRECTION ( 'NONE',  ( 0.000000000000000000, 0.000000000000000000, 1.000000000000000000 ) ) ;
#3342 = CIRCLE ( 'NONE', #538, 5.500000000000000000 ) ;
#3343 = PLANE ( 'NONE',  #3518 ) ;
#3344 = EDGE_CURVE ( 'NONE', #1162, #4953, #98, .T. ) ;
#3345 = CARTESIAN_POINT ( 'NONE',  ( -14.14999999999999503, -4.593808527201876046, -9.920642124191942912 ) ) ;
#3346 = VERTEX_POINT ( 'NONE', #3740 ) ;
#3347 = DIRECTION ( 'NONE',  ( 0.000000000000000000, 1.000000000000000000, -1.172110456741086074E-16 ) ) ;
#3348 = LINE ( 'NONE', #4155, #5090 ) ;
#3349 = EDGE_CURVE ( 'NONE', #2573, #4412, #4643, .T. ) ;
#3350 = CARTESIAN_POINT ( 'NONE',  ( 11.73333333333332895, 0.8499999999999998668, -7.650000000000000355 ) ) ;
#3351 = CARTESIAN_POINT ( 'NONE',  ( -14.14999999999999503, -1.695983578023231741, -8.129621960759990884 ) ) ;
#3352 = ORIENTED_EDGE ( 'NONE', *, *, #5716, .F. ) ;
#3353 = VERTEX_POINT ( 'NONE', #1548 ) ;
#3354 = CARTESIAN_POINT ( 'NONE',  ( -14.14999999999999503, -3.804112295846674652, -11.17051601393357885 ) ) ;
#3355 = FACE_OUTER_BOUND ( 'NONE', #1882, .T. ) ;
#3356 = PLANE ( 'NONE',  #2595 ) ;
#3357 = ADVANCED_FACE ( 'NONE', ( #1522 ), #997, .T. ) ;
#3358 = ORIENTED_EDGE ( 'NONE', *, *, #4026, .F. ) ;
#3359 = CARTESIAN_POINT ( 'NONE',  ( -14.14999999999999503, -1.069662283923977553, -10.42400621329945842 ) ) ;
#3360 = FACE_OUTER_BOUND ( 'NONE', #4431, .T. ) ;
#3361 = CARTESIAN_POINT ( 'NONE',  ( 14.14999999999999503, 3.514575435592331765, -7.941019871310378342 ) ) ;
#3362 = ADVANCED_FACE ( 'NONE', ( #5430 ), #2430, .T. ) ;
#3363 = CARTESIAN_POINT ( 'NONE',  ( 14.14999999999999503, -3.804016421976768036, -11.17037803924000983 ) ) ;
#3364 = CARTESIAN_POINT ( 'NONE',  ( -77.54999999999998295, -3.599999999999999645, -12.40000000000000213 ) ) ;
#3365 = EDGE_CURVE ( 'NONE', #2138, #4669, #1911, .T. ) ;
#3366 = DIRECTION ( 'NONE',  ( -1.000000000000000000, 0.000000000000000000, 0.000000000000000000 ) ) ;
#3367 = CARTESIAN_POINT ( 'NONE',  ( 13.65000000000000568, 0.9143074240270094855, -1.416639280046198657 ) ) ;
#3368 = LINE ( 'NONE', #1093, #2693 ) ;
#3369 = FACE_OUTER_BOUND ( 'NONE', #4604, .T. ) ;
#3370 = ORIENTED_EDGE ( 'NONE', *, *, #1354, .T. ) ;
#3371 = B_SPLINE_SURFACE_WITH_KNOTS ( 'NONE', 3, 1, ( 
 ( #3471, #5254 ),
 ( #4022, #2224 ),
 ( #2630, #1755 ),
 ( #3587, #431 ),
 ( #1341, #3996 ),
 ( #3032, #4403 ) ),
 .UNSPECIFIED., .F., .F., .F.,
 ( 4, 2, 4 ),
 ( 2, 2 ),
 ( 0.000000000000000000, 0.5000000000000000000, 1.000000000000000000 ),
 ( 0.000000000000000000, 1.000000000000000000 ),
 .UNSPECIFIED. ) ;
#3372 = FACE_OUTER_BOUND ( 'NONE', #1191, .T. ) ;
#3373 = ORIENTED_EDGE ( 'NONE', *, *, #1185, .T. ) ;
#3374 = CARTESIAN_POINT ( 'NONE',  ( -14.14999999999999503, -3.804112295846674652, -11.17051601393357885 ) ) ;
#3375 = FACE_OUTER_BOUND ( 'NONE', #5201, .T. ) ;
#3376 = FACE_OUTER_BOUND ( 'NONE', #3139, .T. ) ;
#3377 = EDGE_CURVE ( 'NONE', #4713, #4485, #1111, .T. ) ;
#3378 = ORIENTED_EDGE ( 'NONE', *, *, #2329, .F. ) ;
#3379 = ORIENTED_EDGE ( 'NONE', *, *, #4222, .T. ) ;
#3380 = ORIENTED_EDGE ( 'NONE', *, *, #3340, .F. ) ;
#3381 = CARTESIAN_POINT ( 'NONE',  ( -14.04999999999999716, 7.249999999999999112, 0.8499999999999998668 ) ) ;
#3382 = DIRECTION ( 'NONE',  ( 0.000000000000000000, -1.000000000000000000, 1.172110456741086074E-16 ) ) ;
#3383 = CARTESIAN_POINT ( 'NONE',  ( -10.48333333333332362, -0.8499999999999998668, -7.650000000000000355 ) ) ;
#3384 = CARTESIAN_POINT ( 'NONE',  ( 64.34999999999996589, -1.339215079511147044, -5.000000000000003553 ) ) ;
#3385 = ADVANCED_FACE ( 'NONE', ( #2340 ), #3683, .T. ) ;
#3386 = ORIENTED_EDGE ( 'NONE', *, *, #5122, .F. ) ;
#3387 = CARTESIAN_POINT ( 'NONE',  ( -7.983333333333331616, -0.8499999999999998668, -11.65000000000000036 ) ) ;
#3388 = DIRECTION ( 'NONE',  ( -0.000000000000000000, 0.8602915336341738772, 0.5098023903017334657 ) ) ;
#3389 = CARTESIAN_POINT ( 'NONE',  ( 14.14999999999999680, 4.331489314367783727, -8.661475549795284223 ) ) ;
#3390 = CARTESIAN_POINT ( 'NONE',  ( 14.14999999999999503, -2.540238531698069124, -11.51042704865926680 ) ) ;
#3391 = EDGE_CURVE ( 'NONE', #1550, #3178, #121, .T. ) ;
#3392 = DIRECTION ( 'NONE',  ( 1.000000000000000000, 0.000000000000000000, 0.000000000000000000 ) ) ;
#3393 = CARTESIAN_POINT ( 'NONE',  ( -8.649999999999995026, 7.249999999999999112, 9.649999999999996803 ) ) ;
#3394 = LINE ( 'NONE', #3861, #3799 ) ;
#3395 = DIRECTION ( 'NONE',  ( -0.000000000000000000, -1.000000000000000000, -0.000000000000000000 ) ) ;
#3396 = CARTESIAN_POINT ( 'NONE',  ( -14.14999999999999680, -4.121269170589943798, -10.91068228026195719 ) ) ;
#3397 = EDGE_LOOP ( 'NONE', ( #540, #5312 ) ) ;
#3398 = CARTESIAN_POINT ( 'NONE',  ( 9.946376354351970761, 0.8499999999999999778, -3.000000000000000000 ) ) ;
#3399 = DIRECTION ( 'NONE',  ( -1.000000000000000000, -0.000000000000000000, -0.000000000000000000 ) ) ;
#3400 = CARTESIAN_POINT ( 'NONE',  ( 14.14999999999999680, 4.331489314367783727, -8.661475549795284223 ) ) ;
#3401 = CARTESIAN_POINT ( 'NONE',  ( -8.649999999999996803, 7.249999999999999112, 0.8499999999999993117 ) ) ;
#3402 = CIRCLE ( 'NONE', #331, 1.000000000000000888 ) ;
#3403 = EDGE_CURVE ( 'NONE', #872, #2887, #5008, .T. ) ;
#3404 = ORIENTED_EDGE ( 'NONE', *, *, #4336, .T. ) ;
#3405 = ORIENTED_EDGE ( 'NONE', *, *, #2449, .F. ) ;
#3406 = ORIENTED_EDGE ( 'NONE', *, *, #4615, .F. ) ;
#3407 = LINE ( 'NONE', #2020, #1754 ) ;
#3408 = VECTOR ( 'NONE', #5002, 1000.000000000000000 ) ;
#3409 = EDGE_CURVE ( 'NONE', #1000, #4339, #5033, .T. ) ;
#3410 = FACE_BOUND ( 'NONE', #1270, .T. ) ;
#3411 = CARTESIAN_POINT ( 'NONE',  ( -54.15000000000046754, -5.671673470966836383, -6.768617959457575495 ) ) ;
#3412 = CIRCLE ( 'NONE', #2963, 2.000000000000000000 ) ;
#3413 = CARTESIAN_POINT ( 'NONE',  ( 64.35000000000000853, 7.152246326680227639, -11.49590968630909060 ) ) ;
#3414 = CARTESIAN_POINT ( 'NONE',  ( 11.31666666666665932, -0.8499999999999998668, -7.650000000000000355 ) ) ;
#3415 = ORIENTED_EDGE ( 'NONE', *, *, #1961, .F. ) ;
#3416 = CARTESIAN_POINT ( 'NONE',  ( 7.250000000000006217, 5.050000000000000711, 2.850000000000000089 ) ) ;
#3417 = CARTESIAN_POINT ( 'NONE',  ( 54.14999999999999858, -2.750000000000000000, -9.650000000000000355 ) ) ;
#3418 = CARTESIAN_POINT ( 'NONE',  ( -64.34999999999999432, -6.400000000000000355, -4.999999999999999112 ) ) ;
#3419 = AXIS2_PLACEMENT_3D ( 'NONE', #1352, #908, #4056 ) ;
#3420 = VECTOR ( 'NONE', #524, 1000.000000000000000 ) ;
#3421 = ORIENTED_EDGE ( 'NONE', *, *, #2811, .F. ) ;
#3422 = EDGE_CURVE ( 'NONE', #868, #407, #5462, .T. ) ;
#3423 = AXIS2_PLACEMENT_3D ( 'NONE', #3808, #650, #3775 ) ;
#3424 = VECTOR ( 'NONE', #5527, 1000.000000000000000 ) ;
#3425 = DIRECTION ( 'NONE',  ( 0.000000000000000000, 0.000000000000000000, 1.000000000000000000 ) ) ;
#3426 = ORIENTED_EDGE ( 'NONE', *, *, #2788, .T. ) ;
#3427 = CARTESIAN_POINT ( 'NONE',  ( -64.34999999999999432, 2.750000000000000000, -5.000000000000000888 ) ) ;
#3428 = CARTESIAN_POINT ( 'NONE',  ( 65.34999999999999432, 7.399999999999999467, -14.30000000000000071 ) ) ;
#3429 = CARTESIAN_POINT ( 'NONE',  ( 14.14999999999999503, 4.571614978577096089, -9.260875572855569615 ) ) ;
#3430 = EDGE_CURVE ( 'NONE', #1401, #1107, #2688, .T. ) ;
#3431 = CARTESIAN_POINT ( 'NONE',  ( -64.34999999999999432, 7.399999999999999467, -13.29999999999999893 ) ) ;
#3432 = VECTOR ( 'NONE', #5085, 1000.000000000000000 ) ;
#3433 = AXIS2_PLACEMENT_3D ( 'NONE', #645, #1506, #3282 ) ;
#3434 = EDGE_CURVE ( 'NONE', #177, #2147, #5062, .T. ) ;
#3435 = DIRECTION ( 'NONE',  ( 0.000000000000000000, 0.000000000000000000, 1.000000000000000000 ) ) ;
#3436 = ORIENTED_EDGE ( 'NONE', *, *, #1568, .T. ) ;
#3437 = CARTESIAN_POINT ( 'NONE',  ( 78.44999999999997442, 6.200000000000000178, -12.40000000000000213 ) ) ;
#3438 = AXIS2_PLACEMENT_3D ( 'NONE', #2192, #4879, #1338 ) ;
#3439 = LINE ( 'NONE', #5675, #62 ) ;
#3440 = LINE ( 'NONE', #2075, #1753 ) ;
#3441 = CARTESIAN_POINT ( 'NONE',  ( -12.14999999999999503, -0.8499999999999998668, -8.316666666666662877 ) ) ;
#3442 = VECTOR ( 'NONE', #2330, 1000.000000000000000 ) ;
#3443 = EDGE_LOOP ( 'NONE', ( #3541, #5029, #3665, #1309, #5000, #2738, #1675, #4662 ) ) ;
#3444 = ORIENTED_EDGE ( 'NONE', *, *, #560, .T. ) ;
#3445 = DIRECTION ( 'NONE',  ( 1.000000000000000000, 0.000000000000000000, 0.000000000000000000 ) ) ;
#3446 = CYLINDRICAL_SURFACE ( 'NONE', #2402, 2.000000000000000000 ) ;
#3447 = CARTESIAN_POINT ( 'NONE',  ( -10.06666666666665755, -0.8499999999999998668, -7.650000000000000355 ) ) ;
#3448 = CARTESIAN_POINT ( 'NONE',  ( 54.14999999999997726, 9.757819552369539906E-16, -5.650000000000005684 ) ) ;
#3449 = CARTESIAN_POINT ( 'NONE',  ( 13.15000000000000391, 0.8499999999999998668, -1.666666666666666741 ) ) ;
#3450 = EDGE_LOOP ( 'NONE', ( #3202, #2789, #2271, #3204, #5471, #1359 ) ) ;
#3451 = EDGE_LOOP ( 'NONE', ( #3871, #2309, #1968, #1423 ) ) ;
#3452 = CARTESIAN_POINT ( 'NONE',  ( -14.14999999999999503, -1.985424564407667791, -11.35898012868962859 ) ) ;
#3453 = FACE_BOUND ( 'NONE', #2477, .T. ) ;
#3454 = CARTESIAN_POINT ( 'NONE',  ( -64.35000000000005116, 4.546899923333069360, -14.06815535663789696 ) ) ;
#3455 = EDGE_CURVE ( 'NONE', #5761, #5584, #1188, .T. ) ;
#3456 = B_SPLINE_CURVE_WITH_KNOTS ( 'NONE', 3,
 ( #2170, #4856, #3496, #2196, #5706, #5365, #2602, #1254, #5315, #3069 ),
 .UNSPECIFIED., .F., .F.,
 ( 4, 2, 2, 2, 4 ),
 ( 0.000000000000000000, 0.0001504988770381531426, 0.0003009977540763062853, 0.0004514966311144594279, 0.0006019955081526125705 ),
 .UNSPECIFIED. ) ;
#3457 = CARTESIAN_POINT ( 'NONE',  ( -14.14999999999998970, 1.123971580354579336, -8.741302840060379609 ) ) ;
#3458 = FACE_OUTER_BOUND ( 'NONE', #3691, .T. ) ;
#3459 = DIRECTION ( 'NONE',  ( 0.000000000000000000, 0.000000000000000000, -1.000000000000000000 ) ) ;
#3460 = CARTESIAN_POINT ( 'NONE',  ( 12.14999999999999503, -0.8499999999999998668, -7.983333333333331616 ) ) ;
#3461 = EDGE_LOOP ( 'NONE', ( #2468, #1339, #682, #2030, #5135, #636 ) ) ;
#3462 = DIRECTION ( 'NONE',  ( 0.000000000000000000, 1.000000000000000000, -1.770125995894701202E-16 ) ) ;
#3463 = ORIENTED_EDGE ( 'NONE', *, *, #4018, .F. ) ;
#3464 = DIRECTION ( 'NONE',  ( 1.000000000000000000, 0.000000000000000000, 0.000000000000000000 ) ) ;
#3465 = ORIENTED_EDGE ( 'NONE', *, *, #1659, .F. ) ;
#3466 = FACE_BOUND ( 'NONE', #3063, .T. ) ;
#3467 = CARTESIAN_POINT ( 'NONE',  ( -14.04999999999999538, 0.8499999999999999778, 12.84999999999999964 ) ) ;
#3468 = CARTESIAN_POINT ( 'NONE',  ( -14.14999999999999680, -1.378730829410057979, -8.389317719738045298 ) ) ;
#3469 = EDGE_LOOP ( 'NONE', ( #5100, #4605, #3966, #4053, #2516, #861, #4949 ) ) ;
#3470 = EDGE_LOOP ( 'NONE', ( #384, #2365, #1606, #3494, #1891, #5703 ) ) ;
#3471 = CARTESIAN_POINT ( 'NONE',  ( 9.856325337947215104, 0.8499999999999999778, 2.999999999999999556 ) ) ;
#3472 = PLANE ( 'NONE',  #1654 ) ;
#3473 = DIRECTION ( 'NONE',  ( 0.000000000000000000, 0.000000000000000000, 1.000000000000000000 ) ) ;
#3474 = CARTESIAN_POINT ( 'NONE',  ( 54.14999999999999858, 1.412677864186193011, -5.649999999999990585 ) ) ;
#3475 = FACE_OUTER_BOUND ( 'NONE', #4534, .T. ) ;
#3476 = EDGE_LOOP ( 'NONE', ( #689, #429, #2724, #5411 ) ) ;
#3477 = ORIENTED_EDGE ( 'NONE', *, *, #599, .T. ) ;
#3478 = CARTESIAN_POINT ( 'NONE',  ( 64.35000000000005116, -3.903127820947815962E-15, -14.30000000000002203 ) ) ;
#3479 = CARTESIAN_POINT ( 'NONE',  ( -14.14999999999999503, -1.727964020042459303, -11.21598991551932301 ) ) ;
#3480 = CARTESIAN_POINT ( 'NONE',  ( -64.34999999999999432, 2.059984127722458425E-15, -4.999999999999999112 ) ) ;
#3481 = ORIENTED_EDGE ( 'NONE', *, *, #1142, .T. ) ;
#3482 = LINE ( 'NONE', #3975, #509 ) ;
#3483 = LINE ( 'NONE', #2092, #3902 ) ;
#3484 = DIRECTION ( 'NONE',  ( -0.000000000000000000, -1.000000000000000000, -0.000000000000000000 ) ) ;
#3485 = CARTESIAN_POINT ( 'NONE',  ( 14.14999999999999503, 4.513226927654094389, -9.056020870797693689 ) ) ;
#3486 = ADVANCED_FACE ( 'NONE', ( #3355 ), #1255, .F. ) ;
#3487 = DIRECTION ( 'NONE',  ( -0.000000000000000000, 1.000000000000000000, -1.032573497605242594E-16 ) ) ;
#3488 = ORIENTED_EDGE ( 'NONE', *, *, #4255, .F. ) ;
#3489 = CARTESIAN_POINT ( 'NONE',  ( 14.14999999999999503, 1.695983578023231741, -8.129621960759990884 ) ) ;
#3490 = CARTESIAN_POINT ( 'NONE',  ( -65.34999999999999432, 7.399999999999999467, -13.29999999999999893 ) ) ;
#3491 = LINE ( 'NONE', #929, #523 ) ;
#3492 = DIRECTION ( 'NONE',  ( 0.000000000000000000, -1.000000000000000000, 0.000000000000000000 ) ) ;
#3493 = EDGE_CURVE ( 'NONE', #5244, #363, #4793, .T. ) ;
#3494 = ORIENTED_EDGE ( 'NONE', *, *, #2902, .T. ) ;
#3495 = EDGE_LOOP ( 'NONE', ( #4424, #2691, #69, #4296, #473, #3262 ) ) ;
#3496 = CARTESIAN_POINT ( 'NONE',  ( 14.14751968288692474, 0.9522772453533263626, -1.930514939958188458 ) ) ;
#3497 = CARTESIAN_POINT ( 'NONE',  ( -64.34999999999999432, 1.339215079511145934, -5.000000000000000888 ) ) ;
#3498 = CIRCLE ( 'NONE', #984, 1.000000000000000000 ) ;
#3499 = LINE ( 'NONE', #4970, #444 ) ;
#3500 = CARTESIAN_POINT ( 'NONE',  ( 14.14999999999999503, 2.988617838876592714, -11.48820306444899408 ) ) ;
#3501 = CARTESIAN_POINT ( 'NONE',  ( 14.15000000000000568, 0.9470645685660232793, -1.922483243656966545 ) ) ;
#3502 = ORIENTED_EDGE ( 'NONE', *, *, #5669, .F. ) ;
#3503 = VECTOR ( 'NONE', #1326, 1000.000000000000000 ) ;
#3504 = CARTESIAN_POINT ( 'NONE',  ( 64.34999999999990905, -4.546899923333074689, -14.06815535663785965 ) ) ;
#3505 = DIRECTION ( 'NONE',  ( -0.000000000000000000, -0.000000000000000000, -1.000000000000000000 ) ) ;
#3506 = CARTESIAN_POINT ( 'NONE',  ( -54.14999999999999858, -3.285234860469026241, -5.649999999999998579 ) ) ;
#3507 = VERTEX_POINT ( 'NONE', #346 ) ;
#3508 = ORIENTED_EDGE ( 'NONE', *, *, #100, .T. ) ;
#3509 = VECTOR ( 'NONE', #1224, 1000.000000000000000 ) ;
#3510 = ORIENTED_EDGE ( 'NONE', *, *, #2844, .T. ) ;
#3511 = LINE ( 'NONE', #3548, #56 ) ;
#3512 = AXIS2_PLACEMENT_3D ( 'NONE', #2668, #943, #4005 ) ;
#3513 = CARTESIAN_POINT ( 'NONE',  ( 14.14999999999999503, 2.834642313602825148, -11.51807859539794521 ) ) ;
#3514 = VECTOR ( 'NONE', #4224, 1000.000000000000000 ) ;
#3515 = DIRECTION ( 'NONE',  ( -1.000000000000000000, 9.306807796734696467E-33, 1.204669080539449344E-16 ) ) ;
#3516 = FACE_OUTER_BOUND ( 'NONE', #4880, .T. ) ;
#3517 = ORIENTED_EDGE ( 'NONE', *, *, #309, .F. ) ;
#3518 = AXIS2_PLACEMENT_3D ( 'NONE', #4684, #2460, #2237 ) ;
#3519 = AXIS2_PLACEMENT_3D ( 'NONE', #4973, #4089, #120 ) ;
#3520 = COORDINATED_UNIVERSAL_TIME_OFFSET ( 10, 0, .AHEAD. ) ;
#3521 = ORIENTED_EDGE ( 'NONE', *, *, #2744, .F. ) ;
#3522 = CC_DESIGN_PERSON_AND_ORGANIZATION_ASSIGNMENT ( #4874, #368, ( #1892 ) ) ;
#3523 = ORIENTED_EDGE ( 'NONE', *, *, #1344, .T. ) ;
#3524 = LINE ( 'NONE', #954, #3598 ) ;
#3525 = CARTESIAN_POINT ( 'NONE',  ( -8.649999999999996803, 7.249999999999999112, 0.8499999999999993117 ) ) ;
#3526 = VECTOR ( 'NONE', #1905, 1000.000000000000000 ) ;
#3527 = AXIS2_PLACEMENT_3D ( 'NONE', #1945, #1977, #1446 ) ;
#3528 = CARTESIAN_POINT ( 'NONE',  ( 9.946376354351970761, 0.8499999999999998668, -2.666666666666666075 ) ) ;
#3529 = VERTEX_POINT ( 'NONE', #1230 ) ;
#3530 = PLANE ( 'NONE',  #1763 ) ;
#3531 = EDGE_CURVE ( 'NONE', #3642, #4494, #1203, .T. ) ;
#3532 = VECTOR ( 'NONE', #5694, 1000.000000000000000 ) ;
#3533 = ORIENTED_EDGE ( 'NONE', *, *, #567, .F. ) ;
#3534 = EDGE_CURVE ( 'NONE', #3, #2232, #779, .T. ) ;
#3535 = VERTEX_POINT ( 'NONE', #5561 ) ;
#3536 = VERTEX_POINT ( 'NONE', #2022 ) ;
#3537 = EDGE_CURVE ( 'NONE', #1760, #1025, #3911, .T. ) ;
#3538 = CARTESIAN_POINT ( 'NONE',  ( -77.54999999999998295, 6.200000000000000178, -12.40000000000000213 ) ) ;
#3539 = CARTESIAN_POINT ( 'NONE',  ( -54.14999999999992752, 1.412677864186189236, -13.64999999999998437 ) ) ;
#3540 = LINE ( 'NONE', #5344, #528 ) ;
#3541 = ORIENTED_EDGE ( 'NONE', *, *, #2556, .T. ) ;
#3542 = CARTESIAN_POINT ( 'NONE',  ( -54.15000000000006963, 6.851864535865284545, -9.650000000000003908 ) ) ;
#3543 = EDGE_LOOP ( 'NONE', ( #3908, #1894, #926, #2499 ) ) ;
#3544 = CARTESIAN_POINT ( 'NONE',  ( -13.04999999999999538, 4.049999999999999822, 10.50000000000000000 ) ) ;
#3545 = CARTESIAN_POINT ( 'NONE',  ( 64.34999999999999432, -6.400000000000000355, -13.29999999999999716 ) ) ;
#3546 = EDGE_CURVE ( 'NONE', #5583, #5220, #2978, .T. ) ;
#3547 = FACE_BOUND ( 'NONE', #4655, .T. ) ;
#3548 = CARTESIAN_POINT ( 'NONE',  ( -8.649999999999996803, 7.249999999999999112, -2.350000000000000533 ) ) ;
#3549 = CARTESIAN_POINT ( 'NONE',  ( 7.149999999999995914, 0.8499999999999999778, -11.65000000000000036 ) ) ;
#3550 = CARTESIAN_POINT ( 'NONE',  ( -69.44999999999998863, -5.500000000000000000, -11.99999999999999822 ) ) ;
#3551 = CARTESIAN_POINT ( 'NONE',  ( 3.299999999999999822, 1.850000000000000089, -12.44999999999999929 ) ) ;
#3552 = CARTESIAN_POINT ( 'NONE',  ( 78.44999999999997442, 7.000000000000000000, -13.50000000000000178 ) ) ;
#3553 = ORIENTED_EDGE ( 'NONE', *, *, #1032, .T. ) ;
#3554 = CARTESIAN_POINT ( 'NONE',  ( 14.15000000000000568, 1.494241788249196068, -1.495276271963787984 ) ) ;
#3555 = ADVANCED_FACE ( 'NONE', ( #4696, #4727, #3410 ), #3472, .F. ) ;
#3556 = CARTESIAN_POINT ( 'NONE',  ( 16.15000000000000568, 1.449999999999999956, -1.499999999999999556 ) ) ;
#3557 = CARTESIAN_POINT ( 'NONE',  ( 9.946376354351970761, 0.8499999999999999778, -1.000000000000000000 ) ) ;
#3558 = CARTESIAN_POINT ( 'NONE',  ( 65.34999999999999432, -7.399999999999999467, -14.29999999999999893 ) ) ;
#3559 = VERTEX_POINT ( 'NONE', #258 ) ;
#3560 = ORIENTED_EDGE ( 'NONE', *, *, #4280, .F. ) ;
#3561 = LINE ( 'NONE', #5314, #3219 ) ;
#3562 = CARTESIAN_POINT ( 'NONE',  ( 5.250000000000007994, 5.050000000000000711, 12.84999999999999964 ) ) ;
#3563 = CARTESIAN_POINT ( 'NONE',  ( -54.14999999999999858, 6.546618184993080902, -11.20382242968048381 ) ) ;
#3564 = CARTESIAN_POINT ( 'NONE',  ( 3.299999999999999822, 1.850000000000000089, -12.44999999999999929 ) ) ;
#3565 = EDGE_CURVE ( 'NONE', #2138, #1817, #5255, .T. ) ;
#3566 = ORIENTED_EDGE ( 'NONE', *, *, #1116, .F. ) ;
#3567 = ORIENTED_EDGE ( 'NONE', *, *, #5068, .F. ) ;
#3568 = LINE ( 'NONE', #3941, #350 ) ;
#3569 = CARTESIAN_POINT ( 'NONE',  ( -54.14999999999997016, -4.345806406413837308, -5.867089650977403537 ) ) ;
#3570 = CARTESIAN_POINT ( 'NONE',  ( -14.14999999999999503, -1.069662283923977553, -10.42400621329945842 ) ) ;
#3571 = EDGE_CURVE ( 'NONE', #282, #3270, #1583, .T. ) ;
#3572 = ORIENTED_EDGE ( 'NONE', *, *, #5716, .T. ) ;
#3573 = DIRECTION ( 'NONE',  ( 0.000000000000000000, 0.000000000000000000, 1.000000000000000000 ) ) ;
#3574 = CARTESIAN_POINT ( 'NONE',  ( 14.15000000000000568, 1.922108534254725276, -2.166971418000773753 ) ) ;
#3575 = LINE ( 'NONE', #3049, #1848 ) ;
#3576 = PLANE ( 'NONE',  #170 ) ;
#3577 = EDGE_CURVE ( 'NONE', #3507, #4076, #2537, .T. ) ;
#3578 = ADVANCED_FACE ( 'NONE', ( #5614 ), #3446, .T. ) ;
#3579 = ORIENTED_EDGE ( 'NONE', *, *, #1524, .F. ) ;
#3580 = VERTEX_POINT ( 'NONE', #4219 ) ;
#3581 = LINE ( 'NONE', #3141, #4335 ) ;
#3582 = CARTESIAN_POINT ( 'NONE',  ( -54.14999999999999858, 2.750000000000000000, -9.650000000000000355 ) ) ;
#3583 = CARTESIAN_POINT ( 'NONE',  ( -65.34999999999999432, 7.000000000000000000, -13.50000000000000178 ) ) ;
#3584 = CARTESIAN_POINT ( 'NONE',  ( -65.34999999999999432, -7.399999999999999467, -13.29999999999999716 ) ) ;
#3585 = ORIENTED_EDGE ( 'NONE', *, *, #5668, .F. ) ;
#3586 = CARTESIAN_POINT ( 'NONE',  ( -77.54999999999998295, -6.299999999999998934, -8.499999999999998224 ) ) ;
#3587 = CARTESIAN_POINT ( 'NONE',  ( 12.05210844598241948, 0.8499999999999998668, 3.000000000000000000 ) ) ;
#3588 = CARTESIAN_POINT ( 'NONE',  ( -54.14999999999999858, 1.412677864186193011, -5.649999999999990585 ) ) ;
#3589 = CARTESIAN_POINT ( 'NONE',  ( 54.14999999999999858, -2.749999999999999556, -5.649999999999997691 ) ) ;
#3590 = EDGE_CURVE ( 'NONE', #2308, #5492, #5587, .T. ) ;
#3591 = ORIENTED_EDGE ( 'NONE', *, *, #1921, .F. ) ;
#3592 = ORIENTED_EDGE ( 'NONE', *, *, #4728, .F. ) ;
#3593 = EDGE_CURVE ( 'NONE', #70, #5244, #5160, .T. ) ;
#3594 = ADVANCED_FACE ( 'NONE', ( #2512 ), #2080, .T. ) ;
#3595 = DIRECTION ( 'NONE',  ( 1.000000000000000000, 0.000000000000000000, 0.000000000000000000 ) ) ;
#3596 = CARTESIAN_POINT ( 'NONE',  ( -64.34999999999996589, -7.152246326680236521, -7.804090313690934089 ) ) ;
#3597 = CARTESIAN_POINT ( 'NONE',  ( -14.04999999999999716, 1.636454033335750902, -2.349999999999999645 ) ) ;
#3598 = VECTOR ( 'NONE', #5307, 1000.000000000000114 ) ;
#3599 = VERTEX_POINT ( 'NONE', #3875 ) ;
#3600 = EDGE_CURVE ( 'NONE', #1182, #1518, #5646, .T. ) ;
#3601 = DIRECTION ( 'NONE',  ( -1.000000000000000000, -0.000000000000000000, 1.084202172485504557E-16 ) ) ;
#3602 = CARTESIAN_POINT ( 'NONE',  ( -8.649999999999995026, 7.249999999999999112, 8.849999999999997868 ) ) ;
#3603 = LINE ( 'NONE', #1800, #4245 ) ;
#3604 = CARTESIAN_POINT ( 'NONE',  ( 14.14999999999999503, -0.8877947818398186364, -9.606518102227388667 ) ) ;
#3605 = VERTEX_POINT ( 'NONE', #1409 ) ;
#3606 = AXIS2_PLACEMENT_3D ( 'NONE', #3853, #3332, #4256 ) ;
#3607 = VECTOR ( 'NONE', #4275, 1000.000000000000000 ) ;
#3608 = PERSON_AND_ORGANIZATION ( #18446744073709551615, #18446744073709551615 ) ;
#3609 = ORIENTED_EDGE ( 'NONE', *, *, #4303, .T. ) ;
#3610 = CIRCLE ( 'NONE', #432, 1.850000000000000977 ) ;
#3611 = CARTESIAN_POINT ( 'NONE',  ( -8.649999999999996803, 7.249999999999999112, 0.8499999999999993117 ) ) ;
#3612 = CARTESIAN_POINT ( 'NONE',  ( -77.54999999999998295, 0.000000000000000000, 0.000000000000000000 ) ) ;
#3613 = DIRECTION ( 'NONE',  ( 1.000000000000000000, 0.000000000000000000, 0.000000000000000000 ) ) ;
#3614 = ADVANCED_FACE ( 'NONE', ( #5739 ), #3790, .T. ) ;
#3615 = VECTOR ( 'NONE', #1511, 1000.000000000000000 ) ;
#3616 = AXIS2_PLACEMENT_3D ( 'NONE', #1640, #2082, #5709 ) ;
#3617 = ORIENTED_EDGE ( 'NONE', *, *, #3537, .F. ) ;
#3618 = DIRECTION ( 'NONE',  ( -1.000000000000000000, 0.000000000000000000, 0.000000000000000000 ) ) ;
#3619 = VECTOR ( 'NONE', #16, 1000.000000000000000 ) ;
#3620 = AXIS2_PLACEMENT_3D ( 'NONE', #2747, #3245, #514 ) ;
#3621 = CARTESIAN_POINT ( 'NONE',  ( 64.34999999999999432, -2.265764042632206099, -5.000000000000000888 ) ) ;
#3622 = CARTESIAN_POINT ( 'NONE',  ( -7.149999999999995914, -0.8499999999999999778, -11.65000000000000036 ) ) ;
#3623 = CARTESIAN_POINT ( 'NONE',  ( -54.15000000000000568, 5.671673470966833719, -12.53138204054241456 ) ) ;
#3624 = CARTESIAN_POINT ( 'NONE',  ( -70.54999999999996874, -2.899999999999999467, -9.649999999999998579 ) ) ;
#3625 = AXIS2_PLACEMENT_3D ( 'NONE', #3118, #3492, #2657 ) ;
#3626 = AXIS2_PLACEMENT_3D ( 'NONE', #3050, #741, #2524 ) ;
#3627 = ORIENTED_EDGE ( 'NONE', *, *, #3284, .T. ) ;
#3628 = ORIENTED_EDGE ( 'NONE', *, *, #3577, .T. ) ;
#3629 = ORIENTED_EDGE ( 'NONE', *, *, #5242, .F. ) ;
#3630 = ORIENTED_EDGE ( 'NONE', *, *, #1498, .T. ) ;
#3631 = AXIS2_PLACEMENT_3D ( 'NONE', #3647, #1043, #2821 ) ;
#3632 = CARTESIAN_POINT ( 'NONE',  ( -14.04999999999999538, 7.249999999999999112, 8.849999999999997868 ) ) ;
#3633 = CARTESIAN_POINT ( 'NONE',  ( 54.14999999999999858, 2.750000000000000000, -11.50000000000000178 ) ) ;
#3634 = CARTESIAN_POINT ( 'NONE',  ( -14.14999999999998970, -1.123971580354579336, -8.741302840060379609 ) ) ;
#3635 = DIRECTION ( 'NONE',  ( 0.000000000000000000, -0.000000000000000000, -1.000000000000000000 ) ) ;
#3636 = CARTESIAN_POINT ( 'NONE',  ( 14.14999999999999503, 1.069691888539655356, -10.42399266828605953 ) ) ;
#3637 = ADVANCED_FACE ( 'NONE', ( #2225 ), #405, .F. ) ;
#3638 = CARTESIAN_POINT ( 'NONE',  ( 12.14999999999999503, -0.8499999999999998668, -10.98333333333333073 ) ) ;
#3639 = ADVANCED_FACE ( 'NONE', ( #2661 ), #4247, .T. ) ;
#3640 = ORIENTED_EDGE ( 'NONE', *, *, #4092, .F. ) ;
#3641 = ORIENTED_EDGE ( 'NONE', *, *, #3279, .F. ) ;
#3642 = VERTEX_POINT ( 'NONE', #2390 ) ;
#3643 = EDGE_CURVE ( 'NONE', #5224, #4398, #3265, .T. ) ;
#3644 = CARTESIAN_POINT ( 'NONE',  ( 14.14999999999999503, 1.069662283923977553, -10.42400621329945842 ) ) ;
#3645 = DIRECTION ( 'NONE',  ( -0.000000000000000000, -1.000000000000000000, -0.000000000000000000 ) ) ;
#3646 = CARTESIAN_POINT ( 'NONE',  ( 77.44999999999998863, 2.800000000000001599, -9.649999999999998579 ) ) ;
#3647 = CARTESIAN_POINT ( 'NONE',  ( 69.44999999999998863, -5.500000000000000000, -11.99999999999999822 ) ) ;
#3648 = ORIENTED_EDGE ( 'NONE', *, *, #5685, .T. ) ;
#3649 = ORIENTED_EDGE ( 'NONE', *, *, #3434, .T. ) ;
#3650 = CARTESIAN_POINT ( 'NONE',  ( -8.649999999999996803, 1.636454033335750902, -2.350000000000000089 ) ) ;
#3651 = CARTESIAN_POINT ( 'NONE',  ( 54.14999999999999858, 2.750000000000000444, -5.650000000000000355 ) ) ;
#3652 = DIRECTION ( 'NONE',  ( 0.000000000000000000, 1.000000000000000000, -2.065146995210485434E-16 ) ) ;
#3653 = EDGE_CURVE ( 'NONE', #4713, #4271, #4158, .T. ) ;
#3654 = ORIENTED_EDGE ( 'NONE', *, *, #591, .T. ) ;
#3655 = VERTEX_POINT ( 'NONE', #5024 ) ;
#3656 = ADVANCED_FACE ( 'NONE', ( #1928 ), #5501, .T. ) ;
#3657 = ORIENTED_EDGE ( 'NONE', *, *, #560, .F. ) ;
#3658 = CARTESIAN_POINT ( 'NONE',  ( 14.15000000000000391, 1.742316786170344134, -2.413828797926508951 ) ) ;
#3659 = DIRECTION ( 'NONE',  ( -1.000000000000000000, 0.000000000000000000, 0.000000000000000000 ) ) ;
#3660 = LINE ( 'NONE', #1325, #3619 ) ;
#3661 = CARTESIAN_POINT ( 'NONE',  ( -14.14999999999999503, 0.8499999999999999778, 12.94999999999999929 ) ) ;
#3662 = CARTESIAN_POINT ( 'NONE',  ( -8.649999999999995026, 6.200000000000000178, 8.849999999999997868 ) ) ;
#3663 = CARTESIAN_POINT ( 'NONE',  ( 14.14999999999999503, -1.024401349852988918, -8.946305220297677607 ) ) ;
#3664 = ORIENTED_EDGE ( 'NONE', *, *, #1399, .F. ) ;
#3665 = ORIENTED_EDGE ( 'NONE', *, *, #4569, .T. ) ;
#3666 = CARTESIAN_POINT ( 'NONE',  ( -65.34999999999999432, -6.400000000000000355, -5.999999999999999112 ) ) ;
#3667 = DIRECTION ( 'NONE',  ( 0.000000000000000000, -1.000000000000000000, -3.154042683594195121E-16 ) ) ;
#3668 = EDGE_CURVE ( 'NONE', #4494, #3984, #2334, .T. ) ;
#3669 = LINE ( 'NONE', #4073, #343 ) ;
#3670 = ADVANCED_FACE ( 'NONE', ( #1516, #3294 ), #5078, .F. ) ;
#3671 = CYLINDRICAL_SURFACE ( 'NONE', #1017, 1.700000000000000178 ) ;
#3672 = EDGE_LOOP ( 'NONE', ( #3995, #4012, #675, #4003, #1889, #2855 ) ) ;
#3673 = CARTESIAN_POINT ( 'NONE',  ( -14.14999999999999503, 4.612205218160180920, -9.693481897772610267 ) ) ;
#3674 = CARTESIAN_POINT ( 'NONE',  ( 54.14999999999999858, -2.314938844950380936, -13.65000000000000213 ) ) ;
#3675 = CARTESIAN_POINT ( 'NONE',  ( 54.15000000000006963, 6.851864535865284545, -9.650000000000003908 ) ) ;
#3676 = DIRECTION ( 'NONE',  ( 0.000000000000000000, -1.000000000000000000, 1.172110456741086074E-16 ) ) ;
#3677 = EDGE_CURVE ( 'NONE', #696, #992, #1461, .T. ) ;
#3678 = ADVANCED_FACE ( 'NONE', ( #4969 ), #4109, .F. ) ;
#3679 = ORIENTED_EDGE ( 'NONE', *, *, #2383, .F. ) ;
#3680 = EDGE_CURVE ( 'NONE', #4819, #5727, #2954, .T. ) ;
#3681 = ORIENTED_EDGE ( 'NONE', *, *, #1331, .T. ) ;
#3682 = CARTESIAN_POINT ( 'NONE',  ( -14.14999999999999503, -4.571614978577096089, -9.260875572855569615 ) ) ;
#3683 = CYLINDRICAL_SURFACE ( 'NONE', #1278, 1.000000000000000888 ) ;
#3684 = CARTESIAN_POINT ( 'NONE',  ( -8.649999999999996803, 7.249999999999999112, 0.8499999999999993117 ) ) ;
#3685 = EDGE_CURVE ( 'NONE', #52, #1414, #3868, .T. ) ;
#3686 = CARTESIAN_POINT ( 'NONE',  ( 14.14999999999999503, 4.593808527201876046, -9.920642124191942912 ) ) ;
#3687 = DIRECTION ( 'NONE',  ( -1.000000000000000000, -0.000000000000000000, -0.000000000000000000 ) ) ;
#3688 = FACE_OUTER_BOUND ( 'NONE', #3450, .T. ) ;
#3689 = AXIS2_PLACEMENT_3D ( 'NONE', #4777, #2957, #3338 ) ;
#3690 = ORIENTED_EDGE ( 'NONE', *, *, #3988, .T. ) ;
#3691 = EDGE_LOOP ( 'NONE', ( #1917, #369, #1108, #158 ) ) ;
#3692 = CARTESIAN_POINT ( 'NONE',  ( 64.34999999999998010, -3.345732259861895042, -14.30000000000000249 ) ) ;
#3693 = VECTOR ( 'NONE', #5052, 1000.000000000000114 ) ;
#3694 = CARTESIAN_POINT ( 'NONE',  ( -10.48333333333333250, 0.8499999999999998668, -11.65000000000000036 ) ) ;
#3695 = CYLINDRICAL_SURFACE ( 'NONE', #3708, 1.700000000000000178 ) ;
#3696 = VECTOR ( 'NONE', #766, 1000.000000000000227 ) ;
#3697 = CARTESIAN_POINT ( 'NONE',  ( -54.15000000000014069, 6.546618184993108436, -8.096177570319508021 ) ) ;
#3698 = EDGE_LOOP ( 'NONE', ( #2975, #5191, #4430, #2347 ) ) ;
#3699 = CARTESIAN_POINT ( 'NONE',  ( -14.04999999999999538, 6.200000000000000178, 8.849999999999997868 ) ) ;
#3700 = CARTESIAN_POINT ( 'NONE',  ( 69.44999999999998863, 6.200000000000000178, -6.899999999999998579 ) ) ;
#3701 = VECTOR ( 'NONE', #4585, 1000.000000000000000 ) ;
#3702 = VECTOR ( 'NONE', #5616, 1000.000000000000114 ) ;
#3703 = CARTESIAN_POINT ( 'NONE',  ( -54.15000000000005542, -5.671673470966832831, -12.53138204054240212 ) ) ;
#3704 = CARTESIAN_POINT ( 'NONE',  ( -8.649999999999995026, 7.249999999999999112, 9.649999999999996803 ) ) ;
#3705 = ORIENTED_EDGE ( 'NONE', *, *, #1475, .F. ) ;
#3706 = EDGE_CURVE ( 'NONE', #2805, #4995, #1196, .T. ) ;
#3707 = ORIENTED_EDGE ( 'NONE', *, *, #5635, .F. ) ;
#3708 = AXIS2_PLACEMENT_3D ( 'NONE', #1404, #3288, #5496 ) ;
#3709 = EDGE_LOOP ( 'NONE', ( #1384, #254, #3560, #3030, #4387, #3157 ) ) ;
#3710 = CIRCLE ( 'NONE', #2869, 1.499999999999999556 ) ;
#3711 = ORIENTED_EDGE ( 'NONE', *, *, #1234, .T. ) ;
#3712 = EDGE_CURVE ( 'NONE', #2719, #4356, #4666, .T. ) ;
#3713 = CARTESIAN_POINT ( 'NONE',  ( -14.04999999999999716, 7.249999999999999112, -2.350000000000000089 ) ) ;
#3714 = DIRECTION ( 'NONE',  ( 1.000000000000000000, 0.000000000000000000, 0.000000000000000000 ) ) ;
#3715 = VECTOR ( 'NONE', #485, 1000.000000000000000 ) ;
#3716 = VECTOR ( 'NONE', #4230, 1000.000000000000114 ) ;
#3717 = CARTESIAN_POINT ( 'NONE',  ( 69.44999999999998863, -2.899999999999999467, -11.34999999999999964 ) ) ;
#3718 = AXIS2_PLACEMENT_3D ( 'NONE', #3602, #4061, #3948 ) ;
#3719 = DIRECTION ( 'NONE',  ( 0.000000000000000000, 0.000000000000000000, 1.000000000000000000 ) ) ;
#3720 = CARTESIAN_POINT ( 'NONE',  ( -69.44999999999998863, 7.000000000000000000, -13.50000000000000178 ) ) ;
#3721 = CARTESIAN_POINT ( 'NONE',  ( -8.649999999999995026, 7.249999999999999112, 9.649999999999996803 ) ) ;
#3722 = AXIS2_PLACEMENT_3D ( 'NONE', #5574, #1625, #3435 ) ;
#3723 = FACE_OUTER_BOUND ( 'NONE', #3543, .T. ) ;
#3724 = EDGE_CURVE ( 'NONE', #1932, #5426, #656, .T. ) ;
#3725 = DIRECTION ( 'NONE',  ( 0.000000000000000000, 0.000000000000000000, 1.000000000000000000 ) ) ;
#3726 = CARTESIAN_POINT ( 'NONE',  ( 36.14999999999999858, 1.450000000000000622, -5.500000000000000000 ) ) ;
#3727 = DIRECTION ( 'NONE',  ( -0.000000000000000000, 1.000000000000000000, -0.000000000000000000 ) ) ;
#3728 = ADVANCED_FACE ( 'NONE', ( #2100 ), #3841, .F. ) ;
#3729 = DIRECTION ( 'NONE',  ( -1.000000000000000000, 0.000000000000000000, 0.000000000000000000 ) ) ;
#3730 = ORIENTED_EDGE ( 'NONE', *, *, #2266, .T. ) ;
#3731 = CARTESIAN_POINT ( 'NONE',  ( 5.250000000000006217, 5.050000000000000711, 2.850000000000000089 ) ) ;
#3732 = PLANE ( 'NONE',  #5733 ) ;
#3733 = CARTESIAN_POINT ( 'NONE',  ( -54.14999999999993463, -1.412677864186193899, -13.64999999999998614 ) ) ;
#3734 = DIRECTION ( 'NONE',  ( 0.000000000000000000, 0.8602915336341738772, 0.5098023903017334657 ) ) ;
#3735 = ORIENTED_EDGE ( 'NONE', *, *, #4325, .F. ) ;
#3736 = ORIENTED_EDGE ( 'NONE', *, *, #889, .F. ) ;
#3737 = ORIENTED_EDGE ( 'NONE', *, *, #3856, .T. ) ;
#3738 = CARTESIAN_POINT ( 'NONE',  ( 14.15000000000000213, 1.495874132138771628, -2.505524468437681840 ) ) ;
#3739 = ADVANCED_FACE ( 'NONE', ( #1663 ), #2883, .F. ) ;
#3740 = CARTESIAN_POINT ( 'NONE',  ( 9.856325337947215104, 0.8499999999999999778, 1.000000000000000444 ) ) ;
#3741 = DIRECTION ( 'NONE',  ( 1.000000000000000000, 0.000000000000000000, 0.000000000000000000 ) ) ;
#3742 = EDGE_CURVE ( 'NONE', #5591, #1134, #3440, .T. ) ;
#3743 = VERTEX_POINT ( 'NONE', #5607 ) ;
#3744 = DIRECTION ( 'NONE',  ( 0.8993215372809394426, -0.3804056259511411353, 0.2156671795321863927 ) ) ;
#3745 = CARTESIAN_POINT ( 'NONE',  ( 54.15000000000006963, -5.671673470966819508, -6.768617959457595035 ) ) ;
#3746 = CARTESIAN_POINT ( 'NONE',  ( -14.04999999999999538, 7.249999999999999112, 9.649999999999996803 ) ) ;
#3747 = B_SPLINE_SURFACE_WITH_KNOTS ( 'NONE', 3, 1, ( 
 ( #24, #3087 ),
 ( #4935, #4876 ),
 ( #474, #5389 ),
 ( #422, #886 ),
 ( #3173, #2216 ),
 ( #1776, #83 ),
 ( #3554, #2684 ),
 ( #2269, #454 ),
 ( #4460, #2245 ),
 ( #4013, #1805 ) ),
 .UNSPECIFIED., .F., .F., .F.,
 ( 4, 2, 2, 2, 4 ),
 ( 2, 2 ),
 ( 0.000000000000000000, 0.2500000000000000000, 0.5000000000000000000, 0.7500000000000000000, 1.000000000000000000 ),
 ( 0.000000000000000000, 1.000000000000000000 ),
 .UNSPECIFIED. ) ;
#3748 = CARTESIAN_POINT ( 'NONE',  ( -65.34999999999999432, -6.999999999999999112, -11.99999999999998757 ) ) ;
#3749 = CARTESIAN_POINT ( 'NONE',  ( 78.44999999999997442, -5.500000000000000000, -13.49999999999999822 ) ) ;
#3750 = FACE_OUTER_BOUND ( 'NONE', #2109, .T. ) ;
#3751 = CARTESIAN_POINT ( 'NONE',  ( 13.15000000000000568, 0.8499999999999999778, 1.000000000000000000 ) ) ;
#3752 = ADVANCED_FACE ( 'NONE', ( #1602 ), #5155, .T. ) ;
#3753 = ADVANCED_FACE ( 'NONE', ( #3375 ), #3782, .T. ) ;
#3754 = CARTESIAN_POINT ( 'NONE',  ( -77.54999999999998295, -3.599999999999999645, -12.40000000000000213 ) ) ;
#3755 = ORIENTED_EDGE ( 'NONE', *, *, #1960, .F. ) ;
#3756 = CARTESIAN_POINT ( 'NONE',  ( -8.649999999999996803, 7.249999999999999112, 0.8499999999999993117 ) ) ;
#3757 = FACE_OUTER_BOUND ( 'NONE', #4168, .T. ) ;
#3758 = CARTESIAN_POINT ( 'NONE',  ( -54.14999999999997016, -4.345806406413837308, -5.867089650977403537 ) ) ;
#3759 = CARTESIAN_POINT ( 'NONE',  ( 64.34999999999999432, 2.750000000052720495, -14.30000000000000071 ) ) ;
#3760 = VERTEX_POINT ( 'NONE', #686 ) ;
#3761 = EDGE_LOOP ( 'NONE', ( #4790, #506, #5427, #126 ) ) ;
#3762 = VERTEX_POINT ( 'NONE', #4333 ) ;
#3763 = DIRECTION ( 'NONE',  ( 0.000000000000000000, 0.000000000000000000, 1.000000000000000000 ) ) ;
#3764 = DIRECTION ( 'NONE',  ( 0.000000000000000000, 0.000000000000000000, 1.000000000000000000 ) ) ;
#3765 = DIRECTION ( 'NONE',  ( -0.000000000000000000, -0.000000000000000000, -1.000000000000000000 ) ) ;
#3766 = ADVANCED_FACE ( 'NONE', ( #2465 ), #2032, .F. ) ;
#3767 = CARTESIAN_POINT ( 'NONE',  ( 14.15000000000000568, 1.773416202178823120, -1.618579567505871619 ) ) ;
#3768 = CARTESIAN_POINT ( 'NONE',  ( 54.14999999999999858, 2.314938844950380936, -13.65000000000000213 ) ) ;
#3769 = DIRECTION ( 'NONE',  ( 0.000000000000000000, -0.000000000000000000, 1.000000000000000000 ) ) ;
#3770 = VERTEX_POINT ( 'NONE', #3815 ) ;
#3771 = ADVANCED_FACE ( 'NONE', ( #2933 ), #996, .T. ) ;
#3772 = CARTESIAN_POINT ( 'NONE',  ( -12.14999999999999503, 0.8499999999999998668, -7.983333333333331616 ) ) ;
#3773 = CARTESIAN_POINT ( 'NONE',  ( -14.14999999999999503, 3.804016421976768036, -11.17037803924000983 ) ) ;
#3774 = CARTESIAN_POINT ( 'NONE',  ( -8.649999999999996803, 4.750000000000000000, -0.8000000000000027089 ) ) ;
#3775 = DIRECTION ( 'NONE',  ( 0.000000000000000000, 0.000000000000000000, 1.000000000000000000 ) ) ;
#3776 = PLANE ( 'NONE',  #1957 ) ;
#3777 = EDGE_LOOP ( 'NONE', ( #1360, #3681, #283, #1775, #1253, #1597 ) ) ;
#3778 = VECTOR ( 'NONE', #4388, 1000.000000000000114 ) ;
#3779 = LINE ( 'NONE', #3756, #4812 ) ;
#3780 = FACE_OUTER_BOUND ( 'NONE', #219, .T. ) ;
#3781 = EDGE_CURVE ( 'NONE', #541, #4445, #4427, .T. ) ;
#3782 = PLANE ( 'NONE',  #5293 ) ;
#3783 = VECTOR ( 'NONE', #1123, 1000.000000000000000 ) ;
#3784 = CARTESIAN_POINT ( 'NONE',  ( -12.14999999999999503, -0.8499999999999998668, -8.983333333333327175 ) ) ;
#3785 = ORIENTED_EDGE ( 'NONE', *, *, #4124, .F. ) ;
#3786 = EDGE_LOOP ( 'NONE', ( #3192, #1900, #1993, #427 ) ) ;
#3787 = ORIENTED_EDGE ( 'NONE', *, *, #1820, .T. ) ;
#3788 = AXIS2_PLACEMENT_3D ( 'NONE', #351, #4252, #2144 ) ;
#3789 = LINE ( 'NONE', #2448, #718 ) ;
#3790 = B_SPLINE_SURFACE_WITH_KNOTS ( 'NONE', 3, 1, ( 
 ( #5707, #4435 ),
 ( #1375, #2696 ),
 ( #4910, #870 ),
 ( #900, #1756 ),
 ( #4048, #3122 ),
 ( #812, #462 ),
 ( #2254, #5399 ),
 ( #936, #1316 ),
 ( #3153, #5343 ),
 ( #4023, #1723 ) ),
 .UNSPECIFIED., .F., .F., .F.,
 ( 4, 2, 2, 2, 4 ),
 ( 2, 2 ),
 ( 0.000000000000000000, 0.2500000000000004996, 0.5000000000000000000, 0.7500000000000001110, 1.000000000000000000 ),
 ( 0.000000000000000000, 1.000000000000000000 ),
 .UNSPECIFIED. ) ;
#3791 = DIRECTION ( 'NONE',  ( -0.000000000000000000, -0.000000000000000000, -1.000000000000000000 ) ) ;
#3792 = CARTESIAN_POINT ( 'NONE',  ( -14.04999999999999538, 7.249999999999999112, 9.649999999999996803 ) ) ;
#3793 = VECTOR ( 'NONE', #3395, 1000.000000000000000 ) ;
#3794 = VECTOR ( 'NONE', #2511, 1000.000000000000000 ) ;
#3795 = ORIENTED_EDGE ( 'NONE', *, *, #1585, .F. ) ;
#3796 = DIRECTION ( 'NONE',  ( -0.000000000000000000, 1.000000000000000000, -0.000000000000000000 ) ) ;
#3797 = AXIS2_PLACEMENT_3D ( 'NONE', #937, #5400, #1757 ) ;
#3798 = PLANE ( 'NONE',  #2769 ) ;
#3799 = VECTOR ( 'NONE', #5628, 1000.000000000000114 ) ;
#3800 = PLANE ( 'NONE',  #3433 ) ;
#3801 = ORIENTED_EDGE ( 'NONE', *, *, #3680, .T. ) ;
#3802 = AXIS2_PLACEMENT_3D ( 'NONE', #1736, #3080, #495 ) ;
#3803 = CARTESIAN_POINT ( 'NONE',  ( -12.14999999999999503, 0.8499999999999998668, -11.31666666666666643 ) ) ;
#3804 = CARTESIAN_POINT ( 'NONE',  ( 14.15000000000000568, 1.449999929171900126, 1.500016096474890981 ) ) ;
#3805 = CARTESIAN_POINT ( 'NONE',  ( 14.14999999999999503, 2.749999764018621118, -7.800290809857203911 ) ) ;
#3806 = CARTESIAN_POINT ( 'NONE',  ( -0.7499999999999935607, 0.8500000000000000888, 4.850000000000000533 ) ) ;
#3807 = CC_DESIGN_APPROVAL ( #4735, ( #1892 ) ) ;
#3808 = CARTESIAN_POINT ( 'NONE',  ( -64.34999999999999432, 0.000000000000000000, 0.000000000000000000 ) ) ;
#3809 = EDGE_CURVE ( 'NONE', #2854, #2147, #1778, .T. ) ;
#3810 = DIRECTION ( 'NONE',  ( 0.000000000000000000, 0.000000000000000000, -1.000000000000000000 ) ) ;
#3811 = ORIENTED_EDGE ( 'NONE', *, *, #3131, .T. ) ;
#3812 = CARTESIAN_POINT ( 'NONE',  ( 64.34999999999998010, -6.100679342678982486, -6.252167483457180985 ) ) ;
#3813 = DIRECTION ( 'NONE',  ( 0.000000000000000000, 0.000000000000000000, 1.000000000000000000 ) ) ;
#3814 = ORIENTED_EDGE ( 'NONE', *, *, #753, .T. ) ;
#3815 = CARTESIAN_POINT ( 'NONE',  ( -8.649999999999995026, 7.249999999999999112, 12.05000000000000071 ) ) ;
#3816 = DIRECTION ( 'NONE',  ( -1.000000000000000000, -0.000000000000000000, -0.000000000000000000 ) ) ;
#3817 = ORIENTED_EDGE ( 'NONE', *, *, #4072, .T. ) ;
#3818 = ORIENTED_EDGE ( 'NONE', *, *, #5202, .T. ) ;
#3819 = ORIENTED_EDGE ( 'NONE', *, *, #3706, .T. ) ;
#3820 = CARTESIAN_POINT ( 'NONE',  ( 54.14999999999999858, -2.750000000000000000, -11.50000000000000178 ) ) ;
#3821 = DIRECTION ( 'NONE',  ( 0.000000000000000000, -1.000000000000000000, 0.000000000000000000 ) ) ;
#3822 = DIRECTION ( 'NONE',  ( -0.000000000000000000, 0.000000000000000000, -1.000000000000000000 ) ) ;
#3823 = EDGE_CURVE ( 'NONE', #363, #4745, #2272, .T. ) ;
#3824 = DIRECTION ( 'NONE',  ( 0.000000000000000000, 0.000000000000000000, 1.000000000000000000 ) ) ;
#3825 = ORIENTED_EDGE ( 'NONE', *, *, #4042, .F. ) ;
#3826 = CARTESIAN_POINT ( 'NONE',  ( 14.14999999999999503, -2.750000000000000000, -9.650000000000000355 ) ) ;
#3827 = CARTESIAN_POINT ( 'NONE',  ( -14.14999999999999503, -2.587526042057760822, -11.49928653833128855 ) ) ;
#3828 = CARTESIAN_POINT ( 'NONE',  ( -54.14999999999992752, 4.345806406413841749, -5.867089650977403537 ) ) ;
#3829 = PLANE ( 'NONE',  #3964 ) ;
#3830 = CARTESIAN_POINT ( 'NONE',  ( -12.24999999999999112, 7.249999999999999112, 6.549999999999998934 ) ) ;
#3831 = LINE ( 'NONE', #5599, #5105 ) ;
#3832 = CARTESIAN_POINT ( 'NONE',  ( 9.856325337947215104, 0.8499999999999998668, 2.333333333333333037 ) ) ;
#3833 = CARTESIAN_POINT ( 'NONE',  ( -70.54999999999996874, 2.800000000000001599, -9.649999999999998579 ) ) ;
#3834 = CARTESIAN_POINT ( 'NONE',  ( -7.149999999999995026, -0.8499999999999998668, -8.316666666666669983 ) ) ;
#3835 = ORIENTED_EDGE ( 'NONE', *, *, #1631, .T. ) ;
#3836 = EDGE_CURVE ( 'NONE', #4316, #3209, #1277, .T. ) ;
#3837 = B_SPLINE_SURFACE_WITH_KNOTS ( 'NONE', 3, 1, ( 
 ( #2411, #1450 ),
 ( #5012, #1484 ),
 ( #2352, #4178 ),
 ( #533, #4566 ),
 ( #4616, #2325 ),
 ( #1089, #1062 ),
 ( #2435, #3258 ),
 ( #3285, #157 ),
 ( #187, #2758 ),
 ( #1508, #4536 ) ),
 .UNSPECIFIED., .F., .F., .F.,
 ( 4, 2, 2, 2, 4 ),
 ( 2, 2 ),
 ( 0.000000000000000000, 0.2500000000000000000, 0.5000000000000000000, 0.7500000000000000000, 1.000000000000000000 ),
 ( 0.000000000000000000, 1.000000000000000000 ),
 .UNSPECIFIED. ) ;
#3838 = CARTESIAN_POINT ( 'NONE',  ( -14.14999999999999503, 0.8499999999999999778, -12.94999999999999929 ) ) ;
#3839 = DIRECTION ( 'NONE',  ( 0.000000000000000000, 0.000000000000000000, 1.000000000000000000 ) ) ;
#3840 = ORIENTED_EDGE ( 'NONE', *, *, #479, .F. ) ;
#3841 = PLANE ( 'NONE',  #4065 ) ;
#3842 = CARTESIAN_POINT ( 'NONE',  ( -12.14999999999999503, -0.8499999999999999778, -11.65000000000000036 ) ) ;
#3843 = ORIENTED_EDGE ( 'NONE', *, *, #4340, .F. ) ;
#3844 = ORIENTED_EDGE ( 'NONE', *, *, #2279, .F. ) ;
#3845 = DIRECTION ( 'NONE',  ( -1.000000000000000000, -0.000000000000000000, -0.000000000000000000 ) ) ;
#3846 = EDGE_CURVE ( 'NONE', #2877, #3068, #4850, .T. ) ;
#3847 = DIRECTION ( 'NONE',  ( -1.000000000000000000, 0.000000000000000000, 0.000000000000000000 ) ) ;
#3848 = CARTESIAN_POINT ( 'NONE',  ( -54.15000000000052438, -6.851864535865305861, -9.649999999999995026 ) ) ;
#3849 = CARTESIAN_POINT ( 'NONE',  ( 14.14999999999999503, 2.870041596612643353, -11.49951578919159978 ) ) ;
#3850 = CARTESIAN_POINT ( 'NONE',  ( 14.14999999999999503, -2.665357686397174408, -7.781921404602056391 ) ) ;
#3851 = ORIENTED_EDGE ( 'NONE', *, *, #318, .T. ) ;
#3852 = EDGE_CURVE ( 'NONE', #5698, #2304, #399, .T. ) ;
#3853 = CARTESIAN_POINT ( 'NONE',  ( -64.34999999999999432, 6.399999999999999467, -6.000000000000001776 ) ) ;
#3854 = CARTESIAN_POINT ( 'NONE',  ( -8.649999999999996803, 6.200000000000000178, 0.8499999999999995337 ) ) ;
#3855 = CARTESIAN_POINT ( 'NONE',  ( -54.15000000000006963, 5.671673470966813291, -6.768617959457595035 ) ) ;
#3856 = EDGE_CURVE ( 'NONE', #1990, #2385, #5248, .T. ) ;
#3857 = ORIENTED_EDGE ( 'NONE', *, *, #2994, .F. ) ;
#3858 = CARTESIAN_POINT ( 'NONE',  ( -12.14999999999999503, -0.8499999999999999778, -11.65000000000000036 ) ) ;
#3859 = LINE ( 'NONE', #4265, #1204 ) ;
#3860 = CARTESIAN_POINT ( 'NONE',  ( 5.250000000000007105, 0.8500000000000000888, 10.84999999999999964 ) ) ;
#3861 = CARTESIAN_POINT ( 'NONE',  ( 10.64999999999999680, 2.640154055730172367, -8.263003665856970770 ) ) ;
#3862 = EDGE_LOOP ( 'NONE', ( #1252, #3405, #2946, #10 ) ) ;
#3863 = DIRECTION ( 'NONE',  ( -1.000000000000000000, 0.000000000000000000, 0.000000000000000000 ) ) ;
#3864 = DIRECTION ( 'NONE',  ( 1.000000000000000000, 0.000000000000000000, 0.000000000000000000 ) ) ;
#3865 = VERTEX_POINT ( 'NONE', #5276 ) ;
#3866 = LINE ( 'NONE', #4272, #2847 ) ;
#3867 = PLANE ( 'NONE',  #4150 ) ;
#3868 = LINE ( 'NONE', #306, #3607 ) ;
#3869 = FACE_OUTER_BOUND ( 'NONE', #132, .T. ) ;
#3870 = CIRCLE ( 'NONE', #2386, 1.850000000000000977 ) ;
#3871 = ORIENTED_EDGE ( 'NONE', *, *, #2063, .T. ) ;
#3872 = EDGE_LOOP ( 'NONE', ( #3553, #2358, #5684, #3835, #1235, #4152 ) ) ;
#3873 = DIRECTION ( 'NONE',  ( 0.000000000000000000, 0.000000000000000000, 1.000000000000000000 ) ) ;
#3874 = CIRCLE ( 'NONE', #3970, 2.000000000000000000 ) ;
#3875 = CARTESIAN_POINT ( 'NONE',  ( 14.14999999999999503, 3.804112295846674652, -11.17051601393357885 ) ) ;
#3876 = CARTESIAN_POINT ( 'NONE',  ( -14.14999999999999503, -4.430308111460344200, -8.876007331713941184 ) ) ;
#3877 = EDGE_CURVE ( 'NONE', #4721, #106, #4016, .T. ) ;
#3878 = VECTOR ( 'NONE', #2236, 1000.000000000000000 ) ;
#3879 = LINE ( 'NONE', #757, #1189 ) ;
#3880 = CIRCLE ( 'NONE', #2024, 0.5000000000000000000 ) ;
#3881 = CARTESIAN_POINT ( 'NONE',  ( 14.16000000000000369, 0.9411342540493731201, -2.033796222659535857 ) ) ;
#3882 = EDGE_CURVE ( 'NONE', #2628, #5761, #1366, .T. ) ;
#3883 = ORIENTED_EDGE ( 'NONE', *, *, #3210, .T. ) ;
#3884 = ORIENTED_EDGE ( 'NONE', *, *, #4810, .T. ) ;
#3885 = CARTESIAN_POINT ( 'NONE',  ( -14.14999999999999503, -2.540238531698069124, -11.51042704865926680 ) ) ;
#3886 = FACE_OUTER_BOUND ( 'NONE', #3461, .T. ) ;
#3887 = DIRECTION ( 'NONE',  ( 1.000000000000000000, 0.000000000000000000, 0.000000000000000000 ) ) ;
#3888 = VECTOR ( 'NONE', #1624, 1000.000000000000000 ) ;
#3889 = VECTOR ( 'NONE', #4010, 1000.000000000000000 ) ;
#3890 = B_SPLINE_SURFACE_WITH_KNOTS ( 'NONE', 3, 1, ( 
 ( #3124, #3965 ),
 ( #4912, #1410 ),
 ( #3183, #965 ),
 ( #3098, #2722 ),
 ( #4497, #871 ),
 ( #2198, #841 ),
 ( #4519, #510 ),
 ( #2302, #4084 ),
 ( #1724, #4858 ),
 ( #2633, #5740 ) ),
 .UNSPECIFIED., .F., .F., .F.,
 ( 4, 2, 2, 2, 4 ),
 ( 2, 2 ),
 ( 0.000000000000000000, 0.2499999999999999445, 0.4999999999999998890, 0.7499999999999997780, 1.000000000000000000 ),
 ( 0.000000000000000000, 1.000000000000000000 ),
 .UNSPECIFIED. ) ;
#3891 = ADVANCED_FACE ( 'NONE', ( #3930 ), #374, .T. ) ;
#3892 = VECTOR ( 'NONE', #2008, 1000.000000000000000 ) ;
#3893 = AXIS2_PLACEMENT_3D ( 'NONE', #3325, #4281, #284 ) ;
#3894 = CARTESIAN_POINT ( 'NONE',  ( -3.299999999999999822, 1.850000000000000089, -12.44999999999999929 ) ) ;
#3895 = DIRECTION ( 'NONE',  ( -1.000000000000000000, 9.306807796734695098E-33, 0.000000000000000000 ) ) ;
#3896 = FACE_OUTER_BOUND ( 'NONE', #4213, .T. ) ;
#3897 = CARTESIAN_POINT ( 'NONE',  ( 12.14999999999999503, -0.8499999999999999778, -7.650000000000000355 ) ) ;
#3898 = VECTOR ( 'NONE', #173, 1000.000000000000000 ) ;
#3899 = AXIS2_PLACEMENT_3D ( 'NONE', #2459, #3341, #4047 ) ;
#3900 = ORIENTED_EDGE ( 'NONE', *, *, #2808, .T. ) ;
#3901 = DIRECTION ( 'NONE',  ( 1.000000000000000000, 0.000000000000000000, 0.000000000000000000 ) ) ;
#3902 = VECTOR ( 'NONE', #2064, 1000.000000000000000 ) ;
#3903 = CARTESIAN_POINT ( 'NONE',  ( -14.14999999999999503, -3.609903563910112023, -11.30494860974191873 ) ) ;
#3904 = DIRECTION ( 'NONE',  ( 1.000000000000000000, -0.000000000000000000, -0.000000000000000000 ) ) ;
#3905 = CARTESIAN_POINT ( 'NONE',  ( 65.34999999999999432, -5.500000000000000000, -13.49999999999999822 ) ) ;
#3906 = SECURITY_CLASSIFICATION ( '', '', #1061 ) ;
#3907 = ORIENTED_EDGE ( 'NONE', *, *, #1010, .F. ) ;
#3908 = ORIENTED_EDGE ( 'NONE', *, *, #957, .F. ) ;
#3909 = EDGE_LOOP ( 'NONE', ( #3067, #5526, #1614, #5149, #28, #959 ) ) ;
#3910 = CARTESIAN_POINT ( 'NONE',  ( 10.64999999999999680, -2.640154055730172367, -8.263003665856970770 ) ) ;
#3911 = LINE ( 'NONE', #2472, #3237 ) ;
#3912 = CARTESIAN_POINT ( 'NONE',  ( 69.44999999999998863, 7.000000000000000000, -13.50000000000000178 ) ) ;
#3913 = CARTESIAN_POINT ( 'NONE',  ( 54.14999999999999147, -2.749999998084910136, -5.649999999999998579 ) ) ;
#3914 = CARTESIAN_POINT ( 'NONE',  ( -65.34999999999999432, -5.500000000000000000, -11.99999999999999822 ) ) ;
#3915 = VERTEX_POINT ( 'NONE', #3144 ) ;
#3916 = EDGE_CURVE ( 'NONE', #1107, #5082, #2597, .T. ) ;
#3917 = CARTESIAN_POINT ( 'NONE',  ( 54.14999999999999858, 1.412677864186193011, -5.649999999999990585 ) ) ;
#3918 = FACE_OUTER_BOUND ( 'NONE', #3786, .T. ) ;
#3919 = DIRECTION ( 'NONE',  ( 0.000000000000000000, -1.000000000000000000, 1.172110456741086074E-16 ) ) ;
#3920 = DIRECTION ( 'NONE',  ( 1.000000000000000000, -0.000000000000000000, -0.000000000000000000 ) ) ;
#3921 = DIRECTION ( 'NONE',  ( -0.000000000000000000, 1.000000000000000000, -0.000000000000000000 ) ) ;
#3922 = DIRECTION ( 'NONE',  ( -1.000000000000000000, -0.000000000000000000, -0.000000000000000000 ) ) ;
#3923 = CARTESIAN_POINT ( 'NONE',  ( 9.856325337947215104, 0.8499999999999998668, 1.666666666666666519 ) ) ;
#3924 = EDGE_CURVE ( 'NONE', #2304, #4243, #4370, .T. ) ;
#3925 = COORDINATED_UNIVERSAL_TIME_OFFSET ( 10, 0, .AHEAD. ) ;
#3926 = EDGE_LOOP ( 'NONE', ( #263, #5744, #2089, #1436, #4263, #3320 ) ) ;
#3927 = DIRECTION ( 'NONE',  ( 1.000000000000000000, 0.000000000000000000, 0.000000000000000000 ) ) ;
#3929 = EDGE_CURVE ( 'NONE', #2805, #2308, #4940, .T. ) ;
#3928 = FACE_OUTER_BOUND ( 'NONE', #2787, .T. ) ;
#3930 = FACE_OUTER_BOUND ( 'NONE', #2060, .T. ) ;
#3931 = FACE_OUTER_BOUND ( 'NONE', #1347, .T. ) ;
#3932 = ORIENTED_EDGE ( 'NONE', *, *, #3600, .T. ) ;
#3933 = ORIENTED_EDGE ( 'NONE', *, *, #1276, .T. ) ;
#3934 = LINE ( 'NONE', #2037, #1570 ) ;
#3935 = CARTESIAN_POINT ( 'NONE',  ( -64.34999999999988063, 6.100679342678992256, -13.04783251654280463 ) ) ;
#3936 = CARTESIAN_POINT ( 'NONE',  ( -11.73333333333332895, -0.8499999999999998668, -7.650000000000000355 ) ) ;
#3937 = LINE ( 'NONE', #4313, #2125 ) ;
#3938 = CARTESIAN_POINT ( 'NONE',  ( 14.16000000000000547, 1.129402628310316015, -2.375174190211895908 ) ) ;
#3939 = ORIENTED_EDGE ( 'NONE', *, *, #175, .T. ) ;
#3940 = CARTESIAN_POINT ( 'NONE',  ( 64.34999999999999432, -3.345732259861895042, -14.30000000000000249 ) ) ;
#3941 = CARTESIAN_POINT ( 'NONE',  ( 69.44999999999998863, 7.000000000000000000, -13.50000000000000178 ) ) ;
#3942 = DIRECTION ( 'NONE',  ( 1.000000000000000000, 0.000000000000000000, 0.000000000000000000 ) ) ;
#3943 = VERTEX_POINT ( 'NONE', #1717 ) ;
#3944 = ORIENTED_EDGE ( 'NONE', *, *, #2159, .F. ) ;
#3945 = EDGE_LOOP ( 'NONE', ( #1866, #3089 ) ) ;
#3946 = EDGE_CURVE ( 'NONE', #5050, #4432, #3491, .T. ) ;
#3947 = CARTESIAN_POINT ( 'NONE',  ( -70.54999999999996874, 2.800000000000001599, -9.649999999999998579 ) ) ;
#3948 = DIRECTION ( 'NONE',  ( 1.000000000000000000, 0.000000000000000000, -1.084202172485504557E-16 ) ) ;
#3949 = DIRECTION ( 'NONE',  ( -1.000000000000000000, -0.000000000000000000, -0.000000000000000000 ) ) ;
#3950 = DIRECTION ( 'NONE',  ( 0.000000000000000000, 0.000000000000000000, 1.000000000000000000 ) ) ;
#3951 = B_SPLINE_CURVE_WITH_KNOTS ( 'NONE', 1,
 ( #1651, #5240 ),
 .UNSPECIFIED., .F., .F.,
 ( 2, 2 ),
 ( 0.000000000000000000, 1.000000000000000000 ),
 .UNSPECIFIED. ) ;
#3952 = ADVANCED_FACE ( 'NONE', ( #2625 ), #3957, .F. ) ;
#3953 = LINE ( 'NONE', #452, #2974 ) ;
#3954 = ORIENTED_EDGE ( 'NONE', *, *, #5336, .F. ) ;
#3955 = CARTESIAN_POINT ( 'NONE',  ( 12.14999999999999503, 0.8499999999999998668, -8.316666666666662877 ) ) ;
#3956 = DIRECTION ( 'NONE',  ( 1.000000000000000000, 0.000000000000000000, -0.000000000000000000 ) ) ;
#3957 = PLANE ( 'NONE',  #5551 ) ;
#3958 = CARTESIAN_POINT ( 'NONE',  ( -65.34999999999999432, 6.399999999999999467, -13.29999999999999893 ) ) ;
#3959 = ORIENTED_EDGE ( 'NONE', *, *, #582, .T. ) ;
#3960 = ORIENTED_EDGE ( 'NONE', *, *, #3223, .T. ) ;
#3961 = EDGE_CURVE ( 'NONE', #4476, #2267, #478, .T. ) ;
#3962 = CARTESIAN_POINT ( 'NONE',  ( -64.34999999999998010, -7.400048621300933327, -9.649446658945672439 ) ) ;
#3963 = CARTESIAN_POINT ( 'NONE',  ( -64.34999999999999432, 2.265764042632205655, -14.30000000000000071 ) ) ;
#3964 = AXIS2_PLACEMENT_3D ( 'NONE', #2549, #5663, #327 ) ;
#3965 = CARTESIAN_POINT ( 'NONE',  ( -7.149999999999995026, 0.8499999999999999778, -7.650000000000000355 ) ) ;
#3966 = ORIENTED_EDGE ( 'NONE', *, *, #4928, .F. ) ;
#3967 = ORIENTED_EDGE ( 'NONE', *, *, #1925, .F. ) ;
#3968 = CARTESIAN_POINT ( 'NONE',  ( 14.14999999999999680, -4.180457879281553879, -8.445561452195548213 ) ) ;
#3969 = VERTEX_POINT ( 'NONE', #4963 ) ;
#3970 = AXIS2_PLACEMENT_3D ( 'NONE', #19, #2614, #1770 ) ;
#3971 = CARTESIAN_POINT ( 'NONE',  ( -14.14999999999999503, 2.750000000000000000, -9.650000000000000355 ) ) ;
#3972 = DIRECTION ( 'NONE',  ( 0.000000000000000000, -0.000000000000000000, -1.000000000000000000 ) ) ;
#3973 = CARTESIAN_POINT ( 'NONE',  ( -14.14999999999999503, -1.695887704139257490, -8.129483986046180277 ) ) ;
#3974 = VECTOR ( 'NONE', #955, 1000.000000000000000 ) ;
#3975 = CARTESIAN_POINT ( 'NONE',  ( 65.34999999999999432, -6.400000000000000355, -4.999999999999999112 ) ) ;
#3976 = AXIS2_PLACEMENT_3D ( 'NONE', #5507, #3327, #5115 ) ;
#3977 = CYLINDRICAL_SURFACE ( 'NONE', #4364, 1.000000000000000000 ) ;
#3978 = VECTOR ( 'NONE', #382, 1000.000000000000000 ) ;
#3979 = CARTESIAN_POINT ( 'NONE',  ( -12.24999999999999289, 7.249999999999999112, 0.8499999999999992006 ) ) ;
#3980 = DIRECTION ( 'NONE',  ( 0.000000000000000000, 0.000000000000000000, -1.000000000000000000 ) ) ;
#3981 = VECTOR ( 'NONE', #5309, 1000.000000000000000 ) ;
#3982 = VECTOR ( 'NONE', #1783, 1000.000000000000000 ) ;
#3983 = DIRECTION ( 'NONE',  ( 0.000000000000000000, 0.000000000000000000, 1.000000000000000000 ) ) ;
#3984 = VERTEX_POINT ( 'NONE', #2355 ) ;
#3985 = EDGE_CURVE ( 'NONE', #1107, #1401, #2863, .T. ) ;
#3986 = CARTESIAN_POINT ( 'NONE',  ( 14.14999999999998970, 1.123971580354579336, -8.741302840060379609 ) ) ;
#3987 = LINE ( 'NONE', #25, #2215 ) ;
#3988 = EDGE_CURVE ( 'NONE', #2854, #4445, #1427, .T. ) ;
#3989 = VECTOR ( 'NONE', #225, 1000.000000000000000 ) ;
#3990 = CIRCLE ( 'NONE', #4464, 1.700000000000000178 ) ;
#3991 = DIRECTION ( 'NONE',  ( 1.000000000000000000, -0.000000000000000000, -0.000000000000000000 ) ) ;
#3992 = CARTESIAN_POINT ( 'NONE',  ( 14.15000000000000568, 1.449999995960467247, -2.499872224916929841 ) ) ;
#3993 = AXIS2_PLACEMENT_3D ( 'NONE', #4349, #352, #2145 ) ;
#3994 = EDGE_LOOP ( 'NONE', ( #5537, #2180, #1694, #4142, #1816, #5718 ) ) ;
#3995 = ORIENTED_EDGE ( 'NONE', *, *, #1218, .T. ) ;
#3996 = CARTESIAN_POINT ( 'NONE',  ( 14.15000000000000568, 1.032653836689868987, 2.290705140091387371 ) ) ;
#3997 = CARTESIAN_POINT ( 'NONE',  ( -54.15000000000001990, -1.412677864186190790, -5.649999999999989697 ) ) ;
#3998 = CARTESIAN_POINT ( 'NONE',  ( 14.15000000000000568, 0.8499999999999999778, 12.94999999999999929 ) ) ;
#3999 = EDGE_CURVE ( 'NONE', #4307, #3353, #1478, .T. ) ;
#4000 = ORIENTED_EDGE ( 'NONE', *, *, #1639, .T. ) ;
#4001 = EDGE_LOOP ( 'NONE', ( #5603, #4506, #2395, #5481, #4557, #5297 ) ) ;
#4002 = CARTESIAN_POINT ( 'NONE',  ( -64.34999999999999432, 2.750000000052720495, -14.30000000000000071 ) ) ;
#4003 = ORIENTED_EDGE ( 'NONE', *, *, #4331, .F. ) ;
#4004 = CARTESIAN_POINT ( 'NONE',  ( 13.15000000000000568, 0.8499999999999999778, 1.000000000000000000 ) ) ;
#4005 = DIRECTION ( 'NONE',  ( 0.000000000000000000, 0.000000000000000000, 1.000000000000000000 ) ) ;
#4006 = LINE ( 'NONE', #1389, #1095 ) ;
#4007 = EDGE_CURVE ( 'NONE', #1435, #4448, #2955, .T. ) ;
#4008 = CARTESIAN_POINT ( 'NONE',  ( 64.34999999999993747, -1.339215079511145712, -14.29999999999997762 ) ) ;
#4009 = DIRECTION ( 'NONE',  ( 0.000000000000000000, 0.000000000000000000, 1.000000000000000000 ) ) ;
#4010 = DIRECTION ( 'NONE',  ( 0.000000000000000000, 1.000000000000000000, 0.000000000000000000 ) ) ;
#4011 = CARTESIAN_POINT ( 'NONE',  ( -65.34999999999999432, 7.399999999999999467, -14.30000000000000071 ) ) ;
#4012 = ORIENTED_EDGE ( 'NONE', *, *, #3409, .T. ) ;
#4013 = CARTESIAN_POINT ( 'NONE',  ( 14.15000000000000568, 1.773363734346221410, -1.618639415631784928 ) ) ;
#4014 = DIRECTION ( 'NONE',  ( -0.000000000000000000, 1.000000000000000000, -0.000000000000000000 ) ) ;
#4015 = ORIENTED_EDGE ( 'NONE', *, *, #2540, .T. ) ;
#4016 = LINE ( 'NONE', #1310, #3051 ) ;
#4017 = DIRECTION ( 'NONE',  ( -1.000000000000000000, 0.000000000000000000, 0.000000000000000000 ) ) ;
#4018 = EDGE_CURVE ( 'NONE', #1148, #2915, #2820, .T. ) ;
#4019 = ORIENTED_EDGE ( 'NONE', *, *, #5448, .T. ) ;
#4020 = CARTESIAN_POINT ( 'NONE',  ( -54.14999999999999858, 2.749999999999999556, -13.65000000000000036 ) ) ;
#4021 = EDGE_LOOP ( 'NONE', ( #2249, #4717, #4067, #934, #1810, #4580 ) ) ;
#4022 = CARTESIAN_POINT ( 'NONE',  ( 10.40527111495602064, 0.8499999999999998668, 2.999999999999999112 ) ) ;
#4023 = CARTESIAN_POINT ( 'NONE',  ( 13.15000000000000568, 0.8499999999999999778, 1.000000000000000000 ) ) ;
#4024 = DIRECTION ( 'NONE',  ( -0.000000000000000000, -1.000000000000000000, -0.000000000000000000 ) ) ;
#4025 = ORIENTED_EDGE ( 'NONE', *, *, #2880, .F. ) ;
#4026 = EDGE_CURVE ( 'NONE', #2462, #4565, #4929, .T. ) ;
#4027 = VERTEX_POINT ( 'NONE', #161 ) ;
#4028 = ORIENTED_EDGE ( 'NONE', *, *, #4648, .F. ) ;
#4029 = EDGE_LOOP ( 'NONE', ( #4328, #2520, #4315, #3093 ) ) ;
#4030 = CARTESIAN_POINT ( 'NONE',  ( 64.34999999999999432, -7.399999999999999467, -14.29999999999999893 ) ) ;
#4031 = LINE ( 'NONE', #5373, #1372 ) ;
#4032 = CARTESIAN_POINT ( 'NONE',  ( -14.14999999999999503, -0.9061914727981216222, -9.379357875808056022 ) ) ;
#4033 = CARTESIAN_POINT ( 'NONE',  ( -10.64999999999999680, -2.640154055730172367, -8.263003665856970770 ) ) ;
#4034 = ADVANCED_FACE ( 'NONE', ( #980 ), #3695, .F. ) ;
#4035 = LINE ( 'NONE', #4956, #2234 ) ;
#4036 = CARTESIAN_POINT ( 'NONE',  ( 78.44999999999997442, -3.599999999999999645, -12.40000000000000213 ) ) ;
#4037 = DIRECTION ( 'NONE',  ( 1.000000000000000000, -0.000000000000000000, -0.000000000000000000 ) ) ;
#4038 = VERTEX_POINT ( 'NONE', #3175 ) ;
#4039 = EDGE_LOOP ( 'NONE', ( #3648, #5157, #4950, #593, #2426 ) ) ;
#4040 = DIRECTION ( 'NONE',  ( 1.000000000000000000, 0.000000000000000000, 0.000000000000000000 ) ) ;
#4041 = CARTESIAN_POINT ( 'NONE',  ( -8.649999999999995026, 4.049999999999999822, 10.50000000000000000 ) ) ;
#4042 = EDGE_CURVE ( 'NONE', #5698, #5611, #3669, .T. ) ;
#4043 = DIRECTION ( 'NONE',  ( 0.000000000000000000, 0.000000000000000000, 1.000000000000000000 ) ) ;
#4044 = ORIENTED_EDGE ( 'NONE', *, *, #71, .T. ) ;
#4045 = ORIENTED_EDGE ( 'NONE', *, *, #930, .F. ) ;
#4046 = CARTESIAN_POINT ( 'NONE',  ( 54.14999999999987068, -6.546618184993093337, -8.096177570319508021 ) ) ;
#4047 = DIRECTION ( 'NONE',  ( 1.000000000000000000, 0.000000000000000000, -0.000000000000000000 ) ) ;
#4048 = CARTESIAN_POINT ( 'NONE',  ( 13.15000000000000391, 0.8499999999999998668, 2.166666666666666963 ) ) ;
#4049 = CARTESIAN_POINT ( 'NONE',  ( -54.14999999999999858, -2.750000000000000000, -11.50000000000000178 ) ) ;
#4050 = CLOSED_SHELL ( 'NONE', ( #1856, #2389, #2181, #2654, #1946, #4034, #4698, #3639, #2160, #2794, #3594, #2195, #3362, #4357, #1411, #2375, #5417, #3771, #476, #3670, #1798, #2103, #551, #3486, #981, #1285, #1319, #520, #939, #1608, #1367, #3015, #2548, #4559, #3311, #4055, #5003, #866, #5275, #3678, #4744, #4897, #5345, #1036, #5295, #2987, #4201, #1244, #2993, #839, #4330, #2380, #3058, #2474, #2425, #5260, #2019, #4372, #3305, #1477, #87, #625, #4711, #3752, #2288, #2772, #5349, #419, #3766, #2185, #5645, #990, #4934, #4598, #2652, #515, #590, #2825, #5425, #3555, #3185, #5621, #3952, #4209, #475, #2914, #3177, #3064, #5096, #4756, #1133, #1721, #3099, #5023, #3637, #5048, #5328, #4818, #3728, #4775, #5705, #894, #1434, #2310, #5325, #773, #4189, #2665, #2258, #5130, #2839, #1705, #5144, #4563, #3739, #1578, #1091, #1094, #2715, #1985, #5126, #1330, #1678, #1468, #3385, #2626, #418, #1103, #3891, #5340, #3278, #5479, #2778, #2578, #4311, #3614, #1967, #3357, #4393, #2679, #581, #583, #3013, #2806, #781, #4859, #3578, #5491, #3104, #2102, #2150, #3753, #1538, #4284, #3656, #2741, #5579, #58, #4176, #5530, #5027 ) ) ;
#4051 = EDGE_CURVE ( 'NONE', #3743, #4307, #5415, .T. ) ;
#4052 = ORIENTED_EDGE ( 'NONE', *, *, #1272, .T. ) ;
#4053 = ORIENTED_EDGE ( 'NONE', *, *, #4648, .T. ) ;
#4054 = FACE_OUTER_BOUND ( 'NONE', #1259, .T. ) ;
#4055 = ADVANCED_FACE ( 'NONE', ( #5441 ), #3260, .T. ) ;
#4056 = DIRECTION ( 'NONE',  ( 0.000000000000000000, 0.000000000000000000, 1.000000000000000000 ) ) ;
#4057 = CARTESIAN_POINT ( 'NONE',  ( 12.60105422299120370, 0.8499999999999998668, 1.000000000000000000 ) ) ;
#4058 = CIRCLE ( 'NONE', #4617, 4.649999999999999467 ) ;
#4059 = B_SPLINE_CURVE_WITH_KNOTS ( 'NONE', 3,
 ( #3570, #2261, #911, #4918, #4032, #99, #3634, #4891, #877, #3973 ),
 .UNSPECIFIED., .F., .F.,
 ( 4, 2, 2, 2, 4 ),
 ( 0.000000000000000000, 0.2500000000000000000, 0.5000000000000000000, 0.7500000000000000000, 1.000000000000000000 ),
 .UNSPECIFIED. ) ;
#4060 = DIRECTION ( 'NONE',  ( -1.000000000000000000, -0.000000000000000000, -0.000000000000000000 ) ) ;
#4061 = DIRECTION ( 'NONE',  ( 1.084202172485504557E-16, 0.000000000000000000, 1.000000000000000000 ) ) ;
#4062 = DIRECTION ( 'NONE',  ( 0.000000000000000000, 1.172110456741086074E-16, 1.000000000000000000 ) ) ;
#4063 = AXIS2_PLACEMENT_3D ( 'NONE', #3582, #5335, #4512 ) ;
#4064 = ORIENTED_EDGE ( 'NONE', *, *, #1112, .T. ) ;
#4065 = AXIS2_PLACEMENT_3D ( 'NONE', #3317, #774, #2999 ) ;
#4066 = APPROVAL_DATE_TIME ( #1011, #164 ) ;
#4067 = ORIENTED_EDGE ( 'NONE', *, *, #3169, .F. ) ;
#4068 = VERTEX_POINT ( 'NONE', #589 ) ;
#4069 = AXIS2_PLACEMENT_3D ( 'NONE', #1396, #3167, #4841 ) ;
#4070 = DIRECTION ( 'NONE',  ( 0.000000000000000000, 0.000000000000000000, 1.000000000000000000 ) ) ;
#4071 = CARTESIAN_POINT ( 'NONE',  ( 12.14999999999998437, -0.8499999999999989786, -11.65000000000000568 ) ) ;
#4072 = EDGE_CURVE ( 'NONE', #2173, #3298, #2405, .T. ) ;
#4073 = CARTESIAN_POINT ( 'NONE',  ( -69.44999999999998863, 7.000000000000000000, -13.50000000000000178 ) ) ;
#4074 = CIRCLE ( 'NONE', #2303, 4.649999999999999467 ) ;
#4075 = AXIS2_PLACEMENT_3D ( 'NONE', #1819, #3160, #5372 ) ;
#4076 = VERTEX_POINT ( 'NONE', #1897 ) ;
#4077 = ORIENTED_EDGE ( 'NONE', *, *, #2538, .F. ) ;
#4078 = VECTOR ( 'NONE', #2697, 1000.000000000000000 ) ;
#4079 = VECTOR ( 'NONE', #404, 1000.000000000000114 ) ;
#4080 = CARTESIAN_POINT ( 'NONE',  ( -12.14999999999999503, 0.8499999999999999778, -11.65000000000000036 ) ) ;
#4081 = EDGE_CURVE ( 'NONE', #5577, #2877, #1065, .T. ) ;
#4082 = EDGE_CURVE ( 'NONE', #860, #2067, #1453, .T. ) ;
#4083 = CARTESIAN_POINT ( 'NONE',  ( -64.35000000000007958, -6.100679342678987815, -13.04783251654283660 ) ) ;
#4084 = CARTESIAN_POINT ( 'NONE',  ( -11.31666666666665932, 0.8499999999999998668, -7.650000000000000355 ) ) ;
#4085 = AXIS2_PLACEMENT_3D ( 'NONE', #5569, #705, #738 ) ;
#4086 = ORIENTED_EDGE ( 'NONE', *, *, #1820, .F. ) ;
#4087 = ORIENTED_EDGE ( 'NONE', *, *, #4376, .F. ) ;
#4088 = CIRCLE ( 'NONE', #2417, 1.499999999999999556 ) ;
#4089 = DIRECTION ( 'NONE',  ( -1.000000000000000000, 0.000000000000000000, -0.000000000000000000 ) ) ;
#4090 = PLANE ( 'NONE',  #612 ) ;
#4091 = CARTESIAN_POINT ( 'NONE',  ( -64.34999999999999432, 7.399999999999999467, -5.000000000000000888 ) ) ;
#4092 = EDGE_CURVE ( 'NONE', #2828, #4494, #2793, .T. ) ;
#4093 = VERTEX_POINT ( 'NONE', #5072 ) ;
#4094 = CARTESIAN_POINT ( 'NONE',  ( -54.14999999999999858, -2.750000000000000000, -9.650000000000000355 ) ) ;
#4095 = LINE ( 'NONE', #3334, #4535 ) ;
#4096 = CARTESIAN_POINT ( 'NONE',  ( 12.14999999999999503, -0.8499999999999998668, -11.31666666666666643 ) ) ;
#4097 = ORIENTED_EDGE ( 'NONE', *, *, #3781, .T. ) ;
#4098 = ORIENTED_EDGE ( 'NONE', *, *, #5173, .F. ) ;
#4099 = CARTESIAN_POINT ( 'NONE',  ( 78.44999999999997442, 6.200000000000000178, -6.899999999999998579 ) ) ;
#4100 = EDGE_CURVE ( 'NONE', #2267, #2508, #5014, .T. ) ;
#4101 = PLANE ( 'NONE',  #5283 ) ;
#4102 = LINE ( 'NONE', #109, #3329 ) ;
#4103 = CARTESIAN_POINT ( 'NONE',  ( -69.44999999999998863, -5.500000000000000000, -13.49999999999999822 ) ) ;
#4104 = ORIENTED_EDGE ( 'NONE', *, *, #5059, .F. ) ;
#4105 = ORIENTED_EDGE ( 'NONE', *, *, #5440, .F. ) ;
#4106 = FACE_OUTER_BOUND ( 'NONE', #155, .T. ) ;
#4107 = CARTESIAN_POINT ( 'NONE',  ( 54.14999999999999858, 6.546618184993080902, -11.20382242968048381 ) ) ;
#4108 = EDGE_CURVE ( 'NONE', #4093, #4195, #1562, .T. ) ;
#4109 = PLANE ( 'NONE',  #338 ) ;
#4110 = CARTESIAN_POINT ( 'NONE',  ( 65.34999999999999432, 7.000000000000000000, -13.50000000000000178 ) ) ;
#4111 = EDGE_LOOP ( 'NONE', ( #4492, #499, #1466, #1970 ) ) ;
#4112 = ORIENTED_EDGE ( 'NONE', *, *, #2327, .T. ) ;
#4113 = DIRECTION ( 'NONE',  ( 0.000000000000000000, -1.000000000000000000, 0.000000000000000000 ) ) ;
#4114 = DIRECTION ( 'NONE',  ( 0.000000000000000000, 0.000000000000000000, -1.000000000000000000 ) ) ;
#4115 = DIRECTION ( 'NONE',  ( -1.000000000000000000, -0.000000000000000000, -0.000000000000000000 ) ) ;
#4116 = DIRECTION ( 'NONE',  ( -1.000000000000000000, -0.000000000000000000, -0.000000000000000000 ) ) ;
#4117 = CARTESIAN_POINT ( 'NONE',  ( 64.34999999999999432, -3.345732259861896374, -5.000000000000000888 ) ) ;
#4118 = PLANE ( 'NONE',  #3527 ) ;
#4119 = ADVANCED_BREP_SHAPE_REPRESENTATION ( 'PowerSense-PM02D', ( #4873, #5118 ), #2048 ) ;
#4120 = VERTEX_POINT ( 'NONE', #4539 ) ;
#4121 = CARTESIAN_POINT ( 'NONE',  ( 14.14999999999999503, 2.422368043628946754, -11.47825207934375413 ) ) ;
#4122 = CARTESIAN_POINT ( 'NONE',  ( -69.44999999999998863, -5.499999999999988454, -5.799999999999998046 ) ) ;
#4123 = CARTESIAN_POINT ( 'NONE',  ( -14.14999999999999503, 2.750000000000000000, -9.650000000000000355 ) ) ;
#4124 = EDGE_CURVE ( 'NONE', #2042, #5162, #4102, .T. ) ;
#4125 = CARTESIAN_POINT ( 'NONE',  ( -54.15000000000006963, 4.345806406413844414, -5.867089650977393767 ) ) ;
#4126 = ORIENTED_EDGE ( 'NONE', *, *, #3571, .F. ) ;
#4127 = CARTESIAN_POINT ( 'NONE',  ( -7.149999999999995026, 0.8499999999999998668, -8.983333333333337833 ) ) ;
#4128 = CARTESIAN_POINT ( 'NONE',  ( -8.649999999999996803, 1.636454033335750902, -2.350000000000000089 ) ) ;
#4129 = CARTESIAN_POINT ( 'NONE',  ( -64.34999999999999432, -7.524168565514620433, -9.649999999999977263 ) ) ;
#4130 = DIRECTION ( 'NONE',  ( 0.000000000000000000, -1.000000000000000000, 0.000000000000000000 ) ) ;
#4131 = EDGE_LOOP ( 'NONE', ( #2620, #5618, #5358, #2273, #3579 ) ) ;
#4132 = ORIENTED_EDGE ( 'NONE', *, *, #1300, .F. ) ;
#4133 = ORIENTED_EDGE ( 'NONE', *, *, #3643, .T. ) ;
#4134 = EDGE_LOOP ( 'NONE', ( #1867, #5113 ) ) ;
#4135 = DIRECTION ( 'NONE',  ( 0.000000000000000000, -1.000000000000000000, 7.725613570630633079E-17 ) ) ;
#4136 = DIRECTION ( 'NONE',  ( -1.000000000000000000, -0.000000000000000000, -0.000000000000000000 ) ) ;
#4137 = DIRECTION ( 'NONE',  ( 0.000000000000000000, 0.000000000000000000, 1.000000000000000000 ) ) ;
#4138 = DIRECTION ( 'NONE',  ( 0.000000000000000000, 0.000000000000000000, 1.000000000000000000 ) ) ;
#4139 = DIRECTION ( 'NONE',  ( 0.000000000000000000, 1.172110456741086074E-16, 1.000000000000000000 ) ) ;
#4140 = FACE_OUTER_BOUND ( 'NONE', #3256, .T. ) ;
#4141 = AXIS2_PLACEMENT_3D ( 'NONE', #1223, #5699, #1599 ) ;
#4142 = ORIENTED_EDGE ( 'NONE', *, *, #1383, .T. ) ;
#4143 = CARTESIAN_POINT ( 'NONE',  ( 69.44999999999998863, -3.599999999999999645, -12.40000000000000213 ) ) ;
#4144 = EDGE_LOOP ( 'NONE', ( #5395, #5166, #5152, #3009 ) ) ;
#4145 = VECTOR ( 'NONE', #2388, 1000.000000000000000 ) ;
#4146 = CARTESIAN_POINT ( 'NONE',  ( -8.816666666666664653, 0.8499999999999998668, -11.65000000000000036 ) ) ;
#4147 = DIRECTION ( 'NONE',  ( 0.000000000000000000, 0.000000000000000000, 1.000000000000000000 ) ) ;
#4148 = CARTESIAN_POINT ( 'NONE',  ( 0.000000000000000000, 8.050000000000000711, 0.000000000000000000 ) ) ;
#4149 = CIRCLE ( 'NONE', #5206, 0.5000000000000000000 ) ;
#4150 = AXIS2_PLACEMENT_3D ( 'NONE', #5634, #2623, #2931 ) ;
#4151 = LINE ( 'NONE', #562, #4368 ) ;
#4152 = ORIENTED_EDGE ( 'NONE', *, *, #5336, .T. ) ;
#4153 = EDGE_CURVE ( 'NONE', #428, #2105, #5601, .T. ) ;
#4154 = LINE ( 'NONE', #3731, #5086 ) ;
#4155 = CARTESIAN_POINT ( 'NONE',  ( -3.299999999999999822, 1.850000000000000089, -12.44999999999999929 ) ) ;
#4156 = VECTOR ( 'NONE', #1697, 1000.000000000000000 ) ;
#4157 = CIRCLE ( 'NONE', #5381, 1.850000000000000977 ) ;
#4158 = LINE ( 'NONE', #116, #5743 ) ;
#4159 = DIRECTION ( 'NONE',  ( 0.000000000000000000, 0.5098023903017334657, -0.8602915336341738772 ) ) ;
#4160 = ORIENTED_EDGE ( 'NONE', *, *, #3924, .T. ) ;
#4161 = VECTOR ( 'NONE', #1, 1000.000000000000000 ) ;
#4162 = ORIENTED_EDGE ( 'NONE', *, *, #3403, .T. ) ;
#4163 = VECTOR ( 'NONE', #638, 1000.000000000000000 ) ;
#4164 = ORIENTED_EDGE ( 'NONE', *, *, #430, .F. ) ;
#4165 = DIRECTION ( 'NONE',  ( -0.000000000000000000, 1.000000000000000000, -2.081668171172170485E-16 ) ) ;
#4166 = CARTESIAN_POINT ( 'NONE',  ( 16.15000000000000568, 1.449999999999999956, -1.999999999999999556 ) ) ;
#4167 = VECTOR ( 'NONE', #3006, 1000.000000000000000 ) ;
#4168 = EDGE_LOOP ( 'NONE', ( #4112, #1451, #4759, #480 ) ) ;
#4169 = AXIS2_PLACEMENT_3D ( 'NONE', #5177, #4842, #2186 ) ;
#4170 = LINE ( 'NONE', #5508, #5110 ) ;
#4171 = AXIS2_PLACEMENT_3D ( 'NONE', #5362, #27, #2627 ) ;
#4172 = FACE_OUTER_BOUND ( 'NONE', #2976, .T. ) ;
#4173 = CARTESIAN_POINT ( 'NONE',  ( 54.14999999999999858, -4.345806406413836420, -13.43291034902260961 ) ) ;
#4174 = DIRECTION ( 'NONE',  ( 1.000000000000000000, -0.000000000000000000, -0.000000000000000000 ) ) ;
#4175 = EDGE_CURVE ( 'NONE', #4027, #2751, #273, .T. ) ;
#4176 = ADVANCED_FACE ( 'NONE', ( #2416 ), #4205, .T. ) ;
#4177 = LOCAL_TIME ( 18, 50, 1.000000000000000000, #4484 ) ;
#4178 = CARTESIAN_POINT ( 'NONE',  ( 7.149999999999995026, -0.8499999999999998668, -10.98333333333333606 ) ) ;
#4179 = CARTESIAN_POINT ( 'NONE',  ( -9.233333333333332504, 0.8499999999999998668, -11.65000000000000036 ) ) ;
#4180 = CARTESIAN_POINT ( 'NONE',  ( 13.14999999999999503, 1.272991789011615804, -7.889810980379996508 ) ) ;
#4181 = LINE ( 'NONE', #5573, #3892 ) ;
#4182 = DIRECTION ( 'NONE',  ( -0.000000000000000000, -1.000000000000000000, -3.154042683594195121E-16 ) ) ;
#4183 = ORIENTED_EDGE ( 'NONE', *, *, #4197, .F. ) ;
#4184 = EDGE_CURVE ( 'NONE', #2746, #3507, #1567, .T. ) ;
#4185 = CARTESIAN_POINT ( 'NONE',  ( -12.14999999999999325, -0.8499999999999990896, -7.650000000000000355 ) ) ;
#4186 = CARTESIAN_POINT ( 'NONE',  ( 54.15000000000006963, -5.671673470966819508, -6.768617959457595035 ) ) ;
#4187 = CARTESIAN_POINT ( 'NONE',  ( -64.34999999999990905, -4.546899923333074689, -14.06815535663785965 ) ) ;
#4188 = CARTESIAN_POINT ( 'NONE',  ( -65.34999999999999432, 7.000000000000000000, -13.50000000000000178 ) ) ;
#4189 = ADVANCED_FACE ( 'NONE', ( #2068 ), #1186, .T. ) ;
#4190 = ORIENTED_EDGE ( 'NONE', *, *, #2212, .T. ) ;
#4191 = ORIENTED_EDGE ( 'NONE', *, *, #4993, .T. ) ;
#4192 = ORIENTED_EDGE ( 'NONE', *, *, #669, .F. ) ;
#4193 = LINE ( 'NONE', #97, #3151 ) ;
#4194 = CARTESIAN_POINT ( 'NONE',  ( -8.649999999999996803, 6.200000000000000178, 0.8499999999999995337 ) ) ;
#4195 = VERTEX_POINT ( 'NONE', #4781 ) ;
#4196 = DIRECTION ( 'NONE',  ( 0.000000000000000000, 1.000000000000000000, -2.081668171172170485E-16 ) ) ;
#4197 = EDGE_CURVE ( 'NONE', #4226, #5172, #3368, .T. ) ;
#4198 = FACE_OUTER_BOUND ( 'NONE', #1489, .T. ) ;
#4199 = LINE ( 'NONE', #3662, #3048 ) ;
#4200 = DIRECTION ( 'NONE',  ( 0.000000000000000000, 0.000000000000000000, -1.000000000000000000 ) ) ;
#4201 = ADVANCED_FACE ( 'NONE', ( #5630 ), #1125, .F. ) ;
#4202 = CARTESIAN_POINT ( 'NONE',  ( -2.749999999999992450, 5.050000000000000711, 12.84999999999999964 ) ) ;
#4203 = LINE ( 'NONE', #5124, #1743 ) ;
#4204 = CARTESIAN_POINT ( 'NONE',  ( 64.34999999999999432, 0.000000000000000000, 0.000000000000000000 ) ) ;
#4205 = PLANE ( 'NONE',  #248 ) ;
#4206 = CARTESIAN_POINT ( 'NONE',  ( 78.44999999999997442, -6.299999999999998934, -10.79999999999999893 ) ) ;
#4207 = ORIENTED_EDGE ( 'NONE', *, *, #5635, .T. ) ;
#4208 = CARTESIAN_POINT ( 'NONE',  ( -77.54999999999998295, 6.200000000000000178, -6.899999999999998579 ) ) ;
#4209 = ADVANCED_FACE ( 'NONE', ( #1653 ), #300, .F. ) ;
#4210 = CARTESIAN_POINT ( 'NONE',  ( 64.34999999999999432, -2.749999997868448620, -5.000000000000000888 ) ) ;
#4211 = CARTESIAN_POINT ( 'NONE',  ( 14.14999999999999503, 3.514575435592331765, -7.941019871310378342 ) ) ;
#4212 = CARTESIAN_POINT ( 'NONE',  ( -12.14999999999999503, -0.8499999999999998668, -10.31666666666666110 ) ) ;
#4213 = EDGE_LOOP ( 'NONE', ( #2885, #993, #2208, #3021 ) ) ;
#4214 = VERTEX_POINT ( 'NONE', #3431 ) ;
#4215 = ORIENTED_EDGE ( 'NONE', *, *, #3653, .T. ) ;
#4216 = ORIENTED_EDGE ( 'NONE', *, *, #859, .T. ) ;
#4217 = ORIENTED_EDGE ( 'NONE', *, *, #4404, .T. ) ;
#4218 = PLANE ( 'NONE',  #4251 ) ;
#4219 = CARTESIAN_POINT ( 'NONE',  ( 78.44999999999997442, -3.599999999999999645, -6.899999999999996803 ) ) ;
#4220 = LINE ( 'NONE', #2891, #3989 ) ;
#4221 = ORIENTED_EDGE ( 'NONE', *, *, #4558, .T. ) ;
#4222 = EDGE_CURVE ( 'NONE', #2201, #2901, #2095, .T. ) ;
#4223 = PLANE ( 'NONE',  #4714 ) ;
#4224 = DIRECTION ( 'NONE',  ( -0.000000000000000000, 1.000000000000000000, -0.000000000000000000 ) ) ;
#4225 = DIRECTION ( 'NONE',  ( 1.000000000000000000, 0.000000000000000000, 0.000000000000000000 ) ) ;
#4226 = VERTEX_POINT ( 'NONE', #3751 ) ;
#4227 = CARTESIAN_POINT ( 'NONE',  ( 14.14999999999999503, -1.727964020042459303, -11.21598991551932301 ) ) ;
#4228 = EDGE_LOOP ( 'NONE', ( #1503, #941, #5339, #4574, #2650, #829 ) ) ;
#4229 = DIRECTION ( 'NONE',  ( 0.000000000000000000, -1.000000000000000000, -0.000000000000000000 ) ) ;
#4230 = DIRECTION ( 'NONE',  ( -0.7645190814496527487, -0.09832850549504519588, 0.6370573593535280299 ) ) ;
#4231 = VECTOR ( 'NONE', #4367, 1000.000000000000000 ) ;
#4232 = DIRECTION ( 'NONE',  ( 1.000000000000000000, 0.000000000000000000, -1.084202172485504557E-16 ) ) ;
#4233 = CARTESIAN_POINT ( 'NONE',  ( -14.14999999999999503, -2.129882892781538750, -7.885818395637513412 ) ) ;
#4234 = EDGE_LOOP ( 'NONE', ( #4795, #1169, #2049, #5734, #5081 ) ) ;
#4235 = AXIS2_PLACEMENT_3D ( 'NONE', #629, #5022, #1069 ) ;
#4236 = DIRECTION ( 'NONE',  ( 1.000000000000000000, 0.000000000000000000, 0.000000000000000000 ) ) ;
#4237 = CARTESIAN_POINT ( 'NONE',  ( 14.14999999999999503, 0.9283850214229042441, -10.03912442714443287 ) ) ;
#4238 = CARTESIAN_POINT ( 'NONE',  ( 14.14999999999999680, 4.180457879281553879, -8.445561452195548213 ) ) ;
#4239 = VECTOR ( 'NONE', #4787, 1000.000000000000000 ) ;
#4240 = CARTESIAN_POINT ( 'NONE',  ( -14.14999999999998970, -1.123971580354579336, -8.741302840060379609 ) ) ;
#4241 = ORIENTED_EDGE ( 'NONE', *, *, #1150, .F. ) ;
#4242 = EDGE_LOOP ( 'NONE', ( #4603, #5109, #2193, #2199 ) ) ;
#4243 = VERTEX_POINT ( 'NONE', #2438 ) ;
#4244 = VECTOR ( 'NONE', #726, 1000.000000000000000 ) ;
#4245 = VECTOR ( 'NONE', #4420, 1000.000000000000000 ) ;
#4246 = DIRECTION ( 'NONE',  ( -1.000000000000000000, 0.000000000000000000, 0.000000000000000000 ) ) ;
#4247 = B_SPLINE_SURFACE_WITH_KNOTS ( 'NONE', 3, 1, ( 
 ( #2171, #2721 ),
 ( #433, #1785 ),
 ( #3997, #2197 ),
 ( #484, #4823 ),
 ( #3588, #3497 ),
 ( #5284, #5366 ),
 ( #2603, #4946 ),
 ( #4496, #4377 ),
 ( #2277, #3097 ),
 ( #55, #1342 ),
 ( #8, #1843 ),
 ( #3563, #379 ),
 ( #3623, #3935 ),
 ( #1287, #3070 ),
 ( #4857, #840 ),
 ( #2631, #3963 ),
 ( #3539, #5316 ),
 ( #4883, #2826 ),
 ( #3733, #1022 ),
 ( #1047, #1904 ),
 ( #1070, #5522 ),
 ( #987, #4187 ),
 ( #3703, #4083 ),
 ( #544, #2850 ),
 ( #93, #4129 ),
 ( #1492, #4601 ),
 ( #596, #195 ),
 ( #3758, #4633 ),
 ( #5447, #2770 ),
 ( #5477, #136 ) ),
 .UNSPECIFIED., .T., .F., .F.,
 ( 4, 1, 1, 1, 2, 1, 1, 1, 1, 1, 1, 1, 2, 1, 1, 1, 2, 1, 1, 1, 1, 1, 1, 1, 4 ),
 ( 2, 2 ),
 ( 0.000000000000000000, 0.03612190552848214276, 0.07224381105696428551, 0.1083657165854464283, 0.1444876221139285710, 0.1889266693496874927, 0.2333657165854463866, 0.2778047638212053361, 0.3222438110569642022, 0.3666828582927231794, 0.4111219055284821566, 0.4555609527642410228, 0.5000000000000000000, 0.5361219055284822677, 0.5722438110569643133, 0.6083657165854463589, 0.6444876221139285155, 0.6889266693496874927, 0.7333657165854463589, 0.7778047638212053361, 0.8222438110569643133, 0.8666828582927231794, 0.9111219055284820456, 0.9555609527642410228, 1.000000000000000000 ),
 ( 0.000000000000000000, 1.000000000000000000 ),
 .UNSPECIFIED. ) ;
#4248 = DIRECTION ( 'NONE',  ( -1.000000000000000000, -0.000000000000000000, -0.000000000000000000 ) ) ;
#4249 = CARTESIAN_POINT ( 'NONE',  ( -54.14999999999999858, -2.749999999999999556, -13.65000000000000213 ) ) ;
#4250 = VECTOR ( 'NONE', #2843, 1000.000000000000000 ) ;
#4251 = AXIS2_PLACEMENT_3D ( 'NONE', #1636, #2052, #4309 ) ;
#4252 = DIRECTION ( 'NONE',  ( -1.000000000000000000, -0.000000000000000000, -0.000000000000000000 ) ) ;
#4253 = ORIENTED_EDGE ( 'NONE', *, *, #4642, .T. ) ;
#4254 = ORIENTED_EDGE ( 'NONE', *, *, #1507, .F. ) ;
#4255 = EDGE_CURVE ( 'NONE', #4944, #5426, #1220, .T. ) ;
#4256 = DIRECTION ( 'NONE',  ( 0.000000000000000000, 0.000000000000000000, 1.000000000000000000 ) ) ;
#4257 = VECTOR ( 'NONE', #3676, 1000.000000000000000 ) ;
#4258 = CARTESIAN_POINT ( 'NONE',  ( -13.04999999999999538, 4.750000000000000000, 10.50000000000000000 ) ) ;
#4259 = AXIS2_PLACEMENT_3D ( 'NONE', #2241, #3082, #2287 ) ;
#4260 = CARTESIAN_POINT ( 'NONE',  ( -64.34999999999988063, 6.100679342678992256, -13.04783251654280463 ) ) ;
#4261 = EDGE_CURVE ( 'NONE', #1728, #5591, #4751, .T. ) ;
#4262 = AXIS2_PLACEMENT_3D ( 'NONE', #3958, #4017, #1718 ) ;
#4263 = ORIENTED_EDGE ( 'NONE', *, *, #5660, .T. ) ;
#4264 = CARTESIAN_POINT ( 'NONE',  ( 8.816666666666664653, -0.8499999999999998668, -11.65000000000000036 ) ) ;
#4265 = CARTESIAN_POINT ( 'NONE',  ( -8.649999999999995026, 7.249999999999999112, 12.05000000000000071 ) ) ;
#4266 = DIRECTION ( 'NONE',  ( -0.000000000000000000, 1.000000000000000000, -1.770125995894701202E-16 ) ) ;
#4267 = DIRECTION ( 'NONE',  ( 1.000000000000000000, 0.000000000000000000, -0.000000000000000000 ) ) ;
#4268 = CIRCLE ( 'NONE', #1106, 1.700000000000000178 ) ;
#4269 = CARTESIAN_POINT ( 'NONE',  ( -3.299999999999999822, 1.850000000000000089, -12.44999999999999929 ) ) ;
#4270 = CARTESIAN_POINT ( 'NONE',  ( -7.149999999999995026, -0.8499999999999998668, -9.983333333333339610 ) ) ;
#4271 = VERTEX_POINT ( 'NONE', #5179 ) ;
#4272 = CARTESIAN_POINT ( 'NONE',  ( -54.14999999999999858, 2.750000000000000000, -11.50000000000000178 ) ) ;
#4273 = EDGE_CURVE ( 'NONE', #4076, #4320, #4181, .T. ) ;
#4274 = LINE ( 'NONE', #2969, #3509 ) ;
#4275 = DIRECTION ( 'NONE',  ( 1.000000000000000000, 0.000000000000000000, -0.000000000000000000 ) ) ;
#4276 = LINE ( 'NONE', #5582, #1297 ) ;
#4277 = EDGE_CURVE ( 'NONE', #2622, #1924, #4074, .T. ) ;
#4278 = VERTEX_POINT ( 'NONE', #1154 ) ;
#4279 = EDGE_LOOP ( 'NONE', ( #3641, #2112, #1633, #4190 ) ) ;
#4280 = EDGE_CURVE ( 'NONE', #661, #1682, #646, .T. ) ;
#4281 = DIRECTION ( 'NONE',  ( 0.000000000000000000, 0.000000000000000000, -1.000000000000000000 ) ) ;
#4282 = CARTESIAN_POINT ( 'NONE',  ( -77.54999999999998295, -6.299999999999998934, -10.79999999999999893 ) ) ;
#4283 = CARTESIAN_POINT ( 'NONE',  ( -54.15000000000044622, -5.671673470966848818, -12.53138204054242166 ) ) ;
#4284 = ADVANCED_FACE ( 'NONE', ( #2899 ), #3343, .T. ) ;
#4285 = CARTESIAN_POINT ( 'NONE',  ( 64.34999999999999432, 2.265764042632205655, -5.000000000000000888 ) ) ;
#4286 = LINE ( 'NONE', #315, #727 ) ;
#4287 = ORIENTED_EDGE ( 'NONE', *, *, #1474, .F. ) ;
#4288 = ORIENTED_EDGE ( 'NONE', *, *, #2502, .T. ) ;
#4289 = DIRECTION ( 'NONE',  ( 8.673617379884035472E-17, 0.000000000000000000, 1.000000000000000000 ) ) ;
#4290 = FACE_OUTER_BOUND ( 'NONE', #1222, .T. ) ;
#4291 = CARTESIAN_POINT ( 'NONE',  ( -54.14999999999992752, 1.412677864186189236, -13.64999999999998437 ) ) ;
#4292 = CARTESIAN_POINT ( 'NONE',  ( 14.14999999999999503, -2.834642313602825148, -11.51807859539794521 ) ) ;
#4293 = PLANE ( 'NONE',  #4649 ) ;
#4294 = CARTESIAN_POINT ( 'NONE',  ( -0.7499999999999935607, 5.050000000000000711, 4.850000000000000533 ) ) ;
#4295 = CARTESIAN_POINT ( 'NONE',  ( 14.15000000000000036, 1.616083994320173911, 2.478817275128538000 ) ) ;
#4296 = ORIENTED_EDGE ( 'NONE', *, *, #896, .T. ) ;
#4297 = CARTESIAN_POINT ( 'NONE',  ( 69.44999999999998863, 7.000000000000000000, -5.800000000000000711 ) ) ;
#4298 = CARTESIAN_POINT ( 'NONE',  ( 64.34999999999998010, -2.265764042632206099, -5.000000000000000888 ) ) ;
#4299 = ORIENTED_EDGE ( 'NONE', *, *, #1746, .T. ) ;
#4300 = B_SPLINE_SURFACE_WITH_KNOTS ( 'NONE', 3, 1, ( 
 ( #5323, #5374 ),
 ( #4057, #1885 ),
 ( #4479, #4416 ),
 ( #3162, #3129 ),
 ( #5753, #768 ),
 ( #1767, #443 ) ),
 .UNSPECIFIED., .F., .F., .F.,
 ( 4, 2, 4 ),
 ( 2, 2 ),
 ( 0.000000000000000000, 0.5000000000000000000, 1.000000000000000000 ),
 ( 0.000000000000000000, 1.000000000000000000 ),
 .UNSPECIFIED. ) ;
#4301 = DIRECTION ( 'NONE',  ( 0.000000000000000000, 0.000000000000000000, -1.000000000000000000 ) ) ;
#4302 = DIRECTION ( 'NONE',  ( 0.000000000000000000, -1.000000000000000000, 0.000000000000000000 ) ) ;
#4303 = EDGE_CURVE ( 'NONE', #2711, #459, #1284, .T. ) ;
#4304 = DIRECTION ( 'NONE',  ( 0.000000000000000000, 0.000000000000000000, 1.000000000000000000 ) ) ;
#4305 = DIRECTION ( 'NONE',  ( 0.000000000000000000, -1.000000000000000000, 7.725613570630633079E-17 ) ) ;
#4306 = EDGE_CURVE ( 'NONE', #5280, #5428, #2749, .T. ) ;
#4307 = VERTEX_POINT ( 'NONE', #3218 ) ;
#4308 = ORIENTED_EDGE ( 'NONE', *, *, #4417, .F. ) ;
#4309 = DIRECTION ( 'NONE',  ( 0.000000000000000000, -0.000000000000000000, 1.000000000000000000 ) ) ;
#4310 = CARTESIAN_POINT ( 'NONE',  ( 64.34999999999999432, 6.399999999999999467, -6.000000000000000888 ) ) ;
#4311 = ADVANCED_FACE ( 'NONE', ( #1793 ), #4300, .T. ) ;
#4312 = LINE ( 'NONE', #5647, #2409 ) ;
#4313 = CARTESIAN_POINT ( 'NONE',  ( 65.34999999999999432, 6.399999999999999467, -14.30000000000000071 ) ) ;
#4314 = CARTESIAN_POINT ( 'NONE',  ( 11.73333333333332895, -0.8499999999999998668, -7.650000000000000355 ) ) ;
#4315 = ORIENTED_EDGE ( 'NONE', *, *, #3724, .F. ) ;
#4316 = VERTEX_POINT ( 'NONE', #1417 ) ;
#4317 = CARTESIAN_POINT ( 'NONE',  ( -14.14999999999999503, -1.727964020042459303, -11.21598991551932301 ) ) ;
#4318 = CARTESIAN_POINT ( 'NONE',  ( -8.649999999999996803, 7.249999999999999112, 0.04999999999999933664 ) ) ;
#4319 = CARTESIAN_POINT ( 'NONE',  ( -64.34999999999999432, -3.345732259861895042, -14.30000000000000249 ) ) ;
#4320 = VERTEX_POINT ( 'NONE', #5351 ) ;
#4321 = ORIENTED_EDGE ( 'NONE', *, *, #5040, .F. ) ;
#4322 = FACE_OUTER_BOUND ( 'NONE', #4144, .T. ) ;
#4323 = DIRECTION ( 'NONE',  ( 1.000000000000000000, 0.000000000000000000, 0.000000000000000000 ) ) ;
#4325 = EDGE_CURVE ( 'NONE', #1378, #5162, #1353, .T. ) ;
#4324 = CARTESIAN_POINT ( 'NONE',  ( -69.44999999999998863, 6.200000000000000178, -6.899999999999998579 ) ) ;
#4326 = CARTESIAN_POINT ( 'NONE',  ( 64.34999999999996589, 7.400194474761941699, -9.650368909696789288 ) ) ;
#4327 = LINE ( 'NONE', #4206, #2322 ) ;
#4328 = ORIENTED_EDGE ( 'NONE', *, *, #527, .F. ) ;
#4329 = CARTESIAN_POINT ( 'NONE',  ( 14.15000000000000568, 0.9778914610237806615, -1.833028580367627614 ) ) ;
#4330 = ADVANCED_FACE ( 'NONE', ( #468 ), #413, .T. ) ;
#4331 = EDGE_CURVE ( 'NONE', #1026, #1719, #4059, .T. ) ;
#4332 = DIRECTION ( 'NONE',  ( 0.000000000000000000, -0.000000000000000000, -1.000000000000000000 ) ) ;
#4333 = CARTESIAN_POINT ( 'NONE',  ( -64.34999999999999432, -2.749999999999485745, -14.30000000000000249 ) ) ;
#4334 = LINE ( 'NONE', #775, #5662 ) ;
#4335 = VECTOR ( 'NONE', #924, 1000.000000000000000 ) ;
#4336 = EDGE_CURVE ( 'NONE', #5674, #2879, #4006, .T. ) ;
#4337 = ORIENTED_EDGE ( 'NONE', *, *, #3266, .F. ) ;
#4338 = ORIENTED_EDGE ( 'NONE', *, *, #3349, .T. ) ;
#4339 = VERTEX_POINT ( 'NONE', #2669 ) ;
#4340 = EDGE_CURVE ( 'NONE', #4093, #4402, #3660, .T. ) ;
#4341 = CARTESIAN_POINT ( 'NONE',  ( -14.14999999999999503, -4.475598650147010638, -10.35369477970231955 ) ) ;
#4342 = AXIS2_PLACEMENT_3D ( 'NONE', #194, #2421, #5076 ) ;
#4343 = CARTESIAN_POINT ( 'NONE',  ( 14.15000000000000568, 0.8499999999999999778, -12.94999999999999929 ) ) ;
#4344 = CARTESIAN_POINT ( 'NONE',  ( -14.14999999999999680, -4.180457879281553879, -8.445561452195548213 ) ) ;
#4345 = ORIENTED_EDGE ( 'NONE', *, *, #3685, .F. ) ;
#4346 = VECTOR ( 'NONE', #3904, 1000.000000000000000 ) ;
#4347 = CARTESIAN_POINT ( 'NONE',  ( 14.14999999999999503, 3.370117107218460806, -11.41418160436249174 ) ) ;
#4348 = CIRCLE ( 'NONE', #2944, 1.000000000000000888 ) ;
#4349 = CARTESIAN_POINT ( 'NONE',  ( 69.44999999999998863, -2.899999999999999467, -9.649999999999998579 ) ) ;
#4350 = EDGE_LOOP ( 'NONE', ( #5451, #3113, #46, #242, #750 ) ) ;
#4351 = ORIENTED_EDGE ( 'NONE', *, *, #1711, .F. ) ;
#4352 = CARTESIAN_POINT ( 'NONE',  ( 64.34999999999988063, 6.100679342678992256, -13.04783251654280463 ) ) ;
#4353 = DIRECTION ( 'NONE',  ( 0.000000000000000000, 0.000000000000000000, -1.000000000000000000 ) ) ;
#4354 = LINE ( 'NONE', #1681, #1759 ) ;
#4355 = VECTOR ( 'NONE', #2382, 1000.000000000000000 ) ;
#4356 = VERTEX_POINT ( 'NONE', #4444 ) ;
#4357 = ADVANCED_FACE ( 'NONE', ( #2704, #2727, #4526, #5431, #38, #4954, #3547, #5405 ), #1855, .T. ) ;
#4358 = VECTOR ( 'NONE', #182, 1000.000000000000000 ) ;
#4359 = VECTOR ( 'NONE', #5737, 1000.000000000000227 ) ;
#4360 = CARTESIAN_POINT ( 'NONE',  ( 7.983333333333331616, -0.8499999999999998668, -11.65000000000000036 ) ) ;
#4361 = LINE ( 'NONE', #4778, #1100 ) ;
#4362 = DIRECTION ( 'NONE',  ( 0.000000000000000000, 0.000000000000000000, 1.000000000000000000 ) ) ;
#4363 = CARTESIAN_POINT ( 'NONE',  ( 7.149999999999995026, 0.8499999999999998668, -7.983333333333335169 ) ) ;
#4364 = AXIS2_PLACEMENT_3D ( 'NONE', #2707, #1771, #5758 ) ;
#4365 = VECTOR ( 'NONE', #2345, 1000.000000000000000 ) ;
#4366 = ORIENTED_EDGE ( 'NONE', *, *, #4092, .T. ) ;
#4367 = DIRECTION ( 'NONE',  ( -0.000000000000000000, -1.000000000000000000, -0.000000000000000000 ) ) ;
#4368 = VECTOR ( 'NONE', #4182, 1000.000000000000000 ) ;
#4369 = CARTESIAN_POINT ( 'NONE',  ( -2.749999999999993783, 5.050000000000000711, 2.850000000000000089 ) ) ;
#4370 = LINE ( 'NONE', #3583, #808 ) ;
#4371 = CARTESIAN_POINT ( 'NONE',  ( -8.649999999999996803, 4.750000000000000000, -0.8000000000000027089 ) ) ;
#4372 = ADVANCED_FACE ( 'NONE', ( #3106 ), #1443, .F. ) ;
#4373 = ORIENTED_EDGE ( 'NONE', *, *, #2730, .F. ) ;
#4374 = ORIENTED_EDGE ( 'NONE', *, *, #4108, .F. ) ;
#4375 = FACE_OUTER_BOUND ( 'NONE', #3495, .T. ) ;
#4376 = EDGE_CURVE ( 'NONE', #5271, #5591, #1523, .T. ) ;
#4377 = CARTESIAN_POINT ( 'NONE',  ( -64.34999999999999432, 4.546899923333081794, -5.231844643362122405 ) ) ;
#4378 = CARTESIAN_POINT ( 'NONE',  ( -12.14999999999999503, -0.8499999999999999778, -7.650000000000000355 ) ) ;
#4379 = VERTEX_POINT ( 'NONE', #3717 ) ;
#4380 = CARTESIAN_POINT ( 'NONE',  ( 64.34999999999999432, 1.339215079511145934, -5.000000000000000888 ) ) ;
#4381 = CARTESIAN_POINT ( 'NONE',  ( 14.15000000000000568, 1.054467784928139862, -2.320167397693725597 ) ) ;
#4382 = ORIENTED_EDGE ( 'NONE', *, *, #1527, .F. ) ;
#4383 = CARTESIAN_POINT ( 'NONE',  ( 64.34999999999999432, 3.345732259861896818, -14.30000000000000249 ) ) ;
#4384 = DIRECTION ( 'NONE',  ( 0.000000000000000000, 0.000000000000000000, 1.000000000000000000 ) ) ;
#4385 = EDGE_CURVE ( 'NONE', #3642, #2901, #5486, .T. ) ;
#4386 = CARTESIAN_POINT ( 'NONE',  ( -64.34999999999999432, 2.265764042632205655, -5.000000000000000888 ) ) ;
#4387 = ORIENTED_EDGE ( 'NONE', *, *, #537, .F. ) ;
#4388 = DIRECTION ( 'NONE',  ( 0.8796740011905005430, 0.4499291374147321720, 0.1540695392825272847 ) ) ;
#4389 = DIRECTION ( 'NONE',  ( -0.000000000000000000, 1.000000000000000000, -0.000000000000000000 ) ) ;
#4390 = LINE ( 'NONE', #392, #1560 ) ;
#4391 = CARTESIAN_POINT ( 'NONE',  ( 14.15000000000000568, 1.905701638317722546, 1.794242820697445451 ) ) ;
#4392 = ORIENTED_EDGE ( 'NONE', *, *, #5324, .F. ) ;
#4393 = ADVANCED_FACE ( 'NONE', ( #2862 ), #2371, .T. ) ;
#4394 = PERSON_AND_ORGANIZATION ( #18446744073709551615, #18446744073709551615 ) ;
#4395 = ORIENTED_EDGE ( 'NONE', *, *, #842, .F. ) ;
#4396 = CARTESIAN_POINT ( 'NONE',  ( 12.14999999999999503, 0.8499999999999999778, -11.65000000000000036 ) ) ;
#4397 = DIRECTION ( 'NONE',  ( -1.000000000000000000, 0.000000000000000000, 0.000000000000000000 ) ) ;
#4398 = VERTEX_POINT ( 'NONE', #1501 ) ;
#4399 = CARTESIAN_POINT ( 'NONE',  ( 9.946376354351970761, 0.8499999999999999778, -3.000000000000000000 ) ) ;
#4400 = PLANE ( 'NONE',  #3625 ) ;
#4401 = ORIENTED_EDGE ( 'NONE', *, *, #2750, .T. ) ;
#4402 = VERTEX_POINT ( 'NONE', #2782 ) ;
#4403 = CARTESIAN_POINT ( 'NONE',  ( 14.15000000000000568, 0.9942983616822772541, 2.205757179302554771 ) ) ;
#4404 = EDGE_CURVE ( 'NONE', #2887, #872, #5385, .T. ) ;
#4405 = CARTESIAN_POINT ( 'NONE',  ( -69.44999999999998863, 7.000000000000000000, -5.800000000000000711 ) ) ;
#4406 = CARTESIAN_POINT ( 'NONE',  ( 14.15000000000000568, 1.449999999999999956, 2.000000000000000000 ) ) ;
#4407 = VERTEX_POINT ( 'NONE', #144 ) ;
#4408 = VERTEX_POINT ( 'NONE', #666 ) ;
#4409 = CARTESIAN_POINT ( 'NONE',  ( 14.16000000000000547, 1.056512462777421391, -2.316702405003996379 ) ) ;
#4410 = EDGE_CURVE ( 'NONE', #3559, #2338, #3328, .T. ) ;
#4411 = CC_DESIGN_PERSON_AND_ORGANIZATION_ASSIGNMENT ( #3608, #1447, ( #5214 ) ) ;
#4412 = VERTEX_POINT ( 'NONE', #5063 ) ;
#4413 = CARTESIAN_POINT ( 'NONE',  ( 64.34999999999988063, -7.152246326680224087, -11.49590968630907106 ) ) ;
#4414 = LINE ( 'NONE', #3544, #4638 ) ;
#4415 = DIRECTION ( 'NONE',  ( 0.000000000000000000, 0.000000000000000000, -1.000000000000000000 ) ) ;
#4416 = CARTESIAN_POINT ( 'NONE',  ( 14.15000000000000746, 1.625997987878457396, 1.521030014183111456 ) ) ;
#4417 = EDGE_CURVE ( 'NONE', #2067, #1728, #2451, .T. ) ;
#4418 = CARTESIAN_POINT ( 'NONE',  ( -10.64999999999999680, -2.327008210988384285, -11.41018901962000420 ) ) ;
#4419 = FACE_OUTER_BOUND ( 'NONE', #4350, .T. ) ;
#4420 = DIRECTION ( 'NONE',  ( 1.535153518563545837E-16, 0.000000000000000000, 1.000000000000000000 ) ) ;
#4421 = CARTESIAN_POINT ( 'NONE',  ( 78.44999999999997442, -6.299999999999998934, -8.499999999999998224 ) ) ;
#4422 = ORIENTED_EDGE ( 'NONE', *, *, #5581, .F. ) ;
#4423 = CARTESIAN_POINT ( 'NONE',  ( 64.34999999999999432, 7.152141247526003554, -11.49606476415092260 ) ) ;
#4424 = ORIENTED_EDGE ( 'NONE', *, *, #5416, .F. ) ;
#4425 = CARTESIAN_POINT ( 'NONE',  ( 12.14999999999999503, 0.8499999999999998668, -11.31666666666666643 ) ) ;
#4426 = LINE ( 'NONE', #3088, #235 ) ;
#4427 = LINE ( 'NONE', #3467, #2223 ) ;
#4428 = DIRECTION ( 'NONE',  ( -0.000000000000000000, -0.000000000000000000, -1.000000000000000000 ) ) ;
#4429 = ORIENTED_EDGE ( 'NONE', *, *, #667, .T. ) ;
#4430 = ORIENTED_EDGE ( 'NONE', *, *, #1426, .T. ) ;
#4431 = EDGE_LOOP ( 'NONE', ( #2084, #1141, #3840, #5019 ) ) ;
#4432 = VERTEX_POINT ( 'NONE', #2833 ) ;
#4433 = EDGE_CURVE ( 'NONE', #3346, #5577, #4220, .T. ) ;
#4434 = DIRECTION ( 'NONE',  ( -0.000000000000000000, 1.000000000000000000, -0.000000000000000000 ) ) ;
#4435 = CARTESIAN_POINT ( 'NONE',  ( 14.15000000000000568, 0.9942983616822772541, 2.205757179302554771 ) ) ;
#4436 = DIRECTION ( 'NONE',  ( 1.000000000000000000, 0.000000000000000000, 0.000000000000000000 ) ) ;
#4437 = ORIENTED_EDGE ( 'NONE', *, *, #287, .T. ) ;
#4438 = FACE_OUTER_BOUND ( 'NONE', #555, .T. ) ;
#4439 = EDGE_LOOP ( 'NONE', ( #2996, #3148, #4440, #1387 ) ) ;
#4440 = ORIENTED_EDGE ( 'NONE', *, *, #5435, .F. ) ;
#4441 = VECTOR ( 'NONE', #1555, 1000.000000000000000 ) ;
#4442 = FACE_OUTER_BOUND ( 'NONE', #1098, .T. ) ;
#4443 = LINE ( 'NONE', #4478, #2314 ) ;
#4444 = CARTESIAN_POINT ( 'NONE',  ( -69.44999999999998863, 6.200000000000000178, -6.899999999999998579 ) ) ;
#4445 = VERTEX_POINT ( 'NONE', #1055 ) ;
#4446 = AXIS2_PLACEMENT_3D ( 'NONE', #2594, #5274, #398 ) ;
#4447 = ORIENTED_EDGE ( 'NONE', *, *, #4974, .F. ) ;
#4448 = VERTEX_POINT ( 'NONE', #2023 ) ;
#4449 = VERTEX_POINT ( 'NONE', #606 ) ;
#4450 = CARTESIAN_POINT ( 'NONE',  ( 0.000000000000000000, 1.850000000000000089, 0.000000000000000000 ) ) ;
#4451 = AXIS2_PLACEMENT_3D ( 'NONE', #1936, #1029, #2370 ) ;
#4452 = CARTESIAN_POINT ( 'NONE',  ( -14.14999999999999503, -2.749999764018621118, -7.800290809857203911 ) ) ;
#4453 = VECTOR ( 'NONE', #4957, 1000.000000000000000 ) ;
#4454 = CARTESIAN_POINT ( 'NONE',  ( 64.34999999999999432, 7.399999999999999467, -5.000000000000000888 ) ) ;
#4455 = CARTESIAN_POINT ( 'NONE',  ( -7.449999999999994849, 8.050000000000000711, 3.149999999999999023 ) ) ;
#4456 = EDGE_CURVE ( 'NONE', #1734, #4932, #4646, .T. ) ;
#4457 = VECTOR ( 'NONE', #890, 1000.000000000000000 ) ;
#4458 = VECTOR ( 'NONE', #3845, 1000.000000000000000 ) ;
#4459 = VERTEX_POINT ( 'NONE', #122 ) ;
#4460 = CARTESIAN_POINT ( 'NONE',  ( 14.15000000000000568, 1.721039613921102385, -1.574272683277737395 ) ) ;
#4461 = DIRECTION ( 'NONE',  ( 0.000000000000000000, 0.000000000000000000, -1.000000000000000000 ) ) ;
#4462 = VECTOR ( 'NONE', #1071, 1000.000000000000000 ) ;
#4463 = ORIENTED_EDGE ( 'NONE', *, *, #3685, .T. ) ;
#4464 = AXIS2_PLACEMENT_3D ( 'NONE', #1358, #4037, #1421 ) ;
#4465 = CARTESIAN_POINT ( 'NONE',  ( 9.946376354351970761, 0.8499999999999998668, -1.333333333333332593 ) ) ;
#4466 = CARTESIAN_POINT ( 'NONE',  ( 65.34999999999999432, -7.399999999999999467, -13.29999999999999716 ) ) ;
#4467 = CIRCLE ( 'NONE', #5391, 1.499999999999999556 ) ;
#4468 = VERTEX_POINT ( 'NONE', #1549 ) ;
#4469 = CARTESIAN_POINT ( 'NONE',  ( -64.34999999999999432, -6.400000000000000355, -5.999999999999999112 ) ) ;
#4470 = DIRECTION ( 'NONE',  ( 0.000000000000000000, 0.000000000000000000, -1.000000000000000000 ) ) ;
#4471 = DIRECTION ( 'NONE',  ( 1.000000000000000000, -0.000000000000000000, -0.000000000000000000 ) ) ;
#4472 = CIRCLE ( 'NONE', #4947, 0.5000000000000000000 ) ;
#4473 = CARTESIAN_POINT ( 'NONE',  ( -8.649999999999996803, 7.249999999999999112, 0.8499999999999993117 ) ) ;
#4474 = EDGE_CURVE ( 'NONE', #1817, #4791, #4170, .T. ) ;
#4475 = ORIENTED_EDGE ( 'NONE', *, *, #2834, .F. ) ;
#4476 = VERTEX_POINT ( 'NONE', #5116 ) ;
#4477 = CARTESIAN_POINT ( 'NONE',  ( -64.34999999999999432, 6.399999999999999467, -14.30000000000000071 ) ) ;
#4478 = CARTESIAN_POINT ( 'NONE',  ( 13.15000000000000568, 0.8499999999999999778, -3.000000000000000000 ) ) ;
#4479 = CARTESIAN_POINT ( 'NONE',  ( 12.05210844598240527, 0.8499999999999998668, 1.000000000000000222 ) ) ;
#4480 = CARTESIAN_POINT ( 'NONE',  ( -14.04999999999999716, 7.249999999999999112, 0.04999999999999991951 ) ) ;
#4481 = CARTESIAN_POINT ( 'NONE',  ( 12.14999999999999503, 0.8499999999999999778, -11.65000000000000036 ) ) ;
#4482 = CARTESIAN_POINT ( 'NONE',  ( 54.14999999999999858, -2.750000000000000444, -7.799999999999999822 ) ) ;
#4483 = DIRECTION ( 'NONE',  ( -0.000000000000000000, 1.000000000000000000, -0.000000000000000000 ) ) ;
#4484 = COORDINATED_UNIVERSAL_TIME_OFFSET ( 10, 0, .AHEAD. ) ;
#4485 = VERTEX_POINT ( 'NONE', #3792 ) ;
#4486 = EDGE_CURVE ( 'NONE', #4398, #218, #5563, .T. ) ;
#4487 = CC_DESIGN_DATE_AND_TIME_ASSIGNMENT ( #830, #2619, ( #1892 ) ) ;
#4488 = CARTESIAN_POINT ( 'NONE',  ( -64.34999999999999432, 0.000000000000000000, 0.000000000000000000 ) ) ;
#4489 = DIRECTION ( 'NONE',  ( 0.000000000000000000, 0.000000000000000000, -1.000000000000000000 ) ) ;
#4490 = CARTESIAN_POINT ( 'NONE',  ( -64.34999999999999432, 0.000000000000000000, 0.000000000000000000 ) ) ;
#4491 = CARTESIAN_POINT ( 'NONE',  ( 69.44999999999998863, -5.500000000000000000, -11.99999999999999822 ) ) ;
#4492 = ORIENTED_EDGE ( 'NONE', *, *, #4433, .F. ) ;
#4493 = EDGE_CURVE ( 'NONE', #428, #2701, #1584, .T. ) ;
#4494 = VERTEX_POINT ( 'NONE', #4556 ) ;
#4495 = LINE ( 'NONE', #2720, #1854 ) ;
#4496 = CARTESIAN_POINT ( 'NONE',  ( -54.14999999999992752, 4.345806406413841749, -5.867089650977403537 ) ) ;
#4497 = CARTESIAN_POINT ( 'NONE',  ( -14.14999999999999503, 3.514575435592331765, -7.941019871310378342 ) ) ;
#4498 = ORIENTED_EDGE ( 'NONE', *, *, #3882, .F. ) ;
#4499 = VERTEX_POINT ( 'NONE', #2810 ) ;
#4500 = DIRECTION ( 'NONE',  ( 0.000000000000000000, 2.775557561562893816E-16, 1.000000000000000000 ) ) ;
#4501 = FACE_OUTER_BOUND ( 'NONE', #3476, .T. ) ;
#4502 = CARTESIAN_POINT ( 'NONE',  ( -65.34999999999999432, 6.399999999999999467, -6.000000000000001776 ) ) ;
#4503 = DIRECTION ( 'NONE',  ( 1.000000000000000000, -9.306807796734695098E-33, -1.204669080539449344E-16 ) ) ;
#4504 = LINE ( 'NONE', #916, #3250 ) ;
#4505 = DIRECTION ( 'NONE',  ( 1.000000000000000000, 0.000000000000000000, 0.000000000000000000 ) ) ;
#4506 = ORIENTED_EDGE ( 'NONE', *, *, #3493, .T. ) ;
#4507 = EDGE_CURVE ( 'NONE', #5009, #2105, #641, .T. ) ;
#4508 = COORDINATED_UNIVERSAL_TIME_OFFSET ( 10, 0, .AHEAD. ) ;
#4509 = ORIENTED_EDGE ( 'NONE', *, *, #5046, .F. ) ;
#4510 = ORIENTED_EDGE ( 'NONE', *, *, #3349, .F. ) ;
#4511 = CARTESIAN_POINT ( 'NONE',  ( 14.14999999999999503, 1.069691888539655356, -10.42399266828605953 ) ) ;
#4512 = DIRECTION ( 'NONE',  ( 0.000000000000000000, 0.000000000000000000, 1.000000000000000000 ) ) ;
#4513 = DIRECTION ( 'NONE',  ( 0.000000000000000000, -0.000000000000000000, 1.000000000000000000 ) ) ;
#4514 = EDGE_CURVE ( 'NONE', #1734, #2508, #204, .T. ) ;
#4515 = ORIENTED_EDGE ( 'NONE', *, *, #486, .T. ) ;
#4516 = ORIENTED_EDGE ( 'NONE', *, *, #260, .T. ) ;
#4517 = DIRECTION ( 'NONE',  ( 0.000000000000000000, 1.084202172485504237E-15, 1.000000000000000000 ) ) ;
#4518 = DIRECTION ( 'NONE',  ( -0.000000000000000000, 1.000000000000000000, 0.000000000000000000 ) ) ;
#4519 = CARTESIAN_POINT ( 'NONE',  ( -14.14999999999999503, 2.665357686397174408, -7.781921404602056391 ) ) ;
#4520 = EDGE_CURVE ( 'NONE', #5172, #5220, #2780, .T. ) ;
#4521 = EDGE_LOOP ( 'NONE', ( #4160, #4538, #3825, #4544 ) ) ;
#4522 = EDGE_LOOP ( 'NONE', ( #3801, #5225, #2194, #1595 ) ) ;
#4523 = VERTEX_POINT ( 'NONE', #5034 ) ;
#4524 = DIRECTION ( 'NONE',  ( -1.000000000000000000, -0.000000000000000000, -0.000000000000000000 ) ) ;
#4525 = DIRECTION ( 'NONE',  ( -1.000000000000000000, -0.000000000000000000, -0.000000000000000000 ) ) ;
#4526 = FACE_BOUND ( 'NONE', #5676, .T. ) ;
#4527 = VECTOR ( 'NONE', #4060, 1000.000000000000000 ) ;
#4528 = CARTESIAN_POINT ( 'NONE',  ( -77.54999999999998295, -3.599999999999999645, -6.899999999999996803 ) ) ;
#4529 = CARTESIAN_POINT ( 'NONE',  ( 54.14999999999999858, -3.285234860469025797, -13.65000000000000213 ) ) ;
#4530 = FACE_OUTER_BOUND ( 'NONE', #5651, .T. ) ;
#4531 = AXIS2_PLACEMENT_3D ( 'NONE', #2501, #4302, #4332 ) ;
#4532 = VECTOR ( 'NONE', #3300, 1000.000000000000000 ) ;
#4533 = EDGE_LOOP ( 'NONE', ( #1449, #1295, #3628, #4000 ) ) ;
#4534 = EDGE_LOOP ( 'NONE', ( #1283, #2078, #1422, #5654 ) ) ;
#4535 = VECTOR ( 'NONE', #3687, 1000.000000000000000 ) ;
#4536 = CARTESIAN_POINT ( 'NONE',  ( 7.149999999999995026, -0.8499999999999999778, -7.650000000000000355 ) ) ;
#4537 = CARTESIAN_POINT ( 'NONE',  ( 65.34999999999999432, 7.399999999999999467, -13.29999999999999893 ) ) ;
#4538 = ORIENTED_EDGE ( 'NONE', *, *, #3019, .F. ) ;
#4539 = CARTESIAN_POINT ( 'NONE',  ( -3.300000000000001155, 0.8499999999999999778, -5.849999999999999645 ) ) ;
#4540 = AXIS2_PLACEMENT_3D ( 'NONE', #4502, #970, #944 ) ;
#4541 = AXIS2_PLACEMENT_3D ( 'NONE', #3971, #2235, #1382 ) ;
#4542 = CARTESIAN_POINT ( 'NONE',  ( -54.15000000000014069, 3.285234860469027129, -13.65000000000000924 ) ) ;
#4543 = ORIENTED_EDGE ( 'NONE', *, *, #2367, .T. ) ;
#4544 = ORIENTED_EDGE ( 'NONE', *, *, #3852, .T. ) ;
#4545 = CARTESIAN_POINT ( 'NONE',  ( 65.34999999999999432, 7.399999999999999467, -5.000000000000000888 ) ) ;
#4546 = VECTOR ( 'NONE', #1540, 1000.000000000000227 ) ;
#4547 = VECTOR ( 'NONE', #5148, 1000.000000000000000 ) ;
#4548 = DIRECTION ( 'NONE',  ( -1.175494350822287289E-31, 1.000000000000000000, -1.084202172485504237E-15 ) ) ;
#4549 = DIRECTION ( 'NONE',  ( 1.000000000000000000, 0.000000000000000000, 1.807003620809174878E-16 ) ) ;
#4550 = FACE_OUTER_BOUND ( 'NONE', #3451, .T. ) ;
#4551 = VECTOR ( 'NONE', #4305, 1000.000000000000000 ) ;
#4552 = ORIENTED_EDGE ( 'NONE', *, *, #2895, .F. ) ;
#4553 = ORIENTED_EDGE ( 'NONE', *, *, #1659, .T. ) ;
#4554 = CARTESIAN_POINT ( 'NONE',  ( -77.54999999999998295, 2.800000000000001599, -11.34999999999999964 ) ) ;
#4555 = CARTESIAN_POINT ( 'NONE',  ( 7.250000000000006217, 5.050000000000000711, 2.850000000000000089 ) ) ;
#4556 = CARTESIAN_POINT ( 'NONE',  ( -12.24999999999999112, 8.050000000000000711, 6.549999999999998934 ) ) ;
#4557 = ORIENTED_EDGE ( 'NONE', *, *, #145, .T. ) ;
#4558 = EDGE_CURVE ( 'NONE', #113, #1990, #814, .T. ) ;
#4559 = ADVANCED_FACE ( 'NONE', ( #5228 ), #3356, .F. ) ;
#4560 = DIRECTION ( 'NONE',  ( 0.000000000000000000, 0.000000000000000000, -1.000000000000000000 ) ) ;
#4561 = CARTESIAN_POINT ( 'NONE',  ( 54.14999999999992752, 1.412677864186189236, -13.64999999999998437 ) ) ;
#4562 = DIRECTION ( 'NONE',  ( -1.000000000000000000, 0.000000000000000000, 1.971276677246372012E-16 ) ) ;
#4563 = ADVANCED_FACE ( 'NONE', ( #5615 ), #2054, .F. ) ;
#4564 = ORIENTED_EDGE ( 'NONE', *, *, #2834, .T. ) ;
#4565 = VERTEX_POINT ( 'NONE', #5708 ) ;
#4566 = CARTESIAN_POINT ( 'NONE',  ( 7.149999999999995026, -0.8499999999999998668, -10.31666666666667176 ) ) ;
#4567 = CARTESIAN_POINT ( 'NONE',  ( -14.14999999999999503, 1.727964020042459303, -11.21598991551932301 ) ) ;
#4568 = CARTESIAN_POINT ( 'NONE',  ( -7.449999999999994849, 8.050000000000000711, 12.84999999999999964 ) ) ;
#4569 = EDGE_CURVE ( 'NONE', #4476, #3984, #2979, .T. ) ;
#4570 = DIRECTION ( 'NONE',  ( -1.000000000000000000, 0.000000000000000000, 0.000000000000000000 ) ) ;
#4571 = VERTEX_POINT ( 'NONE', #3035 ) ;
#4572 = CARTESIAN_POINT ( 'NONE',  ( -14.14999999999999503, 4.593808527201876046, -9.920642124191942912 ) ) ;
#4573 = DIRECTION ( 'NONE',  ( -1.971276677246372012E-16, 0.000000000000000000, 1.000000000000000000 ) ) ;
#4574 = ORIENTED_EDGE ( 'NONE', *, *, #2947, .T. ) ;
#4575 = DIRECTION ( 'NONE',  ( 0.000000000000000000, -0.000000000000000000, 1.000000000000000000 ) ) ;
#4576 = FACE_OUTER_BOUND ( 'NONE', #5735, .T. ) ;
#4577 = ORIENTED_EDGE ( 'NONE', *, *, #3712, .T. ) ;
#4578 = EDGE_LOOP ( 'NONE', ( #1460, #2802, #1448, #1959 ) ) ;
#4579 = EDGE_CURVE ( 'NONE', #5765, #2711, #2942, .T. ) ;
#4580 = ORIENTED_EDGE ( 'NONE', *, *, #1898, .T. ) ;
#4581 = VERTEX_POINT ( 'NONE', #2108 ) ;
#4582 = VERTEX_POINT ( 'NONE', #4794 ) ;
#4583 = CARTESIAN_POINT ( 'NONE',  ( 11.28121954003864680, 0.8499999999999998668, -3.000000000000000000 ) ) ;
#4584 = B_SPLINE_SURFACE_WITH_KNOTS ( 'NONE', 3, 1, ( 
 ( #3913, #5686 ),
 ( #1257, #1613 ),
 ( #1699, #3384 ),
 ( #3448, #2475 ),
 ( #3474, #4380 ),
 ( #5164, #4285 ),
 ( #2174, #2943 ),
 ( #2055, #1292 ),
 ( #5652, #1207 ),
 ( #1673, #5229 ),
 ( #4733, #3072 ),
 ( #1232, #3413 ),
 ( #3007, #729 ),
 ( #2980, #5433 ),
 ( #2320, #1057 ),
 ( #3768, #206 ),
 ( #4561, #610 ),
 ( #1445, #4651 ),
 ( #2374, #2785 ),
 ( #2406, #3221 ),
 ( #4529, #1082 ),
 ( #4173, #2001 ),
 ( #185, #1479 ),
 ( #4588, #1034 ),
 ( #5533, #1526 ),
 ( #553, #1976 ),
 ( #3745, #1556 ),
 ( #5120, #2433 ),
 ( #2813, #4117 ),
 ( #5066, #1505 ) ),
 .UNSPECIFIED., .T., .F., .F.,
 ( 4, 1, 1, 1, 2, 1, 1, 1, 1, 1, 1, 1, 2, 1, 1, 1, 2, 1, 1, 1, 1, 1, 1, 1, 4 ),
 ( 2, 2 ),
 ( 0.000000000000000000, 0.03612190552848214276, 0.07224381105696428551, 0.1083657165854464283, 0.1444876221139285710, 0.1889266693496874927, 0.2333657165854463866, 0.2778047638212053361, 0.3222438110569642022, 0.3666828582927231794, 0.4111219055284821566, 0.4555609527642410228, 0.5000000000000000000, 0.5361219055284822677, 0.5722438110569643133, 0.6083657165854463589, 0.6444876221139285155, 0.6889266693496874927, 0.7333657165854463589, 0.7778047638212053361, 0.8222438110569643133, 0.8666828582927231794, 0.9111219055284820456, 0.9555609527642410228, 1.000000000000000000 ),
 ( 0.000000000000000000, 1.000000000000000000 ),
 .UNSPECIFIED. ) ;
#4585 = DIRECTION ( 'NONE',  ( 1.000000000000000000, 0.000000000000000000, 0.000000000000000000 ) ) ;
#4586 = CARTESIAN_POINT ( 'NONE',  ( 14.15000000000000568, -0.8499999999999999778, -12.94999999999999929 ) ) ;
#4587 = DIRECTION ( 'NONE',  ( 0.000000000000000000, 0.000000000000000000, 1.000000000000000000 ) ) ;
#4588 = CARTESIAN_POINT ( 'NONE',  ( 54.14999999999989200, -6.546618184993082679, -11.20382242968050335 ) ) ;
#4589 = DIRECTION ( 'NONE',  ( 0.000000000000000000, -1.172110456741086074E-16, -1.000000000000000000 ) ) ;
#4590 = EDGE_CURVE ( 'NONE', #1719, #96, #4312, .T. ) ;
#4591 = VERTEX_POINT ( 'NONE', #1672 ) ;
#4592 = CARTESIAN_POINT ( 'NONE',  ( 65.34999999999999432, 6.399999999999999467, -6.000000000000000888 ) ) ;
#4593 = CARTESIAN_POINT ( 'NONE',  ( -14.14999999999999503, 0.8499999999999999778, 12.94999999999999929 ) ) ;
#4594 = PLANE ( 'NONE',  #2396 ) ;
#4595 = DIRECTION ( 'NONE',  ( -1.000000000000000000, -0.000000000000000000, 1.084202172485504557E-16 ) ) ;
#4596 = DIRECTION ( 'NONE',  ( 0.000000000000000000, 0.000000000000000000, -1.000000000000000000 ) ) ;
#4597 = ORIENTED_EDGE ( 'NONE', *, *, #4486, .T. ) ;
#4598 = ADVANCED_FACE ( 'NONE', ( #2913 ), #5007, .F. ) ;
#4599 = LINE ( 'NONE', #1068, #5367 ) ;
#4600 = CARTESIAN_POINT ( 'NONE',  ( -65.34999999999999432, -5.500000000000000000, -7.299999999999998046 ) ) ;
#4601 = CARTESIAN_POINT ( 'NONE',  ( -64.34999999999996589, -7.152246326680236521, -7.804090313690934089 ) ) ;
#4602 = DIRECTION ( 'NONE',  ( 0.000000000000000000, 0.000000000000000000, -1.000000000000000000 ) ) ;
#4603 = ORIENTED_EDGE ( 'NONE', *, *, #2253, .T. ) ;
#4604 = EDGE_LOOP ( 'NONE', ( #2886, #4670, #1788, #2544 ) ) ;
#4605 = ORIENTED_EDGE ( 'NONE', *, *, #3680, .F. ) ;
#4606 = EDGE_CURVE ( 'NONE', #1716, #96, #380, .T. ) ;
#4607 = FACE_OUTER_BOUND ( 'NONE', #668, .T. ) ;
#4608 = DIRECTION ( 'NONE',  ( 1.000000000000000000, 0.000000000000000000, -0.000000000000000000 ) ) ;
#4609 = CARTESIAN_POINT ( 'NONE',  ( -70.54999999999996874, 2.800000000000001599, -11.34999999999999964 ) ) ;
#4610 = CARTESIAN_POINT ( 'NONE',  ( -54.14999999999999858, 2.750000000000000000, -11.50000000000000178 ) ) ;
#4611 = DIRECTION ( 'NONE',  ( -1.000000000000000000, -0.000000000000000000, -0.000000000000000000 ) ) ;
#4612 = CARTESIAN_POINT ( 'NONE',  ( 12.14999999999999503, 0.8499999999999999778, -11.65000000000000036 ) ) ;
#4613 = EDGE_CURVE ( 'NONE', #1635, #2634, #261, .T. ) ;
#4614 = VECTOR ( 'NONE', #2072, 1000.000000000000000 ) ;
#4615 = EDGE_CURVE ( 'NONE', #777, #1668, #5180, .T. ) ;
#4616 = CARTESIAN_POINT ( 'NONE',  ( 14.14999999999999503, -4.475598650147010638, -10.35369477970231955 ) ) ;
#4617 = AXIS2_PLACEMENT_3D ( 'NONE', #5432, #2343, #4138 ) ;
#4618 = DIRECTION ( 'NONE',  ( 1.000000000000000000, -0.000000000000000000, -0.000000000000000000 ) ) ;
#4619 = EDGE_CURVE ( 'NONE', #1134, #905, #3499, .T. ) ;
#4620 = CARTESIAN_POINT ( 'NONE',  ( 7.149999999999995026, 0.8499999999999998668, -10.31666666666667176 ) ) ;
#4621 = DIRECTION ( 'NONE',  ( -1.000000000000000000, -0.000000000000000000, -0.000000000000000000 ) ) ;
#4622 = VECTOR ( 'NONE', #2141, 1000.000000000000000 ) ;
#4623 = VECTOR ( 'NONE', #1715, 1000.000000000000000 ) ;
#4624 = DIRECTION ( 'NONE',  ( 0.000000000000000000, 0.000000000000000000, 1.000000000000000000 ) ) ;
#4625 = ORIENTED_EDGE ( 'NONE', *, *, #5253, .F. ) ;
#4626 = B_SPLINE_SURFACE_WITH_KNOTS ( 'NONE', 3, 1, ( 
 ( #2083, #1208 ),
 ( #5288, #1293 ),
 ( #3968, #1761 ),
 ( #2945, #1258 ),
 ( #408, #844 ),
 ( #5200, #817 ),
 ( #3850, #3073 ),
 ( #784, #3414 ),
 ( #2608, #4314 ),
 ( #5165, #4861 ) ),
 .UNSPECIFIED., .F., .F., .F.,
 ( 4, 2, 2, 2, 4 ),
 ( 2, 2 ),
 ( 0.000000000000000000, 0.2499999999999999445, 0.4999999999999998890, 0.7499999999999997780, 1.000000000000000000 ),
 ( 0.000000000000000000, 1.000000000000000000 ),
 .UNSPECIFIED. ) ;
#4627 = DIRECTION ( 'NONE',  ( -0.000000000000000000, 1.000000000000000000, -0.000000000000000000 ) ) ;
#4628 = ORIENTED_EDGE ( 'NONE', *, *, #322, .T. ) ;
#4629 = LINE ( 'NONE', #2882, #1929 ) ;
#4630 = EDGE_CURVE ( 'NONE', #1605, #1074, #2255, .T. ) ;
#4631 = AXIS2_PLACEMENT_3D ( 'NONE', #1834, #130, #50 ) ;
#4632 = CIRCLE ( 'NONE', #5287, 2.000000000000000000 ) ;
#4633 = CARTESIAN_POINT ( 'NONE',  ( -64.34999999999996589, -4.546899923333082683, -5.231844643362119740 ) ) ;
#4634 = FACE_BOUND ( 'NONE', #2796, .T. ) ;
#4635 = ORIENTED_EDGE ( 'NONE', *, *, #486, .F. ) ;
#4636 = AXIS2_PLACEMENT_3D ( 'NONE', #2771, #1023, #1493 ) ;
#4637 = VERTEX_POINT ( 'NONE', #2278 ) ;
#4638 = VECTOR ( 'NONE', #1791, 1000.000000000000000 ) ;
#4639 = EDGE_LOOP ( 'NONE', ( #688, #12, #785, #5623 ) ) ;
#4640 = EDGE_LOOP ( 'NONE', ( #836, #2909, #403, #3379, #4907, #912, #2937, #3649, #950, #3690, #23, #5642 ) ) ;
#4641 = CARTESIAN_POINT ( 'NONE',  ( 14.15000000000000568, 1.126636265653778057, -2.381360584368213740 ) ) ;
#4642 = EDGE_CURVE ( 'NONE', #118, #2565, #32, .T. ) ;
#4643 = LINE ( 'NONE', #4555, #711 ) ;
#4644 = VECTOR ( 'NONE', #280, 1000.000000000000000 ) ;
#4645 = VECTOR ( 'NONE', #876, 1000.000000000000000 ) ;
#4646 = LINE ( 'NONE', #2341, #169 ) ;
#4647 = EDGE_CURVE ( 'NONE', #60, #847, #3540, .T. ) ;
#4648 = EDGE_CURVE ( 'NONE', #3233, #2751, #228, .T. ) ;
#4649 = AXIS2_PLACEMENT_3D ( 'NONE', #2615, #295, #1241 ) ;
#4650 = DIRECTION ( 'NONE',  ( 1.000000000000000000, 0.000000000000000000, 0.000000000000000000 ) ) ;
#4651 = CARTESIAN_POINT ( 'NONE',  ( 64.35000000000005116, -3.903127820947815962E-15, -14.30000000000002203 ) ) ;
#4652 = FACE_OUTER_BOUND ( 'NONE', #2636, .T. ) ;
#4653 = VECTOR ( 'NONE', #1774, 1000.000000000000000 ) ;
#4654 = EDGE_CURVE ( 'NONE', #459, #1209, #5317, .T. ) ;
#4655 = EDGE_LOOP ( 'NONE', ( #5725, #2280, #5610, #3415 ) ) ;
#4656 = CARTESIAN_POINT ( 'NONE',  ( 14.14999999999999503, 1.985424564407667791, -11.35898012868962859 ) ) ;
#4657 = CARTESIAN_POINT ( 'NONE',  ( -0.7499999999999928946, 5.050000000000000711, 10.84999999999999964 ) ) ;
#4658 = LINE ( 'NONE', #3622, #358 ) ;
#4659 = EDGE_CURVE ( 'NONE', #5765, #3149, #2226, .T. ) ;
#4660 = CARTESIAN_POINT ( 'NONE',  ( -8.649999999999995026, 7.249999999999999112, 12.05000000000000071 ) ) ;
#4661 = CARTESIAN_POINT ( 'NONE',  ( -7.149999999999995914, -0.8499999999999999778, -11.65000000000000036 ) ) ;
#4662 = ORIENTED_EDGE ( 'NONE', *, *, #1994, .T. ) ;
#4663 = CARTESIAN_POINT ( 'NONE',  ( -14.14999999999999503, 4.475598650147010638, -10.35369477970231955 ) ) ;
#4665 = EDGE_CURVE ( 'NONE', #2067, #5271, #1288, .T. ) ;
#4664 = CARTESIAN_POINT ( 'NONE',  ( 14.14999999999999503, 0.9867730723459047226, -10.24397912920230702 ) ) ;
#4666 = LINE ( 'NONE', #5580, #4346 ) ;
#4667 = CARTESIAN_POINT ( 'NONE',  ( -69.44999999999998863, -6.299999999999998934, -8.499999999999998224 ) ) ;
#4668 = EDGE_CURVE ( 'NONE', #3535, #3068, #1482, .T. ) ;
#4669 = VERTEX_POINT ( 'NONE', #1317 ) ;
#4670 = ORIENTED_EDGE ( 'NONE', *, *, #669, .T. ) ;
#4671 = ORIENTED_EDGE ( 'NONE', *, *, #878, .F. ) ;
#4672 = ORIENTED_EDGE ( 'NONE', *, *, #430, .T. ) ;
#4673 = CARTESIAN_POINT ( 'NONE',  ( 78.44999999999997442, 6.200000000000000178, -12.40000000000000213 ) ) ;
#4674 = FACE_OUTER_BOUND ( 'NONE', #4887, .T. ) ;
#4675 = CARTESIAN_POINT ( 'NONE',  ( 36.14999999999999858, 1.449999999999999956, 0.000000000000000000 ) ) ;
#4676 = EDGE_LOOP ( 'NONE', ( #3630, #677, #3592, #1483 ) ) ;
#4677 = CARTESIAN_POINT ( 'NONE',  ( -14.04999999999999716, 7.249999999999999112, -2.350000000000000089 ) ) ;
#4678 = CARTESIAN_POINT ( 'NONE',  ( -13.04999999999999538, 4.750000000000000000, -0.8000000000000021538 ) ) ;
#4679 = FACE_OUTER_BOUND ( 'NONE', #2601, .T. ) ;
#4680 = CARTESIAN_POINT ( 'NONE',  ( -14.14999999999999503, 0.9867730723459047226, -10.24397912920230702 ) ) ;
#4681 = DIRECTION ( 'NONE',  ( 0.000000000000000000, 1.000000000000000000, 0.000000000000000000 ) ) ;
#4682 = PLANE ( 'NONE',  #2781 ) ;
#4683 = EDGE_LOOP ( 'NONE', ( #5559, #5754, #3657, #3158 ) ) ;
#4684 = CARTESIAN_POINT ( 'NONE',  ( 78.44999999999997442, -6.299999999999998934, -8.499999999999998224 ) ) ;
#4685 = CARTESIAN_POINT ( 'NONE',  ( 64.34999999999999432, 7.400048621300935103, -9.650553341058008883 ) ) ;
#4686 = VERTEX_POINT ( 'NONE', #3564 ) ;
#4687 = LINE ( 'NONE', #5246, #887 ) ;
#4688 = CARTESIAN_POINT ( 'NONE',  ( 13.15000000000000568, 0.8499999999999999778, 1.000000000000000000 ) ) ;
#4689 = DIRECTION ( 'NONE',  ( 1.000000000000000000, -0.000000000000000000, -0.000000000000000000 ) ) ;
#4690 = CARTESIAN_POINT ( 'NONE',  ( -14.04999999999999716, 0.8499999999999999778, -3.149999999999999911 ) ) ;
#4691 = ORIENTED_EDGE ( 'NONE', *, *, #2972, .F. ) ;
#4692 = EDGE_LOOP ( 'NONE', ( #1657, #4691, #4086, #5074 ) ) ;
#4693 = ORIENTED_EDGE ( 'NONE', *, *, #3210, .F. ) ;
#4694 = DIRECTION ( 'NONE',  ( 0.000000000000000000, 0.000000000000000000, -1.000000000000000000 ) ) ;
#4695 = EDGE_CURVE ( 'NONE', #1227, #4120, #3071, .T. ) ;
#4696 = FACE_OUTER_BOUND ( 'NONE', #5402, .T. ) ;
#4697 = CARTESIAN_POINT ( 'NONE',  ( -7.566666666666660213, -0.8499999999999998668, -7.650000000000000355 ) ) ;
#4698 = ADVANCED_FACE ( 'NONE', ( #1376 ), #5285, .F. ) ;
#4699 = ORIENTED_EDGE ( 'NONE', *, *, #3852, .F. ) ;
#4700 = DIRECTION ( 'NONE',  ( 1.000000000000000000, -0.000000000000000000, -0.000000000000000000 ) ) ;
#4701 = CARTESIAN_POINT ( 'NONE',  ( 65.34999999999999432, 7.000000000000000000, -5.800000000000000711 ) ) ;
#4702 = CARTESIAN_POINT ( 'NONE',  ( -54.14999999999999858, 1.412677864186193011, -5.649999999999990585 ) ) ;
#4703 = CARTESIAN_POINT ( 'NONE',  ( -14.14999999999999503, 1.695983578023231741, -8.129621960759990884 ) ) ;
#4704 = CARTESIAN_POINT ( 'NONE',  ( 16.15000000000000568, 1.449999999999999956, 0.000000000000000000 ) ) ;
#4705 = CARTESIAN_POINT ( 'NONE',  ( 69.44999999999998863, -3.599999999999999645, -6.899999999999996803 ) ) ;
#4706 = CARTESIAN_POINT ( 'NONE',  ( 9.856325337947215104, 0.8499999999999998668, 2.833333333333332593 ) ) ;
#4707 = EDGE_CURVE ( 'NONE', #5680, #2535, #434, .T. ) ;
#4708 = AXIS2_PLACEMENT_3D ( 'NONE', #704, #2521, #2004 ) ;
#4709 = CARTESIAN_POINT ( 'NONE',  ( 14.14999999999999325, 1.890096436089886867, -7.995051390258080204 ) ) ;
#4710 = EDGE_CURVE ( 'NONE', #82, #4278, #627, .T. ) ;
#4711 = ADVANCED_FACE ( 'NONE', ( #1345 ), #3890, .T. ) ;
#4712 = LINE ( 'NONE', #652, #2705 ) ;
#4713 = VERTEX_POINT ( 'NONE', #3704 ) ;
#4714 = AXIS2_PLACEMENT_3D ( 'NONE', #2432, #1643, #1118 ) ;
#4715 = LINE ( 'NONE', #5673, #1263 ) ;
#4716 = DIRECTION ( 'NONE',  ( 0.000000000000000000, 0.000000000000000000, 1.000000000000000000 ) ) ;
#4717 = ORIENTED_EDGE ( 'NONE', *, *, #1529, .T. ) ;
#4718 = CARTESIAN_POINT ( 'NONE',  ( 14.15000000000000568, 1.773363734346221410, -1.618639415631784928 ) ) ;
#4719 = AXIS2_PLACEMENT_3D ( 'NONE', #4657, #1485, #3725 ) ;
#4720 = CARTESIAN_POINT ( 'NONE',  ( -69.44999999999998863, -5.500000000000000000, -7.299999999999998046 ) ) ;
#4721 = VERTEX_POINT ( 'NONE', #4992 ) ;
#4722 = ORIENTED_EDGE ( 'NONE', *, *, #2556, .F. ) ;
#4723 = ORIENTED_EDGE ( 'NONE', *, *, #4273, .T. ) ;
#4724 = VECTOR ( 'NONE', #5084, 1000.000000000000000 ) ;
#4725 = DIRECTION ( 'NONE',  ( 1.000000000000000000, 0.000000000000000000, 0.000000000000000000 ) ) ;
#4726 = B_SPLINE_SURFACE_WITH_KNOTS ( 'NONE', 3, 1, ( 
 ( #5071, #4968 ),
 ( #1092, #2819 ),
 ( #1064, #2842 ),
 ( #2875, #4620 ),
 ( #2437, #2960 ),
 ( #1652, #2991 ),
 ( #5269, #708 ),
 ( #3429, #5241 ),
 ( #3485, #4363 ),
 ( #1267, #2586 ) ),
 .UNSPECIFIED., .F., .F., .F.,
 ( 4, 2, 2, 2, 4 ),
 ( 2, 2 ),
 ( 0.000000000000000000, 0.2500000000000000000, 0.5000000000000000000, 0.7500000000000000000, 1.000000000000000000 ),
 ( 0.000000000000000000, 1.000000000000000000 ),
 .UNSPECIFIED. ) ;
#4727 = FACE_BOUND ( 'NONE', #4855, .T. ) ;
#4728 = EDGE_CURVE ( 'NONE', #4271, #1481, #2424, .T. ) ;
#4729 = DIRECTION ( 'NONE',  ( 0.000000000000000000, 0.000000000000000000, 1.000000000000000000 ) ) ;
#4730 = AXIS2_PLACEMENT_3D ( 'NONE', #5553, #4689, #4758 ) ;
#4731 = VECTOR ( 'NONE', #3299, 1000.000000000000000 ) ;
#4732 = EDGE_CURVE ( 'NONE', #488, #2323, #1463, .T. ) ;
#4733 = CARTESIAN_POINT ( 'NONE',  ( 54.14999999999992042, 6.851864535865274775, -9.650000000000005684 ) ) ;
#4734 = LINE ( 'NONE', #730, #5304 ) ;
#4735 = APPROVAL ( #5305, 'Coincident' ) ;
#4736 = ORIENTED_EDGE ( 'NONE', *, *, #268, .F. ) ;
#4737 = CARTESIAN_POINT ( 'NONE',  ( -8.816666666666664653, -0.8499999999999998668, -11.65000000000000036 ) ) ;
#4738 = CIRCLE ( 'NONE', #721, 1.000000000000000888 ) ;
#4739 = CARTESIAN_POINT ( 'NONE',  ( -14.14999999999999503, -1.069662283923977553, -10.42400621329945842 ) ) ;
#4740 = VECTOR ( 'NONE', #1821, 1000.000000000000000 ) ;
#4741 = CARTESIAN_POINT ( 'NONE',  ( -54.14999999999999858, 2.314938844950380936, -13.65000000000000213 ) ) ;
#4742 = EDGE_LOOP ( 'NONE', ( #5158, #4771, #4900, #2644 ) ) ;
#4743 = AXIS2_PLACEMENT_3D ( 'NONE', #3016, #4323, #328 ) ;
#4744 = ADVANCED_FACE ( 'NONE', ( #989 ), #1517, .F. ) ;
#4745 = VERTEX_POINT ( 'NONE', #545 ) ;
#4746 = CARTESIAN_POINT ( 'NONE',  ( -14.14999999999999503, 0.9061914727981216222, -9.379357875808056022 ) ) ;
#4747 = FACE_OUTER_BOUND ( 'NONE', #2865, .T. ) ;
#4748 = CARTESIAN_POINT ( 'NONE',  ( -13.04999999999999538, 4.750000000000000000, -0.8000000000000021538 ) ) ;
#4749 = CARTESIAN_POINT ( 'NONE',  ( 14.15000000000000568, 1.470115514029999515, 2.499595202234077718 ) ) ;
#4750 = APPROVAL_PERSON_ORGANIZATION ( #5671, #4735, #4845 ) ;
#4751 = LINE ( 'NONE', #1594, #621 ) ;
#4752 = CARTESIAN_POINT ( 'NONE',  ( 64.34999999999998010, 1.339215079511145934, -5.000000000000000888 ) ) ;
#4753 = ORIENTED_EDGE ( 'NONE', *, *, #4306, .F. ) ;
#4754 = ORIENTED_EDGE ( 'NONE', *, *, #3365, .F. ) ;
#4755 = DIRECTION ( 'NONE',  ( 0.000000000000000000, 0.000000000000000000, 1.000000000000000000 ) ) ;
#4756 = ADVANCED_FACE ( 'NONE', ( #4634, #3240 ), #5478, .T. ) ;
#4757 = LINE ( 'NONE', #2998, #339 ) ;
#4758 = DIRECTION ( 'NONE',  ( 0.000000000000000000, 0.000000000000000000, -1.000000000000000000 ) ) ;
#4759 = ORIENTED_EDGE ( 'NONE', *, *, #4175, .T. ) ;
#4760 = CARTESIAN_POINT ( 'NONE',  ( -14.14999999999999503, -0.8877947818398186364, -9.606518102227388667 ) ) ;
#4761 = ORIENTED_EDGE ( 'NONE', *, *, #1115, .F. ) ;
#4762 = ORIENTED_EDGE ( 'NONE', *, *, #3241, .F. ) ;
#4763 = FACE_OUTER_BOUND ( 'NONE', #2025, .T. ) ;
#4764 = EDGE_CURVE ( 'NONE', #2879, #2304, #5502, .T. ) ;
#4765 = CARTESIAN_POINT ( 'NONE',  ( -54.14999999999999858, 2.750000000000000000, -9.650000000000000355 ) ) ;
#4766 = CARTESIAN_POINT ( 'NONE',  ( -14.14999999999999503, -2.665357686397174408, -7.781921404602056391 ) ) ;
#4767 = DIRECTION ( 'NONE',  ( 0.000000000000000000, 0.000000000000000000, -1.000000000000000000 ) ) ;
#4768 = DIRECTION ( 'NONE',  ( 0.000000000000000000, 0.000000000000000000, -1.000000000000000000 ) ) ;
#4769 = ORIENTED_EDGE ( 'NONE', *, *, #2031, .T. ) ;
#4770 = ORIENTED_EDGE ( 'NONE', *, *, #3205, .F. ) ;
#4771 = ORIENTED_EDGE ( 'NONE', *, *, #904, .T. ) ;
#4772 = CARTESIAN_POINT ( 'NONE',  ( -11.31666666666666465, -0.8499999999999998668, -11.65000000000000036 ) ) ;
#4773 = DIRECTION ( 'NONE',  ( 1.000000000000000000, -0.000000000000000000, -0.000000000000000000 ) ) ;
#4774 = CARTESIAN_POINT ( 'NONE',  ( -64.34999999999999432, -2.265764042632205655, -14.30000000000000071 ) ) ;
#4775 = ADVANCED_FACE ( 'NONE', ( #4550 ), #1048, .F. ) ;
#4776 = EDGE_CURVE ( 'NONE', #5727, #2921, #101, .T. ) ;
#4777 = CARTESIAN_POINT ( 'NONE',  ( 69.44999999999998863, -2.899999999999999467, -9.649999999999998579 ) ) ;
#4778 = CARTESIAN_POINT ( 'NONE',  ( -14.04999999999999716, 6.200000000000000178, 0.05000000000000003053 ) ) ;
#4779 = DIRECTION ( 'NONE',  ( 0.000000000000000000, 0.000000000000000000, 1.000000000000000000 ) ) ;
#4780 = CARTESIAN_POINT ( 'NONE',  ( 64.34999999999996589, 7.400231650700922259, -9.034881226078701033 ) ) ;
#4781 = CARTESIAN_POINT ( 'NONE',  ( 77.44999999999998863, 2.800000000000001599, -7.949999999999998401 ) ) ;
#4782 = EDGE_CURVE ( 'NONE', #5050, #35, #5523, .T. ) ;
#4783 = CARTESIAN_POINT ( 'NONE',  ( -14.14999999999999325, -1.890096436089886867, -7.995051390258080204 ) ) ;
#4784 = ORIENTED_EDGE ( 'NONE', *, *, #4520, .T. ) ;
#4785 = B_SPLINE_SURFACE_WITH_KNOTS ( 'NONE', 3, 1, ( 
 ( #2124, #3897 ),
 ( #1686, #3460 ),
 ( #793, #1773 ),
 ( #526, #496 ),
 ( #3663, #973 ),
 ( #5355, #2676 ),
 ( #3604, #44 ),
 ( #2321, #3638 ),
 ( #5384, #4096 ),
 ( #104, #5409 ) ),
 .UNSPECIFIED., .F., .F., .F.,
 ( 4, 2, 2, 2, 4 ),
 ( 2, 2 ),
 ( 0.000000000000000000, 0.2500000000000000000, 0.5000000000000000000, 0.7500000000000000000, 1.000000000000000000 ),
 ( 0.000000000000000000, 1.000000000000000000 ),
 .UNSPECIFIED. ) ;
#4786 = LINE ( 'NONE', #371, #5629 ) ;
#4787 = DIRECTION ( 'NONE',  ( 0.000000000000000000, 0.000000000000000000, 1.000000000000000000 ) ) ;
#4788 = DIRECTION ( 'NONE',  ( 0.000000000000000000, 1.000000000000000000, -1.770125995894701202E-16 ) ) ;
#4789 = DIRECTION ( 'NONE',  ( 0.000000000000000000, 0.000000000000000000, 1.000000000000000000 ) ) ;
#4790 = ORIENTED_EDGE ( 'NONE', *, *, #5668, .T. ) ;
#4791 = VERTEX_POINT ( 'NONE', #2335 ) ;
#4792 = CARTESIAN_POINT ( 'NONE',  ( 16.15000000000000568, 1.450000000000000622, -5.500000000000000000 ) ) ;
#4793 = LINE ( 'NONE', #4282, #2299 ) ;
#4794 = CARTESIAN_POINT ( 'NONE',  ( -13.04999999999999538, 4.750000000000000000, -0.8000000000000021538 ) ) ;
#4795 = ORIENTED_EDGE ( 'NONE', *, *, #4018, .T. ) ;
#4796 = ORIENTED_EDGE ( 'NONE', *, *, #3028, .T. ) ;
#4797 = FACE_OUTER_BOUND ( 'NONE', #91, .T. ) ;
#4798 = FACE_OUTER_BOUND ( 'NONE', #5419, .T. ) ;
#4799 = ORIENTED_EDGE ( 'NONE', *, *, #2422, .F. ) ;
#4800 = ORIENTED_EDGE ( 'NONE', *, *, #1150, .T. ) ;
#4801 = CARTESIAN_POINT ( 'NONE',  ( 54.14999999999999147, -2.314938844950380492, -5.649999999999997691 ) ) ;
#4802 = CARTESIAN_POINT ( 'NONE',  ( -77.54999999999998295, 2.800000000000001599, -9.649999999999998579 ) ) ;
#4803 = CARTESIAN_POINT ( 'NONE',  ( -64.34999999999999432, 3.345732259861896374, -5.000000000000002665 ) ) ;
#4804 = CARTESIAN_POINT ( 'NONE',  ( -14.14999999999999680, 1.378730829410057979, -8.389317719738045298 ) ) ;
#4805 = FACE_OUTER_BOUND ( 'NONE', #4914, .T. ) ;
#4806 = LINE ( 'NONE', #3393, #5461 ) ;
#4807 = PLANE ( 'NONE',  #2872 ) ;
#4808 = CARTESIAN_POINT ( 'NONE',  ( 64.34999999999998010, 3.345732259861896818, -14.30000000000000249 ) ) ;
#4809 = ORIENTED_EDGE ( 'NONE', *, *, #2159, .T. ) ;
#4810 = EDGE_CURVE ( 'NONE', #459, #5424, #2801, .T. ) ;
#4811 = CARTESIAN_POINT ( 'NONE',  ( 64.34999999999995168, -4.546899923333082683, -5.231844643362121516 ) ) ;
#4812 = VECTOR ( 'NONE', #1986, 1000.000000000000000 ) ;
#4813 = PLANE ( 'NONE',  #4822 ) ;
#4814 = DIRECTION ( 'NONE',  ( 0.000000000000000000, -1.000000000000000000, 2.775557561562893816E-16 ) ) ;
#4815 = CARTESIAN_POINT ( 'NONE',  ( 65.34999999999999432, -5.499999999999988454, -5.799999999999998046 ) ) ;
#4816 = AXIS2_PLACEMENT_3D ( 'NONE', #1444, #3193, #5488 ) ;
#4817 = ORIENTED_EDGE ( 'NONE', *, *, #5605, .T. ) ;
#4818 = ADVANCED_FACE ( 'NONE', ( #2884 ), #5079, .F. ) ;
#4819 = VERTEX_POINT ( 'NONE', #2362 ) ;
#4820 = VERTEX_POINT ( 'NONE', #4667 ) ;
#4821 = CARTESIAN_POINT ( 'NONE',  ( -70.54999999999996874, 2.800000000000001599, -7.949999999999998401 ) ) ;
#4822 = AXIS2_PLACEMENT_3D ( 'NONE', #4369, #2164, #3057 ) ;
#4823 = CARTESIAN_POINT ( 'NONE',  ( -64.34999999999999432, 2.059984127722458425E-15, -4.999999999999999112 ) ) ;
#4824 = DIRECTION ( 'NONE',  ( 0.8993215372809394426, 0.3804056259511411353, 0.2156671795321863927 ) ) ;
#4825 = VECTOR ( 'NONE', #1972, 1000.000000000000000 ) ;
#4826 = CARTESIAN_POINT ( 'NONE',  ( 64.34999999999999432, 6.399999999999999467, -14.30000000000000071 ) ) ;
#4827 = CIRCLE ( 'NONE', #3616, 1.700000000000000178 ) ;
#4828 = CARTESIAN_POINT ( 'NONE',  ( 13.15000000000000391, 0.8499999999999998668, -2.666666666666666963 ) ) ;
#4829 = VERTEX_POINT ( 'NONE', #570 ) ;
#4830 = CARTESIAN_POINT ( 'NONE',  ( 54.14999999999992042, 6.851864535865274775, -9.650000000000005684 ) ) ;
#4831 = CARTESIAN_POINT ( 'NONE',  ( -12.24999999999999289, 7.249999999999999112, 3.149999999999999023 ) ) ;
#4832 = CARTESIAN_POINT ( 'NONE',  ( 14.14999999999999503, 2.912473957942238290, -7.800713461668714821 ) ) ;
#4833 = EDGE_CURVE ( 'NONE', #3762, #532, #657, .T. ) ;
#4834 = AXIS2_PLACEMENT_3D ( 'NONE', #3646, #1016, #2762 ) ;
#4835 = CIRCLE ( 'NONE', #3620, 4.649999999999999467 ) ;
#4836 = ORIENTED_EDGE ( 'NONE', *, *, #1768, .F. ) ;
#4837 = VECTOR ( 'NONE', #4196, 1000.000000000000000 ) ;
#4838 = AXIS2_PLACEMENT_3D ( 'NONE', #231, #4589, #5459 ) ;
#4839 = CARTESIAN_POINT ( 'NONE',  ( -3.299999999999999822, 0.8499999999999999778, -12.44999999999999929 ) ) ;
#4840 = LINE ( 'NONE', #3830, #5480 ) ;
#4841 = DIRECTION ( 'NONE',  ( 0.000000000000000000, 0.000000000000000000, 1.000000000000000000 ) ) ;
#4842 = DIRECTION ( 'NONE',  ( 1.000000000000000000, 0.000000000000000000, 0.000000000000000000 ) ) ;
#4843 = ORIENTED_EDGE ( 'NONE', *, *, #4613, .T. ) ;
#4844 = CIRCLE ( 'NONE', #4262, 1.000000000000000888 ) ;
#4845 = APPROVAL_ROLE ( '' ) ;
#4846 = ORIENTED_EDGE ( 'NONE', *, *, #2922, .T. ) ;
#4847 = CARTESIAN_POINT ( 'NONE',  ( 14.14999999999999503, 0.9061914727981216222, -9.379357875808056022 ) ) ;
#4848 = CC_DESIGN_SECURITY_CLASSIFICATION ( #3906, ( #5214 ) ) ;
#4849 = CARTESIAN_POINT ( 'NONE',  ( -14.14999999999999503, -2.870041596612643353, -11.49951578919159978 ) ) ;
#4850 = LINE ( 'NONE', #1249, #5379 ) ;
#4851 = CARTESIAN_POINT ( 'NONE',  ( -7.449999999999996625, 8.050000000000000711, -3.149999999999999911 ) ) ;
#4852 = EDGE_CURVE ( 'NONE', #759, #4978, #2827, .T. ) ;
#4853 = ORIENTED_EDGE ( 'NONE', *, *, #4081, .T. ) ;
#4854 = EDGE_CURVE ( 'NONE', #3743, #991, #1433, .T. ) ;
#4855 = EDGE_LOOP ( 'NONE', ( #1812, #3143 ) ) ;
#4856 = CARTESIAN_POINT ( 'NONE',  ( 14.14999986388776243, 0.9617105749684498051, -1.881075073254050434 ) ) ;
#4857 = CARTESIAN_POINT ( 'NONE',  ( -54.14999999999999858, 3.285234860469026241, -13.65000000000000036 ) ) ;
#4858 = CARTESIAN_POINT ( 'NONE',  ( -11.73333333333332895, 0.8499999999999998668, -7.650000000000000355 ) ) ;
#4859 = ADVANCED_FACE ( 'NONE', ( #117 ), #3267, .T. ) ;
#4860 = CARTESIAN_POINT ( 'NONE',  ( -64.34999999999999432, -2.750000000000000000, -5.000000000000000000 ) ) ;
#4861 = CARTESIAN_POINT ( 'NONE',  ( 12.14999999999999503, -0.8499999999999999778, -7.650000000000000355 ) ) ;
#4862 = ORIENTED_EDGE ( 'NONE', *, *, #3422, .T. ) ;
#4863 = ORIENTED_EDGE ( 'NONE', *, *, #4810, .F. ) ;
#4864 = CARTESIAN_POINT ( 'NONE',  ( 54.14999999999999147, 2.314938844950381824, -5.650000000000000355 ) ) ;
#4865 = CARTESIAN_POINT ( 'NONE',  ( -65.34999999999999432, 7.000000000000000000, -13.50000000000000178 ) ) ;
#4866 = DIRECTION ( 'NONE',  ( -1.000000000000000000, -0.000000000000000000, -0.000000000000000000 ) ) ;
#4867 = ORIENTED_EDGE ( 'NONE', *, *, #3365, .T. ) ;
#4868 = ORIENTED_EDGE ( 'NONE', *, *, #4695, .F. ) ;
#4869 = LINE ( 'NONE', #5693, #3136 ) ;
#4870 = FACE_OUTER_BOUND ( 'NONE', #770, .T. ) ;
#4871 = DIRECTION ( 'NONE',  ( -0.000000000000000000, -0.8602915336341738772, 0.5098023903017334657 ) ) ;
#4872 = DIRECTION ( 'NONE',  ( 0.000000000000000000, 1.000000000000000000, 0.000000000000000000 ) ) ;
#4873 = MANIFOLD_SOLID_BREP ( 'Boss-Extrude13', #4050 ) ;
#4874 = PERSON_AND_ORGANIZATION ( #18446744073709551615, #18446744073709551615 ) ;
#4875 = ORIENTED_EDGE ( 'NONE', *, *, #105, .T. ) ;
#4876 = CARTESIAN_POINT ( 'NONE',  ( 12.88303136286267403, 0.8499999999999998668, -1.000000000000000000 ) ) ;
#4877 = FACE_OUTER_BOUND ( 'NONE', #2161, .T. ) ;
#4878 = DIRECTION ( 'NONE',  ( -1.000000000000000000, 0.000000000000000000, 0.000000000000000000 ) ) ;
#4879 = DIRECTION ( 'NONE',  ( 1.000000000000000000, 0.000000000000000000, 0.000000000000000000 ) ) ;
#4880 = EDGE_LOOP ( 'NONE', ( #134, #2316, #5250, #2090 ) ) ;
#4881 = ORIENTED_EDGE ( 'NONE', *, *, #1282, .F. ) ;
#4882 = DIRECTION ( 'NONE',  ( -0.000000000000000000, -1.000000000000000000, -0.000000000000000000 ) ) ;
#4883 = CARTESIAN_POINT ( 'NONE',  ( -54.15000000000007674, -1.084202172485504434E-16, -13.65000000000001990 ) ) ;
#4884 = CARTESIAN_POINT ( 'NONE',  ( 64.34999999999999432, -2.750000000000000000, -5.000000000000000000 ) ) ;
#4885 = ORIENTED_EDGE ( 'NONE', *, *, #1925, .T. ) ;
#4886 = CARTESIAN_POINT ( 'NONE',  ( -8.649999999999995026, 7.249999999999999112, 12.05000000000000071 ) ) ;
#4887 = EDGE_LOOP ( 'NONE', ( #2580, #81, #2230, #2478 ) ) ;
#4888 = EDGE_CURVE ( 'NONE', #2535, #1881, #4738, .T. ) ;
#4889 = PLANE ( 'NONE',  #1563 ) ;
#4890 = CARTESIAN_POINT ( 'NONE',  ( 16.15000000000000568, 1.449999999999999956, -1.499999999999999556 ) ) ;
#4891 = CARTESIAN_POINT ( 'NONE',  ( -14.14999999999999680, -1.378730829410057979, -8.389317719738045298 ) ) ;
#4892 = ORIENTED_EDGE ( 'NONE', *, *, #5064, .F. ) ;
#4893 = DIRECTION ( 'NONE',  ( -1.000000000000000000, -0.000000000000000000, -0.000000000000000000 ) ) ;
#4894 = LINE ( 'NONE', #1799, #2142 ) ;
#4895 = LINE ( 'NONE', #1357, #803 ) ;
#4896 = DIRECTION ( 'NONE',  ( 1.000000000000000000, 0.000000000000000000, 0.000000000000000000 ) ) ;
#4897 = ADVANCED_FACE ( 'NONE', ( #4576 ), #1930, .F. ) ;
#4898 = CARTESIAN_POINT ( 'NONE',  ( 54.14999999999999858, 2.749999999999999556, -13.65000000000000036 ) ) ;
#4899 = ORIENTED_EDGE ( 'NONE', *, *, #957, .T. ) ;
#4900 = ORIENTED_EDGE ( 'NONE', *, *, #4613, .F. ) ;
#4901 = FACE_OUTER_BOUND ( 'NONE', #1370, .T. ) ;
#4902 = DIRECTION ( 'NONE',  ( 1.000000000000000000, 0.000000000000000000, 0.000000000000000000 ) ) ;
#4903 = CARTESIAN_POINT ( 'NONE',  ( -7.449999999999996625, 8.050000000000000711, -3.149999999999999911 ) ) ;
#4904 = EDGE_CURVE ( 'NONE', #1626, #5674, #5134, .T. ) ;
#4905 = DIRECTION ( 'NONE',  ( 0.000000000000000000, -1.000000000000000000, 1.393974221767076904E-15 ) ) ;
#4906 = VERTEX_POINT ( 'NONE', #3000 ) ;
#4907 = ORIENTED_EDGE ( 'NONE', *, *, #4385, .F. ) ;
#4908 = ORIENTED_EDGE ( 'NONE', *, *, #5692, .F. ) ;
#4909 = LINE ( 'NONE', #4821, #3982 ) ;
#4910 = CARTESIAN_POINT ( 'NONE',  ( 13.15000000000000568, 0.8499999999999998668, 2.666666666666666519 ) ) ;
#4911 = AXIS2_PLACEMENT_3D ( 'NONE', #304, #3464, #5153 ) ;
#4912 = CARTESIAN_POINT ( 'NONE',  ( -14.14999999999999680, 4.331489314367783727, -8.661475549795284223 ) ) ;
#4913 = ORIENTED_EDGE ( 'NONE', *, *, #4474, .T. ) ;
#4914 = EDGE_LOOP ( 'NONE', ( #3572, #3944, #4693, #4913 ) ) ;
#4915 = CIRCLE ( 'NONE', #513, 1.500000000000000444 ) ;
#4916 = CARTESIAN_POINT ( 'NONE',  ( 36.14999999999999858, 1.449999999999999956, 0.000000000000000000 ) ) ;
#4917 = CARTESIAN_POINT ( 'NONE',  ( 65.34999999999999432, 7.399999999999999467, -14.30000000000000071 ) ) ;
#4918 = CARTESIAN_POINT ( 'NONE',  ( -14.14999999999999503, -0.8877947818398186364, -9.606518102227388667 ) ) ;
#4919 = VECTOR ( 'NONE', #1120, 1000.000000000000000 ) ;
#4920 = AXIS2_PLACEMENT_3D ( 'NONE', #4294, #4681, #2157 ) ;
#4921 = CC_DESIGN_DATE_AND_TIME_ASSIGNMENT ( #154, #497, ( #3906 ) ) ;
#4922 = LINE ( 'NONE', #41, #2940 ) ;
#4923 = VECTOR ( 'NONE', #665, 1000.000000000000000 ) ;
#4924 = CARTESIAN_POINT ( 'NONE',  ( 14.15000000000000568, 1.954937032892702709, -2.071855797377662789 ) ) ;
#4925 = VECTOR ( 'NONE', #1145, 1000.000000000000000 ) ;
#4926 = LINE ( 'NONE', #4454, #4453 ) ;
#4927 = DIRECTION ( 'NONE',  ( -1.000000000000000000, 0.000000000000000000, 0.000000000000000000 ) ) ;
#4928 = EDGE_CURVE ( 'NONE', #3233, #4819, #2134, .T. ) ;
#4929 = CIRCLE ( 'NONE', #4631, 5.500000000000000000 ) ;
#4930 = VECTOR ( 'NONE', #4135, 1000.000000000000000 ) ;
#4931 = CARTESIAN_POINT ( 'NONE',  ( 0.000000000000000000, 0.000000000000000000, 0.000000000000000000 ) ) ;
#4932 = VERTEX_POINT ( 'NONE', #5249 ) ;
#4933 = ORIENTED_EDGE ( 'NONE', *, *, #977, .F. ) ;
#4934 = ADVANCED_FACE ( 'NONE', ( #3869 ), #1138, .F. ) ;
#4935 = CARTESIAN_POINT ( 'NONE',  ( 14.15000000000000568, 1.001489662748428877, -1.768602727119527929 ) ) ;
#4936 = CARTESIAN_POINT ( 'NONE',  ( -14.04999999999999716, 1.636454033335750680, -2.350000000000000089 ) ) ;
#4937 = VECTOR ( 'NONE', #1612, 1000.000000000000000 ) ;
#4938 = VERTEX_POINT ( 'NONE', #2934 ) ;
#4939 = CIRCLE ( 'NONE', #5756, 0.5000000000000000000 ) ;
#4940 = LINE ( 'NONE', #3090, #2588 ) ;
#4941 = DIRECTION ( 'NONE',  ( 0.000000000000000000, 0.000000000000000000, 1.000000000000000000 ) ) ;
#4942 = AXIS2_PLACEMENT_3D ( 'NONE', #3062, #2717, #458 ) ;
#4943 = ORIENTED_EDGE ( 'NONE', *, *, #3409, .F. ) ;
#4944 = VERTEX_POINT ( 'NONE', #2906 ) ;
#4945 = CYLINDRICAL_SURFACE ( 'NONE', #815, 0.9999999999999991118 ) ;
#4946 = CARTESIAN_POINT ( 'NONE',  ( -64.34999999999999432, 3.345732259861896374, -5.000000000000002665 ) ) ;
#4947 = AXIS2_PLACEMENT_3D ( 'NONE', #1097, #2528, #2439 ) ;
#4948 = CARTESIAN_POINT ( 'NONE',  ( 64.34999999999999432, 7.399999999999999467, -14.30000000000000071 ) ) ;
#4949 = ORIENTED_EDGE ( 'NONE', *, *, #5742, .T. ) ;
#4950 = ORIENTED_EDGE ( 'NONE', *, *, #740, .T. ) ;
#4951 = LINE ( 'NONE', #489, #622 ) ;
#4952 = CARTESIAN_POINT ( 'NONE',  ( -64.35000000000007958, -6.100679342678987815, -13.04783251654283660 ) ) ;
#4953 = VERTEX_POINT ( 'NONE', #2973 ) ;
#4954 = FACE_BOUND ( 'NONE', #5363, .T. ) ;
#4955 = DIRECTION ( 'NONE',  ( 0.000000000000000000, 1.000000000000000000, -0.000000000000000000 ) ) ;
#4956 = CARTESIAN_POINT ( 'NONE',  ( 69.44999999999998863, 6.200000000000000178, -12.40000000000000213 ) ) ;
#4957 = DIRECTION ( 'NONE',  ( 0.000000000000000000, 1.000000000000000000, -1.172110456741086074E-16 ) ) ;
#4958 = CARTESIAN_POINT ( 'NONE',  ( 13.15000000000000568, 0.8499999999999999778, 3.000000000000000000 ) ) ;
#4959 = ORIENTED_EDGE ( 'NONE', *, *, #1893, .F. ) ;
#4960 = CARTESIAN_POINT ( 'NONE',  ( 12.14999999999999503, 0.8499999999999998668, -9.316666666666661101 ) ) ;
#4961 = CARTESIAN_POINT ( 'NONE',  ( -2.749999999999992450, 0.8499999999999999778, 12.84999999999999964 ) ) ;
#4962 = EDGE_CURVE ( 'NONE', #1412, #1182, #5608, .T. ) ;
#4963 = CARTESIAN_POINT ( 'NONE',  ( 64.34999999999999432, -2.749999999999485745, -14.30000000000000249 ) ) ;
#4964 = EDGE_CURVE ( 'NONE', #4432, #1586, #749, .T. ) ;
#4965 = EDGE_LOOP ( 'NONE', ( #3321, #3271, #4217, #2051 ) ) ;
#4966 = ORIENTED_EDGE ( 'NONE', *, *, #5237, .T. ) ;
#4967 = CARTESIAN_POINT ( 'NONE',  ( 54.14999999999999858, 3.285234860469025353, -5.650000000000000355 ) ) ;
#4968 = CARTESIAN_POINT ( 'NONE',  ( 7.149999999999995914, 0.8499999999999999778, -11.65000000000000036 ) ) ;
#4969 = FACE_OUTER_BOUND ( 'NONE', #2427, .T. ) ;
#4970 = CARTESIAN_POINT ( 'NONE',  ( -14.14999999999999503, -0.8499999999999999778, -12.94999999999999929 ) ) ;
#4971 = ORIENTED_EDGE ( 'NONE', *, *, #1634, .T. ) ;
#4972 = ORIENTED_EDGE ( 'NONE', *, *, #1332, .F. ) ;
#4973 = CARTESIAN_POINT ( 'NONE',  ( -12.24999999999999289, 1.927406647131493678, 3.149999999999999023 ) ) ;
#4974 = EDGE_CURVE ( 'NONE', #1668, #5401, #4276, .T. ) ;
#4975 = VERTEX_POINT ( 'NONE', #687 ) ;
#4976 = CARTESIAN_POINT ( 'NONE',  ( -54.15000000000012648, -6.851864535865279215, -9.649999999999993250 ) ) ;
#4977 = CARTESIAN_POINT ( 'NONE',  ( 0.000000000000000000, 0.8499999999999999778, 0.000000000000000000 ) ) ;
#4978 = VERTEX_POINT ( 'NONE', #3905 ) ;
#4979 = CARTESIAN_POINT ( 'NONE',  ( -77.54999999999998295, 6.200000000000000178, -12.40000000000000213 ) ) ;
#4980 = CARTESIAN_POINT ( 'NONE',  ( -14.14999999999999858, -3.772035979957539809, -8.084010084480675928 ) ) ;
#4981 = CARTESIAN_POINT ( 'NONE',  ( 65.34999999999999432, -7.399999999999999467, -5.999999999999998224 ) ) ;
#4982 = ORIENTED_EDGE ( 'NONE', *, *, #63, .F. ) ;
#4983 = PLANE ( 'NONE',  #697 ) ;
#4984 = EDGE_CURVE ( 'NONE', #177, #2932, #4334, .T. ) ;
#4985 = DIRECTION ( 'NONE',  ( 0.000000000000000000, 0.000000000000000000, -1.000000000000000000 ) ) ;
#4986 = DIRECTION ( 'NONE',  ( 1.000000000000000000, -0.000000000000000000, 1.316708277204006142E-16 ) ) ;
#4987 = DIRECTION ( 'NONE',  ( -1.000000000000000000, -0.000000000000000000, 1.084202172485504557E-16 ) ) ;
#4988 = ORIENTED_EDGE ( 'NONE', *, *, #674, .T. ) ;
#4989 = ORIENTED_EDGE ( 'NONE', *, *, #3712, .F. ) ;
#4990 = CARTESIAN_POINT ( 'NONE',  ( 64.35000000000000853, 7.152246326680227639, -11.49590968630909060 ) ) ;
#4991 = DIRECTION ( 'NONE',  ( -7.542275982507857147E-16, 0.000000000000000000, 1.000000000000000000 ) ) ;
#4992 = CARTESIAN_POINT ( 'NONE',  ( -2.749999999999993339, 5.050000000000000711, 4.850000000000000533 ) ) ;
#4993 = EDGE_CURVE ( 'NONE', #3178, #1073, #251, .T. ) ;
#4994 = ORIENTED_EDGE ( 'NONE', *, *, #4410, .F. ) ;
#4995 = VERTEX_POINT ( 'NONE', #340 ) ;
#4996 = CARTESIAN_POINT ( 'NONE',  ( -14.14999999999999858, -4.430337716051879760, -8.875993786711596556 ) ) ;
#4997 = VECTOR ( 'NONE', #684, 1000.000000000000000 ) ;
#4998 = CARTESIAN_POINT ( 'NONE',  ( 69.44999999999998863, 6.200000000000000178, -6.899999999999998579 ) ) ;
#4999 = DIRECTION ( 'NONE',  ( -0.000000000000000000, -0.000000000000000000, -1.000000000000000000 ) ) ;
#5000 = ORIENTED_EDGE ( 'NONE', *, *, #3434, .F. ) ;
#5001 = VECTOR ( 'NONE', #2442, 1000.000000000000000 ) ;
#5002 = DIRECTION ( 'NONE',  ( 0.000000000000000000, 0.000000000000000000, 1.000000000000000000 ) ) ;
#5003 = ADVANCED_FACE ( 'NONE', ( #2047 ), #307, .F. ) ;
#5004 = LINE ( 'NONE', #2868, #3420 ) ;
#5005 = CYLINDRICAL_SURFACE ( 'NONE', #914, 2.000000000000000000 ) ;
#5006 = CIRCLE ( 'NONE', #4063, 1.850000000000000977 ) ;
#5007 = B_SPLINE_SURFACE_WITH_KNOTS ( 'NONE', 3, 1, ( 
 ( #3876, #5139 ),
 ( #2570, #4697 ),
 ( #4344, #347 ),
 ( #2143, #5588 ),
 ( #813, #2605 ),
 ( #5195, #3447 ),
 ( #4766, #3383 ),
 ( #2081, #1698 ),
 ( #5161, #3936 ),
 ( #1168, #4378 ) ),
 .UNSPECIFIED., .F., .F., .F.,
 ( 4, 2, 2, 2, 4 ),
 ( 2, 2 ),
 ( 0.000000000000000000, 0.2499999999999999445, 0.4999999999999998890, 0.7499999999999997780, 1.000000000000000000 ),
 ( 0.000000000000000000, 1.000000000000000000 ),
 .UNSPECIFIED. ) ;
#5008 = CIRCLE ( 'NONE', #2219, 1.700000000000000178 ) ;
#5009 = VERTEX_POINT ( 'NONE', #4815 ) ;
#5010 = VERTEX_POINT ( 'NONE', #804 ) ;
#5011 = AXIS2_PLACEMENT_3D ( 'NONE', #2518, #2058, #2546 ) ;
#5012 = CARTESIAN_POINT ( 'NONE',  ( 14.14999999999999503, -3.966896449587267615, -11.05745992316454185 ) ) ;
#5013 = DIRECTION ( 'NONE',  ( 0.000000000000000000, 1.000000000000000000, -2.775557561562891351E-16 ) ) ;
#5014 = LINE ( 'NONE', #2328, #4250 ) ;
#5015 = AXIS2_PLACEMENT_3D ( 'NONE', #620, #1922, #958 ) ;
#5016 = CIRCLE ( 'NONE', #163, 1.850000000000000977 ) ;
#5017 = CARTESIAN_POINT ( 'NONE',  ( 14.15000000000000568, -0.8499999999999999778, -12.94999999999999929 ) ) ;
#5018 = B_SPLINE_CURVE_WITH_KNOTS ( 'NONE', 3,
 ( #2420, #2848, #1926, #1963, #1099, #1020, #2881, #626, #114, #654, #5131 ),
 .UNSPECIFIED., .F., .F.,
 ( 4, 1, 1, 1, 1, 1, 1, 1, 4 ),
 ( 0.000000000000000000, 0.001563177935178619235, 0.003126355872221603036, 0.004689533809264591173, 0.006252711746307578443, 0.007815889683350563111, 0.009379067620393545177, 0.01094224555743653418, 0.01250542349447952319 ),
 .UNSPECIFIED. ) ;
#5019 = ORIENTED_EDGE ( 'NONE', *, *, #2753, .T. ) ;
#5020 = CARTESIAN_POINT ( 'NONE',  ( -14.14999999999999503, 4.430308111460344200, -8.876007331713941184 ) ) ;
#5021 = VECTOR ( 'NONE', #2456, 1000.000000000000114 ) ;
#5022 = DIRECTION ( 'NONE',  ( 1.000000000000000000, 0.000000000000000000, 0.000000000000000000 ) ) ;
#5023 = ADVANCED_FACE ( 'NONE', ( #3376 ), #1160, .T. ) ;
#5024 = CARTESIAN_POINT ( 'NONE',  ( -2.749999999999993339, 0.8499999999999999778, 4.850000000000000533 ) ) ;
#5025 = DIRECTION ( 'NONE',  ( 0.000000000000000000, 0.000000000000000000, -1.000000000000000000 ) ) ;
#5026 = CIRCLE ( 'NONE', #4743, 1.850000000000000977 ) ;
#5027 = ADVANCED_FACE ( 'NONE', ( #3931 ), #5702, .T. ) ;
#5028 = EDGE_LOOP ( 'NONE', ( #5370, #3817, #2146, #3591, #4395, #1135 ) ) ;
#5029 = ORIENTED_EDGE ( 'NONE', *, *, #3961, .F. ) ;
#5030 = VECTOR ( 'NONE', #3487, 1000.000000000000000 ) ;
#5031 = LINE ( 'NONE', #5506, #249 ) ;
#5032 = EDGE_CURVE ( 'NONE', #166, #1148, #2167, .T. ) ;
#5033 = LINE ( 'NONE', #2809, #3701 ) ;
#5034 = CARTESIAN_POINT ( 'NONE',  ( -70.54999999999996874, 2.800000000000001599, -7.949999999999998401 ) ) ;
#5035 = ORIENTED_EDGE ( 'NONE', *, *, #1601, .T. ) ;
#5036 = CARTESIAN_POINT ( 'NONE',  ( 5.250000000000007994, 5.050000000000000711, 12.84999999999999964 ) ) ;
#5037 = CARTESIAN_POINT ( 'NONE',  ( 10.64999999999999680, -2.327008210988384285, -11.41018901962000420 ) ) ;
#5038 = FACE_OUTER_BOUND ( 'NONE', #5382, .T. ) ;
#5039 = ORIENTED_EDGE ( 'NONE', *, *, #1300, .T. ) ;
#5040 = EDGE_CURVE ( 'NONE', #4448, #1873, #2783, .T. ) ;
#5041 = PERSON_AND_ORGANIZATION_ROLE ( 'design_supplier' ) ;
#5042 = ORIENTED_EDGE ( 'NONE', *, *, #1850, .T. ) ;
#5043 = ORIENTED_EDGE ( 'NONE', *, *, #4456, .F. ) ;
#5044 = CARTESIAN_POINT ( 'NONE',  ( -64.34999999999999432, 7.399999999999999467, -14.30000000000000071 ) ) ;
#5045 = DIRECTION ( 'NONE',  ( 0.000000000000000000, 0.000000000000000000, -1.000000000000000000 ) ) ;
#5046 = EDGE_CURVE ( 'NONE', #1209, #2805, #4844, .T. ) ;
#5047 = CARTESIAN_POINT ( 'NONE',  ( 54.14999999999999858, 2.750000000000000000, -9.650000000000000355 ) ) ;
#5048 = ADVANCED_FACE ( 'NONE', ( #2 ), #4400, .F. ) ;
#5049 = PLANE ( 'NONE',  #3631 ) ;
#5050 = VERTEX_POINT ( 'NONE', #4851 ) ;
#5051 = CARTESIAN_POINT ( 'NONE',  ( -14.14999999999999503, 3.804016421976768036, -11.17037803924000983 ) ) ;
#5052 = DIRECTION ( 'NONE',  ( 0.000000000000000000, -0.8602915336341738772, -0.5098023903017334657 ) ) ;
#5053 = CARTESIAN_POINT ( 'NONE',  ( 78.44999999999997442, -6.299999999999998934, -10.79999999999999893 ) ) ;
#5054 = DIRECTION ( 'NONE',  ( -0.000000000000000000, -0.000000000000000000, -1.000000000000000000 ) ) ;
#5055 = ORIENTED_EDGE ( 'NONE', *, *, #4325, .T. ) ;
#5056 = ORIENTED_EDGE ( 'NONE', *, *, #2683, .F. ) ;
#5057 = EDGE_CURVE ( 'NONE', #4195, #138, #5732, .T. ) ;
#5058 = ORIENTED_EDGE ( 'NONE', *, *, #3176, .T. ) ;
#5059 = EDGE_CURVE ( 'NONE', #5424, #13, #5277, .T. ) ;
#5060 = CARTESIAN_POINT ( 'NONE',  ( 11.81515681431331899, 0.8499999999999998668, -3.000000000000000000 ) ) ;
#5061 = B_SPLINE_SURFACE_WITH_KNOTS ( 'NONE', 3, 1, ( 
 ( #3489, #2903 ),
 ( #397, #862 ),
 ( #2713, #3955 ),
 ( #3986, #5334 ),
 ( #1744, #4960 ),
 ( #4847, #2291 ),
 ( #2651, #832 ),
 ( #2621, #5766 ),
 ( #3056, #4425 ),
 ( #4511, #4396 ) ),
 .UNSPECIFIED., .F., .F., .F.,
 ( 4, 2, 2, 2, 4 ),
 ( 2, 2 ),
 ( 0.000000000000000000, 0.2500000000000000000, 0.5000000000000000000, 0.7500000000000000000, 1.000000000000000000 ),
 ( 0.000000000000000000, 1.000000000000000000 ),
 .UNSPECIFIED. ) ;
#5062 = LINE ( 'NONE', #1054, #67 ) ;
#5063 = CARTESIAN_POINT ( 'NONE',  ( 7.250000000000006217, 5.050000000000000711, 4.850000000000000533 ) ) ;
#5064 = EDGE_CURVE ( 'NONE', #4637, #2056, #1280, .T. ) ;
#5065 = FACE_OUTER_BOUND ( 'NONE', #547, .T. ) ;
#5066 = CARTESIAN_POINT ( 'NONE',  ( 54.14999999999999147, -2.749999998084910136, -5.649999999999998579 ) ) ;
#5067 = DIRECTION ( 'NONE',  ( 0.000000000000000000, -1.000000000000000000, 0.000000000000000000 ) ) ;
#5068 = EDGE_CURVE ( 'NONE', #2700, #4571, #2220, .T. ) ;
#5069 = DIRECTION ( 'NONE',  ( -1.000000000000000000, 0.000000000000000000, -0.000000000000000000 ) ) ;
#5070 = LINE ( 'NONE', #5541, #3044 ) ;
#5071 = CARTESIAN_POINT ( 'NONE',  ( 14.14999999999999503, 3.804016421976768036, -11.17037803924000983 ) ) ;
#5072 = CARTESIAN_POINT ( 'NONE',  ( 77.44999999999998863, 2.800000000000001599, -11.34999999999999964 ) ) ;
#5073 = CARTESIAN_POINT ( 'NONE',  ( -54.15000000000014069, 6.546618184993088896, -11.20382242968048914 ) ) ;
#5074 = ORIENTED_EDGE ( 'NONE', *, *, #2606, .T. ) ;
#5075 = CARTESIAN_POINT ( 'NONE',  ( -14.14999999999998970, 4.376028419645420442, -10.55869715993961755 ) ) ;
#5076 = DIRECTION ( 'NONE',  ( 0.000000000000000000, 0.000000000000000000, 1.000000000000000000 ) ) ;
#5077 = EDGE_CURVE ( 'NONE', #4721, #3655, #426, .T. ) ;
#5078 = PLANE ( 'NONE',  #2858 ) ;
#5079 = PLANE ( 'NONE',  #4636 ) ;
#5080 = ORIENTED_EDGE ( 'NONE', *, *, #4433, .T. ) ;
#5081 = ORIENTED_EDGE ( 'NONE', *, *, #5032, .T. ) ;
#5082 = VERTEX_POINT ( 'NONE', #3992 ) ;
#5083 = CARTESIAN_POINT ( 'NONE',  ( 54.14999999999999858, 2.750000000000000000, -11.50000000000000178 ) ) ;
#5084 = DIRECTION ( 'NONE',  ( -1.000000000000000000, -0.000000000000000000, 1.084202172485504557E-16 ) ) ;
#5085 = DIRECTION ( 'NONE',  ( -0.000000000000000000, 1.000000000000000000, -0.000000000000000000 ) ) ;
#5086 = VECTOR ( 'NONE', #542, 1000.000000000000000 ) ;
#5087 = CARTESIAN_POINT ( 'NONE',  ( -8.649999999999996803, 7.249999999999999112, -2.350000000000000533 ) ) ;
#5088 = LINE ( 'NONE', #3720, #2864 ) ;
#5089 = PLANE ( 'NONE',  #4838 ) ;
#5090 = VECTOR ( 'NONE', #4573, 1000.000000000000000 ) ;
#5091 = CARTESIAN_POINT ( 'NONE',  ( -14.14999999999999503, 0.8499999999999999778, 12.94999999999999929 ) ) ;
#5092 = VECTOR ( 'NONE', #184, 1000.000000000000000 ) ;
#5093 = CARTESIAN_POINT ( 'NONE',  ( -7.149999999999995914, 0.8499999999999999778, -11.65000000000000036 ) ) ;
#5094 = DIRECTION ( 'NONE',  ( -0.000000000000000000, -1.000000000000000000, -0.000000000000000000 ) ) ;
#5095 = CARTESIAN_POINT ( 'NONE',  ( -13.04999999999999538, 4.049999999999999822, -0.8000000000000012657 ) ) ;
#5096 = ADVANCED_FACE ( 'NONE', ( #1750 ), #3091, .F. ) ;
#5097 = ORIENTED_EDGE ( 'NONE', *, *, #5163, .F. ) ;
#5098 = CIRCLE ( 'NONE', #2295, 1.000000000000000000 ) ;
#5099 = CARTESIAN_POINT ( 'NONE',  ( -7.149999999999995026, -0.8499999999999998668, -8.983333333333337833 ) ) ;
#5100 = ORIENTED_EDGE ( 'NONE', *, *, #4776, .F. ) ;
#5101 = B_SPLINE_SURFACE_WITH_KNOTS ( 'NONE', 3, 1, ( 
 ( #2094, #4391 ),
 ( #1623, #5666 ),
 ( #3018, #2158 ),
 ( #3923, #5723 ),
 ( #5303, #2617 ),
 ( #1243, #1219 ),
 ( #3832, #1305 ),
 ( #5600, #4295 ),
 ( #4706, #393 ),
 ( #828, #4749 ) ),
 .UNSPECIFIED., .F., .F., .F.,
 ( 4, 2, 2, 2, 4 ),
 ( 2, 2 ),
 ( 0.000000000000000000, 0.2500000000000000000, 0.5000000000000000000, 0.7500000000000000000, 1.000000000000000000 ),
 ( 0.000000000000000000, 1.000000000000000000 ),
 .UNSPECIFIED. ) ;
#5102 = CARTESIAN_POINT ( 'NONE',  ( 14.14999999999999503, -1.069662283923977553, -10.42400621329945842 ) ) ;
#5103 = CARTESIAN_POINT ( 'NONE',  ( 64.34999999999999432, -3.345732259861896374, -5.000000000000000888 ) ) ;
#5104 = AXIS2_PLACEMENT_3D ( 'NONE', #2247, #2191, #26 ) ;
#5105 = VECTOR ( 'NONE', #2959, 1000.000000000000000 ) ;
#5106 = CARTESIAN_POINT ( 'NONE',  ( 7.149999999999995026, 0.8499999999999999778, -7.650000000000000355 ) ) ;
#5107 = CARTESIAN_POINT ( 'NONE',  ( -65.34999999999999432, 0.000000000000000000, 0.000000000000000000 ) ) ;
#5108 = ORIENTED_EDGE ( 'NONE', *, *, #5609, .F. ) ;
#5109 = ORIENTED_EDGE ( 'NONE', *, *, #4197, .T. ) ;
#5110 = VECTOR ( 'NONE', #3248, 1000.000000000000000 ) ;
#5111 = EDGE_LOOP ( 'NONE', ( #1823, #956 ) ) ;
#5112 = VECTOR ( 'NONE', #3095, 1000.000000000000000 ) ;
#5113 = ORIENTED_EDGE ( 'NONE', *, *, #5448, .F. ) ;
#5114 = PLANE ( 'NONE',  #1944 ) ;
#5115 = DIRECTION ( 'NONE',  ( 1.535153518563545837E-16, 0.000000000000000000, 1.000000000000000000 ) ) ;
#5116 = CARTESIAN_POINT ( 'NONE',  ( -12.24999999999999289, 7.249999999999999112, 8.849999999999997868 ) ) ;
#5117 = ORIENTED_EDGE ( 'NONE', *, *, #1464, .T. ) ;
#5118 = AXIS2_PLACEMENT_3D ( 'NONE', #4931, #3983, #921 ) ;
#5119 = LINE ( 'NONE', #5233, #2759 ) ;
#5120 = CARTESIAN_POINT ( 'NONE',  ( 54.14999999999997016, -4.345806406413837308, -5.867089650977403537 ) ) ;
#5121 = FACE_OUTER_BOUND ( 'NONE', #786, .T. ) ;
#5122 = EDGE_CURVE ( 'NONE', #2719, #70, #401, .T. ) ;
#5123 = CARTESIAN_POINT ( 'NONE',  ( -14.14999999999999503, 0.9283850214229042441, -10.03912442714443287 ) ) ;
#5124 = CARTESIAN_POINT ( 'NONE',  ( -65.34999999999999432, -6.400000000000000355, -14.29999999999999893 ) ) ;
#5125 = DIRECTION ( 'NONE',  ( 1.000000000000000000, 0.000000000000000000, -0.000000000000000000 ) ) ;
#5126 = ADVANCED_FACE ( 'NONE', ( #3147 ), #3530, .F. ) ;
#5127 = CARTESIAN_POINT ( 'NONE',  ( 77.44999999999998863, 2.800000000000001599, -9.649999999999998579 ) ) ;
#5128 = CARTESIAN_POINT ( 'NONE',  ( 64.34999999999999432, -2.750000000000000000, -5.000000000000000000 ) ) ;
#5129 = ORIENTED_EDGE ( 'NONE', *, *, #322, .F. ) ;
#5130 = ADVANCED_FACE ( 'NONE', ( #2690 ), #931, .T. ) ;
#5131 = CARTESIAN_POINT ( 'NONE',  ( 54.14999999999999858, -2.749999999999999556, -5.649999999999997691 ) ) ;
#5132 = LINE ( 'NONE', #4128, #1178 ) ;
#5133 = CARTESIAN_POINT ( 'NONE',  ( 14.14999999999999503, 1.695983578023231519, -8.129621960759990884 ) ) ;
#5134 = LINE ( 'NONE', #5189, #2130 ) ;
#5135 = ORIENTED_EDGE ( 'NONE', *, *, #2527, .T. ) ;
#5136 = VERTEX_POINT ( 'NONE', #1151 ) ;
#5137 = LINE ( 'NONE', #3820, #1195 ) ;
#5138 = CARTESIAN_POINT ( 'NONE',  ( -0.7499999999999937828, 5.050000000000000711, 2.850000000000000089 ) ) ;
#5139 = CARTESIAN_POINT ( 'NONE',  ( -7.149999999999995026, -0.8499999999999999778, -7.650000000000000355 ) ) ;
#5140 = ORIENTED_EDGE ( 'NONE', *, *, #4184, .F. ) ;
#5141 = LINE ( 'NONE', #2916, #5535 ) ;
#5142 = DIRECTION ( 'NONE',  ( 0.000000000000000000, 0.000000000000000000, -1.000000000000000000 ) ) ;
#5143 = CARTESIAN_POINT ( 'NONE',  ( -64.34999999999999432, 4.546899923333081794, -5.231844643362122405 ) ) ;
#5144 = ADVANCED_FACE ( 'NONE', ( #1621 ), #5267, .F. ) ;
#5145 = CARTESIAN_POINT ( 'NONE',  ( 7.149999999999995914, -0.8499999999999999778, -11.65000000000000036 ) ) ;
#5146 = CARTESIAN_POINT ( 'NONE',  ( -7.149999999999995026, 0.8499999999999999778, -7.650000000000000355 ) ) ;
#5147 = LINE ( 'NONE', #2492, #3324 ) ;
#5148 = DIRECTION ( 'NONE',  ( -0.8993215372809394426, -0.3804056259511411353, 0.2156671795321863927 ) ) ;
#5149 = ORIENTED_EDGE ( 'NONE', *, *, #2063, .F. ) ;
#5150 = CARTESIAN_POINT ( 'NONE',  ( -64.34999999999999432, -2.750000000000000000, -9.650000000000000355 ) ) ;
#5151 = CARTESIAN_POINT ( 'NONE',  ( -7.149999999999995026, -0.8499999999999998668, -7.983333333333335169 ) ) ;
#5152 = ORIENTED_EDGE ( 'NONE', *, *, #1060, .T. ) ;
#5153 = DIRECTION ( 'NONE',  ( 0.000000000000000000, 0.000000000000000000, -1.000000000000000000 ) ) ;
#5154 = FACE_OUTER_BOUND ( 'NONE', #3698, .T. ) ;
#5155 = CYLINDRICAL_SURFACE ( 'NONE', #4730, 1.850000000000000977 ) ;
#5156 = CARTESIAN_POINT ( 'NONE',  ( -12.14999999999999503, -0.8499999999999999778, -7.650000000000000355 ) ) ;
#5157 = ORIENTED_EDGE ( 'NONE', *, *, #5356, .T. ) ;
#5158 = ORIENTED_EDGE ( 'NONE', *, *, #1474, .T. ) ;
#5159 = CARTESIAN_POINT ( 'NONE',  ( 64.34999999999999432, 7.399999999999999467, -13.29999999999999893 ) ) ;
#5160 = LINE ( 'NONE', #1166, #4244 ) ;
#5161 = CARTESIAN_POINT ( 'NONE',  ( -14.14999999999999325, -1.890096436089886867, -7.995051390258080204 ) ) ;
#5162 = VERTEX_POINT ( 'NONE', #270 ) ;
#5163 = EDGE_CURVE ( 'NONE', #35, #2829, #2958, .T. ) ;
#5164 = CARTESIAN_POINT ( 'NONE',  ( 54.14999999999999147, 2.314938844950381824, -5.650000000000000355 ) ) ;
#5165 = CARTESIAN_POINT ( 'NONE',  ( 14.14999999999999503, -1.695983578023231519, -8.129621960759990884 ) ) ;
#5166 = ORIENTED_EDGE ( 'NONE', *, *, #2656, .F. ) ;
#5167 = EDGE_LOOP ( 'NONE', ( #5346, #2050, #565, #6 ) ) ;
#5168 = ORIENTED_EDGE ( 'NONE', *, *, #4642, .F. ) ;
#5169 = CARTESIAN_POINT ( 'NONE',  ( -14.14999999999999503, -3.609903563910112023, -11.30494860974191873 ) ) ;
#5170 = DIRECTION ( 'NONE',  ( -1.000000000000000000, 0.000000000000000000, 0.000000000000000000 ) ) ;
#5171 = CARTESIAN_POINT ( 'NONE',  ( -64.34999999999999432, -2.749999997868448620, -5.000000000000000888 ) ) ;
#5172 = VERTEX_POINT ( 'NONE', #791 ) ;
#5173 = EDGE_CURVE ( 'NONE', #363, #60, #2121, .T. ) ;
#5174 = FACE_OUTER_BOUND ( 'NONE', #1551, .T. ) ;
#5175 = LINE ( 'NONE', #1591, #1486 ) ;
#5176 = FACE_OUTER_BOUND ( 'NONE', #1544, .T. ) ;
#5177 = CARTESIAN_POINT ( 'NONE',  ( -54.14999999999999858, -2.750000000000000000, -9.650000000000000355 ) ) ;
#5178 = ORIENTED_EDGE ( 'NONE', *, *, #4833, .T. ) ;
#5179 = CARTESIAN_POINT ( 'NONE',  ( -8.649999999999995026, 6.200000000000001066, 9.649999999999998579 ) ) ;
#5180 = B_SPLINE_CURVE_WITH_KNOTS ( 'NONE', 3,
 ( #4249, #728, #2513, #4283, #286, #3848, #1638, #3411, #756, #2539, #313 ),
 .UNSPECIFIED., .F., .F.,
 ( 4, 1, 1, 1, 1, 1, 1, 1, 4 ),
 ( 0.000000000000000000, 0.001563177935178619235, 0.003126355872221603036, 0.004689533809264591173, 0.006252711746307578443, 0.007815889683350563111, 0.009379067620393545177, 0.01094224555743653418, 0.01250542349447952319 ),
 .UNSPECIFIED. ) ;
#5181 = DIRECTION ( 'NONE',  ( 1.000000000000000000, -0.000000000000000000, -0.000000000000000000 ) ) ;
#5182 = VERTEX_POINT ( 'NONE', #5239 ) ;
#5183 = VECTOR ( 'NONE', #5757, 1000.000000000000000 ) ;
#5184 = CARTESIAN_POINT ( 'NONE',  ( -77.54999999999998295, -6.299999999999998934, -10.79999999999999893 ) ) ;
#5185 = PLANE ( 'NONE',  #4446 ) ;
#5186 = CARTESIAN_POINT ( 'NONE',  ( 54.14999999999999858, 2.749999999999999556, -13.65000000000000036 ) ) ;
#5187 = AXIS2_PLACEMENT_3D ( 'NONE', #5715, #3942, #3077 ) ;
#5188 = VECTOR ( 'NONE', #5013, 1000.000000000000000 ) ;
#5189 = CARTESIAN_POINT ( 'NONE',  ( -69.44999999999998863, 7.000000000000000000, -5.800000000000000711 ) ) ;
#5190 = ORIENTED_EDGE ( 'NONE', *, *, #1475, .T. ) ;
#5191 = ORIENTED_EDGE ( 'NONE', *, *, #5077, .T. ) ;
#5192 = VECTOR ( 'NONE', #1997, 1000.000000000000000 ) ;
#5193 = CARTESIAN_POINT ( 'NONE',  ( 7.149999999999995914, 0.8499999999999999778, -11.65000000000000036 ) ) ;
#5194 = DIRECTION ( 'NONE',  ( -1.000000000000000000, 0.000000000000000000, 0.000000000000000000 ) ) ;
#5195 = CARTESIAN_POINT ( 'NONE',  ( -14.14999999999999325, -2.959761468301930876, -7.789572951340736573 ) ) ;
#5196 = EDGE_CURVE ( 'NONE', #4565, #2462, #632, .T. ) ;
#5197 = VECTOR ( 'NONE', #238, 1000.000000000000000 ) ;
#5198 = CIRCLE ( 'NONE', #2305, 1.500000000000000444 ) ;
#5199 = CARTESIAN_POINT ( 'NONE',  ( -70.54999999999996874, -2.899999999999999467, -7.949999999999998401 ) ) ;
#5200 = CARTESIAN_POINT ( 'NONE',  ( 14.14999999999999325, -2.959761468301930876, -7.789572951340736573 ) ) ;
#5201 = EDGE_LOOP ( 'NONE', ( #192, #3755, #2798, #2659 ) ) ;
#5202 = EDGE_CURVE ( 'NONE', #35, #1586, #3483, .T. ) ;
#5203 = DIRECTION ( 'NONE',  ( 0.000000000000000000, 0.000000000000000000, 1.000000000000000000 ) ) ;
#5204 = AXIS2_PLACEMENT_3D ( 'NONE', #2641, #5529, #3277 ) ;
#5205 = DIRECTION ( 'NONE',  ( -1.000000000000000000, 0.000000000000000000, 0.000000000000000000 ) ) ;
#5206 = AXIS2_PLACEMENT_3D ( 'NONE', #449, #4505, #3980 ) ;
#5207 = CARTESIAN_POINT ( 'NONE',  ( 14.14999999999999503, 2.749999764018621118, -7.800290809857203911 ) ) ;
#5208 = EDGE_LOOP ( 'NONE', ( #5704, #409 ) ) ;
#5209 = ORIENTED_EDGE ( 'NONE', *, *, #2656, .T. ) ;
#5210 = CARTESIAN_POINT ( 'NONE',  ( -65.34999999999999432, -6.399999999999999467, -13.29999999999999716 ) ) ;
#5211 = PLANE ( 'NONE',  #2871 ) ;
#5212 = CARTESIAN_POINT ( 'NONE',  ( -10.64999999999999680, 2.327008210988384285, -11.41018901962000420 ) ) ;
#5213 = CARTESIAN_POINT ( 'NONE',  ( 64.34999999999998010, 7.152246326680227639, -7.804090313690918990 ) ) ;
#5214 = PRODUCT_DEFINITION_FORMATION_WITH_SPECIFIED_SOURCE ( 'Symmetric', '', #2953, .NOT_KNOWN. ) ;
#5215 = CARTESIAN_POINT ( 'NONE',  ( -7.449999999999994849, 1.927406647131493678, 3.149999999999999023 ) ) ;
#5216 = CARTESIAN_POINT ( 'NONE',  ( -14.14999999999999503, -4.430308111460344200, -8.876007331713941184 ) ) ;
#5217 = ORIENTED_EDGE ( 'NONE', *, *, #2526, .F. ) ;
#5218 = CARTESIAN_POINT ( 'NONE',  ( -69.44999999999998863, -3.599999999999999645, -12.40000000000000213 ) ) ;
#5219 = DIRECTION ( 'NONE',  ( 1.000000000000000000, 0.000000000000000000, -1.807003620809175618E-16 ) ) ;
#5220 = VERTEX_POINT ( 'NONE', #3804 ) ;
#5221 = CARTESIAN_POINT ( 'NONE',  ( 14.14999999999999503, 4.430308111460344200, -8.876007331713941184 ) ) ;
#5222 = CARTESIAN_POINT ( 'NONE',  ( -12.14999999999999503, -0.8499999999999998668, -11.31666666666666643 ) ) ;
#5223 = EDGE_LOOP ( 'NONE', ( #1438, #5190, #2257, #4553, #1494, #1543, #5369 ) ) ;
#5224 = VERTEX_POINT ( 'NONE', #1708 ) ;
#5225 = ORIENTED_EDGE ( 'NONE', *, *, #5581, .T. ) ;
#5226 = DIRECTION ( 'NONE',  ( -1.000000000000000000, -0.000000000000000000, -0.000000000000000000 ) ) ;
#5227 = DIRECTION ( 'NONE',  ( -1.000000000000000000, 0.000000000000000000, 1.807003620809175125E-16 ) ) ;
#5228 = FACE_OUTER_BOUND ( 'NONE', #4640, .T. ) ;
#5229 = CARTESIAN_POINT ( 'NONE',  ( 64.34999999999999432, 7.152246326680227639, -7.804090313690918990 ) ) ;
#5230 = LINE ( 'NONE', #1233, #2135 ) ;
#5231 = VERTEX_POINT ( 'NONE', #5626 ) ;
#5232 = VERTEX_POINT ( 'NONE', #5146 ) ;
#5233 = CARTESIAN_POINT ( 'NONE',  ( -70.54999999999996874, -2.899999999999999467, -11.34999999999999964 ) ) ;
#5234 = CARTESIAN_POINT ( 'NONE',  ( 5.250000000000006217, 5.050000000000000711, 2.850000000000000089 ) ) ;
#5235 = CARTESIAN_POINT ( 'NONE',  ( -54.15000000000001990, -1.412677864186190790, -5.649999999999989697 ) ) ;
#5236 = EDGE_CURVE ( 'NONE', #4523, #3559, #174, .T. ) ;
#5237 = EDGE_CURVE ( 'NONE', #4669, #4791, #4361, .T. ) ;
#5238 = CARTESIAN_POINT ( 'NONE',  ( 12.14999999999999503, -0.8499999999999999778, -11.65000000000000036 ) ) ;
#5239 = CARTESIAN_POINT ( 'NONE',  ( -14.14999999999999858, -4.430337716051879760, -8.875993786711596556 ) ) ;
#5240 = CARTESIAN_POINT ( 'NONE',  ( -64.34999999999999432, -2.750000000000000000, -5.000000000000000000 ) ) ;
#5241 = CARTESIAN_POINT ( 'NONE',  ( 7.149999999999995026, 0.8499999999999998668, -8.316666666666669983 ) ) ;
#5242 = EDGE_CURVE ( 'NONE', #1405, #4320, #5175, .T. ) ;
#5243 = PERSON_AND_ORGANIZATION_ROLE ( 'design_owner' ) ;
#5244 = VERTEX_POINT ( 'NONE', #3364 ) ;
#5245 = B_SPLINE_CURVE_WITH_KNOTS ( 'NONE', 3,
 ( #5418, #3203, #4125, #2357, #3697, #3542, #5073, #2764, #5470, #4542, #539 ),
 .UNSPECIFIED., .F., .F.,
 ( 4, 1, 1, 1, 1, 1, 1, 1, 4 ),
 ( 0.000000000000000000, 0.001563177935411662204, 0.003126355872687692009, 0.004689533809963723765, 0.006252711747239752052, 0.007815889684515785543, 0.009379067621791819034, 0.01094224555906784559, 0.01250542349447951451 ),
 .UNSPECIFIED. ) ;
#5246 = CARTESIAN_POINT ( 'NONE',  ( 9.946376354351970761, 0.8499999999999999778, -1.000000000000000000 ) ) ;
#5247 = LINE ( 'NONE', #2531, #1085 ) ;
#5248 = LINE ( 'NONE', #834, #4161 ) ;
#5249 = CARTESIAN_POINT ( 'NONE',  ( -12.24999999999999289, 8.050000000000000711, 0.8499999999999992006 ) ) ;
#5250 = ORIENTED_EDGE ( 'NONE', *, *, #1842, .T. ) ;
#5251 = EDGE_LOOP ( 'NONE', ( #2168, #4885, #3463, #5641, #2393, #4628, #4337, #3102 ) ) ;
#5252 = EDGE_CURVE ( 'NONE', #2042, #3770, #3859, .T. ) ;
#5253 = EDGE_CURVE ( 'NONE', #4476, #2828, #4840, .T. ) ;
#5254 = CARTESIAN_POINT ( 'NONE',  ( 14.15000000000000568, 1.470115514029999515, 2.499595202234077718 ) ) ;
#5255 = LINE ( 'NONE', #285, #5544 ) ;
#5256 = DIRECTION ( 'NONE',  ( 1.084202172485504434E-16, 0.000000000000000000, 1.000000000000000000 ) ) ;
#5257 = DIRECTION ( 'NONE',  ( 1.204669080539449344E-16, 0.000000000000000000, 1.000000000000000000 ) ) ;
#5258 = CARTESIAN_POINT ( 'NONE',  ( 13.15000000000000568, 0.8499999999999999778, -3.000000000000000000 ) ) ;
#5259 = ORIENTED_EDGE ( 'NONE', *, *, #5237, .F. ) ;
#5260 = ADVANCED_FACE ( 'NONE', ( #4747 ), #826, .F. ) ;
#5261 = FACE_OUTER_BOUND ( 'NONE', #3469, .T. ) ;
#5262 = LINE ( 'NONE', #4318, #712 ) ;
#5263 = CARTESIAN_POINT ( 'NONE',  ( -65.34999999999999432, -7.399999999999999467, -14.29999999999999893 ) ) ;
#5264 = ORIENTED_EDGE ( 'NONE', *, *, #479, .T. ) ;
#5265 = B_SPLINE_CURVE_WITH_KNOTS ( 'NONE', 3,
 ( #5207, #4832, #359, #3361, #2117, #3043, #3389, #822 ),
 .UNSPECIFIED., .F., .F.,
 ( 4, 2, 2, 4 ),
 ( 0.3562252349600870116, 0.5000000000000002220, 0.7500000000000000000, 1.000000000000000000 ),
 .UNSPECIFIED. ) ;
#5266 = CARTESIAN_POINT ( 'NONE',  ( 64.34999999999996589, 1.339215079511145490, -14.29999999999997584 ) ) ;
#5267 = PLANE ( 'NONE',  #1398 ) ;
#5268 = LINE ( 'NONE', #4748, #1473 ) ;
#5269 = CARTESIAN_POINT ( 'NONE',  ( 14.14999999999999503, 4.612205218160180920, -9.693481897772610267 ) ) ;
#5270 = CARTESIAN_POINT ( 'NONE',  ( 64.34999999999996589, 7.400120146127995291, -10.26567213406318402 ) ) ;
#5271 = VERTEX_POINT ( 'NONE', #2522 ) ;
#5272 = CARTESIAN_POINT ( 'NONE',  ( -65.34999999999999432, -7.399999999999999467, -6.000000000000000000 ) ) ;
#5273 = CIRCLE ( 'NONE', #4911, 0.9999999999999991118 ) ;
#5274 = DIRECTION ( 'NONE',  ( 0.000000000000000000, 1.000000000000000000, 0.000000000000000000 ) ) ;
#5275 = ADVANCED_FACE ( 'NONE', ( #4805 ), #4293, .F. ) ;
#5276 = CARTESIAN_POINT ( 'NONE',  ( -65.34999999999999432, -5.499999999999988454, -5.799999999999998046 ) ) ;
#5277 = LINE ( 'NONE', #2248, #2967 ) ;
#5278 = B_SPLINE_CURVE_WITH_KNOTS ( 'NONE', 3,
 ( #4996, #548, #3682, #141, #1935, #4341, #1669, #5644, #257, #3354 ),
 .UNSPECIFIED., .F., .F.,
 ( 4, 2, 2, 2, 4 ),
 ( 0.000000000000000000, 0.2500000000000000000, 0.5000000000000000000, 0.7500000000000000000, 1.000000000000000000 ),
 .UNSPECIFIED. ) ;
#5279 = CIRCLE ( 'NONE', #3314, 1.850000000000000977 ) ;
#5280 = VERTEX_POINT ( 'NONE', #3427 ) ;
#5281 = ORIENTED_EDGE ( 'NONE', *, *, #637, .T. ) ;
#5282 = DIRECTION ( 'NONE',  ( -8.673617379884035472E-17, -0.000000000000000000, -1.000000000000000000 ) ) ;
#5283 = AXIS2_PLACEMENT_3D ( 'NONE', #1063, #5514, #128 ) ;
#5284 = CARTESIAN_POINT ( 'NONE',  ( -54.14999999999999147, 2.314938844950381824, -5.650000000000000355 ) ) ;
#5285 = CYLINDRICAL_SURFACE ( 'NONE', #2313, 1.700000000000000178 ) ;
#5286 = CARTESIAN_POINT ( 'NONE',  ( 14.14999999999999503, 2.750000472036969068, -11.49970919014276660 ) ) ;
#5287 = AXIS2_PLACEMENT_3D ( 'NONE', #3860, #3484, #296 ) ;
#5288 = CARTESIAN_POINT ( 'NONE',  ( 14.14999999999999680, -4.331489314367783727, -8.661475549795284223 ) ) ;
#5289 = ORIENTED_EDGE ( 'NONE', *, *, #4776, .T. ) ;
#5290 = CARTESIAN_POINT ( 'NONE',  ( 54.15000000000005542, -5.671673470966832831, -12.53138204054240212 ) ) ;
#5291 = DIRECTION ( 'NONE',  ( 0.000000000000000000, 0.000000000000000000, -1.000000000000000000 ) ) ;
#5292 = CARTESIAN_POINT ( 'NONE',  ( -12.24999999999999289, 7.249999999999999112, 3.149999999999999023 ) ) ;
#5293 = AXIS2_PLACEMENT_3D ( 'NONE', #1630, #1225, #4788 ) ;
#5294 = AXIS2_PLACEMENT_3D ( 'NONE', #2910, #4725, #3873 ) ;
#5295 = ADVANCED_FACE ( 'NONE', ( #3458 ), #5211, .F. ) ;
#5296 = VERTEX_POINT ( 'NONE', #365 ) ;
#5297 = ORIENTED_EDGE ( 'NONE', *, *, #5122, .T. ) ;
#5298 = AXIS2_PLACEMENT_3D ( 'NONE', #577, #1938, #4137 ) ;
#5299 = AXIS2_PLACEMENT_3D ( 'NONE', #949, #4872, #2731 ) ;
#5300 = CARTESIAN_POINT ( 'NONE',  ( -54.14999999999999858, -2.749999999999999556, -13.65000000000000213 ) ) ;
#5301 = FACE_OUTER_BOUND ( 'NONE', #3443, .T. ) ;
#5302 = CARTESIAN_POINT ( 'NONE',  ( 12.14999999999999503, -0.8499999999999999778, -11.65000000000000036 ) ) ;
#5303 = CARTESIAN_POINT ( 'NONE',  ( 9.856325337947215104, 0.8499999999999998668, 1.833333333333333037 ) ) ;
#5304 = VECTOR ( 'NONE', #2515, 1000.000000000000000 ) ;
#5305 = APPROVAL_STATUS ( 'not_yet_approved' ) ;
#5306 = ORIENTED_EDGE ( 'NONE', *, *, #1426, .F. ) ;
#5307 = DIRECTION ( 'NONE',  ( 0.9832117635036931036, 0.1420007141002008200, -0.1145880678909927952 ) ) ;
#5308 = PLANE ( 'NONE',  #5540 ) ;
#5309 = DIRECTION ( 'NONE',  ( -1.084202172485504434E-16, -0.000000000000000000, -1.000000000000000000 ) ) ;
#5310 = CARTESIAN_POINT ( 'NONE',  ( 77.44999999999998863, 2.800000000000001599, -7.949999999999998401 ) ) ;
#5311 = EDGE_CURVE ( 'NONE', #1713, #5231, #5026, .T. ) ;
#5312 = ORIENTED_EDGE ( 'NONE', *, *, #4108, .T. ) ;
#5313 = VERTEX_POINT ( 'NONE', #2156 ) ;
#5314 = CARTESIAN_POINT ( 'NONE',  ( -13.04999999999999538, 4.049999999999999822, -0.8000000000000012657 ) ) ;
#5315 = CARTESIAN_POINT ( 'NONE',  ( 14.14999998153863103, 1.088027756734508245, -2.348623447683238830 ) ) ;
#5316 = CARTESIAN_POINT ( 'NONE',  ( -64.34999999999996589, 1.339215079511145490, -14.29999999999997584 ) ) ;
#5317 = LINE ( 'NONE', #1815, #3155 ) ;
#5318 = ORIENTED_EDGE ( 'NONE', *, *, #361, .F. ) ;
#5319 = FACE_BOUND ( 'NONE', #4134, .T. ) ;
#5320 = ORIENTED_EDGE ( 'NONE', *, *, #1740, .F. ) ;
#5321 = FACE_OUTER_BOUND ( 'NONE', #2765, .T. ) ;
#5322 = LINE ( 'NONE', #5292, #1393 ) ;
#5323 = CARTESIAN_POINT ( 'NONE',  ( 13.15000000000000568, 0.8499999999999999778, 1.000000000000000000 ) ) ;
#5324 = EDGE_CURVE ( 'NONE', #3760, #1162, #4035, .T. ) ;
#5325 = ADVANCED_FACE ( 'NONE', ( #4870 ), #2729, .T. ) ;
#5326 = ORIENTED_EDGE ( 'NONE', *, *, #3169, .T. ) ;
#5327 = DIRECTION ( 'NONE',  ( 0.000000000000000000, 0.000000000000000000, -1.000000000000000000 ) ) ;
#5328 = ADVANCED_FACE ( 'NONE', ( #3110 ), #2263, .F. ) ;
#5329 = CARTESIAN_POINT ( 'NONE',  ( -14.14999999999999503, -2.912473957942238290, -7.800713461668714821 ) ) ;
#5330 = CARTESIAN_POINT ( 'NONE',  ( -77.54999999999998295, 2.800000000000001599, -9.649999999999998579 ) ) ;
#5331 = LINE ( 'NONE', #1329, #1101 ) ;
#5332 = EDGE_CURVE ( 'NONE', #1088, #2017, #4894, .T. ) ;
#5333 = EDGE_LOOP ( 'NONE', ( #3039, #4126, #220, #1847 ) ) ;
#5334 = CARTESIAN_POINT ( 'NONE',  ( 12.14999999999999503, 0.8499999999999998668, -8.983333333333327175 ) ) ;
#5335 = DIRECTION ( 'NONE',  ( -1.000000000000000000, 0.000000000000000000, 0.000000000000000000 ) ) ;
#5336 = EDGE_CURVE ( 'NONE', #3209, #573, #4504, .T. ) ;
#5337 = CARTESIAN_POINT ( 'NONE',  ( 9.946376354351970761, 0.8499999999999998668, -2.333333333333332149 ) ) ;
#5338 = DIRECTION ( 'NONE',  ( 0.000000000000000000, 1.000000000000000000, 0.000000000000000000 ) ) ;
#5340 = ADVANCED_FACE ( 'NONE', ( #2286 ), #3977, .T. ) ;
#5339 = ORIENTED_EDGE ( 'NONE', *, *, #4962, .T. ) ;
#5341 = CARTESIAN_POINT ( 'NONE',  ( 7.149999999999995914, -0.8499999999999999778, -11.65000000000000036 ) ) ;
#5342 = CYLINDRICAL_SURFACE ( 'NONE', #3060, 0.5000000000000000000 ) ;
#5343 = CARTESIAN_POINT ( 'NONE',  ( 14.15000000000000391, 1.360856265922223418, 1.503184124153821077 ) ) ;
#5344 = CARTESIAN_POINT ( 'NONE',  ( -77.54999999999998295, -3.599999999999999645, -6.899999999999996803 ) ) ;
#5345 = ADVANCED_FACE ( 'NONE', ( #5301 ), #1825, .F. ) ;
#5346 = ORIENTED_EDGE ( 'NONE', *, *, #5460, .T. ) ;
#5347 = EDGE_LOOP ( 'NONE', ( #3735, #1642, #2162, #3352, #5259, #4836, #3197, #4722, #3283, #3566, #511, #3585 ) ) ;
#5348 = DIRECTION ( 'NONE',  ( -1.000000000000000000, 0.000000000000000000, 0.000000000000000000 ) ) ;
#5349 = ADVANCED_FACE ( 'NONE', ( #4419 ), #243, .F. ) ;
#5350 = LINE ( 'NONE', #5750, #3878 ) ;
#5351 = CARTESIAN_POINT ( 'NONE',  ( -8.649999999999995026, 4.750000000000000000, 10.50000000000000000 ) ) ;
#5352 = CARTESIAN_POINT ( 'NONE',  ( -14.04999999999999716, 0.8499999999999999778, -3.149999999999999911 ) ) ;
#5353 = CARTESIAN_POINT ( 'NONE',  ( -70.54999999999996874, -2.899999999999999467, -9.649999999999998579 ) ) ;
#5354 = DIRECTION ( 'NONE',  ( 1.000000000000000000, 0.000000000000000000, 0.000000000000000000 ) ) ;
#5355 = CARTESIAN_POINT ( 'NONE',  ( 14.14999999999999503, -0.9061914727981216222, -9.379357875808056022 ) ) ;
#5356 = EDGE_CURVE ( 'NONE', #4339, #5182, #5640, .T. ) ;
#5357 = ORIENTED_EDGE ( 'NONE', *, *, #2737, .F. ) ;
#5358 = ORIENTED_EDGE ( 'NONE', *, *, #361, .T. ) ;
#5359 = LINE ( 'NONE', #1362, #1072 ) ;
#5360 = CARTESIAN_POINT ( 'NONE',  ( -69.44999999999998863, -6.299999999999998934, -8.499999999999998224 ) ) ;
#5361 = CARTESIAN_POINT ( 'NONE',  ( 9.946376354351970761, 0.8499999999999998668, -1.666666666666665630 ) ) ;
#5362 = CARTESIAN_POINT ( 'NONE',  ( -65.34999999999999432, 7.399999999999999467, -14.30000000000000071 ) ) ;
#5363 = EDGE_LOOP ( 'NONE', ( #4287, #3523, #5306, #3092, #2346, #3900, #5736, #4971 ) ) ;
#5364 = ORIENTED_EDGE ( 'NONE', *, *, #5692, .T. ) ;
#5365 = CARTESIAN_POINT ( 'NONE',  ( 14.14994746369334955, 0.9806175411937902986, -2.179476195235620750 ) ) ;
#5366 = CARTESIAN_POINT ( 'NONE',  ( -64.34999999999999432, 2.265764042632205655, -5.000000000000000888 ) ) ;
#5367 = VECTOR ( 'NONE', #4627, 1000.000000000000000 ) ;
#5368 = DIRECTION ( 'NONE',  ( -1.000000000000000000, -0.000000000000000000, -0.000000000000000000 ) ) ;
#5369 = ORIENTED_EDGE ( 'NONE', *, *, #2368, .F. ) ;
#5370 = ORIENTED_EDGE ( 'NONE', *, *, #5376, .F. ) ;
#5371 = VECTOR ( 'NONE', #4116, 1000.000000000000000 ) ;
#5372 = DIRECTION ( 'NONE',  ( 0.000000000000000000, 0.000000000000000000, -1.000000000000000000 ) ) ;
#5373 = CARTESIAN_POINT ( 'NONE',  ( 65.34999999999999432, 7.000000000000000000, -13.50000000000000178 ) ) ;
#5374 = CARTESIAN_POINT ( 'NONE',  ( 14.15000000000000568, 1.429884485970000174, 1.500404797765922282 ) ) ;
#5375 = AXIS2_PLACEMENT_3D ( 'NONE', #1833, #477, #4461 ) ;
#5376 = EDGE_CURVE ( 'NONE', #2173, #1682, #972, .T. ) ;
#5377 = ORIENTED_EDGE ( 'NONE', *, *, #1780, .F. ) ;
#5378 = DIRECTION ( 'NONE',  ( -1.000000000000000000, -0.000000000000000000, -0.000000000000000000 ) ) ;
#5379 = VECTOR ( 'NONE', #801, 1000.000000000000227 ) ;
#5380 = CARTESIAN_POINT ( 'NONE',  ( 14.14999999999999503, 1.168510685632216495, -10.63852445020471649 ) ) ;
#5381 = AXIS2_PLACEMENT_3D ( 'NONE', #103, #5511, #3303 ) ;
#5382 = EDGE_LOOP ( 'NONE', ( #2929, #221, #5097, #3818 ) ) ;
#5383 = CARTESIAN_POINT ( 'NONE',  ( -69.44999999999998863, 6.200000000000000178, -12.40000000000000213 ) ) ;
#5384 = CARTESIAN_POINT ( 'NONE',  ( 14.14999999999999503, -0.9867730723459047226, -10.24397912920230702 ) ) ;
#5385 = CIRCLE ( 'NONE', #5298, 1.700000000000000178 ) ;
#5386 = VECTOR ( 'NONE', #3505, 1000.000000000000000 ) ;
#5387 = PERSON_AND_ORGANIZATION ( #18446744073709551615, #18446744073709551615 ) ;
#5388 = EDGE_LOOP ( 'NONE', ( #5632, #5035, #3084, #3125 ) ) ;
#5389 = CARTESIAN_POINT ( 'NONE',  ( 12.61606272572534237, 0.8499999999999998668, -1.000000000000000000 ) ) ;
#5390 = PLANE ( 'NONE',  #2579 ) ;
#5391 = AXIS2_PLACEMENT_3D ( 'NONE', #3914, #3729, #4596 ) ;
#5392 = CIRCLE ( 'NONE', #5187, 1.850000000000000977 ) ;
#5393 = DIRECTION ( 'NONE',  ( 0.000000000000000000, 0.000000000000000000, -1.000000000000000000 ) ) ;
#5394 = CIRCLE ( 'NONE', #3993, 1.700000000000000178 ) ;
#5395 = ORIENTED_EDGE ( 'NONE', *, *, #2229, .F. ) ;
#5396 = CARTESIAN_POINT ( 'NONE',  ( -64.34999999999999432, 7.400048621300935103, -9.650553341058008883 ) ) ;
#5397 = CARTESIAN_POINT ( 'NONE',  ( 54.14999999999993463, -1.412677864186193899, -13.64999999999998614 ) ) ;
#5398 = CARTESIAN_POINT ( 'NONE',  ( -14.14999999999999503, 0.8499999999999999778, -12.94999999999999929 ) ) ;
#5399 = CARTESIAN_POINT ( 'NONE',  ( 14.15000000000000568, 1.138486645806883191, 1.600238438203201996 ) ) ;
#5400 = DIRECTION ( 'NONE',  ( 1.000000000000000000, 0.000000000000000000, 0.000000000000000000 ) ) ;
#5401 = VERTEX_POINT ( 'NONE', #20 ) ;
#5402 = EDGE_LOOP ( 'NONE', ( #5108, #4447, #3406, #3705 ) ) ;
#5403 = CARTESIAN_POINT ( 'NONE',  ( 12.14999999999999325, -0.8499999999999990896, -7.650000000000000355 ) ) ;
#5404 = CARTESIAN_POINT ( 'NONE',  ( -8.649999999999996803, 7.249999999999999112, 0.04999999999999933664 ) ) ;
#5405 = FACE_BOUND ( 'NONE', #4029, .T. ) ;
#5406 = ORIENTED_EDGE ( 'NONE', *, *, #4852, .F. ) ;
#5407 = FACE_OUTER_BOUND ( 'NONE', #5463, .T. ) ;
#5408 = CARTESIAN_POINT ( 'NONE',  ( 9.233333333333332504, 0.8499999999999998668, -11.65000000000000036 ) ) ;
#5409 = CARTESIAN_POINT ( 'NONE',  ( 12.14999999999999503, -0.8499999999999999778, -11.65000000000000036 ) ) ;
#5410 = EDGE_CURVE ( 'NONE', #1019, #938, #3289, .T. ) ;
#5411 = ORIENTED_EDGE ( 'NONE', *, *, #1529, .F. ) ;
#5412 = VERTEX_POINT ( 'NONE', #383 ) ;
#5413 = CARTESIAN_POINT ( 'NONE',  ( 14.14999999999999503, 1.168510685632216495, -10.63852445020471649 ) ) ;
#5414 = DIRECTION ( 'NONE',  ( 0.000000000000000000, 0.000000000000000000, 1.000000000000000000 ) ) ;
#5415 = LINE ( 'NONE', #1487, #3615 ) ;
#5416 = EDGE_CURVE ( 'NONE', #5583, #4068, #356, .T. ) ;
#5417 = ADVANCED_FACE ( 'NONE', ( #3475 ), #1609, .T. ) ;
#5418 = CARTESIAN_POINT ( 'NONE',  ( -54.14999999999999858, 2.750000000000000444, -5.650000000000000355 ) ) ;
#5419 = EDGE_LOOP ( 'NONE', ( #1666, #3737, #1456, #3215, #660 ) ) ;
#5420 = ORIENTED_EDGE ( 'NONE', *, *, #1787, .T. ) ;
#5421 = CARTESIAN_POINT ( 'NONE',  ( 64.34999999999999432, 4.546899923333081794, -5.231844643362122405 ) ) ;
#5422 = CARTESIAN_POINT ( 'NONE',  ( 54.15000000000021885, 5.671673470966819508, -6.768617959457587041 ) ) ;
#5423 = DIRECTION ( 'NONE',  ( 0.000000000000000000, 0.000000000000000000, 1.000000000000000000 ) ) ;
#5424 = VERTEX_POINT ( 'NONE', #2200 ) ;
#5425 = ADVANCED_FACE ( 'NONE', ( #4798 ), #4626, .T. ) ;
#5426 = VERTEX_POINT ( 'NONE', #2111 ) ;
#5427 = ORIENTED_EDGE ( 'NONE', *, *, #5252, .F. ) ;
#5428 = VERTEX_POINT ( 'NONE', #5653 ) ;
#5429 = CARTESIAN_POINT ( 'NONE',  ( -64.34999999999999432, 2.750000000000000000, -14.30000000000000071 ) ) ;
#5430 = FACE_OUTER_BOUND ( 'NONE', #3926, .T. ) ;
#5431 = FACE_BOUND ( 'NONE', #4639, .T. ) ;
#5432 = CARTESIAN_POINT ( 'NONE',  ( -64.34999999999999432, -2.750000000000000000, -9.650000000000000355 ) ) ;
#5433 = CARTESIAN_POINT ( 'NONE',  ( 64.35000000000005116, 4.546899923333069360, -14.06815535663789696 ) ) ;
#5434 = CARTESIAN_POINT ( 'NONE',  ( -8.649999999999995026, 7.249999999999999112, 8.849999999999997868 ) ) ;
#5435 = EDGE_CURVE ( 'NONE', #488, #1604, #4734, .T. ) ;
#5436 = EDGE_LOOP ( 'NONE', ( #556, #1429, #2920, #226 ) ) ;
#5437 = ORIENTED_EDGE ( 'NONE', *, *, #2844, .F. ) ;
#5438 = CARTESIAN_POINT ( 'NONE',  ( -64.34999999999999432, -6.400000000000000355, -14.29999999999999893 ) ) ;
#5439 = CARTESIAN_POINT ( 'NONE',  ( -11.73333333333333073, 0.8499999999999998668, -11.65000000000000036 ) ) ;
#5440 = EDGE_CURVE ( 'NONE', #5584, #5680, #4286, .T. ) ;
#5441 = FACE_OUTER_BOUND ( 'NONE', #1952, .T. ) ;
#5442 = CARTESIAN_POINT ( 'NONE',  ( 14.14999999999999858, -2.750000471959145099, -11.49970919023851224 ) ) ;
#5443 = EDGE_LOOP ( 'NONE', ( #491, #5318, #4762, #601 ) ) ;
#5444 = EDGE_CURVE ( 'NONE', #1412, #512, #5230, .T. ) ;
#5445 = DIRECTION ( 'NONE',  ( -2.168404344971008868E-16, -0.000000000000000000, -1.000000000000000000 ) ) ;
#5446 = CARTESIAN_POINT ( 'NONE',  ( 14.14999999999999503, 1.533103550412733052, -8.242540076835457086 ) ) ;
#5447 = CARTESIAN_POINT ( 'NONE',  ( -54.14999999999999858, -3.285234860469026241, -5.649999999999998579 ) ) ;
#5448 = EDGE_CURVE ( 'NONE', #4379, #1025, #5394, .T. ) ;
#5449 = DIRECTION ( 'NONE',  ( -1.000000000000000000, -0.000000000000000000, -0.000000000000000000 ) ) ;
#5450 = ORIENTED_EDGE ( 'NONE', *, *, #4707, .T. ) ;
#5451 = ORIENTED_EDGE ( 'NONE', *, *, #1921, .T. ) ;
#5452 = CARTESIAN_POINT ( 'NONE',  ( -69.44999999999998863, -3.599999999999999645, -6.899999999999996803 ) ) ;
#5453 = CIRCLE ( 'NONE', #3689, 1.700000000000000178 ) ;
#5454 = CARTESIAN_POINT ( 'NONE',  ( -77.54999999999998295, -2.899999999999999467, -9.649999999999998579 ) ) ;
#5455 = DIRECTION ( 'NONE',  ( 1.000000000000000000, 0.000000000000000000, 0.000000000000000000 ) ) ;
#5456 = VECTOR ( 'NONE', #5713, 1000.000000000000000 ) ;
#5457 = DIRECTION ( 'NONE',  ( 0.000000000000000000, -1.000000000000000000, 0.000000000000000000 ) ) ;
#5458 = LINE ( 'NONE', #5037, #344 ) ;
#5459 = DIRECTION ( 'NONE',  ( 0.000000000000000000, 1.000000000000000000, -1.172110456741086074E-16 ) ) ;
#5460 = EDGE_CURVE ( 'NONE', #4243, #512, #4467, .T. ) ;
#5461 = VECTOR ( 'NONE', #1242, 1000.000000000000000 ) ;
#5462 = CIRCLE ( 'NONE', #2951, 0.5000000000000000000 ) ;
#5463 = EDGE_LOOP ( 'NONE', ( #966, #843, #3386, #4577 ) ) ;
#5464 = ORIENTED_EDGE ( 'NONE', *, *, #3223, .F. ) ;
#5465 = AXIS2_PLACEMENT_3D ( 'NONE', #707, #3366, #1183 ) ;
#5466 = CARTESIAN_POINT ( 'NONE',  ( -14.04999999999999538, 0.8499999999999999778, 12.84999999999999964 ) ) ;
#5467 = FACE_OUTER_BOUND ( 'NONE', #2609, .T. ) ;
#5468 = CARTESIAN_POINT ( 'NONE',  ( -8.649999999999995026, 7.249999999999999112, 8.849999999999997868 ) ) ;
#5469 = AXIS2_PLACEMENT_3D ( 'NONE', #968, #4524, #1440 ) ;
#5470 = CARTESIAN_POINT ( 'NONE',  ( -54.15000000000014779, 4.345806406413836420, -13.43291034902261138 ) ) ;
#5471 = ORIENTED_EDGE ( 'NONE', *, *, #4306, .T. ) ;
#5472 = EDGE_CURVE ( 'NONE', #2097, #3270, #165, .T. ) ;
#5473 = CARTESIAN_POINT ( 'NONE',  ( -7.149999999999995026, 0.8499999999999998668, -9.316666666666671759 ) ) ;
#5474 = AXIS2_PLACEMENT_3D ( 'NONE', #5107, #631, #5423 ) ;
#5475 = VECTOR ( 'NONE', #3972, 1000.000000000000000 ) ;
#5476 = CARTESIAN_POINT ( 'NONE',  ( -69.44999999999998863, -6.999999999999999112, -7.300000000000008704 ) ) ;
#5477 = CARTESIAN_POINT ( 'NONE',  ( -54.14999999999999147, -2.749999998084910136, -5.649999999999998579 ) ) ;
#5478 = PLANE ( 'NONE',  #5474 ) ;
#5479 = ADVANCED_FACE ( 'NONE', ( #1923 ), #2845, .T. ) ;
#5480 = VECTOR ( 'NONE', #5598, 1000.000000000000000 ) ;
#5481 = ORIENTED_EDGE ( 'NONE', *, *, #4647, .T. ) ;
#5482 = ORIENTED_EDGE ( 'NONE', *, *, #1619, .F. ) ;
#5483 = EDGE_LOOP ( 'NONE', ( #3269, #51 ) ) ;
#5484 = LINE ( 'NONE', #180, #4731 ) ;
#5485 = DIRECTION ( 'NONE',  ( 0.000000000000000000, 0.000000000000000000, -1.000000000000000000 ) ) ;
#5486 = LINE ( 'NONE', #1973, #4358 ) ;
#5487 = ORIENTED_EDGE ( 'NONE', *, *, #4668, .F. ) ;
#5488 = DIRECTION ( 'NONE',  ( -1.000000000000000000, 0.000000000000000000, 1.807003620809175371E-16 ) ) ;
#5489 = PLANE ( 'NONE',  #5545 ) ;
#5490 = CARTESIAN_POINT ( 'NONE',  ( -69.44999999999998863, -5.500000000000000000, -13.49999999999999822 ) ) ;
#5491 = ADVANCED_FACE ( 'NONE', ( #4438 ), #5497, .T. ) ;
#5492 = VERTEX_POINT ( 'NONE', #4002 ) ;
#5493 = FACE_OUTER_BOUND ( 'NONE', #487, .T. ) ;
#5494 = CARTESIAN_POINT ( 'NONE',  ( 14.15000000000000568, 1.449999999999999956, -1.999999999999999556 ) ) ;
#5495 = CARTESIAN_POINT ( 'NONE',  ( 78.44999999999997442, -5.499999999999988454, -5.799999999999998046 ) ) ;
#5496 = DIRECTION ( 'NONE',  ( 0.000000000000000000, 0.000000000000000000, 1.000000000000000000 ) ) ;
#5497 = CYLINDRICAL_SURFACE ( 'NONE', #360, 2.000000000000000000 ) ;
#5498 = ORIENTED_EDGE ( 'NONE', *, *, #4261, .T. ) ;
#5499 = CARTESIAN_POINT ( 'NONE',  ( -7.149999999999995914, 0.8499999999999998668, -11.31666666666666998 ) ) ;
#5500 = CARTESIAN_POINT ( 'NONE',  ( 14.14999999999999680, 1.378730829410057979, -8.389317719738045298 ) ) ;
#5501 = PLANE ( 'NONE',  #3137 ) ;
#5502 = LINE ( 'NONE', #4188, #2867 ) ;
#5503 = ORIENTED_EDGE ( 'NONE', *, *, #5196, .F. ) ;
#5504 = VERTEX_POINT ( 'NONE', #2795 ) ;
#5505 = ORIENTED_EDGE ( 'NONE', *, *, #2947, .F. ) ;
#5506 = CARTESIAN_POINT ( 'NONE',  ( -65.34999999999999432, 7.000000000000000000, -5.800000000000000711 ) ) ;
#5507 = CARTESIAN_POINT ( 'NONE',  ( -13.04999999999999538, 1.892019187408338692E-30, 1.857962188994824285E-15 ) ) ;
#5508 = CARTESIAN_POINT ( 'NONE',  ( -8.649999999999996803, 6.200000000000000178, 0.04999999999999944766 ) ) ;
#5509 = EDGE_CURVE ( 'NONE', #1881, #2921, #89, .T. ) ;
#5510 = LINE ( 'NONE', #1887, #4527 ) ;
#5511 = DIRECTION ( 'NONE',  ( -1.000000000000000000, 0.000000000000000000, 0.000000000000000000 ) ) ;
#5512 = LINE ( 'NONE', #2870, #5021 ) ;
#5513 = DIRECTION ( 'NONE',  ( 0.000000000000000000, 0.000000000000000000, 1.000000000000000000 ) ) ;
#5514 = DIRECTION ( 'NONE',  ( 0.000000000000000000, 0.5098023903017335767, -0.8602915336341738772 ) ) ;
#5515 = CARTESIAN_POINT ( 'NONE',  ( 64.34999999999999432, -2.750000000000000000, -5.000000000000000000 ) ) ;
#5516 = CARTESIAN_POINT ( 'NONE',  ( 14.14999999999999503, 2.129882892781538750, -7.885818395637513412 ) ) ;
#5517 = LINE ( 'NONE', #744, #823 ) ;
#5518 = ORIENTED_EDGE ( 'NONE', *, *, #5057, .F. ) ;
#5519 = CARTESIAN_POINT ( 'NONE',  ( -7.449999999999994849, 8.050000000000000711, 0.8500000000000000888 ) ) ;
#5520 = EDGE_LOOP ( 'NONE', ( #2663, #634, #1007, #4862, #2214, #3811 ) ) ;
#5521 = LINE ( 'NONE', #1987, #1739 ) ;
#5522 = CARTESIAN_POINT ( 'NONE',  ( -64.34999999999999432, -3.345732259861895042, -14.30000000000000249 ) ) ;
#5523 = LINE ( 'NONE', #1878, #1392 ) ;
#5524 = ORIENTED_EDGE ( 'NONE', *, *, #5435, .T. ) ;
#5525 = ORIENTED_EDGE ( 'NONE', *, *, #878, .T. ) ;
#5526 = ORIENTED_EDGE ( 'NONE', *, *, #1790, .F. ) ;
#5527 = DIRECTION ( 'NONE',  ( 0.000000000000000000, -1.000000000000000000, 0.000000000000000000 ) ) ;
#5528 = PLANE ( 'NONE',  #3976 ) ;
#5529 = DIRECTION ( 'NONE',  ( -9.306807796734695098E-33, -1.000000000000000000, 1.428737873575191055E-48 ) ) ;
#5530 = ADVANCED_FACE ( 'NONE', ( #131 ), #3671, .T. ) ;
#5531 = AXIS2_PLACEMENT_3D ( 'NONE', #4469, #895, #29 ) ;
#5532 = CARTESIAN_POINT ( 'NONE',  ( -14.14999999999999503, -2.834642313602825148, -11.51807859539794521 ) ) ;
#5533 = CARTESIAN_POINT ( 'NONE',  ( 54.15000000000012648, -6.851864535865279215, -9.649999999999993250 ) ) ;
#5534 = PLANE ( 'NONE',  #1200 ) ;
#5535 = VECTOR ( 'NONE', #2057, 1000.000000000000000 ) ;
#5536 = EDGE_CURVE ( 'NONE', #3770, #4449, #1428, .T. ) ;
#5537 = ORIENTED_EDGE ( 'NONE', *, *, #4852, .T. ) ;
#5538 = CARTESIAN_POINT ( 'NONE',  ( 9.233333333333332504, -0.8499999999999998668, -11.65000000000000036 ) ) ;
#5539 = B_SPLINE_CURVE_WITH_KNOTS ( 'NONE', 3,
 ( #1192, #771, #2043, #3812, #4811, #2593, #1658 ),
 .UNSPECIFIED., .F., .F.,
 ( 4, 1, 1, 1, 4 ),
 ( 0.5000374722721379062, 0.6249999999440967180, 0.7499999999627309233, 0.8749999999813655727, 1.000000000000000000 ),
 .UNSPECIFIED. ) ;
#5540 = AXIS2_PLACEMENT_3D ( 'NONE', #501, #2270, #1308 ) ;
#5541 = CARTESIAN_POINT ( 'NONE',  ( -12.24999999999999289, 8.050000000000000711, 0.8499999999999992006 ) ) ;
#5542 = DIRECTION ( 'NONE',  ( -1.535153518563545837E-16, -0.000000000000000000, -1.000000000000000000 ) ) ;
#5543 = CARTESIAN_POINT ( 'NONE',  ( 14.14999999999999503, 2.749999764018621118, -7.800290809857203911 ) ) ;
#5544 = VECTOR ( 'NONE', #3791, 1000.000000000000000 ) ;
#5545 = AXIS2_PLACEMENT_3D ( 'NONE', #1888, #4139, #3252 ) ;
#5546 = CARTESIAN_POINT ( 'NONE',  ( -14.14999999999999503, -4.475598650147010638, -10.35369477970231955 ) ) ;
#5547 = ORIENTED_EDGE ( 'NONE', *, *, #3742, .F. ) ;
#5548 = B_SPLINE_SURFACE_WITH_KNOTS ( 'NONE', 3, 1, ( 
 ( #5051, #2359 ),
 ( #3292, #5499 ),
 ( #2011, #3315 ),
 ( #5075, #214 ),
 ( #4663, #2797 ),
 ( #4572, #5473 ),
 ( #3673, #4127 ),
 ( #193, #1458 ),
 ( #1490, #2823 ),
 ( #5020, #2441 ) ),
 .UNSPECIFIED., .F., .F., .F.,
 ( 4, 2, 2, 2, 4 ),
 ( 2, 2 ),
 ( 0.000000000000000000, 0.2500000000000000000, 0.5000000000000000000, 0.7500000000000000000, 1.000000000000000000 ),
 ( 0.000000000000000000, 1.000000000000000000 ),
 .UNSPECIFIED. ) ;
#5549 = CARTESIAN_POINT ( 'NONE',  ( -7.449999999999993960, 7.249999999999999112, 8.849999999999997868 ) ) ;
#5550 = CARTESIAN_POINT ( 'NONE',  ( 16.15000000000000568, 1.449999999999999956, -2.499999999999999556 ) ) ;
#5551 = AXIS2_PLACEMENT_3D ( 'NONE', #4490, #4878, #2655 ) ;
#5552 = AXIS2_PLACEMENT_3D ( 'NONE', #4916, #2178, #875 ) ;
#5553 = CARTESIAN_POINT ( 'NONE',  ( -54.14999999999999858, 2.750000000000000000, -9.650000000000000355 ) ) ;
#5554 = CARTESIAN_POINT ( 'NONE',  ( -12.14999999999999503, -0.8499999999999998668, -10.98333333333333073 ) ) ;
#5555 = ORIENTED_EDGE ( 'NONE', *, *, #1454, .T. ) ;
#5556 = AXIS2_PLACEMENT_3D ( 'NONE', #4675, #3741, #1912 ) ;
#5557 = VERTEX_POINT ( 'NONE', #437 ) ;
#5558 = VECTOR ( 'NONE', #5094, 1000.000000000000000 ) ;
#5559 = ORIENTED_EDGE ( 'NONE', *, *, #3590, .F. ) ;
#5560 = CARTESIAN_POINT ( 'NONE',  ( 77.44999999999998863, -2.899999999999999467, -9.649999999999998579 ) ) ;
#5561 = CARTESIAN_POINT ( 'NONE',  ( 14.15000000000000568, 1.450000070828099341, 2.499983903525109241 ) ) ;
#5562 = AXIS2_PLACEMENT_3D ( 'NONE', #4720, #720, #375 ) ;
#5563 = LINE ( 'NONE', #998, #3432 ) ;
#5564 = ORIENTED_EDGE ( 'NONE', *, *, #977, .T. ) ;
#5565 = CARTESIAN_POINT ( 'NONE',  ( 14.15000000000000568, 1.922108534254725276, -2.166971418000773753 ) ) ;
#5566 = CARTESIAN_POINT ( 'NONE',  ( -64.34999999999999432, -7.399999999999999467, -13.29999999999999716 ) ) ;
#5567 = DIRECTION ( 'NONE',  ( 0.000000000000000000, 0.000000000000000000, 1.000000000000000000 ) ) ;
#5568 = CARTESIAN_POINT ( 'NONE',  ( -12.14999999999999503, 0.8499999999999998668, -10.98333333333333073 ) ) ;
#5569 = CARTESIAN_POINT ( 'NONE',  ( -70.54999999999996874, 2.800000000000001599, -9.649999999999998579 ) ) ;
#5570 = CARTESIAN_POINT ( 'NONE',  ( -12.14999999999999503, 0.8499999999999999778, -7.650000000000000355 ) ) ;
#5571 = FACE_BOUND ( 'NONE', #5208, .T. ) ;
#5572 = ORIENTED_EDGE ( 'NONE', *, *, #683, .T. ) ;
#5573 = CARTESIAN_POINT ( 'NONE',  ( -13.04999999999999538, 4.750000000000000000, 10.50000000000000000 ) ) ;
#5574 = CARTESIAN_POINT ( 'NONE',  ( -64.34999999999999432, 0.000000000000000000, 0.000000000000000000 ) ) ;
#5575 = ORIENTED_EDGE ( 'NONE', *, *, #2342, .T. ) ;
#5576 = CARTESIAN_POINT ( 'NONE',  ( 9.946376354351970761, 0.8499999999999995337, -1.000000000000000000 ) ) ;
#5577 = VERTEX_POINT ( 'NONE', #2231 ) ;
#5578 = PLANE ( 'NONE',  #4531 ) ;
#5579 = ADVANCED_FACE ( 'NONE', ( #5319, #3232, #1958 ), #5049, .F. ) ;
#5580 = CARTESIAN_POINT ( 'NONE',  ( -77.54999999999998295, 6.200000000000000178, -6.899999999999998579 ) ) ;
#5581 = EDGE_CURVE ( 'NONE', #5727, #2907, #4151, .T. ) ;
#5582 = CARTESIAN_POINT ( 'NONE',  ( -54.14999999999999858, 2.750000000000000444, -5.650000000000000355 ) ) ;
#5583 = VERTEX_POINT ( 'NONE', #1512 ) ;
#5584 = VERTEX_POINT ( 'NONE', #110 ) ;
#5585 = ORIENTED_EDGE ( 'NONE', *, *, #928, .T. ) ;
#5586 = LINE ( 'NONE', #1137, #3243 ) ;
#5587 = LINE ( 'NONE', #1610, #802 ) ;
#5588 = CARTESIAN_POINT ( 'NONE',  ( -8.816666666666657548, -0.8499999999999998668, -7.650000000000000355 ) ) ;
#5589 = EDGE_CURVE ( 'NONE', #138, #4402, #1677, .T. ) ;
#5590 = CARTESIAN_POINT ( 'NONE',  ( 12.04818817717598911, 1.311681867173110749, -1.309319707815892464 ) ) ;
#5591 = VERTEX_POINT ( 'NONE', #5017 ) ;
#5592 = CARTESIAN_POINT ( 'NONE',  ( -12.14999999999999503, -0.8499999999999999778, -11.65000000000000036 ) ) ;
#5593 = DIRECTION ( 'NONE',  ( 1.000000000000000000, 0.000000000000000000, 0.000000000000000000 ) ) ;
#5594 = CARTESIAN_POINT ( 'NONE',  ( -64.35000000000000853, 7.152246326680227639, -11.49590968630909060 ) ) ;
#5595 = ORIENTED_EDGE ( 'NONE', *, *, #1692, .T. ) ;
#5596 = ORIENTED_EDGE ( 'NONE', *, *, #2401, .F. ) ;
#5597 = DIRECTION ( 'NONE',  ( 1.000000000000000000, -0.000000000000000000, 1.971276677246372012E-16 ) ) ;
#5598 = DIRECTION ( 'NONE',  ( 7.542275982507859119E-16, 0.000000000000000000, -1.000000000000000000 ) ) ;
#5599 = CARTESIAN_POINT ( 'NONE',  ( -12.24999999999999289, 8.050000000000000711, 3.149999999999999023 ) ) ;
#5600 = CARTESIAN_POINT ( 'NONE',  ( 9.856325337947215104, 0.8499999999999998668, 2.666666666666666075 ) ) ;
#5601 = LINE ( 'NONE', #4297, #5197 ) ;
#5602 = DIRECTION ( 'NONE',  ( -0.000000000000000000, 1.000000000000000000, -0.000000000000000000 ) ) ;
#5603 = ORIENTED_EDGE ( 'NONE', *, *, #3593, .T. ) ;
#5604 = CARTESIAN_POINT ( 'NONE',  ( 64.34999999999999432, -7.399999999999999467, -14.29999999999999893 ) ) ;
#5605 = EDGE_CURVE ( 'NONE', #1933, #1919, #4268, .T. ) ;
#5606 = CARTESIAN_POINT ( 'NONE',  ( -3.300000000000001155, 1.850000000000000089, -5.849999999999999645 ) ) ;
#5607 = CARTESIAN_POINT ( 'NONE',  ( 78.44999999999997442, -6.999999999999999112, -7.300000000000008704 ) ) ;
#5608 = LINE ( 'NONE', #1226, #1857 ) ;
#5609 = EDGE_CURVE ( 'NONE', #5401, #5010, #5245, .T. ) ;
#5610 = ORIENTED_EDGE ( 'NONE', *, *, #4964, .F. ) ;
#5611 = VERTEX_POINT ( 'NONE', #4103 ) ;
#5612 = VERTEX_POINT ( 'NONE', #5442 ) ;
#5613 = CARTESIAN_POINT ( 'NONE',  ( 78.44999999999997442, -3.600000000000000089, -12.40000000000000213 ) ) ;
#5614 = FACE_OUTER_BOUND ( 'NONE', #5333, .T. ) ;
#5615 = FACE_OUTER_BOUND ( 'NONE', #4279, .T. ) ;
#5616 = DIRECTION ( 'NONE',  ( -0.9667778127529165211, -0.2123614402042853233, 0.1422788792584778750 ) ) ;
#5617 = CARTESIAN_POINT ( 'NONE',  ( 14.15000000000000568, 1.126636265653778057, -2.381360584368213740 ) ) ;
#5618 = ORIENTED_EDGE ( 'NONE', *, *, #5332, .T. ) ;
#5619 = FACE_OUTER_BOUND ( 'NONE', #2591, .T. ) ;
#5620 = DIRECTION ( 'NONE',  ( -1.000000000000000000, -0.000000000000000000, 1.084202172485504557E-16 ) ) ;
#5621 = ADVANCED_FACE ( 'NONE', ( #1488 ), #592, .F. ) ;
#5622 = CARTESIAN_POINT ( 'NONE',  ( -64.35000000000005116, -3.903127820947815962E-15, -14.30000000000002203 ) ) ;
#5623 = ORIENTED_EDGE ( 'NONE', *, *, #1060, .F. ) ;
#5624 = DIRECTION ( 'NONE',  ( -1.000000000000000000, 0.000000000000000000, -0.000000000000000000 ) ) ;
#5625 = EDGE_CURVE ( 'NONE', #4398, #2201, #5517, .T. ) ;
#5626 = CARTESIAN_POINT ( 'NONE',  ( 54.14999999999999858, -2.750000000000000000, -11.50000000000000178 ) ) ;
#5627 = CARTESIAN_POINT ( 'NONE',  ( -0.7499999999999928946, 5.050000000000000711, 12.84999999999999964 ) ) ;
#5628 = DIRECTION ( 'NONE',  ( -0.8796740011905005430, -0.4499291374147321720, 0.1540695392825272847 ) ) ;
#5629 = VECTOR ( 'NONE', #715, 1000.000000000000000 ) ;
#5630 = FACE_OUTER_BOUND ( 'NONE', #3761, .T. ) ;
#5631 = CARTESIAN_POINT ( 'NONE',  ( -14.14999999999999503, -3.804016421976768036, -11.17037803924000983 ) ) ;
#5632 = ORIENTED_EDGE ( 'NONE', *, *, #842, .T. ) ;
#5633 = CARTESIAN_POINT ( 'NONE',  ( 65.34999999999999432, -6.999999999999999112, -11.99999999999998757 ) ) ;
#5634 = CARTESIAN_POINT ( 'NONE',  ( 65.34999999999999432, 7.399999999999999467, -5.000000000000000888 ) ) ;
#5635 = EDGE_CURVE ( 'NONE', #5244, #714, #713, .T. ) ;
#5636 = CARTESIAN_POINT ( 'NONE',  ( -65.34999999999999432, 7.399999999999999467, -14.30000000000000071 ) ) ;
#5637 = VECTOR ( 'NONE', #4471, 1000.000000000000000 ) ;
#5638 = VECTOR ( 'NONE', #4266, 1000.000000000000000 ) ;
#5639 = CARTESIAN_POINT ( 'NONE',  ( -14.14999999999999503, -1.533103550412733052, -8.242540076835457086 ) ) ;
#5640 = B_SPLINE_CURVE_WITH_KNOTS ( 'NONE', 3,
 ( #4452, #5329, #447, #1327, #4980, #415, #1303, #3166 ),
 .UNSPECIFIED., .F., .F.,
 ( 4, 2, 2, 4 ),
 ( 0.3562252349600870116, 0.5000000000000002220, 0.7500000000000000000, 1.000000000000000000 ),
 .UNSPECIFIED. ) ;
#5641 = ORIENTED_EDGE ( 'NONE', *, *, #274, .T. ) ;
#5642 = ORIENTED_EDGE ( 'NONE', *, *, #3946, .F. ) ;
#5643 = CIRCLE ( 'NONE', #1379, 0.5000000000000000000 ) ;
#5644 = CARTESIAN_POINT ( 'NONE',  ( -14.14999999999999680, -4.121269170589943798, -10.91068228026195719 ) ) ;
#5645 = ADVANCED_FACE ( 'NONE', ( #3369 ), #763, .F. ) ;
#5646 = LINE ( 'NONE', #1670, #5637 ) ;
#5647 = CARTESIAN_POINT ( 'NONE',  ( -13.14999999999999503, -1.272991789011615804, -7.889810980379996508 ) ) ;
#5648 = AXIS2_PLACEMENT_3D ( 'NONE', #5047, #4621, #1956 ) ;
#5649 = VECTOR ( 'NONE', #3274, 1000.000000000000000 ) ;
#5650 = ORIENTED_EDGE ( 'NONE', *, *, #527, .T. ) ;
#5651 = EDGE_LOOP ( 'NONE', ( #831, #2846, #381, #1794, #5178, #5679 ) ) ;
#5652 = CARTESIAN_POINT ( 'NONE',  ( 54.15000000000006963, 5.671673470966813291, -6.768617959457595035 ) ) ;
#5653 = CARTESIAN_POINT ( 'NONE',  ( -64.34999999999999432, 6.399999999999999467, -5.000000000000000888 ) ) ;
#5654 = ORIENTED_EDGE ( 'NONE', *, *, #5332, .F. ) ;
#5655 = CARTESIAN_POINT ( 'NONE',  ( -7.566666666666664653, -0.8499999999999998668, -11.65000000000000036 ) ) ;
#5656 = VECTOR ( 'NONE', #4729, 1000.000000000000000 ) ;
#5657 = DIRECTION ( 'NONE',  ( 1.000000000000000000, 0.000000000000000000, 0.000000000000000000 ) ) ;
#5658 = VECTOR ( 'NONE', #4483, 1000.000000000000000 ) ;
#5659 = EDGE_CURVE ( 'NONE', #1037, #2718, #3342, .T. ) ;
#5660 = EDGE_CURVE ( 'NONE', #938, #868, #4472, .T. ) ;
#5661 = PLANE ( 'NONE',  #3247 ) ;
#5662 = VECTOR ( 'NONE', #2533, 1000.000000000000000 ) ;
#5663 = DIRECTION ( 'NONE',  ( 0.000000000000000000, 0.000000000000000000, -1.000000000000000000 ) ) ;
#5664 = CARTESIAN_POINT ( 'NONE',  ( -14.04999999999999716, 8.050000000000000711, -3.149999999999999911 ) ) ;
#5665 = CYLINDRICAL_SURFACE ( 'NONE', #5465, 1.500000000000000444 ) ;
#5666 = CARTESIAN_POINT ( 'NONE',  ( 14.15000000000000568, 1.934130758104689596, 1.857206341614504597 ) ) ;
#5667 = CC_DESIGN_APPROVAL ( #3096, ( #3906 ) ) ;
#5668 = EDGE_CURVE ( 'NONE', #5162, #4449, #4712, .T. ) ;
#5669 = EDGE_CURVE ( 'NONE', #4978, #5412, #4088, .T. ) ;
#5670 = EDGE_CURVE ( 'NONE', #2751, #4408, #1554, .T. ) ;
#5671 = PERSON_AND_ORGANIZATION ( #18446744073709551615, #18446744073709551615 ) ;
#5672 = ORIENTED_EDGE ( 'NONE', *, *, #2994, .T. ) ;
#5673 = CARTESIAN_POINT ( 'NONE',  ( 69.44999999999998863, -6.299999999999998934, -8.499999999999998224 ) ) ;
#5674 = VERTEX_POINT ( 'NONE', #1127 ) ;
#5675 = CARTESIAN_POINT ( 'NONE',  ( 36.14999999999999858, 1.450000000000000622, -5.500000000000000000 ) ) ;
#5676 = EDGE_LOOP ( 'NONE', ( #5117, #1762, #5524, #2529 ) ) ;
#5677 = CARTESIAN_POINT ( 'NONE',  ( 14.15000000000000213, 1.959768065297649908, -1.969838723439401473 ) ) ;
#5678 = DIRECTION ( 'NONE',  ( -0.000000000000000000, 1.000000000000000000, 0.000000000000000000 ) ) ;
#5679 = ORIENTED_EDGE ( 'NONE', *, *, #1553, .T. ) ;
#5680 = VERTEX_POINT ( 'NONE', #4685 ) ;
#5681 = CYLINDRICAL_SURFACE ( 'NONE', #2694, 1.850000000000000977 ) ;
#5682 = CARTESIAN_POINT ( 'NONE',  ( 16.15000000000000568, 1.449999999999999956, 1.500000000000000000 ) ) ;
#5683 = CARTESIAN_POINT ( 'NONE',  ( -7.449999999999996625, 8.050000000000000711, -3.149999999999999911 ) ) ;
#5684 = ORIENTED_EDGE ( 'NONE', *, *, #3344, .T. ) ;
#5685 = EDGE_CURVE ( 'NONE', #1719, #4339, #152, .T. ) ;
#5686 = CARTESIAN_POINT ( 'NONE',  ( 64.34999999999999432, -2.749999997868448620, -5.000000000000000888 ) ) ;
#5687 = CARTESIAN_POINT ( 'NONE',  ( 14.15000000000000568, 0.9786148480540189931, -1.833278560092397091 ) ) ;
#5688 = ORIENTED_EDGE ( 'NONE', *, *, #5236, .F. ) ;
#5689 = PLANE ( 'NONE',  #892 ) ;
#5690 = CARTESIAN_POINT ( 'NONE',  ( -77.54999999999998295, 2.800000000000001599, -7.949999999999998401 ) ) ;
#5691 = FACE_OUTER_BOUND ( 'NONE', #3172, .T. ) ;
#5692 = EDGE_CURVE ( 'NONE', #4316, #2452, #4327, .T. ) ;
#5693 = CARTESIAN_POINT ( 'NONE',  ( 12.00316266897361039, 1.377850819158861206, 1.397121410348723058 ) ) ;
#5694 = DIRECTION ( 'NONE',  ( -0.000000000000000000, -0.000000000000000000, 1.000000000000000000 ) ) ;
#5695 = LINE ( 'NONE', #4324, #5638 ) ;
#5696 = CARTESIAN_POINT ( 'NONE',  ( 64.34999999999998010, 3.345732259861896374, -5.000000000000003553 ) ) ;
#5697 = CALENDAR_DATE ( 2026, 22, 6 ) ;
#5698 = VERTEX_POINT ( 'NONE', #212 ) ;
#5699 = DIRECTION ( 'NONE',  ( -1.000000000000000000, 0.000000000000000000, 0.000000000000000000 ) ) ;
#5700 = CARTESIAN_POINT ( 'NONE',  ( -54.14999999999999858, 2.750000000000000444, -7.799999999999999822 ) ) ;
#5701 = DIRECTION ( 'NONE',  ( -1.000000000000000000, 0.000000000000000000, 0.000000000000000000 ) ) ;
#5702 = PLANE ( 'NONE',  #3438 ) ;
#5703 = ORIENTED_EDGE ( 'NONE', *, *, #4007, .T. ) ;
#5704 = ORIENTED_EDGE ( 'NONE', *, *, #3430, .T. ) ;
#5705 = ADVANCED_FACE ( 'NONE', ( #2009 ), #3776, .F. ) ;
#5706 = CARTESIAN_POINT ( 'NONE',  ( 14.15005194116090514, 0.9542692875040299505, -2.082356893940068510 ) ) ;
#5707 = CARTESIAN_POINT ( 'NONE',  ( 13.15000000000000568, 0.8499999999999999778, 3.000000000000000000 ) ) ;
#5708 = CARTESIAN_POINT ( 'NONE',  ( 16.15000000000000568, 1.449999999999999956, 5.500000000000000000 ) ) ;
#5709 = DIRECTION ( 'NONE',  ( 0.000000000000000000, 0.000000000000000000, -1.000000000000000000 ) ) ;
#5710 = CARTESIAN_POINT ( 'NONE',  ( 14.15000000000000568, 1.773416202178823120, -1.618579567505871619 ) ) ;
#5711 = EDGE_CURVE ( 'NONE', #5296, #428, #5763, .T. ) ;
#5712 = ORIENTED_EDGE ( 'NONE', *, *, #3643, .F. ) ;
#5713 = DIRECTION ( 'NONE',  ( 0.000000000000000000, 0.000000000000000000, 1.000000000000000000 ) ) ;
#5714 = CARTESIAN_POINT ( 'NONE',  ( 54.14999999999999858, 2.749999999999999556, -7.799999999999999822 ) ) ;
#5715 = CARTESIAN_POINT ( 'NONE',  ( 14.14999999999999503, -2.750000000000000000, -9.650000000000000355 ) ) ;
#5716 = EDGE_CURVE ( 'NONE', #4791, #696, #1712, .T. ) ;
#5717 = EDGE_LOOP ( 'NONE', ( #119, #782, #59, #1579 ) ) ;
#5718 = ORIENTED_EDGE ( 'NONE', *, *, #3279, .T. ) ;
#5719 = EDGE_LOOP ( 'NONE', ( #933, #3107, #923, #845 ) ) ;
#5720 = CARTESIAN_POINT ( 'NONE',  ( 64.34999999999999432, -2.749999999999485745, -14.30000000000000249 ) ) ;
#5721 = CARTESIAN_POINT ( 'NONE',  ( 14.14999999999999680, 1.319542120718444567, -10.85443854780445783 ) ) ;
#5722 = CARTESIAN_POINT ( 'NONE',  ( -8.649999999999996803, 6.200000000000000178, 0.04999999999999944766 ) ) ;
#5723 = CARTESIAN_POINT ( 'NONE',  ( 14.15000000000000036, 1.946941313375194715, 2.099494759619778605 ) ) ;
#5724 = ORIENTED_EDGE ( 'NONE', *, *, #2972, .T. ) ;
#5725 = ORIENTED_EDGE ( 'NONE', *, *, #3781, .F. ) ;
#5726 = EDGE_CURVE ( 'NONE', #1716, #1026, #3953, .T. ) ;
#5727 = VERTEX_POINT ( 'NONE', #4898 ) ;
#5728 = LINE ( 'NONE', #3611, #2114 ) ;
#5729 = AXIS2_PLACEMENT_3D ( 'NONE', #5210, #2091, #3425 ) ;
#5730 = DIRECTION ( 'NONE',  ( -1.000000000000000000, -0.000000000000000000, -0.000000000000000000 ) ) ;
#5731 = CARTESIAN_POINT ( 'NONE',  ( 65.34999999999999432, 6.399999999999999467, -5.000000000000000888 ) ) ;
#5732 = LINE ( 'NONE', #5310, #259 ) ;
#5733 = AXIS2_PLACEMENT_3D ( 'NONE', #1927, #1491, #1515 ) ;
#5734 = ORIENTED_EDGE ( 'NONE', *, *, #318, .F. ) ;
#5735 = EDGE_LOOP ( 'NONE', ( #2469, #2364, #4770, #5168, #2965, #4625, #222, #1313 ) ) ;
#5736 = ORIENTED_EDGE ( 'NONE', *, *, #2618, .F. ) ;
#5737 = DIRECTION ( 'NONE',  ( 0.8488488376682019609, -0.09324260211600929327, 0.5203474492490359760 ) ) ;
#5738 = VECTOR ( 'NONE', #3667, 1000.000000000000000 ) ;
#5739 = FACE_OUTER_BOUND ( 'NONE', #4242, .T. ) ;
#5740 = CARTESIAN_POINT ( 'NONE',  ( -12.14999999999999503, 0.8499999999999999778, -7.650000000000000355 ) ) ;
#5741 = EDGE_LOOP ( 'NONE', ( #1837, #651, #183, #3960, #4221, #4516 ) ) ;
#5742 = EDGE_CURVE ( 'NONE', #5680, #2921, #3086, .T. ) ;
#5743 = VECTOR ( 'NONE', #1432, 1000.000000000000000 ) ;
#5744 = ORIENTED_EDGE ( 'NONE', *, *, #3916, .T. ) ;
#5745 = CIRCLE ( 'NONE', #903, 1.000000000000000000 ) ;
#5746 = CARTESIAN_POINT ( 'NONE',  ( 14.16000000000000547, 0.9480352142516834668, -1.928374742760202709 ) ) ;
#5747 = ORIENTED_EDGE ( 'NONE', *, *, #736, .F. ) ;
#5748 = UNCERTAINTY_MEASURE_WITH_UNIT (LENGTH_MEASURE( 1.000000000000000082E-05 ), #2213, 'distance_accuracy_value', 'NONE');
#5749 = DIRECTION ( 'NONE',  ( -0.000000000000000000, 1.000000000000000000, -1.172110456741086074E-16 ) ) ;
#5750 = CARTESIAN_POINT ( 'NONE',  ( -77.54999999999998295, -3.599999999999999645, -6.899999999999996803 ) ) ;
#5751 = VECTOR ( 'NONE', #4043, 1000.000000000000000 ) ;
#5752 = VECTOR ( 'NONE', #4434, 1000.000000000000000 ) ;
#5753 = CARTESIAN_POINT ( 'NONE',  ( 10.40527111495600998, 0.8499999999999998668, 1.000000000000000444 ) ) ;
#5754 = ORIENTED_EDGE ( 'NONE', *, *, #1251, .T. ) ;
#5755 = AXIS2_PLACEMENT_3D ( 'NONE', #137, #4130, #4602 ) ;
#5756 = AXIS2_PLACEMENT_3D ( 'NONE', #2434, #186, #4200 ) ;
#5757 = DIRECTION ( 'NONE',  ( 1.084202172485504434E-16, 0.000000000000000000, 1.000000000000000000 ) ) ;
#5758 = DIRECTION ( 'NONE',  ( 0.000000000000000000, 0.000000000000000000, 1.000000000000000000 ) ) ;
#5759 = PLANE ( 'NONE',  #2485 ) ;
#5760 = CARTESIAN_POINT ( 'NONE',  ( -69.44999999999998863, -5.500000000000000000, -7.299999999999998046 ) ) ;
#5761 = VERTEX_POINT ( 'NONE', #2242 ) ;
#5762 = AXIS2_PLACEMENT_3D ( 'NONE', #1700, #2635, #4768 ) ;
#5763 = LINE ( 'NONE', #3552, #4653 ) ;
#5764 = B_SPLINE_CURVE_WITH_KNOTS ( 'NONE', 3,
 ( #2645, #915, #5266, #2728, #4008, #1264, #5720 ),
 .UNSPECIFIED., .F., .F.,
 ( 4, 1, 1, 1, 4 ),
 ( 0.000000000000000000, 0.2500000001914234327, 0.5000000000053702598, 0.7499999998193170869, 1.000000000000000000 ),
 .UNSPECIFIED. ) ;
#5765 = VERTEX_POINT ( 'NONE', #883 ) ;
#5766 = CARTESIAN_POINT ( 'NONE',  ( 12.14999999999999503, 0.8499999999999998668, -10.98333333333333073 ) ) ;
#5767 = FACE_BOUND ( 'NONE', #5111, .T. ) ;
ENDSEC;
END-ISO-10303-21;
