ISO-10303-21;
HEADER;
FILE_DESCRIPTION (( 'STEP AP203' ),
    '1' );
FILE_NAME ('z-1camera.STEP',
    '2026-06-22T08:50:02',
    ( 'localuser' ),
    ( '' ),
    'SwSTEP 2.0',
    'SolidWorks 2025',
    '' );
FILE_SCHEMA (( 'CONFIG_CONTROL_DESIGN' ));
ENDSEC;

DATA;
#1 = CARTESIAN_POINT ( 'NONE',  ( -16.66642454999999856, -19.67648655829999882, 4.472133567319999337 ) ) ;
#2 = CARTESIAN_POINT ( 'NONE',  ( -8.381135611899999560, 0.3117115376700000384, 7.959738030490000504 ) ) ;
#3 = CARTESIAN_POINT ( 'NONE',  ( -17.28060600690000115, 3.702030120410000347, 24.14459481679999797 ) ) ;
#4 = EDGE_CURVE ( 'NONE', #7432, #440, #5827, .T. ) ;
#5 = DIRECTION ( 'NONE',  ( 0.5000000000001798561, 0.6123724356952210401, -0.6123724356962211290 ) ) ;
#6 = CARTESIAN_POINT ( 'NONE',  ( 2.909209026370000117, -18.30605216599999707, 11.33111076710000020 ) ) ;
#7 = CARTESIAN_POINT ( 'NONE',  ( -24.74697255859999956, 3.322261719790000178, 23.90687166449999879 ) ) ;
#8 = ORIENTED_EDGE ( 'NONE', *, *, #2199, .F. ) ;
#9 = CARTESIAN_POINT ( 'NONE',  ( 2.590735491140000235, -3.385927820690000090, 5.232156508569999254 ) ) ;
#10 = CARTESIAN_POINT ( 'NONE',  ( -17.83974780590000009, 3.957659120730000257, 4.645457588989999387 ) ) ;
#11 = B_SPLINE_CURVE_WITH_KNOTS ( 'NONE', 5,
 ( #1924, #4461, #1270, #5114, #4548, #5155 ),
 .UNSPECIFIED., .F., .F.,
 ( 6, 6 ),
 ( 0.000000000000000000, 1.000000000000000000 ),
 .UNSPECIFIED. ) ;
#12 = CARTESIAN_POINT ( 'NONE',  ( 2.157726972519999897, -3.161140675780000464, 5.092890836270000499 ) ) ;
#13 = CARTESIAN_POINT ( 'NONE',  ( -17.15863117740000021, -19.35104551440000265, 4.635509373669999711 ) ) ;
#14 = VERTEX_POINT ( 'NONE', #6564 ) ;
#15 = VERTEX_POINT ( 'NONE', #80 ) ;
#16 = CARTESIAN_POINT ( 'NONE',  ( 2.297418872249999744, -17.33460503229999716, 7.919047202829999854 ) ) ;
#17 = ORIENTED_EDGE ( 'NONE', *, *, #1132, .F. ) ;
#18 = CARTESIAN_POINT ( 'NONE',  ( -7.432504213050000530, -18.14612026760000063, 19.98273526929999733 ) ) ;
#19 = CARTESIAN_POINT ( 'NONE',  ( -18.98763070261583508, 0.8151998310904591261, 4.530924917948891739 ) ) ;
#20 = CARTESIAN_POINT ( 'NONE',  ( -7.623741785801949611, -2.883221493540689018, 5.118206614815165700 ) ) ;
#21 = CARTESIAN_POINT ( 'NONE',  ( 2.619374955300000085, 0.3840892776429999378, 9.212661462650000743 ) ) ;
#22 = CARTESIAN_POINT ( 'NONE',  ( -6.299189118070000148, -3.405095939710000241, 4.892555800989999426 ) ) ;
#23 = CARTESIAN_POINT ( 'NONE',  ( 2.146753776690000226, -18.15297683180000021, 8.737418579109998973 ) ) ;
#24 = ORIENTED_EDGE ( 'NONE', *, *, #2138, .T. ) ;
#25 = ORIENTED_EDGE ( 'NONE', *, *, #2090, .F. ) ;
#26 = CARTESIAN_POINT ( 'NONE',  ( 2.753369826251199193, -15.57844799644164979, 6.517368722501822198 ) ) ;
#27 = EDGE_LOOP ( 'NONE', ( #7845, #3465, #6572 ) ) ;
#28 = FACE_OUTER_BOUND ( 'NONE', #1658, .T. ) ;
#29 = CARTESIAN_POINT ( 'NONE',  ( -24.74697255859999956, -8.834794670510000003, 23.90687166449999879 ) ) ;
#30 = CARTESIAN_POINT ( 'NONE',  ( -6.747729753722230939, -3.161140267462740017, 23.50710480691726545 ) ) ;
#31 = CARTESIAN_POINT ( 'NONE',  ( 2.590736260719999962, 0.2330444032679999944, 8.851129697750000247 ) ) ;
#32 = CARTESIAN_POINT ( 'NONE',  ( -28.15031253574031922, 3.503231717089687614, 20.38899271354234699 ) ) ;
#33 = CARTESIAN_POINT ( 'NONE',  ( -9.107045988149160110, -2.496108286273917898, 4.835221897246273492 ) ) ;
#34 = CARTESIAN_POINT ( 'NONE',  ( -24.86018974279999938, -21.28771467820000041, 23.56982175319999939 ) ) ;
#35 = ORIENTED_EDGE ( 'NONE', *, *, #3864, .T. ) ;
#36 = CARTESIAN_POINT ( 'NONE',  ( -24.53270868299999918, 7.215205329249999799, 11.87082062260000015 ) ) ;
#37 = CARTESIAN_POINT ( 'NONE',  ( 2.597646693300000198, -18.05287663280000032, 9.133315011790001492 ) ) ;
#38 = FACE_OUTER_BOUND ( 'NONE', #4303, .T. ) ;
#39 = CARTESIAN_POINT ( 'NONE',  ( 2.764865708019999868, -5.132494023910000536, 4.829551273290000779 ) ) ;
#40 = CARTESIAN_POINT ( 'NONE',  ( -16.74215100369999831, -19.81649479780000078, 4.415276232719999250 ) ) ;
#41 = B_SPLINE_CURVE_WITH_KNOTS ( 'NONE', 5,
 ( #7007, #1799, #1109, #3739, #7047, #3139 ),
 .UNSPECIFIED., .F., .F.,
 ( 6, 6 ),
 ( -0.5425012667510000774, 0.000000000000000000 ),
 .UNSPECIFIED. ) ;
#42 = CARTESIAN_POINT ( 'NONE',  ( -17.83535642919999731, 1.699314861259999976, 24.14823061810000127 ) ) ;
#43 = ORIENTED_EDGE ( 'NONE', *, *, #2147, .F. ) ;
#44 = CARTESIAN_POINT ( 'NONE',  ( -21.35063216550000220, -21.73050154089999708, 6.261009553300000086 ) ) ;
#45 = CARTESIAN_POINT ( 'NONE',  ( -11.07301199629999999, 0.6652053292599999779, 21.85167790980000291 ) ) ;
#46 = CARTESIAN_POINT ( 'NONE',  ( 2.157722703700000189, -18.04190180590000026, 19.97365251209999926 ) ) ;
#47 = CARTESIAN_POINT ( 'NONE',  ( -26.49441828396073007, -18.03479467040000728, 22.34938755813927003 ) ) ;
#48 = CARTESIAN_POINT ( 'NONE',  ( -17.68107480229999950, 3.752180871999999834, 4.504570338419999764 ) ) ;
#49 = EDGE_CURVE ( 'NONE', #5242, #6363, #5106, .T. ) ;
#50 = CARTESIAN_POINT ( 'NONE',  ( 3.357425659805573392, -9.274867251492450393, 23.54994778433341907 ) ) ;
#51 = CARTESIAN_POINT ( 'NONE',  ( -16.92974458109999958, -19.48158202160000130, 4.580521842369999597 ) ) ;
#52 = ORIENTED_EDGE ( 'NONE', *, *, #6991, .T. ) ;
#53 = CARTESIAN_POINT ( 'NONE',  ( 2.150086876439999628, 0.6348674553559999767, 19.57926757099999904 ) ) ;
#54 = CARTESIAN_POINT ( 'NONE',  ( 2.643188062140000127, 0.6652053292599999779, 17.47136002830000123 ) ) ;
#55 = CARTESIAN_POINT ( 'NONE',  ( 2.248344422249999752, -14.26592166650000060, 23.70443189319999888 ) ) ;
#56 = CARTESIAN_POINT ( 'NONE',  ( -7.250602206959764651, -3.022493279058033444, 5.105575744043025388 ) ) ;
#57 = LINE ( 'NONE', #6612, #4471 ) ;
#58 = ORIENTED_EDGE ( 'NONE', *, *, #3941, .T. ) ;
#59 = CARTESIAN_POINT ( 'NONE',  ( 2.298261914200000255, -17.33032690020000288, 20.68522698079999600 ) ) ;
#60 = B_SPLINE_CURVE_WITH_KNOTS ( 'NONE', 3,
 ( #1752, #6257, #8184, #4330, #3002, #5627, #2314, #6953, #1057, #6904, #6867 ),
 .UNSPECIFIED., .F., .F.,
 ( 4, 1, 1, 1, 1, 1, 1, 1, 4 ),
 ( 0.000000000000000000, 0.01566981246170351394, 0.03133985184392177464, 0.06266188876669016861, 0.1252708026839913502, 0.2503840608878982188, 0.5003888261635985879, 0.7185102154123285123, 1.000000000000000000 ),
 .UNSPECIFIED. ) ;
#61 = CARTESIAN_POINT ( 'NONE',  ( -27.64293488091715645, -15.89447082162443614, 7.399125090377130398 ) ) ;
#62 = ORIENTED_EDGE ( 'NONE', *, *, #4964, .T. ) ;
#63 = VERTEX_POINT ( 'NONE', #2048 ) ;
#64 = CARTESIAN_POINT ( 'NONE',  ( 2.728144354643233793, -15.24428589426170255, 6.184688724752378519 ) ) ;
#65 = ORIENTED_EDGE ( 'NONE', *, *, #882, .F. ) ;
#66 = CARTESIAN_POINT ( 'NONE',  ( 2.371291107619999838, -1.746516656999999917, 6.507514855089999273 ) ) ;
#67 = DIRECTION ( 'NONE',  ( -3.667185336520484431E-18, -1.000000000000000000, -1.320727196930000051E-15 ) ) ;
#68 = CARTESIAN_POINT ( 'NONE',  ( -16.07440410385013507, 2.521982995272152195, 4.220743890412507859 ) ) ;
#69 = DIRECTION ( 'NONE',  ( -2.655334072988300850E-17, 0.7071067811865475727, 0.7071067811865475727 ) ) ;
#70 = CARTESIAN_POINT ( 'NONE',  ( -9.530647055308465454, 0.8152053292529902739, 21.02028184213308037 ) ) ;
#71 = CARTESIAN_POINT ( 'NONE',  ( -24.75224830290000000, -21.18008586690000072, 23.86971128980000145 ) ) ;
#72 = ORIENTED_EDGE ( 'NONE', *, *, #4369, .T. ) ;
#73 = CARTESIAN_POINT ( 'NONE',  ( -11.07301155110000046, -1.283114241829999891, 4.799998025759999898 ) ) ;
#74 = B_SPLINE_CURVE_WITH_KNOTS ( 'NONE', 5,
 ( #6585, #4611, #7149, #7230, #688, #1378 ),
 .UNSPECIFIED., .F., .F.,
 ( 6, 6 ),
 ( 1.032732840059999990, 2.169710943069999676 ),
 .UNSPECIFIED. ) ;
#75 = CARTESIAN_POINT ( 'NONE',  ( 2.530913913880000088, -18.12788937520000232, 9.030080930269999584 ) ) ;
#76 = ORIENTED_EDGE ( 'NONE', *, *, #2498, .T. ) ;
#77 = CARTESIAN_POINT ( 'NONE',  ( -27.50068835003875023, -1.912481857754106951, 7.256878559498746384 ) ) ;
#78 = CARTESIAN_POINT ( 'NONE',  ( 2.150089860230000038, -3.555545984679999716, 23.76965865500000064 ) ) ;
#79 = CARTESIAN_POINT ( 'NONE',  ( -8.961215363910000065, -15.35208540309999847, 4.924760997129999041 ) ) ;
#80 = CARTESIAN_POINT ( 'NONE',  ( -24.74697255859999956, -20.99185106079999841, 23.90687166449999879 ) ) ;
#81 = AXIS2_PLACEMENT_3D ( 'NONE', #3257, #669, #5366 ) ;
#82 = FACE_OUTER_BOUND ( 'NONE', #8449, .T. ) ;
#83 = CARTESIAN_POINT ( 'NONE',  ( 2.498070808340000060, -18.24098583170000154, 9.246499820980000450 ) ) ;
#84 = CARTESIAN_POINT ( 'NONE',  ( -15.67101325250000166, 2.610907617920000146, 24.42525206750000066 ) ) ;
#85 = CARTESIAN_POINT ( 'NONE',  ( 2.263130269279999940, 0.3827213170320000191, 19.96324324620000112 ) ) ;
#86 = CARTESIAN_POINT ( 'NONE',  ( -18.13021117070000088, 3.843064979439999806, 4.635156229489999724 ) ) ;
#87 = B_SPLINE_CURVE_WITH_KNOTS ( 'NONE', 3,
 ( #5308, #32, #5899, #7311, #2591, #4655 ),
 .UNSPECIFIED., .F., .F.,
 ( 4, 2, 4 ),
 ( 0.000000000000000000, 0.5000000000000000000, 1.000000000000000000 ),
 .UNSPECIFIED. ) ;
#88 = AXIS2_PLACEMENT_3D ( 'NONE', #6767, #6121, #4194 ) ;
#89 = CARTESIAN_POINT ( 'NONE',  ( -23.31314371699999910, 3.672149374359999996, 20.43052227000000087 ) ) ;
#90 = ADVANCED_FACE ( 'NONE', ( #4668 ), #7982, .T. ) ;
#91 = CARTESIAN_POINT ( 'NONE',  ( -17.62672366219999986, -19.08823898310000189, 4.705200342960000448 ) ) ;
#92 = ORIENTED_EDGE ( 'NONE', *, *, #7282, .T. ) ;
#93 = EDGE_LOOP ( 'NONE', ( #5030, #5578, #6036, #5579 ) ) ;
#94 = CARTESIAN_POINT ( 'NONE',  ( -18.50319029039999918, 3.933237560030000690, 23.79690771250000125 ) ) ;
#95 = CARTESIAN_POINT ( 'NONE',  ( 2.939856337349999738, 0.3959113570950000272, 10.38293871859999840 ) ) ;
#96 = DIRECTION ( 'NONE',  ( -0.04108346563380489008, -0.7071067811870838105, 0.7059122812720838303 ) ) ;
#97 = CARTESIAN_POINT ( 'NONE',  ( 2.679888968924736936, -14.82265557024548563, 22.83401164830505792 ) ) ;
#98 = FACE_OUTER_BOUND ( 'NONE', #4241, .T. ) ;
#99 = CARTESIAN_POINT ( 'NONE',  ( -8.961216134749999895, -2.317503916300000188, 4.924761028759998993 ) ) ;
#100 = CARTESIAN_POINT ( 'NONE',  ( -17.62672366219999986, -19.08823898310000189, 4.705200342960000448 ) ) ;
#101 = APPROVAL_PERSON_ORGANIZATION ( #4639, #3759, #8456 ) ;
#102 = VECTOR ( 'NONE', #6982, 1000.000000000000000 ) ;
#103 = ORIENTED_EDGE ( 'NONE', *, *, #7825, .T. ) ;
#104 = ORIENTED_EDGE ( 'NONE', *, *, #2320, .F. ) ;
#105 = CARTESIAN_POINT ( 'NONE',  ( -17.24040824869999966, -19.47058216419999965, 24.06375330430000048 ) ) ;
#106 = ORIENTED_EDGE ( 'NONE', *, *, #3900, .F. ) ;
#107 = CARTESIAN_POINT ( 'NONE',  ( 2.297428935519999715, -0.3350460761230000251, 7.918985435970001596 ) ) ;
#108 = LINE ( 'NONE', #3524, #2290 ) ;
#109 = EDGE_CURVE ( 'NONE', #4348, #2743, #6597, .T. ) ;
#110 = CARTESIAN_POINT ( 'NONE',  ( -28.15427769234173283, -21.17268259221104643, 20.19289124500000199 ) ) ;
#111 = CARTESIAN_POINT ( 'NONE',  ( -12.25971635719999853, 0.3078675688639999630, 23.71209694219999875 ) ) ;
#112 = VECTOR ( 'NONE', #2901, 1000.000000000000000 ) ;
#113 = FACE_OUTER_BOUND ( 'NONE', #7562, .T. ) ;
#114 = CARTESIAN_POINT ( 'NONE',  ( -22.10928116270000032, 3.714189181119999628, 4.900831421299999491 ) ) ;
#115 = ORIENTED_EDGE ( 'NONE', *, *, #8409, .T. ) ;
#116 = VECTOR ( 'NONE', #2139, 1000.000000000000227 ) ;
#117 = CARTESIAN_POINT ( 'NONE',  ( -25.44373726210812237, -0.4338968735052758374, 5.199927471568124737 ) ) ;
#118 = CARTESIAN_POINT ( 'NONE',  ( 2.401678578829999910, -18.30356394840000078, 9.273387755150000800 ) ) ;
#119 = VERTEX_POINT ( 'NONE', #2897 ) ;
#120 = DIRECTION ( 'NONE',  ( -2.985759393769999632E-16, 0.000000000000000000, 1.000000000000000000 ) ) ;
#121 = CARTESIAN_POINT ( 'NONE',  ( 2.294021070989999966, -3.838215968559999691, 4.799998045379999745 ) ) ;
#122 = CARTESIAN_POINT ( 'NONE',  ( -23.54089693690000118, 7.215205329249999799, 19.09425341180000402 ) ) ;
#123 = EDGE_CURVE ( 'NONE', #2802, #2308, #6068, .T. ) ;
#124 = CARTESIAN_POINT ( 'NONE',  ( -28.42838519520000062, 3.203491432169999875, 20.34999357979999957 ) ) ;
#125 = LINE ( 'NONE', #3868, #5464 ) ;
#126 = CARTESIAN_POINT ( 'NONE',  ( -23.03872223489999982, -21.52242955429999682, 7.901549008219999948 ) ) ;
#127 = CARTESIAN_POINT ( 'NONE',  ( 2.954489722579999977, -18.33479471860000132, 12.34342237430000111 ) ) ;
#128 = CARTESIAN_POINT ( 'NONE',  ( -15.65262333770000147, 2.465048081609999997, 24.40106244440000083 ) ) ;
#129 = CARTESIAN_POINT ( 'NONE',  ( -15.06166377319999938, -18.48479467069999771, 22.79711976890000003 ) ) ;
#130 = CARTESIAN_POINT ( 'NONE',  ( -21.18893532420000270, -18.73479467039999946, 23.84999802609999975 ) ) ;
#131 = LINE ( 'NONE', #5413, #5441 ) ;
#132 = EDGE_LOOP ( 'NONE', ( #4134, #366, #7412, #5277 ) ) ;
#133 = CARTESIAN_POINT ( 'NONE',  ( 2.297428935530000160, -15.21580726060000011, 5.800249431180000137 ) ) ;
#134 = CARTESIAN_POINT ( 'NONE',  ( 2.498070884700000160, 0.5713966412829999397, 19.35349630589999848 ) ) ;
#135 = CARTESIAN_POINT ( 'NONE',  ( 2.539598974140000021, -17.96339144629999751, 19.81971947470000117 ) ) ;
#136 = CARTESIAN_POINT ( 'NONE',  ( -10.08492425412460136, -18.48479467070000837, 21.41733807270549406 ) ) ;
#137 = CARTESIAN_POINT ( 'NONE',  ( 2.263129710370000325, -14.49803998920000048, 23.51751384190000138 ) ) ;
#138 = DIRECTION ( 'NONE',  ( 1.000000000000000000, -6.123233995739999133E-17, 2.985759393769999632E-16 ) ) ;
#139 = EDGE_CURVE ( 'NONE', #8241, #6219, #647, .T. ) ;
#140 = ORIENTED_EDGE ( 'NONE', *, *, #2370, .T. ) ;
#141 = CARTESIAN_POINT ( 'NONE',  ( -17.21049483319999851, -19.42232308170000366, 24.04219123429999883 ) ) ;
#142 = B_SPLINE_CURVE_WITH_KNOTS ( 'NONE', 3,
 ( #5640, #8151, #471, #1112, #299, #3100, #427, #3055, #7644, #3701, #4426, #4909, #3611, #6181, #7011, #2411, #8326, #5083 ),
 .UNSPECIFIED., .F., .F.,
 ( 4, 2, 2, 2, 2, 2, 2, 2, 4 ),
 ( 0.000000000000000000, 0.1250000000000000000, 0.2500000000000000000, 0.3750000000000000000, 0.5000000000000000000, 0.6250000000000000000, 0.7500000000000000000, 0.8750000000000000000, 1.000000000000000000 ),
 .UNSPECIFIED. ) ;
#143 = CARTESIAN_POINT ( 'NONE',  ( 2.633219223360000250, -13.87137432949999827, 5.080600801079999229 ) ) ;
#144 = CARTESIAN_POINT ( 'NONE',  ( 2.498075274790000133, -18.24098625410000096, 19.35349514199999987 ) ) ;
#145 = CARTESIAN_POINT ( 'NONE',  ( -5.192763456050000670, 7.215205329249999799, 11.18895930500000091 ) ) ;
#146 = CARTESIAN_POINT ( 'NONE',  ( -17.06742090250000032, -20.46438864150000114, 4.514095689200000372 ) ) ;
#147 = DIRECTION ( 'NONE',  ( -1.000000000000000000, 0.000000000000000000, 0.000000000000000000 ) ) ;
#148 = CARTESIAN_POINT ( 'NONE',  ( -24.74697235789999894, 3.322261705679999899, 23.90687163220000144 ) ) ;
#149 = CARTESIAN_POINT ( 'NONE',  ( -16.77864095849999870, 2.716416312460000260, 4.344277987330000812 ) ) ;
#150 = EDGE_CURVE ( 'NONE', #3155, #4136, #7295, .T. ) ;
#151 = DIRECTION ( 'NONE',  ( 0.7745966692415869881, 0.000000000000000000, -0.6324555320335490949 ) ) ;
#152 = ORIENTED_EDGE ( 'NONE', *, *, #1301, .T. ) ;
#153 = CARTESIAN_POINT ( 'NONE',  ( -16.98490363940000236, -19.55289261049999894, 24.09444196789999992 ) ) ;
#154 = CARTESIAN_POINT ( 'NONE',  ( -16.88714954150000125, 3.681513535710000173, 4.398345476760000317 ) ) ;
#155 = FACE_OUTER_BOUND ( 'NONE', #7801, .T. ) ;
#156 = CARTESIAN_POINT ( 'NONE',  ( 3.091401753090000426, -11.65123629640000047, 4.966181419269999786 ) ) ;
#157 = CARTESIAN_POINT ( 'NONE',  ( -24.79447238210000037, 3.620420237509999861, 23.60136215460000031 ) ) ;
#158 = CARTESIAN_POINT ( 'NONE',  ( -16.95511231429999910, 3.742355636169999666, 24.15874597690000058 ) ) ;
#159 = FACE_OUTER_BOUND ( 'NONE', #3126, .T. ) ;
#160 = CARTESIAN_POINT ( 'NONE',  ( 2.248344676399999909, -3.403678413379999768, 23.70443764069999659 ) ) ;
#161 = ORIENTED_EDGE ( 'NONE', *, *, #1253, .F. ) ;
#162 = CARTESIAN_POINT ( 'NONE',  ( 3.304381707900000187, -18.25378676080000062, 14.30016161350000203 ) ) ;
#163 = CARTESIAN_POINT ( 'NONE',  ( -16.76758946080000001, 2.093085697900000319, 24.23950109749999982 ) ) ;
#164 = CARTESIAN_POINT ( 'NONE',  ( -11.84518133629546455, 0.2926446687898056620, 5.112290693403956254 ) ) ;
#165 = CARTESIAN_POINT ( 'NONE',  ( -24.10698330820000024, -21.31401722639999718, 9.527328632919999762 ) ) ;
#166 = CARTESIAN_POINT ( 'NONE',  ( 2.263125778970000113, 0.3827213232209999427, 8.636752397589999575 ) ) ;
#167 = ORIENTED_EDGE ( 'NONE', *, *, #3306, .F. ) ;
#168 = DIRECTION ( 'NONE',  ( 0.000000000000000000, -1.205762055100000069E-15, 1.000000000000000000 ) ) ;
#169 = B_SPLINE_CURVE_WITH_KNOTS ( 'NONE', 5,
 ( #1206, #3024, #3842, #8339, #6460, #7062 ),
 .UNSPECIFIED., .F., .F.,
 ( 6, 6 ),
 ( 0.000000000000000000, 1.000000000000000000 ),
 .UNSPECIFIED. ) ;
#170 = CARTESIAN_POINT ( 'NONE',  ( 2.545137712600000324, 0.6652053428249999900, 18.38865092919999711 ) ) ;
#171 = CARTESIAN_POINT ( 'NONE',  ( -24.75224713479999750, -21.18008588190000197, 4.730284701470000464 ) ) ;
#172 = CARTESIAN_POINT ( 'NONE',  ( -7.357351304778194212, -18.48479467069999771, 10.09436652556528813 ) ) ;
#173 = CARTESIAN_POINT ( 'NONE',  ( -6.419530996080000662, -13.80134229219999931, 23.79999802580000079 ) ) ;
#174 = CARTESIAN_POINT ( 'NONE',  ( -11.73446219480000074, -17.94716710639999846, 5.187625590070000570 ) ) ;
#175 = ORIENTED_EDGE ( 'NONE', *, *, #4266, .T. ) ;
#176 = CARTESIAN_POINT ( 'NONE',  ( -17.78270764790000058, 1.600913475020000254, 4.462862602579999560 ) ) ;
#177 = CARTESIAN_POINT ( 'NONE',  ( -4.765071318019999502, -18.48479467069999771, 14.29999802579999901 ) ) ;
#178 = CARTESIAN_POINT ( 'NONE',  ( -11.73446219529999901, -17.94716710690000383, 23.41237046150000012 ) ) ;
#179 = FACE_OUTER_BOUND ( 'NONE', #5981, .T. ) ;
#180 = CARTESIAN_POINT ( 'NONE',  ( -15.65259894540000118, 2.465047828509999928, 4.198932264959999827 ) ) ;
#181 = CARTESIAN_POINT ( 'NONE',  ( -28.42839223519999692, 3.203491340099999807, 8.250059413120000684 ) ) ;
#182 = CARTESIAN_POINT ( 'NONE',  ( -17.71859198599999985, 1.487170470519999954, 4.568017674339999168 ) ) ;
#183 = FACE_OUTER_BOUND ( 'NONE', #7208, .T. ) ;
#184 = CARTESIAN_POINT ( 'NONE',  ( -24.89650610420000021, -20.98976232160000066, 23.88755931620000084 ) ) ;
#185 = VERTEX_POINT ( 'NONE', #6197 ) ;
#186 = CARTESIAN_POINT ( 'NONE',  ( -15.72053941600000115, -20.18264486210000186, 24.32435130869999895 ) ) ;
#187 = CARTESIAN_POINT ( 'NONE',  ( -24.83498644730000038, 3.619005455169999941, 5.012934087209999667 ) ) ;
#188 = CARTESIAN_POINT ( 'NONE',  ( 3.338778750790000416, -9.991884396079999675, 23.64191965279999863 ) ) ;
#189 = CARTESIAN_POINT ( 'NONE',  ( -17.80924627410000127, 1.650120394590000039, 24.14914247340000131 ) ) ;
#190 = EDGE_CURVE ( 'NONE', #14, #3985, #2687, .T. ) ;
#191 = CARTESIAN_POINT ( 'NONE',  ( -16.84485380239999941, 2.243229530479999845, 24.25877067960000133 ) ) ;
#192 = CARTESIAN_POINT ( 'NONE',  ( -17.11651946069999752, 3.623230786710000206, 24.17913501230000151 ) ) ;
#193 = CARTESIAN_POINT ( 'NONE',  ( -4.353425745779999190, -10.89995535600000132, 5.799998025759999898 ) ) ;
#194 = CARTESIAN_POINT ( 'NONE',  ( -27.51732360977768010, 0.02807852666030645830, 21.32648223232232709 ) ) ;
#195 = CARTESIAN_POINT ( 'NONE',  ( 2.781744987769999788, -18.24493692009999890, 18.31313482710000073 ) ) ;
#196 = CARTESIAN_POINT ( 'NONE',  ( -6.639335386710002673, -3.894591903559999846, 14.29999802579999546 ) ) ;
#197 = EDGE_CURVE ( 'NONE', #1362, #3966, #6985, .T. ) ;
#198 = ORIENTED_EDGE ( 'NONE', *, *, #4034, .T. ) ;
#199 = B_SPLINE_CURVE_WITH_KNOTS ( 'NONE', 3,
 ( #434, #1683, #5934, #1333 ),
 .UNSPECIFIED., .F., .F.,
 ( 4, 4 ),
 ( 0.000000000000000000, 1.192966811160000029 ),
 .UNSPECIFIED. ) ;
#200 = CARTESIAN_POINT ( 'NONE',  ( 2.619374955300000085, 0.3840892776429999378, 9.212661462650000743 ) ) ;
#201 = CARTESIAN_POINT ( 'NONE',  ( -15.35542634199597245, 2.605672699272239878, 24.44371047292248988 ) ) ;
#202 = B_SPLINE_CURVE_WITH_KNOTS ( 'NONE', 5,
 ( #3264, #5837, #1190, #6443, #675, #4594, #4552, #8454, #7132, #5210, #552, #5957 ),
 .UNSPECIFIED., .F., .F.,
 ( 6, 3, 3, 6 ),
 ( 0.000000000000000000, 5.937277684630000607, 13.15022295540000030, 14.19290962760000063 ),
 .UNSPECIFIED. ) ;
#203 = CARTESIAN_POINT ( 'NONE',  ( -8.103935324130000950, -17.83479467069999913, 5.299998025759999898 ) ) ;
#204 = EDGE_LOOP ( 'NONE', ( #2953, #6616, #7763, #4744 ) ) ;
#205 = VERTEX_POINT ( 'NONE', #4403 ) ;
#206 = FACE_OUTER_BOUND ( 'NONE', #6463, .T. ) ;
#207 = CARTESIAN_POINT ( 'NONE',  ( 3.224830828990000064, 0.4088520480919999867, 16.66191995889999689 ) ) ;
#208 = CARTESIAN_POINT ( 'NONE',  ( -18.70347421302615842, -21.50272082760985271, 4.683163636172526623 ) ) ;
#209 = CARTESIAN_POINT ( 'NONE',  ( 2.991064675929999694, -8.834794670739999134, 14.29999802579999901 ) ) ;
#210 = AXIS2_PLACEMENT_3D ( 'NONE', #2045, #5905, #3894 ) ;
#211 = CARTESIAN_POINT ( 'NONE',  ( 2.803903007769999789, -16.45867926060000030, 21.20556093609999948 ) ) ;
#212 = DIRECTION ( 'NONE',  ( 0.000000000000000000, -0.4794255386042037825, -0.8775825618903723147 ) ) ;
#213 = EDGE_CURVE ( 'NONE', #853, #6442, #3625, .T. ) ;
#214 = ORIENTED_EDGE ( 'NONE', *, *, #2857, .F. ) ;
#215 = CARTESIAN_POINT ( 'NONE',  ( -17.52477351850000176, 1.633904265240000209, 4.512458612860000606 ) ) ;
#216 = VECTOR ( 'NONE', #1144, 1000.000000000000114 ) ;
#217 = CARTESIAN_POINT ( 'NONE',  ( -24.88141401470000247, -21.28697351019999928, 5.051398444380000186 ) ) ;
#218 = CARTESIAN_POINT ( 'NONE',  ( -12.84683463049999830, 0.6035203017529999769, 4.985838760400000069 ) ) ;
#219 = CARTESIAN_POINT ( 'NONE',  ( -5.989245699099999598, 7.215205329249999799, 9.505742639759999335 ) ) ;
#220 = CARTESIAN_POINT ( 'NONE',  ( -15.63872871879999948, 2.388305481799999797, 4.260698720519999760 ) ) ;
#221 = CARTESIAN_POINT ( 'NONE',  ( 2.403120946190000051, -17.33681613159999912, 7.921258304659999361 ) ) ;
#222 = CARTESIAN_POINT ( 'NONE',  ( -22.36478256469999693, 7.215205329249999799, 20.85713999359999704 ) ) ;
#223 = FACE_OUTER_BOUND ( 'NONE', #2625, .T. ) ;
#224 = VECTOR ( 'NONE', #4313, 1000.000000000000000 ) ;
#225 = ORIENTED_EDGE ( 'NONE', *, *, #6634, .F. ) ;
#226 = FACE_OUTER_BOUND ( 'NONE', #5623, .T. ) ;
#227 = CARTESIAN_POINT ( 'NONE',  ( -24.75025520270000001, 3.416379128320000014, 4.693239014519999586 ) ) ;
#228 = APPROVAL_PERSON_ORGANIZATION ( #5118, #2763, #303 ) ;
#229 = EDGE_LOOP ( 'NONE', ( #1796, #4908, #5706, #842 ) ) ;
#230 = CARTESIAN_POINT ( 'NONE',  ( 2.186363004230000406, -13.80134229279999936, 23.79999802580000079 ) ) ;
#231 = CARTESIAN_POINT ( 'NONE',  ( -7.686071779303131457, -14.81361297290606416, 5.120620369442086428 ) ) ;
#232 = VERTEX_POINT ( 'NONE', #953 ) ;
#233 = CARTESIAN_POINT ( 'NONE',  ( -7.121437806360000344, -18.33479467069999913, 9.283661491069999272 ) ) ;
#234 = CARTESIAN_POINT ( 'NONE',  ( -6.848402191840000874, -14.50844907399999961, 5.092891244579999643 ) ) ;
#235 = CARTESIAN_POINT ( 'NONE',  ( -16.95651248740000128, 3.660482984580000210, 24.19248809990000382 ) ) ;
#236 = FACE_OUTER_BOUND ( 'NONE', #2998, .T. ) ;
#237 = CARTESIAN_POINT ( 'NONE',  ( -27.84843005099238411, -1.426068648799906358, 20.99537579110761243 ) ) ;
#238 = ORIENTED_EDGE ( 'NONE', *, *, #5997, .T. ) ;
#239 = B_SPLINE_CURVE_WITH_KNOTS ( 'NONE', 5,
 ( #1173, #3813, #581, #2514, #3762, #6337 ),
 .UNSPECIFIED., .F., .F.,
 ( 6, 6 ),
 ( -0.5502330740290000133, 0.000000000000000000 ),
 .UNSPECIFIED. ) ;
#240 = CARTESIAN_POINT ( 'NONE',  ( -8.869810752102250007, -15.46403268664455410, 5.043467211484539803 ) ) ;
#241 = CARTESIAN_POINT ( 'NONE',  ( -17.75189219970000210, -20.04312202659999897, 23.98112969280000328 ) ) ;
#242 = CIRCLE ( 'NONE', #1054, 9.200000236430000200 ) ;
#243 = B_SPLINE_SURFACE_WITH_KNOTS ( 'NONE', 5, 5, ( 
 ( #5484, #6109, #7923, #8086, #5442, #3494 ),
 ( #1515, #6797, #4017, #2082, #2686, #234 ),
 ( #6632, #2208, #7359, #2047, #4749, #8042 ),
 ( #6032, #1474, #7440, #7320, #4055, #4102 ),
 ( #1427, #906, #3452, #6672, #780, #1556 ),
 ( #4183, #6067, #3410, #79, #4666, #7284 ) ),
 .UNSPECIFIED., .F., .F., .F.,
 ( 6, 6 ),
 ( 6, 6 ),
 ( 14.17287610019999988, 17.21302349009999944 ),
 ( 0.000000000000000000, 0.8478687086310000565 ),
 .UNSPECIFIED. ) ;
#244 = CARTESIAN_POINT ( 'NONE',  ( -12.03706599544635303, 0.2977080038362812098, 5.011189298304147499 ) ) ;
#245 = CARTESIAN_POINT ( 'NONE',  ( -21.18893532420000270, 0.1652053284149999912, 23.29999802380000062 ) ) ;
#246 = CARTESIAN_POINT ( 'NONE',  ( -16.08650304216065052, 2.278252549768545521, 4.318767009047866701 ) ) ;
#247 = EDGE_CURVE ( 'NONE', #2659, #7613, #8416, .T. ) ;
#248 = ORIENTED_EDGE ( 'NONE', *, *, #5306, .T. ) ;
#249 = ORIENTED_EDGE ( 'NONE', *, *, #6348, .F. ) ;
#250 = CARTESIAN_POINT ( 'NONE',  ( -8.427625181048458813, -17.97750292141120454, 7.917982520435693061 ) ) ;
#251 = CARTESIAN_POINT ( 'NONE',  ( -19.94350689725810000, 4.263730522636459241, 5.592116443155846994 ) ) ;
#252 = CARTESIAN_POINT ( 'NONE',  ( -24.81044193769999850, -21.25272233869999994, 4.807367034130000327 ) ) ;
#253 = CARTESIAN_POINT ( 'NONE',  ( -28.27793265964886160, -21.02902836791781027, 20.52163418874658518 ) ) ;
#254 = CARTESIAN_POINT ( 'NONE',  ( 2.508007422019999932, -17.32361528730000089, 20.65287738339999990 ) ) ;
#255 = CARTESIAN_POINT ( 'NONE',  ( -27.94371792911062613, -16.63165098618358329, 7.699908138570604521 ) ) ;
#256 = ORIENTED_EDGE ( 'NONE', *, *, #1082, .T. ) ;
#257 = ORIENTED_EDGE ( 'NONE', *, *, #7194, .T. ) ;
#258 = CARTESIAN_POINT ( 'NONE',  ( -17.01561856880000079, -19.60112755529999973, 24.11453758910000289 ) ) ;
#259 = CARTESIAN_POINT ( 'NONE',  ( -25.55630476356139269, -1.649770486814955195, 5.312494973021394173 ) ) ;
#260 = CARTESIAN_POINT ( 'NONE',  ( -15.25892803380000018, 0.8152047005349999376, 5.814357516319999419 ) ) ;
#261 = CARTESIAN_POINT ( 'NONE',  ( -12.84683463080000010, 0.6652053292599999779, 5.299998025759999898 ) ) ;
#262 = CARTESIAN_POINT ( 'NONE',  ( -17.38059845960000160, 3.849407690729999665, 4.519760208090000120 ) ) ;
#263 = CARTESIAN_POINT ( 'NONE',  ( -16.48674475360000002, 2.182260218940000218, 4.340078029209999855 ) ) ;
#264 = CARTESIAN_POINT ( 'NONE',  ( 2.603172421480000054, -17.29040214870000014, 7.992145416539999658 ) ) ;
#265 = CARTESIAN_POINT ( 'NONE',  ( -24.87925567860000342, 3.617459539890000020, 23.67093433760000210 ) ) ;
#266 = CARTESIAN_POINT ( 'NONE',  ( -15.25892807029999965, -18.48479467069999771, 22.78563916260000255 ) ) ;
#267 = CALENDAR_DATE ( 2026, 22, 6 ) ;
#268 = VERTEX_POINT ( 'NONE', #2943 ) ;
#269 = DIRECTION ( 'NONE',  ( -3.667185336520484431E-18, -1.000000000000000000, -1.320727196930000051E-15 ) ) ;
#270 = CARTESIAN_POINT ( 'NONE',  ( -25.01123474979999983, 3.576971744920000251, 4.920165738190000582 ) ) ;
#271 = CARTESIAN_POINT ( 'NONE',  ( 2.957019615150000114, -5.291753722010000160, 23.62970210379999969 ) ) ;
#272 = CARTESIAN_POINT ( 'NONE',  ( -9.299189361799999887, 0.6652053292599999779, 20.40335779389999971 ) ) ;
#273 = CARTESIAN_POINT ( 'NONE',  ( 2.580037039440000068, -1.768097297219999975, 22.07556079000000082 ) ) ;
#274 = CARTESIAN_POINT ( 'NONE',  ( -17.12049475750000127, 1.853614096460000082, 24.13446575419999718 ) ) ;
#275 = CARTESIAN_POINT ( 'NONE',  ( -25.17818920470000066, 3.607020551049999746, 16.40222721589999821 ) ) ;
#276 = CARTESIAN_POINT ( 'NONE',  ( -17.11716077310000017, 3.652805088150000046, 24.17497246719999993 ) ) ;
#277 = CARTESIAN_POINT ( 'NONE',  ( -21.90160141813479555, -22.28479467089999844, 20.13487627911247557 ) ) ;
#278 = CARTESIAN_POINT ( 'NONE',  ( -27.47471394554254331, -1.934648880092603385, 21.36909189655743546 ) ) ;
#279 = CARTESIAN_POINT ( 'NONE',  ( 2.697627552470000190, -18.33479467069999913, 17.23100040190000115 ) ) ;
#280 = FACE_OUTER_BOUND ( 'NONE', #229, .T. ) ;
#281 = CARTESIAN_POINT ( 'NONE',  ( -11.99523234783871750, 0.2972385669266343622, 5.032349718376197600 ) ) ;
#282 = CARTESIAN_POINT ( 'NONE',  ( -12.29726295940384162, 0.5631769242757868055, 23.41942441985881729 ) ) ;
#283 = CARTESIAN_POINT ( 'NONE',  ( -24.75025521379310689, 3.416379128118586017, 4.693239014980382429 ) ) ;
#284 = VERTEX_POINT ( 'NONE', #6243 ) ;
#285 = VERTEX_POINT ( 'NONE', #5100 ) ;
#286 = CARTESIAN_POINT ( 'NONE',  ( -28.44380781629999788, -20.87286534420000095, 11.35355128389999990 ) ) ;
#287 = CARTESIAN_POINT ( 'NONE',  ( -24.87719544539999816, 3.617531484480000170, 5.047179812180000447 ) ) ;
#288 = CARTESIAN_POINT ( 'NONE',  ( -24.97062559899999812, -21.24780720460000083, 4.878934051250000792 ) ) ;
#289 = CARTESIAN_POINT ( 'NONE',  ( -28.15031253547704893, -21.17282105855790419, 20.38899271317033168 ) ) ;
#290 = EDGE_CURVE ( 'NONE', #6266, #2931, #1860, .T. ) ;
#291 = CARTESIAN_POINT ( 'NONE',  ( 2.580022402039999996, -15.90132873089999954, 22.07572433629999864 ) ) ;
#292 = CARTESIAN_POINT ( 'NONE',  ( -27.69782679129504999, -17.50517590179667238, 7.454017000755034594 ) ) ;
#293 = EDGE_LOOP ( 'NONE', ( #7522, #7826, #5251, #7822 ) ) ;
#294 = CARTESIAN_POINT ( 'NONE',  ( -8.435306170969999684, 0.6652053292599999779, 8.824714158709999978 ) ) ;
#295 = CARTESIAN_POINT ( 'NONE',  ( -26.19137300006487123, 0.2840718952998100844, 5.947563209524878935 ) ) ;
#296 = CARTESIAN_POINT ( 'NONE',  ( -22.10928123620000108, 3.714189178549999859, 23.69916462659999823 ) ) ;
#297 = CARTESIAN_POINT ( 'NONE',  ( -27.84387838093384104, -16.23389689580463369, 20.99992746116613418 ) ) ;
#298 = CARTESIAN_POINT ( 'NONE',  ( -13.56058953484353680, -20.17217398530001660, 24.33056835137070451 ) ) ;
#299 = CARTESIAN_POINT ( 'NONE',  ( -7.662532781527353620, 0.8152053292530042627, 10.26416149116146670 ) ) ;
#300 = CARTESIAN_POINT ( 'NONE',  ( -28.15427770190000345, 3.503093250400000080, 8.407104406750001147 ) ) ;
#301 = CARTESIAN_POINT ( 'NONE',  ( -17.02578068816485057, 1.862805154202241464, 4.499206065577656233 ) ) ;
#302 = CARTESIAN_POINT ( 'NONE',  ( 2.463940779390000113, 0.3424210100830000214, 8.716714069729999181 ) ) ;
#303 = APPROVAL_ROLE ( '' ) ;
#304 = ORIENTED_EDGE ( 'NONE', *, *, #3336, .F. ) ;
#305 = CARTESIAN_POINT ( 'NONE',  ( -16.06411560880000167, -20.02532763059999965, 24.28323046830000109 ) ) ;
#306 = CARTESIAN_POINT ( 'NONE',  ( -17.11299179480000276, 3.807760918990000132, 4.453820431219999598 ) ) ;
#307 = CARTESIAN_POINT ( 'NONE',  ( -18.80745692420000026, -21.67355181030000111, 23.67067088319999968 ) ) ;
#308 = CARTESIAN_POINT ( 'NONE',  ( -16.84485001699999884, 2.243233844099999708, 4.341224413700000895 ) ) ;
#309 = B_SPLINE_SURFACE_WITH_KNOTS ( 'NONE', 5, 5, ( 
 ( #6744, #807, #5430, #4865, #3398, #2279 ),
 ( #6784, #221, #4215, #264, #848, #4088 ),
 ( #5473, #8074, #6700, #2196, #3527, #2884 ),
 ( #5514, #6835, #8113, #2235, #939, #3438 ),
 ( #3570, #1632, #4258, #6878, #6018, #2759 ),
 ( #6056, #5389, #7990, #2109, #5680, #4427 ) ),
 .UNSPECIFIED., .F., .F., .F.,
 ( 6, 6 ),
 ( 6, 6 ),
 ( 3.263895149119999672, 8.352151081060000593 ),
 ( 0.000000000000000000, 0.5393544765219999704 ),
 .UNSPECIFIED. ) ;
#310 = CARTESIAN_POINT ( 'NONE',  ( -7.198916800666961713, -14.60288173749081153, 5.101450350729187733 ) ) ;
#311 = FACE_OUTER_BOUND ( 'NONE', #6010, .T. ) ;
#312 = CARTESIAN_POINT ( 'NONE',  ( -17.78268491299999710, 1.600925936929999960, 24.13713431850000291 ) ) ;
#313 = CARTESIAN_POINT ( 'NONE',  ( -12.84683463080000010, 0.6652053292599999779, 5.299998025759999898 ) ) ;
#314 = CARTESIAN_POINT ( 'NONE',  ( -16.49420279610580309, 2.135580946048941442, 24.21540271174840342 ) ) ;
#315 = DIRECTION ( 'NONE',  ( -2.985759393769739801E-16, -1.301554129510739852E-15, 1.000000000000000000 ) ) ;
#316 = CARTESIAN_POINT ( 'NONE',  ( 2.254905890659999912, -3.543979503270000109, 23.76362075640000171 ) ) ;
#317 = CARTESIAN_POINT ( 'NONE',  ( 3.080078441569999992, -18.16802645499999969, 17.30100162559999788 ) ) ;
#318 = CARTESIAN_POINT ( 'NONE',  ( -21.18893532420000270, 0.8152053285050000486, 4.568874989610000270 ) ) ;
#319 = CARTESIAN_POINT ( 'NONE',  ( -25.58978882947163669, -15.96441345508142362, 5.345979038931614191 ) ) ;
#320 = CARTESIAN_POINT ( 'NONE',  ( -7.913851777070001425, 0.3403502715880000196, 20.32523248629999912 ) ) ;
#321 = EDGE_LOOP ( 'NONE', ( #8485, #528, #2604, #6828 ) ) ;
#322 = ORIENTED_EDGE ( 'NONE', *, *, #441, .T. ) ;
#323 = ORIENTED_EDGE ( 'NONE', *, *, #1706, .F. ) ;
#324 = VERTEX_POINT ( 'NONE', #8170 ) ;
#325 = CYLINDRICAL_SURFACE ( 'NONE', #1025, 1.300000000000000044 ) ;
#326 = DIRECTION ( 'NONE',  ( -1.000000000000000000, 6.123233995739999133E-17, -2.985759393769999632E-16 ) ) ;
#327 = VERTEX_POINT ( 'NONE', #6332 ) ;
#328 = CARTESIAN_POINT ( 'NONE',  ( -11.07301199629999999, -18.33479467069999913, 6.748318141720000440 ) ) ;
#329 = CARTESIAN_POINT ( 'NONE',  ( -25.40580137228738167, -16.33510591977464443, 23.43800446981259711 ) ) ;
#330 = CARTESIAN_POINT ( 'NONE',  ( -28.14810850649999807, -21.17289802490000028, 8.344263115949999587 ) ) ;
#331 = CARTESIAN_POINT ( 'NONE',  ( -27.49125496513567413, -17.72065312519571023, 7.247445174595652517 ) ) ;
#332 = CARTESIAN_POINT ( 'NONE',  ( -16.23610810767323898, -19.80272515734236904, 24.15968918480092142 ) ) ;
#333 = B_SPLINE_CURVE_WITH_KNOTS ( 'NONE', 5,
 ( #2378, #481, #2501, #7606, #7059, #1726, #5133, #4350, #8336 ),
 .UNSPECIFIED., .F., .F.,
 ( 6, 3, 6 ),
 ( -25.36255668560000132, -22.69550267199999993, -15.85538854900000061 ),
 .UNSPECIFIED. ) ;
#334 = ORIENTED_EDGE ( 'NONE', *, *, #3898, .F. ) ;
#335 = CARTESIAN_POINT ( 'NONE',  ( 3.232160291876887470, -18.07883702713639096, 12.21215697865438266 ) ) ;
#336 = CARTESIAN_POINT ( 'NONE',  ( -26.13534964449904408, 0.2618501920145216433, 5.891539853959036677 ) ) ;
#337 = CARTESIAN_POINT ( 'NONE',  ( -8.381088084989999132, -17.98130440549999776, 7.959775238069999759 ) ) ;
#338 = CARTESIAN_POINT ( 'NONE',  ( -3.853425187990000111, -17.94716596690000188, 16.97753182980000020 ) ) ;
#339 = CARTESIAN_POINT ( 'NONE',  ( -17.64621285271522666, -21.98479467069998705, 4.711398907885785192 ) ) ;
#340 = CARTESIAN_POINT ( 'NONE',  ( -22.02681774736858955, -21.85684706225522689, 21.38672530108727798 ) ) ;
#341 = CARTESIAN_POINT ( 'NONE',  ( 2.157722703700000189, -14.50844915709999938, 5.092890890630000555 ) ) ;
#342 = FACE_OUTER_BOUND ( 'NONE', #2832, .T. ) ;
#343 = CARTESIAN_POINT ( 'NONE',  ( -6.299189362029999906, 2.141119827419999844, 3.324083527600000032 ) ) ;
#344 = AXIS2_PLACEMENT_3D ( 'NONE', #4560, #2665, #7178 ) ;
#345 = DATE_AND_TIME ( #6840, #3111 ) ;
#346 = ORIENTED_EDGE ( 'NONE', *, *, #2344, .T. ) ;
#347 = CARTESIAN_POINT ( 'NONE',  ( -8.442902958909998645, -2.589469003090000054, 23.57901465269999974 ) ) ;
#348 = EDGE_CURVE ( 'NONE', #4806, #6777, #4838, .T. ) ;
#349 = CARTESIAN_POINT ( 'NONE',  ( -23.18893532339999553, -1.974361565863636869, 7.198908761727386363 ) ) ;
#350 = CARTESIAN_POINT ( 'NONE',  ( -28.42839223519999692, 3.203491340099999807, 8.250059413120000684 ) ) ;
#351 = CARTESIAN_POINT ( 'NONE',  ( -18.73498818119999854, -18.61577679019999820, 4.597827174979999931 ) ) ;
#352 = CARTESIAN_POINT ( 'NONE',  ( 2.146752624699999945, -18.15298702460000158, 19.86256785489999999 ) ) ;
#353 = AXIS2_PLACEMENT_3D ( 'NONE', #4191, #4151, #8093 ) ;
#354 = CARTESIAN_POINT ( 'NONE',  ( -8.140608784829998612, -18.33479467069999913, 8.954737573969998365 ) ) ;
#355 = CARTESIAN_POINT ( 'NONE',  ( -17.62626871260000172, 1.818231158730000185, 24.15553250960000042 ) ) ;
#356 = CARTESIAN_POINT ( 'NONE',  ( -24.82457127629999860, 3.619369160959999832, 17.98163142410000148 ) ) ;
#357 = AXIS2_PLACEMENT_3D ( 'NONE', #8477, #5852, #3882 ) ;
#358 = CARTESIAN_POINT ( 'NONE',  ( -17.44496043830000076, 3.666529819450000005, 4.449354248809999746 ) ) ;
#359 = CARTESIAN_POINT ( 'NONE',  ( -19.76887954471101594, -22.28479467090000199, 22.04214153990687564 ) ) ;
#360 = CARTESIAN_POINT ( 'NONE',  ( -27.04296641186460803, 0.3025465905975681657, 6.799156621324601524 ) ) ;
#361 = CARTESIAN_POINT ( 'NONE',  ( -26.64380781570000067, -18.03479467040000017, 6.399998025110000377 ) ) ;
#362 = CARTESIAN_POINT ( 'NONE',  ( -17.28416966629999862, -22.03428932699999976, 23.97848455760000164 ) ) ;
#363 = ORIENTED_EDGE ( 'NONE', *, *, #969, .T. ) ;
#364 = ADVANCED_FACE ( 'NONE', ( #3718 ), #1300, .T. ) ;
#365 = CARTESIAN_POINT ( 'NONE',  ( -25.34376313782783186, -16.68412282881305231, 5.099953347287808469 ) ) ;
#366 = ORIENTED_EDGE ( 'NONE', *, *, #6303, .T. ) ;
#367 = CARTESIAN_POINT ( 'NONE',  ( -9.068534087619999795, 0.6236418099780000057, 20.68585178480000053 ) ) ;
#368 = ORIENTED_EDGE ( 'NONE', *, *, #2394, .T. ) ;
#369 = ORIENTED_EDGE ( 'NONE', *, *, #2359, .T. ) ;
#370 = ORIENTED_EDGE ( 'NONE', *, *, #49, .T. ) ;
#371 = CARTESIAN_POINT ( 'NONE',  ( 2.633219223349999805, -13.87137927809999915, 5.080601984560000339 ) ) ;
#372 = CARTESIAN_POINT ( 'NONE',  ( -24.23906309393173686, 4.106388214149800930, 10.76913843538777371 ) ) ;
#373 = CARTESIAN_POINT ( 'NONE',  ( -24.10709065729999878, -21.31401347779999966, 9.526966798170001027 ) ) ;
#374 = CARTESIAN_POINT ( 'NONE',  ( -26.08134067118867350, -17.90808035790530184, 22.76246517091130528 ) ) ;
#375 = CARTESIAN_POINT ( 'NONE',  ( -28.23102538676305784, -21.17000249889985852, 8.407104952279997434 ) ) ;
#376 = EDGE_CURVE ( 'NONE', #6643, #3422, #431, .T. ) ;
#377 = CARTESIAN_POINT ( 'NONE',  ( -11.73446219480000074, -17.94716710639999846, 5.187625590070000570 ) ) ;
#378 = CARTESIAN_POINT ( 'NONE',  ( -18.96194622040000155, -21.49368588059999752, 4.682848194069999970 ) ) ;
#379 = B_SPLINE_SURFACE_WITH_KNOTS ( 'NONE', 5, 5, ( 
 ( #511, #1932, #783, #5759, #8408, #2575 ),
 ( #2733, #1275, #7046, #5365, #1148, #555 ),
 ( #8369, #7964, #7725, #1889, #4466, #7090 ),
 ( #1193, #3780, #7134, #2490, #7172, #2529 ),
 ( #5840, #1430, #3185, #2084, #5796, #3413 ),
 ( #5214, #3137, #3912, #5161, #7768, #4514 ) ),
 .UNSPECIFIED., .F., .F., .F.,
 ( 6, 6 ),
 ( 6, 6 ),
 ( 3.237978360690000112, 3.863655262169999993 ),
 ( 0.000000000000000000, 0.5502330933350000342 ),
 .UNSPECIFIED. ) ;
#380 = ORIENTED_EDGE ( 'NONE', *, *, #6145, .T. ) ;
#381 = B_SPLINE_CURVE_WITH_KNOTS ( 'NONE', 3,
 ( #2750, #5380, #418, #3089, #375, #1059 ),
 .UNSPECIFIED., .F., .F.,
 ( 4, 2, 4 ),
 ( 0.000000000000000000, 0.5000000000000000000, 1.000000000000000000 ),
 .UNSPECIFIED. ) ;
#382 = CARTESIAN_POINT ( 'NONE',  ( -17.07149212980000286, -19.70418385909999870, 24.11221384930000156 ) ) ;
#383 = CARTESIAN_POINT ( 'NONE',  ( -25.35599632202181652, -1.140122249884647054, 5.112186531481814455 ) ) ;
#384 = CARTESIAN_POINT ( 'NONE',  ( -8.092237329879999663, -18.30040233700000130, 8.646068876650000234 ) ) ;
#385 = CARTESIAN_POINT ( 'NONE',  ( -27.45268414849769556, -17.75255182213898664, 21.39112169360229032 ) ) ;
#386 = CARTESIAN_POINT ( 'NONE',  ( 2.583099578330000146, 0.3672206785880000601, 19.54674637599999798 ) ) ;
#387 = CARTESIAN_POINT ( 'NONE',  ( 2.737770721353698811, -2.314372065490618802, 22.30494692298919901 ) ) ;
#388 = CARTESIAN_POINT ( 'NONE',  ( -18.70499763850000008, 1.189454893520000223, 4.482133974009999910 ) ) ;
#389 = CARTESIAN_POINT ( 'NONE',  ( 2.578891055040000158, -14.12615801039999930, 5.114966010369999871 ) ) ;
#390 = CARTESIAN_POINT ( 'NONE',  ( -23.18893532339999908, -17.07506692036706752, 20.93383354613119351 ) ) ;
#391 = VERTEX_POINT ( 'NONE', #1168 ) ;
#392 = CARTESIAN_POINT ( 'NONE',  ( -18.58145057250000320, 1.004524024090000189, 24.03417702610000006 ) ) ;
#393 = ADVANCED_FACE ( 'NONE', ( #6509 ), #8439, .F. ) ;
#394 = CARTESIAN_POINT ( 'NONE',  ( -16.64159522609999797, 3.617356501659999779, 4.349760859949999947 ) ) ;
#395 = CARTESIAN_POINT ( 'NONE',  ( -22.89573763110000115, -21.41320334990000163, 20.67169411649999944 ) ) ;
#396 = B_SPLINE_CURVE_WITH_KNOTS ( 'NONE', 4,
 ( #5315, #2553, #4012, #7155, #5234 ),
 .UNSPECIFIED., .F., .F.,
 ( 5, 5 ),
 ( -3.699780485249999806, 0.000000000000000000 ),
 .UNSPECIFIED. ) ;
#397 = CARTESIAN_POINT ( 'NONE',  ( -18.83962190367354950, 0.8152058450316984617, 24.01175348933647058 ) ) ;
#398 = CARTESIAN_POINT ( 'NONE',  ( 2.530913913880000088, -3.564877575250000152, 5.006903321259999373 ) ) ;
#399 = CARTESIAN_POINT ( 'NONE',  ( -14.76507134110000052, -21.98479467070000126, 14.29999805100000110 ) ) ;
#400 = LINE ( 'NONE', #1164, #8164 ) ;
#401 = B_SPLINE_CURVE_WITH_KNOTS ( 'NONE', 5,
 ( #9, #1226, #2524, #7166, #7889, #4509 ),
 .UNSPECIFIED., .F., .F.,
 ( 6, 6 ),
 ( -0.5502330740330000358, 0.000000000000000000 ),
 .UNSPECIFIED. ) ;
#402 = EDGE_CURVE ( 'NONE', #5506, #5805, #5274, .T. ) ;
#403 = CARTESIAN_POINT ( 'NONE',  ( -17.49430707739999846, 1.893282415889999903, 24.16014005949999799 ) ) ;
#404 = DIRECTION ( 'NONE',  ( 0.7745966960216931207, 0.000000000000000000, 0.6324554992347499738 ) ) ;
#405 = CARTESIAN_POINT ( 'NONE',  ( -12.23500403179999907, 7.215205329249999799, 4.513763524419999840 ) ) ;
#406 = CARTESIAN_POINT ( 'NONE',  ( -12.07987603694381207, -17.96713537923371717, 23.60957138286817170 ) ) ;
#407 = CARTESIAN_POINT ( 'NONE',  ( -27.64293488073986893, -0.09447082162601223854, 7.399125090199872190 ) ) ;
#408 = CARTESIAN_POINT ( 'NONE',  ( 2.716781848078554606, -2.540293361628317648, 6.070388003329411752 ) ) ;
#409 = LINE ( 'NONE', #8174, #2573 ) ;
#410 = CARTESIAN_POINT ( 'NONE',  ( -25.78692727494972559, -15.75710748967693320, 5.543117484409706641 ) ) ;
#411 = CARTESIAN_POINT ( 'NONE',  ( -28.44380785439999570, -20.87286534440000096, 8.407104541499998973 ) ) ;
#412 = EDGE_CURVE ( 'NONE', #4620, #4348, #577, .T. ) ;
#413 = ORIENTED_EDGE ( 'NONE', *, *, #7000, .T. ) ;
#414 = CARTESIAN_POINT ( 'NONE',  ( 2.576850655609999929, -13.89208860099999931, 4.980506263849999726 ) ) ;
#415 = CARTESIAN_POINT ( 'NONE',  ( -24.74697255859999956, 3.322261725379999753, 4.693124387470000158 ) ) ;
#416 = CARTESIAN_POINT ( 'NONE',  ( -26.28007069009236574, 0.3134437619758173588, 22.56373515200764857 ) ) ;
#417 = CARTESIAN_POINT ( 'NONE',  ( -26.13495360085971342, -15.53589360900786254, 22.70885224124026180 ) ) ;
#418 = CARTESIAN_POINT ( 'NONE',  ( -28.41295569228483942, -21.02602151904870809, 8.407104952279999210 ) ) ;
#419 = CARTESIAN_POINT ( 'NONE',  ( -19.28832979849999774, 3.986824611330000323, 23.40936189139999968 ) ) ;
#420 = CARTESIAN_POINT ( 'NONE',  ( -11.98213827340000037, -18.06294675759999890, 23.50102456219999780 ) ) ;
#421 = VERTEX_POINT ( 'NONE', #693 ) ;
#422 = EDGE_CURVE ( 'NONE', #6363, #6455, #7484, .T. ) ;
#423 = CARTESIAN_POINT ( 'NONE',  ( -18.21754501919999569, -19.04917258379999723, 24.00251220799999885 ) ) ;
#424 = CARTESIAN_POINT ( 'NONE',  ( -12.84683463049999830, 0.6652053292599999779, 5.299998025759999898 ) ) ;
#425 = CARTESIAN_POINT ( 'NONE',  ( -2.208935324079999596, -8.834794670739999134, 14.29999802579999901 ) ) ;
#426 = CARTESIAN_POINT ( 'NONE',  ( -19.16813425770000023, -18.48479467069999771, 4.577775332539999908 ) ) ;
#427 = CARTESIAN_POINT ( 'NONE',  ( -9.234250684131666276, 0.8152053292530070383, 8.287778558787637806 ) ) ;
#428 = CARTESIAN_POINT ( 'NONE',  ( 2.186362437220000121, 0.6652049272439999328, 19.26654600530000039 ) ) ;
#429 = CARTESIAN_POINT ( 'NONE',  ( -17.01122442899999854, 3.716937737659999907, 24.17714696720000234 ) ) ;
#430 = CARTESIAN_POINT ( 'NONE',  ( -23.18893532339999553, -17.87071697556053707, 21.54529335131783085 ) ) ;
#431 = B_SPLINE_CURVE_WITH_KNOTS ( 'NONE', 5,
 ( #2990, #8254, #1045, #8347, #1693, #3676, #6290, #405, #2387, #1739, #3976, #3287, #5143, #7747, #6555, #5188, #615, #36, #1819, #3164, #5820, #2641, #3937, #7837 ),
 .UNSPECIFIED., .F., .F.,
 ( 6, 3, 3, 3, 3, 3, 3, 6 ),
 ( -44.42847294910000500, -39.43568255419999957, -32.86306878899999617, -26.29045503190000233, -19.71784128439999506, -13.14522752349999735, -6.572613760890000378, 0.000000000000000000 ),
 .UNSPECIFIED. ) ;
#432 = ORIENTED_EDGE ( 'NONE', *, *, #1082, .F. ) ;
#433 = CARTESIAN_POINT ( 'NONE',  ( -6.848506851339999812, -3.161140267479999988, 23.50710480690000281 ) ) ;
#434 = CARTESIAN_POINT ( 'NONE',  ( -17.44226411880000072, 3.577347759919999870, 24.16195770410000065 ) ) ;
#435 = CARTESIAN_POINT ( 'NONE',  ( -17.25209680180000049, -21.55339513819999908, 24.33749096930000277 ) ) ;
#436 = CARTESIAN_POINT ( 'NONE',  ( -19.01483300259664944, 0.8152007768769486962, 24.07616320427523249 ) ) ;
#437 = CARTESIAN_POINT ( 'NONE',  ( -17.60761963149760234, 4.057161774762721329, 24.00636467820419995 ) ) ;
#438 = CARTESIAN_POINT ( 'NONE',  ( -24.74697255790000128, -20.99185106130000023, 4.693124387440000156 ) ) ;
#439 = CARTESIAN_POINT ( 'NONE',  ( -17.32874857259999857, 2.479192135920000428, 4.426611376929999508 ) ) ;
#440 = VERTEX_POINT ( 'NONE', #7878 ) ;
#441 = EDGE_CURVE ( 'NONE', #8132, #6902, #2257, .T. ) ;
#442 = CARTESIAN_POINT ( 'NONE',  ( -17.57358885909999557, 1.719049361399999754, 24.14689443190000162 ) ) ;
#443 = CARTESIAN_POINT ( 'NONE',  ( -17.11276741845256311, 3.841251492711348359, 4.457555062196493445 ) ) ;
#444 = CARTESIAN_POINT ( 'NONE',  ( -15.35032645250000094, 2.388305734539999836, 24.35608216439999651 ) ) ;
#445 = CARTESIAN_POINT ( 'NONE',  ( -12.03706599537840205, -17.96729734531491118, 23.58880675324711618 ) ) ;
#446 = ADVANCED_FACE ( 'NONE', ( #1861 ), #4417, .T. ) ;
#447 = CARTESIAN_POINT ( 'NONE',  ( -8.103935324130000950, -13.80134229279999936, 5.799998025759999898 ) ) ;
#448 = CARTESIAN_POINT ( 'NONE',  ( -18.30901544899999678, -18.75151848409999999, 23.92803451220000355 ) ) ;
#449 = DIRECTION ( 'NONE',  ( -1.000000000000000000, -7.898037779340000745E-18, -7.898037779340000745E-18 ) ) ;
#450 = B_SPLINE_CURVE_WITH_KNOTS ( 'NONE', 5,
 ( #7383, #3433, #6178, #764, #2923, #2192 ),
 .UNSPECIFIED., .F., .F.,
 ( 6, 6 ),
 ( -7.100897569919999874, 0.000000000000000000 ),
 .UNSPECIFIED. ) ;
#451 = B_SPLINE_SURFACE_WITH_KNOTS ( 'NONE', 5, 5, ( 
 ( #6638, #5407, #2011, #163, #2087, #8008 ),
 ( #743, #3297, #5996, #3952, #3370, #6602 ),
 ( #4712, #704, #3333, #5953, #4671, #2692 ),
 ( #1397, #825, #5914, #1354, #3458, #7365 ),
 ( #84, #2816, #5324, #128, #1479, #6679 ),
 ( #7927, #2737, #787, #5368, #7289, #5448 ) ),
 .UNSPECIFIED., .F., .F., .F.,
 ( 6, 6 ),
 ( 6, 6 ),
 ( 3.598719218139999843, 5.106429725020000809 ),
 ( 0.000000000000000000, 0.2645283569290000081 ),
 .UNSPECIFIED. ) ;
#452 = CARTESIAN_POINT ( 'NONE',  ( -26.17180614626884250, -15.52334354638071723, 5.927996355728823552 ) ) ;
#453 = CARTESIAN_POINT ( 'NONE',  ( -9.068535593400000039, 0.6236419743329999488, 7.914146417649999599 ) ) ;
#454 = EDGE_LOOP ( 'NONE', ( #3911, #8352, #2783, #4858 ) ) ;
#455 = EDGE_CURVE ( 'NONE', #4492, #3032, #5943, .T. ) ;
#456 = DIRECTION ( 'NONE',  ( 0.000000000000000000, -1.291057499599999968E-15, 1.000000000000000000 ) ) ;
#457 = CARTESIAN_POINT ( 'NONE',  ( 2.547408388140000035, -18.14984981160000288, 19.47187581640000076 ) ) ;
#458 = CARTESIAN_POINT ( 'NONE',  ( -21.18893532420000270, -8.834794669999999073, 4.799998025389999867 ) ) ;
#459 = PLANE ( 'NONE',  #2818 ) ;
#460 = CARTESIAN_POINT ( 'NONE',  ( -28.24637493739999883, -21.16946648609999926, 8.407104826320001223 ) ) ;
#461 = CARTESIAN_POINT ( 'NONE',  ( -21.69751510469999900, 3.728568368719999970, 22.46685004690000298 ) ) ;
#462 = CARTESIAN_POINT ( 'NONE',  ( -12.52136751340000131, -18.24006332299999755, 23.62038112280000135 ) ) ;
#463 = B_SPLINE_CURVE_WITH_KNOTS ( 'NONE', 4,
 ( #4285, #6345, #4415, #5753, #3638 ),
 .UNSPECIFIED., .F., .F.,
 ( 5, 5 ),
 ( 0.000000000000000000, 1.000000000000000000 ),
 .UNSPECIFIED. ) ;
#464 = EDGE_LOOP ( 'NONE', ( #5310, #5241, #2829, #3193 ) ) ;
#465 = CARTESIAN_POINT ( 'NONE',  ( 3.044620143897096121, -18.07043195524907730, 10.94244622945710610 ) ) ;
#466 = ORIENTED_EDGE ( 'NONE', *, *, #7643, .F. ) ;
#467 = CARTESIAN_POINT ( 'NONE',  ( -12.56065347590000059, 0.6649768305900000120, 5.200018739629999942 ) ) ;
#468 = CARTESIAN_POINT ( 'NONE',  ( 2.376430978690000195, 0.6268565360979999612, 9.139679469309999860 ) ) ;
#469 = CARTESIAN_POINT ( 'NONE',  ( -27.47471393948418594, -17.73464888498682157, 21.36909190261579639 ) ) ;
#470 = EDGE_CURVE ( 'NONE', #4540, #7004, #3503, .T. ) ;
#471 = CARTESIAN_POINT ( 'NONE',  ( -6.769016270223388254, 0.8152053292530011541, 12.62512867358125668 ) ) ;
#472 = CARTESIAN_POINT ( 'NONE',  ( 2.619375706120000036, -3.747461671800000005, 5.081113595869999777 ) ) ;
#473 = CARTESIAN_POINT ( 'NONE',  ( -25.06364762515512723, -21.14127366747055348, 4.864076823285165219 ) ) ;
#474 = CARTESIAN_POINT ( 'NONE',  ( -24.74697255919999606, 3.622078967869999833, 23.60705441629999868 ) ) ;
#475 = EDGE_CURVE ( 'NONE', #4114, #4490, #2540, .T. ) ;
#476 = ORIENTED_EDGE ( 'NONE', *, *, #7434, .T. ) ;
#477 = ORIENTED_EDGE ( 'NONE', *, *, #2899, .F. ) ;
#478 = VERTEX_POINT ( 'NONE', #7278 ) ;
#479 = CARTESIAN_POINT ( 'NONE',  ( -8.869812118449999616, -2.205557501340000393, 23.55652891919999803 ) ) ;
#480 = EDGE_LOOP ( 'NONE', ( #6107, #5336, #4251, #6810 ) ) ;
#481 = CARTESIAN_POINT ( 'NONE',  ( -24.35224487729999865, -21.30545250369999621, 10.00701317780000110 ) ) ;
#482 = CARTESIAN_POINT ( 'NONE',  ( -22.75276483559999718, -21.83023165480000216, 20.54817771970000351 ) ) ;
#483 = CARTESIAN_POINT ( 'NONE',  ( -19.24737436369999699, 0.8152053292530000439, 24.09892186469999942 ) ) ;
#484 = CARTESIAN_POINT ( 'NONE',  ( 2.619375139120000195, -3.747458217559999749, 5.081114403850000905 ) ) ;
#485 = CARTESIAN_POINT ( 'NONE',  ( -8.381134684699999227, -15.17505432470000137, 23.44650426520000153 ) ) ;
#486 = CARTESIAN_POINT ( 'NONE',  ( -28.16123513060000150, 3.502850291190000132, 8.200067133559999277 ) ) ;
#487 = VECTOR ( 'NONE', #4328, 1000.000000000000000 ) ;
#488 = FACE_OUTER_BOUND ( 'NONE', #2286, .T. ) ;
#489 = CARTESIAN_POINT ( 'NONE',  ( -15.99954156572452568, 2.302489184821506552, 24.29340369838960356 ) ) ;
#490 = LINE ( 'NONE', #1862, #1467 ) ;
#491 = VECTOR ( 'NONE', #1766, 1000.000000000000114 ) ;
#492 = CARTESIAN_POINT ( 'NONE',  ( 2.523998333060000210, -3.471019512009999808, 23.55311392769999657 ) ) ;
#493 = CARTESIAN_POINT ( 'NONE',  ( 2.415424362250000012, -13.81108832389999996, 4.831164684299999124 ) ) ;
#494 = CARTESIAN_POINT ( 'NONE',  ( -15.99711195699469002, 2.540262864962089306, 24.38838814765470886 ) ) ;
#495 = CARTESIAN_POINT ( 'NONE',  ( -15.71437106410000162, -20.13345553190000103, 4.273565475999999919 ) ) ;
#496 = VECTOR ( 'NONE', #5265, 999.9999999999998863 ) ;
#497 = AXIS2_PLACEMENT_3D ( 'NONE', #3440, #4172, #809 ) ;
#498 = CARTESIAN_POINT ( 'NONE',  ( -7.432500813129999884, 0.4765310217629999956, 19.98273380420000223 ) ) ;
#499 = ORIENTED_EDGE ( 'NONE', *, *, #6920, .F. ) ;
#500 = CARTESIAN_POINT ( 'NONE',  ( -25.39258819830000036, -21.26912291450000225, 15.05058278939999994 ) ) ;
#501 = CARTESIAN_POINT ( 'NONE',  ( 3.091064675920000226, -8.834794670890000035, 14.29999802579999901 ) ) ;
#502 = AXIS2_PLACEMENT_3D ( 'NONE', #8427, #69, #689 ) ;
#503 = CARTESIAN_POINT ( 'NONE',  ( -25.73627913083340246, 0.0003073742139717511941, 23.10752671126661539 ) ) ;
#504 = CARTESIAN_POINT ( 'NONE',  ( -25.58978881572821962, -17.50517586733968400, 23.25401702637174495 ) ) ;
#505 = CARTESIAN_POINT ( 'NONE',  ( -28.15427768410000198, -21.17268259249999929, 8.407104952720001023 ) ) ;
#506 = EDGE_CURVE ( 'NONE', #4522, #2160, #1552, .T. ) ;
#507 = CARTESIAN_POINT ( 'NONE',  ( -19.47158993010000216, 3.806299388640000281, 23.79127483710000135 ) ) ;
#508 = CARTESIAN_POINT ( 'NONE',  ( -11.73446219480000074, -17.94716710639999846, 23.41237046150000012 ) ) ;
#509 = VECTOR ( 'NONE', #8423, 1000.000000000000114 ) ;
#510 = ORIENTED_EDGE ( 'NONE', *, *, #613, .T. ) ;
#511 = CARTESIAN_POINT ( 'NONE',  ( 2.186362253400000011, -13.80134395670000025, 4.799998406170000287 ) ) ;
#512 = ORIENTED_EDGE ( 'NONE', *, *, #3502, .F. ) ;
#513 = DIRECTION ( 'NONE',  ( 1.000000000000000000, -6.123233995739999133E-17, 2.985759393769999632E-16 ) ) ;
#514 = CARTESIAN_POINT ( 'NONE',  ( 2.498070202859999700, 0.5713961036409999084, 9.246498603230000057 ) ) ;
#515 = CARTESIAN_POINT ( 'NONE',  ( -26.79319734269098774, -15.43479467070000410, 22.05060849940899814 ) ) ;
#516 = CARTESIAN_POINT ( 'NONE',  ( 2.619375139120000195, -13.92213112389999985, 23.51888164769999889 ) ) ;
#517 = CARTESIAN_POINT ( 'NONE',  ( -18.10622673740000010, 1.490520466390000243, 4.461224406369999507 ) ) ;
#518 = CARTESIAN_POINT ( 'NONE',  ( -16.64161113470000330, 3.617351738730000044, 24.25023321830000000 ) ) ;
#519 = AXIS2_PLACEMENT_3D ( 'NONE', #738, #3367, #6675 ) ;
#520 = DIRECTION ( 'NONE',  ( 0.7068913078250157467, 0.02468518841630053945, 0.7068913073410157955 ) ) ;
#521 = EDGE_LOOP ( 'NONE', ( #1613, #7780 ) ) ;
#522 = CARTESIAN_POINT ( 'NONE',  ( -18.30744790859999682, 1.184468527679999994, 24.04771792700000077 ) ) ;
#523 = ADVANCED_FACE ( 'NONE', ( #5080 ), #3781, .T. ) ;
#524 = EDGE_LOOP ( 'NONE', ( #4988, #7559, #3184, #2269, #553 ) ) ;
#525 = CARTESIAN_POINT ( 'NONE',  ( -16.64159522609999797, 3.617356501659999779, 4.349760859949999947 ) ) ;
#526 = CARTESIAN_POINT ( 'NONE',  ( -24.08215589760000341, -21.31488421869999783, 19.12386349200000168 ) ) ;
#527 = CARTESIAN_POINT ( 'NONE',  ( -7.199009502383710846, -3.066688464356879251, 23.49854325409219058 ) ) ;
#528 = ORIENTED_EDGE ( 'NONE', *, *, #7242, .T. ) ;
#529 = CARTESIAN_POINT ( 'NONE',  ( 2.368528936430000176, -3.201980466139999759, 5.092096031549999680 ) ) ;
#530 = CARTESIAN_POINT ( 'NONE',  ( -7.397819642540000018, -14.62580104260000091, 23.49643644620000060 ) ) ;
#531 = DIRECTION ( 'NONE',  ( 1.000000000000000000, 0.000000000000000000, 1.064693957069999886E-16 ) ) ;
#532 = CARTESIAN_POINT ( 'NONE',  ( -15.41508631426586007, -19.96004195090268141, 4.345701559332420416 ) ) ;
#533 = ORIENTED_EDGE ( 'NONE', *, *, #4308, .F. ) ;
#534 = CARTESIAN_POINT ( 'NONE',  ( -11.07301187520000063, -16.38647463030000040, 23.79999802580000079 ) ) ;
#535 = CARTESIAN_POINT ( 'NONE',  ( -11.99523234789308823, -17.96682790840603516, 23.56764633323889413 ) ) ;
#536 = CARTESIAN_POINT ( 'NONE',  ( -27.76812006818322232, -1.593559858220916503, 7.524310277643225575 ) ) ;
#537 = EDGE_LOOP ( 'NONE', ( #4713, #1576, #6731 ) ) ;
#538 = CARTESIAN_POINT ( 'NONE',  ( -18.33094496470000223, -18.79201745569999815, 23.96781233080000106 ) ) ;
#539 = CARTESIAN_POINT ( 'NONE',  ( -17.34232733039999985, 3.942663591680000135, 24.08040722930000044 ) ) ;
#540 = ORIENTED_EDGE ( 'NONE', *, *, #2398, .T. ) ;
#541 = LINE ( 'NONE', #3172, #1588 ) ;
#542 = CARTESIAN_POINT ( 'NONE',  ( -17.75445375039999973, 2.115030377820000140, 24.15105580190000367 ) ) ;
#543 = B_SPLINE_CURVE_WITH_KNOTS ( 'NONE', 5,
 ( #5295, #7899, #5764, #5125, #7730, #4472 ),
 .UNSPECIFIED., .F., .F.,
 ( 6, 6 ),
 ( 0.000000000000000000, 1.000000000000000000 ),
 .UNSPECIFIED. ) ;
#544 = CARTESIAN_POINT ( 'NONE',  ( -7.121438308649999271, -18.33479467069999913, 19.31633472929999940 ) ) ;
#545 = CARTESIAN_POINT ( 'NONE',  ( 2.586001642480000307, -13.85830960750000074, 4.980270765930000287 ) ) ;
#546 = DIRECTION ( 'NONE',  ( 1.000000000000000000, -6.123233995740029948E-17, 2.985759393769999632E-16 ) ) ;
#547 = CARTESIAN_POINT ( 'NONE',  ( 2.401678386349999972, -18.30356393759999989, 19.32660924320000007 ) ) ;
#548 = CARTESIAN_POINT ( 'NONE',  ( -25.39122325574610883, -1.286185886307612769, 23.45258258635388060 ) ) ;
#549 = CARTESIAN_POINT ( 'NONE',  ( 2.473066348780000201, 0.6652053292599999779, 18.23873939770000163 ) ) ;
#550 = CARTESIAN_POINT ( 'NONE',  ( -17.81677636379999896, 4.031157227059999570, 4.655743152640000382 ) ) ;
#551 = CARTESIAN_POINT ( 'NONE',  ( -19.40406919000000130, 3.808657265109999912, 23.65507569639999730 ) ) ;
#552 = CARTESIAN_POINT ( 'NONE',  ( 2.227045380099999861, -4.014087126819999796, 4.799998025759999898 ) ) ;
#553 = ORIENTED_EDGE ( 'NONE', *, *, #7025, .F. ) ;
#554 = ORIENTED_EDGE ( 'NONE', *, *, #4007, .T. ) ;
#555 = CARTESIAN_POINT ( 'NONE',  ( 2.597646523439999910, -14.00147771630000015, 5.081916196069999891 ) ) ;
#556 = DIRECTION ( 'NONE',  ( 5.616842003121400535E-16, 1.000000000000000000, 1.028156032151247997E-15 ) ) ;
#557 = CARTESIAN_POINT ( 'NONE',  ( 2.579765326589999574, 0.2895398608950000008, 8.908254904410000563 ) ) ;
#558 = CARTESIAN_POINT ( 'NONE',  ( -6.848319420400001079, -18.04190113699999998, 19.97365592259999900 ) ) ;
#559 = ADVANCED_FACE ( 'NONE', ( #6446 ), #8292, .T. ) ;
#560 = CARTESIAN_POINT ( 'NONE',  ( 2.355880253660000090, -14.36985526600000007, 23.60067184600000090 ) ) ;
#561 = CARTESIAN_POINT ( 'NONE',  ( 2.767834884299115394, -15.80097142386543219, 21.86102724138803666 ) ) ;
#562 = FACE_OUTER_BOUND ( 'NONE', #7655, .T. ) ;
#563 = CARTESIAN_POINT ( 'NONE',  ( -19.15120359420000185, 3.814369989550000284, 23.85597813509999909 ) ) ;
#564 = B_SPLINE_CURVE_WITH_KNOTS ( 'NONE', 5,
 ( #5427, #3394, #6696, #8024, #6015, #2036 ),
 .UNSPECIFIED., .F., .F.,
 ( 6, 6 ),
 ( -0.8478724032459999949, 0.000000000000000000 ),
 .UNSPECIFIED. ) ;
#565 = ORIENTED_EDGE ( 'NONE', *, *, #1348, .F. ) ;
#566 = CARTESIAN_POINT ( 'NONE',  ( -16.98033347910000046, 2.043635347600000429, 4.378289348620000077 ) ) ;
#567 = ORIENTED_EDGE ( 'NONE', *, *, #999, .T. ) ;
#568 = DIRECTION ( 'NONE',  ( 1.611108133131789989E-17, 1.000000000000000000, 1.321818426433899981E-15 ) ) ;
#569 = CARTESIAN_POINT ( 'NONE',  ( -8.869812096600000473, -15.46403190870000088, 23.55652891079999733 ) ) ;
#570 = CARTESIAN_POINT ( 'NONE',  ( -7.810507984197249343, -2.798084161827415706, 23.47410150210679092 ) ) ;
#571 = LINE ( 'NONE', #7657, #8317 ) ;
#572 = PLANE ( 'NONE',  #502 ) ;
#573 = CARTESIAN_POINT ( 'NONE',  ( -16.92844066940000047, 2.825066294189999994, 4.378185731680000359 ) ) ;
#574 = ADVANCED_FACE ( 'NONE', ( #6402 ), #4015, .F. ) ;
#575 = CARTESIAN_POINT ( 'NONE',  ( -20.81267095940000189, 4.080517817520000534, 6.016659468829999469 ) ) ;
#576 = EDGE_LOOP ( 'NONE', ( #4774, #2189, #6394, #6707 ) ) ;
#577 = LINE ( 'NONE', #6590, #3776 ) ;
#578 = CARTESIAN_POINT ( 'NONE',  ( -7.650048136060682680, 0.3460370616102693697, 8.337140268716725089 ) ) ;
#579 = CARTESIAN_POINT ( 'NONE',  ( -17.01788497720000137, -18.33479467069999913, 5.299998025800000789 ) ) ;
#580 = LINE ( 'NONE', #3812, #7360 ) ;
#581 = CARTESIAN_POINT ( 'NONE',  ( 2.463940036169999903, -18.01201056609999895, 8.716714086059999644 ) ) ;
#582 = CARTESIAN_POINT ( 'NONE',  ( -28.09569894539999879, 3.505138865650000213, 8.265683324470000315 ) ) ;
#583 = EDGE_CURVE ( 'NONE', #2119, #119, #8018, .T. ) ;
#584 = CARTESIAN_POINT ( 'NONE',  ( -8.164626357080001284, 0.6652051364159999869, 8.797909432440000899 ) ) ;
#585 = ORIENTED_EDGE ( 'NONE', *, *, #3294, .F. ) ;
#586 = CARTESIAN_POINT ( 'NONE',  ( -27.15266204176356268, -2.133695728795507396, 21.69114380033641609 ) ) ;
#587 = CARTESIAN_POINT ( 'NONE',  ( -14.76507131800000039, -18.48479467069999771, 14.29999802579999901 ) ) ;
#588 = CARTESIAN_POINT ( 'NONE',  ( 2.143972155550000203, -18.24272255639999685, 19.72920378510000106 ) ) ;
#589 = CARTESIAN_POINT ( 'NONE',  ( -15.34813299840000056, -20.03322787929999649, 4.281602679399999722 ) ) ;
#590 = CARTESIAN_POINT ( 'NONE',  ( -18.92590234420000073, 3.848569175599999781, 4.823123887530000431 ) ) ;
#591 = CARTESIAN_POINT ( 'NONE',  ( -17.87584770425909397, -21.70899932011529643, 4.682948065887986289 ) ) ;
#592 = DIRECTION ( 'NONE',  ( -0.9999999999999992228, 0.000000000000000000, -4.214550094879991105E-08 ) ) ;
#593 = ORIENTED_EDGE ( 'NONE', *, *, #6772, .F. ) ;
#594 = CARTESIAN_POINT ( 'NONE',  ( -16.82124383760000086, 2.192386322069999949, 4.334480754110000333 ) ) ;
#595 = CARTESIAN_POINT ( 'NONE',  ( -18.99692309190000117, 4.021619044040000368, 23.53594542949999990 ) ) ;
#596 = ORIENTED_EDGE ( 'NONE', *, *, #3025, .F. ) ;
#597 = PLANE ( 'NONE',  #6124 ) ;
#598 = CARTESIAN_POINT ( 'NONE',  ( 2.376431116890000084, -13.99511263080000134, 23.76164942189999962 ) ) ;
#599 = CARTESIAN_POINT ( 'NONE',  ( 2.164633821540000280, -13.95713234239999956, 4.799999268960000620 ) ) ;
#600 = PLANE ( 'NONE',  #6391 ) ;
#601 = CARTESIAN_POINT ( 'NONE',  ( -7.567818313080000081, -3.585007195959999837, 4.799998262909999980 ) ) ;
#602 = CARTESIAN_POINT ( 'NONE',  ( -23.18893532340000263, -0.9347946707460000892, 6.399998025760000431 ) ) ;
#603 = ORIENTED_EDGE ( 'NONE', *, *, #5306, .F. ) ;
#604 = CARTESIAN_POINT ( 'NONE',  ( -17.36979606180000246, 1.832478150860000099, 4.435197979839999860 ) ) ;
#605 = DIRECTION ( 'NONE',  ( 1.000000000000000000, 7.897900535260030887E-18, 7.897900535259970798E-18 ) ) ;
#606 = CARTESIAN_POINT ( 'NONE',  ( -6.886407137940000034, -14.26449597650000101, 23.70744000319999856 ) ) ;
#607 = CARTESIAN_POINT ( 'NONE',  ( -19.24737436369999699, 0.8152053292530000439, 24.09892186469999942 ) ) ;
#608 = CARTESIAN_POINT ( 'NONE',  ( 3.791064676040000414, -12.90991174877608927, 6.840546249914229548 ) ) ;
#609 = CARTESIAN_POINT ( 'NONE',  ( -21.13893532420000199, -18.48479466999999943, 4.577775332489999904 ) ) ;
#610 = CARTESIAN_POINT ( 'NONE',  ( -13.71414365286097947, 0.8152053292530102580, 5.846780508279912247 ) ) ;
#611 = EDGE_CURVE ( 'NONE', #5110, #4946, #4381, .T. ) ;
#612 = CARTESIAN_POINT ( 'NONE',  ( -25.22619745040000083, 3.661659613589999918, 14.79064002940000044 ) ) ;
#613 = EDGE_CURVE ( 'NONE', #2353, #1678, #41, .T. ) ;
#614 = ORIENTED_EDGE ( 'NONE', *, *, #6634, .T. ) ;
#615 = CARTESIAN_POINT ( 'NONE',  ( -23.95493361119999776, 7.215205329249999799, 10.09071575989999836 ) ) ;
#616 = CARTESIAN_POINT ( 'NONE',  ( 2.450923220459999996, -18.09287283529999968, 8.802387683720001021 ) ) ;
#617 = DIRECTION ( 'NONE',  ( 1.000000000000000000, 6.123233995739999133E-17, 6.123233995739999133E-17 ) ) ;
#618 = CARTESIAN_POINT ( 'NONE',  ( 2.860688912799999706, -5.111207054410000339, 4.888757120740000239 ) ) ;
#619 = CARTESIAN_POINT ( 'NONE',  ( -17.52692718839999841, -19.04777388079999767, 24.04244981669999959 ) ) ;
#620 = VECTOR ( 'NONE', #1344, 999.9999999999998863 ) ;
#621 = CARTESIAN_POINT ( 'NONE',  ( -17.07149212770000091, -19.70418395160000102, 4.487782213810000087 ) ) ;
#622 = CARTESIAN_POINT ( 'NONE',  ( -8.442902958909998645, 0.4442219561769999991, 8.054672358110000374 ) ) ;
#623 = VECTOR ( 'NONE', #8414, 1000.000000000000114 ) ;
#624 = ORIENTED_EDGE ( 'NONE', *, *, #7607, .F. ) ;
#625 = CARTESIAN_POINT ( 'NONE',  ( -17.44422195310000134, 3.637219131769999780, 24.15814869689999611 ) ) ;
#626 = CARTESIAN_POINT ( 'NONE',  ( -17.18534081980000394, -22.03435729149999744, 4.599086561440000054 ) ) ;
#627 = CARTESIAN_POINT ( 'NONE',  ( -17.78270764790000058, 1.600913475020000254, 4.462862602579999560 ) ) ;
#628 = CARTESIAN_POINT ( 'NONE',  ( -21.13893532420000199, -18.48479466999999943, 7.799998025759999898 ) ) ;
#629 = EDGE_CURVE ( 'NONE', #391, #7352, #4739, .T. ) ;
#630 = CARTESIAN_POINT ( 'NONE',  ( -21.18893532370000088, 0.6652053292599999779, 19.27609646259999820 ) ) ;
#631 = VECTOR ( 'NONE', #6603, 1000.000000000000000 ) ;
#632 = CARTESIAN_POINT ( 'NONE',  ( -18.43044747099999725, 4.133550125290000210, 4.874646120460000454 ) ) ;
#633 = CARTESIAN_POINT ( 'NONE',  ( -17.28809152072530253, -21.94056379269325774, 4.614586349074945915 ) ) ;
#634 = CARTESIAN_POINT ( 'NONE',  ( -12.84683463049999830, -17.83479467069999913, 23.79999802580000079 ) ) ;
#635 = ORIENTED_EDGE ( 'NONE', *, *, #6338, .T. ) ;
#636 = CC_DESIGN_APPROVAL ( #6439, ( #4922 ) ) ;
#637 = VECTOR ( 'NONE', #7887, 1000.000000000000114 ) ;
#638 = CARTESIAN_POINT ( 'NONE',  ( -17.87421132129999890, 3.888991209489999878, 23.97643274869999885 ) ) ;
#639 = CARTESIAN_POINT ( 'NONE',  ( -27.42341927518815226, -15.69147667678419822, 21.42038656691182297 ) ) ;
#640 = B_SPLINE_SURFACE_WITH_KNOTS ( 'NONE', 5, 5, ( 
 ( #7129, #706, #1357, #4549, #7085, #6569 ),
 ( #6525, #5327, #7807, #4510, #3863, #48 ),
 ( #5955, #550, #10, #1271, #5917, #7929 ),
 ( #1228, #3823, #3990, #2655, #86, #2697 ),
 ( #6440, #632, #673, #6482, #7168, #3907 ),
 ( #3218, #5208, #2610, #4591, #590, #2053 ),
 ( #5833, #2525, #1188, #3180, #5792, #3262 ),
 ( #3335, #8404, #5156, #1966, #7762, #5287 ),
 ( #5879, #8452, #1882, #5247, #7854, #7890 ) ),
 .UNSPECIFIED., .F., .F., .F.,
 ( 6, 3, 6 ),
 ( 6, 6 ),
 ( 6.154389735999999722, 7.371521939710000026, 8.212792628980000842 ),
 ( 0.000000000000000000, 0.5425012667510000774 ),
 .UNSPECIFIED. ) ;
#641 = CARTESIAN_POINT ( 'NONE',  ( -18.79214601410000185, 0.8152054484330000239, 4.628694093499999163 ) ) ;
#642 = CARTESIAN_POINT ( 'NONE',  ( 2.716781273589516044, -15.12929605238721642, 22.52960924599551618 ) ) ;
#643 = CYLINDRICAL_SURFACE ( 'NONE', #344, 1.000000000000000888 ) ;
#644 = FACE_OUTER_BOUND ( 'NONE', #7113, .T. ) ;
#645 = VECTOR ( 'NONE', #1415, 1000.000000000000114 ) ;
#646 = CARTESIAN_POINT ( 'NONE',  ( -17.86375736369999956, -18.95705366869999864, 4.719436616960000386 ) ) ;
#647 = B_SPLINE_CURVE_WITH_KNOTS ( 'NONE', 5,
 ( #7402, #7321, #6759, #821, #7488, #8044 ),
 .UNSPECIFIED., .F., .F.,
 ( 6, 6 ),
 ( -0.2970982059960000088, 0.000000000000000000 ),
 .UNSPECIFIED. ) ;
#648 = B_SPLINE_SURFACE_WITH_KNOTS ( 'NONE', 5, 5, ( 
 ( #2729, #7958, #7357, #1471, #6712, #5689 ),
 ( #6283, #4267, #5564, #4310, #8247, #7656 ),
 ( #2291, #4961, #7609, #6846, #5051, #6325 ),
 ( #1773, #947, #351, #5003, #4919, #1685 ),
 ( #7526, #7021, #7697, #6886, #2937, #3023 ),
 ( #990, #4396, #6979, #1120, #8287, #5648 ) ),
 .UNSPECIFIED., .F., .F., .F.,
 ( 6, 6 ),
 ( 6, 6 ),
 ( 4.516535336639999620, 5.610846631070000257 ),
 ( 0.000000000000000000, 0.3087244202259999959 ),
 .UNSPECIFIED. ) ;
#649 = ORIENTED_EDGE ( 'NONE', *, *, #4449, .T. ) ;
#650 = CARTESIAN_POINT ( 'NONE',  ( -16.95319167400000282, 1.996091597880000013, 4.399114227500000140 ) ) ;
#651 = CARTESIAN_POINT ( 'NONE',  ( -17.56507131800000110, -21.98479467170000135, 23.89999802579999866 ) ) ;
#652 = CARTESIAN_POINT ( 'NONE',  ( -6.299189362029999906, -14.11550155819999830, 23.76915551200000110 ) ) ;
#653 = CIRCLE ( 'NONE', #7106, 10.07310040529999995 ) ;
#654 = CARTESIAN_POINT ( 'NONE',  ( -16.79489751070000025, 2.141089695769999857, 24.25926907590000070 ) ) ;
#655 = CARTESIAN_POINT ( 'NONE',  ( -28.15120124530000112, -21.17279002409999933, 20.23047621440000299 ) ) ;
#656 = CARTESIAN_POINT ( 'NONE',  ( -12.25236044110000044, 0.3725803721609999841, 23.66854978259999953 ) ) ;
#657 = CARTESIAN_POINT ( 'NONE',  ( -10.08492425103290202, 0.8152053292530083706, 7.182657980467485714 ) ) ;
#658 = EDGE_CURVE ( 'NONE', #6727, #1568, #3400, .T. ) ;
#659 = LINE ( 'NONE', #2074, #8168 ) ;
#660 = ORIENTED_EDGE ( 'NONE', *, *, #7997, .F. ) ;
#661 = DIRECTION ( 'NONE',  ( 0.7745967065941811169, 0.6324554862861480053, 0.000000000000000000 ) ) ;
#662 = CARTESIAN_POINT ( 'NONE',  ( 2.472063706809999761, -18.23418214559999839, 9.130019996359999723 ) ) ;
#663 = CARTESIAN_POINT ( 'NONE',  ( -27.49125497124493833, -1.920653121458351542, 7.247445180704936263 ) ) ;
#664 = CARTESIAN_POINT ( 'NONE',  ( 3.262592291939999889, -7.683287750299999885, 4.881669209300000034 ) ) ;
#665 = EDGE_CURVE ( 'NONE', #4508, #3204, #8104, .T. ) ;
#666 = CARTESIAN_POINT ( 'NONE',  ( -16.40132102960000182, -19.90952226629999799, 4.365079013239999917 ) ) ;
#667 = CARTESIAN_POINT ( 'NONE',  ( -17.47544661839999947, 1.629122157489999889, 24.16923104740000028 ) ) ;
#668 = ORIENTED_EDGE ( 'NONE', *, *, #3599, .F. ) ;
#669 = DIRECTION ( 'NONE',  ( 1.000000000000000000, 6.123233995739999133E-17, 6.123233995739999133E-17 ) ) ;
#670 = FACE_OUTER_BOUND ( 'NONE', #7314, .T. ) ;
#671 = CARTESIAN_POINT ( 'NONE',  ( -17.29664480199999943, -19.57370334290000002, 4.536024602159999475 ) ) ;
#672 = CARTESIAN_POINT ( 'NONE',  ( -8.869812096311541438, -15.46403190844059772, 23.55652891081517808 ) ) ;
#673 = CARTESIAN_POINT ( 'NONE',  ( -18.45647241450000209, 4.027941550359999567, 4.850428494400000901 ) ) ;
#674 = CARTESIAN_POINT ( 'NONE',  ( 3.052473856489554382, -5.519073121787208436, 23.53599223005580399 ) ) ;
#675 = CARTESIAN_POINT ( 'NONE',  ( 2.979958986679999811, -9.433507836209999553, 4.799998025759999898 ) ) ;
#676 = VERTEX_POINT ( 'NONE', #2020 ) ;
#677 = CARTESIAN_POINT ( 'NONE',  ( 2.371291107659999398, -16.62727784119999797, 7.211720011779999773 ) ) ;
#678 = CARTESIAN_POINT ( 'NONE',  ( 3.101747489290000104, 0.6652053487229999673, 14.64626261839999977 ) ) ;
#679 = CARTESIAN_POINT ( 'NONE',  ( -25.08307613210000042, -20.98715625819999886, 4.839266286970000053 ) ) ;
#680 = CARTESIAN_POINT ( 'NONE',  ( 2.650188989514973059, -17.59646605652025642, 20.05845374449501151 ) ) ;
#681 = CARTESIAN_POINT ( 'NONE',  ( -11.73446215080000066, 0.2775776741500000089, 5.187625535140000466 ) ) ;
#682 = CARTESIAN_POINT ( 'NONE',  ( 2.539600775089999818, -17.96339092299999862, 19.81971969920000021 ) ) ;
#683 = CARTESIAN_POINT ( 'NONE',  ( -17.90425693490000114, -19.02837579279999858, 4.635472356490000223 ) ) ;
#684 = VERTEX_POINT ( 'NONE', #5215 ) ;
#685 = CARTESIAN_POINT ( 'NONE',  ( -16.92769147239999938, 1.955636676979999988, 4.431797428350000345 ) ) ;
#686 = CARTESIAN_POINT ( 'NONE',  ( 2.194095321233441087, -3.892742153451453468, 23.79999192755416360 ) ) ;
#687 = CARTESIAN_POINT ( 'NONE',  ( -9.068535570259999901, -15.22064635029999913, 23.75843466239999913 ) ) ;
#688 = CARTESIAN_POINT ( 'NONE',  ( -17.50626830539999901, 1.604004702030000118, 24.04402172140000005 ) ) ;
#689 = DIRECTION ( 'NONE',  ( 1.000000000000000000, 0.000000000000000000, 3.755209458651444584E-17 ) ) ;
#690 = CARTESIAN_POINT ( 'NONE',  ( -15.25892807029999965, 0.8152053292530000439, 22.78563916260000255 ) ) ;
#691 = CARTESIAN_POINT ( 'NONE',  ( -16.17631616250000093, -18.48479467039999946, 22.73224799349999969 ) ) ;
#692 = ORIENTED_EDGE ( 'NONE', *, *, #5360, .F. ) ;
#693 = CARTESIAN_POINT ( 'NONE',  ( 2.619374955320000087, -18.05367861909999760, 19.38733458889999639 ) ) ;
#694 = CARTESIAN_POINT ( 'NONE',  ( 2.579766478580000300, -17.95912381180000139, 8.908249712499999973 ) ) ;
#695 = CARTESIAN_POINT ( 'NONE',  ( -26.64380781629999717, -15.43479467070000055, 22.19999802579999937 ) ) ;
#696 = CARTESIAN_POINT ( 'NONE',  ( 2.509398302939999770, -13.04677362940000052, 4.799998013879998915 ) ) ;
#697 = B_SPLINE_CURVE_WITH_KNOTS ( 'NONE', 3,
 ( #7013, #1114, #5846, #1199 ),
 .UNSPECIFIED., .F., .F.,
 ( 4, 4 ),
 ( -2.759297290410000159, 0.000000000000000000 ),
 .UNSPECIFIED. ) ;
#698 = EDGE_CURVE ( 'NONE', #1362, #2308, #4944, .T. ) ;
#699 = EDGE_CURVE ( 'NONE', #4522, #1323, #4533, .T. ) ;
#700 = CARTESIAN_POINT ( 'NONE',  ( -16.36089018990000099, -19.82050307919999810, 4.413189348299999537 ) ) ;
#701 = ORIENTED_EDGE ( 'NONE', *, *, #1435, .T. ) ;
#702 = CARTESIAN_POINT ( 'NONE',  ( -19.55310460409999962, -21.47304217500000334, 4.676312650459999887 ) ) ;
#703 = DIRECTION ( 'NONE',  ( -0.03489949670249896385, -2.891205793294688088E-15, 0.9993908270190958731 ) ) ;
#704 = CARTESIAN_POINT ( 'NONE',  ( -16.27239361379999849, 2.433103890070000386, 24.36086251699999750 ) ) ;
#705 = CARTESIAN_POINT ( 'NONE',  ( 2.157727164180000212, 0.3723125377100000022, 19.97365200180000144 ) ) ;
#706 = CARTESIAN_POINT ( 'NONE',  ( -17.36064728230000043, 3.895921821489999992, 4.522728297199999581 ) ) ;
#707 = CARTESIAN_POINT ( 'NONE',  ( -23.09620089030000045, 3.850854738710000280, 20.27058202899999984 ) ) ;
#708 = CARTESIAN_POINT ( 'NONE',  ( 2.143972155550000203, 0.5731332148929999537, 8.870792266429999628 ) ) ;
#709 = ADVANCED_FACE ( 'NONE', ( #3994 ), #3810, .F. ) ;
#710 = VERTEX_POINT ( 'NONE', #3557 ) ;
#711 = CARTESIAN_POINT ( 'NONE',  ( -18.84751599780000220, 4.028193611430000765, 23.59705846820000019 ) ) ;
#712 = CARTESIAN_POINT ( 'NONE',  ( 2.897119391669999988, 0.6652053139620000000, 16.61421856980000200 ) ) ;
#713 = DESIGN_CONTEXT ( 'detailed design', #3754, 'design' ) ;
#714 = CARTESIAN_POINT ( 'NONE',  ( 20526.19460069999695, 353530.0988399999915, -352928.5561590000289 ) ) ;
#715 = CARTESIAN_POINT ( 'NONE',  ( -15.35489398470000033, 2.506190428620000521, 24.43456329980000064 ) ) ;
#716 = CARTESIAN_POINT ( 'NONE',  ( -11.98346281939999969, 0.4468706865150000040, 5.153834385179999700 ) ) ;
#717 = CARTESIAN_POINT ( 'NONE',  ( -7.519042697969999800, -3.429648119139999896, 4.832024566540000343 ) ) ;
#718 = ORIENTED_EDGE ( 'NONE', *, *, #1500, .T. ) ;
#719 = DIRECTION ( 'NONE',  ( 0.000000000000000000, -1.000000000000000000, 0.000000000000000000 ) ) ;
#720 = ORIENTED_EDGE ( 'NONE', *, *, #8259, .F. ) ;
#721 = CARTESIAN_POINT ( 'NONE',  ( 3.343674511473843758, -9.637786391858140789, 5.050698208914364606 ) ) ;
#722 = CARTESIAN_POINT ( 'NONE',  ( -9.110841226879999866, -14.78437470039999901, 4.799998025759999898 ) ) ;
#723 = LINE ( 'NONE', #5386, #3260 ) ;
#724 = CARTESIAN_POINT ( 'NONE',  ( -28.29898057469999983, 3.298060318519999701, 8.055170667289999642 ) ) ;
#725 = EDGE_CURVE ( 'NONE', #3805, #4095, #7455, .T. ) ;
#726 = FACE_OUTER_BOUND ( 'NONE', #4037, .T. ) ;
#727 = CARTESIAN_POINT ( 'NONE',  ( -8.799189362029999018, -2.119062467250000026, 5.187625589889999667 ) ) ;
#728 = LINE ( 'NONE', #114, #2282 ) ;
#729 = ORIENTED_EDGE ( 'NONE', *, *, #3216, .F. ) ;
#730 = CARTESIAN_POINT ( 'NONE',  ( -26.28007069231742321, -2.183033104157840576, 6.036260901777422028 ) ) ;
#731 = CARTESIAN_POINT ( 'NONE',  ( 2.294020508030000016, -18.33479425960000242, 9.303418891770000698 ) ) ;
#732 = ORIENTED_EDGE ( 'NONE', *, *, #5486, .T. ) ;
#733 = CARTESIAN_POINT ( 'NONE',  ( -25.50544744420000143, 3.295409577959999670, 22.91409432920000100 ) ) ;
#734 = CARTESIAN_POINT ( 'NONE',  ( 2.402521391110000071, -13.02060062839999866, 4.799998025759999898 ) ) ;
#735 = VECTOR ( 'NONE', #5061, 1000.000000000000000 ) ;
#736 = CARTESIAN_POINT ( 'NONE',  ( -24.84518281300000098, 3.618649390229999874, 23.57980404959999987 ) ) ;
#737 = CARTESIAN_POINT ( 'NONE',  ( 2.186367865349999828, -18.33479467069999913, 19.26654564780000101 ) ) ;
#738 = CARTESIAN_POINT ( 'NONE',  ( -8.103935324130000950, -0.3347946707400000221, 19.26654564780000101 ) ) ;
#739 = AXIS2_PLACEMENT_3D ( 'NONE', #8389, #1997, #8488 ) ;
#740 = CARTESIAN_POINT ( 'NONE',  ( -27.05957642430836074, -2.166665075492414161, 21.78422941779163580 ) ) ;
#741 = B_SPLINE_CURVE_WITH_KNOTS ( 'NONE', 3,
 ( #6352, #4252, #4989, #423 ),
 .UNSPECIFIED., .F., .F.,
 ( 4, 4 ),
 ( 1.145514236499999949, 3.706188718229999957 ),
 .UNSPECIFIED. ) ;
#742 = CARTESIAN_POINT ( 'NONE',  ( -17.01561855099999931, -19.60112764500000182, 4.485458588149999315 ) ) ;
#743 = CARTESIAN_POINT ( 'NONE',  ( -16.57362707040000060, 2.372246268840000116, 24.31081103940000077 ) ) ;
#744 = CARTESIAN_POINT ( 'NONE',  ( -12.29726295941462944, 0.2846317233453171669, 4.902026430743323004 ) ) ;
#745 = VECTOR ( 'NONE', #7293, 1000.000000000000000 ) ;
#746 = CARTESIAN_POINT ( 'NONE',  ( 2.150086876439999628, -3.555525125539999554, 4.830335899669999655 ) ) ;
#747 = CYLINDRICAL_SURFACE ( 'NONE', #5311, 0.5000000000000004441 ) ;
#748 = ORIENTED_EDGE ( 'NONE', *, *, #1042, .F. ) ;
#749 = CARTESIAN_POINT ( 'NONE',  ( -17.82492635459999875, 4.033078990239999939, 23.94176470619999719 ) ) ;
#750 = CARTESIAN_POINT ( 'NONE',  ( -23.18893532340000263, -16.73479467070000126, 6.399998025760000431 ) ) ;
#751 = CONICAL_SURFACE ( 'NONE', #5576, 8.500000000000001776, 0.7853981633970000820 ) ;
#752 = CARTESIAN_POINT ( 'NONE',  ( -24.82195808080000177, -20.99080362100000130, 4.695742757929999733 ) ) ;
#753 = CARTESIAN_POINT ( 'NONE',  ( -21.18893532370000088, -18.33479467069999913, 5.299998025800000789 ) ) ;
#754 = ADVANCED_FACE ( 'NONE', ( #3466 ), #5705, .T. ) ;
#755 = CARTESIAN_POINT ( 'NONE',  ( -9.299188472109999992, -2.731433812869999755, 4.799998025759999898 ) ) ;
#756 = CARTESIAN_POINT ( 'NONE',  ( -18.19022785980000023, -18.99791458420000367, 4.595693842979999388 ) ) ;
#757 = B_SPLINE_CURVE_WITH_KNOTS ( 'NONE', 5,
 ( #3056, #7731, #8278, #980, #7645, #1765 ),
 .UNSPECIFIED., .F., .F.,
 ( 6, 6 ),
 ( -0.7958249766060000452, 0.000000000000000000 ),
 .UNSPECIFIED. ) ;
#758 = CC_DESIGN_APPROVAL ( #3759, ( #4200 ) ) ;
#759 = AXIS2_PLACEMENT_3D ( 'NONE', #2830, #2142, #2226 ) ;
#760 = ORIENTED_EDGE ( 'NONE', *, *, #8330, .T. ) ;
#761 = LINE ( 'NONE', #4728, #4222 ) ;
#762 = ADVANCED_FACE ( 'NONE', ( #206 ), #325, .F. ) ;
#763 = ORIENTED_EDGE ( 'NONE', *, *, #1100, .T. ) ;
#764 = CARTESIAN_POINT ( 'NONE',  ( 2.371303112790000167, -16.62721020989999943, 21.38834367109999945 ) ) ;
#765 = DIRECTION ( 'NONE',  ( -0.03489949670249885977, 0.000000000000000000, -0.9993908270190958731 ) ) ;
#766 = CARTESIAN_POINT ( 'NONE',  ( -15.44123459770000117, 7.215205329249999799, 24.34243029039999939 ) ) ;
#767 = CARTESIAN_POINT ( 'NONE',  ( -15.35395589090000001, 2.465048095190000232, 4.181551423720000216 ) ) ;
#768 = CARTESIAN_POINT ( 'NONE',  ( -21.18893532420000270, -18.73479467039999946, 7.799998025389999867 ) ) ;
#769 = CARTESIAN_POINT ( 'NONE',  ( -25.08469545220000185, 3.410305616790000105, 23.75911037569999706 ) ) ;
#770 = CARTESIAN_POINT ( 'NONE',  ( -21.13893532420000199, -21.41766374109999660, 4.680193377080000161 ) ) ;
#771 = ADVANCED_FACE ( 'NONE', ( #8138 ), #7500, .T. ) ;
#772 = CARTESIAN_POINT ( 'NONE',  ( -24.74697270369999913, -20.99185106610000062, 23.90687169220000285 ) ) ;
#773 = VERTEX_POINT ( 'NONE', #1614 ) ;
#774 = CARTESIAN_POINT ( 'NONE',  ( 2.539598974140000021, 0.2938021048589999906, 8.780276576849999515 ) ) ;
#775 = EDGE_CURVE ( 'NONE', #6795, #7973, #8014, .T. ) ;
#776 = CARTESIAN_POINT ( 'NONE',  ( -24.79435698940000421, 3.620424266990000195, 4.900678570189999306 ) ) ;
#777 = ORIENTED_EDGE ( 'NONE', *, *, #3216, .T. ) ;
#778 = DIRECTION ( 'NONE',  ( -0.7068913075831640969, -0.02468518840780575471, -0.7068913075831640969 ) ) ;
#779 = CARTESIAN_POINT ( 'NONE',  ( 3.062995175509999779, -7.698044955029999414, 4.799997905890000638 ) ) ;
#780 = CARTESIAN_POINT ( 'NONE',  ( -8.442903856290000064, -15.08013052610000138, 5.020982147709999843 ) ) ;
#781 = EDGE_CURVE ( 'NONE', #3645, #4828, #2168, .T. ) ;
#782 = CARTESIAN_POINT ( 'NONE',  ( -12.67882333484569912, -18.32707919481116932, 5.246980970390829668 ) ) ;
#783 = CARTESIAN_POINT ( 'NONE',  ( 2.401678386349999972, -13.86140588820000019, 4.831228758930000033 ) ) ;
#784 = CARTESIAN_POINT ( 'NONE',  ( -26.79319734005227005, 0.3652053299979994283, 22.05060850204774070 ) ) ;
#785 = ORIENTED_EDGE ( 'NONE', *, *, #1655, .F. ) ;
#786 = CARTESIAN_POINT ( 'NONE',  ( 3.282451223009999808, -18.08116680250000030, 12.30249219699999941 ) ) ;
#787 = CARTESIAN_POINT ( 'NONE',  ( -15.35503454880000085, 2.512178754999999875, 24.43697852769999912 ) ) ;
#788 = CARTESIAN_POINT ( 'NONE',  ( -12.28354282833368494, 0.2859866616622589452, 4.906859175085842573 ) ) ;
#789 = CARTESIAN_POINT ( 'NONE',  ( -10.92813369400606405, 2.600437768909988012, 23.75174859665876781 ) ) ;
#790 = DIRECTION ( 'NONE',  ( 1.000000000000000000, 6.123233995739999133E-17, 6.123233995739999133E-17 ) ) ;
#791 = ORIENTED_EDGE ( 'NONE', *, *, #6729, .T. ) ;
#792 = CARTESIAN_POINT ( 'NONE',  ( -24.24007131799999826, 7.215205329249999799, 14.29999802579999901 ) ) ;
#793 = CARTESIAN_POINT ( 'NONE',  ( -17.95200332109999763, -18.48479467069999771, 7.799998025799999901 ) ) ;
#794 = DIRECTION ( 'NONE',  ( 0.000000000000000000, -1.000000000000000000, -1.327828666580000008E-15 ) ) ;
#795 = CARTESIAN_POINT ( 'NONE',  ( -10.55928644153265061, -18.48479467070001192, 21.70762007376425728 ) ) ;
#796 = B_SPLINE_CURVE_WITH_KNOTS ( 'NONE', 3,
 ( #4997, #4259, #473, #4388, #6359, #3656 ),
 .UNSPECIFIED., .F., .F.,
 ( 4, 2, 4 ),
 ( 0.000000000000000000, 0.5000000000000000000, 1.000000000000000000 ),
 .UNSPECIFIED. ) ;
#797 = CARTESIAN_POINT ( 'NONE',  ( 2.603186061790000227, -17.29032187029999790, 20.60793128679999953 ) ) ;
#798 = DIRECTION ( 'NONE',  ( -1.000000000000000000, -2.139553851201984932E-17, 1.168843596066516070E-17 ) ) ;
#799 = ORIENTED_EDGE ( 'NONE', *, *, #6225, .T. ) ;
#800 = CARTESIAN_POINT ( 'NONE',  ( -17.71859210180000233, 1.487170488649999900, 4.568017404809999071 ) ) ;
#801 = EDGE_CURVE ( 'NONE', #8221, #4640, #3375, .T. ) ;
#802 = CARTESIAN_POINT ( 'NONE',  ( -6.299189361799999887, -13.80134229219999931, 4.799998025759999898 ) ) ;
#803 = CARTESIAN_POINT ( 'NONE',  ( -12.84683463080000010, 0.1652053292599999779, 4.799998025759999898 ) ) ;
#804 = DIRECTION ( 'NONE',  ( -0.03489949670249885977, 0.9993908270190958731, 2.891205793294679805E-15 ) ) ;
#805 = CARTESIAN_POINT ( 'NONE',  ( -15.92650509909999990, 2.345546182020000092, 4.289787525570000426 ) ) ;
#806 = B_SPLINE_CURVE_WITH_KNOTS ( 'NONE', 5,
 ( #2794, #8070, #6740, #935, #6014, #1580 ),
 .UNSPECIFIED., .F., .F.,
 ( 6, 6 ),
 ( 0.000000000000000000, 1.000000000000000000 ),
 .UNSPECIFIED. ) ;
#807 = CARTESIAN_POINT ( 'NONE',  ( 2.263130029699999657, -18.05231053109999806, 8.636752754850000713 ) ) ;
#808 = CYLINDRICAL_SURFACE ( 'NONE', #3661, 1.299999999999999156 ) ;
#809 = DIRECTION ( 'NONE',  ( -2.985759393769999632E-16, 0.000000000000000000, 1.000000000000000000 ) ) ;
#810 = EDGE_LOOP ( 'NONE', ( #6321, #2309, #3556, #1867 ) ) ;
#811 = CARTESIAN_POINT ( 'NONE',  ( -24.89028995150000156, -21.17675424260000128, 23.85037996670000027 ) ) ;
#812 = ORIENTED_EDGE ( 'NONE', *, *, #5201, .T. ) ;
#813 = CARTESIAN_POINT ( 'NONE',  ( -17.01561855190000117, -19.60112766079999602, 24.11453747080000198 ) ) ;
#814 = EDGE_CURVE ( 'NONE', #1536, #14, #6686, .T. ) ;
#815 = CARTESIAN_POINT ( 'NONE',  ( -24.96700833710000111, 3.319188207069999841, 4.743105910729999763 ) ) ;
#816 = ORIENTED_EDGE ( 'NONE', *, *, #6039, .F. ) ;
#817 = CARTESIAN_POINT ( 'NONE',  ( 2.573700334439999793, -5.372068818689999858, 23.79999802580000079 ) ) ;
#818 = CARTESIAN_POINT ( 'NONE',  ( -8.613438779775302478, -15.38369768322337805, 5.172461114197570708 ) ) ;
#819 = EDGE_CURVE ( 'NONE', #8319, #7461, #2909, .T. ) ;
#820 = CARTESIAN_POINT ( 'NONE',  ( -24.75296911540000266, 3.621869563510000223, 23.60684498220000194 ) ) ;
#821 = CARTESIAN_POINT ( 'NONE',  ( -18.16291070119999773, -18.94616472549999742, 4.607965678300000256 ) ) ;
#822 = CARTESIAN_POINT ( 'NONE',  ( -28.11265285329999841, -21.17413616359999651, 8.284085989499999414 ) ) ;
#823 = CARTESIAN_POINT ( 'NONE',  ( -27.32756541567444941, 0.1759377845999431089, 21.51624042642555068 ) ) ;
#824 = CARTESIAN_POINT ( 'NONE',  ( 2.909071586220000061, -18.30605144499999781, 17.26962732289999991 ) ) ;
#825 = CARTESIAN_POINT ( 'NONE',  ( -15.97524432400000016, 2.518750394029999562, 24.39888048079999905 ) ) ;
#826 = ORIENTED_EDGE ( 'NONE', *, *, #8368, .T. ) ;
#827 = EDGE_CURVE ( 'NONE', #6280, #3827, #4326, .T. ) ;
#828 = CARTESIAN_POINT ( 'NONE',  ( -12.00594441635381848, 0.2974152780224944004, 5.026853629831675718 ) ) ;
#829 = ORIENTED_EDGE ( 'NONE', *, *, #2614, .T. ) ;
#830 = DIRECTION ( 'NONE',  ( -0.9999999999999992228, -4.214550648789991814E-08, 0.000000000000000000 ) ) ;
#831 = CARTESIAN_POINT ( 'NONE',  ( 2.463939954720000269, 0.3424214714309999907, 8.716714161809999695 ) ) ;
#832 = ORIENTED_EDGE ( 'NONE', *, *, #611, .T. ) ;
#833 = ORIENTED_EDGE ( 'NONE', *, *, #1347, .F. ) ;
#834 = CARTESIAN_POINT ( 'NONE',  ( -17.52755265540000096, 3.200785051330000019, 24.15897936270000201 ) ) ;
#835 = CARTESIAN_POINT ( 'NONE',  ( 3.097787447149999984, 0.5805639173190000335, 16.64334968449999863 ) ) ;
#836 = EDGE_LOOP ( 'NONE', ( #6882, #1508, #7245, #2034, #3148, #5282, #4092 ) ) ;
#837 = CARTESIAN_POINT ( 'NONE',  ( -24.83802617039999916, -21.28848864639999761, 4.910798169240000455 ) ) ;
#838 = CARTESIAN_POINT ( 'NONE',  ( -28.29736120727303472, -20.87491095926420925, 20.54644463480157768 ) ) ;
#839 = DIRECTION ( 'NONE',  ( 0.000000000000000000, -1.000000000000000000, 0.000000000000000000 ) ) ;
#840 = CARTESIAN_POINT ( 'NONE',  ( -27.91909478254108379, -16.98835182498413587, 7.675284992001064843 ) ) ;
#841 = B_SPLINE_SURFACE_WITH_KNOTS ( 'NONE', 5, 5, ( 
 ( #6582, #2500, #7144, #1374, #1244, #6539 ),
 ( #5262, #2670, #566, #650, #685, #3278 ),
 ( #4002, #3880, #3313, #6497, #5894, #7906 ),
 ( #4650, #5132, #604, #7736, #1849, #7102 ),
 ( #1202, #6456, #3194, #6051, #215, #6011 ),
 ( #6694, #6136, #176, #1453, #2878, #800 ) ),
 .UNSPECIFIED., .F., .F., .F.,
 ( 6, 6 ),
 ( 6, 6 ),
 ( 1.033488652860000023, 2.170496588000000227 ),
 ( 0.000000000000000000, 0.2859475168900000308 ),
 .UNSPECIFIED. ) ;
#842 = ORIENTED_EDGE ( 'NONE', *, *, #3824, .T. ) ;
#843 = CARTESIAN_POINT ( 'NONE',  ( 3.052541124790212557, -12.15015794501528568, 5.063998878591450925 ) ) ;
#844 = CARTESIAN_POINT ( 'NONE',  ( -28.29736120729999982, -20.87491095639999727, 8.053551416739999524 ) ) ;
#845 = CARTESIAN_POINT ( 'NONE',  ( 2.572250918800000008, -18.15416907779999889, 19.37418613150000013 ) ) ;
#846 = CARTESIAN_POINT ( 'NONE',  ( -17.44596981774004973, 3.720881426752471022, 4.474802141531137423 ) ) ;
#847 = DIRECTION ( 'NONE',  ( -3.667185336520484431E-18, -1.000000000000000000, -1.320727196930000051E-15 ) ) ;
#848 = CARTESIAN_POINT ( 'NONE',  ( 2.679176676340000007, -17.24025995089999697, 8.051633080349999361 ) ) ;
#849 = CARTESIAN_POINT ( 'NONE',  ( -14.76507131860000044, 0.8152053292530000439, 14.29999802459999891 ) ) ;
#850 = DIRECTION ( 'NONE',  ( 0.000000000000000000, 1.000000000000000000, 0.000000000000000000 ) ) ;
#851 = ADVANCED_FACE ( 'NONE', ( #5415 ), #1187, .T. ) ;
#852 = CALENDAR_DATE ( 2026, 22, 6 ) ;
#853 = VERTEX_POINT ( 'NONE', #8357 ) ;
#854 = ADVANCED_FACE ( 'NONE', ( #1702 ), #3085, .T. ) ;
#855 = CARTESIAN_POINT ( 'NONE',  ( -15.34973569139999938, -20.18264398300000195, 24.34593147600000052 ) ) ;
#856 = EDGE_CURVE ( 'NONE', #1017, #710, #2563, .T. ) ;
#857 = CARTESIAN_POINT ( 'NONE',  ( 2.619375139120000195, -18.05367829269999902, 9.212661572580001845 ) ) ;
#858 = VERTEX_POINT ( 'NONE', #1750 ) ;
#859 = CARTESIAN_POINT ( 'NONE',  ( -25.08307620059999721, 3.317566918209999827, 23.76072964149999933 ) ) ;
#860 = DIRECTION ( 'NONE',  ( 0.03062718972487797620, -0.9993908270190952070, -0.01673171000362038557 ) ) ;
#861 = CARTESIAN_POINT ( 'NONE',  ( 2.751261564019999994, -1.148038156699999757, 21.27022073300000216 ) ) ;
#862 = EDGE_CURVE ( 'NONE', #7352, #8021, #3000, .T. ) ;
#863 = CARTESIAN_POINT ( 'NONE',  ( -24.76494039620000009, 3.621451517180000135, 23.60575023180000187 ) ) ;
#864 = EDGE_CURVE ( 'NONE', #4070, #1528, #3636, .T. ) ;
#865 = CARTESIAN_POINT ( 'NONE',  ( 2.675743443990000081, -18.33479467069999913, 17.33195825700000370 ) ) ;
#866 = CARTESIAN_POINT ( 'NONE',  ( -21.12028966978774136, -22.28479467090000554, 20.97739269026696363 ) ) ;
#867 = CARTESIAN_POINT ( 'NONE',  ( 2.547407538519999459, -3.662914116830000122, 23.61505378789999909 ) ) ;
#868 = CARTESIAN_POINT ( 'NONE',  ( 2.572250918800000008, -18.15416907779999889, 19.37418613150000013 ) ) ;
#869 = CARTESIAN_POINT ( 'NONE',  ( -6.299189362029999906, -13.95842192549999972, 23.79999802580000079 ) ) ;
#870 = DIRECTION ( 'NONE',  ( -1.000000000000000000, -6.123234141949999964E-17, -6.123244133959999531E-17 ) ) ;
#871 = CARTESIAN_POINT ( 'NONE',  ( 2.157726653690000163, -14.50844869719999863, 23.50710518380000380 ) ) ;
#872 = CARTESIAN_POINT ( 'NONE',  ( -16.11373714387968548, 2.270081792798607889, 4.322750898232643024 ) ) ;
#873 = ORIENTED_EDGE ( 'NONE', *, *, #2634, .T. ) ;
#874 = VERTEX_POINT ( 'NONE', #2481 ) ;
#875 = ADVANCED_FACE ( 'NONE', ( #7078 ), #2569, .T. ) ;
#876 = CARTESIAN_POINT ( 'NONE',  ( -7.444297538721690977, -18.02321662270342273, 8.420535319645489736 ) ) ;
#877 = CARTESIAN_POINT ( 'NONE',  ( -24.88141401470000247, 3.617384168790000132, 5.051398444380000186 ) ) ;
#878 = CARTESIAN_POINT ( 'NONE',  ( 3.091064676670000733, -8.834794670739999134, 6.229998025799997841 ) ) ;
#879 = LINE ( 'NONE', #4854, #1436 ) ;
#880 = AXIS2_PLACEMENT_3D ( 'NONE', #1149, #513, #5760 ) ;
#881 = FACE_OUTER_BOUND ( 'NONE', #480, .T. ) ;
#882 = EDGE_CURVE ( 'NONE', #6455, #4467, #2734, .T. ) ;
#883 = CARTESIAN_POINT ( 'NONE',  ( -27.76812006401927135, -17.39355986605024285, 7.524310273479237310 ) ) ;
#884 = ORIENTED_EDGE ( 'NONE', *, *, #827, .F. ) ;
#885 = B_SPLINE_CURVE_WITH_KNOTS ( 'NONE', 5,
 ( #7691, #2497, #7602, #7055, #3191, #3659 ),
 .UNSPECIFIED., .F., .F.,
 ( 6, 6 ),
 ( 0.000000000000000000, 1.000000000000000000 ),
 .UNSPECIFIED. ) ;
#886 = CARTESIAN_POINT ( 'NONE',  ( -18.10133330170000221, -18.82657150569999871, 23.88016283569999842 ) ) ;
#887 = AXIS2_PLACEMENT_3D ( 'NONE', #4610, #7740, #7148 ) ;
#888 = CARTESIAN_POINT ( 'NONE',  ( -26.34946182927034641, 0.3402411962447104421, 6.105652038730350561 ) ) ;
#889 = CARTESIAN_POINT ( 'NONE',  ( -26.47637157029999599, -0.9347946707460000892, 22.19999802579999937 ) ) ;
#890 = CARTESIAN_POINT ( 'NONE',  ( -18.79840807649999945, -18.72035750639999918, 24.01399468349999822 ) ) ;
#891 = CARTESIAN_POINT ( 'NONE',  ( -14.45860147350256142, -20.17217398530001304, 24.39797770772593921 ) ) ;
#892 = ORIENTED_EDGE ( 'NONE', *, *, #6920, .T. ) ;
#893 = CARTESIAN_POINT ( 'NONE',  ( -23.96478101119999948, -23.50999743809999742, 14.30079563720000202 ) ) ;
#894 = CARTESIAN_POINT ( 'NONE',  ( -28.24637485650000102, 3.499877149540000065, 8.361212171900000101 ) ) ;
#895 = CARTESIAN_POINT ( 'NONE',  ( -24.75025538650000101, 3.416379103319999722, 23.90675698129999915 ) ) ;
#896 = DIRECTION ( 'NONE',  ( 1.000000000000000000, -6.123233995739999133E-17, 2.985759393769999632E-16 ) ) ;
#897 = VECTOR ( 'NONE', #870, 1000.000000000000000 ) ;
#898 = PERSON_AND_ORGANIZATION ( #18446744073709551615, #18446744073709551615 ) ;
#899 = EDGE_LOOP ( 'NONE', ( #7171, #540, #2145, #4431 ) ) ;
#900 = CARTESIAN_POINT ( 'NONE',  ( -15.34827056210000151, -20.03678444680000226, 24.32075684609999655 ) ) ;
#901 = CARTESIAN_POINT ( 'NONE',  ( -24.86018970619999990, 3.618125337979999578, 5.030174164339999976 ) ) ;
#902 = CIRCLE ( 'NONE', #2429, 1.000000000000000888 ) ;
#903 = CARTESIAN_POINT ( 'NONE',  ( 2.860688912799999706, -12.55838228710000060, 23.71123893080000045 ) ) ;
#904 = DIRECTION ( 'NONE',  ( 2.137624479329999696E-17, 1.000000000000000000, 1.256438580330000061E-15 ) ) ;
#905 = CARTESIAN_POINT ( 'NONE',  ( 2.263126191939999643, -3.171549104719999956, 23.51751364609999939 ) ) ;
#906 = CARTESIAN_POINT ( 'NONE',  ( -8.703088557570000106, -14.67571311849999915, 4.799998368569999840 ) ) ;
#907 = AXIS2_PLACEMENT_3D ( 'NONE', #5626, #326, #3596 ) ;
#908 = CARTESIAN_POINT ( 'NONE',  ( -17.22903097291177943, 3.893756835913715797, 4.487967995983185965 ) ) ;
#909 = CARTESIAN_POINT ( 'NONE',  ( -11.84563952898880501, -18.02281538159252250, 5.172497951959156737 ) ) ;
#910 = CARTESIAN_POINT ( 'NONE',  ( 3.791064675920000404, -4.759677592604266039, 21.75944980186816835 ) ) ;
#911 = EDGE_CURVE ( 'NONE', #1136, #4114, #6477, .T. ) ;
#912 = CARTESIAN_POINT ( 'NONE',  ( 2.597645753149999681, -3.668109368799999714, 23.51808041909999858 ) ) ;
#913 = CARTESIAN_POINT ( 'NONE',  ( -8.961215312588999282, -15.35208535757829829, 4.924760995754047244 ) ) ;
#914 = DIRECTION ( 'NONE',  ( 0.03062718972487910377, 0.9993908270190950960, -0.01673171000361832819 ) ) ;
#915 = CONICAL_SURFACE ( 'NONE', #5058, 0.3860829935059989504, 0.7853981633970000820 ) ;
#916 = B_SPLINE_SURFACE_WITH_KNOTS ( 'NONE', 5, 5, ( 
 ( #2409, #3740, #1800, #3140, #6914, #3053 ),
 ( #976, #1066, #5676, #6354, #3699, #4295 ),
 ( #1716, #1021, #8147, #1110, #5035, #8275 ),
 ( #3651, #2967, #384, #7513, #4424, #6222 ),
 ( #2275, #5081, #7641, #2453, #8193, #337 ),
 ( #1628, #7048, #8234, #3010, #5637, #2367 ) ),
 .UNSPECIFIED., .F., .F., .F.,
 ( 6, 6 ),
 ( 6, 6 ),
 ( 14.17365970740000058, 17.21383682909999990 ),
 ( 0.000000000000000000, 0.8478724032459999949 ),
 .UNSPECIFIED. ) ;
#917 = CARTESIAN_POINT ( 'NONE',  ( -12.84683463080000010, 0.1652053292599999779, 4.799998025759999898 ) ) ;
#918 = CARTESIAN_POINT ( 'NONE',  ( -5.848062862047312294, 2.605672700000952080, 9.428614098421412848 ) ) ;
#919 = CYLINDRICAL_SURFACE ( 'NONE', #7480, 0.5000000000000004441 ) ;
#920 = ORIENTED_EDGE ( 'NONE', *, *, #1816, .T. ) ;
#921 = EDGE_LOOP ( 'NONE', ( #1293, #5098, #4282 ) ) ;
#922 = ORIENTED_EDGE ( 'NONE', *, *, #8346, .T. ) ;
#923 = CARTESIAN_POINT ( 'NONE',  ( -7.250908519615195225, -18.02928924025279045, 8.487683206302014227 ) ) ;
#924 = CARTESIAN_POINT ( 'NONE',  ( 2.590737235090000201, -17.90263077530000047, 19.74886801889999788 ) ) ;
#925 = CARTESIAN_POINT ( 'NONE',  ( 2.263125778970000113, -18.05231066470000201, 19.96324365389999755 ) ) ;
#926 = EDGE_CURVE ( 'NONE', #1201, #5546, #1566, .T. ) ;
#927 = CARTESIAN_POINT ( 'NONE',  ( -9.194967991562977616, -18.48479467070001192, 20.74479897062410672 ) ) ;
#928 = CARTESIAN_POINT ( 'NONE',  ( -5.565071318019999325, -21.98479467070000126, 14.29999802579999901 ) ) ;
#929 = ADVANCED_FACE ( 'NONE', ( #82 ), #7847, .T. ) ;
#930 = CARTESIAN_POINT ( 'NONE',  ( -27.73131087323438138, -16.01981886126847954, 7.487501082694365984 ) ) ;
#931 = ADVANCED_FACE ( 'NONE', ( #7886 ), #3331, .T. ) ;
#932 = ORIENTED_EDGE ( 'NONE', *, *, #4044, .T. ) ;
#933 = CARTESIAN_POINT ( 'NONE',  ( -12.84683463049999830, 0.6035203017529999769, 23.61415729109999972 ) ) ;
#934 = CARTESIAN_POINT ( 'NONE',  ( -26.33339723441030955, -2.198211308112384188, 6.089587443870304817 ) ) ;
#935 = CARTESIAN_POINT ( 'NONE',  ( -25.06095997709999779, 3.503044316300000016, 23.73213621699999720 ) ) ;
#936 = CARTESIAN_POINT ( 'NONE',  ( -27.82891977042758924, -16.20032959406519879, 21.01488607167238598 ) ) ;
#937 = CARTESIAN_POINT ( 'NONE',  ( -4.884124137320620562, -20.17217398530000239, 16.40475459956326176 ) ) ;
#938 = CARTESIAN_POINT ( 'NONE',  ( 2.731441208121145880, -2.388941468393257495, 22.37914322578308557 ) ) ;
#939 = CARTESIAN_POINT ( 'NONE',  ( 2.751294799810000136, -15.80533354450000161, 6.613553777969999103 ) ) ;
#940 = CARTESIAN_POINT ( 'NONE',  ( -25.08307609259999893, 3.317566917279999750, 23.76072973489999995 ) ) ;
#941 = CARTESIAN_POINT ( 'NONE',  ( 2.580051879920000069, -1.059292001119999993, 7.233240310059999345 ) ) ;
#942 = DATE_AND_TIME ( #267, #1870 ) ;
#943 = ORIENTED_EDGE ( 'NONE', *, *, #8280, .T. ) ;
#944 = CARTESIAN_POINT ( 'NONE',  ( -16.67594980317374009, 3.633600986585292514, 4.356833500598260578 ) ) ;
#945 = CARTESIAN_POINT ( 'NONE',  ( -17.36064433920000027, 3.895919449059999984, 4.522727532580000265 ) ) ;
#946 = CARTESIAN_POINT ( 'NONE',  ( -26.64380781629999717, -2.234794671489999995, 22.19999802579999937 ) ) ;
#947 = CARTESIAN_POINT ( 'NONE',  ( -18.76669896880000010, -18.66833661729999960, 4.584184757280000966 ) ) ;
#948 = CARTESIAN_POINT ( 'NONE',  ( -6.299189361799999887, -3.868247049329999854, 23.79999802580000079 ) ) ;
#949 = CARTESIAN_POINT ( 'NONE',  ( 2.731301802389999978, -2.653968273679999879, 22.64396573370000354 ) ) ;
#950 = CARTESIAN_POINT ( 'NONE',  ( -17.83535632430000106, 1.699315165000000016, 24.14823062179999980 ) ) ;
#951 = CARTESIAN_POINT ( 'NONE',  ( -24.37179892300000361, 3.951442340030000278, 17.81182022279999799 ) ) ;
#952 = ORIENTED_EDGE ( 'NONE', *, *, #4453, .F. ) ;
#953 = CARTESIAN_POINT ( 'NONE',  ( -24.10636201039999804, -21.31403892260000177, 9.526111499479998912 ) ) ;
#954 = CARTESIAN_POINT ( 'NONE',  ( -7.422755526889995181, -22.28479467090000199, 19.87431340483641051 ) ) ;
#955 = CARTESIAN_POINT ( 'NONE',  ( -27.11580948829288218, 0.2766564525464633162, 21.72799635380712147 ) ) ;
#956 = CARTESIAN_POINT ( 'NONE',  ( 2.401683554109999896, -18.30356432250000154, 19.32660706970000319 ) ) ;
#957 = CARTESIAN_POINT ( 'NONE',  ( -6.523483018485598528, 0.3723115423055808892, 19.97365304969478572 ) ) ;
#958 = B_SPLINE_CURVE_WITH_KNOTS ( 'NONE', 3,
 ( #8401, #1877, #8448, #5154 ),
 .UNSPECIFIED., .F., .F.,
 ( 4, 4 ),
 ( 0.000000000000000000, 1.000000000000000000 ),
 .UNSPECIFIED. ) ;
#959 = CARTESIAN_POINT ( 'NONE',  ( -25.35949765367207931, -16.53170862404289920, 5.115687863132060365 ) ) ;
#960 = CARTESIAN_POINT ( 'NONE',  ( -12.03706599550823420, 0.4540140567563824003, 23.43250070034017440 ) ) ;
#961 = ORIENTED_EDGE ( 'NONE', *, *, #6370, .T. ) ;
#962 = EDGE_LOOP ( 'NONE', ( #5358, #2821, #65, #1495 ) ) ;
#963 = ORIENTED_EDGE ( 'NONE', *, *, #5046, .T. ) ;
#964 = CARTESIAN_POINT ( 'NONE',  ( -17.66000908990000084, 3.802599182679999856, 24.06124880240000152 ) ) ;
#965 = CARTESIAN_POINT ( 'NONE',  ( -24.81038991612670586, 4.085411840621561375, 12.54542292846151597 ) ) ;
#966 = CARTESIAN_POINT ( 'NONE',  ( -25.49034856444478692, -0.3350864599506982455, 23.35345727765522383 ) ) ;
#967 = FACE_OUTER_BOUND ( 'NONE', #5105, .T. ) ;
#968 = CARTESIAN_POINT ( 'NONE',  ( -6.539873561140000291, -3.863980182500000193, 23.79999802580000079 ) ) ;
#969 = EDGE_CURVE ( 'NONE', #1511, #478, #7283, .T. ) ;
#970 = CARTESIAN_POINT ( 'NONE',  ( -27.82917633996819262, -16.19875489415304060, 7.585366549428169236 ) ) ;
#971 = ORIENTED_EDGE ( 'NONE', *, *, #4308, .T. ) ;
#972 = ORIENTED_EDGE ( 'NONE', *, *, #4914, .F. ) ;
#973 = CARTESIAN_POINT ( 'NONE',  ( 2.619374955320000087, -18.05367861909999760, 19.38733458889999639 ) ) ;
#974 = CARTESIAN_POINT ( 'NONE',  ( -25.81957817758106088, -1.940148247828534345, 5.575768387041047269 ) ) ;
#975 = ADVANCED_FACE ( 'NONE', ( #2125 ), #8392, .F. ) ;
#976 = CARTESIAN_POINT ( 'NONE',  ( -6.958142269300000571, -18.33479467069999913, 9.333446498579998973 ) ) ;
#977 = CARTESIAN_POINT ( 'NONE',  ( -27.94385249532979998, -16.68412285286163765, 20.89995334677019656 ) ) ;
#978 = CARTESIAN_POINT ( 'NONE',  ( 2.248344422249999752, 0.5696391966740000923, 19.73112502150000225 ) ) ;
#979 = CARTESIAN_POINT ( 'NONE',  ( 2.720822619447176294, -0.6442401731940041731, 20.63379144668017062 ) ) ;
#980 = CARTESIAN_POINT ( 'NONE',  ( -23.69197339259999779, 3.829584149420000028, 19.18253897479999992 ) ) ;
#981 = CARTESIAN_POINT ( 'NONE',  ( -6.959579479738716934, -20.17217398529998817, 7.878405515110211255 ) ) ;
#982 = CYLINDRICAL_SURFACE ( 'NONE', #4201, 6.200000000000001066 ) ;
#983 = COORDINATED_UNIVERSAL_TIME_OFFSET ( 10, 0, .AHEAD. ) ;
#984 = VERTEX_POINT ( 'NONE', #2389 ) ;
#985 = CARTESIAN_POINT ( 'NONE',  ( -19.09269485010000267, 0.6030732946729999711, 23.95467952299999936 ) ) ;
#986 = LINE ( 'NONE', #3618, #6970 ) ;
#987 = ADVANCED_FACE ( 'NONE', ( #1741 ), #3119, .T. ) ;
#988 = CARTESIAN_POINT ( 'NONE',  ( -26.49441829188141995, -2.234794671489995999, 22.34938755021855528 ) ) ;
#989 = ORIENTED_EDGE ( 'NONE', *, *, #2320, .T. ) ;
#990 = CARTESIAN_POINT ( 'NONE',  ( -19.16813425619999833, -18.48479467259999964, 4.577775332569999023 ) ) ;
#991 = B_SPLINE_SURFACE_WITH_KNOTS ( 'NONE', 5, 5, ( 
 ( #5091, #435, #1684, #1639, #2289, #2333 ),
 ( #4224, #7654, #3065, #307, #1772, #6844 ),
 ( #2379, #4918, #7020, #3619, #4309, #6235 ),
 ( #1727, #4960, #7565, #1035, #3667, #5687 ),
 ( #6282, #4351, #395, #3108, #3022, #482 ),
 ( #8286, #1119, #5733, #8337, #5647, #8246 ) ),
 .UNSPECIFIED., .F., .F., .F.,
 ( 6, 6 ),
 ( 6, 6 ),
 ( 18.79061639280000051, 27.33570704119999917 ),
 ( 0.000000000000000000, 0.7997744874969999751 ),
 .UNSPECIFIED. ) ;
#992 = CARTESIAN_POINT ( 'NONE',  ( -18.73291528018697605, 4.272137643299696030, 23.59137425345051753 ) ) ;
#993 = EDGE_LOOP ( 'NONE', ( #6166, #1419, #1549 ) ) ;
#994 = CARTESIAN_POINT ( 'NONE',  ( 2.298282842230000345, -0.3392988197950000395, 20.68526335929999860 ) ) ;
#995 = CARTESIAN_POINT ( 'NONE',  ( -17.04516902479999985, -19.65290201119999836, 4.479755065630000033 ) ) ;
#996 = CARTESIAN_POINT ( 'NONE',  ( -23.63889338400000284, 3.978020669699999790, 19.15066474490000203 ) ) ;
#997 = DIRECTION ( 'NONE',  ( 0.7745969362330217267, 0.6324552050370176870, 0.000000000000000000 ) ) ;
#998 = CARTESIAN_POINT ( 'NONE',  ( -13.17062125991266974, -22.28479467090000909, 23.37978749785423105 ) ) ;
#999 = EDGE_CURVE ( 'NONE', #7004, #4540, #2674, .T. ) ;
#1000 = CARTESIAN_POINT ( 'NONE',  ( 2.527127964460000431, -3.386661103169999798, 23.49706570879999745 ) ) ;
#1001 = CARTESIAN_POINT ( 'NONE',  ( -17.95200332109999763, -18.48479467069999771, 20.79999802579999724 ) ) ;
#1002 = CARTESIAN_POINT ( 'NONE',  ( -17.97409245729999938, -22.03428932699999976, 23.89826963430000006 ) ) ;
#1003 = B_SPLINE_CURVE_WITH_KNOTS ( 'NONE', 3,
 ( #7737, #4307, #2980, #1771, #1809, #6925, #5090, #7019, #4433, #5732, #4394, #7564, #1118, #349, #3749, #3021, #7695, #3151 ),
 .UNSPECIFIED., .F., .F.,
 ( 4, 2, 2, 2, 2, 2, 2, 2, 4 ),
 ( 0.000000000000000000, 0.1249999999999999722, 0.2499999999999999445, 0.3749999999999998890, 0.4999999999999998890, 0.6249999999999998890, 0.7499999999999997780, 0.8749999999999998890, 1.000000000000000000 ),
 .UNSPECIFIED. ) ;
#1004 = CARTESIAN_POINT ( 'NONE',  ( -25.91338428441891395, -17.81156798265858043, 5.669574493878891452 ) ) ;
#1005 = CARTESIAN_POINT ( 'NONE',  ( -6.909348057549999922, 0.6343624730750000440, 19.58070860229999965 ) ) ;
#1006 = ORIENTED_EDGE ( 'NONE', *, *, #7319, .T. ) ;
#1007 = ORIENTED_EDGE ( 'NONE', *, *, #5273, .T. ) ;
#1008 = CARTESIAN_POINT ( 'NONE',  ( 2.572246414169999884, -13.90898432070000013, 4.980624360439999343 ) ) ;
#1009 = CARTESIAN_POINT ( 'NONE',  ( -24.69976429103210691, 4.089851111418369101, 16.60949866072750680 ) ) ;
#1010 = CARTESIAN_POINT ( 'NONE',  ( -17.52480418460000067, -19.44241536010000004, 24.02873344849999881 ) ) ;
#1011 = CARTESIAN_POINT ( 'NONE',  ( -25.69058194074731816, -17.62092865663811381, 23.15322390135265351 ) ) ;
#1012 = CARTESIAN_POINT ( 'NONE',  ( -12.84683463080000010, -18.33479467069999913, 5.299998025800000789 ) ) ;
#1013 = EDGE_CURVE ( 'NONE', #2119, #2802, #3979, .T. ) ;
#1014 = CARTESIAN_POINT ( 'NONE',  ( -11.98279315900000164, -18.08986178440000359, 5.126393896149999740 ) ) ;
#1015 = CARTESIAN_POINT ( 'NONE',  ( -11.98346281939999969, -18.11646002799999877, 23.44616166630000009 ) ) ;
#1016 = EDGE_LOOP ( 'NONE', ( #3243, #510, #7010, #6412 ) ) ;
#1017 = VERTEX_POINT ( 'NONE', #8436 ) ;
#1018 = CARTESIAN_POINT ( 'NONE',  ( -6.539873562109999483, 0.6652053292599999779, 9.329183537479998733 ) ) ;
#1019 = CARTESIAN_POINT ( 'NONE',  ( -25.34389770420003885, -1.037938359501629160, 5.100087913660040329 ) ) ;
#1020 = VERTEX_POINT ( 'NONE', #7839 ) ;
#1021 = CARTESIAN_POINT ( 'NONE',  ( -7.568921588459999406, -18.33479522329999867, 9.050169758390000041 ) ) ;
#1022 = CARTESIAN_POINT ( 'NONE',  ( -19.05273696028223185, -18.48447505226636167, 4.583453974820083765 ) ) ;
#1023 = CARTESIAN_POINT ( 'NONE',  ( -6.299189362029999906, -19.81070916889999722, 25.27591252390000065 ) ) ;
#1024 = EDGE_CURVE ( 'NONE', #5506, #1097, #4520, .T. ) ;
#1025 = AXIS2_PLACEMENT_3D ( 'NONE', #6864, #6728, #2954 ) ;
#1026 = CARTESIAN_POINT ( 'NONE',  ( -17.44224086849999722, 3.577348572030000007, 4.438037535919999499 ) ) ;
#1027 = CARTESIAN_POINT ( 'NONE',  ( -18.42416789430000179, 1.368661498849999880, 4.472327183250000004 ) ) ;
#1028 = CARTESIAN_POINT ( 'NONE',  ( -16.64161113470000330, 3.617351738730000044, 24.25023321830000000 ) ) ;
#1029 = CARTESIAN_POINT ( 'NONE',  ( -12.84683463080000010, -18.33479467069999913, 5.299998025800000789 ) ) ;
#1030 = AXIS2_PLACEMENT_3D ( 'NONE', #1361, #3866, #3338 ) ;
#1031 = ORIENTED_EDGE ( 'NONE', *, *, #629, .T. ) ;
#1032 = CARTESIAN_POINT ( 'NONE',  ( -18.90929936940000289, 0.9027739221939999892, 24.09495739880000187 ) ) ;
#1033 = VERTEX_POINT ( 'NONE', #1388 ) ;
#1034 = CARTESIAN_POINT ( 'NONE',  ( 2.572246450620000235, -3.760605354570000447, 4.980624684740000419 ) ) ;
#1035 = CARTESIAN_POINT ( 'NONE',  ( -21.69999048289999877, -21.57023934039999702, 21.89124168349999877 ) ) ;
#1036 = CARTESIAN_POINT ( 'NONE',  ( -24.75025482910000107, -21.29155368940000059, 4.898824193100000279 ) ) ;
#1037 = CARTESIAN_POINT ( 'NONE',  ( -6.299189362029999906, -19.81070916889999722, 3.324083527600000032 ) ) ;
#1038 = CARTESIAN_POINT ( 'NONE',  ( -24.77697494599999573, -21.29062060289999891, 23.60600673110000258 ) ) ;
#1039 = VECTOR ( 'NONE', #520, 1000.000000000000227 ) ;
#1040 = CARTESIAN_POINT ( 'NONE',  ( -17.48883123930000139, 3.378113320799999819, 4.439664507519999859 ) ) ;
#1041 = CARTESIAN_POINT ( 'NONE',  ( -17.54774888359999707, 1.672918994839999840, 24.12288154970000065 ) ) ;
#1042 = EDGE_CURVE ( 'NONE', #6219, #4162, #7690, .T. ) ;
#1043 = CARTESIAN_POINT ( 'NONE',  ( -17.42374689050000214, 3.760983515950000022, 24.10451097509999840 ) ) ;
#1044 = CONICAL_SURFACE ( 'NONE', #759, 8.500000000000001776, 0.7853981633970000820 ) ;
#1045 = CARTESIAN_POINT ( 'NONE',  ( -6.720969114709999914, 7.215205329249999799, 8.296320585410001058 ) ) ;
#1046 = CARTESIAN_POINT ( 'NONE',  ( -14.76478124700000016, -22.28479467070000197, 14.30079561470000016 ) ) ;
#1047 = CARTESIAN_POINT ( 'NONE',  ( -27.45268415683673879, 0.08296247460442640609, 7.208874366296734060 ) ) ;
#1048 = CARTESIAN_POINT ( 'NONE',  ( -19.06888367750000057, -18.33032442940000095, 23.97846805389999858 ) ) ;
#1049 = CARTESIAN_POINT ( 'NONE',  ( -17.97840302889999720, -21.03894018649999964, 23.93302799220000310 ) ) ;
#1050 = VECTOR ( 'NONE', #1985, 1000.000000000000000 ) ;
#1051 = CARTESIAN_POINT ( 'NONE',  ( -25.46899645315252769, -16.17805933351681702, 5.225186662612510524 ) ) ;
#1052 = CARTESIAN_POINT ( 'NONE',  ( -6.958142269310000572, 0.6652053292599999779, 19.26654955290000260 ) ) ;
#1053 = ORIENTED_EDGE ( 'NONE', *, *, #2708, .F. ) ;
#1054 = AXIS2_PLACEMENT_3D ( 'NONE', #1046, #3118, #1694 ) ;
#1055 = CARTESIAN_POINT ( 'NONE',  ( -23.54992510090000124, -21.65071685159999859, 19.10206136059999693 ) ) ;
#1056 = CARTESIAN_POINT ( 'NONE',  ( -20.56481224420424780, 4.241194215904902087, 5.995502881539840345 ) ) ;
#1057 = CARTESIAN_POINT ( 'NONE',  ( -17.44413677466259216, -21.87506885684610936, 23.95953083795088645 ) ) ;
#1058 = DIRECTION ( 'NONE',  ( -0.7071067811865475727, -8.770399482464380938E-16, 0.7071067811865475727 ) ) ;
#1059 = CARTESIAN_POINT ( 'NONE',  ( -28.15427768489999849, -21.17268259239999750, 8.407104953579999318 ) ) ;
#1060 = CARTESIAN_POINT ( 'NONE',  ( -12.24979075049999899, -18.10102061180000277, 4.979896204750000166 ) ) ;
#1061 = CARTESIAN_POINT ( 'NONE',  ( -11.98279315900000164, -18.08986177790000127, 23.47360216190000060 ) ) ;
#1062 = B_SPLINE_SURFACE_WITH_KNOTS ( 'NONE', 5, 5, ( 
 ( #1197, #3832, #1935, #6449, #6405, #3873 ),
 ( #3916, #5165, #560, #2578, #6576, #5799 ),
 ( #3188, #55, #8412, #7816, #8373, #1278 ),
 ( #4558, #5844, #2494, #8467, #7176, #2620 ),
 ( #2533, #6491, #598, #7773, #7052, #3785 ),
 ( #6532, #1893, #4517, #1843, #7138, #516 ) ),
 .UNSPECIFIED., .F., .F., .F.,
 ( 6, 6 ),
 ( 6, 6 ),
 ( 3.232005407689999998, 3.857684788779999874 ),
 ( 0.000000000000000000, 0.5502330740369999473 ),
 .UNSPECIFIED. ) ;
#1063 = VERTEX_POINT ( 'NONE', #6469 ) ;
#1064 = CARTESIAN_POINT ( 'NONE',  ( -8.886439214310000168, 0.6652053292599999779, 8.533646203589999146 ) ) ;
#1065 = CARTESIAN_POINT ( 'NONE',  ( -12.84683463049999830, 0.6035203017529999769, 4.985838760400000069 ) ) ;
#1066 = CARTESIAN_POINT ( 'NONE',  ( -6.933745163420000246, -18.33479446639999821, 9.176366973880000444 ) ) ;
#1067 = CARTESIAN_POINT ( 'NONE',  ( -27.89546080972198894, -17.08966548441968669, 20.94834503237800050 ) ) ;
#1068 = ORIENTED_EDGE ( 'NONE', *, *, #2738, .T. ) ;
#1069 = CARTESIAN_POINT ( 'NONE',  ( 20526.19525659999999, -353547.7797199999914, -352928.5674299999955 ) ) ;
#1070 = CARTESIAN_POINT ( 'NONE',  ( -18.94447022170000139, 0.9536160831139999239, 4.490496547100000235 ) ) ;
#1071 = CARTESIAN_POINT ( 'NONE',  ( -16.64161113470000330, 3.617351738730000044, 24.25023321830000000 ) ) ;
#1072 = CARTESIAN_POINT ( 'NONE',  ( -17.71859198599999985, 1.487170470519999954, 4.568017674339999168 ) ) ;
#1073 = EDGE_CURVE ( 'NONE', #6973, #6356, #1846, .T. ) ;
#1074 = ORIENTED_EDGE ( 'NONE', *, *, #3732, .F. ) ;
#1075 = CARTESIAN_POINT ( 'NONE',  ( -6.886409953750000312, -3.405093365009999928, 23.70744000319999856 ) ) ;
#1076 = DIRECTION ( 'NONE',  ( 1.000000000000000000, -6.123233995740039809E-17, 2.985759393769999632E-16 ) ) ;
#1077 = CARTESIAN_POINT ( 'NONE',  ( -28.39753881140000047, 3.203922296789999624, 8.175536635710001221 ) ) ;
#1078 = DIRECTION ( 'NONE',  ( 0.04932531220230162994, -0.7062460667416660121, -0.7062460667416645688 ) ) ;
#1079 = CARTESIAN_POINT ( 'NONE',  ( 2.186362437220000121, -3.868246691199999976, 4.799998427779999410 ) ) ;
#1080 = B_SPLINE_CURVE_WITH_KNOTS ( 'NONE', 5,
 ( #143, #2880, #7985, #4777, #4729, #1454 ),
 .UNSPECIFIED., .F., .F.,
 ( 6, 6 ),
 ( -0.5733544275830000370, 0.000000000000000000 ),
 .UNSPECIFIED. ) ;
#1081 = CARTESIAN_POINT ( 'NONE',  ( -6.848504217269999472, -14.50844907399999961, 23.50710480690000281 ) ) ;
#1082 = EDGE_CURVE ( 'NONE', #5424, #4999, #7335, .T. ) ;
#1083 = CARTESIAN_POINT ( 'NONE',  ( -17.47546889879999910, 1.629109726790000101, 4.430766153879999614 ) ) ;
#1084 = ORIENTED_EDGE ( 'NONE', *, *, #8346, .F. ) ;
#1085 = CARTESIAN_POINT ( 'NONE',  ( -17.71856962319999695, 1.487182870860000117, 24.03197990010000140 ) ) ;
#1086 = ADVANCED_FACE ( 'NONE', ( #1955 ), #5866, .T. ) ;
#1087 = CARTESIAN_POINT ( 'NONE',  ( -17.40180056700000222, 3.804108933689999805, 24.08937815500000212 ) ) ;
#1088 = CARTESIAN_POINT ( 'NONE',  ( 2.583099578330000146, -18.03681002009999901, 9.053249675549999154 ) ) ;
#1089 = B_SPLINE_CURVE_WITH_KNOTS ( 'NONE', 5,
 ( #1208, #1730, #3800, #6461, #1038, #6285 ),
 .UNSPECIFIED., .F., .F.,
 ( 6, 6 ),
 ( -1.786393081719999998, -1.490203517850000159 ),
 .UNSPECIFIED. ) ;
#1090 = CARTESIAN_POINT ( 'NONE',  ( -12.67852088526342591, -17.88784801369093813, 23.79224928471847633 ) ) ;
#1091 = CARTESIAN_POINT ( 'NONE',  ( -27.37423135122148565, 0.1419786383642508976, 7.130421560681478255 ) ) ;
#1092 = CARTESIAN_POINT ( 'NONE',  ( -18.13773534259999920, -18.89794082830000121, 23.96552537509999681 ) ) ;
#1093 = CARTESIAN_POINT ( 'NONE',  ( -8.103935323660000023, -18.04190145190000294, 19.97365242900000126 ) ) ;
#1094 = CARTESIAN_POINT ( 'NONE',  ( -25.41227969421930766, -16.31335409773069500, 5.168469903679286936 ) ) ;
#1095 = CARTESIAN_POINT ( 'NONE',  ( -9.299189148880000033, 0.6652053292599999779, 8.196638182050001831 ) ) ;
#1096 = ORIENTED_EDGE ( 'NONE', *, *, #5320, .T. ) ;
#1097 = VERTEX_POINT ( 'NONE', #4622 ) ;
#1098 = CARTESIAN_POINT ( 'NONE',  ( 2.415422690989999843, -13.81109391660000085, 4.831164704479999017 ) ) ;
#1099 = CARTESIAN_POINT ( 'NONE',  ( -8.435413318200000177, -3.359427979109999907, 4.799998025759999898 ) ) ;
#1100 = EDGE_CURVE ( 'NONE', #7495, #3975, #4580, .T. ) ;
#1101 = CARTESIAN_POINT ( 'NONE',  ( 3.791064675920000848, -8.834794670739999134, 6.229998025499998704 ) ) ;
#1102 = CARTESIAN_POINT ( 'NONE',  ( -25.47482601117795298, -17.30364811311960338, 23.36897983092202224 ) ) ;
#1103 = CARTESIAN_POINT ( 'NONE',  ( -28.16123499659999752, -21.17243963649999827, 8.200067018739998659 ) ) ;
#1104 = ORIENTED_EDGE ( 'NONE', *, *, #7018, .F. ) ;
#1105 = CARTESIAN_POINT ( 'NONE',  ( -21.42573663190000133, 3.910498133729999548, 22.13963582390000084 ) ) ;
#1106 = CARTESIAN_POINT ( 'NONE',  ( -12.25971635719999853, -17.97745691030000259, 23.71209694219999875 ) ) ;
#1107 = ORIENTED_EDGE ( 'NONE', *, *, #3409, .F. ) ;
#1108 = CARTESIAN_POINT ( 'NONE',  ( 3.232046823427925375, -18.07883496625896669, 16.38871645219956363 ) ) ;
#1109 = CARTESIAN_POINT ( 'NONE',  ( -19.33856515619999783, 3.868766977019999942, 5.081119489409999801 ) ) ;
#1110 = CARTESIAN_POINT ( 'NONE',  ( -7.473798291819999662, -18.23868186530000202, 8.747760184859998844 ) ) ;
#1111 = CARTESIAN_POINT ( 'NONE',  ( -27.93161930519885416, -16.94012228204458737, 20.91218653690113882 ) ) ;
#1112 = CARTESIAN_POINT ( 'NONE',  ( -7.286289837756315890, 0.8152053292530031525, 11.01273549849032918 ) ) ;
#1113 = CARTESIAN_POINT ( 'NONE',  ( -18.56205639990000122, 0.9773228591599999460, 4.615940711580000411 ) ) ;
#1114 = CARTESIAN_POINT ( 'NONE',  ( -16.71112619639999863, 3.174510988470000239, 24.25286012840000183 ) ) ;
#1115 = LINE ( 'NONE', #5643, #1039 ) ;
#1116 = EDGE_LOOP ( 'NONE', ( #7895, #140, #1961, #2259 ) ) ;
#1117 = CARTESIAN_POINT ( 'NONE',  ( -8.092348164560000612, -3.180787461670000038, 23.76560451459999612 ) ) ;
#1118 = CARTESIAN_POINT ( 'NONE',  ( -23.18893532340000263, -1.733705406713393238, 7.439564920877634435 ) ) ;
#1119 = CARTESIAN_POINT ( 'NONE',  ( -23.83564173190000091, -21.32349268309999957, 19.26461772700000097 ) ) ;
#1120 = CARTESIAN_POINT ( 'NONE',  ( -19.06888385029999711, -18.33032443460000138, 4.621527996920000270 ) ) ;
#1121 = CARTESIAN_POINT ( 'NONE',  ( 2.263125862839999947, -3.171549043119999745, 5.082482235760000577 ) ) ;
#1122 = CARTESIAN_POINT ( 'NONE',  ( -17.67023814559999906, 2.532818653490000127, 24.15399667559999841 ) ) ;
#1123 = CARTESIAN_POINT ( 'NONE',  ( -16.76817982449999889, 2.790492547069999940, 4.344753654219999817 ) ) ;
#1124 = CARTESIAN_POINT ( 'NONE',  ( -17.64658711670000102, -19.11887738720000129, 4.659675394189999764 ) ) ;
#1125 = B_SPLINE_CURVE_WITH_KNOTS ( 'NONE', 3,
 ( #3091, #7043, #7590, #2447, #4464, #1665, #1711, #332, #3778, #5075, #7722, #7087, #3602, #6218, #2962, #7003, #5588, #8188, #5757 ),
 .UNSPECIFIED., .F., .F.,
 ( 4, 2, 2, 1, 2, 2, 2, 2, 2, 4 ),
 ( 0.000000000000000000, 0.2499999999999974465, 0.3749999999999956146, 0.4374999999999987788, 0.4687500000000014988, 0.5000000000000041078, 0.6250000000000045519, 0.6875000000000015543, 0.7499999999999984457, 1.000000000000000000 ),
 .UNSPECIFIED. ) ;
#1126 = CARTESIAN_POINT ( 'NONE',  ( -17.04516904680000167, -19.65290208609999922, 24.12024085540000229 ) ) ;
#1127 = CARTESIAN_POINT ( 'NONE',  ( -15.95492923743255531, 2.314064440365091180, 24.29940159851152970 ) ) ;
#1128 = CARTESIAN_POINT ( 'NONE',  ( -8.130844176765711140, 0.3232797760736386694, 8.087450279064755776 ) ) ;
#1129 = CARTESIAN_POINT ( 'NONE',  ( -27.93161931240149443, -0.7294671028927539602, 7.687809521861489692 ) ) ;
#1130 = CARTESIAN_POINT ( 'NONE',  ( 2.753368601070219857, -2.164736650555936226, 6.443744409619171165 ) ) ;
#1131 = CARTESIAN_POINT ( 'NONE',  ( -16.75678223638695385, 2.285123763499084859, 24.27566905834418165 ) ) ;
#1132 = EDGE_CURVE ( 'NONE', #7668, #7330, #1718, .T. ) ;
#1133 = CARTESIAN_POINT ( 'NONE',  ( -26.19137300362042708, -15.51592810299454683, 5.947563213080412581 ) ) ;
#1134 = ORIENTED_EDGE ( 'NONE', *, *, #5460, .T. ) ;
#1135 = CARTESIAN_POINT ( 'NONE',  ( -9.183860777529998742, 0.6652052181600000003, 20.54460594949999930 ) ) ;
#1136 = VERTEX_POINT ( 'NONE', #695 ) ;
#1137 = CARTESIAN_POINT ( 'NONE',  ( -25.02532718619999841, -21.28194795180000298, 16.53850794389999734 ) ) ;
#1138 = DIRECTION ( 'NONE',  ( -6.883823316548779095E-17, 1.000000000000000000, 0.000000000000000000 ) ) ;
#1139 = CARTESIAN_POINT ( 'NONE',  ( -12.84683463080000010, -17.83479467069999913, 23.79999802580000079 ) ) ;
#1140 = CARTESIAN_POINT ( 'NONE',  ( -25.79636063780814226, -17.72065310060525078, 23.04744520429184007 ) ) ;
#1141 = CARTESIAN_POINT ( 'NONE',  ( -28.42838496810000137, -20.87308077680000196, 8.250001283999999657 ) ) ;
#1142 = CARTESIAN_POINT ( 'NONE',  ( -19.47158991210000067, 3.806299389270000333, 23.79127483770000140 ) ) ;
#1143 = ADVANCED_FACE ( 'NONE', ( #38 ), #8474, .T. ) ;
#1144 = DIRECTION ( 'NONE',  ( 0.000000000000000000, -0.9999999999999998890, -1.098579873500000052E-08 ) ) ;
#1145 = PERSON_AND_ORGANIZATION_ROLE ( 'classification_officer' ) ;
#1146 = EDGE_LOOP ( 'NONE', ( #6737, #2471, #4242, #5130 ) ) ;
#1147 = ORIENTED_EDGE ( 'NONE', *, *, #3299, .T. ) ;
#1148 = CARTESIAN_POINT ( 'NONE',  ( 2.547408388140000035, -14.00667246129999910, 4.984942884939999708 ) ) ;
#1149 = CARTESIAN_POINT ( 'NONE',  ( -21.18893532420000270, 0.1652053284149999912, 5.299998026969999998 ) ) ;
#1150 = CARTESIAN_POINT ( 'NONE',  ( 2.186362253400000011, 0.6652049488510000108, 9.333448739840001451 ) ) ;
#1151 = CARTESIAN_POINT ( 'NONE',  ( -6.299190236770000340, -18.24223672249999950, 19.72969871639999795 ) ) ;
#1152 = VERTEX_POINT ( 'NONE', #859 ) ;
#1153 = CARTESIAN_POINT ( 'NONE',  ( -16.76457017849999787, -19.86710453450000102, 24.17851334099999860 ) ) ;
#1154 = CARTESIAN_POINT ( 'NONE',  ( -18.33245694409999871, 1.222522193469999907, 4.512352258329999977 ) ) ;
#1155 = CARTESIAN_POINT ( 'NONE',  ( -17.40180096680000332, 3.804109533020000100, 24.08937779270000235 ) ) ;
#1156 = CARTESIAN_POINT ( 'NONE',  ( 3.232065310975446248, 0.4092456409490405900, 12.21142977762455573 ) ) ;
#1157 = ORIENTED_EDGE ( 'NONE', *, *, #3502, .T. ) ;
#1158 = CARTESIAN_POINT ( 'NONE',  ( -18.87665995369999905, 0.8563662416900000851, 24.06451371170000186 ) ) ;
#1159 = B_SPLINE_CURVE_WITH_KNOTS ( 'NONE', 5,
 ( #4507, #5877, #3129, #5204, #3771, #7 ),
 .UNSPECIFIED., .F., .F.,
 ( 6, 6 ),
 ( 1.490211845209999941, 1.786400425350000098 ),
 .UNSPECIFIED. ) ;
#1160 = DIRECTION ( 'NONE',  ( 1.000000000000000000, 6.123233995739999133E-17, 6.123233995739999133E-17 ) ) ;
#1161 = CARTESIAN_POINT ( 'NONE',  ( -7.568735323420000327, -14.08471989529999924, 23.79999802569999900 ) ) ;
#1162 = CARTESIAN_POINT ( 'NONE',  ( -18.97608999730000079, 1.006575594999999934, 24.10839532409999819 ) ) ;
#1163 = CARTESIAN_POINT ( 'NONE',  ( -9.299189149460001858, -2.731434826200000110, 23.79999802580000079 ) ) ;
#1164 = CARTESIAN_POINT ( 'NONE',  ( -17.01788497720000137, 0.6652053292599999779, 5.299998025759999898 ) ) ;
#1165 = ORIENTED_EDGE ( 'NONE', *, *, #2976, .T. ) ;
#1166 = CARTESIAN_POINT ( 'NONE',  ( -22.43516249219999992, 3.702809155340000213, 6.874393000439999568 ) ) ;
#1167 = ORIENTED_EDGE ( 'NONE', *, *, #1646, .T. ) ;
#1168 = CARTESIAN_POINT ( 'NONE',  ( -21.18893532370000088, 0.1652053292599999779, 4.799998025759999898 ) ) ;
#1169 = CARTESIAN_POINT ( 'NONE',  ( -7.686208239984773094, 0.3445787863541572293, 8.321119800514328091 ) ) ;
#1170 = VECTOR ( 'NONE', #1461, 1000.000000000000000 ) ;
#1171 = CARTESIAN_POINT ( 'NONE',  ( -27.84387836755499990, -1.435692475096913334, 7.600068577014997828 ) ) ;
#1172 = CARTESIAN_POINT ( 'NONE',  ( 2.767836999257307529, -1.422483599128733678, 7.185108063383889743 ) ) ;
#1173 = CARTESIAN_POINT ( 'NONE',  ( 2.590735491160000237, -17.90263618790000066, 8.851131175709999965 ) ) ;
#1174 = CARTESIAN_POINT ( 'NONE',  ( -17.04516904549999978, -19.65290207019999968, 4.479755203879999925 ) ) ;
#1175 = VECTOR ( 'NONE', #404, 999.9999999999998863 ) ;
#1176 = AXIS2_PLACEMENT_3D ( 'NONE', #1918, #5240, #4542 ) ;
#1177 = CARTESIAN_POINT ( 'NONE',  ( -7.568921588469999406, 0.6652058818099999549, 19.54982629309999709 ) ) ;
#1178 = ADVANCED_FACE ( 'NONE', ( #3490 ), #4225, .T. ) ;
#1179 = ORIENTED_EDGE ( 'NONE', *, *, #7186, .F. ) ;
#1180 = CARTESIAN_POINT ( 'NONE',  ( 2.186363037680000065, -13.80134246289999922, 4.799998025759999898 ) ) ;
#1181 = CARTESIAN_POINT ( 'NONE',  ( -17.73579237550000087, 1.516645175839999915, 4.523993859800000017 ) ) ;
#1182 = CARTESIAN_POINT ( 'NONE',  ( 2.527127763239999769, -18.03186345860000017, 19.74813043820000047 ) ) ;
#1183 = AXIS2_PLACEMENT_3D ( 'NONE', #4086, #6697, #804 ) ;
#1184 = EDGE_CURVE ( 'NONE', #6598, #7973, #3361, .T. ) ;
#1185 = CARTESIAN_POINT ( 'NONE',  ( -25.35949765366080655, -1.137880716699809946, 23.48430818843918644 ) ) ;
#1186 = CARTESIAN_POINT ( 'NONE',  ( 2.456242161850000549, 0.6652053292599999779, 10.30090890429999995 ) ) ;
#1187 = B_SPLINE_SURFACE_WITH_KNOTS ( 'NONE', 3, 5, ( 
 ( #1180, #8223, #3818, #5707, #1008, #3727 ),
 ( #3689, #4372, #6996, #6434, #414, #2397 ),
 ( #1789, #6301, #5152, #6343, #3042, #2355 ),
 ( #4283, #2519, #1098, #5665, #545, #371 ) ),
 .UNSPECIFIED., .F., .F., .F.,
 ( 4, 4 ),
 ( 6, 6 ),
 ( 11.46699024850000015, 11.51920109249999946 ),
 ( 0.000000000000000000, 0.5733544275830000370 ),
 .UNSPECIFIED. ) ;
#1188 = CARTESIAN_POINT ( 'NONE',  ( -18.98915555310000158, 4.022316880429999131, 5.060736441159999544 ) ) ;
#1189 = CARTESIAN_POINT ( 'NONE',  ( -11.98346281939999969, -18.11646002799999877, 5.153834385179999700 ) ) ;
#1190 = CARTESIAN_POINT ( 'NONE',  ( 2.622641946459999929, -12.09032889910000108, 4.799998025759999898 ) ) ;
#1191 = VECTOR ( 'NONE', #5024, 1000.000000000000000 ) ;
#1192 = ORIENTED_EDGE ( 'NONE', *, *, #4498, .F. ) ;
#1193 = CARTESIAN_POINT ( 'NONE',  ( 2.143972155550000203, -14.26400043009999941, 4.892070140130000411 ) ) ;
#1194 = CARTESIAN_POINT ( 'NONE',  ( -18.95837760619678392, -18.48479155882295188, 24.00148786967389469 ) ) ;
#1195 = CARTESIAN_POINT ( 'NONE',  ( 2.450921916679999590, 0.4232911453659999879, 8.802395299860000577 ) ) ;
#1196 = CARTESIAN_POINT ( 'NONE',  ( -6.299190297700000940, -18.33479470900000052, 19.42362463059999911 ) ) ;
#1197 = CARTESIAN_POINT ( 'NONE',  ( 2.157722789249999717, -14.50844910929999898, 23.50710500219999943 ) ) ;
#1198 = CARTESIAN_POINT ( 'NONE',  ( 2.941485826749999699, -8.829541660320000318, 23.79999802580000079 ) ) ;
#1199 = CARTESIAN_POINT ( 'NONE',  ( -16.84485380239999941, 2.243229530479999845, 24.25877067960000133 ) ) ;
#1200 = CARTESIAN_POINT ( 'NONE',  ( -23.18893532339999553, -17.38949934518216978, 21.06407572093946712 ) ) ;
#1201 = VERTEX_POINT ( 'NONE', #4745 ) ;
#1202 = CARTESIAN_POINT ( 'NONE',  ( -17.62618139799999994, 1.818282182429999949, 4.444460604860000608 ) ) ;
#1203 = CARTESIAN_POINT ( 'NONE',  ( 2.157726972519999897, -3.161140675780000464, 5.092890836270000499 ) ) ;
#1204 = CARTESIAN_POINT ( 'NONE',  ( -8.092334565759999876, -14.48879215710000068, 23.76560455730000143 ) ) ;
#1205 = CARTESIAN_POINT ( 'NONE',  ( 2.991064675929999694, -8.834794670739999134, 20.49999802580000008 ) ) ;
#1206 = CARTESIAN_POINT ( 'NONE',  ( -15.34974099770008138, -20.17740890980001467, 4.253973402524476199 ) ) ;
#1207 = ADVANCED_FACE ( 'NONE', ( #155 ), #5398, .F. ) ;
#1208 = CARTESIAN_POINT ( 'NONE',  ( -24.88141397949999956, -21.28697351150000117, 23.54859757140000198 ) ) ;
#1209 = B_SPLINE_CURVE_WITH_KNOTS ( 'NONE', 5,
 ( #4841, #4881, #822, #1602, #2856, #5445, #4234, #5488, #6853 ),
 .UNSPECIFIED., .F., .F.,
 ( 6, 3, 6 ),
 ( -0.2216600915970000085, -0.1329289504270000088, 0.000000000000000000 ),
 .UNSPECIFIED. ) ;
#1210 = CARTESIAN_POINT ( 'NONE',  ( -17.01788497720000137, 0.1652053292599999779, 23.79999802580000079 ) ) ;
#1211 = CARTESIAN_POINT ( 'NONE',  ( -22.19611372389999815, 4.181180366389999570, 7.121985091430000026 ) ) ;
#1212 = ORIENTED_EDGE ( 'NONE', *, *, #3469, .F. ) ;
#1213 = ORIENTED_EDGE ( 'NONE', *, *, #4182, .F. ) ;
#1214 = CARTESIAN_POINT ( 'NONE',  ( -18.20544257490000106, -22.03522748700000022, 4.701759178479999690 ) ) ;
#1215 = CARTESIAN_POINT ( 'NONE',  ( -23.54652548980000049, -21.80113027370000367, 19.09732830489999955 ) ) ;
#1216 = CARTESIAN_POINT ( 'NONE',  ( -12.84683463080000010, -17.83479467069999913, 23.79999802580000079 ) ) ;
#1217 = CARTESIAN_POINT ( 'NONE',  ( -18.49743754860000067, -18.64104616890000088, 23.92924046310000108 ) ) ;
#1218 = CARTESIAN_POINT ( 'NONE',  ( -6.299189361289999844, -16.27517526410000315, 6.859617432579999452 ) ) ;
#1219 = B_SPLINE_CURVE_WITH_KNOTS ( 'NONE', 5,
 ( #5420, #1445, #6006, #2827, #2140, #6734 ),
 .UNSPECIFIED., .F., .F.,
 ( 6, 6 ),
 ( -0.7997982716929999958, 0.000000000000000000 ),
 .UNSPECIFIED. ) ;
#1220 = CARTESIAN_POINT ( 'NONE',  ( -14.76507131800000039, 0.6652053294109999682, 14.29999802579999901 ) ) ;
#1221 = CARTESIAN_POINT ( 'NONE',  ( -17.11873527990000099, 1.559323809510000158, 24.22380208099999876 ) ) ;
#1222 = CARTESIAN_POINT ( 'NONE',  ( -17.28057232689999978, 3.728113307560000145, 24.13017566630000132 ) ) ;
#1223 = CARTESIAN_POINT ( 'NONE',  ( -26.47637157029999599, -15.43479467070000055, 22.19999802579999937 ) ) ;
#1224 = CARTESIAN_POINT ( 'NONE',  ( -17.18472549020000173, -21.98479489109999818, 4.594593074499999652 ) ) ;
#1225 = CARTESIAN_POINT ( 'NONE',  ( 2.454877745640000164, -18.20700767440000334, 19.58622855940000207 ) ) ;
#1226 = CARTESIAN_POINT ( 'NONE',  ( 2.539599056679999745, -3.315073125370000096, 5.171401489229999093 ) ) ;
#1227 = ADVANCED_FACE ( 'NONE', ( #2117 ), #648, .T. ) ;
#1228 = CARTESIAN_POINT ( 'NONE',  ( -18.02663473220000157, 4.164173527739999159, 4.729569953340000410 ) ) ;
#1229 = CARTESIAN_POINT ( 'NONE',  ( 2.619375706120000036, -13.92212766970000004, 23.51888245569999825 ) ) ;
#1230 = CARTESIAN_POINT ( 'NONE',  ( -12.84683463049999830, -18.27310964319999798, 23.61415729109999972 ) ) ;
#1231 = EDGE_CURVE ( 'NONE', #440, #3604, #8398, .T. ) ;
#1232 = ORIENTED_EDGE ( 'NONE', *, *, #7974, .F. ) ;
#1233 = CARTESIAN_POINT ( 'NONE',  ( -16.76759867890000066, 2.093081044299999860, 4.360496759739999284 ) ) ;
#1234 = ORIENTED_EDGE ( 'NONE', *, *, #2614, .F. ) ;
#1235 = CARTESIAN_POINT ( 'NONE',  ( -18.90697061373892396, -18.48479530656605263, 23.98769748681420566 ) ) ;
#1236 = CARTESIAN_POINT ( 'NONE',  ( -7.520107224500000243, -18.30276890089999853, 19.70518655329999902 ) ) ;
#1237 = ORIENTED_EDGE ( 'NONE', *, *, #3201, .T. ) ;
#1238 = CARTESIAN_POINT ( 'NONE',  ( -18.81588212117890535, 0.8152052325021698076, 4.608470003522067593 ) ) ;
#1239 = CARTESIAN_POINT ( 'NONE',  ( 2.590737235090000201, -17.90263077530000047, 19.74886801889999788 ) ) ;
#1240 = CYLINDRICAL_SURFACE ( 'NONE', #2685, 1.000000000000000888 ) ;
#1241 = EDGE_CURVE ( 'NONE', #4640, #4465, #2983, .T. ) ;
#1242 = DIRECTION ( 'NONE',  ( -0.9987827659587170670, 0.03487826274239014951, 0.03487826274239014951 ) ) ;
#1243 = VERTEX_POINT ( 'NONE', #6367 ) ;
#1244 = CARTESIAN_POINT ( 'NONE',  ( -16.74145233990000037, 2.052164551959999805, 4.392223360840000090 ) ) ;
#1245 = VERTEX_POINT ( 'NONE', #6191 ) ;
#1246 = CYLINDRICAL_SURFACE ( 'NONE', #8310, 1.000000000000001332 ) ;
#1247 = CARTESIAN_POINT ( 'NONE',  ( -7.519924353779999571, -14.24007716829999914, 23.76797055500000155 ) ) ;
#1248 = CARTESIAN_POINT ( 'NONE',  ( -8.613461521027913292, -2.285873000368976449, 23.42753484756978466 ) ) ;
#1249 = CARTESIAN_POINT ( 'NONE',  ( -28.13067606439999935, -21.17350677919999669, 20.28949485799999763 ) ) ;
#1250 = CARTESIAN_POINT ( 'NONE',  ( -19.16813425770000023, -18.48479467069999771, 4.577775332539999908 ) ) ;
#1251 = CARTESIAN_POINT ( 'NONE',  ( -6.871392341124701986, 0.8152053292529949369, 17.50156902567176687 ) ) ;
#1252 = EDGE_LOOP ( 'NONE', ( #92, #5539 ) ) ;
#1253 = EDGE_CURVE ( 'NONE', #7380, #8132, #7797, .T. ) ;
#1254 = CARTESIAN_POINT ( 'NONE',  ( -16.15831717952738344, -19.82860129790424608, 4.427970609314614947 ) ) ;
#1255 = ORIENTED_EDGE ( 'NONE', *, *, #5402, .F. ) ;
#1256 = EDGE_CURVE ( 'NONE', #7266, #2067, #3066, .T. ) ;
#1257 = CARTESIAN_POINT ( 'NONE',  ( -18.21351793899999905, -20.04452478990000230, 4.632242308469999514 ) ) ;
#1258 = CARTESIAN_POINT ( 'NONE',  ( 2.368528936430000176, -18.04269666500000113, 8.667183821160000079 ) ) ;
#1259 = DIRECTION ( 'NONE',  ( -2.985759393769999632E-16, 0.000000000000000000, 1.000000000000000000 ) ) ;
#1260 = VERTEX_POINT ( 'NONE', #8162 ) ;
#1261 = CARTESIAN_POINT ( 'NONE',  ( 2.709084800169999863, -11.58601926500000090, 4.799998025759999898 ) ) ;
#1262 = CARTESIAN_POINT ( 'NONE',  ( -17.75645233999999917, -19.04777388079999767, 24.01585727220000166 ) ) ;
#1263 = CARTESIAN_POINT ( 'NONE',  ( -16.09047051239999959, -20.12460338170000185, 4.312311079719999718 ) ) ;
#1264 = CARTESIAN_POINT ( 'NONE',  ( -8.024047120050001425, 0.5619846289089999170, 8.502825037830000099 ) ) ;
#1265 = EDGE_CURVE ( 'NONE', #6175, #3645, #7473, .T. ) ;
#1266 = CARTESIAN_POINT ( 'NONE',  ( -8.140606569510000057, -18.33479467069999913, 19.64525750339999632 ) ) ;
#1267 = CARTESIAN_POINT ( 'NONE',  ( -21.35044050999999854, -21.88164437929999906, 6.268264920479999169 ) ) ;
#1268 = CARTESIAN_POINT ( 'NONE',  ( 2.619374955280000083, -13.92213123390000007, 5.081114077389999650 ) ) ;
#1269 = CARTESIAN_POINT ( 'NONE',  ( -6.539851643210000454, -3.863984196220000111, 4.799998025759999898 ) ) ;
#1270 = CARTESIAN_POINT ( 'NONE',  ( -8.961216726509999120, 0.5404424634159999963, 7.782708183390000478 ) ) ;
#1271 = CARTESIAN_POINT ( 'NONE',  ( -17.86591374690000222, 3.887876708949999927, 4.621496202299999467 ) ) ;
#1272 = CARTESIAN_POINT ( 'NONE',  ( -17.60326218498716599, -21.81248262887788059, 4.657489139045241089 ) ) ;
#1273 = CARTESIAN_POINT ( 'NONE',  ( 2.157722703700000189, 0.3723124643899999864, 8.626343539429999652 ) ) ;
#1274 = VERTEX_POINT ( 'NONE', #308 ) ;
#1275 = CARTESIAN_POINT ( 'NONE',  ( 2.270532400120000016, -13.97855546000000082, 4.804677714529999477 ) ) ;
#1276 = CARTESIAN_POINT ( 'NONE',  ( -18.14286668680000147, 3.843974658860000115, 23.96214487390000158 ) ) ;
#1277 = CARTESIAN_POINT ( 'NONE',  ( -8.381090673230000121, -17.98130424079999656, 20.64022262509999806 ) ) ;
#1278 = CARTESIAN_POINT ( 'NONE',  ( 2.576984753010000073, -14.15819726159999981, 23.47017738589999780 ) ) ;
#1279 = CARTESIAN_POINT ( 'NONE',  ( -6.523297817502220930, -3.161142212242546545, 5.092889315680857898 ) ) ;
#1280 = CARTESIAN_POINT ( 'NONE',  ( 2.577074693229999713, 0.3033958067699999983, 8.922265359169999854 ) ) ;
#1281 = CARTESIAN_POINT ( 'NONE',  ( -6.299189111539999608, -3.161142807029999613, 5.092891013300000047 ) ) ;
#1282 = CARTESIAN_POINT ( 'NONE',  ( -17.41328024219999904, -19.25035527249999845, 4.632580339400000469 ) ) ;
#1283 = ORIENTED_EDGE ( 'NONE', *, *, #1013, .F. ) ;
#1284 = CARTESIAN_POINT ( 'NONE',  ( -18.13487336770000269, 1.540150985899999991, 24.13777125610000240 ) ) ;
#1285 = EDGE_CURVE ( 'NONE', #4828, #7380, #1426, .T. ) ;
#1286 = CARTESIAN_POINT ( 'NONE',  ( 2.415423816200000129, -3.858501164510000248, 23.76883130639999919 ) ) ;
#1287 = CARTESIAN_POINT ( 'NONE',  ( -8.799189151569999368, -15.55052699760000046, 23.41237043399999962 ) ) ;
#1288 = CARTESIAN_POINT ( 'NONE',  ( -8.422459333752133404, -2.432554005640448214, 23.44082235267747194 ) ) ;
#1289 = CARTESIAN_POINT ( 'NONE',  ( -16.02923336735732462, 2.533130859629688647, 4.215221094106220256 ) ) ;
#1290 = CARTESIAN_POINT ( 'NONE',  ( -11.98213827340000037, 0.3662318657030000368, 23.52815011259999878 ) ) ;
#1291 = CARTESIAN_POINT ( 'NONE',  ( 2.463944179449999439, -3.251510863950000108, 5.122782280159999146 ) ) ;
#1292 = CARTESIAN_POINT ( 'NONE',  ( -16.92974463799999896, -19.48158208420000292, 24.01947429690000035 ) ) ;
#1293 = ORIENTED_EDGE ( 'NONE', *, *, #882, .T. ) ;
#1294 = CARTESIAN_POINT ( 'NONE',  ( -17.51726972649999681, -21.03847011569999736, 4.626877772510000320 ) ) ;
#1295 = CARTESIAN_POINT ( 'NONE',  ( 2.583099578330000146, -18.03681002009999901, 9.053249675549999154 ) ) ;
#1296 = CARTESIAN_POINT ( 'NONE',  ( -12.84683463049999830, -18.33479467069999913, 23.45707765839999936 ) ) ;
#1297 = ORIENTED_EDGE ( 'NONE', *, *, #1646, .F. ) ;
#1298 = CARTESIAN_POINT ( 'NONE',  ( 2.157722703700000189, -3.161140184410000220, 23.50710516090000368 ) ) ;
#1299 = CARTESIAN_POINT ( 'NONE',  ( -15.35552083289999992, 2.561719329029999770, 4.154662002320000269 ) ) ;
#1300 = CONICAL_SURFACE ( 'NONE', #5835, 9.999999999999996447, 0.03490658503990158590 ) ;
#1301 = EDGE_CURVE ( 'NONE', #2931, #63, #7988, .T. ) ;
#1302 = CARTESIAN_POINT ( 'NONE',  ( -24.24242374140000322, -21.30928754229999811, 18.79834865009999945 ) ) ;
#1303 = CARTESIAN_POINT ( 'NONE',  ( -16.94283018180000155, 1.524817332320000052, 24.26348520330000014 ) ) ;
#1304 = AXIS2_PLACEMENT_3D ( 'NONE', #6642, #2091, #4718 ) ;
#1305 = ORIENTED_EDGE ( 'NONE', *, *, #814, .F. ) ;
#1306 = EDGE_CURVE ( 'NONE', #2728, #185, #1958, .T. ) ;
#1307 = CARTESIAN_POINT ( 'NONE',  ( -23.25641673060000159, -21.34371966490000005, 7.728596625140000675 ) ) ;
#1308 = CARTESIAN_POINT ( 'NONE',  ( 3.433652891049999933, -18.08842254509999847, 14.30016268130000157 ) ) ;
#1309 = CARTESIAN_POINT ( 'NONE',  ( 2.294020927700000101, -18.33479465530000141, 9.303419306930001298 ) ) ;
#1310 = ADVANCED_FACE ( 'NONE', ( #5136 ), #3153, .T. ) ;
#1311 = VECTOR ( 'NONE', #8244, 1000.000000000000114 ) ;
#1312 = CARTESIAN_POINT ( 'NONE',  ( -8.961216704571878466, -15.35208458243555896, 23.67523515050799787 ) ) ;
#1313 = VECTOR ( 'NONE', #7874, 1000.000000000000000 ) ;
#1314 = DIRECTION ( 'NONE',  ( 5.373988463373008342E-17, 0.000000000000000000, -1.000000000000000000 ) ) ;
#1315 = CARTESIAN_POINT ( 'NONE',  ( -23.79462883969999965, 3.712015463149999750, 19.24094395230000032 ) ) ;
#1316 = LINE ( 'NONE', #3302, #3784 ) ;
#1317 = VERTEX_POINT ( 'NONE', #3841 ) ;
#1318 = LOCAL_TIME ( 18, 50, 2.000000000000000000, #8116 ) ;
#1319 = VECTOR ( 'NONE', #4061, 1000.000000000000000 ) ;
#1320 = ADVANCED_FACE ( 'NONE', ( #3886 ), #3236, .T. ) ;
#1321 = CARTESIAN_POINT ( 'NONE',  ( -19.15120359420000185, 3.814369989550000284, 23.85597813509999909 ) ) ;
#1322 = DIRECTION ( 'NONE',  ( 0.7745966692411312415, 0.6324555320341072040, 2.220446049250374711E-16 ) ) ;
#1323 = VERTEX_POINT ( 'NONE', #7829 ) ;
#1324 = CARTESIAN_POINT ( 'NONE',  ( -17.07149212980000286, -19.70418385909999870, 24.11221384930000156 ) ) ;
#1325 = LINE ( 'NONE', #3874, #8471 ) ;
#1326 = CARTESIAN_POINT ( 'NONE',  ( -18.20717562329999595, -21.60827314649999664, 23.91314644720000260 ) ) ;
#1327 = DIRECTION ( 'NONE',  ( 0.000000000000000000, 1.000000000000000000, 0.000000000000000000 ) ) ;
#1328 = CIRCLE ( 'NONE', #5991, 9.199999999999999289 ) ;
#1329 = CARTESIAN_POINT ( 'NONE',  ( -18.21754501829999739, -19.04917339300000023, 4.597483839169999698 ) ) ;
#1330 = EDGE_LOOP ( 'NONE', ( #4697, #103, #8078, #7339 ) ) ;
#1331 = CARTESIAN_POINT ( 'NONE',  ( -17.83535632439999929, 1.699315165700000074, 24.14823062179999980 ) ) ;
#1332 = VERTEX_POINT ( 'NONE', #6418 ) ;
#1333 = CARTESIAN_POINT ( 'NONE',  ( -16.64161092599999847, 3.617351709009999805, 24.25023324420000037 ) ) ;
#1334 = CARTESIAN_POINT ( 'NONE',  ( -6.933961772339999996, -13.95842192549999972, 23.79999802580000079 ) ) ;
#1335 = CARTESIAN_POINT ( 'NONE',  ( -28.15427768708811485, 3.503093250913554613, 20.19289109770000223 ) ) ;
#1336 = CARTESIAN_POINT ( 'NONE',  ( -18.53709807859999970, -21.98479484709999809, 23.56129178589999995 ) ) ;
#1337 = CARTESIAN_POINT ( 'NONE',  ( 2.298248135490000177, -2.449645068589999752, 5.804386443459999434 ) ) ;
#1338 = ADVANCED_FACE ( 'NONE', ( #2544 ), #1987, .F. ) ;
#1339 = DIRECTION ( 'NONE',  ( 0.000000000000000000, 0.000000000000000000, 1.000000000000000000 ) ) ;
#1340 = VERTEX_POINT ( 'NONE', #1205 ) ;
#1341 = CARTESIAN_POINT ( 'NONE',  ( -17.07499793750000094, -19.04917339200000015, 4.465109554399999681 ) ) ;
#1342 = DIRECTION ( 'NONE',  ( -6.205596807200800031E-17, -1.000000000000000000, -1.315706032041431961E-15 ) ) ;
#1343 = ORIENTED_EDGE ( 'NONE', *, *, #6936, .F. ) ;
#1344 = DIRECTION ( 'NONE',  ( 0.9999999999999992228, -4.214550534079991788E-08, 4.186779791199991842E-16 ) ) ;
#1345 = CARTESIAN_POINT ( 'NONE',  ( 3.167553333089999867, -7.690320881249999907, 4.827195122590000054 ) ) ;
#1346 = ORIENTED_EDGE ( 'NONE', *, *, #8368, .F. ) ;
#1347 = EDGE_CURVE ( 'NONE', #2777, #4870, #4101, .T. ) ;
#1348 = EDGE_CURVE ( 'NONE', #5197, #4348, #4315, .T. ) ;
#1349 = CARTESIAN_POINT ( 'NONE',  ( -17.52622645290000136, 3.206560034589999830, 4.440970377160000204 ) ) ;
#1350 = CARTESIAN_POINT ( 'NONE',  ( -17.23115257750000140, 2.009867590550000305, 24.19320875429999873 ) ) ;
#1351 = VERTEX_POINT ( 'NONE', #6395 ) ;
#1352 = DIRECTION ( 'NONE',  ( -3.667185336520324964E-18, -1.000000000000000000, -1.320727196930000051E-15 ) ) ;
#1353 = CARTESIAN_POINT ( 'NONE',  ( 2.849438521119999734, -18.33479467069999913, 12.35647846740000055 ) ) ;
#1354 = CARTESIAN_POINT ( 'NONE',  ( -15.95067132420000000, 2.421759252219999770, 24.37301376800000341 ) ) ;
#1355 = ORIENTED_EDGE ( 'NONE', *, *, #8054, .T. ) ;
#1356 = LINE ( 'NONE', #3989, #631 ) ;
#1357 = CARTESIAN_POINT ( 'NONE',  ( -17.38060040540000273, 3.849409747349999744, 4.519760803969999685 ) ) ;
#1358 = CARTESIAN_POINT ( 'NONE',  ( -23.43647002089999987, 3.667842724929999854, 20.51900292180000207 ) ) ;
#1359 = ORIENTED_EDGE ( 'NONE', *, *, #6761, .F. ) ;
#1360 = B_SPLINE_CURVE_WITH_KNOTS ( 'NONE', 3,
 ( #2586, #5851, #7270, #2538, #4605, #8420, #5224, #7823, #3232, #3922, #7182, #1900, #26, #7226, #5933, #4479, #64, #1941, #5769, #4565 ),
 .UNSPECIFIED., .F., .F.,
 ( 4, 2, 1, 2, 2, 2, 2, 1, 2, 2, 4 ),
 ( 0.000000000000000000, 0.1249999999999981959, 0.1874999999999972800, 0.2187499999999968359, 0.2499999999999963918, 0.4999999999999982236, 0.6249999999999993339, 0.6875000000000001110, 0.7187500000000003331, 0.7500000000000004441, 1.000000000000000000 ),
 .UNSPECIFIED. ) ;
#1361 = CARTESIAN_POINT ( 'NONE',  ( 3.091064675920000226, -8.834794670739999134, 14.29999802579999901 ) ) ;
#1362 = VERTEX_POINT ( 'NONE', #8364 ) ;
#1363 = EDGE_CURVE ( 'NONE', #6442, #6529, #3049, .T. ) ;
#1364 = CARTESIAN_POINT ( 'NONE',  ( -19.09503990599999668, 3.839530845130000092, 23.73422540780000034 ) ) ;
#1365 = CARTESIAN_POINT ( 'NONE',  ( 3.057216389279999724, 0.5797282798570000395, 11.55895610530000006 ) ) ;
#1366 = CYLINDRICAL_SURFACE ( 'NONE', #4499, 0.5000000000000004441 ) ;
#1367 = CARTESIAN_POINT ( 'NONE',  ( -7.540312108306187255, -2.917870717523557200, 5.115059690148432203 ) ) ;
#1368 = FACE_OUTER_BOUND ( 'NONE', #1252, .T. ) ;
#1369 = CARTESIAN_POINT ( 'NONE',  ( -6.957993750719999149, -3.868252521130000066, 4.799998025759999898 ) ) ;
#1370 = CARTESIAN_POINT ( 'NONE',  ( -18.10133331909999654, -18.82657150960000081, 4.719833230499999921 ) ) ;
#1371 = ORIENTED_EDGE ( 'NONE', *, *, #6701, .T. ) ;
#1372 = ORIENTED_EDGE ( 'NONE', *, *, #5454, .T. ) ;
#1373 = ORIENTED_EDGE ( 'NONE', *, *, #8342, .T. ) ;
#1374 = CARTESIAN_POINT ( 'NONE',  ( -16.76758138400000320, 2.093090546740000057, 4.360492384599999660 ) ) ;
#1375 = EDGE_LOOP ( 'NONE', ( #198, #7497, #1807, #2724 ) ) ;
#1376 = DIRECTION ( 'NONE',  ( 3.667185336519999867E-18, 1.000000000000000000, 1.320727196930000051E-15 ) ) ;
#1377 = CARTESIAN_POINT ( 'NONE',  ( -9.299189119659999392, -14.93815458979999988, 23.79999802580000079 ) ) ;
#1378 = CARTESIAN_POINT ( 'NONE',  ( -17.71856921099999838, 1.487183131349999909, 24.03197981739999989 ) ) ;
#1379 = B_SPLINE_CURVE_WITH_KNOTS ( 'NONE', 3,
 ( #7675, #3597, #3729, #6304, #416, #8267, #2400, #3087, #8312, #2443, #6389, #4939, #7038, #5071, #503, #2262, #4897, #7502, #4247, #966, #7544, #5113, #1832, #8360, #3178, #7716, #7082, #2483, #4460, #1185, #3821, #6437, #548, #2465, #8203, #7525, #6885, #6926, #5049, #4265, #5002, #2936, #3750, #4395, #3577, #6365, #3709, #6324, #2419, #6978, #7696, #8160, #988, #946 ),
 .UNSPECIFIED., .F., .F.,
 ( 4, 1, 1, 2, 2, 1, 1, 1, 2, 2, 1, 1, 1, 2, 2, 2, 2, 2, 1, 2, 2, 1, 1, 2, 2, 1, 1, 1, 2, 2, 1, 1, 2, 2, 4 ),
 ( 0.000000000000000000, 0.06250000000002009504, 0.09375000000002867151, 0.1093750000000329597, 0.1250000000000372480, 0.1875000000000544009, 0.2187500000000629774, 0.2343750000000672518, 0.2421875000000680289, 0.2500000000000688338, 0.3125000000000587863, 0.3437500000000537903, 0.3593750000000512368, 0.3671875000000500155, 0.3750000000000487388, 0.4062500000000470179, 0.4375000000000452971, 0.5000000000000418554, 0.5312500000000401901, 0.5468750000000395239, 0.5625000000000387468, 0.5937500000000366374, 0.6093750000000356382, 0.6171875000000350830, 0.6250000000000346390, 0.6875000000000299760, 0.7187500000000275335, 0.7343750000000264233, 0.7421875000000257572, 0.7500000000000252021, 0.8125000000000189848, 0.8437500000000157652, 0.8593750000000142109, 0.8750000000000125455, 1.000000000000000000 ),
 .UNSPECIFIED. ) ;
#1380 = CARTESIAN_POINT ( 'NONE',  ( -12.84683463049999830, 0.1652053292599999779, 23.79999802580000079 ) ) ;
#1381 = CARTESIAN_POINT ( 'NONE',  ( 2.603172421440000051, -2.526942061740000245, 5.844390547579999762 ) ) ;
#1382 = VERTEX_POINT ( 'NONE', #5632 ) ;
#1383 = LINE ( 'NONE', #1418, #8304 ) ;
#1384 = EDGE_LOOP ( 'NONE', ( #2920, #3665, #565, #1297 ) ) ;
#1385 = CARTESIAN_POINT ( 'NONE',  ( -25.36852084721010669, -0.6812375334180876818, 5.124711056670105513 ) ) ;
#1386 = FACE_BOUND ( 'NONE', #7101, .T. ) ;
#1387 = ORIENTED_EDGE ( 'NONE', *, *, #5776, .T. ) ;
#1388 = CARTESIAN_POINT ( 'NONE',  ( -17.18472549020000173, -21.98479489109999818, 4.594593074499999652 ) ) ;
#1389 = CARTESIAN_POINT ( 'NONE',  ( -16.93884656989048310, 3.760485194331674830, 24.18909037941542195 ) ) ;
#1390 = VERTEX_POINT ( 'NONE', #378 ) ;
#1391 = EDGE_CURVE ( 'NONE', #3377, #3204, #4986, .T. ) ;
#1392 = DIRECTION ( 'NONE',  ( 0.000000000000000000, 1.000000000000000000, 0.000000000000000000 ) ) ;
#1393 = CARTESIAN_POINT ( 'NONE',  ( -17.44498340290000016, 3.666532938160000032, 24.15063994660000191 ) ) ;
#1394 = EDGE_CURVE ( 'NONE', #6077, #7638, #4624, .T. ) ;
#1395 = CARTESIAN_POINT ( 'NONE',  ( -19.36436814260000006, -21.65365698819999807, 5.067096100089999666 ) ) ;
#1396 = LINE ( 'NONE', #6678, #1319 ) ;
#1397 = CARTESIAN_POINT ( 'NONE',  ( -15.98597892560000133, 2.568137845299999888, 24.39610232249999910 ) ) ;
#1398 = B_SPLINE_CURVE_WITH_KNOTS ( 'NONE', 3,
 ( #8306, #5622, #6298, #411 ),
 .UNSPECIFIED., .F., .F.,
 ( 4, 4 ),
 ( 0.000000000000000000, 1.000000000000000000 ),
 .UNSPECIFIED. ) ;
#1399 = EDGE_CURVE ( 'NONE', #4620, #1536, #6261, .T. ) ;
#1400 = CARTESIAN_POINT ( 'NONE',  ( -8.103935323660000023, 0.3723124539709999903, 19.97365208549999949 ) ) ;
#1401 = CARTESIAN_POINT ( 'NONE',  ( -28.15427768708811485, 3.503093250913554613, 20.19289109770000223 ) ) ;
#1402 = CARTESIAN_POINT ( 'NONE',  ( 2.157722703700000189, 0.3723124643899999864, 8.626343539429999652 ) ) ;
#1403 = ORIENTED_EDGE ( 'NONE', *, *, #6276, .T. ) ;
#1404 = CARTESIAN_POINT ( 'NONE',  ( -18.47419978749999814, -18.61466739729999986, 23.87974465359999954 ) ) ;
#1405 = CARTESIAN_POINT ( 'NONE',  ( 2.572249129229999820, 0.4845793550290000140, 9.225808538580000828 ) ) ;
#1406 = CARTESIAN_POINT ( 'NONE',  ( -25.03000226280000007, -20.98789761509999963, 4.786192505159999833 ) ) ;
#1407 = CARTESIAN_POINT ( 'NONE',  ( -17.05925446869999718, -21.98479467090000128, 4.566718841910000215 ) ) ;
#1408 = CARTESIAN_POINT ( 'NONE',  ( 2.157724533139999679, -18.04190145190000294, 19.97365242900000126 ) ) ;
#1409 = CARTESIAN_POINT ( 'NONE',  ( -27.37423135297028765, -15.65802136163814140, 7.130421562430271365 ) ) ;
#1410 = ORIENTED_EDGE ( 'NONE', *, *, #455, .T. ) ;
#1411 = CARTESIAN_POINT ( 'NONE',  ( 2.859933391094059640, -4.625907696899540511, 5.072242764996866882 ) ) ;
#1412 = CARTESIAN_POINT ( 'NONE',  ( -6.299189361289999844, -14.50844907399999961, 5.092891244570000531 ) ) ;
#1413 = CYLINDRICAL_SURFACE ( 'NONE', #8043, 0.4999999999999982236 ) ;
#1414 = CARTESIAN_POINT ( 'NONE',  ( -9.376690242943931608, -20.17217398530001304, 22.84566750291840620 ) ) ;
#1415 = DIRECTION ( 'NONE',  ( -0.7745966692411312415, 0.6324555320341072040, -8.326672684691410414E-17 ) ) ;
#1416 = CARTESIAN_POINT ( 'NONE',  ( -12.84683463049999830, 0.6652053292599999779, 23.45707765839999936 ) ) ;
#1417 = LINE ( 'NONE', #3889, #1313 ) ;
#1418 = CARTESIAN_POINT ( 'NONE',  ( -2.056413161630000097, -13.80134237780000106, 4.799998025759999898 ) ) ;
#1419 = ORIENTED_EDGE ( 'NONE', *, *, #6300, .F. ) ;
#1420 = CARTESIAN_POINT ( 'NONE',  ( -16.77866222881918290, 3.682674659312543675, 4.378907446126045322 ) ) ;
#1421 = CARTESIAN_POINT ( 'NONE',  ( -17.44596981774004973, 3.720881426752471022, 4.474802141531137423 ) ) ;
#1422 = EDGE_LOOP ( 'NONE', ( #4616, #7953, #1493, #3520 ) ) ;
#1423 = EDGE_CURVE ( 'NONE', #6384, #858, #1125, .T. ) ;
#1424 = CARTESIAN_POINT ( 'NONE',  ( 2.764865708009999867, -12.53709531760000040, 23.77044477819999813 ) ) ;
#1425 = CARTESIAN_POINT ( 'NONE',  ( -16.64161092599999847, 3.617351709009999805, 24.25023324420000037 ) ) ;
#1426 = B_SPLINE_CURVE_WITH_KNOTS ( 'NONE', 5,
 ( #5267, #7871, #7229, #2632, #1162, #607 ),
 .UNSPECIFIED., .F., .F.,
 ( 6, 6 ),
 ( -2.358267278539999623, 0.000000000000000000 ),
 .UNSPECIFIED. ) ;
#1427 = CARTESIAN_POINT ( 'NONE',  ( -8.797525817589999519, -14.52855935189999848, 4.799998025759999898 ) ) ;
#1428 = CARTESIAN_POINT ( 'NONE',  ( -17.11731361510000227, 3.709390294519999909, 24.15589825600000040 ) ) ;
#1429 = ADVANCED_FACE ( 'NONE', ( #4335 ), #7167, .F. ) ;
#1430 = CARTESIAN_POINT ( 'NONE',  ( 2.251315800930000055, -14.39165453729999911, 4.979366108220000697 ) ) ;
#1431 = CARTESIAN_POINT ( 'NONE',  ( 2.454875770769999743, -3.548553967749999760, 23.67221040589999959 ) ) ;
#1432 = CARTESIAN_POINT ( 'NONE',  ( 3.230685765860000114, -18.17302082619999837, 12.30902011110000061 ) ) ;
#1433 = CARTESIAN_POINT ( 'NONE',  ( 2.572246305839999803, -18.15416804050000010, 9.225808648930000189 ) ) ;
#1434 = CARTESIAN_POINT ( 'NONE',  ( -11.93404571558487071, 0.2960521118126732132, 5.063985290056389310 ) ) ;
#1435 = EDGE_CURVE ( 'NONE', #1463, #1382, #202, .T. ) ;
#1436 = VECTOR ( 'NONE', #3560, 1000.000000000000114 ) ;
#1437 = CARTESIAN_POINT ( 'NONE',  ( -11.73446215080000066, 0.2775778198530000629, 23.41237037069999971 ) ) ;
#1438 = CARTESIAN_POINT ( 'NONE',  ( -24.75224799781420515, 3.584918578915690102, 4.804706816543790282 ) ) ;
#1439 = ORIENTED_EDGE ( 'NONE', *, *, #1073, .T. ) ;
#1440 = ORIENTED_EDGE ( 'NONE', *, *, #6276, .F. ) ;
#1441 = CARTESIAN_POINT ( 'NONE',  ( 2.164633991410000124, 0.6652043859880000243, 19.42233456539999992 ) ) ;
#1442 = LINE ( 'NONE', #793, #4071 ) ;
#1443 = AXIS2_PLACEMENT_3D ( 'NONE', #7719, #1707, #6907 ) ;
#1444 = CARTESIAN_POINT ( 'NONE',  ( -24.79434516150000078, -21.29001402080000105, 4.900678056470000321 ) ) ;
#1445 = CARTESIAN_POINT ( 'NONE',  ( -23.54992510090000124, -21.65071685159999859, 19.10206136059999693 ) ) ;
#1446 = CARTESIAN_POINT ( 'NONE',  ( -9.299189119659999392, -14.93815458979999988, 23.79999802580000079 ) ) ;
#1447 = EDGE_CURVE ( 'NONE', #3509, #1260, #7898, .T. ) ;
#1448 = CARTESIAN_POINT ( 'NONE',  ( -27.20627494860725903, -17.90808036269217496, 6.962465158067232984 ) ) ;
#1449 = CC_DESIGN_SECURITY_CLASSIFICATION ( #4200, ( #4484 ) ) ;
#1450 = VERTEX_POINT ( 'NONE', #2572 ) ;
#1451 = VECTOR ( 'NONE', #8355, 1000.000000000000114 ) ;
#1452 = ORIENTED_EDGE ( 'NONE', *, *, #2359, .F. ) ;
#1453 = CARTESIAN_POINT ( 'NONE',  ( -17.75757418859999959, 1.555261219320000166, 4.487880680410000878 ) ) ;
#1454 = CARTESIAN_POINT ( 'NONE',  ( 2.200208231659999569, -13.75151726420000031, 4.799998025759999898 ) ) ;
#1455 = DIRECTION ( 'NONE',  ( -0.9987827659587177331, 0.03487826274239014257, 0.03487826274237704888 ) ) ;
#1456 = CARTESIAN_POINT ( 'NONE',  ( -14.50340766750000121, 7.215205329249999799, 24.36176585520000160 ) ) ;
#1457 = CARTESIAN_POINT ( 'NONE',  ( -15.98602519629999819, 2.568148065389999957, 4.203893663359999699 ) ) ;
#1458 = CYLINDRICAL_SURFACE ( 'NONE', #4912, 0.3000000000000016542 ) ;
#1459 = CARTESIAN_POINT ( 'NONE',  ( -22.80917351919999803, 7.215205329249999799, 20.30367546760000153 ) ) ;
#1460 = VECTOR ( 'NONE', #4755, 1000.000000000000000 ) ;
#1461 = DIRECTION ( 'NONE',  ( 1.000000000000000000, 0.000000000000000000, 0.000000000000000000 ) ) ;
#1462 = EDGE_LOOP ( 'NONE', ( #238, #1452, #5205, #7983 ) ) ;
#1463 = VERTEX_POINT ( 'NONE', #3826 ) ;
#1464 = DIRECTION ( 'NONE',  ( -6.205596807200000077E-17, -1.000000000000000000, -1.315706032039999981E-15 ) ) ;
#1465 = ORIENTED_EDGE ( 'NONE', *, *, #3548, .T. ) ;
#1466 = CARTESIAN_POINT ( 'NONE',  ( -14.76478101120000019, -23.50999743809999742, 14.30079563719999847 ) ) ;
#1467 = VECTOR ( 'NONE', #1820, 1000.000000000000000 ) ;
#1468 = CARTESIAN_POINT ( 'NONE',  ( -24.80678639619999970, 3.619990222659999812, 5.000666651520000450 ) ) ;
#1469 = EDGE_CURVE ( 'NONE', #1390, #4193, #3594, .T. ) ;
#1470 = ORIENTED_EDGE ( 'NONE', *, *, #1624, .F. ) ;
#1471 = CARTESIAN_POINT ( 'NONE',  ( -18.13773502379999769, -18.89794105629999876, 4.634470682909999972 ) ) ;
#1472 = CARTESIAN_POINT ( 'NONE',  ( -17.78268491299999710, 1.600925936929999960, 24.13713431850000291 ) ) ;
#1473 = ORIENTED_EDGE ( 'NONE', *, *, #7701, .T. ) ;
#1474 = CARTESIAN_POINT ( 'NONE',  ( -8.164402421940000210, -14.33672147829999943, 4.799999024479999932 ) ) ;
#1475 = CARTESIAN_POINT ( 'NONE',  ( -12.48324295684592045, -18.28874491275993819, 5.205877695020078022 ) ) ;
#1476 = CARTESIAN_POINT ( 'NONE',  ( -17.70596755371439457, -22.28479467090000909, 23.03693461155789279 ) ) ;
#1477 = CARTESIAN_POINT ( 'NONE',  ( -27.92811798248603949, -0.7317086462230074639, 20.91568785961396060 ) ) ;
#1478 = CARTESIAN_POINT ( 'NONE',  ( 2.579273538130000265, -18.33479460030000041, 10.33475230569999859 ) ) ;
#1479 = CARTESIAN_POINT ( 'NONE',  ( -15.64559478470000187, 2.423108317570000114, 24.37375928430000371 ) ) ;
#1480 = B_SPLINE_CURVE_WITH_KNOTS ( 'NONE', 5,
 ( #4047, #1993, #2765, #5312, #2041, #4658 ),
 .UNSPECIFIED., .F., .F.,
 ( 6, 6 ),
 ( -25.82146184060000138, -25.36390974222495132 ),
 .UNSPECIFIED. ) ;
#1481 = B_SPLINE_CURVE_WITH_KNOTS ( 'NONE', 5,
 ( #4921, #3491, #2206, #4835, #1641, #6793, #6152, #6887, #272 ),
 .UNSPECIFIED., .F., .F.,
 ( 6, 3, 6 ),
 ( 0.000000000000000000, 2.907106948289999604, 4.634072907939999375 ),
 .UNSPECIFIED. ) ;
#1482 = CARTESIAN_POINT ( 'NONE',  ( -12.67852088522990428, 0.2182586722331370799, 4.807746766852294407 ) ) ;
#1483 = FACE_OUTER_BOUND ( 'NONE', #2092, .T. ) ;
#1484 = FACE_OUTER_BOUND ( 'NONE', #8263, .T. ) ;
#1485 = ORIENTED_EDGE ( 'NONE', *, *, #7367, .F. ) ;
#1486 = ORIENTED_EDGE ( 'NONE', *, *, #3443, .T. ) ;
#1487 = CARTESIAN_POINT ( 'NONE',  ( -17.40180056700000222, 3.804108933689999805, 24.08937815500000212 ) ) ;
#1488 = CARTESIAN_POINT ( 'NONE',  ( 3.333649341280000122, 0.4140847644060000055, 12.66496411750000028 ) ) ;
#1489 = CC_DESIGN_DATE_AND_TIME_ASSIGNMENT ( #942, #8156, ( #4922 ) ) ;
#1490 = CARTESIAN_POINT ( 'NONE',  ( -24.88141412839999944, -21.28697350630000074, 5.051398532220000348 ) ) ;
#1491 = CARTESIAN_POINT ( 'NONE',  ( -6.679230462232011334, -18.48479467069999416, 11.62033779888604457 ) ) ;
#1492 = DIRECTION ( 'NONE',  ( 1.000000000000000000, 0.000000000000000000, -4.269701823060380170E-16 ) ) ;
#1493 = ORIENTED_EDGE ( 'NONE', *, *, #4802, .F. ) ;
#1494 = CARTESIAN_POINT ( 'NONE',  ( -24.74697252729999875, -21.29166831050000042, 4.992942510659999833 ) ) ;
#1495 = ORIENTED_EDGE ( 'NONE', *, *, #3517, .F. ) ;
#1496 = FACE_OUTER_BOUND ( 'NONE', #3817, .T. ) ;
#1497 = CYLINDRICAL_SURFACE ( 'NONE', #5583, 1.000000000000000888 ) ;
#1498 = DIRECTION ( 'NONE',  ( -6.123233995739999133E-17, -1.000000000000000000, -1.301554129509999901E-15 ) ) ;
#1499 = CARTESIAN_POINT ( 'NONE',  ( 2.590735491149999792, 0.2330468468410000216, 19.74886484649999829 ) ) ;
#1500 = EDGE_CURVE ( 'NONE', #1759, #5884, #3909, .T. ) ;
#1501 = CARTESIAN_POINT ( 'NONE',  ( -15.35542103439999906, 2.610907631469999934, 4.156376794080000714 ) ) ;
#1502 = CARTESIAN_POINT ( 'NONE',  ( -28.39813676320000013, 3.296259132830000382, 8.176949283649999956 ) ) ;
#1503 = CARTESIAN_POINT ( 'NONE',  ( -25.03211147170000217, 3.411260760070000231, 23.81218056879999878 ) ) ;
#1504 = CARTESIAN_POINT ( 'NONE',  ( 2.731283485000000066, -0.4907470681049999617, 8.119252256470000262 ) ) ;
#1505 = B_SPLINE_CURVE_WITH_KNOTS ( 'NONE', 3,
 ( #7821, #5382, #3877, #2102 ),
 .UNSPECIFIED., .F., .F.,
 ( 4, 4 ),
 ( 0.000000000000000000, 9.760744388330000021 ),
 .UNSPECIFIED. ) ;
#1506 = EDGE_CURVE ( 'NONE', #6727, #4288, #1316, .T. ) ;
#1507 = CARTESIAN_POINT ( 'NONE',  ( -24.82197846999999769, -20.99080335480000059, 23.90425238079999914 ) ) ;
#1508 = ORIENTED_EDGE ( 'NONE', *, *, #4126, .T. ) ;
#1509 = CARTESIAN_POINT ( 'NONE',  ( -15.34666318350000047, -19.99484468279999660, 24.29313817880000315 ) ) ;
#1510 = CARTESIAN_POINT ( 'NONE',  ( -24.82162888339999895, 3.508822151539999545, 4.733447580350000905 ) ) ;
#1511 = VERTEX_POINT ( 'NONE', #3183 ) ;
#1512 = CARTESIAN_POINT ( 'NONE',  ( 2.817931419140000227, -11.20535601240000112, 23.79999802580000079 ) ) ;
#1513 = CARTESIAN_POINT ( 'NONE',  ( -17.83535632430000106, 1.699315165000000016, 24.14823062179999980 ) ) ;
#1514 = CARTESIAN_POINT ( 'NONE',  ( -9.299189361799999887, 0.6652053292599999779, 20.40335779389999971 ) ) ;
#1515 = CARTESIAN_POINT ( 'NONE',  ( -6.958244757800000180, -13.80134229279999936, 4.799998025759999898 ) ) ;
#1516 = CARTESIAN_POINT ( 'NONE',  ( -16.79791154809999654, 3.638852327830000455, 24.22022840289999834 ) ) ;
#1517 = CARTESIAN_POINT ( 'NONE',  ( -19.27817158203115255, -22.28479467090000909, 22.33820865460238281 ) ) ;
#1518 = B_SPLINE_CURVE_WITH_KNOTS ( 'NONE', 4,
 ( #7328, #3376, #3421, #3508, #6001 ),
 .UNSPECIFIED., .F., .F.,
 ( 5, 5 ),
 ( -61.21473441639999891, 0.000000000000000000 ),
 .UNSPECIFIED. ) ;
#1519 = CARTESIAN_POINT ( 'NONE',  ( 2.498070352910000125, -3.781296084660000112, 23.70618914410000144 ) ) ;
#1520 = CARTESIAN_POINT ( 'NONE',  ( -17.44596981774004973, 3.720881426752471022, 4.474802141531137423 ) ) ;
#1521 = CARTESIAN_POINT ( 'NONE',  ( -17.51726975300000078, -21.03847011710000103, 23.97311827590000277 ) ) ;
#1522 = CARTESIAN_POINT ( 'NONE',  ( 2.401681782460000303, 0.6339749739839999343, 9.273387756179999997 ) ) ;
#1523 = EDGE_LOOP ( 'NONE', ( #4979, #4935, #4455, #1547 ) ) ;
#1524 = CARTESIAN_POINT ( 'NONE',  ( -2.056413346959999888, -3.868246870510000157, 4.799998025759999898 ) ) ;
#1525 = CARTESIAN_POINT ( 'NONE',  ( -16.24987801914985042, 2.226026832269217604, 4.343640413147133117 ) ) ;
#1526 = VERTEX_POINT ( 'NONE', #2527 ) ;
#1527 = ORIENTED_EDGE ( 'NONE', *, *, #6189, .T. ) ;
#1528 = VERTEX_POINT ( 'NONE', #1885 ) ;
#1529 = CARTESIAN_POINT ( 'NONE',  ( -17.36066961830000110, 3.895929348210000143, 24.07726154369999705 ) ) ;
#1530 = CARTESIAN_POINT ( 'NONE',  ( 2.294023861209999904, 0.6652052133650000476, 9.303418590079999717 ) ) ;
#1531 = CARTESIAN_POINT ( 'NONE',  ( -28.29736120749999984, -8.834794672050000131, 20.54644463460000026 ) ) ;
#1532 = CARTESIAN_POINT ( 'NONE',  ( -14.14660937059535506, -18.48479467069999060, 5.804160110631989333 ) ) ;
#1533 = CARTESIAN_POINT ( 'NONE',  ( 2.298249689739999990, -15.21995390159999850, 22.79559997930000037 ) ) ;
#1534 = CARTESIAN_POINT ( 'NONE',  ( -27.79726706961009697, -16.13508646206408415, 7.553457279070083352 ) ) ;
#1535 = B_SPLINE_SURFACE_WITH_KNOTS ( 'NONE', 5, 5, ( 
 ( #6798, #996, #5653, #8252, #5614, #2386 ),
 ( #5010, #951, #7615, #2209, #3624, #356 ),
 ( #6155, #2989, #4839, #2896, #275, #5526 ),
 ( #4879, #7486, #3203, #612, #1909, #1858 ),
 ( #7702, #1817, #3935, #5818, #7152, #5231 ),
 ( #4442, #3845, #4489, #4402, #7112, #6464 ),
 ( #1211, #7065, #2508, #5141, #1166, #3073 ),
 ( #8432, #575, #5696, #3804, #6372, #6423 ),
 ( #7834, #7027, #8387, #6552, #8486, #2550 ) ),
 .UNSPECIFIED., .F., .F., .F.,
 ( 6, 3, 6 ),
 ( 6, 6 ),
 ( 13.69773586059999992, 21.57283578499999876, 30.49598853499999862 ),
 ( 0.000000000000000000, 0.7966161739989999768 ),
 .UNSPECIFIED. ) ;
#1536 = VERTEX_POINT ( 'NONE', #5159 ) ;
#1537 = CARTESIAN_POINT ( 'NONE',  ( -17.26982799049999784, -19.52239113039999907, 24.07082280079999848 ) ) ;
#1538 = CARTESIAN_POINT ( 'NONE',  ( -26.56933728850868093, -2.234794671490003548, 6.325527497968679747 ) ) ;
#1539 = CARTESIAN_POINT ( 'NONE',  ( -6.299189362029999906, -13.95842192549999972, 4.799998025759999898 ) ) ;
#1540 = CARTESIAN_POINT ( 'NONE',  ( 2.294025709730000084, -18.33479450950000356, 19.29657635879999944 ) ) ;
#1541 = CARTESIAN_POINT ( 'NONE',  ( 2.355880253660000090, 0.4658791494860000104, 19.83505862099999817 ) ) ;
#1542 = CARTESIAN_POINT ( 'NONE',  ( -15.93822272150000074, 2.379949307049999518, 4.254679178990000032 ) ) ;
#1543 = FACE_OUTER_BOUND ( 'NONE', #3788, .T. ) ;
#1544 = CARTESIAN_POINT ( 'NONE',  ( -11.73446215080000066, 0.2775776741500000089, 5.187625535140000466 ) ) ;
#1545 = FACE_OUTER_BOUND ( 'NONE', #8424, .T. ) ;
#1546 = EDGE_CURVE ( 'NONE', #2093, #8241, #3487, .T. ) ;
#1547 = ORIENTED_EDGE ( 'NONE', *, *, #7077, .F. ) ;
#1548 = DIRECTION ( 'NONE',  ( 1.000000000000000000, 0.000000000000000000, 0.000000000000000000 ) ) ;
#1549 = ORIENTED_EDGE ( 'NONE', *, *, #5416, .F. ) ;
#1550 = CARTESIAN_POINT ( 'NONE',  ( -16.42115638659999632, -19.95985315700000129, 24.24188486419999933 ) ) ;
#1551 = CARTESIAN_POINT ( 'NONE',  ( 2.590736260729999962, -14.28366299870000056, 5.232158951760000676 ) ) ;
#1552 = B_SPLINE_CURVE_WITH_KNOTS ( 'NONE', 3,
 ( #7512, #5592, #4209, #3522, #6137, #2879, #7092, #2452, #8323, #1235, #5034, #1194, #8410, #4339 ),
 .UNSPECIFIED., .F., .F.,
 ( 4, 2, 2, 1, 1, 2, 2, 4 ),
 ( 0.000000000000000000, 0.2500000000000431322, 0.3750000000000555667, 0.4375000000000733857, 0.4687500000000741629, 0.4843750000000722200, 0.5000000000000702771, 1.000000000000000000 ),
 .UNSPECIFIED. ) ;
#1553 = CARTESIAN_POINT ( 'NONE',  ( 3.391430681640000167, -9.995833716850000883, 23.55182728329999975 ) ) ;
#1554 = CARTESIAN_POINT ( 'NONE',  ( 2.157722703700000189, -18.04190180590000026, 19.97365251209999926 ) ) ;
#1555 = CARTESIAN_POINT ( 'NONE',  ( 2.146753776690000226, -14.39737411740000006, 23.61818018690000187 ) ) ;
#1556 = CARTESIAN_POINT ( 'NONE',  ( -8.381136467950000224, -15.17506479459999902, 5.153492583080000244 ) ) ;
#1557 = CARTESIAN_POINT ( 'NONE',  ( -16.79442354773220814, 3.690230575741278329, 4.382397065007061165 ) ) ;
#1558 = CARTESIAN_POINT ( 'NONE',  ( -11.99488173388492207, -18.10225416022954548, 5.167959221688464666 ) ) ;
#1559 = CARTESIAN_POINT ( 'NONE',  ( -23.11954244687358084, -22.28479467089999844, 18.19533025271332605 ) ) ;
#1560 = CARTESIAN_POINT ( 'NONE',  ( -26.64380781629999717, 0.3652053299980000389, 22.19999802579999937 ) ) ;
#1561 = FACE_OUTER_BOUND ( 'NONE', #3770, .T. ) ;
#1562 = CARTESIAN_POINT ( 'NONE',  ( -18.21754501530000070, -19.04917338739999977, 24.00251217990000185 ) ) ;
#1563 = CARTESIAN_POINT ( 'NONE',  ( -12.48298845494684350, 0.2593446469922124908, 4.846105490412403682 ) ) ;
#1564 = CARTESIAN_POINT ( 'NONE',  ( -11.93404571700414962, 0.4012180657031415576, 23.43084480835246808 ) ) ;
#1565 = CARTESIAN_POINT ( 'NONE',  ( -24.75025501392644500, 3.621964342232092182, 4.898824220924420381 ) ) ;
#1566 = CIRCLE ( 'NONE', #81, 8.070000000300000309 ) ;
#1567 = ORIENTED_EDGE ( 'NONE', *, *, #6202, .F. ) ;
#1568 = VERTEX_POINT ( 'NONE', #7856 ) ;
#1569 = CARTESIAN_POINT ( 'NONE',  ( -17.34232733039999985, 3.942663591680000135, 24.08040722930000044 ) ) ;
#1570 = CARTESIAN_POINT ( 'NONE',  ( -25.03001654739999893, 3.318308089870000366, 4.786206561869999376 ) ) ;
#1571 = CARTESIAN_POINT ( 'NONE',  ( -24.75130030336688236, -21.25921785018547538, 23.76343527040298653 ) ) ;
#1572 = CARTESIAN_POINT ( 'NONE',  ( -6.919513108078639618, -18.48479467070000481, 17.61775755323020576 ) ) ;
#1573 = VECTOR ( 'NONE', #7163, 1000.000000000000114 ) ;
#1574 = DIRECTION ( 'NONE',  ( 6.123233995739999133E-17, 1.000000000000000000, 1.301554129509999901E-15 ) ) ;
#1575 = CARTESIAN_POINT ( 'NONE',  ( -5.848062862047312294, 2.605672700000952080, 9.428614098421412848 ) ) ;
#1576 = ORIENTED_EDGE ( 'NONE', *, *, #7714, .T. ) ;
#1577 = CARTESIAN_POINT ( 'NONE',  ( -18.19022784460000253, -18.99791458019999979, 24.00430222530000179 ) ) ;
#1578 = VECTOR ( 'NONE', #7140, 1000.000000000000000 ) ;
#1579 = CARTESIAN_POINT ( 'NONE',  ( -25.58978883322153308, -0.1644134503125215807, 5.345979042681536342 ) ) ;
#1580 = CARTESIAN_POINT ( 'NONE',  ( -25.08307620059999721, 3.317566918209999827, 23.76072964149999933 ) ) ;
#1581 = CARTESIAN_POINT ( 'NONE',  ( -18.91925172959708945, -18.48478960929309522, 4.609010538158608838 ) ) ;
#1582 = CARTESIAN_POINT ( 'NONE',  ( -4.813709875520000736, 7.215205329249999799, 15.80931746269999927 ) ) ;
#1583 = CARTESIAN_POINT ( 'NONE',  ( -16.84486689410000082, 2.243224003989999993, 4.341227799399999476 ) ) ;
#1584 = CARTESIAN_POINT ( 'NONE',  ( -6.299190330380000091, -18.33479467069999913, 19.26654497850000070 ) ) ;
#1585 = DIRECTION ( 'NONE',  ( 0.000000000000000000, 0.7071067811865474617, -0.7071067811865474617 ) ) ;
#1586 = CARTESIAN_POINT ( 'NONE',  ( 2.463939954720000269, -14.41807853470000111, 5.122781883589999197 ) ) ;
#1587 = AXIS2_PLACEMENT_3D ( 'NONE', #5861, #2427, #7192 ) ;
#1588 = VECTOR ( 'NONE', #3855, 1000.000000000000114 ) ;
#1589 = ORIENTED_EDGE ( 'NONE', *, *, #3941, .F. ) ;
#1590 = ORIENTED_EDGE ( 'NONE', *, *, #4991, .T. ) ;
#1591 = CARTESIAN_POINT ( 'NONE',  ( -14.76507131800000039, -20.17217398529999883, 14.29999802579999901 ) ) ;
#1592 = CARTESIAN_POINT ( 'NONE',  ( -24.89951445139999819, 3.413668928900000399, 4.713518092570000206 ) ) ;
#1593 = ORIENTED_EDGE ( 'NONE', *, *, #5831, .T. ) ;
#1594 = VECTOR ( 'NONE', #3200, 1000.000000000000114 ) ;
#1595 = CARTESIAN_POINT ( 'NONE',  ( 2.572246450620000235, -13.90898398689999915, 23.61937136679999938 ) ) ;
#1596 = CARTESIAN_POINT ( 'NONE',  ( -6.747686539359698088, -14.50844907400725603, 5.092891244572737008 ) ) ;
#1597 = CARTESIAN_POINT ( 'NONE',  ( 2.157726653690000163, -14.50844869719999863, 23.50710518380000380 ) ) ;
#1598 = CARTESIAN_POINT ( 'NONE',  ( -8.103935323660000023, -3.161140267469999987, 23.50710480700000105 ) ) ;
#1599 = EDGE_CURVE ( 'NONE', #119, #1362, #6606, .T. ) ;
#1600 = CARTESIAN_POINT ( 'NONE',  ( -17.62618139799999994, 1.818282182429999949, 4.444460604860000608 ) ) ;
#1601 = CARTESIAN_POINT ( 'NONE',  ( 2.186362437220000121, -18.33479426869999784, 9.333450046219999408 ) ) ;
#1602 = CARTESIAN_POINT ( 'NONE',  ( -28.12009656980000116, -21.17387622329999886, 8.294430178490001637 ) ) ;
#1603 = CARTESIAN_POINT ( 'NONE',  ( -27.42341927959143533, 0.1085233211052551300, 21.42038656250855055 ) ) ;
#1604 = CARTESIAN_POINT ( 'NONE',  ( -28.16123499659999752, -21.17243963649999827, 8.200067018739998659 ) ) ;
#1605 = CARTESIAN_POINT ( 'NONE',  ( -18.05812985817525274, 1.300334636654806530, 4.587274248122174214 ) ) ;
#1606 = ADVANCED_FACE ( 'NONE', ( #7213 ), #6571, .T. ) ;
#1607 = AXIS2_PLACEMENT_3D ( 'NONE', #7240, #5189, #1998 ) ;
#1608 = B_SPLINE_SURFACE_WITH_KNOTS ( 'NONE', 5, 5, ( 
 ( #3974, #7276, #4009, #71, #6662, #772 ),
 ( #7993, #6625, #5434, #2112, #2678, #1507 ),
 ( #4740, #7351, #3320, #811, #6059, #184 ),
 ( #2801, #5271, #2159, #4784, #3285, #5901 ),
 ( #34, #2639, #7875, #4869, #5476, #6881 ),
 ( #2200, #7474, #7521, #6748, #5076, #6231 ) ),
 .UNSPECIFIED., .F., .F., .F.,
 ( 6, 6 ),
 ( 6, 6 ),
 ( 1.490203517850000159, 1.786393081719999998 ),
 ( 0.000000000000000000, 0.4939587393159999840 ),
 .UNSPECIFIED. ) ;
#1609 = CARTESIAN_POINT ( 'NONE',  ( -25.50077266528192155, -17.35416850080551399, 5.256962874741899050 ) ) ;
#1610 = CARTESIAN_POINT ( 'NONE',  ( -23.77325475539999999, -21.32567128430000025, 19.67690772680000322 ) ) ;
#1611 = ORIENTED_EDGE ( 'NONE', *, *, #470, .F. ) ;
#1612 = ORIENTED_EDGE ( 'NONE', *, *, #5910, .T. ) ;
#1613 = ORIENTED_EDGE ( 'NONE', *, *, #2199, .T. ) ;
#1614 = CARTESIAN_POINT ( 'NONE',  ( -24.74697241979999873, -21.29166831420000250, 23.60705443660000213 ) ) ;
#1615 = CARTESIAN_POINT ( 'NONE',  ( -21.18893532500000276, 0.8152053292530000439, 19.95754445379999709 ) ) ;
#1616 = CARTESIAN_POINT ( 'NONE',  ( -17.44599261839999826, 3.720884894920000185, 24.12519082680000082 ) ) ;
#1617 = FACE_BOUND ( 'NONE', #521, .T. ) ;
#1618 = CARTESIAN_POINT ( 'NONE',  ( -21.17737317937711694, -21.40742076207921585, 4.809675599265124113 ) ) ;
#1619 = EDGE_CURVE ( 'NONE', #5354, #8132, #3084, .T. ) ;
#1620 = CARTESIAN_POINT ( 'NONE',  ( -6.883679348464668557, 2.600437768910008440, 7.815962337083237621 ) ) ;
#1621 = ORIENTED_EDGE ( 'NONE', *, *, #911, .T. ) ;
#1622 = ORIENTED_EDGE ( 'NONE', *, *, #3856, .F. ) ;
#1623 = ADVANCED_FACE ( 'NONE', ( #5329 ), #4675, .F. ) ;
#1624 = EDGE_CURVE ( 'NONE', #5424, #5546, #2742, .T. ) ;
#1625 = ORIENTED_EDGE ( 'NONE', *, *, #1954, .T. ) ;
#1626 = CARTESIAN_POINT ( 'NONE',  ( -18.97610574519999815, 1.006564606059999978, 4.491601277710000062 ) ) ;
#1627 = CARTESIAN_POINT ( 'NONE',  ( -25.39122325927492696, -0.5834034434855518425, 5.147413468734922226 ) ) ;
#1628 = CARTESIAN_POINT ( 'NONE',  ( -9.299187467430000353, -18.33479467069999913, 8.196635937370000846 ) ) ;
#1629 = CARTESIAN_POINT ( 'NONE',  ( -27.46803744788196866, -17.74014825398621298, 21.37576839421802077 ) ) ;
#1630 = CARTESIAN_POINT ( 'NONE',  ( 2.619375139120000195, 0.3840889511749999707, 19.38733447889999795 ) ) ;
#1631 = CARTESIAN_POINT ( 'NONE',  ( -14.76507131800000039, 7.215205329249999799, 14.29999802579999901 ) ) ;
#1632 = CARTESIAN_POINT ( 'NONE',  ( 2.403143503219999921, -15.21366047769999952, 5.798102627980000534 ) ) ;
#1633 = CARTESIAN_POINT ( 'NONE',  ( -16.71823458380000105, 2.020622120630000129, 4.432895014550000568 ) ) ;
#1634 = CARTESIAN_POINT ( 'NONE',  ( 2.263126621609999667, 0.3827209050659999834, 8.636752430440001405 ) ) ;
#1635 = APPLICATION_PROTOCOL_DEFINITION ( 'international standard', 'config_control_design', 1994, #2713 ) ;
#1636 = ORIENTED_EDGE ( 'NONE', *, *, #7877, .F. ) ;
#1637 = CARTESIAN_POINT ( 'NONE',  ( -22.52645327520000151, 3.399803961799999552, 23.98441390640000037 ) ) ;
#1638 = CARTESIAN_POINT ( 'NONE',  ( -17.09962027980000343, 3.837833434950000289, 4.451871698030000601 ) ) ;
#1639 = CARTESIAN_POINT ( 'NONE',  ( -17.19198614349999943, -21.73126207580000369, 24.07031334649999721 ) ) ;
#1640 = CARTESIAN_POINT ( 'NONE',  ( -24.75224713479999750, -21.18008588190000197, 4.730284701470000464 ) ) ;
#1641 = CARTESIAN_POINT ( 'NONE',  ( -8.140608781990000153, 0.6652053292599999779, 19.64525847619999865 ) ) ;
#1642 = EDGE_CURVE ( 'NONE', #6444, #3943, #1518, .T. ) ;
#1643 = CARTESIAN_POINT ( 'NONE',  ( 2.164633991410000124, -13.95713121039999827, 23.79999708249999912 ) ) ;
#1644 = CARTESIAN_POINT ( 'NONE',  ( -17.34351514900000168, 1.785799391230000088, 24.14181784559999855 ) ) ;
#1645 = CARTESIAN_POINT ( 'NONE',  ( -15.34974099770008138, -20.17740890980001467, 4.253973402524476199 ) ) ;
#1646 = EDGE_CURVE ( 'NONE', #6232, #5197, #131, .T. ) ;
#1647 = CARTESIAN_POINT ( 'NONE',  ( -17.44419889949999813, 3.637216917900000013, 4.441846092749999642 ) ) ;
#1648 = CARTESIAN_POINT ( 'NONE',  ( -14.31252020297876548, -22.28479467090000909, 23.50764974805117902 ) ) ;
#1649 = CARTESIAN_POINT ( 'NONE',  ( -27.69782679595515518, -1.705175895740590919, 7.454017005415154884 ) ) ;
#1650 = DIRECTION ( 'NONE',  ( 1.000000000000000000, 0.000000000000000000, 5.573877439680000181E-16 ) ) ;
#1651 = CARTESIAN_POINT ( 'NONE',  ( -7.250908519783845207, 0.3596998987591911168, 20.11231284525977969 ) ) ;
#1652 = CARTESIAN_POINT ( 'NONE',  ( -25.74567459590582885, -15.79440075578858149, 5.501864805365812572 ) ) ;
#1653 = CARTESIAN_POINT ( 'NONE',  ( -8.799187812509998707, 0.2775776169230000368, 21.01573240180000113 ) ) ;
#1654 = ORIENTED_EDGE ( 'NONE', *, *, #4369, .F. ) ;
#1655 = EDGE_CURVE ( 'NONE', #6777, #7432, #6812, .T. ) ;
#1656 = VERTEX_POINT ( 'NONE', #4848 ) ;
#1657 = CARTESIAN_POINT ( 'NONE',  ( -8.799189362029999018, -17.94716710659999848, 7.584265822269999902 ) ) ;
#1658 = EDGE_LOOP ( 'NONE', ( #7475, #6485, #7952, #512 ) ) ;
#1659 = CARTESIAN_POINT ( 'NONE',  ( -28.15427766439999857, 3.503093251699999744, 8.407104806430000465 ) ) ;
#1660 = B_SPLINE_CURVE_WITH_KNOTS ( 'NONE', 5,
 ( #5591, #4947, #7550, #1668, #6445, #1797 ),
 .UNSPECIFIED., .F., .F.,
 ( 6, 6 ),
 ( 0.000000000000000000, 20.54103180249999738 ),
 .UNSPECIFIED. ) ;
#1661 = CARTESIAN_POINT ( 'NONE',  ( -24.99462991986794336, -20.98872120303333588, 23.84917592221858484 ) ) ;
#1662 = CARTESIAN_POINT ( 'NONE',  ( -21.18893532415480863, -21.36937087532062662, 23.90122534286881972 ) ) ;
#1663 = CARTESIAN_POINT ( 'NONE',  ( -28.42858349220000136, -20.96529532359999948, 8.251012420089999466 ) ) ;
#1664 = CARTESIAN_POINT ( 'NONE',  ( -12.84683463049999830, -18.14895393609999985, 4.861683053270000165 ) ) ;
#1665 = CARTESIAN_POINT ( 'NONE',  ( -16.32950527910569960, -19.76894926293977406, 24.14403340470198245 ) ) ;
#1666 = ORIENTED_EDGE ( 'NONE', *, *, #7242, .F. ) ;
#1667 = ORIENTED_EDGE ( 'NONE', *, *, #4177, .T. ) ;
#1668 = CARTESIAN_POINT ( 'NONE',  ( -18.51758389800000160, 4.270718248759999724, 4.906300296040000397 ) ) ;
#1669 = ADVANCED_FACE ( 'NONE', ( #7452 ), #919, .T. ) ;
#1670 = CARTESIAN_POINT ( 'NONE',  ( -25.64468075525432766, -1.775118523227719569, 5.400870964714329148 ) ) ;
#1671 = CARTESIAN_POINT ( 'NONE',  ( 2.401678386349999972, 0.6339745960899999533, 9.273386808299999728 ) ) ;
#1672 = CARTESIAN_POINT ( 'NONE',  ( -18.91629058810043063, -18.48479405704184586, 4.609786139979116903 ) ) ;
#1673 = CARTESIAN_POINT ( 'NONE',  ( 2.270532554149999882, 0.6605258799180000473, 19.44375795140000207 ) ) ;
#1674 = CARTESIAN_POINT ( 'NONE',  ( -19.80462809505285193, -21.93832098232127947, 23.04676122178278774 ) ) ;
#1675 = CARTESIAN_POINT ( 'NONE',  ( -18.84962756859999899, 0.8187739213089999524, 4.578958888319999865 ) ) ;
#1676 = CARTESIAN_POINT ( 'NONE',  ( -15.35032645429999931, 2.388305748130000072, 4.243913873700000394 ) ) ;
#1677 = CARTESIAN_POINT ( 'NONE',  ( -23.18893532340000263, -15.43479467070000055, 22.19999802579999937 ) ) ;
#1678 = VERTEX_POINT ( 'NONE', #4761 ) ;
#1679 = CARTESIAN_POINT ( 'NONE',  ( -6.933964816190000491, -3.711167415979999884, 23.79999802580000079 ) ) ;
#1680 = ORIENTED_EDGE ( 'NONE', *, *, #8289, .T. ) ;
#1681 = B_SPLINE_CURVE_WITH_KNOTS ( 'NONE', 3,
 ( #3756, #532, #3161, #2470, #5777, #7745, #2593, #5184, #7790, #4576, #4531, #5097, #8294, #1254, #3890, #6507, #3115 ),
 .UNSPECIFIED., .F., .F.,
 ( 4, 2, 2, 2, 2, 1, 2, 2, 4 ),
 ( 0.000000000000000000, 0.1250000000000013045, 0.1875000000000023037, 0.2500000000000032752, 0.3750000000000052736, 0.4375000000000055511, 0.4687500000000065503, 0.5000000000000075495, 1.000000000000000000 ),
 .UNSPECIFIED. ) ;
#1682 = ORIENTED_EDGE ( 'NONE', *, *, #6382, .F. ) ;
#1683 = CARTESIAN_POINT ( 'NONE',  ( -17.16849349459999985, 3.590951323040000087, 24.17151799419999847 ) ) ;
#1684 = CARTESIAN_POINT ( 'NONE',  ( -17.21737637289999867, -21.61297163029999879, 24.18923870400000098 ) ) ;
#1685 = CARTESIAN_POINT ( 'NONE',  ( -18.66569390259999750, -18.49775472089999795, 4.720169737410000010 ) ) ;
#1686 = B_SPLINE_SURFACE_WITH_KNOTS ( 'NONE', 5, 5, ( 
 ( #2979, #5047, #7563, #6362, #479, #4349 ),
 ( #5730, #3748, #5603, #3793, #347, #7523 ),
 ( #8335, #8201, #1117, #3062, #2462, #1769 ),
 ( #4263, #6974, #4916, #1725, #4958, #7017 ),
 ( #6413, #1679, #6322, #1075, #6883, #433 ),
 ( #5088, #5685, #4304, #2377, #5000, #6924 ) ),
 .UNSPECIFIED., .F., .F., .F.,
 ( 6, 6 ),
 ( 6, 6 ),
 ( 9.884462147040000701, 12.92461227040000082 ),
 ( 0.000000000000000000, 0.8478732241349999921 ),
 .UNSPECIFIED. ) ;
#1687 = CARTESIAN_POINT ( 'NONE',  ( 2.359718277519999852, -3.541288086869999852, 4.869013072519999596 ) ) ;
#1688 = EDGE_CURVE ( 'NONE', #5122, #1759, #2866, .T. ) ;
#1689 = CARTESIAN_POINT ( 'NONE',  ( -18.70654314800000151, 0.8152059753220000093, 23.89999752439999980 ) ) ;
#1690 = CARTESIAN_POINT ( 'NONE',  ( 2.731295544119999974, -0.4907389168879999763, 20.48073423569999818 ) ) ;
#1691 = CARTESIAN_POINT ( 'NONE',  ( -16.98039664439999896, 2.043601543500000339, 24.22169425200000248 ) ) ;
#1692 = LINE ( 'NONE', #8087, #1175 ) ;
#1693 = CARTESIAN_POINT ( 'NONE',  ( -8.302487231200000650, 7.215205329249999799, 6.558393658159999973 ) ) ;
#1694 = DIRECTION ( 'NONE',  ( 1.000000000000000000, 0.000000000000000000, 0.000000000000000000 ) ) ;
#1695 = DIRECTION ( 'NONE',  ( 0.000000000000000000, -0.7071067811865480168, -0.7071067811865471286 ) ) ;
#1696 = CARTESIAN_POINT ( 'NONE',  ( -26.47637157029999599, -2.234794670746000023, 22.19999802579999937 ) ) ;
#1697 = DIRECTION ( 'NONE',  ( -7.539259186499998512E-17, -1.000000000000000000, -1.318038386730000079E-15 ) ) ;
#1698 = CARTESIAN_POINT ( 'NONE',  ( -26.13495359114507011, -17.93369572959927183, 5.891143800605039615 ) ) ;
#1699 = CARTESIAN_POINT ( 'NONE',  ( -6.886206722009999837, 0.5726469032680000515, 19.72970293559999888 ) ) ;
#1700 = EDGE_LOOP ( 'NONE', ( #873, #7454, #3124, #6329 ) ) ;
#1701 = VERTEX_POINT ( 'NONE', #2782 ) ;
#1702 = FACE_OUTER_BOUND ( 'NONE', #5633, .T. ) ;
#1703 = CARTESIAN_POINT ( 'NONE',  ( -28.29736120727303472, -20.87491095926420925, 20.54644463480157768 ) ) ;
#1704 = CARTESIAN_POINT ( 'NONE',  ( -17.75500818049999907, -19.31092509590000006, 24.00669367140000077 ) ) ;
#1705 = CARTESIAN_POINT ( 'NONE',  ( -25.39215482489565190, -16.37992384938601731, 23.45165101720432332 ) ) ;
#1706 = EDGE_CURVE ( 'NONE', #1317, #7432, #6757, .T. ) ;
#1707 = DIRECTION ( 'NONE',  ( 1.000000000000000000, 6.123233995739999133E-17, 6.123233995739999133E-17 ) ) ;
#1708 = VECTOR ( 'NONE', #997, 1000.000000000000000 ) ;
#1709 = CARTESIAN_POINT ( 'NONE',  ( -18.20717562329999595, -21.60827314649999664, 23.91314644720000260 ) ) ;
#1710 = ORIENTED_EDGE ( 'NONE', *, *, #4119, .F. ) ;
#1711 = CARTESIAN_POINT ( 'NONE',  ( -16.28279455753117588, -19.78642223547496926, 24.15204919359974767 ) ) ;
#1712 = ORIENTED_EDGE ( 'NONE', *, *, #7394, .F. ) ;
#1713 = B_SPLINE_CURVE_WITH_KNOTS ( 'NONE', 5,
 ( #7184, #722, #5973, #2587, #2717, #2542, #6583, #5174, #1984 ),
 .UNSPECIFIED., .F., .F.,
 ( 6, 3, 6 ),
 ( -4.634096905679999878, -2.907115682769999765, 0.000000000000000000 ),
 .UNSPECIFIED. ) ;
#1714 = CARTESIAN_POINT ( 'NONE',  ( 3.279200814099301198, -18.08103347609734968, 12.63027976769573613 ) ) ;
#1715 = CARTESIAN_POINT ( 'NONE',  ( -12.56065347590000059, 0.2651846153960000230, 4.800226524429999309 ) ) ;
#1716 = CARTESIAN_POINT ( 'NONE',  ( -7.617739615760000582, -18.33479467069999913, 9.205528500019999782 ) ) ;
#1717 = FACE_OUTER_BOUND ( 'NONE', #4212, .T. ) ;
#1718 = CIRCLE ( 'NONE', #210, 9.200000236430000200 ) ;
#1719 = CARTESIAN_POINT ( 'NONE',  ( -22.88944236227347773, -21.82522069240159723, 20.29835617898583422 ) ) ;
#1720 = CARTESIAN_POINT ( 'NONE',  ( -18.87670961330000097, 0.8563305360109999542, 4.535484444270000637 ) ) ;
#1721 = CARTESIAN_POINT ( 'NONE',  ( 3.291064675920000404, -8.834794670739999134, 14.29999802579999901 ) ) ;
#1722 = ADVANCED_FACE ( 'NONE', ( #7972 ), #5494, .F. ) ;
#1723 = CARTESIAN_POINT ( 'NONE',  ( 2.861125787853107116, 0.3930044713660714728, 10.09546523328729783 ) ) ;
#1724 = ORIENTED_EDGE ( 'NONE', *, *, #3336, .T. ) ;
#1725 = CARTESIAN_POINT ( 'NONE',  ( -7.473631354970000196, -3.282461724250000046, 23.70388166440000077 ) ) ;
#1726 = CARTESIAN_POINT ( 'NONE',  ( -25.38145506429999898, -21.26951169210000003, 14.80536342520000126 ) ) ;
#1727 = CARTESIAN_POINT ( 'NONE',  ( -21.98597609699999822, -21.38808443039999929, 22.21096423619999882 ) ) ;
#1728 = CARTESIAN_POINT ( 'NONE',  ( -19.01974152162659593, 0.8151929313958062862, 24.07734437145478168 ) ) ;
#1729 = CARTESIAN_POINT ( 'NONE',  ( 2.164633991410000124, -3.712458131080000001, 4.799998969029999785 ) ) ;
#1730 = CARTESIAN_POINT ( 'NONE',  ( -24.86018974279999938, -21.28771467820000041, 23.56982175319999939 ) ) ;
#1731 = AXIS2_PLACEMENT_3D ( 'NONE', #343, #5516, #5600 ) ;
#1732 = ORIENTED_EDGE ( 'NONE', *, *, #1285, .F. ) ;
#1733 = DIRECTION ( 'NONE',  ( 0.000000000000000000, -1.000000000000000000, 0.000000000000000000 ) ) ;
#1734 = EDGE_CURVE ( 'NONE', #6208, #7204, #6794, .T. ) ;
#1735 = CARTESIAN_POINT ( 'NONE',  ( -16.92775527170000061, 1.955603679840000053, 24.16818559190000215 ) ) ;
#1736 = CARTESIAN_POINT ( 'NONE',  ( -18.10133299579999999, -18.82657094559999678, 4.719834172579999709 ) ) ;
#1737 = ADVANCED_FACE ( 'NONE', ( #8135 ), #747, .T. ) ;
#1738 = CONICAL_SURFACE ( 'NONE', #2975, 8.500000000000007105, 1.047197551199999799 ) ;
#1739 = CARTESIAN_POINT ( 'NONE',  ( -15.02673496929999963, 7.215205329249999799, 4.238230196399999983 ) ) ;
#1740 = CARTESIAN_POINT ( 'NONE',  ( -18.53706734920000088, -21.98479596229999800, 5.038638222910000408 ) ) ;
#1741 = FACE_OUTER_BOUND ( 'NONE', #4686, .T. ) ;
#1742 = CARTESIAN_POINT ( 'NONE',  ( 2.200208231659999569, -13.75151726420000031, 4.799998025759999898 ) ) ;
#1743 = CARTESIAN_POINT ( 'NONE',  ( -16.44869585023361580, 2.408931637139324344, 24.32748586257782364 ) ) ;
#1744 = B_SPLINE_CURVE_WITH_KNOTS ( 'NONE', 3,
 ( #838, #2873, #253, #2099, #289, #5379 ),
 .UNSPECIFIED., .F., .F.,
 ( 4, 2, 4 ),
 ( 0.000000000000000000, 0.5000000000000000000, 1.000000000000000000 ),
 .UNSPECIFIED. ) ;
#1745 = VECTOR ( 'NONE', #5163, 1000.000000000000000 ) ;
#1746 = CARTESIAN_POINT ( 'NONE',  ( -25.81957817976499925, -17.74014825119834171, 5.575768389224972310 ) ) ;
#1747 = LINE ( 'NONE', #5108, #8169 ) ;
#1748 = ORIENTED_EDGE ( 'NONE', *, *, #2976, .F. ) ;
#1749 = VECTOR ( 'NONE', #3852, 1000.000000000000114 ) ;
#1750 = CARTESIAN_POINT ( 'NONE',  ( -15.34464111680000009, -19.96004209960000253, 24.25839448880000049 ) ) ;
#1751 = CARTESIAN_POINT ( 'NONE',  ( -23.97666440206260319, 4.116150124468726190, 10.12646476491811676 ) ) ;
#1752 = CARTESIAN_POINT ( 'NONE',  ( -18.20717562329999595, -21.60827314649999664, 23.91314644720000260 ) ) ;
#1753 = CARTESIAN_POINT ( 'NONE',  ( -25.74567458067998516, -17.67518856995570431, 23.09813126141998296 ) ) ;
#1754 = CARTESIAN_POINT ( 'NONE',  ( -28.26800209139999964, -21.13301217560000111, 8.177584385790000354 ) ) ;
#1755 = FACE_OUTER_BOUND ( 'NONE', #4478, .T. ) ;
#1756 = ORIENTED_EDGE ( 'NONE', *, *, #4925, .T. ) ;
#1757 = CARTESIAN_POINT ( 'NONE',  ( -15.35489398380000026, 2.506190426280000327, 4.165432754199999366 ) ) ;
#1758 = B_SPLINE_SURFACE_WITH_KNOTS ( 'NONE', 5, 5, ( 
 ( #1742, #7620, #493, #5869, #6558, #4538 ),
 ( #734, #696, #3249, #4052, #4702, #3895 ),
 ( #4016, #6631, #2730, #7281, #8000, #8491 ),
 ( #1261, #2080, #5987, #3408, #156, #7157 ),
 ( #3980, #3362, #3942, #4623, #7244, #6670 ),
 ( #7882, #779, #1345, #664, #2001, #6029 ),
 ( #3290, #5399, #6594, #5906, #2598, #2771 ),
 ( #6512, #3326, #39, #618, #5236, #7840 ),
 ( #1956, #121, #2645, #5947, #4581, #7199 ) ),
 .UNSPECIFIED., .F., .F., .F.,
 ( 6, 3, 6 ),
 ( 6, 6 ),
 ( 11.54314892030000017, 15.18556406999999986, 21.71726909310000053 ),
 ( 0.000000000000000000, 0.5542052427699999395 ),
 .UNSPECIFIED. ) ;
#1759 = VERTEX_POINT ( 'NONE', #2256 ) ;
#1760 = CARTESIAN_POINT ( 'NONE',  ( -12.84683463049999830, 0.4793645946189999951, 23.73831299829999963 ) ) ;
#1761 = CARTESIAN_POINT ( 'NONE',  ( -21.18893532420000270, -17.83479467160000098, 5.299998023790000623 ) ) ;
#1762 = CARTESIAN_POINT ( 'NONE',  ( 2.619374955300000085, 0.3840889467299999915, 9.212661159039999603 ) ) ;
#1763 = CARTESIAN_POINT ( 'NONE',  ( -27.42949100822688280, -17.77086668941853276, 21.41431483387310308 ) ) ;
#1764 = CARTESIAN_POINT ( 'NONE',  ( -14.76507131800000039, 2.388305734550000281, 14.29999802579999901 ) ) ;
#1765 = CARTESIAN_POINT ( 'NONE',  ( -23.63549369109999887, 4.128434089739999813, 19.14593185420000054 ) ) ;
#1766 = DIRECTION ( 'NONE',  ( -0.03062718972487910377, -0.9993908270190950960, 0.01673171000361832819 ) ) ;
#1767 = CARTESIAN_POINT ( 'NONE',  ( 3.279198068713901293, 0.4114496989149687423, 15.96969333423147930 ) ) ;
#1768 = ORIENTED_EDGE ( 'NONE', *, *, #4606, .F. ) ;
#1769 = CARTESIAN_POINT ( 'NONE',  ( -7.913951927690000332, -2.809486534529999968, 23.47513618449999839 ) ) ;
#1770 = ADVANCED_FACE ( 'NONE', ( #1484 ), #8095, .F. ) ;
#1771 = CARTESIAN_POINT ( 'NONE',  ( -23.18893532339999908, 0.2011276341145341040, 7.054702700242172497 ) ) ;
#1772 = CARTESIAN_POINT ( 'NONE',  ( -18.78655497369999949, -21.82354457789999813, 23.60989333910000099 ) ) ;
#1773 = CARTESIAN_POINT ( 'NONE',  ( -18.79840975640000167, -18.72035660430000448, 4.586001336489999858 ) ) ;
#1774 = DIRECTION ( 'NONE',  ( -1.000000000000000000, -6.123244133959999531E-17, -6.123226370390000178E-17 ) ) ;
#1775 = CARTESIAN_POINT ( 'NONE',  ( -20.05044077209999998, -21.45567481160000156, 4.681520753090000042 ) ) ;
#1776 = EDGE_CURVE ( 'NONE', #2451, #6077, #5131, .T. ) ;
#1777 = CARTESIAN_POINT ( 'NONE',  ( -17.01706757690000060, 3.273034806510000116, 4.403638999280000021 ) ) ;
#1778 = CARTESIAN_POINT ( 'NONE',  ( -17.18260823019999961, -19.38167941360000057, 4.592043390569999772 ) ) ;
#1779 = B_SPLINE_CURVE_WITH_KNOTS ( 'NONE', 5,
 ( #5596, #1719, #340, #6316, #1674, #4298 ),
 .UNSPECIFIED., .F., .F.,
 ( 6, 6 ),
 ( 0.000000000000000000, 1.000000000000000000 ),
 .UNSPECIFIED. ) ;
#1780 = CARTESIAN_POINT ( 'NONE',  ( -17.01561855190000117, -19.60112766079999602, 24.11453747080000198 ) ) ;
#1781 = CARTESIAN_POINT ( 'NONE',  ( 2.579766478580000300, -17.95912381180000139, 8.908249712499999973 ) ) ;
#1782 = CARTESIAN_POINT ( 'NONE',  ( -12.53335227645594685, -17.91946265068239086, 23.76538279462872083 ) ) ;
#1783 = CARTESIAN_POINT ( 'NONE',  ( -27.89546081920183696, -0.5799238893427145491, 7.651651028661841991 ) ) ;
#1784 = CARTESIAN_POINT ( 'NONE',  ( -18.21754501859999920, -19.04917258299999716, 24.00251220799999885 ) ) ;
#1785 = CARTESIAN_POINT ( 'NONE',  ( -16.25025321496122288, 2.474420469302301306, 24.35653128827049585 ) ) ;
#1786 = CARTESIAN_POINT ( 'NONE',  ( -26.08134067696256153, -15.56150898209449807, 5.837530886422541698 ) ) ;
#1787 = CARTESIAN_POINT ( 'NONE',  ( -8.961215295649999746, 0.5404422769119999748, 20.81728998379999851 ) ) ;
#1788 = ORIENTED_EDGE ( 'NONE', *, *, #1399, .T. ) ;
#1789 = CARTESIAN_POINT ( 'NONE',  ( 2.195611295119999529, -13.76812437470000106, 4.799998025759999898 ) ) ;
#1790 = CARTESIAN_POINT ( 'NONE',  ( 2.530919382080000002, -18.12788980530000060, 19.56989291430000222 ) ) ;
#1791 = CARTESIAN_POINT ( 'NONE',  ( -17.03207957769999936, 3.670586129090000149, 24.17457146830000170 ) ) ;
#1792 = CARTESIAN_POINT ( 'NONE',  ( -25.51949554544827947, -17.39355982623265007, 23.32431029665170286 ) ) ;
#1793 = CARTESIAN_POINT ( 'NONE',  ( -12.84683463049999830, -17.99187430339999594, 4.799998025759999898 ) ) ;
#1794 = CARTESIAN_POINT ( 'NONE',  ( -23.04713362589999903, 3.999480435909999798, 20.23166930740000069 ) ) ;
#1795 = CARTESIAN_POINT ( 'NONE',  ( -12.24979075049999899, -18.10102062250000188, 23.62009983609999964 ) ) ;
#1796 = ORIENTED_EDGE ( 'NONE', *, *, #2522, .T. ) ;
#1797 = CARTESIAN_POINT ( 'NONE',  ( -19.26638653539999879, 4.288545046190000321, 5.256070174059999545 ) ) ;
#1798 = ADVANCED_FACE ( 'NONE', ( #8198 ), #5868, .F. ) ;
#1799 = CARTESIAN_POINT ( 'NONE',  ( -19.40406915970000412, 3.808657263929999814, 4.944920351129999503 ) ) ;
#1800 = CARTESIAN_POINT ( 'NONE',  ( -6.299190267470001103, -18.30395222049999759, 9.019291785630001002 ) ) ;
#1801 = CARTESIAN_POINT ( 'NONE',  ( -8.092248427819999534, -18.30040224670000271, 19.95393565270000025 ) ) ;
#1802 = CARTESIAN_POINT ( 'NONE',  ( 2.753370385150714306, -0.9785397301860815356, 20.97004918120104833 ) ) ;
#1803 = CARTESIAN_POINT ( 'NONE',  ( -19.11270219940000104, 0.6287840152840000751, 4.591711962459999796 ) ) ;
#1804 = CARTESIAN_POINT ( 'NONE',  ( -17.02155018940000275, 3.694123752650000370, 24.17576981449999707 ) ) ;
#1805 = CARTESIAN_POINT ( 'NONE',  ( 3.232193955660176865, 0.4092498571316857126, 16.38757195334899919 ) ) ;
#1806 = EDGE_CURVE ( 'NONE', #4545, #4013, #4428, .T. ) ;
#1807 = ORIENTED_EDGE ( 'NONE', *, *, #422, .F. ) ;
#1808 = CARTESIAN_POINT ( 'NONE',  ( -19.17455824740000025, 0.7126679856710000927, 24.08505939870000034 ) ) ;
#1809 = CARTESIAN_POINT ( 'NONE',  ( -23.18893532339999553, 0.1047722243716326107, 7.198908761727392580 ) ) ;
#1810 = CARTESIAN_POINT ( 'NONE',  ( -8.961216704870000882, -15.35208458269999987, 23.67523515050000071 ) ) ;
#1811 = CARTESIAN_POINT ( 'NONE',  ( -8.103935323660000023, -3.161141652440000005, 5.092889859610000514 ) ) ;
#1812 = CARTESIAN_POINT ( 'NONE',  ( -25.20359623479999911, -20.97553979599999963, 5.384050512950000034 ) ) ;
#1813 = CARTESIAN_POINT ( 'NONE',  ( -16.93062569940000017, 2.811914040830000072, 24.22182454689999886 ) ) ;
#1814 = B_SPLINE_CURVE_WITH_KNOTS ( 'NONE', 3,
 ( #2064, #7981, #1939, #4563, #4685, #4000, #6614, #4602, #7303, #1409, #7180, #3920, #7222, #3965, #6580, #61, #930, #6736, #7420, #1534, #6870, #970, #2267, #4813, #7337, #6824, #255, #6776, #5587, #8066, #840, #3562, #6174, #4250, #2791, #3601, #2876, #4079, #883, #292, #3473, #6217, #7506, #7379, #331, #4900, #4161, #1448, #2916, #5503, #3516, #8187, #2186, #4772 ),
 .UNSPECIFIED., .F., .F.,
 ( 4, 1, 1, 2, 2, 1, 1, 1, 2, 2, 1, 1, 1, 2, 2, 2, 2, 2, 1, 2, 2, 1, 1, 2, 2, 1, 1, 1, 2, 2, 1, 1, 2, 2, 4 ),
 ( 0.000000000000000000, 0.06250000000001400269, 0.09375000000002162159, 0.1093750000000256045, 0.1250000000000295874, 0.1875000000000443812, 0.2187500000000504874, 0.2343750000000522082, 0.2421875000000530687, 0.2500000000000539013, 0.3125000000000525135, 0.3437500000000515143, 0.3593750000000515143, 0.3671875000000501821, 0.3750000000000487943, 0.4062500000000478506, 0.4375000000000468514, 0.5000000000000466294, 0.5312500000000476286, 0.5468750000000471845, 0.5625000000000466294, 0.5937500000000469624, 0.6093750000000477396, 0.6171875000000477396, 0.6250000000000478506, 0.6875000000000472955, 0.7187500000000465183, 0.7343750000000454081, 0.7421875000000449640, 0.7500000000000444089, 0.8125000000000380806, 0.8437500000000344169, 0.8593750000000324185, 0.8750000000000305311, 1.000000000000000000 ),
 .UNSPECIFIED. ) ;
#1815 = CARTESIAN_POINT ( 'NONE',  ( -17.83537950780000259, 1.699302407690000072, 4.451766239730000407 ) ) ;
#1816 = EDGE_CURVE ( 'NONE', #7453, #5169, #5536, .T. ) ;
#1817 = CARTESIAN_POINT ( 'NONE',  ( -24.81849203839999873, 3.935244295719999563, 11.47484220690000001 ) ) ;
#1818 = EDGE_LOOP ( 'NONE', ( #6410, #8105, #6401, #3958 ) ) ;
#1819 = CARTESIAN_POINT ( 'NONE',  ( -24.71643276109999832, 7.215205329249999799, 12.79067858729999863 ) ) ;
#1820 = DIRECTION ( 'NONE',  ( 1.000000000000000000, 3.456506192379999740E-17, 3.456506192379999740E-17 ) ) ;
#1821 = CARTESIAN_POINT ( 'NONE',  ( -27.80190717523212030, -0.3440811288707611992, 7.558097384692117338 ) ) ;
#1822 = CARTESIAN_POINT ( 'NONE',  ( -19.16813409119999889, -18.48479467079999949, 24.02222071899999989 ) ) ;
#1823 = CARTESIAN_POINT ( 'NONE',  ( -16.28741962785284159, 2.463240313428446626, 24.35141018662725543 ) ) ;
#1824 = CARTESIAN_POINT ( 'NONE',  ( -16.98490363889999699, -19.55289259490000120, 4.505554090310000426 ) ) ;
#1825 = CARTESIAN_POINT ( 'NONE',  ( 2.368528936430000176, -14.46760887530000161, 23.50790002000000456 ) ) ;
#1826 = EDGE_CURVE ( 'NONE', #6172, #8231, #2461, .T. ) ;
#1827 = B_SPLINE_CURVE_WITH_KNOTS ( 'NONE', 3,
 ( #7458, #4683, #7299, #1407 ),
 .UNSPECIFIED., .F., .F.,
 ( 4, 4 ),
 ( 0.000000000000000000, 1.000000000000000000 ),
 .UNSPECIFIED. ) ;
#1828 = ORIENTED_EDGE ( 'NONE', *, *, #4441, .T. ) ;
#1829 = CARTESIAN_POINT ( 'NONE',  ( -24.76191280940000183, -21.46089650089999878, 16.47974270899999993 ) ) ;
#1830 = CARTESIAN_POINT ( 'NONE',  ( 2.472063706809999761, 0.5645928041400000152, 19.46997605520000008 ) ) ;
#1831 = CARTESIAN_POINT ( 'NONE',  ( 2.248344580519999969, -18.23923699030000023, 19.73111022530000014 ) ) ;
#1832 = CARTESIAN_POINT ( 'NONE',  ( -25.43918557536097680, -0.4435207078572674932, 23.40462026673901619 ) ) ;
#1833 = CARTESIAN_POINT ( 'NONE',  ( -15.34974630029999965, -20.12505013089999650, 4.253882291160000051 ) ) ;
#1834 = CARTESIAN_POINT ( 'NONE',  ( 2.263125862839999947, 0.3827211192589999866, 19.96324365339999929 ) ) ;
#1835 = CYLINDRICAL_SURFACE ( 'NONE', #5985, 1.000000000000000000 ) ;
#1836 = DIRECTION ( 'NONE',  ( 0.000000000000000000, -1.273245055979999964E-15, 1.000000000000000000 ) ) ;
#1837 = PERSON_AND_ORGANIZATION ( #18446744073709551615, #18446744073709551615 ) ;
#1838 = EDGE_LOOP ( 'NONE', ( #961, #1157, #3092, #4625 ) ) ;
#1839 = CARTESIAN_POINT ( 'NONE',  ( -14.27121460309999890, -18.48479404189999897, 22.78563853529999861 ) ) ;
#1840 = DIRECTION ( 'NONE',  ( 0.8775825618903722036, 0.000000000000000000, -0.4794255386042040601 ) ) ;
#1841 = CARTESIAN_POINT ( 'NONE',  ( 2.355878977160000165, 0.4658878504930000219, 8.764946036219999570 ) ) ;
#1842 = CARTESIAN_POINT ( 'NONE',  ( -7.397984512370000765, -18.03124112209999907, 20.09091556859999628 ) ) ;
#1843 = CARTESIAN_POINT ( 'NONE',  ( 2.498070397209999793, -13.88829334569999929, 23.70618881560000091 ) ) ;
#1844 = CARTESIAN_POINT ( 'NONE',  ( -18.04963507639999776, 1.395056632560000009, 4.500276981739999016 ) ) ;
#1845 = CARTESIAN_POINT ( 'NONE',  ( -18.70344052065848928, -21.50271310317057072, 23.91683268513083860 ) ) ;
#1846 = B_SPLINE_CURVE_WITH_KNOTS ( 'NONE', 4,
 ( #6557, #5822, #6511, #3248, #2683 ),
 .UNSPECIFIED., .F., .F.,
 ( 5, 5 ),
 ( -3.699762161740000277, 0.000000000000000000 ),
 .UNSPECIFIED. ) ;
#1847 = CARTESIAN_POINT ( 'NONE',  ( 3.279223512648384631, 0.4114542356516541211, 12.63084958248592216 ) ) ;
#1848 = ORIENTED_EDGE ( 'NONE', *, *, #4592, .T. ) ;
#1849 = CARTESIAN_POINT ( 'NONE',  ( -17.31950493509999944, 1.746349689250000115, 4.492674383659999826 ) ) ;
#1850 = VECTOR ( 'NONE', #6081, 1000.000000000000000 ) ;
#1851 = CARTESIAN_POINT ( 'NONE',  ( -16.64159522609999797, 3.617356501659999779, 4.349760859949999947 ) ) ;
#1852 = CARTESIAN_POINT ( 'NONE',  ( -8.236889712129999097, -14.18495464979999987, 23.79999802580000079 ) ) ;
#1853 = DIRECTION ( 'NONE',  ( 6.123233995739999133E-17, 1.000000000000000000, 1.301554129509999901E-15 ) ) ;
#1854 = CARTESIAN_POINT ( 'NONE',  ( 2.401678578829999910, -3.808184400120000035, 4.831228748070000911 ) ) ;
#1855 = DIRECTION ( 'NONE',  ( 1.000000000000000000, 6.123234141949999964E-17, 6.123226370390000178E-17 ) ) ;
#1856 = CARTESIAN_POINT ( 'NONE',  ( -15.25892806939999957, -18.48479467049999769, 5.814356888799999012 ) ) ;
#1857 = VECTOR ( 'NONE', #2535, 1000.000000000000000 ) ;
#1858 = CARTESIAN_POINT ( 'NONE',  ( -25.52900776439999930, 3.594769696740000242, 14.80495430649999911 ) ) ;
#1859 = ORIENTED_EDGE ( 'NONE', *, *, #4868, .F. ) ;
#1860 = B_SPLINE_CURVE_WITH_KNOTS ( 'NONE', 3,
 ( #444, #2472, #5569, #4272, #6852, #7028, #1127, #489, #5742, #4233, #3117, #314, #5011 ),
 .UNSPECIFIED., .F., .F.,
 ( 4, 2, 2, 1, 2, 2, 4 ),
 ( 0.000000000000000000, 0.2499999999999985567, 0.3749999999999928391, 0.4374999999999935607, 0.4687499999999908407, 0.4999999999999881761, 1.000000000000000000 ),
 .UNSPECIFIED. ) ;
#1861 = FACE_OUTER_BOUND ( 'NONE', #3168, .T. ) ;
#1862 = CARTESIAN_POINT ( 'NONE',  ( -8.103935323660000023, -14.50844907419999963, 23.50710480670000280 ) ) ;
#1863 = AXIS2_PLACEMENT_3D ( 'NONE', #2731, #5319, #2120 ) ;
#1864 = CARTESIAN_POINT ( 'NONE',  ( -27.09624262974571351, -2.153661237812235285, 6.852432839205707005 ) ) ;
#1865 = CARTESIAN_POINT ( 'NONE',  ( -18.41531843250000122, -18.94390256610000023, 24.00618831799999953 ) ) ;
#1866 = CARTESIAN_POINT ( 'NONE',  ( -28.44380813846981937, -20.87354721606666885, 20.32379011809917557 ) ) ;
#1867 = ORIENTED_EDGE ( 'NONE', *, *, #5505, .F. ) ;
#1868 = EDGE_CURVE ( 'NONE', #6795, #3593, #796, .T. ) ;
#1869 = CARTESIAN_POINT ( 'NONE',  ( -16.92974463790000073, -19.48158206819999805, 4.580521759290000716 ) ) ;
#1870 = LOCAL_TIME ( 18, 50, 2.000000000000000000, #5558 ) ;
#1871 = VECTOR ( 'NONE', #1855, 1000.000000000000000 ) ;
#1872 = CARTESIAN_POINT ( 'NONE',  ( -6.299189362029999906, 0.4833841839009999641, 8.737415695949998451 ) ) ;
#1873 = CARTESIAN_POINT ( 'NONE',  ( -7.523871035370000016, -18.33479467069999913, 19.41597472909999667 ) ) ;
#1874 = EDGE_CURVE ( 'NONE', #1323, #2860, #2656, .T. ) ;
#1875 = CARTESIAN_POINT ( 'NONE',  ( -15.45841925100129366, -22.28479467090000554, 23.47460978357801409 ) ) ;
#1876 = CARTESIAN_POINT ( 'NONE',  ( -18.68179417449999846, -18.48479467069999771, 23.87997518799999952 ) ) ;
#1877 = CARTESIAN_POINT ( 'NONE',  ( -16.90038896379999755, 3.652071135329999940, 4.399855290659999696 ) ) ;
#1878 = VECTOR ( 'NONE', #3043, 1000.000000000000000 ) ;
#1879 = SHELL_BASED_SURFACE_MODEL ( 'NONE', ( #5958 ) );
#1880 = ADVANCED_FACE ( 'NONE', ( #342 ), #2972, .F. ) ;
#1881 = FACE_OUTER_BOUND ( 'NONE', #3192, .T. ) ;
#1882 = CARTESIAN_POINT ( 'NONE',  ( -19.28832971519999973, 3.986824608159999617, 5.190634127150000054 ) ) ;
#1883 = CARTESIAN_POINT ( 'NONE',  ( -12.53335227636259219, 0.6305900980578560411, 23.38466600575103627 ) ) ;
#1884 = B_SPLINE_CURVE_WITH_KNOTS ( 'NONE', 5,
 ( #6610, #4643, #3343, #5335, #2706, #7937 ),
 .UNSPECIFIED., .F., .F.,
 ( 6, 6 ),
 ( -0.5733544275830000370, 0.000000000000000000 ),
 .UNSPECIFIED. ) ;
#1885 = CARTESIAN_POINT ( 'NONE',  ( -24.88141397949999956, -21.28697351150000117, 23.54859757140000198 ) ) ;
#1886 = ORIENTED_EDGE ( 'NONE', *, *, #2891, .T. ) ;
#1887 = VECTOR ( 'NONE', #5529, 1000.000000000000114 ) ;
#1888 = ORIENTED_EDGE ( 'NONE', *, *, #665, .T. ) ;
#1889 = CARTESIAN_POINT ( 'NONE',  ( 2.454877745629999719, -14.12102520439999864, 4.927785022130001025 ) ) ;
#1890 = ORIENTED_EDGE ( 'NONE', *, *, #698, .F. ) ;
#1891 = CARTESIAN_POINT ( 'NONE',  ( -11.98279315900000164, 0.4202724364200000617, 5.126393889660000092 ) ) ;
#1892 = CARTESIAN_POINT ( 'NONE',  ( -8.703035872400000983, -18.33479448739999995, 20.14086757119999760 ) ) ;
#1893 = CARTESIAN_POINT ( 'NONE',  ( 2.294020508030000016, -13.83137380470000011, 23.79999761459999874 ) ) ;
#1894 = CARTESIAN_POINT ( 'NONE',  ( 2.753369467294791928, -16.61742338220474124, 21.04365298282534624 ) ) ;
#1895 = LINE ( 'NONE', #4645, #8297 ) ;
#1896 = ORIENTED_EDGE ( 'NONE', *, *, #2264, .F. ) ;
#1897 = CARTESIAN_POINT ( 'NONE',  ( -8.799188592610001081, -2.119061510389999903, 5.187625723280000933 ) ) ;
#1898 = EDGE_CURVE ( 'NONE', #3422, #6444, #6318, .T. ) ;
#1899 = ORIENTED_EDGE ( 'NONE', *, *, #5460, .F. ) ;
#1900 = CARTESIAN_POINT ( 'NONE',  ( 2.764220373702158895, -15.80129312381226292, 6.739556719902759063 ) ) ;
#1901 = ORIENTED_EDGE ( 'NONE', *, *, #8417, .F. ) ;
#1902 = CARTESIAN_POINT ( 'NONE',  ( 2.511794079760000020, -3.831826216350000092, 23.70638067630000023 ) ) ;
#1903 = CARTESIAN_POINT ( 'NONE',  ( -8.703086582990000153, -14.67570205880000067, 23.79999794329999929 ) ) ;
#1904 = DIRECTION ( 'NONE',  ( 0.000000000000000000, 0.000000000000000000, 1.000000000000000000 ) ) ;
#1905 = CARTESIAN_POINT ( 'NONE',  ( -28.19358486160000155, 3.501720614430000378, 8.232745788479999050 ) ) ;
#1906 = B_SPLINE_CURVE_WITH_KNOTS ( 'NONE', 5,
 ( #8163, #2292, #7479, #1472, #189, #1513 ),
 .UNSPECIFIED., .F., .F.,
 ( 6, 6 ),
 ( -0.2859461934510000303, 0.000000000000000000 ),
 .UNSPECIFIED. ) ;
#1907 = CARTESIAN_POINT ( 'NONE',  ( -17.12365614750000020, 0.8152074426219999559, 22.90684820470000105 ) ) ;
#1908 = CARTESIAN_POINT ( 'NONE',  ( -16.17631618009999883, -18.48479539140000227, 5.867747336949999948 ) ) ;
#1909 = CARTESIAN_POINT ( 'NONE',  ( -25.37662053189999867, 3.600091175229999774, 14.79779723129999880 ) ) ;
#1910 = ORIENTED_EDGE ( 'NONE', *, *, #8430, .F. ) ;
#1911 = CARTESIAN_POINT ( 'NONE',  ( -18.20948381710000064, -21.03987615529999999, 4.667000744059999207 ) ) ;
#1912 = CARTESIAN_POINT ( 'NONE',  ( -15.54943204090000108, 5.406541474239999978, 0.8228032784719999659 ) ) ;
#1913 = CARTESIAN_POINT ( 'NONE',  ( -18.60880281169999861, -18.83392292690000147, 4.589967159859999590 ) ) ;
#1914 = CARTESIAN_POINT ( 'NONE',  ( -18.91882693559999851, -18.49870662829999901, 24.00580679730000000 ) ) ;
#1915 = CARTESIAN_POINT ( 'NONE',  ( -16.05040260001602093, 2.527872657838468040, 24.38211207097381106 ) ) ;
#1916 = ORIENTED_EDGE ( 'NONE', *, *, #7300, .T. ) ;
#1917 = CARTESIAN_POINT ( 'NONE',  ( -28.15120123340000191, 3.503200683040000207, 8.369519826070000335 ) ) ;
#1918 = CARTESIAN_POINT ( 'NONE',  ( 3.791064675920000404, -8.834794670750000023, 14.29999802579999901 ) ) ;
#1919 = ORIENTED_EDGE ( 'NONE', *, *, #8342, .F. ) ;
#1920 = CARTESIAN_POINT ( 'NONE',  ( -24.76128548140000163, -21.75659416830000126, 11.30367585149999954 ) ) ;
#1921 = ORIENTED_EDGE ( 'NONE', *, *, #2539, .T. ) ;
#1922 = CARTESIAN_POINT ( 'NONE',  ( 2.572245890749999653, 0.4845783459500000445, 19.37418786069999754 ) ) ;
#1923 = CARTESIAN_POINT ( 'NONE',  ( 2.146752624699999945, -18.15298702460000158, 19.86256785489999999 ) ) ;
#1924 = CARTESIAN_POINT ( 'NONE',  ( -8.799189175469999569, 0.2775777437770000078, 7.584265767529999813 ) ) ;
#1925 = CYLINDRICAL_SURFACE ( 'NONE', #2554, 8.070000000000000284 ) ;
#1926 = EDGE_CURVE ( 'NONE', #2396, #63, #697, .T. ) ;
#1927 = CARTESIAN_POINT ( 'NONE',  ( -17.38202906007000337, -21.90140265159942246, 4.629416365330664362 ) ) ;
#1928 = EDGE_LOOP ( 'NONE', ( #5119, #1612, #8377, #5212 ) ) ;
#1929 = CARTESIAN_POINT ( 'NONE',  ( 2.164633821540000280, 0.6652040860649999221, 9.177660354069999471 ) ) ;
#1930 = SHAPE_DEFINITION_REPRESENTATION ( #6204, #8034 ) ;
#1931 = EDGE_LOOP ( 'NONE', ( #5795, #7355, #1283, #2636 ) ) ;
#1932 = CARTESIAN_POINT ( 'NONE',  ( 2.294020319879999992, -13.83137494380000021, 4.799998434759999100 ) ) ;
#1933 = CARTESIAN_POINT ( 'NONE',  ( -18.05719319200000328, 4.080177147800000625, 23.86320640339999954 ) ) ;
#1934 = CARTESIAN_POINT ( 'NONE',  ( -6.933748298299999391, -18.33479446700000182, 19.42362898240000035 ) ) ;
#1935 = CARTESIAN_POINT ( 'NONE',  ( 2.368528936430000176, -14.46760887530000161, 23.50790002000000456 ) ) ;
#1936 = DIRECTION ( 'NONE',  ( -0.7745970382082731920, 0.000000000000000000, 0.6324550801432232694 ) ) ;
#1937 = FACE_OUTER_BOUND ( 'NONE', #7626, .T. ) ;
#1938 = CARTESIAN_POINT ( 'NONE',  ( -8.519962026620000017, -2.708909684250000005, 4.912929540420000407 ) ) ;
#1939 = CARTESIAN_POINT ( 'NONE',  ( -26.82842945517110422, -15.44413510383565047, 6.584619664631079949 ) ) ;
#1940 = EDGE_LOOP ( 'NONE', ( #368, #3924, #4035, #763, #7338, #2671, #1748, #3474, #4207, #8418 ) ) ;
#1941 = CARTESIAN_POINT ( 'NONE',  ( 2.694754423407329735, -14.89931923492502541, 5.841732641339084431 ) ) ;
#1942 = CARTESIAN_POINT ( 'NONE',  ( 2.586002758049999795, -3.811285516609999924, 23.61972501360000010 ) ) ;
#1943 = CARTESIAN_POINT ( 'NONE',  ( -6.299189362029999906, -14.50844907399999961, 23.50710480690000281 ) ) ;
#1944 = CARTESIAN_POINT ( 'NONE',  ( -7.650048136050251024, -2.871936913726054641, 23.48082975811544770 ) ) ;
#1945 = CARTESIAN_POINT ( 'NONE',  ( -16.11153769562049121, 2.512674398921263208, 4.225351188607110231 ) ) ;
#1946 = CARTESIAN_POINT ( 'NONE',  ( -11.73446219480000074, 0.2775777649560000060, 23.41237046150000012 ) ) ;
#1947 = CARTESIAN_POINT ( 'NONE',  ( -8.786369392751110396, 0.8152053292530069273, 8.232423125270074138 ) ) ;
#1948 = EDGE_CURVE ( 'NONE', #2722, #1332, #4604, .T. ) ;
#1949 = CARTESIAN_POINT ( 'NONE',  ( -21.18893532420000270, -18.73479467039999946, 7.899998025009999481 ) ) ;
#1950 = ORIENTED_EDGE ( 'NONE', *, *, #2147, .T. ) ;
#1951 = EDGE_CURVE ( 'NONE', #8243, #4365, #3581, .T. ) ;
#1952 = CARTESIAN_POINT ( 'NONE',  ( -17.75645232220000125, -19.04777388520000159, 4.584138778459999841 ) ) ;
#1953 = CARTESIAN_POINT ( 'NONE',  ( -17.92290691680000236, 3.771423865850000112, 4.537406065099999886 ) ) ;
#1954 = EDGE_CURVE ( 'NONE', #6454, #8272, #7775, .T. ) ;
#1955 = FACE_OUTER_BOUND ( 'NONE', #2682, .T. ) ;
#1956 = CARTESIAN_POINT ( 'NONE',  ( 2.186363004230000406, -3.868247048659999798, 4.799998025759999898 ) ) ;
#1957 = CARTESIAN_POINT ( 'NONE',  ( -16.76759867890000066, 2.093081044299999860, 4.360496759739999284 ) ) ;
#1958 = B_SPLINE_CURVE_WITH_KNOTS ( 'NONE', 3,
 ( #8425, #1248, #1288, #7061, #5772, #570, #6502, #4435, #6544, #1944, #527, #30, #3796 ),
 .UNSPECIFIED., .F., .F.,
 ( 4, 2, 1, 1, 1, 2, 2, 4 ),
 ( 0.000000000000000000, 0.2500000000000018874, 0.3750000000000027200, 0.4375000000000021649, 0.4687500000000019429, 0.4843750000000017208, 0.5000000000000014433, 1.000000000000000000 ),
 .UNSPECIFIED. ) ;
#1959 = CARTESIAN_POINT ( 'NONE',  ( -6.299189361209999838, -14.50844907419999963, 23.50710480670000280 ) ) ;
#1960 = CARTESIAN_POINT ( 'NONE',  ( -9.299187562489999337, -14.93815546519999948, 4.799998025759999898 ) ) ;
#1961 = ORIENTED_EDGE ( 'NONE', *, *, #6961, .F. ) ;
#1962 = CARTESIAN_POINT ( 'NONE',  ( -17.21737513119999718, -21.61297167229999872, 4.410757042770000247 ) ) ;
#1963 = CARTESIAN_POINT ( 'NONE',  ( -15.35542634199597245, 2.605672699272239878, 24.44371047292248988 ) ) ;
#1964 = CARTESIAN_POINT ( 'NONE',  ( -25.08307620059999721, -20.98715626259999922, 23.76072964149999933 ) ) ;
#1965 = CARTESIAN_POINT ( 'NONE',  ( -9.068535569949258246, -15.22064635003121325, 23.75843466240265300 ) ) ;
#1966 = CARTESIAN_POINT ( 'NONE',  ( -19.18715210759999934, 3.893538643179999870, 5.028784869469999919 ) ) ;
#1967 = EDGE_CURVE ( 'NONE', #7301, #3684, #7269, .T. ) ;
#1968 = EDGE_CURVE ( 'NONE', #7004, #7057, #7264, .T. ) ;
#1969 = CARTESIAN_POINT ( 'NONE',  ( -28.14731671470000407, 3.503336333420000059, 20.24932321210000197 ) ) ;
#1970 = CARTESIAN_POINT ( 'NONE',  ( -12.84683463049999830, -18.14895393609999985, 23.73831299829999963 ) ) ;
#1971 = ORIENTED_EDGE ( 'NONE', *, *, #6295, .T. ) ;
#1972 = ORIENTED_EDGE ( 'NONE', *, *, #2354, .T. ) ;
#1973 = CARTESIAN_POINT ( 'NONE',  ( -18.10133334920000081, -18.82657069960000129, 23.88016286000000221 ) ) ;
#1974 = CARTESIAN_POINT ( 'NONE',  ( -8.519961088409999661, -18.22186239799999896, 20.42589201549999700 ) ) ;
#1975 = EDGE_CURVE ( 'NONE', #6732, #2119, #3309, .T. ) ;
#1976 = CARTESIAN_POINT ( 'NONE',  ( -18.91931159976430621, 0.8151150721928435150, 4.553875126813836438 ) ) ;
#1977 = CARTESIAN_POINT ( 'NONE',  ( 2.646464695469380235, -14.59233709679048197, 23.06235405273825023 ) ) ;
#1978 = DIRECTION ( 'NONE',  ( 0.04108346563379468297, 0.7071067811868653186, -0.7059122812723032103 ) ) ;
#1979 = EDGE_LOOP ( 'NONE', ( #1682, #6993, #4232, #3878, #6816 ) ) ;
#1980 = CARTESIAN_POINT ( 'NONE',  ( -8.237351057350000616, -3.484237953690000111, 4.799998025759999898 ) ) ;
#1981 = CARTESIAN_POINT ( 'NONE',  ( -24.88141401470000247, -21.28697351019999928, 5.051398444380000186 ) ) ;
#1982 = VERTEX_POINT ( 'NONE', #5929 ) ;
#1983 = CARTESIAN_POINT ( 'NONE',  ( -18.28846285950000095, 1.156559422930000025, 23.99953370299999733 ) ) ;
#1984 = CARTESIAN_POINT ( 'NONE',  ( -6.299189361799999887, -13.80134229219999931, 4.799998025759999898 ) ) ;
#1985 = DIRECTION ( 'NONE',  ( 0.000000000000000000, 1.000000000000000000, 1.315056132120000003E-15 ) ) ;
#1986 = ADVANCED_FACE ( 'NONE', ( #1368, #2709 ), #600, .T. ) ;
#1987 = PLANE ( 'NONE',  #2265 ) ;
#1988 = CARTESIAN_POINT ( 'NONE',  ( -28.09569898885558459, -21.17472820561279789, 20.33431263338496464 ) ) ;
#1989 = CARTESIAN_POINT ( 'NONE',  ( 2.186362437220000121, -18.33479426869999784, 9.333450046219999408 ) ) ;
#1990 = ORIENTED_EDGE ( 'NONE', *, *, #6698, .F. ) ;
#1991 = CARTESIAN_POINT ( 'NONE',  ( -7.717490176746698793, 0.8152053292530052619, 9.515450947217775735 ) ) ;
#1992 = B_SPLINE_CURVE_WITH_KNOTS ( 'NONE', 5,
 ( #6780, #3477, #3393, #5550, #6092, #8023, #2755, #3523, #217 ),
 .UNSPECIFIED., .F., .F.,
 ( 6, 3, 6 ),
 ( -0.2116568044140000049, -0.1692077731019999975, 0.000000000000000000 ),
 .UNSPECIFIED. ) ;
#1993 = CARTESIAN_POINT ( 'NONE',  ( -23.93299626760000010, -21.32009298779999895, 9.199596050750001197 ) ) ;
#1994 = B_SPLINE_CURVE_WITH_KNOTS ( 'NONE', 3,
 ( #3652, #2232, #4950, #4341, #7514, #2324, #7553, #5036, #4296, #6268, #1763, #385, #1629, #469, #3011, #4255, #8235, #2276, #6875, #2368, #6965, #7642, #4211, #7009, #1067, #1111, #2410, #977, #3741, #3609, #6832, #5511, #8109, #4862, #297, #936, #6223, #7465, #3567, #6179, #2577, #3141, #5216, #7728, #6531, #639, #4516, #7137, #3269, #3915, #5762, #3960, #515, #7686 ),
 .UNSPECIFIED., .F., .F.,
 ( 4, 1, 1, 2, 2, 1, 1, 1, 2, 2, 1, 1, 1, 2, 2, 2, 2, 2, 1, 2, 2, 1, 1, 2, 2, 1, 1, 1, 2, 2, 1, 1, 2, 2, 4 ),
 ( 0.000000000000000000, 0.06250000000000908995, 0.09375000000001350309, 0.1093750000000159039, 0.1250000000000183187, 0.1875000000000293932, 0.2187500000000349165, 0.2343750000000376921, 0.2421875000000390799, 0.2500000000000404676, 0.3125000000000456857, 0.3437500000000490163, 0.3593750000000506817, 0.3671875000000514588, 0.3750000000000522360, 0.4062500000000522360, 0.4375000000000522360, 0.5000000000000531797, 0.5312500000000547340, 0.5468750000000554001, 0.5625000000000561773, 0.5937500000000597300, 0.6093750000000598410, 0.6171875000000598410, 0.6250000000000597300, 0.6875000000000413003, 0.7187500000000320854, 0.7343750000000274225, 0.7421875000000263123, 0.7500000000000252021, 0.8125000000000097700, 0.8437500000000032196, 0.8593750000000012212, 0.8749999999999991118, 1.000000000000000000 ),
 .UNSPECIFIED. ) ;
#1995 = ORIENTED_EDGE ( 'NONE', *, *, #2738, .F. ) ;
#1996 = ORIENTED_EDGE ( 'NONE', *, *, #4715, .F. ) ;
#1997 = DIRECTION ( 'NONE',  ( -6.548946291980000074E-17, -1.000000000000000000, -1.304464460020000075E-15 ) ) ;
#1998 = DIRECTION ( 'NONE',  ( -0.7071067811865475727, 0.000000000000000000, 0.7071067811865475727 ) ) ;
#1999 = ORIENTED_EDGE ( 'NONE', *, *, #1898, .T. ) ;
#2000 = CARTESIAN_POINT ( 'NONE',  ( 2.633220265600000332, -3.798215877490000114, 23.51939366620000271 ) ) ;
#2001 = CARTESIAN_POINT ( 'NONE',  ( 3.338797798060000321, -7.677622204420000429, 4.958076043170000169 ) ) ;
#2002 = AXIS2_PLACEMENT_3D ( 'NONE', #3423, #4245, #2785 ) ;
#2003 = EDGE_CURVE ( 'NONE', #205, #5884, #1895, .T. ) ;
#2004 = CARTESIAN_POINT ( 'NONE',  ( -6.299190212120000076, 0.4833842553610000481, 19.86257973049999848 ) ) ;
#2005 = EDGE_CURVE ( 'NONE', #6442, #7735, #57, .T. ) ;
#2006 = CARTESIAN_POINT ( 'NONE',  ( -6.865764169240000214, 0.4833841839009999641, 8.737415695949998451 ) ) ;
#2007 = CIRCLE ( 'NONE', #5972, 8.070000000000000284 ) ;
#2008 = ORIENTED_EDGE ( 'NONE', *, *, #6466, .F. ) ;
#2009 = CARTESIAN_POINT ( 'NONE',  ( -26.95421839740212988, -2.198211308252108864, 21.88958744469786666 ) ) ;
#2010 = CARTESIAN_POINT ( 'NONE',  ( -16.92974458109999958, -19.48158202160000130, 4.580521842369999597 ) ) ;
#2011 = CARTESIAN_POINT ( 'NONE',  ( -16.79489751070000025, 2.141089695769999857, 24.25926907590000070 ) ) ;
#2012 = CARTESIAN_POINT ( 'NONE',  ( -21.13893532430000022, -18.48479467069999771, 5.063886679169999461 ) ) ;
#2013 = VECTOR ( 'NONE', #5239, 1000.000000000000000 ) ;
#2014 = CARTESIAN_POINT ( 'NONE',  ( -28.29897964030000068, -20.96764966129999763, 8.055169762660000288 ) ) ;
#2015 = CARTESIAN_POINT ( 'NONE',  ( -18.04915992651680412, -21.65192698593560650, 4.688374030036904117 ) ) ;
#2016 = CARTESIAN_POINT ( 'NONE',  ( -12.84683463049999830, -18.33479467069999913, 23.45707765839999936 ) ) ;
#2017 = CALENDAR_DATE ( 2026, 22, 6 ) ;
#2018 = ORIENTED_EDGE ( 'NONE', *, *, #2121, .T. ) ;
#2019 = AXIS2_PLACEMENT_3D ( 'NONE', #5323, #6601, #8007 ) ;
#2020 = CARTESIAN_POINT ( 'NONE',  ( -18.20717562329999595, -21.60827312979999704, 4.686849603790000707 ) ) ;
#2021 = CARTESIAN_POINT ( 'NONE',  ( 2.855066320699999771, 0.6361803170260000861, 17.51266586129999681 ) ) ;
#2022 = FACE_OUTER_BOUND ( 'NONE', #6560, .T. ) ;
#2023 = CARTESIAN_POINT ( 'NONE',  ( 2.399391771539999496, -13.03766682439999869, 23.79999802580000079 ) ) ;
#2024 = CARTESIAN_POINT ( 'NONE',  ( -26.47637157029999599, 0.3652053292539998997, 6.399998025760002207 ) ) ;
#2025 = ADVANCED_FACE ( 'NONE', ( #98 ), #1240, .T. ) ;
#2026 = ORIENTED_EDGE ( 'NONE', *, *, #6173, .T. ) ;
#2027 = CARTESIAN_POINT ( 'NONE',  ( -8.797472022550000048, -3.141089274460000080, 4.799998025759999898 ) ) ;
#2028 = ORIENTED_EDGE ( 'NONE', *, *, #5486, .F. ) ;
#2029 = AXIS2_PLACEMENT_3D ( 'NONE', #1812, #4436, #5137 ) ;
#2030 = CARTESIAN_POINT ( 'NONE',  ( -6.299189361289999844, -18.04190145190000294, 19.97365242900000126 ) ) ;
#2031 = ORIENTED_EDGE ( 'NONE', *, *, #7371, .T. ) ;
#2032 = CARTESIAN_POINT ( 'NONE',  ( -17.73576950030000177, 1.516657870490000004, 24.07600324520000257 ) ) ;
#2033 = B_SPLINE_CURVE_WITH_KNOTS ( 'NONE', 3,
 ( #2249, #2991, #3454, #2170, #4752, #5570, #954, #6893, #3626, #8004, #4273, #6802, #2944, #6760, #998, #1648, #8171, #8045, #6244, #1476, #2300, #1517, #359, #7444, #866, #277, #4795, #4145, #1559, #2211, #3497, #2123, #4105, #7362 ),
 .UNSPECIFIED., .F., .F.,
 ( 4, 2, 2, 2, 2, 2, 2, 2, 2, 2, 2, 2, 2, 2, 2, 2, 4 ),
 ( 0.000000000000000000, 0.06250000000000000000, 0.1250000000000000000, 0.1875000000000000000, 0.2500000000000000000, 0.3125000000000000000, 0.3750000000000000000, 0.4375000000000000000, 0.5000000000000000000, 0.5625000000000000000, 0.6250000000000000000, 0.6875000000000000000, 0.7500000000000000000, 0.8125000000000000000, 0.8750000000000000000, 0.9375000000000000000, 1.000000000000000000 ),
 .UNSPECIFIED. ) ;
#2034 = ORIENTED_EDGE ( 'NONE', *, *, #4503, .T. ) ;
#2035 = CARTESIAN_POINT ( 'NONE',  ( 2.297418872219999741, -2.453843847959999991, 5.800187664130000087 ) ) ;
#2036 = CARTESIAN_POINT ( 'NONE',  ( -6.299190329860000048, -18.33479467069999913, 9.333450403689999675 ) ) ;
#2037 = LINE ( 'NONE', #4654, #645 ) ;
#2038 = LINE ( 'NONE', #3238, #6668 ) ;
#2039 = CARTESIAN_POINT ( 'NONE',  ( -8.858041730674084846, -2.191141591793658971, 5.067493707567382266 ) ) ;
#2040 = EDGE_CURVE ( 'NONE', #2777, #6060, #5219, .T. ) ;
#2041 = CARTESIAN_POINT ( 'NONE',  ( -24.06454600009999822, -21.31549916990000071, 9.443685050549998294 ) ) ;
#2042 = ORIENTED_EDGE ( 'NONE', *, *, #4709, .F. ) ;
#2043 = DIRECTION ( 'NONE',  ( 0.000000000000000000, 1.000000000000000000, 0.000000000000000000 ) ) ;
#2044 = CARTESIAN_POINT ( 'NONE',  ( 2.270532554149999882, -18.33011522139999983, 9.156238100130000390 ) ) ;
#2045 = CARTESIAN_POINT ( 'NONE',  ( -14.76478124700000016, -22.28479467070000197, 14.30079561470000016 ) ) ;
#2046 = CARTESIAN_POINT ( 'NONE',  ( -6.299189361799999887, -13.80134229219999931, 4.799998025759999898 ) ) ;
#2047 = CARTESIAN_POINT ( 'NONE',  ( -7.473405974590000334, -14.38708089280000024, 4.896113031369999646 ) ) ;
#2048 = CARTESIAN_POINT ( 'NONE',  ( -16.84485380239999941, 2.243229530479999845, 24.25877067960000133 ) ) ;
#2049 = DIRECTION ( 'NONE',  ( 1.000000000000000000, -6.123233995740039809E-17, 2.985759393769999632E-16 ) ) ;
#2050 = CARTESIAN_POINT ( 'NONE',  ( 2.572246305839999803, -18.15416804050000010, 9.225808648930000189 ) ) ;
#2051 = CARTESIAN_POINT ( 'NONE',  ( 2.463939954720000269, -18.01201081289999806, 19.88328188970000099 ) ) ;
#2052 = CARTESIAN_POINT ( 'NONE',  ( -8.103935323660000023, -17.83479467069999913, 23.79999802580000079 ) ) ;
#2053 = CARTESIAN_POINT ( 'NONE',  ( -18.97704939079999775, 3.814360600620000152, 4.711091754870000869 ) ) ;
#2054 = CARTESIAN_POINT ( 'NONE',  ( -17.54767306038677788, -21.83434977675667810, 4.651294870244789159 ) ) ;
#2055 = CARTESIAN_POINT ( 'NONE',  ( -18.79214487269999978, 0.8152053292530000439, 23.97130256280000182 ) ) ;
#2056 = ADVANCED_FACE ( 'NONE', ( #562 ), #8469, .T. ) ;
#2057 = ORIENTED_EDGE ( 'NONE', *, *, #2003, .F. ) ;
#2058 = ORIENTED_EDGE ( 'NONE', *, *, #2241, .T. ) ;
#2059 = CARTESIAN_POINT ( 'NONE',  ( -18.58393001459999994, 3.808346570550000365, 23.95986322959999981 ) ) ;
#2060 = CARTESIAN_POINT ( 'NONE',  ( 2.822666999329999982, 0.4910021913970000762, 18.45524479589999700 ) ) ;
#2061 = CARTESIAN_POINT ( 'NONE',  ( -15.35543164470000121, 2.553313925999999956, 24.44380158660000291 ) ) ;
#2062 = CARTESIAN_POINT ( 'NONE',  ( -7.647630451168982546, -18.48479467069999416, 9.619988974273159243 ) ) ;
#2063 = CARTESIAN_POINT ( 'NONE',  ( -6.933602137290000300, -3.711172754360000159, 4.799997795909999532 ) ) ;
#2064 = CARTESIAN_POINT ( 'NONE',  ( -26.64380781570000067, -15.43479467070000055, 6.399998025110000377 ) ) ;
#2065 = ORIENTED_EDGE ( 'NONE', *, *, #1394, .F. ) ;
#2066 = CARTESIAN_POINT ( 'NONE',  ( -18.21754500380000152, -19.04917338899999635, 24.00251222960000064 ) ) ;
#2067 = VERTEX_POINT ( 'NONE', #7819 ) ;
#2068 = DIRECTION ( 'NONE',  ( 0.000000000000000000, -1.000000000000000000, 0.000000000000000000 ) ) ;
#2069 = CARTESIAN_POINT ( 'NONE',  ( -12.84683463049999830, 0.6652053292599999779, 5.142918393079999539 ) ) ;
#2070 = CARTESIAN_POINT ( 'NONE',  ( -4.769059261286508367, -20.17217398529999528, 12.83614680924348050 ) ) ;
#2071 = DIRECTION ( 'NONE',  ( 1.000000000000000000, 6.123233995739999133E-17, 6.123233995739999133E-17 ) ) ;
#2072 = CARTESIAN_POINT ( 'NONE',  ( -17.64613831839537639, -21.98479467070001547, 23.88861595370974555 ) ) ;
#2073 = CARTESIAN_POINT ( 'NONE',  ( -8.697370320965537971, 0.8152053292529913842, 20.27855984735047556 ) ) ;
#2074 = CARTESIAN_POINT ( 'NONE',  ( -2.056413467099999615, -3.868247049329999854, 23.79999802580000079 ) ) ;
#2075 = EDGE_LOOP ( 'NONE', ( #3921, #1886, #3591, #4392 ) ) ;
#2076 = CARTESIAN_POINT ( 'NONE',  ( -16.40142334479999775, -19.90946830440000070, 24.23489654479999800 ) ) ;
#2077 = CARTESIAN_POINT ( 'NONE',  ( -19.14272880129999876, 3.814498502650000233, 4.742343454930000313 ) ) ;
#2078 = EDGE_LOOP ( 'NONE', ( #6860, #3445, #4537, #5850, #7153 ) ) ;
#2079 = CARTESIAN_POINT ( 'NONE',  ( 2.658525396930000007, -12.51351076670000140, 23.79999788470000155 ) ) ;
#2080 = CARTESIAN_POINT ( 'NONE',  ( 2.814733917309999889, -11.60402678390000020, 4.799997988490000367 ) ) ;
#2081 = ADVANCED_FACE ( 'NONE', ( #1937 ), #643, .T. ) ;
#2082 = CARTESIAN_POINT ( 'NONE',  ( -6.886298072709998941, -14.26449597650000101, 4.892556048289999460 ) ) ;
#2083 = CARTESIAN_POINT ( 'NONE',  ( -12.31781462374894787, -18.23988451544630252, 5.182672514377627770 ) ) ;
#2084 = CARTESIAN_POINT ( 'NONE',  ( 2.450921916679999590, -14.33239739659999934, 5.041912209660000421 ) ) ;
#2085 = CARTESIAN_POINT ( 'NONE',  ( -27.93938575649485045, -0.8076154608157711801, 20.90442008560514608 ) ) ;
#2086 = DIRECTION ( 'NONE',  ( -0.7745966692411002663, -3.824718319833665544E-14, -0.6324555320341451736 ) ) ;
#2087 = CARTESIAN_POINT ( 'NONE',  ( -16.74146096999999855, 2.052159795230000139, 24.20777011300000225 ) ) ;
#2088 = CARTESIAN_POINT ( 'NONE',  ( -12.07987603704513013, 0.2975460377535912859, 4.990424668667174934 ) ) ;
#2089 = DIRECTION ( 'NONE',  ( -1.000000000000000000, -7.897900535260000072E-18, -6.123233995739999133E-17 ) ) ;
#2090 = EDGE_CURVE ( 'NONE', #5122, #3616, #5834, .T. ) ;
#2091 = DIRECTION ( 'NONE',  ( 1.000000000000000000, -6.123233995740039809E-17, 2.985759393769999632E-16 ) ) ;
#2092 = EDGE_LOOP ( 'NONE', ( #4902, #2515, #3726, #5435 ) ) ;
#2093 = VERTEX_POINT ( 'NONE', #2622 ) ;
#2094 = ORIENTED_EDGE ( 'NONE', *, *, #2478, .T. ) ;
#2095 = EDGE_LOOP ( 'NONE', ( #1485, #249, #3060, #1232 ) ) ;
#2096 = CARTESIAN_POINT ( 'NONE',  ( 2.157727164180000212, 0.3723125377100000022, 19.97365200180000144 ) ) ;
#2097 = CARTESIAN_POINT ( 'NONE',  ( -18.70654440899999926, 0.8152053292530000439, 4.699998026170000287 ) ) ;
#2098 = CARTESIAN_POINT ( 'NONE',  ( -24.77696732260000445, -21.29062086909999962, 4.993989078820000316 ) ) ;
#2099 = CARTESIAN_POINT ( 'NONE',  ( -28.20351838555865243, -21.13966231070892476, 20.44335649224220219 ) ) ;
#2100 = EDGE_CURVE ( 'NONE', #4816, #2463, #4708, .T. ) ;
#2101 = CARTESIAN_POINT ( 'NONE',  ( -19.28832979849999774, 3.986824611330000323, 23.40936189139999968 ) ) ;
#2102 = CARTESIAN_POINT ( 'NONE',  ( -18.68179362129999888, -18.48479467069999771, 4.720019787010000023 ) ) ;
#2103 = ORIENTED_EDGE ( 'NONE', *, *, #6599, .T. ) ;
#2104 = CARTESIAN_POINT ( 'NONE',  ( -17.15863098589999680, -19.35104560519999950, 23.96448672860000073 ) ) ;
#2105 = CARTESIAN_POINT ( 'NONE',  ( -6.639335386710000009, 0.8152053297829999767, 14.29999802579999901 ) ) ;
#2106 = CARTESIAN_POINT ( 'NONE',  ( -21.13893532350000015, -19.95122920430000235, 23.97101169669999976 ) ) ;
#2107 = CARTESIAN_POINT ( 'NONE',  ( -15.34974099885790189, -20.17740898769173796, 24.34602266670931670 ) ) ;
#2108 = DIRECTION ( 'NONE',  ( 1.000000000000000000, -6.123233995739999133E-17, 2.985759393769999632E-16 ) ) ;
#2109 = CARTESIAN_POINT ( 'NONE',  ( 2.463940779399999670, -14.41807862679999985, 5.122782344939999177 ) ) ;
#2110 = CARTESIAN_POINT ( 'NONE',  ( -24.74697296250000278, 3.622078953790000000, 23.60705438930000000 ) ) ;
#2111 = FACE_OUTER_BOUND ( 'NONE', #5610, .T. ) ;
#2112 = CARTESIAN_POINT ( 'NONE',  ( -24.82162855500000376, -21.17841150099999936, 23.86654842939999810 ) ) ;
#2113 = EDGE_LOOP ( 'NONE', ( #363, #8208 ) ) ;
#2114 = DIRECTION ( 'NONE',  ( -0.9993900847129046916, 0.03489947431739663652, 0.001218716498019883909 ) ) ;
#2115 = CARTESIAN_POINT ( 'NONE',  ( -24.74697242230000072, 3.622078972649999784, 4.992941627990000519 ) ) ;
#2116 = ORIENTED_EDGE ( 'NONE', *, *, #2392, .F. ) ;
#2117 = FACE_OUTER_BOUND ( 'NONE', #2416, .T. ) ;
#2118 = CARTESIAN_POINT ( 'NONE',  ( -7.649904162531730556, -14.79759081201358661, 5.119161801088904618 ) ) ;
#2119 = VERTEX_POINT ( 'NONE', #753 ) ;
#2120 = DIRECTION ( 'NONE',  ( 8.813514434398293091E-15, 1.000000000000000000, 0.000000000000000000 ) ) ;
#2121 = EDGE_CURVE ( 'NONE', #6123, #4070, #1744, .T. ) ;
#2122 = CARTESIAN_POINT ( 'NONE',  ( -28.39750377740000076, 3.203922787799999838, 20.42450410460000043 ) ) ;
#2123 = CARTESIAN_POINT ( 'NONE',  ( -23.91136573759665751, -22.28479467089999844, 15.44574241031258666 ) ) ;
#2124 = VECTOR ( 'NONE', #2049, 1000.000000000000000 ) ;
#2125 = FACE_OUTER_BOUND ( 'NONE', #8068, .T. ) ;
#2126 = CARTESIAN_POINT ( 'NONE',  ( 353550.1816579999868, -8.834794672250000147, 353567.6905910000205 ) ) ;
#2127 = LINE ( 'NONE', #196, #1460 ) ;
#2128 = VERTEX_POINT ( 'NONE', #6689 ) ;
#2129 = CARTESIAN_POINT ( 'NONE',  ( -26.64380781570000067, -18.03479467040000017, 6.399998025110000377 ) ) ;
#2130 = VECTOR ( 'NONE', #2380, 1000.000000000000000 ) ;
#2131 = CARTESIAN_POINT ( 'NONE',  ( -4.638427916488943481, 2.600437768909997338, 15.52831907616993767 ) ) ;
#2132 = DIRECTION ( 'NONE',  ( 0.000000000000000000, -1.000000000000000000, 0.000000000000000000 ) ) ;
#2133 = EDGE_CURVE ( 'NONE', #6607, #984, #5571, .T. ) ;
#2134 = ORIENTED_EDGE ( 'NONE', *, *, #2603, .T. ) ;
#2135 = CARTESIAN_POINT ( 'NONE',  ( -17.57136111990000060, 4.041512888229999767, 24.01648412179999781 ) ) ;
#2136 = CARTESIAN_POINT ( 'NONE',  ( 3.301126003920000329, 0.5841253471180000156, 14.65094214579999843 ) ) ;
#2137 = VECTOR ( 'NONE', #6568, 1000.000000000000000 ) ;
#2138 = EDGE_CURVE ( 'NONE', #2761, #6976, #1219, .T. ) ;
#2139 = DIRECTION ( 'NONE',  ( -0.04108346563380489008, 0.7071067811870838105, -0.7059122812720838303 ) ) ;
#2140 = CARTESIAN_POINT ( 'NONE',  ( -23.83564179600000088, -21.32349268089999939, 19.26461769189999984 ) ) ;
#2141 = CARTESIAN_POINT ( 'NONE',  ( -6.660251528540000798, -13.81416397579999966, 23.79999802580000079 ) ) ;
#2142 = DIRECTION ( 'NONE',  ( 5.999539510695609560E-17, 1.000000000000000000, 1.322807802921295992E-15 ) ) ;
#2143 = AXIS2_PLACEMENT_3D ( 'NONE', #7104, #6500, #2629 ) ;
#2144 = VECTOR ( 'NONE', #7470, 1000.000000000000000 ) ;
#2145 = ORIENTED_EDGE ( 'NONE', *, *, #4561, .T. ) ;
#2146 = CARTESIAN_POINT ( 'NONE',  ( -18.16291068539999998, -18.94616472150000064, 23.99203038950000177 ) ) ;
#2147 = EDGE_CURVE ( 'NONE', #4831, #2160, #879, .T. ) ;
#2148 = FACE_OUTER_BOUND ( 'NONE', #6677, .T. ) ;
#2149 = LINE ( 'NONE', #2106, #5050 ) ;
#2150 = LINE ( 'NONE', #2836, #2703 ) ;
#2151 = EDGE_CURVE ( 'NONE', #7135, #8442, #4822, .T. ) ;
#2152 = CARTESIAN_POINT ( 'NONE',  ( -16.28812041379999798, 2.482849709159999918, 4.243075113319999758 ) ) ;
#2153 = CARTESIAN_POINT ( 'NONE',  ( -28.13577024889999834, 3.503739544890000168, 8.314477751420000118 ) ) ;
#2154 = EDGE_CURVE ( 'NONE', #1033, #6208, #1827, .T. ) ;
#2155 = CARTESIAN_POINT ( 'NONE',  ( -24.94695037079999977, 3.615095588609999577, 23.61421359899999928 ) ) ;
#2156 = CIRCLE ( 'NONE', #5325, 1.299999999999999156 ) ;
#2157 = CARTESIAN_POINT ( 'NONE',  ( 2.475476378060000204, -1.042211412670000170, 7.211820060780000041 ) ) ;
#2158 = EDGE_LOOP ( 'NONE', ( #5720, #35, #3266, #593, #7549, #6002 ) ) ;
#2159 = CARTESIAN_POINT ( 'NONE',  ( -24.92231417749999878, -21.24928964960000144, 23.75476445600000019 ) ) ;
#2160 = VERTEX_POINT ( 'NONE', #2749 ) ;
#2161 = CARTESIAN_POINT ( 'NONE',  ( -15.70723841190000236, -20.08391599950000028, 24.31846219760000238 ) ) ;
#2162 = VECTOR ( 'NONE', #449, 1000.000000000000000 ) ;
#2163 = CARTESIAN_POINT ( 'NONE',  ( -24.74697270710000296, 3.322261724550000128, 4.693124391560000497 ) ) ;
#2164 = CARTESIAN_POINT ( 'NONE',  ( 2.619375706120000036, -13.92213063250000005, 23.51888194190000192 ) ) ;
#2165 = B_SPLINE_SURFACE_WITH_KNOTS ( 'NONE', 5, 5, ( 
 ( #7926, #4711, #2651, #83, #2050, #7364 ),
 ( #4670, #1478, #7288, #5284, #6720, #3369 ),
 ( #7206, #3258, #6, #2606, #5995, #7251 ),
 ( #1353, #127, #5244, #2736, #1432, #786 ),
 ( #3416, #6037, #4587, #162, #7848, #1308 ),
 ( #3951, #2251, #4237, #4930, #4885, #5490 ),
 ( #279, #8091, #824, #6073, #317, #6855 ),
 ( #2213, #4147, #4843, #195, #5618, #2172 ),
 ( #4320, #6247, #956, #3628, #868, #3587 ) ),
 .UNSPECIFIED., .F., .F., .F.,
 ( 6, 3, 6 ),
 ( 6, 6 ),
 ( 11.46617234900000071, 16.57671438739999914, 21.68824638259999915 ),
 ( 0.000000000000000000, 0.5540034366120000220 ),
 .UNSPECIFIED. ) ;
#2166 = CARTESIAN_POINT ( 'NONE',  ( -15.34813301120000162, -20.03322798259999971, 24.31839338810000228 ) ) ;
#2167 = CARTESIAN_POINT ( 'NONE',  ( -28.15325287710000168, 3.503129038060000422, 8.382099382780001662 ) ) ;
#2168 = B_SPLINE_CURVE_WITH_KNOTS ( 'NONE', 5,
 ( #5497, #834, #7373, #8182, #7542, #4807 ),
 .UNSPECIFIED., .F., .F.,
 ( 6, 6 ),
 ( -42.48034646430000549, -40.57200606960000044 ),
 .UNSPECIFIED. ) ;
#2169 = CARTESIAN_POINT ( 'NONE',  ( 2.456194113840000082, -18.33479467069999913, 18.29926642160000227 ) ) ;
#2170 = CARTESIAN_POINT ( 'NONE',  ( -6.275259723000737644, -22.28479467089999488, 17.89227593846729292 ) ) ;
#2171 = CARTESIAN_POINT ( 'NONE',  ( -27.82891977274742956, -0.4003296000897054729, 21.01488606935257053 ) ) ;
#2172 = CARTESIAN_POINT ( 'NONE',  ( 2.905557102980000028, -18.06423626240000146, 18.34231332780000301 ) ) ;
#2173 = CARTESIAN_POINT ( 'NONE',  ( -17.98270506940000146, -20.04359099699999902, 23.96778635179999739 ) ) ;
#2174 = LINE ( 'NONE', #4066, #4477 ) ;
#2175 = DIRECTION ( 'NONE',  ( -0.7071067811865475727, 0.000000000000000000, 0.7071067811865475727 ) ) ;
#2176 = CARTESIAN_POINT ( 'NONE',  ( -16.33170851736910834, 2.195318737463214376, 4.357520597584594313 ) ) ;
#2177 = ORIENTED_EDGE ( 'NONE', *, *, #864, .F. ) ;
#2178 = ORIENTED_EDGE ( 'NONE', *, *, #1816, .F. ) ;
#2179 = CARTESIAN_POINT ( 'NONE',  ( -17.42374689050000214, 3.760983515950000022, 24.10451097509999840 ) ) ;
#2180 = CARTESIAN_POINT ( 'NONE',  ( 2.719850420130000224, 0.6354442459709999103, 10.43353987070000066 ) ) ;
#2181 = FACE_OUTER_BOUND ( 'NONE', #4554, .T. ) ;
#2182 = CARTESIAN_POINT ( 'NONE',  ( -9.530647059009559996, -18.48479467069999060, 7.579714206990812109 ) ) ;
#2183 = EDGE_CURVE ( 'NONE', #4095, #7372, #3071, .T. ) ;
#2184 = CARTESIAN_POINT ( 'NONE',  ( -6.539872584099999386, -13.80560912439999832, 23.79999802580000079 ) ) ;
#2185 = ORIENTED_EDGE ( 'NONE', *, *, #197, .T. ) ;
#2186 = CARTESIAN_POINT ( 'NONE',  ( -26.79319734265769881, -18.03479467040002504, 6.549387552117680755 ) ) ;
#2187 = ADVANCED_FACE ( 'NONE', ( #967, #6999, #1617 ), #459, .T. ) ;
#2188 = EDGE_LOOP ( 'NONE', ( #5333, #4850, #4714, #5862, #4421 ) ) ;
#2189 = ORIENTED_EDGE ( 'NONE', *, *, #7714, .F. ) ;
#2190 = CARTESIAN_POINT ( 'NONE',  ( -17.67119863809999813, -19.15952708329999865, 23.97701576020000047 ) ) ;
#2191 = CARTESIAN_POINT ( 'NONE',  ( -26.08134067695037572, 0.2384910174516706449, 5.837530886410369213 ) ) ;
#2192 = CARTESIAN_POINT ( 'NONE',  ( 2.157722703700000189, -18.04190180590000026, 19.97365251209999926 ) ) ;
#2193 = DIRECTION ( 'NONE',  ( 3.667185336519999867E-18, 1.000000000000000000, 1.320727196930000051E-15 ) ) ;
#2194 = DIRECTION ( 'NONE',  ( 0.7068913075880949304, -0.02468518812540330259, 0.7068913075880949304 ) ) ;
#2195 = CARTESIAN_POINT ( 'NONE',  ( -17.05925446869999718, -21.98479467090000128, 4.566718841910000215 ) ) ;
#2196 = CARTESIAN_POINT ( 'NONE',  ( 2.675066918200000199, -16.57396610929999881, 7.274023654789999682 ) ) ;
#2197 = CARTESIAN_POINT ( 'NONE',  ( -24.83802692789999966, 3.618899278159999788, 23.68919751429999820 ) ) ;
#2198 = LINE ( 'NONE', #7431, #1170 ) ;
#2199 = EDGE_CURVE ( 'NONE', #1136, #1020, #6966, .T. ) ;
#2200 = CARTESIAN_POINT ( 'NONE',  ( -24.88141397949999956, -21.28697351150000117, 23.54859757140000198 ) ) ;
#2201 = ORIENTED_EDGE ( 'NONE', *, *, #348, .T. ) ;
#2202 = CARTESIAN_POINT ( 'NONE',  ( -18.79214487269999978, 0.8152053292530000439, 23.97130256280000182 ) ) ;
#2203 = B_SPLINE_CURVE_WITH_KNOTS ( 'NONE', 5,
 ( #3690, #6818, #7456, #6950, #6126, #6302, #2222, #287, #877 ),
 .UNSPECIFIED., .F., .F.,
 ( 6, 3, 6 ),
 ( 0.000000000000000000, 0.1692100517360000111, 0.2116570323879999882 ),
 .UNSPECIFIED. ) ;
#2204 = FACE_OUTER_BOUND ( 'NONE', #2078, .T. ) ;
#2205 = CARTESIAN_POINT ( 'NONE',  ( 2.294021070989999966, -13.83137337289999991, 23.79999800609999738 ) ) ;
#2206 = CARTESIAN_POINT ( 'NONE',  ( -7.121437806059999431, 0.6652053292599999779, 19.31633456089999612 ) ) ;
#2207 = CARTESIAN_POINT ( 'NONE',  ( 2.590735822480000117, -3.385927937189999959, 23.36783948660000121 ) ) ;
#2208 = CARTESIAN_POINT ( 'NONE',  ( -7.568497278130000616, -14.08467298440000093, 4.799998025779999011 ) ) ;
#2209 = CARTESIAN_POINT ( 'NONE',  ( -24.54124452749999818, 3.685752689189999654, 17.87721305000000172 ) ) ;
#2210 = CARTESIAN_POINT ( 'NONE',  ( -12.27487275984832493, -18.22481543519345593, 5.178389139247504325 ) ) ;
#2211 = CARTESIAN_POINT ( 'NONE',  ( -23.53921767125780207, -22.28479467089999844, 17.12567860040527634 ) ) ;
#2212 = CARTESIAN_POINT ( 'NONE',  ( -27.45268415472673951, -1.952551817333237461, 21.39112168737326414 ) ) ;
#2213 = CARTESIAN_POINT ( 'NONE',  ( 2.472544401089999955, -18.33479467069999913, 18.24065354609999901 ) ) ;
#2214 = CARTESIAN_POINT ( 'NONE',  ( -17.29436531700000046, -20.04359099699999902, 24.04762959450000182 ) ) ;
#2215 = CARTESIAN_POINT ( 'NONE',  ( 3.791064676040000414, -8.834794670739999134, 14.29999802579999901 ) ) ;
#2216 = B_SPLINE_CURVE_WITH_KNOTS ( 'NONE', 3,
 ( #4506, #7126, #339, #1224 ),
 .UNSPECIFIED., .F., .F.,
 ( 4, 4 ),
 ( 0.000000000000000000, 1.000000000000000000 ),
 .UNSPECIFIED. ) ;
#2217 = CARTESIAN_POINT ( 'NONE',  ( -21.26921028069999764, -21.41311444429999966, 22.68835638359999862 ) ) ;
#2218 = DIRECTION ( 'NONE',  ( -2.843016775139999674E-09, -9.928162435139999761E-11, 1.000000000000000000 ) ) ;
#2219 = ORIENTED_EDGE ( 'NONE', *, *, #5882, .F. ) ;
#2220 = EDGE_LOOP ( 'NONE', ( #413, #2582, #5932 ) ) ;
#2221 = CARTESIAN_POINT ( 'NONE',  ( -7.581621774862301599, -18.01829147542401088, 8.366220406842604262 ) ) ;
#2222 = CARTESIAN_POINT ( 'NONE',  ( -24.87281317869999953, 3.617684516600000233, 5.043126137879998971 ) ) ;
#2223 = CARTESIAN_POINT ( 'NONE',  ( 20526.19525670000075, -353547.7797199999914, 352957.1674260000000 ) ) ;
#2224 = CARTESIAN_POINT ( 'NONE',  ( 2.539598974140000021, -3.315073221830000083, 23.42859480140000272 ) ) ;
#2225 = CARTESIAN_POINT ( 'NONE',  ( 2.603173955179999943, -15.14265711750000065, 22.75559572219999893 ) ) ;
#2226 = DIRECTION ( 'NONE',  ( 0.05810079428862736234, 1.313797926658905013E-15, -0.9983107220214709754 ) ) ;
#2227 = B_SPLINE_SURFACE_WITH_KNOTS ( 'NONE', 5, 5, ( 
 ( #6620, #724, #3353, #5975, #4043, #6658 ),
 ( #5813, #8481, #8426, #3237, #1905, #7787 ),
 ( #5855, #1502, #2798, #7429, #2928, #2153 ),
 ( #181, #4910, #8027, #4170, #4734, #6142 ),
 ( #4781, #7387, #6096, #4131, #894, #2838 ),
 ( #7345, #5554, #3481, #7469, #6182, #300 ) ),
 .UNSPECIFIED., .F., .F., .F.,
 ( 6, 6 ),
 ( 6, 6 ),
 ( 1.480825287570000093, 1.790136363220000026 ),
 ( 0.000000000000000000, 0.4879771964910000204 ),
 .UNSPECIFIED. ) ;
#2228 = EDGE_LOOP ( 'NONE', ( #2219, #4336, #2764, #6949, #3150 ) ) ;
#2229 = CARTESIAN_POINT ( 'NONE',  ( -17.46852971730000093, -19.33926993919999759, 24.02591420500000297 ) ) ;
#2230 = CARTESIAN_POINT ( 'NONE',  ( -25.39215481621177162, -1.289665461905771915, 5.148345025671772213 ) ) ;
#2231 = LINE ( 'NONE', #296, #4896 ) ;
#2232 = CARTESIAN_POINT ( 'NONE',  ( -26.71827834336295737, -18.03479467040000728, 22.12552749873703206 ) ) ;
#2233 = CARTESIAN_POINT ( 'NONE',  ( -8.637102041085457316, -20.17217398530001304, 22.33187887422939610 ) ) ;
#2234 = LINE ( 'NONE', #5237, #2846 ) ;
#2235 = CARTESIAN_POINT ( 'NONE',  ( 2.675099146109999992, -15.86101628579999989, 6.561073451869999573 ) ) ;
#2236 = CARTESIAN_POINT ( 'NONE',  ( -17.35909752317657251, 1.684987974820321588, 4.547628971053482516 ) ) ;
#2237 = ADVANCED_FACE ( 'NONE', ( #1881 ), #7618, .F. ) ;
#2238 = CARTESIAN_POINT ( 'NONE',  ( 2.539599806939999649, 0.2938016699270000198, 8.780276425050001166 ) ) ;
#2239 = DATE_AND_TIME ( #852, #1318 ) ;
#2240 = ORIENTED_EDGE ( 'NONE', *, *, #8010, .F. ) ;
#2241 = EDGE_CURVE ( 'NONE', #4348, #14, #4589, .T. ) ;
#2242 = CARTESIAN_POINT ( 'NONE',  ( -17.40177688260000011, 3.804102357589999706, 4.510612236780000117 ) ) ;
#2243 = CARTESIAN_POINT ( 'NONE',  ( 3.286529420879999996, -8.029466480530000894, 23.71859491300000045 ) ) ;
#2244 = CARTESIAN_POINT ( 'NONE',  ( -15.34464111680000009, -19.96004209960000253, 24.25839448880000049 ) ) ;
#2245 = CARTESIAN_POINT ( 'NONE',  ( 2.186362437220000121, -13.80134265029999874, 23.79999762370000127 ) ) ;
#2246 = CARTESIAN_POINT ( 'NONE',  ( -17.01561852560000077, -19.60112758529999866, 4.485458454149999774 ) ) ;
#2247 = CARTESIAN_POINT ( 'NONE',  ( -23.86018666155007395, -22.28479467076666509, 12.91746774583585555 ) ) ;
#2248 = CARTESIAN_POINT ( 'NONE',  ( -16.64254531059999920, 3.675533826750000177, 24.24437496750000065 ) ) ;
#2249 = CARTESIAN_POINT ( 'NONE',  ( -5.669375360727019419, -22.28479467083333176, 15.68412352779588836 ) ) ;
#2250 = CARTESIAN_POINT ( 'NONE',  ( 2.186362364690000337, -3.868246597189999747, 23.79999802000000031 ) ) ;
#2251 = CARTESIAN_POINT ( 'NONE',  ( 2.954489392780000223, -18.33479471869999955, 16.25654075329999770 ) ) ;
#2252 = CARTESIAN_POINT ( 'NONE',  ( -17.71859198599999985, 1.487170470519999954, 4.568017674339999168 ) ) ;
#2253 = EDGE_CURVE ( 'NONE', #3683, #7266, #401, .T. ) ;
#2254 = CARTESIAN_POINT ( 'NONE',  ( -25.85812461908649595, -17.77086668677723225, 5.614314828546469904 ) ) ;
#2255 = CARTESIAN_POINT ( 'NONE',  ( -12.27491086740013948, 0.5552457643164475654, 23.42158837541993321 ) ) ;
#2256 = CARTESIAN_POINT ( 'NONE',  ( 2.157722703700000189, 0.3723124643899999864, 8.626343539429999652 ) ) ;
#2257 = CIRCLE ( 'NONE', #739, 4.999999353930001611 ) ;
#2258 = ORIENTED_EDGE ( 'NONE', *, *, #2307, .F. ) ;
#2259 = ORIENTED_EDGE ( 'NONE', *, *, #801, .F. ) ;
#2260 = CARTESIAN_POINT ( 'NONE',  ( -17.63517869849999897, 3.858069425610000103, 24.03588337509999917 ) ) ;
#2261 = CARTESIAN_POINT ( 'NONE',  ( -24.29449509029737442, 4.104284855426209688, 17.94139688499411278 ) ) ;
#2262 = CARTESIAN_POINT ( 'NONE',  ( -25.64468075091171784, -0.09447082334046608132, 23.19912509118827870 ) ) ;
#2263 = CARTESIAN_POINT ( 'NONE',  ( -25.83493148954969953, -15.71703751654426107, 23.00887435255028635 ) ) ;
#2264 = EDGE_CURVE ( 'NONE', #4999, #5424, #2007, .T. ) ;
#2265 = AXIS2_PLACEMENT_3D ( 'NONE', #8382, #1853, #5854 ) ;
#2266 = CARTESIAN_POINT ( 'NONE',  ( -8.886437347379999352, -14.60114542750000055, 23.79999802580000079 ) ) ;
#2267 = CARTESIAN_POINT ( 'NONE',  ( -27.84843005911539393, -16.24352071121467134, 7.604620268575374098 ) ) ;
#2268 = ORIENTED_EDGE ( 'NONE', *, *, #1948, .T. ) ;
#2269 = ORIENTED_EDGE ( 'NONE', *, *, #3319, .F. ) ;
#2270 = ORIENTED_EDGE ( 'NONE', *, *, #5423, .T. ) ;
#2271 = DIRECTION ( 'NONE',  ( -0.7745966692415869881, -0.6324555320335490949, 0.000000000000000000 ) ) ;
#2272 = AXIS2_PLACEMENT_3D ( 'NONE', #6869, #6735, #1492 ) ;
#2273 = EDGE_CURVE ( 'NONE', #8334, #6230, #11, .T. ) ;
#2274 = CARTESIAN_POINT ( 'NONE',  ( -23.18893532340000263, -16.73479467070000126, 22.19999802579999937 ) ) ;
#2275 = CARTESIAN_POINT ( 'NONE',  ( -8.797467760940000048, -18.33479467069999913, 8.606284972859999272 ) ) ;
#2276 = CARTESIAN_POINT ( 'NONE',  ( -27.77087665966273988, -17.38340311433844576, 21.07292918243722823 ) ) ;
#2277 = CARTESIAN_POINT ( 'NONE',  ( 2.523998032629999777, 0.4183174510560000448, 19.66378040840000097 ) ) ;
#2278 = CARTESIAN_POINT ( 'NONE',  ( 2.728143559974042898, -2.425300854299919706, 22.41530704336933510 ) ) ;
#2279 = CARTESIAN_POINT ( 'NONE',  ( 2.590739674409999971, -17.90263596249999978, 8.851131133320000899 ) ) ;
#2280 = CARTESIAN_POINT ( 'NONE',  ( -24.89023789480000204, 3.507166152029999928, 23.85038889080000146 ) ) ;
#2281 = CARTESIAN_POINT ( 'NONE',  ( 2.803913578090000414, -1.210992110889999918, 7.394352637789999960 ) ) ;
#2282 = VECTOR ( 'NONE', #3444, 1000.000000000000227 ) ;
#2283 = EDGE_CURVE ( 'NONE', #4197, #6299, #4634, .T. ) ;
#2284 = VECTOR ( 'NONE', #3026, 1000.000000000000227 ) ;
#2285 = APPROVAL_STATUS ( 'not_yet_approved' ) ;
#2286 = EDGE_LOOP ( 'NONE', ( #1611, #1473, #1465, #2528 ) ) ;
#2287 = FACE_OUTER_BOUND ( 'NONE', #7942, .T. ) ;
#2288 = CARTESIAN_POINT ( 'NONE',  ( -17.16998511510000114, 3.687877746079999852, 4.441978855729999509 ) ) ;
#2289 = CARTESIAN_POINT ( 'NONE',  ( -17.18160870999999901, -21.88179184730000060, 24.00733162390000075 ) ) ;
#2290 = VECTOR ( 'NONE', #2795, 1000.000000000000000 ) ;
#2291 = CARTESIAN_POINT ( 'NONE',  ( -18.60880281169999861, -18.83392292690000147, 4.589967159859999590 ) ) ;
#2292 = CARTESIAN_POINT ( 'NONE',  ( -17.73576985889999946, 1.516657614499999918, 24.07600330329999849 ) ) ;
#2293 = CARTESIAN_POINT ( 'NONE',  ( 2.803879594110000095, -1.210680298300000013, 21.20532571629999907 ) ) ;
#2294 = EDGE_CURVE ( 'NONE', #6313, #1152, #1356, .T. ) ;
#2295 = CARTESIAN_POINT ( 'NONE',  ( -16.71822015490000268, 2.020628923609999905, 24.16710406280000001 ) ) ;
#2296 = B_SPLINE_CURVE_WITH_KNOTS ( 'NONE', 5,
 ( #5147, #5015, #3209, #8258, #3121, #4497 ),
 .UNSPECIFIED., .F., .F.,
 ( 6, 6 ),
 ( -7.100606545719999829, 0.000000000000000000 ),
 .UNSPECIFIED. ) ;
#2297 = AXIS2_PLACEMENT_3D ( 'NONE', #7342, #1455, #765 ) ;
#2298 = CARTESIAN_POINT ( 'NONE',  ( -17.03135647700000277, 2.145066050530000101, 4.376672884599999591 ) ) ;
#2299 = CARTESIAN_POINT ( 'NONE',  ( -17.44596981774004973, 3.720881426752471022, 4.474802141531137423 ) ) ;
#2300 = CARTESIAN_POINT ( 'NONE',  ( -18.24314640291241574, -22.28479467090000909, 22.83721249207365034 ) ) ;
#2301 = CARTESIAN_POINT ( 'NONE',  ( 2.157722703700000189, -3.161140184410000220, 23.50710516090000368 ) ) ;
#2302 = DIRECTION ( 'NONE',  ( 0.03489949670250334229, -0.9993908270190956511, -1.290341107890124236E-15 ) ) ;
#2303 = CARTESIAN_POINT ( 'NONE',  ( -7.609007222373138646, 0.3476637539491975737, 20.24520884397360021 ) ) ;
#2304 = B_SPLINE_SURFACE_WITH_KNOTS ( 'NONE', 5, 5, ( 
 ( #8374, #2971, #2412, #3702, #1803, #3743 ),
 ( #7556, #1070, #2372, #1720, #1675, #4344 ),
 ( #388, #5597, #6968, #7053, #5725, #1113 ),
 ( #1027, #3101, #5641, #1154, #3786, #5038 ),
 ( #6406, #517, #3655, #1844, #6918, #8197 ),
 ( #3143, #6272, #7688, #6358, #5765, #8327 ) ),
 .UNSPECIFIED., .F., .F., .F.,
 ( 6, 6 ),
 ( 6, 6 ),
 ( 12.63453845400000120, 14.28589102199999950 ),
 ( 0.000000000000000000, 0.3031035222069999868 ),
 .UNSPECIFIED. ) ;
#2305 = CARTESIAN_POINT ( 'NONE',  ( -25.35599632344181131, -16.94012225865812482, 5.112186532901783487 ) ) ;
#2306 = CARTESIAN_POINT ( 'NONE',  ( -8.092237329879999663, 0.6308129955040000514, 19.95392717490000223 ) ) ;
#2307 = EDGE_CURVE ( 'NONE', #5884, #6727, #5940, .T. ) ;
#2308 = VERTEX_POINT ( 'NONE', #7806 ) ;
#2309 = ORIENTED_EDGE ( 'NONE', *, *, #4069, .T. ) ;
#2310 = EDGE_LOOP ( 'NONE', ( #1971, #7603, #2319 ) ) ;
#2311 = CARTESIAN_POINT ( 'NONE',  ( -6.299189361209999838, -18.04190179509999936, 8.626343965669999392 ) ) ;
#2312 = B_SPLINE_CURVE_WITH_KNOTS ( 'NONE', 3,
 ( #4792, #818, #8084, #3537, #2938, #4746, #6065, #231, #2893, #2118, #310, #1596, #7358 ),
 .UNSPECIFIED., .F., .F.,
 ( 4, 2, 1, 1, 1, 2, 2, 4 ),
 ( 0.000000000000000000, 0.2499999999999987788, 0.3749999999999973910, 0.4374999999999971689, 0.4687499999999970024, 0.4843749999999973910, 0.4999999999999977796, 1.000000000000000000 ),
 .UNSPECIFIED. ) ;
#2313 = CARTESIAN_POINT ( 'NONE',  ( -24.40263794890718430, 4.100354453891762674, 11.24958205697153701 ) ) ;
#2314 = CARTESIAN_POINT ( 'NONE',  ( -17.90128878047801919, -21.70201908908228461, 23.91788419444819880 ) ) ;
#2315 = CARTESIAN_POINT ( 'NONE',  ( -25.34389770792439833, -16.63165093763320002, 23.49990813417558044 ) ) ;
#2316 = CARTESIAN_POINT ( 'NONE',  ( -7.312401798679999843, -3.785867117970000084, 23.79999802580000079 ) ) ;
#2317 = CARTESIAN_POINT ( 'NONE',  ( 3.791064675920000404, -8.834794670739999134, 14.29999802579999901 ) ) ;
#2318 = CARTESIAN_POINT ( 'NONE',  ( -8.103935323660000023, -14.50844907399999961, 5.092891244570000531 ) ) ;
#2319 = ORIENTED_EDGE ( 'NONE', *, *, #8219, .F. ) ;
#2320 = EDGE_CURVE ( 'NONE', #2308, #4465, #7083, .T. ) ;
#2321 = CARTESIAN_POINT ( 'NONE',  ( -18.41890300940000103, 1.372880826870000126, 4.472143329409999701 ) ) ;
#2322 = CARTESIAN_POINT ( 'NONE',  ( -25.73627913566670244, -1.869896719990751466, 5.492469345126697711 ) ) ;
#2323 = CARTESIAN_POINT ( 'NONE',  ( 2.164633821540000280, 0.6652040860649999221, 9.177660354069999471 ) ) ;
#2324 = CARTESIAN_POINT ( 'NONE',  ( -27.04296640735971735, -17.97213593356545402, 21.80083943474025077 ) ) ;
#2325 = DIRECTION ( 'NONE',  ( -0.4999999999998740452, 0.6123724356958458737, -0.6123724356958458737 ) ) ;
#2326 = CARTESIAN_POINT ( 'NONE',  ( 2.186362437220000121, 0.6652049272439999328, 19.26654600530000039 ) ) ;
#2327 = CARTESIAN_POINT ( 'NONE',  ( 2.146752624699999945, -14.39736449989999834, 4.981805671940000124 ) ) ;
#2328 = CARTESIAN_POINT ( 'NONE',  ( -16.98026452019999866, 3.783259877169999896, 24.18101842270000290 ) ) ;
#2329 = CARTESIAN_POINT ( 'NONE',  ( -23.18893532339999908, -15.93588393473260822, 21.16043113068237247 ) ) ;
#2330 = VERTEX_POINT ( 'NONE', #630 ) ;
#2331 = CARTESIAN_POINT ( 'NONE',  ( -18.67207473500000248, 1.139039224740000078, 24.11901177060000379 ) ) ;
#2332 = FACE_OUTER_BOUND ( 'NONE', #5291, .T. ) ;
#2333 = CARTESIAN_POINT ( 'NONE',  ( -17.18534215440000423, -22.03435725319999960, 24.00090916439999944 ) ) ;
#2334 = CARTESIAN_POINT ( 'NONE',  ( -19.01151676312107597, 0.8152053847529607822, 24.07535822697989403 ) ) ;
#2335 = CARTESIAN_POINT ( 'NONE',  ( 2.463940036169999903, -3.251510731040000213, 5.122782130420000080 ) ) ;
#2336 = CARTESIAN_POINT ( 'NONE',  ( -23.18893532340000263, -15.43479467070000055, 22.19999802579999937 ) ) ;
#2337 = B_SPLINE_CURVE_WITH_KNOTS ( 'NONE', 5,
 ( #3146, #2374, #563, #8240, #4301, #4389, #5767, #4998, #6408 ),
 .UNSPECIFIED., .F., .F.,
 ( 6, 3, 6 ),
 ( 0.000000000000000000, 0.3982111960640972725, 1.000000000000000000 ),
 .UNSPECIFIED. ) ;
#2338 = CARTESIAN_POINT ( 'NONE',  ( -9.299189361799999887, -18.33479467069999913, 8.196638257630000979 ) ) ;
#2339 = CARTESIAN_POINT ( 'NONE',  ( -16.84485204570000150, 2.243230594689999968, 24.25877098870000026 ) ) ;
#2340 = ORIENTED_EDGE ( 'NONE', *, *, #6488, .T. ) ;
#2341 = CARTESIAN_POINT ( 'NONE',  ( -16.98604840147259409, 3.781628722325503400, 4.426814186765668957 ) ) ;
#2342 = CARTESIAN_POINT ( 'NONE',  ( 3.003247577110000233, -18.33479467069999913, 14.38852592650000162 ) ) ;
#2343 = CARTESIAN_POINT ( 'NONE',  ( -19.24737436369999699, 0.8152053292530000439, 24.09892186469999942 ) ) ;
#2344 = EDGE_CURVE ( 'NONE', #2541, #8231, #4390, .T. ) ;
#2345 = CARTESIAN_POINT ( 'NONE',  ( -26.64380781570000067, 0.3652053299980000389, 6.399998025110000377 ) ) ;
#2346 = DIRECTION ( 'NONE',  ( -6.123233995739999133E-17, 1.000000000000000000, 0.000000000000000000 ) ) ;
#2347 = CARTESIAN_POINT ( 'NONE',  ( -18.20544257490000106, -22.03522749129999880, 23.89823687290000009 ) ) ;
#2348 = EDGE_CURVE ( 'NONE', #984, #1260, #8403, .T. ) ;
#2349 = CARTESIAN_POINT ( 'NONE',  ( -25.79636065360876174, -15.74893622596224318, 5.552550863068738352 ) ) ;
#2350 = ORIENTED_EDGE ( 'NONE', *, *, #864, .T. ) ;
#2351 = CARTESIAN_POINT ( 'NONE',  ( -6.299190267470001103, 0.6343628790280000374, 19.58070426589999968 ) ) ;
#2352 = ORIENTED_EDGE ( 'NONE', *, *, #6225, .F. ) ;
#2353 = VERTEX_POINT ( 'NONE', #3906 ) ;
#2354 = EDGE_CURVE ( 'NONE', #773, #4095, #6524, .T. ) ;
#2355 = CARTESIAN_POINT ( 'NONE',  ( 2.628623997020000047, -13.88829254289999859, 5.080772227439999789 ) ) ;
#2356 = CARTESIAN_POINT ( 'NONE',  ( -25.08307610479999994, 3.317566919909999967, 4.839266314289999649 ) ) ;
#2357 = CARTESIAN_POINT ( 'NONE',  ( -24.87197829151206818, -20.99028613416666644, 23.90250636802941386 ) ) ;
#2358 = CARTESIAN_POINT ( 'NONE',  ( -26.17180614150577966, -17.94624579518642093, 22.67199970059420622 ) ) ;
#2359 = EDGE_CURVE ( 'NONE', #5805, #4467, #2959, .T. ) ;
#2360 = CARTESIAN_POINT ( 'NONE',  ( -12.84683463080000010, 0.1652053292599999779, 4.799998025759999898 ) ) ;
#2361 = ORIENTED_EDGE ( 'NONE', *, *, #3360, .T. ) ;
#2362 = CARTESIAN_POINT ( 'NONE',  ( -12.25236044110000044, -18.20334642089999733, 5.092622976190000372 ) ) ;
#2363 = CARTESIAN_POINT ( 'NONE',  ( -28.44380781629999788, -8.834794670189999977, 8.407104674190000182 ) ) ;
#2364 = EDGE_LOOP ( 'NONE', ( #7916, #43, #7249, #5261, #2562, #52 ) ) ;
#2365 = DIRECTION ( 'NONE',  ( 0.4999999999998745448, -0.6123724356958455406, 0.6123724356958459847 ) ) ;
#2366 = CARTESIAN_POINT ( 'NONE',  ( -11.98346281939999969, 0.3113689698420000207, 5.018332668510000261 ) ) ;
#2367 = CARTESIAN_POINT ( 'NONE',  ( -8.799187812509998707, -17.94716695840000042, 7.584263649710000443 ) ) ;
#2368 = CARTESIAN_POINT ( 'NONE',  ( -27.79726705631791361, -17.33450290415769501, 21.04653878578204740 ) ) ;
#2369 = CARTESIAN_POINT ( 'NONE',  ( 2.164633991410000124, 0.6652043859880000243, 19.42233456539999992 ) ) ;
#2370 = EDGE_CURVE ( 'NONE', #3403, #5362, #4082, .T. ) ;
#2371 = CARTESIAN_POINT ( 'NONE',  ( 2.746586830494992970, -2.202629713253716037, 22.19372000956947488 ) ) ;
#2372 = CARTESIAN_POINT ( 'NONE',  ( -18.90934928320000097, 0.9027382495369999926, 4.505040520159999673 ) ) ;
#2373 = CARTESIAN_POINT ( 'NONE',  ( 2.589332901000000131, -14.03183560689999965, 5.082221703030000093 ) ) ;
#2374 = CARTESIAN_POINT ( 'NONE',  ( -19.31187554539999951, 3.811876737860000031, 23.82421390609999889 ) ) ;
#2375 = ADVANCED_FACE ( 'NONE', ( #311 ), #8451, .T. ) ;
#2376 = ORIENTED_EDGE ( 'NONE', *, *, #3885, .F. ) ;
#2377 = CARTESIAN_POINT ( 'NONE',  ( -6.299189362029999906, -3.405093365009999928, 23.70744000319999856 ) ) ;
#2378 = CARTESIAN_POINT ( 'NONE',  ( -24.10698330820000024, -21.31401722639999718, 9.527328632919999762 ) ) ;
#2379 = CARTESIAN_POINT ( 'NONE',  ( -20.57033367569999882, -21.43751975310000191, 23.30180525900000177 ) ) ;
#2380 = DIRECTION ( 'NONE',  ( -1.000000000000000000, -7.897904552580000124E-18, -6.123235252179999261E-17 ) ) ;
#2381 = B_SPLINE_SURFACE_WITH_KNOTS ( 'NONE', 5, 5, ( 
 ( #1408, #4032, #3275, #4601, #682, #5930 ),
 ( #59, #2667, #254, #797, #6690, #6048 ),
 ( #4204, #3428, #4160, #8102, #2828, #211 ),
 ( #5421, #7459, #291, #4725, #4077, #6822 ),
 ( #1533, #2790, #2874, #2225, #2915, #7336 ),
 ( #4811, #137, #5463, #5502, #8019, #3472 ) ),
 .UNSPECIFIED., .F., .F., .F.,
 ( 6, 6 ),
 ( 6, 6 ),
 ( 3.263717851650000057, 8.351973078180000343 ),
 ( 0.000000000000000000, 0.5393545626989999509 ),
 .UNSPECIFIED. ) ;
#2382 = CARTESIAN_POINT ( 'NONE',  ( 2.576984753010000073, -3.511392079880000239, 5.129818665670000222 ) ) ;
#2383 = CARTESIAN_POINT ( 'NONE',  ( -17.01802346690000078, 3.268036127700000293, 24.19634346169999972 ) ) ;
#2384 = CARTESIAN_POINT ( 'NONE',  ( 2.539603487920000013, 0.2938018141329999944, 19.81971917659999960 ) ) ;
#2385 = CARTESIAN_POINT ( 'NONE',  ( -16.95560362550000022, -19.51224750099999738, 4.538354024249999341 ) ) ;
#2386 = CARTESIAN_POINT ( 'NONE',  ( -24.05656805039999924, 3.646188424580000031, 19.38549844019999924 ) ) ;
#2387 = CARTESIAN_POINT ( 'NONE',  ( -14.08890803719999951, 7.215205329249999799, 4.257565761190000408 ) ) ;
#2388 = CARTESIAN_POINT ( 'NONE',  ( -25.32779944509999837, 3.601796046069999591, 16.43242281279999872 ) ) ;
#2389 = CARTESIAN_POINT ( 'NONE',  ( 2.991064675930041439, -8.834794670740022227, 8.099998025789998835 ) ) ;
#2390 = FACE_OUTER_BOUND ( 'NONE', #6104, .T. ) ;
#2391 = CARTESIAN_POINT ( 'NONE',  ( -17.07499798079999920, -19.04917338739999977, 24.13488648710000106 ) ) ;
#2392 = EDGE_CURVE ( 'NONE', #3975, #3881, #6031, .T. ) ;
#2393 = CARTESIAN_POINT ( 'NONE',  ( -25.40580136461841221, -17.13448339765233186, 5.161991574078386158 ) ) ;
#2394 = EDGE_CURVE ( 'NONE', #684, #5506, #4923, .T. ) ;
#2395 = CARTESIAN_POINT ( 'NONE',  ( -7.617739615770000583, 0.6652053292599999779, 19.39446755150000001 ) ) ;
#2396 = VERTEX_POINT ( 'NONE', #2986 ) ;
#2397 = CARTESIAN_POINT ( 'NONE',  ( 2.624009465929999951, -13.90520980630000025, 5.080942787899999757 ) ) ;
#2398 = EDGE_CURVE ( 'NONE', #5942, #1526, #5418, .T. ) ;
#2399 = CARTESIAN_POINT ( 'NONE',  ( -5.933937054289963875, -20.17740889656796455, 9.475527383461162856 ) ) ;
#2400 = CARTESIAN_POINT ( 'NONE',  ( -26.22803920491062613, 0.2970757328323649915, 22.61576663718938107 ) ) ;
#2401 = CARTESIAN_POINT ( 'NONE',  ( -25.41227968574283835, -17.15623521927985706, 23.43152615635712621 ) ) ;
#2402 = CARTESIAN_POINT ( 'NONE',  ( -28.11790780289999958, -21.17395265670000271, 8.287892215070000290 ) ) ;
#2403 = ADVANCED_FACE ( 'NONE', ( #5523 ), #7853, .F. ) ;
#2404 = CARTESIAN_POINT ( 'NONE',  ( -20.39879555000000266, 3.947168432019999784, 22.85918180649999698 ) ) ;
#2405 = CARTESIAN_POINT ( 'NONE',  ( -12.25971635719999853, -18.24689358719999888, 23.44266026540000070 ) ) ;
#2406 = EDGE_LOOP ( 'NONE', ( #2201, #5077, #323, #1346, #3442 ) ) ;
#2407 = CARTESIAN_POINT ( 'NONE',  ( 2.861110760001380093, -18.06259315573682755, 18.50458565188136717 ) ) ;
#2408 = CARTESIAN_POINT ( 'NONE',  ( -12.84683463049999830, 0.6652053292599999779, 5.142918393079999539 ) ) ;
#2409 = CARTESIAN_POINT ( 'NONE',  ( -6.299190329149999990, -18.33479467069999913, 9.333451090460000543 ) ) ;
#2410 = CARTESIAN_POINT ( 'NONE',  ( -27.94371792494994011, -16.83793840275878040, 20.90008791715004577 ) ) ;
#2411 = CARTESIAN_POINT ( 'NONE',  ( -20.06116893416206182, 0.8152053292530079265, 8.079377661804445054 ) ) ;
#2412 = CARTESIAN_POINT ( 'NONE',  ( -19.17455679229999888, 0.7126679266940000312, 4.514936622189999582 ) ) ;
#2413 = CARTESIAN_POINT ( 'NONE',  ( -16.99068861529999808, 3.761244044369999706, 24.17980528770000248 ) ) ;
#2414 = CARTESIAN_POINT ( 'NONE',  ( 2.861221825929976870, 0.3930084153123342139, 18.50417944447451646 ) ) ;
#2415 = VECTOR ( 'NONE', #7253, 1000.000000000000000 ) ;
#2416 = EDGE_LOOP ( 'NONE', ( #4443, #6807, #8032, #6863 ) ) ;
#2417 = CARTESIAN_POINT ( 'NONE',  ( -19.21125239889999747, 0.7639366573499999369, 24.10018327499999913 ) ) ;
#2418 = CARTESIAN_POINT ( 'NONE',  ( -16.90038896379999755, 3.652071135329999940, 4.399855290659999696 ) ) ;
#2419 = CARTESIAN_POINT ( 'NONE',  ( -26.13534964260954752, -2.131439532851935326, 22.70845619949044547 ) ) ;
#2420 = CARTESIAN_POINT ( 'NONE',  ( -19.19251775931074278, 0.8152053290290002252, 24.10083750159123994 ) ) ;
#2421 = DIRECTION ( 'NONE',  ( 0.000000000000000000, 0.7071067811865475727, -0.7071067811865475727 ) ) ;
#2422 = CONICAL_SURFACE ( 'NONE', #5599, 0.4086638550150001326, 0.7853981633970000820 ) ;
#2423 = CARTESIAN_POINT ( 'NONE',  ( -16.70734207199999943, 3.198617387640000143, 24.25271711379999928 ) ) ;
#2424 = AXIS2_PLACEMENT_3D ( 'NONE', #928, #1574, #3515 ) ;
#2425 = CARTESIAN_POINT ( 'NONE',  ( -17.09007513750000129, 2.859883900959999892, 4.404770838880000206 ) ) ;
#2426 = CARTESIAN_POINT ( 'NONE',  ( -17.39131193349999904, -19.21972944970000086, 23.92282769639999884 ) ) ;
#2427 = DIRECTION ( 'NONE',  ( 1.000000000000000000, -6.123233995740039809E-17, 2.985759393769999632E-16 ) ) ;
#2428 = AXIS2_PLACEMENT_3D ( 'NONE', #5568, #6984, #4271 ) ;
#2429 = AXIS2_PLACEMENT_3D ( 'NONE', #4485, #4312, #3671 ) ;
#2430 = CARTESIAN_POINT ( 'NONE',  ( -28.30626383813508795, -21.13650417669587966, 20.19289083439999288 ) ) ;
#2431 = CARTESIAN_POINT ( 'NONE',  ( -12.48298845497180842, -17.92893398846253561, 23.75389056116510389 ) ) ;
#2432 = CARTESIAN_POINT ( 'NONE',  ( -27.05957642513320494, 0.2970757337515043672, 6.815766634593201090 ) ) ;
#2433 = CARTESIAN_POINT ( 'NONE',  ( 2.764220373694415755, -1.274353364871322114, 7.333499572677095735 ) ) ;
#2434 = CARTESIAN_POINT ( 'NONE',  ( -28.29736120689999979, 3.205321616650000038, 8.053551416380001271 ) ) ;
#2435 = EDGE_CURVE ( 'NONE', #6060, #6598, #7056, .T. ) ;
#2436 = VECTOR ( 'NONE', #4329, 1000.000000000000000 ) ;
#2437 = CARTESIAN_POINT ( 'NONE',  ( -15.34973568880000094, -20.18264383430000208, 4.254064622080000468 ) ) ;
#2438 = CARTESIAN_POINT ( 'NONE',  ( -8.164510779640000493, 0.6652054093609999219, 19.80200735940000101 ) ) ;
#2439 = EDGE_LOOP ( 'NONE', ( #8283, #248, #2877, #2178 ) ) ;
#2440 = AXIS2_PLACEMENT_3D ( 'NONE', #4186, #6718, #7533 ) ;
#2441 = CARTESIAN_POINT ( 'NONE',  ( -26.48855650049999966, -21.23085085800000016, 21.94145508619999774 ) ) ;
#2442 = CARTESIAN_POINT ( 'NONE',  ( 2.619374955320000087, -18.05367861909999760, 19.38733458889999639 ) ) ;
#2443 = CARTESIAN_POINT ( 'NONE',  ( -25.91338427793769839, 0.1419786355534414790, 22.93042156416229460 ) ) ;
#2444 = CARTESIAN_POINT ( 'NONE',  ( -25.35599632824529337, -16.52946705429866725, 23.48780951385468896 ) ) ;
#2445 = CARTESIAN_POINT ( 'NONE',  ( -6.299189361799999887, -3.868247049329999854, 23.79999802580000079 ) ) ;
#2446 = CARTESIAN_POINT ( 'NONE',  ( -22.64368263469999931, 3.695527470500000078, 21.55785229660000013 ) ) ;
#2447 = CARTESIAN_POINT ( 'NONE',  ( -16.48550712203613244, -19.70602581848445922, 24.11575287309351978 ) ) ;
#2448 = PERSON_AND_ORGANIZATION ( #18446744073709551615, #18446744073709551615 ) ;
#2449 = ORIENTED_EDGE ( 'NONE', *, *, #8289, .F. ) ;
#2450 = CARTESIAN_POINT ( 'NONE',  ( -7.312401799299999894, 0.6652053292599999779, 9.251070472820000390 ) ) ;
#2451 = VERTEX_POINT ( 'NONE', #3158 ) ;
#2452 = CARTESIAN_POINT ( 'NONE',  ( -18.89107069047882703, -18.48478827467390673, 23.98318027616320691 ) ) ;
#2453 = CARTESIAN_POINT ( 'NONE',  ( -8.519958377529999183, -18.22186241840000065, 8.174105934480000002 ) ) ;
#2454 = FACE_OUTER_BOUND ( 'NONE', #1375, .T. ) ;
#2455 = ADVANCED_FACE ( 'NONE', ( #3114 ), #5260, .F. ) ;
#2456 = CARTESIAN_POINT ( 'NONE',  ( 2.590735491169999793, 0.2330468464620000235, 19.74886487579999894 ) ) ;
#2457 = CARTESIAN_POINT ( 'NONE',  ( 2.498070884700000160, 0.5713966412829999397, 19.35349630589999848 ) ) ;
#2458 = CARTESIAN_POINT ( 'NONE',  ( -5.933937054289963875, -20.17740889656796455, 9.475527383461162856 ) ) ;
#2459 = CARTESIAN_POINT ( 'NONE',  ( -23.18893532339999908, -16.56462506863055140, 20.89999802580000221 ) ) ;
#2460 = ORIENTED_EDGE ( 'NONE', *, *, #2133, .T. ) ;
#2461 = B_SPLINE_CURVE_WITH_KNOTS ( 'NONE', 3,
 ( #2458, #3744, #981, #8375, #6879, #6273, #7646, #4954, #2496, #4300 ),
 .UNSPECIFIED., .F., .F.,
 ( 4, 2, 2, 2, 4 ),
 ( 0.000000000000000000, 0.2499999999999998335, 0.4999999999999998890, 0.7499999999999998890, 1.000000000000000000 ),
 .UNSPECIFIED. ) ;
#2462 = CARTESIAN_POINT ( 'NONE',  ( -7.963669158280000104, -2.911886993640000476, 23.59762386999999606 ) ) ;
#2463 = VERTEX_POINT ( 'NONE', #5651 ) ;
#2464 = CARTESIAN_POINT ( 'NONE',  ( -16.64159522609999797, 3.617356501659999779, 4.349760859949999947 ) ) ;
#2465 = CARTESIAN_POINT ( 'NONE',  ( -25.41227969332154046, -1.356235240264207720, 23.43152614877845608 ) ) ;
#2466 = CARTESIAN_POINT ( 'NONE',  ( -18.79214487269999978, 0.8152053292530000439, 23.97130256280000182 ) ) ;
#2467 = CARTESIAN_POINT ( 'NONE',  ( -14.76507131800000039, 2.600437768910000003, 14.29999802579999901 ) ) ;
#2468 = CARTESIAN_POINT ( 'NONE',  ( -16.77018471929999777, 2.777340926249999953, 24.25531945359999852 ) ) ;
#2469 = CARTESIAN_POINT ( 'NONE',  ( -16.64158118909999828, 3.617354309760000053, 4.349759007020000290 ) ) ;
#2470 = CARTESIAN_POINT ( 'NONE',  ( -15.59023873790760284, -19.94816994516278186, 4.359366047731586313 ) ) ;
#2471 = ORIENTED_EDGE ( 'NONE', *, *, #4665, .T. ) ;
#2472 = CARTESIAN_POINT ( 'NONE',  ( -15.46952331586498808, 2.388305734541170011, 24.34914501319386204 ) ) ;
#2473 = CARTESIAN_POINT ( 'NONE',  ( -24.23343103890007200, -21.77594648269765543, 17.84179044930007052 ) ) ;
#2474 = CARTESIAN_POINT ( 'NONE',  ( 2.450922126719999650, -3.337190562379999559, 23.55808253700000066 ) ) ;
#2475 = CARTESIAN_POINT ( 'NONE',  ( -18.54807218250000034, -18.72986751839999897, 23.99864538459999963 ) ) ;
#2476 = CARTESIAN_POINT ( 'NONE',  ( -16.07694888385723431, 2.521399860065897336, 24.37890500882127398 ) ) ;
#2477 = LINE ( 'NONE', #7119, #2013 ) ;
#2478 = EDGE_CURVE ( 'NONE', #8433, #8442, #6738, .T. ) ;
#2479 = CARTESIAN_POINT ( 'NONE',  ( -6.848316711669999890, 0.3723117874840000119, 19.97365601119999923 ) ) ;
#2480 = ORIENTED_EDGE ( 'NONE', *, *, #1975, .F. ) ;
#2481 = CARTESIAN_POINT ( 'NONE',  ( -28.09569900496683559, 3.505138863570403718, 20.33431258433336808 ) ) ;
#2482 = CARTESIAN_POINT ( 'NONE',  ( 2.498070202859999700, -18.24098544510000153, 19.35349744829999707 ) ) ;
#2483 = CARTESIAN_POINT ( 'NONE',  ( -25.34376313848137130, -0.9854665158009561221, 23.50004270361863590 ) ) ;
#2484 = CARTESIAN_POINT ( 'NONE',  ( -15.34974099770008138, -20.17740890980001467, 4.253973402524476199 ) ) ;
#2485 = CARTESIAN_POINT ( 'NONE',  ( 2.463940036169999903, 0.3424212245999999626, 19.88328196550000015 ) ) ;
#2486 = CARTESIAN_POINT ( 'NONE',  ( -20.46231603990000281, 3.829235102859999795, 22.96194262359999883 ) ) ;
#2487 = DIRECTION ( 'NONE',  ( 1.000000000000000000, 7.897860143659998376E-18, 6.123235252179999261E-17 ) ) ;
#2488 = APPLICATION_PROTOCOL_DEFINITION ( 'international standard', 'config_control_design', 1994, #3754 ) ;
#2489 = ORIENTED_EDGE ( 'NONE', *, *, #5140, .F. ) ;
#2490 = CARTESIAN_POINT ( 'NONE',  ( 2.447673631359999824, -14.23218029280000074, 4.975600029190000662 ) ) ;
#2491 = DIRECTION ( 'NONE',  ( -1.000000000000000000, 8.491258532807279089E-17, 0.000000000000000000 ) ) ;
#2492 = CARTESIAN_POINT ( 'NONE',  ( 2.352717005480000179, 0.5417262227159999055, 8.879418907519999848 ) ) ;
#2493 = CARTESIAN_POINT ( 'NONE',  ( 2.619375706120000036, -3.747461671800000005, 5.081113595869999777 ) ) ;
#2494 = CARTESIAN_POINT ( 'NONE',  ( 2.359718277519999852, -14.12830125459999842, 23.73098297900000020 ) ) ;
#2495 = CARTESIAN_POINT ( 'NONE',  ( 2.619375720519999895, 0.3840909486749999879, 19.38732881760000026 ) ) ;
#2496 = CARTESIAN_POINT ( 'NONE',  ( -14.40463296098049106, -20.17217398529999173, 4.198877424535021774 ) ) ;
#2497 = CARTESIAN_POINT ( 'NONE',  ( -8.869812118449999616, -2.205557501340000393, 23.55652891919999803 ) ) ;
#2498 = EDGE_CURVE ( 'NONE', #7352, #8243, #400, .T. ) ;
#2499 = ORIENTED_EDGE ( 'NONE', *, *, #5683, .F. ) ;
#2500 = CARTESIAN_POINT ( 'NONE',  ( -16.82122712920000041, 2.192396141780000196, 4.334476806919999703 ) ) ;
#2501 = CARTESIAN_POINT ( 'NONE',  ( -24.56649274040000108, -21.29797080350000016, 10.50256870669999998 ) ) ;
#2502 = LINE ( 'NONE', #7738, #509 ) ;
#2503 = DIRECTION ( 'NONE',  ( 1.000000000000000000, 3.456512024629999819E-17, 3.456512024629999819E-17 ) ) ;
#2504 = CARTESIAN_POINT ( 'NONE',  ( 2.547408530100000235, -3.662917043370000236, 4.984942745429999711 ) ) ;
#2505 = CARTESIAN_POINT ( 'NONE',  ( -17.41871465720000245, 2.916775526640000393, 24.16277996230000014 ) ) ;
#2506 = DIRECTION ( 'NONE',  ( 1.000000000000000000, -6.123233995740039809E-17, 2.985759393769999632E-16 ) ) ;
#2507 = ADVANCED_FACE ( 'NONE', ( #8250 ), #8385, .F. ) ;
#2508 = CARTESIAN_POINT ( 'NONE',  ( -22.24072951719999836, 3.881396711169999847, 7.068320083140000598 ) ) ;
#2509 = ORIENTED_EDGE ( 'NONE', *, *, #7800, .F. ) ;
#2510 = CARTESIAN_POINT ( 'NONE',  ( -17.28927377549999989, -21.03894018520000131, 4.586939620459999922 ) ) ;
#2511 = CARTESIAN_POINT ( 'NONE',  ( -12.27491086740631765, -17.95638502038389817, 23.69003846087281318 ) ) ;
#2512 = CARTESIAN_POINT ( 'NONE',  ( 2.712380963809999823, -4.573294349679999371, 23.70918584440000032 ) ) ;
#2513 = CARTESIAN_POINT ( 'NONE',  ( 2.694754423414109201, -0.3765292863718940897, 8.235473461508341586 ) ) ;
#2514 = CARTESIAN_POINT ( 'NONE',  ( 2.368528936430000176, -18.04269666500000113, 8.667183821160000079 ) ) ;
#2515 = ORIENTED_EDGE ( 'NONE', *, *, #6303, .F. ) ;
#2516 = CARTESIAN_POINT ( 'NONE',  ( -16.38081840070000084, -19.86196815799999982, 4.383872662320000835 ) ) ;
#2517 = CARTESIAN_POINT ( 'NONE',  ( -8.520008549830000888, 0.5522720665059999146, 8.174066993909999468 ) ) ;
#2518 = ORIENTED_EDGE ( 'NONE', *, *, #6825, .T. ) ;
#2519 = CARTESIAN_POINT ( 'NONE',  ( 2.307814606220000009, -13.78130835390000009, 4.799998031849999514 ) ) ;
#2520 = DIRECTION ( 'NONE',  ( 1.000000000000000000, 0.000000000000000000, 0.000000000000000000 ) ) ;
#2521 = CARTESIAN_POINT ( 'NONE',  ( 2.589332901030000134, -18.05257099349999805, 19.49703896190000307 ) ) ;
#2522 = EDGE_CURVE ( 'NONE', #6726, #4545, #7110, .T. ) ;
#2523 = B_SPLINE_CURVE_WITH_KNOTS ( 'NONE', 3,
 ( #6492, #1279, #3917, #7263, #56, #7219, #1367, #3273, #3997, #20, #2707, #5337, #2621 ),
 .UNSPECIFIED., .F., .F.,
 ( 4, 2, 1, 1, 1, 2, 2, 4 ),
 ( 0.000000000000000000, 0.2499999999999966693, 0.3749999999999954481, 0.4374999999999952816, 0.4687499999999951705, 0.4843749999999951705, 0.4999999999999951150, 1.000000000000000000 ),
 .UNSPECIFIED. ) ;
#2524 = CARTESIAN_POINT ( 'NONE',  ( 2.463940036169999903, -3.251510731040000213, 5.122782130420000080 ) ) ;
#2525 = CARTESIAN_POINT ( 'NONE',  ( -18.96314303170000315, 4.155946068380000469, 5.103981093280000714 ) ) ;
#2526 = CARTESIAN_POINT ( 'NONE',  ( 2.146753776690000226, -3.272215224090000429, 4.981815864659999704 ) ) ;
#2527 = CARTESIAN_POINT ( 'NONE',  ( -9.299189361799999887, 0.6652053292599999779, 20.40335779389999971 ) ) ;
#2528 = ORIENTED_EDGE ( 'NONE', *, *, #1968, .F. ) ;
#2529 = CARTESIAN_POINT ( 'NONE',  ( 2.576984857440000276, -14.15818910189999791, 5.129814196729999942 ) ) ;
#2530 = CARTESIAN_POINT ( 'NONE',  ( -14.76507131800000039, -21.98479467070000126, 14.29999802579999901 ) ) ;
#2531 = CARTESIAN_POINT ( 'NONE',  ( -3.853425745850000084, -11.51232779120000060, 23.41237046150000012 ) ) ;
#2532 = ORIENTED_EDGE ( 'NONE', *, *, #3195, .F. ) ;
#2533 = CARTESIAN_POINT ( 'NONE',  ( 2.164633991410000124, -13.95713121039999827, 23.79999708249999912 ) ) ;
#2534 = DIRECTION ( 'NONE',  ( -0.03489949670250334229, 1.302898235750123745E-15, -0.9993908270190956511 ) ) ;
#2535 = DIRECTION ( 'NONE',  ( 1.000000000000000000, -6.123233995740039809E-17, 2.985759393769999632E-16 ) ) ;
#2536 = CARTESIAN_POINT ( 'NONE',  ( -6.848192925590000257, -3.161145298410000137, 5.092890803050000414 ) ) ;
#2537 = ORIENTED_EDGE ( 'NONE', *, *, #3849, .F. ) ;
#2538 = CARTESIAN_POINT ( 'NONE',  ( 2.679889449094509324, -17.36880703844641261, 8.312136785107362869 ) ) ;
#2539 = EDGE_CURVE ( 'NONE', #6454, #1982, #3271, .T. ) ;
#2540 = CIRCLE ( 'NONE', #3099, 1.299999999999999156 ) ;
#2541 = VERTEX_POINT ( 'NONE', #5900 ) ;
#2542 = CARTESIAN_POINT ( 'NONE',  ( -7.523786180290000125, -13.95074774939999962, 4.799998025759999898 ) ) ;
#2543 = FACE_OUTER_BOUND ( 'NONE', #2594, .T. ) ;
#2544 = FACE_OUTER_BOUND ( 'NONE', #3277, .T. ) ;
#2545 = DIRECTION ( 'NONE',  ( 0.000000000000000000, 0.000000000000000000, 1.000000000000000000 ) ) ;
#2546 = CARTESIAN_POINT ( 'NONE',  ( -15.25892807029999965, 0.8152053292530000439, 22.78563916260000255 ) ) ;
#2547 = CARTESIAN_POINT ( 'NONE',  ( -17.33123554109999986, 3.343061774909999784, 4.434163469400000501 ) ) ;
#2548 = VECTOR ( 'NONE', #1978, 1000.000000000000114 ) ;
#2549 = EDGE_CURVE ( 'NONE', #1020, #4490, #1417, .T. ) ;
#2550 = CARTESIAN_POINT ( 'NONE',  ( -19.47159061500000021, 3.806299364719999634, 4.808721556640000117 ) ) ;
#2551 = ORIENTED_EDGE ( 'NONE', *, *, #969, .F. ) ;
#2552 = CARTESIAN_POINT ( 'NONE',  ( -8.799186876949999458, -17.94716706970000430, 21.01573117799999935 ) ) ;
#2553 = CARTESIAN_POINT ( 'NONE',  ( 2.577074668639999899, -3.457062132249999920, 23.43818862999999908 ) ) ;
#2554 = AXIS2_PLACEMENT_3D ( 'NONE', #6604, #7210, #1314 ) ;
#2555 = CARTESIAN_POINT ( 'NONE',  ( -12.84683463080000010, -18.33479467069999913, 23.29999802580000079 ) ) ;
#2556 = CARTESIAN_POINT ( 'NONE',  ( -18.19022786820000093, -18.99791377609999898, 24.00430220750000032 ) ) ;
#2557 = CARTESIAN_POINT ( 'NONE',  ( -21.18893532425450843, -21.17666293962661683, 4.568874989366650041 ) ) ;
#2558 = EDGE_CURVE ( 'NONE', #3239, #4492, #6334, .T. ) ;
#2559 = CARTESIAN_POINT ( 'NONE',  ( -28.12055708120000119, 3.504270800420000054, 8.293793297980000645 ) ) ;
#2560 = AXIS2_PLACEMENT_3D ( 'NONE', #1591, #6750, #6842 ) ;
#2561 = CARTESIAN_POINT ( 'NONE',  ( -7.397824910689999811, 0.3616436473560000198, 8.508990528430000921 ) ) ;
#2562 = ORIENTED_EDGE ( 'NONE', *, *, #1967, .T. ) ;
#2563 = B_SPLINE_CURVE_WITH_KNOTS ( 'NONE', 4,
 ( #7712, #6948, #3128, #7758, #4980 ),
 .UNSPECIFIED., .F., .F.,
 ( 5, 5 ),
 ( -3.699762161410000250, 0.000000000000000000 ),
 .UNSPECIFIED. ) ;
#2564 = CARTESIAN_POINT ( 'NONE',  ( -21.56239132040000328, -21.40287633710000037, 5.988545918970000770 ) ) ;
#2565 = CARTESIAN_POINT ( 'NONE',  ( 2.143972051120000000, 0.5731242288500000281, 19.72921962529999718 ) ) ;
#2566 = DIRECTION ( 'NONE',  ( 1.000000000000000000, 6.123233995739999133E-17, 6.123233995739999133E-17 ) ) ;
#2567 = CIRCLE ( 'NONE', #7100, 10.00000000050000004 ) ;
#2568 = CARTESIAN_POINT ( 'NONE',  ( -15.34657712090000103, -19.99336357259999986, 4.308336378949999101 ) ) ;
#2569 = B_SPLINE_SURFACE_WITH_KNOTS ( 'NONE', 5, 5, ( 
 ( #5069, #4412, #7673, #3175, #1055, #5788 ),
 ( #5111, #8399, #6901, #8264, #7627, #5021 ),
 ( #7036, #1137, #3769, #1829, #6385, #4456 ),
 ( #500, #5751, #3368, #5322, #7205, #2650 ),
 ( #7802, #5202, #4544, #4586, #2690, #1920 ),
 ( #6600, #1307, #3949, #126, #3903, #5951 ),
 ( #3213, #2564, #7925, #5283, #44, #1267 ),
 ( #702, #7287, #5828, #1395, #3295, #7123 ),
 ( #3986, #6519, #1962, #6565, #4019, #626 ) ),
 .UNSPECIFIED., .F., .F., .F.,
 ( 6, 3, 6 ),
 ( 6, 6 ),
 ( 15.25669433030000022, 22.69550267199999993, 34.25416345850000255 ),
 ( 0.000000000000000000, 0.7997982716929999958 ),
 .UNSPECIFIED. ) ;
#2570 = FACE_OUTER_BOUND ( 'NONE', #6253, .T. ) ;
#2571 = CARTESIAN_POINT ( 'NONE',  ( 3.277448522235864026, -10.52149493172491823, 23.54613810932980655 ) ) ;
#2572 = CARTESIAN_POINT ( 'NONE',  ( -5.669375360727019419, -22.28479467083333176, 15.68412352779588836 ) ) ;
#2573 = VECTOR ( 'NONE', #6764, 1000.000000000000114 ) ;
#2574 = ORIENTED_EDGE ( 'NONE', *, *, #1241, .F. ) ;
#2575 = CARTESIAN_POINT ( 'NONE',  ( 2.619374955300000085, -13.92213153750000032, 5.081114408290000384 ) ) ;
#2576 = CARTESIAN_POINT ( 'NONE',  ( -18.54286443410000018, 3.858121478889999789, 23.87113329899999670 ) ) ;
#2577 = CARTESIAN_POINT ( 'NONE',  ( -27.59703368129267531, -15.84866067247489241, 21.24677216080729991 ) ) ;
#2578 = CARTESIAN_POINT ( 'NONE',  ( 2.450923220459999996, -14.33240501280000068, 23.55807619029999955 ) ) ;
#2579 = FACE_OUTER_BOUND ( 'NONE', #3978, .T. ) ;
#2580 = DIRECTION ( 'NONE',  ( -0.03489949670249896385, -0.9993908270190958731, 3.469446951953626180E-14 ) ) ;
#2581 = CARTESIAN_POINT ( 'NONE',  ( -28.23102537052127659, 3.500413162986411031, 8.407104806429998689 ) ) ;
#2582 = ORIENTED_EDGE ( 'NONE', *, *, #5482, .T. ) ;
#2583 = CARTESIAN_POINT ( 'NONE',  ( -17.69900387919999929, -19.20779262059999937, 4.598726960089999594 ) ) ;
#2584 = ADVANCED_FACE ( 'NONE', ( #113 ), #7234, .T. ) ;
#2585 = VERTEX_POINT ( 'NONE', #770 ) ;
#2586 = CARTESIAN_POINT ( 'NONE',  ( 2.590735491160000237, -17.90263618790000066, 8.851131175709999965 ) ) ;
#2587 = CARTESIAN_POINT ( 'NONE',  ( -8.708647055180001928, -14.50563146110000012, 4.799998025759999898 ) ) ;
#2588 = DIRECTION ( 'NONE',  ( 0.000000000000000000, 0.7071067811865473507, -0.7071067811865477948 ) ) ;
#2589 = CARTESIAN_POINT ( 'NONE',  ( -25.08442580295722379, 3.394849176161639281, 4.840616018115389885 ) ) ;
#2590 = CARTESIAN_POINT ( 'NONE',  ( -16.13179577276761734, 2.507498881578638539, 4.227891272973294257 ) ) ;
#2591 = CARTESIAN_POINT ( 'NONE',  ( -28.29871058499067260, 3.282603865303845403, 20.54509525714836471 ) ) ;
#2592 = FACE_OUTER_BOUND ( 'NONE', #1818, .T. ) ;
#2593 = CARTESIAN_POINT ( 'NONE',  ( -15.73182112983712777, -19.93015487754386328, 4.372921000756102572 ) ) ;
#2594 = EDGE_LOOP ( 'NONE', ( #5079, #5044, #6043, #8096 ) ) ;
#2595 = CARTESIAN_POINT ( 'NONE',  ( -8.858040164340964751, -18.06729835880313217, 20.94365081358647984 ) ) ;
#2596 = CARTESIAN_POINT ( 'NONE',  ( 2.576984753010000073, -18.00497403079999970, 8.976595434900000114 ) ) ;
#2597 = CARTESIAN_POINT ( 'NONE',  ( -18.79840975640000167, -18.72035660430000448, 4.586001336489999858 ) ) ;
#2598 = CARTESIAN_POINT ( 'NONE',  ( 3.199497448940000321, -6.405596280160000155, 4.963150816619999794 ) ) ;
#2599 = LINE ( 'NONE', #893, #7623 ) ;
#2600 = B_SPLINE_CURVE_WITH_KNOTS ( 'NONE', 3,
 ( #6378, #1866, #3170, #4364 ),
 .UNSPECIFIED., .F., .F.,
 ( 4, 4 ),
 ( 0.000000000000000000, 1.000000000000000000 ),
 .UNSPECIFIED. ) ;
#2601 = CARTESIAN_POINT ( 'NONE',  ( -16.95560365929999946, -19.51224756059999876, 4.538354147840000685 ) ) ;
#2602 = CARTESIAN_POINT ( 'NONE',  ( -7.568741379719999607, 0.6652053292449999766, 9.050071589979998166 ) ) ;
#2603 = EDGE_CURVE ( 'NONE', #1274, #1245, #7561, .T. ) ;
#2604 = ORIENTED_EDGE ( 'NONE', *, *, #4182, .T. ) ;
#2605 = CARTESIAN_POINT ( 'NONE',  ( -26.71827834332644258, -2.234794671489997331, 22.12552749877354685 ) ) ;
#2606 = CARTESIAN_POINT ( 'NONE',  ( 3.004761068889999720, -18.24847494429999983, 11.31362532270000010 ) ) ;
#2607 = CARTESIAN_POINT ( 'NONE',  ( 2.472063575419999992, -18.23418198919999966, 19.46997641039999749 ) ) ;
#2608 = CARTESIAN_POINT ( 'NONE',  ( -9.299189119659999392, -14.93815458979999988, 23.79999802580000079 ) ) ;
#2609 = ADVANCED_FACE ( 'NONE', ( #2592 ), #6064, .T. ) ;
#2610 = CARTESIAN_POINT ( 'NONE',  ( -18.83567519880000063, 4.028691245930000164, 4.998099599309999697 ) ) ;
#2611 = CARTESIAN_POINT ( 'NONE',  ( -5.848062862047312294, 2.605672700000952080, 9.428614098421412848 ) ) ;
#2612 = B_SPLINE_CURVE_WITH_KNOTS ( 'NONE', 3,
 ( #973, #2407, #6962, #1108, #5032, #3008, #7511, #7592, #6176, #1714, #335, #465, #5718, #7682 ),
 .UNSPECIFIED., .F., .F.,
 ( 4, 2, 2, 2, 2, 2, 4 ),
 ( 0.000000000000000000, 0.2499999999999998890, 0.3750000000000003331, 0.5000000000000002220, 0.6250000000000001110, 0.7500000000000001110, 1.000000000000000000 ),
 .UNSPECIFIED. ) ;
#2613 = CARTESIAN_POINT ( 'NONE',  ( -21.34666914730000187, -21.41040952099999828, 5.961035682040000339 ) ) ;
#2614 = EDGE_CURVE ( 'NONE', #185, #4915, #7904, .T. ) ;
#2615 = ADVANCED_FACE ( 'NONE', ( #2111 ), #982, .F. ) ;
#2616 = ORIENTED_EDGE ( 'NONE', *, *, #1706, .T. ) ;
#2617 = CARTESIAN_POINT ( 'NONE',  ( -19.28832972380000044, 3.986824611760000359, 23.40936192050000386 ) ) ;
#2618 = CARTESIAN_POINT ( 'NONE',  ( -7.473801816359999961, -18.23868180259999860, 19.85223735940000012 ) ) ;
#2619 = ADVANCED_FACE ( 'NONE', ( #4736 ), #6704, .F. ) ;
#2620 = CARTESIAN_POINT ( 'NONE',  ( 2.583099578330000146, -14.08154302089999987, 23.50201337509999888 ) ) ;
#2621 = CARTESIAN_POINT ( 'NONE',  ( -8.799189362029999018, -2.119062467250000026, 5.187625589889999667 ) ) ;
#2622 = CARTESIAN_POINT ( 'NONE',  ( -16.92974458109999958, -19.48158202160000130, 4.580521842369999597 ) ) ;
#2623 = FACE_OUTER_BOUND ( 'NONE', #6789, .T. ) ;
#2624 = CARTESIAN_POINT ( 'NONE',  ( 3.091064675920000226, -14.29075471540000031, 11.14999802539999862 ) ) ;
#2625 = EDGE_LOOP ( 'NONE', ( #1724, #635, #533, #6254 ) ) ;
#2626 = ORIENTED_EDGE ( 'NONE', *, *, #5089, .T. ) ;
#2627 = FACE_OUTER_BOUND ( 'NONE', #4575, .T. ) ;
#2628 = ADVANCED_FACE ( 'NONE', ( #223 ), #6098, .T. ) ;
#2629 = DIRECTION ( 'NONE',  ( 0.5000000000001796341, -0.6123724356952207071, 0.6123724356962216842 ) ) ;
#2631 = ORIENTED_EDGE ( 'NONE', *, *, #6640, .F. ) ;
#2630 = CARTESIAN_POINT ( 'NONE',  ( -14.66607790229999964, 0.8152053292530000439, 5.797128189539999532 ) ) ;
#2632 = CARTESIAN_POINT ( 'NONE',  ( -18.70068339230000021, 1.193162666289999896, 24.11801273469999884 ) ) ;
#2633 = CARTESIAN_POINT ( 'NONE',  ( -15.82829052692624394, 2.573552247098130685, 4.193194180871560484 ) ) ;
#2634 = EDGE_CURVE ( 'NONE', #6732, #1097, #2198, .T. ) ;
#2635 = CARTESIAN_POINT ( 'NONE',  ( -11.98279315900000164, 0.4202724429149999885, 23.47360215540000183 ) ) ;
#2636 = ORIENTED_EDGE ( 'NONE', *, *, #583, .T. ) ;
#2637 = CARTESIAN_POINT ( 'NONE',  ( -6.269251729467754330, 0.8152053292530001549, 13.68144001791229769 ) ) ;
#2638 = B_SPLINE_CURVE_WITH_KNOTS ( 'NONE', 5,
 ( #2010, #5952, #3987, #742, #2691, #4754 ),
 .UNSPECIFIED., .F., .F.,
 ( 6, 6 ),
 ( -0.2685580411920000521, 0.000000000000000000 ),
 .UNSPECIFIED. ) ;
#2639 = CARTESIAN_POINT ( 'NONE',  ( -24.91604177909999862, -21.28576428000000220, 23.64543633969999803 ) ) ;
#2640 = ORIENTED_EDGE ( 'NONE', *, *, #6377, .F. ) ;
#2641 = CARTESIAN_POINT ( 'NONE',  ( -24.33737917940000273, 7.215205329249999799, 17.41103674509999877 ) ) ;
#2642 = FACE_OUTER_BOUND ( 'NONE', #8445, .T. ) ;
#2643 = B_SPLINE_CURVE_WITH_KNOTS ( 'NONE', 5,
 ( #200, #2780, #2817, #1522, #8009, #5450 ),
 .UNSPECIFIED., .F., .F.,
 ( 6, 6 ),
 ( -0.5540722346999999992, 0.000000000000000000 ),
 .UNSPECIFIED. ) ;
#2644 = CARTESIAN_POINT ( 'NONE',  ( 2.200207563710000258, -3.918072262149999485, 23.79999802580000079 ) ) ;
#2645 = CARTESIAN_POINT ( 'NONE',  ( 2.401679137759999971, -3.808184888450000027, 4.831228373710000135 ) ) ;
#2646 = CARTESIAN_POINT ( 'NONE',  ( -16.64409169070000161, -19.64449239490000210, 4.511896265160000752 ) ) ;
#2647 = CARTESIAN_POINT ( 'NONE',  ( -16.88751567759999972, 1.940532848860000215, 24.26071641120000066 ) ) ;
#2648 = ADVANCED_FACE ( 'NONE', ( #1545 ), #4090, .F. ) ;
#2649 = ORIENTED_EDGE ( 'NONE', *, *, #376, .T. ) ;
#2650 = CARTESIAN_POINT ( 'NONE',  ( -24.90382253159999948, -21.75136857960000114, 15.01488841649999983 ) ) ;
#2651 = CARTESIAN_POINT ( 'NONE',  ( 2.401678992529999945, -18.30356433369999891, 9.273388210180000257 ) ) ;
#2652 = CARTESIAN_POINT ( 'NONE',  ( 2.619375564760000330, -18.05367916199999812, 9.212664631240000901 ) ) ;
#2653 = ORIENTED_EDGE ( 'NONE', *, *, #4449, .F. ) ;
#2654 = CARTESIAN_POINT ( 'NONE',  ( -26.64380781629999717, -18.03479467040000017, 22.19999802579999937 ) ) ;
#2655 = CARTESIAN_POINT ( 'NONE',  ( -18.09826473320000062, 3.912133423179999792, 4.684610169229999066 ) ) ;
#2656 = B_SPLINE_CURVE_WITH_KNOTS ( 'NONE', 5,
 ( #3015, #5726, #3613, #7557, #5642, #6228 ),
 .UNSPECIFIED., .F., .F.,
 ( 6, 6 ),
 ( -0.2970982144490000310, 0.000000000000000000 ),
 .UNSPECIFIED. ) ;
#2657 = CARTESIAN_POINT ( 'NONE',  ( -23.19179967009999999, 3.733220437029999506, 20.34204161819999968 ) ) ;
#2658 = DIRECTION ( 'NONE',  ( -0.03489949670250344638, 0.000000000000000000, -0.9993908270190957621 ) ) ;
#2659 = VERTEX_POINT ( 'NONE', #3572 ) ;
#2660 = CARTESIAN_POINT ( 'NONE',  ( -19.26638654459999955, 4.288545054450000116, 23.34392587259999630 ) ) ;
#2661 = VERTEX_POINT ( 'NONE', #6058 ) ;
#2662 = CARTESIAN_POINT ( 'NONE',  ( 3.173513401780000187, 0.5015782521830000062, 16.65438816869999883 ) ) ;
#2663 = CARTESIAN_POINT ( 'NONE',  ( -15.34974099885790189, -20.17740898769173796, 24.34602266670931670 ) ) ;
#2664 = CARTESIAN_POINT ( 'NONE',  ( -15.35381834290000036, 2.461491667780000281, 24.41608119940000066 ) ) ;
#2665 = DIRECTION ( 'NONE',  ( 1.000000000000000000, 7.897900535201049667E-18, 6.123233995739109199E-17 ) ) ;
#2666 = ADVANCED_FACE ( 'NONE', ( #183 ), #6144, .F. ) ;
#2667 = CARTESIAN_POINT ( 'NONE',  ( 2.403134668109999872, -17.33673640479999989, 20.67881749310000217 ) ) ;
#2668 = CARTESIAN_POINT ( 'NONE',  ( -18.11680907670000096, -18.85728193290000121, 4.672990220880000045 ) ) ;
#2669 = VERTEX_POINT ( 'NONE', #266 ) ;
#2670 = CARTESIAN_POINT ( 'NONE',  ( -17.00698620430000219, 2.094535695079999815, 4.370957890400000601 ) ) ;
#2671 = ORIENTED_EDGE ( 'NONE', *, *, #8440, .F. ) ;
#2672 = LINE ( 'NONE', #4652, #496 ) ;
#2673 = DIRECTION ( 'NONE',  ( -1.000000000000000000, 0.000000000000000000, 3.771137991253928573E-16 ) ) ;
#2674 = B_SPLINE_CURVE_WITH_KNOTS ( 'NONE', 3,
 ( #2345, #3076, #4319, #4929, #7619, #360, #2432, #3679, #6939, #1091, #7706, #1047, #3760, #6292, #7069, #407, #5700, #3627, #8298, #3035, #1821, #2992, #4362, #5617, #1783, #1129, #7030, #6987, #6375, #5744, #8349, #5572, #7535, #4446, #1171, #3809, #6427, #8213, #536, #1649, #8172, #4274, #6630, #77, #663, #5946, #3207, #7749, #7794, #7881, #1864, #4495, #5190, #3167 ),
 .UNSPECIFIED., .F., .F.,
 ( 4, 1, 1, 2, 2, 1, 1, 1, 2, 2, 1, 1, 1, 2, 2, 2, 2, 2, 1, 2, 2, 1, 1, 2, 2, 1, 1, 1, 2, 2, 1, 1, 2, 2, 4 ),
 ( 0.000000000000000000, 0.06249999999999762690, 0.09374999999999571176, 0.1093749999999947403, 0.1249999999999937689, 0.1874999999999929778, 0.2187499999999931444, 0.2343749999999931999, 0.2421874999999927558, 0.2499999999999922839, 0.3124999999999935607, 0.3437499999999947820, 0.3593749999999953371, 0.3671874999999956701, 0.3749999999999959477, 0.4062499999999965583, 0.4374999999999971689, 0.4999999999999987788, 0.5312499999999996669, 0.5468750000000003331, 0.5625000000000009992, 0.5937500000000028866, 0.6093750000000042188, 0.6171875000000044409, 0.6250000000000046629, 0.6875000000000097700, 0.7187500000000121014, 0.7343750000000134337, 0.7421875000000140998, 0.7500000000000147660, 0.8125000000000148770, 0.8437500000000142109, 0.8593750000000137668, 0.8750000000000133227, 1.000000000000000000 ),
 .UNSPECIFIED. ) ;
#2675 = CARTESIAN_POINT ( 'NONE',  ( -16.72785707828098012, 2.298882553543944329, 4.318777185418044340 ) ) ;
#2676 = CARTESIAN_POINT ( 'NONE',  ( -18.20717562329999595, -21.60827312979999704, 4.686849603790000707 ) ) ;
#2677 = CARTESIAN_POINT ( 'NONE',  ( -9.980365615210960328, 0.8152053292529899409, 21.34747426328673114 ) ) ;
#2678 = CARTESIAN_POINT ( 'NONE',  ( -24.82521577630000209, -21.08460742789999998, 23.90364599449999972 ) ) ;
#2679 = EDGE_LOOP ( 'NONE', ( #4280, #7672, #1410, #777 ) ) ;
#2680 = CARTESIAN_POINT ( 'NONE',  ( -15.54943204090000108, 5.406541474239999978, 27.77719277310000123 ) ) ;
#2681 = CARTESIAN_POINT ( 'NONE',  ( -18.16310330780000015, 3.788314561109999978, 4.572939048210000301 ) ) ;
#2682 = EDGE_LOOP ( 'NONE', ( #2480, #8320, #1104, #6651, #7162, #6752, #799, #6148, #2912, #5300, #4790, #5053, #2361, #3605, #2489, #5455, #7396, #7498, #4585, #1213, #7693, #4659, #7671, #6667 ) ) ;
#2683 = CARTESIAN_POINT ( 'NONE',  ( 2.590735491169999793, 0.2330468464620000235, 19.74886487579999894 ) ) ;
#2684 = CARTESIAN_POINT ( 'NONE',  ( 2.164633051259999608, -3.712452756019999800, 23.79999797460000011 ) ) ;
#2685 = AXIS2_PLACEMENT_3D ( 'NONE', #7863, #3227, #3834 ) ;
#2686 = CARTESIAN_POINT ( 'NONE',  ( -6.865656221750001009, -14.39737700049999880, 4.981819171120000611 ) ) ;
#2687 = B_SPLINE_CURVE_WITH_KNOTS ( 'NONE', 3,
 ( #3584, #3033, #4317, #2430, #4360, #5615 ),
 .UNSPECIFIED., .F., .F.,
 ( 4, 2, 4 ),
 ( 0.000000000000000000, 0.5000000000000000000, 1.000000000000000000 ),
 .UNSPECIFIED. ) ;
#2688 = AXIS2_PLACEMENT_3D ( 'NONE', #7436, #7999, #120 ) ;
#2689 = ORIENTED_EDGE ( 'NONE', *, *, #290, .T. ) ;
#2690 = CARTESIAN_POINT ( 'NONE',  ( -24.76648443849999737, -21.60658378020000114, 11.30046578839999860 ) ) ;
#2691 = CARTESIAN_POINT ( 'NONE',  ( -17.04516904549999978, -19.65290207019999968, 4.479755203879999925 ) ) ;
#2692 = CARTESIAN_POINT ( 'NONE',  ( -16.20342994079999954, 2.260285929150000150, 24.26948187600000040 ) ) ;
#2693 = CONICAL_SURFACE ( 'NONE', #7767, 0.3860829935059987283, 0.7853981633970000820 ) ;
#2694 = CARTESIAN_POINT ( 'NONE',  ( 2.368533374380000112, 0.3731074594600000127, 19.93281185369999875 ) ) ;
#2695 = AXIS2_PLACEMENT_3D ( 'NONE', #8002, #4703, #1392 ) ;
#2696 = EDGE_CURVE ( 'NONE', #7453, #3204, #5629, .T. ) ;
#2697 = CARTESIAN_POINT ( 'NONE',  ( -18.16310330780000015, 3.788314561109999978, 4.572939048210000301 ) ) ;
#2698 = CARTESIAN_POINT ( 'NONE',  ( -17.63011885123826872, -21.80201627591638314, 4.660327675751657850 ) ) ;
#2699 = ORIENTED_EDGE ( 'NONE', *, *, #3914, .T. ) ;
#2700 = CARTESIAN_POINT ( 'NONE',  ( -24.72952281030000066, -8.768162967800000374, 5.192819800989999734 ) ) ;
#2701 = APPROVAL_STATUS ( 'not_yet_approved' ) ;
#2702 = ORIENTED_EDGE ( 'NONE', *, *, #4, .F. ) ;
#2703 = VECTOR ( 'NONE', #2194, 1000.000000000000114 ) ;
#2704 = CARTESIAN_POINT ( 'NONE',  ( 2.157726972519999897, -18.04190186019999942, 8.626344030800000340 ) ) ;
#2705 = CARTESIAN_POINT ( 'NONE',  ( 2.997341722699999877, 0.6652053292599999779, 14.64381952559999966 ) ) ;
#2706 = CARTESIAN_POINT ( 'NONE',  ( 2.294021064879999905, -13.83137358309999954, 4.799998033009999610 ) ) ;
#2707 = CARTESIAN_POINT ( 'NONE',  ( -8.035361991765332945, -2.705523123646671468, 5.134360628140887783 ) ) ;
#2708 = EDGE_CURVE ( 'NONE', #874, #6540, #1115, .T. ) ;
#2709 = FACE_BOUND ( 'NONE', #5496, .T. ) ;
#2710 = CARTESIAN_POINT ( 'NONE',  ( -9.183861724800001625, -2.590187967239999889, 4.799998105900000311 ) ) ;
#2711 = AXIS2_PLACEMENT_3D ( 'NONE', #5084, #3612, #6227 ) ;
#2712 = CARTESIAN_POINT ( 'NONE',  ( -21.18893532420000270, -18.60605334270000100, 20.69999802579999937 ) ) ;
#2713 = APPLICATION_CONTEXT ( 'configuration controlled 3d designs of mechanical parts and assemblies' ) ;
#2714 = ORIENTED_EDGE ( 'NONE', *, *, #5273, .F. ) ;
#2715 = CARTESIAN_POINT ( 'NONE',  ( 3.341264215596153164, -7.982953518901164003, 5.050840208520808616 ) ) ;
#2716 = EDGE_CURVE ( 'NONE', #8242, #324, #7734, .T. ) ;
#2717 = CARTESIAN_POINT ( 'NONE',  ( -8.140505687630000153, -14.18000107970000023, 4.799998025759999898 ) ) ;
#2718 = CARTESIAN_POINT ( 'NONE',  ( -18.21754501919999569, -19.04917258379999723, 24.00251220799999885 ) ) ;
#2719 = CARTESIAN_POINT ( 'NONE',  ( -28.15427768549999854, -21.17268259239999750, 20.20539589459999874 ) ) ;
#2720 = CARTESIAN_POINT ( 'NONE',  ( -12.25971635719999853, 0.5773042456830000946, 23.44266026540000070 ) ) ;
#2721 = CARTESIAN_POINT ( 'NONE',  ( -6.398462179295416163, 0.8152053292529967132, 15.90004320732315790 ) ) ;
#2722 = VERTEX_POINT ( 'NONE', #474 ) ;
#2723 = LINE ( 'NONE', #4094, #6398 ) ;
#2724 = ORIENTED_EDGE ( 'NONE', *, *, #49, .F. ) ;
#2725 = ORIENTED_EDGE ( 'NONE', *, *, #6432, .T. ) ;
#2726 = CARTESIAN_POINT ( 'NONE',  ( -25.69058195970949399, -0.04866066411527126406, 5.446772169169495470 ) ) ;
#2727 = FACE_BOUND ( 'NONE', #5660, .T. ) ;
#2728 = VERTEX_POINT ( 'NONE', #4429 ) ;
#2729 = CARTESIAN_POINT ( 'NONE',  ( -18.21754469249999886, -19.04917281009999996, 4.597483851420000711 ) ) ;
#2730 = CARTESIAN_POINT ( 'NONE',  ( 2.786123160689999878, -12.34204474260000062, 4.829373340620000121 ) ) ;
#2731 = CARTESIAN_POINT ( 'NONE',  ( 2.991064675920000138, -8.834794670739999134, 14.29999802579999901 ) ) ;
#2732 = CARTESIAN_POINT ( 'NONE',  ( -28.29736115507521177, 3.205321612509322460, 20.54644462255277659 ) ) ;
#2733 = CARTESIAN_POINT ( 'NONE',  ( 2.164633821540000280, -13.95713234239999956, 4.799999268960000620 ) ) ;
#2734 = LINE ( 'NONE', #8446, #1573 ) ;
#2735 = VERTEX_POINT ( 'NONE', #5041 ) ;
#2736 = CARTESIAN_POINT ( 'NONE',  ( 3.154797738160000087, -18.25114688800000096, 12.31850821910000171 ) ) ;
#2737 = CARTESIAN_POINT ( 'NONE',  ( -15.35552083239999988, 2.561719315459999979, 24.44533404510000096 ) ) ;
#2738 = EDGE_CURVE ( 'NONE', #3707, #6175, #2337, .T. ) ;
#2739 = CARTESIAN_POINT ( 'NONE',  ( 2.157722703700000189, -14.50844915709999938, 5.092890890630000555 ) ) ;
#2740 = B_SPLINE_CURVE_WITH_KNOTS ( 'NONE', 3,
 ( #6804, #8130, #3721, #8393, #6940, #5823, #408, #8350, #1130, #7750, #1172, #2433, #5014, #7031, #8299, #7666, #3208, #2513, #4363, #6989 ),
 .UNSPECIFIED., .F., .F.,
 ( 4, 2, 1, 2, 2, 2, 2, 1, 2, 2, 4 ),
 ( 0.000000000000000000, 0.1249999999999997502, 0.1874999999999998890, 0.2187499999999998890, 0.2499999999999998890, 0.4999999999999994449, 0.6249999999999992228, 0.6874999999999990008, 0.7187499999999988898, 0.7499999999999987788, 1.000000000000000000 ),
 .UNSPECIFIED. ) ;
#2741 = CARTESIAN_POINT ( 'NONE',  ( -5.698143043340111014, 2.600437768909993341, 18.97423495243544878 ) ) ;
#2742 = LINE ( 'NONE', #8012, #745 ) ;
#2743 = VERTEX_POINT ( 'NONE', #3745 ) ;
#2744 = VERTEX_POINT ( 'NONE', #8376 ) ;
#2745 = EDGE_LOOP ( 'NONE', ( #1732, #5838, #2952, #2499, #2699, #6252, #4379 ) ) ;
#2746 = CARTESIAN_POINT ( 'NONE',  ( -11.98346281939999969, -17.98095831129999667, 5.018332668510000261 ) ) ;
#2747 = CARTESIAN_POINT ( 'NONE',  ( 2.572246403899999923, 0.4845789622419999776, 19.37418750720000205 ) ) ;
#2748 = CARTESIAN_POINT ( 'NONE',  ( -24.75025399929999992, -21.08596847160000110, 4.693238936290000218 ) ) ;
#2749 = CARTESIAN_POINT ( 'NONE',  ( -19.16813405759999966, -18.48479466999999943, 24.02222071909999812 ) ) ;
#2750 = CARTESIAN_POINT ( 'NONE',  ( -28.44380785439999570, -20.87286534440000096, 8.407104541499998973 ) ) ;
#2751 = CARTESIAN_POINT ( 'NONE',  ( -8.799186876949999458, -17.94716706970000430, 21.01573117799999935 ) ) ;
#2752 = ORIENTED_EDGE ( 'NONE', *, *, #6379, .T. ) ;
#2753 = CARTESIAN_POINT ( 'NONE',  ( -17.69900333080000010, -19.20779281809999972, 24.00126921460000062 ) ) ;
#2754 = VERTEX_POINT ( 'NONE', #1072 ) ;
#2755 = CARTESIAN_POINT ( 'NONE',  ( -24.84517792330000319, -21.28823890239999983, 5.020384478379999571 ) ) ;
#2756 = CARTESIAN_POINT ( 'NONE',  ( 2.186367865349999828, -18.33479467069999913, 19.26654564780000101 ) ) ;
#2757 = CARTESIAN_POINT ( 'NONE',  ( -17.34230116839999880, 3.942651973719999869, 4.519581477269999148 ) ) ;
#2758 = CARTESIAN_POINT ( 'NONE',  ( -15.35032645010000074, 2.388305748110000071, 4.243913882760000256 ) ) ;
#2759 = CARTESIAN_POINT ( 'NONE',  ( 2.731283484990000066, -15.01554044000000054, 5.955950423100000002 ) ) ;
#2760 = CARTESIAN_POINT ( 'NONE',  ( -24.81044331020000016, 3.583132953499999829, 23.79262866390000042 ) ) ;
#2761 = VERTEX_POINT ( 'NONE', #8281 ) ;
#2762 = CARTESIAN_POINT ( 'NONE',  ( -16.64159487860374043, 3.617357400280827751, 4.349760623137228777 ) ) ;
#2763 = APPROVAL ( #6185, 'Coincident' ) ;
#2764 = ORIENTED_EDGE ( 'NONE', *, *, #4401, .F. ) ;
#2765 = CARTESIAN_POINT ( 'NONE',  ( -23.97774044899999879, -21.31853048660000027, 9.280473295710001125 ) ) ;
#2766 = ORIENTED_EDGE ( 'NONE', *, *, #6788, .T. ) ;
#2767 = CARTESIAN_POINT ( 'NONE',  ( -16.69129996829999740, -19.71757584590000079, 24.15889145429999729 ) ) ;
#2768 = EDGE_CURVE ( 'NONE', #2728, #4013, #885, .T. ) ;
#2769 = CARTESIAN_POINT ( 'NONE',  ( -25.06095971579999926, 3.503044331809999967, 4.867859406339999140 ) ) ;
#2770 = CARTESIAN_POINT ( 'NONE',  ( 3.250944121029999856, -11.27215356159999970, 23.54429782749999944 ) ) ;
#2771 = CARTESIAN_POINT ( 'NONE',  ( 3.250944121019999855, -6.397435779850000337, 5.055698223990000351 ) ) ;
#2772 = EDGE_CURVE ( 'NONE', #3616, #6973, #7349, .T. ) ;
#2773 = CARTESIAN_POINT ( 'NONE',  ( -28.15427766439999857, 3.503093251699999744, 8.407104806430000465 ) ) ;
#2774 = CARTESIAN_POINT ( 'NONE',  ( -17.11552367619999870, 3.593604777300000386, 24.17965058540000101 ) ) ;
#2775 = CARTESIAN_POINT ( 'NONE',  ( -5.989245699096281683, -21.98479467069999416, 9.505742639757960077 ) ) ;
#2776 = CARTESIAN_POINT ( 'NONE',  ( 2.472062695700000035, -3.664813015410000041, 23.69938605069999937 ) ) ;
#2777 = VERTEX_POINT ( 'NONE', #7098 ) ;
#2778 = FACE_OUTER_BOUND ( 'NONE', #4175, .T. ) ;
#2779 = CARTESIAN_POINT ( 'NONE',  ( 2.263125778970000113, -18.05231066470000201, 19.96324365389999755 ) ) ;
#2780 = CARTESIAN_POINT ( 'NONE',  ( 2.572249129229999820, 0.4845793550290000140, 9.225808538580000828 ) ) ;
#2781 = CARTESIAN_POINT ( 'NONE',  ( -12.11537533271587108, 0.4908980539140120891, 23.43142331593290706 ) ) ;
#2782 = CARTESIAN_POINT ( 'NONE',  ( -21.18893532420000270, 0.8152053285050000486, 24.03112106300000050 ) ) ;
#2783 = ORIENTED_EDGE ( 'NONE', *, *, #3434, .F. ) ;
#2784 = EDGE_CURVE ( 'NONE', #4490, #4114, #3678, .T. ) ;
#2785 = DIRECTION ( 'NONE',  ( -6.994852725712931474E-17, 1.000000000000000000, 0.000000000000000000 ) ) ;
#2786 = EDGE_LOOP ( 'NONE', ( #1636, #2268, #4411, #6644, #1995 ) ) ;
#2787 = CARTESIAN_POINT ( 'NONE',  ( 3.205439727070000355, 0.5824676203590001267, 12.67830286989999955 ) ) ;
#2788 = DIRECTION ( 'NONE',  ( -6.883823316548779095E-17, 1.000000000000000000, 0.000000000000000000 ) ) ;
#2789 = CARTESIAN_POINT ( 'NONE',  ( 2.463939954720000269, -3.251510806789999819, 23.47721416790000148 ) ) ;
#2790 = CARTESIAN_POINT ( 'NONE',  ( 2.403122491990000054, -15.21354408430000049, 22.80200979730000199 ) ) ;
#2791 = CARTESIAN_POINT ( 'NONE',  ( -27.84387836489741375, -17.23569248369668117, 7.600068574357385920 ) ) ;
#2792 = ORIENTED_EDGE ( 'NONE', *, *, #862, .T. ) ;
#2793 = CARTESIAN_POINT ( 'NONE',  ( -17.07149215519999785, -19.70418386339999728, 24.11221397179999926 ) ) ;
#2794 = CARTESIAN_POINT ( 'NONE',  ( -24.88141411229999989, 3.617384165379999850, 23.54859750770000204 ) ) ;
#2795 = DIRECTION ( 'NONE',  ( -1.000000000000000000, 0.000000000000000000, -9.013374660169999049E-16 ) ) ;
#2796 = FACE_OUTER_BOUND ( 'NONE', #8473, .T. ) ;
#2797 = CARTESIAN_POINT ( 'NONE',  ( -23.18893532340000263, -0.9347946707460000892, 22.19999802579999937 ) ) ;
#2798 = CARTESIAN_POINT ( 'NONE',  ( -28.36647467549999746, 3.388595968869999808, 8.194789568240000932 ) ) ;
#2799 = CARTESIAN_POINT ( 'NONE',  ( -25.06095997709999779, 3.503044316300000016, 23.73213621699999720 ) ) ;
#2800 = DIRECTION ( 'NONE',  ( -2.985759393769999632E-16, 0.000000000000000000, 1.000000000000000000 ) ) ;
#2801 = CARTESIAN_POINT ( 'NONE',  ( -24.83498627170000006, -21.28859480280000227, 23.58706204710000165 ) ) ;
#2802 = VERTEX_POINT ( 'NONE', #1029 ) ;
#2803 = CARTESIAN_POINT ( 'NONE',  ( -15.69949672639999960, -20.03678532620000041, 24.30031607629999968 ) ) ;
#2804 = CARTESIAN_POINT ( 'NONE',  ( -24.86806177809999951, 3.581365008210000145, 4.820941523780000182 ) ) ;
#2805 = CARTESIAN_POINT ( 'NONE',  ( 3.028382745670000098, -11.23757069969999911, 23.77190047779999915 ) ) ;
#2806 = CARTESIAN_POINT ( 'NONE',  ( -18.96930684242277820, 4.290444960140013642, 23.48733601321455922 ) ) ;
#2807 = ORIENTED_EDGE ( 'NONE', *, *, #1898, .F. ) ;
#2808 = ADVANCED_FACE ( 'NONE', ( #2623 ), #7820, .F. ) ;
#2809 = B_SPLINE_CURVE_WITH_KNOTS ( 'NONE', 3,
 ( #7476, #5355, #944, #6187, #7315, #1420, #1557, #4184, #8210, #8167, #2942, #3541, #6934, #4968, #3675, #2341, #443, #908, #8126 ),
 .UNSPECIFIED., .F., .F.,
 ( 4, 2, 1, 1, 2, 2, 2, 1, 2, 2, 4 ),
 ( 0.000000000000000000, 0.1249999999999866773, 0.1874999999999858447, 0.2187499999999854283, 0.2343749999999849565, 0.2499999999999845124, 0.3750000000000109912, 0.4375000000000306422, 0.4687500000000336953, 0.5000000000000367484, 1.000000000000000000 ),
 .UNSPECIFIED. ) ;
#2810 = CARTESIAN_POINT ( 'NONE',  ( -24.88141411229999989, 3.617384165379999850, 23.54859750770000204 ) ) ;
#2811 = CARTESIAN_POINT ( 'NONE',  ( -12.18447252600692821, -18.19056772822582602, 5.171242835101762303 ) ) ;
#2812 = CARTESIAN_POINT ( 'NONE',  ( -18.96194616089999840, -21.49368588269999947, 23.91714792090000330 ) ) ;
#2813 = EDGE_CURVE ( 'NONE', #2868, #3604, #6613, .T. ) ;
#2814 = CARTESIAN_POINT ( 'NONE',  ( -27.89639238269417731, -0.5834034740156203158, 20.94741345940581922 ) ) ;
#2815 = PLANE ( 'NONE',  #3529 ) ;
#2816 = CARTESIAN_POINT ( 'NONE',  ( -15.66568324269999835, 2.561719315459999979, 24.42728286929999726 ) ) ;
#2817 = CARTESIAN_POINT ( 'NONE',  ( 2.498073536300000175, 0.5713967495150000797, 9.246499583749999474 ) ) ;
#2818 = AXIS2_PLACEMENT_3D ( 'NONE', #6954, #1058, #3088 ) ;
#2819 = CARTESIAN_POINT ( 'NONE',  ( -12.84683463080000010, 0.6652053292599999779, 23.29999802580000079 ) ) ;
#2820 = CARTESIAN_POINT ( 'NONE',  ( 2.590736260719999962, 0.2330444032679999944, 8.851129697750000247 ) ) ;
#2821 = ORIENTED_EDGE ( 'NONE', *, *, #4093, .F. ) ;
#2822 = EDGE_LOOP ( 'NONE', ( #8097, #3083, #7006, #952 ) ) ;
#2823 = DIRECTION ( 'NONE',  ( 6.123233995739999133E-17, 1.000000000000000000, 1.301554129509999901E-15 ) ) ;
#2824 = CARTESIAN_POINT ( 'NONE',  ( 2.900636639390000049, 0.6652053292599999779, 12.70968564389999855 ) ) ;
#2825 = AXIS2_PLACEMENT_3D ( 'NONE', #2853, #4672, #7481 ) ;
#2826 = CARTESIAN_POINT ( 'NONE',  ( -25.08469538830000189, -21.07989496000000074, 4.840885540640000428 ) ) ;
#2827 = CARTESIAN_POINT ( 'NONE',  ( -23.70566072800000157, -21.38471164000000257, 19.19234031639999927 ) ) ;
#2828 = CARTESIAN_POINT ( 'NONE',  ( 2.751284304489999943, -16.52132076180000197, 21.27045479490000091 ) ) ;
#2829 = ORIENTED_EDGE ( 'NONE', *, *, #139, .F. ) ;
#2830 = CARTESIAN_POINT ( 'NONE',  ( -14.76507131800000039, 0.8152053292530000439, 14.29999802579999901 ) ) ;
#2831 = VECTOR ( 'NONE', #7588, 1000.000000000000000 ) ;
#2832 = EDGE_LOOP ( 'NONE', ( #1896, #115, #7410, #1470 ) ) ;
#2833 = CARTESIAN_POINT ( 'NONE',  ( -17.49764643359999994, -19.39109189230000041, 24.03434767850000142 ) ) ;
#2834 = PLANE ( 'NONE',  #6118 ) ;
#2835 = CARTESIAN_POINT ( 'NONE',  ( -12.84683463049999830, 0.4793645946189999951, 4.861683053270000165 ) ) ;
#2836 = CARTESIAN_POINT ( 'NONE',  ( -26.69021870430000121, -20.93103361109999838, 22.15358713779999889 ) ) ;
#2837 = CARTESIAN_POINT ( 'NONE',  ( 2.189142473550000467, -13.79137842759999977, 4.799998025759999898 ) ) ;
#2838 = CARTESIAN_POINT ( 'NONE',  ( -28.15427762410000057, 3.503093253109999861, 8.375694027170000666 ) ) ;
#2839 = CARTESIAN_POINT ( 'NONE',  ( -24.79434610899999925, 3.620424646080000031, 23.69931775030000054 ) ) ;
#2840 = VECTOR ( 'NONE', #1650, 1000.000000000000000 ) ;
#2841 = CARTESIAN_POINT ( 'NONE',  ( 2.675066918160000196, -1.808820300090000055, 6.560826586910000202 ) ) ;
#2842 = ADVANCED_FACE ( 'NONE', ( #4646 ), #4150, .F. ) ;
#2843 = ORIENTED_EDGE ( 'NONE', *, *, #3299, .F. ) ;
#2844 = ORIENTED_EDGE ( 'NONE', *, *, #2264, .T. ) ;
#2845 = CARTESIAN_POINT ( 'NONE',  ( -16.64407435440000071, -19.64450265109999805, 24.08810407160000011 ) ) ;
#2846 = VECTOR ( 'NONE', #847, 1000.000000000000000 ) ;
#2847 = CARTESIAN_POINT ( 'NONE',  ( -25.03001654739999893, 3.318308089870000366, 4.786206561869999376 ) ) ;
#2848 = ORIENTED_EDGE ( 'NONE', *, *, #4164, .F. ) ;
#2849 = DIRECTION ( 'NONE',  ( -6.123244133959999531E-17, -1.000000000000000000, -1.301554064529999903E-15 ) ) ;
#2850 = B_SPLINE_SURFACE_WITH_KNOTS ( 'NONE', 5, 5, ( 
 ( #2163, #227, #6711, #7996, #7395, #2115 ),
 ( #8159, #4743, #1510, #4178, #776, #7477 ),
 ( #6026, #1592, #3406, #2804, #7435, #1468 ),
 ( #815, #6103, #3447, #6062, #6791, #187 ),
 ( #2847, #4097, #6150, #4139, #6751, #901 ),
 ( #8080, #3534, #2769, #270, #2890, #4223 ) ),
 .UNSPECIFIED., .F., .F., .F.,
 ( 6, 6 ),
 ( 6, 6 ),
 ( 1.490203166919999989, 1.786391896030000037 ),
 ( 0.000000000000000000, 0.4939587955829999877 ),
 .UNSPECIFIED. ) ;
#2851 = CARTESIAN_POINT ( 'NONE',  ( 2.143972155550000203, -18.24272255639999685, 19.72920378510000106 ) ) ;
#2852 = ORIENTED_EDGE ( 'NONE', *, *, #4667, .F. ) ;
#2853 = CARTESIAN_POINT ( 'NONE',  ( -14.76507131800000039, 0.8152053292530000439, 14.29999802579999901 ) ) ;
#2854 = FACE_OUTER_BOUND ( 'NONE', #2188, .T. ) ;
#2855 = CARTESIAN_POINT ( 'NONE',  ( -28.35288290580000137, 3.204546058750000093, 20.49092260309999958 ) ) ;
#2856 = CARTESIAN_POINT ( 'NONE',  ( -28.13636450450000126, -21.17330813450000093, 8.321198622579998982 ) ) ;
#2857 = EDGE_CURVE ( 'NONE', #6232, #4620, #6944, .T. ) ;
#2858 = CARTESIAN_POINT ( 'NONE',  ( -27.81278962092434526, -0.3659412270087999963, 21.03101622117564418 ) ) ;
#2859 = EDGE_CURVE ( 'NONE', #684, #6732, #5849, .T. ) ;
#2860 = VERTEX_POINT ( 'NONE', #7865 ) ;
#2861 = CARTESIAN_POINT ( 'NONE',  ( -28.29897964030000068, -20.96764966129999763, 8.055169762660000288 ) ) ;
#2862 = CARTESIAN_POINT ( 'NONE',  ( -17.52210405800000004, -20.04312202659999897, 24.00778372550000128 ) ) ;
#2863 = CARTESIAN_POINT ( 'NONE',  ( -12.01532933587007257, 0.2975417704356115300, 5.022077306083560622 ) ) ;
#2864 = ADVANCED_FACE ( 'NONE', ( #644 ), #2381, .F. ) ;
#2865 = CARTESIAN_POINT ( 'NONE',  ( -22.26335653439999973, -21.37839809209999942, 21.81252316300000160 ) ) ;
#2866 = B_SPLINE_CURVE_WITH_KNOTS ( 'NONE', 5,
 ( #2820, #6042, #831, #3462, #166, #1402 ),
 .UNSPECIFIED., .F., .F.,
 ( 6, 6 ),
 ( -0.5502330933390000567, 0.000000000000000000 ),
 .UNSPECIFIED. ) ;
#2867 = DIRECTION ( 'NONE',  ( 0.000000000000000000, 0.000000000000000000, 1.000000000000000000 ) ) ;
#2868 = VERTEX_POINT ( 'NONE', #1618 ) ;
#2869 = ORIENTED_EDGE ( 'NONE', *, *, #7235, .T. ) ;
#2870 = DIRECTION ( 'NONE',  ( -1.000000000000000000, -2.139553851201984932E-17, 1.168843596066516070E-17 ) ) ;
#2871 = CARTESIAN_POINT ( 'NONE',  ( -24.39761831170313044, 4.100538598785661293, 11.23380305355361841 ) ) ;
#2872 = DIRECTION ( 'NONE',  ( 1.000000000000000000, 6.123233995739999133E-17, 6.123233995739999133E-17 ) ) ;
#2873 = CARTESIAN_POINT ( 'NONE',  ( -28.29871058455406541, -20.95219320896014281, 20.54509525652660784 ) ) ;
#2874 = CARTESIAN_POINT ( 'NONE',  ( 2.507995294239999673, -15.18760360010000099, 22.78888894819999678 ) ) ;
#2875 = ADVANCED_FACE ( 'NONE', ( #4855, #7980 ), #4122, .F. ) ;
#2876 = CARTESIAN_POINT ( 'NONE',  ( -27.81861916903199017, -17.29153003105695774, 7.574809378491977441 ) ) ;
#2877 = ORIENTED_EDGE ( 'NONE', *, *, #6849, .F. ) ;
#2878 = CARTESIAN_POINT ( 'NONE',  ( -17.73579237550000087, 1.516645175839999915, 4.523993859800000017 ) ) ;
#2879 = CARTESIAN_POINT ( 'NONE',  ( -18.85183420766938767, -18.48474097829726404, 23.97049069870658045 ) ) ;
#2880 = CARTESIAN_POINT ( 'NONE',  ( 2.586001642480000307, -13.85830960750000074, 4.980270765930000287 ) ) ;
#2881 = CARTESIAN_POINT ( 'NONE',  ( -19.16813405759999966, -18.48479466999999943, 24.02222071909999812 ) ) ;
#2882 = CARTESIAN_POINT ( 'NONE',  ( -4.944713624939999441, 7.215205329249999799, 12.09359431300000054 ) ) ;
#2883 = CARTESIAN_POINT ( 'NONE',  ( 2.991064675920000138, -14.20415217419999898, 11.19999802579999937 ) ) ;
#2884 = CARTESIAN_POINT ( 'NONE',  ( 2.803881064030000037, -16.45884564089999813, 7.394602476650000256 ) ) ;
#2885 = CARTESIAN_POINT ( 'NONE',  ( -24.95491847010000086, 3.505604730169999961, 23.82147077180000139 ) ) ;
#2886 = DIRECTION ( 'NONE',  ( 1.000000000000000000, 0.000000000000000000, -4.269701823060380170E-16 ) ) ;
#2887 = PERSON_AND_ORGANIZATION_ROLE ( 'creator' ) ;
#2888 = ORIENTED_EDGE ( 'NONE', *, *, #2772, .T. ) ;
#2889 = DIRECTION ( 'NONE',  ( -1.000000000000000000, 0.000000000000000000, 3.771137991253928573E-16 ) ) ;
#2890 = CARTESIAN_POINT ( 'NONE',  ( -24.94694992070000339, 3.615095603169999450, 4.985781897419999886 ) ) ;
#2891 = EDGE_CURVE ( 'NONE', #3707, #3943, #3166, .T. ) ;
#2892 = CARTESIAN_POINT ( 'NONE',  ( 3.142061876889999716, -6.009403008759999665, 23.53989478869999985 ) ) ;
#2893 = CARTESIAN_POINT ( 'NONE',  ( -7.661164833862765811, -14.80253383391588784, 5.119611681136805537 ) ) ;
#2894 = CARTESIAN_POINT ( 'NONE',  ( 2.751279924039999880, -1.864316877460000077, 21.98650176920000021 ) ) ;
#2895 = CARTESIAN_POINT ( 'NONE',  ( -17.31963629109999658, 1.746277695879999925, 24.10730672940000119 ) ) ;
#2896 = CARTESIAN_POINT ( 'NONE',  ( -25.03054488429999935, 3.668541607110000324, 16.37203168559999966 ) ) ;
#2897 = CARTESIAN_POINT ( 'NONE',  ( -21.18893532370000088, -17.83479467069999913, 4.799998025759999898 ) ) ;
#2898 = LINE ( 'NONE', #910, #1887 ) ;
#2899 = EDGE_CURVE ( 'NONE', #5805, #7495, #7450, .T. ) ;
#2900 = CARTESIAN_POINT ( 'NONE',  ( -27.89546081229879704, -1.289665475188344290, 20.94834502980121016 ) ) ;
#2901 = DIRECTION ( 'NONE',  ( 1.000000000000000000, -6.123233995740029948E-17, 2.985759393769999632E-16 ) ) ;
#2902 = CARTESIAN_POINT ( 'NONE',  ( -14.27121456660000121, 0.8152053290870000524, 5.814356888779999899 ) ) ;
#2903 = DIRECTION ( 'NONE',  ( 1.000000000000000000, 6.123233995739999133E-17, 6.123233995739999133E-17 ) ) ;
#2904 = DIRECTION ( 'NONE',  ( 0.000000000000000000, 1.000000000000000000, 0.000000000000000000 ) ) ;
#2905 = DIRECTION ( 'NONE',  ( 1.000000000000000000, -6.123233995740029948E-17, 2.985759393769999632E-16 ) ) ;
#2906 = ORIENTED_EDGE ( 'NONE', *, *, #8219, .T. ) ;
#2907 = VERTEX_POINT ( 'NONE', #7378 ) ;
#2908 = ORIENTED_EDGE ( 'NONE', *, *, #698, .T. ) ;
#2909 = LINE ( 'NONE', #5540, #7467 ) ;
#2910 = DIRECTION ( 'NONE',  ( -0.7068913112968995272, 0.02468518853749648856, 0.7068913038648997338 ) ) ;
#2911 = ADVANCED_FACE ( 'NONE', ( #7419 ), #4249, .T. ) ;
#2912 = ORIENTED_EDGE ( 'NONE', *, *, #2183, .F. ) ;
#2913 = CARTESIAN_POINT ( 'NONE',  ( -24.87925559460000002, -21.28704888410000251, 4.929061669000000201 ) ) ;
#2914 = CARTESIAN_POINT ( 'NONE',  ( -12.08525982430123058, -18.48479467070000481, 22.38580070445661363 ) ) ;
#2915 = CARTESIAN_POINT ( 'NONE',  ( 2.679178215519999906, -15.08316951890000013, 22.70545350200000101 ) ) ;
#2916 = CARTESIAN_POINT ( 'NONE',  ( -27.15226598289033078, -17.93143953644635857, 6.908456192350300284 ) ) ;
#2917 = B_SPLINE_CURVE_WITH_KNOTS ( 'NONE', 4,
 ( #260, #4039, #8108, #4861, #7464 ),
 .UNSPECIFIED., .F., .F.,
 ( 5, 5 ),
 ( 0.000000000000000000, 74.24551341219999756 ),
 .UNSPECIFIED. ) ;
#2918 = B_SPLINE_CURVE_WITH_KNOTS ( 'NONE', 3,
 ( #5666, #251, #1056, #2955, #6256, #8183, #6212, #5023, #1751, #5541, #372, #8139, #6771, #8266, #2871, #2313, #965, #7583, #1009, #2261, #4852 ),
 .UNSPECIFIED., .F., .F.,
 ( 4, 2, 2, 2, 2, 1, 1, 1, 2, 2, 2, 4 ),
 ( 0.000000000000000000, 0.1249999999999928946, 0.2499999999999857891, 0.3749999999999786837, 0.4374999999999747979, 0.4687499999999730216, 0.4843749999999719669, 0.4921874999999714673, 0.4960937499999714673, 0.4999999999999714673, 0.7499999999999856781, 1.000000000000000000 ),
 .UNSPECIFIED. ) ;
#2919 = B_SPLINE_SURFACE_WITH_KNOTS ( 'NONE', 5, 5, ( 
 ( #2339, #5567, #7614, #5694, #7026, #2295 ),
 ( #7571, #4878, #1691, #6933, #1735, #4314 ),
 ( #2987, #5613, #8166, #3540, #274, #5652 ),
 ( #6890, #4924, #6850, #1644, #2895, #8293 ),
 ( #355, #6154, #442, #1041, #6330, #3582 ),
 ( #8251, #6194, #312, #2941, #6241, #1085 ) ),
 .UNSPECIFIED., .F., .F., .F.,
 ( 6, 6 ),
 ( 6, 6 ),
 ( 1.032732840059999990, 2.169710943069999676 ),
 ( 0.000000000000000000, 0.2859461934510000303 ),
 .UNSPECIFIED. ) ;
#2920 = ORIENTED_EDGE ( 'NONE', *, *, #2857, .T. ) ;
#2921 = CARTESIAN_POINT ( 'NONE',  ( -18.70070263160000223, 1.193147639890000056, 4.481983989059999729 ) ) ;
#2922 = CARTESIAN_POINT ( 'NONE',  ( -26.22803920771921682, -2.166665075250074235, 5.984229417179214749 ) ) ;
#2923 = CARTESIAN_POINT ( 'NONE',  ( 2.297423392399999820, -17.33457253550000132, 20.68098134540000288 ) ) ;
#2924 = CARTESIAN_POINT ( 'NONE',  ( -18.92380702628555156, -18.48478004251502327, 4.607830624430657274 ) ) ;
#2925 = CARTESIAN_POINT ( 'NONE',  ( -5.408900874154038974, -20.17217398530000239, 18.11119102115968715 ) ) ;
#2926 = ADVANCED_FACE ( 'NONE', ( #881 ), #3387, .F. ) ;
#2927 = CARTESIAN_POINT ( 'NONE',  ( 2.620463904813360223, 0.07997384252868662557, 19.90363393701413841 ) ) ;
#2928 = CARTESIAN_POINT ( 'NONE',  ( -28.21952985080000076, 3.500814595729999645, 8.271723181719998763 ) ) ;
#2929 = CARTESIAN_POINT ( 'NONE',  ( -6.299189361209999838, -1.394413906440000073, 21.74037844589999935 ) ) ;
#2930 = CARTESIAN_POINT ( 'NONE',  ( 2.580019600219999987, -1.768282476320000018, 6.524249859840000276 ) ) ;
#2931 = VERTEX_POINT ( 'NONE', #6086 ) ;
#2932 = PERSON_AND_ORGANIZATION_ROLE ( 'design_supplier' ) ;
#2933 = EDGE_LOOP ( 'NONE', ( #7237, #1527, #4727, #1440, #1622, #5341, #2631, #1084, #7724, #4302, #8265 ) ) ;
#2934 = CARTESIAN_POINT ( 'NONE',  ( -18.84957806530000113, 0.8188095788019998933, 24.02103958180000021 ) ) ;
#2935 = CARTESIAN_POINT ( 'NONE',  ( -17.14077676170000331, 3.747785748700000141, 4.451928811380000184 ) ) ;
#2936 = CARTESIAN_POINT ( 'NONE',  ( -25.74567459494006272, -1.875188584275407688, 23.09813124715993382 ) ) ;
#2937 = CARTESIAN_POINT ( 'NONE',  ( -18.86454112470000410, -18.40995372369999927, 4.667821574780000482 ) ) ;
#2938 = CARTESIAN_POINT ( 'NONE',  ( -7.983656547672768333, -14.96001935207506506, 5.133970483155130715 ) ) ;
#2939 = CARTESIAN_POINT ( 'NONE',  ( 2.508034440390000341, -2.481789410799999818, 22.78869288719999986 ) ) ;
#2940 = ORIENTED_EDGE ( 'NONE', *, *, #3599, .T. ) ;
#2941 = CARTESIAN_POINT ( 'NONE',  ( -17.75755158429999980, 1.555273683559999842, 24.11211634769999890 ) ) ;
#2942 = CARTESIAN_POINT ( 'NONE',  ( -16.88430669323009781, 3.733315178095903519, 4.402707955052649780 ) ) ;
#2943 = CARTESIAN_POINT ( 'NONE',  ( 2.157722703700000189, -18.04190180590000026, 19.97365251209999926 ) ) ;
#2944 = CARTESIAN_POINT ( 'NONE',  ( -11.51124245325179807, -22.28479467090000909, 22.92540724412943121 ) ) ;
#2945 = CARTESIAN_POINT ( 'NONE',  ( 2.359721921090000230, -3.541306428329999978, 23.73098309740000289 ) ) ;
#2946 = CARTESIAN_POINT ( 'NONE',  ( -16.64159487860374043, 3.617357400280827751, 4.349760623137228777 ) ) ;
#2947 = CARTESIAN_POINT ( 'NONE',  ( -18.21754469320000069, -19.04917281090000003, 4.597483851440000713 ) ) ;
#2948 = CARTESIAN_POINT ( 'NONE',  ( -25.77029202969857735, -15.77192146807816719, 5.526482239158555743 ) ) ;
#2949 = CARTESIAN_POINT ( 'NONE',  ( -6.299190212120000076, 0.4833842553610000481, 19.86257973049999848 ) ) ;
#2950 = ORIENTED_EDGE ( 'NONE', *, *, #2558, .F. ) ;
#2951 = AXIS2_PLACEMENT_3D ( 'NONE', #8098, #2870, #4116 ) ;
#2952 = ORIENTED_EDGE ( 'NONE', *, *, #6861, .F. ) ;
#2953 = ORIENTED_EDGE ( 'NONE', *, *, #2813, .T. ) ;
#2954 = DIRECTION ( 'NONE',  ( 0.000000000000000000, 1.000000000000000000, 1.334402673828313043E-15 ) ) ;
#2955 = CARTESIAN_POINT ( 'NONE',  ( -21.67996032708308363, 4.200678003465810662, 6.896313981242081503 ) ) ;
#2956 = EDGE_CURVE ( 'NONE', #1536, #7808, #381, .T. ) ;
#2957 = CARTESIAN_POINT ( 'NONE',  ( -24.10696634019999962, -21.31401781899999648, 9.526723387369999685 ) ) ;
#2958 = CARTESIAN_POINT ( 'NONE',  ( -25.50077267602021180, -16.11542082046556956, 23.34303316607975987 ) ) ;
#2959 = B_SPLINE_CURVE_WITH_KNOTS ( 'NONE', 5,
 ( #2608, #5246, #1965, #1312, #672, #3298 ),
 .UNSPECIFIED., .F., .F.,
 ( 6, 6 ),
 ( 0.000000000000000000, 1.000000000000000000 ),
 .UNSPECIFIED. ) ;
#2960 = CARTESIAN_POINT ( 'NONE',  ( -28.23742608659999931, -21.16977898560000071, 8.315290310490000891 ) ) ;
#2961 = CARTESIAN_POINT ( 'NONE',  ( -14.40112808117962118, 2.600437768910013325, 4.100654737608283362 ) ) ;
#2962 = CARTESIAN_POINT ( 'NONE',  ( -15.83379459292459224, -19.91229131667698127, 24.21586754734618552 ) ) ;
#2963 = ORIENTED_EDGE ( 'NONE', *, *, #2498, .F. ) ;
#2964 = CARTESIAN_POINT ( 'NONE',  ( -6.299189361799999887, 0.6652053292599999779, 9.333450404349999729 ) ) ;
#2965 = VECTOR ( 'NONE', #1242, 1000.000000000000114 ) ;
#2966 = DIRECTION ( 'NONE',  ( 1.000000000000000000, -6.123233995739999133E-17, 2.985759393769999632E-16 ) ) ;
#2967 = CARTESIAN_POINT ( 'NONE',  ( -8.164510779640000493, -18.33479475080000043, 8.797988692120000565 ) ) ;
#2968 = DIRECTION ( 'NONE',  ( -0.7745966692411312415, 3.518803026740595509E-16, 0.6324555320341072040 ) ) ;
#2969 = CARTESIAN_POINT ( 'NONE',  ( -17.83537942569999757, 1.699302824979999960, 4.451766236850000169 ) ) ;
#2970 = DIRECTION ( 'NONE',  ( -7.539259186499998512E-17, -1.000000000000000000, -1.318038386730000079E-15 ) ) ;
#2971 = CARTESIAN_POINT ( 'NONE',  ( -19.21125098979999990, 0.7639366278620000061, 4.499812713670000797 ) ) ;
#2972 = CYLINDRICAL_SURFACE ( 'NONE', #6245, 8.070000000000000284 ) ;
#2973 = CARTESIAN_POINT ( 'NONE',  ( 2.679199162130000200, -0.4294565979799999655, 8.051504849589999679 ) ) ;
#2974 = EDGE_LOOP ( 'NONE', ( #3424, #6722, #832, #3105, #1007, #3404, #6541, #2888, #1439, #791, #7145 ) ) ;
#2975 = AXIS2_PLACEMENT_3D ( 'NONE', #2317, #798, #212 ) ;
#2976 = EDGE_CURVE ( 'NONE', #4013, #4915, #5007, .T. ) ;
#2977 = CARTESIAN_POINT ( 'NONE',  ( -6.299189361209999838, 0.3723124540099999602, 19.97365208549999949 ) ) ;
#2978 = ORIENTED_EDGE ( 'NONE', *, *, #5763, .F. ) ;
#2979 = CARTESIAN_POINT ( 'NONE',  ( -9.299189148880000033, -2.731434827029999735, 23.79999802580000079 ) ) ;
#2980 = CARTESIAN_POINT ( 'NONE',  ( -23.18893532339999197, 0.3313698089228096499, 6.740270275427067581 ) ) ;
#2981 = CARTESIAN_POINT ( 'NONE',  ( -28.44380791549999898, 3.203276005009999761, 8.328579269629999615 ) ) ;
#2982 = AXIS2_PLACEMENT_3D ( 'NONE', #501, #2566, #1138 ) ;
#2983 = LINE ( 'NONE', #5092, #4747 ) ;
#2984 = DIRECTION ( 'NONE',  ( -0.4999999999998745448, 0.6123724356958459847, 0.6123724356958455406 ) ) ;
#2985 = CARTESIAN_POINT ( 'NONE',  ( -28.09569898885558459, -21.17472820561279789, 20.33431263338496464 ) ) ;
#2986 = CARTESIAN_POINT ( 'NONE',  ( -16.64161092599999847, 3.617351709009999805, 24.25023324420000037 ) ) ;
#2987 = CARTESIAN_POINT ( 'NONE',  ( -17.22393390879999586, 2.041378938399999843, 24.19384357289999699 ) ) ;
#2988 = EDGE_CURVE ( 'NONE', #3827, #6280, #3247, .T. ) ;
#2989 = CARTESIAN_POINT ( 'NONE',  ( -24.85210312010000422, 3.934025918680000178, 16.33414268190000129 ) ) ;
#2990 = CARTESIAN_POINT ( 'NONE',  ( -5.989245699099999598, 7.215205329249999799, 9.505742639759999335 ) ) ;
#2991 = CARTESIAN_POINT ( 'NONE',  ( -5.755788136836073932, -22.28479467090000199, 16.25228907817645663 ) ) ;
#2992 = CARTESIAN_POINT ( 'NONE',  ( -27.82917633956638781, -0.3987548918098921535, 7.585366549026392846 ) ) ;
#2993 = FACE_BOUND ( 'NONE', #993, .T. ) ;
#2994 = CARTESIAN_POINT ( 'NONE',  ( -16.92974463799999896, -19.48158208420000292, 24.01947429690000035 ) ) ;
#2995 = CARTESIAN_POINT ( 'NONE',  ( -25.47482602128298623, -16.16594120761979170, 5.231016230742964623 ) ) ;
#2996 = CARTESIAN_POINT ( 'NONE',  ( 2.263125862839999947, -14.49804029839999941, 23.51751381580000100 ) ) ;
#2997 = ORIENTED_EDGE ( 'NONE', *, *, #2348, .T. ) ;
#2998 = EDGE_LOOP ( 'NONE', ( #2185, #5438, #104, #1890 ) ) ;
#2999 = EDGE_LOOP ( 'NONE', ( #6923, #812, #2065, #8303 ) ) ;
#3000 = LINE ( 'NONE', #7582, #4187 ) ;
#3001 = FACE_OUTER_BOUND ( 'NONE', #7133, .T. ) ;
#3002 = CARTESIAN_POINT ( 'NONE',  ( -18.13026474660115639, -21.63063396852867726, 23.91287210884533465 ) ) ;
#3003 = CARTESIAN_POINT ( 'NONE',  ( -26.56933728951238294, -15.43479467070000233, 22.27446855258759584 ) ) ;
#3004 = CARTESIAN_POINT ( 'NONE',  ( -6.660252956159999016, -3.855425301110000369, 23.79999802580000079 ) ) ;
#3005 = CARTESIAN_POINT ( 'NONE',  ( -12.52136751340000131, -18.24006333550000036, 4.979614941190000366 ) ) ;
#3006 = CARTESIAN_POINT ( 'NONE',  ( -15.35226246319999888, 2.421627367859999769, 4.210648552580000370 ) ) ;
#3007 = ORIENTED_EDGE ( 'NONE', *, *, #7836, .T. ) ;
#3008 = CARTESIAN_POINT ( 'NONE',  ( 3.342272107930918335, -18.08402097005679821, 15.13234522572692775 ) ) ;
#3009 = CARTESIAN_POINT ( 'NONE',  ( -15.63893532420000021, -8.834794670739999134, 29.18075921020000152 ) ) ;
#3010 = CARTESIAN_POINT ( 'NONE',  ( -8.961215295649999746, -18.21003161839999862, 7.782706067700000396 ) ) ;
#3011 = CARTESIAN_POINT ( 'NONE',  ( -27.55133648877315977, -17.66989672806007405, 21.29246935332681190 ) ) ;
#3012 = CARTESIAN_POINT ( 'NONE',  ( -23.18893532340000263, -18.03479467069999842, 22.19999802579999937 ) ) ;
#3013 = PLANE ( 'NONE',  #5194 ) ;
#3014 = CARTESIAN_POINT ( 'NONE',  ( 2.572246403899999923, 0.4845789622419999776, 19.37418750720000205 ) ) ;
#3015 = CARTESIAN_POINT ( 'NONE',  ( -18.10133334920000081, -18.82657069960000129, 23.88016286000000221 ) ) ;
#3016 = CARTESIAN_POINT ( 'NONE',  ( -23.18893532339999553, -15.43479467070000233, 22.02982842373055661 ) ) ;
#3017 = ORIENTED_EDGE ( 'NONE', *, *, #4943, .F. ) ;
#3018 = EDGE_CURVE ( 'NONE', #2802, #1362, #8386, .T. ) ;
#3019 = ORIENTED_EDGE ( 'NONE', *, *, #3195, .T. ) ;
#3020 = CARTESIAN_POINT ( 'NONE',  ( -18.56197345520000042, 0.9773779675909999298, 23.98405942560000170 ) ) ;
#3021 = CARTESIAN_POINT ( 'NONE',  ( -23.18893532339999553, -2.200959150414811383, 6.740270275427060476 ) ) ;
#3022 = CARTESIAN_POINT ( 'NONE',  ( -22.75502205649999965, -21.67955427629999932, 20.55415096659999818 ) ) ;
#3023 = CARTESIAN_POINT ( 'NONE',  ( -18.84756439850000120, -18.38120021109999769, 4.719851344249999414 ) ) ;
#3024 = CARTESIAN_POINT ( 'NONE',  ( -15.72054274940000163, -20.18264383430000208, 4.275645262529999435 ) ) ;
#3025 = EDGE_CURVE ( 'NONE', #6356, #1568, #5522, .T. ) ;
#3026 = DIRECTION ( 'NONE',  ( -0.9993908270190955401, 5.714714758780546722E-17, -0.03489949670250333535 ) ) ;
#3027 = CARTESIAN_POINT ( 'NONE',  ( -17.09067415519999855, 3.721770881859999935, 4.419719677419999826 ) ) ;
#3028 = ORIENTED_EDGE ( 'NONE', *, *, #7534, .T. ) ;
#3029 = FACE_OUTER_BOUND ( 'NONE', #3792, .T. ) ;
#3030 = CARTESIAN_POINT ( 'NONE',  ( -17.44599261839999826, 3.720884894920000185, 24.12519082680000082 ) ) ;
#3031 = B_SPLINE_CURVE_WITH_KNOTS ( 'NONE', 3,
 ( #6503, #2675, #3929, #7830, #3316, #4693, #4572, #4005, #2590, #7310, #1945, #5936, #3887, #68, #1289, #3282, #2633, #5268, #5307, #7911 ),
 .UNSPECIFIED., .F., .F.,
 ( 4, 2, 2, 1, 1, 1, 1, 2, 2, 2, 2, 4 ),
 ( 0.000000000000000000, 0.2500000000003503864, 0.3750000000005284662, 0.4375000000006207257, 0.4687500000006696865, 0.4843750000006910028, 0.4921875000006985523, 0.4960937500006989964, 0.5000000000006994405, 0.6250000000005241363, 0.7500000000003487211, 1.000000000000000000 ),
 .UNSPECIFIED. ) ;
#3032 = VERTEX_POINT ( 'NONE', #2360 ) ;
#3033 = CARTESIAN_POINT ( 'NONE',  ( -28.44380781630000499, -20.94965982768644253, 20.19289021910000415 ) ) ;
#3034 = CARTESIAN_POINT ( 'NONE',  ( -11.73446219529999901, -17.94716710690000383, 23.41237046150000012 ) ) ;
#3035 = CARTESIAN_POINT ( 'NONE',  ( -27.79726706919855417, -0.3350864599052752468, 7.553457278658554763 ) ) ;
#3036 = CARTESIAN_POINT ( 'NONE',  ( -18.10133334920000081, -18.82657069960000129, 23.88016286000000221 ) ) ;
#3037 = CARTESIAN_POINT ( 'NONE',  ( -6.299189362029999906, -14.26449597650000101, 23.70744000319999856 ) ) ;
#3038 = ADVANCED_FACE ( 'NONE', ( #7632 ), #4773, .F. ) ;
#3039 = CARTESIAN_POINT ( 'NONE',  ( -25.86419635969362218, -15.69147667476053520, 5.620386569153598799 ) ) ;
#3040 = FACE_OUTER_BOUND ( 'NONE', #8190, .T. ) ;
#3041 = ORIENTED_EDGE ( 'NONE', *, *, #5360, .T. ) ;
#3042 = CARTESIAN_POINT ( 'NONE',  ( 2.581435767609999932, -13.87519700970000081, 4.980388396509999538 ) ) ;
#3043 = DIRECTION ( 'NONE',  ( 1.000000000000000000, 6.123233864399999249E-17, 6.123235252179999261E-17 ) ) ;
#3044 = CARTESIAN_POINT ( 'NONE',  ( -24.10698330820000024, -21.31401722639999718, 9.527328632919999762 ) ) ;
#3045 = CARTESIAN_POINT ( 'NONE',  ( -25.64468076856859113, -15.89447080332040052, 23.19912507353139475 ) ) ;
#3046 = CARTESIAN_POINT ( 'NONE',  ( -28.30202177199999980, -21.13196823439999861, 8.228932539389999690 ) ) ;
#3047 = EDGE_LOOP ( 'NONE', ( #884, #7259, #1486, #2460, #4048 ) ) ;
#3048 = CARTESIAN_POINT ( 'NONE',  ( -12.53595017620000185, -18.30220078580000020, 5.083619242980000230 ) ) ;
#3049 = LINE ( 'NONE', #3134, #5711 ) ;
#3050 = ORIENTED_EDGE ( 'NONE', *, *, #1469, .T. ) ;
#3051 = CARTESIAN_POINT ( 'NONE',  ( -21.18893532420000270, -8.834794669999999073, 23.79999802540000076 ) ) ;
#3052 = CARTESIAN_POINT ( 'NONE',  ( -12.25236044110000044, 0.3725803788309999809, 4.931446275579999927 ) ) ;
#3053 = CARTESIAN_POINT ( 'NONE',  ( -6.299190190310000048, -18.04190150979999885, 8.626344251429999943 ) ) ;
#3054 = CARTESIAN_POINT ( 'NONE',  ( -18.98923290161243926, -18.48451659227966815, 4.593482355508078818 ) ) ;
#3055 = CARTESIAN_POINT ( 'NONE',  ( -10.59274711161889293, 0.8152053292530082595, 7.276016929088117813 ) ) ;
#3056 = CARTESIAN_POINT ( 'NONE',  ( -24.05656805070000104, 3.646188424570000031, 19.38549843939999917 ) ) ;
#3057 = CARTESIAN_POINT ( 'NONE',  ( -23.54089693690372087, 7.215205329249999799, 19.09425341184203972 ) ) ;
#3058 = ADVANCED_FACE ( 'NONE', ( #7255 ), #640, .F. ) ;
#3059 = CARTESIAN_POINT ( 'NONE',  ( 2.263125778970000113, -14.49804029890000123, 5.082482031800000577 ) ) ;
#3060 = ORIENTED_EDGE ( 'NONE', *, *, #6592, .F. ) ;
#3061 = ORIENTED_EDGE ( 'NONE', *, *, #2354, .F. ) ;
#3062 = CARTESIAN_POINT ( 'NONE',  ( -8.024047120069999650, -3.037621682840000226, 23.69677732539999937 ) ) ;
#3063 = ORIENTED_EDGE ( 'NONE', *, *, #2634, .F. ) ;
#3064 = LINE ( 'NONE', #6234, #7785 ) ;
#3065 = CARTESIAN_POINT ( 'NONE',  ( -18.85246116580000120, -21.55544543070000429, 23.78450786260000172 ) ) ;
#3066 = LINE ( 'NONE', #1811, #2130 ) ;
#3067 = B_SPLINE_SURFACE_WITH_KNOTS ( 'NONE', 4, 5, ( 
 ( #4694, #7832, #3971, #4529, #3317, #1946 ),
 ( #4573, #3283, #1290, #6586, #2635, #7949 ),
 ( #111, #656, #7274, #3354, #5976, #2720 ),
 ( #8482, #7150, #7232, #5269, #7873, #6621 ),
 ( #1380, #7912, #5346, #7189, #1416, #4006 ) ),
 .UNSPECIFIED., .F., .F., .F.,
 ( 5, 5 ),
 ( 6, 6 ),
 ( 0.000000000000000000, 1.209560331350000073 ),
 ( 0.000000000000000000, 0.4030161872050000427 ),
 .UNSPECIFIED. ) ;
#3068 = CYLINDRICAL_SURFACE ( 'NONE', #7777, 5.000000000000000888 ) ;
#3069 = CARTESIAN_POINT ( 'NONE',  ( -17.17489652869999972, 3.303011608699999879, 24.17781807149999906 ) ) ;
#3070 = CARTESIAN_POINT ( 'NONE',  ( -28.22551997249999900, 3.464726432319999994, 8.134450996540000034 ) ) ;
#3071 = B_SPLINE_CURVE_WITH_KNOTS ( 'NONE', 3,
 ( #7039, #1662, #6305, #6868, #8268, #4286 ),
 .UNSPECIFIED., .F., .F.,
 ( 4, 2, 4 ),
 ( 0.000000000000000000, 0.5000000000000000000, 1.000000000000000000 ),
 .UNSPECIFIED. ) ;
#3072 = CARTESIAN_POINT ( 'NONE',  ( -17.26982817540000070, -19.52239103970000045, 4.529173300759999243 ) ) ;
#3073 = CARTESIAN_POINT ( 'NONE',  ( -22.54611231240000180, 3.698934701229999789, 6.767078592590000774 ) ) ;
#3074 = CARTESIAN_POINT ( 'NONE',  ( 2.473085029870000007, -18.33479467069999913, 10.36130994090000179 ) ) ;
#3075 = CARTESIAN_POINT ( 'NONE',  ( -12.01532933582358531, -17.96713111191373713, 23.57791874547883992 ) ) ;
#3076 = CARTESIAN_POINT ( 'NONE',  ( -26.71827834279082126, 0.3652053299979994283, 6.474468552250813858 ) ) ;
#3077 = CARTESIAN_POINT ( 'NONE',  ( -18.76669729720000035, -18.66833752040000149, 24.01581126469999816 ) ) ;
#3078 = CARTESIAN_POINT ( 'NONE',  ( -18.53706734920000088, -21.98479596229999800, 5.038638222910000408 ) ) ;
#3079 = CARTESIAN_POINT ( 'NONE',  ( -26.13534964578432707, -15.53814980705310944, 5.891539855244307233 ) ) ;
#3080 = CARTESIAN_POINT ( 'NONE',  ( -8.961216726509999120, 0.5404424634159999963, 7.782708183390000478 ) ) ;
#3081 = ADVANCED_FACE ( 'NONE', ( #2570 ), #1925, .F. ) ;
#3082 = ADVANCED_FACE ( 'NONE', ( #3954 ), #3300, .F. ) ;
#3083 = ORIENTED_EDGE ( 'NONE', *, *, #6640, .T. ) ;
#3084 = B_SPLINE_CURVE_WITH_KNOTS ( 'NONE', 3,
 ( #5290, #7931, #7893, #2055 ),
 .UNSPECIFIED., .F., .F.,
 ( 4, 4 ),
 ( 0.000000000000000000, 1.000000000000000000 ),
 .UNSPECIFIED. ) ;
#3085 = CYLINDRICAL_SURFACE ( 'NONE', #7753, 0.2999999999999989897 ) ;
#3086 = CARTESIAN_POINT ( 'NONE',  ( 2.583104267990000036, -18.03680972549999950, 19.54672820619999740 ) ) ;
#3087 = CARTESIAN_POINT ( 'NONE',  ( -26.13495358664639667, 0.2641063855680937933, 22.70885225545359987 ) ) ;
#3088 = DIRECTION ( 'NONE',  ( -1.240321789553109982E-15, 1.000000000000000000, 0.000000000000000000 ) ) ;
#3089 = CARTESIAN_POINT ( 'NONE',  ( -28.30626383357960307, -21.13650417990133334, 8.407104952279997434 ) ) ;
#3090 = CARTESIAN_POINT ( 'NONE',  ( -22.53141963480000243, 3.699447781500000421, 21.45443509580000097 ) ) ;
#3091 = CARTESIAN_POINT ( 'NONE',  ( -16.92974463799999896, -19.48158208420000292, 24.01947429690000035 ) ) ;
#3092 = ORIENTED_EDGE ( 'NONE', *, *, #6498, .F. ) ;
#3093 = ORIENTED_EDGE ( 'NONE', *, *, #6559, .F. ) ;
#3094 = CARTESIAN_POINT ( 'NONE',  ( -12.84683463080000010, 0.1652053292599999779, 23.79999802580000079 ) ) ;
#3095 = ORIENTED_EDGE ( 'NONE', *, *, #1241, .T. ) ;
#3096 = DIRECTION ( 'NONE',  ( 0.000000000000000000, 1.000000000000000000, 0.000000000000000000 ) ) ;
#3097 = CARTESIAN_POINT ( 'NONE',  ( 2.472063575419999992, 0.5645926477329999971, 9.130019641089999638 ) ) ;
#3098 = CARTESIAN_POINT ( 'NONE',  ( -9.299186344759998946, -18.33479467069999913, 20.40335877900000128 ) ) ;
#3099 = AXIS2_PLACEMENT_3D ( 'NONE', #2274, #2966, #2043 ) ;
#3100 = CARTESIAN_POINT ( 'NONE',  ( -8.647721553696150920, 0.8152053292530061501, 8.885769624292494839 ) ) ;
#3101 = CARTESIAN_POINT ( 'NONE',  ( -18.39327880529999959, 1.318611429810000013, 4.471248391430000524 ) ) ;
#3102 = CARTESIAN_POINT ( 'NONE',  ( -16.64161113470000330, 3.617351738730000044, 24.25023321830000000 ) ) ;
#3103 = ORIENTED_EDGE ( 'NONE', *, *, #3926, .T. ) ;
#3104 = CARTESIAN_POINT ( 'NONE',  ( -23.18893532339999197, -18.00095915036880712, 21.85972577613294021 ) ) ;
#3105 = ORIENTED_EDGE ( 'NONE', *, *, #6936, .T. ) ;
#3106 = CARTESIAN_POINT ( 'NONE',  ( -18.70654314800000151, 0.8152059753220000093, 23.89999752439999980 ) ) ;
#3107 = CARTESIAN_POINT ( 'NONE',  ( 2.401679137759999971, -3.808184888450000027, 4.831228373710000135 ) ) ;
#3108 = CARTESIAN_POINT ( 'NONE',  ( -22.80265719959999515, -21.53086106809999833, 20.59557566309999999 ) ) ;
#3109 = CARTESIAN_POINT ( 'NONE',  ( -19.14503162251032009, 0.8149698701092378261, 24.09757908883391408 ) ) ;
#3110 = CARTESIAN_POINT ( 'NONE',  ( 2.150086876439999628, -3.555525125539999554, 4.830335899669999655 ) ) ;
#3111 = LOCAL_TIME ( 18, 50, 2.000000000000000000, #983 ) ;
#3112 = LINE ( 'NONE', #7699, #2284 ) ;
#3113 = VECTOR ( 'NONE', #4450, 1000.000000000000000 ) ;
#3114 = FACE_OUTER_BOUND ( 'NONE', #6995, .T. ) ;
#3115 = CARTESIAN_POINT ( 'NONE',  ( -16.92974458109999958, -19.48158202160000130, 4.580521842369999597 ) ) ;
#3116 = CIRCLE ( 'NONE', #7629, 6.500000000000000888 ) ;
#3117 = CARTESIAN_POINT ( 'NONE',  ( -16.27718819874532130, 2.224080095526494993, 24.25424442745605091 ) ) ;
#3118 = DIRECTION ( 'NONE',  ( -3.667185335219999466E-18, -1.000000000000000000, -1.320727196930000051E-15 ) ) ;
#3119 = CYLINDRICAL_SURFACE ( 'NONE', #6240, 1.000000000000000666 ) ;
#3120 = CARTESIAN_POINT ( 'NONE',  ( -18.70600577539999776, -18.56716214319999736, 23.97287018160000116 ) ) ;
#3121 = CARTESIAN_POINT ( 'NONE',  ( 2.297432274290000187, -2.453779569609999989, 22.79974410910000060 ) ) ;
#3122 = VECTOR ( 'NONE', #3691, 1000.000000000000114 ) ;
#3123 = CARTESIAN_POINT ( 'NONE',  ( -15.69160258509999828, -19.99484453400000206, 4.326933086120000382 ) ) ;
#3124 = ORIENTED_EDGE ( 'NONE', *, *, #2394, .F. ) ;
#3125 = CARTESIAN_POINT ( 'NONE',  ( -7.520103561170000006, 0.6331795939190000277, 19.70518503479999950 ) ) ;
#3126 = EDGE_LOOP ( 'NONE', ( #5272, #585, #7994, #3475 ) ) ;
#3127 = CIRCLE ( 'NONE', #6680, 6.200000000009999290 ) ;
#3128 = CARTESIAN_POINT ( 'NONE',  ( 2.578893601059999874, -14.12615572510000028, 23.48502627729999759 ) ) ;
#3129 = CARTESIAN_POINT ( 'NONE',  ( -24.96696192870000175, 3.319188847770000006, 23.85692584619999934 ) ) ;
#3130 = CARTESIAN_POINT ( 'NONE',  ( -17.98625091250000096, -19.17971150799999691, 23.99795392689999929 ) ) ;
#3131 = CARTESIAN_POINT ( 'NONE',  ( 2.860449648959999980, 0.6652053292599999779, 16.18954154829999936 ) ) ;
#3132 = CARTESIAN_POINT ( 'NONE',  ( -28.09569903879999941, -21.17472820389999910, 8.265683433490000454 ) ) ;
#3133 = CARTESIAN_POINT ( 'NONE',  ( -12.84683463049999830, -17.83479467069999913, 4.799998025759999898 ) ) ;
#3134 = CARTESIAN_POINT ( 'NONE',  ( -21.18893532500000276, 0.8152053292530000439, 5.484436507729999910 ) ) ;
#3135 = B_SPLINE_CURVE_WITH_KNOTS ( 'NONE', 5,
 ( #6005, #135, #8062, #6046, #925, #5378 ),
 .UNSPECIFIED., .F., .F.,
 ( 6, 6 ),
 ( -0.5502330933429999682, 0.000000000000000000 ),
 .UNSPECIFIED. ) ;
#3136 = ORIENTED_EDGE ( 'NONE', *, *, #2549, .F. ) ;
#3137 = CARTESIAN_POINT ( 'NONE',  ( 2.263125778970000113, -14.49804029890000123, 5.082482031800000577 ) ) ;
#3138 = ORIENTED_EDGE ( 'NONE', *, *, #7864, .F. ) ;
#3139 = CARTESIAN_POINT ( 'NONE',  ( -19.26638653539999879, 4.288545046190000321, 5.256070174059999545 ) ) ;
#3140 = CARTESIAN_POINT ( 'NONE',  ( -6.299190238209999571, -18.24223672259999773, 8.870297351920001461 ) ) ;
#3141 = CARTESIAN_POINT ( 'NONE',  ( -27.54194104022385403, -15.79440075925841747, 21.30186480187612474 ) ) ;
#3142 = CARTESIAN_POINT ( 'NONE',  ( -18.84567662474335847, 0.8150986828427728703, 4.588837990012462065 ) ) ;
#3143 = CARTESIAN_POINT ( 'NONE',  ( -17.83537942659999587, 1.699302824799999945, 4.451766236890000172 ) ) ;
#3144 = CARTESIAN_POINT ( 'NONE',  ( 2.577074693209999712, -14.21252733740000096, 5.161807548229999654 ) ) ;
#3145 = ADVANCED_FACE ( 'NONE', ( #4023 ), #6075, .T. ) ;
#3146 = CARTESIAN_POINT ( 'NONE',  ( -19.47158991210000067, 3.806299389270000333, 23.79127483770000140 ) ) ;
#3147 = B_SPLINE_CURVE_WITH_KNOTS ( 'NONE', 3,
 ( #918, #4152, #8055, #6859, #3461, #2131, #4760, #4240, #2741, #4717, #6682, #6766, #5451, #789, #5493, #4111, #3419, #201 ),
 .UNSPECIFIED., .F., .F.,
 ( 4, 2, 2, 2, 2, 2, 2, 2, 4 ),
 ( 0.000000000000000000, 0.1249999999999999722, 0.2499999999999999445, 0.3749999999999998890, 0.4999999999999998890, 0.6249999999999998890, 0.7499999999999998890, 0.8750000000000000000, 1.000000000000000000 ),
 .UNSPECIFIED. ) ;
#3148 = ORIENTED_EDGE ( 'NONE', *, *, #2154, .T. ) ;
#3149 = CARTESIAN_POINT ( 'NONE',  ( -18.10620783719999949, 1.490532124380000045, 24.13877227849999940 ) ) ;
#3150 = ORIENTED_EDGE ( 'NONE', *, *, #7025, .T. ) ;
#3151 = CARTESIAN_POINT ( 'NONE',  ( -23.18893532340000263, -2.234794670749999934, 6.399998025760000431 ) ) ;
#3152 = CARTESIAN_POINT ( 'NONE',  ( -6.299189362029999906, -13.95842192549999972, 23.79999802580000079 ) ) ;
#3153 = CYLINDRICAL_SURFACE ( 'NONE', #887, 0.9999999999999988898 ) ;
#3154 = EDGE_CURVE ( 'NONE', #1568, #8475, #6765, .T. ) ;
#3155 = VERTEX_POINT ( 'NONE', #5999 ) ;
#3156 = CARTESIAN_POINT ( 'NONE',  ( -17.34232733039999985, 3.942663591680000135, 24.08040722930000044 ) ) ;
#3157 = DIRECTION ( 'NONE',  ( 0.7745966692411312415, 4.743036519090799686E-17, 0.6324555320341072040 ) ) ;
#3158 = CARTESIAN_POINT ( 'NONE',  ( -16.71823458380000105, 2.020622120630000129, 4.432895014550000568 ) ) ;
#3159 = B_SPLINE_CURVE_WITH_KNOTS ( 'NONE', 3,
 ( #182, #2236, #301, #1633 ),
 .UNSPECIFIED., .F., .F.,
 ( 4, 4 ),
 ( 0.000000000000000000, 1.000000000000000000 ),
 .UNSPECIFIED. ) ;
#3160 = EDGE_CURVE ( 'NONE', #6976, #5923, #7969, .T. ) ;
#3161 = CARTESIAN_POINT ( 'NONE',  ( -15.48514044285410129, -19.95707394946770563, 4.350633760506987358 ) ) ;
#3162 = EDGE_LOOP ( 'NONE', ( #346, #963, #2852, #4689 ) ) ;
#3163 = EDGE_CURVE ( 'NONE', #2661, #5110, #7224, .T. ) ;
#3164 = CARTESIAN_POINT ( 'NONE',  ( -24.86679305190000377, 7.215205329249999799, 14.65614996470000087 ) ) ;
#3165 = CARTESIAN_POINT ( 'NONE',  ( -21.09468706290000029, 3.749619587809999821, 5.614353182600000380 ) ) ;
#3166 = B_SPLINE_CURVE_WITH_KNOTS ( 'NONE', 5,
 ( #3561, #6171, #8064, #2101, #5544, #8142 ),
 .UNSPECIFIED., .F., .F.,
 ( 6, 6 ),
 ( -0.7958249766060000452, 0.000000000000000000 ),
 .UNSPECIFIED. ) ;
#3167 = CARTESIAN_POINT ( 'NONE',  ( -26.64380781570000067, -2.234794671489999995, 6.399998025110000377 ) ) ;
#3168 = EDGE_LOOP ( 'NONE', ( #5383, #5350, #5915, #2640, #1990 ) ) ;
#3169 = CARTESIAN_POINT ( 'NONE',  ( -18.38641459520000154, -18.89239082879999998, 24.00798714949999990 ) ) ;
#3170 = CARTESIAN_POINT ( 'NONE',  ( -28.38992155816010410, -20.87422908823333145, 20.45388428392642766 ) ) ;
#3171 = VERTEX_POINT ( 'NONE', #3460 ) ;
#3172 = CARTESIAN_POINT ( 'NONE',  ( -21.13893532420000199, -21.41766374019999830, 23.88490039890000105 ) ) ;
#3173 = CARTESIAN_POINT ( 'NONE',  ( -16.83003289099999833, 2.358321124510000200, 24.25798896439999908 ) ) ;
#3174 = ORIENTED_EDGE ( 'NONE', *, *, #2183, .T. ) ;
#3175 = CARTESIAN_POINT ( 'NONE',  ( -23.60300530230000149, -21.50228032649999932, 19.13393529609999888 ) ) ;
#3176 = CARTESIAN_POINT ( 'NONE',  ( -8.799188534100000680, -15.55052671149999988, 5.187626103150000390 ) ) ;
#3177 = CARTESIAN_POINT ( 'NONE',  ( 2.164633821540000280, -18.33479342749999930, 19.42233569749999944 ) ) ;
#3178 = CARTESIAN_POINT ( 'NONE',  ( -25.39215481512017547, -0.5799238846767291733, 23.45165102697981396 ) ) ;
#3179 = CARTESIAN_POINT ( 'NONE',  ( 2.186362437220000121, 0.6652049272439999328, 19.26654600530000039 ) ) ;
#3180 = CARTESIAN_POINT ( 'NONE',  ( -19.03283680050000015, 3.910779449610000125, 4.975939999620000442 ) ) ;
#3181 = CARTESIAN_POINT ( 'NONE',  ( -11.98346281939999969, -17.98095831129999667, 5.018332668510000261 ) ) ;
#3182 = ORIENTED_EDGE ( 'NONE', *, *, #3885, .T. ) ;
#3183 = CARTESIAN_POINT ( 'NONE',  ( -26.64380781629999717, -2.234794671489999995, 22.19999802579999937 ) ) ;
#3184 = ORIENTED_EDGE ( 'NONE', *, *, #5525, .T. ) ;
#3185 = CARTESIAN_POINT ( 'NONE',  ( 2.355878977160000165, -14.36984666029999858, 4.999315504529999288 ) ) ;
#3186 = CARTESIAN_POINT ( 'NONE',  ( -11.98346281939999969, 0.4468706865150000040, 5.153834385179999700 ) ) ;
#3187 = CARTESIAN_POINT ( 'NONE',  ( -7.913861834690000485, -18.00993888609999871, 20.32524048299999819 ) ) ;
#3188 = CARTESIAN_POINT ( 'NONE',  ( 2.143972051120000000, -14.26401627020000085, 23.70791692540000284 ) ) ;
#3189 = CARTESIAN_POINT ( 'NONE',  ( 2.590735491149999792, -14.28366152079999907, 23.36783954299999877 ) ) ;
#3190 = DIRECTION ( 'NONE',  ( -0.7068913075831639858, 0.02468518840781289830, -0.7068913075831639858 ) ) ;
#3191 = CARTESIAN_POINT ( 'NONE',  ( -9.183862371140000036, -2.590188944829999951, 23.79999801449999808 ) ) ;
#3192 = EDGE_LOOP ( 'NONE', ( #3836, #7598, #257, #4741 ) ) ;
#3193 = ORIENTED_EDGE ( 'NONE', *, *, #1546, .F. ) ;
#3194 = CARTESIAN_POINT ( 'NONE',  ( -17.57350142379999625, 1.719099791870000171, 4.453097465200000826 ) ) ;
#3195 = EDGE_CURVE ( 'NONE', #4763, #7998, #2174, .T. ) ;
#3196 = LINE ( 'NONE', #7827, #6951 ) ;
#3197 = CARTESIAN_POINT ( 'NONE',  ( -8.797523796269999252, -14.52854808530000064, 23.79999802580000079 ) ) ;
#3198 = CARTESIAN_POINT ( 'NONE',  ( -25.06364787694012719, 3.471684331646555322, 4.864077086894924129 ) ) ;
#3199 = CARTESIAN_POINT ( 'NONE',  ( 2.498070397209999793, -3.781295995780000307, 4.893807235930000665 ) ) ;
#3200 = DIRECTION ( 'NONE',  ( -5.551115123126445838E-17, 0.7071067811865474617, -0.7071067811865474617 ) ) ;
#3201 = EDGE_CURVE ( 'NONE', #2669, #7135, #7957, .T. ) ;
#3202 = CARTESIAN_POINT ( 'NONE',  ( -16.94005715400000156, 3.686800991009999695, 4.402371907200000045 ) ) ;
#3203 = CARTESIAN_POINT ( 'NONE',  ( -25.10681230109999973, 3.779072908290000310, 14.78484823430000006 ) ) ;
#3204 = VERTEX_POINT ( 'NONE', #2739 ) ;
#3205 = CARTESIAN_POINT ( 'NONE',  ( -18.21754501530000070, -19.04917339180000013, 4.597483871729999727 ) ) ;
#3206 = CARTESIAN_POINT ( 'NONE',  ( -17.68107480229999950, 3.752180871999999834, 4.504570338419999764 ) ) ;
#3207 = CARTESIAN_POINT ( 'NONE',  ( -27.32756540421656766, -2.045527131933586151, 7.083755613676564700 ) ) ;
#3208 = CARTESIAN_POINT ( 'NONE',  ( 2.728144354641922398, -0.7194853697514329571, 7.890506802199907632 ) ) ;
#3209 = CARTESIAN_POINT ( 'NONE',  ( 2.371300321749999718, -1.042208411850000127, 21.38817295140000141 ) ) ;
#3210 = CARTESIAN_POINT ( 'NONE',  ( -28.10894377680000034, 3.504676345939999660, 8.278928161360001425 ) ) ;
#3211 = CARTESIAN_POINT ( 'NONE',  ( -8.797524908909998942, 0.6652053292599999779, 8.606244238900000454 ) ) ;
#3212 = ORIENTED_EDGE ( 'NONE', *, *, #6821, .F. ) ;
#3213 = CARTESIAN_POINT ( 'NONE',  ( -21.66197740240000158, -21.39939871410000194, 5.867094443490000089 ) ) ;
#3214 = CARTESIAN_POINT ( 'NONE',  ( -26.64380781570000067, -2.234794671489999995, 6.399998025110000377 ) ) ;
#3215 = CARTESIAN_POINT ( 'NONE',  ( -6.419521256249999475, -3.868250312539999847, 4.799998025759999898 ) ) ;
#3216 = EDGE_CURVE ( 'NONE', #3032, #4365, #7659, .T. ) ;
#3217 = CARTESIAN_POINT ( 'NONE',  ( 2.675820372310000028, 0.6652053292599999779, 11.26851066260000067 ) ) ;
#3218 = CARTESIAN_POINT ( 'NONE',  ( -18.79909683960000066, 4.281114424019999198, 5.035548441629999594 ) ) ;
#3219 = CARTESIAN_POINT ( 'NONE',  ( -28.15427769659999768, 3.503093250580000095, 20.21162619849999587 ) ) ;
#3220 = CARTESIAN_POINT ( 'NONE',  ( -17.01788497720000137, -17.83479467069999913, 4.799998025759999898 ) ) ;
#3221 = ORIENTED_EDGE ( 'NONE', *, *, #2539, .F. ) ;
#3222 = CARTESIAN_POINT ( 'NONE',  ( -16.84485001699999884, 2.243233844099999708, 4.341224413700000895 ) ) ;
#3223 = CARTESIAN_POINT ( 'NONE',  ( -18.28216329239999993, -18.72725531099999685, 23.87986080029999769 ) ) ;
#3224 = CARTESIAN_POINT ( 'NONE',  ( -6.909351074559999972, -18.30395181649999969, 19.58070850859999723 ) ) ;
#3225 = CARTESIAN_POINT ( 'NONE',  ( -18.89973433833558403, 0.8150951477287460278, 4.562252966401655563 ) ) ;
#3226 = CARTESIAN_POINT ( 'NONE',  ( -15.35226246530000083, 2.421627358249999862, 24.38934749850000117 ) ) ;
#3227 = DIRECTION ( 'NONE',  ( -0.7745966692411312415, 0.6324555320341072040, -4.743036658084270757E-17 ) ) ;
#3228 = CARTESIAN_POINT ( 'NONE',  ( -22.95149264670000377, -21.35436784959999912, 4.930242971630000248 ) ) ;
#3229 = B_SPLINE_CURVE_WITH_KNOTS ( 'NONE', 5,
 ( #3478, #845, #144, #6093, #1540, #2756 ),
 .UNSPECIFIED., .F., .F.,
 ( 6, 6 ),
 ( -0.5540034366120000220, 0.000000000000000000 ),
 .UNSPECIFIED. ) ;
#3230 = LINE ( 'NONE', #2712, #5043 ) ;
#3231 = ORIENTED_EDGE ( 'NONE', *, *, #1285, .T. ) ;
#3232 = CARTESIAN_POINT ( 'NONE',  ( 2.753368601068279187, -16.69104828699574483, 7.629940005708860440 ) ) ;
#3233 = AXIS2_PLACEMENT_3D ( 'NONE', #8490, #7920, #1259 ) ;
#3234 = FACE_OUTER_BOUND ( 'NONE', #1462, .T. ) ;
#3235 = CARTESIAN_POINT ( 'NONE',  ( -15.06166377319999938, 0.8152053292530000439, 5.802876282759999782 ) ) ;
#3236 = CYLINDRICAL_SURFACE ( 'NONE', #8444, 1.000000000000000888 ) ;
#3237 = CARTESIAN_POINT ( 'NONE',  ( -28.26801192590000156, 3.463422537200000040, 8.177594527199998353 ) ) ;
#3238 = CARTESIAN_POINT ( 'NONE',  ( -21.18893532420000270, 0.7402053292499999326, 9.323899588529998894 ) ) ;
#3239 = VERTEX_POINT ( 'NONE', #6723 ) ;
#3240 = CARTESIAN_POINT ( 'NONE',  ( -8.044690649378502201, 0.8152053292530058171, 9.065688071963741379 ) ) ;
#3241 = EDGE_CURVE ( 'NONE', #3616, #5884, #2643, .T. ) ;
#3242 = CYLINDRICAL_SURFACE ( 'NONE', #1587, 1.300000000000000044 ) ;
#3243 = ORIENTED_EDGE ( 'NONE', *, *, #7414, .T. ) ;
#3244 = CARTESIAN_POINT ( 'NONE',  ( -17.52210403149999962, -20.04312202820000266, 4.592212323029999155 ) ) ;
#3245 = B_SPLINE_CURVE_WITH_KNOTS ( 'NONE', 5,
 ( #1298, #7959, #5279, #78, #2684, #5318 ),
 .UNSPECIFIED., .F., .F.,
 ( 6, 6 ),
 ( 0.000000000000000000, 1.000000000000000000 ),
 .UNSPECIFIED. ) ;
#3246 = CARTESIAN_POINT ( 'NONE',  ( 2.248344422249999752, -18.23922853819999901, 8.868871030050000215 ) ) ;
#3247 = CIRCLE ( 'NONE', #1443, 6.200000000000000178 ) ;
#3248 = CARTESIAN_POINT ( 'NONE',  ( 2.577074918470000142, 0.3033953205569999700, 19.67773074429999980 ) ) ;
#3249 = CARTESIAN_POINT ( 'NONE',  ( 2.616275214759999912, -13.07294663049999883, 4.830233355059999845 ) ) ;
#3250 = CARTESIAN_POINT ( 'NONE',  ( -16.79490688659999620, 2.141085052479999806, 4.340728761010000269 ) ) ;
#3251 = EDGE_CURVE ( 'NONE', #4763, #8242, #4173, .T. ) ;
#3252 = CARTESIAN_POINT ( 'NONE',  ( -16.07806158010000175, -20.07514926460000382, 4.309275383219999256 ) ) ;
#3253 = AXIS2_PLACEMENT_3D ( 'NONE', #425, #4382, #7595 ) ;
#3254 = CIRCLE ( 'NONE', #8311, 1.300000000000000044 ) ;
#3255 = CARTESIAN_POINT ( 'NONE',  ( -8.236904549569999290, 0.6652053292599999779, 8.949828048219998777 ) ) ;
#3256 = CARTESIAN_POINT ( 'NONE',  ( -17.27906058389999799, 3.615289614129999940, 24.16741520089999895 ) ) ;
#3257 = CARTESIAN_POINT ( 'NONE',  ( 3.791064675920000404, -8.834794670750000023, 14.29999802579999901 ) ) ;
#3258 = CARTESIAN_POINT ( 'NONE',  ( 2.803487881289999706, -18.33479461299999969, 11.35041921910000084 ) ) ;
#3259 = CARTESIAN_POINT ( 'NONE',  ( -22.64368263469999931, 3.695527470500000078, 21.55785229660000013 ) ) ;
#3260 = VECTOR ( 'NONE', #5344, 1000.000000000000000 ) ;
#3261 = CARTESIAN_POINT ( 'NONE',  ( -22.95150662590000223, -21.35436736129999957, 23.66975346830000149 ) ) ;
#3262 = CARTESIAN_POINT ( 'NONE',  ( -19.14272880129999876, 3.814498502650000233, 4.742343454930000313 ) ) ;
#3263 = CARTESIAN_POINT ( 'NONE',  ( -28.12009653259999808, 3.504286883130000252, 20.30556575050000134 ) ) ;
#3264 = CARTESIAN_POINT ( 'NONE',  ( 2.200208231659999569, -13.75151726420000031, 4.799998025759999898 ) ) ;
#3265 = AXIS2_PLACEMENT_3D ( 'NONE', #8285, #4959, #5048 ) ;
#3266 = ORIENTED_EDGE ( 'NONE', *, *, #5320, .F. ) ;
#3267 = ADVANCED_FACE ( 'NONE', ( #8176 ), #3536, .T. ) ;
#3268 = CARTESIAN_POINT ( 'NONE',  ( -17.90247574159999999, 3.825820640969999964, 24.01349919209999939 ) ) ;
#3270 = ORIENTED_EDGE ( 'NONE', *, *, #1391, .F. ) ;
#3269 = CARTESIAN_POINT ( 'NONE',  ( -27.15226598943132075, -15.53814980807267432, 21.69153985266865448 ) ) ;
#3271 = B_SPLINE_CURVE_WITH_KNOTS ( 'NONE', 3,
 ( #3844, #610, #6660, #7914, #3401, #3355, #657, #3973, #1947, #3240, #1991, #5939, #5349, #7151, #8483, #2637, #5309, #4530, #2721, #4008, #1251, #6622, #3284, #7950, #2073, #70, #2677, #4695, #7312, #7191, #5391, #4574, #5859, #690 ),
 .UNSPECIFIED., .F., .F.,
 ( 4, 2, 2, 2, 2, 2, 2, 2, 2, 2, 2, 2, 2, 2, 2, 2, 4 ),
 ( 0.000000000000000000, 0.06250000000000016653, 0.1250000000000003331, 0.1875000000000004996, 0.2500000000000006106, 0.3125000000000006106, 0.3750000000000005551, 0.4375000000000004996, 0.5000000000000004441, 0.5625000000000003331, 0.6250000000000003331, 0.6875000000000002220, 0.7500000000000002220, 0.8125000000000001110, 0.8750000000000001110, 0.9375000000000000000, 1.000000000000000000 ),
 .UNSPECIFIED. ) ;
#3272 = CARTESIAN_POINT ( 'NONE',  ( -18.95101169294329324, 0.8151574103321850284, 4.542338854938008375 ) ) ;
#3273 = CARTESIAN_POINT ( 'NONE',  ( -7.581452220827622490, -2.900989459400341808, 5.116592471967806866 ) ) ;
#3274 = CARTESIAN_POINT ( 'NONE',  ( -24.75130030384841362, 3.478642564975092721, 23.87442121109073412 ) ) ;
#3275 = CARTESIAN_POINT ( 'NONE',  ( 2.368530651810000442, -18.04269638770000128, 19.93281224929999951 ) ) ;
#3276 = CARTESIAN_POINT ( 'NONE',  ( -17.67119919510000159, -19.15952688619999833, 4.622980410920000338 ) ) ;
#3277 = EDGE_LOOP ( 'NONE', ( #971, #8137, #4804, #5223, #3212, #8321, #2240, #3340, #1921, #1710, #5353, #161, #554, #2352 ) ) ;
#3278 = CARTESIAN_POINT ( 'NONE',  ( -16.90546569300000002, 1.924545530090000067, 4.473262804860000053 ) ) ;
#3279 = FACE_OUTER_BOUND ( 'NONE', #2364, .T. ) ;
#3280 = CARTESIAN_POINT ( 'NONE',  ( -6.299189362029999906, -13.80134229279999936, 23.79999802580000079 ) ) ;
#3281 = CARTESIAN_POINT ( 'NONE',  ( -16.74146096999999855, 2.052159795230000139, 24.20777011300000225 ) ) ;
#3282 = CARTESIAN_POINT ( 'NONE',  ( -15.90527130821399027, 2.559019365242354294, 4.201366183734772441 ) ) ;
#3283 = CARTESIAN_POINT ( 'NONE',  ( -11.98279315900000164, 0.3388094653650000621, 23.55506513290000115 ) ) ;
#3284 = CARTESIAN_POINT ( 'NONE',  ( -7.647630446354589218, 0.8152053292529929385, 18.98000706999693676 ) ) ;
#3285 = CARTESIAN_POINT ( 'NONE',  ( -24.96961013439999988, -21.08198530379999980, 23.85544524719999870 ) ) ;
#3286 = EDGE_LOOP ( 'NONE', ( #4957, #4243 ) ) ;
#3287 = CARTESIAN_POINT ( 'NONE',  ( -18.66171190089999854, 7.215205329249999799, 5.019705211160000680 ) ) ;
#3288 = CARTESIAN_POINT ( 'NONE',  ( 2.547408530100000235, -18.14984995109999844, 9.128120398389999224 ) ) ;
#3289 = CARTESIAN_POINT ( 'NONE',  ( -2.056413462449999674, -13.80134247099999989, 23.79999802580000079 ) ) ;
#3290 = CARTESIAN_POINT ( 'NONE',  ( 2.817931419130000226, -6.464233329089999813, 4.799998025759999898 ) ) ;
#3291 = CARTESIAN_POINT ( 'NONE',  ( -16.02232088929999776, -19.90200149830000242, 4.398137106190000090 ) ) ;
#3292 = CARTESIAN_POINT ( 'NONE',  ( -17.65525446959999911, 1.664218509390000156, 24.15451975250000416 ) ) ;
#3293 = CARTESIAN_POINT ( 'NONE',  ( -6.299190330380000091, -18.33479467069999913, 19.26654497850000070 ) ) ;
#3294 = EDGE_CURVE ( 'NONE', #8475, #4288, #4789, .T. ) ;
#3295 = CARTESIAN_POINT ( 'NONE',  ( -19.33983796400000443, -21.80346462889999870, 5.127113766280000817 ) ) ;
#3296 = CARTESIAN_POINT ( 'NONE',  ( -4.353425745779999190, -17.33479467069999913, 12.23483734050000038 ) ) ;
#3297 = CARTESIAN_POINT ( 'NONE',  ( -16.55371701730000211, 2.321966853210000181, 24.31608328589999957 ) ) ;
#3298 = CARTESIAN_POINT ( 'NONE',  ( -8.799189398639999382, -15.55052690429999984, 23.41237046150000012 ) ) ;
#3299 = EDGE_CURVE ( 'NONE', #3390, #6777, #3549, .T. ) ;
#3300 = PLANE ( 'NONE',  #353 ) ;
#3301 = CARTESIAN_POINT ( 'NONE',  ( -14.76507131800000039, -21.98479467070000126, 14.29999802579999901 ) ) ;
#3302 = CARTESIAN_POINT ( 'NONE',  ( -2.056413946729999775, 0.6652053292599999779, 19.26654582600000154 ) ) ;
#3303 = ORIENTED_EDGE ( 'NONE', *, *, #6821, .T. ) ;
#3304 = CARTESIAN_POINT ( 'NONE',  ( 2.371311563739999961, -15.92319357750000108, 6.507635748120000230 ) ) ;
#3305 = CARTESIAN_POINT ( 'NONE',  ( 2.750746514269999832, 0.6652053292599999779, 11.61111970680000027 ) ) ;
#3306 = EDGE_CURVE ( 'NONE', #2743, #1152, #2477, .T. ) ;
#3307 = CARTESIAN_POINT ( 'NONE',  ( -16.09028587719999948, -20.12460656360000044, 24.28769669099999717 ) ) ;
#3308 = CARTESIAN_POINT ( 'NONE',  ( -9.299189361799999887, -18.33479467069999913, 8.196638257630000979 ) ) ;
#3309 = LINE ( 'NONE', #5338, #1578 ) ;
#3310 = CARTESIAN_POINT ( 'NONE',  ( -9.068534977479998815, -2.448942121620000023, 4.841561496899999817 ) ) ;
#3311 = CARTESIAN_POINT ( 'NONE',  ( 2.157726972519999897, -18.04190186019999942, 8.626344030800000340 ) ) ;
#3312 = VERTEX_POINT ( 'NONE', #1959 ) ;
#3313 = CARTESIAN_POINT ( 'NONE',  ( -17.17198003189999866, 1.940736952730000020, 4.410000016239999709 ) ) ;
#3314 = CARTESIAN_POINT ( 'NONE',  ( -14.76478101120000019, -21.98479467019999944, 14.30079563719999847 ) ) ;
#3315 = CARTESIAN_POINT ( 'NONE',  ( -8.103935324130000950, -0.3347946707400000221, 9.333450403689999675 ) ) ;
#3316 = CARTESIAN_POINT ( 'NONE',  ( -16.35947884807616504, 2.440653405105928542, 4.258855256947825296 ) ) ;
#3317 = CARTESIAN_POINT ( 'NONE',  ( -11.73446219480000074, 0.2775777649560000060, 23.41237046150000012 ) ) ;
#3318 = CARTESIAN_POINT ( 'NONE',  ( 2.157726972519999897, -3.161140675780000464, 5.092890836270000499 ) ) ;
#3319 = EDGE_CURVE ( 'NONE', #8178, #2907, #8253, .T. ) ;
#3320 = CARTESIAN_POINT ( 'NONE',  ( -24.86806114800000245, -21.25095436970000051, 23.77905466409999846 ) ) ;
#3321 = VERTEX_POINT ( 'NONE', #1302 ) ;
#3322 = CARTESIAN_POINT ( 'NONE',  ( -17.51242410000000049, -22.03381814629999980, 4.661542566759999673 ) ) ;
#3323 = CARTESIAN_POINT ( 'NONE',  ( 2.454871985309999616, -18.20700679950000378, 9.013741189970000178 ) ) ;
#3324 = EDGE_LOOP ( 'NONE', ( #7541, #5819, #8136, #2116 ) ) ;
#3325 = CARTESIAN_POINT ( 'NONE',  ( 2.415423816200000129, -3.858501164510000248, 23.76883130639999919 ) ) ;
#3326 = CARTESIAN_POINT ( 'NONE',  ( 2.658525396930000007, -5.156078574780000423, 4.799998166800000021 ) ) ;
#3327 = ORIENTED_EDGE ( 'NONE', *, *, #3492, .F. ) ;
#3328 = DIRECTION ( 'NONE',  ( 1.000000000000000000, 0.000000000000000000, 0.000000000000000000 ) ) ;
#3329 = B_SPLINE_CURVE_WITH_KNOTS ( 'NONE', 5,
 ( #415, #4199, #4981, #6903, #1570, #2356 ),
 .UNSPECIFIED., .F., .F.,
 ( 6, 6 ),
 ( 1.490203166919999989, 1.786391896030000037 ),
 .UNSPECIFIED. ) ;
#3330 = DIRECTION ( 'NONE',  ( 0.000000000000000000, -1.000000000000000000, -1.315056131819999948E-15 ) ) ;
#3331 = CYLINDRICAL_SURFACE ( 'NONE', #4877, 1.000000000000000222 ) ;
#3332 = DIRECTION ( 'NONE',  ( -0.7068913075831640969, -0.02468518840780575471, 0.7068913075831640969 ) ) ;
#3333 = CARTESIAN_POINT ( 'NONE',  ( -16.25510289680000398, 2.382926413090000306, 24.35363217820000159 ) ) ;
#3334 = CARTESIAN_POINT ( 'NONE',  ( 2.150086876439999628, -14.11406421590000093, 23.76966015190000192 ) ) ;
#3335 = CARTESIAN_POINT ( 'NONE',  ( -19.11173787339999919, 4.294212316059999424, 5.179319989089999687 ) ) ;
#3336 = EDGE_CURVE ( 'NONE', #2330, #3735, #8305, .T. ) ;
#3337 = DIRECTION ( 'NONE',  ( 0.8775825618903722036, 0.000000000000000000, -0.4794255386042040601 ) ) ;
#3338 = DIRECTION ( 'NONE',  ( -6.883823316548779095E-17, 1.000000000000000000, 0.000000000000000000 ) ) ;
#3339 = APPROVAL_DATE_TIME ( #5211, #3759 ) ;
#3340 = ORIENTED_EDGE ( 'NONE', *, *, #5656, .T. ) ;
#3341 = CARTESIAN_POINT ( 'NONE',  ( -18.98983390659999770, 3.814370325050000066, 23.88648995289999988 ) ) ;
#3342 = CARTESIAN_POINT ( 'NONE',  ( 2.961758274119999701, 0.6367429878489999640, 11.57523387439999851 ) ) ;
#3343 = CARTESIAN_POINT ( 'NONE',  ( 2.498070891659999848, -13.88829311830000002, 4.893806697010000484 ) ) ;
#3344 = CARTESIAN_POINT ( 'NONE',  ( 2.620461413395771988, -14.43843989852877385, 23.21476595453785308 ) ) ;
#3345 = DIRECTION ( 'NONE',  ( 1.000000000000000000, 6.123233995739999133E-17, 6.123233995739999133E-17 ) ) ;
#3346 = CARTESIAN_POINT ( 'NONE',  ( -28.44380781629999788, 3.203276003570000530, 8.407104806670000485 ) ) ;
#3347 = CARTESIAN_POINT ( 'NONE',  ( -17.88144894400000240, -18.98772121960000092, 4.673160806720000338 ) ) ;
#3348 = B_SPLINE_CURVE_WITH_KNOTS ( 'NONE', 3,
 ( #7892, #633, #1927, #5919, #2054, #1272, #2698, #7809, #4024, #3908, #5288, #591, #2015, #6526 ),
 .UNSPECIFIED., .F., .F.,
 ( 4, 2, 2, 1, 1, 2, 2, 4 ),
 ( 0.000000000000000000, 0.2500000000001056377, 0.3750000000001540434, 0.4375000000001763034, 0.4687500000001874056, 0.4843750000001851852, 0.5000000000001829648, 1.000000000000000000 ),
 .UNSPECIFIED. ) ;
#3349 = ORIENTED_EDGE ( 'NONE', *, *, #1926, .T. ) ;
#3350 = CARTESIAN_POINT ( 'NONE',  ( -18.13773530259999944, -18.89794162929999999, 23.96552537519999859 ) ) ;
#3351 = CARTESIAN_POINT ( 'NONE',  ( 2.371311563739999961, -1.042432392969999899, 7.211599119120000623 ) ) ;
#3352 = DIRECTION ( 'NONE',  ( 0.000000000000000000, 0.9993908270190955401, 0.03489949670250333535 ) ) ;
#3353 = CARTESIAN_POINT ( 'NONE',  ( -28.27524488920000323, 3.390799019489999733, 8.082144622660001332 ) ) ;
#3354 = CARTESIAN_POINT ( 'NONE',  ( -12.24979075049999899, 0.4853071395670000010, 23.56622397749999820 ) ) ;
#3355 = CARTESIAN_POINT ( 'NONE',  ( -10.55928643924042909, 0.8152053292530089257, 6.892375979051676538 ) ) ;
#3356 = LINE ( 'NONE', #6588, #4063 ) ;
#3357 = ORIENTED_EDGE ( 'NONE', *, *, #123, .F. ) ;
#3358 = CARTESIAN_POINT ( 'NONE',  ( -25.91338428277527939, -2.011567979836562881, 5.669574492235271101 ) ) ;
#3359 = CARTESIAN_POINT ( 'NONE',  ( 2.447673396050000338, -18.15918597569999804, 8.902600667379998001 ) ) ;
#3360 = EDGE_CURVE ( 'NONE', #3171, #7461, #5107, .T. ) ;
#3361 = LINE ( 'NONE', #5986, #5843 ) ;
#3362 = CARTESIAN_POINT ( 'NONE',  ( 3.087025501439999875, -9.629353042159999987, 4.799998092610000100 ) ) ;
#3363 = VECTOR ( 'NONE', #5039, 999.9999999999998863 ) ;
#3364 = CARTESIAN_POINT ( 'NONE',  ( -24.86455455890000010, 3.617972913959999648, 23.56545710099999980 ) ) ;
#3365 = AXIS2_PLACEMENT_3D ( 'NONE', #4488, #2506, #1733 ) ;
#3366 = CARTESIAN_POINT ( 'NONE',  ( -12.01501386265254467, -18.11254806617557023, 5.167651772093553753 ) ) ;
#3367 = DIRECTION ( 'NONE',  ( 1.000000000000000000, 6.123233995739999133E-17, 6.123233995739999133E-17 ) ) ;
#3368 = CARTESIAN_POINT ( 'NONE',  ( -25.09070928719999927, -21.33598862819999908, 15.02910611740000135 ) ) ;
#3369 = CARTESIAN_POINT ( 'NONE',  ( 2.905659407419999951, -18.06423751879999884, 10.25808391250000007 ) ) ;
#3370 = CARTESIAN_POINT ( 'NONE',  ( -16.48672176460000216, 2.182271106710000019, 24.25992244889999938 ) ) ;
#3371 = APPROVAL_PERSON_ORGANIZATION ( #8077, #6439, #6147 ) ;
#3372 = AXIS2_PLACEMENT_3D ( 'NONE', #3301, #5249, #3337 ) ;
#3373 = CARTESIAN_POINT ( 'NONE',  ( -12.22850577338810396, 0.2909877970616984166, 4.926822369339118879 ) ) ;
#3374 = CARTESIAN_POINT ( 'NONE',  ( 2.143972051120000000, -3.405573071239999638, 4.892079126170000514 ) ) ;
#3375 = B_SPLINE_CURVE_WITH_KNOTS ( 'NONE', 3,
 ( #2311, #7413, #4198, #4156, #923, #876, #4937, #2221, #3510, #6817, #6167, #250, #1657 ),
 .UNSPECIFIED., .F., .F.,
 ( 4, 2, 1, 1, 1, 2, 2, 4 ),
 ( 0.000000000000000000, 0.2500000000000007216, 0.3750000000000011102, 0.4375000000000015543, 0.4687500000000013323, 0.4843750000000012212, 0.5000000000000011102, 1.000000000000000000 ),
 .UNSPECIFIED. ) ;
#3376 = CARTESIAN_POINT ( 'NONE',  ( -22.89689739490000164, 4.155500100680000308, 20.49595185049999913 ) ) ;
#3377 = VERTEX_POINT ( 'NONE', #7073 ) ;
#3378 = AXIS2_PLACEMENT_3D ( 'NONE', #4906, #5594, #8194 ) ;
#3379 = CARTESIAN_POINT ( 'NONE',  ( -12.56065347590000059, -17.93477395690000264, 4.800226524429999309 ) ) ;
#3380 = ORIENTED_EDGE ( 'NONE', *, *, #3396, .F. ) ;
#3381 = DIRECTION ( 'NONE',  ( 1.000000000000000000, -6.123233995739999133E-17, 2.985759393769999632E-16 ) ) ;
#3382 = EDGE_LOOP ( 'NONE', ( #2725, #6629, #624, #5313 ) ) ;
#3383 = CC_DESIGN_PERSON_AND_ORGANIZATION_ASSIGNMENT ( #1837, #2887, ( #4922 ) ) ;
#3384 = ORIENTED_EDGE ( 'NONE', *, *, #2392, .T. ) ;
#3385 = CARTESIAN_POINT ( 'NONE',  ( -18.96194622040000155, -21.49368588059999752, 4.682848194069999970 ) ) ;
#3386 = CARTESIAN_POINT ( 'NONE',  ( 2.263125778970000113, -3.171549042559999698, 23.51751401969999833 ) ) ;
#3387 = CYLINDRICAL_SURFACE ( 'NONE', #4621, 1.299999999999999156 ) ;
#3388 = AXIS2_PLACEMENT_3D ( 'NONE', #6161, #6941, #3501 ) ;
#3389 = CARTESIAN_POINT ( 'NONE',  ( -6.848319420400001079, -18.04190113699999998, 19.97365592259999900 ) ) ;
#3390 = VERTEX_POINT ( 'NONE', #6430 ) ;
#3391 = CARTESIAN_POINT ( 'NONE',  ( -17.64658655119999864, -19.11887758489999811, 23.94032077289999805 ) ) ;
#3392 = ORIENTED_EDGE ( 'NONE', *, *, #2772, .F. ) ;
#3393 = CARTESIAN_POINT ( 'NONE',  ( -24.75888606110000012, -21.29125228069999665, 4.993590058490000594 ) ) ;
#3394 = CARTESIAN_POINT ( 'NONE',  ( -6.299190212120000076, -18.15297359680000255, 8.737416321009998654 ) ) ;
#3395 = CARTESIAN_POINT ( 'NONE',  ( -11.81375830647914604, -20.17217398530001304, 23.96192686688567264 ) ) ;
#3396 = EDGE_CURVE ( 'NONE', #4095, #6706, #541, .T. ) ;
#3397 = PLANE ( 'NONE',  #4771 ) ;
#3398 = CARTESIAN_POINT ( 'NONE',  ( 2.539603210630000163, -17.96339100160000157, 8.780276501369998599 ) ) ;
#3399 = CARTESIAN_POINT ( 'NONE',  ( -26.47637157029999599, -16.73479467070000126, 6.399998025760000431 ) ) ;
#3400 = B_SPLINE_CURVE_WITH_KNOTS ( 'NONE', 5,
 ( #8370, #1441, #53, #7859, #4556, #2096 ),
 .UNSPECIFIED., .F., .F.,
 ( 6, 6 ),
 ( 0.000000000000000000, 1.000000000000000000 ),
 .UNSPECIFIED. ) ;
#3401 = CARTESIAN_POINT ( 'NONE',  ( -11.56335992864757500, 0.8152053292530093698, 6.406370811242460661 ) ) ;
#3402 = DIRECTION ( 'NONE',  ( 1.000000000000000000, -6.505213189971288243E-17, 0.000000000000000000 ) ) ;
#3403 = VERTEX_POINT ( 'NONE', #6473 ) ;
#3404 = ORIENTED_EDGE ( 'NONE', *, *, #4812, .T. ) ;
#3405 = CARTESIAN_POINT ( 'NONE',  ( 2.368528854240000037, 0.3731075582790000511, 8.667183863290000900 ) ) ;
#3406 = CARTESIAN_POINT ( 'NONE',  ( -24.89029063959999988, 3.507164883239999753, 4.749616237759999748 ) ) ;
#3407 = CARTESIAN_POINT ( 'NONE',  ( 3.262573240289999621, -9.986218883819999448, 23.71832655250000244 ) ) ;
#3408 = CARTESIAN_POINT ( 'NONE',  ( 3.015902295620000118, -11.63832856919999870, 4.886012354350000031 ) ) ;
#3409 = EDGE_CURVE ( 'NONE', #6060, #6232, #7254, .T. ) ;
#3410 = CARTESIAN_POINT ( 'NONE',  ( -9.068534163650001645, -15.22064718360000057, 4.841561481720000337 ) ) ;
#3411 = ADVANCED_FACE ( 'NONE', ( #5949 ), #6758, .F. ) ;
#3412 = CARTESIAN_POINT ( 'NONE',  ( -11.93443854269389348, -18.07099271871091517, 5.169142505939016807 ) ) ;
#3413 = CARTESIAN_POINT ( 'NONE',  ( 2.579765326589999574, -14.22653779210000025, 5.175663494130000153 ) ) ;
#3414 = CARTESIAN_POINT ( 'NONE',  ( 2.143972245280000077, -3.405584607769999828, 23.70792301559999871 ) ) ;
#3415 = B_SPLINE_CURVE_WITH_KNOTS ( 'NONE', 3,
 ( #641, #1238, #3142, #3225, #1976, #3272, #5887, #19, #7095, #5255, #5217, #4598, #7218, #7861 ),
 .UNSPECIFIED., .F., .F.,
 ( 4, 2, 2, 1, 1, 2, 2, 4 ),
 ( 0.000000000000000000, 0.2500000000000054956, 0.3750000000000094924, 0.4375000000000114353, 0.4687500000000124345, 0.4843750000000134892, 0.5000000000000145439, 1.000000000000000000 ),
 .UNSPECIFIED. ) ;
#3416 = CARTESIAN_POINT ( 'NONE',  ( 3.000640189159999860, -18.33479467069999913, 14.30015860480000001 ) ) ;
#3417 = CARTESIAN_POINT ( 'NONE',  ( -17.75500871499999889, -19.31092489659999956, 4.593302506979999755 ) ) ;
#3418 = DIRECTION ( 'NONE',  ( 1.000000000000000000, -6.123233995740039809E-17, 2.985759393769999632E-16 ) ) ;
#3419 = CARTESIAN_POINT ( 'NONE',  ( -14.45562137934611968, 2.600437768909987124, 24.49616985250125722 ) ) ;
#3420 = ORIENTED_EDGE ( 'NONE', *, *, #4932, .T. ) ;
#3421 = CARTESIAN_POINT ( 'NONE',  ( -21.88362779899999921, 4.192650927099999869, 21.69612835679999918 ) ) ;
#3422 = VERTEX_POINT ( 'NONE', #122 ) ;
#3423 = CARTESIAN_POINT ( 'NONE',  ( 2.591064675920000226, -8.834794670739999134, 14.29999802579999901 ) ) ;
#3424 = ORIENTED_EDGE ( 'NONE', *, *, #7300, .F. ) ;
#3425 = DIRECTION ( 'NONE',  ( -1.000000000000000000, 0.000000000000000000, -2.786938719840000091E-16 ) ) ;
#3426 = CARTESIAN_POINT ( 'NONE',  ( 3.091064675920000226, -8.834794670739999134, 14.29999802579999901 ) ) ;
#3427 = CARTESIAN_POINT ( 'NONE',  ( -7.152663952811024295, -18.48479467070000481, 18.12267011137697281 ) ) ;
#3428 = CARTESIAN_POINT ( 'NONE',  ( 2.475465849460000367, -16.62745843789999967, 21.38809553150000298 ) ) ;
#3429 = CARTESIAN_POINT ( 'NONE',  ( -9.001305089414040950, 2.600437768910011105, 5.877524692377052773 ) ) ;
#3430 = B_SPLINE_CURVE_WITH_KNOTS ( 'NONE', 5,
 ( #1554, #352, #2851, #8041, #7398, #3579 ),
 .UNSPECIFIED., .F., .F.,
 ( 6, 6 ),
 ( 0.000000000000000000, 1.000000000000000000 ),
 .UNSPECIFIED. ) ;
#3431 = EDGE_LOOP ( 'NONE', ( #760, #4262, #3650, #2094, #6589 ) ) ;
#3432 = CARTESIAN_POINT ( 'NONE',  ( -17.75500818049999907, -19.31092509590000006, 24.00669367140000077 ) ) ;
#3433 = CARTESIAN_POINT ( 'NONE',  ( 2.297418146400000083, -15.21574357510000119, 22.79981030580000123 ) ) ;
#3434 = EDGE_CURVE ( 'NONE', #7835, #205, #3801, .T. ) ;
#3435 = CARTESIAN_POINT ( 'NONE',  ( -12.84683463049999830, 0.3222849619400000032, 4.799998025759999898 ) ) ;
#3436 = CARTESIAN_POINT ( 'NONE',  ( -19.99893532420000142, -18.33479467069999913, 23.79999802580000079 ) ) ;
#3437 = CARTESIAN_POINT ( 'NONE',  ( -15.35234850839999865, 2.423108331140000349, 4.209170091070000730 ) ) ;
#3438 = CARTESIAN_POINT ( 'NONE',  ( 2.803913578099999970, -15.74044005879999730, 6.676195465969999354 ) ) ;
#3439 = CARTESIAN_POINT ( 'NONE',  ( -24.86018447229999850, 3.618125520749999602, 23.56982719799999870 ) ) ;
#3440 = CARTESIAN_POINT ( 'NONE',  ( -23.18893532420000270, -8.834794670750000023, 14.29999802579999901 ) ) ;
#3441 = ORIENTED_EDGE ( 'NONE', *, *, #2005, .F. ) ;
#3442 = ORIENTED_EDGE ( 'NONE', *, *, #7414, .F. ) ;
#3443 = EDGE_CURVE ( 'NONE', #1340, #6607, #3791, .T. ) ;
#3444 = DIRECTION ( 'NONE',  ( -0.9987827659739489938, -0.03487826274289820144, 0.03487826230569818914 ) ) ;
#3445 = ORIENTED_EDGE ( 'NONE', *, *, #3492, .T. ) ;
#3446 = CARTESIAN_POINT ( 'NONE',  ( -16.66640700279999976, -19.67649688999999924, 24.12786663940000054 ) ) ;
#3447 = CARTESIAN_POINT ( 'NONE',  ( -24.95496057380000110, 3.505603716280000004, 4.778558485520000509 ) ) ;
#3448 = EDGE_CURVE ( 'NONE', #6540, #2722, #5213, .T. ) ;
#3449 = CARTESIAN_POINT ( 'NONE',  ( 2.920347658839999916, -6.047313496600000171, 23.77135701449999772 ) ) ;
#3450 = CARTESIAN_POINT ( 'NONE',  ( -18.36289965084810305, 4.222580663283888036, 23.74228461396007006 ) ) ;
#3451 = ORIENTED_EDGE ( 'NONE', *, *, #1306, .T. ) ;
#3452 = CARTESIAN_POINT ( 'NONE',  ( -8.608651297550000692, -14.82286688500000160, 4.837625425539999746 ) ) ;
#3453 = CARTESIAN_POINT ( 'NONE',  ( -16.79713223119999910, 3.723850968110000270, 24.19627893549999698 ) ) ;
#3454 = CARTESIAN_POINT ( 'NONE',  ( -5.894465673817784968, -22.28479467090000199, 16.80817361704727730 ) ) ;
#3455 = ADVANCED_FACE ( 'NONE', ( #4837 ), #243, .F. ) ;
#3456 = CARTESIAN_POINT ( 'NONE',  ( -27.46803745404329433, -1.940148249077260134, 21.37576838805669155 ) ) ;
#3457 = CARTESIAN_POINT ( 'NONE',  ( -3.853425745850000084, -17.94716710639999846, 11.62246490459999926 ) ) ;
#3458 = CARTESIAN_POINT ( 'NONE',  ( -15.93818039129999953, 2.379939020190000143, 24.34531648069999932 ) ) ;
#3459 = B_SPLINE_SURFACE_WITH_KNOTS ( 'NONE', 5, 5, ( 
 ( #5631, #7002, #419, #5671, #551, #507 ),
 ( #4985, #6260, #2404, #2486, #6393, #5074 ),
 ( #3694, #7041, #1105, #5116, #4463, #461 ),
 ( #4942, #6908, #3733, #8228, #3090, #2446 ),
 ( #7678, #1794, #707, #2657, #89, #1358 ),
 ( #3865, #6570, #4511, #1315, #4550, #6605 ) ),
 .UNSPECIFIED., .F., .F., .F.,
 ( 6, 6 ),
 ( 6, 6 ),
 ( 46.05312225609999643, 52.37250164750000181 ),
 ( 0.000000000000000000, 0.7958249766060000452 ),
 .UNSPECIFIED. ) ;
#3460 = CARTESIAN_POINT ( 'NONE',  ( -21.18893532420000270, -18.47731201499999898, 20.69999802579999937 ) ) ;
#3461 = CARTESIAN_POINT ( 'NONE',  ( -4.580333616749689973, 2.600437768910000447, 13.72658967141378739 ) ) ;
#3462 = CARTESIAN_POINT ( 'NONE',  ( 2.368528854240000037, 0.3731075582790000511, 8.667183863290000900 ) ) ;
#3463 = EDGE_CURVE ( 'NONE', #63, #4828, #5504, .T. ) ;
#3464 = ORIENTED_EDGE ( 'NONE', *, *, #3251, .F. ) ;
#3465 = ORIENTED_EDGE ( 'NONE', *, *, #4103, .T. ) ;
#3466 = FACE_OUTER_BOUND ( 'NONE', #6465, .T. ) ;
#3467 = CARTESIAN_POINT ( 'NONE',  ( 2.791818127099999991, 0.6652053292599999779, 16.59894121249999799 ) ) ;
#3468 = ADVANCED_FACE ( 'NONE', ( #2854 ), #751, .T. ) ;
#3469 = EDGE_CURVE ( 'NONE', #185, #2463, #6983, .T. ) ;
#3470 = CARTESIAN_POINT ( 'NONE',  ( -24.74697255919999606, -21.29166830940000210, 4.992941621219999959 ) ) ;
#3471 = CARTESIAN_POINT ( 'NONE',  ( -14.27121460309999890, -18.48479404189999897, 22.78563853529999861 ) ) ;
#3472 = CARTESIAN_POINT ( 'NONE',  ( 2.590739355579999792, -14.28366166420000027, 23.36783923750000014 ) ) ;
#3473 = CARTESIAN_POINT ( 'NONE',  ( -27.59703366417519277, -17.62092868557108361, 7.353223873635160501 ) ) ;
#3474 = ORIENTED_EDGE ( 'NONE', *, *, #1806, .F. ) ;
#3475 = ORIENTED_EDGE ( 'NONE', *, *, #658, .F. ) ;
#3476 = CARTESIAN_POINT ( 'NONE',  ( 2.871783058617546569, -12.99332233795833069, 5.071763050327776412 ) ) ;
#3477 = CARTESIAN_POINT ( 'NONE',  ( -24.75293374470000174, -21.29146014009999988, 4.993149793759999788 ) ) ;
#3478 = CARTESIAN_POINT ( 'NONE',  ( 2.619374955320000087, -18.05367861909999760, 19.38733458889999639 ) ) ;
#3479 = CARTESIAN_POINT ( 'NONE',  ( -17.42372386779999971, 3.760978379019999984, 4.495480474640000779 ) ) ;
#3480 = CARTESIAN_POINT ( 'NONE',  ( -15.67098744649999809, 2.610907365159999660, 4.174742559039999357 ) ) ;
#3481 = CARTESIAN_POINT ( 'NONE',  ( -28.40842354009999937, 3.387582773110000112, 8.407104364260000295 ) ) ;
#3482 = CARTESIAN_POINT ( 'NONE',  ( -28.44380783444999850, 3.203276002699998681, 20.19289137514999766 ) ) ;
#3483 = ADVANCED_FACE ( 'NONE', ( #3029 ), #2919, .T. ) ;
#3484 = CARTESIAN_POINT ( 'NONE',  ( 2.841064675920000226, -8.834794670739999134, 14.29999802579999901 ) ) ;
#3485 = PERSON_AND_ORGANIZATION_ROLE ( 'creator' ) ;
#3486 = ORIENTED_EDGE ( 'NONE', *, *, #5201, .F. ) ;
#3487 = B_SPLINE_CURVE_WITH_KNOTS ( 'NONE', 5,
 ( #51, #13, #8406, #91, #3992, #5794 ),
 .UNSPECIFIED., .F., .F.,
 ( 6, 6 ),
 ( 1.041761272430000052, 2.378027512090000073 ),
 .UNSPECIFIED. ) ;
#3488 = CARTESIAN_POINT ( 'NONE',  ( 2.263125778970000113, 0.3827213232209999427, 8.636752397589999575 ) ) ;
#3489 = FACE_OUTER_BOUND ( 'NONE', #7045, .T. ) ;
#3490 = FACE_OUTER_BOUND ( 'NONE', #5716, .T. ) ;
#3491 = CARTESIAN_POINT ( 'NONE',  ( -6.710283254560000188, 0.6652053292599999779, 19.26654782600000004 ) ) ;
#3492 = EDGE_CURVE ( 'NONE', #1323, #6384, #3765, .T. ) ;
#3493 = CARTESIAN_POINT ( 'NONE',  ( 2.368529263280000130, -3.201980547539999833, 23.50789987960000005 ) ) ;
#3494 = CARTESIAN_POINT ( 'NONE',  ( -6.299189362029999906, -14.50844907399999961, 5.092891244579999643 ) ) ;
#3495 = ADVANCED_FACE ( 'NONE', ( #4270 ), #4920, .T. ) ;
#3496 = CARTESIAN_POINT ( 'NONE',  ( -11.99934804326212934, -18.10455560460265545, 5.167878052571149183 ) ) ;
#3497 = CARTESIAN_POINT ( 'NONE',  ( -23.69770464318325409, -22.28479467089999844, 16.57511450443641010 ) ) ;
#3498 = AXIS2_PLACEMENT_3D ( 'NONE', #3009, #3829, #2491 ) ;
#3499 = CARTESIAN_POINT ( 'NONE',  ( -27.49125498548587743, 0.05106376940815520599, 21.35255085661412977 ) ) ;
#3500 = DIRECTION ( 'NONE',  ( -0.7745966692411312415, -8.326672684691410414E-17, -0.6324555320341072040 ) ) ;
#3501 = DIRECTION ( 'NONE',  ( 0.000000000000000000, 1.000000000000000000, 0.000000000000000000 ) ) ;
#3502 = EDGE_CURVE ( 'NONE', #4136, #4508, #6838, .T. ) ;
#3503 = B_SPLINE_CURVE_WITH_KNOTS ( 'NONE', 3,
 ( #8146, #1538, #4948, #934, #730, #6830, #2922, #4860, #4294, #3358, #7551, #5508, #974, #8192, #2322, #1670, #259, #4818, #5982, #3565, #8107, #4660, #6913, #6627, #2230, #383, #1019, #5549, #3649, #5356, #1385, #4165, #1627, #4011, #117, #7424, #5314, #4253, #6873, #1579, #2726, #7463, #6265, #6779, #3607, #7918, #7955, #2191, #336, #6177, #295, #888, #4904, #6221 ),
 .UNSPECIFIED., .F., .F.,
 ( 4, 1, 1, 2, 2, 1, 1, 1, 2, 2, 1, 1, 1, 2, 2, 2, 2, 2, 1, 2, 2, 1, 1, 2, 2, 1, 1, 1, 2, 2, 1, 1, 2, 2, 4 ),
 ( 0.000000000000000000, 0.06250000000000641154, 0.09375000000000889566, 0.1093750000000099643, 0.1250000000000110467, 0.1875000000000141553, 0.2187500000000149603, 0.2343750000000158762, 0.2421875000000164313, 0.2500000000000169864, 0.3125000000000164868, 0.3437500000000168754, 0.3593750000000175970, 0.3671875000000174860, 0.3750000000000173195, 0.4062500000000158207, 0.4375000000000142664, 0.5000000000000113243, 0.5312500000000097700, 0.5468750000000091038, 0.5625000000000085487, 0.5937500000000073275, 0.6093750000000067724, 0.6171875000000062172, 0.6250000000000056621, 0.6874999999999981126, 0.7187499999999943379, 0.7343749999999932276, 0.7421874999999925615, 0.7499999999999918954, 0.8124999999999947820, 0.8437499999999955591, 0.8593749999999965583, 0.8749999999999975575, 1.000000000000000000 ),
 .UNSPECIFIED. ) ;
#3504 = DIRECTION ( 'NONE',  ( 1.000000000000000000, 2.139553851199999838E-17, -1.168843596070000001E-17 ) ) ;
#3505 = VECTOR ( 'NONE', #3956, 1000.000000000000000 ) ;
#3506 = DIRECTION ( 'NONE',  ( 6.123233995624459360E-17, 1.000000000000000000, 1.301554129509355993E-15 ) ) ;
#3507 = ORIENTED_EDGE ( 'NONE', *, *, #1975, .T. ) ;
#3508 = CARTESIAN_POINT ( 'NONE',  ( -20.64405515800000046, 4.238057486089999770, 22.66020635559999974 ) ) ;
#3509 = VERTEX_POINT ( 'NONE', #2624 ) ;
#3510 = CARTESIAN_POINT ( 'NONE',  ( -7.609007222354862598, -18.01725309545266640, 8.354787207556922723 ) ) ;
#3511 = CARTESIAN_POINT ( 'NONE',  ( -17.44599261839999826, 3.720884894920000185, 24.12519082680000082 ) ) ;
#3512 = AXIS2_PLACEMENT_3D ( 'NONE', #2215, #3504, #4799 ) ;
#3513 = CARTESIAN_POINT ( 'NONE',  ( -24.75130030316245211, -21.14823190117291674, 23.87442121356135516 ) ) ;
#3514 = CARTESIAN_POINT ( 'NONE',  ( -8.320126729006597444, -18.48479467069999060, 8.730061078232999705 ) ) ;
#3515 = DIRECTION ( 'NONE',  ( 0.000000000000000000, 1.301554129509999901E-15, -1.000000000000000000 ) ) ;
#3516 = CARTESIAN_POINT ( 'NONE',  ( -27.09624262963106389, -17.95366123878095976, 6.852432839091030736 ) ) ;
#3517 = EDGE_CURVE ( 'NONE', #4113, #6455, #6009, .T. ) ;
#3518 = CC_DESIGN_APPROVAL ( #2763, ( #4484 ) ) ;
#3519 = CIRCLE ( 'NONE', #1176, 8.070000000300000309 ) ;
#3520 = ORIENTED_EDGE ( 'NONE', *, *, #775, .F. ) ;
#3521 = CARTESIAN_POINT ( 'NONE',  ( 2.633219223360000250, -13.87137432949999827, 5.080600801079999229 ) ) ;
#3522 = CARTESIAN_POINT ( 'NONE',  ( -18.79695195526067408, -18.48467282383073496, 23.94889227879610516 ) ) ;
#3523 = CARTESIAN_POINT ( 'NONE',  ( -24.86459625939999896, -21.28756079919999777, 5.034580661070000573 ) ) ;
#3524 = CARTESIAN_POINT ( 'NONE',  ( -20.15353479099999845, -18.48479467069999771, 4.577775332539999908 ) ) ;
#3525 = CARTESIAN_POINT ( 'NONE',  ( -7.318969077258306477, -20.17217398530001304, 21.12778528395304178 ) ) ;
#3526 = CARTESIAN_POINT ( 'NONE',  ( -16.53168417370000043, 2.271249614309999831, 4.290685910489999699 ) ) ;
#3527 = CARTESIAN_POINT ( 'NONE',  ( 2.751262496350000308, -16.52148676109999670, 7.329707880519999996 ) ) ;
#3528 = CARTESIAN_POINT ( 'NONE',  ( -21.22765540600000023, 7.215205329249999799, 22.04160239320000159 ) ) ;
#3529 = AXIS2_PLACEMENT_3D ( 'NONE', #7576, #2302, #5447 ) ;
#3530 = CARTESIAN_POINT ( 'NONE',  ( 2.298270783099999992, -0.3393085293730000451, 7.914722982680000740 ) ) ;
#3531 =( NAMED_UNIT ( * ) PLANE_ANGLE_UNIT ( ) SI_UNIT ( $, .RADIAN. ) );
#3532 = ORIENTED_EDGE ( 'NONE', *, *, #3773, .T. ) ;
#3533 = CARTESIAN_POINT ( 'NONE',  ( -16.43900935809999808, -20.00983107840000130, 24.23736209570000000 ) ) ;
#3534 = CARTESIAN_POINT ( 'NONE',  ( -25.08469550140000237, 3.410305630039999869, 4.840885547830000135 ) ) ;
#3535 = CARTESIAN_POINT ( 'NONE',  ( 2.786121444439999983, -5.327597793660000747, 23.77062239210000172 ) ) ;
#3536 = B_SPLINE_SURFACE_WITH_KNOTS ( 'NONE', 5, 5, ( 
 ( #2437, #5016, #4933, #7622, #8218, #4409 ),
 ( #6380, #495, #4975, #7579, #3123, #7159 ),
 ( #1263, #3252, #3944, #3899, #4500, #3291 ),
 ( #6515, #5908, #666, #2516, #700, #5785 ),
 ( #4541, #40, #8395, #6562, #1, #2646 ),
 ( #621, #1174, #5872, #1824, #2601, #1869 ) ),
 .UNSPECIFIED., .F., .F., .F.,
 ( 6, 6 ),
 ( 6, 6 ),
 ( 3.910543666390000173, 5.677821831610000203 ),
 ( 0.000000000000000000, 0.2685580411920000521 ),
 .UNSPECIFIED. ) ;
#3537 = CARTESIAN_POINT ( 'NONE',  ( -8.130761761663920950, -15.04729403339010041, 5.141921462974645252 ) ) ;
#3538 = EDGE_CURVE ( 'NONE', #8241, #8433, #1505, .T. ) ;
#3539 = CARTESIAN_POINT ( 'NONE',  ( 2.370885710079999598, -1.744506965610000071, 22.09047150510000179 ) ) ;
#3540 = CARTESIAN_POINT ( 'NONE',  ( -17.14524546639999869, 1.893599913939999935, 24.16808198529999885 ) ) ;
#3541 = CARTESIAN_POINT ( 'NONE',  ( -16.92859716222424993, 3.754417636701109284, 4.413084518156209946 ) ) ;
#3542 = B_SPLINE_CURVE_WITH_KNOTS ( 'NONE', 5,
 ( #110, #2719, #7948, #655, #5228, #1249, #3970, #5898, #1988 ),
 .UNSPECIFIED., .F., .F.,
 ( 6, 3, 6 ),
 ( -0.2216602150199999954, -0.1329325037610000204, 0.000000000000000000 ),
 .UNSPECIFIED. ) ;
#3543 = CARTESIAN_POINT ( 'NONE',  ( -12.07960460160254534, -18.14423282563341289, 5.167637411097297573 ) ) ;
#3544 = DIRECTION ( 'NONE',  ( 1.000000000000000000, 0.000000000000000000, 0.000000000000000000 ) ) ;
#3545 = CARTESIAN_POINT ( 'NONE',  ( -27.55133649501988202, -1.869896722138253864, 21.29246934708011452 ) ) ;
#3546 = LINE ( 'NONE', #3457, #4206 ) ;
#3547 = CARTESIAN_POINT ( 'NONE',  ( -14.76507131800000039, 2.388305734550000281, 14.29999802579999901 ) ) ;
#3548 = EDGE_CURVE ( 'NONE', #1351, #7057, #4057, .T. ) ;
#3549 = B_SPLINE_CURVE_WITH_KNOTS ( 'NONE', 5,
 ( #4626, #7883, #7754, #7247, #1349, #8441 ),
 .UNSPECIFIED., .F., .F.,
 ( 6, 6 ),
 ( 40.31320138750000126, 42.21867774209999880 ),
 .UNSPECIFIED. ) ;
#3550 = CARTESIAN_POINT ( 'NONE',  ( -23.85289634429999950, -21.32289013879999828, 19.54199806079999746 ) ) ;
#3551 = ORIENTED_EDGE ( 'NONE', *, *, #5423, .F. ) ;
#3552 = CARTESIAN_POINT ( 'NONE',  ( -12.18464220368905160, 0.5210543511570064901, 23.42872647196108105 ) ) ;
#3553 = CARTESIAN_POINT ( 'NONE',  ( -24.74697242159999888, 3.622078972670000230, 4.992941627969999629 ) ) ;
#3554 = EDGE_CURVE ( 'NONE', #3171, #2128, #3230, .T. ) ;
#3555 = EDGE_LOOP ( 'NONE', ( #7496, #1371, #17, #720, #5170 ) ) ;
#3556 = ORIENTED_EDGE ( 'NONE', *, *, #5411, .F. ) ;
#3557 = CARTESIAN_POINT ( 'NONE',  ( 2.590735491149999792, -14.28366152079999907, 23.36783954299999877 ) ) ;
#3558 = LINE ( 'NONE', #8099, #4633 ) ;
#3559 = CARTESIAN_POINT ( 'NONE',  ( -24.91603371929999966, -21.28576456359999725, 4.954551448899999322 ) ) ;
#3560 = DIRECTION ( 'NONE',  ( 0.9999999999999998890, 0.000000000000000000, -1.039632632839999799E-08 ) ) ;
#3561 = CARTESIAN_POINT ( 'NONE',  ( -19.47158991210000067, 3.806299389270000333, 23.79127483770000140 ) ) ;
#3562 = CARTESIAN_POINT ( 'NONE',  ( -27.91351068207909236, -17.01484111794075105, 7.669700891539061871 ) ) ;
#3563 = ORIENTED_EDGE ( 'NONE', *, *, #2040, .T. ) ;
#3564 = LINE ( 'NONE', #3051, #7246 ) ;
#3565 = CARTESIAN_POINT ( 'NONE',  ( -25.49034856773817026, -1.534502889273610560, 5.246538777198167303 ) ) ;
#3566 = DIRECTION ( 'NONE',  ( -0.7068913075831639858, -0.02468518840781299892, 0.7068913075831639858 ) ) ;
#3567 = CARTESIAN_POINT ( 'NONE',  ( -27.76812008166134405, -16.07602950525620500, 21.07568576043864184 ) ) ;
#3568 = CARTESIAN_POINT ( 'NONE',  ( -5.785460239311014163, -20.17217398530000239, 18.92922067087352644 ) ) ;
#3569 = CARTESIAN_POINT ( 'NONE',  ( 2.679892811155676124, -0.3007804573099566170, 20.28784650144930168 ) ) ;
#3570 = CARTESIAN_POINT ( 'NONE',  ( 2.298270783099999992, -15.22006971380000095, 5.804511884370000097 ) ) ;
#3571 = CARTESIAN_POINT ( 'NONE',  ( -24.96956439130000049, 3.412396788970000205, 23.85548097410000068 ) ) ;
#3572 = CARTESIAN_POINT ( 'NONE',  ( 2.619375564760000330, -18.05367916199999812, 9.212664631240000901 ) ) ;
#3573 = PERSON_AND_ORGANIZATION ( #18446744073709551615, #18446744073709551615 ) ;
#3574 = ORIENTED_EDGE ( 'NONE', *, *, #4715, .T. ) ;
#3575 = FACE_OUTER_BOUND ( 'NONE', #3555, .T. ) ;
#3576 = CARTESIAN_POINT ( 'NONE',  ( -17.42372386779999971, 3.760978379019999984, 4.495480474640000779 ) ) ;
#3577 = CARTESIAN_POINT ( 'NONE',  ( -25.79636065299604653, -1.920653114433404252, 23.04744518910395712 ) ) ;
#3578 = DIRECTION ( 'NONE',  ( 2.446279436130066281E-07, 0.7071068810550193984, -0.7071066813180193478 ) ) ;
#3579 = CARTESIAN_POINT ( 'NONE',  ( 2.186367865349999828, -18.33479467069999913, 19.26654564780000101 ) ) ;
#3580 = CARTESIAN_POINT ( 'NONE',  ( 2.803898411970000115, -1.929210719519999895, 21.92385967270000080 ) ) ;
#3581 = B_SPLINE_CURVE_WITH_KNOTS ( 'NONE', 4,
 ( #6451, #3998, #5257, #716, #681 ),
 .UNSPECIFIED., .F., .F.,
 ( 5, 5 ),
 ( 0.000000000000000000, 1.000000000000000000 ),
 .UNSPECIFIED. ) ;
#3582 = CARTESIAN_POINT ( 'NONE',  ( -17.50626830539999901, 1.604004702030000118, 24.04402172140000005 ) ) ;
#3583 = CARTESIAN_POINT ( 'NONE',  ( -26.64380781570000067, -15.43479467070000055, 6.399998025110000377 ) ) ;
#3584 = CARTESIAN_POINT ( 'NONE',  ( -28.44380781629962485, -20.87286534457500053, 20.19289062912499944 ) ) ;
#3585 = FACE_OUTER_BOUND ( 'NONE', #1384, .T. ) ;
#3586 = CARTESIAN_POINT ( 'NONE',  ( 2.572245838729999790, -3.760604954749999784, 23.61937130450000311 ) ) ;
#3587 = CARTESIAN_POINT ( 'NONE',  ( 2.619380567239999902, -18.05368029410000119, 19.38733275219999896 ) ) ;
#3588 = CARTESIAN_POINT ( 'NONE',  ( -7.083768952592664370, 0.3637019736539571779, 20.06803734002054540 ) ) ;
#3589 = CARTESIAN_POINT ( 'NONE',  ( -25.48570846323086059, -17.32550822246571087, 5.241898672690833649 ) ) ;
#3590 = CARTESIAN_POINT ( 'NONE',  ( -23.18893532340000263, -0.9347946707460000892, 22.19999802579999937 ) ) ;
#3591 = ORIENTED_EDGE ( 'NONE', *, *, #1642, .F. ) ;
#3592 = ORIENTED_EDGE ( 'NONE', *, *, #6189, .F. ) ;
#3593 = VERTEX_POINT ( 'NONE', #1981 ) ;
#3594 = B_SPLINE_CURVE_WITH_KNOTS ( 'NONE', 5,
 ( #4637, #7257, #2613, #5881, #6484, #7765 ),
 .UNSPECIFIED., .F., .F.,
 ( 6, 6 ),
 ( -32.50122223407795019, -25.82146185652220183 ),
 .UNSPECIFIED. ) ;
#3595 = CARTESIAN_POINT ( 'NONE',  ( -17.68532446129999869, 3.752743699419999857, 24.09488747890000226 ) ) ;
#3596 = DIRECTION ( 'NONE',  ( -2.985759393769999632E-16, 0.000000000000000000, 1.000000000000000000 ) ) ;
#3597 = CARTESIAN_POINT ( 'NONE',  ( -26.56933728869969258, 0.3652053299979997614, 22.27446855340031817 ) ) ;
#3598 = CARTESIAN_POINT ( 'NONE',  ( -26.24464922857409022, -15.49745340692991213, 22.59915661352589922 ) ) ;
#3599 = EDGE_CURVE ( 'NONE', #8242, #4763, #1814, .T. ) ;
#3600 = CARTESIAN_POINT ( 'NONE',  ( 2.368528936430000176, 0.3731073234719999854, 19.93281223039999972 ) ) ;
#3601 = CARTESIAN_POINT ( 'NONE',  ( -27.82891975368282189, -17.26925978436032594, 7.585109963142800282 ) ) ;
#3602 = CARTESIAN_POINT ( 'NONE',  ( -15.93562842488214315, -19.89041406348673391, 24.20346551628584919 ) ) ;
#3603 = B_SPLINE_SURFACE_WITH_KNOTS ( 'NONE', 5, 5, ( 
 ( #5690, #1121, #529, #2335, #3670, #6326 ),
 ( #8205, #6419, #7698, #4962, #5773, #7567 ),
 ( #6368, #6284, #8383, #5649, #8288, #2382 ),
 ( #3110, #7610, #1687, #5052, #398, #5093 ),
 ( #1729, #3752, #7741, #6980, #2504, #4355 ),
 ( #1079, #3798, #1854, #3199, #3711, #484 ) ),
 .UNSPECIFIED., .F., .F., .F.,
 ( 6, 6 ),
 ( 6, 6 ),
 ( 3.232005407689999998, 3.857684788789999875 ),
 ( 0.000000000000000000, 0.5502330740330000358 ),
 .UNSPECIFIED. ) ;
#3604 = VERTEX_POINT ( 'NONE', #1494 ) ;
#3605 = ORIENTED_EDGE ( 'NONE', *, *, #819, .F. ) ;
#3606 = CARTESIAN_POINT ( 'NONE',  ( -6.660252956829999960, 0.6652053292599999779, 9.320628656200000250 ) ) ;
#3607 = CARTESIAN_POINT ( 'NONE',  ( -25.79636065828672287, 0.05106377732281665305, 5.552550867746722574 ) ) ;
#3608 = CARTESIAN_POINT ( 'NONE',  ( -21.18893532370000088, 0.6652053292599999779, 9.323899588899999813 ) ) ;
#3609 = CARTESIAN_POINT ( 'NONE',  ( -27.92811798224937192, -16.53170864379092464, 20.91568785985061041 ) ) ;
#3610 = CARTESIAN_POINT ( 'NONE',  ( 2.597646693300000198, 0.3832872913170000118, 19.46668103969999919 ) ) ;
#3611 = CARTESIAN_POINT ( 'NONE',  ( -16.28558592601182653, 0.8152053292530100359, 6.273673562121536484 ) ) ;
#3612 = DIRECTION ( 'NONE',  ( -0.03489949670250334229, -0.9993908270190956511, -1.311181407910125710E-15 ) ) ;
#3613 = CARTESIAN_POINT ( 'NONE',  ( -18.13773530259999944, -18.89794162929999999, 23.96552537519999859 ) ) ;
#3614 = DIRECTION ( 'NONE',  ( 1.000000000000000000, 6.123233995739999133E-17, 6.123233995739999133E-17 ) ) ;
#3615 = PERSON_AND_ORGANIZATION_ROLE ( 'design_owner' ) ;
#3616 = VERTEX_POINT ( 'NONE', #6691 ) ;
#3617 = CARTESIAN_POINT ( 'NONE',  ( -18.97899060349999800, 1.004529439800000201, 24.10829403269999816 ) ) ;
#3618 = CARTESIAN_POINT ( 'NONE',  ( 2.841064675919999782, -8.834794670739999134, 20.49999802580000008 ) ) ;
#3619 = CARTESIAN_POINT ( 'NONE',  ( -20.34084981649999690, -21.61878044379999864, 22.93701456129999983 ) ) ;
#3620 = CARTESIAN_POINT ( 'NONE',  ( -24.75025399929999992, -21.08596847160000110, 4.693238936290000218 ) ) ;
#3621 = CARTESIAN_POINT ( 'NONE',  ( -18.61243695770723150, 4.259695277195024055, 23.64271531465124099 ) ) ;
#3622 = CARTESIAN_POINT ( 'NONE',  ( 2.508028496379999694, -0.3460113390380000209, 20.65291465009999783 ) ) ;
#3623 = CARTESIAN_POINT ( 'NONE',  ( -17.29664480199999943, -19.57370334290000002, 4.536024602159999475 ) ) ;
#3624 = CARTESIAN_POINT ( 'NONE',  ( -24.68192277490000208, 3.624350556370000032, 17.92942224029999920 ) ) ;
#3625 = LINE ( 'NONE', #7616, #735 ) ;
#3626 = CARTESIAN_POINT ( 'NONE',  ( -8.586363983358113572, -22.28479467090000199, 21.14159979669008038 ) ) ;
#3627 = CARTESIAN_POINT ( 'NONE',  ( -27.77087667280984817, -0.2861862481176847828, 7.527066882269852321 ) ) ;
#3628 = CARTESIAN_POINT ( 'NONE',  ( 2.498075274790000133, -18.24098625410000096, 19.35349514199999987 ) ) ;
#3629 = CARTESIAN_POINT ( 'NONE',  ( -17.74274233970000125, -22.03381815070000016, 23.91167518400000347 ) ) ;
#3630 = B_SPLINE_CURVE_WITH_KNOTS ( 'NONE', 5,
 ( #5305, #4434, #7060, #526, #7946, #5974 ),
 .UNSPECIFIED., .F., .F.,
 ( 6, 6 ),
 ( -15.85538854599974989, -15.25669433030000022 ),
 .UNSPECIFIED. ) ;
#3631 = CARTESIAN_POINT ( 'NONE',  ( -25.64468075799135605, -17.57511852692066867, 5.400870967451335325 ) ) ;
#3632 = CARTESIAN_POINT ( 'NONE',  ( -22.96795394100000109, -21.05397576020000017, 23.96899636350000051 ) ) ;
#3633 = EDGE_LOOP ( 'NONE', ( #8431, #1654, #1999, #8366, #4195, #5804, #3349, #7183, #4292 ) ) ;
#3634 = VECTOR ( 'NONE', #5864, 1000.000000000000000 ) ;
#3635 = EDGE_LOOP ( 'NONE', ( #7308, #4366, #729 ) ) ;
#3636 = LINE ( 'NONE', #2441, #487 ) ;
#3637 = CARTESIAN_POINT ( 'NONE',  ( 2.590737235090000201, -17.90263077530000047, 19.74886801889999788 ) ) ;
#3638 = CARTESIAN_POINT ( 'NONE',  ( -11.73446215080000066, 0.2775778198530000629, 23.41237037069999971 ) ) ;
#3639 = CARTESIAN_POINT ( 'NONE',  ( -26.22803921618110223, -15.50292426342227792, 22.61576662591887299 ) ) ;
#3640 = VECTOR ( 'NONE', #2487, 1000.000000000000000 ) ;
#3641 = CARTESIAN_POINT ( 'NONE',  ( -12.84683463049999830, -18.27310964319999798, 4.985838760400000069 ) ) ;
#3642 = CARTESIAN_POINT ( 'NONE',  ( -12.25971635719999853, -18.24689358719999888, 5.157335786159999991 ) ) ;
#3643 = CARTESIAN_POINT ( 'NONE',  ( -11.98213827340000037, -18.03582119709999887, 23.52815012270000139 ) ) ;
#3644 = B_SPLINE_CURVE_WITH_KNOTS ( 'NONE', 3,
 ( #7318, #4664, #1389, #1425 ),
 .UNSPECIFIED., .F., .F.,
 ( 4, 4 ),
 ( 0.000000000000000000, 1.000000000000000000 ),
 .UNSPECIFIED. ) ;
#3645 = VERTEX_POINT ( 'NONE', #7460 ) ;
#3646 = EDGE_CURVE ( 'NONE', #7638, #3767, #6320, .T. ) ;
#3647 = CARTESIAN_POINT ( 'NONE',  ( -19.24737299839999949, 0.8152053292530000439, 4.501074138490000820 ) ) ;
#3648 = CC_DESIGN_PERSON_AND_ORGANIZATION_ASSIGNMENT ( #3573, #2932, ( #4484 ) ) ;
#3649 = CARTESIAN_POINT ( 'NONE',  ( -25.34822987896030355, -0.8076154296514410635, 5.104420088420297930 ) ) ;
#3650 = ORIENTED_EDGE ( 'NONE', *, *, #3538, .T. ) ;
#3651 = CARTESIAN_POINT ( 'NONE',  ( -8.236784229399999546, -18.33479467069999913, 8.949908507589999118 ) ) ;
#3652 = CARTESIAN_POINT ( 'NONE',  ( -26.64380781629999717, -18.03479467040000017, 22.19999802579999937 ) ) ;
#3653 = CARTESIAN_POINT ( 'NONE',  ( -26.47637157029999599, 0.3652053292539998997, 22.19999802579999937 ) ) ;
#3654 = FACE_OUTER_BOUND ( 'NONE', #1940, .T. ) ;
#3655 = CARTESIAN_POINT ( 'NONE',  ( -18.07708431150000195, 1.440901556070000034, 4.473873564249999824 ) ) ;
#3656 = CARTESIAN_POINT ( 'NONE',  ( -24.88141401470000247, -21.28697351019999928, 5.051398444380000186 ) ) ;
#3657 = ADVANCED_FACE ( 'NONE', ( #5465 ), #1738, .T. ) ;
#3658 = ADVANCED_FACE ( 'NONE', ( #4205 ), #1044, .T. ) ;
#3659 = CARTESIAN_POINT ( 'NONE',  ( -9.299189149460001858, -2.731434826200000110, 23.79999802580000079 ) ) ;
#3660 = VECTOR ( 'NONE', #5593, 1000.000000000000000 ) ;
#3661 = AXIS2_PLACEMENT_3D ( 'NONE', #3399, #6836, #8114 ) ;
#3662 = ORIENTED_EDGE ( 'NONE', *, *, #6559, .T. ) ;
#3663 = CARTESIAN_POINT ( 'NONE',  ( -18.63870986899999949, 1.088568447520000149, 24.10507631060000122 ) ) ;
#3664 = ADVANCED_FACE ( 'NONE', ( #4857 ), #6754, .F. ) ;
#3665 = ORIENTED_EDGE ( 'NONE', *, *, #412, .T. ) ;
#3666 = DIRECTION ( 'NONE',  ( 0.000000000000000000, 0.7071067811865474617, 0.7071067811865474617 ) ) ;
#3667 = CARTESIAN_POINT ( 'NONE',  ( -21.65982250349999561, -21.71928761250000406, 21.84145967550000123 ) ) ;
#3668 = VECTOR ( 'NONE', #860, 1000.000000000000000 ) ;
#3669 = CARTESIAN_POINT ( 'NONE',  ( -19.03180002101600365, 0.8151612990094087019, 24.08011595663057136 ) ) ;
#3670 = CARTESIAN_POINT ( 'NONE',  ( 2.539599056679999745, -3.315073125370000096, 5.171401489229999093 ) ) ;
#3671 = DIRECTION ( 'NONE',  ( 0.000000000000000000, 1.000000000000000000, 0.000000000000000000 ) ) ;
#3672 = CARTESIAN_POINT ( 'NONE',  ( -28.29898057469999983, 3.298060318519999701, 8.055170667289999642 ) ) ;
#3673 = CARTESIAN_POINT ( 'NONE',  ( -16.92974460150000127, -19.48158201030000214, 4.580521640529999772 ) ) ;
#3674 = CIRCLE ( 'NONE', #3939, 10.07310040529999995 ) ;
#3675 = CARTESIAN_POINT ( 'NONE',  ( -16.98152183009714733, 3.779493184035196407, 4.425721466502700707 ) ) ;
#3676 = CARTESIAN_POINT ( 'NONE',  ( -9.659545375909999620, 7.215205329249999799, 5.625826745420000385 ) ) ;
#3677 = CARTESIAN_POINT ( 'NONE',  ( -12.22850577330775401, -17.96057713854379045, 23.67317368221080898 ) ) ;
#3678 = B_SPLINE_CURVE_WITH_KNOTS ( 'NONE', 3,
 ( #3704, #6319, #3104, #430, #5727, #8333, #1200, #390, #3835, #2459, #6453, #8199, #2329, #7558, #5682, #5086, #3016, #1677 ),
 .UNSPECIFIED., .F., .F.,
 ( 4, 2, 2, 2, 2, 2, 2, 2, 4 ),
 ( 0.000000000000000000, 0.1249999999999995559, 0.2499999999999991118, 0.3749999999999986677, 0.4999999999999982236, 0.6249999999999977796, 0.7499999999999973355, 0.8749999999999986677, 1.000000000000000000 ),
 .UNSPECIFIED. ) ;
#3679 = CARTESIAN_POINT ( 'NONE',  ( -27.15266204330742639, 0.2641063868820290317, 6.908852252767427871 ) ) ;
#3680 = CARTESIAN_POINT ( 'NONE',  ( -17.83535632430000106, 1.699315165000000016, 24.14823062179999980 ) ) ;
#3681 = CARTESIAN_POINT ( 'NONE',  ( -17.28927381059999746, -21.03894018649999964, 24.01305642490000025 ) ) ;
#3682 = ADVANCED_FACE ( 'NONE', ( #1755 ), #1835, .T. ) ;
#3683 = VERTEX_POINT ( 'NONE', #8405 ) ;
#3684 = VERTEX_POINT ( 'NONE', #1709 ) ;
#3685 = CARTESIAN_POINT ( 'NONE',  ( -26.45918617718033516, -18.02545423741507591, 6.215376386640308226 ) ) ;
#3686 = CARTESIAN_POINT ( 'NONE',  ( 2.157726653690000163, -14.50844869719999863, 23.50710518380000380 ) ) ;
#3687 = ORIENTED_EDGE ( 'NONE', *, *, #7846, .T. ) ;
#3688 = ORIENTED_EDGE ( 'NONE', *, *, #1256, .F. ) ;
#3689 = CARTESIAN_POINT ( 'NONE',  ( 2.190996764040000322, -13.78473095160000028, 4.799998025759999898 ) ) ;
#3690 = CARTESIAN_POINT ( 'NONE',  ( -24.74697242159999888, 3.622078972670000230, 4.992941627969999629 ) ) ;
#3691 = DIRECTION ( 'NONE',  ( -0.7745966693076129506, 0.000000000000000000, -0.6324555319526840025 ) ) ;
#3692 = CARTESIAN_POINT ( 'NONE',  ( -26.45918617902378145, -15.44413510342992346, 22.38461966307620088 ) ) ;
#3693 = CARTESIAN_POINT ( 'NONE',  ( -12.84683463049999830, -18.14895393609999985, 4.861683053270000165 ) ) ;
#3694 = CARTESIAN_POINT ( 'NONE',  ( -21.38747283529999876, 4.210814033870000195, 22.08203039990000249 ) ) ;
#3695 = CARTESIAN_POINT ( 'NONE',  ( -15.35543164480000122, 2.553313917200000116, 4.156194465240000468 ) ) ;
#3696 = ORIENTED_EDGE ( 'NONE', *, *, #6498, .T. ) ;
#3697 = DIRECTION ( 'NONE',  ( 0.000000000000000000, -1.000000000000000000, -1.381610875089999979E-15 ) ) ;
#3698 = CARTESIAN_POINT ( 'NONE',  ( -12.84683463049999830, 0.4793645946189999951, 4.861683053270000165 ) ) ;
#3699 = CARTESIAN_POINT ( 'NONE',  ( -6.865568067909999073, -18.15297313369999799, 8.737412131239999269 ) ) ;
#3700 = CARTESIAN_POINT ( 'NONE',  ( -18.73273523377438821, -18.48479559417914686, 4.679076888000319734 ) ) ;
#3701 = CARTESIAN_POINT ( 'NONE',  ( -12.93691763422880747, 0.8152053292530095918, 6.337350413840512786 ) ) ;
#3702 = CARTESIAN_POINT ( 'NONE',  ( -19.14059224340000043, 0.6660879788200000373, 4.546609426260000753 ) ) ;
#3703 = CARTESIAN_POINT ( 'NONE',  ( 2.590736260729999962, -14.28366299870000056, 5.232158951760000676 ) ) ;
#3704 = CARTESIAN_POINT ( 'NONE',  ( -23.18893532340000263, -18.03479467069999842, 22.19999802579999937 ) ) ;
#3705 = EDGE_LOOP ( 'NONE', ( #4892, #1848, #932, #3050, #5160, #732, #7076, #5397, #6538, #7977, #4080, #3380, #3061, #3846, #2177, #5128, #7507, #5173, #8180, #660 ) ) ;
#3706 = DIRECTION ( 'NONE',  ( -6.123233995739989272E-17, -1.000000000000000000, -1.301554129509999901E-15 ) ) ;
#3707 = VERTEX_POINT ( 'NONE', #1142 ) ;
#3708 = CARTESIAN_POINT ( 'NONE',  ( 2.186362437220000121, -3.868246691199999976, 4.799998427779999410 ) ) ;
#3709 = CARTESIAN_POINT ( 'NONE',  ( -25.96005022177471844, -2.045527128086074065, 22.88375562032526389 ) ) ;
#3710 = CARTESIAN_POINT ( 'NONE',  ( -24.74697255790000128, -20.99185106130000023, 4.693124387440000156 ) ) ;
#3711 = CARTESIAN_POINT ( 'NONE',  ( 2.572245890749999653, -3.760604835810000157, 4.980625009069999720 ) ) ;
#3712 = CARTESIAN_POINT ( 'NONE',  ( -17.98778813490000061, 0.8152081181179999803, 23.31473457639999936 ) ) ;
#3713 = CARTESIAN_POINT ( 'NONE',  ( -17.65527715089999816, 1.664206067240000086, 4.445477227569999634 ) ) ;
#3714 = EDGE_CURVE ( 'NONE', #7372, #1701, #5793, .T. ) ;
#3715 = CARTESIAN_POINT ( 'NONE',  ( -17.86375726389999841, -18.95705367500000094, 23.88055948480000268 ) ) ;
#3716 = CARTESIAN_POINT ( 'NONE',  ( -17.38062289420000184, 3.849415881560000141, 24.08022938359999543 ) ) ;
#3717 = ADVANCED_FACE ( 'NONE', ( #5028 ), #3459, .T. ) ;
#3718 = FACE_OUTER_BOUND ( 'NONE', #5893, .T. ) ;
#3719 = CARTESIAN_POINT ( 'NONE',  ( -12.84683463080000010, -17.83479467069999913, 23.79999802580000079 ) ) ;
#3720 = DIRECTION ( 'NONE',  ( 1.000000000000000000, 7.897900535201049667E-18, 6.123233995739109199E-17 ) ) ;
#3721 = CARTESIAN_POINT ( 'NONE',  ( 2.646465077006619815, -3.077251889185455003, 5.537643021001748878 ) ) ;
#3722 = CARTESIAN_POINT ( 'NONE',  ( -16.84485380239999941, 2.243229530479999845, 24.25877067960000133 ) ) ;
#3723 = CARTESIAN_POINT ( 'NONE',  ( -25.44373725848284451, -16.23389688121382335, 5.199927467942825565 ) ) ;
#3724 = CARTESIAN_POINT ( 'NONE',  ( -7.473798291829999663, 0.5690925237549999682, 19.85223586640000093 ) ) ;
#3725 = B_SPLINE_CURVE_WITH_KNOTS ( 'NONE', 3,
 ( #2195, #8112, #146, #4864 ),
 .UNSPECIFIED., .F., .F.,
 ( 4, 4 ),
 ( -3.227828243299999844, 0.000000000000000000 ),
 .UNSPECIFIED. ) ;
#3726 = ORIENTED_EDGE ( 'NONE', *, *, #2294, .F. ) ;
#3727 = CARTESIAN_POINT ( 'NONE',  ( 2.619375739570000139, -13.92213100810000093, 5.081113654780000211 ) ) ;
#3728 = CARTESIAN_POINT ( 'NONE',  ( -23.43647002089999987, 3.667842724929999854, 20.51900292180000207 ) ) ;
#3729 = CARTESIAN_POINT ( 'NONE',  ( -26.45918617611916801, 0.3558648966706888239, 22.38461966598082142 ) ) ;
#3730 = CARTESIAN_POINT ( 'NONE',  ( -25.91338429566977553, -15.65802135411803420, 22.93042154643020325 ) ) ;
#3731 = CARTESIAN_POINT ( 'NONE',  ( -28.22551955860000206, -21.13431578119999799, 8.134450603990000417 ) ) ;
#3732 = EDGE_CURVE ( 'NONE', #5921, #1017, #8061, .T. ) ;
#3733 = CARTESIAN_POINT ( 'NONE',  ( -22.33457999069999644, 3.878047413040000002, 21.26755975530000242 ) ) ;
#3734 = CARTESIAN_POINT ( 'NONE',  ( -12.56065347590000059, -18.33456617210000061, 23.39997731189999897 ) ) ;
#3735 = VERTEX_POINT ( 'NONE', #5209 ) ;
#3736 = ADVANCED_FACE ( 'NONE', ( #7764 ), #7091, .T. ) ;
#3737 = CARTESIAN_POINT ( 'NONE',  ( -17.06334176820000081, -21.22459218210000387, 24.05958813120000173 ) ) ;
#3738 = EDGE_CURVE ( 'NONE', #1033, #676, #3348, .T. ) ;
#3739 = CARTESIAN_POINT ( 'NONE',  ( -19.28832971519999973, 3.986824608159999617, 5.190634127150000054 ) ) ;
#3740 = CARTESIAN_POINT ( 'NONE',  ( -6.299190298310000102, -18.33479470880000051, 9.176371438049999441 ) ) ;
#3741 = CARTESIAN_POINT ( 'NONE',  ( -27.93938575667392499, -16.60761546100632913, 20.90442008542604668 ) ) ;
#3742 = CARTESIAN_POINT ( 'NONE',  ( 2.716785518612645500, -0.6051885698005461389, 20.59449401161539939 ) ) ;
#3743 = CARTESIAN_POINT ( 'NONE',  ( -19.09269337410000134, 0.6030732946729999711, 4.645316815650001097 ) ) ;
#3744 = CARTESIAN_POINT ( 'NONE',  ( -6.387735061293873251, -20.17217398529998462, 8.644665104336606731 ) ) ;
#3745 = CARTESIAN_POINT ( 'NONE',  ( -28.29736115507521177, 3.205321612509322460, 20.54644462255277659 ) ) ;
#3746 = EDGE_CURVE ( 'NONE', #5197, #874, #5099, .T. ) ;
#3747 = EDGE_LOOP ( 'NONE', ( #6135, #7540, #4352, #3231 ) ) ;
#3748 = CARTESIAN_POINT ( 'NONE',  ( -8.703087642699999904, -2.993886914169999969, 23.79999796419999925 ) ) ;
#3749 = CARTESIAN_POINT ( 'NONE',  ( -23.18893532339999197, -2.070716975606537780, 7.054702700242167168 ) ) ;
#3750 = CARTESIAN_POINT ( 'NONE',  ( -25.77029202886929227, -1.897667872119812360, 23.07351381323069006 ) ) ;
#3751 = CARTESIAN_POINT ( 'NONE',  ( -24.74697252729999875, -21.29166831050000042, 4.992942510659999833 ) ) ;
#3752 = CARTESIAN_POINT ( 'NONE',  ( 2.270532554149999882, -3.691034745110000070, 4.804677475100000095 ) ) ;
#3753 = CARTESIAN_POINT ( 'NONE',  ( -17.50083557990000216, 2.497744529940000291, 24.15991232649999887 ) ) ;
#3754 = APPLICATION_CONTEXT ( 'configuration controlled 3d designs of mechanical parts and assemblies' ) ;
#3755 = CARTESIAN_POINT ( 'NONE',  ( -17.05679782190000182, 1.986917626939999959, 4.376943248199999914 ) ) ;
#3756 = CARTESIAN_POINT ( 'NONE',  ( -15.34464110819999938, -19.96004195089999911, 4.341601711160000043 ) ) ;
#3757 = CARTESIAN_POINT ( 'NONE',  ( -17.44328523809999965, 3.607282207549999953, 4.438073773420000201 ) ) ;
#3758 = CARTESIAN_POINT ( 'NONE',  ( -6.299189361289999844, 0.3723121104470000220, 8.626343622500000308 ) ) ;
#3759 = APPROVAL ( #2701, 'Coincident' ) ;
#3760 = CARTESIAN_POINT ( 'NONE',  ( -27.46803745610898062, 0.07055890629588099094, 7.224227665568979440 ) ) ;
#3761 = CARTESIAN_POINT ( 'NONE',  ( -19.02688652160000160, -18.26219278740000007, 23.88067260150000237 ) ) ;
#3762 = CARTESIAN_POINT ( 'NONE',  ( 2.263125862839999947, -18.05231046069999579, 8.636752398140000508 ) ) ;
#3763 = EDGE_CURVE ( 'NONE', #1382, #7266, #4590, .T. ) ;
#3764 = CARTESIAN_POINT ( 'NONE',  ( -26.49441829130082482, -15.43479467070001476, 6.250608500760813868 ) ) ;
#3765 = B_SPLINE_CURVE_WITH_KNOTS ( 'NONE', 5,
 ( #5524, #3715, #5009, #2426, #7661, #8124 ),
 .UNSPECIFIED., .F., .F.,
 ( 6, 6 ),
 ( -2.378027657380000104, -1.041761491569999976 ),
 .UNSPECIFIED. ) ;
#3766 = LINE ( 'NONE', #3632, #1451 ) ;
#3767 = VERTEX_POINT ( 'NONE', #2611 ) ;
#3768 = EDGE_CURVE ( 'NONE', #3858, #4700, #4064, .T. ) ;
#3769 = CARTESIAN_POINT ( 'NONE',  ( -24.87841642569999934, -21.34345648379999716, 16.50603179579999846 ) ) ;
#3770 = EDGE_LOOP ( 'NONE', ( #6814, #7081, #826, #2026, #3563, #6472, #1167, #6768, #5644, #4451, #6623 ) ) ;
#3771 = CARTESIAN_POINT ( 'NONE',  ( -24.82195896400000024, 3.321214267220000238, 23.90425302619999925 ) ) ;
#3772 = CARTESIAN_POINT ( 'NONE',  ( -17.07149212980000286, -19.70418385909999870, 24.11221384930000156 ) ) ;
#3773 = EDGE_CURVE ( 'NONE', #5984, #7304, #3254, .T. ) ;
#3774 = CARTESIAN_POINT ( 'NONE',  ( -25.96005021475864538, -17.84552712437205813, 22.88375562734131918 ) ) ;
#3775 = CARTESIAN_POINT ( 'NONE',  ( -28.35398909239999909, -20.96665046599999727, 8.110687539440000648 ) ) ;
#3776 = VECTOR ( 'NONE', #3807, 1000.000000000000000 ) ;
#3777 = CARTESIAN_POINT ( 'NONE',  ( -12.25236044110000044, -18.04216971359999988, 4.931446268910000263 ) ) ;
#3778 = CARTESIAN_POINT ( 'NONE',  ( -16.20498337347607176, -19.81333376066109508, 24.16470083606546737 ) ) ;
#3779 = ORIENTED_EDGE ( 'NONE', *, *, #2956, .F. ) ;
#3780 = CARTESIAN_POINT ( 'NONE',  ( 2.248344580519999969, -14.26590687019999848, 4.895555706239999694 ) ) ;
#3781 = PLANE ( 'NONE',  #3498 ) ;
#3782 = CARTESIAN_POINT ( 'NONE',  ( 2.597646523439999910, 0.3832871589500000398, 9.133314980219999768 ) ) ;
#3783 = CARTESIAN_POINT ( 'NONE',  ( -7.638935324190000209, 6.045966513710000712, 14.29999802579999901 ) ) ;
#3784 = VECTOR ( 'NONE', #592, 999.9999999999998863 ) ;
#3785 = CARTESIAN_POINT ( 'NONE',  ( 2.597646693300000198, -14.00147768470000109, 23.51807998780000020 ) ) ;
#3786 = CARTESIAN_POINT ( 'NONE',  ( -18.30749642460000004, 1.184438319399999884, 4.552280696730000464 ) ) ;
#3787 = CARTESIAN_POINT ( 'NONE',  ( -17.42374712719999863, 3.760983997779999921, 24.10451072580000087 ) ) ;
#3788 = EDGE_LOOP ( 'NONE', ( #3696, #1888, #6496, #499 ) ) ;
#3789 = DIRECTION ( 'NONE',  ( 1.000000000000000000, -6.123233995740039809E-17, 2.985759393769999632E-16 ) ) ;
#3790 = EDGE_CURVE ( 'NONE', #2067, #7934, #7769, .T. ) ;
#3791 = CIRCLE ( 'NONE', #1863, 6.200000000000000178 ) ;
#3792 = EDGE_LOOP ( 'NONE', ( #152, #7782, #5196, #7016 ) ) ;
#3793 = CARTESIAN_POINT ( 'NONE',  ( -8.520008549830000888, -2.708863638889999592, 23.68706476300000219 ) ) ;
#3794 = FACE_OUTER_BOUND ( 'NONE', #1979, .T. ) ;
#3795 = CARTESIAN_POINT ( 'NONE',  ( -15.25892803380000018, 0.8152047005349999376, 5.814357516319999419 ) ) ;
#3796 = CARTESIAN_POINT ( 'NONE',  ( -6.299189361289999844, -3.161140267469999987, 23.50710480700000105 ) ) ;
#3797 = ORIENTED_EDGE ( 'NONE', *, *, #7587, .T. ) ;
#3798 = CARTESIAN_POINT ( 'NONE',  ( 2.294020508030000016, -3.838215536739999934, 4.799998436939999280 ) ) ;
#3799 = CONICAL_SURFACE ( 'NONE', #3253, 0.9999999999991022737, 0.7853981633970000820 ) ;
#3800 = CARTESIAN_POINT ( 'NONE',  ( -24.83498627170000006, -21.28859480280000227, 23.58706204710000165 ) ) ;
#3801 = CIRCLE ( 'NONE', #2695, 1.000000000000000000 ) ;
#3802 = CARTESIAN_POINT ( 'NONE',  ( -17.40300125240000284, 2.056716033369999863, 4.428722137710000339 ) ) ;
#3803 = VERTEX_POINT ( 'NONE', #165 ) ;
#3804 = CARTESIAN_POINT ( 'NONE',  ( -20.91558566579999834, 3.813289753419999872, 5.862695148899999431 ) ) ;
#3805 = VERTEX_POINT ( 'NONE', #130 ) ;
#3806 = VECTOR ( 'NONE', #3332, 1000.000000000000000 ) ;
#3807 = DIRECTION ( 'NONE',  ( -2.985760971800000280E-16, -1.301554108929999982E-15, 1.000000000000000000 ) ) ;
#3808 = CARTESIAN_POINT ( 'NONE',  ( -12.28354282832280120, -17.95557600313874147, 23.69313687648767086 ) ) ;
#3809 = CARTESIAN_POINT ( 'NONE',  ( -27.82891975682978369, -1.469259775528831913, 7.585109966289789618 ) ) ;
#3810 = B_SPLINE_SURFACE_WITH_KNOTS ( 'NONE', 5, 5, ( 
 ( #2660, #5332, #2617, #5924, #5292, #5374 ),
 ( #7215, #7260, #6608, #4596, #4072, #7896 ),
 ( #7173, #4721, #595, #7331, #1364, #1321 ),
 ( #7814, #7975, #711, #5841, #7935, #3341 ),
 ( #8463, #6574, #5962, #94, #2576, #2059 ),
 ( #5885, #1933, #7296, #4028, #1276, #6645 ),
 ( #3913, #749, #6530, #638, #3268, #6125 ),
 ( #2135, #6211, #6770, #2260, #964, #3595 ),
 ( #1569, #1529, #5458, #1487, #2179, #6044 ) ),
 .UNSPECIFIED., .F., .F., .F.,
 ( 6, 3, 6 ),
 ( 6, 6 ),
 ( 3.398176677239999943, 4.217860441990000098, 5.456591339740000102 ),
 ( 0.000000000000000000, 0.5444080857790000172 ),
 .UNSPECIFIED. ) ;
#3811 = ORIENTED_EDGE ( 'NONE', *, *, #856, .T. ) ;
#3812 = CARTESIAN_POINT ( 'NONE',  ( 20526.19453950000025, 353530.0988399999915, 352957.1561579999980 ) ) ;
#3813 = CARTESIAN_POINT ( 'NONE',  ( 2.539599056679999745, -17.96339120730000261, 8.780276480390000415 ) ) ;
#3814 = VECTOR ( 'NONE', #2545, 1000.000000000000000 ) ;
#3815 = DIRECTION ( 'NONE',  ( 3.667185336519999867E-18, 1.000000000000000000, 1.320727196930000051E-15 ) ) ;
#3816 = CARTESIAN_POINT ( 'NONE',  ( -7.913951927730001223, 0.3403434879530000123, 8.274689889519999397 ) ) ;
#3817 = EDGE_LOOP ( 'NONE', ( #4327, #1372, #1919, #3327 ) ) ;
#3818 = CARTESIAN_POINT ( 'NONE',  ( 2.401679092090000189, -13.86140470329999808, 4.831228298609999250 ) ) ;
#3819 = CARTESIAN_POINT ( 'NONE',  ( 2.450923220459999996, 0.4232834938419999804, 19.79760836779999877 ) ) ;
#3820 = CARTESIAN_POINT ( 'NONE',  ( -8.886444194360000992, -3.068442789820000183, 4.799998025759999898 ) ) ;
#3821 = CARTESIAN_POINT ( 'NONE',  ( -25.36852084495458826, -1.188351797594304760, 23.47528499714539407 ) ) ;
#3822 = CARTESIAN_POINT ( 'NONE',  ( -3.853425494399999707, -11.51232809949999947, 5.187626103150000390 ) ) ;
#3823 = CARTESIAN_POINT ( 'NONE',  ( -18.04496607020000098, 4.077781443390000149, 4.732668778919999930 ) ) ;
#3824 = EDGE_CURVE ( 'NONE', #6397, #6726, #5728, .T. ) ;
#3825 = CARTESIAN_POINT ( 'NONE',  ( -12.25971635719999853, -17.97745691030000259, 4.887899109330000158 ) ) ;
#3826 = CARTESIAN_POINT ( 'NONE',  ( 2.200208231659999569, -13.75151726420000031, 4.799998025759999898 ) ) ;
#3827 = VERTEX_POINT ( 'NONE', #6041 ) ;
#3828 = FACE_OUTER_BOUND ( 'NONE', #4595, .T. ) ;
#3829 = DIRECTION ( 'NONE',  ( -6.004226489356162037E-17, -0.7071067811865475727, 0.7071067811865475727 ) ) ;
#3830 = CARTESIAN_POINT ( 'NONE',  ( 2.527127763239999769, 0.3622741171020000261, 8.851865613279999323 ) ) ;
#3831 = CARTESIAN_POINT ( 'NONE',  ( -6.299190211420000018, -18.15297359609999717, 19.86257974690000339 ) ) ;
#3832 = CARTESIAN_POINT ( 'NONE',  ( 2.263125862839999947, -14.49804029839999941, 23.51751381580000100 ) ) ;
#3833 = CARTESIAN_POINT ( 'NONE',  ( 2.850148142460000145, -7.035283334939999911, 23.79999802580000079 ) ) ;
#3834 = DIRECTION ( 'NONE',  ( 0.000000000000000000, 0.000000000000000000, 1.000000000000000000 ) ) ;
#3835 = CARTESIAN_POINT ( 'NONE',  ( -23.18893532339999553, -16.90496427276944758, 20.89999802580000221 ) ) ;
#3836 = ORIENTED_EDGE ( 'NONE', *, *, #2348, .F. ) ;
#3837 = CARTESIAN_POINT ( 'NONE',  ( -18.04961659410000152, 1.395068361380000121, 24.09971988679999910 ) ) ;
#3838 = ORIENTED_EDGE ( 'NONE', *, *, #6975, .T. ) ;
#3839 = DIRECTION ( 'NONE',  ( 0.000000000000000000, -0.7071067811865475727, 0.7071067811865475727 ) ) ;
#3840 = CARTESIAN_POINT ( 'NONE',  ( -7.432334253270000524, -14.51762264329999930, 23.61131797370000385 ) ) ;
#3841 = CARTESIAN_POINT ( 'NONE',  ( -24.74697242159999888, 3.622078972670000230, 4.992941627969999629 ) ) ;
#3842 = CARTESIAN_POINT ( 'NONE',  ( -16.09047051239999959, -20.12460338170000185, 4.312311079719999718 ) ) ;
#3843 = CARTESIAN_POINT ( 'NONE',  ( -17.24183433050000147, 3.756808804280000302, 24.16895685509999936 ) ) ;
#3844 = CARTESIAN_POINT ( 'NONE',  ( -14.27121456660000121, 0.8152053290870000524, 5.814356888779999899 ) ) ;
#3845 = CARTESIAN_POINT ( 'NONE',  ( -23.32343086119999853, 3.989459683869999385, 8.499470051699999473 ) ) ;
#3846 = ORIENTED_EDGE ( 'NONE', *, *, #4069, .F. ) ;
#3847 = CARTESIAN_POINT ( 'NONE',  ( -9.299187672380000436, -18.33479467069999913, 20.40335986339999863 ) ) ;
#3848 = CARTESIAN_POINT ( 'NONE',  ( -11.93404571312190221, -17.96564145324153472, 23.53601076025982408 ) ) ;
#3849 = EDGE_CURVE ( 'NONE', #5923, #7301, #3972, .T. ) ;
#3850 = CARTESIAN_POINT ( 'NONE',  ( -12.84683463049999830, -17.99187430339999594, 23.79999802580000079 ) ) ;
#3851 = CARTESIAN_POINT ( 'NONE',  ( -18.48101250579999899, -18.61132277389999956, 23.87972460950000197 ) ) ;
#3852 = DIRECTION ( 'NONE',  ( 0.000000000000000000, 0.7071067811865474617, -0.7071067811865474617 ) ) ;
#3853 = ORIENTED_EDGE ( 'NONE', *, *, #5412, .T. ) ;
#3854 = EDGE_LOOP ( 'NONE', ( #5068, #6581, #4054, #3392 ) ) ;
#3855 = DIRECTION ( 'NONE',  ( 0.000000000000000000, -2.668364671629999180E-08, 0.9999999999999996669 ) ) ;
#3856 = EDGE_CURVE ( 'NONE', #1382, #7934, #7369, .T. ) ;
#3857 = CARTESIAN_POINT ( 'NONE',  ( -6.299189362029999906, 0.6652053292599999779, 9.333450403689999675 ) ) ;
#3858 = VERTEX_POINT ( 'NONE', #2819 ) ;
#3859 = CARTESIAN_POINT ( 'NONE',  ( -27.04296641111136879, -2.172135932327230456, 21.80083943098861354 ) ) ;
#3860 = DIRECTION ( 'NONE',  ( 1.065814103640149130E-16, -0.7071067811865475727, -0.7071067811865475727 ) ) ;
#3861 = CARTESIAN_POINT ( 'NONE',  ( -6.299189130319999386, -3.868247048659999798, 4.799998025759999898 ) ) ;
#3862 = CARTESIAN_POINT ( 'NONE',  ( 2.832199054399999749, 0.6652053292599999779, 12.23130339350000106 ) ) ;
#3863 = CARTESIAN_POINT ( 'NONE',  ( -17.65581397879999770, 3.801864099929999963, 4.537978945639999928 ) ) ;
#3864 = EDGE_CURVE ( 'NONE', #3767, #4648, #3147, .T. ) ;
#3865 = CARTESIAN_POINT ( 'NONE',  ( -23.63549369100000064, 4.128434094159999290, 19.14593185409999876 ) ) ;
#3866 = DIRECTION ( 'NONE',  ( 1.000000000000000000, 6.123233995739999133E-17, 6.123233995739999133E-17 ) ) ;
#3867 = EDGE_LOOP ( 'NONE', ( #2689, #2626, #4603, #322, #7803, #8421 ) ) ;
#3868 = CARTESIAN_POINT ( 'NONE',  ( -21.18893532420000270, 0.7402053292499999326, 19.27609646319999825 ) ) ;
#3869 = CARTESIAN_POINT ( 'NONE',  ( -11.73446219480000074, 0.2775777649560000060, 5.187625590070000570 ) ) ;
#3870 = B_SPLINE_CURVE_WITH_KNOTS ( 'NONE', 3,
 ( #438, #4356, #5650, #6369 ),
 .UNSPECIFIED., .F., .F.,
 ( 4, 4 ),
 ( 0.000000000000000000, 1.000000000000000000 ),
 .UNSPECIFIED. ) ;
#3871 = CARTESIAN_POINT ( 'NONE',  ( -7.568925397360000140, -18.33479520990000111, 19.54982783600000218 ) ) ;
#3872 = ADVANCED_FACE ( 'NONE', ( #1483 ), #6724, .T. ) ;
#3873 = CARTESIAN_POINT ( 'NONE',  ( 2.590735491149999792, -14.28366149150000020, 23.36783954330000057 ) ) ;
#3874 = CARTESIAN_POINT ( 'NONE',  ( -11.07301115159999938, -18.33479467069999913, 21.85167894460000326 ) ) ;
#3875 = CARTESIAN_POINT ( 'NONE',  ( -24.74697255859999956, 3.322261719790000178, 23.90687166449999879 ) ) ;
#3876 = CARTESIAN_POINT ( 'NONE',  ( -8.165054038250000090, -3.332324863029999751, 4.799997977060000309 ) ) ;
#3877 = CARTESIAN_POINT ( 'NONE',  ( -18.47410021990000217, -18.61472945389999722, 4.720251814990000128 ) ) ;
#3878 = ORIENTED_EDGE ( 'NONE', *, *, #5046, .F. ) ;
#3879 = ORIENTED_EDGE ( 'NONE', *, *, #109, .F. ) ;
#3880 = CARTESIAN_POINT ( 'NONE',  ( -17.19882060280000147, 1.991226456419999957, 4.401534572949999280 ) ) ;
#3881 = VERTEX_POINT ( 'NONE', #871 ) ;
#3882 = DIRECTION ( 'NONE',  ( 0.8775825618903722036, 0.000000000000000000, -0.4794255386042040601 ) ) ;
#3883 = CARTESIAN_POINT ( 'NONE',  ( -7.617546278159999851, -13.92936262220000110, 23.79999802580000079 ) ) ;
#3884 = ORIENTED_EDGE ( 'NONE', *, *, #6202, .T. ) ;
#3885 = EDGE_CURVE ( 'NONE', #7973, #1536, #1398, .T. ) ;
#3886 = FACE_OUTER_BOUND ( 'NONE', #3324, .T. ) ;
#3887 = CARTESIAN_POINT ( 'NONE',  ( -16.10433068627940045, 2.514489180941779090, 4.224454766016299878 ) ) ;
#3888 = CARTESIAN_POINT ( 'NONE',  ( -18.21754469320000069, -19.04917281090000003, 4.597483851440000713 ) ) ;
#3889 = CARTESIAN_POINT ( 'NONE',  ( -26.47637157029999599, -18.03479467069999842, 22.19999802579999937 ) ) ;
#3890 = CARTESIAN_POINT ( 'NONE',  ( -16.42286714842335016, -19.74287673919624098, 4.469178279114143670 ) ) ;
#3891 = ORIENTED_EDGE ( 'NONE', *, *, #6701, .F. ) ;
#3892 = CARTESIAN_POINT ( 'NONE',  ( -17.97409244839999687, -22.03428932259999939, 4.701726417059999719 ) ) ;
#3893 = CARTESIAN_POINT ( 'NONE',  ( 2.463940036169999903, -18.01201056609999895, 8.716714086059999644 ) ) ;
#3894 = DIRECTION ( 'NONE',  ( 1.000000000000000000, 0.000000000000000000, 0.000000000000000000 ) ) ;
#3895 = CARTESIAN_POINT ( 'NONE',  ( 2.835534093009999701, -13.12673463689999842, 5.073106738669999061 ) ) ;
#3896 = CARTESIAN_POINT ( 'NONE',  ( -21.18900897910906167, -21.23568646214993549, 4.587656545489838145 ) ) ;
#3897 = ADVANCED_FACE ( 'NONE', ( #3040 ), #6827, .T. ) ;
#3898 = EDGE_CURVE ( 'NONE', #1017, #3975, #4486, .T. ) ;
#3899 = CARTESIAN_POINT ( 'NONE',  ( -16.04986112890000172, -19.97805103249999803, 4.335004647109999887 ) ) ;
#3900 = EDGE_CURVE ( 'NONE', #4700, #2728, #1747, .T. ) ;
#3901 = CARTESIAN_POINT ( 'NONE',  ( -6.909559283190000123, 0.6343628155059999330, 9.019291138330000734 ) ) ;
#3902 = CARTESIAN_POINT ( 'NONE',  ( -17.44226421579999808, 3.577347755329999934, 24.16195782840000206 ) ) ;
#3903 = CARTESIAN_POINT ( 'NONE',  ( -22.98951416650000112, -21.67104569880000042, 7.943750280540000652 ) ) ;
#3904 = CARTESIAN_POINT ( 'NONE',  ( 2.294020508030000016, 0.6652049180789999516, 19.29657715980000177 ) ) ;
#3905 = CARTESIAN_POINT ( 'NONE',  ( -7.312322821599999578, -3.785876749180000278, 4.799998025759999898 ) ) ;
#3906 = CARTESIAN_POINT ( 'NONE',  ( -19.47158990279999813, 3.806299389600000360, 4.808721213870000177 ) ) ;
#3907 = CARTESIAN_POINT ( 'NONE',  ( -18.57107417069999755, 3.807888390900000086, 4.637974360009999408 ) ) ;
#3908 = CARTESIAN_POINT ( 'NONE',  ( -17.68033358867415217, -21.78281173787935288, 4.665170704319595352 ) ) ;
#3909 = B_SPLINE_CURVE_WITH_KNOTS ( 'NONE', 5,
 ( #1273, #6527, #708, #7810, #1929, #5250 ),
 .UNSPECIFIED., .F., .F.,
 ( 6, 6 ),
 ( 0.000000000000000000, 1.000000000000000000 ),
 .UNSPECIFIED. ) ;
#3910 = CARTESIAN_POINT ( 'NONE',  ( -12.84683463049999830, -18.33479467069999913, 23.29999802580000079 ) ) ;
#3911 = ORIENTED_EDGE ( 'NONE', *, *, #2273, .T. ) ;
#3912 = CARTESIAN_POINT ( 'NONE',  ( 2.368528854240000037, -14.46760883319999813, 5.092095796739999791 ) ) ;
#3913 = CARTESIAN_POINT ( 'NONE',  ( -17.80603468950000234, 4.107505719059999727, 23.94499861689999776 ) ) ;
#3914 = EDGE_CURVE ( 'NONE', #15, #7372, #3766, .T. ) ;
#3915 = CARTESIAN_POINT ( 'NONE',  ( -27.11580948913865896, -15.52334354734119870, 21.72799635296131626 ) ) ;
#3916 = CARTESIAN_POINT ( 'NONE',  ( 2.146753776690000226, -14.39737411740000006, 23.61818018690000187 ) ) ;
#3917 = CARTESIAN_POINT ( 'NONE',  ( -6.748148943645690956, -3.137592257308357890, 5.095098078468112135 ) ) ;
#3918 = CARTESIAN_POINT ( 'NONE',  ( 2.578891055029999713, 0.3502373446840000293, 9.008634686140000625 ) ) ;
#3919 = CARTESIAN_POINT ( 'NONE',  ( -28.30626382263520213, 3.466914846072416179, 8.407104806430000465 ) ) ;
#3920 = CARTESIAN_POINT ( 'NONE',  ( -27.45268415858289046, -15.71703752562422451, 7.208874368042871517 ) ) ;
#3921 = ORIENTED_EDGE ( 'NONE', *, *, #6288, .T. ) ;
#3922 = CARTESIAN_POINT ( 'NONE',  ( 2.767835657734261545, -16.39582190991772492, 7.333821110857675407 ) ) ;
#3923 = AXIS2_PLACEMENT_3D ( 'NONE', #792, #2823, #4851 ) ;
#3924 = ORIENTED_EDGE ( 'NONE', *, *, #402, .T. ) ;
#3925 = CARTESIAN_POINT ( 'NONE',  ( -8.103935323660000023, 0.6652053292599999779, 23.29999802580000079 ) ) ;
#3926 = EDGE_CURVE ( 'NONE', #710, #3881, #8053, .T. ) ;
#3927 = CARTESIAN_POINT ( 'NONE',  ( -6.848504217269999472, -14.50844907399999961, 23.50710480690000281 ) ) ;
#3928 = CARTESIAN_POINT ( 'NONE',  ( -28.23102537146177582, 3.500413162720199534, 20.19289116519999183 ) ) ;
#3929 = CARTESIAN_POINT ( 'NONE',  ( -16.60758827465146581, 2.350408952461127132, 4.297631165707706202 ) ) ;
#3930 = CARTESIAN_POINT ( 'NONE',  ( -23.88725038339999784, -21.32169046920000000, 9.119288514850000027 ) ) ;
#3931 = CARTESIAN_POINT ( 'NONE',  ( 2.539603210640000164, -3.315073146349999611, 5.171401694910000124 ) ) ;
#3932 = ORIENTED_EDGE ( 'NONE', *, *, #4453, .T. ) ;
#3933 = AXIS2_PLACEMENT_3D ( 'NONE', #7717, #7761, #7851 ) ;
#3934 = ADVANCED_FACE ( 'NONE', ( #6994 ), #8121, .T. ) ;
#3935 = CARTESIAN_POINT ( 'NONE',  ( -24.87959070319999810, 3.787184089320000169, 11.45616892409999998 ) ) ;
#3936 = ORIENTED_EDGE ( 'NONE', *, *, #4044, .F. ) ;
#3937 = CARTESIAN_POINT ( 'NONE',  ( -23.98652678680000250, 7.215205329249999799, 18.27853344109999867 ) ) ;
#3938 = CARTESIAN_POINT ( 'NONE',  ( 2.164633991410000124, -18.33479372749999925, 9.177661486099999877 ) ) ;
#3939 = AXIS2_PLACEMENT_3D ( 'NONE', #1764, #2970, #6271 ) ;
#3940 = CARTESIAN_POINT ( 'NONE',  ( -12.84683463049999830, -18.27310964319999798, 23.61415729109999972 ) ) ;
#3941 = EDGE_CURVE ( 'NONE', #5546, #1201, #3519, .T. ) ;
#3942 = CARTESIAN_POINT ( 'NONE',  ( 3.191509610729999835, -9.634945773820000170, 4.827106435870000212 ) ) ;
#3943 = VERTEX_POINT ( 'NONE', #7248 ) ;
#3944 = CARTESIAN_POINT ( 'NONE',  ( -16.06429346160000193, -20.02532444439999892, 4.316776887360000536 ) ) ;
#3945 = AXIS2_PLACEMENT_3D ( 'NONE', #4084, #3566, #5510 ) ;
#3946 = AXIS2_PLACEMENT_3D ( 'NONE', #399, #7568, #7658 ) ;
#3947 = CARTESIAN_POINT ( 'NONE',  ( -6.299189362029999906, 0.5726473067309999498, 8.870296720029999804 ) ) ;
#3948 = ORIENTED_EDGE ( 'NONE', *, *, #1776, .T. ) ;
#3949 = CARTESIAN_POINT ( 'NONE',  ( -23.13464773229999949, -21.40479841179999809, 7.824248674000000570 ) ) ;
#3950 = B_SPLINE_CURVE_WITH_KNOTS ( 'NONE', 5,
 ( #803, #3435, #2835, #218, #2069, #261 ),
 .UNSPECIFIED., .F., .F.,
 ( 6, 6 ),
 ( 0.000000000000000000, 1.000000000000000000 ),
 .UNSPECIFIED. ) ;
#3951 = CARTESIAN_POINT ( 'NONE',  ( 2.849438190139999882, -18.33479467069999913, 16.24348481070000005 ) ) ;
#3952 = CARTESIAN_POINT ( 'NONE',  ( -16.50878808779999929, 2.223547965769999912, 24.29013391129999988 ) ) ;
#3953 = DIRECTION ( 'NONE',  ( -5.373988463373008342E-17, 1.000000000000000000, 0.000000000000000000 ) ) ;
#3954 = FACE_OUTER_BOUND ( 'NONE', #4027, .T. ) ;
#3955 = CARTESIAN_POINT ( 'NONE',  ( 2.871751977158965019, -4.676153227002603607, 23.52823219996408355 ) ) ;
#3956 = DIRECTION ( 'NONE',  ( 1.000000000000000000, 0.000000000000000000, 0.000000000000000000 ) ) ;
#3957 = AXIS2_PLACEMENT_3D ( 'NONE', #2797, #2108, #4130 ) ;
#3958 = ORIENTED_EDGE ( 'NONE', *, *, #4812, .F. ) ;
#3959 = CARTESIAN_POINT ( 'NONE',  ( -11.73446194389999953, -17.94716741470000088, 5.187626103150000390 ) ) ;
#3960 = CARTESIAN_POINT ( 'NONE',  ( -26.93815380625117228, -15.45975880402002112, 21.90565203584880294 ) ) ;
#3961 = CARTESIAN_POINT ( 'NONE',  ( -15.72053941600000115, -20.18264486210000186, 24.32435130869999895 ) ) ;
#3962 = CARTESIAN_POINT ( 'NONE',  ( 2.767836383032157066, -16.24710558767463553, 21.41488969229110495 ) ) ;
#3963 = CARTESIAN_POINT ( 'NONE',  ( 2.590736260719999962, 0.2330444032679999944, 8.851129697750000247 ) ) ;
#3964 = CARTESIAN_POINT ( 'NONE',  ( -7.431516110040000456, -3.152097938850000336, 4.988670850130000112 ) ) ;
#3965 = CARTESIAN_POINT ( 'NONE',  ( -27.47471394912736997, -15.73494046285880010, 7.230904158587349251 ) ) ;
#3966 = VERTEX_POINT ( 'NONE', #1960 ) ;
#3967 = CARTESIAN_POINT ( 'NONE',  ( -17.71856921099999838, 1.487183131349999909, 24.03197981739999989 ) ) ;
#3968 = CARTESIAN_POINT ( 'NONE',  ( -19.24737299839999949, 0.8152053292530000439, 4.501074138490000820 ) ) ;
#3969 = CYLINDRICAL_SURFACE ( 'NONE', #5863, 9.199999999999999289 ) ;
#3970 = CARTESIAN_POINT ( 'NONE',  ( -28.12055712449999945, -21.17386014039999864, 20.30620274230000177 ) ) ;
#3971 = CARTESIAN_POINT ( 'NONE',  ( -11.73446219480000074, 0.2775777649560000060, 23.41237046150000012 ) ) ;
#3972 = B_SPLINE_CURVE_WITH_KNOTS ( 'NONE', 5,
 ( #1610, #4847, #2865, #2217, #8011, #6811 ),
 .UNSPECIFIED., .F., .F.,
 ( 6, 6 ),
 ( -26.95021352830000083, -20.53327256129080070 ),
 .UNSPECIFIED. ) ;
#3973 = CARTESIAN_POINT ( 'NONE',  ( -9.194967990177701722, 0.8152053292530074824, 7.855197081329192699 ) ) ;
#3974 = CARTESIAN_POINT ( 'NONE',  ( -24.74697242060000235, -21.29166831420000250, 23.60705443660000213 ) ) ;
#3975 = VERTEX_POINT ( 'NONE', #7203 ) ;
#3976 = CARTESIAN_POINT ( 'NONE',  ( -16.88962189100000089, 7.215205329249999799, 4.417796295819999663 ) ) ;
#3977 = CARTESIAN_POINT ( 'NONE',  ( -24.74697255859999956, 3.322261725379999753, 4.693124387470000158 ) ) ;
#3978 = EDGE_LOOP ( 'NONE', ( #3441, #6528, #3007, #2702, #785, #2843, #7876 ) ) ;
#3979 = LINE ( 'NONE', #579, #5157 ) ;
#3980 = CARTESIAN_POINT ( 'NONE',  ( 2.982541392140000358, -9.623760310499999804, 4.799998025759999898 ) ) ;
#3981 = B_SPLINE_CURVE_WITH_KNOTS ( 'NONE', 5,
 ( #8048, #2861, #4797, #4189, #1604, #7405 ),
 .UNSPECIFIED., .F., .F.,
 ( 6, 6 ),
 ( 0.000000000000000000, 1.000000000000000000 ),
 .UNSPECIFIED. ) ;
#3982 = ADVANCED_FACE ( 'NONE', ( #5909 ), #5466, .T. ) ;
#3983 = CARTESIAN_POINT ( 'NONE',  ( -17.05925451210000077, -21.98479467070000126, 24.03327719939999696 ) ) ;
#3984 = CARTESIAN_POINT ( 'NONE',  ( -17.40500011229999799, 2.044859832170000224, 24.17121853080000093 ) ) ;
#3985 = VERTEX_POINT ( 'NONE', #4963 ) ;
#3986 = CARTESIAN_POINT ( 'NONE',  ( -17.28885176730000239, -21.55211162639999856, 4.114252552369999982 ) ) ;
#3987 = CARTESIAN_POINT ( 'NONE',  ( -16.98490363889999699, -19.55289259490000120, 4.505554090310000426 ) ) ;
#3988 = CARTESIAN_POINT ( 'NONE',  ( 2.579765326589999574, -17.95912920239999977, 19.69174114710000012 ) ) ;
#3989 = CARTESIAN_POINT ( 'NONE',  ( -25.08307620059999721, -8.768163442610001468, 23.76072964149999933 ) ) ;
#3990 = CARTESIAN_POINT ( 'NONE',  ( -18.06923463009999864, 3.992051322610000064, 4.717755088880000613 ) ) ;
#3991 = CARTESIAN_POINT ( 'NONE',  ( -28.09569900496683559, 3.505138863570403718, 20.33431258433336808 ) ) ;
#3992 = CARTESIAN_POINT ( 'NONE',  ( -17.86375736369999956, -18.95705366869999864, 4.719436616960000386 ) ) ;
#3993 = ORIENTED_EDGE ( 'NONE', *, *, #8440, .T. ) ;
#3994 = FACE_OUTER_BOUND ( 'NONE', #5980, .T. ) ;
#3995 = CARTESIAN_POINT ( 'NONE',  ( 2.871399991400000129, 0.3933830398650000060, 18.46700553870000050 ) ) ;
#3996 = CARTESIAN_POINT ( 'NONE',  ( -27.94380781630000143, -8.834794670750000023, 8.407104806950000508 ) ) ;
#3997 = CARTESIAN_POINT ( 'NONE',  ( -7.608853230059955841, -2.889551154530924038, 5.117631442324849900 ) ) ;
#3998 = CARTESIAN_POINT ( 'NONE',  ( -12.56065347590000059, 0.6649768305900000120, 5.200018739629999942 ) ) ;
#3999 = CARTESIAN_POINT ( 'NONE',  ( -28.15427766439999857, 3.503093251699999744, 8.407104806430000465 ) ) ;
#4000 = CARTESIAN_POINT ( 'NONE',  ( -27.04296641289736769, -15.49745340965151463, 6.799156622357346080 ) ) ;
#4001 = ORIENTED_EDGE ( 'NONE', *, *, #7371, .F. ) ;
#4002 = CARTESIAN_POINT ( 'NONE',  ( -17.22382337869999702, 2.041439812090000139, 4.406137318979999939 ) ) ;
#4003 = DIRECTION ( 'NONE',  ( -1.000000000000000000, 0.000000000000000000, -3.007142198057080347E-16 ) ) ;
#4004 = CARTESIAN_POINT ( 'NONE',  ( 2.186365939970000394, 0.6652053292599999779, 9.333449423990000327 ) ) ;
#4005 = CARTESIAN_POINT ( 'NONE',  ( -16.16008964171458473, 2.500076883360860425, 4.231492017251594184 ) ) ;
#4006 = CARTESIAN_POINT ( 'NONE',  ( -12.84683463049999830, 0.6652053292599999779, 23.29999802580000079 ) ) ;
#4007 = EDGE_CURVE ( 'NONE', #7380, #1701, #3112, .T. ) ;
#4008 = CARTESIAN_POINT ( 'NONE',  ( -6.679230461874084313, 0.8152053292529957140, 16.97965825111882765 ) ) ;
#4009 = CARTESIAN_POINT ( 'NONE',  ( -24.75224823259999951, -21.25450791270000295, 23.79528924210000085 ) ) ;
#4010 = EDGE_LOOP ( 'NONE', ( #6709, #1567, #6911, #4893 ) ) ;
#4011 = CARTESIAN_POINT ( 'NONE',  ( -25.41227969740404191, -0.5133540899332885710, 5.168469906864039842 ) ) ;
#4012 = CARTESIAN_POINT ( 'NONE',  ( 2.578890487609999838, -3.543430955899999901, 23.48503095759999937 ) ) ;
#4013 = VERTEX_POINT ( 'NONE', #1163 ) ;
#4014 = CARTESIAN_POINT ( 'NONE',  ( 2.509449815330000000, -4.622999190350000731, 23.79999802580000079 ) ) ;
#4015 = B_SPLINE_SURFACE_WITH_KNOTS ( 'NONE', 4, 5, ( 
 ( #5675, #4468, #3869, #6963, #8274, #8233 ),
 ( #3186, #1891, #7136, #6489, #4515, #2366 ),
 ( #5636, #4990, #5162, #5797, #3052, #7770 ),
 ( #467, #7593, #5121, #4423, #7683, #1715 ),
 ( #424, #2408, #1065, #3698, #6312, #7640 ) ),
 .UNSPECIFIED., .F., .F., .F.,
 ( 5, 5 ),
 ( 6, 6 ),
 ( 2.664444399720000487E-15, 1.209560331370000075 ),
 ( 0.000000000000000000, 0.4030161872130000322 ),
 .UNSPECIFIED. ) ;
#4016 = CARTESIAN_POINT ( 'NONE',  ( 2.573702040169999705, -12.29757170149999901, 4.799998025759999898 ) ) ;
#4017 = CARTESIAN_POINT ( 'NONE',  ( -6.909442991580000637, -14.11550155819999830, 4.830840539520000476 ) ) ;
#4018 = CARTESIAN_POINT ( 'NONE',  ( -16.64240693579999686, 3.646504721059999898, 24.24904716600000043 ) ) ;
#4019 = CARTESIAN_POINT ( 'NONE',  ( -17.18160737910000080, -21.88179188720000212, 4.592664100470000399 ) ) ;
#4020 = CARTESIAN_POINT ( 'NONE',  ( -8.799189362029999018, -17.94716710659999848, 7.584265822269999902 ) ) ;
#4021 = FACE_OUTER_BOUND ( 'NONE', #5347, .T. ) ;
#4022 = EDGE_CURVE ( 'NONE', #6186, #6522, #4901, .T. ) ;
#4023 = FACE_OUTER_BOUND ( 'NONE', #6310, .T. ) ;
#4024 = CARTESIAN_POINT ( 'NONE',  ( -17.67216801039120000, -21.78591227537055630, 4.664408979669270927 ) ) ;
#4025 = DIRECTION ( 'NONE',  ( 1.000000000000000000, -4.543653888679999268E-17, 6.123233995739999133E-17 ) ) ;
#4026 = EDGE_CURVE ( 'NONE', #7835, #1759, #7063, .T. ) ;
#4027 = EDGE_LOOP ( 'NONE', ( #7858, #5200, #8144, #6553 ) ) ;
#4028 = CARTESIAN_POINT ( 'NONE',  ( -18.11071547879999954, 3.913358920930000373, 23.91200569169999923 ) ) ;
#4029 = CARTESIAN_POINT ( 'NONE',  ( 2.747888303799999932, 0.5748749863380000491, 18.43727069690000064 ) ) ;
#4030 = CARTESIAN_POINT ( 'NONE',  ( -24.82160976860000190, -21.17841194400000049, 4.733446584590000228 ) ) ;
#4031 = CARTESIAN_POINT ( 'NONE',  ( -6.553182523971508466, -18.48479467070000481, 16.56414283581435853 ) ) ;
#4032 = CARTESIAN_POINT ( 'NONE',  ( 2.263127592480000061, -18.05231021699999872, 19.96324363639999788 ) ) ;
#4033 = CARTESIAN_POINT ( 'NONE',  ( -17.43959449309999954, -19.29100071679999928, 4.597037867770000119 ) ) ;
#4034 = EDGE_CURVE ( 'NONE', #5242, #4113, #902, .T. ) ;
#4035 = ORIENTED_EDGE ( 'NONE', *, *, #2899, .T. ) ;
#4036 = B_SPLINE_CURVE_WITH_KNOTS ( 'NONE', 5,
 ( #8380, #1034, #6364, #3107, #6323, #3708 ),
 .UNSPECIFIED., .F., .F.,
 ( 6, 6 ),
 ( -0.5542052427699999395, 0.000000000000000000 ),
 .UNSPECIFIED. ) ;
#4037 = EDGE_LOOP ( 'NONE', ( #8429, #8013, #3662, #6130 ) ) ;
#4038 = CARTESIAN_POINT ( 'NONE',  ( 2.619375706120000036, -3.747461671800000005, 5.081113595869999777 ) ) ;
#4039 = CARTESIAN_POINT ( 'NONE',  ( -16.18426151849999783, 0.8152053289659999535, 5.868210470750000241 ) ) ;
#4040 = CARTESIAN_POINT ( 'NONE',  ( -12.84683463080000010, -18.33479467069999913, 23.29999802580000079 ) ) ;
#4041 = CARTESIAN_POINT ( 'NONE',  ( -4.735950481996599848, -20.17217398530000239, 15.51648998180214356 ) ) ;
#4042 = CARTESIAN_POINT ( 'NONE',  ( -15.64557084400000342, 2.423108064550000051, 4.226235451840000046 ) ) ;
#4043 = CARTESIAN_POINT ( 'NONE',  ( -28.16123513060000150, 3.502850291190000132, 8.200067133559999277 ) ) ;
#4044 = EDGE_CURVE ( 'NONE', #2585, #1390, #4438, .T. ) ;
#4045 = LINE ( 'NONE', #5179, #1594 ) ;
#4046 = CARTESIAN_POINT ( 'NONE',  ( 2.263130029710000102, -3.171549399829999949, 5.082482165360000081 ) ) ;
#4047 = CARTESIAN_POINT ( 'NONE',  ( -23.88725038339999784, -21.32169046920000000, 9.119288514850000027 ) ) ;
#4048 = ORIENTED_EDGE ( 'NONE', *, *, #5150, .F. ) ;
#4049 = CARTESIAN_POINT ( 'NONE',  ( -16.76457017849999787, -19.86710453450000102, 24.17851334099999860 ) ) ;
#4050 = CARTESIAN_POINT ( 'NONE',  ( 2.527129026479999929, -18.03185694049999910, 8.851859180909999125 ) ) ;
#4051 = CARTESIAN_POINT ( 'NONE',  ( 3.167534283570000220, -9.979185809860000589, 23.77280072389999788 ) ) ;
#4052 = CARTESIAN_POINT ( 'NONE',  ( 2.712329849270000093, -13.09648019559999987, 4.890811236540000273 ) ) ;
#4053 = AXIS2_PLACEMENT_3D ( 'NONE', #6927, #4354, #1078 ) ;
#4054 = ORIENTED_EDGE ( 'NONE', *, *, #5276, .F. ) ;
#4055 = CARTESIAN_POINT ( 'NONE',  ( -7.963470526010000050, -14.75754845009999983, 5.002363722299999260 ) ) ;
#4056 = B_SPLINE_CURVE_WITH_KNOTS ( 'NONE', 5,
 ( #2244, #4227, #2166, #6847, #6755, #5565 ),
 .UNSPECIFIED., .F., .F.,
 ( 6, 6 ),
 ( -0.2685579746439999971, -0.01142814852399998138 ),
 .UNSPECIFIED. ) ;
#4057 = CIRCLE ( 'NONE', #7233, 1.300000000000000044 ) ;
#4058 = CARTESIAN_POINT ( 'NONE',  ( -17.11682974799999712, 3.735274924370000083, 24.14144310200000021 ) ) ;
#4059 = CARTESIAN_POINT ( 'NONE',  ( -16.74147004359999968, 2.052155154050000263, 4.392227797639999487 ) ) ;
#4060 = CARTESIAN_POINT ( 'NONE',  ( 2.530917479279999771, -3.564891231530000315, 23.59309271240000072 ) ) ;
#4061 = DIRECTION ( 'NONE',  ( 0.000000000000000000, 0.000000000000000000, -1.000000000000000000 ) ) ;
#4062 = CARTESIAN_POINT ( 'NONE',  ( 2.186362437220000121, -18.33479426869999784, 9.333450046219999408 ) ) ;
#4063 = VECTOR ( 'NONE', #1339, 1000.000000000000000 ) ;
#4064 = B_SPLINE_CURVE_WITH_KNOTS ( 'NONE', 3,
 ( #8453, #4593, #5158, #1883, #7212, #4801, #7327, #8134, #282, #7970, #2255, #8094, #3552, #2781, #7451, #960, #4067, #5410, #5370, #6163, #1564, #7408, #1437 ),
 .UNSPECIFIED., .F., .F.,
 ( 4, 2, 2, 1, 1, 2, 2, 2, 1, 1, 1, 2, 2, 4 ),
 ( 0.000000000000000000, 0.2499999999999414357, 0.3749999999999121814, 0.4374999999998956390, 0.4687499999998887557, 0.4843749999998849254, 0.4999999999998810951, 0.6249999999998882005, 0.6874999999998937517, 0.7187499999998965272, 0.7343749999998961941, 0.7421874999998959721, 0.7499999999998956390, 1.000000000000000000 ),
 .UNSPECIFIED. ) ;
#4065 = AXIS2_PLACEMENT_3D ( 'NONE', #6076, #3506, #2175 ) ;
#4066 = CARTESIAN_POINT ( 'NONE',  ( -26.47637157029999599, -18.03479467069999842, 6.399998025759998654 ) ) ;
#4067 = CARTESIAN_POINT ( 'NONE',  ( -12.01532933590199725, 0.4431260489619230358, 23.43233446694108935 ) ) ;
#4068 = CARTESIAN_POINT ( 'NONE',  ( -26.47637157029999599, -0.9347946707460000892, 22.19999802579999937 ) ) ;
#4069 = EDGE_CURVE ( 'NONE', #1528, #773, #1089, .T. ) ;
#4070 = VERTEX_POINT ( 'NONE', #2985 ) ;
#4071 = VECTOR ( 'NONE', #3425, 1000.000000000000000 ) ;
#4072 = CARTESIAN_POINT ( 'NONE',  ( -19.25046741559999930, 3.826650671619999944, 23.69440845460000133 ) ) ;
#4073 = CARTESIAN_POINT ( 'NONE',  ( 2.651888135690000148, 0.6351303685910000274, 18.41424107759999984 ) ) ;
#4074 = CARTESIAN_POINT ( 'NONE',  ( -25.08307613210000042, -20.98715625819999886, 4.839266286970000053 ) ) ;
#4075 = CARTESIAN_POINT ( 'NONE',  ( -13.16481555256921077, -18.48479467070000837, 22.66657560419178452 ) ) ;
#4076 = EDGE_CURVE ( 'NONE', #440, #6795, #3870, .T. ) ;
#4077 = CARTESIAN_POINT ( 'NONE',  ( 2.751265300060000030, -15.80510689519999978, 21.98666812449999952 ) ) ;
#4078 = AXIS2_PLACEMENT_3D ( 'NONE', #6198, #315, #5743 ) ;
#4079 = CARTESIAN_POINT ( 'NONE',  ( -27.81278960044456738, -17.30364815727051209, 7.568979809904540446 ) ) ;
#4080 = ORIENTED_EDGE ( 'NONE', *, *, #8081, .T. ) ;
#4081 = ORIENTED_EDGE ( 'NONE', *, *, #6961, .T. ) ;
#4082 = B_SPLINE_CURVE_WITH_KNOTS ( 'NONE', 5,
 ( #6193, #7439, #233, #4876, #354, #8085, #7528, #6108, #2338 ),
 .UNSPECIFIED., .F., .F.,
 ( 6, 3, 6 ),
 ( 0.000000000000000000, 2.907106946169999873, 4.634072897619999409 ),
 .UNSPECIFIED. ) ;
#4083 = CARTESIAN_POINT ( 'NONE',  ( -8.799189362029999018, -17.94716710659999848, 7.584265822269999902 ) ) ;
#4084 = CARTESIAN_POINT ( 'NONE',  ( -25.50544570099999930, 3.295409638830000265, 5.685899979200000232 ) ) ;
#4085 = CARTESIAN_POINT ( 'NONE',  ( -24.05656805070000104, 3.646188424570000031, 19.38549843939999917 ) ) ;
#4086 = CARTESIAN_POINT ( 'NONE',  ( -22.51598342710000011, 3.399803961799999552, 4.915399393560000441 ) ) ;
#4087 = CARTESIAN_POINT ( 'NONE',  ( -15.95071458909999862, 2.421769559049999909, 4.226982062810000329 ) ) ;
#4088 = CARTESIAN_POINT ( 'NONE',  ( 2.731260837419999810, -17.17896954129999543, 8.119380997729999550 ) ) ;
#4089 = CARTESIAN_POINT ( 'NONE',  ( -21.18893532420000270, -20.06311824599999838, 4.749998026510000138 ) ) ;
#4090 = PLANE ( 'NONE',  #497 ) ;
#4091 = ORIENTED_EDGE ( 'NONE', *, *, #4991, .F. ) ;
#4092 = ORIENTED_EDGE ( 'NONE', *, *, #5882, .T. ) ;
#4093 = EDGE_CURVE ( 'NONE', #4467, #3312, #8484, .T. ) ;
#4094 = CARTESIAN_POINT ( 'NONE',  ( 3.291064675919999960, -8.834794670739999134, 22.36999802580000107 ) ) ;
#4095 = VERTEX_POINT ( 'NONE', #5609 ) ;
#4096 = CARTESIAN_POINT ( 'NONE',  ( -16.34277178520000007, -19.78722919510000011, 24.14936225900000011 ) ) ;
#4097 = CARTESIAN_POINT ( 'NONE',  ( -25.03212521390000234, 3.411260523329999739, 4.787829283259999791 ) ) ;
#4098 = ORIENTED_EDGE ( 'NONE', *, *, #3241, .F. ) ;
#4099 = CARTESIAN_POINT ( 'NONE',  ( 3.006713036329999866, -5.281269210379999635, 23.53387375839999862 ) ) ;
#4100 = CARTESIAN_POINT ( 'NONE',  ( -21.18893532420000270, 0.8152053285050000486, 19.27609646410000011 ) ) ;
#4101 = B_SPLINE_CURVE_WITH_KNOTS ( 'NONE', 3,
 ( #8480, #7187, #6459, #3198, #2589, #5227 ),
 .UNSPECIFIED., .F., .F.,
 ( 4, 2, 4 ),
 ( 0.000000000000000000, 0.5000000000000000000, 1.000000000000000000 ),
 .UNSPECIFIED. ) ;
#4102 = CARTESIAN_POINT ( 'NONE',  ( -7.913757338670000863, -14.85995271160000009, 5.124845969929999967 ) ) ;
#4103 = EDGE_CURVE ( 'NONE', #4365, #8334, #5737, .T. ) ;
#4104 = CARTESIAN_POINT ( 'NONE',  ( -12.29726698929509432, -18.23276205006544615, 5.180557080082068389 ) ) ;
#4105 = CARTESIAN_POINT ( 'NONE',  ( -23.96478101120000304, -22.28479467089999488, 14.87586480358774921 ) ) ;
#4106 = CARTESIAN_POINT ( 'NONE',  ( -27.50068836434899922, 0.04289250541801436362, 21.34311747775102219 ) ) ;
#4107 = FACE_OUTER_BOUND ( 'NONE', #1523, .T. ) ;
#4108 = LINE ( 'NONE', #7967, #5031 ) ;
#4109 = VERTEX_POINT ( 'NONE', #5774 ) ;
#4110 = CARTESIAN_POINT ( 'NONE',  ( -8.103935324130000950, 0.1652053292599999779, 5.299998025759999898 ) ) ;
#4111 = CARTESIAN_POINT ( 'NONE',  ( -13.54887722680657980, 2.600437768909988012, 24.42810501164368020 ) ) ;
#4112 = CARTESIAN_POINT ( 'NONE',  ( -16.71823458380000105, 2.020622120630000129, 4.432895014550000568 ) ) ;
#4113 = VERTEX_POINT ( 'NONE', #8206 ) ;
#4114 = VERTEX_POINT ( 'NONE', #2336 ) ;
#4115 = EDGE_LOOP ( 'NONE', ( #6386, #2997, #8307, #1768 ) ) ;
#4116 = DIRECTION ( 'NONE',  ( 0.000000000000000000, -0.4794255386042037825, -0.8775825618903723147 ) ) ;
#4117 = CARTESIAN_POINT ( 'NONE',  ( 3.183759216159999905, 0.4065129113690000295, 11.53709481980000007 ) ) ;
#4118 = CARTESIAN_POINT ( 'NONE',  ( -24.89945623690000076, -21.08325932400000013, 4.713507886510000411 ) ) ;
#4119 = EDGE_CURVE ( 'NONE', #6902, #1982, #7443, .T. ) ;
#4120 = DIRECTION ( 'NONE',  ( 4.406757217192039698E-15, 1.000000000000000000, 0.000000000000000000 ) ) ;
#4121 = EDGE_CURVE ( 'NONE', #874, #2743, #87, .T. ) ;
#4122 = PLANE ( 'NONE',  #2424 ) ;
#4123 = CARTESIAN_POINT ( 'NONE',  ( -11.57500509107812192, 2.600437768910012437, 4.605539007481279867 ) ) ;
#4124 = ORIENTED_EDGE ( 'NONE', *, *, #3154, .T. ) ;
#4125 = CARTESIAN_POINT ( 'NONE',  ( -17.95885059220000102, -19.12841648350000057, 24.00101628130000009 ) ) ;
#4126 = EDGE_CURVE ( 'NONE', #2907, #6186, #5109, .T. ) ;
#4127 = CARTESIAN_POINT ( 'NONE',  ( -8.103935324130000950, -17.33479467069999913, 9.333450403689999675 ) ) ;
#4128 = DIRECTION ( 'NONE',  ( -6.123233995624459360E-17, -1.000000000000000000, -1.301554129509355993E-15 ) ) ;
#4129 = CARTESIAN_POINT ( 'NONE',  ( -8.436604802610000675, 7.215205329249999799, 22.18175783849999760 ) ) ;
#4130 = DIRECTION ( 'NONE',  ( 0.000000000000000000, 1.000000000000000000, 0.000000000000000000 ) ) ;
#4131 = CARTESIAN_POINT ( 'NONE',  ( -28.33723721639999837, 3.461298240070000087, 8.346730483179999993 ) ) ;
#4132 = CARTESIAN_POINT ( 'NONE',  ( -24.96696192870000175, 3.319188847770000006, 23.85692584619999934 ) ) ;
#4133 = CARTESIAN_POINT ( 'NONE',  ( 2.368529684390000334, 0.3731071020510000058, 8.667183836009998643 ) ) ;
#4134 = ORIENTED_EDGE ( 'NONE', *, *, #7864, .T. ) ;
#4135 = CARTESIAN_POINT ( 'NONE',  ( -7.638935324190000209, 6.045966513710000712, 14.29999802579999901 ) ) ;
#4136 = VERTEX_POINT ( 'NONE', #1989 ) ;
#4137 = CARTESIAN_POINT ( 'NONE',  ( -17.05925451210000077, -21.98479467070000126, 24.03327719939999696 ) ) ;
#4138 = ADVANCED_FACE ( 'NONE', ( #5814 ), #3067, .F. ) ;
#4139 = CARTESIAN_POINT ( 'NONE',  ( -24.97063581730000337, 3.578217551109999839, 4.878944437930000433 ) ) ;
#4140 = CARTESIAN_POINT ( 'NONE',  ( 2.935740159689999906, -12.57512939620000125, 23.62869669429999675 ) ) ;
#4141 = DIRECTION ( 'NONE',  ( 0.7745966692415869881, 0.000000000000000000, 0.6324555320335490949 ) ) ;
#4142 = CARTESIAN_POINT ( 'NONE',  ( 2.403161770440000122, -2.455850121209999681, 22.80181467350000091 ) ) ;
#4143 = CARTESIAN_POINT ( 'NONE',  ( -17.16270599399999952, 2.075928537809999863, 24.19835789240000068 ) ) ;
#4144 = CARTESIAN_POINT ( 'NONE',  ( -16.95651847490000108, 3.689205664259999740, 24.18456260810000202 ) ) ;
#4145 = CARTESIAN_POINT ( 'NONE',  ( -22.86143729823341175, -22.28479467089999844, 18.70702525296256979 ) ) ;
#4146 = CARTESIAN_POINT ( 'NONE',  ( -27.73131086561705061, -1.649770491237872116, 21.11249497648295304 ) ) ;
#4147 = CARTESIAN_POINT ( 'NONE',  ( 2.579171267940000067, -18.33479436340000035, 18.26564113679999934 ) ) ;
#4148 = DIRECTION ( 'NONE',  ( 1.000000000000000000, -8.610673011181720491E-17, 0.000000000000000000 ) ) ;
#4149 = ADVANCED_FACE ( 'NONE', ( #726 ), #572, .F. ) ;
#4150 = B_SPLINE_SURFACE_WITH_KNOTS ( 'NONE', 5, 5, ( 
 ( #755, #2710, #3310, #99, #5847, #1897 ),
 ( #2027, #4521, #7141, #1938, #5803, #7265 ),
 ( #1980, #3876, #5339, #5968, #5168, #7940 ),
 ( #6494, #601, #717, #6579, #3964, #5220 ),
 ( #1369, #2063, #8470, #4684, #7221, #2536 ),
 ( #7902, #7179, #5890, #22, #7302, #1281 ) ),
 .UNSPECIFIED., .F., .F., .F.,
 ( 6, 6 ),
 ( 6, 6 ),
 ( 9.882561943060000687, 12.92265720049999977 ),
 ( 0.000000000000000000, 0.8478682251820000015 ),
 .UNSPECIFIED. ) ;
#4151 = DIRECTION ( 'NONE',  ( -2.419588335158451395E-17, -0.7071067811865475727, 0.7071067811865475727 ) ) ;
#4152 = CARTESIAN_POINT ( 'NONE',  ( -5.415860665407445040, 2.600437768910004888, 10.21956430404942395 ) ) ;
#4153 = CARTESIAN_POINT ( 'NONE',  ( -16.15458096017306389, 2.257515866148888772, 4.328819306757081264 ) ) ;
#4154 = ORIENTED_EDGE ( 'NONE', *, *, #1967, .F. ) ;
#4155 = ORIENTED_EDGE ( 'NONE', *, *, #3898, .T. ) ;
#4156 = CARTESIAN_POINT ( 'NONE',  ( -7.083768952399189800, -18.03329131515178929, 8.531958711540735152 ) ) ;
#4157 = CARTESIAN_POINT ( 'NONE',  ( 3.026025208110000086, 0.4968647303169999585, 17.54609725010000076 ) ) ;
#4158 = CARTESIAN_POINT ( 'NONE',  ( -24.86801650849999845, -21.25095573750000000, 4.820933441700000266 ) ) ;
#4159 = CARTESIAN_POINT ( 'NONE',  ( -12.50076882962029856, -18.48479467069999060, 6.088156575039398888 ) ) ;
#4160 = CARTESIAN_POINT ( 'NONE',  ( 2.580041393050000131, -16.61037840140000199, 21.36667470150000270 ) ) ;
#4161 = CARTESIAN_POINT ( 'NONE',  ( -27.32756539705368226, -17.84552713552388781, 7.083755606513660652 ) ) ;
#4162 = VERTEX_POINT ( 'NONE', #1250 ) ;
#4163 = CARTESIAN_POINT ( 'NONE',  ( -17.04516906830000167, -19.65290198119999943, 24.12024097809999645 ) ) ;
#4164 = EDGE_CURVE ( 'NONE', #2728, #5942, #4045, .T. ) ;
#4165 = CARTESIAN_POINT ( 'NONE',  ( -25.37410494698587726, -0.6547482423995071299, 5.130295156445871640 ) ) ;
#4166 = CYLINDRICAL_SURFACE ( 'NONE', #7487, 1.300000000000000044 ) ;
#4167 = CARTESIAN_POINT ( 'NONE',  ( 3.091064675920000226, -8.834794670739999134, 20.59999802649999623 ) ) ;
#4168 = CARTESIAN_POINT ( 'NONE',  ( -10.86843073309999852, 7.215205329249999799, 23.58029083950000171 ) ) ;
#4169 = CARTESIAN_POINT ( 'NONE',  ( -15.35503454839999904, 2.512178768570000109, 4.163017519720000337 ) ) ;
#4170 = CARTESIAN_POINT ( 'NONE',  ( -28.32551226649999876, 3.461658044460000028, 8.286361681589999861 ) ) ;
#4171 = DIRECTION ( 'NONE',  ( 1.000000000000000000, -6.671409098178805033E-17, 0.000000000000000000 ) ) ;
#4172 = DIRECTION ( 'NONE',  ( 1.000000000000000000, -6.123233995739999133E-17, 2.985759393769999632E-16 ) ) ;
#4173 = B_SPLINE_CURVE_WITH_KNOTS ( 'NONE', 3,
 ( #2129, #4758, #3685, #5661, #6339, #6297, #6897, #1698, #4323, #1004, #2254, #7493, #1746, #8260, #5621, #3631, #5575, #6249, #1609, #7033, #3589, #5747, #7669, #2393, #5066, #2305, #6858, #365, #6992, #959, #6205, #4278, #4887, #1094, #3723, #6943, #1051, #2995, #4239, #319, #4367, #1652, #2948, #410, #2349, #3039, #8302, #1786, #3079, #452, #1133, #7538, #3764, #5703 ),
 .UNSPECIFIED., .F., .F.,
 ( 4, 1, 1, 2, 2, 1, 1, 1, 2, 2, 1, 1, 1, 2, 2, 2, 2, 2, 1, 2, 2, 1, 1, 2, 2, 1, 1, 1, 2, 2, 1, 1, 2, 2, 4 ),
 ( 0.000000000000000000, 0.06250000000000459355, 0.09375000000000675848, 0.1093750000000069250, 0.1250000000000070777, 0.1875000000000049405, 0.2187500000000028033, 0.2343750000000005829, 0.2421875000000008049, 0.2500000000000010547, 0.3124999999999987788, 0.3437499999999983347, 0.3593749999999976130, 0.3671874999999976130, 0.3749999999999976130, 0.4062499999999986677, 0.4374999999999996669, 0.5000000000000018874, 0.5312500000000041078, 0.5468750000000049960, 0.5625000000000058842, 0.5937500000000075495, 0.6093750000000069944, 0.6171875000000072164, 0.6250000000000073275, 0.6875000000000034417, 0.7187500000000014433, 0.7343750000000014433, 0.7421875000000014433, 0.7500000000000014433, 0.8124999999999991118, 0.8437499999999992228, 0.8593749999999998890, 0.8750000000000005551, 1.000000000000000000 ),
 .UNSPECIFIED. ) ;
#4174 = MECHANICAL_CONTEXT ( 'NONE', #2713, 'mechanical' ) ;
#4175 = EDGE_LOOP ( 'NONE', ( #6023, #3936, #6506, #7277, #748, #1667 ) ) ;
#4176 = CARTESIAN_POINT ( 'NONE',  ( -16.03544857659999678, -19.93627400029999919, 24.23718376280000442 ) ) ;
#4177 = EDGE_CURVE ( 'NONE', #6219, #676, #7649, .T. ) ;
#4178 = CARTESIAN_POINT ( 'NONE',  ( -24.81045783690000306, 3.583132514059999885, 4.807367832969999810 ) ) ;
#4179 = CARTESIAN_POINT ( 'NONE',  ( 3.362785948370000000, -8.025291841070000487, 23.64240696599999936 ) ) ;
#4180 = PLANE ( 'NONE',  #6417 ) ;
#4181 = CARTESIAN_POINT ( 'NONE',  ( 2.603213043369999813, -2.526734683219999944, 22.75539895500000398 ) ) ;
#4182 = EDGE_CURVE ( 'NONE', #8021, #6529, #2038, .T. ) ;
#4183 = CARTESIAN_POINT ( 'NONE',  ( -9.299187563350001184, -14.93815546489999946, 4.799998025759999898 ) ) ;
#4184 = CARTESIAN_POINT ( 'NONE',  ( -16.80517812514885989, 3.695388132992573738, 4.384787635690154062 ) ) ;
#4185 = CARTESIAN_POINT ( 'NONE',  ( -12.03676416327198595, -18.12344652408224732, 5.167481775662677634 ) ) ;
#4186 = CARTESIAN_POINT ( 'NONE',  ( 3.791064676040000414, -8.834794670739999134, 14.29999802579999901 ) ) ;
#4187 = VECTOR ( 'NONE', #456, 1000.000000000000000 ) ;
#4188 = CARTESIAN_POINT ( 'NONE',  ( 2.270531584790000057, -3.691029827939999564, 23.79531933930000065 ) ) ;
#4189 = CARTESIAN_POINT ( 'NONE',  ( -28.22551955860000206, -21.13431578119999799, 8.134450603990000417 ) ) ;
#4190 = CARTESIAN_POINT ( 'NONE',  ( -5.989245699096281683, -21.98479467070000126, 9.505742639757960077 ) ) ;
#4191 = CARTESIAN_POINT ( 'NONE',  ( -15.63893532420000021, 6.045966513710000712, 14.29999802579999901 ) ) ;
#4192 = DIRECTION ( 'NONE',  ( 0.000000000000000000, 1.000000000000000000, 0.000000000000000000 ) ) ;
#4193 = VERTEX_POINT ( 'NONE', #3930 ) ;
#4194 = DIRECTION ( 'NONE',  ( 6.994852725712930242E-17, 0.000000000000000000, -1.000000000000000000 ) ) ;
#4195 = ORIENTED_EDGE ( 'NONE', *, *, #5005, .T. ) ;
#4196 = ORIENTED_EDGE ( 'NONE', *, *, #7399, .T. ) ;
#4197 = VERTEX_POINT ( 'NONE', #609 ) ;
#4198 = CARTESIAN_POINT ( 'NONE',  ( -6.748437283441089285, -18.03971447470666689, 8.602780242876242767 ) ) ;
#4199 = CARTESIAN_POINT ( 'NONE',  ( -24.82197879010000108, 3.321214008850000177, 4.695743659359999711 ) ) ;
#4200 = SECURITY_CLASSIFICATION ( '', '', #7723 ) ;
#4201 = AXIS2_PLACEMENT_3D ( 'NONE', #3484, #3614, #6229 ) ;
#4202 = CARTESIAN_POINT ( 'NONE',  ( -24.74697241979999873, -21.29166831420000250, 23.60705443660000213 ) ) ;
#4203 = CARTESIAN_POINT ( 'NONE',  ( -6.423012039504635950, -18.48479467070000126, 16.02345310334455775 ) ) ;
#4204 = CARTESIAN_POINT ( 'NONE',  ( 2.370890305870000159, -16.62528799690000270, 21.39026588400000151 ) ) ;
#4205 = FACE_OUTER_BOUND ( 'NONE', #4569, .T. ) ;
#4206 = VECTOR ( 'NONE', #3500, 1000.000000000000114 ) ;
#4207 = ORIENTED_EDGE ( 'NONE', *, *, #2522, .F. ) ;
#4208 = FACE_OUTER_BOUND ( 'NONE', #921, .T. ) ;
#4209 = CARTESIAN_POINT ( 'NONE',  ( -18.73912802188779381, -18.48467779639180009, 23.92073426004798264 ) ) ;
#4210 = DIRECTION ( 'NONE',  ( 0.9987827659543923042, 0.03487826274221370731, 0.03487826286641371176 ) ) ;
#4212 = EDGE_LOOP ( 'NONE', ( #4124, #5673, #4974, #6889 ) ) ;
#4211 = CARTESIAN_POINT ( 'NONE',  ( -27.84843004719327553, -17.22606865823529887, 20.99537579490670325 ) ) ;
#4213 = CARTESIAN_POINT ( 'NONE',  ( -5.505896324037141909, -20.17217398529999528, 10.25886008539900907 ) ) ;
#4214 = CARTESIAN_POINT ( 'NONE',  ( -16.82124383760000086, 2.192386322069999949, 4.334480754110000333 ) ) ;
#4215 = CARTESIAN_POINT ( 'NONE',  ( 2.507993756839999921, -17.32369533560000008, 7.947198860710000368 ) ) ;
#4216 = LINE ( 'NONE', #2929, #5180 ) ;
#4217 = CIRCLE ( 'NONE', #7637, 9.975247280179999620 ) ;
#4218 = CARTESIAN_POINT ( 'NONE',  ( 2.370900876200000340, -1.044381262390000176, 7.209650249670000122 ) ) ;
#4219 = DIRECTION ( 'NONE',  ( 0.000000000000000000, 0.000000000000000000, 1.000000000000000000 ) ) ;
#4220 = ORIENTED_EDGE ( 'NONE', *, *, #3856, .T. ) ;
#4221 = CARTESIAN_POINT ( 'NONE',  ( -16.71718473019999962, -19.76545727180000256, 24.17833468910000150 ) ) ;
#4222 = VECTOR ( 'NONE', #7340, 1000.000000000000227 ) ;
#4223 = CARTESIAN_POINT ( 'NONE',  ( -24.88141379760000049, 3.617384176379999872, 5.051398159609999716 ) ) ;
#4224 = CARTESIAN_POINT ( 'NONE',  ( -18.97264146579999888, -21.49331239440000374, 24.06777278450000068 ) ) ;
#4225 = CYLINDRICAL_SURFACE ( 'NONE', #6653, 0.2999999999999979350 ) ;
#4226 = B_SPLINE_SURFACE_WITH_KNOTS ( 'NONE', 5, 5, ( 
 ( #6149, #8079, #813, #153, #5436, #6710 ),
 ( #4049, #5478, #4221, #2767, #3446, #2845 ),
 ( #3533, #1550, #2076, #5518, #7954, #4096 ),
 ( #5394, #6061, #305, #7995, #4176, #4742 ),
 ( #186, #4698, #2161, #2803, #6790, #8033 ),
 ( #855, #4871, #4786, #900, #1509, #8118 ) ),
 .UNSPECIFIED., .F., .F., .F.,
 ( 6, 6 ),
 ( 6, 6 ),
 ( 3.045927868169999719, 4.813197873510000058 ),
 ( 0.000000000000000000, 0.2685579746439999971 ),
 .UNSPECIFIED. ) ;
#4227 = CARTESIAN_POINT ( 'NONE',  ( -15.34657713750000063, -19.99336370239999994, 24.29165970020000032 ) ) ;
#4228 = ORIENTED_EDGE ( 'NONE', *, *, #5372, .F. ) ;
#4229 = CARTESIAN_POINT ( 'NONE',  ( -8.934464102075578396, 0.4961863483270765318, 20.85005318510054906 ) ) ;
#4230 = CARTESIAN_POINT ( 'NONE',  ( -17.21049502079999982, -19.42232299119999794, 4.557804867750000710 ) ) ;
#4231 = CARTESIAN_POINT ( 'NONE',  ( -17.42219710570000046, 1.932431866150000177, 4.428984278220000625 ) ) ;
#4232 = ORIENTED_EDGE ( 'NONE', *, *, #6698, .T. ) ;
#4233 = CARTESIAN_POINT ( 'NONE',  ( -16.04559876842207444, 2.290001922915642307, 24.28705639947106576 ) ) ;
#4234 = CARTESIAN_POINT ( 'NONE',  ( -28.15197735829999814, -21.17276292160000395, 8.369643804389999886 ) ) ;
#4235 = EDGE_CURVE ( 'NONE', #2868, #2735, #6548, .T. ) ;
#4236 = CARTESIAN_POINT ( 'NONE',  ( -27.77087666500705865, -1.583403105153152524, 21.07292917709294500 ) ) ;
#4237 = CARTESIAN_POINT ( 'NONE',  ( 3.059540595420000120, -18.30694041990000187, 16.26959669579999712 ) ) ;
#4238 = CARTESIAN_POINT ( 'NONE',  ( -23.63549369109999887, 4.128434089739999813, 19.14593185420000054 ) ) ;
#4239 = CARTESIAN_POINT ( 'NONE',  ( -25.51949555735496844, -16.07602949504295609, 5.275685766814946831 ) ) ;
#4240 = CARTESIAN_POINT ( 'NONE',  ( -5.317922037644734701, 2.600437768909994229, 18.14825083179291454 ) ) ;
#4241 = EDGE_LOOP ( 'NONE', ( #5926, #5171, #106, #7746 ) ) ;
#4242 = ORIENTED_EDGE ( 'NONE', *, *, #2435, .F. ) ;
#4243 = ORIENTED_EDGE ( 'NONE', *, *, #2784, .F. ) ;
#4244 = ORIENTED_EDGE ( 'NONE', *, *, #5731, .F. ) ;
#4245 = DIRECTION ( 'NONE',  ( 1.000000000000000000, 6.123233995739999133E-17, 6.123233995739999133E-17 ) ) ;
#4246 = DIRECTION ( 'NONE',  ( -2.606738690660000152E-15, -1.303369345330000076E-15, 1.000000000000000000 ) ) ;
#4247 = CARTESIAN_POINT ( 'NONE',  ( -25.50077266014746158, -0.3154208505228958681, 23.34303318195252785 ) ) ;
#4248 = CARTESIAN_POINT ( 'NONE',  ( -26.64380781629999717, -15.43479467070000055, 22.19999802579999937 ) ) ;
#4249 = CYLINDRICAL_SURFACE ( 'NONE', #2272, 8.125735931289998604 ) ;
#4250 = CARTESIAN_POINT ( 'NONE',  ( -27.87533593073324667, -17.15623526781739372, 7.631526140193218843 ) ) ;
#4251 = ORIENTED_EDGE ( 'NONE', *, *, #2549, .T. ) ;
#4252 = CARTESIAN_POINT ( 'NONE',  ( -18.21063729309999957, -20.75523991780000088, 23.94293502389999873 ) ) ;
#4253 = CARTESIAN_POINT ( 'NONE',  ( -25.47482602518951822, -0.3659412001395888625, 5.231016234649524144 ) ) ;
#4254 = CARTESIAN_POINT ( 'NONE',  ( 2.454877745640000164, 0.5374183328870000276, 9.013767492099999501 ) ) ;
#4255 = CARTESIAN_POINT ( 'NONE',  ( -27.64293486821167534, -17.57511853373650723, 21.20087097388831410 ) ) ;
#4256 = CARTESIAN_POINT ( 'NONE',  ( 2.157726972519999897, -18.04190186019999942, 8.626344030800000340 ) ) ;
#4257 = CARTESIAN_POINT ( 'NONE',  ( -21.18893532370000088, -18.33479467069999913, 23.29999802580000079 ) ) ;
#4258 = CARTESIAN_POINT ( 'NONE',  ( 2.508016223340000295, -15.18772065070000110, 5.811223962420000611 ) ) ;
#4259 = CARTESIAN_POINT ( 'NONE',  ( -25.08442551541095611, -21.06443851188576488, 4.840615724849035573 ) ) ;
#4260 = CARTESIAN_POINT ( 'NONE',  ( 2.590736260719999962, 0.2330466760369999946, 8.851131110000000746 ) ) ;
#4261 = APPROVAL_DATE_TIME ( #345, #6439 ) ;
#4262 = ORIENTED_EDGE ( 'NONE', *, *, #1546, .T. ) ;
#4263 = CARTESIAN_POINT ( 'NONE',  ( -7.617552599919999778, -3.740225491500000388, 23.79999802580000079 ) ) ;
#4264 = CARTESIAN_POINT ( 'NONE',  ( -16.88053429339999667, 3.696259193149999955, 4.397637861219999778 ) ) ;
#4265 = CARTESIAN_POINT ( 'NONE',  ( -25.58978882797223520, -1.705175884237498440, 23.25401701412775424 ) ) ;
#4266 = EDGE_CURVE ( 'NONE', #185, #8475, #4216, .T. ) ;
#4267 = CARTESIAN_POINT ( 'NONE',  ( -18.38641128720000140, -18.89239246909999892, 4.592008958860001044 ) ) ;
#4268 = LINE ( 'NONE', #4875, #3668 ) ;
#4269 = CARTESIAN_POINT ( 'NONE',  ( -9.107046548096672467, 0.6299817747137894663, 20.63868371944424851 ) ) ;
#4270 = FACE_OUTER_BOUND ( 'NONE', #464, .T. ) ;
#4271 = DIRECTION ( 'NONE',  ( 0.000000000000000000, -1.000000000000000000, -1.299415849076340001E-15 ) ) ;
#4272 = CARTESIAN_POINT ( 'NONE',  ( -15.76315769624890528, 2.354245212481891336, 24.32234393910939829 ) ) ;
#4273 = CARTESIAN_POINT ( 'NONE',  ( -9.965204071985708012, -22.28479467090000909, 22.17057960647047921 ) ) ;
#4274 = CARTESIAN_POINT ( 'NONE',  ( -27.54194102918161136, -1.875188592152992273, 7.298131238641607510 ) ) ;
#4275 = EDGE_CURVE ( 'NONE', #2754, #2451, #3159, .T. ) ;
#4276 = CARTESIAN_POINT ( 'NONE',  ( -17.16848047970000124, 3.590950863529999815, 4.428481243039999349 ) ) ;
#4277 = CARTESIAN_POINT ( 'NONE',  ( -8.799189362029999018, 0.2775777651310000205, 21.01573022919999900 ) ) ;
#4278 = CARTESIAN_POINT ( 'NONE',  ( -25.37410494515853188, -16.45474824937043934, 5.130295154618514708 ) ) ;
#4279 = CARTESIAN_POINT ( 'NONE',  ( 2.619375706120000036, -13.92212766970000004, 23.51888245569999825 ) ) ;
#4280 = ORIENTED_EDGE ( 'NONE', *, *, #5206, .F. ) ;
#4281 = EDGE_LOOP ( 'NONE', ( #256, #2844 ) ) ;
#4282 = ORIENTED_EDGE ( 'NONE', *, *, #5937, .F. ) ;
#4283 = CARTESIAN_POINT ( 'NONE',  ( 2.200206521460000175, -13.75152279109999931, 4.799998025759999898 ) ) ;
#4284 = CARTESIAN_POINT ( 'NONE',  ( -15.35032645250000094, 2.388305734539999836, 24.35608216439999651 ) ) ;
#4285 = CARTESIAN_POINT ( 'NONE',  ( -12.84683463080000010, 0.1652053292599999779, 23.79999802580000079 ) ) ;
#4286 = CARTESIAN_POINT ( 'NONE',  ( -21.18893532420000270, -21.11610045999999841, 24.03112106300000050 ) ) ;
#4287 = CARTESIAN_POINT ( 'NONE',  ( -12.84683463049999830, -18.33479467069999913, 5.142918393079999539 ) ) ;
#4288 = VERTEX_POINT ( 'NONE', #5555 ) ;
#4289 = ADVANCED_FACE ( 'NONE', ( #7991 ), #808, .F. ) ;
#4290 = CARTESIAN_POINT ( 'NONE',  ( -12.84683463049999830, -18.33479467069999913, 5.142918393079999539 ) ) ;
#4291 = CARTESIAN_POINT ( 'NONE',  ( -11.73446219480000074, -17.94716710639999846, 23.41237046150000012 ) ) ;
#4292 = ORIENTED_EDGE ( 'NONE', *, *, #3864, .F. ) ;
#4293 = CARTESIAN_POINT ( 'NONE',  ( -8.858041815631079174, -18.06729917440744870, 7.656345062986657624 ) ) ;
#4294 = CARTESIAN_POINT ( 'NONE',  ( -26.02847296786739761, -2.084836993780358139, 5.784663177327408867 ) ) ;
#4295 = CARTESIAN_POINT ( 'NONE',  ( -6.848316711669999890, -18.04190112899999576, 8.626340040360000572 ) ) ;
#4296 = CARTESIAN_POINT ( 'NONE',  ( -27.25914265780590995, -17.88483699784489644, 21.58466318429405817 ) ) ;
#4297 = CARTESIAN_POINT ( 'NONE',  ( 2.547408530100000235, 0.4802606095969999545, 19.47187565309999968 ) ) ;
#4298 = CARTESIAN_POINT ( 'NONE',  ( -18.53709807859999970, -21.98479484709999809, 23.56129178589999995 ) ) ;
#4299 = CARTESIAN_POINT ( 'NONE',  ( 2.578893601049999873, -3.543433616390000207, 5.114969774299999550 ) ) ;
#4300 = CARTESIAN_POINT ( 'NONE',  ( -15.34974099770008138, -20.17740890980001467, 4.253973402524476199 ) ) ;
#4301 = CARTESIAN_POINT ( 'NONE',  ( -18.58393001459999994, 3.808346570550000365, 23.95986322959999981 ) ) ;
#4302 = ORIENTED_EDGE ( 'NONE', *, *, #197, .F. ) ;
#4303 = EDGE_LOOP ( 'NONE', ( #5768, #6545, #334, #1074 ) ) ;
#4304 = CARTESIAN_POINT ( 'NONE',  ( -6.299189362029999906, -3.554087783309999971, 23.76915551200000110 ) ) ;
#4305 = EDGE_LOOP ( 'NONE', ( #7581, #7944, #214, #1107 ) ) ;
#4306 = ORIENTED_EDGE ( 'NONE', *, *, #475, .T. ) ;
#4307 = CARTESIAN_POINT ( 'NONE',  ( -23.18893532339999908, 0.3652053292539996221, 6.570167627829451185 ) ) ;
#4308 = EDGE_CURVE ( 'NONE', #4978, #7971, #4757, .T. ) ;
#4309 = CARTESIAN_POINT ( 'NONE',  ( -20.30980584059999927, -21.76826961709999964, 22.88065690050000001 ) ) ;
#4310 = CARTESIAN_POINT ( 'NONE',  ( -18.33094170909999576, -18.79201910300000122, 4.632183752430000467 ) ) ;
#4311 = CARTESIAN_POINT ( 'NONE',  ( -17.93634366554061188, 4.148045839545809521, 23.90550962166558691 ) ) ;
#4312 = DIRECTION ( 'NONE',  ( -1.000000000000000000, -7.897900535260000072E-18, -7.897900535260000072E-18 ) ) ;
#4313 = DIRECTION ( 'NONE',  ( 1.000000000000000000, 6.123244133959999531E-17, 6.123244133959999531E-17 ) ) ;
#4314 = CARTESIAN_POINT ( 'NONE',  ( -16.90552998340000102, 1.924512809909999955, 24.12672014440000012 ) ) ;
#4315 = B_SPLINE_CURVE_WITH_KNOTS ( 'NONE', 3,
 ( #5176, #3928, #7786, #4527, #5117, #8230 ),
 .UNSPECIFIED., .F., .F.,
 ( 4, 2, 4 ),
 ( 0.000000000000000000, 0.5000000000000000000, 1.000000000000000000 ),
 .UNSPECIFIED. ) ;
#4316 = CARTESIAN_POINT ( 'NONE',  ( -23.96478101119999948, -22.28479467089999488, 13.83705019018898419 ) ) ;
#4317 = CARTESIAN_POINT ( 'NONE',  ( -28.41295569342938521, -21.02602151635166550, 20.19289042420000158 ) ) ;
#4318 = CARTESIAN_POINT ( 'NONE',  ( -24.90382253160008474, -21.75136857959767411, 15.01488841650000872 ) ) ;
#4319 = CARTESIAN_POINT ( 'NONE',  ( -26.82842945476429719, 0.3558648967954508580, 6.584619664224301339 ) ) ;
#4320 = CARTESIAN_POINT ( 'NONE',  ( 2.186367865349999828, -18.33479467069999913, 19.26654564780000101 ) ) ;
#4321 = CARTESIAN_POINT ( 'NONE',  ( -6.299189361799999887, -13.80134229219999931, 23.79999802580000079 ) ) ;
#4322 = ORIENTED_EDGE ( 'NONE', *, *, #1423, .F. ) ;
#4323 = CARTESIAN_POINT ( 'NONE',  ( -26.02847296902136520, -17.88483699584808306, 5.784663178481335599 ) ) ;
#4324 = CARTESIAN_POINT ( 'NONE',  ( 2.572246450620000235, -13.90898398689999915, 23.61937136679999938 ) ) ;
#4325 = ORIENTED_EDGE ( 'NONE', *, *, #3548, .F. ) ;
#4326 = CIRCLE ( 'NONE', #2002, 6.200000000000000178 ) ;
#4327 = ORIENTED_EDGE ( 'NONE', *, *, #1874, .T. ) ;
#4328 = DIRECTION ( 'NONE',  ( 0.7068913153899045732, -0.02468518868039663514, 0.7068912997669045684 ) ) ;
#4329 = DIRECTION ( 'NONE',  ( -0.9999999999999968914, 0.000000000000000000, -7.880325569119945811E-08 ) ) ;
#4330 = CARTESIAN_POINT ( 'NONE',  ( -18.16845942028903238, -21.61851976948097587, 23.91291772171572916 ) ) ;
#4331 = CARTESIAN_POINT ( 'NONE',  ( -25.37410493916134868, -17.01484106553795428, 23.46970090293862299 ) ) ;
#4332 = AXIS2_PLACEMENT_3D ( 'NONE', #4068, #2905, #2132 ) ;
#4333 = CARTESIAN_POINT ( 'NONE',  ( -28.13575590279999972, -21.17332938740000259, 8.314459448750000092 ) ) ;
#4334 = DIRECTION ( 'NONE',  ( 0.000000000000000000, 0.000000000000000000, -1.000000000000000000 ) ) ;
#4335 = FACE_OUTER_BOUND ( 'NONE', #7214, .T. ) ;
#4336 = ORIENTED_EDGE ( 'NONE', *, *, #6382, .T. ) ;
#4337 = CARTESIAN_POINT ( 'NONE',  ( -17.83537942569999757, 1.699302824979999960, 4.451766236850000169 ) ) ;
#4338 = AXIS2_PLACEMENT_3D ( 'NONE', #4110, #2903, #5409 ) ;
#4339 = CARTESIAN_POINT ( 'NONE',  ( -19.16813405759999966, -18.48479466999999943, 24.02222071909999812 ) ) ;
#4340 = FACE_OUTER_BOUND ( 'NONE', #4720, .T. ) ;
#4341 = CARTESIAN_POINT ( 'NONE',  ( -26.95421839524964724, -17.99821130852144080, 21.88958744685031732 ) ) ;
#4342 = ADVANCED_FACE ( 'NONE', ( #4911 ), #6134, .T. ) ;
#4343 = CARTESIAN_POINT ( 'NONE',  ( 2.646467869296182940, -0.07243692473064004822, 20.05752784499948760 ) ) ;
#4344 = CARTESIAN_POINT ( 'NONE',  ( -18.82982324310000166, 0.7923618823360000230, 4.630883309869999742 ) ) ;
#4345 = CARTESIAN_POINT ( 'NONE',  ( -17.34232829060000114, 3.942664618840000301, 24.08040672080000277 ) ) ;
#4346 = CARTESIAN_POINT ( 'NONE',  ( 3.044657385268763061, 0.4008409116993088550, 17.65738359189327866 ) ) ;
#4347 = AXIS2_PLACEMENT_3D ( 'NONE', #7494, #2089, #2904 ) ;
#4348 = VERTEX_POINT ( 'NONE', #3482 ) ;
#4349 = CARTESIAN_POINT ( 'NONE',  ( -8.799189175469999569, -2.119062412510000382, 23.41237044029999836 ) ) ;
#4350 = CARTESIAN_POINT ( 'NONE',  ( -24.83464683629999925, -21.28860665619999892, 17.54990733379999668 ) ) ;
#4351 = CARTESIAN_POINT ( 'NONE',  ( -23.01399933170000267, -21.35218506800000071, 20.76595733119999920 ) ) ;
#4352 = ORIENTED_EDGE ( 'NONE', *, *, #4977, .T. ) ;
#4353 = VECTOR ( 'NONE', #2968, 1000.000000000000114 ) ;
#4354 = DIRECTION ( 'NONE',  ( 0.9987827659587171780, 0.03487826274238971236, 0.03487826274238971236 ) ) ;
#4355 = CARTESIAN_POINT ( 'NONE',  ( 2.597646693300000198, -3.668111656769999840, 5.081916063710000486 ) ) ;
#4356 = CARTESIAN_POINT ( 'NONE',  ( -24.87197824657115319, -20.99028611596667204, 4.697489682293443991 ) ) ;
#4357 = CARTESIAN_POINT ( 'NONE',  ( -17.11875672929999936, 1.559311396979999875, 4.376195856070000723 ) ) ;
#4358 = CARTESIAN_POINT ( 'NONE',  ( -14.76507131800000039, -18.48479467069999771, 14.29999802579999901 ) ) ;
#4359 = CARTESIAN_POINT ( 'NONE',  ( -23.92991622797626050, -22.28479467089999133, 13.37594089308752743 ) ) ;
#4360 = CARTESIAN_POINT ( 'NONE',  ( -28.23102539352349538, -21.17000249656206634, 20.19289103949999742 ) ) ;
#4361 = CARTESIAN_POINT ( 'NONE',  ( -7.199009502448608266, 0.3637505576242803795, 8.531891819365169383 ) ) ;
#4362 = CARTESIAN_POINT ( 'NONE',  ( -27.84843005881420908, -0.4435207091300562565, 7.604620268274217665 ) ) ;
#4363 = CARTESIAN_POINT ( 'NONE',  ( 2.650188389559941182, -0.07312147612749206327, 8.541543070224470569 ) ) ;
#4364 = CARTESIAN_POINT ( 'NONE',  ( -28.29736120727303472, -20.87491095926420925, 20.54644463480157768 ) ) ;
#4365 = VERTEX_POINT ( 'NONE', #1544 ) ;
#4366 = ORIENTED_EDGE ( 'NONE', *, *, #1951, .T. ) ;
#4367 = CARTESIAN_POINT ( 'NONE',  ( -25.69058195564394964, -15.84866066787287231, 5.446772165103933361 ) ) ;
#4368 = B_SPLINE_CURVE_WITH_KNOTS ( 'NONE', 5,
 ( #8100, #3130, #1704, #1010, #6214, #3772 ),
 .UNSPECIFIED., .F., .F.,
 ( 6, 6 ),
 ( 0.000000000000000000, 1.000000000000000000 ),
 .UNSPECIFIED. ) ;
#4369 = EDGE_CURVE ( 'NONE', #3422, #6643, #6203, .T. ) ;
#4370 = CARTESIAN_POINT ( 'NONE',  ( 2.590735491149999792, -14.28366152079999907, 23.36783954299999877 ) ) ;
#4371 = ORIENTED_EDGE ( 'NONE', *, *, #2100, .T. ) ;
#4372 = CARTESIAN_POINT ( 'NONE',  ( 2.298638104090000134, -13.81468041990000017, 4.799998032609999576 ) ) ;
#4373 = CARTESIAN_POINT ( 'NONE',  ( 2.150091566099999962, -18.30445547710000298, 19.57923297989999867 ) ) ;
#4374 = CARTESIAN_POINT ( 'NONE',  ( -25.08307620059999721, -20.98715626259999922, 23.76072964149999933 ) ) ;
#4375 = CARTESIAN_POINT ( 'NONE',  ( -25.36852084004134511, -16.98835177375112693, 23.47528500205861235 ) ) ;
#4376 = CARTESIAN_POINT ( 'NONE',  ( -28.32550703829999961, -21.13124754089999868, 8.286317505019999530 ) ) ;
#4377 = CARTESIAN_POINT ( 'NONE',  ( -12.24979075049999899, -18.15489648109999621, 5.033772074040000710 ) ) ;
#4378 = CARTESIAN_POINT ( 'NONE',  ( -11.98279315900000164, -18.00839880039999841, 23.55506513940000346 ) ) ;
#4379 = ORIENTED_EDGE ( 'NONE', *, *, #4007, .F. ) ;
#4380 = CARTESIAN_POINT ( 'NONE',  ( -17.05925451210000077, -21.98479467070000126, 24.03327719939999696 ) ) ;
#4381 = LINE ( 'NONE', #5721, #7211 ) ;
#4382 = DIRECTION ( 'NONE',  ( 1.000000000000000000, -4.379659758540000592E-15, 6.717153981430000480E-15 ) ) ;
#4383 = B_SPLINE_CURVE_WITH_KNOTS ( 'NONE', 5,
 ( #8173, #240, #913, #6160, #4972, #5531 ),
 .UNSPECIFIED., .F., .F.,
 ( 6, 6 ),
 ( 0.000000000000000000, 1.000000000000000000 ),
 .UNSPECIFIED. ) ;
#4384 = CARTESIAN_POINT ( 'NONE',  ( -23.77325475539999999, -21.32567128430000025, 19.67690772680000322 ) ) ;
#4385 = EDGE_CURVE ( 'NONE', #6123, #6313, #2150, .T. ) ;
#4386 = DIRECTION ( 'NONE',  ( 0.04108346563370503246, -0.7071067811870866970, -0.7059122812720867168 ) ) ;
#4387 = FACE_OUTER_BOUND ( 'NONE', #3705, .T. ) ;
#4388 = CARTESIAN_POINT ( 'NONE',  ( -24.98923342166778383, -21.25190760799315370, 4.942354579953925686 ) ) ;
#4389 = CARTESIAN_POINT ( 'NONE',  ( -18.17597663410000308, 3.789175770770000007, 24.02515341059999798 ) ) ;
#4390 = B_SPLINE_CURVE_WITH_KNOTS ( 'NONE', 5,
 ( #5754, #2568, #589, #8361, #1833, #2484 ),
 .UNSPECIFIED., .F., .F.,
 ( 6, 6 ),
 ( -0.2685580411920000521, -0.01142800468400001490 ),
 .UNSPECIFIED. ) ;
#4391 = ADVANCED_FACE ( 'NONE', ( #4692 ), #4821, .T. ) ;
#4392 = ORIENTED_EDGE ( 'NONE', *, *, #5289, .F. ) ;
#4393 = CARTESIAN_POINT ( 'NONE',  ( -19.14059373239999928, 0.6660880507899999969, 24.05338667690000065 ) ) ;
#4394 = CARTESIAN_POINT ( 'NONE',  ( -23.18893532339999553, -1.275066920413067129, 7.666162505428811613 ) ) ;
#4395 = CARTESIAN_POINT ( 'NONE',  ( -25.78692727421717734, -1.912481850612993917, 23.05687856788281209 ) ) ;
#4396 = CARTESIAN_POINT ( 'NONE',  ( -19.13401310119999721, -18.43227887830000000, 4.575941429860000298 ) ) ;
#4397 = FACE_OUTER_BOUND ( 'NONE', #2158, .T. ) ;
#4398 = CARTESIAN_POINT ( 'NONE',  ( -17.58240672579999853, 2.951838455249999882, 24.15706381640000089 ) ) ;
#4399 = CARTESIAN_POINT ( 'NONE',  ( -16.79025969569999788, 3.651972229110000079, 4.379032030419999444 ) ) ;
#4400 = CARTESIAN_POINT ( 'NONE',  ( -17.15863117740000021, -19.35104551440000265, 4.635509373669999711 ) ) ;
#4401 = EDGE_CURVE ( 'NONE', #5684, #6172, #4888, .T. ) ;
#4402 = CARTESIAN_POINT ( 'NONE',  ( -23.47325789559999976, 3.723319635860000254, 8.391510053919999379 ) ) ;
#4403 = CARTESIAN_POINT ( 'NONE',  ( -6.299189361799999887, 0.6652053292599999779, 9.333450404349999729 ) ) ;
#4404 = CARTESIAN_POINT ( 'NONE',  ( -8.613461521106925645, 0.2927421510613685274, 7.751076355296039999 ) ) ;
#4405 = EDGE_CURVE ( 'NONE', #4806, #6693, #7049, .T. ) ;
#4406 = CARTESIAN_POINT ( 'NONE',  ( 2.355879181270000178, -3.299741103810000187, 23.60067905000000010 ) ) ;
#4407 = CARTESIAN_POINT ( 'NONE',  ( -19.04403460569999851, -18.29047576140000331, 23.93388483949999923 ) ) ;
#4408 = CARTESIAN_POINT ( 'NONE',  ( -16.10298501856085451, 2.514857617273183354, 24.37570731405911317 ) ) ;
#4409 = CARTESIAN_POINT ( 'NONE',  ( -15.34464110819999938, -19.96004195089999911, 4.341601711120000040 ) ) ;
#4410 = CARTESIAN_POINT ( 'NONE',  ( 2.401679137759999971, -13.86140445299999868, 23.76876767779999966 ) ) ;
#4411 = ORIENTED_EDGE ( 'NONE', *, *, #6861, .T. ) ;
#4412 = CARTESIAN_POINT ( 'NONE',  ( -23.83564179600000088, -21.32349268089999939, 19.26461769189999984 ) ) ;
#4413 = CARTESIAN_POINT ( 'NONE',  ( -19.47158991210000067, 3.806299389270000333, 23.79127483770000140 ) ) ;
#4414 = ADVANCED_FACE ( 'NONE', ( #179 ), #7987, .T. ) ;
#4415 = CARTESIAN_POINT ( 'NONE',  ( -12.25971635719999853, 0.3078675688639999630, 23.71209694219999875 ) ) ;
#4416 = CARTESIAN_POINT ( 'NONE',  ( -25.78692725958887522, -17.71248183702452650, 23.05687858251109290 ) ) ;
#4417 = B_SPLINE_SURFACE_WITH_KNOTS ( 'NONE', 3, 5, ( 
 ( #1341, #7067, #6467, #1952, #5779, #3205 ),
 ( #4578, #5903, #3244, #8434, #7154, #1257 ),
 ( #6425, #2510, #1294, #7239, #7792, #1911 ),
 ( #4534, #4493, #3322, #7114, #3892, #1214 ) ),
 .UNSPECIFIED., .F., .F., .F.,
 ( 4, 4 ),
 ( 6, 6 ),
 ( 1.663993669339999926, 4.651885224459999968 ),
 ( -1.926219308499999979E-07, 1.156031202070000097 ),
 .UNSPECIFIED. ) ;
#4418 = CARTESIAN_POINT ( 'NONE',  ( -28.33723729440000128, -21.13088757519999916, 8.407104699930000535 ) ) ;
#4419 = CARTESIAN_POINT ( 'NONE',  ( -12.84683463049999830, -17.99187430339999594, 4.799998025759999898 ) ) ;
#4420 = CARTESIAN_POINT ( 'NONE',  ( -12.24979075049999899, -18.15489649170000064, 23.56622396679999909 ) ) ;
#4421 = ORIENTED_EDGE ( 'NONE', *, *, #4815, .T. ) ;
#4422 = DIRECTION ( 'NONE',  ( 0.000000000000000000, 0.9999999999999998890, 1.241763445159999812E-08 ) ) ;
#4423 = CARTESIAN_POINT ( 'NONE',  ( -12.52136751340000131, 0.4855884138309999876, 4.894729360989999556 ) ) ;
#4424 = CARTESIAN_POINT ( 'NONE',  ( -7.963566332270000103, -18.13242516410000249, 8.377165663010000429 ) ) ;
#4425 = CARTESIAN_POINT ( 'NONE',  ( -8.797470866810000345, -18.33479467069999913, 19.99371305500000062 ) ) ;
#4426 = CARTESIAN_POINT ( 'NONE',  ( -13.76244647048440228, 0.8152053292530099249, 6.192166460758897095 ) ) ;
#4427 = CARTESIAN_POINT ( 'NONE',  ( 2.590736260719999962, -14.28366158650000095, 5.232156678990000032 ) ) ;
#4428 = LINE ( 'NONE', #7732, #3363 ) ;
#4429 = CARTESIAN_POINT ( 'NONE',  ( -8.799189175469999569, -2.119062412510000382, 23.41237044029999836 ) ) ;
#4430 = ADVANCED_FACE ( 'NONE', ( #2796 ), #7437, .F. ) ;
#4431 = ORIENTED_EDGE ( 'NONE', *, *, #3768, .T. ) ;
#4432 = CARTESIAN_POINT ( 'NONE',  ( -19.11270369639999700, 0.6287840681940000120, 24.00828425519999954 ) ) ;
#4433 = CARTESIAN_POINT ( 'NONE',  ( -23.18893532339999553, -0.7646250686765559967, 7.699998025760002918 ) ) ;
#4434 = CARTESIAN_POINT ( 'NONE',  ( -24.19053981160000077, -21.31109936909999547, 18.90759787300000028 ) ) ;
#4435 = CARTESIAN_POINT ( 'NONE',  ( -7.686208239952653898, -2.855916445536308856, 23.47937148286304421 ) ) ;
#4436 = DIRECTION ( 'NONE',  ( -0.7068913075831640969, 0.02468518840780575471, 0.7068913075831640969 ) ) ;
#4437 = ADVANCED_FACE ( 'NONE', ( #6478 ), #4546, .F. ) ;
#4438 = LINE ( 'NONE', #1775, #7356 ) ;
#4439 = CARTESIAN_POINT ( 'NONE',  ( -17.57947398639999648, 2.964990030580000102, 4.442829822000000206 ) ) ;
#4440 = B_SPLINE_CURVE_WITH_KNOTS ( 'NONE', 5,
 ( #3647, #1626, #2921, #2321, #5547, #4337 ),
 .UNSPECIFIED., .F., .F.,
 ( 6, 6 ),
 ( 0.000000000000000000, 2.358228515209999987 ),
 .UNSPECIFIED. ) ;
#4441 = EDGE_CURVE ( 'NONE', #2754, #3390, #5816, .T. ) ;
#4442 = CARTESIAN_POINT ( 'NONE',  ( -23.32052419949999944, 4.139975996149999560, 8.505147918879998770 ) ) ;
#4443 = ORIENTED_EDGE ( 'NONE', *, *, #3538, .F. ) ;
#4444 = CARTESIAN_POINT ( 'NONE',  ( -9.107045017686068888, -18.29957100300041262, 20.63868308894986114 ) ) ;
#4445 = CARTESIAN_POINT ( 'NONE',  ( -8.799189175469999569, 0.2775777437770000078, 7.584265767529999813 ) ) ;
#4446 = CARTESIAN_POINT ( 'NONE',  ( -27.87533593252874908, -1.356235259359465983, 7.631526141988755008 ) ) ;
#4447 = CARTESIAN_POINT ( 'NONE',  ( -19.13401293339999754, -18.43227887519999797, 24.02405462380000145 ) ) ;
#4448 = CARTESIAN_POINT ( 'NONE',  ( -16.35161510959082776, 2.442477867802794300, 24.34214059936554264 ) ) ;
#4449 = EDGE_CURVE ( 'NONE', #478, #7304, #8195, .T. ) ;
#4450 = DIRECTION ( 'NONE',  ( 2.775557561399999956E-16, 1.387778780700000126E-15, -1.000000000000000000 ) ) ;
#4451 = ORIENTED_EDGE ( 'NONE', *, *, #3448, .T. ) ;
#4452 = CARTESIAN_POINT ( 'NONE',  ( 2.539599056679999745, -14.35451621610000039, 23.42859456229999893 ) ) ;
#4453 = EDGE_CURVE ( 'NONE', #5169, #4946, #5918, .T. ) ;
#4454 = ORIENTED_EDGE ( 'NONE', *, *, #290, .F. ) ;
#4455 = ORIENTED_EDGE ( 'NONE', *, *, #6370, .F. ) ;
#4456 = CARTESIAN_POINT ( 'NONE',  ( -24.69580988519999920, -21.75899471259999984, 16.46299135460000329 ) ) ;
#4457 = B_SPLINE_CURVE_WITH_KNOTS ( 'NONE', 5,
 ( #7760, #3728, #3259, #6521, #4547, #4413 ),
 .UNSPECIFIED., .F., .F.,
 ( 6, 6 ),
 ( -52.37250164750000181, -46.05312225609999643 ),
 .UNSPECIFIED. ) ;
#4458 = CARTESIAN_POINT ( 'NONE',  ( 2.401678578829999910, 0.6339746069549999641, 19.32660829639999633 ) ) ;
#4459 = CARTESIAN_POINT ( 'NONE',  ( 2.523998232060000291, -18.08791238130000067, 19.66377046220000224 ) ) ;
#4460 = CARTESIAN_POINT ( 'NONE',  ( -25.34822987846050779, -1.061973903714993783, 23.49557596363948520 ) ) ;
#4461 = CARTESIAN_POINT ( 'NONE',  ( -8.869812118449999616, 0.4217362226930000402, 7.670760856360000268 ) ) ;
#4462 = CARTESIAN_POINT ( 'NONE',  ( -28.44380785439999570, -20.87286534440000096, 8.407104541499998973 ) ) ;
#4463 = CARTESIAN_POINT ( 'NONE',  ( -21.59850932330000006, 3.732025726220000283, 22.35024446690000133 ) ) ;
#4464 = CARTESIAN_POINT ( 'NONE',  ( -16.42302617463450432, -19.73244325031226509, 24.12748167403966804 ) ) ;
#4465 = VERTEX_POINT ( 'NONE', #3176 ) ;
#4466 = CARTESIAN_POINT ( 'NONE',  ( 2.530919382080000002, -14.10468955930000057, 5.006902891229999319 ) ) ;
#4467 = VERTEX_POINT ( 'NONE', #7164 ) ;
#4468 = CARTESIAN_POINT ( 'NONE',  ( -11.73446219480000074, 0.2775777649560000060, 5.187625590070000570 ) ) ;
#4469 = CARTESIAN_POINT ( 'NONE',  ( 2.146752624699999945, 0.4833976830769999844, 8.737428196639999811 ) ) ;
#4470 = CARTESIAN_POINT ( 'NONE',  ( -6.299190191039999220, -18.04190150829999695, 19.97365181600000028 ) ) ;
#4471 = VECTOR ( 'NONE', #5966, 1000.000000000000227 ) ;
#4472 = CARTESIAN_POINT ( 'NONE',  ( -24.88141397949999956, -21.28697351150000117, 23.54859757140000198 ) ) ;
#4473 = FACE_OUTER_BOUND ( 'NONE', #7350, .T. ) ;
#4474 = DIRECTION ( 'NONE',  ( -6.123233995739999133E-17, 1.000000000000000000, 0.000000000000000000 ) ) ;
#4475 = CARTESIAN_POINT ( 'NONE',  ( 3.358048213661017911, 0.4152023056829635128, 13.88233918349897777 ) ) ;
#4476 = B_SPLINE_CURVE_WITH_KNOTS ( 'NONE', 3,
 ( #6688, #6773, #3513, #1571, #7978, #4202 ),
 .UNSPECIFIED., .F., .F.,
 ( 4, 2, 4 ),
 ( 0.000000000000000000, 0.5000000000000000000, 1.000000000000000000 ),
 .UNSPECIFIED. ) ;
#4477 = VECTOR ( 'NONE', #3418, 1000.000000000000000 ) ;
#4478 = EDGE_LOOP ( 'NONE', ( #4220, #6342, #3688, #8458 ) ) ;
#4479 = CARTESIAN_POINT ( 'NONE',  ( 2.731442217126480276, -15.28064679014020477, 6.220854195835208600 ) ) ;
#4480 = DIRECTION ( 'NONE',  ( -0.9122259201466703660, 0.000000000000000000, 0.4096875280168539302 ) ) ;
#4481 = CARTESIAN_POINT ( 'NONE',  ( -7.397819642540000018, -14.62580104260000091, 23.49643644620000060 ) ) ;
#4482 = CARTESIAN_POINT ( 'NONE',  ( -16.84485380239999941, 2.243229530479999845, 24.25877067960000133 ) ) ;
#4483 = CYLINDRICAL_SURFACE ( 'NONE', #2029, 0.2999999999999992117 ) ;
#4484 = PRODUCT_DEFINITION_FORMATION_WITH_SPECIFIED_SOURCE ( 'Symmetric', '', #7509, .NOT_KNOWN. ) ;
#4485 = CARTESIAN_POINT ( 'NONE',  ( -6.299189361289999844, -17.33479467069999913, 19.26654564780000101 ) ) ;
#4486 = B_SPLINE_CURVE_WITH_KNOTS ( 'NONE', 5,
 ( #4279, #4324, #6898, #4410, #7034, #7625 ),
 .UNSPECIFIED., .F., .F.,
 ( 6, 6 ),
 ( -0.5542051373249999857, 0.000000000000000000 ),
 .UNSPECIFIED. ) ;
#4487 = VECTOR ( 'NONE', #830, 999.9999999999998863 ) ;
#4488 = CARTESIAN_POINT ( 'NONE',  ( -26.47637157029999599, -16.73479467070000126, 22.19999802579999937 ) ) ;
#4489 = CARTESIAN_POINT ( 'NONE',  ( -23.37435198469999875, 3.840923115279999855, 8.461346593580000075 ) ) ;
#4490 = VERTEX_POINT ( 'NONE', #3012 ) ;
#4491 = CIRCLE ( 'NONE', #5589, 1.299999999999999156 ) ;
#4492 = VERTEX_POINT ( 'NONE', #5789 ) ;
#4493 = CARTESIAN_POINT ( 'NONE',  ( -17.28416963119999750, -22.03428932270000118, 4.621511487639999416 ) ) ;
#4494 = CARTESIAN_POINT ( 'NONE',  ( -24.77239028113788777, -21.75618705228156458, 11.59280960487087775 ) ) ;
#4495 = CARTESIAN_POINT ( 'NONE',  ( -26.93815380155852424, -2.209830538050690851, 6.694344011018520391 ) ) ;
#4496 = CARTESIAN_POINT ( 'NONE',  ( -18.60879979560000308, -18.83392465720000075, 24.01002883119999964 ) ) ;
#4497 = CARTESIAN_POINT ( 'NONE',  ( 2.157722703700000189, -3.161140184410000220, 23.50710516090000368 ) ) ;
#4498 = EDGE_CURVE ( 'NONE', #2744, #7733, #3116, .T. ) ;
#4499 = AXIS2_PLACEMENT_3D ( 'NONE', #3996, #3706, #5560 ) ;
#4500 = CARTESIAN_POINT ( 'NONE',  ( -16.03561966740000244, -19.93627081420000025, 4.362823193150000556 ) ) ;
#4501 = CARTESIAN_POINT ( 'NONE',  ( -7.432339655509998977, 0.4765252113740000017, 8.617168899970000240 ) ) ;
#4502 = ORIENTED_EDGE ( 'NONE', *, *, #4561, .F. ) ;
#4503 = EDGE_CURVE ( 'NONE', #6522, #1033, #2216, .T. ) ;
#4504 = CARTESIAN_POINT ( 'NONE',  ( -17.27984514119999915, 3.645045074070000002, 24.16344341030000109 ) ) ;
#4505 = CARTESIAN_POINT ( 'NONE',  ( -26.64380781629999717, -2.234794671489999995, 22.19999802579999937 ) ) ;
#4506 = CARTESIAN_POINT ( 'NONE',  ( -18.53706734920000088, -21.98479596229999800, 5.038638222910000408 ) ) ;
#4507 = CARTESIAN_POINT ( 'NONE',  ( -25.08307620059999721, 3.317566918209999827, 23.76072964149999933 ) ) ;
#4508 = VERTEX_POINT ( 'NONE', #4256 ) ;
#4509 = CARTESIAN_POINT ( 'NONE',  ( 2.157726972519999897, -3.161140675780000464, 5.092890836270000499 ) ) ;
#4510 = CARTESIAN_POINT ( 'NONE',  ( -17.63103484180000180, 3.857116113920000089, 4.563162643020000075 ) ) ;
#4511 = CARTESIAN_POINT ( 'NONE',  ( -23.69197339259999779, 3.829584149420000028, 19.18253897479999992 ) ) ;
#4512 = CARTESIAN_POINT ( 'NONE',  ( -12.56065347590000059, -17.93477395690000264, 23.79976952710000049 ) ) ;
#4513 = ORIENTED_EDGE ( 'NONE', *, *, #4802, .T. ) ;
#4514 = CARTESIAN_POINT ( 'NONE',  ( 2.590735405599999819, -14.28366138839999877, 5.232156293810000136 ) ) ;
#4515 = CARTESIAN_POINT ( 'NONE',  ( -11.98279315900000164, 0.3388094588719999800, 5.044930912109999888 ) ) ;
#4516 = CARTESIAN_POINT ( 'NONE',  ( -27.32756541161861819, -15.62406221358334868, 21.51624043048136059 ) ) ;
#4517 = CARTESIAN_POINT ( 'NONE',  ( 2.401678578829999910, -13.86140494140000001, 23.76876730349999889 ) ) ;
#4518 = CARTESIAN_POINT ( 'NONE',  ( 2.186362437220000121, -13.80134265029999874, 23.79999762370000127 ) ) ;
#4519 = DIRECTION ( 'NONE',  ( 0.9999999999999933387, 0.000000000000000000, -1.154610763329984318E-07 ) ) ;
#4520 = B_SPLINE_CURVE_WITH_KNOTS ( 'NONE', 5,
 ( #1216, #3850, #6593, #3940, #1296, #2555 ),
 .UNSPECIFIED., .F., .F.,
 ( 6, 6 ),
 ( 0.000000000000000000, 1.000000000000000000 ),
 .UNSPECIFIED. ) ;
#4521 = CARTESIAN_POINT ( 'NONE',  ( -8.703036951549998790, -2.993934534149999660, 4.799997866660000057 ) ) ;
#4522 = VERTEX_POINT ( 'NONE', #1876 ) ;
#4523 = CARTESIAN_POINT ( 'NONE',  ( -18.02607632060000142, 1.356714664399999881, 24.06169746949999677 ) ) ;
#4524 = ORIENTED_EDGE ( 'NONE', *, *, #1951, .F. ) ;
#4525 = CARTESIAN_POINT ( 'NONE',  ( 2.307815689959999528, -3.888286713329999866, 23.79999802580000079 ) ) ;
#4526 = CARTESIAN_POINT ( 'NONE',  ( -14.86406590810000061, 0.8152053292530000439, 5.797127892099999791 ) ) ;
#4527 = CARTESIAN_POINT ( 'NONE',  ( -28.41295569008519095, 3.356432183050829021, 20.19289136949999985 ) ) ;
#4528 = CARTESIAN_POINT ( 'NONE',  ( 2.841064675920000226, -8.834794670739999134, 8.099998025799997947 ) ) ;
#4529 = CARTESIAN_POINT ( 'NONE',  ( -11.73446219480000074, 0.2775777649560000060, 23.41237046150000012 ) ) ;
#4530 = CARTESIAN_POINT ( 'NONE',  ( -6.311813504858483803, 0.8152053292529974904, 15.35071417358042645 ) ) ;
#4531 = CARTESIAN_POINT ( 'NONE',  ( -16.05448848992616817, -19.86000452820117701, 4.412499994164148731 ) ) ;
#4532 = ORIENTED_EDGE ( 'NONE', *, *, #6414, .T. ) ;
#4533 = B_SPLINE_CURVE_WITH_KNOTS ( 'NONE', 3,
 ( #4641, #1404, #3223, #1973 ),
 .UNSPECIFIED., .F., .F.,
 ( 4, 4 ),
 ( -9.760720141969999375, 0.000000000000000000 ),
 .UNSPECIFIED. ) ;
#4534 = CARTESIAN_POINT ( 'NONE',  ( -17.05898330300000154, -22.03522748720000024, 4.568464341319999455 ) ) ;
#4535 = PLANE ( 'NONE',  #1607 ) ;
#4536 = CARTESIAN_POINT ( 'NONE',  ( -19.16813425770000023, -18.48479467069999771, 4.577775332539999908 ) ) ;
#4537 = ORIENTED_EDGE ( 'NONE', *, *, #1423, .T. ) ;
#4538 = CARTESIAN_POINT ( 'NONE',  ( 2.633220933550000087, -13.87137364029999986, 5.080601794289999695 ) ) ;
#4539 = CARTESIAN_POINT ( 'NONE',  ( -17.98699867760000259, -19.04824175970000155, 24.00254471310000071 ) ) ;
#4540 = VERTEX_POINT ( 'NONE', #3214 ) ;
#4541 = CARTESIAN_POINT ( 'NONE',  ( -16.76458877550000182, -19.86709427829999797, 4.421486902560000765 ) ) ;
#4542 = DIRECTION ( 'NONE',  ( -5.373988463173231783E-17, 1.000000000000000000, 0.000000000000000000 ) ) ;
#4543 = ORIENTED_EDGE ( 'NONE', *, *, #4275, .T. ) ;
#4544 = CARTESIAN_POINT ( 'NONE',  ( -24.94521654949999956, -21.34110652269999875, 11.24402782370000153 ) ) ;
#4545 = VERTEX_POINT ( 'NONE', #5829 ) ;
#4546 = CYLINDRICAL_SURFACE ( 'NONE', #6549, 5.000000000000000888 ) ;
#4547 = CARTESIAN_POINT ( 'NONE',  ( -20.62817399189999890, 3.765910583220000163, 23.21719891220000065 ) ) ;
#4548 = CARTESIAN_POINT ( 'NONE',  ( -9.183862371140000036, 0.6652053179780000880, 8.055392299849998494 ) ) ;
#4549 = CARTESIAN_POINT ( 'NONE',  ( -17.40177784560000163, 3.804104096320000128, 4.510612713620000491 ) ) ;
#4550 = CARTESIAN_POINT ( 'NONE',  ( -23.92460993390000112, 3.650796503550000516, 19.31322127460000004 ) ) ;
#4551 = B_SPLINE_CURVE_WITH_KNOTS ( 'NONE', 3,
 ( #8438, #2557, #3896, #5659, #7621, #6990 ),
 .UNSPECIFIED., .F., .F.,
 ( 4, 2, 4 ),
 ( 0.000000000000000000, 0.5000000000000000000, 1.000000000000000000 ),
 .UNSPECIFIED. ) ;
#4552 = CARTESIAN_POINT ( 'NONE',  ( 2.813148790799999688, -6.612457714320000512, 4.799998025759999898 ) ) ;
#4553 = ADVANCED_FACE ( 'NONE', ( #6876 ), #8447, .T. ) ;
#4554 = EDGE_LOOP ( 'NONE', ( #8388, #8179, #6845, #7510 ) ) ;
#4555 = FACE_OUTER_BOUND ( 'NONE', #2439, .T. ) ;
#4556 = CARTESIAN_POINT ( 'NONE',  ( 2.146753776690000226, 0.4833874903579999938, 19.86257747240000171 ) ) ;
#4557 = CARTESIAN_POINT ( 'NONE',  ( -8.608600880359999152, -18.29716798589999982, 20.28802209010000013 ) ) ;
#4558 = CARTESIAN_POINT ( 'NONE',  ( 2.150086876439999628, -14.11406421590000093, 23.76966015190000192 ) ) ;
#4559 = CARTESIAN_POINT ( 'NONE',  ( 2.764219841439445879, -16.39523571115773137, 21.26649812310633081 ) ) ;
#4560 = CARTESIAN_POINT ( 'NONE',  ( -8.103935324130000950, -3.868247048659999798, 22.79999802580000079 ) ) ;
#4561 = EDGE_CURVE ( 'NONE', #1526, #3858, #5913, .T. ) ;
#4562 = DIRECTION ( 'NONE',  ( -0.4999999999998740452, -0.6123724356958458737, -0.6123724356958458737 ) ) ;
#4563 = CARTESIAN_POINT ( 'NONE',  ( -26.95421839843395517, -15.47137803381455257, 6.710408607893933564 ) ) ;
#4564 = ORIENTED_EDGE ( 'NONE', *, *, #5408, .T. ) ;
#4565 = CARTESIAN_POINT ( 'NONE',  ( 2.590736260729999962, -14.28366299870000056, 5.232158951760000676 ) ) ;
#4566 = ORIENTED_EDGE ( 'NONE', *, *, #6466, .T. ) ;
#4567 = PLANE ( 'NONE',  #7089 ) ;
#4569 = EDGE_LOOP ( 'NONE', ( #3221, #1625, #6020, #2766 ) ) ;
#4568 = CARTESIAN_POINT ( 'NONE',  ( -14.46847953709999857, 0.8152053292530000439, 5.802877032699999660 ) ) ;
#4570 = CARTESIAN_POINT ( 'NONE',  ( -16.71821967210000182, 2.020628918119999895, 24.16710335409999644 ) ) ;
#4571 = B_SPLINE_CURVE_WITH_KNOTS ( 'NONE', 3,
 ( #6289, #4316, #4359, #2247 ),
 .UNSPECIFIED., .F., .F.,
 ( 4, 4 ),
 ( 0.000000000000000000, 1.000000000000000000 ),
 .UNSPECIFIED. ) ;
#4572 = CARTESIAN_POINT ( 'NONE',  ( -16.21643860984484675, 2.484629626535414637, 4.238846829074474520 ) ) ;
#4573 = CARTESIAN_POINT ( 'NONE',  ( -11.98346281939999969, 0.3113689698420000207, 23.58166338299999865 ) ) ;
#4574 = CARTESIAN_POINT ( 'NONE',  ( -14.14660937161607634, 0.8152053292529883866, 22.79583594079219111 ) ) ;
#4575 = EDGE_LOOP ( 'NONE', ( #1828, #7591, #1179, #5663 ) ) ;
#4576 = CARTESIAN_POINT ( 'NONE',  ( -16.00352421990064400, -19.87361668314075658, 4.405471121871234352 ) ) ;
#4577 = EDGE_LOOP ( 'NONE', ( #7142, #5135, #1359 ) ) ;
#4578 = CARTESIAN_POINT ( 'NONE',  ( -17.06967346220000081, -20.04452479009999877, 4.499563270139999460 ) ) ;
#4579 = CARTESIAN_POINT ( 'NONE',  ( -18.57107417069999755, 3.807888390900000086, 4.637974360009999408 ) ) ;
#4580 = LINE ( 'NONE', #3289, #620 ) ;
#4581 = CARTESIAN_POINT ( 'NONE',  ( 2.572246450620000235, -3.760605354570000447, 4.980624684740000419 ) ) ;
#4582 = DIRECTION ( 'NONE',  ( -3.667185336520484431E-18, -1.000000000000000000, -1.320727196930000051E-15 ) ) ;
#4583 = CARTESIAN_POINT ( 'NONE',  ( -17.14237423895846746, -21.98479467070001547, 24.01425710612905817 ) ) ;
#4584 = CARTESIAN_POINT ( 'NONE',  ( -7.617552599949999781, 0.6652053292599999779, 9.205428846520000263 ) ) ;
#4585 = ORIENTED_EDGE ( 'NONE', *, *, #1363, .T. ) ;
#4586 = CARTESIAN_POINT ( 'NONE',  ( -24.82792119890000038, -21.45853916589999955, 11.28044021769999894 ) ) ;
#4587 = CARTESIAN_POINT ( 'NONE',  ( 3.209416805530000083, -18.30781778529999926, 14.30016069270000045 ) ) ;
#4588 = CARTESIAN_POINT ( 'NONE',  ( 2.590735491169999793, 0.2330468464620000235, 19.74886487579999894 ) ) ;
#4589 = LINE ( 'NONE', #5286, #2415 ) ;
#4590 = B_SPLINE_CURVE_WITH_KNOTS ( 'NONE', 5,
 ( #7292, #6641, #746, #3374, #2526, #12 ),
 .UNSPECIFIED., .F., .F.,
 ( 6, 6 ),
 ( 0.000000000000000000, 1.000000000000000000 ),
 .UNSPECIFIED. ) ;
#4591 = CARTESIAN_POINT ( 'NONE',  ( -18.87650604990000147, 3.921539585179999676, 4.923782884439999563 ) ) ;
#4592 = EDGE_CURVE ( 'NONE', #2868, #2585, #1396, .T. ) ;
#4593 = CARTESIAN_POINT ( 'NONE',  ( -12.76735642459821207, 0.6652053292606179280, 23.32776426462756092 ) ) ;
#4594 = CARTESIAN_POINT ( 'NONE',  ( 2.925663625259999900, -7.611131717160000143, 4.799998025759999898 ) ) ;
#4595 = EDGE_LOOP ( 'NONE', ( #943, #6079, #8200, #4524 ) ) ;
#4596 = CARTESIAN_POINT ( 'NONE',  ( -19.19104076039999995, 3.892902516289999948, 23.56986710309999822 ) ) ;
#4597 = CARTESIAN_POINT ( 'NONE',  ( -9.183859696380000770, -18.33479457569999838, 20.54460463480000243 ) ) ;
#4598 = CARTESIAN_POINT ( 'NONE',  ( -19.05807773307130404, 0.8152001266549534497, 4.512928846327153742 ) ) ;
#4599 = CARTESIAN_POINT ( 'NONE',  ( 2.731442154354654317, -16.91393725766083733, 20.74585187694957256 ) ) ;
#4600 = CARTESIAN_POINT ( 'NONE',  ( -26.48855648009999797, 3.561261517220000172, 6.658540884419999806 ) ) ;
#4601 = CARTESIAN_POINT ( 'NONE',  ( 2.463941745300000097, -18.01201027559999801, 19.88328203569999886 ) ) ;
#4602 = CARTESIAN_POINT ( 'NONE',  ( -27.15266204469665823, -15.53589361309022188, 6.908852254156639283 ) ) ;
#4603 = ORIENTED_EDGE ( 'NONE', *, *, #1619, .T. ) ;
#4604 = B_SPLINE_CURVE_WITH_KNOTS ( 'NONE', 3,
 ( #8279, #5297, #7901, #3274, #5889, #3875 ),
 .UNSPECIFIED., .F., .F.,
 ( 4, 2, 4 ),
 ( 0.000000000000000000, 0.5000000000000000000, 1.000000000000000000 ),
 .UNSPECIFIED. ) ;
#4605 = CARTESIAN_POINT ( 'NONE',  ( 2.695206465967244114, -17.25470229379860498, 8.197110375408772853 ) ) ;
#4606 = EDGE_CURVE ( 'NONE', #1340, #5902, #7324, .T. ) ;
#4607 = AXIS2_PLACEMENT_3D ( 'NONE', #1761, #6353, #3096 ) ;
#4608 = CARTESIAN_POINT ( 'NONE',  ( 2.186363037680000065, -13.80134246289999922, 4.799998025759999898 ) ) ;
#4609 = CARTESIAN_POINT ( 'NONE',  ( -15.34974099885790189, -20.17740898769173796, 24.34602266670931670 ) ) ;
#4610 = CARTESIAN_POINT ( 'NONE',  ( -4.353425745779999190, -0.3347946707400000221, 16.36515871099999941 ) ) ;
#4611 = CARTESIAN_POINT ( 'NONE',  ( -16.90552998340000102, 1.924512809909999955, 24.12672014440000012 ) ) ;
#4612 = CARTESIAN_POINT ( 'NONE',  ( -16.18426115919999830, 0.8152059753989998603, 22.73178624930000069 ) ) ;
#4613 = ORIENTED_EDGE ( 'NONE', *, *, #470, .T. ) ;
#4614 = CARTESIAN_POINT ( 'NONE',  ( -8.934463870251995843, -2.284739217696816205, 4.969017309201603005 ) ) ;
#4615 = CARTESIAN_POINT ( 'NONE',  ( -15.25892807029999965, -18.48479467069999771, 22.78563916260000255 ) ) ;
#4616 = ORIENTED_EDGE ( 'NONE', *, *, #1868, .T. ) ;
#4617 = DIRECTION ( 'NONE',  ( -6.548946291976319545E-17, -1.000000000000000000, -1.304464460020120179E-15 ) ) ;
#4618 = CARTESIAN_POINT ( 'NONE',  ( -19.47158990279999813, 3.806299389600000360, 4.808721213870000177 ) ) ;
#4619 = AXIS2_PLACEMENT_3D ( 'NONE', #1466, #269, #2889 ) ;
#4620 = VERTEX_POINT ( 'NONE', #6566 ) ;
#4621 = AXIS2_PLACEMENT_3D ( 'NONE', #6129, #6007, #839 ) ;
#4622 = CARTESIAN_POINT ( 'NONE',  ( -12.84683463080000010, -18.33479467069999913, 23.29999802580000079 ) ) ;
#4623 = CARTESIAN_POINT ( 'NONE',  ( 3.286517495740000072, -9.640062720079999536, 4.881401314720000606 ) ) ;
#4624 = B_SPLINE_CURVE_WITH_KNOTS ( 'NONE', 5,
 ( #6958, #3006, #7548, #1757, #3695, #8271 ),
 .UNSPECIFIED., .F., .F.,
 ( 6, 6 ),
 ( -0.2645291065520000151, -0.01125657518110001476 ),
 .UNSPECIFIED. ) ;
#4625 = ORIENTED_EDGE ( 'NONE', *, *, #247, .F. ) ;
#4626 = CARTESIAN_POINT ( 'NONE',  ( -17.83537942569999757, 1.699302824979999960, 4.451766236850000169 ) ) ;
#4627 = VECTOR ( 'NONE', #3157, 1000.000000000000114 ) ;
#4628 = CARTESIAN_POINT ( 'NONE',  ( -6.958370349209999972, 0.6652053292599999779, 9.333450403689999675 ) ) ;
#4629 = ORIENTED_EDGE ( 'NONE', *, *, #5276, .T. ) ;
#4630 = CARTESIAN_POINT ( 'NONE',  ( -27.25914266403065866, -2.084836994492667017, 21.58466317806932366 ) ) ;
#4631 = DIRECTION ( 'NONE',  ( 0.5000000000001796341, -0.6123724356962216842, -0.6123724356952207071 ) ) ;
#4632 = CARTESIAN_POINT ( 'NONE',  ( 2.539598974140000021, -17.96339144629999751, 19.81971947470000117 ) ) ;
#4633 = VECTOR ( 'NONE', #2910, 1000.000000000000114 ) ;
#4634 = LINE ( 'NONE', #2012, #6661 ) ;
#4635 = CARTESIAN_POINT ( 'NONE',  ( -28.29736037470000198, -20.87491095579999723, 8.053550507979998940 ) ) ;
#4636 = CARTESIAN_POINT ( 'NONE',  ( -28.15197734809999730, 3.503173580519999941, 20.23035217010000153 ) ) ;
#4637 = CARTESIAN_POINT ( 'NONE',  ( -18.96194622040000155, -21.49368588059999752, 4.682848194069999970 ) ) ;
#4638 = VECTOR ( 'NONE', #3666, 1000.000000000000114 ) ;
#4639 = PERSON_AND_ORGANIZATION ( #18446744073709551615, #18446744073709551615 ) ;
#4640 = VERTEX_POINT ( 'NONE', #4020 ) ;
#4641 = CARTESIAN_POINT ( 'NONE',  ( -18.68179417449999846, -18.48479467069999771, 23.87997518799999952 ) ) ;
#4642 = CARTESIAN_POINT ( 'NONE',  ( 2.856252394189999766, 0.6652054259740000086, 11.59317679059999939 ) ) ;
#4643 = CARTESIAN_POINT ( 'NONE',  ( 2.572246414169999884, -13.90898432070000013, 4.980624360439999343 ) ) ;
#4644 = CARTESIAN_POINT ( 'NONE',  ( 2.694754706776038233, -17.29305884425259165, 20.36452349742560841 ) ) ;
#4645 = CARTESIAN_POINT ( 'NONE',  ( -2.056411710629999945, 0.6652053292599999779, 9.333449914470000053 ) ) ;
#4646 = FACE_OUTER_BOUND ( 'NONE', #7241, .T. ) ;
#4647 = CARTESIAN_POINT ( 'NONE',  ( 2.164633991410000124, -18.33479372749999925, 9.177661486099999877 ) ) ;
#4648 = VERTEX_POINT ( 'NONE', #1963 ) ;
#4649 = ADVANCED_FACE ( 'NONE', ( #2778 ), #5406, .T. ) ;
#4650 = CARTESIAN_POINT ( 'NONE',  ( -17.42219710570000046, 1.932431866150000177, 4.428984278220000625 ) ) ;
#4651 = EDGE_LOOP ( 'NONE', ( #5693, #649, #614, #7594 ) ) ;
#4652 = CARTESIAN_POINT ( 'NONE',  ( -2.056413946729999775, -18.33479467069999913, 9.333450225569999148 ) ) ;
#4653 = DIRECTION ( 'NONE',  ( 1.000000000000000000, -6.123233995739999133E-17, 2.985759393769999632E-16 ) ) ;
#4654 = CARTESIAN_POINT ( 'NONE',  ( -3.853425745850000084, -6.157261549500000264, 5.187625590059999681 ) ) ;
#4655 = CARTESIAN_POINT ( 'NONE',  ( -28.29736115507521177, 3.205321612509322460, 20.54644462255277659 ) ) ;
#4656 = DIRECTION ( 'NONE',  ( 1.000000000000000000, 1.666974098589999993E-18, 0.000000000000000000 ) ) ;
#4657 = CC_DESIGN_PERSON_AND_ORGANIZATION_ASSIGNMENT ( #2448, #3485, ( #4484 ) ) ;
#4658 = CARTESIAN_POINT ( 'NONE',  ( -24.10636201039999804, -21.31403892260000177, 9.526111499479998912 ) ) ;
#4659 = ORIENTED_EDGE ( 'NONE', *, *, #629, .F. ) ;
#4660 = CARTESIAN_POINT ( 'NONE',  ( -25.45843929701478459, -1.470834457734186307, 5.214629506474782517 ) ) ;
#4661 = CARTESIAN_POINT ( 'NONE',  ( 2.146753776690000226, -18.15297683180000021, 8.737418579109998973 ) ) ;
#4662 = ORIENTED_EDGE ( 'NONE', *, *, #1469, .F. ) ;
#4663 = CARTESIAN_POINT ( 'NONE',  ( 2.511794079760000020, -3.831826216350000092, 23.70638067630000023 ) ) ;
#4664 = CARTESIAN_POINT ( 'NONE',  ( -17.17147560812888685, 3.868922818615319947, 24.12809176311490589 ) ) ;
#4665 = EDGE_CURVE ( 'NONE', #4870, #6598, #5367, .T. ) ;
#4666 = CARTESIAN_POINT ( 'NONE',  ( -8.869810801760001695, -15.46403273129999967, 5.043467214100000540 ) ) ;
#4667 = EDGE_CURVE ( 'NONE', #2093, #1063, #2638, .T. ) ;
#4668 = FACE_OUTER_BOUND ( 'NONE', #537, .T. ) ;
#4669 = DIRECTION ( 'NONE',  ( -0.7745966692411002663, 0.6324555320341451736, -3.824718319833665544E-14 ) ) ;
#4670 = CARTESIAN_POINT ( 'NONE',  ( 2.472646705529999878, -18.33479467069999913, 10.35973860989999906 ) ) ;
#4671 = CARTESIAN_POINT ( 'NONE',  ( -16.21955711649999898, 2.293894023410000038, 24.30617670830000066 ) ) ;
#4672 = DIRECTION ( 'NONE',  ( 5.999539510695609560E-17, 1.000000000000000000, 1.322807802921295992E-15 ) ) ;
#4673 = CARTESIAN_POINT ( 'NONE',  ( -14.66607790229999964, -18.48479467069999771, 22.80286786219999939 ) ) ;
#4674 = CARTESIAN_POINT ( 'NONE',  ( -28.13636447620000069, 3.503718794020000082, 20.27879730109999912 ) ) ;
#4675 = CYLINDRICAL_SURFACE ( 'NONE', #88, 6.200000000000001066 ) ;
#4676 = ORIENTED_EDGE ( 'NONE', *, *, #5150, .T. ) ;
#4677 = ORIENTED_EDGE ( 'NONE', *, *, #8259, .T. ) ;
#4678 = ADVANCED_FACE ( 'NONE', ( #670 ), #7966, .T. ) ;
#4679 = B_SPLINE_CURVE_WITH_KNOTS ( 'NONE', 3,
 ( #2946, #7446, #4276, #6895 ),
 .UNSPECIFIED., .F., .F.,
 ( 4, 4 ),
 ( -1.193136465160000048, 0.000000000000000000 ),
 .UNSPECIFIED. ) ;
#4680 = CARTESIAN_POINT ( 'NONE',  ( -12.84683463080000010, -17.83479467069999913, 4.799998025759999898 ) ) ;
#4681 = CARTESIAN_POINT ( 'NONE',  ( 2.401681782460000303, 0.6339749739839999343, 9.273387756179999997 ) ) ;
#4682 = CARTESIAN_POINT ( 'NONE',  ( -24.89644834759999981, -20.98976312330000127, 4.712427036630000288 ) ) ;
#4683 = CARTESIAN_POINT ( 'NONE',  ( -17.14237332210148068, -21.98479467069998705, 4.585738741233999605 ) ) ;
#4684 = CARTESIAN_POINT ( 'NONE',  ( -6.886074398879999947, -3.405098459430000002, 4.892555568410000610 ) ) ;
#4685 = CARTESIAN_POINT ( 'NONE',  ( -27.00754494104548797, -15.48655623765994704, 6.763735150505462812 ) ) ;
#4686 = EDGE_LOOP ( 'NONE', ( #3270, #5020, #922, #603 ) ) ;
#4687 = CARTESIAN_POINT ( 'NONE',  ( 3.230225862678895776, -6.731784050087060933, 5.056059498390644613 ) ) ;
#4688 = ADVANCED_FACE ( 'NONE', ( #4107 ), #2165, .F. ) ;
#4689 = ORIENTED_EDGE ( 'NONE', *, *, #8330, .F. ) ;
#4690 = CARTESIAN_POINT ( 'NONE',  ( -23.18893532340000263, -18.03479467069999842, 6.399998025759998654 ) ) ;
#4691 = FACE_OUTER_BOUND ( 'NONE', #204, .T. ) ;
#4692 = FACE_OUTER_BOUND ( 'NONE', #2406, .T. ) ;
#4693 = CARTESIAN_POINT ( 'NONE',  ( -16.26431551898870254, 2.470387116668614436, 4.245407648794225608 ) ) ;
#4694 = CARTESIAN_POINT ( 'NONE',  ( -11.73446219480000074, 0.2775777649560000060, 23.41237046150000012 ) ) ;
#4695 = CARTESIAN_POINT ( 'NONE',  ( -10.94223289118848186, 0.8152053292529893858, 21.91233137382488394 ) ) ;
#4696 = CARTESIAN_POINT ( 'NONE',  ( -15.25892806939999957, -18.48479467049999769, 5.814356888799999012 ) ) ;
#4697 = ORIENTED_EDGE ( 'NONE', *, *, #4788, .T. ) ;
#4698 = CARTESIAN_POINT ( 'NONE',  ( -15.71436780720000037, -20.13345655980000259, 24.32643109139999638 ) ) ;
#4699 = CARTESIAN_POINT ( 'NONE',  ( 2.251317015169999713, -18.15541701960000154, 8.743128875300000047 ) ) ;
#4700 = VERTEX_POINT ( 'NONE', #7536 ) ;
#4701 = CARTESIAN_POINT ( 'NONE',  ( 2.709049174990000086, -6.083331273959999841, 23.79999802580000079 ) ) ;
#4702 = CARTESIAN_POINT ( 'NONE',  ( 2.787024263060000173, -13.11480363600000132, 4.975091869379999920 ) ) ;
#4703 = DIRECTION ( 'NONE',  ( 1.000000000000000000, 6.123233995739999133E-17, 6.123233995739999133E-17 ) ) ;
#4704 = B_SPLINE_CURVE_WITH_KNOTS ( 'NONE', 5,
 ( #1421, #3206, #1953, #2681, #4579, #5821, #2077, #7793, #4618 ),
 .UNSPECIFIED., .F., .F.,
 ( 6, 3, 6 ),
 ( 0.000000000000000000, 0.5912993067882487130, 1.000000000000000000 ),
 .UNSPECIFIED. ) ;
#4705 = ORIENTED_EDGE ( 'NONE', *, *, #2768, .T. ) ;
#4706 = CARTESIAN_POINT ( 'NONE',  ( -12.11513536661650292, -18.16037176583086676, 5.168549545181652327 ) ) ;
#4707 = DIRECTION ( 'NONE',  ( 0.000000000000000000, 1.000000000000000000, 0.000000000000000000 ) ) ;
#4708 = B_SPLINE_CURVE_WITH_KNOTS ( 'NONE', 5,
 ( #6578, #2224, #2789, #7334, #3386, #6084 ),
 .UNSPECIFIED., .F., .F.,
 ( 6, 6 ),
 ( -0.5502331499609999232, 0.000000000000000000 ),
 .UNSPECIFIED. ) ;
#4709 = EDGE_CURVE ( 'NONE', #1245, #6777, #4679, .T. ) ;
#4710 = CARTESIAN_POINT ( 'NONE',  ( -27.94371792512905728, -1.037938395089346377, 20.90008791697094281 ) ) ;
#4711 = CARTESIAN_POINT ( 'NONE',  ( 2.294020927700000101, -18.33479465530000141, 9.303419306930001298 ) ) ;
#4712 = CARTESIAN_POINT ( 'NONE',  ( -16.28803544890000055, 2.482887812519999571, 24.35693662810000149 ) ) ;
#4713 = ORIENTED_EDGE ( 'NONE', *, *, #1265, .T. ) ;
#4714 = ORIENTED_EDGE ( 'NONE', *, *, #6839, .T. ) ;
#4715 = EDGE_CURVE ( 'NONE', #4640, #2308, #3546, .T. ) ;
#4716 = CARTESIAN_POINT ( 'NONE',  ( -12.31777458692193328, 0.2825199422483528067, 4.894916504168632443 ) ) ;
#4717 = CARTESIAN_POINT ( 'NONE',  ( -6.662504006735463058, 2.600437768909992453, 20.49726211171539347 ) ) ;
#4718 = DIRECTION ( 'NONE',  ( 0.000000000000000000, 1.000000000000000000, 1.334402673828314029E-15 ) ) ;
#4719 = ORIENTED_EDGE ( 'NONE', *, *, #5412, .F. ) ;
#4720 = EDGE_LOOP ( 'NONE', ( #7633, #718, #4098, #25 ) ) ;
#4721 = CARTESIAN_POINT ( 'NONE',  ( -18.97094760659999935, 4.155668558860000417, 23.49234021470000044 ) ) ;
#4722 = CARTESIAN_POINT ( 'NONE',  ( 2.294021050790000071, 0.6652053228340000235, 19.29657676919999787 ) ) ;
#4723 = CARTESIAN_POINT ( 'NONE',  ( -24.96956413940000274, -21.08198613430000279, 4.744514912939999718 ) ) ;
#4724 = CARTESIAN_POINT ( 'NONE',  ( -8.697370329238088615, -18.48479467069999416, 8.321436195548386650 ) ) ;
#4725 = CARTESIAN_POINT ( 'NONE',  ( 2.675069715770000300, -15.86079102089999893, 22.03914752820000444 ) ) ;
#4726 = CARTESIAN_POINT ( 'NONE',  ( -17.52480459740000285, -19.44241517220000048, 4.571262697470000802 ) ) ;
#4727 = ORIENTED_EDGE ( 'NONE', *, *, #455, .F. ) ;
#4728 = CARTESIAN_POINT ( 'NONE',  ( -21.13893532350000015, -19.95122920520000065, 4.628984354860000927 ) ) ;
#4729 = CARTESIAN_POINT ( 'NONE',  ( 2.307814606220000009, -13.78130835390000009, 4.799998031849999514 ) ) ;
#4730 = CARTESIAN_POINT ( 'NONE',  ( -14.76478101120000019, -21.98479467019999944, 14.30079563719999847 ) ) ;
#4731 = CARTESIAN_POINT ( 'NONE',  ( -10.96508453597128430, -20.17217398530001660, 23.66072544831276758 ) ) ;
#4732 = VECTOR ( 'NONE', #3330, 1000.000000000000000 ) ;
#4733 = CARTESIAN_POINT ( 'NONE',  ( 2.197448589780000461, -13.76148661449999899, 4.799998025759999898 ) ) ;
#4734 = CARTESIAN_POINT ( 'NONE',  ( -28.23743003459999912, 3.500189508760000123, 8.315323909799998248 ) ) ;
#4735 = CARTESIAN_POINT ( 'NONE',  ( -24.88141411229999989, 3.617384165379999850, 23.54859750770000204 ) ) ;
#4736 = FACE_OUTER_BOUND ( 'NONE', #3382, .T. ) ;
#4737 = EDGE_CURVE ( 'NONE', #1511, #5984, #5573, .T. ) ;
#4738 = B_SPLINE_CURVE_WITH_KNOTS ( 'NONE', 3,
 ( #3719, #6291, #1090, #1782, #2431, #5101, #7705, #5012, #7068, #3808, #2511, #3677, #5144, #6333, #406, #445, #3075, #5699, #6426, #535, #3848, #6468, #3034 ),
 .UNSPECIFIED., .F., .F.,
 ( 4, 2, 2, 1, 1, 2, 2, 2, 1, 1, 1, 2, 2, 4 ),
 ( 0.000000000000000000, 0.2500000000000499600, 0.3750000000000749401, 0.4375000000000874301, 0.4687500000000937028, 0.4843750000000968114, 0.5000000000000999201, 0.6250000000001412204, 0.6875000000001618705, 0.7187500000001720846, 0.7343750000001771916, 0.7421875000001797451, 0.7500000000001822986, 1.000000000000000000 ),
 .UNSPECIFIED. ) ;
#4739 = CIRCLE ( 'NONE', #880, 0.5000000015800000197 ) ;
#4740 = CARTESIAN_POINT ( 'NONE',  ( -24.80678623849999909, -21.28957956970000254, 23.59932943890000345 ) ) ;
#4741 = ORIENTED_EDGE ( 'NONE', *, *, #1447, .T. ) ;
#4742 = CARTESIAN_POINT ( 'NONE',  ( -16.02215270860000018, -19.90200468020000102, 24.20186968179999809 ) ) ;
#4743 = CARTESIAN_POINT ( 'NONE',  ( -24.82521611629999825, 3.415018080199999861, 4.696350026360000207 ) ) ;
#4744 = ORIENTED_EDGE ( 'NONE', *, *, #6573, .T. ) ;
#4745 = CARTESIAN_POINT ( 'NONE',  ( 3.791064675919999960, -8.834794670739999134, 22.36999802609999932 ) ) ;
#4746 = CARTESIAN_POINT ( 'NONE',  ( -7.810386473105539018, -14.87144692305116322, 5.125890933115957893 ) ) ;
#4747 = VECTOR ( 'NONE', #3578, 1000.000000000000000 ) ;
#4748 = B_SPLINE_CURVE_WITH_KNOTS ( 'NONE', 5,
 ( #8492, #2837, #6743, #6699, #4733, #6657 ),
 .UNSPECIFIED., .F., .F.,
 ( 6, 6 ),
 ( 0.000000000000000000, 0.07312513446250000493 ),
 .UNSPECIFIED. ) ;
#4749 = CARTESIAN_POINT ( 'NONE',  ( -7.432122402850000142, -14.51757798049999870, 4.988675530260000102 ) ) ;
#4750 = AXIS2_PLACEMENT_3D ( 'NONE', #8115, #896, #2800 ) ;
#4751 = CARTESIAN_POINT ( 'NONE',  ( -16.95508256480000142, 3.601621280609999864, 24.19757875240000189 ) ) ;
#4752 = CARTESIAN_POINT ( 'NONE',  ( -6.514914222622944173, -22.28479467090000199, 18.41286768048541589 ) ) ;
#4753 = CARTESIAN_POINT ( 'NONE',  ( -27.81861918880843021, -0.3780593528661038150, 21.02518665329155567 ) ) ;
#4754 = CARTESIAN_POINT ( 'NONE',  ( -17.07149208639999927, -19.70418388899999940, 4.487782193140000153 ) ) ;
#4755 = DIRECTION ( 'NONE',  ( 3.667185336520704757E-18, 1.000000000000000000, 1.320727196930000051E-15 ) ) ;
#4756 = LOCAL_TIME ( 18, 50, 2.000000000000000000, #6100 ) ;
#4757 = CIRCLE ( 'NONE', #5449, 8.125735931719997751 ) ;
#4758 = CARTESIAN_POINT ( 'NONE',  ( -26.56933728872021661, -18.03479467040003215, 6.325527498180191444 ) ) ;
#4759 = EDGE_CURVE ( 'NONE', #327, #2744, #7491, .T. ) ;
#4760 = CARTESIAN_POINT ( 'NONE',  ( -4.788042403495349042, 2.600437768909996450, 16.42522112545037061 ) ) ;
#4761 = CARTESIAN_POINT ( 'NONE',  ( -19.26638653539999879, 4.288545046190000321, 5.256070174059999545 ) ) ;
#4762 = B_SPLINE_CURVE_WITH_KNOTS ( 'NONE', 5,
 ( #1412, #4819, #5385, #7425, #1539, #802 ),
 .UNSPECIFIED., .F., .F.,
 ( 6, 6 ),
 ( -0.8478687086310000565, 0.000000000000000000 ),
 .UNSPECIFIED. ) ;
#4763 = VERTEX_POINT ( 'NONE', #361 ) ;
#4764 = VECTOR ( 'NONE', #794, 1000.000000000000000 ) ;
#4765 = CARTESIAN_POINT ( 'NONE',  ( -21.18893532420000270, -20.06311824599999838, 23.84999802609999975 ) ) ;
#4766 = CARTESIAN_POINT ( 'NONE',  ( 2.186363018609999820, 0.6652053292599999779, 19.26654564780000101 ) ) ;
#4767 = CARTESIAN_POINT ( 'NONE',  ( -24.74697134909999718, -20.99185106130000023, 4.693124316330000489 ) ) ;
#4768 = CARTESIAN_POINT ( 'NONE',  ( -7.717490180289503066, -18.48479467070000481, 19.08454510949225380 ) ) ;
#4769 = CARTESIAN_POINT ( 'NONE',  ( -6.299189361799999887, -13.80134229219999931, 23.79999802580000079 ) ) ;
#4770 = ADVANCED_FACE ( 'NONE', ( #6116, #2993 ), #6763, .T. ) ;
#4771 = AXIS2_PLACEMENT_3D ( 'NONE', #7989, #5429, #6055 ) ;
#4772 = CARTESIAN_POINT ( 'NONE',  ( -26.64380781570000067, -18.03479467040000017, 6.399998025110000377 ) ) ;
#4773 = B_SPLINE_SURFACE_WITH_KNOTS ( 'NONE', 5, 5, ( 
 ( #505, #460, #4418, #4984, #5073, #4462 ),
 ( #7586, #6216, #7040, #7677, #8362, #5115 ),
 ( #330, #2960, #4376, #7546, #1663, #1141 ),
 ( #4333, #6955, #3046, #5670, #8269, #5755 ),
 ( #2402, #5027, #1754, #7001, #3775, #6392 ),
 ( #3132, #1103, #3731, #6347, #2014, #4635 ) ),
 .UNSPECIFIED., .F., .F., .F.,
 ( 6, 6 ),
 ( 6, 6 ),
 ( 1.480834770299999992, 1.790146823559999989 ),
 ( 0.000000000000000000, 0.4879774330590000431 ),
 .UNSPECIFIED. ) ;
#4774 = ORIENTED_EDGE ( 'NONE', *, *, #1926, .F. ) ;
#4775 = EDGE_LOOP ( 'NONE', ( #5183, #7143, #7035, #3182 ) ) ;
#4776 = CARTESIAN_POINT ( 'NONE',  ( -17.93080088840000030, -19.07662592209999985, 23.98996354899999872 ) ) ;
#4777 = CARTESIAN_POINT ( 'NONE',  ( 2.415422690989999843, -13.81109391660000085, 4.831164704479999017 ) ) ;
#4778 = DIRECTION ( 'NONE',  ( 1.000000000000000000, 0.000000000000000000, 0.000000000000000000 ) ) ;
#4779 = CARTESIAN_POINT ( 'NONE',  ( 2.263125862839999947, 0.3827211192589999866, 19.96324365339999929 ) ) ;
#4780 = CARTESIAN_POINT ( 'NONE',  ( -16.21963692069999752, 2.293855666060000242, 4.293834714759999116 ) ) ;
#4781 = CARTESIAN_POINT ( 'NONE',  ( -28.44380791549999898, 3.203276005009999761, 8.328579269629999615 ) ) ;
#4782 = CARTESIAN_POINT ( 'NONE',  ( -24.82195896400000024, 3.321214267220000238, 23.90425302619999925 ) ) ;
#4783 = CARTESIAN_POINT ( 'NONE',  ( 2.370868362099999516, -1.744688993600000071, 6.509342518450000448 ) ) ;
#4784 = CARTESIAN_POINT ( 'NONE',  ( -24.95496068509999787, -21.17519305299999743, 23.82143754570000027 ) ) ;
#4785 = ORIENTED_EDGE ( 'NONE', *, *, #6270, .T. ) ;
#4786 = CARTESIAN_POINT ( 'NONE',  ( -15.34934921500000016, -20.08391512020000036, 24.33929075009999821 ) ) ;
#4787 = CARTESIAN_POINT ( 'NONE',  ( 2.498070397209999793, -18.24098546060000103, 9.246499350800000627 ) ) ;
#4788 = EDGE_CURVE ( 'NONE', #4465, #3966, #4383, .T. ) ;
#4789 = B_SPLINE_CURVE_WITH_KNOTS ( 'NONE', 5,
 ( #5148, #2004, #5280, #5825, #8354, #7843 ),
 .UNSPECIFIED., .F., .F.,
 ( 6, 6 ),
 ( -0.8478724032469999727, 0.000000000000000000 ),
 .UNSPECIFIED. ) ;
#4790 = ORIENTED_EDGE ( 'NONE', *, *, #8379, .F. ) ;
#4791 = CARTESIAN_POINT ( 'NONE',  ( 2.835585883389999839, -4.543040676479999540, 23.52689210459999813 ) ) ;
#4792 = CARTESIAN_POINT ( 'NONE',  ( -8.799188534100000680, -15.55052671149999988, 5.187626103150000390 ) ) ;
#4793 = DIRECTION ( 'NONE',  ( 1.000000000000000000, 0.000000000000000000, 3.588512048799999295E-17 ) ) ;
#4794 = CARTESIAN_POINT ( 'NONE',  ( -11.73446194389999953, -17.94716741470000088, 5.187626103150000390 ) ) ;
#4795 = CARTESIAN_POINT ( 'NONE',  ( -22.25029899014760915, -22.28479467089999844, 19.68005758520666504 ) ) ;
#4796 = CARTESIAN_POINT ( 'NONE',  ( -27.59703368466444928, -0.04866067518531284886, 21.24677215743555436 ) ) ;
#4797 = CARTESIAN_POINT ( 'NONE',  ( -28.27524418670000017, -21.06038836670000336, 8.082143944499998511 ) ) ;
#4798 = CARTESIAN_POINT ( 'NONE',  ( -21.18893532370000088, 0.6652053292599999779, 23.29999802580000079 ) ) ;
#4799 = DIRECTION ( 'NONE',  ( 0.000000000000000000, -1.000000000000000000, 0.000000000000000000 ) ) ;
#4800 = ADVANCED_FACE ( 'NONE', ( #1561 ), #2815, .F. ) ;
#4801 = CARTESIAN_POINT ( 'NONE',  ( -12.40485483544111922, 0.5976700623151876002, 23.40628654645636786 ) ) ;
#4802 = EDGE_CURVE ( 'NONE', #7973, #7225, #3981, .T. ) ;
#4803 = CARTESIAN_POINT ( 'NONE',  ( -22.52645327520000151, 3.399803962500000054, 4.615582145400000336 ) ) ;
#4804 = ORIENTED_EDGE ( 'NONE', *, *, #1363, .F. ) ;
#4805 = ORIENTED_EDGE ( 'NONE', *, *, #6114, .F. ) ;
#4806 = VERTEX_POINT ( 'NONE', #1520 ) ;
#4807 = CARTESIAN_POINT ( 'NONE',  ( -17.83535632430000106, 1.699315165000000016, 24.14823062179999980 ) ) ;
#4808 = CARTESIAN_POINT ( 'NONE',  ( 2.506843635460000108, 0.6652053292599999779, 10.48230641859999857 ) ) ;
#4809 = CARTESIAN_POINT ( 'NONE',  ( -18.45189345619282406, -21.54095076300326994, 4.684498654934085238 ) ) ;
#4810 = CARTESIAN_POINT ( 'NONE',  ( -10.94223289627795737, -18.48479467069999060, 6.687664677245685141 ) ) ;
#4811 = CARTESIAN_POINT ( 'NONE',  ( 2.157726653690000163, -14.50844869719999863, 23.50710518380000380 ) ) ;
#4812 = EDGE_CURVE ( 'NONE', #3683, #5122, #2740, .T. ) ;
#4813 = CARTESIAN_POINT ( 'NONE',  ( -27.88181427297502779, -16.33510595889655193, 7.638004482435020392 ) ) ;
#4814 = B_SPLINE_CURVE_WITH_KNOTS ( 'NONE', 5,
 ( #1740, #7664, #8296, #6986, #4494, #4318, #7115, #2473, #1215 ),
 .UNSPECIFIED., .F., .F.,
 ( 6, 3, 6 ),
 ( 0.000000000000000000, 0.5753477352481074503, 1.000000000000000000 ),
 .UNSPECIFIED. ) ;
#4815 = EDGE_CURVE ( 'NONE', #2541, #8442, #580, .T. ) ;
#4816 = VERTEX_POINT ( 'NONE', #6293 ) ;
#4817 = CARTESIAN_POINT ( 'NONE',  ( -17.86375726389999841, -18.95705367500000094, 23.88055948480000268 ) ) ;
#4818 = CARTESIAN_POINT ( 'NONE',  ( -25.51673896407864461, -1.583403100227934068, 5.272929173538636327 ) ) ;
#4819 = CARTESIAN_POINT ( 'NONE',  ( -6.299189362029999906, -14.39737700049999880, 4.981819171120000611 ) ) ;
#4820 = FACE_OUTER_BOUND ( 'NONE', #5456, .T. ) ;
#4821 = CYLINDRICAL_SURFACE ( 'NONE', #1183, 0.2999999999999998779 ) ;
#4822 = B_SPLINE_CURVE_WITH_KNOTS ( 'NONE', 3,
 ( #3471, #5462, #4075, #2914, #7376, #795, #136, #927, #7939, #6170, #4768, #3427, #1572, #4031, #4203, #8063, #6820, #6774, #6047, #1491, #7979, #172, #2062, #3514, #4724, #2182, #6648, #4810, #5500, #4159, #7418, #1532, #6128, #8101 ),
 .UNSPECIFIED., .F., .F.,
 ( 4, 2, 2, 2, 2, 2, 2, 2, 2, 2, 2, 2, 2, 2, 2, 2, 4 ),
 ( 0.000000000000000000, 0.06250000000000000000, 0.1250000000000000000, 0.1875000000000000000, 0.2500000000000000000, 0.3125000000000000000, 0.3750000000000000000, 0.4375000000000000000, 0.5000000000000000000, 0.5625000000000000000, 0.6250000000000000000, 0.6875000000000000000, 0.7500000000000000000, 0.8125000000000000000, 0.8750000000000000000, 0.9375000000000000000, 1.000000000000000000 ),
 .UNSPECIFIED. ) ;
#4823 = ADVANCED_FACE ( 'NONE', ( #8437 ), #5607, .F. ) ;
#4824 = CARTESIAN_POINT ( 'NONE',  ( -16.20350867329999645, 2.260247825790000054, 4.330529968350000480 ) ) ;
#4825 = DIRECTION ( 'NONE',  ( -2.985759393770005055E-16, -1.301554129509999901E-15, 1.000000000000000000 ) ) ;
#4826 = CARTESIAN_POINT ( 'NONE',  ( -25.01123519160000086, 3.576971728600000233, 23.67982973129999991 ) ) ;
#4827 = CARTESIAN_POINT ( 'NONE',  ( 2.475443981159999751, -1.746860460740000009, 6.507170914930000549 ) ) ;
#4828 = VERTEX_POINT ( 'NONE', #3680 ) ;
#4829 = ADVANCED_FACE ( 'NONE', ( #2390 ), #1758, .T. ) ;
#4830 =( NAMED_UNIT ( * ) SI_UNIT ( $, .STERADIAN. ) SOLID_ANGLE_UNIT ( ) );
#4831 = VERTEX_POINT ( 'NONE', #5361 ) ;
#4832 = CARTESIAN_POINT ( 'NONE',  ( 2.463939954720000269, 0.3424214714309999907, 8.716714161809999695 ) ) ;
#4833 = DIRECTION ( 'NONE',  ( 5.999530729748258860E-17, 1.000000000000000000, 1.322809311698239856E-15 ) ) ;
#4834 = CARTESIAN_POINT ( 'NONE',  ( 2.679910889440000332, -5.349833306169999858, 23.79999785789999933 ) ) ;
#4835 = CARTESIAN_POINT ( 'NONE',  ( -7.523873820310000404, 0.6652053292599999779, 19.41597593109999664 ) ) ;
#4836 = CARTESIAN_POINT ( 'NONE',  ( 2.679217389889999801, -2.586221213910000039, 22.70525631179999948 ) ) ;
#4837 = FACE_OUTER_BOUND ( 'NONE', #1330, .T. ) ;
#4838 = B_SPLINE_CURVE_WITH_KNOTS ( 'NONE', 5,
 ( #2299, #4927, #358, #1647, #3757, #6373 ),
 .UNSPECIFIED., .F., .F.,
 ( 6, 6 ),
 ( -0.1486033000619999822, 0.000000000000000000 ),
 .UNSPECIFIED. ) ;
#4839 = CARTESIAN_POINT ( 'NONE',  ( -24.91344006669999800, 3.785976045020000402, 16.34758563109999940 ) ) ;
#4840 = CARTESIAN_POINT ( 'NONE',  ( -12.22839277205636854, -18.20792146667845302, 5.174190485368996839 ) ) ;
#4841 = CARTESIAN_POINT ( 'NONE',  ( -28.09569903849999761, -21.17472820379999732, 8.265683434359999637 ) ) ;
#4842 = CARTESIAN_POINT ( 'NONE',  ( -27.54194104383134345, 0.005599238389188286938, 21.30186479826863533 ) ) ;
#4843 = CARTESIAN_POINT ( 'NONE',  ( 2.685798134799999737, -18.30487634380000017, 18.29062872749999968 ) ) ;
#4844 = CARTESIAN_POINT ( 'NONE',  ( -18.79214601410000185, 0.8152054484330000239, 4.628694093499999163 ) ) ;
#4845 = B_SPLINE_SURFACE_WITH_KNOTS ( 'NONE', 5, 5, ( 
 ( #7694, #2417, #1808, #4393, #4432, #985 ),
 ( #3617, #7058, #1032, #1158, #2934, #8158 ),
 ( #6233, #2331, #3663, #6279, #392, #3020 ),
 ( #5645, #7605, #8476, #5172, #522, #1983 ),
 ( #1284, #3149, #7781, #3837, #4523, #8378 ),
 ( #1331, #7868, #5301, #5806, #2032, #3967 ) ),
 .UNSPECIFIED., .F., .F., .F.,
 ( 6, 6 ),
 ( 6, 6 ),
 ( 12.63434123530000086, 14.28572078410000046 ),
 ( 0.000000000000000000, 0.3031023463020000031 ),
 .UNSPECIFIED. ) ;
#4846 = CARTESIAN_POINT ( 'NONE',  ( -23.77325475539999999, -21.32567128430000025, 19.67690772680000322 ) ) ;
#4847 = CARTESIAN_POINT ( 'NONE',  ( -23.10522414189999907, -21.34899942740000256, 20.79667200969999996 ) ) ;
#4848 = CARTESIAN_POINT ( 'NONE',  ( -17.07149212980000286, -19.70418385909999870, 24.11221384930000156 ) ) ;
#4849 = ORIENTED_EDGE ( 'NONE', *, *, #3900, .T. ) ;
#4850 = ORIENTED_EDGE ( 'NONE', *, *, #3201, .F. ) ;
#4851 = DIRECTION ( 'NONE',  ( 0.000000000000000000, 1.301554129509999901E-15, -1.000000000000000000 ) ) ;
#4852 = CARTESIAN_POINT ( 'NONE',  ( -23.63549369109999887, 4.128434089739999813, 19.14593185420000054 ) ) ;
#4853 = CARTESIAN_POINT ( 'NONE',  ( -24.95491834230000094, -21.17519407360000017, 4.778525214410000110 ) ) ;
#4854 = CARTESIAN_POINT ( 'NONE',  ( -20.15353469129999553, -18.48479467069999771, 24.02222072929999896 ) ) ;
#4855 = FACE_OUTER_BOUND ( 'NONE', #836, .T. ) ;
#4856 = B_SPLINE_CURVE_WITH_KNOTS ( 'NONE', 5,
 ( #6074, #671, #5285, #3417, #6038, #2947 ),
 .UNSPECIFIED., .F., .F.,
 ( 6, 6 ),
 ( 0.000000000000000000, 1.000000000000000000 ),
 .UNSPECIFIED. ) ;
#4857 = FACE_OUTER_BOUND ( 'NONE', #7703, .T. ) ;
#4858 = ORIENTED_EDGE ( 'NONE', *, *, #7346, .F. ) ;
#4859 = CARTESIAN_POINT ( 'NONE',  ( -17.18260804069999637, -19.38167950409999918, 24.00795271160000155 ) ) ;
#4860 = CARTESIAN_POINT ( 'NONE',  ( -26.13495359021576903, -2.133695728337872577, 5.891143799675765180 ) ) ;
#4861 = CARTESIAN_POINT ( 'NONE',  ( -17.98779058170000056, 0.8152055958579998984, 5.285263044919999764 ) ) ;
#4862 = CARTESIAN_POINT ( 'NONE',  ( -27.87533594489154964, -16.31335411407174618, 20.96846989720844334 ) ) ;
#4863 = CARTESIAN_POINT ( 'NONE',  ( -5.933937054289963875, -20.17740889656796455, 9.475527383461162856 ) ) ;
#4864 = CARTESIAN_POINT ( 'NONE',  ( -17.07149208639999927, -19.70418388899999940, 4.487782193140000153 ) ) ;
#4865 = CARTESIAN_POINT ( 'NONE',  ( 2.463944179449999439, -18.01201041630000077, 8.716714218970000871 ) ) ;
#4866 = CARTESIAN_POINT ( 'NONE',  ( -24.97062565830000125, 3.578217861309999748, 23.72106202800000219 ) ) ;
#4867 = CARTESIAN_POINT ( 'NONE',  ( 2.539598974140000021, -14.35451611969999952, 5.171401250159999741 ) ) ;
#4868 = EDGE_CURVE ( 'NONE', #2463, #5087, #3245, .T. ) ;
#4869 = CARTESIAN_POINT ( 'NONE',  ( -25.01256338089999787, -21.17380228100000039, 23.78126178249999967 ) ) ;
#4870 = VERTEX_POINT ( 'NONE', #7921 ) ;
#4871 = CARTESIAN_POINT ( 'NONE',  ( -15.34983549470000064, -20.13345568059999735, 24.34764626759999828 ) ) ;
#4872 = B_SPLINE_CURVE_WITH_KNOTS ( 'NONE', 5,
 ( #3030, #1043, #1087, #3716, #5485, #6331 ),
 .UNSPECIFIED., .F., .F.,
 ( 6, 6 ),
 ( -0.5444080857790000172, 0.000000000000000000 ),
 .UNSPECIFIED. ) ;
#4873 = CARTESIAN_POINT ( 'NONE',  ( -15.54943204090000108, -23.09871167719999718, 27.77719277310000123 ) ) ;
#4874 = CARTESIAN_POINT ( 'NONE',  ( 2.401679137759999971, -13.86140445299999868, 23.76876767779999966 ) ) ;
#4875 = CARTESIAN_POINT ( 'NONE',  ( -5.989245699096281683, 7.215205329249999799, 9.505742639757958301 ) ) ;
#4876 = CARTESIAN_POINT ( 'NONE',  ( -7.523873824059999826, -18.33479467069999913, 9.184020119479999522 ) ) ;
#4877 = AXIS2_PLACEMENT_3D ( 'NONE', #5875, #4669, #5 ) ;
#4878 = CARTESIAN_POINT ( 'NONE',  ( -17.00704932299999683, 2.094501480830000428, 24.22902623650000109 ) ) ;
#4879 = CARTESIAN_POINT ( 'NONE',  ( -25.03865658719999843, 4.077015361890000023, 14.78116939350000081 ) ) ;
#4880 = CARTESIAN_POINT ( 'NONE',  ( -16.79796690259999892, 3.696589090270000266, 24.20767709840000137 ) ) ;
#4881 = CARTESIAN_POINT ( 'NONE',  ( -28.10453931149999818, -21.17441949470000040, 8.274523714380000783 ) ) ;
#4882 = EDGE_CURVE ( 'NONE', #6508, #2396, #3644, .T. ) ;
#4883 = AXIS2_PLACEMENT_3D ( 'NONE', #5167, #3190, #2580 ) ;
#4884 = CARTESIAN_POINT ( 'NONE',  ( 2.619375066579999967, -3.747458347649999855, 23.51888183849999692 ) ) ;
#4885 = CARTESIAN_POINT ( 'NONE',  ( 3.230685436979999992, -18.17302081779999767, 16.29094283509999741 ) ) ;
#4886 = CARTESIAN_POINT ( 'NONE',  ( -18.41419104815537011, 1.076346159669001379, 4.607646813629809657 ) ) ;
#4887 = CARTESIAN_POINT ( 'NONE',  ( -25.39122325669361757, -16.38340345099206274, 5.147413466153598627 ) ) ;
#4888 = B_SPLINE_CURVE_WITH_KNOTS ( 'NONE', 3,
 ( #2107, #891, #298, #3395, #4731, #1414, #2233, #3525, #6833, #3568, #2925, #937, #4041, #5471, #2070, #6180, #4213, #4863 ),
 .UNSPECIFIED., .F., .F.,
 ( 4, 2, 2, 2, 2, 2, 2, 2, 4 ),
 ( 0.000000000000000000, 0.1250000000000000000, 0.2500000000000000000, 0.3750000000000000000, 0.5000000000000000000, 0.6250000000000000000, 0.7500000000000000000, 0.8750000000000000000, 1.000000000000000000 ),
 .UNSPECIFIED. ) ;
#4889 = AXIS2_PLACEMENT_3D ( 'NONE', #6880, #5475, #850 ) ;
#4890 = DIRECTION ( 'NONE',  ( 1.000000000000000000, -6.123233995739999133E-17, 2.985759393769999632E-16 ) ) ;
#4891 = VERTEX_POINT ( 'NONE', #2046 ) ;
#4892 = ORIENTED_EDGE ( 'NONE', *, *, #2813, .F. ) ;
#4893 = ORIENTED_EDGE ( 'NONE', *, *, #4076, .T. ) ;
#4894 = DIRECTION ( 'NONE',  ( 0.000000000000000000, 1.000000000000000000, 3.449468930270000086E-15 ) ) ;
#4895 = CARTESIAN_POINT ( 'NONE',  ( -2.056411232859999938, -18.33479467069999913, 19.26654531289999994 ) ) ;
#4896 = VECTOR ( 'NONE', #4210, 1000.000000000000114 ) ;
#4897 = CARTESIAN_POINT ( 'NONE',  ( -25.55630475978542648, -0.2198188610709435886, 23.28750108231458427 ) ) ;
#4898 = CARTESIAN_POINT ( 'NONE',  ( -25.81290169848377403, -15.73494045351807991, 23.03090414361620120 ) ) ;
#4899 = CARTESIAN_POINT ( 'NONE',  ( -7.946549779909999778, -14.07664683329999811, 23.79999802580000079 ) ) ;
#4900 = CARTESIAN_POINT ( 'NONE',  ( -27.42341925876245767, -17.77811267496502623, 7.179609468222436064 ) ) ;
#4901 = CIRCLE ( 'NONE', #3946, 9.999999967320000849 ) ;
#4902 = ORIENTED_EDGE ( 'NONE', *, *, #5683, .T. ) ;
#4903 = CARTESIAN_POINT ( 'NONE',  ( -17.06742094619999861, -20.46438856889999869, 24.08590035470000146 ) ) ;
#4904 = CARTESIAN_POINT ( 'NONE',  ( -26.49441829265128945, 0.3652053299979993728, 6.250608502111300702 ) ) ;
#4905 = CARTESIAN_POINT ( 'NONE',  ( 2.359723847659999763, 0.5961910534610000978, 9.006521453360001317 ) ) ;
#4906 = CARTESIAN_POINT ( 'NONE',  ( -15.63893532420000021, 6.045966513710000712, 14.29999802579999901 ) ) ;
#4907 = CARTESIAN_POINT ( 'NONE',  ( 2.628623997020000047, -13.88829254289999859, 5.080772227439999789 ) ) ;
#4908 = ORIENTED_EDGE ( 'NONE', *, *, #7000, .F. ) ;
#4909 = CARTESIAN_POINT ( 'NONE',  ( -15.45545688769968251, 0.8152053292530101469, 6.159871623967640986 ) ) ;
#4910 = CARTESIAN_POINT ( 'NONE',  ( -28.42859052189999858, 3.295705861620000121, 8.251069879760001058 ) ) ;
#4911 = FACE_OUTER_BOUND ( 'NONE', #132, .T. ) ;
#4912 = AXIS2_PLACEMENT_3D ( 'NONE', #8152, #4825, #147 ) ;
#4913 = CARTESIAN_POINT ( 'NONE',  ( 2.403143503219999921, -0.3328992729789999605, 7.921132218819999515 ) ) ;
#4914 = EDGE_CURVE ( 'NONE', #858, #5684, #4056, .T. ) ;
#4915 = VERTEX_POINT ( 'NONE', #948 ) ;
#4916 = CARTESIAN_POINT ( 'NONE',  ( -7.519930159479999432, -3.429510978419999745, 23.76797054369999884 ) ) ;
#4917 = CARTESIAN_POINT ( 'NONE',  ( -16.86732357409999850, 3.725771866830000167, 4.396216700050000092 ) ) ;
#4918 = CARTESIAN_POINT ( 'NONE',  ( -20.48635327899999936, -21.44045241310000094, 23.17176938799999775 ) ) ;
#4919 = CARTESIAN_POINT ( 'NONE',  ( -18.68243436779999911, -18.52698906739999885, 4.669372949110000448 ) ) ;
#4920 = B_SPLINE_SURFACE_WITH_KNOTS ( 'NONE', 5, 5, ( 
 ( #8209, #995, #2246, #7483, #2385, #3673 ),
 ( #3623, #3072, #5057, #4230, #1778, #4400 ),
 ( #4726, #6650, #7267, #4033, #1282, #5848 ),
 ( #5969, #8472, #2583, #3276, #1124, #100 ),
 ( #5931, #5222, #6495, #683, #3347, #646 ),
 ( #1329, #756, #5891, #7866, #2668, #1370 ) ),
 .UNSPECIFIED., .F., .F., .F.,
 ( 6, 6 ),
 ( 6, 6 ),
 ( 1.041761272430000052, 2.378027512090000073 ),
 ( 0.000000000000000000, 0.2970982059960000088 ),
 .UNSPECIFIED. ) ;
#4921 = CARTESIAN_POINT ( 'NONE',  ( -6.299190329860000048, 0.6652053292599999779, 19.26654564780000101 ) ) ;
#4922 = PRODUCT_DEFINITION ( 'General', '', #4484, #713 ) ;
#4923 = LINE ( 'NONE', #2052, #224 ) ;
#4924 = CARTESIAN_POINT ( 'NONE',  ( -17.39681796430000205, 1.882472787860000052, 24.17442015570000180 ) ) ;
#4925 = EDGE_CURVE ( 'NONE', #6643, #3767, #4268, .T. ) ;
#4926 = FACE_OUTER_BOUND ( 'NONE', #2745, .T. ) ;
#4927 = CARTESIAN_POINT ( 'NONE',  ( -17.44555371869999760, 3.694599819440000044, 4.460439155980000514 ) ) ;
#4928 = CYLINDRICAL_SURFACE ( 'NONE', #4078, 0.2999999999999998779 ) ;
#4929 = CARTESIAN_POINT ( 'NONE',  ( -26.95421839767463368, 0.3286219666213500701, 6.710408607134638714 ) ) ;
#4930 = CARTESIAN_POINT ( 'NONE',  ( 3.154797410060000473, -18.25114688349999881, 16.28145467590000095 ) ) ;
#4931 = CARTESIAN_POINT ( 'NONE',  ( -8.799186876949999458, -17.94716706970000430, 21.01573117799999935 ) ) ;
#4932 = EDGE_CURVE ( 'NONE', #268, #3155, #3430, .T. ) ;
#4933 = CARTESIAN_POINT ( 'NONE',  ( -15.34934920449999929, -20.08391497139999871, 4.260705347840000989 ) ) ;
#4934 = CARTESIAN_POINT ( 'NONE',  ( -8.608598051459999567, 0.6275786241769999441, 20.28802016420000243 ) ) ;
#4935 = ORIENTED_EDGE ( 'NONE', *, *, #150, .T. ) ;
#4936 = ORIENTED_EDGE ( 'NONE', *, *, #4385, .T. ) ;
#4937 = CARTESIAN_POINT ( 'NONE',  ( -7.540504143193833109, -18.01982313355444987, 8.383094391513552068 ) ) ;
#4938 = CARTESIAN_POINT ( 'NONE',  ( -17.05925446869999718, -21.98479467090000128, 4.566718841910000215 ) ) ;
#4939 = CARTESIAN_POINT ( 'NONE',  ( -25.83493147183133942, 0.08296247106228145374, 23.00887437026866422 ) ) ;
#4940 = CARTESIAN_POINT ( 'NONE',  ( -25.39122324936560915, -17.08618586485289725, 23.45258259273436963 ) ) ;
#4941 = CARTESIAN_POINT ( 'NONE',  ( 2.539599056679999745, 0.2938018657910000386, 19.81971957109999849 ) ) ;
#4942 = CARTESIAN_POINT ( 'NONE',  ( -22.28910060109999947, 4.177773135660000747, 21.21590175409999901 ) ) ;
#4943 = EDGE_CURVE ( 'NONE', #858, #2541, #4217, .T. ) ;
#4944 = B_SPLINE_CURVE_WITH_KNOTS ( 'NONE', 4,
 ( #4680, #3379, #6003, #2746, #3959 ),
 .UNSPECIFIED., .F., .F.,
 ( 5, 5 ),
 ( 0.000000000000000000, 1.000000000000000000 ),
 .UNSPECIFIED. ) ;
#4945 = CARTESIAN_POINT ( 'NONE',  ( -11.73446219480000074, -17.94716710639999846, 23.41237046150000012 ) ) ;
#4946 = VERTEX_POINT ( 'NONE', #5521 ) ;
#4947 = CARTESIAN_POINT ( 'NONE',  ( -17.74012595079999954, 4.114363416920000738, 4.630613127030000165 ) ) ;
#4948 = CARTESIAN_POINT ( 'NONE',  ( -26.45918617670188411, -2.225454238287208231, 6.215376386161881150 ) ) ;
#4949 = CARTESIAN_POINT ( 'NONE',  ( -21.13893532430000022, -18.48479467069999771, 20.86714505440000167 ) ) ;
#4950 = CARTESIAN_POINT ( 'NONE',  ( -26.82842945453579375, -18.02545423757994669, 22.01537638756417081 ) ) ;
#4951 = CARTESIAN_POINT ( 'NONE',  ( 2.527129026479999929, 0.3622675990279999869, 19.74813687059999623 ) ) ;
#4952 = CARTESIAN_POINT ( 'NONE',  ( 2.694753327837219992, -2.770278444235878101, 22.75827236671936404 ) ) ;
#4953 = CARTESIAN_POINT ( 'NONE',  ( 2.143972155550000203, -14.26400043009999941, 4.892070140130000411 ) ) ;
#4954 = CARTESIAN_POINT ( 'NONE',  ( -13.45180600326006015, -20.17217398529998462, 4.278127570460250162 ) ) ;
#4955 = CARTESIAN_POINT ( 'NONE',  ( 3.342385834246731857, 0.4144474197749111744, 15.13053930120327806 ) ) ;
#4956 = ADVANCED_FACE ( 'NONE', ( #5481 ), #4180, .F. ) ;
#4957 = ORIENTED_EDGE ( 'NONE', *, *, #475, .F. ) ;
#4958 = CARTESIAN_POINT ( 'NONE',  ( -7.432339655489999863, -3.151965544959999921, 23.61131790790000196 ) ) ;
#4959 = DIRECTION ( 'NONE',  ( -0.7745966692411312415, 3.518804409591916338E-16, 0.6324555320341072040 ) ) ;
#4960 = CARTESIAN_POINT ( 'NONE',  ( -21.88191952759999737, -21.39171816569999862, 22.09704682219999938 ) ) ;
#4961 = CARTESIAN_POINT ( 'NONE',  ( -18.57843898029999963, -18.78215624089999736, 4.588159428989999178 ) ) ;
#4962 = CARTESIAN_POINT ( 'NONE',  ( 2.450923220459999996, -3.337184328699999813, 5.041919861179999351 ) ) ;
#4963 = CARTESIAN_POINT ( 'NONE',  ( -28.15427769234173283, -21.17268259221104643, 20.19289124500000199 ) ) ;
#4964 = EDGE_CURVE ( 'NONE', #4465, #3377, #2312, .T. ) ;
#4965 = ORIENTED_EDGE ( 'NONE', *, *, #5376, .F. ) ;
#4966 = CARTESIAN_POINT ( 'NONE',  ( 2.675084376790000107, -1.808633741770000025, 22.03898245850000137 ) ) ;
#4967 = DIRECTION ( 'NONE',  ( 1.000000000000000000, 7.897904552580000124E-18, 6.123244133959999531E-17 ) ) ;
#4968 = CARTESIAN_POINT ( 'NONE',  ( -16.96898581150529850, 3.773572145399346933, 4.422704046700358660 ) ) ;
#4969 = DIRECTION ( 'NONE',  ( -0.8775825618903722036, 0.000000000000000000, 0.4794255386042040601 ) ) ;
#4970 = CARTESIAN_POINT ( 'NONE',  ( -21.18893532370000088, 0.6652053292599999779, 5.299998025759999898 ) ) ;
#4971 = CARTESIAN_POINT ( 'NONE',  ( 2.146752801699999935, -3.272223049270000406, 23.61818858720000236 ) ) ;
#4972 = CARTESIAN_POINT ( 'NONE',  ( -9.183860807576639473, -15.07940127724304702, 4.799998101360030134 ) ) ;
#4973 = CARTESIAN_POINT ( 'NONE',  ( -6.299189362029999906, -14.39737700049999880, 23.61817688040000007 ) ) ;
#4974 = ORIENTED_EDGE ( 'NONE', *, *, #3469, .T. ) ;
#4975 = CARTESIAN_POINT ( 'NONE',  ( -15.70724158879999877, -20.08391497139999871, 4.281534365630000671 ) ) ;
#4976 = CARTESIAN_POINT ( 'NONE',  ( -6.933745163430000247, 0.6652051248890000767, 19.42362907760000112 ) ) ;
#4977 = EDGE_CURVE ( 'NONE', #5354, #4828, #1906, .T. ) ;
#4978 = VERTEX_POINT ( 'NONE', #4100 ) ;
#4979 = ORIENTED_EDGE ( 'NONE', *, *, #5892, .T. ) ;
#4980 = CARTESIAN_POINT ( 'NONE',  ( 2.590735491149999792, -14.28366152079999907, 23.36783954299999877 ) ) ;
#4981 = CARTESIAN_POINT ( 'NONE',  ( -24.89650649780000080, 3.320172974550000156, 4.712436831949999849 ) ) ;
#4982 = CARTESIAN_POINT ( 'NONE',  ( -24.74697255859999956, -20.99185106079999841, 23.90687166449999879 ) ) ;
#4983 = CARTESIAN_POINT ( 'NONE',  ( -25.86419634758762953, -17.77811265662809248, 22.97960949451233859 ) ) ;
#4984 = CARTESIAN_POINT ( 'NONE',  ( -28.40842349270000256, -21.05717211380000009, 8.407104598820000163 ) ) ;
#4985 = CARTESIAN_POINT ( 'NONE',  ( -20.36848736549999828, 4.248156248379999944, 22.79696716149999958 ) ) ;
#4986 = LINE ( 'NONE', #2318, #3640 ) ;
#4987 = B_SPLINE_SURFACE_WITH_KNOTS ( 'NONE', 5, 5, ( 
 ( #4766, #4722, #5334, #134, #2747, #7936 ),
 ( #5925, #170, #4073, #4029, #2060, #3995 ),
 ( #54, #5459, #2021, #6004, #4157, #6082 ),
 ( #3467, #712, #7261, #835, #2662, #207 ),
 ( #2705, #678, #8015, #2136, #5375, #7897 ),
 ( #2824, #5293, #8060, #2787, #7374, #1488 ),
 ( #3305, #4642, #3342, #1365, #6730, #4117 ),
 ( #4808, #6609, #2180, #5963, #6687, #95 ),
 ( #7415, #1530, #4681, #7297, #1405, #6646 ) ),
 .UNSPECIFIED., .F., .F., .F.,
 ( 6, 3, 6 ),
 ( 6, 6 ),
 ( 11.46695328460000063, 15.96603024200000043, 21.68984127250000071 ),
 ( 0.000000000000000000, 0.5540722346999999992 ),
 .UNSPECIFIED. ) ;
#4988 = ORIENTED_EDGE ( 'NONE', *, *, #5454, .F. ) ;
#4989 = CARTESIAN_POINT ( 'NONE',  ( -18.21409374170000106, -19.90220666460000132, 23.97272360150000026 ) ) ;
#4990 = CARTESIAN_POINT ( 'NONE',  ( -12.25236044110000044, 0.5337570861090000784, 5.092622982860000924 ) ) ;
#4991 = EDGE_CURVE ( 'NONE', #4288, #1526, #1481, .T. ) ;
#4992 = LINE ( 'NONE', #4949, #3660 ) ;
#4993 = LINE ( 'NONE', #338, #4353 ) ;
#4994 = CARTESIAN_POINT ( 'NONE',  ( 2.576984753010000073, 0.3353846893530000317, 19.62340061659999790 ) ) ;
#4995 = DIRECTION ( 'NONE',  ( -8.657955942669998310E-17, -3.791652614979999564E-33, 1.000000000000000000 ) ) ;
#4996 = CARTESIAN_POINT ( 'NONE',  ( 2.589333617309999447, -3.637754758180000270, 5.082222553080000260 ) ) ;
#4997 = CARTESIAN_POINT ( 'NONE',  ( -25.08307613210000042, -20.98715625819999886, 4.839266286970000053 ) ) ;
#4998 = CARTESIAN_POINT ( 'NONE',  ( -17.68532446129999869, 3.752743699419999857, 24.09488747890000226 ) ) ;
#4999 = VERTEX_POINT ( 'NONE', #8122 ) ;
#5000 = CARTESIAN_POINT ( 'NONE',  ( -6.299189362029999906, -3.272212340929999908, 23.61817688040000007 ) ) ;
#5001 = CARTESIAN_POINT ( 'NONE',  ( -15.35542634309997290, 2.605672700163334188, 4.156285577064664061 ) ) ;
#5002 = CARTESIAN_POINT ( 'NONE',  ( -25.69058195441997228, -1.820928671906021146, 23.15322388768002071 ) ) ;
#5003 = CARTESIAN_POINT ( 'NONE',  ( -18.70600743140000333, -18.56716123829999887, 4.627125849729999629 ) ) ;
#5004 = FACE_OUTER_BOUND ( 'NONE', #7711, .T. ) ;
#5005 = EDGE_CURVE ( 'NONE', #3943, #6508, #6922, .T. ) ;
#5006 = CARTESIAN_POINT ( 'NONE',  ( -17.09070249520000218, 3.721768370489999977, 24.18027825939999786 ) ) ;
#5007 = B_SPLINE_CURVE_WITH_KNOTS ( 'NONE', 5,
 ( #5586, #5630, #5712, #8186, #2316, #3004, #968, #8314, #2445 ),
 .UNSPECIFIED., .F., .F.,
 ( 6, 3, 6 ),
 ( 0.000000000000000000, 3.783823765949999807, 4.634575268259999881 ),
 .UNSPECIFIED. ) ;
#5008 = CARTESIAN_POINT ( 'NONE',  ( -17.17386722700000234, 3.308010229020000192, 4.422150999770000368 ) ) ;
#5009 = CARTESIAN_POINT ( 'NONE',  ( -17.62672308909999686, -19.08823918240000239, 23.89479582030000060 ) ) ;
#5010 = CARTESIAN_POINT ( 'NONE',  ( -24.36735679939999599, 4.101614826120000501, 17.80821887160000117 ) ) ;
#5011 = CARTESIAN_POINT ( 'NONE',  ( -16.71821967210000182, 2.020628918119999895, 24.16710335409999644 ) ) ;
#5012 = CARTESIAN_POINT ( 'NONE',  ( -12.31777458691884064, -17.95210928372432591, 23.70507954740653034 ) ) ;
#5013 = CARTESIAN_POINT ( 'NONE',  ( 2.263125778970000113, -3.171549042559999698, 23.51751401969999833 ) ) ;
#5014 = CARTESIAN_POINT ( 'NONE',  ( 2.753369826244457030, -1.052165367475035529, 7.556344700042223472 ) ) ;
#5015 = CARTESIAN_POINT ( 'NONE',  ( 2.297434704169999620, -0.3350048263090000256, 20.68096936579999934 ) ) ;
#5016 = CARTESIAN_POINT ( 'NONE',  ( -15.34983548810000009, -20.13345553190000103, 4.252349830360000027 ) ) ;
#5017 = EDGE_LOOP ( 'NONE', ( #4513, #1006, #3779, #2376 ) ) ;
#5018 = CARTESIAN_POINT ( 'NONE',  ( -8.703032906200000696, 0.6652051194990000749, 20.14086562140000325 ) ) ;
#5019 = ADVANCED_FACE ( 'NONE', ( #5004 ), #3603, .F. ) ;
#5020 = ORIENTED_EDGE ( 'NONE', *, *, #8001, .T. ) ;
#5021 = CARTESIAN_POINT ( 'NONE',  ( -24.23343103890000094, -21.77594648270000022, 17.84179044929999947 ) ) ;
#5022 = ORIENTED_EDGE ( 'NONE', *, *, #5763, .T. ) ;
#5023 = CARTESIAN_POINT ( 'NONE',  ( -23.84251346392759530, 4.121153226426472749, 9.841914236904608870 ) ) ;
#5024 = DIRECTION ( 'NONE',  ( 0.000000000000000000, -1.000000000000000000, -1.282924384010000023E-15 ) ) ;
#5025 = CARTESIAN_POINT ( 'NONE',  ( -25.85812462990627836, -15.69872264942942230, 22.98568121219368976 ) ) ;
#5026 = ADVANCED_FACE ( 'NONE', ( #5736 ), #4483, .T. ) ;
#5027 = CARTESIAN_POINT ( 'NONE',  ( -28.19357750740000057, -21.17131021099999799, 8.232738300430000322 ) ) ;
#5028 = FACE_OUTER_BOUND ( 'NONE', #2075, .T. ) ;
#5029 = CARTESIAN_POINT ( 'NONE',  ( -12.25236044110000044, -18.20334642759999966, 23.50737306870000154 ) ) ;
#5030 = ORIENTED_EDGE ( 'NONE', *, *, #6592, .T. ) ;
#5031 = VECTOR ( 'NONE', #7325, 1000.000000000000114 ) ;
#5032 = CARTESIAN_POINT ( 'NONE',  ( 3.279215067706929165, -18.08104410379960214, 15.96921704451133905 ) ) ;
#5033 = AXIS2_PLACEMENT_3D ( 'NONE', #7776, #5298, #1327 ) ;
#5034 = CARTESIAN_POINT ( 'NONE',  ( -18.91203616953878353, -18.48479560085155882, 23.98907453340474660 ) ) ;
#5035 = CARTESIAN_POINT ( 'NONE',  ( -7.432500813129999884, -18.14612036319999788, 8.617262247279999343 ) ) ;
#5036 = CARTESIAN_POINT ( 'NONE',  ( -27.15266203639357911, -17.93369573119658256, 21.69114380570637834 ) ) ;
#5037 = DIRECTION ( 'NONE',  ( -0.8775825618903722036, 0.000000000000000000, 0.4794255386042040601 ) ) ;
#5038 = CARTESIAN_POINT ( 'NONE',  ( -18.28851113450000199, 1.156529464499999937, 4.600465512590000472 ) ) ;
#5039 = DIRECTION ( 'NONE',  ( 0.7745966960216931207, -0.6324554992347499738, 0.000000000000000000 ) ) ;
#5040 = ADVANCED_FACE ( 'NONE', ( #7108 ), #3068, .F. ) ;
#5041 = CARTESIAN_POINT ( 'NONE',  ( -21.18893532420000270, -18.73479467039999946, 4.749998026510000138 ) ) ;
#5042 = AXIS2_PLACEMENT_3D ( 'NONE', #5979, #1464, #3402 ) ;
#5043 = VECTOR ( 'NONE', #719, 1000.000000000000000 ) ;
#5044 = ORIENTED_EDGE ( 'NONE', *, *, #3434, .T. ) ;
#5045 = ORIENTED_EDGE ( 'NONE', *, *, #2716, .F. ) ;
#5046 = EDGE_CURVE ( 'NONE', #8231, #1063, #169, .T. ) ;
#5047 = CARTESIAN_POINT ( 'NONE',  ( -9.183862371140000036, -2.590188944829999951, 23.79999801449999808 ) ) ;
#5048 = DIRECTION ( 'NONE',  ( -8.673617379884027583E-16, -1.000000000000000000, 0.000000000000000000 ) ) ;
#5049 = CARTESIAN_POINT ( 'NONE',  ( -25.51949555603265907, -1.593559844070615350, 23.32431028606734102 ) ) ;
#5050 = VECTOR ( 'NONE', #3352, 1000.000000000000227 ) ;
#5051 = CARTESIAN_POINT ( 'NONE',  ( -18.49744047560000126, -18.64104443229999930, 4.670755558689999809 ) ) ;
#5052 = CARTESIAN_POINT ( 'NONE',  ( 2.454871985309999616, -3.548537834950000303, 4.927785897050000585 ) ) ;
#5053 = ORIENTED_EDGE ( 'NONE', *, *, #3554, .F. ) ;
#5054 = CARTESIAN_POINT ( 'NONE',  ( -17.39317696200000185, 3.791849238060000182, 24.16367186530000311 ) ) ;
#5055 = CARTESIAN_POINT ( 'NONE',  ( -17.57744126229999893, 2.091800988029999697, 4.442759531169999221 ) ) ;
#5056 = EDGE_CURVE ( 'NONE', #4508, #8221, #571, .T. ) ;
#5057 = CARTESIAN_POINT ( 'NONE',  ( -17.24040843470000084, -19.47058207359999926, 4.536242797519999925 ) ) ;
#5058 = AXIS2_PLACEMENT_3D ( 'NONE', #4873, #4833, #8036 ) ;
#5059 = CARTESIAN_POINT ( 'NONE',  ( -16.95560365950000303, -19.51224757629999829, 24.06164190940000225 ) ) ;
#5060 = ADVANCED_FACE ( 'NONE', ( #4397 ), #7917, .T. ) ;
#5061 = DIRECTION ( 'NONE',  ( 0.000000000000000000, 1.000000000000000000, 1.295942417060000080E-15 ) ) ;
#5062 = CARTESIAN_POINT ( 'NONE',  ( -21.18893532420000270, -21.11610045999999841, 24.03112106300000050 ) ) ;
#5063 = CARTESIAN_POINT ( 'NONE',  ( 2.251315991480000278, -3.277933087649999688, 23.62062827949999999 ) ) ;
#5064 = CARTESIAN_POINT ( 'NONE',  ( -18.66569225400000320, -18.49775562310000154, 23.87982630619999824 ) ) ;
#5065 = CARTESIAN_POINT ( 'NONE',  ( -15.48228348960642364, 2.610907617919999701, 24.43623597149648674 ) ) ;
#5066 = CARTESIAN_POINT ( 'NONE',  ( -25.39215481796108875, -17.08966546733597269, 5.148345027421060038 ) ) ;
#5067 = CARTESIAN_POINT ( 'NONE',  ( -8.797467760940000048, 0.6652053292599999779, 19.99371107869999875 ) ) ;
#5068 = ORIENTED_EDGE ( 'NONE', *, *, #3241, .T. ) ;
#5069 = CARTESIAN_POINT ( 'NONE',  ( -23.96759975970000056, -21.31888460720000111, 19.33689506730000218 ) ) ;
#5070 = CARTESIAN_POINT ( 'NONE',  ( 2.447673631359999824, -18.15919266730000103, 19.69738364790000062 ) ) ;
#5071 = CARTESIAN_POINT ( 'NONE',  ( -25.81290168096708371, 0.06505953355824294071, 23.03090416113291994 ) ) ;
#5072 = CARTESIAN_POINT ( 'NONE',  ( -25.34376313703056027, -16.78546648431399646, 23.50004270506942206 ) ) ;
#5073 = CARTESIAN_POINT ( 'NONE',  ( -28.44380785450000104, -20.96501872909999875, 8.407104545910000226 ) ) ;
#5074 = CARTESIAN_POINT ( 'NONE',  ( -20.62817399189999890, 3.765910583220000163, 23.21719891220000065 ) ) ;
#5075 = CARTESIAN_POINT ( 'NONE',  ( -16.19094901311033041, -19.81801281802231429, 24.16692772208386231 ) ) ;
#5076 = CARTESIAN_POINT ( 'NONE',  ( -25.08469620259999999, -21.07989495760000054, 23.75910943709999756 ) ) ;
#5077 = ORIENTED_EDGE ( 'NONE', *, *, #1655, .T. ) ;
#5078 = CARTESIAN_POINT ( 'NONE',  ( -6.419531485100000268, 0.6652053292599999779, 9.333450404349999729 ) ) ;
#5079 = ORIENTED_EDGE ( 'NONE', *, *, #4026, .F. ) ;
#5080 = FACE_OUTER_BOUND ( 'NONE', #2095, .T. ) ;
#5081 = CARTESIAN_POINT ( 'NONE',  ( -8.703032906200000696, -18.33479446100000132, 8.459130430119998323 ) ) ;
#5082 = CARTESIAN_POINT ( 'NONE',  ( -8.799186876949999458, -17.94716706970000430, 21.01573117799999935 ) ) ;
#5083 = CARTESIAN_POINT ( 'NONE',  ( -21.18893532420000270, 0.8152053285050000486, 9.323899588529998894 ) ) ;
#5084 = CARTESIAN_POINT ( 'NONE',  ( -24.94380781569999783, -21.28479467069999842, 14.29999802579999901 ) ) ;
#5085 = CARTESIAN_POINT ( 'NONE',  ( -16.07421528537450328, 2.281855515056637085, 4.316994672342191031 ) ) ;
#5086 = CARTESIAN_POINT ( 'NONE',  ( -23.18893532339999908, -15.46863019103119363, 21.85972577613293666 ) ) ;
#5087 = VERTEX_POINT ( 'NONE', #7022 ) ;
#5088 = CARTESIAN_POINT ( 'NONE',  ( -6.299189362029999906, -3.868247048659999798, 23.79999802580000079 ) ) ;
#5089 = EDGE_CURVE ( 'NONE', #2931, #5354, #74, .T. ) ;
#5090 = CARTESIAN_POINT ( 'NONE',  ( -23.18893532339999197, -0.2800899962638332963, 7.535920330620537122 ) ) ;
#5091 = CARTESIAN_POINT ( 'NONE',  ( -17.28885286509999730, -21.55211158799999893, 24.48574323469999925 ) ) ;
#5092 = CARTESIAN_POINT ( 'NONE',  ( -8.799188948190000303, -16.74884690949999921, 6.385945963080000176 ) ) ;
#5093 = CARTESIAN_POINT ( 'NONE',  ( 2.583099578330000146, -3.588046320530000166, 5.097982676430000026 ) ) ;
#5094 = CARTESIAN_POINT ( 'NONE',  ( -16.86206022529999871, 3.233212991729999874, 24.22133243559999727 ) ) ;
#5095 = CARTESIAN_POINT ( 'NONE',  ( 2.590739866069999842, 0.2330467007179999883, 19.74886442389999885 ) ) ;
#5096 = ORIENTED_EDGE ( 'NONE', *, *, #2478, .F. ) ;
#5097 = CARTESIAN_POINT ( 'NONE',  ( -16.10559314715771606, -19.84488675151712300, 4.420008414102772676 ) ) ;
#5098 = ORIENTED_EDGE ( 'NONE', *, *, #5997, .F. ) ;
#5099 = B_SPLINE_CURVE_WITH_KNOTS ( 'NONE', 5,
 ( #1401, #3219, #4636, #1969, #4674, #3263, #5836, #5880, #3991 ),
 .UNSPECIFIED., .F., .F.,
 ( 6, 3, 6 ),
 ( 0.000000000000000000, 0.1329288393499999943, 0.2216600300179999983 ),
 .UNSPECIFIED. ) ;
#5100 = CARTESIAN_POINT ( 'NONE',  ( -11.73446219529999901, -17.94716710690000383, 23.41237046150000012 ) ) ;
#5101 = CARTESIAN_POINT ( 'NONE',  ( -12.40485483549689860, -17.94108319140527996, 23.73246275888441303 ) ) ;
#5102 = CARTESIAN_POINT ( 'NONE',  ( 2.579765503590000009, -3.443050627699999922, 23.42433164590000061 ) ) ;
#5103 = CARTESIAN_POINT ( 'NONE',  ( -18.52024307330000141, -18.68138185680000163, 23.97026688480000089 ) ) ;
#5104 = CARTESIAN_POINT ( 'NONE',  ( -16.09964931640454822, 2.515706738459170477, 24.37611995379917218 ) ) ;
#5105 = EDGE_LOOP ( 'NONE', ( #8117, #167, #3853, #4936 ) ) ;
#5106 = B_SPLINE_CURVE_WITH_KNOTS ( 'NONE', 5,
 ( #3293, #5321, #544, #1873, #1266, #5911, #6433, #7924, #7885 ),
 .UNSPECIFIED., .F., .F.,
 ( 6, 3, 6 ),
 ( 0.000000000000000000, 2.907104762030000344, 4.634075405589999974 ),
 .UNSPECIFIED. ) ;
#5107 = LINE ( 'NONE', #7709, #3113 ) ;
#5108 = CARTESIAN_POINT ( 'NONE',  ( -3.853425701149999938, -6.157261494550000158, 23.41237037069999971 ) ) ;
#5109 = B_SPLINE_CURVE_WITH_KNOTS ( 'NONE', 3,
 ( #5857, #2072, #5229, #1336 ),
 .UNSPECIFIED., .F., .F.,
 ( 4, 4 ),
 ( 0.000000000000000000, 1.000000000000000000 ),
 .UNSPECIFIED. ) ;
#5110 = VERTEX_POINT ( 'NONE', #608 ) ;
#5111 = CARTESIAN_POINT ( 'NONE',  ( -24.68876914000000156, -21.29370081760000133, 18.01863765159999886 ) ) ;
#5112 = CARTESIAN_POINT ( 'NONE',  ( 2.376430978690000195, -18.29644587760000007, 19.46031658220000082 ) ) ;
#5113 = CARTESIAN_POINT ( 'NONE',  ( -25.45843929440555442, -0.3987548914067433614, 23.38536654769443857 ) ) ;
#5114 = CARTESIAN_POINT ( 'NONE',  ( -9.068535593400000039, 0.6236419743329999488, 7.914146417649999599 ) ) ;
#5115 = CARTESIAN_POINT ( 'NONE',  ( -28.44380780579999879, -20.87286534380000091, 8.328561108859998896 ) ) ;
#5116 = CARTESIAN_POINT ( 'NONE',  ( -21.50150083839999837, 3.792679118050000131, 22.23363890500000295 ) ) ;
#5117 = CARTESIAN_POINT ( 'NONE',  ( -28.44380781659182134, 3.280070489707750170, 20.19289143760000371 ) ) ;
#5118 = PERSON_AND_ORGANIZATION ( #18446744073709551615, #18446744073709551615 ) ;
#5119 = ORIENTED_EDGE ( 'NONE', *, *, #506, .T. ) ;
#5120 = CARTESIAN_POINT ( 'NONE',  ( -16.71823458380000105, 2.020622120630000129, 4.432895014550000568 ) ) ;
#5121 = CARTESIAN_POINT ( 'NONE',  ( -12.52136751340000131, 0.5704739815379999968, 4.979614928700000220 ) ) ;
#5122 = VERTEX_POINT ( 'NONE', #31 ) ;
#5123 = CARTESIAN_POINT ( 'NONE',  ( 2.576984857440000276, 0.3353891582929999782, 8.976603594570001121 ) ) ;
#5124 = CARTESIAN_POINT ( 'NONE',  ( -6.299190330040000063, -18.33479467069999913, 19.26654497839999891 ) ) ;
#5125 = CARTESIAN_POINT ( 'NONE',  ( -25.01123550149999986, -21.24656106209999962, 23.67982926750001482 ) ) ;
#5126 = CARTESIAN_POINT ( 'NONE',  ( 2.294021050790000071, 0.6652053228340000235, 19.29657676919999787 ) ) ;
#5127 = CARTESIAN_POINT ( 'NONE',  ( -15.58876649049783758, 2.388305599306292493, 4.257791020331373133 ) ) ;
#5128 = ORIENTED_EDGE ( 'NONE', *, *, #5199, .F. ) ;
#5129 = CARTESIAN_POINT ( 'NONE',  ( 2.619374955300000085, 0.3840892776429999378, 9.212661462650000743 ) ) ;
#5130 = ORIENTED_EDGE ( 'NONE', *, *, #2040, .F. ) ;
#5131 = B_SPLINE_CURVE_WITH_KNOTS ( 'NONE', 3,
 ( #4112, #5453, #8056, #2176, #1525, #4153, #872, #246, #5085, #6919, #5127, #1676 ),
 .UNSPECIFIED., .F., .F.,
 ( 4, 2, 1, 1, 2, 2, 4 ),
 ( 0.000000000000000000, 0.2500000000000409672, 0.3750000000000611178, 0.4375000000000680012, 0.4687500000000678346, 0.5000000000000676126, 1.000000000000000000 ),
 .UNSPECIFIED. ) ;
#5132 = CARTESIAN_POINT ( 'NONE',  ( -17.39668752169999877, 1.882546331959999986, 4.425562951039999859 ) ) ;
#5133 = CARTESIAN_POINT ( 'NONE',  ( -25.22155771419999937, -21.27509543050000218, 16.20381569040000258 ) ) ;
#5134 = CARTESIAN_POINT ( 'NONE',  ( -7.913939563199998695, -14.86009364170000069, 23.47513701769999983 ) ) ;
#5135 = ORIENTED_EDGE ( 'NONE', *, *, #4022, .F. ) ;
#5136 = FACE_OUTER_BOUND ( 'NONE', #899, .T. ) ;
#5137 = DIRECTION ( 'NONE',  ( -0.7071067811865445751, 0.000000000000000000, -0.7071067811865503483 ) ) ;
#5138 = CARTESIAN_POINT ( 'NONE',  ( -17.49000852649999871, 3.373114916670000074, 24.16029043260000009 ) ) ;
#5139 = CARTESIAN_POINT ( 'NONE',  ( -17.16050427829999947, 2.444205670560000154, 4.405806101130000485 ) ) ;
#5140 = EDGE_CURVE ( 'NONE', #2735, #8319, #5345, .T. ) ;
#5141 = CARTESIAN_POINT ( 'NONE',  ( -22.32620270219999981, 3.763668302510000174, 6.981707498960000535 ) ) ;
#5142 = ORIENTED_EDGE ( 'NONE', *, *, #8409, .F. ) ;
#5143 = CARTESIAN_POINT ( 'NONE',  ( -19.50872991350000163, 7.215205329249999799, 5.422760681570000685 ) ) ;
#5144 = CARTESIAN_POINT ( 'NONE',  ( -12.18464220344798576, -17.96352311694743165, 23.65584704761108625 ) ) ;
#5145 = CARTESIAN_POINT ( 'NONE',  ( 2.787075562530000106, -4.554971443459999492, 23.62490610329999896 ) ) ;
#5146 = CARTESIAN_POINT ( 'NONE',  ( -18.16291071779999911, -18.94616391940000355, 23.99203037890000090 ) ) ;
#5147 = CARTESIAN_POINT ( 'NONE',  ( 2.157727164180000212, 0.3723125377100000022, 19.97365200180000144 ) ) ;
#5148 = CARTESIAN_POINT ( 'NONE',  ( -6.299189361209999838, 0.3723124540099999602, 19.97365208549999949 ) ) ;
#5149 = CARTESIAN_POINT ( 'NONE',  ( -6.933964816199999603, 0.6652053292599999779, 9.176370771009999316 ) ) ;
#5150 = EDGE_CURVE ( 'NONE', #3827, #984, #7188, .T. ) ;
#5151 = CARTESIAN_POINT ( 'NONE',  ( -17.27803141509999918, 3.585507966559999815, 24.16769327559999780 ) ) ;
#5152 = CARTESIAN_POINT ( 'NONE',  ( 2.410860679609999835, -13.82785960600000230, 4.831185858590000493 ) ) ;
#5153 = CARTESIAN_POINT ( 'NONE',  ( 2.579766478580000300, 0.2895344703269999709, 19.69174633899999804 ) ) ;
#5154 = CARTESIAN_POINT ( 'NONE',  ( -17.44596981774004973, 3.720881426752471022, 4.474802141531137423 ) ) ;
#5155 = CARTESIAN_POINT ( 'NONE',  ( -9.299189149460001858, 0.6652053292599999779, 8.196638181219999097 ) ) ;
#5156 = CARTESIAN_POINT ( 'NONE',  ( -19.14036361940000219, 4.008818147919999575, 5.125222611479999912 ) ) ;
#5157 = VECTOR ( 'NONE', #7116, 1000.000000000000000 ) ;
#5158 = CARTESIAN_POINT ( 'NONE',  ( -12.67852088516533549, 0.6574565881584740756, 23.35305136877789067 ) ) ;
#5159 = CARTESIAN_POINT ( 'NONE',  ( -28.44380785439999570, -20.87286534440000096, 8.407104541499998973 ) ) ;
#5160 = ORIENTED_EDGE ( 'NONE', *, *, #8430, .T. ) ;
#5161 = CARTESIAN_POINT ( 'NONE',  ( 2.463939954720000269, -14.41807853470000111, 5.122781883589999197 ) ) ;
#5162 = CARTESIAN_POINT ( 'NONE',  ( -12.24979075049999899, 0.4853071502699999873, 5.033772084740000707 ) ) ;
#5163 = DIRECTION ( 'NONE',  ( -6.123244133959999531E-17, -1.000000000000000000, -1.301554153340000056E-15 ) ) ;
#5164 = AXIS2_PLACEMENT_3D ( 'NONE', #209, #8017, #4120 ) ;
#5165 = CARTESIAN_POINT ( 'NONE',  ( 2.251317015169999713, -14.39166382119999987, 23.62062037459999786 ) ) ;
#5166 = CARTESIAN_POINT ( 'NONE',  ( 2.581017705739999890, -12.27401209699999995, 23.79999802580000079 ) ) ;
#5167 = CARTESIAN_POINT ( 'NONE',  ( -25.20359623600000276, -20.97553979590000139, 23.21594553730000143 ) ) ;
#5168 = CARTESIAN_POINT ( 'NONE',  ( -7.964048779489999674, -2.911524337309999932, 5.002393127020000385 ) ) ;
#5169 = VERTEX_POINT ( 'NONE', #5177 ) ;
#5170 = ORIENTED_EDGE ( 'NONE', *, *, #6599, .F. ) ;
#5171 = ORIENTED_EDGE ( 'NONE', *, *, #2768, .F. ) ;
#5172 = CARTESIAN_POINT ( 'NONE',  ( -18.33240797849999737, 1.222552486839999952, 24.08764585010000303 ) ) ;
#5173 = ORIENTED_EDGE ( 'NONE', *, *, #7319, .F. ) ;
#5174 = CARTESIAN_POINT ( 'NONE',  ( -6.710307834500000013, -13.80134229219999931, 4.799998025759999898 ) ) ;
#5175 = CARTESIAN_POINT ( 'NONE',  ( -8.520007584110000920, -14.96072533849999964, 23.68706474440000065 ) ) ;
#5176 = CARTESIAN_POINT ( 'NONE',  ( -28.15427768708811485, 3.503093250913554613, 20.19289109770000223 ) ) ;
#5177 = CARTESIAN_POINT ( 'NONE',  ( 2.619374955280000083, -13.92213123390000007, 5.081114077389999650 ) ) ;
#5178 = CIRCLE ( 'NONE', #5042, 4.999999880819999909 ) ;
#5179 = CARTESIAN_POINT ( 'NONE',  ( -8.799189362029999018, -0.9207423506299999838, 22.21405034609999873 ) ) ;
#5180 = VECTOR ( 'NONE', #1585, 1000.000000000000114 ) ;
#5181 = CARTESIAN_POINT ( 'NONE',  ( -17.96553053789999765, -18.48479757319999806, 5.295709552770000883 ) ) ;
#5182 = B_SPLINE_SURFACE_WITH_KNOTS ( 'NONE', 5, 5, ( 
 ( #2793, #4163, #258, #7422, #5468, #5507 ),
 ( #8106, #1537, #105, #141, #4859, #2104 ),
 ( #6778, #2833, #2229, #6652, #7382, #8069 ),
 ( #3432, #7462, #2753, #2190, #3391, #5425 ),
 ( #8022, #4125, #4776, #5384, #6091, #4817 ),
 ( #2066, #1577, #2146, #3350, #6739, #886 ) ),
 .UNSPECIFIED., .F., .F., .F.,
 ( 6, 6 ),
 ( 6, 6 ),
 ( 1.041761491569999976, 2.378027657380000104 ),
 ( 0.000000000000000000, 0.2970982144490000310 ),
 .UNSPECIFIED. ) ;
#5183 = ORIENTED_EDGE ( 'NONE', *, *, #1399, .F. ) ;
#5184 = CARTESIAN_POINT ( 'NONE',  ( -15.83386200872766203, -19.91296804596133896, 4.383926034222721313 ) ) ;
#5185 = B_SPLINE_CURVE_WITH_KNOTS ( 'NONE', 5,
 ( #2881, #6781, #890, #6139, #7307, #2718 ),
 .UNSPECIFIED., .F., .F.,
 ( 6, 6 ),
 ( -5.610853143219999950, -4.516542379599999713 ),
 .UNSPECIFIED. ) ;
#5186 = ORIENTED_EDGE ( 'NONE', *, *, #5719, .F. ) ;
#5187 = AXIS2_PLACEMENT_3D ( 'NONE', #2467, #6546, #7872 ) ;
#5188 = CARTESIAN_POINT ( 'NONE',  ( -22.98440565920000012, 7.215205329249999799, 8.490507282339999406 ) ) ;
#5189 = DIRECTION ( 'NONE',  ( -0.7071067811865475727, 9.636355538693826866E-16, -0.7071067811865475727 ) ) ;
#5190 = CARTESIAN_POINT ( 'NONE',  ( -26.79319733865299824, -2.234794671490003992, 6.549387548112994395 ) ) ;
#5191 = ORIENTED_EDGE ( 'NONE', *, *, #4126, .F. ) ;
#5192 = CARTESIAN_POINT ( 'NONE',  ( -18.95178657400000333, -18.55153225700000164, 24.01989020430000110 ) ) ;
#5193 = CARTESIAN_POINT ( 'NONE',  ( -15.85870325926734914, 2.567830139667851341, 24.40346688352629556 ) ) ;
#5194 = AXIS2_PLACEMENT_3D ( 'NONE', #6917, #4995, #7599 ) ;
#5195 = CARTESIAN_POINT ( 'NONE',  ( -28.13067600540000157, 3.503917439799999922, 8.310501178850000059 ) ) ;
#5196 = ORIENTED_EDGE ( 'NONE', *, *, #4977, .F. ) ;
#5197 = VERTEX_POINT ( 'NONE', #1335 ) ;
#5198 = CARTESIAN_POINT ( 'NONE',  ( -6.299189362029999906, 0.6343628155070000219, 9.019291138330000734 ) ) ;
#5199 = EDGE_CURVE ( 'NONE', #3985, #4070, #3542, .T. ) ;
#5200 = ORIENTED_EDGE ( 'NONE', *, *, #1256, .T. ) ;
#5201 = EDGE_CURVE ( 'NONE', #1274, #7638, #3031, .T. ) ;
#5202 = CARTESIAN_POINT ( 'NONE',  ( -25.09309884680000380, -21.27958131369999961, 11.19905298110000125 ) ) ;
#5203 = CARTESIAN_POINT ( 'NONE',  ( 2.352716793379999505, 0.5417185474169999848, 19.72059054229999830 ) ) ;
#5204 = CARTESIAN_POINT ( 'NONE',  ( -24.89644912059999982, 3.320173771069999891, 23.88756867060000033 ) ) ;
#5205 = ORIENTED_EDGE ( 'NONE', *, *, #402, .F. ) ;
#5206 = EDGE_CURVE ( 'NONE', #3239, #4365, #2037, .T. ) ;
#5207 = CARTESIAN_POINT ( 'NONE',  ( -2.208935324079993379, -8.834794670739999134, 13.29999802580089607 ) ) ;
#5208 = CARTESIAN_POINT ( 'NONE',  ( -18.80941564349999950, 4.154200733849999772, 5.035286545060000840 ) ) ;
#5209 = CARTESIAN_POINT ( 'NONE',  ( -6.639335386710002673, 0.6652053294109999682, 14.29999802580000257 ) ) ;
#5210 = CARTESIAN_POINT ( 'NONE',  ( 2.266582488250000083, -4.159926430819999688, 4.799998025759999898 ) ) ;
#5211 = DATE_AND_TIME ( #2017, #6666 ) ;
#5212 = ORIENTED_EDGE ( 'NONE', *, *, #699, .F. ) ;
#5213 = B_SPLINE_CURVE_WITH_KNOTS ( 'NONE', 5,
 ( #2810, #3364, #736, #5363, #157, #863, #7961, #820, #7400 ),
 .UNSPECIFIED., .F., .F.,
 ( 6, 3, 6 ),
 ( 0.000000000000000000, 0.1696530292589999989, 0.2123579517209999989 ),
 .UNSPECIFIED. ) ;
#5214 = CARTESIAN_POINT ( 'NONE',  ( 2.157722703700000189, -14.50844915709999938, 5.092890890630000555 ) ) ;
#5215 = CARTESIAN_POINT ( 'NONE',  ( -21.18893532370000088, -17.83479467069999913, 23.79999802580000079 ) ) ;
#5216 = CARTESIAN_POINT ( 'NONE',  ( -27.51732360605774730, -15.77192147110495846, 21.32648223604222792 ) ) ;
#5217 = CARTESIAN_POINT ( 'NONE',  ( -19.00693885102450409, 0.8152059875276771450, 4.525788868508985097 ) ) ;
#5218 = CARTESIAN_POINT ( 'NONE',  ( 2.708430173931923424, -15.05264947841748757, 22.60574693666230672 ) ) ;
#5219 = LINE ( 'NONE', #4600, #623 ) ;
#5220 = CARTESIAN_POINT ( 'NONE',  ( -7.397026574409999888, -3.043916278259999775, 5.103548031240000782 ) ) ;
#5221 = ADVANCED_FACE ( 'NONE', ( #7273 ), #2227, .T. ) ;
#5222 = CARTESIAN_POINT ( 'NONE',  ( -17.95885068249999961, -19.12841647759999830, 4.598979827969999157 ) ) ;
#5223 = ORIENTED_EDGE ( 'NONE', *, *, #2005, .T. ) ;
#5224 = CARTESIAN_POINT ( 'NONE',  ( 2.716781848074961037, -17.06440469320411779, 8.005496716669533441 ) ) ;
#5225 = FACE_OUTER_BOUND ( 'NONE', #3431, .T. ) ;
#5226 = CARTESIAN_POINT ( 'NONE',  ( -7.473625771280000052, -14.38712644119999950, 23.70388169850000182 ) ) ;
#5227 = CARTESIAN_POINT ( 'NONE',  ( -25.08307610479999994, 3.317566919909999967, 4.839266314289999649 ) ) ;
#5228 = CARTESIAN_POINT ( 'NONE',  ( -28.14377429659999663, -21.17304937879999827, 20.26091041400000137 ) ) ;
#5229 = CARTESIAN_POINT ( 'NONE',  ( -18.09692873362870458, -21.98479467070001192, 23.74057900934307952 ) ) ;
#5230 = CARTESIAN_POINT ( 'NONE',  ( 2.368533086900000306, -3.201980716329999588, 5.092096086899998930 ) ) ;
#5231 = CARTESIAN_POINT ( 'NONE',  ( -25.29260522859999938, 3.603025055200000271, 11.33834789969999868 ) ) ;
#5232 = ORIENTED_EDGE ( 'NONE', *, *, #2603, .F. ) ;
#5233 = DIRECTION ( 'NONE',  ( -0.8255275115310591882, 0.000000000000000000, -0.5643618765520371783 ) ) ;
#5234 = CARTESIAN_POINT ( 'NONE',  ( 2.626295336913960110, -3.772837795215890910, 23.51914271594846184 ) ) ;
#5235 = CARTESIAN_POINT ( 'NONE',  ( -18.98474684160000336, -18.60380209450000066, 4.581931163320000167 ) ) ;
#5236 = CARTESIAN_POINT ( 'NONE',  ( 2.935740159689999906, -5.094459945249999677, 4.971299357190000379 ) ) ;
#5237 = CARTESIAN_POINT ( 'NONE',  ( -5.564781011200000904, -23.50999743809999742, 14.30079563719999314 ) ) ;
#5238 = ADVANCED_FACE ( 'NONE', ( #7517 ), #1458, .T. ) ;
#5239 = DIRECTION ( 'NONE',  ( 0.7068913075831640969, 0.02468518840780575471, 0.7068913075831640969 ) ) ;
#5240 = DIRECTION ( 'NONE',  ( 1.000000000000000000, 6.123233995739999133E-17, 6.123233995739999133E-17 ) ) ;
#5241 = ORIENTED_EDGE ( 'NONE', *, *, #6377, .T. ) ;
#5242 = VERTEX_POINT ( 'NONE', #1584 ) ;
#5243 = CARTESIAN_POINT ( 'NONE',  ( -26.82842945503371368, -2.225454238322876588, 22.01537638706629352 ) ) ;
#5244 = CARTESIAN_POINT ( 'NONE',  ( 3.059540924030000220, -18.30694042129999843, 12.33036628109999988 ) ) ;
#5245 = CARTESIAN_POINT ( 'NONE',  ( 2.294020319879999992, -18.33479426170000082, 19.29657829890000187 ) ) ;
#5246 = CARTESIAN_POINT ( 'NONE',  ( -9.183862345105147540, -15.07940046982722393, 23.79999800929999765 ) ) ;
#5247 = CARTESIAN_POINT ( 'NONE',  ( -19.33856515619999783, 3.868766977019999942, 5.081119489409999801 ) ) ;
#5248 = ADVANCED_FACE ( 'NONE', ( #1543 ), #309, .T. ) ;
#5249 = DIRECTION ( 'NONE',  ( 5.616842003121400535E-16, 1.000000000000000000, 1.028156032151247997E-15 ) ) ;
#5250 = CARTESIAN_POINT ( 'NONE',  ( 2.186365939970000394, 0.6652053292599999779, 9.333449423990000327 ) ) ;
#5251 = ORIENTED_EDGE ( 'NONE', *, *, #2100, .F. ) ;
#5252 = B_SPLINE_CURVE_WITH_KNOTS ( 'NONE', 5,
 ( #8212, #3165, #5655, #5780, #8255, #5616, #2388, #8390, #6665 ),
 .UNSPECIFIED., .F., .F.,
 ( 6, 3, 6 ),
 ( -30.49598853499999862, -21.57283578499999876, -13.69773586060000170 ),
 .UNSPECIFIED. ) ;
#5253 = CARTESIAN_POINT ( 'NONE',  ( 2.157722703700000189, -14.50844915709999938, 5.092890890630000555 ) ) ;
#5254 = CARTESIAN_POINT ( 'NONE',  ( -7.617743569579999985, -18.33479467069999913, 19.39446911730000167 ) ) ;
#5255 = CARTESIAN_POINT ( 'NONE',  ( -19.00245734826786048, 0.8152058291975051718, 4.526936134572161485 ) ) ;
#5256 = CARTESIAN_POINT ( 'NONE',  ( 2.725093902539999835, -11.51258578009999844, 23.79999802580000079 ) ) ;
#5257 = CARTESIAN_POINT ( 'NONE',  ( -12.25971635719999853, 0.5773042456920000065, 5.157335786159999991 ) ) ;
#5258 = DIRECTION ( 'NONE',  ( 1.065814103640149130E-16, -0.7071067811865475727, 0.7071067811865475727 ) ) ;
#5259 = CARTESIAN_POINT ( 'NONE',  ( -7.397984512370000765, -18.03124112209999907, 20.09091556859999628 ) ) ;
#5260 = B_SPLINE_SURFACE_WITH_KNOTS ( 'NONE', 5, 5, ( 
 ( #7744, #4357, #7024, #1083, #3713, #1815 ),
 ( #6286, #3755, #7612, #3802, #5055, #6328 ),
 ( #6462, #5692, #5139, #439, #8428, #8291 ),
 ( #1123, #573, #2425, #7660, #8341, #4439 ),
 ( #7789, #5738, #1777, #5008, #2547, #1040 ),
 ( #2469, #4399, #3202, #3027, #5815, #7064 ) ),
 .UNSPECIFIED., .F., .F., .F.,
 ( 6, 6 ),
 ( 6, 6 ),
 ( 40.31320138750000126, 42.43914918120000124 ),
 ( -4.440892098509999801E-16, 0.8497556397849999055 ),
 .UNSPECIFIED. ) ;
#5261 = ORIENTED_EDGE ( 'NONE', *, *, #8081, .F. ) ;
#5262 = CARTESIAN_POINT ( 'NONE',  ( -17.03135647700000277, 2.145066050530000101, 4.376672884599999591 ) ) ;
#5263 = ADVANCED_FACE ( 'NONE', ( #4473 ), #2304, .T. ) ;
#5264 = ORIENTED_EDGE ( 'NONE', *, *, #6761, .T. ) ;
#5265 = DIRECTION ( 'NONE',  ( -0.9999999999999992228, 0.000000000000000000, 4.214550053009991161E-08 ) ) ;
#5266 = CARTESIAN_POINT ( 'NONE',  ( -8.381134684699999227, -15.17505432470000137, 23.44650426520000153 ) ) ;
#5267 = CARTESIAN_POINT ( 'NONE',  ( -17.83535632430000106, 1.699315165000000016, 24.14823062179999980 ) ) ;
#5268 = CARTESIAN_POINT ( 'NONE',  ( -15.53352038605800978, 2.611872564546347419, 4.166425260544589726 ) ) ;
#5269 = CARTESIAN_POINT ( 'NONE',  ( -12.52136751340000131, 0.5704739940319999425, 23.62038111030000209 ) ) ;
#5270 = CARTESIAN_POINT ( 'NONE',  ( -9.299188471460000827, -2.731433812929999760, 4.799998025759999898 ) ) ;
#5271 = CARTESIAN_POINT ( 'NONE',  ( -24.87928249020000138, -21.28704794320000104, 23.67091325150000003 ) ) ;
#5272 = ORIENTED_EDGE ( 'NONE', *, *, #1506, .T. ) ;
#5273 = EDGE_CURVE ( 'NONE', #5970, #3683, #8457, .T. ) ;
#5274 = LINE ( 'NONE', #534, #7072 ) ;
#5275 = DIRECTION ( 'NONE',  ( 4.406757217192039698E-15, 1.000000000000000000, 0.000000000000000000 ) ) ;
#5276 = EDGE_CURVE ( 'NONE', #6973, #6727, #5395, .T. ) ;
#5277 = ORIENTED_EDGE ( 'NONE', *, *, #3448, .F. ) ;
#5278 = CARTESIAN_POINT ( 'NONE',  ( 2.307815689959999528, -3.888286713329999866, 23.79999802580000079 ) ) ;
#5279 = CARTESIAN_POINT ( 'NONE',  ( 2.143972245280000077, -3.405584607769999828, 23.70792301559999871 ) ) ;
#5280 = CARTESIAN_POINT ( 'NONE',  ( -6.299190238209999571, 0.5726473811059999974, 19.72969869960000011 ) ) ;
#5281 = CARTESIAN_POINT ( 'NONE',  ( -17.05850689059999681, 1.975061409620000097, 24.22307455179999991 ) ) ;
#5282 = ORIENTED_EDGE ( 'NONE', *, *, #1734, .T. ) ;
#5283 = CARTESIAN_POINT ( 'NONE',  ( -21.38862533389999854, -21.58135571459999724, 6.207955183790001108 ) ) ;
#5284 = CARTESIAN_POINT ( 'NONE',  ( 2.781847209620000427, -18.24493772639999989, 10.28726104309999911 ) ) ;
#5285 = CARTESIAN_POINT ( 'NONE',  ( -17.52480459740000285, -19.44241517220000048, 4.571262697470000802 ) ) ;
#5286 = CARTESIAN_POINT ( 'NONE',  ( -28.44380781629999788, -8.834794670340000877, 20.19289124460000195 ) ) ;
#5287 = CARTESIAN_POINT ( 'NONE',  ( -19.30766557249999948, 3.812023697559999924, 4.774913895260000096 ) ) ;
#5288 = CARTESIAN_POINT ( 'NONE',  ( -17.68252251014875398, -21.78198092400620922, 4.665374399030635999 ) ) ;
#5289 = EDGE_CURVE ( 'NONE', #5839, #6444, #757, .T. ) ;
#5290 = CARTESIAN_POINT ( 'NONE',  ( -17.71856921099999838, 1.487183131349999909, 24.03197981739999989 ) ) ;
#5291 = EDGE_LOOP ( 'NONE', ( #4228, #7042, #5580, #2978 ) ) ;
#5292 = CARTESIAN_POINT ( 'NONE',  ( -19.40406916889999778, 3.808657265579999951, 23.65507569849999925 ) ) ;
#5293 = CARTESIAN_POINT ( 'NONE',  ( 3.005460023119999935, 0.6652053044999999276, 12.69889934470000092 ) ) ;
#5294 = ADVANCED_FACE ( 'NONE', ( #4387 ), #7012, .T. ) ;
#5295 = CARTESIAN_POINT ( 'NONE',  ( -25.08307620059999721, -20.98715626259999922, 23.76072964149999933 ) ) ;
#5296 = CARTESIAN_POINT ( 'NONE',  ( 2.529469133869999720, -5.186349892610000012, 23.79999802580000079 ) ) ;
#5297 = CARTESIAN_POINT ( 'NONE',  ( -24.74970810007316757, 3.621983440667073229, 23.68548558481283450 ) ) ;
#5298 = DIRECTION ( 'NONE',  ( 1.000000000000000000, -6.123233995739999133E-17, 2.985759393769999632E-16 ) ) ;
#5299 = CARTESIAN_POINT ( 'NONE',  ( 2.186362437220000121, -18.33479426869999784, 9.333450046219999408 ) ) ;
#5300 = ORIENTED_EDGE ( 'NONE', *, *, #725, .F. ) ;
#5301 = CARTESIAN_POINT ( 'NONE',  ( -17.78268467230000027, 1.600926214170000028, 24.13713427469999928 ) ) ;
#5302 = VECTOR ( 'NONE', #168, 1000.000000000000000 ) ;
#5303 = ORIENTED_EDGE ( 'NONE', *, *, #506, .F. ) ;
#5304 = CYLINDRICAL_SURFACE ( 'NONE', #2143, 1.000000000000000666 ) ;
#5305 = CARTESIAN_POINT ( 'NONE',  ( -24.24242374140000322, -21.30928754229999811, 18.79834865009999945 ) ) ;
#5306 = EDGE_CURVE ( 'NONE', #3204, #7739, #6196, .T. ) ;
#5307 = CARTESIAN_POINT ( 'NONE',  ( -15.40714486326996280, 2.610907587819685904, 4.159387088101899721 ) ) ;
#5308 = CARTESIAN_POINT ( 'NONE',  ( -28.09569900496683559, 3.505138863570403718, 20.33431258433336808 ) ) ;
#5309 = CARTESIAN_POINT ( 'NONE',  ( -6.247062942588020640, 0.8152053292529990447, 14.23714997053033215 ) ) ;
#5310 = ORIENTED_EDGE ( 'NONE', *, *, #4667, .T. ) ;
#5311 = AXIS2_PLACEMENT_3D ( 'NONE', #6078, #790, #2867 ) ;
#5312 = CARTESIAN_POINT ( 'NONE',  ( -24.02159274739999972, -21.31699913059999929, 9.361840666530001798 ) ) ;
#5313 = ORIENTED_EDGE ( 'NONE', *, *, #5376, .T. ) ;
#5314 = CARTESIAN_POINT ( 'NONE',  ( -25.46899645698584180, -0.3780593260450351156, 5.225186666445847727 ) ) ;
#5315 = CARTESIAN_POINT ( 'NONE',  ( 2.590735822519999676, -3.385928089440000122, 23.36783903490000114 ) ) ;
#5316 = TOROIDAL_SURFACE ( 'NONE', #2560, 9.763115245839999901, 0.2999999999999999889 ) ;
#5317 = CARTESIAN_POINT ( 'NONE',  ( 3.091064676670000289, -8.834794670739999134, 14.29999802579999901 ) ) ;
#5318 = CARTESIAN_POINT ( 'NONE',  ( 2.194095321233441087, -3.892742153451453468, 23.79999192755416360 ) ) ;
#5319 = DIRECTION ( 'NONE',  ( 1.000000000000000000, -8.797708435640000698E-15, -1.768914739850000345E-14 ) ) ;
#5320 = EDGE_CURVE ( 'NONE', #6266, #4648, #8035, .T. ) ;
#5321 = CARTESIAN_POINT ( 'NONE',  ( -6.710283627420000840, -18.33479467069999913, 19.26654777179999911 ) ) ;
#5322 = CARTESIAN_POINT ( 'NONE',  ( -24.97170629460000058, -21.45340546670000492, 15.02041534989999860 ) ) ;
#5323 = CARTESIAN_POINT ( 'NONE',  ( -17.56507131800000110, -21.98479467170000135, 4.699998025760000253 ) ) ;
#5324 = CARTESIAN_POINT ( 'NONE',  ( -15.65945383839999927, 2.512178754999999875, 24.41926159630000015 ) ) ;
#5325 = AXIS2_PLACEMENT_3D ( 'NONE', #7910, #4653, #7384 ) ;
#5326 = CARTESIAN_POINT ( 'NONE',  ( 2.463944487929999649, 0.3424212728199999556, 19.88328159039999932 ) ) ;
#5327 = CARTESIAN_POINT ( 'NONE',  ( -17.58608394940000252, 3.977916271590000274, 4.585536791639999166 ) ) ;
#5328 = CARTESIAN_POINT ( 'NONE',  ( 3.341276254665165091, -9.686377928573671525, 23.54915990663228342 ) ) ;
#5329 = FACE_OUTER_BOUND ( 'NONE', #3047, .T. ) ;
#5330 = AXIS2_PLACEMENT_3D ( 'NONE', #6113, #7403, #3544 ) ;
#5331 = ORIENTED_EDGE ( 'NONE', *, *, #7824, .T. ) ;
#5332 = CARTESIAN_POINT ( 'NONE',  ( -19.26449166989999995, 4.136676463809999760, 23.35079292429999853 ) ) ;
#5333 = ORIENTED_EDGE ( 'NONE', *, *, #2151, .F. ) ;
#5334 = CARTESIAN_POINT ( 'NONE',  ( 2.401679082979999880, 0.6339750517019999698, 19.32660789050000005 ) ) ;
#5336 = ORIENTED_EDGE ( 'NONE', *, *, #5967, .F. ) ;
#5335 = CARTESIAN_POINT ( 'NONE',  ( 2.401679092090000189, -13.86140470329999808, 4.831228298609999250 ) ) ;
#5337 = CARTESIAN_POINT ( 'NONE',  ( -8.427865861259476787, -2.452566664558354148, 5.157305761376739461 ) ) ;
#5338 = CARTESIAN_POINT ( 'NONE',  ( -21.18893532420000270, -18.33479467000000085, 14.29999802539999898 ) ) ;
#5339 = CARTESIAN_POINT ( 'NONE',  ( -8.092757019149999564, -3.180411772360000278, 4.834394885399999175 ) ) ;
#5340 = CARTESIAN_POINT ( 'NONE',  ( 2.150086876439999628, -18.30445679680000026, 9.020728480560000762 ) ) ;
#5341 = ORIENTED_EDGE ( 'NONE', *, *, #1435, .F. ) ;
#5342 = CARTESIAN_POINT ( 'NONE',  ( 3.357419500000895063, -8.394451400167465493, 5.050051304686223652 ) ) ;
#5343 = CARTESIAN_POINT ( 'NONE',  ( -15.54943204090000108, -23.09871167719999718, 0.8228032784719999659 ) ) ;
#5344 = DIRECTION ( 'NONE',  ( 0.000000000000000000, -1.291057496800000111E-15, 1.000000000000000000 ) ) ;
#5345 = LINE ( 'NONE', #768, #3814 ) ;
#5346 = CARTESIAN_POINT ( 'NONE',  ( -12.84683463049999830, 0.4793645946189999951, 23.73831299829999963 ) ) ;
#5347 = EDGE_LOOP ( 'NONE', ( #1096, #2340, #6213, #4454 ) ) ;
#5348 = EDGE_CURVE ( 'NONE', #5087, #3975, #7850, .T. ) ;
#5349 = CARTESIAN_POINT ( 'NONE',  ( -6.919513105650888285, 0.8152053292530035966, 10.98223850143730651 ) ) ;
#5350 = ORIENTED_EDGE ( 'NONE', *, *, #3738, .T. ) ;
#5351 = ADVANCED_FACE ( 'NONE', ( #2579 ), #6533, .T. ) ;
#5352 = CARTESIAN_POINT ( 'NONE',  ( -17.10750159950000082, -18.48479752879999793, 22.90385087199999958 ) ) ;
#5353 = ORIENTED_EDGE ( 'NONE', *, *, #441, .F. ) ;
#5354 = VERTEX_POINT ( 'NONE', #6450 ) ;
#5355 = CARTESIAN_POINT ( 'NONE',  ( -16.65478052971686651, 3.623555365208448453, 4.352466953831286567 ) ) ;
#5356 = CARTESIAN_POINT ( 'NONE',  ( -25.35949765517527155, -0.7317086153866361187, 5.115687864635268589 ) ) ;
#5357 = CARTESIAN_POINT ( 'NONE',  ( 2.352716793379999505, -18.21130788889999863, 8.879405509179999711 ) ) ;
#5358 = ORIENTED_EDGE ( 'NONE', *, *, #6348, .T. ) ;
#5359 = DIRECTION ( 'NONE',  ( -0.7071067811865475727, -1.445602896647349172E-15, 0.7071067811865475727 ) ) ;
#5360 = EDGE_CURVE ( 'NONE', #710, #6209, #6716, .T. ) ;
#5361 = CARTESIAN_POINT ( 'NONE',  ( -21.13893532420000199, -18.48479466999999943, 24.02222073949999981 ) ) ;
#5362 = VERTEX_POINT ( 'NONE', #3308 ) ;
#5363 = CARTESIAN_POINT ( 'NONE',  ( -24.82298447500000194, 3.619424573279999890, 23.59150404589999894 ) ) ;
#5364 = CARTESIAN_POINT ( 'NONE',  ( -12.53363882210349090, -18.30023466774866137, 5.215356255683069264 ) ) ;
#5365 = CARTESIAN_POINT ( 'NONE',  ( 2.472063575419999992, -14.00477305540000117, 4.900610707290000256 ) ) ;
#5366 = DIRECTION ( 'NONE',  ( -5.373988463173231783E-17, 1.000000000000000000, 0.000000000000000000 ) ) ;
#5367 = LINE ( 'NONE', #5876, #3806 ) ;
#5368 = CARTESIAN_POINT ( 'NONE',  ( -15.35395589210000011, 2.465048081609999997, 24.41844462359999923 ) ) ;
#5369 = CARTESIAN_POINT ( 'NONE',  ( -12.76735642464144682, 0.1929715680824399815, 4.799998025758266174 ) ) ;
#5370 = CARTESIAN_POINT ( 'NONE',  ( -11.99967263499585357, 0.4351408750534306313, 23.43211110984094958 ) ) ;
#5371 = DIRECTION ( 'NONE',  ( -0.9987827659587170670, -0.03487826274239014951, 0.03487826274239014951 ) ) ;
#5372 = EDGE_CURVE ( 'NONE', #6363, #1097, #1325, .T. ) ;
#5373 = ORIENTED_EDGE ( 'NONE', *, *, #5664, .T. ) ;
#5374 = CARTESIAN_POINT ( 'NONE',  ( -19.47158991140000239, 3.806299389300000335, 23.79127483770000140 ) ) ;
#5375 = CARTESIAN_POINT ( 'NONE',  ( 3.377431915570000331, 0.5082230521430000092, 14.65276904769999966 ) ) ;
#5376 = EDGE_CURVE ( 'NONE', #2067, #3239, #2523, .T. ) ;
#5377 = EDGE_LOOP ( 'NONE', ( #3891, #7111, #2103, #7088, #4001 ) ) ;
#5378 = CARTESIAN_POINT ( 'NONE',  ( 2.157722703700000189, -18.04190180590000026, 19.97365251209999926 ) ) ;
#5379 = CARTESIAN_POINT ( 'NONE',  ( -28.09569898885558459, -21.17472820561279789, 20.33431263338496464 ) ) ;
#5380 = CARTESIAN_POINT ( 'NONE',  ( -28.44380781629999788, -20.94965982905400992, 8.407104952279999210 ) ) ;
#5381 = B_SPLINE_CURVE_WITH_KNOTS ( 'NONE', 5,
 ( #1324, #1153, #5927, #3307, #3961, #2663 ),
 .UNSPECIFIED., .F., .F.,
 ( 6, 6 ),
 ( 0.000000000000000000, 1.000000000000000000 ),
 .UNSPECIFIED. ) ;
#5382 = CARTESIAN_POINT ( 'NONE',  ( -18.28209214740000021, -18.72729383629999589, 4.720135821329999537 ) ) ;
#5383 = ORIENTED_EDGE ( 'NONE', *, *, #2154, .F. ) ;
#5384 = CARTESIAN_POINT ( 'NONE',  ( -17.90425683919999855, -19.02837579819999902, 23.96452374909999961 ) ) ;
#5385 = CARTESIAN_POINT ( 'NONE',  ( -6.299189362029999906, -14.26449597650000101, 4.892556048289999460 ) ) ;
#5386 = CARTESIAN_POINT ( 'NONE',  ( -21.18893532420000270, 0.6652053299949999277, 20.13602952280000125 ) ) ;
#5387 = CARTESIAN_POINT ( 'NONE',  ( -17.29513860349999632, 7.215205329249999799, 24.08623252709999818 ) ) ;
#5388 = CARTESIAN_POINT ( 'NONE',  ( -15.66565789079999860, 2.561719062569999927, 4.172711783710000510 ) ) ;
#5389 = CARTESIAN_POINT ( 'NONE',  ( 2.263126621609999667, -14.49804026610000030, 5.082482449959999649 ) ) ;
#5390 = CARTESIAN_POINT ( 'NONE',  ( -24.75224867689999897, 3.510496500949999987, 23.86971120710000349 ) ) ;
#5391 = CARTESIAN_POINT ( 'NONE',  ( -13.04134486493660816, 0.8152053292529886086, 22.64200463517674322 ) ) ;
#5392 = DIRECTION ( 'NONE',  ( 0.9999999999999997780, -2.019471987729999833E-08, 0.000000000000000000 ) ) ;
#5393 = ORIENTED_EDGE ( 'NONE', *, *, #8010, .T. ) ;
#5394 = CARTESIAN_POINT ( 'NONE',  ( -16.09028587719999948, -20.12460656360000044, 24.28769669099999717 ) ) ;
#5395 = B_SPLINE_CURVE_WITH_KNOTS ( 'NONE', 5,
 ( #2495, #3014, #2457, #8238, #5126, #428 ),
 .UNSPECIFIED., .F., .F.,
 ( 6, 6 ),
 ( -0.5540722346999999992, 0.000000000000000000 ),
 .UNSPECIFIED. ) ;
#5396 = CARTESIAN_POINT ( 'NONE',  ( -17.12671360909999763, 3.777756781999999980, 4.453837788279999543 ) ) ;
#5397 = ORIENTED_EDGE ( 'NONE', *, *, #5719, .T. ) ;
#5398 = PLANE ( 'NONE',  #2688 ) ;
#5399 = CARTESIAN_POINT ( 'NONE',  ( 2.923157082399999940, -6.448125985449999931, 4.799998450529999516 ) ) ;
#5400 = ADVANCED_FACE ( 'NONE', ( #2181 ), #8189, .F. ) ;
#5401 = CARTESIAN_POINT ( 'NONE',  ( -28.15427769569999938, 3.503093250609999654, 8.394600154340000842 ) ) ;
#5402 = EDGE_CURVE ( 'NONE', #676, #1390, #6615, .T. ) ;
#5403 = CARTESIAN_POINT ( 'NONE',  ( -16.79575213180000048, 3.749341013080000007, 24.18180904669999975 ) ) ;
#5404 = CYLINDRICAL_SURFACE ( 'NONE', #6110, 1.000000000000000000 ) ;
#5405 = CARTESIAN_POINT ( 'NONE',  ( -27.79726706134720615, -1.534502894534399919, 21.04653878075278683 ) ) ;
#5406 = PLANE ( 'NONE',  #2019 ) ;
#5407 = CARTESIAN_POINT ( 'NONE',  ( -16.82123430940000475, 2.192390944309999590, 24.26551710160000397 ) ) ;
#5408 = EDGE_CURVE ( 'NONE', #6209, #268, #3135, .T. ) ;
#5409 = DIRECTION ( 'NONE',  ( 0.000000000000000000, -1.626303258728255172E-16, -1.000000000000000000 ) ) ;
#5410 = CARTESIAN_POINT ( 'NONE',  ( -12.00594441637155185, 0.4383497252063666139, 23.43220797452860893 ) ) ;
#5411 = EDGE_CURVE ( 'NONE', #15, #773, #4476, .T. ) ;
#5412 = EDGE_CURVE ( 'NONE', #2743, #6123, #7333, .T. ) ;
#5413 = CARTESIAN_POINT ( 'NONE',  ( -28.15427768119999996, 3.503093251119999696, 14.29999795220000181 ) ) ;
#5414 = ORIENTED_EDGE ( 'NONE', *, *, #3738, .F. ) ;
#5415 = FACE_OUTER_BOUND ( 'NONE', #2822, .T. ) ;
#5416 = EDGE_CURVE ( 'NONE', #1260, #5902, #7499, .T. ) ;
#5417 = FACE_OUTER_BOUND ( 'NONE', #3854, .T. ) ;
#5418 = B_SPLINE_CURVE_WITH_KNOTS ( 'NONE', 3,
 ( #7928, #6796, #4229, #4269, #5954, #1514 ),
 .UNSPECIFIED., .F., .F.,
 ( 4, 2, 4 ),
 ( 0.000000000000000000, 0.5000000000000000000, 1.000000000000000000 ),
 .UNSPECIFIED. ) ;
#5419 = CARTESIAN_POINT ( 'NONE',  ( -18.20717562329999595, -21.60827312979999704, 4.686849603790000707 ) ) ;
#5420 = CARTESIAN_POINT ( 'NONE',  ( -23.54652548980000049, -21.80113027370000367, 19.09732830489999955 ) ) ;
#5421 = CARTESIAN_POINT ( 'NONE',  ( 2.370871183049999775, -15.92492199379999818, 22.09063188709999892 ) ) ;
#5422 = CARTESIAN_POINT ( 'NONE',  ( -11.73446219480000074, -17.94716710639999846, 5.187625590070000570 ) ) ;
#5423 = EDGE_CURVE ( 'NONE', #1243, #6077, #8016, .T. ) ;
#5424 = VERTEX_POINT ( 'NONE', #878 ) ;
#5425 = CARTESIAN_POINT ( 'NONE',  ( -17.62672308909999686, -19.08823918240000239, 23.89479582030000060 ) ) ;
#5426 = DIRECTION ( 'NONE',  ( 0.000000000000000000, 1.301554129509999901E-15, -1.000000000000000000 ) ) ;
#5427 = CARTESIAN_POINT ( 'NONE',  ( -6.299189361209999838, -18.04190179509999936, 8.626343965669999392 ) ) ;
#5428 = CARTESIAN_POINT ( 'NONE',  ( 2.368528936430000176, 0.3731073234719999854, 19.93281223039999972 ) ) ;
#5429 = DIRECTION ( 'NONE',  ( 1.000000000000000000, -6.123233995739999133E-17, 2.985759393769999632E-16 ) ) ;
#5430 = CARTESIAN_POINT ( 'NONE',  ( 2.368533086889999861, -18.04269660960000365, 8.667184071350000352 ) ) ;
#5431 = CARTESIAN_POINT ( 'NONE',  ( -24.89644912059999982, 3.320173771069999891, 23.88756867060000033 ) ) ;
#5432 = CARTESIAN_POINT ( 'NONE',  ( 2.590736260729999962, -14.28366299870000056, 5.232158951760000676 ) ) ;
#5433 = AXIS2_PLACEMENT_3D ( 'NONE', #1875, #1352, #5912 ) ;
#5434 = CARTESIAN_POINT ( 'NONE',  ( -24.81045755630000116, -21.25272186420000153, 23.79262817789999929 ) ) ;
#5435 = ORIENTED_EDGE ( 'NONE', *, *, #5505, .T. ) ;
#5436 = CARTESIAN_POINT ( 'NONE',  ( -16.95560365950000303, -19.51224757629999829, 24.06164190940000225 ) ) ;
#5437 = CARTESIAN_POINT ( 'NONE',  ( -21.18893532420000270, -18.47731201499999898, 7.899998025009999481 ) ) ;
#5438 = ORIENTED_EDGE ( 'NONE', *, *, #4788, .F. ) ;
#5439 = CARTESIAN_POINT ( 'NONE',  ( 3.015866974889999774, -6.031017998280000292, 23.71398310619999705 ) ) ;
#5440 = CARTESIAN_POINT ( 'NONE',  ( -18.34176092445674300, 4.218999611244373504, 23.75044581410276123 ) ) ;
#5441 = VECTOR ( 'NONE', #2218, 1000.000000000000000 ) ;
#5442 = CARTESIAN_POINT ( 'NONE',  ( -6.299189362029999906, -14.39737700049999880, 4.981819171120000611 ) ) ;
#5443 = VECTOR ( 'NONE', #6438, 1000.000000000000114 ) ;
#5444 = CARTESIAN_POINT ( 'NONE',  ( -16.79703371619999785, 3.609541000079999673, 24.22119940829999862 ) ) ;
#5445 = CARTESIAN_POINT ( 'NONE',  ( -28.14731673340000384, -21.17292567420000182, 8.350672730709998604 ) ) ;
#5446 = CARTESIAN_POINT ( 'NONE',  ( -27.15226598964669336, 0.2618501914661043317, 21.69153985245331739 ) ) ;
#5447 = DIRECTION ( 'NONE',  ( 0.000000000000000000, 1.291127627955974000E-15, -1.000000000000000000 ) ) ;
#5448 = CARTESIAN_POINT ( 'NONE',  ( -15.35032645250000094, 2.388305734550000281, 24.35608216439999651 ) ) ;
#5449 = AXIS2_PLACEMENT_3D ( 'NONE', #849, #7388, #4171 ) ;
#5450 = CARTESIAN_POINT ( 'NONE',  ( 2.186365939970000394, 0.6652053292599999779, 9.333449423990000327 ) ) ;
#5451 = CARTESIAN_POINT ( 'NONE',  ( -9.324293950755734528, 2.600437768909988900, 22.92876507702069233 ) ) ;
#5452 = EDGE_LOOP ( 'NONE', ( #8487, #5373, #4849 ) ) ;
#5453 = CARTESIAN_POINT ( 'NONE',  ( -16.60624487250517944, 2.078088444092360376, 4.408749676115339078 ) ) ;
#5454 = EDGE_CURVE ( 'NONE', #2860, #1656, #4368, .T. ) ;
#5455 = ORIENTED_EDGE ( 'NONE', *, *, #4235, .F. ) ;
#5456 = EDGE_LOOP ( 'NONE', ( #4719, #3879, #2058, #5590 ) ) ;
#5457 = VECTOR ( 'NONE', #1322, 1000.000000000000114 ) ;
#5458 = CARTESIAN_POINT ( 'NONE',  ( -17.38062289420000184, 3.849415881560000141, 24.08022938359999543 ) ) ;
#5459 = CARTESIAN_POINT ( 'NONE',  ( 2.749127191419999949, 0.6652052876370000423, 17.49201294479999902 ) ) ;
#5460 = EDGE_CURVE ( 'NONE', #5362, #2802, #5709, .T. ) ;
#5461 = CARTESIAN_POINT ( 'NONE',  ( -25.06095984760000306, -21.17263366170000083, 4.867859638029999658 ) ) ;
#5462 = CARTESIAN_POINT ( 'NONE',  ( -13.71414365532261215, -18.48479467070000481, 22.75321554313400085 ) ) ;
#5463 = CARTESIAN_POINT ( 'NONE',  ( 2.368532767050000043, -14.46760868920000043, 23.50789990799999885 ) ) ;
#5464 = VECTOR ( 'NONE', #4422, 1000.000000000000114 ) ;
#5465 = FACE_OUTER_BOUND ( 'NONE', #2974, .T. ) ;
#5466 = B_SPLINE_SURFACE_WITH_KNOTS ( 'NONE', 5, 5, ( 
 ( #1303, #1221, #6474, #667, #3292, #42 ),
 ( #2647, #5281, #1350, #3984, #6596, #542 ),
 ( #3173, #5786, #8396, #6420, #3753, #1122 ),
 ( #2468, #1813, #8384, #6929, #2505, #4398 ),
 ( #2423, #5094, #2383, #3069, #5691, #5138 ),
 ( #6327, #7743, #8290, #5006, #3843, #5054 ) ),
 .UNSPECIFIED., .F., .F., .F.,
 ( 6, 6 ),
 ( 6, 6 ),
 ( 40.57200606960000044, 42.69793099980000051 ),
 ( -1.069069458739999981E-06, 0.8502686593640000901 ),
 .UNSPECIFIED. ) ;
#5467 = ORIENTED_EDGE ( 'NONE', *, *, #7377, .T. ) ;
#5468 = CARTESIAN_POINT ( 'NONE',  ( -16.95560366859999846, -19.51224747110000024, 24.06164201780000056 ) ) ;
#5469 = FACE_OUTER_BOUND ( 'NONE', #1146, .T. ) ;
#5470 = CARTESIAN_POINT ( 'NONE',  ( -12.56065347590000059, -18.33456617210000061, 23.39997731189999897 ) ) ;
#5471 = CARTESIAN_POINT ( 'NONE',  ( -4.678415647519370779, -20.17217398529999528, 13.73211176312370796 ) ) ;
#5472 = CARTESIAN_POINT ( 'NONE',  ( -17.34230116839999880, 3.942651973719999869, 4.519581477269999148 ) ) ;
#5473 = CARTESIAN_POINT ( 'NONE',  ( 2.370868362139999963, -16.62545017769999944, 7.209892348310000365 ) ) ;
#5474 = CARTESIAN_POINT ( 'NONE',  ( -24.75025580099999800, 3.621964313939999958, 23.70117177430000055 ) ) ;
#5475 = DIRECTION ( 'NONE',  ( 1.000000000000000000, 7.897900535209999849E-18, 6.123233995739999133E-17 ) ) ;
#5476 = CARTESIAN_POINT ( 'NONE',  ( -25.03212563760000009, -21.08084985560000035, 23.81216616469999892 ) ) ;
#5477 = ORIENTED_EDGE ( 'NONE', *, *, #2370, .F. ) ;
#5478 = CARTESIAN_POINT ( 'NONE',  ( -16.74213263639999738, -19.81650509279999994, 24.18472389989999982 ) ) ;
#5479 = CARTESIAN_POINT ( 'NONE',  ( -6.299189361799999887, -13.80134229219999931, 23.79999802580000079 ) ) ;
#5480 = CARTESIAN_POINT ( 'NONE',  ( 2.923157082399999940, -11.22146335600000100, 23.79999760100000117 ) ) ;
#5481 = FACE_OUTER_BOUND ( 'NONE', #6088, .T. ) ;
#5482 = EDGE_CURVE ( 'NONE', #4545, #4700, #463, .T. ) ;
#5483 = CARTESIAN_POINT ( 'NONE',  ( 2.463940362039999776, -3.251510823360000302, 23.47721381159999865 ) ) ;
#5484 = CARTESIAN_POINT ( 'NONE',  ( -6.299189362029999906, -13.80134229279999936, 4.799998025759999898 ) ) ;
#5485 = CARTESIAN_POINT ( 'NONE',  ( -17.36066961830000110, 3.895929348210000143, 24.07726154369999705 ) ) ;
#5486 = EDGE_CURVE ( 'NONE', #232, #3803, #7742, .T. ) ;
#5487 = CARTESIAN_POINT ( 'NONE',  ( -12.40502362034663442, -18.26730292791929955, 5.193714878011234326 ) ) ;
#5488 = CARTESIAN_POINT ( 'NONE',  ( -28.15427769529999935, -21.17268259209999925, 8.388369810660000425 ) ) ;
#5489 = CARTESIAN_POINT ( 'NONE',  ( -26.93815380292955197, 0.3402411965367139746, 21.90565203917046233 ) ) ;
#5490 = CARTESIAN_POINT ( 'NONE',  ( 3.282450892029999956, -18.08116679029999929, 16.29747093879999653 ) ) ;
#5491 = CARTESIAN_POINT ( 'NONE',  ( -17.06967350549999907, -20.04452478829999862, 24.10043277129999950 ) ) ;
#5492 = CARTESIAN_POINT ( 'NONE',  ( -11.73446215080000066, 0.2775776741500000089, 5.187625535140000466 ) ) ;
#5493 = CARTESIAN_POINT ( 'NONE',  ( -11.78505991702784961, 2.600437768909987124, 24.05587887963505622 ) ) ;
#5494 = CYLINDRICAL_SURFACE ( 'NONE', #4332, 1.300000000000000044 ) ;
#5495 = VERTEX_POINT ( 'NONE', #7584 ) ;
#5496 = EDGE_LOOP ( 'NONE', ( #1589, #6947 ) ) ;
#5497 = CARTESIAN_POINT ( 'NONE',  ( -17.44226411880000072, 3.577347759919999870, 24.16195770410000065 ) ) ;
#5498 = LINE ( 'NONE', #4895, #2436 ) ;
#5499 = CARTESIAN_POINT ( 'NONE',  ( -24.75025482910000107, -21.29155368940000059, 4.898824193100000279 ) ) ;
#5500 = CARTESIAN_POINT ( 'NONE',  ( -11.44710684372029874, -18.48479467069998705, 6.454515801818077492 ) ) ;
#5501 = EDGE_CURVE ( 'NONE', #391, #119, #5667, .T. ) ;
#5502 = CARTESIAN_POINT ( 'NONE',  ( 2.463943859390000046, -14.41807855699999941, 23.47721370410000219 ) ) ;
#5503 = CARTESIAN_POINT ( 'NONE',  ( -27.11580948464477459, -17.94624579624356997, 6.871999694104747647 ) ) ;
#5504 = B_SPLINE_CURVE_WITH_KNOTS ( 'NONE', 3,
 ( #191, #4143, #403, #950 ),
 .UNSPECIFIED., .F., .F.,
 ( 4, 4 ),
 ( 0.000000000000000000, 1.597784778260000094 ),
 .UNSPECIFIED. ) ;
#5505 = EDGE_CURVE ( 'NONE', #6313, #15, #7125, .T. ) ;
#5506 = VERTEX_POINT ( 'NONE', #1139 ) ;
#5507 = CARTESIAN_POINT ( 'NONE',  ( -16.92974464490000130, -19.48158198039999789, 24.01947440100000009 ) ) ;
#5508 = CARTESIAN_POINT ( 'NONE',  ( -25.83493147692187719, -1.952551816125269957, 5.591121686381875122 ) ) ;
#5509 = ORIENTED_EDGE ( 'NONE', *, *, #8402, .T. ) ;
#5510 = DIRECTION ( 'NONE',  ( -0.03489949670249885977, 0.9993908270190958731, -2.891205793294679963E-14 ) ) ;
#5511 = CARTESIAN_POINT ( 'NONE',  ( -27.91351069198740475, -16.45474826748262132, 20.93029515011257047 ) ) ;
#5512 = CARTESIAN_POINT ( 'NONE',  ( -5.543615848499999998, 7.215205329249999799, 10.32146260979999930 ) ) ;
#5513 = CARTESIAN_POINT ( 'NONE',  ( -15.96331900680000082, 2.469007154570000306, 4.208754025500000218 ) ) ;
#5514 = CARTESIAN_POINT ( 'NONE',  ( 2.370900876200000340, -15.92514244690000247, 6.509584617469999834 ) ) ;
#5515 = CARTESIAN_POINT ( 'NONE',  ( -24.75224882700000251, 3.584918545839999915, 23.79528916349999790 ) ) ;
#5516 = DIRECTION ( 'NONE',  ( -1.065814103640149130E-16, 0.7071067811865475727, 0.7071067811865475727 ) ) ;
#5517 = ORIENTED_EDGE ( 'NONE', *, *, #5959, .F. ) ;
#5518 = CARTESIAN_POINT ( 'NONE',  ( -16.38091897200000346, -19.86191404180000220, 24.21610245120000116 ) ) ;
#5519 = FACE_OUTER_BOUND ( 'NONE', #2310, .T. ) ;
#5520 = CARTESIAN_POINT ( 'NONE',  ( 3.087037427929999911, -8.040177471349998939, 23.79999801760000011 ) ) ;
#5521 = CARTESIAN_POINT ( 'NONE',  ( 2.633219223360000250, -13.87137432949999827, 5.080600801079999229 ) ) ;
#5522 = B_SPLINE_CURVE_WITH_KNOTS ( 'NONE', 5,
 ( #8227, #4941, #2485, #3600, #1834, #6306 ),
 .UNSPECIFIED., .F., .F.,
 ( 6, 6 ),
 ( -0.5502330740340000137, 0.000000000000000000 ),
 .UNSPECIFIED. ) ;
#5523 = FACE_OUTER_BOUND ( 'NONE', #293, .T. ) ;
#5524 = CARTESIAN_POINT ( 'NONE',  ( -18.10133334920000081, -18.82657069960000129, 23.88016286000000221 ) ) ;
#5525 = EDGE_CURVE ( 'NONE', #3684, #2907, #60, .T. ) ;
#5526 = CARTESIAN_POINT ( 'NONE',  ( -25.32779944509999837, 3.601796046069999591, 16.43242281279999872 ) ) ;
#5527 = EDGE_CURVE ( 'NONE', #6175, #2396, #6702, .T. ) ;
#5528 = CARTESIAN_POINT ( 'NONE',  ( -16.64161110450000081, 3.617351731469999887, 24.25023324379999679 ) ) ;
#5529 = DIRECTION ( 'NONE',  ( -0.4999999999970534681, 0.4151946956550928713, 0.7600087925167847702 ) ) ;
#5530 = CARTESIAN_POINT ( 'NONE',  ( -27.94385249510546032, -0.8841228501382161209, 20.89995334699453977 ) ) ;
#5531 = CARTESIAN_POINT ( 'NONE',  ( -9.299187562489999337, -14.93815546519999948, 4.799998025759999898 ) ) ;
#5532 = CARTESIAN_POINT ( 'NONE',  ( -7.581621774895200616, 0.3487021339221597627, 20.23377564469162948 ) ) ;
#5533 = B_SPLINE_SURFACE_WITH_KNOTS ( 'NONE', 5, 5, ( 
 ( #6628, #5944, #1258, #3893, #5865, #6510 ),
 ( #4661, #4699, #7316, #616, #4050, #694 ),
 ( #7196, #3246, #5357, #3359, #8489, #2596 ),
 ( #5983, #7879, #7919, #3323, #75, #1295 ),
 ( #3938, #2044, #6556, #662, #3288, #37 ),
 ( #7279, #731, #118, #4787, #7354, #857 ) ),
 .UNSPECIFIED., .F., .F., .F.,
 ( 6, 6 ),
 ( 6, 6 ),
 ( 3.232005407689999998, 3.857684788779999874 ),
 ( 0.000000000000000000, 0.5502330740290000133 ),
 .UNSPECIFIED. ) ;
#5534 = CARTESIAN_POINT ( 'NONE',  ( -14.46847953709999857, -18.48479467069999771, 22.79711901890000192 ) ) ;
#5535 = DIRECTION ( 'NONE',  ( 1.000000000000000000, -6.123233995739999133E-17, 2.985759393769999632E-16 ) ) ;
#5536 = B_SPLINE_CURVE_WITH_KNOTS ( 'NONE', 4,
 ( #3703, #3144, #389, #2373, #5681 ),
 .UNSPECIFIED., .F., .F.,
 ( 5, 5 ),
 ( -3.699773592729999727, 0.000000000000000000 ),
 .UNSPECIFIED. ) ;
#5537 = DIRECTION ( 'NONE',  ( -6.123233995739999133E-17, -1.000000000000000000, -1.301554129509999901E-15 ) ) ;
#5538 = EDGE_LOOP ( 'NONE', ( #3095, #62, #3093, #6476 ) ) ;
#5539 = ORIENTED_EDGE ( 'NONE', *, *, #3163, .T. ) ;
#5540 = CARTESIAN_POINT ( 'NONE',  ( -21.18893532420000270, -18.60605334270000100, 7.899998025009999481 ) ) ;
#5541 = CARTESIAN_POINT ( 'NONE',  ( -24.15535058362214116, 4.109499796724108478, 10.55467936514204474 ) ) ;
#5542 = CARTESIAN_POINT ( 'NONE',  ( -24.96696152130000002, -20.98877819490000363, 4.743069911959999274 ) ) ;
#5543 = CARTESIAN_POINT ( 'NONE',  ( -26.02847298025591272, -15.58475234198826520, 22.81533286184406251 ) ) ;
#5544 = CARTESIAN_POINT ( 'NONE',  ( -19.26449178769999904, 4.136676463269999715, 23.35079287350000143 ) ) ;
#5545 = CARTESIAN_POINT ( 'NONE',  ( -13.43903589154584388, 2.600437768910013325, 4.180675507083774001 ) ) ;
#5546 = VERTEX_POINT ( 'NONE', #1101 ) ;
#5547 = CARTESIAN_POINT ( 'NONE',  ( -18.13089439579999862, 1.542263991679999835, 4.462085847010000883 ) ) ;
#5548 = CC_DESIGN_DATE_AND_TIME_ASSIGNMENT ( #7258, #7894, ( #4200 ) ) ;
#5549 = CARTESIAN_POINT ( 'NONE',  ( -25.34376313825716309, -0.8841228178521937098, 5.099953347717169905 ) ) ;
#5550 = CARTESIAN_POINT ( 'NONE',  ( -24.76483946149999937, -21.29104438329999738, 4.994261181899999791 ) ) ;
#5551 = CARTESIAN_POINT ( 'NONE',  ( -18.80951262884797615, -18.48480662544385211, 4.638383134467806812 ) ) ;
#5552 = CARTESIAN_POINT ( 'NONE',  ( 2.186362437220000121, 0.6652049272439999328, 19.26654600530000039 ) ) ;
#5553 = CARTESIAN_POINT ( 'NONE',  ( 2.767836032192559248, -1.273767222515619579, 21.26617386222243766 ) ) ;
#5554 = CARTESIAN_POINT ( 'NONE',  ( -28.44380790379999979, 3.295429387700000046, 8.407104665239998553 ) ) ;
#5555 = CARTESIAN_POINT ( 'NONE',  ( -6.299190329860000048, 0.6652053292599999779, 19.26654564780000101 ) ) ;
#5556 = CARTESIAN_POINT ( 'NONE',  ( 2.751262496309999861, -1.864504525820000147, 6.613305935109999645 ) ) ;
#5557 = ORIENTED_EDGE ( 'NONE', *, *, #4093, .T. ) ;
#5558 = COORDINATED_UNIVERSAL_TIME_OFFSET ( 10, 0, .AHEAD. ) ;
#5559 = ORIENTED_EDGE ( 'NONE', *, *, #1826, .T. ) ;
#5560 = DIRECTION ( 'NONE',  ( -1.000000000000000000, 0.000000000000000000, 0.000000000000000000 ) ) ;
#5561 = EDGE_CURVE ( 'NONE', #478, #1511, #1379, .T. ) ;
#5562 = CARTESIAN_POINT ( 'NONE',  ( -17.15519641680000262, 3.717816280780000149, 4.448020664560000448 ) ) ;
#5563 = CARTESIAN_POINT ( 'NONE',  ( -28.35289530480000053, 3.204545897050000036, 8.109085555050000949 ) ) ;
#5564 = CARTESIAN_POINT ( 'NONE',  ( -18.35750747779999870, -18.84037330570000179, 4.604741032119999744 ) ) ;
#5565 = CARTESIAN_POINT ( 'NONE',  ( -15.34974099885790189, -20.17740898769173796, 24.34602266670931670 ) ) ;
#5566 = CARTESIAN_POINT ( 'NONE',  ( 2.370866892220000022, -1.044071589999999938, 21.39003612950000388 ) ) ;
#5567 = CARTESIAN_POINT ( 'NONE',  ( -16.82122911059999737, 2.192392967590000019, 24.26551799509999796 ) ) ;
#5568 = CARTESIAN_POINT ( 'NONE',  ( -24.94380781629999788, -21.28479467069999842, 23.89999802579999866 ) ) ;
#5569 = CARTESIAN_POINT ( 'NONE',  ( -15.58689446386554245, 2.379790604026349676, 24.33999512565724643 ) ) ;
#5570 = CARTESIAN_POINT ( 'NONE',  ( -7.090533951606588836, -22.28479467090000199, 19.40732425510526937 ) ) ;
#5571 = CIRCLE ( 'NONE', #5164, 6.200000000009999290 ) ;
#5572 = CARTESIAN_POINT ( 'NONE',  ( -27.91351068367588439, -1.214841107902623341, 7.669700893135882325 ) ) ;
#5573 = LINE ( 'NONE', #1696, #112 ) ;
#5574 = CARTESIAN_POINT ( 'NONE',  ( -6.299189361209999838, -14.50844907419999963, 23.50710480670000280 ) ) ;
#5575 = CARTESIAN_POINT ( 'NONE',  ( -25.55630476586987143, -17.44977048987070489, 5.312494975329846270 ) ) ;
#5576 = AXIS2_PLACEMENT_3D ( 'NONE', #4358, #6287, #7530 ) ;
#5577 = CARTESIAN_POINT ( 'NONE',  ( -6.865568067909999073, 0.4833837922630000450, 19.86258392030000053 ) ) ;
#5578 = ORIENTED_EDGE ( 'NONE', *, *, #4034, .F. ) ;
#5579 = ORIENTED_EDGE ( 'NONE', *, *, #4932, .F. ) ;
#5580 = ORIENTED_EDGE ( 'NONE', *, *, #5937, .T. ) ;
#5581 = CARTESIAN_POINT ( 'NONE',  ( -26.69021865559999895, -20.93103360739999985, 6.446408865019999546 ) ) ;
#5582 = LINE ( 'NONE', #7628, #1878 ) ;
#5583 = AXIS2_PLACEMENT_3D ( 'NONE', #4127, #6695, #2068 ) ;
#5584 = CARTESIAN_POINT ( 'NONE',  ( -24.10684201520000158, -21.31402216050000220, 9.526479980630000455 ) ) ;
#5585 = CARTESIAN_POINT ( 'NONE',  ( -25.43918558841478728, -16.24352067483712148, 23.40462025368519505 ) ) ;
#5586 = CARTESIAN_POINT ( 'NONE',  ( -9.299189149460001858, -2.731434826200000110, 23.79999802580000079 ) ) ;
#5587 = CARTESIAN_POINT ( 'NONE',  ( -27.93938575249134004, -16.86197392476957546, 7.695575961951319321 ) ) ;
#5588 = CARTESIAN_POINT ( 'NONE',  ( -15.62487092523239163, -19.94817026392196624, 24.23861268390987789 ) ) ;
#5589 = AXIS2_PLACEMENT_3D ( 'NONE', #750, #3381, #7976 ) ;
#5590 = ORIENTED_EDGE ( 'NONE', *, *, #6523, .T. ) ;
#5591 = CARTESIAN_POINT ( 'NONE',  ( -17.34230116839999880, 3.942651973719999869, 4.519581477269999148 ) ) ;
#5592 = CARTESIAN_POINT ( 'NONE',  ( -18.70726192791794062, -18.48479489258345154, 23.90044450351977190 ) ) ;
#5593 = DIRECTION ( 'NONE',  ( 0.000000000000000000, 0.000000000000000000, 1.000000000000000000 ) ) ;
#5594 = DIRECTION ( 'NONE',  ( -6.239972227196005990E-17, 0.7071067811865475727, 0.7071067811865475727 ) ) ;
#5595 = CARTESIAN_POINT ( 'NONE',  ( -22.51598342710000011, 3.399803961799999552, 23.68459665829999850 ) ) ;
#5596 = CARTESIAN_POINT ( 'NONE',  ( -23.54652548980000049, -21.80113027370000367, 19.09732830489999955 ) ) ;
#5597 = CARTESIAN_POINT ( 'NONE',  ( -18.67215898859999967, 1.138984038170000046, 4.480987246460000684 ) ) ;
#5598 = DIRECTION ( 'NONE',  ( 1.000000000000000000, 6.123233995739999133E-17, 6.123233995739999133E-17 ) ) ;
#5599 = AXIS2_PLACEMENT_3D ( 'NONE', #1912, #1342, #5904 ) ;
#5600 = DIRECTION ( 'NONE',  ( -0.4999999999998740452, -0.6123724356958458737, 0.6123724356958458737 ) ) ;
#5601 = EDGE_LOOP ( 'NONE', ( #4196, #6122, #4805, #6366 ) ) ;
#5602 = ORIENTED_EDGE ( 'NONE', *, *, #814, .T. ) ;
#5603 = CARTESIAN_POINT ( 'NONE',  ( -8.608650376499999979, -2.846732944469999804, 23.76237113610000051 ) ) ;
#5604 = CARTESIAN_POINT ( 'NONE',  ( -26.47637157029999599, -2.234794670746000023, 6.399998025759998654 ) ) ;
#5605 = CARTESIAN_POINT ( 'NONE',  ( -28.44380781629999788, 3.203276003570000530, 8.407104806670000485 ) ) ;
#5606 = CARTESIAN_POINT ( 'NONE',  ( -19.08533953988589005, 0.8149932623981465118, 24.09007529858486052 ) ) ;
#5607 = B_SPLINE_SURFACE_WITH_KNOTS ( 'NONE', 5, 5, ( 
 ( #1784, #2556, #5146, #1092, #6336, #3036 ),
 ( #1865, #3169, #7070, #538, #448, #5782 ),
 ( #4496, #7117, #2475, #5103, #1217, #3851 ),
 ( #7795, #3077, #5658, #3120, #6470, #5064 ),
 ( #6428, #5192, #1914, #5745, #8257, #7707 ),
 ( #1822, #4447, #6376, #1048, #4407, #3761 ) ),
 .UNSPECIFIED., .F., .F., .F.,
 ( 6, 6 ),
 ( 6, 6 ),
 ( 4.516542379599999713, 5.610853143219999950 ),
 ( 0.000000000000000000, 0.3087244227620000170 ),
 .UNSPECIFIED. ) ;
#5608 = DIRECTION ( 'NONE',  ( 1.000000000000000000, 0.000000000000000000, 0.000000000000000000 ) ) ;
#5609 = CARTESIAN_POINT ( 'NONE',  ( -21.17738068719848243, -21.40742034175158182, 23.79032019686869148 ) ) ;
#5610 = EDGE_LOOP ( 'NONE', ( #6749, #7381, #4676, #476 ) ) ;
#5611 = CARTESIAN_POINT ( 'NONE',  ( 2.580018731939999643, -1.058980046409999876, 21.36644326509999914 ) ) ;
#5612 = EDGE_CURVE ( 'NONE', #6598, #4620, #5697, .T. ) ;
#5613 = CARTESIAN_POINT ( 'NONE',  ( -17.19893080050000123, 1.991165988959999966, 24.19844546459999890 ) ) ;
#5614 = CARTESIAN_POINT ( 'NONE',  ( -23.92461006030000092, 3.650796499390000172, 19.31322111320000090 ) ) ;
#5615 = CARTESIAN_POINT ( 'NONE',  ( -28.15427769234173283, -21.17268259221104643, 20.19289124500000199 ) ) ;
#5616 = CARTESIAN_POINT ( 'NONE',  ( -25.52900776439999930, 3.594769696740000242, 14.80495430649999911 ) ) ;
#5617 = CARTESIAN_POINT ( 'NONE',  ( -27.88181427287068104, -0.5351059577081027641, 7.638004482330689626 ) ) ;
#5618 = CARTESIAN_POINT ( 'NONE',  ( 2.856605794830000100, -18.16146481150000014, 18.33074040450000197 ) ) ;
#5619 = CARTESIAN_POINT ( 'NONE',  ( -17.05898334639999803, -22.03522749129999880, 24.03153169980000214 ) ) ;
#5620 = ORIENTED_EDGE ( 'NONE', *, *, #150, .F. ) ;
#5621 = CARTESIAN_POINT ( 'NONE',  ( -25.73627913826697622, -17.66989672368457676, 5.492469347726949280 ) ) ;
#5622 = CARTESIAN_POINT ( 'NONE',  ( -28.38992091575233090, -20.87422908576666458, 8.146110669533705106 ) ) ;
#5623 = EDGE_LOOP ( 'NONE', ( #1373, #2518, #972, #4322 ) ) ;
#5624 = EDGE_LOOP ( 'NONE', ( #2752, #4543, #3948, #3551, #5393, #5509 ) ) ;
#5625 = CARTESIAN_POINT ( 'NONE',  ( -22.94103677760000082, -21.05455011320000125, 23.66975346830000149 ) ) ;
#5626 = CARTESIAN_POINT ( 'NONE',  ( -28.44380781629999788, 0.8152053292530000439, 14.29999802579999901 ) ) ;
#5627 = CARTESIAN_POINT ( 'NONE',  ( -18.05339780223960489, -21.65276095736502882, 23.91361982858288826 ) ) ;
#5628 = CARTESIAN_POINT ( 'NONE',  ( -25.49034858010577764, -16.13508642899441980, 23.35345726199419047 ) ) ;
#5629 = B_SPLINE_CURVE_WITH_KNOTS ( 'NONE', 5,
 ( #5432, #4867, #1586, #6184, #3059, #6971 ),
 .UNSPECIFIED., .F., .F.,
 ( 6, 6 ),
 ( -0.5502330933350000342, 0.000000000000000000 ),
 .UNSPECIFIED. ) ;
#5630 = CARTESIAN_POINT ( 'NONE',  ( -8.886439217459999540, -3.068442845979999944, 23.79999802580000079 ) ) ;
#5631 = CARTESIAN_POINT ( 'NONE',  ( -19.26638670539999865, 4.288545053800000062, 23.34392580029999920 ) ) ;
#5632 = CARTESIAN_POINT ( 'NONE',  ( 2.186362437220000121, -3.868246691199999976, 4.799998427779999410 ) ) ;
#5633 = EDGE_LOOP ( 'NONE', ( #6900, #6210, #1972, #3174 ) ) ;
#5634 = ADVANCED_FACE ( 'NONE', ( #6190 ), #991, .T. ) ;
#5635 = CARTESIAN_POINT ( 'NONE',  ( 2.619375720519999895, 0.3840909486749999879, 19.38732881760000026 ) ) ;
#5636 = CARTESIAN_POINT ( 'NONE',  ( -12.25971635719999853, 0.5773042456920000065, 5.157335786159999991 ) ) ;
#5637 = CARTESIAN_POINT ( 'NONE',  ( -8.869810736979999888, -18.09132539410000007, 7.670758753050000323 ) ) ;
#5638 = CARTESIAN_POINT ( 'NONE',  ( -18.68179362129999888, -18.48479467069999771, 4.720019787010000023 ) ) ;
#5639 = CARTESIAN_POINT ( 'NONE',  ( 2.254902576979999740, 0.6288285617609999933, 19.59083315790000057 ) ) ;
#5640 = CARTESIAN_POINT ( 'NONE',  ( -6.639335386710000009, 0.8152053297829999767, 14.29999802579999901 ) ) ;
#5641 = CARTESIAN_POINT ( 'NONE',  ( -18.36188752480000019, 1.268561360769999924, 4.484550483940000554 ) ) ;
#5642 = CARTESIAN_POINT ( 'NONE',  ( -18.19022784460000253, -18.99791458019999979, 24.00430222530000179 ) ) ;
#5643 = CARTESIAN_POINT ( 'NONE',  ( -26.48855656659999980, 3.561261514200000367, 21.94145505450000044 ) ) ;
#5644 = ORIENTED_EDGE ( 'NONE', *, *, #2708, .T. ) ;
#5645 = CARTESIAN_POINT ( 'NONE',  ( -18.42411692470000162, 1.368691457289999969, 24.12767064850000054 ) ) ;
#5646 = CARTESIAN_POINT ( 'NONE',  ( -16.64159522609999797, 3.617356501659999779, 4.349760859949999947 ) ) ;
#5647 = CARTESIAN_POINT ( 'NONE',  ( -23.54992497779999994, -21.65071685350000052, 19.10206151330000068 ) ) ;
#5648 = CARTESIAN_POINT ( 'NONE',  ( -19.02688669450000347, -18.26219278919999667, 4.719323439670000120 ) ) ;
#5649 = CARTESIAN_POINT ( 'NONE',  ( 2.447673396050000338, -3.437397312349999901, 4.975606720770000990 ) ) ;
#5650 = CARTESIAN_POINT ( 'NONE',  ( -24.99462983207252975, -20.98872118753333282, 4.750820089657462830 ) ) ;
#5651 = CARTESIAN_POINT ( 'NONE',  ( 2.157722703700000189, -3.161140184410000220, 23.50710516090000368 ) ) ;
#5652 = CARTESIAN_POINT ( 'NONE',  ( -17.09938137119999979, 1.822953479020000156, 24.09224894269999950 ) ) ;
#5653 = CARTESIAN_POINT ( 'NONE',  ( -23.69197356120000109, 3.829584145340000134, 19.18253872659999715 ) ) ;
#5654 = DIRECTION ( 'NONE',  ( -5.616842003121400535E-16, -1.000000000000000000, -1.028156032151247997E-15 ) ) ;
#5655 = CARTESIAN_POINT ( 'NONE',  ( -22.54611231240000180, 3.698934701229999789, 6.767078592590000774 ) ) ;
#5656 = EDGE_CURVE ( 'NONE', #1243, #6454, #6409, .T. ) ;
#5657 = CARTESIAN_POINT ( 'NONE',  ( 2.539598974140000021, -3.315073221830000083, 23.42859480140000272 ) ) ;
#5658 = CARTESIAN_POINT ( 'NONE',  ( -18.73498651799999948, -18.61577769450000375, 24.00216885080000040 ) ) ;
#5659 = CARTESIAN_POINT ( 'NONE',  ( -21.18900628388995955, -21.33208258514904543, 4.652723740565875232 ) ) ;
#5660 = EDGE_LOOP ( 'NONE', ( #4613, #567 ) ) ;
#5661 = CARTESIAN_POINT ( 'NONE',  ( -26.33339723511203090, -17.99821130787566403, 6.089587444572003960 ) ) ;
#5662 = CARTESIAN_POINT ( 'NONE',  ( -6.299190329149999990, 0.6652053292599999779, 19.26654496109999926 ) ) ;
#5663 = ORIENTED_EDGE ( 'NONE', *, *, #4275, .F. ) ;
#5664 = EDGE_CURVE ( 'NONE', #5942, #4700, #2502, .T. ) ;
#5665 = CARTESIAN_POINT ( 'NONE',  ( 2.511792936629999584, -13.83776888260000071, 4.893615233810000298 ) ) ;
#5666 = CARTESIAN_POINT ( 'NONE',  ( -19.26638653539999879, 4.288545046190000321, 5.256070174059999545 ) ) ;
#5667 = LINE ( 'NONE', #458, #1191 ) ;
#5668 = CARTESIAN_POINT ( 'NONE',  ( -25.34822987537804195, -16.86197387472035203, 23.49557596672192972 ) ) ;
#5669 = ADVANCED_FACE ( 'NONE', ( #2543 ), #7105, .T. ) ;
#5670 = CARTESIAN_POINT ( 'NONE',  ( -28.36644191070000076, -21.05818610160000404, 8.194746635039999560 ) ) ;
#5671 = CARTESIAN_POINT ( 'NONE',  ( -19.33856520480000185, 3.868766978610000074, 23.51887654769999969 ) ) ;
#5672 = CARTESIAN_POINT ( 'NONE',  ( -11.98346281939999969, -17.98095831129999667, 23.58166338299999865 ) ) ;
#5673 = ORIENTED_EDGE ( 'NONE', *, *, #4266, .F. ) ;
#5674 = CARTESIAN_POINT ( 'NONE',  ( -12.84683463049999830, 0.3222849619400000032, 23.79999802580000079 ) ) ;
#5675 = CARTESIAN_POINT ( 'NONE',  ( -11.73446219480000074, 0.2775777649560000060, 5.187625590070000570 ) ) ;
#5676 = CARTESIAN_POINT ( 'NONE',  ( -6.909348057539999921, -18.30395181460000131, 9.019287449190001027 ) ) ;
#5677 = CARTESIAN_POINT ( 'NONE',  ( -18.91669072385863615, -18.48479511810314335, 4.609674815314515506 ) ) ;
#5678 = ADVANCED_FACE ( 'NONE', ( #5771 ), #8465, .T. ) ;
#5679 = CARTESIAN_POINT ( 'NONE',  ( 2.753368457513697631, -2.091141014930412378, 22.08263017849866827 ) ) ;
#5680 = CARTESIAN_POINT ( 'NONE',  ( 2.539599806939999649, -14.35451627149999965, 5.171401685100000201 ) ) ;
#5681 = CARTESIAN_POINT ( 'NONE',  ( 2.619374955280000083, -13.92213123390000007, 5.081114077389999650 ) ) ;
#5682 = CARTESIAN_POINT ( 'NONE',  ( -23.18893532339999553, -15.59887236583946546, 21.54529335131783085 ) ) ;
#5683 = EDGE_CURVE ( 'NONE', #15, #1332, #5896, .T. ) ;
#5684 = VERTEX_POINT ( 'NONE', #4609 ) ;
#5685 = CARTESIAN_POINT ( 'NONE',  ( -6.299189362029999906, -3.711167415979999884, 23.79999802580000079 ) ) ;
#5686 = CARTESIAN_POINT ( 'NONE',  ( -16.64159522609999797, 3.617356501659999779, 4.349760859949999947 ) ) ;
#5687 = CARTESIAN_POINT ( 'NONE',  ( -21.65906168690000300, -21.87033009550000173, 21.83462651869999860 ) ) ;
#5688 = ORIENTED_EDGE ( 'NONE', *, *, #376, .F. ) ;
#5689 = CARTESIAN_POINT ( 'NONE',  ( -18.10133303299999952, -18.82657092670000054, 4.719833194729999626 ) ) ;
#5690 = CARTESIAN_POINT ( 'NONE',  ( 2.157722789249999717, -3.161140232140000172, 5.092891049350000365 ) ) ;
#5691 = CARTESIAN_POINT ( 'NONE',  ( -17.33233876170000087, 3.338063262689999977, 24.16579642239999970 ) ) ;
#5692 = CARTESIAN_POINT ( 'NONE',  ( -16.99335795009999828, 2.409393659210000038, 4.377610424310000248 ) ) ;
#5693 = ORIENTED_EDGE ( 'NONE', *, *, #5561, .F. ) ;
#5694 = CARTESIAN_POINT ( 'NONE',  ( -16.76758416750000080, 2.093087814950000070, 24.23950206940000029 ) ) ;
#5695 = B_SPLINE_CURVE_WITH_KNOTS ( 'NONE', 5,
 ( #7572, #1600, #4231, #6851, #2298, #6195 ),
 .UNSPECIFIED., .F., .F.,
 ( 6, 6 ),
 ( 0.000000000000000000, 1.000000000000000000 ),
 .UNSPECIFIED. ) ;
#5696 = CARTESIAN_POINT ( 'NONE',  ( -20.84670653519999917, 3.931172944249999635, 5.962731730759999849 ) ) ;
#5697 = B_SPLINE_CURVE_WITH_KNOTS ( 'NONE', 5,
 ( #7608, #5563, #1077, #350, #2981, #5605 ),
 .UNSPECIFIED., .F., .F.,
 ( 6, 6 ),
 ( 1.480825287570000093, 1.790136363220000026 ),
 .UNSPECIFIED. ) ;
#5698 = CARTESIAN_POINT ( 'NONE',  ( 2.590735491160000237, -17.90263618790000066, 8.851131175709999965 ) ) ;
#5699 = CARTESIAN_POINT ( 'NONE',  ( -12.00594441631752751, -17.96700461950048222, 23.57314242173618268 ) ) ;
#5700 = CARTESIAN_POINT ( 'NONE',  ( -27.73131087315363175, -0.2198188603652869999, 7.487501082613627013 ) ) ;
#5701 = DIRECTION ( 'NONE',  ( 0.04108346551130862001, 0.7071067811871483144, 0.7059122812791484014 ) ) ;
#5702 = CARTESIAN_POINT ( 'NONE',  ( -16.15645066281171793, 2.501501859077416956, 24.36913209985604212 ) ) ;
#5703 = CARTESIAN_POINT ( 'NONE',  ( -26.64380781570000067, -15.43479467070000055, 6.399998025110000377 ) ) ;
#5704 = CARTESIAN_POINT ( 'NONE',  ( -6.299190190310000048, 0.3723121682939999899, 19.97365180009999719 ) ) ;
#5705 = CONICAL_SURFACE ( 'NONE', #2951, 8.500000000000007105, 1.047197551199999799 ) ;
#5706 = ORIENTED_EDGE ( 'NONE', *, *, #7846, .F. ) ;
#5707 = CARTESIAN_POINT ( 'NONE',  ( 2.498070891659999848, -13.88829311830000002, 4.893806697010000484 ) ) ;
#5708 = CARTESIAN_POINT ( 'NONE',  ( 2.450921916679999590, -18.09288048680000216, 19.79760075170000277 ) ) ;
#5709 = LINE ( 'NONE', #328, #3122 ) ;
#5710 = CARTESIAN_POINT ( 'NONE',  ( -25.81957819009909016, -15.72944108458493595, 23.02422765200088506 ) ) ;
#5711 = VECTOR ( 'NONE', #1836, 1000.000000000000000 ) ;
#5712 = CARTESIAN_POINT ( 'NONE',  ( -8.435306177919999371, -3.359510799270000181, 23.79999802580000079 ) ) ;
#5713 = ADVANCED_FACE ( 'NONE', ( #7228 ), #3969, .T. ) ;
#5714 = CARTESIAN_POINT ( 'NONE',  ( -12.56065347590000059, -18.33456617210000061, 5.200018739629999942 ) ) ;
#5715 = CARTESIAN_POINT ( 'NONE',  ( -12.52136751340000131, -18.15517775530000222, 23.70526669050000024 ) ) ;
#5716 = EDGE_LOOP ( 'NONE', ( #8217, #6537, #3138, #1053 ) ) ;
#5717 =( GEOMETRIC_REPRESENTATION_CONTEXT ( 3 ) GLOBAL_UNCERTAINTY_ASSIGNED_CONTEXT ( ( #8466 ) ) GLOBAL_UNIT_ASSIGNED_CONTEXT ( ( #6396, #3531, #4830 ) ) REPRESENTATION_CONTEXT ( 'NONE', 'WORKASPACE' ) );
#5718 = CARTESIAN_POINT ( 'NONE',  ( 2.861196246596817705, -18.06259694390258375, 10.09572342593723704 ) ) ;
#5719 = EDGE_CURVE ( 'NONE', #3321, #6976, #3630, .T. ) ;
#5720 = ORIENTED_EDGE ( 'NONE', *, *, #3646, .T. ) ;
#5721 = CARTESIAN_POINT ( 'NONE',  ( 3.791064675920000404, -12.90991174887573578, 6.840546249731827899 ) ) ;
#5722 = CARTESIAN_POINT ( 'NONE',  ( 2.547408388140000035, 0.4802604700800000570, 9.128120235159999041 ) ) ;
#5723 = LINE ( 'NONE', #8325, #1745 ) ;
#5724 = CARTESIAN_POINT ( 'NONE',  ( 2.708434373758520586, -0.5290489305983459012, 20.51784494450068053 ) ) ;
#5725 = CARTESIAN_POINT ( 'NONE',  ( -18.58153365669999957, 1.004468774160000022, 4.565822745250000203 ) ) ;
#5726 = CARTESIAN_POINT ( 'NONE',  ( -18.11680905969999955, -18.85728192879999909, 23.92700584580000012 ) ) ;
#5727 = CARTESIAN_POINT ( 'NONE',  ( -23.18893532339999553, -17.77436156581763527, 21.40108728983260988 ) ) ;
#5728 = CIRCLE ( 'NONE', #8462, 0.5000000015800000197 ) ;
#5729 = EDGE_LOOP ( 'NONE', ( #72, #2649 ) ) ;
#5730 = CARTESIAN_POINT ( 'NONE',  ( -8.797524908909998942, -3.141040883869999689, 23.79999802580000079 ) ) ;
#5731 = EDGE_CURVE ( 'NONE', #3032, #8243, #3950, .T. ) ;
#5732 = CARTESIAN_POINT ( 'NONE',  ( -23.18893532339999553, -1.104964272815450288, 7.699998025760001141 ) ) ;
#5733 = CARTESIAN_POINT ( 'NONE',  ( -23.70566063800000123, -21.38471164270000102, 19.19234040400000296 ) ) ;
#5734 = VECTOR ( 'NONE', #4246, 1000.000000000000000 ) ;
#5735 = CARTESIAN_POINT ( 'NONE',  ( -19.04318010324639943, 0.8151202704102512575, 24.08248604192327846 ) ) ;
#5736 = FACE_OUTER_BOUND ( 'NONE', #1422, .T. ) ;
#5737 = LINE ( 'NONE', #8340, #4627 ) ;
#5738 = CARTESIAN_POINT ( 'NONE',  ( -16.86117688129999692, 3.238211629799999880, 4.378667574239999638 ) ) ;
#5739 = CIRCLE ( 'NONE', #2440, 8.499999999780001758 ) ;
#5740 = CARTESIAN_POINT ( 'NONE',  ( -17.07149212980000286, -19.70418385909999870, 24.11221384930000156 ) ) ;
#5741 = EDGE_LOOP ( 'NONE', ( #2653, #2551, #7198, #3532 ) ) ;
#5742 = CARTESIAN_POINT ( 'NONE',  ( -16.02933839715171871, 2.294506249963864875, 24.28932493067876308 ) ) ;
#5743 = DIRECTION ( 'NONE',  ( -0.03489949670249885977, 0.9993908270190958731, 0.000000000000000000 ) ) ;
#5744 = CARTESIAN_POINT ( 'NONE',  ( -27.92811797580542077, -1.137880736191516862, 7.684308185265419588 ) ) ;
#5745 = CARTESIAN_POINT ( 'NONE',  ( -18.88879038170000157, -18.44996350750000147, 23.97560845510000149 ) ) ;
#5746 = CARTESIAN_POINT ( 'NONE',  ( -15.60897677326977195, 2.602467064102220284, 24.42675334823191591 ) ) ;
#5747 = CARTESIAN_POINT ( 'NONE',  ( -25.45843929870754963, -17.27083446037824643, 5.214629508167519134 ) ) ;
#5748 = CARTESIAN_POINT ( 'NONE',  ( -8.519958377529999183, 0.5522730768769998910, 20.42589011700000157 ) ) ;
#5749 = ORIENTED_EDGE ( 'NONE', *, *, #7842, .F. ) ;
#5750 = ORIENTED_EDGE ( 'NONE', *, *, #3646, .F. ) ;
#5751 = CARTESIAN_POINT ( 'NONE',  ( -25.24066650410000179, -21.27442813649999565, 15.03984445340000065 ) ) ;
#5752 = FACE_OUTER_BOUND ( 'NONE', #7294, .T. ) ;
#5753 = CARTESIAN_POINT ( 'NONE',  ( -11.98346281939999969, 0.3113689698420000207, 23.58166338299999865 ) ) ;
#5754 = CARTESIAN_POINT ( 'NONE',  ( -15.34464110819999938, -19.96004195089999911, 4.341601711160000043 ) ) ;
#5755 = CARTESIAN_POINT ( 'NONE',  ( -28.39750306380000211, -20.87351213929999716, 8.175490361250000504 ) ) ;
#5756 = CARTESIAN_POINT ( 'NONE',  ( -12.53595017620000185, -18.05117346140000123, 4.832591918549999477 ) ) ;
#5757 = CARTESIAN_POINT ( 'NONE',  ( -15.34464111680000009, -19.96004209960000253, 24.25839448880000049 ) ) ;
#5758 = ORIENTED_EDGE ( 'NONE', *, *, #5005, .F. ) ;
#5759 = CARTESIAN_POINT ( 'NONE',  ( 2.498070202859999700, -13.88829409329999898, 4.893807251380000167 ) ) ;
#5760 = DIRECTION ( 'NONE',  ( 0.000000000000000000, 1.000000000000000000, 0.000000000000000000 ) ) ;
#5761 = CARTESIAN_POINT ( 'NONE',  ( 2.251315800930000055, 0.4858372468030000002, 8.743138159199999038 ) ) ;
#5762 = CARTESIAN_POINT ( 'NONE',  ( -27.09624263207173200, -15.51592810399005096, 21.74756321002823611 ) ) ;
#5763 = EDGE_CURVE ( 'NONE', #1097, #285, #7411, .T. ) ;
#5764 = CARTESIAN_POINT ( 'NONE',  ( -25.06096053299999937, -21.17263365180000179, 23.73213547870000184 ) ) ;
#5765 = CARTESIAN_POINT ( 'NONE',  ( -17.73579184700000155, 1.516645462339999861, 4.523993929580000461 ) ) ;
#5766 = CARTESIAN_POINT ( 'NONE',  ( -16.64161113470000330, 3.617351738730000044, 24.25023321830000000 ) ) ;
#5767 = CARTESIAN_POINT ( 'NONE',  ( -17.93145019480000002, 3.772121557700000238, 24.06142682920000198 ) ) ;
#5768 = ORIENTED_EDGE ( 'NONE', *, *, #7842, .T. ) ;
#5769 = CARTESIAN_POINT ( 'NONE',  ( 2.650188389556591861, -14.59324962620061505, 5.538324831107302337 ) ) ;
#5770 = CARTESIAN_POINT ( 'NONE',  ( -6.299189361209999838, -1.394414771109999895, 6.859616740979999960 ) ) ;
#5771 = FACE_OUTER_BOUND ( 'NONE', #7913, .T. ) ;
#5772 = CARTESIAN_POINT ( 'NONE',  ( -7.983757033084440735, -2.709515712836655155, 23.46602277136659609 ) ) ;
#5773 = CARTESIAN_POINT ( 'NONE',  ( 2.527129026479999929, -3.386655825889999694, 5.102935755989999933 ) ) ;
#5774 = CARTESIAN_POINT ( 'NONE',  ( -5.564781011200000904, -21.98479467019999944, 14.30079563719999491 ) ) ;
#5775 = CARTESIAN_POINT ( 'NONE',  ( -18.68179362129999888, -18.48479467069999771, 4.720019787010000023 ) ) ;
#5776 = EDGE_CURVE ( 'NONE', #324, #7998, #2156, .T. ) ;
#5777 = CARTESIAN_POINT ( 'NONE',  ( -15.62527431980483428, -19.94445994336908612, 4.362498259110481946 ) ) ;
#5778 = ORIENTED_EDGE ( 'NONE', *, *, #412, .F. ) ;
#5779 = CARTESIAN_POINT ( 'NONE',  ( -17.98699866870000008, -19.04824176410000192, 4.597451338580000879 ) ) ;
#5780 = CARTESIAN_POINT ( 'NONE',  ( -23.72605109510000077, 3.657730330990000223, 8.218673706200000595 ) ) ;
#5781 = CARTESIAN_POINT ( 'NONE',  ( 2.586002758049999795, -3.811285516609999924, 23.61972501360000010 ) ) ;
#5782 = CARTESIAN_POINT ( 'NONE',  ( -18.29300444349999921, -18.72130068279999904, 23.87984296959999853 ) ) ;
#5783 = CARTESIAN_POINT ( 'NONE',  ( -24.88141411229999989, 3.617384165379999850, 23.54859750770000204 ) ) ;
#5784 = ADVANCED_FACE ( 'NONE', ( #4691 ), #6655, .T. ) ;
#5785 = CARTESIAN_POINT ( 'NONE',  ( -16.34267398949999972, -19.78728253970000139, 4.450610772920000180 ) ) ;
#5786 = CARTESIAN_POINT ( 'NONE',  ( -16.99587673040000269, 2.392871914009999657, 24.22241091090000253 ) ) ;
#5787 = CARTESIAN_POINT ( 'NONE',  ( -17.44557653440000067, 3.694603708950000343, 24.13955422540000129 ) ) ;
#5788 = CARTESIAN_POINT ( 'NONE',  ( -23.54652561540000022, -21.80113027240000179, 19.09732814919999910 ) ) ;
#5789 = CARTESIAN_POINT ( 'NONE',  ( -9.299188471460000827, -2.731433812929999760, 4.799998025759999898 ) ) ;
#5790 = CARTESIAN_POINT ( 'NONE',  ( -7.946585744690000119, -3.592954384160000014, 4.799998025759999898 ) ) ;
#5791 = CARTESIAN_POINT ( 'NONE',  ( 3.091064676670000289, -8.834794670739999134, 14.29999802579999901 ) ) ;
#5792 = CARTESIAN_POINT ( 'NONE',  ( -19.08684126490000210, 3.840205717309999933, 4.863670513269999773 ) ) ;
#5793 = LINE ( 'NONE', #8315, #2831 ) ;
#5794 = CARTESIAN_POINT ( 'NONE',  ( -18.10133299579999999, -18.82657094559999678, 4.719834172579999709 ) ) ;
#5795 = ORIENTED_EDGE ( 'NONE', *, *, #1599, .T. ) ;
#5796 = CARTESIAN_POINT ( 'NONE',  ( 2.527127763239999769, -14.28292708320000060, 5.102929237919999750 ) ) ;
#5797 = CARTESIAN_POINT ( 'NONE',  ( -12.24979075049999899, 0.4314312809809999760, 4.979896215450000163 ) ) ;
#5798 = CARTESIAN_POINT ( 'NONE',  ( -8.023951314290000525, -18.23157640940000235, 20.09710258230000335 ) ) ;
#5799 = CARTESIAN_POINT ( 'NONE',  ( 2.579766478580000300, -14.22654298399999995, 23.42432716679999771 ) ) ;
#5800 = CARTESIAN_POINT ( 'NONE',  ( 2.753367853678260424, -15.50485264760170523, 22.15625334345195796 ) ) ;
#5801 = CARTESIAN_POINT ( 'NONE',  ( 3.791064675920000404, -8.834794670750000023, 14.29999802579999901 ) ) ;
#5802 = ORIENTED_EDGE ( 'NONE', *, *, #658, .T. ) ;
#5803 = CARTESIAN_POINT ( 'NONE',  ( -8.442857968089999332, -2.589514180200000126, 5.020978483940000459 ) ) ;
#5804 = ORIENTED_EDGE ( 'NONE', *, *, #4882, .T. ) ;
#5805 = VERTEX_POINT ( 'NONE', #1377 ) ;
#5806 = CARTESIAN_POINT ( 'NONE',  ( -17.75755128469999988, 1.555273945839999783, 24.11211630450000243 ) ) ;
#5807 = ORIENTED_EDGE ( 'NONE', *, *, #856, .F. ) ;
#5808 = CARTESIAN_POINT ( 'NONE',  ( -18.79214601410000185, 0.8152054484330000239, 4.628694093499999163 ) ) ;
#5809 = CARTESIAN_POINT ( 'NONE',  ( -14.27121456660000121, 0.8152053290870000524, 5.814356888779999899 ) ) ;
#5810 = ORIENTED_EDGE ( 'NONE', *, *, #3926, .F. ) ;
#5811 = EDGE_CURVE ( 'NONE', #6706, #4831, #2149, .T. ) ;
#5812 = CARTESIAN_POINT ( 'NONE',  ( -16.82123430940000475, 2.192390944309999590, 24.26551710160000397 ) ) ;
#5813 = CARTESIAN_POINT ( 'NONE',  ( -28.35289530480000053, 3.204545897050000036, 8.109085555050000949 ) ) ;
#5814 = FACE_OUTER_BOUND ( 'NONE', #2220, .T. ) ;
#5815 = CARTESIAN_POINT ( 'NONE',  ( -17.24180677639999715, 3.756811337570000298, 4.431040335829999677 ) ) ;
#5816 = B_SPLINE_CURVE_WITH_KNOTS ( 'NONE', 5,
 ( #7759, #1181, #6435, #627, #6269, #2969 ),
 .UNSPECIFIED., .F., .F.,
 ( 6, 6 ),
 ( -0.2859475168900000308, 0.000000000000000000 ),
 .UNSPECIFIED. ) ;
#5817 = EDGE_CURVE ( 'NONE', #4109, #5495, #1328, .T. ) ;
#5818 = CARTESIAN_POINT ( 'NONE',  ( -24.99630087579999937, 3.669746019959999828, 11.42221728290000016 ) ) ;
#5819 = ORIENTED_EDGE ( 'NONE', *, *, #6388, .T. ) ;
#5820 = CARTESIAN_POINT ( 'NONE',  ( -24.58542901159999872, 7.215205329249999799, 16.50640174019999762 ) ) ;
#5821 = CARTESIAN_POINT ( 'NONE',  ( -18.97704939079999775, 3.814360600620000152, 4.711091754870000869 ) ) ;
#5822 = CARTESIAN_POINT ( 'NONE',  ( 2.589333617339999893, 0.3829808019540000275, 19.49703793830000009 ) ) ;
#5823 = CARTESIAN_POINT ( 'NONE',  ( 2.708430729074954080, -2.616939790248937747, 5.994250371039771430 ) ) ;
#5824 = CARTESIAN_POINT ( 'NONE',  ( -21.18893532420000270, 0.8152053285050000486, 9.323899588529998894 ) ) ;
#5825 = CARTESIAN_POINT ( 'NONE',  ( -6.299190267470001103, 0.6343628790280000374, 19.58070426589999968 ) ) ;
#5826 = CARTESIAN_POINT ( 'NONE',  ( -7.963669158319999219, 0.4628311734949999701, 8.377090348630000349 ) ) ;
#5827 = LINE ( 'NONE', #5950, #4732 ) ;
#5828 = CARTESIAN_POINT ( 'NONE',  ( -19.41613412879999956, -21.53561406360000063, 4.955013305689999648 ) ) ;
#5829 = CARTESIAN_POINT ( 'NONE',  ( -12.84683463080000010, 0.1652053292599999779, 23.79999802580000079 ) ) ;
#5830 = CARTESIAN_POINT ( 'NONE',  ( 2.254907706879999640, -18.29841789570000188, 19.59080030459999833 ) ) ;
#5831 = EDGE_CURVE ( 'NONE', #4162, #4197, #108, .T. ) ;
#5832 = DIRECTION ( 'NONE',  ( 1.000000000000000000, 6.123233995739999133E-17, 6.123233995739999133E-17 ) ) ;
#5833 = CARTESIAN_POINT ( 'NONE',  ( -18.95587913439999994, 4.291164444889999707, 5.105747232659999746 ) ) ;
#5834 = B_SPLINE_CURVE_WITH_KNOTS ( 'NONE', 4,
 ( #3963, #1280, #3918, #6534, #21 ),
 .UNSPECIFIED., .F., .F.,
 ( 5, 5 ),
 ( -3.699773593279999773, 0.000000000000000000 ),
 .UNSPECIFIED. ) ;
#5835 = AXIS2_PLACEMENT_3D ( 'NONE', #7573, #5654, #4969 ) ;
#5836 = CARTESIAN_POINT ( 'NONE',  ( -28.11265280889999829, 3.504546823690000146, 20.31590995439999858 ) ) ;
#5837 = CARTESIAN_POINT ( 'NONE',  ( 2.430078422780000302, -12.92104262890000044, 4.799998025759999898 ) ) ;
#5838 = ORIENTED_EDGE ( 'NONE', *, *, #781, .F. ) ;
#5839 = VERTEX_POINT ( 'NONE', #4085 ) ;
#5840 = CARTESIAN_POINT ( 'NONE',  ( 2.146752624699999945, -14.39736449989999834, 4.981805671940000124 ) ) ;
#5841 = CARTESIAN_POINT ( 'NONE',  ( -18.88856723459999998, 3.920703241459999600, 23.67218608930000201 ) ) ;
#5842 = CARTESIAN_POINT ( 'NONE',  ( -8.442857055710000225, -18.11381340490000014, 20.54528740579999990 ) ) ;
#5843 = VECTOR ( 'NONE', #2849, 1000.000000000000000 ) ;
#5844 = CARTESIAN_POINT ( 'NONE',  ( 2.254902576979999740, -14.12562980289999892, 23.76362125830000238 ) ) ;
#5845 = CARTESIAN_POINT ( 'NONE',  ( -15.35542634199597245, 2.605672699272239878, 24.44371047292248988 ) ) ;
#5846 = CARTESIAN_POINT ( 'NONE',  ( -16.77889800350000016, 2.714713443509999991, 24.25572515540000040 ) ) ;
#5847 = CARTESIAN_POINT ( 'NONE',  ( -8.869811538470001366, -2.205556603160000240, 5.043467265840000380 ) ) ;
#5848 = CARTESIAN_POINT ( 'NONE',  ( -17.39131236700000116, -19.21972926169999951, 4.677168447449999711 ) ) ;
#5849 = CIRCLE ( 'NONE', #5033, 0.4999999984009982912 ) ;
#5850 = ORIENTED_EDGE ( 'NONE', *, *, #6839, .F. ) ;
#5851 = CARTESIAN_POINT ( 'NONE',  ( 2.620461711097961999, -17.74956190233134379, 8.696352634677909421 ) ) ;
#5852 = DIRECTION ( 'NONE',  ( 5.616842003121400535E-16, 1.000000000000000000, 1.028156032151247997E-15 ) ) ;
#5853 = CARTESIAN_POINT ( 'NONE',  ( -9.299189120200001213, -14.93815458939999985, 23.79999802580000079 ) ) ;
#5854 = DIRECTION ( 'NONE',  ( 0.000000000000000000, 1.301554129509999901E-15, -1.000000000000000000 ) ) ;
#5855 = CARTESIAN_POINT ( 'NONE',  ( -28.39753881140000047, 3.203922296789999624, 8.175536635710001221 ) ) ;
#5856 = CIRCLE ( 'NONE', #6547, 9.199999999999999289 ) ;
#5857 = CARTESIAN_POINT ( 'NONE',  ( -17.18472682239999827, -21.98479488659999959, 24.00540264639999677 ) ) ;
#5858 = VECTOR ( 'NONE', #546, 1000.000000000000000 ) ;
#5859 = CARTESIAN_POINT ( 'NONE',  ( -14.70159302229062881, 0.8152053292529884976, 22.81807556566403150 ) ) ;
#5860 = B_SPLINE_SURFACE_WITH_KNOTS ( 'NONE', 3, 5, ( 
 ( #2347, #1002, #3629, #6248, #362, #5619 ),
 ( #6117, #1049, #8215, #1521, #3681, #6294 ),
 ( #8049, #2173, #241, #2862, #2214, #5491 ),
 ( #1562, #4539, #1262, #619, #7158, #2391 ) ),
 .UNSPECIFIED., .F., .F., .F.,
 ( 4, 4 ),
 ( 6, 6 ),
 ( 0.7182971543230000089, 3.706188718229999957 ),
 ( 0.000000000000000000, 1.156031350059999907 ),
 .UNSPECIFIED. ) ;
#5861 = CARTESIAN_POINT ( 'NONE',  ( -26.47637157029999599, -0.9347946707460000892, 6.399998025760000431 ) ) ;
#5862 = ORIENTED_EDGE ( 'NONE', *, *, #4943, .T. ) ;
#5863 = AXIS2_PLACEMENT_3D ( 'NONE', #6584, #67, #2673 ) ;
#5864 = DIRECTION ( 'NONE',  ( -0.7745968636211397751, 0.6324552939681139518, 0.000000000000000000 ) ) ;
#5865 = CARTESIAN_POINT ( 'NONE',  ( 2.539599056679999745, -17.96339120730000261, 8.780276480390000415 ) ) ;
#5866 = PLANE ( 'NONE',  #3233 ) ;
#5867 = EDGE_CURVE ( 'NONE', #8221, #3403, #564, .T. ) ;
#5868 = B_SPLINE_SURFACE_WITH_KNOTS ( 'NONE', 2, 5, ( 
 ( #4345, #8329, #7054, #1155, #3787, #7601 ),
 ( #2328, #2413, #6969, #429, #1804, #6407 ),
 ( #3102, #518, #1028, #5766, #7689, #1071 ) ),
 .UNSPECIFIED., .F., .F., .F.,
 ( 3, 3 ),
 ( 6, 6 ),
 ( 1.030341557380000106, 1.831216885349999934 ),
 ( 0.000000000000000000, 0.1256789994109999975 ),
 .UNSPECIFIED. ) ;
#5869 = CARTESIAN_POINT ( 'NONE',  ( 2.511794599500000391, -13.83776326279999935, 4.893615165829999114 ) ) ;
#5870 = CARTESIAN_POINT ( 'NONE',  ( -16.71823458380000105, 2.020622120630000129, 4.432895014550000568 ) ) ;
#5871 = ADVANCED_FACE ( 'NONE', ( #4820 ), #1413, .T. ) ;
#5872 = CARTESIAN_POINT ( 'NONE',  ( -17.01561855099999931, -19.60112764500000182, 4.485458588149999315 ) ) ;
#5873 = CARTESIAN_POINT ( 'NONE',  ( -8.703087642699999904, 0.6652052677319999496, 8.459090269199998957 ) ) ;
#5874 = EDGE_LOOP ( 'NONE', ( #7905, #3028, #7652, #1305 ) ) ;
#5875 = CARTESIAN_POINT ( 'NONE',  ( -4.353425745779999190, -6.769633985520000508, 5.799998025759999898 ) ) ;
#5876 = CARTESIAN_POINT ( 'NONE',  ( -25.71757773499999900, 3.295409638090000204, 5.473767944609999603 ) ) ;
#5877 = CARTESIAN_POINT ( 'NONE',  ( -25.03000233080000214, 3.318308272640000389, 23.81380352820000113 ) ) ;
#5878 = DIRECTION ( 'NONE',  ( 0.9987827659587170670, -0.03487826274239014951, 0.03487826274239014951 ) ) ;
#5879 = CARTESIAN_POINT ( 'NONE',  ( -19.26638653549999702, 4.288545046190000321, 5.256070173860000416 ) ) ;
#5880 = CARTESIAN_POINT ( 'NONE',  ( -28.10453925619999893, 3.504830155189999630, 20.32547224769999872 ) ) ;
#5881 = CARTESIAN_POINT ( 'NONE',  ( -22.36661421770000047, -21.37479225430000085, 6.879690634410000172 ) ) ;
#5882 = EDGE_CURVE ( 'NONE', #7204, #8178, #2567, .T. ) ;
#5883 = EDGE_LOOP ( 'NONE', ( #5467, #24, #5186, #466, #2028, #1910, #4662, #1255, #5414, #6866 ) ) ;
#5884 = VERTEX_POINT ( 'NONE', #4004 ) ;
#5885 = CARTESIAN_POINT ( 'NONE',  ( -18.03889204089999865, 4.167219803450000093, 23.86629818369999612 ) ) ;
#5886 = CARTESIAN_POINT ( 'NONE',  ( -6.865570866459999699, -18.15297313950000202, 19.86258382980000192 ) ) ;
#5887 = CARTESIAN_POINT ( 'NONE',  ( -18.96744480734050597, 0.8151809637929438024, 4.536828924482843917 ) ) ;
#5888 = CARTESIAN_POINT ( 'NONE',  ( -15.35032645250000094, 2.388305734539999836, 24.35608216439999651 ) ) ;
#5889 = CARTESIAN_POINT ( 'NONE',  ( -24.74970810007237176, 3.400692888281792392, 23.90677613717525674 ) ) ;
#5890 = CARTESIAN_POINT ( 'NONE',  ( -6.299189122059999590, -3.554090415189999685, 4.830840337439999743 ) ) ;
#5891 = CARTESIAN_POINT ( 'NONE',  ( -18.16291070119999773, -18.94616472549999742, 4.607965678300000256 ) ) ;
#5892 = EDGE_CURVE ( 'NONE', #421, #3155, #3229, .T. ) ;
#5893 = EDGE_LOOP ( 'NONE', ( #5688, #1756, #5750, #3486, #2134, #2906, #6685, #6090, #2807 ) ) ;
#5894 = CARTESIAN_POINT ( 'NONE',  ( -17.12038396400000195, 1.853672980839999873, 4.465512521950000036 ) ) ;
#5895 = DIRECTION ( 'NONE',  ( 1.000000000000000000, 6.123233586839999721E-17, 6.123244133959999531E-17 ) ) ;
#5896 = LINE ( 'NONE', #29, #1050 ) ;
#5897 = CARTESIAN_POINT ( 'NONE',  ( -16.76758946080000001, 2.093085697900000319, 24.23950109749999982 ) ) ;
#5898 = CARTESIAN_POINT ( 'NONE',  ( -28.10894379109999974, -21.17426568690000011, 20.32106786789999830 ) ) ;
#5899 = CARTESIAN_POINT ( 'NONE',  ( -28.20351838612369022, 3.470072968868668006, 20.44335649292896662 ) ) ;
#5900 = CARTESIAN_POINT ( 'NONE',  ( -15.34464110819999938, -19.96004195089999911, 4.341601711160000043 ) ) ;
#5901 = CARTESIAN_POINT ( 'NONE',  ( -24.96700789859999858, -20.98877755470000039, 23.85689034709999845 ) ) ;
#5902 = VERTEX_POINT ( 'NONE', #4167 ) ;
#5903 = CARTESIAN_POINT ( 'NONE',  ( -17.29436528190000288, -20.04359099869999739, 4.552366450960001032 ) ) ;
#5904 = DIRECTION ( 'NONE',  ( 0.05810079428862868073, -2.122433210924824110E-15, 0.9983107220214707533 ) ) ;
#5905 = DIRECTION ( 'NONE',  ( -3.667185335219999466E-18, -1.000000000000000000, -1.320727196930000051E-15 ) ) ;
#5906 = CARTESIAN_POINT ( 'NONE',  ( 3.123718322320000240, -6.417367019240000303, 4.884375680229999794 ) ) ;
#5907 = ORIENTED_EDGE ( 'NONE', *, *, #2398, .F. ) ;
#5908 = CARTESIAN_POINT ( 'NONE',  ( -16.42105241700000207, -19.95990680069999712, 4.358090555829999602 ) ) ;
#5909 = FACE_OUTER_BOUND ( 'NONE', #576, .T. ) ;
#5910 = EDGE_CURVE ( 'NONE', #2160, #2860, #5185, .T. ) ;
#5911 = CARTESIAN_POINT ( 'NONE',  ( -8.708691873680001194, -18.33479467069999913, 19.97085766970000265 ) ) ;
#5912 = DIRECTION ( 'NONE',  ( 0.000000000000000000, 1.320727196930000051E-15, -1.000000000000000000 ) ) ;
#5913 = LINE ( 'NONE', #45, #6952 ) ;
#5914 = CARTESIAN_POINT ( 'NONE',  ( -15.96327473260000041, 2.468996865609999869, 24.39124192379999911 ) ) ;
#5915 = ORIENTED_EDGE ( 'NONE', *, *, #4177, .F. ) ;
#5916 = CARTESIAN_POINT ( 'NONE',  ( -26.34946181989594649, -18.00983053767179598, 22.49434402220402518 ) ) ;
#5917 = CARTESIAN_POINT ( 'NONE',  ( -17.89405922890000156, 3.824981655609999809, 4.584836775750000371 ) ) ;
#5918 = B_SPLINE_CURVE_WITH_KNOTS ( 'NONE', 3,
 ( #1268, #8150, #4907, #7515 ),
 .UNSPECIFIED., .F., .F.,
 ( 4, 4 ),
 ( 11.46699024850000015, 11.51920109249999946 ),
 .UNSPECIFIED. ) ;
#5919 = CARTESIAN_POINT ( 'NONE',  ( -17.50811183423341433, -21.85017374670692192, 4.646477144562628503 ) ) ;
#5920 = CARTESIAN_POINT ( 'NONE',  ( -12.84683463049999830, -17.99187430339999594, 23.79999802580000079 ) ) ;
#5921 = VERTEX_POINT ( 'NONE', #6619 ) ;
#5922 = EDGE_CURVE ( 'NONE', #2330, #6397, #723, .T. ) ;
#5923 = VERTEX_POINT ( 'NONE', #4384 ) ;
#5924 = CARTESIAN_POINT ( 'NONE',  ( -19.33856516490000033, 3.868766979000000106, 23.51887655930000065 ) ) ;
#5925 = CARTESIAN_POINT ( 'NONE',  ( 2.438387289510000056, 0.6652053292599999779, 18.36306078069999970 ) ) ;
#5926 = ORIENTED_EDGE ( 'NONE', *, *, #1806, .T. ) ;
#5927 = CARTESIAN_POINT ( 'NONE',  ( -16.43900935809999808, -20.00983107840000130, 24.23736209570000000 ) ) ;
#5928 = CARTESIAN_POINT ( 'NONE',  ( 2.695205943238653035, -14.93768206275627186, 22.71990695636539215 ) ) ;
#5929 = CARTESIAN_POINT ( 'NONE',  ( -15.25892807029999965, 0.8152053292530000439, 22.78563916260000255 ) ) ;
#5930 = CARTESIAN_POINT ( 'NONE',  ( 2.590737235040000197, -17.90263592389999658, 19.74886502929999565 ) ) ;
#5931 = CARTESIAN_POINT ( 'NONE',  ( -17.98625100040000291, -19.17971150169999817, 4.602042183720000068 ) ) ;
#5932 = ORIENTED_EDGE ( 'NONE', *, *, #3768, .F. ) ;
#5933 = CARTESIAN_POINT ( 'NONE',  ( 2.737771870830779442, -15.35521643778494116, 6.295051012001264823 ) ) ;
#5934 = CARTESIAN_POINT ( 'NONE',  ( -16.90066333029999868, 3.604333233999999830, 24.20184050740000004 ) ) ;
#5935 = CARTESIAN_POINT ( 'NONE',  ( -6.299189362029999906, -14.39737700049999880, 23.61817688040000007 ) ) ;
#5936 = CARTESIAN_POINT ( 'NONE',  ( -16.10748179088916032, 2.513698101249323802, 4.224846052869065893 ) ) ;
#5937 = EDGE_CURVE ( 'NONE', #6455, #285, #4993, .T. ) ;
#5938 = CARTESIAN_POINT ( 'NONE',  ( -18.21409374159999928, -19.90220666200000110, 4.627272449930000420 ) ) ;
#5939 = CARTESIAN_POINT ( 'NONE',  ( -7.152663949902101415, 0.8152053292530039297, 10.47732594412483031 ) ) ;
#5940 = B_SPLINE_CURVE_WITH_KNOTS ( 'NONE', 5,
 ( #7128, #1186, #3217, #3862, #6480, #3131, #7209, #549, #3179 ),
 .UNSPECIFIED., .F., .F.,
 ( 6, 3, 6 ),
 ( -14.26555399280000103, -7.347663417429999733, -1.776356839400250465E-15 ),
 .UNSPECIFIED. ) ;
#5941 = CARTESIAN_POINT ( 'NONE',  ( -18.68179417449999846, -18.48479467069999771, 23.87997518799999952 ) ) ;
#5942 = VERTEX_POINT ( 'NONE', #8276 ) ;
#5943 = LINE ( 'NONE', #73, #3634 ) ;
#5944 = CARTESIAN_POINT ( 'NONE',  ( 2.263125862839999947, -18.05231046069999579, 8.636752398140000508 ) ) ;
#5945 = ORIENTED_EDGE ( 'NONE', *, *, #1073, .F. ) ;
#5946 = CARTESIAN_POINT ( 'NONE',  ( -27.42341926599820567, -1.978112671095272335, 7.179609475458195611 ) ) ;
#5947 = CARTESIAN_POINT ( 'NONE',  ( 2.498070954399999710, -3.781296514420000143, 4.893806884429999116 ) ) ;
#5948 = ADVANCED_FACE ( 'NONE', ( #1717 ), #7596, .T. ) ;
#5949 = FACE_OUTER_BOUND ( 'NONE', #2933, .T. ) ;
#5950 = CARTESIAN_POINT ( 'NONE',  ( -24.74697255859999956, -8.834794667720000660, 4.693124387470000158 ) ) ;
#5951 = CARTESIAN_POINT ( 'NONE',  ( -22.98699398469999977, -21.82164385069999923, 7.950040659249999919 ) ) ;
#5952 = CARTESIAN_POINT ( 'NONE',  ( -16.95560365929999946, -19.51224756059999876, 4.538354147840000685 ) ) ;
#5953 = CARTESIAN_POINT ( 'NONE',  ( -16.23710787239999931, 2.335476017129999970, 24.33499347630000287 ) ) ;
#5954 = CARTESIAN_POINT ( 'NONE',  ( -9.203083707483857623, 0.6652053292204673784, 20.52106270102192198 ) ) ;
#5955 = CARTESIAN_POINT ( 'NONE',  ( -17.79788765179999999, 4.105148251100000145, 4.652511708819999647 ) ) ;
#5956 = CARTESIAN_POINT ( 'NONE',  ( 2.626295336913960110, -3.772837795215890910, 23.51914271594846184 ) ) ;
#5957 = CARTESIAN_POINT ( 'NONE',  ( 2.186362437220000121, -3.868246691199999976, 4.799998427779999410 ) ) ;
#5958 = OPEN_SHELL ( 'NONE', ( #559, #8111, #1880, #1623, #8030, #8005, #2507, #8332, #4289, #2628, #3658, #364, #754, #2187, #8262, #6787, #3872, #1737, #4414, #7560, #1429, #7729, #7015, #4437, #5678, #1320, #523, #5989, #7778, #6309, #4688, #2864, #6806, #1143, #3657, #1986, #4770, #975, #2403, #5948, #2081, #2808, #6906, #8345, #2025, #1310, #4138, #6452, #3897, #7202, #4430, #6030, #2584, #7124, #6012, #2619, #3934, #5669, #3082, #2609, #8065, #5019, #3682, #4829, #3411, #2842, #931, #3145, #5351, #7417, #5263, #6931, #2455, #7529, #6747, #3058, #4391, #8301, #7401, #1606, #7520, #7962, #4800, #7329, #5221, #6857, #6159, #1178, #4342, #4553, #2375, #6705, #5060, #2911, #574, #1086, #1338, #1669, #5238, #5294, #3038, #5784, #5400, #5026, #3664, #7285, #4678, #4956, #3455, #5040, #8046, #7857, #4149, #987, #1770, #762, #2666, #1207, #2926, #854, #8459, #2056, #6624, #1722, #2648, #3982, #3483, #6910, #393, #6341, #709, #1798, #90, #3717, #7175, #851, #5248, #7448, #2237, #2615, #3081, #771, #5871, #5713, #3736, #2875, #5634, #875, #8216, #7907, #3267, #446, #1227, #3495, #7831, #7715, #4649, #3468, #7482, #4823, #6935, #8148, #6481, #7811, #929 ) ) ;
#5959 = EDGE_CURVE ( 'NONE', #4162, #8433, #6089, .T. ) ;
#5960 = CALENDAR_DATE ( 2026, 22, 6 ) ;
#5961 = ORIENTED_EDGE ( 'NONE', *, *, #611, .F. ) ;
#5962 = CARTESIAN_POINT ( 'NONE',  ( -18.46861956099999702, 4.028657233969999751, 23.74515590500000073 ) ) ;
#5963 = CARTESIAN_POINT ( 'NONE',  ( 2.815743994009999529, 0.5758208854800000998, 10.41155886890000026 ) ) ;
#5964 = LINE ( 'NONE', #714, #7647 ) ;
#5965 = CARTESIAN_POINT ( 'NONE',  ( -24.94380781629999788, -21.28479467069999842, 4.699998026130000284 ) ) ;
#5966 = DIRECTION ( 'NONE',  ( 0.9993908270190955401, 0.000000000000000000, -0.03489949670250333535 ) ) ;
#5967 = EDGE_CURVE ( 'NONE', #1020, #1136, #1994, .T. ) ;
#5968 = CARTESIAN_POINT ( 'NONE',  ( -8.024439264800001581, -3.037252021870000096, 4.903229529249999885 ) ) ;
#5969 = CARTESIAN_POINT ( 'NONE',  ( -17.75500871499999889, -19.31092489659999956, 4.593302506979999755 ) ) ;
#5970 = VERTEX_POINT ( 'NONE', #2493 ) ;
#5971 = CARTESIAN_POINT ( 'NONE',  ( 3.358661027699857637, -9.225475265937964409, 5.049970840586182952 ) ) ;
#5972 = AXIS2_PLACEMENT_3D ( 'NONE', #5791, #5832, #3953 ) ;
#5973 = CARTESIAN_POINT ( 'NONE',  ( -8.914493438379999191, -14.64015404569999923, 4.799998025759999898 ) ) ;
#5974 = CARTESIAN_POINT ( 'NONE',  ( -23.96759972140000272, -21.31888460860000123, 19.33689504999999897 ) ) ;
#5975 = CARTESIAN_POINT ( 'NONE',  ( -28.22551997249999900, 3.464726432319999994, 8.134450996540000034 ) ) ;
#5976 = CARTESIAN_POINT ( 'NONE',  ( -12.25236044110000044, 0.5337570794339998592, 23.50737307530000209 ) ) ;
#5977 = DIRECTION ( 'NONE',  ( -1.666974098589999993E-18, 1.000000000000000000, -1.020727247049999969E-34 ) ) ;
#5978 = AXIS2_PLACEMENT_3D ( 'NONE', #7348, #8076, #2886 ) ;
#5979 = CARTESIAN_POINT ( 'NONE',  ( -15.54943204090000108, 0.8152054484330000239, 0.8228032784719999659 ) ) ;
#5980 = EDGE_LOOP ( 'NONE', ( #1068, #1680, #5758, #6841 ) ) ;
#5981 = EDGE_LOOP ( 'NONE', ( #3507, #6013, #1899, #5477, #2509, #5620, #380, #370, #7485, #3063 ) ) ;
#5982 = CARTESIAN_POINT ( 'NONE',  ( -25.50077266352111138, -1.554168498466215187, 5.256962872981107537 ) ) ;
#5983 = CARTESIAN_POINT ( 'NONE',  ( 2.150086876439999628, -18.30445679680000026, 9.020728480560000762 ) ) ;
#5984 = VERTEX_POINT ( 'NONE', #7094 ) ;
#5985 = AXIS2_PLACEMENT_3D ( 'NONE', #7720, #8270, #4334 ) ;
#5986 = CARTESIAN_POINT ( 'NONE',  ( -28.29736120689999979, -8.834794670340000877, 8.053551416370000382 ) ) ;
#5987 = CARTESIAN_POINT ( 'NONE',  ( 2.920383034449999471, -11.62203430269999949, 4.828638806759999902 ) ) ;
#5988 = EDGE_LOOP ( 'NONE', ( #5559, #8222, #3017, #6769, #6351 ) ) ;
#5989 = ADVANCED_FACE ( 'NONE', ( #2454 ), #8051, .T. ) ;
#5990 = CARTESIAN_POINT ( 'NONE',  ( -19.99893532420000142, 0.6652053292599999779, 4.799998025759999898 ) ) ;
#5991 = AXIS2_PLACEMENT_3D ( 'NONE', #4730, #2193, #4778 ) ;
#5992 = CARTESIAN_POINT ( 'NONE',  ( 2.832297406929999983, -18.33479467069999913, 16.36832119349999815 ) ) ;
#5993 = CARTESIAN_POINT ( 'NONE',  ( 353550.1816579999868, -306195.0526419999660, -176762.3952989999962 ) ) ;
#5994 = CARTESIAN_POINT ( 'NONE',  ( -27.42949101454316363, -1.970866684771374056, 21.41431482755684002 ) ) ;
#5995 = CARTESIAN_POINT ( 'NONE',  ( 3.080216073069999894, -18.16803204740000055, 11.29974420729999807 ) ) ;
#5996 = CARTESIAN_POINT ( 'NONE',  ( -16.53166039770000140, 2.271260507070000045, 24.30931437009999740 ) ) ;
#5997 = EDGE_CURVE ( 'NONE', #285, #4467, #7216, .T. ) ;
#5998 = EDGE_CURVE ( 'NONE', #4870, #6795, #5723, .T. ) ;
#5999 = CARTESIAN_POINT ( 'NONE',  ( 2.186367865349999828, -18.33479467069999913, 19.26654564780000101 ) ) ;
#6000 = CARTESIAN_POINT ( 'NONE',  ( 3.343658974109356308, -8.031479074486579606, 23.54929730728036574 ) ) ;
#6001 = CARTESIAN_POINT ( 'NONE',  ( -19.26638654459999955, 4.288545054450000116, 23.34392587259999630 ) ) ;
#6002 = ORIENTED_EDGE ( 'NONE', *, *, #1394, .T. ) ;
#6003 = CARTESIAN_POINT ( 'NONE',  ( -12.25971635719999853, -17.97745691030000259, 4.887899109330000158 ) ) ;
#6004 = CARTESIAN_POINT ( 'NONE',  ( 2.950713326339999831, 0.5780352879360000085, 17.53133848959999952 ) ) ;
#6005 = CARTESIAN_POINT ( 'NONE',  ( 2.590737235090000201, -17.90263077530000047, 19.74886801889999788 ) ) ;
#6006 = CARTESIAN_POINT ( 'NONE',  ( -23.60300530230000149, -21.50228032649999932, 19.13393529609999888 ) ) ;
#6007 = DIRECTION ( 'NONE',  ( 1.000000000000000000, -6.123233995740039809E-17, 2.985759393769999632E-16 ) ) ;
#6008 = DIRECTION ( 'NONE',  ( 0.000000000000000000, 1.000000000000000000, 0.000000000000000000 ) ) ;
#6009 = B_SPLINE_CURVE_WITH_KNOTS ( 'NONE', 5,
 ( #2030, #3389, #5259, #7941, #6536, #2751 ),
 .UNSPECIFIED., .F., .F.,
 ( 6, 6 ),
 ( 0.000000000000000000, 1.000000000000000000 ),
 .UNSPECIFIED. ) ;
#6010 = EDGE_LOOP ( 'NONE', ( #8058, #8455, #2270, #4532 ) ) ;
#6011 = CARTESIAN_POINT ( 'NONE',  ( -17.50617938420000286, 1.604054251250000229, 4.555969396610000111 ) ) ;
#6012 = ADVANCED_FACE ( 'NONE', ( #7050 ), #597, .F. ) ;
#6013 = ORIENTED_EDGE ( 'NONE', *, *, #1013, .T. ) ;
#6014 = CARTESIAN_POINT ( 'NONE',  ( -25.08469545220000185, 3.410305616790000105, 23.75911037569999706 ) ) ;
#6015 = CARTESIAN_POINT ( 'NONE',  ( -6.299190298310000102, -18.33479470880000051, 9.176371438049999441 ) ) ;
#6016 = CARTESIAN_POINT ( 'NONE',  ( -17.40177688260000011, 3.804102357589999706, 4.510612236780000117 ) ) ;
#6017 = FACE_OUTER_BOUND ( 'NONE', #3286, .T. ) ;
#6018 = CARTESIAN_POINT ( 'NONE',  ( 2.679199162119999755, -15.08328784689999935, 5.894659952979999673 ) ) ;
#6019 = CARTESIAN_POINT ( 'NONE',  ( -24.77696767560000168, 3.621031515329999895, 23.60600686600000131 ) ) ;
#6020 = ORIENTED_EDGE ( 'NONE', *, *, #6772, .T. ) ;
#6021 = CARTESIAN_POINT ( 'NONE',  ( -16.84485001699999884, 2.243233844099999708, 4.341224413700000895 ) ) ;
#6022 = DIRECTION ( 'NONE',  ( 1.000000000000000000, 6.123233995739999133E-17, 6.123233995739999133E-17 ) ) ;
#6023 = ORIENTED_EDGE ( 'NONE', *, *, #5402, .T. ) ;
#6024 = B_SPLINE_CURVE_WITH_KNOTS ( 'NONE', 5,
 ( #1203, #2035, #66, #3351, #107, #7945 ),
 .UNSPECIFIED., .F., .F.,
 ( 6, 6 ),
 ( 0.000000000000000000, 7.100964915589999649 ),
 .UNSPECIFIED. ) ;
#6025 = CARTESIAN_POINT ( 'NONE',  ( -20.05044074230000106, -21.45567481069999616, 23.91847529849999887 ) ) ;
#6026 = CARTESIAN_POINT ( 'NONE',  ( -24.89650649780000080, 3.320172974550000156, 4.712436831949999849 ) ) ;
#6027 = ORIENTED_EDGE ( 'NONE', *, *, #7960, .T. ) ;
#6028 = CARTESIAN_POINT ( 'NONE',  ( 3.191521536360000244, -8.034584054859999824, 23.77288973479999967 ) ) ;
#6029 = CARTESIAN_POINT ( 'NONE',  ( 3.391449719810000207, -7.673672877940000525, 5.048168365420000470 ) ) ;
#6030 = ADVANCED_FACE ( 'NONE', ( #5417 ), #4987, .F. ) ;
#6031 = B_SPLINE_CURVE_WITH_KNOTS ( 'NONE', 5,
 ( #2245, #1643, #3334, #7290, #1555, #1597 ),
 .UNSPECIFIED., .F., .F.,
 ( 6, 6 ),
 ( 0.000000000000000000, 1.000000000000000000 ),
 .UNSPECIFIED. ) ;
#6032 = CARTESIAN_POINT ( 'NONE',  ( -8.236670762570000193, -14.18480065569999837, 4.799998025759999898 ) ) ;
#6033 = CARTESIAN_POINT ( 'NONE',  ( -16.79822846529999936, 3.668063074280000002, 24.21571468359999812 ) ) ;
#6034 = CARTESIAN_POINT ( 'NONE',  ( -28.09569903849999761, -21.17472820379999732, 8.265683434359999637 ) ) ;
#6035 = CARTESIAN_POINT ( 'NONE',  ( -27.91351069306640653, -0.6547482736591347940, 20.93029514903359001 ) ) ;
#6036 = ORIENTED_EDGE ( 'NONE', *, *, #6145, .F. ) ;
#6037 = CARTESIAN_POINT ( 'NONE',  ( 3.105028497349999750, -18.33479462280000050, 14.30015964880000112 ) ) ;
#6038 = CARTESIAN_POINT ( 'NONE',  ( -17.98625100040000291, -19.17971150169999817, 4.602042183720000068 ) ) ;
#6039 = EDGE_CURVE ( 'NONE', #7998, #324, #4491, .T. ) ;
#6040 = CARTESIAN_POINT ( 'NONE',  ( -15.25892807029999965, -18.48479467069999771, 22.78563916260000255 ) ) ;
#6041 = CARTESIAN_POINT ( 'NONE',  ( 2.591064675920000671, -8.834794670739999134, 8.099998025799997947 ) ) ;
#6042 = CARTESIAN_POINT ( 'NONE',  ( 2.539598974140000021, 0.2938021048589999906, 8.780276576849999515 ) ) ;
#6043 = ORIENTED_EDGE ( 'NONE', *, *, #2003, .T. ) ;
#6044 = CARTESIAN_POINT ( 'NONE',  ( -17.44599261329999962, 3.720884852699999801, 24.12519071339999854 ) ) ;
#6045 = CARTESIAN_POINT ( 'NONE',  ( -15.35032645429999931, 2.388305748130000072, 4.243913873700000394 ) ) ;
#6046 = CARTESIAN_POINT ( 'NONE',  ( 2.368528854240000037, -18.04269689980000280, 19.93281218819999978 ) ) ;
#6047 = CARTESIAN_POINT ( 'NONE',  ( -6.398462178954177126, -18.48479467069999416, 12.69995284533740154 ) ) ;
#6048 = CARTESIAN_POINT ( 'NONE',  ( 2.731274616089999885, -17.17888910909999822, 20.48069643110000015 ) ) ;
#6049 = CARTESIAN_POINT ( 'NONE',  ( -11.73446219480000074, -17.94716710639999846, 5.187625590070000570 ) ) ;
#6050 = VERTEX_POINT ( 'NONE', #2097 ) ;
#6051 = CARTESIAN_POINT ( 'NONE',  ( -17.54766108729999985, 1.672969080530000152, 4.477109932559999450 ) ) ;
#6052 = FACE_OUTER_BOUND ( 'NONE', #4651, .T. ) ;
#6053 = CARTESIAN_POINT ( 'NONE',  ( -11.98346281939999969, -18.11646002799999877, 23.44616166630000009 ) ) ;
#6054 = DIRECTION ( 'NONE',  ( 0.000000000000000000, -1.020727247049999969E-34, -1.000000000000000000 ) ) ;
#6055 = DIRECTION ( 'NONE',  ( -2.985759393769999632E-16, 0.000000000000000000, 1.000000000000000000 ) ) ;
#6056 = CARTESIAN_POINT ( 'NONE',  ( 2.157723558829999888, -14.50844907399999961, 5.092891244579999643 ) ) ;
#6057 = CARTESIAN_POINT ( 'NONE',  ( -24.83496809989999932, 3.619006095880000107, 23.58707625439999944 ) ) ;
#6058 = CARTESIAN_POINT ( 'NONE',  ( 3.791064676040000414, -4.759677592703913440, 21.75944980168576492 ) ) ;
#6059 = CARTESIAN_POINT ( 'NONE',  ( -24.89951385649999693, -21.08325828210000097, 23.88647809569999936 ) ) ;
#6060 = VERTEX_POINT ( 'NONE', #7332 ) ;
#6061 = CARTESIAN_POINT ( 'NONE',  ( -16.07788024339999566, -20.07515244860000081, 24.29073218380000299 ) ) ;
#6062 = CARTESIAN_POINT ( 'NONE',  ( -24.92231400080000014, 3.579700314869999733, 4.845231546890000018 ) ) ;
#6063 = CARTESIAN_POINT ( 'NONE',  ( 3.415566021390000095, -8.022312138740000265, 23.55251186339999947 ) ) ;
#6064 = B_SPLINE_SURFACE_WITH_KNOTS ( 'NONE', 5, 5, ( 
 ( #3318, #4046, #5230, #1291, #3931, #6550 ),
 ( #1337, #6587, #7275, #1381, #7471, #8029 ),
 ( #4783, #4827, #2930, #2841, #5556, #6837 ),
 ( #4218, #2157, #941, #6746, #8154, #2281 ),
 ( #3530, #4913, #7519, #7389, #2973, #1504 ),
 ( #6786, #1634, #4133, #302, #2238, #4260 ) ),
 .UNSPECIFIED., .F., .F., .F.,
 ( 6, 6 ),
 ( 6, 6 ),
 ( 3.263895149679999719, 8.352151081649999753 ),
 ( 0.000000000000000000, 0.5393544765209999925 ),
 .UNSPECIFIED. ) ;
#6065 = CARTESIAN_POINT ( 'NONE',  ( -7.723411765018238562, -14.83046756324621462, 5.122155459787848031 ) ) ;
#6066 = EDGE_CURVE ( 'NONE', #7733, #6299, #1442, .T. ) ;
#6067 = CARTESIAN_POINT ( 'NONE',  ( -9.183860863500001415, -15.07940132419999912, 4.799998101359999936 ) ) ;
#6068 = B_SPLINE_CURVE_WITH_KNOTS ( 'NONE', 3,
 ( #7361, #6069, #782, #5364, #1475, #5487, #7963, #2083, #4104, #6633, #2210, #4840, #2811, #4706, #3543, #4185, #3366, #8127, #3496, #1558, #3412, #909, #4794 ),
 .UNSPECIFIED., .F., .F.,
 ( 4, 2, 2, 1, 1, 2, 2, 2, 1, 1, 1, 2, 2, 4 ),
 ( 0.000000000000000000, 0.2499999999999257261, 0.3749999999998867017, 0.4374999999998689937, 0.4687499999998594458, 0.4843749999998546163, 0.4999999999998497313, 0.6249999999998522293, 0.6874999999998552269, 0.7187499999998585576, 0.7343749999998584466, 0.7421874999998566702, 0.7499999999998548939, 1.000000000000000000 ),
 .UNSPECIFIED. ) ;
#6069 = CARTESIAN_POINT ( 'NONE',  ( -12.76756161738742001, -18.33479467070403146, 5.272258248874649667 ) ) ;
#6070 = CARTESIAN_POINT ( 'NONE',  ( 2.157726972519999897, -3.161140675780000464, 5.092890836270000499 ) ) ;
#6071 = CARTESIAN_POINT ( 'NONE',  ( -27.82917633167736327, -1.470834464309867640, 21.01462951042262617 ) ) ;
#6072 = B_SPLINE_CURVE_WITH_KNOTS ( 'NONE', 5,
 ( #4321, #869, #7492, #3037, #4973, #5574 ),
 .UNSPECIFIED., .F., .F.,
 ( 6, 6 ),
 ( -0.8478730133449999817, 0.000000000000000000 ),
 .UNSPECIFIED. ) ;
#6073 = CARTESIAN_POINT ( 'NONE',  ( 3.004624008930000034, -18.24847213150000158, 17.28711720280000108 ) ) ;
#6074 = CARTESIAN_POINT ( 'NONE',  ( -17.07149208639999927, -19.70418388899999940, 4.487782193140000153 ) ) ;
#6075 = CYLINDRICAL_SURFACE ( 'NONE', #4338, 0.5000000000000004441 ) ;
#6076 = CARTESIAN_POINT ( 'NONE',  ( -24.72952281000000241, -8.768163442610001468, 23.40717625090000098 ) ) ;
#6077 = VERTEX_POINT ( 'NONE', #6045 ) ;
#6078 = CARTESIAN_POINT ( 'NONE',  ( -8.103935324130000950, -17.83479467069999913, 23.29999802580000079 ) ) ;
#6079 = ORIENTED_EDGE ( 'NONE', *, *, #2273, .F. ) ;
#6080 = ORIENTED_EDGE ( 'NONE', *, *, #7701, .F. ) ;
#6081 = DIRECTION ( 'NONE',  ( 0.000000000000000000, -1.000000000000000000, -1.337292262170000028E-15 ) ) ;
#6082 = CARTESIAN_POINT ( 'NONE',  ( 3.076200764029999757, 0.4019272293020000331, 17.55600564859999935 ) ) ;
#6083 = CARTESIAN_POINT ( 'NONE',  ( -24.89023669710000064, -21.17675552460000077, 4.749606569100000897 ) ) ;
#6084 = CARTESIAN_POINT ( 'NONE',  ( 2.157722703700000189, -3.161140184410000220, 23.50710516090000368 ) ) ;
#6085 = B_SPLINE_CURVE_WITH_KNOTS ( 'NONE', 3,
 ( #382, #4903, #3737, #4380 ),
 .UNSPECIFIED., .F., .F.,
 ( 4, 4 ),
 ( -3.227828397110000136, 0.000000000000000000 ),
 .UNSPECIFIED. ) ;
#6086 = CARTESIAN_POINT ( 'NONE',  ( -16.71821967210000182, 2.020628918119999895, 24.16710335409999644 ) ) ;
#6087 = CARTESIAN_POINT ( 'NONE',  ( -10.67326285334325320, 2.600437768910011993, 4.950336979613774169 ) ) ;
#6088 = EDGE_LOOP ( 'NONE', ( #3574, #989, #2574 ) ) ;
#6089 = B_SPLINE_CURVE_WITH_KNOTS ( 'NONE', 3,
 ( #426, #6915, #1022, #3054, #6315, #8149, #6355, #2924, #1581, #1672, #5677, #5551, #3700, #5638 ),
 .UNSPECIFIED., .F., .F.,
 ( 4, 2, 2, 1, 1, 2, 2, 4 ),
 ( 0.000000000000000000, 0.2500000000000605627, 0.3750000000000908162, 0.4375000000001060263, 0.4687500000000996425, 0.4843750000000964229, 0.5000000000000931477, 1.000000000000000000 ),
 .UNSPECIFIED. ) ;
#6090 = ORIENTED_EDGE ( 'NONE', *, *, #6114, .T. ) ;
#6091 = CARTESIAN_POINT ( 'NONE',  ( -17.88144884600000140, -18.98772122529999962, 23.92683529679999666 ) ) ;
#6092 = CARTESIAN_POINT ( 'NONE',  ( -24.79426285990000167, -21.29001689559999733, 4.998711526590000176 ) ) ;
#6093 = CARTESIAN_POINT ( 'NONE',  ( 2.401683554109999896, -18.30356432250000154, 19.32660706970000319 ) ) ;
#6094 = CARTESIAN_POINT ( 'NONE',  ( 2.251317015169999713, 0.4858276781209999728, 19.85686717619999797 ) ) ;
#6095 = CARTESIAN_POINT ( 'NONE',  ( -16.27247739500000279, 2.433065657939999848, 4.239148792030000834 ) ) ;
#6096 = CARTESIAN_POINT ( 'NONE',  ( -28.40842344510000217, 3.387582778010000073, 8.335146461889999969 ) ) ;
#6097 = CARTESIAN_POINT ( 'NONE',  ( -23.20238070490000126, 7.215205329249999799, 19.71390321600000206 ) ) ;
#6098 = CYLINDRICAL_SURFACE ( 'NONE', #5978, 8.125735931289998604 ) ;
#6099 = AXIS2_PLACEMENT_3D ( 'NONE', #2680, #4617, #5233 ) ;
#6100 = COORDINATED_UNIVERSAL_TIME_OFFSET ( 10, 0, .AHEAD. ) ;
#6101 = ORIENTED_EDGE ( 'NONE', *, *, #2253, .F. ) ;
#6102 = CARTESIAN_POINT ( 'NONE',  ( 2.590735405599999819, 0.2330470612090000115, 8.851131308140001153 ) ) ;
#6103 = CARTESIAN_POINT ( 'NONE',  ( -24.96961025059999884, 3.412395961679999701, 4.744550878420000117 ) ) ;
#6104 = EDGE_LOOP ( 'NONE', ( #6027, #701, #8367, #1343 ) ) ;
#6105 = CARTESIAN_POINT ( 'NONE',  ( 2.958417979750000093, -9.963737799959998753, 23.79999802580000079 ) ) ;
#6106 = CARTESIAN_POINT ( 'NONE',  ( -19.12081170916439632, 4.293879950874852192, 23.41617282192017768 ) ) ;
#6107 = ORIENTED_EDGE ( 'NONE', *, *, #911, .F. ) ;
#6108 = CARTESIAN_POINT ( 'NONE',  ( -9.110841791479998619, -18.33479467069999913, 8.350418264880000052 ) ) ;
#6109 = CARTESIAN_POINT ( 'NONE',  ( -6.299189362029999906, -13.95842192549999972, 4.799998025759999898 ) ) ;
#6110 = AXIS2_PLACEMENT_3D ( 'NONE', #7322, #7813, #4707 ) ;
#6111 = AXIS2_PLACEMENT_3D ( 'NONE', #6649, #5258, #4562 ) ;
#6112 = CARTESIAN_POINT ( 'NONE',  ( -16.95604541599999848, 3.716668856340000104, 24.17321792589999774 ) ) ;
#6113 = CARTESIAN_POINT ( 'NONE',  ( -14.76507131800000039, 0.6652053294109999682, 14.29999802579999901 ) ) ;
#6114 = EDGE_CURVE ( 'NONE', #1678, #6444, #2918, .T. ) ;
#6115 = CARTESIAN_POINT ( 'NONE',  ( -27.91909479194721300, -0.6812375642122050490, 20.92471105015277644 ) ) ;
#6116 = FACE_OUTER_BOUND ( 'NONE', #4281, .T. ) ;
#6117 = CARTESIAN_POINT ( 'NONE',  ( -18.20948381710000064, -21.03987615659999832, 23.93299530739999881 ) ) ;
#6118 = AXIS2_PLACEMENT_3D ( 'NONE', #177, #6654, #5426 ) ;
#6119 = CARTESIAN_POINT ( 'NONE',  ( -12.27491086741223825, 0.2867956789079494362, 4.909957590702772379 ) ) ;
#6120 = DIRECTION ( 'NONE',  ( 0.000000000000000000, 1.000000000000000000, 0.000000000000000000 ) ) ;
#6121 = DIRECTION ( 'NONE',  ( 1.000000000000000000, 6.123233995739999133E-17, 6.123233995739999133E-17 ) ) ;
#6122 = ORIENTED_EDGE ( 'NONE', *, *, #5289, .T. ) ;
#6123 = VERTEX_POINT ( 'NONE', #1703 ) ;
#6124 = AXIS2_PLACEMENT_3D ( 'NONE', #3783, #8464, #6404 ) ;
#6125 = CARTESIAN_POINT ( 'NONE',  ( -17.93145019480000002, 3.772121557700000238, 24.06142682920000198 ) ) ;
#6126 = CARTESIAN_POINT ( 'NONE',  ( -24.84493532999999843, 3.618658032530000401, 5.020742587610000918 ) ) ;
#6127 = CARTESIAN_POINT ( 'NONE',  ( -24.86018444529999982, -21.28771486320000150, 5.030168846549999628 ) ) ;
#6128 = CARTESIAN_POINT ( 'NONE',  ( -14.70159302109277100, -18.48479467069998705, 5.781920485887765970 ) ) ;
#6129 = CARTESIAN_POINT ( 'NONE',  ( -26.47637157029999599, -16.73479467070000126, 22.19999802579999937 ) ) ;
#6130 = ORIENTED_EDGE ( 'NONE', *, *, #1391, .T. ) ;
#6131 = VECTOR ( 'NONE', #4386, 1000.000000000000000 ) ;
#6132 = CARTESIAN_POINT ( 'NONE',  ( -15.35542634309997290, 2.605672700163334188, 4.156285577064664061 ) ) ;
#6133 = ORIENTED_EDGE ( 'NONE', *, *, #1132, .T. ) ;
#6134 = B_SPLINE_SURFACE_WITH_KNOTS ( 'NONE', 5, 5, ( 
 ( #940, #769, #2799, #4826, #2155, #4735 ),
 ( #8028, #1503, #8153, #4866, #6703, #3439 ),
 ( #4132, #3571, #2885, #6785, #265, #6057 ),
 ( #5431, #6183, #2280, #8075, #2197, #7518 ),
 ( #4782, #6659, #6745, #2760, #2839, #6019 ),
 ( #148, #895, #5390, #5515, #5474, #2110 ) ),
 .UNSPECIFIED., .F., .F., .F.,
 ( 6, 6 ),
 ( 6, 6 ),
 ( 1.490211845209999941, 1.786400425350000098 ),
 ( 0.000000000000000000, 0.4939593218170000299 ),
 .UNSPECIFIED. ) ;
#6135 = ORIENTED_EDGE ( 'NONE', *, *, #1253, .T. ) ;
#6136 = CARTESIAN_POINT ( 'NONE',  ( -17.80926916559999640, 1.650107950259999789, 4.450854383409999393 ) ) ;
#6137 = CARTESIAN_POINT ( 'NONE',  ( -18.81789517049736560, -18.48469437469287513, 23.95789127655229933 ) ) ;
#6138 = DIRECTION ( 'NONE',  ( 0.000000000000000000, -1.000000000000000000, 0.000000000000000000 ) ) ;
#6139 = CARTESIAN_POINT ( 'NONE',  ( -18.60879979560000308, -18.83392465720000075, 24.01002883119999964 ) ) ;
#6140 = CARTESIAN_POINT ( 'NONE',  ( 2.539599056679999745, 0.2938018657910000386, 19.81971957109999849 ) ) ;
#6141 = CARTESIAN_POINT ( 'NONE',  ( -16.50881145349999812, 2.223537047119999777, 4.309866426720000199 ) ) ;
#6142 = CARTESIAN_POINT ( 'NONE',  ( -28.14811123369999990, 3.503308588209999908, 8.344286254620000065 ) ) ;
#6143 = CARTESIAN_POINT ( 'NONE',  ( -19.04091190849999649, 7.215205329249999799, 23.41179406040000188 ) ) ;
#6144 = PLANE ( 'NONE',  #4750 ) ;
#6145 = EDGE_CURVE ( 'NONE', #3155, #5242, #5498, .T. ) ;
#6146 = EDGE_CURVE ( 'NONE', #3593, #7225, #3558, .T. ) ;
#6147 = APPROVAL_ROLE ( '' ) ;
#6148 = ORIENTED_EDGE ( 'NONE', *, *, #3714, .F. ) ;
#6149 = CARTESIAN_POINT ( 'NONE',  ( -17.07149212919999925, -19.70418396770000058, 24.11221384550000124 ) ) ;
#6150 = CARTESIAN_POINT ( 'NONE',  ( -25.01256276310000359, 3.504212956780000443, 4.818733529390000214 ) ) ;
#6151 = CARTESIAN_POINT ( 'NONE',  ( 2.881886439730000138, -5.307532283029999576, 23.71177302570000123 ) ) ;
#6152 = CARTESIAN_POINT ( 'NONE',  ( -8.914504763870001014, 0.6652053292599999779, 20.10536008929999596 ) ) ;
#6153 = CARTESIAN_POINT ( 'NONE',  ( 2.298289100499999904, -2.449441375970000223, 22.79540591539999994 ) ) ;
#6154 = CARTESIAN_POINT ( 'NONE',  ( -17.60038779110000107, 1.768685387109999896, 24.15771720970000302 ) ) ;
#6155 = CARTESIAN_POINT ( 'NONE',  ( -24.84691248269999875, 4.084041711229999372, 16.33199000950000368 ) ) ;
#6156 = CARTESIAN_POINT ( 'NONE',  ( -16.63898923520000039, 3.756220532659999556, 24.21035488829999949 ) ) ;
#6157 = DIRECTION ( 'NONE',  ( -0.7745966692411312415, -0.6324555320341072040, -4.743036658084270757E-17 ) ) ;
#6158 = CARTESIAN_POINT ( 'NONE',  ( -27.78684296555973887, -1.554168503594415496, 21.05696287654026477 ) ) ;
#6159 = ADVANCED_FACE ( 'NONE', ( #3001 ), #7543, .T. ) ;
#6160 = CARTESIAN_POINT ( 'NONE',  ( -9.068534110156495132, -15.22064713733025876, 4.841561481262158573 ) ) ;
#6161 = CARTESIAN_POINT ( 'NONE',  ( -8.103935324130000950, 0.1652053292599999779, 23.29999802580000079 ) ) ;
#6162 = CARTESIAN_POINT ( 'NONE',  ( -14.86406590800000060, -18.48479467069999771, 22.80286815949999735 ) ) ;
#6163 = CARTESIAN_POINT ( 'NONE',  ( -11.99523234779205971, 0.4328536366282413339, 23.43203126343249565 ) ) ;
#6164 = CARTESIAN_POINT ( 'NONE',  ( -24.75224807016734374, 3.510496531852218549, 4.730284772428049678 ) ) ;
#6165 = ORIENTED_EDGE ( 'NONE', *, *, #4868, .T. ) ;
#6166 = ORIENTED_EDGE ( 'NONE', *, *, #1447, .F. ) ;
#6167 = CARTESIAN_POINT ( 'NONE',  ( -8.035136895316739469, -18.00053275019230981, 8.170898154840731564 ) ) ;
#6168 = CARTESIAN_POINT ( 'NONE',  ( -18.21754469320000069, -19.04917281090000003, 4.597483851440000713 ) ) ;
#6169 = CARTESIAN_POINT ( 'NONE',  ( -25.03211139969999977, -21.08085010289999772, 4.787815490439998989 ) ) ;
#6170 = CARTESIAN_POINT ( 'NONE',  ( -8.044690650822071021, -18.48479467070000481, 19.53430798130965229 ) ) ;
#6171 = CARTESIAN_POINT ( 'NONE',  ( -19.40406919000000130, 3.808657265109999912, 23.65507569639999730 ) ) ;
#6172 = VERTEX_POINT ( 'NONE', #2399 ) ;
#6173 = EDGE_CURVE ( 'NONE', #1317, #2777, #2203, .T. ) ;
#6174 = CARTESIAN_POINT ( 'NONE',  ( -27.89639236945274803, -17.08618591535379139, 7.652582578912729971 ) ) ;
#6175 = VERTEX_POINT ( 'NONE', #3511 ) ;
#6176 = CARTESIAN_POINT ( 'NONE',  ( 3.342398473557911309, -18.08402983280050336, 13.46958620169620779 ) ) ;
#6177 = CARTESIAN_POINT ( 'NONE',  ( -26.17180614409382500, 0.2766564523820822519, 5.927996353553831810 ) ) ;
#6178 = CARTESIAN_POINT ( 'NONE',  ( 2.371291301809999919, -15.92307013720000164, 22.09248374369999723 ) ) ;
#6179 = CARTESIAN_POINT ( 'NONE',  ( -27.69782680882197567, -15.96441346234148106, 21.14597903327800665 ) ) ;
#6180 = CARTESIAN_POINT ( 'NONE',  ( -5.182816833514219290, -20.17217398529999528, 11.09944863284765582 ) ) ;
#6181 = CARTESIAN_POINT ( 'NONE',  ( -17.90857577808177936, 0.8152053292530097028, 6.759823464974442864 ) ) ;
#6182 = CARTESIAN_POINT ( 'NONE',  ( -28.24637496679999771, 3.499877145090000141, 8.407104235449999408 ) ) ;
#6183 = CARTESIAN_POINT ( 'NONE',  ( -24.89945730970000071, 3.413669961550000131, 23.88648764979999939 ) ) ;
#6184 = CARTESIAN_POINT ( 'NONE',  ( 2.368528854240000037, -14.46760883319999813, 5.092095796739999791 ) ) ;
#6185 = APPROVAL_STATUS ( 'not_yet_approved' ) ;
#6186 = VERTEX_POINT ( 'NONE', #8224 ) ;
#6187 = CARTESIAN_POINT ( 'NONE',  ( -16.71964814174534553, 3.654442840993288311, 4.366106341305235006 ) ) ;
#6188 = CARTESIAN_POINT ( 'NONE',  ( -17.44597017379999571, 3.720880913999999873, 4.474802004529999877 ) ) ;
#6189 = EDGE_CURVE ( 'NONE', #391, #3032, #5582, .T. ) ;
#6190 = FACE_OUTER_BOUND ( 'NONE', #7103, .T. ) ;
#6191 = CARTESIAN_POINT ( 'NONE',  ( -16.64159487860374043, 3.617357400280827751, 4.349760623137228777 ) ) ;
#6192 = CARTESIAN_POINT ( 'NONE',  ( -14.76507131800000039, -19.96004195089999911, 14.29999802579999901 ) ) ;
#6193 = CARTESIAN_POINT ( 'NONE',  ( -6.299190329860000048, -18.33479467069999913, 9.333450403689999675 ) ) ;
#6194 = CARTESIAN_POINT ( 'NONE',  ( -17.80924627410000127, 1.650120394590000039, 24.14914247340000131 ) ) ;
#6195 = CARTESIAN_POINT ( 'NONE',  ( -16.84485001699999884, 2.243233844099999708, 4.341224413700000895 ) ) ;
#6196 = B_SPLINE_CURVE_WITH_KNOTS ( 'NONE', 5,
 ( #341, #2327, #4953, #7177, #599, #7938 ),
 .UNSPECIFIED., .F., .F.,
 ( 6, 6 ),
 ( 0.000000000000000000, 1.000000000000000000 ),
 .UNSPECIFIED. ) ;
#6197 = CARTESIAN_POINT ( 'NONE',  ( -6.299189361289999844, -3.161140267469999987, 23.50710480700000105 ) ) ;
#6198 = CARTESIAN_POINT ( 'NONE',  ( -28.14380781630000072, 3.203276003570000530, 14.29999628259999866 ) ) ;
#6199 = CARTESIAN_POINT ( 'NONE',  ( 2.150089860230000038, -3.555545984679999716, 23.76965865500000064 ) ) ;
#6200 = DIRECTION ( 'NONE',  ( 1.000000000000000000, 6.123233995739999133E-17, 6.123233995739999133E-17 ) ) ;
#6201 = CARTESIAN_POINT ( 'NONE',  ( -8.035136895563285364, 0.3309434086404332009, 20.42909789682830279 ) ) ;
#6202 = EDGE_CURVE ( 'NONE', #7432, #4870, #3329, .T. ) ;
#6203 = B_SPLINE_CURVE_WITH_KNOTS ( 'NONE', 5,
 ( #7347, #6097, #1459, #222, #3528, #7430, #6143, #5387, #766, #1456, #7947, #4168, #6782, #4129, #6656, #7466, #8110, #7309, #1582, #7427, #2882, #145, #5512, #219 ),
 .UNSPECIFIED., .F., .F.,
 ( 6, 3, 3, 3, 3, 3, 3, 6 ),
 ( -44.42847295210000169, -39.43568255099999931, -32.86306878319999925, -26.29045502610000185, -19.71784126829999906, -13.14522751199999817, -6.572613755109998124, 0.000000000000000000 ),
 .UNSPECIFIED. ) ;
#6204 = PRODUCT_DEFINITION_SHAPE ( 'NONE', 'NONE',  #4922 ) ;
#6205 = CARTESIAN_POINT ( 'NONE',  ( -25.36852084540297980, -16.48123754131753316, 5.124711054862957305 ) ) ;
#6206 = CARTESIAN_POINT ( 'NONE',  ( -6.299190238209999571, 0.5726473811059999974, 19.72969869960000011 ) ) ;
#6207 = ORIENTED_EDGE ( 'NONE', *, *, #1024, .T. ) ;
#6208 = VERTEX_POINT ( 'NONE', #4938 ) ;
#6209 = VERTEX_POINT ( 'NONE', #924 ) ;
#6210 = ORIENTED_EDGE ( 'NONE', *, *, #5411, .T. ) ;
#6211 = CARTESIAN_POINT ( 'NONE',  ( -17.59015868319999853, 3.979391541319999615, 24.01332361389999903 ) ) ;
#6212 = CARTESIAN_POINT ( 'NONE',  ( -23.39301462009854404, 4.137871182683722004, 8.996523943996139749 ) ) ;
#6213 = ORIENTED_EDGE ( 'NONE', *, *, #1301, .F. ) ;
#6214 = CARTESIAN_POINT ( 'NONE',  ( -17.29664461770000017, -19.57370343359999865, 24.06397149909999911 ) ) ;
#6215 = CARTESIAN_POINT ( 'NONE',  ( -25.55630477657970090, -16.01981883537238360, 23.28750106552028143 ) ) ;
#6216 = CARTESIAN_POINT ( 'NONE',  ( -28.24637493450000036, -21.16946648549999921, 8.361202383450001108 ) ) ;
#6217 = CARTESIAN_POINT ( 'NONE',  ( -27.54194102337983452, -17.67518859630917660, 7.298131232839808469 ) ) ;
#6218 = CARTESIAN_POINT ( 'NONE',  ( -15.90169605529087526, -19.89815196832345379, 24.20773410983537133 ) ) ;
#6219 = VERTEX_POINT ( 'NONE', #6168 ) ;
#6220 = CARTESIAN_POINT ( 'NONE',  ( -7.638935324190000209, -8.834794670739999134, 29.18075921020000152 ) ) ;
#6221 = CARTESIAN_POINT ( 'NONE',  ( -26.64380781570000067, 0.3652053299980000389, 6.399998025110000377 ) ) ;
#6222 = CARTESIAN_POINT ( 'NONE',  ( -7.913851777070001425, -18.00993961310000202, 8.274763565260000675 ) ) ;
#6223 = CARTESIAN_POINT ( 'NONE',  ( -27.81861918622752228, -16.17805934663971712, 21.02518665587246005 ) ) ;
#6224 = DIRECTION ( 'NONE',  ( -0.9987827659587177331, -0.03487826274239014257, -0.03487826274237704888 ) ) ;
#6225 = EDGE_CURVE ( 'NONE', #4978, #1701, #7501, .T. ) ;
#6226 = CARTESIAN_POINT ( 'NONE',  ( -21.13893532420000199, -21.41766374109999660, 23.91980277129999877 ) ) ;
#6227 = DIRECTION ( 'NONE',  ( -0.9993908270190955401, 0.03489949670250333535, 0.000000000000000000 ) ) ;
#6228 = CARTESIAN_POINT ( 'NONE',  ( -18.21754501919999569, -19.04917258379999723, 24.00251220799999885 ) ) ;
#6229 = DIRECTION ( 'NONE',  ( 6.994852725712930242E-17, 0.000000000000000000, -1.000000000000000000 ) ) ;
#6230 = VERTEX_POINT ( 'NONE', #6865 ) ;
#6231 = CARTESIAN_POINT ( 'NONE',  ( -25.08307696270000164, -20.98715626339999929, 23.76072869060000059 ) ) ;
#6232 = VERTEX_POINT ( 'NONE', #1659 ) ;
#6233 = CARTESIAN_POINT ( 'NONE',  ( -18.70491291909999987, 1.189510001950000007, 24.11786503640000134 ) ) ;
#6234 = CARTESIAN_POINT ( 'NONE',  ( -28.15427768859999702, -21.17268259229999927, 14.29999809939999977 ) ) ;
#6235 = CARTESIAN_POINT ( 'NONE',  ( -20.31071184649999850, -21.91976541820000079, 22.87350073410000206 ) ) ;
#6236 = CARTESIAN_POINT ( 'NONE',  ( -24.75224743519999748, -21.25450793129999738, 4.804706764970000599 ) ) ;
#6237 = CARTESIAN_POINT ( 'NONE',  ( -18.46784424405744574, 4.239423944958338630, 23.70117517383851080 ) ) ;
#6238 = ORIENTED_EDGE ( 'NONE', *, *, #1306, .F. ) ;
#6239 = CARTESIAN_POINT ( 'NONE',  ( 2.679211412619999955, -0.4294480819350000034, 20.54848177280000243 ) ) ;
#6240 = AXIS2_PLACEMENT_3D ( 'NONE', #447, #3720, #1695 ) ;
#6241 = CARTESIAN_POINT ( 'NONE',  ( -17.73576985889999946, 1.516657614499999918, 24.07600330329999849 ) ) ;
#6242 = FACE_OUTER_BOUND ( 'NONE', #5601, .T. ) ;
#6243 = CARTESIAN_POINT ( 'NONE',  ( -23.96478101119999948, -22.28479467085999843, 14.30079563703999845 ) ) ;
#6244 = CARTESIAN_POINT ( 'NONE',  ( -16.59624075736360993, -22.28479467090000909, 23.33490841691605411 ) ) ;
#6245 = AXIS2_PLACEMENT_3D ( 'NONE', #1721, #5598, #8239 ) ;
#6246 = CARTESIAN_POINT ( 'NONE',  ( 2.447673736180000059, -3.437405814649999947, 23.62439388239999971 ) ) ;
#6247 = CARTESIAN_POINT ( 'NONE',  ( 2.294025709730000084, -18.33479450950000356, 19.29657635879999944 ) ) ;
#6248 = CARTESIAN_POINT ( 'NONE',  ( -17.51242412659999914, -22.03381815070000016, 23.93845348150000163 ) ) ;
#6249 = CARTESIAN_POINT ( 'NONE',  ( -25.51673896602580527, -17.38340310280602452, 5.272929175485781883 ) ) ;
#6250 = VECTOR ( 'NONE', #5878, 1000.000000000000114 ) ;
#6251 = CARTESIAN_POINT ( 'NONE',  ( -7.397981217519999930, 0.3616519110990000230, 20.09091413330000009 ) ) ;
#6252 = ORIENTED_EDGE ( 'NONE', *, *, #3714, .T. ) ;
#6253 = EDGE_LOOP ( 'NONE', ( #5142, #432, #8344, #58 ) ) ;
#6254 = ORIENTED_EDGE ( 'NONE', *, *, #7130, .F. ) ;
#6255 = DIRECTION ( 'NONE',  ( -0.03489949670249896385, -0.9993908270190958731, 0.000000000000000000 ) ) ;
#6256 = CARTESIAN_POINT ( 'NONE',  ( -22.17388116473690118, 4.182698097758277278, 7.393639548469522538 ) ) ;
#6257 = CARTESIAN_POINT ( 'NONE',  ( -18.20176615130325715, -21.61025397957148186, 23.91308221001472134 ) ) ;
#6258 = CARTESIAN_POINT ( 'NONE',  ( -25.77029201438466899, -17.69766785823505018, 23.07351382771531334 ) ) ;
#6259 = CARTESIAN_POINT ( 'NONE',  ( -12.84683463080000010, -17.83479467069999913, 4.799998025759999898 ) ) ;
#6260 = CARTESIAN_POINT ( 'NONE',  ( -20.36769101580000196, 4.096659021809999857, 22.80392002319999989 ) ) ;
#6261 = LINE ( 'NONE', #2363, #216 ) ;
#6262 = B_SPLINE_CURVE_WITH_KNOTS ( 'NONE', 5,
 ( #7227, #1942, #1902, #1286, #4525, #686 ),
 .UNSPECIFIED., .F., .F.,
 ( 6, 6 ),
 ( 0.000000000000000000, 1.000000000000000000 ),
 .UNSPECIFIED. ) ;
#6263 = ORIENTED_EDGE ( 'NONE', *, *, #6388, .F. ) ;
#6264 = CARTESIAN_POINT ( 'NONE',  ( -23.18893532340000263, 0.3652053292540000107, 6.399998025760000431 ) ) ;
#6265 = CARTESIAN_POINT ( 'NONE',  ( -25.77029203412377356, 0.02807853521143759135, 5.526482243583771492 ) ) ;
#6266 = VERTEX_POINT ( 'NONE', #4284 ) ;
#6267 = FACE_OUTER_BOUND ( 'NONE', #1116, .T. ) ;
#6268 = CARTESIAN_POINT ( 'NONE',  ( -27.37423134256756541, -17.81156798509025663, 21.46957449953240626 ) ) ;
#6269 = CARTESIAN_POINT ( 'NONE',  ( -17.80926916559999640, 1.650107950259999789, 4.450854383409999393 ) ) ;
#6270 = EDGE_CURVE ( 'NONE', #6209, #421, #8125, .T. ) ;
#6271 = DIRECTION ( 'NONE',  ( 1.000000000000000000, -8.610673011181720491E-17, 0.000000000000000000 ) ) ;
#6272 = CARTESIAN_POINT ( 'NONE',  ( -17.80926897750000037, 1.650108312399999999, 4.450854435290000133 ) ) ;
#6273 = CARTESIAN_POINT ( 'NONE',  ( -10.71266817624206169, -20.17217398529998462, 5.040376975930780823 ) ) ;
#6274 = CONICAL_SURFACE ( 'NONE', #7366, 9.999999999999996447, 0.03490658503990158590 ) ;
#6275 = CARTESIAN_POINT ( 'NONE',  ( 3.342281252136424907, 0.4144299782817852384, 13.46779146157170892 ) ) ;
#6276 = EDGE_CURVE ( 'NONE', #7934, #4492, #6296, .T. ) ;
#6277 = B_SPLINE_CURVE_WITH_KNOTS ( 'NONE', 3,
 ( #7751, #5065, #5746, #8351, #5193, #7708, #494, #1915, #2476, #7667, #6513, #5104, #4408, #6429, #5702, #1785, #1823, #4448, #7032, #7796, #1743, #7071, #6471, #8394, #1131, #3722 ),
 .UNSPECIFIED., .F., .F.,
 ( 4, 2, 2, 1, 1, 1, 1, 2, 2, 2, 2, 1, 1, 2, 2, 4 ),
 ( 0.000000000000000000, 0.2499999999998546718, 0.3749999999997837841, 0.4374999999997483124, 0.4687499999997307154, 0.4843749999997181144, 0.4921874999997081779, 0.4960937499997029043, 0.4999999999996976308, 0.6249999999997902789, 0.6874999999998361311, 0.7187499999998590017, 0.7343749999998685496, 0.7421874999998734346, 0.7499999999998783196, 1.000000000000000000 ),
 .UNSPECIFIED. ) ;
#6278 = ORIENTED_EDGE ( 'NONE', *, *, #4441, .F. ) ;
#6279 = CARTESIAN_POINT ( 'NONE',  ( -18.60756938639999802, 1.042341303010000164, 24.07592489089999788 ) ) ;
#6280 = VERTEX_POINT ( 'NONE', #6436 ) ;
#6281 = CARTESIAN_POINT ( 'NONE',  ( 2.590735491160000237, -17.90263618790000066, 8.851131175709999965 ) ) ;
#6282 = CARTESIAN_POINT ( 'NONE',  ( -23.13424520270000073, -21.34798598960000149, 20.86022054579999718 ) ) ;
#6283 = CARTESIAN_POINT ( 'NONE',  ( -18.41531509649999876, -18.94390420200000236, 4.593807790620000553 ) ) ;
#6284 = CARTESIAN_POINT ( 'NONE',  ( 2.248344422249999752, -3.403667675029999895, 4.895564158350000028 ) ) ;
#6285 = CARTESIAN_POINT ( 'NONE',  ( -24.74697241979999873, -21.29166831420000250, 23.60705443660000213 ) ) ;
#6286 = CARTESIAN_POINT ( 'NONE',  ( -16.88594603389999804, 1.952388459170000035, 4.339359020599999894 ) ) ;
#6287 = DIRECTION ( 'NONE',  ( -6.205588050655789076E-17, -1.000000000000000000, -1.315704527457394051E-15 ) ) ;
#6288 = EDGE_CURVE ( 'NONE', #5839, #3707, #4457, .T. ) ;
#6289 = CARTESIAN_POINT ( 'NONE',  ( -23.96478101119999948, -22.28479467085999843, 14.30079563703999845 ) ) ;
#6290 = CARTESIAN_POINT ( 'NONE',  ( -10.48923072709999893, 7.215205329249999799, 5.188201990970000566 ) ) ;
#6291 = CARTESIAN_POINT ( 'NONE',  ( -12.76735642466474907, -17.86256090953207831, 23.79999802580619317 ) ) ;
#6292 = CARTESIAN_POINT ( 'NONE',  ( -27.47471394729990024, 0.06505953753018994812, 7.230904156759900836 ) ) ;
#6293 = CARTESIAN_POINT ( 'NONE',  ( 2.590735822519999676, -3.385928089440000122, 23.36783903490000114 ) ) ;
#6294 = CARTESIAN_POINT ( 'NONE',  ( -17.06433535690000269, -21.03987615659999832, 24.06598116080000338 ) ) ;
#6295 = EDGE_CURVE ( 'NONE', #1245, #4806, #958, .T. ) ;
#6296 = B_SPLINE_CURVE_WITH_KNOTS ( 'NONE', 5,
 ( #3861, #3215, #1269, #8309, #3905, #5790, #1099, #3820, #6479 ),
 .UNSPECIFIED., .F., .F.,
 ( 6, 3, 6 ),
 ( -4.634432043040000337, -3.783636437280000209, 0.000000000000000000 ),
 .UNSPECIFIED. ) ;
#6297 = CARTESIAN_POINT ( 'NONE',  ( -26.24464922165958924, -17.97213593245936991, 6.000839431119558753 ) ) ;
#6298 = CARTESIAN_POINT ( 'NONE',  ( -28.44380781630000143, -20.87354721483333364, 8.276204702791773116 ) ) ;
#6299 = VERTEX_POINT ( 'NONE', #628 ) ;
#6300 = EDGE_CURVE ( 'NONE', #5902, #3509, #6673, .T. ) ;
#6301 = CARTESIAN_POINT ( 'NONE',  ( 2.303235987369999904, -13.79799199029999990, 4.799998032219999544 ) ) ;
#6302 = CARTESIAN_POINT ( 'NONE',  ( -24.86826136210000016, 3.617843469539999468, 5.039229246529999706 ) ) ;
#6303 = EDGE_CURVE ( 'NONE', #1152, #1332, #1159, .T. ) ;
#6304 = CARTESIAN_POINT ( 'NONE',  ( -26.33339723271016553, 0.3286219661326980623, 22.51040860938983457 ) ) ;
#6305 = CARTESIAN_POINT ( 'NONE',  ( -21.18900628383749662, -21.33208258488118148, 23.94727231152978675 ) ) ;
#6306 = CARTESIAN_POINT ( 'NONE',  ( 2.157727164180000212, 0.3723125377100000022, 19.97365200180000144 ) ) ;
#6307 = CARTESIAN_POINT ( 'NONE',  ( -11.98213827340000037, -18.03582120720000148, 5.071845938880000126 ) ) ;
#6308 = CARTESIAN_POINT ( 'NONE',  ( -11.73446219480000074, -17.94716710639999846, 23.41237046150000012 ) ) ;
#6309 = ADVANCED_FACE ( 'NONE', ( #5752 ), #7161, .F. ) ;
#6310 = EDGE_LOOP ( 'NONE', ( #76, #4244, #3592, #1031 ) ) ;
#6311 = CARTESIAN_POINT ( 'NONE',  ( -7.946547919270000371, 0.6652053292599999779, 9.058146817620000846 ) ) ;
#6312 = CARTESIAN_POINT ( 'NONE',  ( -12.84683463049999830, 0.3222849619400000032, 4.799998025759999898 ) ) ;
#6313 = VERTEX_POINT ( 'NONE', #1964 ) ;
#6314 = CARTESIAN_POINT ( 'NONE',  ( 2.572245699280000242, 0.4845783335530000069, 9.225807626330000843 ) ) ;
#6315 = CARTESIAN_POINT ( 'NONE',  ( -18.97061128302077648, -18.48458239717114893, 4.597107739600165388 ) ) ;
#6316 = CARTESIAN_POINT ( 'NONE',  ( -20.98434673875215850, -21.89506760905007710, 22.31525331078342944 ) ) ;
#6317 = CARTESIAN_POINT ( 'NONE',  ( 2.577074918450000141, -3.457061952180000119, 5.161808034490000807 ) ) ;
#6318 = LINE ( 'NONE', #3057, #491 ) ;
#6319 = CARTESIAN_POINT ( 'NONE',  ( -23.18893532339999908, -18.03479467069999842, 22.02982842373056016 ) ) ;
#6320 = B_SPLINE_CURVE_WITH_KNOTS ( 'NONE', 3,
 ( #6132, #2961, #5545, #4123, #6087, #3429, #8103, #1620, #8143, #1575 ),
 .UNSPECIFIED., .F., .F.,
 ( 4, 2, 2, 2, 4 ),
 ( 0.000000000000000000, 0.2500000000000000555, 0.5000000000000001110, 0.7500000000000002220, 1.000000000000000000 ),
 .UNSPECIFIED. ) ;
#6321 = ORIENTED_EDGE ( 'NONE', *, *, #6826, .T. ) ;
#6322 = CARTESIAN_POINT ( 'NONE',  ( -6.909559283179999234, -3.554087783309999971, 23.76915551200000110 ) ) ;
#6323 = CARTESIAN_POINT ( 'NONE',  ( 2.294021070989999966, -3.838215968559999691, 4.799998045379999745 ) ) ;
#6324 = CARTESIAN_POINT ( 'NONE',  ( -26.08134067445177706, -2.108080357895208312, 22.76246516764820882 ) ) ;
#6325 = CARTESIAN_POINT ( 'NONE',  ( -18.48101542180000223, -18.61132104349999850, 4.720271430040000382 ) ) ;
#6326 = CARTESIAN_POINT ( 'NONE',  ( 2.590735491149999792, -3.385927849999999850, 5.232156508180000110 ) ) ;
#6327 = CARTESIAN_POINT ( 'NONE',  ( -16.64161092599999847, 3.617351709009999805, 24.25023324420000037 ) ) ;
#6328 = CARTESIAN_POINT ( 'NONE',  ( -17.75215843240000169, 2.126885942689999975, 4.448860095729999742 ) ) ;
#6329 = ORIENTED_EDGE ( 'NONE', *, *, #2859, .T. ) ;
#6330 = CARTESIAN_POINT ( 'NONE',  ( -17.52486182830000061, 1.633854484440000032, 24.08753261569999893 ) ) ;
#6331 = CARTESIAN_POINT ( 'NONE',  ( -17.34232733039999985, 3.942663591680000135, 24.08040722930000044 ) ) ;
#6332 = CARTESIAN_POINT ( 'NONE',  ( -21.13893532420000199, -18.48479466999999943, 20.79999802579999724 ) ) ;
#6333 = CARTESIAN_POINT ( 'NONE',  ( -12.11537533247666865, -17.96621996091622719, 23.62569075035944977 ) ) ;
#6334 = B_SPLINE_CURVE_WITH_KNOTS ( 'NONE', 3,
 ( #727, #2039, #4614, #33, #7833, #5270 ),
 .UNSPECIFIED., .F., .F.,
 ( 4, 2, 4 ),
 ( 0.000000000000000000, 0.5000000000000000000, 1.000000000000000000 ),
 .UNSPECIFIED. ) ;
#6335 = CARTESIAN_POINT ( 'NONE',  ( 2.576984947170000151, -3.511398033949999942, 23.47018037519999822 ) ) ;
#6336 = CARTESIAN_POINT ( 'NONE',  ( -18.11680910489999974, -18.85728112649999844, 23.92700585790000289 ) ) ;
#6337 = CARTESIAN_POINT ( 'NONE',  ( 2.157726972519999897, -18.04190186019999942, 8.626344030800000340 ) ) ;
#6338 = EDGE_CURVE ( 'NONE', #3735, #7971, #2127, .T. ) ;
#6339 = CARTESIAN_POINT ( 'NONE',  ( -26.28007069309594712, -17.98303310427512969, 6.036260902555921071 ) ) ;
#6340 = CARTESIAN_POINT ( 'NONE',  ( -9.183862371140000036, 0.6652053179780000880, 8.055392299849998494 ) ) ;
#6341 = ADVANCED_FACE ( 'NONE', ( #4021 ), #451, .F. ) ;
#6342 = ORIENTED_EDGE ( 'NONE', *, *, #3790, .F. ) ;
#6343 = CARTESIAN_POINT ( 'NONE',  ( 2.507238093879999852, -13.85460592319999940, 4.893678922220000338 ) ) ;
#6344 = CARTESIAN_POINT ( 'NONE',  ( 2.355878977160000165, -18.13547719199999975, 19.83505001530000200 ) ) ;
#6345 = CARTESIAN_POINT ( 'NONE',  ( -12.56065347590000059, 0.2651846153970000008, 23.79976952710000049 ) ) ;
#6346 = CARTESIAN_POINT ( 'NONE',  ( -26.33339723958282264, -15.47137803222553387, 22.51040860251714548 ) ) ;
#6347 = CARTESIAN_POINT ( 'NONE',  ( -28.27524418670000017, -21.06038836670000336, 8.082143944499998511 ) ) ;
#6348 = EDGE_CURVE ( 'NONE', #4113, #3312, #4108, .T. ) ;
#6349 = CARTESIAN_POINT ( 'NONE',  ( -12.56065347590000059, -17.93477395690000264, 4.800226524429999309 ) ) ;
#6350 = CARTESIAN_POINT ( 'NONE',  ( -12.53595017620000185, -18.30220077789999777, 23.51637681639999755 ) ) ;
#6351 = ORIENTED_EDGE ( 'NONE', *, *, #4401, .T. ) ;
#6352 = CARTESIAN_POINT ( 'NONE',  ( -18.20717562329999595, -21.60827314649999664, 23.91314644720000260 ) ) ;
#6353 = DIRECTION ( 'NONE',  ( 1.000000000000000000, -6.123233995739999133E-17, 2.985759393769999632E-16 ) ) ;
#6354 = CARTESIAN_POINT ( 'NONE',  ( -6.886206722000000724, -18.24223624470000260, 8.870293115890000024 ) ) ;
#6355 = CARTESIAN_POINT ( 'NONE',  ( -18.93523385859425900, -18.48474045446712921, 4.604971972675989456 ) ) ;
#6356 = VERTEX_POINT ( 'NONE', #4588 ) ;
#6357 = CARTESIAN_POINT ( 'NONE',  ( 2.767835952418997714, -1.719904634849319658, 21.71231156427529640 ) ) ;
#6358 = CARTESIAN_POINT ( 'NONE',  ( -17.75757377480000088, 1.555261515059999988, 4.487880708899999682 ) ) ;
#6359 = CARTESIAN_POINT ( 'NONE',  ( -24.93602760745303826, -21.28506635703037375, 4.996718388623688334 ) ) ;
#6360 = CARTESIAN_POINT ( 'NONE',  ( 3.358058311687429409, 0.4152038840213986837, 14.71723433644721091 ) ) ;
#6361 = ORIENTED_EDGE ( 'NONE', *, *, #5527, .T. ) ;
#6362 = CARTESIAN_POINT ( 'NONE',  ( -8.961216726509999120, -2.317504828370000158, 23.67523515990000149 ) ) ;
#6363 = VERTEX_POINT ( 'NONE', #6567 ) ;
#6364 = CARTESIAN_POINT ( 'NONE',  ( 2.498070954399999710, -3.781296514420000143, 4.893806884429999116 ) ) ;
#6365 = CARTESIAN_POINT ( 'NONE',  ( -25.86419635895046909, -1.978112665546640114, 22.97960948314953100 ) ) ;
#6366 = ORIENTED_EDGE ( 'NONE', *, *, #613, .F. ) ;
#6367 = CARTESIAN_POINT ( 'NONE',  ( -15.25892803380000018, 0.8152047005349999376, 5.814357516319999419 ) ) ;
#6368 = CARTESIAN_POINT ( 'NONE',  ( 2.143972051120000000, -3.405573071239999638, 4.892079126170000514 ) ) ;
#6369 = CARTESIAN_POINT ( 'NONE',  ( -25.08307613210000042, -20.98715625819999886, 4.839266286970000053 ) ) ;
#6370 = EDGE_CURVE ( 'NONE', #2659, #4136, #8328, .T. ) ;
#6371 = CARTESIAN_POINT ( 'NONE',  ( -28.09569894539999879, 3.505138865650000213, 8.265683324470000315 ) ) ;
#6372 = CARTESIAN_POINT ( 'NONE',  ( -21.00413509910000087, 3.752781731749999850, 5.738524177420000427 ) ) ;
#6373 = CARTESIAN_POINT ( 'NONE',  ( -17.44224086849999722, 3.577348572030000007, 4.438037535919999499 ) ) ;
#6374 = CARTESIAN_POINT ( 'NONE',  ( -6.747729753785087325, 0.3723121104507639001, 8.626343622496241537 ) ) ;
#6375 = CARTESIAN_POINT ( 'NONE',  ( -27.93938575246781753, -1.061973922872275988, 7.695575961927822561 ) ) ;
#6376 = CARTESIAN_POINT ( 'NONE',  ( -19.09989177549999795, -18.37919225089999742, 24.00954213119999991 ) ) ;
#6377 = EDGE_CURVE ( 'NONE', #1063, #6219, #4856, .T. ) ;
#6378 = CARTESIAN_POINT ( 'NONE',  ( -28.44380781629962485, -20.87286534457500053, 20.19289062912499944 ) ) ;
#6379 = EDGE_CURVE ( 'NONE', #7779, #2754, #6683, .T. ) ;
#6380 = CARTESIAN_POINT ( 'NONE',  ( -15.72054274940000163, -20.18264383430000208, 4.275645262529999435 ) ) ;
#6381 = CARTESIAN_POINT ( 'NONE',  ( -8.442854427400000361, 0.4442241502079999904, 20.54528554499999871 ) ) ;
#6382 = EDGE_CURVE ( 'NONE', #7204, #6172, #6805, .T. ) ;
#6383 = VECTOR ( 'NONE', #8059, 1000.000000000000000 ) ;
#6384 = VERTEX_POINT ( 'NONE', #2994 ) ;
#6385 = CARTESIAN_POINT ( 'NONE',  ( -24.70092184869999841, -21.60896241900000092, 16.46529372559999871 ) ) ;
#6386 = ORIENTED_EDGE ( 'NONE', *, *, #7434, .F. ) ;
#6387 = CARTESIAN_POINT ( 'NONE',  ( 2.578891055029999713, -18.01982668619999828, 19.59136136540000095 ) ) ;
#6388 = EDGE_CURVE ( 'NONE', #7495, #3312, #6072, .T. ) ;
#6389 = CARTESIAN_POINT ( 'NONE',  ( -25.85812461211456537, 0.1012773388056507073, 22.98568122998542762 ) ) ;
#6390 = CARTESIAN_POINT ( 'NONE',  ( -25.45843930865145310, -16.19875485891662237, 23.38536653344852567 ) ) ;
#6391 = AXIS2_PLACEMENT_3D ( 'NONE', #5801, #3345, #4474 ) ;
#6392 = CARTESIAN_POINT ( 'NONE',  ( -28.35288230449999958, -20.87413540860000083, 8.109072185609999650 ) ) ;
#6393 = CARTESIAN_POINT ( 'NONE',  ( -20.54424169840000047, 3.768841563480000101, 23.08957076869999980 ) ) ;
#6394 = ORIENTED_EDGE ( 'NONE', *, *, #781, .T. ) ;
#6395 = CARTESIAN_POINT ( 'NONE',  ( -23.18893532340000263, -2.234794670749999934, 6.399998025760000431 ) ) ;
#6396 =( LENGTH_UNIT ( ) NAMED_UNIT ( * ) SI_UNIT ( .MILLI., .METRE. ) );
#6397 = VERTEX_POINT ( 'NONE', #4798 ) ;
#6398 = VECTOR ( 'NONE', #6022, 1000.000000000000000 ) ;
#6399 = DIRECTION ( 'NONE',  ( 0.7071067811871861730, -0.6123724356951611991, -0.3535533905930930976 ) ) ;
#6400 = AXIS2_PLACEMENT_3D ( 'NONE', #5990, #6714, #4793 ) ;
#6401 = ORIENTED_EDGE ( 'NONE', *, *, #1688, .F. ) ;
#6402 = FACE_OUTER_BOUND ( 'NONE', #3635, .T. ) ;
#6403 = CARTESIAN_POINT ( 'NONE',  ( 2.150091566099999962, 0.6348661355789999572, 9.020763071630000240 ) ) ;
#6404 = DIRECTION ( 'NONE',  ( -0.7745966692415869881, 0.6324555320335490949, 0.000000000000000000 ) ) ;
#6405 = CARTESIAN_POINT ( 'NONE',  ( 2.539599056679999745, -14.35451621610000039, 23.42859456229999893 ) ) ;
#6406 = CARTESIAN_POINT ( 'NONE',  ( -18.13489248740000193, 1.540139376700000007, 4.462225463440000262 ) ) ;
#6407 = CARTESIAN_POINT ( 'NONE',  ( -17.03207957769999936, 3.670586129090000149, 24.17457146830000170 ) ) ;
#6408 = CARTESIAN_POINT ( 'NONE',  ( -17.44599261839999826, 3.720884894920000185, 24.12519082680000082 ) ) ;
#6409 = B_SPLINE_CURVE_WITH_KNOTS ( 'NONE', 5,
 ( #3795, #3235, #4526, #2630, #4568, #5809 ),
 .UNSPECIFIED., .F., .F.,
 ( 6, 6 ),
 ( -1.397428267890000075, 0.000000000000000000 ),
 .UNSPECIFIED. ) ;
#6410 = ORIENTED_EDGE ( 'NONE', *, *, #2253, .T. ) ;
#6411 = AXIS2_PLACEMENT_3D ( 'NONE', #3296, #2086, #4631 ) ;
#6412 = ORIENTED_EDGE ( 'NONE', *, *, #4405, .F. ) ;
#6413 = CARTESIAN_POINT ( 'NONE',  ( -6.958370349199999971, -3.868247048659999798, 23.79999802580000079 ) ) ;
#6414 = EDGE_CURVE ( 'NONE', #6077, #8272, #653, .T. ) ;
#6415 = DIRECTION ( 'NONE',  ( -6.317813716140000497E-10, 2.206122670679999959E-11, 1.000000000000000000 ) ) ;
#6416 = CARTESIAN_POINT ( 'NONE',  ( -9.183862345430000573, -15.07940047009999951, 23.79999800929999765 ) ) ;
#6417 = AXIS2_PLACEMENT_3D ( 'NONE', #7438, #2984, #4141 ) ;
#6418 = CARTESIAN_POINT ( 'NONE',  ( -24.74697255859999956, 3.322261719790000178, 23.90687166449999879 ) ) ;
#6419 = CARTESIAN_POINT ( 'NONE',  ( 2.251317015169999713, -3.277925520280000171, 4.979375676900000158 ) ) ;
#6420 = CARTESIAN_POINT ( 'NONE',  ( -17.33169403249999974, 2.462670406280000002, 24.17330256280000000 ) ) ;
#6421 = CARTESIAN_POINT ( 'NONE',  ( -28.29736120689999979, 3.205321616650000038, 8.053551416380001271 ) ) ;
#6422 = VECTOR ( 'NONE', #6399, 1000.000000000000227 ) ;
#6423 = CARTESIAN_POINT ( 'NONE',  ( -21.09468706290000029, 3.749619587809999821, 5.614353182600000380 ) ) ;
#6424 = ORIENTED_EDGE ( 'NONE', *, *, #3160, .F. ) ;
#6425 = CARTESIAN_POINT ( 'NONE',  ( -17.06433531360000089, -21.03987615540000178, 4.534014880520000013 ) ) ;
#6426 = CARTESIAN_POINT ( 'NONE',  ( -11.99967263495861047, -17.96690775481235036, 23.56993357159224800 ) ) ;
#6427 = CARTESIAN_POINT ( 'NONE',  ( -27.81861917253187855, -1.491530022033001224, 7.574809381991866708 ) ) ;
#6428 = CARTESIAN_POINT ( 'NONE',  ( -18.98474621240000104, -18.60380234049999970, 24.01806487960000069 ) ) ;
#6429 = CARTESIAN_POINT ( 'NONE',  ( -16.11759554323743515, 2.511130695340038521, 24.37389784047471863 ) ) ;
#6430 = CARTESIAN_POINT ( 'NONE',  ( -17.83537942569999757, 1.699302824979999960, 4.451766236850000169 ) ) ;
#6431 = CARTESIAN_POINT ( 'NONE',  ( -6.886409953770000314, 0.5726473067300000830, 8.870296720029999804 ) ) ;
#6432 = EDGE_CURVE ( 'NONE', #3239, #8334, #409, .T. ) ;
#6433 = CARTESIAN_POINT ( 'NONE',  ( -8.914504764590001074, -18.33479467069999913, 20.10535961880000144 ) ) ;
#6434 = CARTESIAN_POINT ( 'NONE',  ( 2.502664043190000243, -13.87144735529999906, 4.893742744609999917 ) ) ;
#6435 = CARTESIAN_POINT ( 'NONE',  ( -17.75757418859999959, 1.555261219320000166, 4.487880680410000878 ) ) ;
#6436 = CARTESIAN_POINT ( 'NONE',  ( 2.591064675919999782, -8.834794670739999134, 20.49999802580000008 ) ) ;
#6437 = CARTESIAN_POINT ( 'NONE',  ( -25.37410494411008344, -1.214841087114782558, 23.46970089798990600 ) ) ;
#6438 = DIRECTION ( 'NONE',  ( 0.7745966692411312415, 0.6324555320341072040, 4.743032633310801026E-17 ) ) ;
#6439 = APPROVAL ( #2285, 'Coincident' ) ;
#6440 = CARTESIAN_POINT ( 'NONE',  ( -18.41440001080000144, 4.240149390170000032, 4.872284811340000132 ) ) ;
#6441 = CARTESIAN_POINT ( 'NONE',  ( -11.73446219480000074, -17.94716710639999846, 5.187625590070000570 ) ) ;
#6442 = VERTEX_POINT ( 'NONE', #318 ) ;
#6443 = CARTESIAN_POINT ( 'NONE',  ( 2.769960800419999813, -11.26103465919999991, 4.799998025759999898 ) ) ;
#6444 = VERTEX_POINT ( 'NONE', #4238 ) ;
#6445 = CARTESIAN_POINT ( 'NONE',  ( -18.89657117710000378, 4.302097335390000055, 5.072535475869999644 ) ) ;
#6446 = FACE_OUTER_BOUND ( 'NONE', #2228, .T. ) ;
#6447 = CARTESIAN_POINT ( 'NONE',  ( 2.523998232060000291, 0.4183230398650000237, 8.936225589319999330 ) ) ;
#6448 = CARTESIAN_POINT ( 'NONE',  ( -6.299190266060000098, -18.30395222069999761, 19.58070428290000109 ) ) ;
#6449 = CARTESIAN_POINT ( 'NONE',  ( 2.463940036169999903, -14.41807861039999850, 23.47721392109999883 ) ) ;
#6450 = CARTESIAN_POINT ( 'NONE',  ( -17.71856921099999838, 1.487183131349999909, 24.03197981739999989 ) ) ;
#6451 = CARTESIAN_POINT ( 'NONE',  ( -12.84683463080000010, 0.6652053292599999779, 5.299998025759999898 ) ) ;
#6452 = ADVANCED_FACE ( 'NONE', ( #280 ), #6856, .T. ) ;
#6453 = CARTESIAN_POINT ( 'NONE',  ( -23.18893532339999908, -16.39452242103293500, 20.93383354613118641 ) ) ;
#6454 = VERTEX_POINT ( 'NONE', #2902 ) ;
#6455 = VERTEX_POINT ( 'NONE', #4931 ) ;
#6456 = CARTESIAN_POINT ( 'NONE',  ( -17.60030052029999936, 1.768736146109999963, 4.442275247689999595 ) ) ;
#6457 = CARTESIAN_POINT ( 'NONE',  ( -28.15427768489999849, -21.17268259239999750, 8.407104953579999318 ) ) ;
#6458 = DIRECTION ( 'NONE',  ( 1.000000000000000000, 6.123233995740008994E-17, 6.123233995739989272E-17 ) ) ;
#6459 = CARTESIAN_POINT ( 'NONE',  ( -24.98923360323076182, 3.582318268991944166, 4.942354782846066996 ) ) ;
#6460 = CARTESIAN_POINT ( 'NONE',  ( -16.76458877550000182, -19.86709427829999797, 4.421486902560000765 ) ) ;
#6461 = CARTESIAN_POINT ( 'NONE',  ( -24.80678623849999909, -21.28957956970000254, 23.59932943890000345 ) ) ;
#6462 = CARTESIAN_POINT ( 'NONE',  ( -16.82772027420000072, 2.374842038930000232, 4.342112150070000176 ) ) ;
#6463 = EDGE_LOOP ( 'NONE', ( #6080, #6663, #8356, #3797 ) ) ;
#6464 = CARTESIAN_POINT ( 'NONE',  ( -23.72605109510000077, 3.657730330990000223, 8.218673706200000595 ) ) ;
#6465 = EDGE_LOOP ( 'NONE', ( #6862, #1916, #6942, #3811, #3041, #4785, #7791, #7681, #892, #920, #3932, #5961 ) ) ;
#6466 = EDGE_CURVE ( 'NONE', #8475, #5942, #6499, .T. ) ;
#6467 = CARTESIAN_POINT ( 'NONE',  ( -17.52692716190000155, -19.04777388529999982, 4.557546231859999963 ) ) ;
#6468 = CARTESIAN_POINT ( 'NONE',  ( -11.84518133401786599, -17.96223400998928454, 23.48770535661690317 ) ) ;
#6469 = CARTESIAN_POINT ( 'NONE',  ( -17.07149208639999927, -19.70418388899999940, 4.487782193140000153 ) ) ;
#6470 = CARTESIAN_POINT ( 'NONE',  ( -18.68243271680000106, -18.52698997150000437, 23.93062308849999908 ) ) ;
#6471 = CARTESIAN_POINT ( 'NONE',  ( -16.47011908284694570, 2.401155251051696915, 24.32413938431848877 ) ) ;
#6472 = ORIENTED_EDGE ( 'NONE', *, *, #3409, .T. ) ;
#6473 = CARTESIAN_POINT ( 'NONE',  ( -6.299190329860000048, -18.33479467069999913, 9.333450403689999675 ) ) ;
#6474 = CARTESIAN_POINT ( 'NONE',  ( -17.29643880240000087, 1.594124395080000145, 24.19234686229999909 ) ) ;
#6475 = B_SPLINE_SURFACE_WITH_KNOTS ( 'NONE', 5, 5, ( 
 ( #1150, #6964, #1671, #514, #6314, #1762 ),
 ( #2323, #7008, #468, #3097, #5722, #3782 ),
 ( #6403, #8324, #4905, #4254, #6874, #7552 ),
 ( #8371, #7727, #2492, #7093, #6447, #5123 ),
 ( #4469, #5761, #1841, #1195, #3830, #557 ),
 ( #7353, #3488, #3405, #4832, #774, #6102 ) ),
 .UNSPECIFIED., .F., .F., .F.,
 ( 6, 6 ),
 ( 6, 6 ),
 ( 3.237978360680000112, 3.863655262169999993 ),
 ( 0.000000000000000000, 0.5502330933390000567 ),
 .UNSPECIFIED. ) ;
#6476 = ORIENTED_EDGE ( 'NONE', *, *, #801, .T. ) ;
#6477 = LINE ( 'NONE', #1223, #2124 ) ;
#6478 = FACE_OUTER_BOUND ( 'NONE', #962, .T. ) ;
#6479 = CARTESIAN_POINT ( 'NONE',  ( -9.299188471460000827, -2.731433812929999760, 4.799998025759999898 ) ) ;
#6480 = CARTESIAN_POINT ( 'NONE',  ( 3.003344524259999648, 0.6652053292599999779, 14.21134871230000130 ) ) ;
#6481 = ADVANCED_FACE ( 'NONE', ( #6896 ), #5860, .F. ) ;
#6482 = CARTESIAN_POINT ( 'NONE',  ( -18.49086350099999976, 3.932963770659999803, 4.799298278520000238 ) ) ;
#6483 = CARTESIAN_POINT ( 'NONE',  ( 3.236369772128939282, -6.781573423350962138, 23.54424453094632241 ) ) ;
#6484 = CARTESIAN_POINT ( 'NONE',  ( -23.22123975139999885, -21.34494807300000119, 7.945846821940000027 ) ) ;
#6485 = ORIENTED_EDGE ( 'NONE', *, *, #5867, .F. ) ;
#6486 = ORIENTED_EDGE ( 'NONE', *, *, #2151, .T. ) ;
#6487 = CARTESIAN_POINT ( 'NONE',  ( -16.79490688659999620, 2.141085052479999806, 4.340728761010000269 ) ) ;
#6488 = EDGE_CURVE ( 'NONE', #4648, #63, #6277, .T. ) ;
#6489 = CARTESIAN_POINT ( 'NONE',  ( -11.98213827340000037, 0.3662318556610000275, 5.071845928840000184 ) ) ;
#6490 = CARTESIAN_POINT ( 'NONE',  ( -8.869809774349999287, -18.09132548079999836, 20.92923605250000207 ) ) ;
#6491 = CARTESIAN_POINT ( 'NONE',  ( 2.270532554149999882, -13.97855459639999864, 23.79531857639999970 ) ) ;
#6492 = CARTESIAN_POINT ( 'NONE',  ( -6.299189361209999838, -3.161141652460000007, 5.092889859629999627 ) ) ;
#6493 = CARTESIAN_POINT ( 'NONE',  ( -18.96194616089999840, -21.49368588269999947, 23.91714792090000330 ) ) ;
#6494 = CARTESIAN_POINT ( 'NONE',  ( -7.616593928190000362, -3.740366272789999780, 4.799998025759999898 ) ) ;
#6495 = CARTESIAN_POINT ( 'NONE',  ( -17.93080098140000445, -19.07662591639999761, 4.610032558630000388 ) ) ;
#6496 = ORIENTED_EDGE ( 'NONE', *, *, #2696, .F. ) ;
#6497 = CARTESIAN_POINT ( 'NONE',  ( -17.14513512029999731, 1.893659311059999961, 4.431896696889999987 ) ) ;
#6498 = EDGE_CURVE ( 'NONE', #7613, #4508, #239, .T. ) ;
#6499 = B_SPLINE_CURVE_WITH_KNOTS ( 'NONE', 3,
 ( #7577, #957, #7406, #3588, #1651, #7447, #8131, #5532, #2303, #8092, #6201, #7537, #4277 ),
 .UNSPECIFIED., .F., .F.,
 ( 4, 2, 1, 1, 1, 2, 2, 4 ),
 ( 0.000000000000000000, 0.2500000000000041078, 0.3750000000000057176, 0.4375000000000064948, 0.4687500000000079936, 0.4843750000000082712, 0.5000000000000086597, 1.000000000000000000 ),
 .UNSPECIFIED. ) ;
#6500 = DIRECTION ( 'NONE',  ( -0.7745966692411002663, -0.6324555320341451736, 3.805289416902725304E-14 ) ) ;
#6501 = CARTESIAN_POINT ( 'NONE',  ( -6.865761452410000132, -14.39737700049999880, 23.61817688040000007 ) ) ;
#6502 = CARTESIAN_POINT ( 'NONE',  ( -7.723543748754065241, -2.839062248193282123, 23.47783656670215535 ) ) ;
#6503 = CARTESIAN_POINT ( 'NONE',  ( -16.84485001699999884, 2.243233844099999708, 4.341224413700000895 ) ) ;
#6504 = CARTESIAN_POINT ( 'NONE',  ( -18.21063729309999957, -20.75523990820000009, 4.657061027290000155 ) ) ;
#6505 = CARTESIAN_POINT ( 'NONE',  ( -19.99893532420000142, 0.6652053292599999779, 4.799998025759999898 ) ) ;
#6506 = ORIENTED_EDGE ( 'NONE', *, *, #6956, .F. ) ;
#6507 = CARTESIAN_POINT ( 'NONE',  ( -16.67145932352578086, -19.62888453829171453, 4.518471186876148238 ) ) ;
#6508 = VERTEX_POINT ( 'NONE', #539 ) ;
#6509 = FACE_OUTER_BOUND ( 'NONE', #3867, .T. ) ;
#6510 = CARTESIAN_POINT ( 'NONE',  ( 2.590735491149999792, -17.90263618830000070, 8.851131205020001502 ) ) ;
#6511 = CARTESIAN_POINT ( 'NONE',  ( 2.578893601069999875, 0.3502335807499999953, 19.59135908009999838 ) ) ;
#6512 = CARTESIAN_POINT ( 'NONE',  ( 2.552185085850000146, -5.179663125660000311, 4.799998025759999898 ) ) ;
#6513 = CARTESIAN_POINT ( 'NONE',  ( -16.09586904408495300, 2.516663956454143314, 24.37658621721255159 ) ) ;
#6514 = B_SPLINE_CURVE_WITH_KNOTS ( 'NONE', 4,
 ( #4615, #691, #5352, #7951, #5941 ),
 .UNSPECIFIED., .F., .F.,
 ( 5, 5 ),
 ( 0.000000000000000000, 73.60800674620000450 ),
 .UNSPECIFIED. ) ;
#6515 = CARTESIAN_POINT ( 'NONE',  ( -16.43890401840000237, -20.00988442299999903, 4.362612686220000313 ) ) ;
#6516 = CARTESIAN_POINT ( 'NONE',  ( -8.608650376499999979, 0.6275784396390000630, 8.311936299500001013 ) ) ;
#6517 = EDGE_LOOP ( 'NONE', ( #3464, #3019, #6988, #5045 ) ) ;
#6518 = CARTESIAN_POINT ( 'NONE',  ( -17.44330832009999810, 3.607283443550000523, 24.16192136749999975 ) ) ;
#6519 = CARTESIAN_POINT ( 'NONE',  ( -17.25209563209999786, -21.55339517890000067, 4.262504797570000115 ) ) ;
#6520 = CARTESIAN_POINT ( 'NONE',  ( 2.376431116890000084, 0.6268567254369999953, 19.46031598580000122 ) ) ;
#6521 = CARTESIAN_POINT ( 'NONE',  ( -21.69751510469999900, 3.728568368719999970, 22.46685004690000298 ) ) ;
#6522 = VERTEX_POINT ( 'NONE', #3078 ) ;
#6523 = EDGE_CURVE ( 'NONE', #14, #6123, #2600, .T. ) ;
#6524 = LINE ( 'NONE', #3261, #6250 ) ;
#6525 = CARTESIAN_POINT ( 'NONE',  ( -17.56729448719999809, 4.039765337070000406, 4.582376423150000377 ) ) ;
#6526 = CARTESIAN_POINT ( 'NONE',  ( -18.20717562329999595, -21.60827312979999704, 4.686849603790000707 ) ) ;
#6527 = CARTESIAN_POINT ( 'NONE',  ( 2.146752624699999945, 0.4833976830769999844, 8.737428196639999811 ) ) ;
#6528 = ORIENTED_EDGE ( 'NONE', *, *, #213, .F. ) ;
#6529 = VERTEX_POINT ( 'NONE', #5824 ) ;
#6530 = CARTESIAN_POINT ( 'NONE',  ( -17.84795125069999955, 3.959150407369999680, 23.95218917160000061 ) ) ;
#6531 = CARTESIAN_POINT ( 'NONE',  ( -27.49125498167276760, -15.74893622848676955, 21.35255086042721828 ) ) ;
#6532 = CARTESIAN_POINT ( 'NONE',  ( 2.186362437220000121, -13.80134265029999874, 23.79999762370000127 ) ) ;
#6533 = PLANE ( 'NONE',  #6815 ) ;
#6534 = CARTESIAN_POINT ( 'NONE',  ( 2.589332901020000133, 0.3829816519900000049, 9.102957089619998499 ) ) ;
#6535 = CARTESIAN_POINT ( 'NONE',  ( -28.41295568953512429, 3.356432183998340868, 8.407104806429998689 ) ) ;
#6536 = CARTESIAN_POINT ( 'NONE',  ( -8.381090673230000121, -17.98130424079999656, 20.64022262509999806 ) ) ;
#6537 = ORIENTED_EDGE ( 'NONE', *, *, #3306, .T. ) ;
#6538 = ORIENTED_EDGE ( 'NONE', *, *, #3160, .T. ) ;
#6539 = CARTESIAN_POINT ( 'NONE',  ( -16.71821645320000016, 2.020631483509999882, 4.432890593890000730 ) ) ;
#6540 = VERTEX_POINT ( 'NONE', #5783 ) ;
#6541 = ORIENTED_EDGE ( 'NONE', *, *, #2090, .T. ) ;
#6542 = CARTESIAN_POINT ( 'NONE',  ( -6.299189361289999844, 0.3723121104470000220, 8.626343622500000308 ) ) ;
#6543 = CARTESIAN_POINT ( 'NONE',  ( -6.299189362029999906, -14.26449597650000101, 23.70744000319999856 ) ) ;
#6544 = CARTESIAN_POINT ( 'NONE',  ( -7.661304276295564541, -2.866995356383990057, 23.48038005535585881 ) ) ;
#6545 = ORIENTED_EDGE ( 'NONE', *, *, #5348, .T. ) ;
#6546 = DIRECTION ( 'NONE',  ( -7.539259186498738799E-17, -1.000000000000000000, -1.318038386726742083E-15 ) ) ;
#6547 = AXIS2_PLACEMENT_3D ( 'NONE', #3314, #1376, #8422 ) ;
#6548 = LINE ( 'NONE', #4089, #2144 ) ;
#6549 = AXIS2_PLACEMENT_3D ( 'NONE', #1023, #3860, #2325 ) ;
#6550 = CARTESIAN_POINT ( 'NONE',  ( 2.590739674419999972, -3.385927778300000135, 5.232156733999999254 ) ) ;
#6551 = EDGE_CURVE ( 'NONE', #1568, #2463, #2296, .T. ) ;
#6552 = CARTESIAN_POINT ( 'NONE',  ( -19.33856580879999854, 3.868766954600000307, 5.081119809539999643 ) ) ;
#6553 = ORIENTED_EDGE ( 'NONE', *, *, #4026, .T. ) ;
#6554 = AXIS2_PLACEMENT_3D ( 'NONE', #3426, #2872, #2788 ) ;
#6555 = CARTESIAN_POINT ( 'NONE',  ( -22.40788288030000075, 7.215205329249999799, 7.750564920500000454 ) ) ;
#6556 = CARTESIAN_POINT ( 'NONE',  ( 2.376431116890000084, -18.29644606689999975, 9.139680065740000359 ) ) ;
#6557 = CARTESIAN_POINT ( 'NONE',  ( 2.619375720519999895, 0.3840909486749999879, 19.38732881760000026 ) ) ;
#6558 = CARTESIAN_POINT ( 'NONE',  ( 2.586003318279999963, -13.85830397229999988, 4.980270636310000221 ) ) ;
#6559 = EDGE_CURVE ( 'NONE', #8221, #3377, #7118, .T. ) ;
#6560 = EDGE_LOOP ( 'NONE', ( #4155, #3384, #5810, #5807 ) ) ;
#6561 = VECTOR ( 'NONE', #914, 1000.000000000000114 ) ;
#6562 = CARTESIAN_POINT ( 'NONE',  ( -16.69131777739999833, -19.71756548960000188, 4.441108659400000214 ) ) ;
#6563 = CARTESIAN_POINT ( 'NONE',  ( -8.869812118449999616, 0.4217362226930000402, 7.670760856360000268 ) ) ;
#6564 = CARTESIAN_POINT ( 'NONE',  ( -28.44380781629962485, -20.87286534457500053, 20.19289062912499944 ) ) ;
#6565 = CARTESIAN_POINT ( 'NONE',  ( -17.19198484380000025, -21.73126211719999645, 4.529682384710000065 ) ) ;
#6566 = CARTESIAN_POINT ( 'NONE',  ( -28.44380781629999788, 3.203276003570000530, 8.407104806670000485 ) ) ;
#6567 = CARTESIAN_POINT ( 'NONE',  ( -9.299187672380000436, -18.33479467069999913, 20.40335986339999863 ) ) ;
#6568 = DIRECTION ( 'NONE',  ( 0.7071067811868693154, -3.096887114554860233E-15, -0.7071067811862258301 ) ) ;
#6569 = CARTESIAN_POINT ( 'NONE',  ( -17.44596931019999886, 3.720882010339999990, 4.474802393000000933 ) ) ;
#6570 = CARTESIAN_POINT ( 'NONE',  ( -23.63889317900000009, 3.978020673959999254, 19.15066506239999811 ) ) ;
#6571 = CYLINDRICAL_SURFACE ( 'NONE', #7217, 0.5000000000000004441 ) ;
#6572 = ORIENTED_EDGE ( 'NONE', *, *, #6432, .F. ) ;
#6573 = EDGE_CURVE ( 'NONE', #853, #2868, #4551, .T. ) ;
#6574 = CARTESIAN_POINT ( 'NONE',  ( -18.44254948170000219, 4.134888086620000180, 23.72061207369999991 ) ) ;
#6575 = CARTESIAN_POINT ( 'NONE',  ( -7.963576633960000706, -18.13242468500000015, 20.22283856990000217 ) ) ;
#6576 = CARTESIAN_POINT ( 'NONE',  ( 2.527129026479999929, -14.28293351559999991, 23.49706029549999897 ) ) ;
#6577 = CARTESIAN_POINT ( 'NONE',  ( 2.657809771780000219, -5.818939049470000846, 23.79999802580000079 ) ) ;
#6578 = CARTESIAN_POINT ( 'NONE',  ( 2.590735822519999676, -3.385928089440000122, 23.36783903490000114 ) ) ;
#6579 = CARTESIAN_POINT ( 'NONE',  ( -7.472777671499999386, -3.282596766040000169, 4.896110835630000047 ) ) ;
#6580 = CARTESIAN_POINT ( 'NONE',  ( -27.55133649999777745, -15.79969262287575837, 7.307526709457754954 ) ) ;
#6581 = ORIENTED_EDGE ( 'NONE', *, *, #2307, .T. ) ;
#6582 = CARTESIAN_POINT ( 'NONE',  ( -16.84485029829999903, 2.243233956970000165, 4.341224188690000041 ) ) ;
#6583 = CARTESIAN_POINT ( 'NONE',  ( -7.121425519660000703, -13.85113981449999798, 4.799998025759999898 ) ) ;
#6584 = CARTESIAN_POINT ( 'NONE',  ( -14.76478101120000019, -23.50999743809999742, 14.30079563719999847 ) ) ;
#6585 = CARTESIAN_POINT ( 'NONE',  ( -16.71821967210000182, 2.020628918119999895, 24.16710335409999644 ) ) ;
#6586 = CARTESIAN_POINT ( 'NONE',  ( -11.98213827340000037, 0.3933574261819999252, 23.50102455220000053 ) ) ;
#6587 = CARTESIAN_POINT ( 'NONE',  ( 2.403120946150000492, -2.456054949850000391, 5.797976564669999888 ) ) ;
#6588 = CARTESIAN_POINT ( 'NONE',  ( -21.18893532420000270, -18.73479467069999771, 23.71080391699999979 ) ) ;
#6589 = ORIENTED_EDGE ( 'NONE', *, *, #4815, .F. ) ;
#6590 = CARTESIAN_POINT ( 'NONE',  ( -28.44380781629999788, 3.203276003570000530, 14.29999628289999869 ) ) ;
#6591 = CARTESIAN_POINT ( 'NONE',  ( 2.991064675929999694, -8.834794670739999134, 14.29999802579999901 ) ) ;
#6592 = EDGE_CURVE ( 'NONE', #268, #4113, #8300, .T. ) ;
#6593 = CARTESIAN_POINT ( 'NONE',  ( -12.84683463049999830, -18.14895393609999985, 23.73831299829999963 ) ) ;
#6594 = CARTESIAN_POINT ( 'NONE',  ( 3.028382745660000097, -6.432018641800000935, 4.828095573669999752 ) ) ;
#6595 = CARTESIAN_POINT ( 'NONE',  ( -17.10054963549180229, -21.98479467070001547, 24.02354373019572620 ) ) ;
#6596 = CARTESIAN_POINT ( 'NONE',  ( -17.57958812140000049, 2.079945105000000183, 24.15716216639999914 ) ) ;
#6597 = B_SPLINE_CURVE_WITH_KNOTS ( 'NONE', 5,
 ( #6801, #6674, #124, #2122, #2855, #2732 ),
 .UNSPECIFIED., .F., .F.,
 ( 6, 6 ),
 ( 1.480835337150000042, 1.790146260350000018 ),
 .UNSPECIFIED. ) ;
#6598 = VERTEX_POINT ( 'NONE', #2434 ) ;
#6599 = EDGE_CURVE ( 'NONE', #5495, #284, #2599, .T. ) ;
#6600 = CARTESIAN_POINT ( 'NONE',  ( -23.38016773640000068, -21.33939818549999856, 7.632944576270000780 ) ) ;
#6601 = DIRECTION ( 'NONE',  ( 2.962570771360284921E-16, -0.03489949670250334229, -0.9993908270190956511 ) ) ;
#6602 = CARTESIAN_POINT ( 'NONE',  ( -16.46679582500000194, 2.149644385469999808, 24.22131175919999890 ) ) ;
#6603 = DIRECTION ( 'NONE',  ( 6.123244133959999531E-17, 1.000000000000000000, 1.301554064529999903E-15 ) ) ;
#6604 = CARTESIAN_POINT ( 'NONE',  ( 3.291064675920000404, -8.834794670739999134, 14.29999802579999901 ) ) ;
#6605 = CARTESIAN_POINT ( 'NONE',  ( -24.05656792379999942, 3.646188428999999953, 19.38549859680000154 ) ) ;
#6606 = LINE ( 'NONE', #3220, #3505 ) ;
#6607 = VERTEX_POINT ( 'NONE', #2883 ) ;
#6608 = CARTESIAN_POINT ( 'NONE',  ( -19.14416374649999852, 4.008253396109999755, 23.47309351119999832 ) ) ;
#6609 = CARTESIAN_POINT ( 'NONE',  ( 2.613347027800000166, 0.6652050602519999911, 10.45792314459999872 ) ) ;
#6610 = CARTESIAN_POINT ( 'NONE',  ( 2.619374955280000083, -13.92213123390000007, 5.081114077389999650 ) ) ;
#6611 = DIRECTION ( 'NONE',  ( -0.9993908270190955401, 0.000000000000000000, 0.03489949670250333535 ) ) ;
#6612 = CARTESIAN_POINT ( 'NONE',  ( -20.21815416069999927, 0.8152053289270000391, 4.534974564120000551 ) ) ;
#6613 = LINE ( 'NONE', #3228, #2965 ) ;
#6614 = CARTESIAN_POINT ( 'NONE',  ( -27.05957642622025361, -15.50292426645871657, 6.815766635680234664 ) ) ;
#6615 = B_SPLINE_CURVE_WITH_KNOTS ( 'NONE', 3,
 ( #5419, #4809, #208, #3385 ),
 .UNSPECIFIED., .F., .F.,
 ( 4, 4 ),
 ( 0.000000000000000000, 1.000000000000000000 ),
 .UNSPECIFIED. ) ;
#6616 = ORIENTED_EDGE ( 'NONE', *, *, #1231, .F. ) ;
#6617 = CARTESIAN_POINT ( 'NONE',  ( 3.236411456014378185, -10.88767383698631264, 5.055749513719361765 ) ) ;
#6618 = FACE_OUTER_BOUND ( 'NONE', #93, .T. ) ;
#6619 = CARTESIAN_POINT ( 'NONE',  ( 2.626295336913960110, -3.772837795215890910, 23.51914271594846184 ) ) ;
#6620 = CARTESIAN_POINT ( 'NONE',  ( -28.29736145589999907, 3.205321617539999668, 8.053551552619998333 ) ) ;
#6621 = CARTESIAN_POINT ( 'NONE',  ( -12.56065347590000059, 0.6649768305930000567, 23.39997731189999897 ) ) ;
#6622 = CARTESIAN_POINT ( 'NONE',  ( -7.357351301645898012, 0.8152053292529932715, 18.50562952043494036 ) ) ;
#6623 = ORIENTED_EDGE ( 'NONE', *, *, #7877, .T. ) ;
#6624 = ADVANCED_FACE ( 'NONE', ( #6017 ), #3397, .F. ) ;
#6625 = CARTESIAN_POINT ( 'NONE',  ( -24.79435678120000119, -21.29001361569999773, 23.69931745450000093 ) ) ;
#6626 = ORIENTED_EDGE ( 'NONE', *, *, #5892, .F. ) ;
#6627 = CARTESIAN_POINT ( 'NONE',  ( -25.40580136275998058, -1.334483392787528144, 5.161991572219985613 ) ) ;
#6628 = CARTESIAN_POINT ( 'NONE',  ( 2.157722789249999717, -18.04190164719999956, 8.626343587159999160 ) ) ;
#6629 = ORIENTED_EDGE ( 'NONE', *, *, #7346, .T. ) ;
#6630 = CARTESIAN_POINT ( 'NONE',  ( -27.51732359533007255, -1.897667879551403924, 7.273513804790073145 ) ) ;
#6631 = CARTESIAN_POINT ( 'NONE',  ( 2.679912600429999792, -12.31980822200000070, 4.799998026969999998 ) ) ;
#6632 = CARTESIAN_POINT ( 'NONE',  ( -7.617298890479998974, -13.92931507159999960, 4.799998025759999898 ) ) ;
#6633 = CARTESIAN_POINT ( 'NONE',  ( -12.28352215170239603, -18.22792038457042096, 5.179199749457485069 ) ) ;
#6634 = EDGE_CURVE ( 'NONE', #7304, #5984, #7223, .T. ) ;
#6635 = CYLINDRICAL_SURFACE ( 'NONE', #519, 1.000000000000000000 ) ;
#6636 = CARTESIAN_POINT ( 'NONE',  ( -27.00754493956928926, -2.183033104355537990, 21.83626090253070018 ) ) ;
#6637 = DIRECTION ( 'NONE',  ( -0.7745966693076129506, 0.000000000000000000, 0.6324555319526840025 ) ) ;
#6638 = CARTESIAN_POINT ( 'NONE',  ( -16.84485723379999911, 2.243228606490000221, 24.25877010889999852 ) ) ;
#6639 = CARTESIAN_POINT ( 'NONE',  ( -23.96759972140000272, -21.31888460860000123, 19.33689504999999897 ) ) ;
#6640 = EDGE_CURVE ( 'NONE', #7739, #1463, #4748, .T. ) ;
#6641 = CARTESIAN_POINT ( 'NONE',  ( 2.164633991410000124, -3.712458131080000001, 4.799998969029999785 ) ) ;
#6642 = CARTESIAN_POINT ( 'NONE',  ( -26.47637157029999599, -16.73479467070000126, 6.399998025760000431 ) ) ;
#6643 = VERTEX_POINT ( 'NONE', #8026 ) ;
#6644 = ORIENTED_EDGE ( 'NONE', *, *, #1265, .F. ) ;
#6645 = CARTESIAN_POINT ( 'NONE',  ( -18.17597663410000308, 3.789175770770000007, 24.02515341059999798 ) ) ;
#6646 = CARTESIAN_POINT ( 'NONE',  ( 2.619378641860000023, 0.3840903482010000203, 9.212661911289998784 ) ) ;
#6647 = CARTESIAN_POINT ( 'NONE',  ( -24.82519540479999876, -21.08460778250000089, 4.696349005770000140 ) ) ;
#6648 = CARTESIAN_POINT ( 'NONE',  ( -9.980365617989878757, -18.48479467069998705, 7.252521787640392681 ) ) ;
#6649 = CARTESIAN_POINT ( 'NONE',  ( -6.299189362029999906, 2.141119827419999844, 25.27591252390000065 ) ) ;
#6650 = CARTESIAN_POINT ( 'NONE',  ( -17.49764684869999698, -19.39109170480000088, 4.565648467769999996 ) ) ;
#6651 = ORIENTED_EDGE ( 'NONE', *, *, #3824, .F. ) ;
#6652 = CARTESIAN_POINT ( 'NONE',  ( -17.43959406980000182, -19.29100090380000054, 24.00295827780000124 ) ) ;
#6653 = AXIS2_PLACEMENT_3D ( 'NONE', #733, #778, #5359 ) ;
#6654 = DIRECTION ( 'NONE',  ( 6.123233995739999133E-17, 1.000000000000000000, 1.301554129509999901E-15 ) ) ;
#6655 = CYLINDRICAL_SURFACE ( 'NONE', #2297, 0.2999999999999998779 ) ;
#6656 = CARTESIAN_POINT ( 'NONE',  ( -7.122259757340000164, 7.215205329249999799, 20.84943113199999942 ) ) ;
#6657 = CARTESIAN_POINT ( 'NONE',  ( 2.200208231659999569, -13.75151726420000031, 4.799998025759999898 ) ) ;
#6658 = CARTESIAN_POINT ( 'NONE',  ( -28.09569894539999879, 3.505138865650000213, 8.265683324549998545 ) ) ;
#6659 = CARTESIAN_POINT ( 'NONE',  ( -24.82519671439999698, 3.415018415399999618, 23.90364668329999986 ) ) ;
#6660 = CARTESIAN_POINT ( 'NONE',  ( -13.16481555669533066, 0.8152053292530100359, 5.933420445091206474 ) ) ;
#6661 = VECTOR ( 'NONE', #8450, 1000.000000000000000 ) ;
#6662 = CARTESIAN_POINT ( 'NONE',  ( -24.75025535250000175, -21.08596846649999890, 23.90675705660000006 ) ) ;
#6663 = ORIENTED_EDGE ( 'NONE', *, *, #999, .F. ) ;
#6664 = FACE_OUTER_BOUND ( 'NONE', #5988, .T. ) ;
#6665 = CARTESIAN_POINT ( 'NONE',  ( -24.05656805070000104, 3.646188424570000031, 19.38549843939999917 ) ) ;
#6666 = LOCAL_TIME ( 18, 50, 2.000000000000000000, #7932 ) ;
#6667 = ORIENTED_EDGE ( 'NONE', *, *, #583, .F. ) ;
#6668 = VECTOR ( 'NONE', #7788, 1000.000000000000000 ) ;
#6669 = CARTESIAN_POINT ( 'NONE',  ( 3.062976131660000156, -9.971461804909999671, 23.79999804039999844 ) ) ;
#6670 = CARTESIAN_POINT ( 'NONE',  ( 3.415554094039999988, -9.647216173140000350, 5.047484449939999784 ) ) ;
#6671 = ORIENTED_EDGE ( 'NONE', *, *, #1506, .F. ) ;
#6672 = CARTESIAN_POINT ( 'NONE',  ( -8.520009467970000472, -14.96073601410000009, 4.912931955820000418 ) ) ;
#6673 = CIRCLE ( 'NONE', #2982, 6.300000000749999884 ) ;
#6674 = CARTESIAN_POINT ( 'NONE',  ( -28.44380779109999935, 3.203276002509999998, 20.27143425300000246 ) ) ;
#6675 = DIRECTION ( 'NONE',  ( 0.000000000000000000, 1.000000000000000000, 0.000000000000000000 ) ) ;
#6676 = CARTESIAN_POINT ( 'NONE',  ( 2.583102562119999668, -3.588057524320000358, 23.50201288029999702 ) ) ;
#6677 = EDGE_LOOP ( 'NONE', ( #1901, #1237, #6486, #5096, #5517, #1593, #8419, #7508, #1192, #8083, #1355, #1950, #5303 ) ) ;
#6678 = CARTESIAN_POINT ( 'NONE',  ( -21.13893532420000199, -21.41766374109999660, 4.715095701039999199 ) ) ;
#6679 = CARTESIAN_POINT ( 'NONE',  ( -15.63875225849999850, 2.388305734550000281, 24.33929603949999887 ) ) ;
#6680 = AXIS2_PLACEMENT_3D ( 'NONE', #6591, #7838, #5275 ) ;
#6681 = CARTESIAN_POINT ( 'NONE',  ( -12.11537533258965915, 0.2966306194346883807, 4.974305301172078586 ) ) ;
#6682 = CARTESIAN_POINT ( 'NONE',  ( -7.246563628664470791, 2.600437768909991121, 21.19417827507923491 ) ) ;
#6683 = B_SPLINE_CURVE_WITH_KNOTS ( 'NONE', 3,
 ( #4844, #4886, #1605, #2252 ),
 .UNSPECIFIED., .F., .F.,
 ( 4, 4 ),
 ( 0.000000000000000000, 1.000000000000000000 ),
 .UNSPECIFIED. ) ;
#6684 = DIRECTION ( 'NONE',  ( 1.000000000000000000, 0.000000000000000000, 0.000000000000000000 ) ) ;
#6685 = ORIENTED_EDGE ( 'NONE', *, *, #7121, .T. ) ;
#6686 = LINE ( 'NONE', #286, #5302 ) ;
#6687 = CARTESIAN_POINT ( 'NONE',  ( 2.890686859799999731, 0.4927494303670000853, 10.39432303489999931 ) ) ;
#6688 = CARTESIAN_POINT ( 'NONE',  ( -24.74697255859999956, -20.99185106079999841, 23.90687166449999879 ) ) ;
#6689 = CARTESIAN_POINT ( 'NONE',  ( -21.18893532420000270, -18.73479467039999946, 20.69999802579999937 ) ) ;
#6690 = CARTESIAN_POINT ( 'NONE',  ( 2.679190353610000130, -17.24017954880000048, 20.54844403379999918 ) ) ;
#6691 = CARTESIAN_POINT ( 'NONE',  ( 2.619374955300000085, 0.3840892776429999378, 9.212661462650000743 ) ) ;
#6692 = ORIENTED_EDGE ( 'NONE', *, *, #3294, .T. ) ;
#6693 = VERTEX_POINT ( 'NONE', #5472 ) ;
#6694 = CARTESIAN_POINT ( 'NONE',  ( -17.83537952940000082, 1.699302429549999882, 4.451766119380000220 ) ) ;
#6695 = DIRECTION ( 'NONE',  ( 1.000000000000000000, 6.123233995739999133E-17, 6.123233995739999133E-17 ) ) ;
#6696 = CARTESIAN_POINT ( 'NONE',  ( -6.299190238209999571, -18.24223672259999773, 8.870297351920001461 ) ) ;
#6697 = DIRECTION ( 'NONE',  ( -0.9987827659587177331, -0.03487826274237704888, 0.03487826274239014257 ) ) ;
#6698 = EDGE_CURVE ( 'NONE', #6208, #1063, #3725, .T. ) ;
#6699 = CARTESIAN_POINT ( 'NONE',  ( 2.194685262550000182, -13.77145049669999999, 4.799998025759999898 ) ) ;
#6701 = EDGE_CURVE ( 'NONE', #4109, #7330, #2234, .T. ) ;
#6700 = CARTESIAN_POINT ( 'NONE',  ( 2.580019600259999990, -16.61054283629999873, 7.233485831019999424 ) ) ;
#6702 = B_SPLINE_CURVE_WITH_KNOTS ( 'NONE', 2,
 ( #1616, #1791, #6998 ),
 .UNSPECIFIED., .F., .F.,
 ( 3, 3 ),
 ( 0.000000000000000000, 1.000000000000000000 ),
 .UNSPECIFIED. ) ;
#6703 = CARTESIAN_POINT ( 'NONE',  ( -24.91603376329999975, 3.616175220550000180, 23.64544461830000088 ) ) ;
#6704 = CYLINDRICAL_SURFACE ( 'NONE', #1731, 5.000000000000000888 ) ;
#6705 = ADVANCED_FACE ( 'NONE', ( #7344 ), #7772, .F. ) ;
#6706 = VERTEX_POINT ( 'NONE', #6226 ) ;
#6707 = ORIENTED_EDGE ( 'NONE', *, *, #3463, .F. ) ;
#6708 = CARTESIAN_POINT ( 'NONE',  ( -18.68179362129999888, -18.48479467069999771, 4.720019787010000023 ) ) ;
#6709 = ORIENTED_EDGE ( 'NONE', *, *, #5998, .F. ) ;
#6710 = CARTESIAN_POINT ( 'NONE',  ( -16.92974463799999896, -19.48158208430000116, 24.01947429679999857 ) ) ;
#6711 = CARTESIAN_POINT ( 'NONE',  ( -24.75224805990000121, 3.510496532099999900, 4.730284771960000079 ) ) ;
#6712 = CARTESIAN_POINT ( 'NONE',  ( -18.11680878770000191, -18.85728135430000307, 4.672990198500000858 ) ) ;
#6713 = CARTESIAN_POINT ( 'NONE',  ( -18.39453521059769514, 4.227849469228019075, 23.73001304900542507 ) ) ;
#6714 = DIRECTION ( 'NONE',  ( -3.588512048799999295E-17, -3.707146298330000072E-33, 1.000000000000000000 ) ) ;
#6715 = EDGE_CURVE ( 'NONE', #7971, #6529, #142, .T. ) ;
#6716 = B_SPLINE_CURVE_WITH_KNOTS ( 'NONE', 3,
 ( #3189, #3344, #1977, #97, #5928, #5218, #642, #7139, #5800, #561, #3962, #4559, #1894, #7774, #7817, #4599, #8413, #4644, #680, #1239 ),
 .UNSPECIFIED., .F., .F.,
 ( 4, 2, 1, 2, 2, 2, 2, 1, 2, 2, 4 ),
 ( 0.000000000000000000, 0.1250000000000034694, 0.1875000000000055511, 0.2187500000000058842, 0.2500000000000062172, 0.5000000000000003331, 0.6249999999999973355, 0.6874999999999952260, 0.7187499999999955591, 0.7499999999999957812, 1.000000000000000000 ),
 .UNSPECIFIED. ) ;
#6717 = CARTESIAN_POINT ( 'NONE',  ( -16.64201043159999927, 3.703863996850000007, 24.23623951449999936 ) ) ;
#6718 = DIRECTION ( 'NONE',  ( 1.000000000000000000, 2.139553851199999838E-17, -1.168843596070000001E-17 ) ) ;
#6719 = CARTESIAN_POINT ( 'NONE',  ( -27.64293487443543640, -1.775118526531309193, 21.20087096766456725 ) ) ;
#6720 = CARTESIAN_POINT ( 'NONE',  ( 2.856708040760000511, -18.16146587849999960, 10.26965632140000118 ) ) ;
#6721 = CARTESIAN_POINT ( 'NONE',  ( 2.401678992529999945, -18.30356433369999891, 9.273388210180000257 ) ) ;
#6722 = ORIENTED_EDGE ( 'NONE', *, *, #7282, .F. ) ;
#6723 = CARTESIAN_POINT ( 'NONE',  ( -8.799189362029999018, -2.119062467250000026, 5.187625589889999667 ) ) ;
#6724 = CYLINDRICAL_SURFACE ( 'NONE', #4065, 0.4999999999999982236 ) ;
#6725 = DIRECTION ( 'NONE',  ( 0.000000000000000000, -1.000000000000000000, 0.000000000000000000 ) ) ;
#6726 = VERTEX_POINT ( 'NONE', #8196 ) ;
#6727 = VERTEX_POINT ( 'NONE', #2326 ) ;
#6728 = DIRECTION ( 'NONE',  ( 1.000000000000000000, -6.123233995740039809E-17, 2.985759393769999632E-16 ) ) ;
#6729 = EDGE_CURVE ( 'NONE', #6356, #4816, #7505, .T. ) ;
#6730 = CARTESIAN_POINT ( 'NONE',  ( 3.132812441840000073, 0.5000074613489999820, 11.54597183259999937 ) ) ;
#6731 = ORIENTED_EDGE ( 'NONE', *, *, #5527, .F. ) ;
#6732 = VERTEX_POINT ( 'NONE', #4257 ) ;
#6733 = CARTESIAN_POINT ( 'NONE',  ( -24.94695028990000196, -21.28468493309999943, 4.985782330529999307 ) ) ;
#6734 = CARTESIAN_POINT ( 'NONE',  ( -23.96759972140000272, -21.31888460860000123, 19.33689504999999897 ) ) ;
#6735 = DIRECTION ( 'NONE',  ( 3.667185336520704757E-18, 1.000000000000000000, 1.320727196930000051E-15 ) ) ;
#6736 = CARTESIAN_POINT ( 'NONE',  ( -27.77087667303750251, -16.08618624969983202, 7.527066882497473799 ) ) ;
#6737 = ORIENTED_EDGE ( 'NONE', *, *, #1347, .T. ) ;
#6738 = B_SPLINE_CURVE_WITH_KNOTS ( 'NONE', 4,
 ( #5775, #5181, #7700, #1908, #1856 ),
 .UNSPECIFIED., .F., .F.,
 ( 5, 5 ),
 ( 0.000000000000000000, 73.60801161009999305 ),
 .UNSPECIFIED. ) ;
#6739 = CARTESIAN_POINT ( 'NONE',  ( -18.11680905969999955, -18.85728192879999909, 23.92700584580000012 ) ) ;
#6740 = CARTESIAN_POINT ( 'NONE',  ( -25.01123519160000086, 3.576971728600000233, 23.67982973129999991 ) ) ;
#6741 = DIRECTION ( 'NONE',  ( -0.7071067811865475727, 0.000000000000000000, 0.7071067811865475727 ) ) ;
#6742 = CARTESIAN_POINT ( 'NONE',  ( 2.146753776690000226, 0.4833874903579999938, 19.86257747240000171 ) ) ;
#6743 = CARTESIAN_POINT ( 'NONE',  ( 2.191916552679999963, -13.78141443920000064, 4.799998025759999898 ) ) ;
#6744 = CARTESIAN_POINT ( 'NONE',  ( 2.157726972519999897, -18.04190186019999942, 8.626344030800000340 ) ) ;
#6745 = CARTESIAN_POINT ( 'NONE',  ( -24.82161127170000015, 3.508822563589999888, 23.86654906880000127 ) ) ;
#6746 = CARTESIAN_POINT ( 'NONE',  ( 2.675099146099999992, -1.095870096789999915, 7.273776410790000035 ) ) ;
#6747 = ADVANCED_FACE ( 'NONE', ( #7516 ), #6274, .T. ) ;
#6748 = CARTESIAN_POINT ( 'NONE',  ( -25.06096053299999937, -21.17263365180000179, 23.73213547870000184 ) ) ;
#6749 = ORIENTED_EDGE ( 'NONE', *, *, #7692, .F. ) ;
#6750 = DIRECTION ( 'NONE',  ( -9.056317829058260022E-17, -1.000000000000000000, -1.406980695015958173E-15 ) ) ;
#6751 = CARTESIAN_POINT ( 'NONE',  ( -24.91604139089999848, 3.616174952379999752, 4.954559249949999966 ) ) ;
#6752 = ORIENTED_EDGE ( 'NONE', *, *, #7130, .T. ) ;
#6753 = CARTESIAN_POINT ( 'NONE',  ( 2.985197787740000219, -12.58626437169999868, 23.53237437459999981 ) ) ;
#6754 = B_SPLINE_SURFACE_WITH_KNOTS ( 'NONE', 4, 5, ( 
 ( #6049, #174, #5422, #8020, #377, #6441 ),
 ( #3181, #7634, #6307, #7086, #1014, #1189 ),
 ( #3825, #3777, #1060, #4377, #2362, #3642 ),
 ( #6349, #5756, #7547, #3005, #3048, #5714 ),
 ( #3133, #4419, #1664, #8363, #4290, #6957 ) ),
 .UNSPECIFIED., .F., .F., .F.,
 ( 5, 5 ),
 ( 6, 6 ),
 ( 0.000000000000000000, 1.209560331380000076 ),
 ( 0.000000000000000000, 0.4030161872270000001 ),
 .UNSPECIFIED. ) ;
#6755 = CARTESIAN_POINT ( 'NONE',  ( -15.34974630630000014, -20.12505017209999991, 24.34611378570000184 ) ) ;
#6756 = CARTESIAN_POINT ( 'NONE',  ( 2.157723120589999599, -3.161140267479999988, 23.50710480690000281 ) ) ;
#6757 = B_SPLINE_CURVE_WITH_KNOTS ( 'NONE', 5,
 ( #3553, #1565, #1438, #6164, #283, #7370 ),
 .UNSPECIFIED., .F., .F.,
 ( 6, 6 ),
 ( 0.000000000000000000, 1.000000000000000000 ),
 .UNSPECIFIED. ) ;
#6758 = PLANE ( 'NONE',  #6400 ) ;
#6759 = CARTESIAN_POINT ( 'NONE',  ( -18.13773531909999903, -18.89794163350000034, 4.634470691999999836 ) ) ;
#6760 = CARTESIAN_POINT ( 'NONE',  ( -12.60949117537218989, -22.28479467090000909, 23.26324107250144380 ) ) ;
#6761 = EDGE_CURVE ( 'NONE', #2761, #6186, #1779, .T. ) ;
#6762 = CARTESIAN_POINT ( 'NONE',  ( 2.376430118320000062, -3.674472393589999886, 23.76165006599999785 ) ) ;
#6763 = PLANE ( 'NONE',  #7238 ) ;
#6764 = DIRECTION ( 'NONE',  ( -5.551115123126445838E-17, 0.7071067811865474617, 0.7071067811865474617 ) ) ;
#6765 = LINE ( 'NONE', #1400, #897 ) ;
#6766 = CARTESIAN_POINT ( 'NONE',  ( -8.577514037866334817, 2.600437768909988900, 22.40998039872869896 ) ) ;
#6767 = CARTESIAN_POINT ( 'NONE',  ( 2.841064675920000226, -8.834794670739999134, 14.29999802579999901 ) ) ;
#6768 = ORIENTED_EDGE ( 'NONE', *, *, #3746, .T. ) ;
#6769 = ORIENTED_EDGE ( 'NONE', *, *, #4914, .T. ) ;
#6770 = CARTESIAN_POINT ( 'NONE',  ( -17.61163729229999930, 3.917617921409999315, 24.01975413549999772 ) ) ;
#6771 = CARTESIAN_POINT ( 'NONE',  ( -24.36880273162304889, 4.101597037369894672, 11.14449035864698345 ) ) ;
#6772 = EDGE_CURVE ( 'NONE', #8272, #6266, #3674, .T. ) ;
#6773 = CARTESIAN_POINT ( 'NONE',  ( -24.74970809939002336, -21.07028222683367247, 23.90677613739506668 ) ) ;
#6774 = CARTESIAN_POINT ( 'NONE',  ( -6.311813504467369995, -18.48479467069999771, 13.24928188061184642 ) ) ;
#6775 = CARTESIAN_POINT ( 'NONE',  ( -8.435299841910000040, -14.31007531520000065, 23.79999802580000079 ) ) ;
#6776 = CARTESIAN_POINT ( 'NONE',  ( -27.94385249392699677, -16.78546653380428566, 7.700042703386965393 ) ) ;
#6777 = VERTEX_POINT ( 'NONE', #1026 ) ;
#6778 = CARTESIAN_POINT ( 'NONE',  ( -17.52480418460000067, -19.44241536010000004, 24.02873344849999881 ) ) ;
#6779 = CARTESIAN_POINT ( 'NONE',  ( -25.78692727945889729, 0.04289251354192333276, 5.543117488918909430 ) ) ;
#6780 = CARTESIAN_POINT ( 'NONE',  ( -24.74697252729999875, -21.29166831050000042, 4.992942510659999833 ) ) ;
#6781 = CARTESIAN_POINT ( 'NONE',  ( -18.98474621240000104, -18.60380234049999970, 24.01806487960000069 ) ) ;
#6782 = CARTESIAN_POINT ( 'NONE',  ( -10.02141272569999941, 7.215205329249999799, 23.17723537160000191 ) ) ;
#6783 = CARTESIAN_POINT ( 'NONE',  ( -16.55374119099999675, 2.321956013109999883, 4.283917035869999168 ) ) ;
#6784 = CARTESIAN_POINT ( 'NONE',  ( 2.298248135530000180, -17.33040625279999958, 7.914848423400001387 ) ) ;
#6785 = CARTESIAN_POINT ( 'NONE',  ( -24.92227878260000296, 3.579701396029999927, 23.75479237120000064 ) ) ;
#6786 = CARTESIAN_POINT ( 'NONE',  ( 2.157723558829999888, 0.3723121104470000220, 8.626343622500000308 ) ) ;
#6787 = ADVANCED_FACE ( 'NONE', ( #3654 ), #3013, .T. ) ;
#6788 = EDGE_CURVE ( 'NONE', #6266, #1982, #6967, .T. ) ;
#6789 = EDGE_LOOP ( 'NONE', ( #175, #4566, #2848, #3451 ) ) ;
#6790 = CARTESIAN_POINT ( 'NONE',  ( -15.69159956069999673, -19.99484556199999830, 24.27306346880000021 ) ) ;
#6791 = CARTESIAN_POINT ( 'NONE',  ( -24.87928242580000315, 3.617458604169999870, 4.929082792960000070 ) ) ;
#6792 = CARTESIAN_POINT ( 'NONE',  ( 3.091366351480000052, -6.018109311980000875, 23.63381358839999891 ) ) ;
#6793 = CARTESIAN_POINT ( 'NONE',  ( -8.708692518199999455, 0.6652053292599999779, 19.97085821499999980 ) ) ;
#6794 = CIRCLE ( 'NONE', #7756, 10.00000000050000004 ) ;
#6795 = VERTEX_POINT ( 'NONE', #679 ) ;
#6796 = CARTESIAN_POINT ( 'NONE',  ( -8.858041815611422010, 0.3977098329594686565, 20.94365098850742868 ) ) ;
#6797 = CARTESIAN_POINT ( 'NONE',  ( -6.933843874690000852, -13.95842192549999972, 4.799998025759999898 ) ) ;
#6798 = CARTESIAN_POINT ( 'NONE',  ( -23.63549393330000115, 4.128434089739999813, 19.14593146730000228 ) ) ;
#6799 = VECTOR ( 'NONE', #5895, 1000.000000000000000 ) ;
#6800 = AXIS2_PLACEMENT_3D ( 'NONE', #1220, #3815, #3328 ) ;
#6801 = CARTESIAN_POINT ( 'NONE',  ( -28.44380783444999850, 3.203276002699998681, 20.19289137514999766 ) ) ;
#6802 = CARTESIAN_POINT ( 'NONE',  ( -10.98154392793200351, -22.28479467090000909, 22.70661621754552684 ) ) ;
#6803 = CARTESIAN_POINT ( 'NONE',  ( 2.294020447109999861, -3.838215514169999842, 23.79999801439999629 ) ) ;
#6804 = CARTESIAN_POINT ( 'NONE',  ( 2.590735491140000235, -3.385927820690000090, 5.232156508569999254 ) ) ;
#6805 = LINE ( 'NONE', #4190, #6561 ) ;
#6806 = ADVANCED_FACE ( 'NONE', ( #2022 ), #1062, .F. ) ;
#6807 = ORIENTED_EDGE ( 'NONE', *, *, #139, .T. ) ;
#6808 = AXIS2_PLACEMENT_3D ( 'NONE', #3436, #8072, #6054 ) ;
#6809 = CARTESIAN_POINT ( 'NONE',  ( -23.81339187160000037, -21.32426966539999924, 19.60964197780000262 ) ) ;
#6810 = ORIENTED_EDGE ( 'NONE', *, *, #2784, .T. ) ;
#6811 = CARTESIAN_POINT ( 'NONE',  ( -18.96194616089999840, -21.49368588269999947, 23.91714792090000330 ) ) ;
#6812 = LINE ( 'NONE', #4803, #7075 ) ;
#6813 = ORIENTED_EDGE ( 'NONE', *, *, #2138, .F. ) ;
#6814 = ORIENTED_EDGE ( 'NONE', *, *, #6288, .F. ) ;
#6815 = AXIS2_PLACEMENT_3D ( 'NONE', #5965, #2534, #6611 ) ;
#6816 = ORIENTED_EDGE ( 'NONE', *, *, #1826, .F. ) ;
#6817 = CARTESIAN_POINT ( 'NONE',  ( -7.623890690898336153, -18.01667800446741907, 8.348458871095868261 ) ) ;
#6818 = CARTESIAN_POINT ( 'NONE',  ( -24.77073651899999973, 3.621249112110000112, 4.993771467300000211 ) ) ;
#6819 = CARTESIAN_POINT ( 'NONE',  ( -24.92227871560000096, -21.24929073879999919, 4.845203658049999973 ) ) ;
#6820 = CARTESIAN_POINT ( 'NONE',  ( -6.247062942513978534, -18.48479467070000126, 14.36284608783481609 ) ) ;
#6821 = EDGE_CURVE ( 'NONE', #7779, #7735, #3415, .T. ) ;
#6822 = CARTESIAN_POINT ( 'NONE',  ( 2.803883884949999850, -15.74021237559999875, 21.92402697430000202 ) ) ;
#6823 = CONICAL_SURFACE ( 'NONE', #357, 9.999999999999996447, 0.03490658503990158590 ) ;
#6824 = CARTESIAN_POINT ( 'NONE',  ( -27.93161931211063020, -16.52946710085504733, 7.687809521570606819 ) ) ;
#6825 = EDGE_CURVE ( 'NONE', #1656, #5684, #5381, .T. ) ;
#6826 = EDGE_CURVE ( 'NONE', #6313, #1528, #543, .T. ) ;
#6827 = B_SPLINE_SURFACE_WITH_KNOTS ( 'NONE', 5, 5, ( 
 ( #5662, #8261, #2351, #6206, #2949, #5704 ),
 ( #1052, #4976, #1005, #1699, #5577, #2479 ),
 ( #2395, #1177, #3125, #3724, #498, #6251 ),
 ( #7580, #2438, #2306, #7539, #8220, #320 ),
 ( #5067, #5018, #4934, #5748, #6381, #8177 ),
 ( #7670, #1135, #367, #1787, #7074, #1653 ) ),
 .UNSPECIFIED., .F., .F., .F.,
 ( 6, 6 ),
 ( 6, 6 ),
 ( 14.17365970720000057, 17.21383682900000167 ),
 ( 0.000000000000000000, 0.8478724032469999727 ),
 .UNSPECIFIED. ) ;
#6828 = ORIENTED_EDGE ( 'NONE', *, *, #6715, .F. ) ;
#6829 = PLANE ( 'NONE',  #8479 ) ;
#6830 = CARTESIAN_POINT ( 'NONE',  ( -26.24464922083405938, -2.172135932087912114, 6.000839430294054644 ) ) ;
#6831 = CYLINDRICAL_SURFACE ( 'NONE', #3945, 0.2999999999999998779 ) ;
#6832 = CARTESIAN_POINT ( 'NONE',  ( -27.91909479135107475, -16.48123756001175977, 20.92471105074890403 ) ) ;
#6833 = CARTESIAN_POINT ( 'NONE',  ( -6.740534121920036092, -20.17217398530000949, 20.43758062898382022 ) ) ;
#6834 = CARTESIAN_POINT ( 'NONE',  ( -16.74147004359999968, 2.052155154050000263, 4.392227797639999487 ) ) ;
#6835 = CARTESIAN_POINT ( 'NONE',  ( 2.475476378060000204, -15.92297263580000077, 6.507414767760000274 ) ) ;
#6836 = DIRECTION ( 'NONE',  ( 1.000000000000000000, -6.123233995740039809E-17, 2.985759393769999632E-16 ) ) ;
#6837 = CARTESIAN_POINT ( 'NONE',  ( 2.803881063990000033, -1.929399121949999962, 6.675947055259999097 ) ) ;
#6838 = B_SPLINE_CURVE_WITH_KNOTS ( 'NONE', 5,
 ( #5299, #4647, #5340, #7903, #23, #3311 ),
 .UNSPECIFIED., .F., .F.,
 ( 6, 6 ),
 ( 0.000000000000000000, 1.000000000000000000 ),
 .UNSPECIFIED. ) ;
#6839 = EDGE_CURVE ( 'NONE', #2669, #858, #5964, .T. ) ;
#6840 = CALENDAR_DATE ( 2026, 22, 6 ) ;
#6841 = ORIENTED_EDGE ( 'NONE', *, *, #2891, .F. ) ;
#6842 = DIRECTION ( 'NONE',  ( -0.6516103871938931924, 1.126282493609814661E-15, -0.7585538236018749547 ) ) ;
#6843 = CARTESIAN_POINT ( 'NONE',  ( -17.34230111369999960, 3.942651973719999869, 4.519581617680000107 ) ) ;
#6844 = CARTESIAN_POINT ( 'NONE',  ( -18.78900741899999716, -21.97555805959999731, 23.60292855209999985 ) ) ;
#6845 = ORIENTED_EDGE ( 'NONE', *, *, #1868, .F. ) ;
#6846 = CARTESIAN_POINT ( 'NONE',  ( -18.52024601760000166, -18.68138011819999988, 4.629729121180000462 ) ) ;
#6847 = CARTESIAN_POINT ( 'NONE',  ( -15.34920864930000128, -20.07792670909999799, 24.33687548720000038 ) ) ;
#6848 = CARTESIAN_POINT ( 'NONE',  ( 2.539599384009999739, -3.315073219169999863, 23.42859448160000113 ) ) ;
#6849 = EDGE_CURVE ( 'NONE', #5169, #7739, #1884, .T. ) ;
#6850 = CARTESIAN_POINT ( 'NONE',  ( -17.36992652220000011, 1.832405110390000091, 24.16478427930000095 ) ) ;
#6851 = CARTESIAN_POINT ( 'NONE',  ( -17.22382337869999702, 2.041439812090000139, 4.406137318979999939 ) ) ;
#6852 = CARTESIAN_POINT ( 'NONE',  ( -15.82194572479537342, 2.343601299338367916, 24.31581338705719730 ) ) ;
#6853 = CARTESIAN_POINT ( 'NONE',  ( -28.15427768489999849, -21.17268259239999750, 8.407104953579999318 ) ) ;
#6854 = CARTESIAN_POINT ( 'NONE',  ( 2.401678529519999827, -3.808184440510000268, 23.76876768089999814 ) ) ;
#6855 = CARTESIAN_POINT ( 'NONE',  ( 3.130640254360000263, -18.07380927300000195, 17.31040449740000042 ) ) ;
#6856 = CYLINDRICAL_SURFACE ( 'NONE', #3388, 0.5000000000000000000 ) ;
#6857 = ADVANCED_FACE ( 'NONE', ( #7262 ), #1366, .T. ) ;
#6858 = CARTESIAN_POINT ( 'NONE',  ( -25.34389770507138451, -16.83793837281491079, 5.100087914531369115 ) ) ;
#6859 = CARTESIAN_POINT ( 'NONE',  ( -4.671858643543264300, 2.600437768910001335, 12.82191240840997715 ) ) ;
#6860 = ORIENTED_EDGE ( 'NONE', *, *, #699, .T. ) ;
#6861 = EDGE_CURVE ( 'NONE', #1332, #3645, #7651, .T. ) ;
#6862 = ORIENTED_EDGE ( 'NONE', *, *, #3163, .F. ) ;
#6863 = ORIENTED_EDGE ( 'NONE', *, *, #5959, .T. ) ;
#6864 = CARTESIAN_POINT ( 'NONE',  ( -26.47637157029999599, -0.9347946707460000892, 6.399998025760000431 ) ) ;
#6865 = CARTESIAN_POINT ( 'NONE',  ( -9.299189149460001858, 0.6652053292599999779, 8.196638181219999097 ) ) ;
#6866 = ORIENTED_EDGE ( 'NONE', *, *, #4503, .F. ) ;
#6867 = CARTESIAN_POINT ( 'NONE',  ( -17.18472682239999827, -21.98479488659999959, 24.00540264639999677 ) ) ;
#6868 = CARTESIAN_POINT ( 'NONE',  ( -21.18900897903724712, -21.23568646221001188, 24.01233950635690562 ) ) ;
#6869 = CARTESIAN_POINT ( 'NONE',  ( -14.76507131800000039, -3.894591903559999846, 14.29999802579999901 ) ) ;
#6870 = CARTESIAN_POINT ( 'NONE',  ( -27.80190717576245163, -16.14408113130014399, 7.558097385222428244 ) ) ;
#6871 = ORIENTED_EDGE ( 'NONE', *, *, #5776, .F. ) ;
#6872 = CARTESIAN_POINT ( 'NONE',  ( -12.84683463049999830, 0.6652053292599999779, 23.45707765839999936 ) ) ;
#6873 = CARTESIAN_POINT ( 'NONE',  ( -25.51949556111435768, -0.2760294888764086574, 5.275685770574360944 ) ) ;
#6874 = CARTESIAN_POINT ( 'NONE',  ( 2.530919382080000002, 0.4583004637890000232, 9.030103137199999352 ) ) ;
#6875 = CARTESIAN_POINT ( 'NONE',  ( -27.78684296040101032, -17.35416851304359653, 21.05696288169895425 ) ) ;
#6876 = FACE_OUTER_BOUND ( 'NONE', #2786, .T. ) ;
#6877 = DIRECTION ( 'NONE',  ( -5.616842003121400535E-16, -1.000000000000000000, -1.028156032151247997E-15 ) ) ;
#6878 = CARTESIAN_POINT ( 'NONE',  ( 2.603194848290000252, -15.14277484299999976, 5.844517539489999969 ) ) ;
#6879 = CARTESIAN_POINT ( 'NONE',  ( -9.056811859379624963, -20.17217398529998462, 5.958635597300577125 ) ) ;
#6880 = CARTESIAN_POINT ( 'NONE',  ( -6.299189361289999844, -3.868247048659999798, 22.79999802580000079 ) ) ;
#6881 = CARTESIAN_POINT ( 'NONE',  ( -25.03001663970000124, -20.98789743009999853, 23.81378915410000019 ) ) ;
#6882 = ORIENTED_EDGE ( 'NONE', *, *, #3319, .T. ) ;
#6883 = CARTESIAN_POINT ( 'NONE',  ( -6.865764169229999325, -3.272212340929999908, 23.61817688040000007 ) ) ;
#6884 = CARTESIAN_POINT ( 'NONE',  ( -23.86018666155007395, -22.28479467076666509, 12.91746774583585555 ) ) ;
#6885 = CARTESIAN_POINT ( 'NONE',  ( -25.46899645216441144, -1.491530005426359828, 23.37480938993559221 ) ) ;
#6886 = CARTESIAN_POINT ( 'NONE',  ( -18.88879101239999869, -18.44996326410000265, 4.624387590090000444 ) ) ;
#6887 = CARTESIAN_POINT ( 'NONE',  ( -9.110841790789999450, 0.6652053292599999779, 20.24957778609999792 ) ) ;
#6888 = CARTESIAN_POINT ( 'NONE',  ( 2.475461374760000055, -1.746676837259999893, 22.09264144170000321 ) ) ;
#6889 = ORIENTED_EDGE ( 'NONE', *, *, #6551, .F. ) ;
#6890 = CARTESIAN_POINT ( 'NONE',  ( -17.42232783010000219, 1.932357923129999877, 24.17099977559999857 ) ) ;
#6891 = CARTESIAN_POINT ( 'NONE',  ( -14.17981618350323281, 2.388305734550013160, 4.243913887194587176 ) ) ;
#6892 = CARTESIAN_POINT ( 'NONE',  ( 2.703021944340000093, -18.33479467069999913, 11.38918979189999980 ) ) ;
#6893 = CARTESIAN_POINT ( 'NONE',  ( -8.173148619157673878, -22.28479467090000199, 20.74448129568418153 ) ) ;
#6894 = CARTESIAN_POINT ( 'NONE',  ( 2.352717107519999740, -3.414211858469999861, 23.67651647190000119 ) ) ;
#6895 = CARTESIAN_POINT ( 'NONE',  ( -17.44224086849999722, 3.577348572030000007, 4.438037535919999499 ) ) ;
#6896 = FACE_OUTER_BOUND ( 'NONE', #524, .T. ) ;
#6897 = CARTESIAN_POINT ( 'NONE',  ( -26.22803920856969029, -17.96666507575077887, 5.984229418029657133 ) ) ;
#6898 = CARTESIAN_POINT ( 'NONE',  ( 2.498070954399999710, -13.88829282709999902, 23.70618916709999979 ) ) ;
#6899 = EDGE_LOOP ( 'NONE', ( #6361, #7392, #2449 ) ) ;
#6900 = ORIENTED_EDGE ( 'NONE', *, *, #3914, .F. ) ;
#6901 = CARTESIAN_POINT ( 'NONE',  ( -24.40655281719999792, -21.36005545319999754, 17.91213542430000061 ) ) ;
#6902 = VERTEX_POINT ( 'NONE', #3106 ) ;
#6903 = CARTESIAN_POINT ( 'NONE',  ( -24.96700833710000111, 3.319188207069999841, 4.743105910729999763 ) ) ;
#6904 = CARTESIAN_POINT ( 'NONE',  ( -17.27821165552995453, -21.94525225979227656, 23.98887058825116725 ) ) ;
#6905 = CARTESIAN_POINT ( 'NONE',  ( -25.46899644305537791, -17.29152998667416341, 23.37480939904460087 ) ) ;
#6906 = ADVANCED_FACE ( 'NONE', ( #2287 ), #1686, .T. ) ;
#6907 = DIRECTION ( 'NONE',  ( -6.994852725712931474E-17, 1.000000000000000000, 0.000000000000000000 ) ) ;
#6908 = CARTESIAN_POINT ( 'NONE',  ( -22.29062398970000203, 4.026915714089999376, 21.22225643319999833 ) ) ;
#6909 = CARTESIAN_POINT ( 'NONE',  ( -11.73446219480000074, -17.94716710639999846, 23.41237046150000012 ) ) ;
#6910 = ADVANCED_FACE ( 'NONE', ( #8284 ), #4845, .F. ) ;
#6911 = ORIENTED_EDGE ( 'NONE', *, *, #4, .T. ) ;
#6912 = CARTESIAN_POINT ( 'NONE',  ( -23.96759972140000272, -21.31888460860000123, 19.33689504999999897 ) ) ;
#6913 = CARTESIAN_POINT ( 'NONE',  ( -25.43918557743439024, -1.426068640617001781, 5.195375786894393499 ) ) ;
#6914 = CARTESIAN_POINT ( 'NONE',  ( -6.299190212120000076, -18.15297359680000255, 8.737416321009998654 ) ) ;
#6915 = CARTESIAN_POINT ( 'NONE',  ( -19.10534322358746095, -18.48479467259958042, 4.577775326696395197 ) ) ;
#6916 = CARTESIAN_POINT ( 'NONE',  ( 2.498070397209999793, 0.5713961190919999433, 19.35349670069999917 ) ) ;
#6917 = CARTESIAN_POINT ( 'NONE',  ( -19.99893532420000142, 0.6652053292599999779, 23.79999802580000079 ) ) ;
#6918 = CARTESIAN_POINT ( 'NONE',  ( -18.02609466410000039, 1.356702965969999841, 4.538299596329999908 ) ) ;
#6919 = CARTESIAN_POINT ( 'NONE',  ( -15.81996502255893944, 2.354241523336278785, 4.280960724193174194 ) ) ;
#6920 = EDGE_CURVE ( 'NONE', #7613, #7453, #1360, .T. ) ;
#6921 = CARTESIAN_POINT ( 'NONE',  ( 3.044538647000794906, 0.4008543651868097246, 10.94213592670334378 ) ) ;
#6922 = B_SPLINE_CURVE_WITH_KNOTS ( 'NONE', 3,
 ( #7527, #6106, #2806, #992, #3621, #6237, #6713, #3450, #5440, #8248, #4311, #437, #3156 ),
 .UNSPECIFIED., .F., .F.,
 ( 4, 2, 1, 1, 1, 2, 2, 4 ),
 ( 0.000000000000000000, 0.2500000000000078826, 0.3750000000000108247, 0.4375000000000122680, 0.4687500000000131006, 0.4843750000000136002, 0.5000000000000140998, 1.000000000000000000 ),
 .UNSPECIFIED. ) ;
#6923 = ORIENTED_EDGE ( 'NONE', *, *, #7186, .T. ) ;
#6924 = CARTESIAN_POINT ( 'NONE',  ( -6.299189362029999906, -3.161140267479999988, 23.50710480690000281 ) ) ;
#6925 = CARTESIAN_POINT ( 'NONE',  ( -23.18893532339999908, -0.1358839347786126861, 7.439564920877636212 ) ) ;
#6926 = CARTESIAN_POINT ( 'NONE',  ( -25.47482602030008181, -1.503648131434235369, 23.36897982179990763 ) ) ;
#6927 = CARTESIAN_POINT ( 'NONE',  ( -17.43179426980000102, 3.577347759409999828, 23.86214045589999699 ) ) ;
#6928 = DIRECTION ( 'NONE',  ( -0.4999999999998740452, 0.6123724356958458737, 0.6123724356958458737 ) ) ;
#6929 = CARTESIAN_POINT ( 'NONE',  ( -17.25526692790000283, 2.881712598010000459, 24.17549306969999989 ) ) ;
#6930 = CARTESIAN_POINT ( 'NONE',  ( -28.27524488920000323, 3.390799019489999733, 8.082144622660001332 ) ) ;
#6931 = ADVANCED_FACE ( 'NONE', ( #2627 ), #841, .F. ) ;
#6932 = AXIS2_PLACEMENT_3D ( 'NONE', #5317, #617, #7156 ) ;
#6933 = CARTESIAN_POINT ( 'NONE',  ( -16.95325508049999996, 1.996058224680000048, 24.20086900049999912 ) ) ;
#6934 = CARTESIAN_POINT ( 'NONE',  ( -16.94962613660659656, 3.764412308887435721, 4.418062556711933375 ) ) ;
#6935 = ADVANCED_FACE ( 'NONE', ( #1496 ), #5182, .F. ) ;
#6936 = EDGE_CURVE ( 'NONE', #4946, #5970, #7818, .T. ) ;
#6937 = CARTESIAN_POINT ( 'NONE',  ( 2.619375564760000330, -18.05367916199999812, 9.212664631240000901 ) ) ;
#6938 = CARTESIAN_POINT ( 'NONE',  ( -8.422459333877091225, 0.3060296561582534491, 7.897757360538308902 ) ) ;
#6939 = CARTESIAN_POINT ( 'NONE',  ( -27.25914266613634496, 0.2152476523432175215, 7.015332875596343776 ) ) ;
#6940 = CARTESIAN_POINT ( 'NONE',  ( 2.695206465978567945, -2.731907020346580062, 5.880090402767475410 ) ) ;
#6941 = DIRECTION ( 'NONE',  ( 1.000000000000000000, 6.123233995739999133E-17, 6.123233995739999133E-17 ) ) ;
#6942 = ORIENTED_EDGE ( 'NONE', *, *, #3732, .T. ) ;
#6943 = CARTESIAN_POINT ( 'NONE',  ( -25.45869586898513148, -16.20032958033977266, 5.214886078445107209 ) ) ;
#6944 = B_SPLINE_CURVE_WITH_KNOTS ( 'NONE', 3,
 ( #3999, #2581, #3919, #6535, #8415, #3346 ),
 .UNSPECIFIED., .F., .F.,
 ( 4, 2, 4 ),
 ( 0.000000000000000000, 0.5000000000000000000, 1.000000000000000000 ),
 .UNSPECIFIED. ) ;
#6945 = VECTOR ( 'NONE', #3789, 1000.000000000000000 ) ;
#6946 = CARTESIAN_POINT ( 'NONE',  ( 2.463940036169999903, -14.41807861039999850, 23.47721392109999883 ) ) ;
#6947 = ORIENTED_EDGE ( 'NONE', *, *, #926, .F. ) ;
#6948 = CARTESIAN_POINT ( 'NONE',  ( 2.589333617349999894, -14.03183458329999844, 23.51777349840000042 ) ) ;
#6949 = ORIENTED_EDGE ( 'NONE', *, *, #6825, .F. ) ;
#6950 = CARTESIAN_POINT ( 'NONE',  ( -24.81832989000000111, 3.619587114970000297, 5.006729663979999856 ) ) ;
#6951 = VECTOR ( 'NONE', #7783, 1000.000000000000227 ) ;
#6952 = VECTOR ( 'NONE', #6637, 1000.000000000000114 ) ;
#6953 = CARTESIAN_POINT ( 'NONE',  ( -17.69749832319283911, -21.77469781110628588, 23.93154763275521191 ) ) ;
#6954 = CARTESIAN_POINT ( 'NONE',  ( -28.44380781629999788, 0.8152053292530000439, 20.39999802579999866 ) ) ;
#6955 = CARTESIAN_POINT ( 'NONE',  ( -28.21950888559999981, -21.17040466809999799, 8.271695994069999003 ) ) ;
#6956 = EDGE_CURVE ( 'NONE', #4197, #2585, #761, .T. ) ;
#6957 = CARTESIAN_POINT ( 'NONE',  ( -12.84683463049999830, -18.33479467069999913, 5.299998025759999898 ) ) ;
#6958 = CARTESIAN_POINT ( 'NONE',  ( -15.35032645429999931, 2.388305748130000072, 4.243913873700000394 ) ) ;
#6959 = VECTOR ( 'NONE', #2071, 1000.000000000000000 ) ;
#6960 = ORIENTED_EDGE ( 'NONE', *, *, #5525, .F. ) ;
#6961 = EDGE_CURVE ( 'NONE', #4640, #5362, #7922, .T. ) ;
#6962 = CARTESIAN_POINT ( 'NONE',  ( 3.044496782137674273, -18.07044006939366199, 17.65809390881726060 ) ) ;
#6963 = CARTESIAN_POINT ( 'NONE',  ( -11.73446219480000074, 0.2775777649560000060, 5.187625590070000570 ) ) ;
#6964 = CARTESIAN_POINT ( 'NONE',  ( 2.294020319879999992, 0.6652049202649999993, 9.303417752659999707 ) ) ;
#6965 = CARTESIAN_POINT ( 'NONE',  ( -27.80190716237633453, -17.32550823555845554, 21.04189867972363714 ) ) ;
#6966 = B_SPLINE_CURVE_WITH_KNOTS ( 'NONE', 3,
 ( #4248, #3003, #3692, #6346, #8141, #3598, #3639, #417, #5543, #3730, #5025, #2263, #5710, #4898, #7545, #3045, #6215, #8313, #2958, #5628, #8185, #6390, #5585, #329, #1705, #2444, #2315, #5072, #5668, #7676, #4375, #4331, #4940, #2401, #7503, #7631, #6905, #1102, #1792, #504, #1011, #1753, #6258, #4416, #1140, #4983, #3774, #374, #8226, #2358, #7585, #5916, #47, #2654 ),
 .UNSPECIFIED., .F., .F.,
 ( 4, 1, 1, 2, 2, 1, 1, 1, 2, 2, 1, 1, 1, 2, 2, 2, 2, 2, 1, 2, 2, 1, 1, 2, 2, 1, 1, 1, 2, 2, 1, 1, 2, 2, 4 ),
 ( 0.000000000000000000, 0.06249999999999684974, 0.09374999999999374112, 0.1093749999999921868, 0.1249999999999906325, 0.1874999999999921174, 0.2187499999999928946, 0.2343749999999932554, 0.2421874999999939770, 0.2499999999999946709, 0.3125000000000033307, 0.3437500000000073275, 0.3593750000000082712, 0.3671875000000077716, 0.3750000000000072164, 0.4062500000000036082, 0.4375000000000000000, 0.4999999999999946709, 0.5312499999999920064, 0.5468749999999896749, 0.5624999999999873435, 0.5937499999999825695, 0.6093749999999811262, 0.6171874999999812372, 0.6249999999999812372, 0.6874999999999816813, 0.7187499999999819034, 0.7343749999999825695, 0.7421874999999829026, 0.7499999999999832356, 0.8124999999999878986, 0.8437499999999902300, 0.8593749999999913403, 0.8749999999999924505, 1.000000000000000000 ),
 .UNSPECIFIED. ) ;
#6967 = LINE ( 'NONE', #1069, #6131 ) ;
#6968 = CARTESIAN_POINT ( 'NONE',  ( -18.63879365240000041, 1.088513182820000091, 4.494922842970000332 ) ) ;
#6969 = CARTESIAN_POINT ( 'NONE',  ( -17.00097787320000009, 3.739224682190000149, 24.17852136699999832 ) ) ;
#6970 = VECTOR ( 'NONE', #1160, 1000.000000000000000 ) ;
#6971 = CARTESIAN_POINT ( 'NONE',  ( 2.157722703700000189, -14.50844915709999938, 5.092890890630000555 ) ) ;
#6972 = ORIENTED_EDGE ( 'NONE', *, *, #5408, .F. ) ;
#6973 = VERTEX_POINT ( 'NONE', #5635 ) ;
#6974 = CARTESIAN_POINT ( 'NONE',  ( -7.568741379700000493, -3.584868234960000066, 23.79999802569999900 ) ) ;
#6975 = EDGE_CURVE ( 'NONE', #7735, #3390, #4440, .T. ) ;
#6976 = VERTEX_POINT ( 'NONE', #6912 ) ;
#6977 = LINE ( 'NONE', #5604, #8050 ) ;
#6978 = CARTESIAN_POINT ( 'NONE',  ( -26.17180614262179716, -2.146245793466569740, 22.67199969947819227 ) ) ;
#6979 = CARTESIAN_POINT ( 'NONE',  ( -19.09989194609999785, -18.37919225539999957, 4.590453922300000045 ) ) ;
#6980 = CARTESIAN_POINT ( 'NONE',  ( 2.472063706809999761, -3.664816641340000292, 4.900610550879999749 ) ) ;
#6981 = CARTESIAN_POINT ( 'NONE',  ( -8.799189398639999382, -15.55052690429999984, 23.41237046150000012 ) ) ;
#6982 = DIRECTION ( 'NONE',  ( 1.000000000000000000, 0.000000000000000000, 0.000000000000000000 ) ) ;
#6983 = LINE ( 'NONE', #1598, #7084 ) ;
#6984 = DIRECTION ( 'NONE',  ( 0.03489949670250334229, 1.298624280050123834E-15, -0.9993908270190956511 ) ) ;
#6985 = LINE ( 'NONE', #8295, #1708 ) ;
#6986 = CARTESIAN_POINT ( 'NONE',  ( -23.25355333653888223, -21.81187116139735593, 8.474762154415348192 ) ) ;
#6987 = CARTESIAN_POINT ( 'NONE',  ( -27.94385249380486869, -0.9854665353905042169, 7.700042703264867505 ) ) ;
#6988 = ORIENTED_EDGE ( 'NONE', *, *, #6039, .T. ) ;
#6989 = CARTESIAN_POINT ( 'NONE',  ( 2.590736260719999962, 0.2330444032679999944, 8.851129697750000247 ) ) ;
#6990 = CARTESIAN_POINT ( 'NONE',  ( -21.17737317937711694, -21.40742076207921585, 4.809675599265124113 ) ) ;
#6991 = EDGE_CURVE ( 'NONE', #3684, #2860, #741, .T. ) ;
#6992 = CARTESIAN_POINT ( 'NONE',  ( -25.34822987794541405, -16.60761543944975216, 5.104420087405400430 ) ) ;
#6993 = ORIENTED_EDGE ( 'NONE', *, *, #1734, .F. ) ;
#6994 = FACE_OUTER_BOUND ( 'NONE', #454, .T. ) ;
#6995 = EDGE_LOOP ( 'NONE', ( #7684, #1147, #2042, #5232 ) ) ;
#6996 = CARTESIAN_POINT ( 'NONE',  ( 2.406279444129999945, -13.84462988830000008, 4.831207057080000311 ) ) ;
#6997 = CARTESIAN_POINT ( 'NONE',  ( 2.577074693239999714, -17.97298514830000116, 19.67773069240000083 ) ) ;
#6998 = CARTESIAN_POINT ( 'NONE',  ( -16.64161092599999847, 3.617351709009999805, 24.25023324420000037 ) ) ;
#6999 = FACE_BOUND ( 'NONE', #2113, .T. ) ;
#7000 = EDGE_CURVE ( 'NONE', #3858, #4545, #7721, .T. ) ;
#7001 = CARTESIAN_POINT ( 'NONE',  ( -28.32588659620000016, -21.05916552329999902, 8.133549002639998804 ) ) ;
#7002 = CARTESIAN_POINT ( 'NONE',  ( -19.26449178769999904, 4.136676463269999715, 23.35079287350000143 ) ) ;
#7003 = CARTESIAN_POINT ( 'NONE',  ( -15.80102950336286582, -19.91848990033283329, 24.21960244755119973 ) ) ;
#7004 = VERTEX_POINT ( 'NONE', #8232 ) ;
#7005 = CARTESIAN_POINT ( 'NONE',  ( -9.107046548122484708, -18.29957111615970788, 7.961312332057373098 ) ) ;
#7006 = ORIENTED_EDGE ( 'NONE', *, *, #7960, .F. ) ;
#7007 = CARTESIAN_POINT ( 'NONE',  ( -19.47158990279999813, 3.806299389600000360, 4.808721213870000177 ) ) ;
#7008 = CARTESIAN_POINT ( 'NONE',  ( 2.270532400120000016, 0.6605256404899999545, 9.156237236549999992 ) ) ;
#7009 = CARTESIAN_POINT ( 'NONE',  ( -27.88181426258517703, -17.13448341392092900, 20.96199157951480174 ) ) ;
#7010 = ORIENTED_EDGE ( 'NONE', *, *, #7121, .F. ) ;
#7011 = CARTESIAN_POINT ( 'NONE',  ( -18.66403206315097663, 0.8152053292530089257, 7.121197245636535555 ) ) ;
#7012 = PLANE ( 'NONE',  #2711 ) ;
#7013 = CARTESIAN_POINT ( 'NONE',  ( -16.64161092599999847, 3.617351709009999805, 24.25023324420000037 ) ) ;
#7014 = CARTESIAN_POINT ( 'NONE',  ( 2.619375720519999895, 0.3840909486749999879, 19.38732881760000026 ) ) ;
#7015 = ADVANCED_FACE ( 'NONE', ( #4208 ), #6829, .T. ) ;
#7016 = ORIENTED_EDGE ( 'NONE', *, *, #5089, .F. ) ;
#7017 = CARTESIAN_POINT ( 'NONE',  ( -7.397824910669999809, -3.043787173410000158, 23.49643634390000102 ) ) ;
#7018 = EDGE_CURVE ( 'NONE', #6726, #684, #3564, .T. ) ;
#7019 = CARTESIAN_POINT ( 'NONE',  ( -23.18893532339999553, -0.5945224210789388231, 7.666162505428811613 ) ) ;
#7020 = CARTESIAN_POINT ( 'NONE',  ( -20.40437951020000185, -21.50084737679999947, 23.04173351689999905 ) ) ;
#7021 = CARTESIAN_POINT ( 'NONE',  ( -18.95178720379999859, -18.55153201199999913, 4.580105841259999977 ) ) ;
#7022 = CARTESIAN_POINT ( 'NONE',  ( 2.194095321233441087, -3.892742153451453468, 23.79999192755416360 ) ) ;
#7023 = CARTESIAN_POINT ( 'NONE',  ( -6.299189361209999838, -14.50844907419999963, 23.50710480670000280 ) ) ;
#7024 = CARTESIAN_POINT ( 'NONE',  ( -17.29646067379999863, 1.594111974650000096, 4.407650658479999706 ) ) ;
#7025 = EDGE_CURVE ( 'NONE', #1656, #8178, #6085, .T. ) ;
#7026 = CARTESIAN_POINT ( 'NONE',  ( -16.74145559489999968, 2.052161957979999674, 24.20777114400000229 ) ) ;
#7027 = CARTESIAN_POINT ( 'NONE',  ( -19.26449213660000126, 4.136676439309999509, 5.249203359630000065 ) ) ;
#7028 = CARTESIAN_POINT ( 'NONE',  ( -15.91053383670907095, 2.324442255680025049, 24.30503545606232052 ) ) ;
#7029 = CARTESIAN_POINT ( 'NONE',  ( -7.810507984272614834, 0.3393088055883859977, 8.263287516775667640 ) ) ;
#7030 = CARTESIAN_POINT ( 'NONE',  ( -27.94371792937846521, -0.8316509948769195137, 7.699908138838464922 ) ) ;
#7031 = CARTESIAN_POINT ( 'NONE',  ( 2.746588150243070459, -0.9410752265034426634, 7.667833588099052022 ) ) ;
#7032 = CARTESIAN_POINT ( 'NONE',  ( -16.38582188018276042, 2.431096289774722585, 24.33710805364765761 ) ) ;
#7033 = CARTESIAN_POINT ( 'NONE',  ( -25.49034856936773963, -17.33450289144614587, 5.246538778827724236 ) ) ;
#7034 = CARTESIAN_POINT ( 'NONE',  ( 2.294021070989999966, -13.83137337289999991, 23.79999800609999738 ) ) ;
#7035 = ORIENTED_EDGE ( 'NONE', *, *, #1184, .T. ) ;
#7036 = CARTESIAN_POINT ( 'NONE',  ( -25.17420432229999960, -21.27674904740000272, 16.57098409200000333 ) ) ;
#7037 = CARTESIAN_POINT ( 'NONE',  ( 2.619374955300000085, -18.05367828820000042, 19.38733489250000019 ) ) ;
#7038 = CARTESIAN_POINT ( 'NONE',  ( -25.81957817245162090, 0.07055890259971223100, 23.02422766964838630 ) ) ;
#7039 = CARTESIAN_POINT ( 'NONE',  ( -21.17738068719848243, -21.40742034175158182, 23.79032019686869148 ) ) ;
#7040 = CARTESIAN_POINT ( 'NONE',  ( -28.33723727110000112, -21.13088757459999911, 8.346717417779998982 ) ) ;
#7041 = CARTESIAN_POINT ( 'NONE',  ( -21.38784320869999789, 4.059657419039999660, 22.08882468110000374 ) ) ;
#7042 = ORIENTED_EDGE ( 'NONE', *, *, #422, .T. ) ;
#7043 = CARTESIAN_POINT ( 'NONE',  ( -16.80062926530217737, -19.55521784866030899, 24.05049313029662272 ) ) ;
#7044 = ORIENTED_EDGE ( 'NONE', *, *, #6826, .F. ) ;
#7045 = EDGE_LOOP ( 'NONE', ( #2616, #3884, #833, #8353 ) ) ;
#7046 = CARTESIAN_POINT ( 'NONE',  ( 2.376430978690000195, -13.99511322720000095, 4.838346818919999848 ) ) ;
#7047 = CARTESIAN_POINT ( 'NONE',  ( -19.26449166119999745, 4.136676457890000158, 5.249203122609999994 ) ) ;
#7048 = CARTESIAN_POINT ( 'NONE',  ( -9.183860777529998742, -18.33479455959999882, 8.055390102040000500 ) ) ;
#7049 = B_SPLINE_CURVE_WITH_KNOTS ( 'NONE', 5,
 ( #846, #3479, #6016, #262, #7343, #2757 ),
 .UNSPECIFIED., .F., .F.,
 ( 6, 6 ),
 ( -0.1250615347779999997, 0.000000000000000000 ),
 .UNSPECIFIED. ) ;
#7050 = FACE_OUTER_BOUND ( 'NONE', #27, .T. ) ;
#7051 = ORIENTED_EDGE ( 'NONE', *, *, #8280, .F. ) ;
#7052 = CARTESIAN_POINT ( 'NONE',  ( 2.547408530100000235, -14.00667229809999981, 23.61505330609999831 ) ) ;
#7053 = CARTESIAN_POINT ( 'NONE',  ( -18.60765275879999692, 1.042286003449999887, 4.524074530110000048 ) ) ;
#7054 = CARTESIAN_POINT ( 'NONE',  ( -17.38062346999999974, 3.849416616570000560, 24.08022893900000128 ) ) ;
#7055 = CARTESIAN_POINT ( 'NONE',  ( -9.068535593400000039, -2.448943062630000167, 23.75843467079999982 ) ) ;
#7056 = B_SPLINE_CURVE_WITH_KNOTS ( 'NONE', 5,
 ( #6371, #486, #3070, #6930, #3672, #6421 ),
 .UNSPECIFIED., .F., .F.,
 ( 6, 6 ),
 ( 0.000000000000000000, 1.000000000000000000 ),
 .UNSPECIFIED. ) ;
#7057 = VERTEX_POINT ( 'NONE', #6264 ) ;
#7058 = CARTESIAN_POINT ( 'NONE',  ( -18.94442000649999969, 0.9536516809960000618, 24.10950125939999822 ) ) ;
#7059 = CARTESIAN_POINT ( 'NONE',  ( -25.27954975280000127, -21.27307030400000087, 12.86130137169999976 ) ) ;
#7060 = CARTESIAN_POINT ( 'NONE',  ( -24.13712720919999910, -21.31296457819999901, 19.01612000280000103 ) ) ;
#7061 = CARTESIAN_POINT ( 'NONE',  ( -8.130844176634452580, -2.622246924163210924, 23.45807247259899952 ) ) ;
#7062 = CARTESIAN_POINT ( 'NONE',  ( -17.07149208639999927, -19.70418388899999940, 4.487782193140000153 ) ) ;
#7063 = LINE ( 'NONE', #7611, #1871 ) ;
#7064 = CARTESIAN_POINT ( 'NONE',  ( -17.39315024019999711, 3.791851793280000216, 4.436323253409999445 ) ) ;
#7065 = CARTESIAN_POINT ( 'NONE',  ( -22.19743644460000098, 4.030293564120000838, 7.115356326270000586 ) ) ;
#7066 = ORIENTED_EDGE ( 'NONE', *, *, #3251, .T. ) ;
#7067 = CARTESIAN_POINT ( 'NONE',  ( -17.29944431919999559, -19.04824176420000370, 4.517792006009999639 ) ) ;
#7068 = CARTESIAN_POINT ( 'NONE',  ( -12.29726295940691116, -17.95422106482162050, 23.69796962083087877 ) ) ;
#7069 = CARTESIAN_POINT ( 'NONE',  ( -27.55133649906869664, 0.0003073771239084295320, 7.307526708528694570 ) ) ;
#7070 = CARTESIAN_POINT ( 'NONE',  ( -18.35751075790000186, -18.84037166070000069, 23.99525506780000228 ) ) ;
#7071 = CARTESIAN_POINT ( 'NONE',  ( -16.46178759818797133, 2.404197528776448323, 24.32544631584960726 ) ) ;
#7072 = VECTOR ( 'NONE', #661, 1000.000000000000114 ) ;
#7073 = CARTESIAN_POINT ( 'NONE',  ( -6.299189361289999844, -14.50844907399999961, 5.092891244570000531 ) ) ;
#7074 = CARTESIAN_POINT ( 'NONE',  ( -8.869810736979999888, 0.4217360525769999757, 20.92923729849999859 ) ) ;
#7075 = VECTOR ( 'NONE', #5371, 1000.000000000000114 ) ;
#7076 = ORIENTED_EDGE ( 'NONE', *, *, #7643, .T. ) ;
#7077 = EDGE_CURVE ( 'NONE', #421, #2659, #2612, .T. ) ;
#7078 = FACE_OUTER_BOUND ( 'NONE', #5883, .T. ) ;
#7079 = CARTESIAN_POINT ( 'NONE',  ( 2.447673396050000338, 0.4895966342499999957, 19.69739538410000179 ) ) ;
#7080 = CARTESIAN_POINT ( 'NONE',  ( 2.270532400120000016, -18.33011498200000133, 19.44375881499999892 ) ) ;
#7081 = ORIENTED_EDGE ( 'NONE', *, *, #7399, .F. ) ;
#7082 = CARTESIAN_POINT ( 'NONE',  ( -25.34389770548459708, -0.8316509734005865795, 23.49990813661538525 ) ) ;
#7083 = LINE ( 'NONE', #3822, #5443 ) ;
#7084 = VECTOR ( 'NONE', #4967, 1000.000000000000000 ) ;
#7085 = CARTESIAN_POINT ( 'NONE',  ( -17.42372388709999953, 3.760979797420000104, 4.495480883259999061 ) ) ;
#7086 = CARTESIAN_POINT ( 'NONE',  ( -11.98213827340000037, -18.06294676770000152, 5.098971499359999271 ) ) ;
#7087 = CARTESIAN_POINT ( 'NONE',  ( -16.03748812299246751, -19.86519565699670054, 24.19003413498358768 ) ) ;
#7088 = ORIENTED_EDGE ( 'NONE', *, *, #7235, .F. ) ;
#7089 = AXIS2_PLACEMENT_3D ( 'NONE', #651, #7271, #4003 ) ;
#7090 = CARTESIAN_POINT ( 'NONE',  ( 2.583104267990000036, -14.08152485120000108, 5.097982970989999529 ) ) ;
#7091 = CONICAL_SURFACE ( 'NONE', #3372, 9.999999999999996447, 0.03490658503990158590 ) ;
#7092 = CARTESIAN_POINT ( 'NONE',  ( -18.86943434741059278, -18.48476704741206333, 23.97656494077820000 ) ) ;
#7093 = CARTESIAN_POINT ( 'NONE',  ( 2.447673631359999824, 0.4896033258300000468, 8.902612403660000950 ) ) ;
#7094 = CARTESIAN_POINT ( 'NONE',  ( -23.18893532340000263, -2.234794670746000023, 22.19999802579999937 ) ) ;
#7095 = CARTESIAN_POINT ( 'NONE',  ( -18.99649795275244557, 0.8152040851505772956, 4.528515049264186132 ) ) ;
#7096 = CARTESIAN_POINT ( 'NONE',  ( 2.375730729399999852, -4.552195844479999920, 23.79999802580000079 ) ) ;
#7097 = CARTESIAN_POINT ( 'NONE',  ( -18.45187470312515643, -21.54093764152528223, 23.91549785483802282 ) ) ;
#7098 = CARTESIAN_POINT ( 'NONE',  ( -24.88141401470000247, 3.617384168790000132, 5.051398444380000186 ) ) ;
#7099 = EDGE_CURVE ( 'NONE', #6230, #205, #7718, .T. ) ;
#7100 = AXIS2_PLACEMENT_3D ( 'NONE', #7986, #1498, #7426 ) ;
#7101 = EDGE_LOOP ( 'NONE', ( #2940, #7066 ) ) ;
#7102 = CARTESIAN_POINT ( 'NONE',  ( -17.29960342400000073, 1.716103468869999871, 4.535578284949999706 ) ) ;
#7103 = EDGE_LOOP ( 'NONE', ( #2537, #6424, #6813, #5264, #5191, #6960, #4154 ) ) ;
#7104 = CARTESIAN_POINT ( 'NONE',  ( -4.353425745779999190, -10.89995535600000132, 22.79999802580000079 ) ) ;
#7105 = CYLINDRICAL_SURFACE ( 'NONE', #8175, 1.000000000000000888 ) ;
#7106 = AXIS2_PLACEMENT_3D ( 'NONE', #3547, #1697, #4148 ) ;
#7107 = CARTESIAN_POINT ( 'NONE',  ( -8.103935324130000950, -13.80134229279999936, 22.79999802580000079 ) ) ;
#7108 = FACE_OUTER_BOUND ( 'NONE', #5538, .T. ) ;
#7109 = DIRECTION ( 'NONE',  ( 0.9993900847093798445, -0.03489947441821324159, 0.001218716501540461836 ) ) ;
#7110 = LINE ( 'NONE', #1210, #102 ) ;
#7111 = ORIENTED_EDGE ( 'NONE', *, *, #7824, .F. ) ;
#7112 = CARTESIAN_POINT ( 'NONE',  ( -23.59866464659999963, 3.662178762599999970, 8.305091961420000501 ) ) ;
#7113 = EDGE_LOOP ( 'NONE', ( #3103, #8407, #6972, #692 ) ) ;
#7114 = CARTESIAN_POINT ( 'NONE',  ( -17.74274232190000333, -22.03381814629999980, 4.688320866379999785 ) ) ;
#7115 = CARTESIAN_POINT ( 'NONE',  ( -24.69580988520007025, -21.75899471259767637, 16.46299135460003527 ) ) ;
#7116 = DIRECTION ( 'NONE',  ( 1.000000000000000000, 0.000000000000000000, 1.064693957069999886E-16 ) ) ;
#7117 = CARTESIAN_POINT ( 'NONE',  ( -18.57843598909999727, -18.78215797450000224, 24.01183656090000085 ) ) ;
#7118 = LINE ( 'NONE', #1218, #1749 ) ;
#7119 = CARTESIAN_POINT ( 'NONE',  ( -25.71757947839999758, 3.295409577959999670, 23.12622636280000066 ) ) ;
#7120 = CARTESIAN_POINT ( 'NONE',  ( -6.299189362029999906, 0.3723121104470000220, 8.626343622500000308 ) ) ;
#7121 = EDGE_CURVE ( 'NONE', #6693, #1678, #1660, .T. ) ;
#7122 = CARTESIAN_POINT ( 'NONE',  ( -17.28036388980000027, 3.674162064669999950, 24.15578306509999962 ) ) ;
#7123 = CARTESIAN_POINT ( 'NONE',  ( -19.34184879600000073, -21.95528784020000046, 5.134265514210000880 ) ) ;
#7124 = ADVANCED_FACE ( 'NONE', ( #3828 ), #5404, .T. ) ;
#7125 = B_SPLINE_CURVE_WITH_KNOTS ( 'NONE', 3,
 ( #4374, #1661, #2357, #4982 ),
 .UNSPECIFIED., .F., .F.,
 ( 4, 4 ),
 ( 0.000000000000000000, 1.000000000000000000 ),
 .UNSPECIFIED. ) ;
#7126 = CARTESIAN_POINT ( 'NONE',  ( -18.09699347224855970, -21.98479467069999060, 4.859413957482451529 ) ) ;
#7127 = CARTESIAN_POINT ( 'NONE',  ( 2.572245699280000242, -18.15416767500000006, 19.37418842519999984 ) ) ;
#7128 = CARTESIAN_POINT ( 'NONE',  ( 2.186365939970000394, 0.6652053292599999779, 9.333449423990000327 ) ) ;
#7129 = CARTESIAN_POINT ( 'NONE',  ( -17.34230504489999802, 3.942654660370000119, 4.519582595729999319 ) ) ;
#7130 = EDGE_CURVE ( 'NONE', #2330, #4978, #125, .T. ) ;
#7131 = CARTESIAN_POINT ( 'NONE',  ( 3.230247254009507074, -10.93762421340083613, 23.54394099406804486 ) ) ;
#7132 = CARTESIAN_POINT ( 'NONE',  ( 2.304936497319999944, -4.305769581530000778, 4.799998025759999898 ) ) ;
#7133 = EDGE_LOOP ( 'NONE', ( #5602, #7908, #5778, #1788 ) ) ;
#7134 = CARTESIAN_POINT ( 'NONE',  ( 2.352717005480000179, -14.25537378900000007, 4.923477132310000393 ) ) ;
#7135 = VERTEX_POINT ( 'NONE', #1839 ) ;
#7136 = CARTESIAN_POINT ( 'NONE',  ( -11.98213827340000037, 0.3933574161389999935, 5.098971489319999328 ) ) ;
#7137 = CARTESIAN_POINT ( 'NONE',  ( -27.20627495800490792, -15.56150898322019849, 21.63753088409508152 ) ) ;
#7138 = CARTESIAN_POINT ( 'NONE',  ( 2.572245890749999653, -13.90898450569999945, 23.61937104249999919 ) ) ;
#7139 = CARTESIAN_POINT ( 'NONE',  ( 2.720818159335472775, -15.16858986437882173, 22.49056092416226704 ) ) ;
#7140 = DIRECTION ( 'NONE',  ( 3.947459643110000025E-16, 1.381610875089999979E-15, -1.000000000000000000 ) ) ;
#7141 = CARTESIAN_POINT ( 'NONE',  ( -8.608601880540000195, -2.846779793830000127, 4.837624107409999930 ) ) ;
#7142 = ORIENTED_EDGE ( 'NONE', *, *, #7377, .F. ) ;
#7143 = ORIENTED_EDGE ( 'NONE', *, *, #5612, .F. ) ;
#7144 = CARTESIAN_POINT ( 'NONE',  ( -16.79488993820000076, 2.141094709429999465, 4.340724549309999958 ) ) ;
#7145 = ORIENTED_EDGE ( 'NONE', *, *, #7423, .T. ) ;
#7146 = LINE ( 'NONE', #3925, #6799 ) ;
#7147 = CARTESIAN_POINT ( 'NONE',  ( -8.024034071840000948, -14.63195808760000105, 23.69677756319999773 ) ) ;
#7148 = DIRECTION ( 'NONE',  ( 0.5000000000001805223, 0.6123724356962216842, 0.6123724356952200409 ) ) ;
#7149 = CARTESIAN_POINT ( 'NONE',  ( -17.09938137119999979, 1.822953479020000156, 24.09224894269999950 ) ) ;
#7150 = CARTESIAN_POINT ( 'NONE',  ( -12.53595017620000185, 0.3815841198939999845, 23.76740413299999943 ) ) ;
#7151 = CARTESIAN_POINT ( 'NONE',  ( -6.553182522845617974, 0.8152053292530020423, 12.03585321668607477 ) ) ;
#7152 = CARTESIAN_POINT ( 'NONE',  ( -25.14346992269999959, 3.608232975889999583, 11.38028251949999969 ) ) ;
#7153 = ORIENTED_EDGE ( 'NONE', *, *, #8417, .T. ) ;
#7154 = CARTESIAN_POINT ( 'NONE',  ( -17.98270506049999895, -20.04359099849999737, 4.632209699759999744 ) ) ;
#7155 = CARTESIAN_POINT ( 'NONE',  ( 2.589332910960000067, -3.637753818410000228, 23.51777437789999681 ) ) ;
#7156 = DIRECTION ( 'NONE',  ( -5.373988463373008342E-17, 1.000000000000000000, 0.000000000000000000 ) ) ;
#7157 = CARTESIAN_POINT ( 'NONE',  ( 3.142097502060000380, -11.65994197589999892, 5.060099767249999658 ) ) ;
#7158 = CARTESIAN_POINT ( 'NONE',  ( -17.29944435430000027, -19.04824175970000155, 24.08220403949999877 ) ) ;
#7159 = CARTESIAN_POINT ( 'NONE',  ( -15.68397778440000145, -19.96004195089999911, 4.361350803250000574 ) ) ;
#7160 = CARTESIAN_POINT ( 'NONE',  ( -8.092348164599998839, 0.6308118180489999949, 8.645990816660001244 ) ) ;
#7161 = B_SPLINE_SURFACE_WITH_KNOTS ( 'NONE', 5, 5, ( 
 ( #8359, #5245, #547, #2482, #7127, #7037 ),
 ( #3177, #7080, #5112, #2607, #457, #7849 ),
 ( #4373, #5830, #7713, #1225, #1790, #3086 ),
 ( #588, #1831, #7674, #5070, #4459, #7805 ),
 ( #1923, #7165, #6344, #5708, #1182, #3988 ),
 ( #46, #2779, #7888, #2051, #4632, #7252 ) ),
 .UNSPECIFIED., .F., .F., .F.,
 ( 6, 6 ),
 ( 6, 6 ),
 ( 3.237978360690000112, 3.863655262159999992 ),
 ( 0.000000000000000000, 0.5502330933429999682 ),
 .UNSPECIFIED. ) ;
#7162 = ORIENTED_EDGE ( 'NONE', *, *, #5922, .F. ) ;
#7163 = DIRECTION ( 'NONE',  ( -5.551115123126445838E-17, 0.7071067811865474617, 0.7071067811865474617 ) ) ;
#7164 = CARTESIAN_POINT ( 'NONE',  ( -8.799189398639999382, -15.55052690429999984, 23.41237046150000012 ) ) ;
#7165 = CARTESIAN_POINT ( 'NONE',  ( 2.251315800930000055, -18.15542658830000278, 19.85685789229999898 ) ) ;
#7166 = CARTESIAN_POINT ( 'NONE',  ( 2.368528936430000176, -3.201980466139999759, 5.092096031549999680 ) ) ;
#7167 = B_SPLINE_SURFACE_WITH_KNOTS ( 'NONE', 4, 5, ( 
 ( #4945, #4291, #6909, #6308, #7679, #508 ),
 ( #1015, #1061, #420, #3643, #4378, #5672 ),
 ( #2405, #5029, #4420, #1795, #7636, #1106 ),
 ( #3734, #6350, #462, #5715, #8316, #4512 ),
 ( #3910, #2016, #1230, #1970, #5920, #634 ) ),
 .UNSPECIFIED., .F., .F., .F.,
 ( 5, 5 ),
 ( 6, 6 ),
 ( 8.881848047159999085E-16, 1.209560331360000074 ),
 ( 0.000000000000000000, 0.4030161872150000435 ),
 .UNSPECIFIED. ) ;
#7168 = CARTESIAN_POINT ( 'NONE',  ( -18.53028013599999824, 3.857948028020000031, 4.725880058649999604 ) ) ;
#7169 = CARTESIAN_POINT ( 'NONE',  ( 3.042737280410235279, -12.20099389304166237, 23.53556043258639363 ) ) ;
#7170 = DIRECTION ( 'NONE',  ( 6.123233995768970050E-17, 1.000000000000000000, 1.301554129512570009E-15 ) ) ;
#7171 = ORIENTED_EDGE ( 'NONE', *, *, #5664, .F. ) ;
#7172 = CARTESIAN_POINT ( 'NONE',  ( 2.523998232060000291, -14.19856710719999882, 5.046880315160000130 ) ) ;
#7173 = CARTESIAN_POINT ( 'NONE',  ( -18.96388733159999873, 4.291317705550000028, 23.49046584459999920 ) ) ;
#7174 = CARTESIAN_POINT ( 'NONE',  ( -9.068533049310000038, -18.29323118830000183, 20.68585049230000195 ) ) ;
#7175 = ADVANCED_FACE ( 'NONE', ( #4555 ), #379, .F. ) ;
#7176 = CARTESIAN_POINT ( 'NONE',  ( 2.530913913880000088, -14.10471176619999945, 23.59309273029999687 ) ) ;
#7177 = CARTESIAN_POINT ( 'NONE',  ( 2.150091566099999962, -14.11402962490000057, 4.830337219439999608 ) ) ;
#7178 = DIRECTION ( 'NONE',  ( 0.000000000000000000, 0.7071067811865473507, 0.7071067811865477948 ) ) ;
#7179 = CARTESIAN_POINT ( 'NONE',  ( -6.299189126259999938, -3.711170117340000463, 4.799997908170000827 ) ) ;
#7180 = CARTESIAN_POINT ( 'NONE',  ( -27.42949101846431859, -15.69872265802939282, 7.185681227924307635 ) ) ;
#7181 = ORIENTED_EDGE ( 'NONE', *, *, #3763, .T. ) ;
#7182 = CARTESIAN_POINT ( 'NONE',  ( 2.767836999264162046, -15.94968463310421036, 6.887686954155715746 ) ) ;
#7183 = ORIENTED_EDGE ( 'NONE', *, *, #6488, .F. ) ;
#7184 = CARTESIAN_POINT ( 'NONE',  ( -9.299187562489999337, -14.93815546519999948, 4.799998025759999898 ) ) ;
#7185 = CARTESIAN_POINT ( 'NONE',  ( -8.442902021150000991, -15.08011998240000118, 23.57901465560000176 ) ) ;
#7186 = EDGE_CURVE ( 'NONE', #2451, #1274, #7190, .T. ) ;
#7187 = CARTESIAN_POINT ( 'NONE',  ( -24.93602775459186560, 3.615477014970610359, 4.996718560418806021 ) ) ;
#7188 = LINE ( 'NONE', #4528, #6959 ) ;
#7189 = CARTESIAN_POINT ( 'NONE',  ( -12.84683463049999830, 0.6035203017529999769, 23.61415729109999972 ) ) ;
#7190 = B_SPLINE_CURVE_WITH_KNOTS ( 'NONE', 5,
 ( #5120, #4059, #1233, #6487, #594, #3222 ),
 .UNSPECIFIED., .F., .F.,
 ( 6, 6 ),
 ( -0.2645291065520000151, 0.000000000000000000 ),
 .UNSPECIFIED. ) ;
#7191 = CARTESIAN_POINT ( 'NONE',  ( -12.50076882278693269, 0.8152053292529884976, 22.51183947539609420 ) ) ;
#7192 = DIRECTION ( 'NONE',  ( 0.000000000000000000, 1.000000000000000000, 1.334402673828313043E-15 ) ) ;
#7193 = ORIENTED_EDGE ( 'NONE', *, *, #775, .T. ) ;
#7194 = EDGE_CURVE ( 'NONE', #6607, #3509, #8461, .T. ) ;
#7195 = CARTESIAN_POINT ( 'NONE',  ( -8.934462460154211527, -18.16577516835015160, 20.85005289621236102 ) ) ;
#7196 = CARTESIAN_POINT ( 'NONE',  ( 2.143972051120000000, -18.24271357029999763, 8.870776426259999070 ) ) ;
#7197 = CARTESIAN_POINT ( 'NONE',  ( -18.41531509649999876, -18.94390420200000236, 4.593807790620000553 ) ) ;
#7198 = ORIENTED_EDGE ( 'NONE', *, *, #4737, .T. ) ;
#7199 = CARTESIAN_POINT ( 'NONE',  ( 2.619375706120000036, -3.747458708990000442, 5.081114109610000540 ) ) ;
#7200 = CARTESIAN_POINT ( 'NONE',  ( -16.25518534509999924, 2.382888043599999950, 4.246378919480000569 ) ) ;
#7201 = CARTESIAN_POINT ( 'NONE',  ( -17.18472682239999827, -21.98479488659999959, 24.00540264639999677 ) ) ;
#7202 = ADVANCED_FACE ( 'NONE', ( #159 ), #6635, .T. ) ;
#7203 = CARTESIAN_POINT ( 'NONE',  ( 2.186362437220000121, -13.80134265029999874, 23.79999762370000127 ) ) ;
#7204 = VERTEX_POINT ( 'NONE', #2775 ) ;
#7205 = CARTESIAN_POINT ( 'NONE',  ( -24.90927126669999936, -21.60140478450000145, 15.01564273250000170 ) ) ;
#7206 = CARTESIAN_POINT ( 'NONE',  ( 2.697766736200000182, -18.33479467069999913, 11.36972767099999970 ) ) ;
#7207 = CARTESIAN_POINT ( 'NONE',  ( 2.498070808340000060, -18.24098583170000154, 9.246499820980000450 ) ) ;
#7208 = EDGE_LOOP ( 'NONE', ( #6871, #816 ) ) ;
#7209 = CARTESIAN_POINT ( 'NONE',  ( 2.703062797659999461, 0.6652053292599999779, 17.21038429729999919 ) ) ;
#7210 = DIRECTION ( 'NONE',  ( 1.000000000000000000, 6.123233995739999133E-17, 6.123233995739999133E-17 ) ) ;
#7211 = VECTOR ( 'NONE', #7726, 1000.000000000000000 ) ;
#7212 = CARTESIAN_POINT ( 'NONE',  ( -12.48298845488864650, 0.6190978645924705148, 23.39413734352426033 ) ) ;
#7213 = FACE_OUTER_BOUND ( 'NONE', #4010, .T. ) ;
#7214 = EDGE_LOOP ( 'NONE', ( #6207, #5022, #1712 ) ) ;
#7215 = CARTESIAN_POINT ( 'NONE',  ( -19.11570962640000104, 4.294066927439999404, 23.41870492099999979 ) ) ;
#7216 = LINE ( 'NONE', #2531, #5457 ) ;
#7217 = AXIS2_PLACEMENT_3D ( 'NONE', #2700, #7170, #2658 ) ;
#7218 = CARTESIAN_POINT ( 'NONE',  ( -19.13764743823097447, 0.8152053290289990040, 4.497242420869733692 ) ) ;
#7219 = CARTESIAN_POINT ( 'NONE',  ( -7.444059140716814404, -2.955326035092361803, 5.111662024797609227 ) ) ;
#7220 = CARTESIAN_POINT ( 'NONE',  ( -14.27121456654666787, 0.8152053292530111461, 5.814356888617493446 ) ) ;
#7221 = CARTESIAN_POINT ( 'NONE',  ( -6.865440393589999246, -3.272217373509999749, 4.981818680309999969 ) ) ;
#7222 = CARTESIAN_POINT ( 'NONE',  ( -27.46803745784759343, -15.72944109398872037, 7.224227667307567380 ) ) ;
#7223 = CIRCLE ( 'NONE', #3957, 1.300000000000000044 ) ;
#7224 = CIRCLE ( 'NONE', #3512, 8.499999999780001758 ) ;
#7225 = VERTEX_POINT ( 'NONE', #6034 ) ;
#7226 = CARTESIAN_POINT ( 'NONE',  ( 2.746588150248730820, -15.46695910838023202, 6.406278581525065796 ) ) ;
#7227 = CARTESIAN_POINT ( 'NONE',  ( 2.626295336913960110, -3.772837795215890910, 23.51914271594846184 ) ) ;
#7228 = FACE_OUTER_BOUND ( 'NONE', #5377, .T. ) ;
#7229 = CARTESIAN_POINT ( 'NONE',  ( -18.41888546499999890, 1.372895550119999974, 24.12785333520000108 ) ) ;
#7230 = CARTESIAN_POINT ( 'NONE',  ( -17.29973554129999869, 1.716031887950000057, 24.06440255169999531 ) ) ;
#7231 = AXIS2_PLACEMENT_3D ( 'NONE', #8365, #4219, #1548 ) ;
#7232 = CARTESIAN_POINT ( 'NONE',  ( -12.52136751340000131, 0.4855884263249999888, 23.70526667799999743 ) ) ;
#7233 = AXIS2_PLACEMENT_3D ( 'NONE', #602, #138, #6008 ) ;
#7234 = PLANE ( 'NONE',  #7624 ) ;
#7235 = EDGE_CURVE ( 'NONE', #1450, #284, #2033, .T. ) ;
#7236 = FACE_OUTER_BOUND ( 'NONE', #5452, .T. ) ;
#7237 = ORIENTED_EDGE ( 'NONE', *, *, #5501, .F. ) ;
#7238 = AXIS2_PLACEMENT_3D ( 'NONE', #8214, #6200, #2346 ) ;
#7239 = CARTESIAN_POINT ( 'NONE',  ( -17.74732222289999939, -21.03847011559999913, 4.653593721950000095 ) ) ;
#7240 = CARTESIAN_POINT ( 'NONE',  ( -24.94380781629999788, 0.8152053292530000439, 4.699998025760000253 ) ) ;
#7241 = EDGE_LOOP ( 'NONE', ( #7604, #1403, #2950, #4965 ) ) ;
#7242 = EDGE_CURVE ( 'NONE', #3735, #8021, #8331, .T. ) ;
#7243 = CARTESIAN_POINT ( 'NONE',  ( -18.21754469320000069, -19.04917281090000003, 4.597483851440000713 ) ) ;
#7244 = CARTESIAN_POINT ( 'NONE',  ( 3.362774022900000048, -9.644236843910000800, 4.957589310269999494 ) ) ;
#7245 = ORIENTED_EDGE ( 'NONE', *, *, #4022, .T. ) ;
#7246 = VECTOR ( 'NONE', #3697, 1000.000000000000000 ) ;
#7247 = CARTESIAN_POINT ( 'NONE',  ( -17.60659304800000058, 2.835457279629999494, 4.443776840499999992 ) ) ;
#7248 = CARTESIAN_POINT ( 'NONE',  ( -19.26638654459999955, 4.288545054450000116, 23.34392587259999630 ) ) ;
#7249 = ORIENTED_EDGE ( 'NONE', *, *, #5811, .F. ) ;
#7250 = CARTESIAN_POINT ( 'NONE',  ( -27.37423134898708810, -2.011567980839549463, 21.46957449311291199 ) ) ;
#7251 = CARTESIAN_POINT ( 'NONE',  ( 3.130779438089999811, -18.07381768700000180, 11.29034328940000087 ) ) ;
#7252 = CARTESIAN_POINT ( 'NONE',  ( 2.590735405599999819, -17.90263640270000067, 19.74886474339999864 ) ) ;
#7253 = DIRECTION ( 'NONE',  ( -6.123244133959999531E-17, -1.000000000000000000, -1.301554064529999903E-15 ) ) ;
#7254 = B_SPLINE_CURVE_WITH_KNOTS ( 'NONE', 5,
 ( #582, #3210, #2559, #5195, #7798, #1917, #2167, #5401, #2773 ),
 .UNSPECIFIED., .F., .F.,
 ( 6, 3, 6 ),
 ( 0.000000000000000000, 0.1329324840379999817, 0.2216602090950000048 ),
 .UNSPECIFIED. ) ;
#7255 = FACE_OUTER_BOUND ( 'NONE', #1016, .T. ) ;
#7256 = CARTESIAN_POINT ( 'NONE',  ( 2.859947730938623867, -13.04362927971275887, 23.52775381538655353 ) ) ;
#7257 = CARTESIAN_POINT ( 'NONE',  ( -20.19760427069999764, -21.45053575069999852, 5.222619301960000016 ) ) ;
#7258 = DATE_AND_TIME ( #5960, #4756 ) ;
#7259 = ORIENTED_EDGE ( 'NONE', *, *, #7692, .T. ) ;
#7260 = CARTESIAN_POINT ( 'NONE',  ( -19.11889700119999702, 4.150261225739999560, 23.42263947980000083 ) ) ;
#7261 = CARTESIAN_POINT ( 'NONE',  ( 3.002420656239999985, 0.6370207589209999632, 16.62949592710000246 ) ) ;
#7262 = FACE_OUTER_BOUND ( 'NONE', #4775, .T. ) ;
#7263 = CARTESIAN_POINT ( 'NONE',  ( -7.083448358371222220, -3.066772365169309289, 5.101555993740940487 ) ) ;
#7264 = LINE ( 'NONE', #2024, #1857 ) ;
#7265 = CARTESIAN_POINT ( 'NONE',  ( -8.381091603289998915, -2.494578931329999971, 5.153487682630000677 ) ) ;
#7266 = VERTEX_POINT ( 'NONE', #6070 ) ;
#7267 = CARTESIAN_POINT ( 'NONE',  ( -17.46853013599999827, -19.33926975199999987, 4.574081941170000221 ) ) ;
#7268 = ORIENTED_EDGE ( 'NONE', *, *, #4385, .F. ) ;
#7269 = B_SPLINE_CURVE_WITH_KNOTS ( 'NONE', 3,
 ( #6493, #1845, #7097, #1326 ),
 .UNSPECIFIED., .F., .F.,
 ( 4, 4 ),
 ( 0.000000000000000000, 1.000000000000000000 ),
 .UNSPECIFIED. ) ;
#7270 = CARTESIAN_POINT ( 'NONE',  ( 2.646465076986561193, -17.59714967558392829, 8.542455244251621949 ) ) ;
#7271 = DIRECTION ( 'NONE',  ( 3.005310328280286636E-16, 0.03489949670250334229, -0.9993908270190956511 ) ) ;
#7272 = CARTESIAN_POINT ( 'NONE',  ( -27.94380781630000143, -8.834794670750000023, 20.19289124460000195 ) ) ;
#7273 = FACE_OUTER_BOUND ( 'NONE', #4305, .T. ) ;
#7274 = CARTESIAN_POINT ( 'NONE',  ( -12.24979075049999899, 0.4314312702799999455, 23.62009984679999874 ) ) ;
#7275 = CARTESIAN_POINT ( 'NONE',  ( 2.507993756799999918, -2.481995505910000066, 5.811097360669999823 ) ) ;
#7276 = CARTESIAN_POINT ( 'NONE',  ( -24.75025515840000168, -21.29155367870000148, 23.70117183940000061 ) ) ;
#7277 = ORIENTED_EDGE ( 'NONE', *, *, #5831, .F. ) ;
#7278 = CARTESIAN_POINT ( 'NONE',  ( -26.64380781629999717, 0.3652053299980000389, 22.19999802579999937 ) ) ;
#7279 = CARTESIAN_POINT ( 'NONE',  ( 2.186362437220000121, -18.33479426869999784, 9.333450046219999408 ) ) ;
#7280 = CARTESIAN_POINT ( 'NONE',  ( 2.402573181489999765, -4.649171261850000292, 23.79999802580000079 ) ) ;
#7281 = CARTESIAN_POINT ( 'NONE',  ( 2.881888159629999890, -12.36211117810000104, 4.888222585980000368 ) ) ;
#7282 = EDGE_CURVE ( 'NONE', #5110, #2661, #5739, .T. ) ;
#7283 = B_SPLINE_CURVE_WITH_KNOTS ( 'NONE', 3,
 ( #4505, #2605, #5243, #2009, #6636, #3859, #740, #586, #4630, #7250, #5994, #2212, #3456, #278, #3545, #6719, #4146, #4236, #6158, #5405, #8006, #6071, #237, #7965, #2900, #7445, #4710, #5530, #2085, #1477, #6115, #6035, #2814, #8047, #7490, #2171, #4753, #2858, #7363, #7323, #4796, #4842, #194, #4106, #3499, #1603, #823, #8129, #5446, #955, #7404, #5489, #784, #1560 ),
 .UNSPECIFIED., .F., .F.,
 ( 4, 1, 1, 2, 2, 1, 1, 1, 2, 2, 1, 1, 1, 2, 2, 2, 2, 2, 1, 2, 2, 1, 1, 2, 2, 1, 1, 1, 2, 2, 1, 1, 2, 2, 4 ),
 ( 0.000000000000000000, 0.06249999999999567013, 0.09374999999999350520, 0.1093749999999923950, 0.1249999999999912847, 0.1874999999999826805, 0.2187499999999783784, 0.2343749999999762967, 0.2421874999999752698, 0.2499999999999742151, 0.3124999999999739098, 0.3437499999999736877, 0.3593749999999736877, 0.3671874999999735767, 0.3749999999999734657, 0.4062499999999747979, 0.4374999999999761302, 0.4999999999999789058, 0.5312499999999802380, 0.5468749999999810152, 0.5624999999999816813, 0.5937499999999835687, 0.6093749999999840128, 0.6171874999999841238, 0.6249999999999842348, 0.6874999999999891198, 0.7187499999999926725, 0.7343749999999945599, 0.7421874999999954481, 0.7499999999999963363, 0.8125000000000008882, 0.8437500000000031086, 0.8593750000000043299, 0.8750000000000054401, 1.000000000000000000 ),
 .UNSPECIFIED. ) ;
#7284 = CARTESIAN_POINT ( 'NONE',  ( -8.799187878870000645, -15.55052783999999910, 5.187625650720000259 ) ) ;
#7285 = ADVANCED_FACE ( 'NONE', ( #236 ), #7489, .T. ) ;
#7286 = EDGE_LOOP ( 'NONE', ( #8, #1621, #4306, #3136 ) ) ;
#7287 = CARTESIAN_POINT ( 'NONE',  ( -19.48361158119999814, -21.47546892479999769, 4.815662978079999768 ) ) ;
#7288 = CARTESIAN_POINT ( 'NONE',  ( 2.685900370740000209, -18.30487685720000002, 10.30976600149999989 ) ) ;
#7289 = CARTESIAN_POINT ( 'NONE',  ( -15.35234851020000058, 2.423108317570000114, 24.39082595609999871 ) ) ;
#7290 = CARTESIAN_POINT ( 'NONE',  ( 2.143972051120000000, -14.26401627020000085, 23.70791692540000284 ) ) ;
#7291 = CARTESIAN_POINT ( 'NONE',  ( -23.89176879829999933, -21.32153268280000091, 19.47398696869999668 ) ) ;
#7292 = CARTESIAN_POINT ( 'NONE',  ( 2.186362437220000121, -3.868246691199999976, 4.799998427779999410 ) ) ;
#7293 = DIRECTION ( 'NONE',  ( 1.000000000000000000, 6.123233995739999133E-17, 6.123233995739999133E-17 ) ) ;
#7294 = EDGE_LOOP ( 'NONE', ( #4564, #3420, #6626, #7766 ) ) ;
#7295 = B_SPLINE_CURVE_WITH_KNOTS ( 'NONE', 5,
 ( #737, #2169, #865, #5992, #2342, #7532, #6892, #3074, #1601 ),
 .UNSPECIFIED., .F., .F.,
 ( 6, 3, 6 ),
 ( -14.26481738560000068, -7.347998567829999494, 0.000000000000000000 ),
 .UNSPECIFIED. ) ;
#7296 = CARTESIAN_POINT ( 'NONE',  ( -18.08153124080000040, 3.993805528609999822, 23.87836835320000262 ) ) ;
#7297 = CARTESIAN_POINT ( 'NONE',  ( 2.498073536300000175, 0.5713967495150000797, 9.246499583749999474 ) ) ;
#7298 = CARTESIAN_POINT ( 'NONE',  ( -24.83496793720000184, -21.28859544309999663, 5.012919679960000430 ) ) ;
#7299 = CARTESIAN_POINT ( 'NONE',  ( -17.10054916693481175, -21.98479467069998705, 4.576452210920665564 ) ) ;
#7300 = EDGE_CURVE ( 'NONE', #2661, #5921, #2898, .T. ) ;
#7301 = VERTEX_POINT ( 'NONE', #2812 ) ;
#7302 = CARTESIAN_POINT ( 'NONE',  ( -6.299189114509999854, -3.272214882780000167, 4.981818916559999977 ) ) ;
#7303 = CARTESIAN_POINT ( 'NONE',  ( -27.25914266777941108, -15.58475234750913963, 7.015332877239386811 ) ) ;
#7304 = VERTEX_POINT ( 'NONE', #8128 ) ;
#7305 = CARTESIAN_POINT ( 'NONE',  ( 3.042715800264461201, -5.468493974300685068, 5.064437984867995901 ) ) ;
#7306 = DIRECTION ( 'NONE',  ( 1.000000000000000000, -6.123233995740029948E-17, 2.985759393769999632E-16 ) ) ;
#7308 = ORIENTED_EDGE ( 'NONE', *, *, #5731, .T. ) ;
#7307 = CARTESIAN_POINT ( 'NONE',  ( -18.41531843250000122, -18.94390256610000023, 24.00618831799999953 ) ) ;
#7309 = CARTESIAN_POINT ( 'NONE',  ( -4.997433952439998883, 7.215205329249999799, 16.72917543059999801 ) ) ;
#7310 = CARTESIAN_POINT ( 'NONE',  ( -16.11761948357327157, 2.511133314887263435, 4.226110289000960307 ) ) ;
#7311 = CARTESIAN_POINT ( 'NONE',  ( -28.27793266030575836, 3.359439024972961985, 20.52163418956378749 ) ) ;
#7312 = CARTESIAN_POINT ( 'NONE',  ( -11.44710683600266599, 0.8152053292529890527, 22.14548024852214070 ) ) ;
#7313 = FACE_OUTER_BOUND ( 'NONE', #810, .T. ) ;
#7314 = EDGE_LOOP ( 'NONE', ( #1996, #4081, #1134, #7880 ) ) ;
#7315 = CARTESIAN_POINT ( 'NONE',  ( -16.74448277215486769, 3.666307123782968969, 4.371426221500656517 ) ) ;
#7316 = CARTESIAN_POINT ( 'NONE',  ( 2.355880253660000090, -18.13546849100000102, 8.764937430549998965 ) ) ;
#7317 = CARTESIAN_POINT ( 'NONE',  ( 2.498070954399999710, -13.88829282709999902, 23.70618916709999979 ) ) ;
#7318 = CARTESIAN_POINT ( 'NONE',  ( -17.34232733039999985, 3.942663591680000135, 24.08040722930000044 ) ) ;
#7319 = EDGE_CURVE ( 'NONE', #7225, #7808, #1209, .T. ) ;
#7320 = CARTESIAN_POINT ( 'NONE',  ( -8.023841819779999440, -14.63181060729999849, 4.903215055919999621 ) ) ;
#7321 = CARTESIAN_POINT ( 'NONE',  ( -18.11680907670000096, -18.85728193290000121, 4.672990220880000045 ) ) ;
#7322 = CARTESIAN_POINT ( 'NONE',  ( -4.353425745779999190, -0.3347946707400000221, 12.23483734050000038 ) ) ;
#7323 = CARTESIAN_POINT ( 'NONE',  ( -27.69782681182861594, -0.1644134661018836763, 21.14597903027137349 ) ) ;
#7324 = LINE ( 'NONE', #2126, #637 ) ;
#7325 = DIRECTION ( 'NONE',  ( 0.000000000000000000, 0.7071067811865474617, 0.7071067811865474617 ) ) ;
#7326 = CARTESIAN_POINT ( 'NONE',  ( -11.99967263498787595, 0.2973184133344352609, 5.030062479979420687 ) ) ;
#7327 = CARTESIAN_POINT ( 'NONE',  ( -12.36514221515350442, 0.5859097860031228233, 23.41184527476124799 ) ) ;
#7328 = CARTESIAN_POINT ( 'NONE',  ( -23.63549369109999887, 4.128434089739999813, 19.14593185420000054 ) ) ;
#7329 = ADVANCED_FACE ( 'NONE', ( #3585 ), #4928, .T. ) ;
#7330 = VERTEX_POINT ( 'NONE', #8348 ) ;
#7331 = CARTESIAN_POINT ( 'NONE',  ( -19.04076425639999925, 3.909889592989999496, 23.62134117499999775 ) ) ;
#7332 = CARTESIAN_POINT ( 'NONE',  ( -28.09569894539999879, 3.505138865650000213, 8.265683324470000315 ) ) ;
#7333 = LINE ( 'NONE', #1531, #4764 ) ;
#7334 = CARTESIAN_POINT ( 'NONE',  ( 2.368528854240000037, -3.201980508270000136, 23.50790025480000267 ) ) ;
#7335 = CIRCLE ( 'NONE', #6932, 8.070000000000000284 ) ;
#7336 = CARTESIAN_POINT ( 'NONE',  ( 2.731262391640000509, -15.01542165129999873, 22.64416308499999886 ) ) ;
#7337 = CARTESIAN_POINT ( 'NONE',  ( -27.89546081921849208, -16.37992388994704385, 7.651651028678466027 ) ) ;
#7338 = ORIENTED_EDGE ( 'NONE', *, *, #5348, .F. ) ;
#7339 = ORIENTED_EDGE ( 'NONE', *, *, #4964, .F. ) ;
#7340 = DIRECTION ( 'NONE',  ( 0.000000000000000000, -0.9993908270190955401, 0.03489949670250333535 ) ) ;
#7341 = CARTESIAN_POINT ( 'NONE',  ( -6.299189130319999386, -3.868247048659999798, 4.799998025759999898 ) ) ;
#7342 = CARTESIAN_POINT ( 'NONE',  ( -22.94102282759999767, -21.05455060039999893, 4.930242096490000669 ) ) ;
#7343 = CARTESIAN_POINT ( 'NONE',  ( -17.36064433920000027, 3.895919449059999984, 4.522727532580000265 ) ) ;
#7344 = FACE_OUTER_BOUND ( 'NONE', #2999, .T. ) ;
#7345 = CARTESIAN_POINT ( 'NONE',  ( -28.44380790079999954, 3.203276002289999980, 8.407105037030000005 ) ) ;
#7346 = EDGE_CURVE ( 'NONE', #8334, #7835, #8358, .T. ) ;
#7347 = CARTESIAN_POINT ( 'NONE',  ( -23.54089693690000118, 7.215205329249999799, 19.09425341180000402 ) ) ;
#7348 = CARTESIAN_POINT ( 'NONE',  ( -14.76507131800000039, -3.894591903559999846, 14.29999802579999901 ) ) ;
#7349 = B_SPLINE_CURVE_WITH_KNOTS ( 'NONE', 3,
 ( #5129, #1723, #6921, #1156, #1847, #6275, #4475, #6360, #4955, #1767, #1805, #4346, #2414, #7014 ),
 .UNSPECIFIED., .F., .F.,
 ( 4, 2, 2, 2, 2, 2, 4 ),
 ( 0.000000000000000000, 0.2500000000000006106, 0.3750000000000006661, 0.5000000000000007772, 0.6250000000000008882, 0.7500000000000008882, 1.000000000000000000 ),
 .UNSPECIFIED. ) ;
#7350 = EDGE_LOOP ( 'NONE', ( #3838, #6278, #7650, #3303 ) ) ;
#7351 = CARTESIAN_POINT ( 'NONE',  ( -24.83805996699999952, -21.28848746680000303, 23.68919205150000096 ) ) ;
#7352 = VERTEX_POINT ( 'NONE', #4970 ) ;
#7353 = CARTESIAN_POINT ( 'NONE',  ( 2.157722703700000189, 0.3723124643899999864, 8.626343539429999652 ) ) ;
#7354 = CARTESIAN_POINT ( 'NONE',  ( 2.572245890749999653, -18.15416768740000109, 9.225808190829999589 ) ) ;
#7355 = ORIENTED_EDGE ( 'NONE', *, *, #3018, .F. ) ;
#7356 = VECTOR ( 'NONE', #7109, 1000.000000000000114 ) ;
#7357 = CARTESIAN_POINT ( 'NONE',  ( -18.16291039669999918, -18.94616414720000108, 4.607965680260000418 ) ) ;
#7358 = CARTESIAN_POINT ( 'NONE',  ( -6.299189361289999844, -14.50844907399999961, 5.092891244570000531 ) ) ;
#7359 = CARTESIAN_POINT ( 'NONE',  ( -7.519695665779999594, -14.24003089719999871, 4.832025056380000017 ) ) ;
#7360 = VECTOR ( 'NONE', #5701, 1000.000000000000000 ) ;
#7361 = CARTESIAN_POINT ( 'NONE',  ( -12.84683463080000010, -18.33479467069999913, 5.299998025800000789 ) ) ;
#7362 = CARTESIAN_POINT ( 'NONE',  ( -23.96478101119999948, -22.28479467085999843, 14.30079563703999845 ) ) ;
#7363 = CARTESIAN_POINT ( 'NONE',  ( -27.76812008453736524, -0.2760295104890677087, 21.07568575756263485 ) ) ;
#7364 = CARTESIAN_POINT ( 'NONE',  ( 2.619375564760000330, -18.05367862359999975, 9.212661994879999483 ) ) ;
#7365 = CARTESIAN_POINT ( 'NONE',  ( -15.92646358659999883, 2.345535961939999581, 24.31020793429999927 ) ) ;
#7366 = AXIS2_PLACEMENT_3D ( 'NONE', #1631, #6877, #5037 ) ;
#7367 = EDGE_CURVE ( 'NONE', #3312, #3881, #490, .T. ) ;
#7368 = CARTESIAN_POINT ( 'NONE',  ( -14.27121460309999890, -18.48479404189999897, 22.78563853529999861 ) ) ;
#7369 = LINE ( 'NONE', #1524, #4487 ) ;
#7370 = CARTESIAN_POINT ( 'NONE',  ( -24.74697255859999956, 3.322261725379999753, 4.693124387470000158 ) ) ;
#7371 = EDGE_CURVE ( 'NONE', #7330, #1450, #242, .T. ) ;
#7372 = VERTEX_POINT ( 'NONE', #5062 ) ;
#7373 = CARTESIAN_POINT ( 'NONE',  ( -17.60926157829999994, 2.823220323160000156, 24.15612602430000067 ) ) ;
#7374 = CARTESIAN_POINT ( 'NONE',  ( 3.281474795599999883, 0.5051318163710000197, 12.67042421899999916 ) ) ;
#7375 = CARTESIAN_POINT ( 'NONE',  ( -25.01123505569999850, -21.24656107479999889, 4.920166128830000041 ) ) ;
#7376 = CARTESIAN_POINT ( 'NONE',  ( -11.56335992626097031, -18.48479467070000837, 22.19362523909629203 ) ) ;
#7377 = EDGE_CURVE ( 'NONE', #6522, #2761, #4814, .T. ) ;
#7378 = CARTESIAN_POINT ( 'NONE',  ( -17.18472682239999827, -21.98479488659999959, 24.00540264639999677 ) ) ;
#7379 = CARTESIAN_POINT ( 'NONE',  ( -27.50068834393071882, -17.71248186160936200, 7.256878553390700759 ) ) ;
#7380 = VERTEX_POINT ( 'NONE', #2343 ) ;
#7381 = ORIENTED_EDGE ( 'NONE', *, *, #2988, .F. ) ;
#7382 = CARTESIAN_POINT ( 'NONE',  ( -17.41327981379999912, -19.25035545980000151, 23.96741580539999816 ) ) ;
#7383 = CARTESIAN_POINT ( 'NONE',  ( 2.157726653690000163, -14.50844869719999863, 23.50710518380000380 ) ) ;
#7384 = DIRECTION ( 'NONE',  ( 0.000000000000000000, 1.000000000000000000, 0.000000000000000000 ) ) ;
#7385 = CARTESIAN_POINT ( 'NONE',  ( 2.157722789249999717, 0.3723123056720000212, 19.97365246440000419 ) ) ;
#7386 = CARTESIAN_POINT ( 'NONE',  ( -15.97528961759999966, 2.518760647400000163, 4.201115519620000072 ) ) ;
#7387 = CARTESIAN_POINT ( 'NONE',  ( -28.44380785719999949, 3.295429391509999917, 8.329084245369999806 ) ) ;
#7388 = DIRECTION ( 'NONE',  ( 6.123233995739999133E-17, 1.000000000000000000, 1.301554129509999901E-15 ) ) ;
#7389 = CARTESIAN_POINT ( 'NONE',  ( 2.603194848300000253, -0.3793141844949999841, 7.992017853459999266 ) ) ;
#7390 = ORIENTED_EDGE ( 'NONE', *, *, #7423, .F. ) ;
#7391 = PLANE ( 'NONE',  #8460 ) ;
#7392 = ORIENTED_EDGE ( 'NONE', *, *, #4882, .F. ) ;
#7393 = LINE ( 'NONE', #6025, #8037 ) ;
#7394 = EDGE_CURVE ( 'NONE', #5506, #285, #4738, .T. ) ;
#7395 = CARTESIAN_POINT ( 'NONE',  ( -24.75025500739999984, 3.621964342460000097, 4.898824220650000782 ) ) ;
#7396 = ORIENTED_EDGE ( 'NONE', *, *, #6573, .F. ) ;
#7397 = CARTESIAN_POINT ( 'NONE',  ( 2.814698416920000223, -6.065322385280000006, 23.79999803029999939 ) ) ;
#7398 = CARTESIAN_POINT ( 'NONE',  ( 2.164633821540000280, -18.33479342749999930, 19.42233569749999944 ) ) ;
#7399 = EDGE_CURVE ( 'NONE', #2353, #5839, #5252, .T. ) ;
#7400 = CARTESIAN_POINT ( 'NONE',  ( -24.74697255919999606, 3.622078967869999833, 23.60705441629999868 ) ) ;
#7401 = ADVANCED_FACE ( 'NONE', ( #2642, #2727, #1386 ), #4535, .T. ) ;
#7402 = CARTESIAN_POINT ( 'NONE',  ( -18.10133299579999999, -18.82657094559999678, 4.719834172579999709 ) ) ;
#7403 = DIRECTION ( 'NONE',  ( 3.667185336519999867E-18, 1.000000000000000000, 1.320727196930000051E-15 ) ) ;
#7404 = CARTESIAN_POINT ( 'NONE',  ( -27.09624263018215018, 0.2840718962488202881, 21.74756321191786412 ) ) ;
#7405 = CARTESIAN_POINT ( 'NONE',  ( -28.09569903849999761, -21.17472820379999732, 8.265683434359999637 ) ) ;
#7406 = CARTESIAN_POINT ( 'NONE',  ( -6.748437283635587036, 0.3701251331989632853, 19.99721580867621640 ) ) ;
#7407 = CARTESIAN_POINT ( 'NONE',  ( -12.40485483548330592, 0.2714938499317394727, 4.867533292692946212 ) ) ;
#7408 = CARTESIAN_POINT ( 'NONE',  ( -11.84518133760763448, 0.3529126625231689407, 23.42743736547405931 ) ) ;
#7409 = CARTESIAN_POINT ( 'NONE',  ( -14.76507131960000052, -21.98479467070000126, 14.29999802549999899 ) ) ;
#7410 = ORIENTED_EDGE ( 'NONE', *, *, #926, .T. ) ;
#7411 = B_SPLINE_CURVE_WITH_KNOTS ( 'NONE', 4,
 ( #4040, #5470, #8071, #6053, #178 ),
 .UNSPECIFIED., .F., .F.,
 ( 5, 5 ),
 ( 0.000000000000000000, 1.000000000000000000 ),
 .UNSPECIFIED. ) ;
#7412 = ORIENTED_EDGE ( 'NONE', *, *, #1948, .F. ) ;
#7413 = CARTESIAN_POINT ( 'NONE',  ( -6.523483018355716645, -18.04190088382173940, 8.626343001841387803 ) ) ;
#7414 = EDGE_CURVE ( 'NONE', #4806, #2353, #4704, .T. ) ;
#7415 = CARTESIAN_POINT ( 'NONE',  ( 2.186365939970000394, 0.6652053292599999779, 9.333449423990000327 ) ) ;
#7416 = CARTESIAN_POINT ( 'NONE',  ( -24.75224743519999748, -21.25450793129999738, 4.804706764970000599 ) ) ;
#7417 = ADVANCED_FACE ( 'NONE', ( #8435 ), #2422, .F. ) ;
#7418 = CARTESIAN_POINT ( 'NONE',  ( -13.04134486702016638, -18.48479467069998705, 5.957991415893349796 ) ) ;
#7419 = FACE_OUTER_BOUND ( 'NONE', #321, .T. ) ;
#7420 = CARTESIAN_POINT ( 'NONE',  ( -27.78684297373407475, -16.11542085230098209, 7.543033183194054025 ) ) ;
#7421 = ORIENTED_EDGE ( 'NONE', *, *, #4665, .F. ) ;
#7422 = CARTESIAN_POINT ( 'NONE',  ( -16.98490365200000340, -19.55289250479999907, 24.09444208120000397 ) ) ;
#7423 = EDGE_CURVE ( 'NONE', #4816, #5921, #396, .T. ) ;
#7424 = CARTESIAN_POINT ( 'NONE',  ( -25.45869587274274437, -0.4003295727610466370, 5.214886082202755624 ) ) ;
#7425 = CARTESIAN_POINT ( 'NONE',  ( -6.299189362029999906, -14.11550155819999830, 4.830840539520000476 ) ) ;
#7426 = DIRECTION ( 'NONE',  ( 1.000000000000000000, 0.000000000000000000, 0.000000000000000000 ) ) ;
#7427 = CARTESIAN_POINT ( 'NONE',  ( -4.663349585019999743, 7.215205329249999799, 13.94384608690000071 ) ) ;
#7428 = CARTESIAN_POINT ( 'NONE',  ( -16.57365159289999923, 2.372235478130000352, 4.289189409249999585 ) ) ;
#7429 = CARTESIAN_POINT ( 'NONE',  ( -28.30204930520000062, 3.462378049120000245, 8.228968548429998364 ) ) ;
#7430 = CARTESIAN_POINT ( 'NONE',  ( -19.87059726020000028, 7.215205329249999799, 22.97416930659999679 ) ) ;
#7431 = CARTESIAN_POINT ( 'NONE',  ( -17.01788497720000137, -18.33479467069999913, 23.29999802580000079 ) ) ;
#7432 = VERTEX_POINT ( 'NONE', #3977 ) ;
#7433 = CYLINDRICAL_SURFACE ( 'NONE', #4619, 9.199999999999999289 ) ;
#7434 = EDGE_CURVE ( 'NONE', #984, #1340, #3127, .T. ) ;
#7435 = CARTESIAN_POINT ( 'NONE',  ( -24.83806040099999990, 3.618898110110000399, 4.910804093589999475 ) ) ;
#7436 = CARTESIAN_POINT ( 'NONE',  ( -23.18893532420000270, -8.834794670750000023, 14.29999802579999901 ) ) ;
#7437 = B_SPLINE_SURFACE_WITH_KNOTS ( 'NONE', 5, 5, ( 
 ( #7385, #4779, #5428, #8025, #6140, #1499 ),
 ( #6742, #6094, #1541, #3819, #4951, #5153 ),
 ( #2565, #978, #5203, #7079, #2277, #4994 ),
 ( #7554, #5639, #8236, #7804, #7597, #386 ),
 ( #2369, #1673, #6520, #1830, #4297, #3610 ),
 ( #5552, #3904, #4458, #6916, #1922, #1630 ) ),
 .UNSPECIFIED., .F., .F., .F.,
 ( 6, 6 ),
 ( 6, 6 ),
 ( 3.232005407689999998, 3.857684788799999875 ),
 ( 0.000000000000000000, 0.5502330740340000137 ),
 .UNSPECIFIED. ) ;
#7438 = CARTESIAN_POINT ( 'NONE',  ( -7.638935324190000209, -8.834794670739999134, -0.5807631586870000140 ) ) ;
#7439 = CARTESIAN_POINT ( 'NONE',  ( -6.710283254730000202, -18.33479467069999913, 9.333448225180001501 ) ) ;
#7440 = CARTESIAN_POINT ( 'NONE',  ( -8.092134081300001114, -14.48864230090000049, 4.834391140040000145 ) ) ;
#7441 = CARTESIAN_POINT ( 'NONE',  ( -6.299189361209999838, -18.04190179509999936, 8.626343965669999392 ) ) ;
#7442 = CARTESIAN_POINT ( 'NONE',  ( -16.95602749000000031, 3.631090391239999882, 24.19683166389999940 ) ) ;
#7443 = B_SPLINE_CURVE_WITH_KNOTS ( 'NONE', 4,
 ( #1689, #3712, #1907, #4612, #2546 ),
 .UNSPECIFIED., .F., .F.,
 ( 5, 5 ),
 ( 0.000000000000000000, 74.24548748950000743 ),
 .UNSPECIFIED. ) ;
#7444 = CARTESIAN_POINT ( 'NONE',  ( -20.69314691976520137, -22.28479467089999844, 21.35949099196058754 ) ) ;
#7445 = CARTESIAN_POINT ( 'NONE',  ( -27.93161930607749355, -1.140122275992174306, 20.91218653602251720 ) ) ;
#7446 = CARTESIAN_POINT ( 'NONE',  ( -16.90065279190000425, 3.604333874479999977, 4.398160466439999361 ) ) ;
#7447 = CARTESIAN_POINT ( 'NONE',  ( -7.444297538820576321, 0.3536272812074965355, 20.17946073190405087 ) ) ;
#7448 = ADVANCED_FACE ( 'NONE', ( #7956 ), #5533, .F. ) ;
#7449 = CARTESIAN_POINT ( 'NONE',  ( -12.36514221518581280, 0.2770525782406338400, 4.879293569007678855 ) ) ;
#7450 = B_SPLINE_CURVE_WITH_KNOTS ( 'NONE', 5,
 ( #1446, #2266, #6775, #4899, #7504, #2141, #2184, #173, #4769 ),
 .UNSPECIFIED., .F., .F.,
 ( 6, 3, 6 ),
 ( 0.000000000000000000, 3.783836306410000017, 4.634585140150000449 ),
 .UNSPECIFIED. ) ;
#7451 = CARTESIAN_POINT ( 'NONE',  ( -12.07987603715401725, 0.4747786864145497887, 23.43233873425409186 ) ) ;
#7452 = FACE_OUTER_BOUND ( 'NONE', #1931, .T. ) ;
#7453 = VERTEX_POINT ( 'NONE', #1551 ) ;
#7454 = ORIENTED_EDGE ( 'NONE', *, *, #1024, .F. ) ;
#7455 = LINE ( 'NONE', #4765, #1850 ) ;
#7456 = CARTESIAN_POINT ( 'NONE',  ( -24.79435883480000058, 3.620424202660000201, 4.998289596429999371 ) ) ;
#7457 = CARTESIAN_POINT ( 'NONE',  ( -24.80676327800000180, -21.28958037150000138, 5.000662896780000644 ) ) ;
#7458 = CARTESIAN_POINT ( 'NONE',  ( -17.18472549020000173, -21.98479489109999818, 4.594593074499999652 ) ) ;
#7459 = CARTESIAN_POINT ( 'NONE',  ( 2.475446792550000108, -15.92275063209999963, 22.09280338140000310 ) ) ;
#7460 = CARTESIAN_POINT ( 'NONE',  ( -17.44226411880000072, 3.577347759919999870, 24.16195770410000065 ) ) ;
#7461 = VERTEX_POINT ( 'NONE', #5437 ) ;
#7462 = CARTESIAN_POINT ( 'NONE',  ( -17.72765814500000303, -19.25960799050000105, 24.01103723060000306 ) ) ;
#7463 = CARTESIAN_POINT ( 'NONE',  ( -25.74567460021087228, 0.005599247618197881679, 5.501864809670878209 ) ) ;
#7464 = CARTESIAN_POINT ( 'NONE',  ( -18.70654440899999926, 0.8152053292530000439, 4.699998026170000287 ) ) ;
#7465 = CARTESIAN_POINT ( 'NONE',  ( -27.81278961805514527, -16.16594122038536341, 21.03101622404484061 ) ) ;
#7466 = CARTESIAN_POINT ( 'NONE',  ( -6.545736975010000513, 7.215205329249999799, 20.10948876810000030 ) ) ;
#7467 = VECTOR ( 'NONE', #4894, 1000.000000000000000 ) ;
#7468 = CARTESIAN_POINT ( 'NONE',  ( -16.46681850440000261, 2.149633594770000045, 4.378688907089999915 ) ) ;
#7469 = CARTESIAN_POINT ( 'NONE',  ( -28.33723733449999926, 3.461298234770000093, 8.407104209289999019 ) ) ;
#7470 = DIRECTION ( 'NONE',  ( 0.000000000000000000, 1.000000000000000000, 1.337292262170000028E-15 ) ) ;
#7471 = CARTESIAN_POINT ( 'NONE',  ( 2.679176676300000004, -2.586429725539999946, 5.894532745380000271 ) ) ;
#7472 = PRODUCT_RELATED_PRODUCT_CATEGORY ( 'detail', '', ( #7509 ) ) ;
#7473 = CIRCLE ( 'NONE', #4053, 0.2999999999999996558 ) ;
#7474 = CARTESIAN_POINT ( 'NONE',  ( -24.94695043819999825, -21.28468492629999886, 23.61421341939999863 ) ) ;
#7475 = ORIENTED_EDGE ( 'NONE', *, *, #7800, .T. ) ;
#7476 = CARTESIAN_POINT ( 'NONE',  ( -16.64159487860374043, 3.617357400280827751, 4.349760623137228777 ) ) ;
#7477 = CARTESIAN_POINT ( 'NONE',  ( -24.77697507419999923, 3.621031256959999833, 4.993989316080000407 ) ) ;
#7478 = CARTESIAN_POINT ( 'NONE',  ( 3.199497448949999878, -11.26399306129999900, 23.63684523489999734 ) ) ;
#7479 = CARTESIAN_POINT ( 'NONE',  ( -17.75755158429999980, 1.555273683559999842, 24.11211634769999890 ) ) ;
#7480 = AXIS2_PLACEMENT_3D ( 'NONE', #203, #4025, #6725 ) ;
#7481 = DIRECTION ( 'NONE',  ( 0.05810079428862736234, 1.313797926658905013E-15, -0.9983107220214709754 ) ) ;
#7482 = ADVANCED_FACE ( 'NONE', ( #2204 ), #915, .F. ) ;
#7483 = CARTESIAN_POINT ( 'NONE',  ( -16.98490360889999806, -19.55289253480000156, 4.505553961400000418 ) ) ;
#7484 = B_SPLINE_CURVE_WITH_KNOTS ( 'NONE', 3,
 ( #3847, #7704, #4444, #7195, #2595, #2552 ),
 .UNSPECIFIED., .F., .F.,
 ( 4, 2, 4 ),
 ( 0.000000000000000000, 0.5000000000000000000, 1.000000000000000000 ),
 .UNSPECIFIED. ) ;
#7485 = ORIENTED_EDGE ( 'NONE', *, *, #5372, .T. ) ;
#7486 = CARTESIAN_POINT ( 'NONE',  ( -25.04415661159999829, 3.927062041530000158, 14.78166927560000055 ) ) ;
#7487 = AXIS2_PLACEMENT_3D ( 'NONE', #889, #7306, #6138 ) ;
#7488 = CARTESIAN_POINT ( 'NONE',  ( -18.19022785980000023, -18.99791458420000367, 4.595693842979999388 ) ) ;
#7489 = CYLINDRICAL_SURFACE ( 'NONE', #8181, 1.000000000000000000 ) ;
#7490 = CARTESIAN_POINT ( 'NONE',  ( -27.84387838289001493, -0.4338969015669904006, 20.99992745920998871 ) ) ;
#7491 = LINE ( 'NONE', #1001, #2840 ) ;
#7492 = CARTESIAN_POINT ( 'NONE',  ( -6.299189362029999906, -14.11550155819999830, 23.76915551200000110 ) ) ;
#7493 = CARTESIAN_POINT ( 'NONE',  ( -25.83493147900879094, -17.75255181940951843, 5.591121688468750683 ) ) ;
#7494 = CARTESIAN_POINT ( 'NONE',  ( -6.299189130319999386, -3.868247048659999798, 5.799998025759999898 ) ) ;
#7495 = VERTEX_POINT ( 'NONE', #5479 ) ;
#7496 = ORIENTED_EDGE ( 'NONE', *, *, #5817, .F. ) ;
#7497 = ORIENTED_EDGE ( 'NONE', *, *, #3517, .T. ) ;
#7498 = ORIENTED_EDGE ( 'NONE', *, *, #213, .T. ) ;
#7499 = CIRCLE ( 'NONE', #6554, 6.300000000749999884 ) ;
#7500 = PLANE ( 'NONE',  #3923 ) ;
#7501 = LINE ( 'NONE', #1615, #5734 ) ;
#7502 = CARTESIAN_POINT ( 'NONE',  ( -25.51673896058451874, -0.2861862484154240049, 23.32706688151547425 ) ) ;
#7503 = CARTESIAN_POINT ( 'NONE',  ( -25.44373724898563083, -17.23569243755733993, 23.40006859311435150 ) ) ;
#7504 = CARTESIAN_POINT ( 'NONE',  ( -7.312401579629999482, -13.88372232610000090, 23.79999802580000079 ) ) ;
#7505 = B_SPLINE_CURVE_WITH_KNOTS ( 'NONE', 3,
 ( #2456, #2927, #4343, #3569, #7687, #5724, #3742, #979, #1802, #5553, #6357, #8237, #5679, #2371, #387, #938, #2278, #4952, #8277, #7555 ),
 .UNSPECIFIED., .F., .F.,
 ( 4, 2, 1, 2, 2, 2, 2, 1, 2, 2, 4 ),
 ( 0.000000000000000000, 0.1249999999999965583, 0.1874999999999955036, 0.2187499999999956979, 0.2499999999999958922, 0.4999999999999944489, 0.6249999999999944489, 0.6874999999999951150, 0.7187499999999962252, 0.7499999999999972244, 1.000000000000000000 ),
 .UNSPECIFIED. ) ;
#7506 = CARTESIAN_POINT ( 'NONE',  ( -27.51732358934566847, -17.69766788352211506, 7.273513798805641528 ) ) ;
#7507 = ORIENTED_EDGE ( 'NONE', *, *, #7534, .F. ) ;
#7508 = ORIENTED_EDGE ( 'NONE', *, *, #6066, .F. ) ;
#7509 = PRODUCT ( 'z-1camera', 'z-1camera', '', ( #4174 ) ) ;
#7510 = ORIENTED_EDGE ( 'NONE', *, *, #4076, .F. ) ;
#7511 = CARTESIAN_POINT ( 'NONE',  ( 3.358041570053754477, -18.08479624195220126, 14.71787494090153459 ) ) ;
#7512 = CARTESIAN_POINT ( 'NONE',  ( -18.68179417449999846, -18.48479467069999771, 23.87997518799999952 ) ) ;
#7513 = CARTESIAN_POINT ( 'NONE',  ( -8.023940657809999877, -18.23157666510000041, 8.502901810729998289 ) ) ;
#7514 = CARTESIAN_POINT ( 'NONE',  ( -27.00754493648678434, -17.98303310518885922, 21.83626090561320154 ) ) ;
#7515 = CARTESIAN_POINT ( 'NONE',  ( 2.633219223360000250, -13.87137432949999827, 5.080600801079999229 ) ) ;
#7516 = FACE_OUTER_BOUND ( 'NONE', #3633, .T. ) ;
#7517 = FACE_OUTER_BOUND ( 'NONE', #5874, .T. ) ;
#7518 = CARTESIAN_POINT ( 'NONE',  ( -24.80676358699999895, 3.619991019169999547, 23.59933301730000110 ) ) ;
#7519 = CARTESIAN_POINT ( 'NONE',  ( 2.508016223340000295, -0.3460206074230000040, 7.947072045799998818 ) ) ;
#7520 = ADVANCED_FACE ( 'NONE', ( #3489 ), #2850, .T. ) ;
#7521 = CARTESIAN_POINT ( 'NONE',  ( -25.01123550149999986, -21.24656106209999962, 23.67982926749999706 ) ) ;
#7522 = ORIENTED_EDGE ( 'NONE', *, *, #3025, .T. ) ;
#7523 = CARTESIAN_POINT ( 'NONE',  ( -8.381135611899999560, -2.494534675460000184, 23.44650423419999896 ) ) ;
#7524 = CARTESIAN_POINT ( 'NONE',  ( -16.87392679299999898, 3.711015471820000133, 4.396927879390000626 ) ) ;
#7525 = CARTESIAN_POINT ( 'NONE',  ( -25.45869586802308149, -1.469259758471023414, 23.38510997407692216 ) ) ;
#7526 = CARTESIAN_POINT ( 'NONE',  ( -18.98474684160000336, -18.60380209450000066, 4.581931163320000167 ) ) ;
#7527 = CARTESIAN_POINT ( 'NONE',  ( -19.26638654459999955, 4.288545054450000116, 23.34392587259999630 ) ) ;
#7528 = CARTESIAN_POINT ( 'NONE',  ( -8.914504765250001128, -18.33479467069999913, 8.494635961089999299 ) ) ;
#7529 = ADVANCED_FACE ( 'NONE', ( #5519 ), #7578, .T. ) ;
#7530 = DIRECTION ( 'NONE',  ( -0.05810079428862736234, 1.224510688924804799E-15, -0.9983107220214709754 ) ) ;
#7531 = PLANE ( 'NONE',  #2428 ) ;
#7532 = CARTESIAN_POINT ( 'NONE',  ( 2.860524230259999801, -18.33479467069999913, 12.41017701620000047 ) ) ;
#7533 = DIRECTION ( 'NONE',  ( 0.000000000000000000, -1.000000000000000000, 0.000000000000000000 ) ) ;
#7534 = EDGE_CURVE ( 'NONE', #7808, #3985, #3064, .T. ) ;
#7535 = CARTESIAN_POINT ( 'NONE',  ( -27.89639237098902669, -1.286185906333696005, 7.652582580449021954 ) ) ;
#7536 = CARTESIAN_POINT ( 'NONE',  ( -11.73446215080000066, 0.2775778198530000629, 23.41237037069999971 ) ) ;
#7537 = CARTESIAN_POINT ( 'NONE',  ( -8.427625181269215560, 0.3079135799083457248, 20.68201353126742248 ) ) ;
#7538 = CARTESIAN_POINT ( 'NONE',  ( -26.34946182896196731, -15.45975880371372035, 6.105652038421940375 ) ) ;
#7539 = CARTESIAN_POINT ( 'NONE',  ( -8.023940657880000771, 0.5619873236560000151, 20.09709424069999883 ) ) ;
#7540 = ORIENTED_EDGE ( 'NONE', *, *, #1619, .F. ) ;
#7541 = ORIENTED_EDGE ( 'NONE', *, *, #1100, .F. ) ;
#7542 = CARTESIAN_POINT ( 'NONE',  ( -17.76273399190000291, 2.072482653629999838, 24.15076664950000307 ) ) ;
#7543 = PLANE ( 'NONE',  #907 ) ;
#7544 = CARTESIAN_POINT ( 'NONE',  ( -25.48570845843001109, -0.3440811289142294283, 23.35809738367000321 ) ) ;
#7545 = CARTESIAN_POINT ( 'NONE',  ( -25.73627914859227417, -15.79969261000153224, 23.10752669350770461 ) ) ;
#7546 = CARTESIAN_POINT ( 'NONE',  ( -28.39443947859999895, -21.05750987040000055, 8.263141516090000138 ) ) ;
#7547 = CARTESIAN_POINT ( 'NONE',  ( -12.52136751340000131, -18.15517776779999792, 4.894729373479999701 ) ) ;
#7548 = CARTESIAN_POINT ( 'NONE',  ( -15.35381834130000023, 2.461491671900000178, 4.183914854279999318 ) ) ;
#7549 = ORIENTED_EDGE ( 'NONE', *, *, #6414, .F. ) ;
#7550 = CARTESIAN_POINT ( 'NONE',  ( -18.13288935579999972, 4.187822707169999603, 4.758602215959999882 ) ) ;
#7551 = CARTESIAN_POINT ( 'NONE',  ( -25.85812461714111521, -1.970866683624658888, 5.614314826601108699 ) ) ;
#7552 = CARTESIAN_POINT ( 'NONE',  ( 2.583104267990000036, 0.3672203840350000137, 9.053267845300000616 ) ) ;
#7553 = CARTESIAN_POINT ( 'NONE',  ( -27.05957642003281194, -17.96666507700028603, 21.78422942206715973 ) ) ;
#7554 = CARTESIAN_POINT ( 'NONE',  ( 2.150086876439999628, 0.6348674553559999767, 19.57926757099999904 ) ) ;
#7555 = CARTESIAN_POINT ( 'NONE',  ( 2.590735822519999676, -3.385928089440000122, 23.36783903490000114 ) ) ;
#7556 = CARTESIAN_POINT ( 'NONE',  ( -18.97904111580000119, 1.004493916689999988, 4.491703783120000182 ) ) ;
#7557 = CARTESIAN_POINT ( 'NONE',  ( -18.16291068539999998, -18.94616472150000064, 23.99203038950000177 ) ) ;
#7558 = CARTESIAN_POINT ( 'NONE',  ( -23.18893532339999908, -15.69522777558236193, 21.40108728983260988 ) ) ;
#7559 = ORIENTED_EDGE ( 'NONE', *, *, #6991, .F. ) ;
#7560 = ADVANCED_FACE ( 'NONE', ( #2332 ), #7653, .T. ) ;
#7561 = B_SPLINE_CURVE_WITH_KNOTS ( 'NONE', 3,
 ( #6021, #149, #7992, #2762 ),
 .UNSPECIFIED., .F., .F.,
 ( 4, 4 ),
 ( 0.000000000000000000, 2.759482102330000242 ),
 .UNSPECIFIED. ) ;
#7562 = EDGE_LOOP ( 'NONE', ( #2792, #1666, #304, #7570, #3687, #4502, #4091, #6671, #2258, #2057, #7867, #7051, #2963 ) ) ;
#7563 = CARTESIAN_POINT ( 'NONE',  ( -9.068535593400000039, -2.448943062630000167, 23.75843467079999982 ) ) ;
#7564 = CARTESIAN_POINT ( 'NONE',  ( -23.18893532339999908, -1.589499345228172267, 7.535920330620537122 ) ) ;
#7565 = CARTESIAN_POINT ( 'NONE',  ( -21.77985716899999957, -21.45245862899999878, 21.98312940819999994 ) ) ;
#7566 = CARTESIAN_POINT ( 'NONE',  ( -18.91161189775132101, 0.8152191802933020925, 24.05023601368675301 ) ) ;
#7567 = CARTESIAN_POINT ( 'NONE',  ( 2.579766478580000300, -3.443046357480000097, 5.175668884690000304 ) ) ;
#7568 = DIRECTION ( 'NONE',  ( -6.123233995739999133E-17, -1.000000000000000000, -1.301554129509999901E-15 ) ) ;
#7569 = CARTESIAN_POINT ( 'NONE',  ( 2.603207168289999984, -0.3793052748890000103, 20.60796885209999729 ) ) ;
#7570 = ORIENTED_EDGE ( 'NONE', *, *, #5922, .T. ) ;
#7571 = CARTESIAN_POINT ( 'NONE',  ( -17.03141975059999780, 2.145031510349999948, 24.22331187070000169 ) ) ;
#7572 = CARTESIAN_POINT ( 'NONE',  ( -17.83537942569999757, 1.699302824979999960, 4.451766236850000169 ) ) ;
#7573 = CARTESIAN_POINT ( 'NONE',  ( -14.76507131800000039, 7.215205329249999799, 14.29999802579999901 ) ) ;
#7574 = CARTESIAN_POINT ( 'NONE',  ( -7.983757033203296771, 0.3312300748406985518, 8.174719067751889057 ) ) ;
#7575 = CARTESIAN_POINT ( 'NONE',  ( 2.463939954720000269, -3.251510806789999819, 23.47721416790000148 ) ) ;
#7576 = CARTESIAN_POINT ( 'NONE',  ( -24.94380781569999783, 3.615205329249999711, 14.29999802579999901 ) ) ;
#7577 = CARTESIAN_POINT ( 'NONE',  ( -6.299189361209999838, 0.3723124540099999602, 19.97365208549999949 ) ) ;
#7578 = B_SPLINE_SURFACE_WITH_KNOTS ( 'NONE', 3, 5, ( 
 ( #6843, #945, #8119, #2242, #3576, #6188 ),
 ( #1638, #306, #5396, #2935, #5562, #2288 ),
 ( #4917, #7524, #4264, #154, #8202, #2418 ),
 ( #5686, #394, #2464, #525, #1851, #5646 ) ),
 .UNSPECIFIED., .F., .F., .F.,
 ( 4, 4 ),
 ( 6, 6 ),
 ( 1.030492208370000107, 1.831234314300000054 ),
 ( 0.000000000000000000, 0.1250615347779999997 ),
 .UNSPECIFIED. ) ;
#7579 = CARTESIAN_POINT ( 'NONE',  ( -15.69949982420000190, -20.03678429800000060, 4.299680482770000367 ) ) ;
#7580 = CARTESIAN_POINT ( 'NONE',  ( -8.236784229399999546, 0.6652053292599999779, 19.65008754389999979 ) ) ;
#7581 = ORIENTED_EDGE ( 'NONE', *, *, #2435, .T. ) ;
#7582 = CARTESIAN_POINT ( 'NONE',  ( -21.18893532420000270, 0.6652053299949999277, 8.463966529789999527 ) ) ;
#7583 = CARTESIAN_POINT ( 'NONE',  ( -24.95757795967804071, 4.080414604016045388, 13.91091108081147532 ) ) ;
#7584 = CARTESIAN_POINT ( 'NONE',  ( -23.96478101119999948, -21.98479467019999944, 14.30079563720000380 ) ) ;
#7585 = CARTESIAN_POINT ( 'NONE',  ( -26.19137299963188426, -17.95366123903334099, 22.65243284246808386 ) ) ;
#7586 = CARTESIAN_POINT ( 'NONE',  ( -28.15427770140000163, -21.17268259189999924, 8.375687349130000570 ) ) ;
#7587 = EDGE_CURVE ( 'NONE', #7057, #1351, #1003, .T. ) ;
#7588 = DIRECTION ( 'NONE',  ( 0.000000000000000000, 1.000000000000000000, 1.295942416949999935E-15 ) ) ;
#7589 = ORIENTED_EDGE ( 'NONE', *, *, #5998, .T. ) ;
#7590 = CARTESIAN_POINT ( 'NONE',  ( -16.67384973202218035, -19.62053325277267746, 24.07836325505748576 ) ) ;
#7591 = ORIENTED_EDGE ( 'NONE', *, *, #8229, .T. ) ;
#7592 = CARTESIAN_POINT ( 'NONE',  ( 3.358062369953628057, -18.08479309913438371, 13.88284964888648787 ) ) ;
#7593 = CARTESIAN_POINT ( 'NONE',  ( -12.53595017620000185, 0.6326114364700000658, 5.083619235129999581 ) ) ;
#7594 = ORIENTED_EDGE ( 'NONE', *, *, #4737, .F. ) ;
#7595 = DIRECTION ( 'NONE',  ( 6.505213034918866541E-15, 0.000000000000000000, -1.000000000000000000 ) ) ;
#7596 = PLANE ( 'NONE',  #3378 ) ;
#7597 = CARTESIAN_POINT ( 'NONE',  ( 2.530913913880000088, 0.4583000337659999812, 19.56991512119999754 ) ) ;
#7598 = ORIENTED_EDGE ( 'NONE', *, *, #2133, .F. ) ;
#7599 = DIRECTION ( 'NONE',  ( 1.000000000000000000, 0.000000000000000000, 8.657955942669998310E-17 ) ) ;
#7600 = CARTESIAN_POINT ( 'NONE',  ( 2.590735491140000235, -3.385927820690000090, 5.232156508569999254 ) ) ;
#7601 = CARTESIAN_POINT ( 'NONE',  ( -17.44599270009999969, 3.720885241850000469, 24.12519060249999825 ) ) ;
#7602 = CARTESIAN_POINT ( 'NONE',  ( -8.961216726509999120, -2.317504828370000158, 23.67523515990000149 ) ) ;
#7603 = ORIENTED_EDGE ( 'NONE', *, *, #4405, .T. ) ;
#7604 = ORIENTED_EDGE ( 'NONE', *, *, #3790, .T. ) ;
#7605 = CARTESIAN_POINT ( 'NONE',  ( -18.39322852489999960, 1.318641524850000080, 24.12874929520000222 ) ) ;
#7606 = CARTESIAN_POINT ( 'NONE',  ( -24.74859911290000269, -21.29161150890000087, 11.01124880340000090 ) ) ;
#7607 = EDGE_CURVE ( 'NONE', #2067, #7835, #8245, .T. ) ;
#7608 = CARTESIAN_POINT ( 'NONE',  ( -28.29736120689999979, 3.205321616650000038, 8.053551416380001271 ) ) ;
#7609 = CARTESIAN_POINT ( 'NONE',  ( -18.54807514899999532, -18.72986578140000091, 4.601350610189999912 ) ) ;
#7610 = CARTESIAN_POINT ( 'NONE',  ( 2.254902576979999740, -3.543959538559999789, 4.836374793260000082 ) ) ;
#7611 = CARTESIAN_POINT ( 'NONE',  ( -8.103935323660000023, 0.3723121104470000220, 8.626343622500000308 ) ) ;
#7612 = CARTESIAN_POINT ( 'NONE',  ( -17.22930004869999721, 2.021723954880000118, 4.406764012559999166 ) ) ;
#7613 = VERTEX_POINT ( 'NONE', #6281 ) ;
#7614 = CARTESIAN_POINT ( 'NONE',  ( -16.79489227710000065, 2.141091763930000003, 24.25927000020000079 ) ) ;
#7615 = CARTESIAN_POINT ( 'NONE',  ( -24.42984925679999719, 3.803240109499999910, 17.83497644980000274 ) ) ;
#7616 = CARTESIAN_POINT ( 'NONE',  ( -21.18893532339999908, -10.15044756439999851, 4.568874989330000247 ) ) ;
#7617 = CARTESIAN_POINT ( 'NONE',  ( -7.723543748800279829, 0.3430438701900077603, 8.304265603161836040 ) ) ;
#7618 = CONICAL_SURFACE ( 'NONE', #3933, 0.9999999999991022737, 0.7853981633970000820 ) ;
#7619 = CARTESIAN_POINT ( 'NONE',  ( -27.00754494012363693, 0.3134437626672085253, 6.763735149583630424 ) ) ;
#7620 = CARTESIAN_POINT ( 'NONE',  ( 2.307816296960000013, -13.78130279400000013, 4.799998034159998817 ) ) ;
#7621 = CARTESIAN_POINT ( 'NONE',  ( -21.18893532419028602, -21.36937087565316773, 4.698770709432361414 ) ) ;
#7622 = CARTESIAN_POINT ( 'NONE',  ( -15.34827054780000033, -20.03678429800000060, 4.279239251909999986 ) ) ;
#7623 = VECTOR ( 'NONE', #4582, 1000.000000000000000 ) ;
#7624 = AXIS2_PLACEMENT_3D ( 'NONE', #6505, #5977, #4656 ) ;
#7625 = CARTESIAN_POINT ( 'NONE',  ( 2.186362437220000121, -13.80134265029999874, 23.79999762370000127 ) ) ;
#7626 = EDGE_LOOP ( 'NONE', ( #1212, #829, #3993, #1859 ) ) ;
#7627 = CARTESIAN_POINT ( 'NONE',  ( -24.23781902570000213, -21.62576148759999839, 17.84545055019999893 ) ) ;
#7628 = CARTESIAN_POINT ( 'NONE',  ( -8.103935323660000023, 0.1652053292599999779, 4.799998025759999898 ) ) ;
#7629 = AXIS2_PLACEMENT_3D ( 'NONE', #587, #8400, #2520 ) ;
#7630 = CARTESIAN_POINT ( 'NONE',  ( -24.10636201039999804, -21.31403892260000177, 9.526111499479998912 ) ) ;
#7631 = CARTESIAN_POINT ( 'NONE',  ( -25.45869585911882638, -17.26925973927183122, 23.38510998298114529 ) ) ;
#7632 = FACE_OUTER_BOUND ( 'NONE', #5017, .T. ) ;
#7633 = ORIENTED_EDGE ( 'NONE', *, *, #1688, .T. ) ;
#7634 = CARTESIAN_POINT ( 'NONE',  ( -11.98279315900000164, -18.00839880679999894, 5.044930918600000425 ) ) ;
#7635 = EDGE_CURVE ( 'NONE', #5970, #1382, #4036, .T. ) ;
#7636 = CARTESIAN_POINT ( 'NONE',  ( -12.25236044110000044, -18.04216972030000221, 23.66854977590000075 ) ) ;
#7637 = AXIS2_PLACEMENT_3D ( 'NONE', #6192, #904, #5608 ) ;
#7638 = VERTEX_POINT ( 'NONE', #5001 ) ;
#7639 = CARTESIAN_POINT ( 'NONE',  ( -9.299189361799999887, -18.33479467069999913, 8.196638257630000979 ) ) ;
#7640 = CARTESIAN_POINT ( 'NONE',  ( -12.84683463049999830, 0.1652053292599999779, 4.799998025759999898 ) ) ;
#7641 = CARTESIAN_POINT ( 'NONE',  ( -8.608598051459999567, -18.29716796569999815, 8.311975887370000038 ) ) ;
#7642 = CARTESIAN_POINT ( 'NONE',  ( -27.82917632735415836, -17.27083447395519755, 21.01462951474580976 ) ) ;
#7643 = EDGE_CURVE ( 'NONE', #3803, #3321, #333, .T. ) ;
#7644 = CARTESIAN_POINT ( 'NONE',  ( -11.33403654954651607, 0.8152053292530088147, 6.885672667130485536 ) ) ;
#7645 = CARTESIAN_POINT ( 'NONE',  ( -23.63889317900000009, 3.978020673959999254, 19.15066506239999811 ) ) ;
#7646 = CARTESIAN_POINT ( 'NONE',  ( -11.60572636990682405, -20.17217398529998817, 4.698899510032711113 ) ) ;
#7647 = VECTOR ( 'NONE', #96, 1000.000000000000227 ) ;
#7648 = CARTESIAN_POINT ( 'NONE',  ( -26.47637157029999599, -15.43479467070000055, 6.399998025760002207 ) ) ;
#7649 = B_SPLINE_CURVE_WITH_KNOTS ( 'NONE', 3,
 ( #3888, #5938, #6504, #2676 ),
 .UNSPECIFIED., .F., .F.,
 ( 4, 4 ),
 ( 1.663993669339999926, 4.224668129849999509 ),
 .UNSPECIFIED. ) ;
#7650 = ORIENTED_EDGE ( 'NONE', *, *, #6379, .F. ) ;
#7651 = LINE ( 'NONE', #1637, #1311 ) ;
#7652 = ORIENTED_EDGE ( 'NONE', *, *, #190, .F. ) ;
#7653 = CYLINDRICAL_SURFACE ( 'NONE', #3265, 1.000000000000000888 ) ;
#7654 = CARTESIAN_POINT ( 'NONE',  ( -18.91154095869999807, -21.49544607140000352, 23.92614032359999854 ) ) ;
#7655 = EDGE_LOOP ( 'NONE', ( #2018, #2350, #7044, #7268 ) ) ;
#7656 = CARTESIAN_POINT ( 'NONE',  ( -18.29300121489999853, -18.72130231869999761, 4.720153067670000091 ) ) ;
#7657 = CARTESIAN_POINT ( 'NONE',  ( -8.103935323660000023, -18.04190179509999936, 8.626343965689999393 ) ) ;
#7658 = DIRECTION ( 'NONE',  ( 1.000000000000000000, 0.000000000000000000, 0.000000000000000000 ) ) ;
#7659 = B_SPLINE_CURVE_WITH_KNOTS ( 'NONE', 3,
 ( #917, #5369, #1482, #8133, #1563, #7407, #7449, #4716, #744, #788, #6119, #3373, #7968, #6681, #2088, #244, #2863, #828, #7326, #281, #1434, #164, #5492 ),
 .UNSPECIFIED., .F., .F.,
 ( 4, 2, 2, 1, 1, 2, 2, 2, 1, 1, 1, 2, 2, 4 ),
 ( 0.000000000000000000, 0.2500000000000617839, 0.3750000000000904277, 0.4375000000001026401, 0.4687500000001084133, 0.4843750000001133538, 0.5000000000001183498, 0.6250000000001570966, 0.6875000000001768585, 0.7187500000001868505, 0.7343750000001905143, 0.7421875000001905143, 0.7500000000001906253, 1.000000000000000000 ),
 .UNSPECIFIED. ) ;
#7660 = CARTESIAN_POINT ( 'NONE',  ( -17.25271125289999929, 2.894864834769999895, 4.424431574979999837 ) ) ;
#7661 = CARTESIAN_POINT ( 'NONE',  ( -17.15863098589999680, -19.35104560519999950, 23.96448672860000073 ) ) ;
#7662 = CARTESIAN_POINT ( 'NONE',  ( -16.98490363940000236, -19.55289261049999894, 24.09444196789999992 ) ) ;
#7663 = CARTESIAN_POINT ( 'NONE',  ( 2.597646693300000198, -18.05287663280000032, 9.133315011790001492 ) ) ;
#7664 = CARTESIAN_POINT ( 'NONE',  ( -20.33251321406564216, -21.91896611247493354, 5.767379377917865035 ) ) ;
#7665 = CARTESIAN_POINT ( 'NONE',  ( 2.368528854240000037, -3.201980508270000136, 23.50790025480000267 ) ) ;
#7666 = CARTESIAN_POINT ( 'NONE',  ( 2.731442217124277594, -0.7556508408297432089, 7.854145906325362247 ) ) ;
#7667 = CARTESIAN_POINT ( 'NONE',  ( -16.09019681116663847, 2.518094937772104025, 24.37728440239054351 ) ) ;
#7668 = VERTEX_POINT ( 'NONE', #6884 ) ;
#7669 = CARTESIAN_POINT ( 'NONE',  ( -25.43918557924225610, -17.22606864396506765, 5.195375788702231823 ) ) ;
#7670 = CARTESIAN_POINT ( 'NONE',  ( -9.299187467430000353, 0.6652053292599999779, 20.40336011420000162 ) ) ;
#7671 = ORIENTED_EDGE ( 'NONE', *, *, #5501, .T. ) ;
#7672 = ORIENTED_EDGE ( 'NONE', *, *, #2558, .T. ) ;
#7673 = CARTESIAN_POINT ( 'NONE',  ( -23.70566072800000157, -21.38471164000000257, 19.19234031639999927 ) ) ;
#7674 = CARTESIAN_POINT ( 'NONE',  ( 2.352717005480000179, -18.21131556420000308, 19.72057714400000350 ) ) ;
#7675 = CARTESIAN_POINT ( 'NONE',  ( -26.64380781629999717, 0.3652053299980000389, 22.19999802579999937 ) ) ;
#7676 = CARTESIAN_POINT ( 'NONE',  ( -25.35949764941715756, -16.93788069072562763, 23.48430819268283187 ) ) ;
#7677 = CARTESIAN_POINT ( 'NONE',  ( -28.40842345329999930, -21.05717211320000004, 8.335130573220000727 ) ) ;
#7678 = CARTESIAN_POINT ( 'NONE',  ( -23.04457597460000073, 4.150088390089999635, 20.22602220609999790 ) ) ;
#7679 = CARTESIAN_POINT ( 'NONE',  ( -11.73446219480000074, -17.94716710639999846, 23.41237046150000012 ) ) ;
#7680 = PERSON_AND_ORGANIZATION ( #18446744073709551615, #18446744073709551615 ) ;
#7681 = ORIENTED_EDGE ( 'NONE', *, *, #247, .T. ) ;
#7682 = CARTESIAN_POINT ( 'NONE',  ( 2.619375564760000330, -18.05367916199999812, 9.212664631240000901 ) ) ;
#7683 = CARTESIAN_POINT ( 'NONE',  ( -12.53595017620000185, 0.3815841120410000120, 4.832591910699999715 ) ) ;
#7684 = ORIENTED_EDGE ( 'NONE', *, *, #8229, .F. ) ;
#7685 = FACE_OUTER_BOUND ( 'NONE', #4115, .T. ) ;
#7686 = CARTESIAN_POINT ( 'NONE',  ( -26.64380781629999717, -15.43479467070000055, 22.19999802579999937 ) ) ;
#7687 = CARTESIAN_POINT ( 'NONE',  ( 2.695210030869236828, -0.4148864207527647174, 20.40287436522776332 ) ) ;
#7688 = CARTESIAN_POINT ( 'NONE',  ( -17.78270735239999922, 1.600913800010000054, 4.462862623089999481 ) ) ;
#7689 = CARTESIAN_POINT ( 'NONE',  ( -16.64161113470000330, 3.617351738730000044, 24.25023321830000000 ) ) ;
#7690 = B_SPLINE_CURVE_WITH_KNOTS ( 'NONE', 5,
 ( #7243, #7197, #1913, #2597, #5235, #4536 ),
 .UNSPECIFIED., .F., .F.,
 ( 6, 6 ),
 ( 4.516535336639999620, 5.610846631070000257 ),
 .UNSPECIFIED. ) ;
#7691 = CARTESIAN_POINT ( 'NONE',  ( -8.799189175469999569, -2.119062412510000382, 23.41237044029999836 ) ) ;
#7692 = EDGE_CURVE ( 'NONE', #6280, #1340, #986, .T. ) ;
#7693 = ORIENTED_EDGE ( 'NONE', *, *, #862, .F. ) ;
#7694 = CARTESIAN_POINT ( 'NONE',  ( -19.24737436359999876, 0.8152053290290001142, 24.09892186529999947 ) ) ;
#7695 = CARTESIAN_POINT ( 'NONE',  ( -23.18893532339999197, -2.234794670746000911, 6.570167627829444079 ) ) ;
#7696 = CARTESIAN_POINT ( 'NONE',  ( -26.19137299906324401, -2.153661236592796957, 22.65243284303675608 ) ) ;
#7697 = CARTESIAN_POINT ( 'NONE',  ( -18.91882756609999916, -18.49870638440000192, 4.594189249170000267 ) ) ;
#7698 = CARTESIAN_POINT ( 'NONE',  ( 2.355880253660000090, -3.299734075529999977, 4.999324205540000676 ) ) ;
#7699 = CARTESIAN_POINT ( 'NONE',  ( -20.21815484379999717, 0.8152053289270000391, 24.06502146389999908 ) ) ;
#7700 = CARTESIAN_POINT ( 'NONE',  ( -17.10750730460000213, -18.48479682339999997, 5.696143974509999985 ) ) ;
#7701 = EDGE_CURVE ( 'NONE', #4540, #1351, #6977, .T. ) ;
#7702 = CARTESIAN_POINT ( 'NONE',  ( -24.81337197430000074, 4.085270720350000495, 11.47783709660000007 ) ) ;
#7703 = EDGE_LOOP ( 'NONE', ( #7757, #2908, #3357 ) ) ;
#7704 = CARTESIAN_POINT ( 'NONE',  ( -9.203082278309604902, -18.33479467069999913, 20.52106184402183686 ) ) ;
#7705 = CARTESIAN_POINT ( 'NONE',  ( -12.36514221519259316, -17.94664191971555312, 23.72070248256914837 ) ) ;
#7706 = CARTESIAN_POINT ( 'NONE',  ( -27.42949101671023371, 0.1012773421205124952, 7.185681226170229863 ) ) ;
#7707 = CARTESIAN_POINT ( 'NONE',  ( -18.84756376950000245, -18.38120045720000206, 23.88014469440000198 ) ) ;
#7708 = CARTESIAN_POINT ( 'NONE',  ( -15.95110762040558328, 2.549906425764805196, 24.39352603922574758 ) ) ;
#7709 = CARTESIAN_POINT ( 'NONE',  ( -21.18893532420000270, -18.47731201499999898, 14.29999802539999898 ) ) ;
#7710 = DIRECTION ( 'NONE',  ( 0.7745966692411312415, -0.6324555320341072040, 4.743050396880799762E-17 ) ) ;
#7711 = EDGE_LOOP ( 'NONE', ( #8161, #7181, #6101, #2714 ) ) ;
#7712 = CARTESIAN_POINT ( 'NONE',  ( 2.619375706120000036, -13.92212766970000004, 23.51888245569999825 ) ) ;
#7713 = CARTESIAN_POINT ( 'NONE',  ( 2.359723847659999763, -18.26578039490000194, 19.59347459820000026 ) ) ;
#7714 = EDGE_CURVE ( 'NONE', #3645, #2396, #199, .T. ) ;
#7715 = ADVANCED_FACE ( 'NONE', ( #3794 ), #6823, .T. ) ;
#7716 = CARTESIAN_POINT ( 'NONE',  ( -25.35599632298209016, -0.7294670872113977467, 23.48780951911789927 ) ) ;
#7717 = CARTESIAN_POINT ( 'NONE',  ( -2.208935324079999596, -8.834794670739999134, 14.29999802579999901 ) ) ;
#7718 = B_SPLINE_CURVE_WITH_KNOTS ( 'NONE', 5,
 ( #8322, #1064, #294, #6311, #2450, #3606, #1018, #5078, #2964 ),
 .UNSPECIFIED., .F., .F.,
 ( 6, 3, 6 ),
 ( 0.000000000000000000, 3.783823784640000021, 4.634575288059999743 ),
 .UNSPECIFIED. ) ;
#7719 = CARTESIAN_POINT ( 'NONE',  ( 2.591064675920000226, -8.834794670739999134, 14.29999802579999901 ) ) ;
#7720 = CARTESIAN_POINT ( 'NONE',  ( -8.103935324130000950, -3.868247048659999798, 5.799998025759999898 ) ) ;
#7721 = B_SPLINE_CURVE_WITH_KNOTS ( 'NONE', 5,
 ( #8145, #6872, #933, #1760, #5674, #3094 ),
 .UNSPECIFIED., .F., .F.,
 ( 6, 6 ),
 ( 0.000000000000000000, 1.000000000000000000 ),
 .UNSPECIFIED. ) ;
#7722 = CARTESIAN_POINT ( 'NONE',  ( -16.10547929493676733, -19.84571046336354172, 24.18024364021450978 ) ) ;
#7723 = SECURITY_CLASSIFICATION_LEVEL ( 'unclassified' ) ;
#7724 = ORIENTED_EDGE ( 'NONE', *, *, #7825, .F. ) ;
#7725 = CARTESIAN_POINT ( 'NONE',  ( 2.359723847659999763, -14.12827124310000038, 4.869012301560000644 ) ) ;
#7726 = DIRECTION ( 'NONE',  ( -0.4999999999970535236, -0.4151946956550930379, -0.7600087925167847702 ) ) ;
#7727 = CARTESIAN_POINT ( 'NONE',  ( 2.248344580519999969, 0.5696476487819999157, 8.868885826259999661 ) ) ;
#7728 = CARTESIAN_POINT ( 'NONE',  ( -27.50068836055158883, -15.75710749241774167, 21.34311748154839705 ) ) ;
#7729 = ADVANCED_FACE ( 'NONE', ( #3234 ), #5304, .T. ) ;
#7730 = CARTESIAN_POINT ( 'NONE',  ( -24.94695043819999825, -21.28468492629999886, 23.61421341939999863 ) ) ;
#7731 = CARTESIAN_POINT ( 'NONE',  ( -23.92460993390000112, 3.650796503550000516, 19.31322127460000004 ) ) ;
#7732 = CARTESIAN_POINT ( 'NONE',  ( -11.07301189010000009, -1.283114748469999844, 23.79999802580000079 ) ) ;
#7733 = VERTEX_POINT ( 'NONE', #7909 ) ;
#7734 = LINE ( 'NONE', #7648, #6945 ) ;
#7735 = VERTEX_POINT ( 'NONE', #3968 ) ;
#7736 = CARTESIAN_POINT ( 'NONE',  ( -17.34338436869999711, 1.785871888219999981, 4.458163737769999635 ) ) ;
#7737 = CARTESIAN_POINT ( 'NONE',  ( -23.18893532340000263, 0.3652053292540000107, 6.399998025760000431 ) ) ;
#7738 = CARTESIAN_POINT ( 'NONE',  ( -3.853425745850000084, 0.2775777649560000060, 16.97753114629999871 ) ) ;
#7739 = VERTEX_POINT ( 'NONE', #4608 ) ;
#7740 = DIRECTION ( 'NONE',  ( -0.7745966692411002663, 3.810840532025850456E-14, 0.6324555320341451736 ) ) ;
#7741 = CARTESIAN_POINT ( 'NONE',  ( 2.376431116890000084, -3.674476710720000039, 4.838346629579999281 ) ) ;
#7742 = B_SPLINE_CURVE_WITH_KNOTS ( 'NONE', 5,
 ( #7630, #8225, #5584, #2957, #373, #3044 ),
 .UNSPECIFIED., .F., .F.,
 ( 6, 6 ),
 ( -0.8638195883034239797, -0.8618974384173759828 ),
 .UNSPECIFIED. ) ;
#7743 = CARTESIAN_POINT ( 'NONE',  ( -16.79028919439999967, 3.651969699369999933, 24.22096342239999700 ) ) ;
#7744 = CARTESIAN_POINT ( 'NONE',  ( -16.94285119170000087, 1.524804924170000131, 4.336513244030000713 ) ) ;
#7745 = CARTESIAN_POINT ( 'NONE',  ( -15.69545083930327500, -19.93555593906415879, 4.369209446741258773 ) ) ;
#7746 = ORIENTED_EDGE ( 'NONE', *, *, #5482, .F. ) ;
#7747 = CARTESIAN_POINT ( 'NONE',  ( -21.09353783569999763, 7.215205329249999799, 6.418238214519999651 ) ) ;
#7748 = CARTESIAN_POINT ( 'NONE',  ( -7.661304276317930650, 0.3455873588492874848, 8.332198711368482336 ) ) ;
#7749 = CARTESIAN_POINT ( 'NONE',  ( -27.20627495292922404, -2.108080360225857763, 6.962465162389219309 ) ) ;
#7750 = CARTESIAN_POINT ( 'NONE',  ( 2.767835657734733168, -1.868617755869043329, 6.738970786556262915 ) ) ;
#7751 = CARTESIAN_POINT ( 'NONE',  ( -15.35542634199597245, 2.605672699272239878, 24.44371047292248988 ) ) ;
#7752 = EDGE_CURVE ( 'NONE', #7266, #1759, #6024, .T. ) ;
#7753 = AXIS2_PLACEMENT_3D ( 'NONE', #5625, #8308, #6255 ) ;
#7754 = CARTESIAN_POINT ( 'NONE',  ( -17.68452716430000393, 2.461663244979999998, 4.446498359809999634 ) ) ;
#7755 = CARTESIAN_POINT ( 'NONE',  ( -6.299189362029999906, 0.6652053292599999779, 9.176370771009999316 ) ) ;
#7756 = AXIS2_PLACEMENT_3D ( 'NONE', #7409, #5537, #6684 ) ;
#7757 = ORIENTED_EDGE ( 'NONE', *, *, #3018, .T. ) ;
#7758 = CARTESIAN_POINT ( 'NONE',  ( 2.577074918460000141, -14.21252738929999992, 23.43818801709999633 ) ) ;
#7759 = CARTESIAN_POINT ( 'NONE',  ( -17.71859198599999985, 1.487170470519999954, 4.568017674339999168 ) ) ;
#7760 = CARTESIAN_POINT ( 'NONE',  ( -24.05656805070000104, 3.646188424570000031, 19.38549843939999917 ) ) ;
#7761 = DIRECTION ( 'NONE',  ( 1.000000000000000000, -4.379659758540000592E-15, 6.717153981430000480E-15 ) ) ;
#7762 = CARTESIAN_POINT ( 'NONE',  ( -19.24641856759999925, 3.827124909740000192, 4.904550812420000128 ) ) ;
#7763 = ORIENTED_EDGE ( 'NONE', *, *, #7836, .F. ) ;
#7764 = FACE_OUTER_BOUND ( 'NONE', #4577, .T. ) ;
#7765 = CARTESIAN_POINT ( 'NONE',  ( -23.88725038339999784, -21.32169046920000000, 9.119288514850000027 ) ) ;
#7766 = ORIENTED_EDGE ( 'NONE', *, *, #6270, .F. ) ;
#7767 = AXIS2_PLACEMENT_3D ( 'NONE', #5343, #568, #4480 ) ;
#7768 = CARTESIAN_POINT ( 'NONE',  ( 2.539598974140000021, -14.35451611969999952, 5.171401250159999741 ) ) ;
#7769 = CIRCLE ( 'NONE', #4347, 1.000000000000000000 ) ;
#7770 = CARTESIAN_POINT ( 'NONE',  ( -12.25971635719999853, 0.3078675688639999630, 4.887899109330000158 ) ) ;
#7771 = CARTESIAN_POINT ( 'NONE',  ( -8.164522362919999665, -18.33479474589999825, 19.80201596069999681 ) ) ;
#7772 = B_SPLINE_SURFACE_WITH_KNOTS ( 'NONE', 5, 5, ( 
 ( #1501, #1299, #4169, #767, #3437, #2758 ),
 ( #3480, #5388, #7841, #180, #4042, #220 ),
 ( #1457, #7386, #5513, #4087, #1542, #805 ),
 ( #2152, #6095, #7200, #8073, #4780, #4824 ),
 ( #7428, #6783, #3526, #6141, #263, #7468 ),
 ( #1583, #4214, #3250, #1957, #6834, #5870 ) ),
 .UNSPECIFIED., .F., .F., .F.,
 ( 6, 6 ),
 ( 6, 6 ),
 ( 4.838949518099999736, 6.346672298859999728 ),
 ( 0.000000000000000000, 0.2645291065520000151 ),
 .UNSPECIFIED. ) ;
#7773 = CARTESIAN_POINT ( 'NONE',  ( 2.472063706809999761, -14.00477270009999842, 23.69938550059999827 ) ) ;
#7774 = CARTESIAN_POINT ( 'NONE',  ( 2.746587889783566272, -16.72851331997802760, 20.93216410755509216 ) ) ;
#7775 = LINE ( 'NONE', #7220, #2548 ) ;
#7776 = CARTESIAN_POINT ( 'NONE',  ( -21.18893532420000270, -17.83479467160000098, 23.29999802699999734 ) ) ;
#7777 = AXIS2_PLACEMENT_3D ( 'NONE', #1037, #2421, #6928 ) ;
#7778 = ADVANCED_FACE ( 'NONE', ( #6618 ), #1246, .T. ) ;
#7779 = VERTEX_POINT ( 'NONE', #5808 ) ;
#7780 = ORIENTED_EDGE ( 'NONE', *, *, #5967, .T. ) ;
#7781 = CARTESIAN_POINT ( 'NONE',  ( -18.07706563360000018, 1.440913262850000098, 24.12612316910000132 ) ) ;
#7782 = ORIENTED_EDGE ( 'NONE', *, *, #3463, .T. ) ;
#7783 = DIRECTION ( 'NONE',  ( -0.9987827659713149897, 0.03487826238121100042, 0.03487826274281100036 ) ) ;
#7784 = CARTESIAN_POINT ( 'NONE',  ( -7.963656531719998988, -14.75769296190000013, 23.59762438770000159 ) ) ;
#7785 = VECTOR ( 'NONE', #6415, 1000.000000000000000 ) ;
#7786 = CARTESIAN_POINT ( 'NONE',  ( -28.30626382350991932, 3.466914845544513568, 20.19289123330000280 ) ) ;
#7787 = CARTESIAN_POINT ( 'NONE',  ( -28.11791267399999938, 3.504363145149999692, 8.287897062539999027 ) ) ;
#7788 = DIRECTION ( 'NONE',  ( 0.000000000000000000, 1.000000000000000000, 0.000000000000000000 ) ) ;
#7789 = CARTESIAN_POINT ( 'NONE',  ( -16.70653005780000200, 3.203615837290000101, 4.347304520740000733 ) ) ;
#7790 = CARTESIAN_POINT ( 'NONE',  ( -15.90166824853633543, -19.89883349736055251, 4.392040688894050859 ) ) ;
#7791 = ORIENTED_EDGE ( 'NONE', *, *, #7077, .T. ) ;
#7792 = CARTESIAN_POINT ( 'NONE',  ( -17.97840301999999824, -21.03894018509999952, 4.666968059260000246 ) ) ;
#7793 = CARTESIAN_POINT ( 'NONE',  ( -19.30766557249999948, 3.812023697559999924, 4.774913895260000096 ) ) ;
#7794 = CARTESIAN_POINT ( 'NONE',  ( -27.15226598540419545, -2.131439534632738830, 6.908456194864189825 ) ) ;
#7795 = CARTESIAN_POINT ( 'NONE',  ( -18.79840807649999945, -18.72035750639999918, 24.01399468349999822 ) ) ;
#7796 = CARTESIAN_POINT ( 'NONE',  ( -16.42930677075771584, 2.415884852721116527, 24.33048881851501122 ) ) ;
#7797 = B_SPLINE_CURVE_WITH_KNOTS ( 'NONE', 3,
 ( #483, #2420, #3109, #5606, #8338, #5735, #3669, #1728, #436, #8204, #2334, #7566, #397, #2466 ),
 .UNSPECIFIED., .F., .F.,
 ( 4, 2, 2, 1, 1, 2, 2, 4 ),
 ( 0.000000000000000000, 0.2500000000000728861, 0.3750000000001187384, 0.4375000000001416645, 0.4687500000001676437, 0.4843750000001652012, 0.5000000000001627587, 1.000000000000000000 ),
 .UNSPECIFIED. ) ;
#7798 = CARTESIAN_POINT ( 'NONE',  ( -28.14377425059999993, 3.503460038990000136, 8.339085624970000055 ) ) ;
#7799 = CARTESIAN_POINT ( 'NONE',  ( -7.519930159499999434, 0.6331778471540000508, 8.894714333439999621 ) ) ;
#7800 = EDGE_CURVE ( 'NONE', #4136, #3403, #2672, .T. ) ;
#7801 = EDGE_LOOP ( 'NONE', ( #4325, #7812 ) ) ;
#7802 = CARTESIAN_POINT ( 'NONE',  ( -25.24294691790000300, -21.27434850310000058, 11.15407813859999919 ) ) ;
#7803 = ORIENTED_EDGE ( 'NONE', *, *, #4119, .T. ) ;
#7804 = CARTESIAN_POINT ( 'NONE',  ( 2.454871985309999616, 0.5374174579720000233, 19.58625486150000228 ) ) ;
#7805 = CARTESIAN_POINT ( 'NONE',  ( 2.576984857440000276, -18.00497849979999998, 19.62339245689999956 ) ) ;
#7806 = CARTESIAN_POINT ( 'NONE',  ( -11.73446194389999953, -17.94716741470000088, 5.187626103150000390 ) ) ;
#7807 = CARTESIAN_POINT ( 'NONE',  ( -17.60753544589999819, 3.916412679570000499, 4.579167856759999822 ) ) ;
#7808 = VERTEX_POINT ( 'NONE', #6457 ) ;
#7809 = CARTESIAN_POINT ( 'NONE',  ( -17.65980136768972031, -21.79062125186684895, 4.663240605165219321 ) ) ;
#7810 = CARTESIAN_POINT ( 'NONE',  ( 2.150091566099999962, 0.6348661355789999572, 9.020763071630000240 ) ) ;
#7811 = ADVANCED_FACE ( 'NONE', ( #3279 ), #4567, .F. ) ;
#7812 = ORIENTED_EDGE ( 'NONE', *, *, #7587, .F. ) ;
#7813 = DIRECTION ( 'NONE',  ( -0.7745966692411312415, -4.743036658084270757E-17, -0.6324555320341072040 ) ) ;
#7814 = CARTESIAN_POINT ( 'NONE',  ( -18.81119459720000009, 4.281887579360000196, 23.55902345930000052 ) ) ;
#7815 = CARTESIAN_POINT ( 'NONE',  ( -6.886209624860000211, -18.24223624840000113, 19.72970284339999836 ) ) ;
#7816 = CARTESIAN_POINT ( 'NONE',  ( 2.447673396050000338, -14.23219202910000014, 23.62438933079999970 ) ) ;
#7817 = CARTESIAN_POINT ( 'NONE',  ( 2.737771726613999146, -16.83974062828569629, 20.82042148450718955 ) ) ;
#7818 = B_SPLINE_CURVE_WITH_KNOTS ( 'NONE', 3,
 ( #3521, #3476, #843, #6617, #7984, #721, #5971, #5342, #2715, #7943, #4687, #7305, #1411, #4038 ),
 .UNSPECIFIED., .F., .F.,
 ( 4, 2, 2, 2, 2, 2, 4 ),
 ( 0.000000000000000000, 0.2499999999999999445, 0.3749999999999998890, 0.4999999999999998890, 0.6249999999999998890, 0.7499999999999997780, 1.000000000000000000 ),
 .UNSPECIFIED. ) ;
#7819 = CARTESIAN_POINT ( 'NONE',  ( -6.299189361209999838, -3.161141652460000007, 5.092889859629999627 ) ) ;
#7820 = CYLINDRICAL_SURFACE ( 'NONE', #6111, 5.000000000000000888 ) ;
#7821 = CARTESIAN_POINT ( 'NONE',  ( -18.10133299579999999, -18.82657094559999678, 4.719834172579999709 ) ) ;
#7822 = ORIENTED_EDGE ( 'NONE', *, *, #6729, .F. ) ;
#7823 = CARTESIAN_POINT ( 'NONE',  ( 2.720818730169042965, -17.02535654117133035, 7.966203118496379076 ) ) ;
#7824 = EDGE_CURVE ( 'NONE', #5495, #4109, #5856, .T. ) ;
#7825 = EDGE_CURVE ( 'NONE', #3966, #4891, #1713, .T. ) ;
#7826 = ORIENTED_EDGE ( 'NONE', *, *, #6551, .T. ) ;
#7827 = CARTESIAN_POINT ( 'NONE',  ( -22.96795394100000109, -21.05397575919999653, 4.630999688400000203 ) ) ;
#7828 = CARTESIAN_POINT ( 'NONE',  ( -6.958367188320000452, -13.80134229279999936, 23.79999802580000079 ) ) ;
#7829 = CARTESIAN_POINT ( 'NONE',  ( -18.10133334920000081, -18.82657069960000129, 23.88016286000000221 ) ) ;
#7830 = CARTESIAN_POINT ( 'NONE',  ( -16.42213134971385102, 2.419166653851173798, 4.268254716763502543 ) ) ;
#7831 = ADVANCED_FACE ( 'NONE', ( #5225 ), #2693, .F. ) ;
#7832 = CARTESIAN_POINT ( 'NONE',  ( -11.73446219480000074, 0.2775777649560000060, 23.41237046150000012 ) ) ;
#7833 = CARTESIAN_POINT ( 'NONE',  ( -9.203082967286094984, -2.613729086330125906, 4.799998239573352699 ) ) ;
#7834 = CARTESIAN_POINT ( 'NONE',  ( -19.26638691790000024, 4.288545029879999859, 5.256070365330000271 ) ) ;
#7835 = VERTEX_POINT ( 'NONE', #6542 ) ;
#7836 = EDGE_CURVE ( 'NONE', #853, #440, #3196, .T. ) ;
#7837 = CARTESIAN_POINT ( 'NONE',  ( -23.54089693690000118, 7.215205329249999799, 19.09425341180000402 ) ) ;
#7838 = DIRECTION ( 'NONE',  ( 1.000000000000000000, -4.379659758540000592E-15, 6.717153981430000480E-15 ) ) ;
#7839 = CARTESIAN_POINT ( 'NONE',  ( -26.64380781629999717, -18.03479467040000017, 22.19999802579999937 ) ) ;
#7840 = CARTESIAN_POINT ( 'NONE',  ( 2.985197787740000219, -5.083324969769999591, 5.067621676939999986 ) ) ;
#7841 = CARTESIAN_POINT ( 'NONE',  ( -15.65942896629999836, 2.512178501970000255, 4.180733084790000831 ) ) ;
#7842 = EDGE_CURVE ( 'NONE', #5921, #5087, #6262, .T. ) ;
#7843 = CARTESIAN_POINT ( 'NONE',  ( -6.299190329860000048, 0.6652053292599999779, 19.26654564780000101 ) ) ;
#7844 = CARTESIAN_POINT ( 'NONE',  ( -6.848506851349999813, 0.3723121104470000220, 8.626343622500000308 ) ) ;
#7845 = ORIENTED_EDGE ( 'NONE', *, *, #5206, .T. ) ;
#7846 = EDGE_CURVE ( 'NONE', #6397, #3858, #7146, .T. ) ;
#7847 = PLANE ( 'NONE',  #5433 ) ;
#7848 = CARTESIAN_POINT ( 'NONE',  ( 3.380698592029999894, -18.17794845589999753, 14.30016229179999954 ) ) ;
#7849 = CARTESIAN_POINT ( 'NONE',  ( 2.597646523439999910, -18.05287650039999647, 19.46668107129999825 ) ) ;
#7850 = B_SPLINE_CURVE_WITH_KNOTS ( 'NONE', 5,
 ( #7862, #7096, #5296, #6577, #3833, #7900, #1198, #8468, #5256, #5166, #2023, #4518 ),
 .UNSPECIFIED., .F., .F.,
 ( 6, 3, 3, 6 ),
 ( 0.000000000000000000, 4.533188053779999116, 8.730209888770000148, 14.18998272119999982 ),
 .UNSPECIFIED. ) ;
#7851 = DIRECTION ( 'NONE',  ( 6.505213034918866541E-15, 0.000000000000000000, -1.000000000000000000 ) ) ;
#7852 = CC_DESIGN_PERSON_AND_ORGANIZATION_ASSIGNMENT ( #7680, #1145, ( #4200 ) ) ;
#7853 = B_SPLINE_SURFACE_WITH_KNOTS ( 'NONE', 5, 5, ( 
 ( #6756, #905, #3493, #5483, #6848, #2207 ),
 ( #6153, #4142, #2939, #4181, #4836, #949 ),
 ( #3539, #6888, #273, #4966, #2894, #3580 ),
 ( #5566, #8123, #5611, #8165, #861, #2293 ),
 ( #994, #8207, #3622, #7569, #6239, #1690 ),
 ( #705, #85, #2694, #5326, #2384, #5095 ) ),
 .UNSPECIFIED., .F., .F., .F.,
 ( 6, 6 ),
 ( 6, 6 ),
 ( 0.6605120312690000439, 5.748769200149999925 ),
 ( 0.000000000000000000, 0.5393549893679999707 ),
 .UNSPECIFIED. ) ;
#7854 = CARTESIAN_POINT ( 'NONE',  ( -19.40406915970000412, 3.808657263929999814, 4.944920351129999503 ) ) ;
#7855 = CARTESIAN_POINT ( 'NONE',  ( 3.282452968852481057, -7.198784220110588272, 23.54640638012066134 ) ) ;
#7856 = CARTESIAN_POINT ( 'NONE',  ( 2.157727164180000212, 0.3723125377100000022, 19.97365200180000144 ) ) ;
#7857 = ADVANCED_FACE ( 'NONE', ( #28 ), #1497, .T. ) ;
#7858 = ORIENTED_EDGE ( 'NONE', *, *, #7752, .F. ) ;
#7859 = CARTESIAN_POINT ( 'NONE',  ( 2.143972051120000000, 0.5731242288500000281, 19.72921962529999718 ) ) ;
#7860 = CARTESIAN_POINT ( 'NONE',  ( -8.236796298540001615, -18.33479467069999913, 19.65009626759999861 ) ) ;
#7861 = CARTESIAN_POINT ( 'NONE',  ( -19.24737299839999949, 0.8152053292530000439, 4.501074138490000820 ) ) ;
#7862 = CARTESIAN_POINT ( 'NONE',  ( 2.194095321233441087, -3.892742153451453468, 23.79999192755416360 ) ) ;
#7863 = CARTESIAN_POINT ( 'NONE',  ( -4.353425745779999190, -6.769633985520000508, 22.79999802580000079 ) ) ;
#7864 = EDGE_CURVE ( 'NONE', #6540, #1152, #806, .T. ) ;
#7865 = CARTESIAN_POINT ( 'NONE',  ( -18.21754501919999569, -19.04917258379999723, 24.00251220799999885 ) ) ;
#7866 = CARTESIAN_POINT ( 'NONE',  ( -18.13773531909999903, -18.89794163350000034, 4.634470691999999836 ) ) ;
#7867 = ORIENTED_EDGE ( 'NONE', *, *, #7099, .F. ) ;
#7868 = CARTESIAN_POINT ( 'NONE',  ( -17.80924608520000163, 1.650120689940000052, 24.14914241139999973 ) ) ;
#7869 = CARTESIAN_POINT ( 'NONE',  ( -8.103935324130000950, -17.33479467069999913, 19.26654564780000101 ) ) ;
#7870 = CARTESIAN_POINT ( 'NONE',  ( -8.164612140700000964, -14.33687340500000040, 23.79999779730000142 ) ) ;
#7871 = CARTESIAN_POINT ( 'NONE',  ( -18.13087634060000042, 1.542275016350000083, 24.13791083539999605 ) ) ;
#7872 = DIRECTION ( 'NONE',  ( -0.6516103871960318150, 1.048929653880052329E-15, -0.7585538236000378687 ) ) ;
#7873 = CARTESIAN_POINT ( 'NONE',  ( -12.53595017620000185, 0.6326114443229999829, 23.51637680849999867 ) ) ;
#7874 = DIRECTION ( 'NONE',  ( 1.000000000000000000, -6.123233995740039809E-17, 2.985759393769999632E-16 ) ) ;
#7875 = CARTESIAN_POINT ( 'NONE',  ( -24.97063642300000197, -21.24780687250000000, 23.72105092620000022 ) ) ;
#7876 = ORIENTED_EDGE ( 'NONE', *, *, #6975, .F. ) ;
#7877 = EDGE_CURVE ( 'NONE', #2722, #3707, #2231, .T. ) ;
#7878 = CARTESIAN_POINT ( 'NONE',  ( -24.74697255790000128, -20.99185106130000023, 4.693124387440000156 ) ) ;
#7879 = CARTESIAN_POINT ( 'NONE',  ( 2.254902576979999740, -18.29841790319999717, 9.009162893579999221 ) ) ;
#7880 = ORIENTED_EDGE ( 'NONE', *, *, #123, .T. ) ;
#7881 = CARTESIAN_POINT ( 'NONE',  ( -27.11580948582200179, -2.146245794903081983, 6.871999695282005050 ) ) ;
#7882 = CARTESIAN_POINT ( 'NONE',  ( 2.958437017920000134, -7.705769028799999809, 4.799998025759999898 ) ) ;
#7883 = CARTESIAN_POINT ( 'NONE',  ( -17.76078887489999758, 2.082543387529999901, 4.449161477430000566 ) ) ;
#7884 = CARTESIAN_POINT ( 'NONE',  ( -8.799189175469999569, 0.2775777437770000078, 7.584265767529999813 ) ) ;
#7885 = CARTESIAN_POINT ( 'NONE',  ( -9.299187672380000436, -18.33479467069999913, 20.40335986339999863 ) ) ;
#7886 = FACE_OUTER_BOUND ( 'NONE', #2679, .T. ) ;
#7887 = DIRECTION ( 'NONE',  ( 0.7071067811870476172, -3.010294236110197753E-15, 0.7071067811860475283 ) ) ;
#7888 = CARTESIAN_POINT ( 'NONE',  ( 2.368528854240000037, -18.04269689980000280, 19.93281218819999978 ) ) ;
#7889 = CARTESIAN_POINT ( 'NONE',  ( 2.263125862839999947, -3.171549043119999745, 5.082482235760000577 ) ) ;
#7890 = CARTESIAN_POINT ( 'NONE',  ( -19.47158990180000160, 3.806299386840000132, 4.808721212400000944 ) ) ;
#7891 = AXIS2_PLACEMENT_3D ( 'NONE', #2530, #556, #1840 ) ;
#7892 = CARTESIAN_POINT ( 'NONE',  ( -17.18472549020000173, -21.98479489109999818, 4.594593074499999652 ) ) ;
#7893 = CARTESIAN_POINT ( 'NONE',  ( -18.41418440659242606, 1.076349867640657987, 23.99234852616330116 ) ) ;
#7894 = DATE_TIME_ROLE ( 'classification_date' ) ;
#7895 = ORIENTED_EDGE ( 'NONE', *, *, #5867, .T. ) ;
#7896 = CARTESIAN_POINT ( 'NONE',  ( -19.31187554539999951, 3.811876737860000031, 23.82421390609999889 ) ) ;
#7897 = CARTESIAN_POINT ( 'NONE',  ( 3.430354424589999951, 0.4186293353180000620, 14.65407664049999958 ) ) ;
#7898 = CIRCLE ( 'NONE', #1030, 6.300000000749999884 ) ;
#7899 = CARTESIAN_POINT ( 'NONE',  ( -25.08469620259999999, -21.07989495760000054, 23.75910943709999756 ) ) ;
#7900 = CARTESIAN_POINT ( 'NONE',  ( 2.930267876389999859, -8.247289333959999524, 23.79999802580000079 ) ) ;
#7901 = CARTESIAN_POINT ( 'NONE',  ( -24.75130030384881863, 3.589628514574501050, 23.76343526150280994 ) ) ;
#7902 = CARTESIAN_POINT ( 'NONE',  ( -6.299189130469999398, -3.868249819489999908, 4.799998025759999898 ) ) ;
#7903 = CARTESIAN_POINT ( 'NONE',  ( 2.143972051120000000, -18.24271357029999763, 8.870776426259999070 ) ) ;
#7904 = CIRCLE ( 'NONE', #4889, 1.000000000000000000 ) ;
#7905 = ORIENTED_EDGE ( 'NONE', *, *, #2956, .T. ) ;
#7906 = CARTESIAN_POINT ( 'NONE',  ( -17.09926995649999881, 1.823011946879999901, 4.507729102249999897 ) ) ;
#7907 = ADVANCED_FACE ( 'NONE', ( #2148 ), #2834, .T. ) ;
#7908 = ORIENTED_EDGE ( 'NONE', *, *, #2241, .F. ) ;
#7909 = CARTESIAN_POINT ( 'NONE',  ( -14.76507131800000039, -18.48479467069999771, 7.799998025799999901 ) ) ;
#7910 = CARTESIAN_POINT ( 'NONE',  ( -23.18893532340000263, -16.73479467070000126, 6.399998025760000431 ) ) ;
#7911 = CARTESIAN_POINT ( 'NONE',  ( -15.35542634309997290, 2.605672700163334188, 4.156285577064664061 ) ) ;
#7912 = CARTESIAN_POINT ( 'NONE',  ( -12.84683463049999830, 0.3222849619400000032, 23.79999802580000079 ) ) ;
#7913 = EDGE_LOOP ( 'NONE', ( #369, #5557, #6263, #477 ) ) ;
#7914 = CARTESIAN_POINT ( 'NONE',  ( -12.08525982943522514, 0.8152053292530097028, 6.214195344466874715 ) ) ;
#7915 = DIRECTION ( 'NONE',  ( 0.4999999999998745448, 0.6123724356958459847, 0.6123724356958455406 ) ) ;
#7916 = ORIENTED_EDGE ( 'NONE', *, *, #5910, .F. ) ;
#7917 = TOROIDAL_SURFACE ( 'NONE', #5187, 9.860968370940000227, 0.2999999999999999889 ) ;
#7918 = CARTESIAN_POINT ( 'NONE',  ( -25.86419636366096242, 0.1085233273915499480, 5.620386573120962126 ) ) ;
#7919 = CARTESIAN_POINT ( 'NONE',  ( 2.359718277519999852, -18.26577962400000033, 9.006491441890000615 ) ) ;
#7920 = DIRECTION ( 'NONE',  ( 1.000000000000000000, -6.123233995739999133E-17, 2.985759393769999632E-16 ) ) ;
#7921 = CARTESIAN_POINT ( 'NONE',  ( -25.08307610479999994, 3.317566919909999967, 4.839266314289999649 ) ) ;
#7922 = B_SPLINE_CURVE_WITH_KNOTS ( 'NONE', 3,
 ( #4083, #4293, #8273, #7005, #8191, #7639 ),
 .UNSPECIFIED., .F., .F.,
 ( 4, 2, 4 ),
 ( 0.000000000000000000, 0.5000000000000000000, 1.000000000000000000 ),
 .UNSPECIFIED. ) ;
#7923 = CARTESIAN_POINT ( 'NONE',  ( -6.299189362029999906, -14.11550155819999830, 4.830840539520000476 ) ) ;
#7924 = CARTESIAN_POINT ( 'NONE',  ( -9.110841873420001846, -18.33479467069999913, 20.24957729109999960 ) ) ;
#7925 = CARTESIAN_POINT ( 'NONE',  ( -21.46480225030000000, -21.46354089989999991, 6.109997394459999676 ) ) ;
#7926 = CARTESIAN_POINT ( 'NONE',  ( 2.186362862859999812, -18.33479467069999913, 9.333450403689999675 ) ) ;
#7927 = CARTESIAN_POINT ( 'NONE',  ( -15.35542103309999895, 2.610907617920000146, 24.44361925339999786 ) ) ;
#7928 = CARTESIAN_POINT ( 'NONE',  ( -8.799189362029999018, 0.2775777651310000205, 21.01573022919999900 ) ) ;
#7929 = CARTESIAN_POINT ( 'NONE',  ( -17.92290691680000236, 3.771423865850000112, 4.537406065099999886 ) ) ;
#7930 = CARTESIAN_POINT ( 'NONE',  ( 3.358653596783079731, -8.443806687767795083, 23.55002591803440737 ) ) ;
#7931 = CARTESIAN_POINT ( 'NONE',  ( -18.05811575850399464, 1.300342331849539512, 24.01272107536117417 ) ) ;
#7932 = COORDINATED_UNIVERSAL_TIME_OFFSET ( 10, 0, .AHEAD. ) ;
#7933 = B_SPLINE_CURVE_WITH_KNOTS ( 'NONE', 5,
 ( #1292, #5059, #7662, #1780, #1126, #5740 ),
 .UNSPECIFIED., .F., .F.,
 ( 6, 6 ),
 ( -0.2685579746439999971, 0.000000000000000000 ),
 .UNSPECIFIED. ) ;
#7934 = VERTEX_POINT ( 'NONE', #7341 ) ;
#7935 = CARTESIAN_POINT ( 'NONE',  ( -18.93832011829999828, 3.847919891149999660, 23.77374205250000117 ) ) ;
#7936 = CARTESIAN_POINT ( 'NONE',  ( 2.619375720499999893, 0.3840896524919999999, 19.38733419210000264 ) ) ;
#7937 = CARTESIAN_POINT ( 'NONE',  ( 2.186363037680000065, -13.80134246289999922, 4.799998025759999898 ) ) ;
#7938 = CARTESIAN_POINT ( 'NONE',  ( 2.186363037680000065, -13.80134246289999922, 4.799998025759999898 ) ) ;
#7939 = CARTESIAN_POINT ( 'NONE',  ( -8.786369391973174459, -18.48479467070000837, 20.36757292464394808 ) ) ;
#7940 = CARTESIAN_POINT ( 'NONE',  ( -7.914324190100000322, -2.809131826040000224, 5.124891898109999566 ) ) ;
#7941 = CARTESIAN_POINT ( 'NONE',  ( -7.913861834690000485, -18.00993888609999871, 20.32524048299999819 ) ) ;
#7942 = EDGE_LOOP ( 'NONE', ( #4705, #1165, #1234, #6238 ) ) ;
#7943 = CARTESIAN_POINT ( 'NONE',  ( 3.277429274759694700, -7.147889578734829108, 5.053862690688494475 ) ) ;
#7944 = ORIENTED_EDGE ( 'NONE', *, *, #5612, .T. ) ;
#7945 = CARTESIAN_POINT ( 'NONE',  ( 2.157722703700000189, 0.3723124643899999864, 8.626343539429999652 ) ) ;
#7946 = CARTESIAN_POINT ( 'NONE',  ( -24.02564130569999890, -21.31685775180000064, 19.23079835750000299 ) ) ;
#7947 = CARTESIAN_POINT ( 'NONE',  ( -12.64052074429999806, 7.215205329249999799, 24.18219975559999924 ) ) ;
#7948 = CARTESIAN_POINT ( 'NONE',  ( -28.15325287610000160, -21.17271837950000091, 20.21789666200000113 ) ) ;
#7949 = CARTESIAN_POINT ( 'NONE',  ( -11.98346281939999969, 0.4468706865159999819, 23.44616166630000009 ) ) ;
#7950 = CARTESIAN_POINT ( 'NONE',  ( -8.320126722011918829, 0.8152053292529918282, 19.86993496502907774 ) ) ;
#7951 = CARTESIAN_POINT ( 'NONE',  ( -17.96553197480000108, -18.48479491480000192, 23.30428430039999910 ) ) ;
#7952 = ORIENTED_EDGE ( 'NONE', *, *, #5056, .F. ) ;
#7953 = ORIENTED_EDGE ( 'NONE', *, *, #6146, .T. ) ;
#7954 = CARTESIAN_POINT ( 'NONE',  ( -16.36098919490000014, -19.82044915420000208, 24.18678484710000021 ) ) ;
#7955 = CARTESIAN_POINT ( 'NONE',  ( -25.96005022557481468, 0.1759377887244424621, 5.716240435034829481 ) ) ;
#7956 = FACE_OUTER_BOUND ( 'NONE', #1838, .T. ) ;
#7957 = B_SPLINE_CURVE_WITH_KNOTS ( 'NONE', 5,
 ( #6040, #129, #6162, #4673, #5534, #7368 ),
 .UNSPECIFIED., .F., .F.,
 ( 6, 6 ),
 ( -1.397428267890000075, 0.000000000000000000 ),
 .UNSPECIFIED. ) ;
#7958 = CARTESIAN_POINT ( 'NONE',  ( -18.19022754459999902, -18.99791400359999827, 4.595693852099999255 ) ) ;
#7959 = CARTESIAN_POINT ( 'NONE',  ( 2.146752801699999935, -3.272223049270000406, 23.61818858720000236 ) ) ;
#7960 = EDGE_CURVE ( 'NONE', #4946, #1463, #1080, .T. ) ;
#7961 = CARTESIAN_POINT ( 'NONE',  ( -24.75895733519999808, 3.621660450270000275, 23.60641073060000039 ) ) ;
#7962 = ADVANCED_FACE ( 'NONE', ( #5469 ), #6831, .T. ) ;
#7963 = CARTESIAN_POINT ( 'NONE',  ( -12.36525875781421746, -18.25553108225011556, 5.188148683403332129 ) ) ;
#7964 = CARTESIAN_POINT ( 'NONE',  ( 2.254907706879999640, -14.12559694960000023, 4.836374800830000709 ) ) ;
#7965 = CARTESIAN_POINT ( 'NONE',  ( -27.88181426542410790, -1.334483405026524849, 20.96199157667589219 ) ) ;
#7966 = CYLINDRICAL_SURFACE ( 'NONE', #6411, 1.000000000000000666 ) ;
#7967 = CARTESIAN_POINT ( 'NONE',  ( -6.299189361209999838, -16.27517526280000126, 21.74037861819999762 ) ) ;
#7968 = CARTESIAN_POINT ( 'NONE',  ( -12.18464220356050731, 0.2939337754644308909, 4.944149003923175023 ) ) ;
#7969 = B_SPLINE_CURVE_WITH_KNOTS ( 'NONE', 5,
 ( #6639, #8052, #7291, #3550, #6809, #4846 ),
 .UNSPECIFIED., .F., .F.,
 ( 6, 6 ),
 ( -27.33570704119999917, -26.95021352830000083 ),
 .UNSPECIFIED. ) ;
#7970 = CARTESIAN_POINT ( 'NONE',  ( -12.28354282832764000, 0.5583441799353138224, 23.42077935817432532 ) ) ;
#7971 = VERTEX_POINT ( 'NONE', #2105 ) ;
#7972 = FACE_OUTER_BOUND ( 'NONE', #5741, .T. ) ;
#7973 = VERTEX_POINT ( 'NONE', #844 ) ;
#7974 = EDGE_CURVE ( 'NONE', #3881, #268, #450, .T. ) ;
#7975 = CARTESIAN_POINT ( 'NONE',  ( -18.82127618950000070, 4.154331340410000628, 23.55940243059999872 ) ) ;
#7976 = DIRECTION ( 'NONE',  ( 0.000000000000000000, 1.000000000000000000, 0.000000000000000000 ) ) ;
#7977 = ORIENTED_EDGE ( 'NONE', *, *, #3849, .T. ) ;
#7978 = CARTESIAN_POINT ( 'NONE',  ( -24.74970809979762976, -21.29157277813374094, 23.68548559776743900 ) ) ;
#7979 = CARTESIAN_POINT ( 'NONE',  ( -6.871392342204915238, -18.48479467069999416, 11.09842702294533723 ) ) ;
#7980 = FACE_BOUND ( 'NONE', #8057, .T. ) ;
#7981 = CARTESIAN_POINT ( 'NONE',  ( -26.71827834294131421, -15.43479467070002542, 6.474468552401290822 ) ) ;
#7982 = B_SPLINE_SURFACE_WITH_KNOTS ( 'NONE', 5, 5, ( 
 ( #3902, #6518, #625, #1393, #5787, #8397 ),
 ( #5151, #3256, #4504, #7122, #3, #1222 ),
 ( #2774, #192, #276, #8088, #1428, #4058 ),
 ( #4751, #7442, #235, #4144, #6112, #158 ),
 ( #5444, #1516, #6033, #4880, #3453, #5403 ),
 ( #5528, #4018, #2248, #6717, #8003, #6156 ) ),
 .UNSPECIFIED., .F., .F., .F.,
 ( 6, 6 ),
 ( 6, 6 ),
 ( 1.017006120740000075, 1.826641161850000028 ),
 ( -1.734723475979999901E-18, 0.1486086911669999844 ),
 .UNSPECIFIED. ) ;
#7983 = ORIENTED_EDGE ( 'NONE', *, *, #7394, .T. ) ;
#7984 = CARTESIAN_POINT ( 'NONE',  ( 3.282487346005767748, -10.47045035199036533, 5.053587918511605714 ) ) ;
#7985 = CARTESIAN_POINT ( 'NONE',  ( 2.511792936629999584, -13.83776888260000071, 4.893615233810000298 ) ) ;
#7986 = CARTESIAN_POINT ( 'NONE',  ( -14.76507131960000052, -21.98479467070000126, 14.29999802549999899 ) ) ;
#7987 = PLANE ( 'NONE',  #6808 ) ;
#7988 = B_SPLINE_CURVE_WITH_KNOTS ( 'NONE', 5,
 ( #4570, #3281, #5897, #654, #5812, #4482 ),
 .UNSPECIFIED., .F., .F.,
 ( 6, 6 ),
 ( -0.2645283569290000081, 0.000000000000000000 ),
 .UNSPECIFIED. ) ;
#7989 = CARTESIAN_POINT ( 'NONE',  ( -23.18893532420000270, -8.834794670750000023, 14.29999802579999901 ) ) ;
#7990 = CARTESIAN_POINT ( 'NONE',  ( 2.368529684390000334, -14.46760886049999861, 5.092096252970000236 ) ) ;
#7991 = FACE_OUTER_BOUND ( 'NONE', #6517, .T. ) ;
#7992 = CARTESIAN_POINT ( 'NONE',  ( -16.71104519170000202, 3.174855041580000314, 4.347132668910000497 ) ) ;
#7993 = CARTESIAN_POINT ( 'NONE',  ( -24.77697494599999573, -21.29062060289999891, 23.60600673110000258 ) ) ;
#7994 = ORIENTED_EDGE ( 'NONE', *, *, #3154, .F. ) ;
#7995 = CARTESIAN_POINT ( 'NONE',  ( -16.04968675960000013, -19.97805421969999884, 24.26500250089999966 ) ) ;
#7996 = CARTESIAN_POINT ( 'NONE',  ( -24.75224798920000069, 3.584918579180000453, 4.804706816149999504 ) ) ;
#7997 = EDGE_CURVE ( 'NONE', #3604, #3593, #1992, .T. ) ;
#7998 = VERTEX_POINT ( 'NONE', #4690 ) ;
#7999 = DIRECTION ( 'NONE',  ( 1.000000000000000000, -6.123233995739999133E-17, 2.985759393769999632E-16 ) ) ;
#8000 = CARTESIAN_POINT ( 'NONE',  ( 2.957021334260000245, -12.37789049839999933, 4.970293439879998942 ) ) ;
#8001 = EDGE_CURVE ( 'NONE', #3377, #4891, #4762, .T. ) ;
#8002 = CARTESIAN_POINT ( 'NONE',  ( -6.299189361289999844, -0.3347946707400000221, 9.333450403689999675 ) ) ;
#8003 = CARTESIAN_POINT ( 'NONE',  ( -16.64081305010000023, 3.730925786290000268, 24.22480433229999974 ) ) ;
#8004 = CARTESIAN_POINT ( 'NONE',  ( -9.485389709134324221, -22.28479467090000909, 21.85716579335606014 ) ) ;
#8005 = ADVANCED_FACE ( 'NONE', ( #6052 ), #4166, .F. ) ;
#8006 = CARTESIAN_POINT ( 'NONE',  ( -27.80190716740964874, -1.525508225726406986, 21.04189867469035491 ) ) ;
#8007 = DIRECTION ( 'NONE',  ( 0.000000000000000000, -0.9993908270190955401, 0.03489949670250333535 ) ) ;
#8008 = CARTESIAN_POINT ( 'NONE',  ( -16.71822562799999901, 2.020626723119999912, 24.16710296850000006 ) ) ;
#8009 = CARTESIAN_POINT ( 'NONE',  ( 2.294023861209999904, 0.6652052133650000476, 9.303418590079999717 ) ) ;
#8010 = EDGE_CURVE ( 'NONE', #1243, #6050, #2917, .T. ) ;
#8011 = CARTESIAN_POINT ( 'NONE',  ( -20.15596415499999949, -21.45198985559999727, 23.39545103180000041 ) ) ;
#8012 = CARTESIAN_POINT ( 'NONE',  ( 3.291064675920000848, -8.834794670739999134, 6.229998025799997841 ) ) ;
#8013 = ORIENTED_EDGE ( 'NONE', *, *, #5056, .T. ) ;
#8014 = LINE ( 'NONE', #5581, #6383 ) ;
#8015 = CARTESIAN_POINT ( 'NONE',  ( 3.206153255880000330, 0.6382045405830000240, 14.64870571119999987 ) ) ;
#8016 = LINE ( 'NONE', #2223, #116 ) ;
#8017 = DIRECTION ( 'NONE',  ( 1.000000000000000000, -4.379659758540000592E-15, 6.717153981430000480E-15 ) ) ;
#8018 = CIRCLE ( 'NONE', #4607, 0.4999999984009982912 ) ;
#8019 = CARTESIAN_POINT ( 'NONE',  ( 2.539602890900000354, -14.35451628719999917, 23.42859428150000056 ) ) ;
#8020 = CARTESIAN_POINT ( 'NONE',  ( -11.73446219480000074, -17.94716710639999846, 5.187625590070000570 ) ) ;
#8021 = VERTEX_POINT ( 'NONE', #3608 ) ;
#8022 = CARTESIAN_POINT ( 'NONE',  ( -17.98625091250000096, -19.17971150799999691, 23.99795392689999929 ) ) ;
#8023 = CARTESIAN_POINT ( 'NONE',  ( -24.82265487249999936, -21.28902542470000014, 5.008610339539999678 ) ) ;
#8024 = CARTESIAN_POINT ( 'NONE',  ( -6.299190267470001103, -18.30395222049999759, 9.019291785630001002 ) ) ;
#8025 = CARTESIAN_POINT ( 'NONE',  ( 2.463940036169999903, 0.3424212245999999626, 19.88328196550000015 ) ) ;
#8026 = CARTESIAN_POINT ( 'NONE',  ( -5.989245699099999598, 7.215205329249999799, 9.505742639759999335 ) ) ;
#8027 = CARTESIAN_POINT ( 'NONE',  ( -28.39444581440000093, 3.387920383130000435, 8.263194296369999137 ) ) ;
#8028 = CARTESIAN_POINT ( 'NONE',  ( -25.03000233080000214, 3.318308272640000389, 23.81380352820000113 ) ) ;
#8029 = CARTESIAN_POINT ( 'NONE',  ( 2.731260837379999806, -2.654177642929999692, 5.955823155010000036 ) ) ;
#8030 = ADVANCED_FACE ( 'NONE', ( #7685 ), #3799, .F. ) ;
#8031 = DIRECTION ( 'NONE',  ( 1.000000000000000000, 0.000000000000000000, 4.186779795790000220E-16 ) ) ;
#8032 = ORIENTED_EDGE ( 'NONE', *, *, #1042, .T. ) ;
#8033 = CARTESIAN_POINT ( 'NONE',  ( -15.68397482409999988, -19.96004297880000067, 24.23864574799999971 ) ) ;
#8034 = MANIFOLD_SURFACE_SHAPE_REPRESENTATION ( 'z-1camera', ( #1879, #7231 ), #5717 ) ;
#8035 = B_SPLINE_CURVE_WITH_KNOTS ( 'NONE', 5,
 ( #5888, #3226, #2664, #715, #2061, #5845 ),
 .UNSPECIFIED., .F., .F.,
 ( 6, 6 ),
 ( -0.2645283569290000081, -0.01125651322319998204 ),
 .UNSPECIFIED. ) ;
#8036 = DIRECTION ( 'NONE',  ( 0.05810079428862802153, 0.000000000000000000, -0.9983107220214708644 ) ) ;
#8037 = VECTOR ( 'NONE', #2114, 1000.000000000000000 ) ;
#8038 = ORIENTED_EDGE ( 'NONE', *, *, #3773, .F. ) ;
#8039 = AXIS2_PLACEMENT_3D ( 'NONE', #5595, #6224, #703 ) ;
#8040 = CARTESIAN_POINT ( 'NONE',  ( 3.123718322330000241, -11.25222232219999974, 23.71562037130000178 ) ) ;
#8041 = CARTESIAN_POINT ( 'NONE',  ( 2.150091566099999962, -18.30445547710000298, 19.57923297989999867 ) ) ;
#8042 = CARTESIAN_POINT ( 'NONE',  ( -7.397614451829999993, -14.62575745460000043, 5.103555642809999959 ) ) ;
#8043 = AXIS2_PLACEMENT_3D ( 'NONE', #7272, #4128, #6741 ) ;
#8044 = CARTESIAN_POINT ( 'NONE',  ( -18.21754469320000069, -19.04917281090000003, 4.597483851440000713 ) ) ;
#8045 = CARTESIAN_POINT ( 'NONE',  ( -16.03130420981412030, -22.28479467090000909, 23.43132801185171132 ) ) ;
#8046 = ADVANCED_FACE ( 'NONE', ( #6267 ), #916, .T. ) ;
#8047 = CARTESIAN_POINT ( 'NONE',  ( -27.87533594619488753, -0.5133541195071658070, 20.96846989590510191 ) ) ;
#8048 = CARTESIAN_POINT ( 'NONE',  ( -28.29736120729999982, -20.87491095639999727, 8.053551416739999524 ) ) ;
#8049 = CARTESIAN_POINT ( 'NONE',  ( -18.21351793909999728, -20.04452478829999862, 23.96775374310000117 ) ) ;
#8050 = VECTOR ( 'NONE', #1076, 1000.000000000000000 ) ;
#8051 = B_SPLINE_SURFACE_WITH_KNOTS ( 'NONE', 5, 5, ( 
 ( #4470, #3831, #1151, #6448, #1196, #5124 ),
 ( #558, #5886, #7815, #3224, #1934, #8372 ),
 ( #1842, #18, #2618, #1236, #3871, #5254 ),
 ( #3187, #6575, #5798, #1801, #7771, #7860 ),
 ( #1277, #5842, #1974, #4557, #1892, #4425 ),
 ( #5082, #6490, #8411, #7174, #4597, #3098 ) ),
 .UNSPECIFIED., .F., .F., .F.,
 ( 6, 6 ),
 ( 6, 6 ),
 ( 14.17358434910000042, 17.21375952740000059 ),
 ( 0.000000000000000000, 0.8478725696389999289 ),
 .UNSPECIFIED. ) ;
#8052 = CARTESIAN_POINT ( 'NONE',  ( -23.93000471230000059, -21.32019745520000242, 19.40561662600000048 ) ) ;
#8053 = B_SPLINE_CURVE_WITH_KNOTS ( 'NONE', 5,
 ( #4370, #4452, #6946, #1825, #2996, #3686 ),
 .UNSPECIFIED., .F., .F.,
 ( 6, 6 ),
 ( -0.5502330740369999473, 0.000000000000000000 ),
 .UNSPECIFIED. ) ;
#8054 = EDGE_CURVE ( 'NONE', #327, #4831, #4992, .T. ) ;
#8055 = CARTESIAN_POINT ( 'NONE',  ( -5.089639569423038523, 2.600437768910003999, 11.06832668378851459 ) ) ;
#8056 = CARTESIAN_POINT ( 'NONE',  ( -16.49595512354600402, 2.128945888734261604, 4.386932767401724220 ) ) ;
#8057 = EDGE_LOOP ( 'NONE', ( #5331, #8282 ) ) ;
#8058 = ORIENTED_EDGE ( 'NONE', *, *, #1954, .F. ) ;
#8059 = DIRECTION ( 'NONE',  ( -0.7068913076152754105, 0.02468518656870962932, 0.7068913076152754105 ) ) ;
#8060 = CARTESIAN_POINT ( 'NONE',  ( 3.110283406849999821, 0.6376535211580001139, 12.68811304549999974 ) ) ;
#8061 = B_SPLINE_CURVE_WITH_KNOTS ( 'NONE', 3,
 ( #5956, #3955, #674, #6483, #7855, #6000, #7930, #50, #5328, #2571, #7131, #7169, #7256, #1229 ),
 .UNSPECIFIED., .F., .F.,
 ( 4, 2, 2, 2, 2, 2, 4 ),
 ( 0.000000000000000000, 0.2500000000000000000, 0.3750000000000000000, 0.5000000000000000000, 0.6250000000000000000, 0.7500000000000000000, 1.000000000000000000 ),
 .UNSPECIFIED. ) ;
#8062 = CARTESIAN_POINT ( 'NONE',  ( 2.463939954720000269, -18.01201081289999806, 19.88328188970000099 ) ) ;
#8063 = CARTESIAN_POINT ( 'NONE',  ( -6.269251729717762345, -18.48479467070000126, 14.91855603861607449 ) ) ;
#8064 = CARTESIAN_POINT ( 'NONE',  ( -19.33856520480000185, 3.868766978610000074, 23.51887654769999969 ) ) ;
#8065 = ADVANCED_FACE ( 'NONE', ( #4340 ), #6475, .F. ) ;
#8066 = CARTESIAN_POINT ( 'NONE',  ( -27.92811797528994333, -16.93788074146731759, 7.684308184749927939 ) ) ;
#8067 = ORIENTED_EDGE ( 'NONE', *, *, #2716, .T. ) ;
#8068 = EDGE_LOOP ( 'NONE', ( #4371, #6165, #5749, #7390 ) ) ;
#8069 = CARTESIAN_POINT ( 'NONE',  ( -17.39131193349999904, -19.21972944970000086, 23.92282769639999884 ) ) ;
#8070 = CARTESIAN_POINT ( 'NONE',  ( -24.94695037079999977, 3.615095588609999577, 23.61421359899999928 ) ) ;
#8071 = CARTESIAN_POINT ( 'NONE',  ( -12.25971635719999853, -18.24689358719999888, 23.44266026540000070 ) ) ;
#8072 = DIRECTION ( 'NONE',  ( 1.666974098589999993E-18, -1.000000000000000000, 1.020727247049999969E-34 ) ) ;
#8073 = CARTESIAN_POINT ( 'NONE',  ( -16.23718894970000193, 2.335437579780000217, 4.265017670130000660 ) ) ;
#8074 = CARTESIAN_POINT ( 'NONE',  ( 2.475443981200000199, -16.62762178130000024, 7.212063815449999638 ) ) ;
#8075 = CARTESIAN_POINT ( 'NONE',  ( -24.86801759289999936, 3.581366361370000195, 23.77906207279999862 ) ) ;
#8076 = DIRECTION ( 'NONE',  ( 3.667185336520704757E-18, 1.000000000000000000, 1.320727196930000051E-15 ) ) ;
#8077 = PERSON_AND_ORGANIZATION ( #18446744073709551615, #18446744073709551615 ) ;
#8078 = ORIENTED_EDGE ( 'NONE', *, *, #8001, .F. ) ;
#8079 = CARTESIAN_POINT ( 'NONE',  ( -17.04516904680000167, -19.65290208609999922, 24.12024085540000229 ) ) ;
#8080 = CARTESIAN_POINT ( 'NONE',  ( -25.08307650749999951, 3.317566928270000215, 4.839266558979999466 ) ) ;
#8081 = EDGE_CURVE ( 'NONE', #7301, #6706, #7393, .T. ) ;
#8082 = CARTESIAN_POINT ( 'NONE',  ( 2.982553319489999577, -8.045770887830000717, 23.79999802580000079 ) ) ;
#8083 = ORIENTED_EDGE ( 'NONE', *, *, #4759, .F. ) ;
#8084 = CARTESIAN_POINT ( 'NONE',  ( -8.422412871207608731, -15.23700209641356729, 5.159172865756186610 ) ) ;
#8085 = CARTESIAN_POINT ( 'NONE',  ( -8.708692520179999619, -18.33479467069999913, 8.629137835169998993 ) ) ;
#8086 = CARTESIAN_POINT ( 'NONE',  ( -6.299189362029999906, -14.26449597650000101, 4.892556048289999460 ) ) ;
#8087 = CARTESIAN_POINT ( 'NONE',  ( -11.07301189010000009, 0.6652053292599999779, 6.748318103489999942 ) ) ;
#8088 = CARTESIAN_POINT ( 'NONE',  ( -17.11742730639999976, 3.681724901569999986, 24.16717292810000117 ) ) ;
#8089 = DIRECTION ( 'NONE',  ( 0.000000000000000000, 0.000000000000000000, -1.000000000000000000 ) ) ;
#8090 = CARTESIAN_POINT ( 'NONE',  ( 2.164633051259999608, -3.712452756019999800, 23.79999797460000011 ) ) ;
#8091 = CARTESIAN_POINT ( 'NONE',  ( 2.803349569340000347, -18.33479481859999893, 17.25031386240000231 ) ) ;
#8092 = CARTESIAN_POINT ( 'NONE',  ( -7.623890690893699862, 0.3470886629635578924, 20.25153718042617257 ) ) ;
#8093 = DIRECTION ( 'NONE',  ( -1.000000000000000000, 3.421814638940819472E-17, 0.000000000000000000 ) ) ;
#8094 = CARTESIAN_POINT ( 'NONE',  ( -12.22850577347494827, 0.5383809857176927727, 23.42578049356142245 ) ) ;
#8095 = CYLINDRICAL_SURFACE ( 'NONE', #1304, 1.299999999999999156 ) ;
#8096 = ORIENTED_EDGE ( 'NONE', *, *, #1500, .F. ) ;
#8097 = ORIENTED_EDGE ( 'NONE', *, *, #6849, .T. ) ;
#8098 = CARTESIAN_POINT ( 'NONE',  ( 3.791064675920000404, -8.834794670739999134, 14.29999802579999901 ) ) ;
#8099 = CARTESIAN_POINT ( 'NONE',  ( -26.48855652660000004, -21.23085085700000008, 6.658540939369999023 ) ) ;
#8100 = CARTESIAN_POINT ( 'NONE',  ( -18.21754501919999569, -19.04917258379999723, 24.00251220799999885 ) ) ;
#8101 = CARTESIAN_POINT ( 'NONE',  ( -15.25892806939999957, -18.48479467049999769, 5.814356888799999012 ) ) ;
#8102 = CARTESIAN_POINT ( 'NONE',  ( 2.675088677689999805, -16.57380076309999950, 21.32613803070000102 ) ) ;
#8103 = CARTESIAN_POINT ( 'NONE',  ( -8.231265701686695024, 2.600437768910010661, 6.459816755048579218 ) ) ;
#8104 = B_SPLINE_CURVE_WITH_KNOTS ( 'NONE', 5,
 ( #2704, #16, #677, #3304, #133, #5253 ),
 .UNSPECIFIED., .F., .F.,
 ( 6, 6 ),
 ( 0.000000000000000000, 7.100964916059999688 ),
 .UNSPECIFIED. ) ;
#8105 = ORIENTED_EDGE ( 'NONE', *, *, #7752, .T. ) ;
#8106 = CARTESIAN_POINT ( 'NONE',  ( -17.29664461770000017, -19.57370343359999865, 24.06397149909999911 ) ) ;
#8107 = CARTESIAN_POINT ( 'NONE',  ( -25.48570846179424976, -1.525508220633726264, 5.241898671254242359 ) ) ;
#8108 = CARTESIAN_POINT ( 'NONE',  ( -17.12365071140000339, 0.8152079518410000336, 5.693149291710000170 ) ) ;
#8109 = CARTESIAN_POINT ( 'NONE',  ( -27.89639238161484514, -16.38340346837235018, 20.94741346048512654 ) ) ;
#8110 = CARTESIAN_POINT ( 'NONE',  ( -5.575209023879999393, 7.215205329249999799, 18.50928029179999967 ) ) ;
#8111 = ADVANCED_FACE ( 'NONE', ( #3575 ), #7433, .T. ) ;
#8112 = CARTESIAN_POINT ( 'NONE',  ( -17.06334172469999899, -21.22459221849999977, 4.540407911429999999 ) ) ;
#8113 = CARTESIAN_POINT ( 'NONE',  ( 2.580051879920000069, -15.90155238649999880, 6.524495356200000096 ) ) ;
#8114 = DIRECTION ( 'NONE',  ( 0.000000000000000000, 1.000000000000000000, 1.334402673828314029E-15 ) ) ;
#8115 = CARTESIAN_POINT ( 'NONE',  ( -23.18893532420000270, -8.834794670750000023, 14.29999802579999901 ) ) ;
#8116 = COORDINATED_UNIVERSAL_TIME_OFFSET ( 10, 0, .AHEAD. ) ;
#8117 = ORIENTED_EDGE ( 'NONE', *, *, #2294, .T. ) ;
#8118 = CARTESIAN_POINT ( 'NONE',  ( -15.34464112849999928, -19.96004209960000253, 24.25839438719999919 ) ) ;
#8119 = CARTESIAN_POINT ( 'NONE',  ( -17.38059845960000160, 3.849407690729999665, 4.519760208090000120 ) ) ;
#8120 = CARTESIAN_POINT ( 'NONE',  ( 2.552185085850000146, -12.48992621579999884, 23.79999802580000079 ) ) ;
#8121 = B_SPLINE_SURFACE_WITH_KNOTS ( 'NONE', 5, 5, ( 
 ( #1095, #6340, #453, #3080, #6563, #7884 ),
 ( #3211, #5873, #6516, #2517, #622, #2 ),
 ( #3255, #584, #7160, #1264, #5826, #3816 ),
 ( #4584, #2602, #7799, #8443, #4501, #2561 ),
 ( #4628, #5149, #3901, #6431, #2006, #7844 ),
 ( #3857, #7755, #5198, #3947, #1872, #7120 ) ),
 .UNSPECIFIED., .F., .F., .F.,
 ( 6, 6 ),
 ( 6, 6 ),
 ( 9.884462147189999826, 12.92461227060000084 ),
 ( 0.000000000000000000, 0.8478732241509999712 ),
 .UNSPECIFIED. ) ;
#8122 = CARTESIAN_POINT ( 'NONE',  ( 3.091064676669999844, -8.834794670739999134, 22.36999802580000107 ) ) ;
#8123 = CARTESIAN_POINT ( 'NONE',  ( 2.475442812079999388, -1.041900404479999986, 21.38786511099999998 ) ) ;
#8124 = CARTESIAN_POINT ( 'NONE',  ( -16.92974463799999896, -19.48158208420000292, 24.01947429690000035 ) ) ;
#8125 = B_SPLINE_CURVE_WITH_KNOTS ( 'NONE', 4,
 ( #3637, #6997, #6387, #2521, #2442 ),
 .UNSPECIFIED., .F., .F.,
 ( 5, 5 ),
 ( -3.699773593119999759, 0.000000000000000000 ),
 .UNSPECIFIED. ) ;
#8126 = CARTESIAN_POINT ( 'NONE',  ( -17.34230116839999880, 3.942651973719999869, 4.519581477269999148 ) ) ;
#8127 = CARTESIAN_POINT ( 'NONE',  ( -12.00562342807332783, -18.10776735673740134, 5.167780002112778881 ) ) ;
#8128 = CARTESIAN_POINT ( 'NONE',  ( -23.18893532340000263, 0.3652053292539998997, 22.19999802579999937 ) ) ;
#8129 = CARTESIAN_POINT ( 'NONE',  ( -27.20627495967017140, 0.2384910158328853724, 21.63753088242982159 ) ) ;
#8130 = CARTESIAN_POINT ( 'NONE',  ( 2.620461711119631332, -3.231149279626144288, 5.385230794246937513 ) ) ;
#8131 = CARTESIAN_POINT ( 'NONE',  ( -7.540504143247973801, 0.3502337920548134753, 20.21690166002591837 ) ) ;
#8132 = VERTEX_POINT ( 'NONE', #2202 ) ;
#8133 = CARTESIAN_POINT ( 'NONE',  ( -12.53335227642643623, 0.2498733092148607005, 4.834613256947602800 ) ) ;
#8134 = CARTESIAN_POINT ( 'NONE',  ( -12.31777458690424787, 0.5702868508475982257, 23.41731263876400249 ) ) ;
#8135 = FACE_OUTER_BOUND ( 'NONE', #1700, .T. ) ;
#8136 = ORIENTED_EDGE ( 'NONE', *, *, #7367, .T. ) ;
#8137 = ORIENTED_EDGE ( 'NONE', *, *, #6715, .T. ) ;
#8138 = FACE_OUTER_BOUND ( 'NONE', #5729, .T. ) ;
#8139 = CARTESIAN_POINT ( 'NONE',  ( -24.32713208116806669, 4.103131801751279006, 11.01940562941823742 ) ) ;
#8140 = CARTESIAN_POINT ( 'NONE',  ( -25.01255033279999651, -21.17380259069999937, 4.818720973769999638 ) ) ;
#8141 = CARTESIAN_POINT ( 'NONE',  ( -26.28007069899294734, -15.48655623541166548, 22.56373514310703854 ) ) ;
#8142 = CARTESIAN_POINT ( 'NONE',  ( -19.26638654459999955, 4.288545054450000116, 23.34392587259999630 ) ) ;
#8143 = CARTESIAN_POINT ( 'NONE',  ( -6.306274349351869368, 2.600437768910007108, 8.589672988361426675 ) ) ;
#8144 = ORIENTED_EDGE ( 'NONE', *, *, #7607, .T. ) ;
#8145 = CARTESIAN_POINT ( 'NONE',  ( -12.84683463080000010, 0.6652053292599999779, 23.29999802580000079 ) ) ;
#8146 = CARTESIAN_POINT ( 'NONE',  ( -26.64380781570000067, -2.234794671489999995, 6.399998025110000377 ) ) ;
#8147 = CARTESIAN_POINT ( 'NONE',  ( -7.520103561170000006, -18.30276893539999961, 8.894811016749999411 ) ) ;
#8148 = ADVANCED_FACE ( 'NONE', ( #226 ), #4226, .T. ) ;
#8149 = CARTESIAN_POINT ( 'NONE',  ( -18.94640554956652068, -18.48468745772130362, 4.602376776634086397 ) ) ;
#8150 = CARTESIAN_POINT ( 'NONE',  ( 2.624009465929999951, -13.90520980630000025, 5.080942787899999757 ) ) ;
#8151 = CARTESIAN_POINT ( 'NONE',  ( -6.639335386900001801, 0.8152053292530001549, 13.45290393475898583 ) ) ;
#8152 = CARTESIAN_POINT ( 'NONE',  ( -28.14380781630000072, -20.87286534510000280, 14.29999802449999891 ) ) ;
#8153 = CARTESIAN_POINT ( 'NONE',  ( -25.01255040230000048, 3.504213247500000072, 23.78127510250000043 ) ) ;
#8154 = CARTESIAN_POINT ( 'NONE',  ( 2.751294799799999691, -1.148350422890000111, 7.329459152080000095 ) ) ;
#8155 = CC_DESIGN_PERSON_AND_ORGANIZATION_ASSIGNMENT ( #898, #3615, ( #7509 ) ) ;
#8156 = DATE_TIME_ROLE ( 'creation_date' ) ;
#8157 = ORIENTED_EDGE ( 'NONE', *, *, #1184, .F. ) ;
#8158 = CARTESIAN_POINT ( 'NONE',  ( -18.82977378109999833, 0.7923974054419999913, 23.96911548559999972 ) ) ;
#8159 = CARTESIAN_POINT ( 'NONE',  ( -24.82197879010000108, 3.321214008850000177, 4.695743659359999711 ) ) ;
#8160 = CARTESIAN_POINT ( 'NONE',  ( -26.34946182794632819, -2.209830537675474549, 22.49434401415365770 ) ) ;
#8161 = ORIENTED_EDGE ( 'NONE', *, *, #7635, .T. ) ;
#8162 = CARTESIAN_POINT ( 'NONE',  ( 3.091064675920000226, -8.834794670740022227, 7.999998025805727053 ) ) ;
#8163 = CARTESIAN_POINT ( 'NONE',  ( -17.71856921099999838, 1.487183131349999909, 24.03197981739999989 ) ) ;
#8164 = VECTOR ( 'NONE', #531, 1000.000000000000000 ) ;
#8165 = CARTESIAN_POINT ( 'NONE',  ( 2.675066181729999659, -1.095557730829999965, 21.32590530559999920 ) ) ;
#8166 = CARTESIAN_POINT ( 'NONE',  ( -17.17209016629999851, 1.940677000069999991, 24.18997926239999785 ) ) ;
#8167 = CARTESIAN_POINT ( 'NONE',  ( -16.85180315344466706, 3.717762720049028413, 4.395228583086542962 ) ) ;
#8168 = VECTOR ( 'NONE', #8031, 1000.000000000000000 ) ;
#8169 = VECTOR ( 'NONE', #7710, 1000.000000000000114 ) ;
#8170 = CARTESIAN_POINT ( 'NONE',  ( -23.18893532340000263, -15.43479467070000055, 6.399998025760000431 ) ) ;
#8171 = CARTESIAN_POINT ( 'NONE',  ( -14.88553429218846702, -22.28479467090000909, 23.51789155530432751 ) ) ;
#8172 = CARTESIAN_POINT ( 'NONE',  ( -27.59703366957035442, -1.820928680896194196, 7.353223879030351462 ) ) ;
#8173 = CARTESIAN_POINT ( 'NONE',  ( -8.799188534100000680, -15.55052671149999988, 5.187626103150000390 ) ) ;
#8174 = CARTESIAN_POINT ( 'NONE',  ( -8.799189362029999018, -0.9207423506299999838, 6.385945705700001085 ) ) ;
#8175 = AXIS2_PLACEMENT_3D ( 'NONE', #3315, #6458, #2588 ) ;
#8176 = FACE_OUTER_BOUND ( 'NONE', #3162, .T. ) ;
#8177 = CARTESIAN_POINT ( 'NONE',  ( -8.381088084989999132, 0.3117150640529999794, 20.64022081349999738 ) ) ;
#8178 = VERTEX_POINT ( 'NONE', #4137 ) ;
#8179 = ORIENTED_EDGE ( 'NONE', *, *, #7997, .T. ) ;
#8180 = ORIENTED_EDGE ( 'NONE', *, *, #6146, .F. ) ;
#8181 = AXIS2_PLACEMENT_3D ( 'NONE', #193, #6157, #8089 ) ;
#8182 = CARTESIAN_POINT ( 'NONE',  ( -17.68744206899999938, 2.447320631349999775, 24.15339590139999970 ) ) ;
#8183 = CARTESIAN_POINT ( 'NONE',  ( -23.03036441748219332, 4.151294687367233394, 8.443775110742139489 ) ) ;
#8184 = CARTESIAN_POINT ( 'NONE',  ( -18.19094785387509106, -21.61403733045685271, 23.91295996272139135 ) ) ;
#8185 = CARTESIAN_POINT ( 'NONE',  ( -25.48570847416348784, -16.14408109720127271, 23.35809736793647673 ) ) ;
#8186 = CARTESIAN_POINT ( 'NONE',  ( -7.946547917060001076, -3.592943465469999875, 23.79999802580000079 ) ) ;
#8187 = CARTESIAN_POINT ( 'NONE',  ( -26.93815380568197781, -18.00983053759416563, 6.694344015141952653 ) ) ;
#8188 = CARTESIAN_POINT ( 'NONE',  ( -15.48555155844796438, -19.96004228929738034, 24.25019381679703656 ) ) ;
#8189 = B_SPLINE_SURFACE_WITH_KNOTS ( 'NONE', 5, 5, ( 
 ( #1490, #6733, #7375, #5461, #2826, #4074 ),
 ( #6127, #3559, #288, #8140, #6169, #1406 ),
 ( #7298, #2913, #6819, #4853, #4723, #5542 ),
 ( #7457, #837, #4158, #6083, #4118, #4682 ),
 ( #2098, #1444, #252, #4030, #6647, #752 ),
 ( #3470, #5499, #7416, #171, #2748, #4767 ) ),
 .UNSPECIFIED., .F., .F., .F.,
 ( 6, 6 ),
 ( 6, 6 ),
 ( 1.490211018460000147, 1.786400640990000177 ),
 ( 0.000000000000000000, 0.4939593632729999961 ),
 .UNSPECIFIED. ) ;
#8190 = EDGE_LOOP ( 'NONE', ( #6692, #1590, #5907, #2008 ) ) ;
#8191 = CARTESIAN_POINT ( 'NONE',  ( -9.203083707511712674, -18.33479467066400304, 8.078933350482206066 ) ) ;
#8192 = CARTESIAN_POINT ( 'NONE',  ( -25.81290168617091041, -1.934648878910499858, 5.569091895630906563 ) ) ;
#8193 = CARTESIAN_POINT ( 'NONE',  ( -8.442854427400000361, -18.11381349170000021, 8.054710506530000202 ) ) ;
#8194 = DIRECTION ( 'NONE',  ( 1.000000000000000000, 0.000000000000000000, 8.824653352532039603E-17 ) ) ;
#8195 = LINE ( 'NONE', #3653, #5858 ) ;
#8196 = CARTESIAN_POINT ( 'NONE',  ( -21.18893532370000088, 0.1652053292599999779, 23.79999802580000079 ) ) ;
#8197 = CARTESIAN_POINT ( 'NONE',  ( -18.00783719940000083, 1.328007342349999842, 4.584423425429999810 ) ) ;
#8198 = FACE_OUTER_BOUND ( 'NONE', #6899, .T. ) ;
#8199 = CARTESIAN_POINT ( 'NONE',  ( -23.18893532340000263, -16.08008999621783275, 21.06407572093946357 ) ) ;
#8200 = ORIENTED_EDGE ( 'NONE', *, *, #4103, .F. ) ;
#8201 = CARTESIAN_POINT ( 'NONE',  ( -8.164626357040001281, -3.332706077450000137, 23.79999783289999726 ) ) ;
#8202 = CARTESIAN_POINT ( 'NONE',  ( -16.89376858379999646, 3.666787826749999812, 4.399072050380000043 ) ) ;
#8203 = CARTESIAN_POINT ( 'NONE',  ( -25.44373725755351501, -1.435692457383490162, 23.40006858454646732 ) ) ;
#8204 = CARTESIAN_POINT ( 'NONE',  ( -19.01161812066272816, 0.8152044901585042691, 24.07537810466185491 ) ) ;
#8205 = CARTESIAN_POINT ( 'NONE',  ( 2.146753776690000226, -3.272215224090000429, 4.981815864659999704 ) ) ;
#8206 = CARTESIAN_POINT ( 'NONE',  ( -6.299189361289999844, -18.04190145190000294, 19.97365242900000126 ) ) ;
#8207 = CARTESIAN_POINT ( 'NONE',  ( 2.403155669309999798, -0.3328897342430000017, 20.67885434980000170 ) ) ;
#8208 = ORIENTED_EDGE ( 'NONE', *, *, #5561, .T. ) ;
#8209 = CARTESIAN_POINT ( 'NONE',  ( -17.07149211129999600, -19.70418389330000153, 4.487782072319999926 ) ) ;
#8210 = CARTESIAN_POINT ( 'NONE',  ( -16.81186558968838440, 3.698596533397462860, 4.386280857841568626 ) ) ;
#8211 = CARTESIAN_POINT ( 'NONE',  ( 2.576984753010000073, -18.00497403079999970, 8.976595434900000114 ) ) ;
#8212 = CARTESIAN_POINT ( 'NONE',  ( -19.47158990279999813, 3.806299389600000360, 4.808721213870000177 ) ) ;
#8213 = CARTESIAN_POINT ( 'NONE',  ( -27.81278960430340419, -1.503648147816581959, 7.568979813763398568 ) ) ;
#8214 = CARTESIAN_POINT ( 'NONE',  ( 3.091064675920000226, -8.834794670739999134, 14.29999802579999901 ) ) ;
#8215 = CARTESIAN_POINT ( 'NONE',  ( -17.74732224069999731, -21.03847011710000103, 23.94640232849999961 ) ) ;
#8216 = ADVANCED_FACE ( 'NONE', ( #6664 ), #5316, .T. ) ;
#8217 = ORIENTED_EDGE ( 'NONE', *, *, #4121, .T. ) ;
#8218 = CARTESIAN_POINT ( 'NONE',  ( -15.34666316589999902, -19.99484453400000206, 4.306857919349999619 ) ) ;
#8219 = EDGE_CURVE ( 'NONE', #1245, #6693, #2809, .T. ) ;
#8220 = CARTESIAN_POINT ( 'NONE',  ( -7.963566332280000104, 0.4628358226270000153, 20.22283038850000025 ) ) ;
#8221 = VERTEX_POINT ( 'NONE', #7441 ) ;
#8222 = ORIENTED_EDGE ( 'NONE', *, *, #2344, .F. ) ;
#8223 = CARTESIAN_POINT ( 'NONE',  ( 2.294021064879999905, -13.83137358309999954, 4.799998033009999610 ) ) ;
#8224 = CARTESIAN_POINT ( 'NONE',  ( -18.53709807859999970, -21.98479484709999809, 23.56129178589999995 ) ) ;
#8225 = CARTESIAN_POINT ( 'NONE',  ( -24.10671768219999933, -21.31402650229999907, 9.526236577940000672 ) ) ;
#8226 = CARTESIAN_POINT ( 'NONE',  ( -26.13534964067235222, -17.93143953395496837, 22.70845620142763366 ) ) ;
#8227 = CARTESIAN_POINT ( 'NONE',  ( 2.590735491169999793, 0.2330468464620000235, 19.74886487579999894 ) ) ;
#8228 = CARTESIAN_POINT ( 'NONE',  ( -22.42114579039999711, 3.760329051259999833, 21.35101783109999829 ) ) ;
#8229 = EDGE_CURVE ( 'NONE', #3390, #1274, #5695, .T. ) ;
#8230 = CARTESIAN_POINT ( 'NONE',  ( -28.44380783444999850, 3.203276002699998681, 20.19289137514999766 ) ) ;
#8231 = VERTEX_POINT ( 'NONE', #1645 ) ;
#8232 = CARTESIAN_POINT ( 'NONE',  ( -26.64380781570000067, 0.3652053299980000389, 6.399998025110000377 ) ) ;
#8233 = CARTESIAN_POINT ( 'NONE',  ( -11.73446219480000074, 0.2775777649560000060, 5.187625590070000570 ) ) ;
#8234 = CARTESIAN_POINT ( 'NONE',  ( -9.068534087619999795, -18.29323115149999879, 7.914144266710001041 ) ) ;
#8235 = CARTESIAN_POINT ( 'NONE',  ( -27.73131085989965428, -17.44977049978844263, 21.11249498220033161 ) ) ;
#8236 = CARTESIAN_POINT ( 'NONE',  ( 2.359718277519999852, 0.5961902825020000130, 19.59350460960000007 ) ) ;
#8237 = CARTESIAN_POINT ( 'NONE',  ( 2.764219068720977557, -1.868296141649042452, 21.86044232917273789 ) ) ;
#8238 = CARTESIAN_POINT ( 'NONE',  ( 2.401679082979999880, 0.6339750517019999698, 19.32660789050000005 ) ) ;
#8239 = DIRECTION ( 'NONE',  ( 5.373988463373008342E-17, 0.000000000000000000, -1.000000000000000000 ) ) ;
#8240 = CARTESIAN_POINT ( 'NONE',  ( -18.98983390659999770, 3.814370325050000066, 23.88648995289999988 ) ) ;
#8241 = VERTEX_POINT ( 'NONE', #1736 ) ;
#8242 = VERTEX_POINT ( 'NONE', #3583 ) ;
#8243 = VERTEX_POINT ( 'NONE', #313 ) ;
#8244 = DIRECTION ( 'NONE',  ( 0.9987827659587170670, 0.03487826274239014951, 0.03487826274239014951 ) ) ;
#8245 = LINE ( 'NONE', #5770, #4638 ) ;
#8246 = CARTESIAN_POINT ( 'NONE',  ( -23.54652548980000049, -21.80113027370000367, 19.09732830489999955 ) ) ;
#8247 = CARTESIAN_POINT ( 'NONE',  ( -18.30901221099999887, -18.75152012859999928, 4.671961548770000583 ) ) ;
#8248 = CARTESIAN_POINT ( 'NONE',  ( -18.33255608486511790, 4.217417972950464389, 23.75398540962189742 ) ) ;
#8249 = CARTESIAN_POINT ( 'NONE',  ( -7.913939563199998695, -14.86009364170000069, 23.47513701769999983 ) ) ;
#8250 = FACE_OUTER_BOUND ( 'NONE', #7286, .T. ) ;
#8251 = CARTESIAN_POINT ( 'NONE',  ( -17.83535647329999918, 1.699314854440000078, 24.14823071719999703 ) ) ;
#8252 = CARTESIAN_POINT ( 'NONE',  ( -23.79462898010000060, 3.712015459119999861, 19.24094376020000041 ) ) ;
#8253 = B_SPLINE_CURVE_WITH_KNOTS ( 'NONE', 3,
 ( #3983, #6595, #4583, #7201 ),
 .UNSPECIFIED., .F., .F.,
 ( 4, 4 ),
 ( 0.000000000000000000, 1.000000000000000000 ),
 .UNSPECIFIED. ) ;
#8254 = CARTESIAN_POINT ( 'NONE',  ( -6.327761929590000278, 7.215205329249999799, 8.886092836330000466 ) ) ;
#8255 = CARTESIAN_POINT ( 'NONE',  ( -25.29260522859999938, 3.603025055200000271, 11.33834789969999868 ) ) ;
#8256 = CARTESIAN_POINT ( 'NONE',  ( 2.590735405599999819, -3.385927953119999945, 23.36783975770000055 ) ) ;
#8257 = CARTESIAN_POINT ( 'NONE',  ( -18.86454049440000347, -18.40995396789999816, 23.93217446749999766 ) ) ;
#8258 = CARTESIAN_POINT ( 'NONE',  ( 2.371302732400000224, -1.746495218229999979, 22.09245975770000214 ) ) ;
#8259 = EDGE_CURVE ( 'NONE', #284, #7668, #4571, .T. ) ;
#8260 = CARTESIAN_POINT ( 'NONE',  ( -25.81290168841656651, -17.73464888233231562, 5.569091897876542241 ) ) ;
#8261 = CARTESIAN_POINT ( 'NONE',  ( -6.299190298310000102, 0.6652053673240000409, 19.42362461349999947 ) ) ;
#8262 = ADVANCED_FACE ( 'NONE', ( #4926 ), #7531, .F. ) ;
#8263 = EDGE_LOOP ( 'NONE', ( #2532, #668, #8067, #1387 ) ) ;
#8264 = CARTESIAN_POINT ( 'NONE',  ( -24.29561131200000190, -21.47754709279999830, 17.86905938049999776 ) ) ;
#8265 = ORIENTED_EDGE ( 'NONE', *, *, #1599, .F. ) ;
#8266 = CARTESIAN_POINT ( 'NONE',  ( -24.38615885217008739, 4.100959304453130727, 11.19808074279426968 ) ) ;
#8267 = CARTESIAN_POINT ( 'NONE',  ( -26.24464921824882069, 0.3025465897606210430, 22.59915662385117940 ) ) ;
#8268 = CARTESIAN_POINT ( 'NONE',  ( -21.18893532418053027, -21.17666293995021221, 24.03112106244254420 ) ) ;
#8269 = CARTESIAN_POINT ( 'NONE',  ( -28.39810125360000015, -20.96584912049999971, 8.176902947070001204 ) ) ;
#8270 = DIRECTION ( 'NONE',  ( 1.000000000000000000, 7.897900535260000072E-18, 6.123233995739999133E-17 ) ) ;
#8271 = CARTESIAN_POINT ( 'NONE',  ( -15.35542634309997290, 2.605672700163334188, 4.156285577064664061 ) ) ;
#8272 = VERTEX_POINT ( 'NONE', #6891 ) ;
#8273 = CARTESIAN_POINT ( 'NONE',  ( -8.934464102097285476, -18.16577568977522361, 7.749942866396049013 ) ) ;
#8274 = CARTESIAN_POINT ( 'NONE',  ( -11.73446219480000074, 0.2775777649560000060, 5.187625590070000570 ) ) ;
#8275 = CARTESIAN_POINT ( 'NONE',  ( -7.397981217519999930, -18.03124125260000099, 8.509081918180001480 ) ) ;
#8276 = CARTESIAN_POINT ( 'NONE',  ( -8.799189362029999018, 0.2775777651310000205, 21.01573022919999900 ) ) ;
#8277 = CARTESIAN_POINT ( 'NONE',  ( 2.650187423950813415, -3.076350192428598085, 23.06167958376511251 ) ) ;
#8278 = CARTESIAN_POINT ( 'NONE',  ( -23.79462883969999965, 3.712015463149999750, 19.24094395230000032 ) ) ;
#8279 = CARTESIAN_POINT ( 'NONE',  ( -24.74697255919999606, 3.622078967869999833, 23.60705441629999868 ) ) ;
#8280 = EDGE_CURVE ( 'NONE', #8243, #6230, #1692, .T. ) ;
#8281 = CARTESIAN_POINT ( 'NONE',  ( -23.54652548980000049, -21.80113027370000367, 19.09732830489999955 ) ) ;
#8282 = ORIENTED_EDGE ( 'NONE', *, *, #5817, .T. ) ;
#8283 = ORIENTED_EDGE ( 'NONE', *, *, #2696, .T. ) ;
#8284 = FACE_OUTER_BOUND ( 'NONE', #3747, .T. ) ;
#8285 = CARTESIAN_POINT ( 'NONE',  ( -4.353425745779999190, -17.33479467069999913, 16.36515871099999941 ) ) ;
#8286 = CARTESIAN_POINT ( 'NONE',  ( -23.96759972140000272, -21.31888460860000123, 19.33689504999999897 ) ) ;
#8287 = CARTESIAN_POINT ( 'NONE',  ( -19.04403477929999866, -18.29047576570000189, 4.666111206820000135 ) ) ;
#8288 = CARTESIAN_POINT ( 'NONE',  ( 2.523998032629999777, -3.471012288049999839, 5.046885903969999809 ) ) ;
#8289 = EDGE_CURVE ( 'NONE', #6175, #6508, #4872, .T. ) ;
#8290 = CARTESIAN_POINT ( 'NONE',  ( -16.94008616500000031, 3.686798486009999820, 24.19762544729999831 ) ) ;
#8291 = CARTESIAN_POINT ( 'NONE',  ( -17.66685720670000137, 2.549339522439999950, 4.445881311289999971 ) ) ;
#8292 = CONICAL_SURFACE ( 'NONE', #7891, 9.999999999999996447, 0.03490658503990158590 ) ;
#8293 = CARTESIAN_POINT ( 'NONE',  ( -17.29973554129999869, 1.716031887950000057, 24.06440255169999531 ) ) ;
#8294 = CARTESIAN_POINT ( 'NONE',  ( -16.13970338489648526, -19.83447365111786453, 4.425121086529992809 ) ) ;
#8295 = CARTESIAN_POINT ( 'NONE',  ( -11.07301109660000016, -16.38647506799999931, 4.799998025759999898 ) ) ;
#8296 = CARTESIAN_POINT ( 'NONE',  ( -21.95161271881556786, -21.85960378073824728, 6.931474481751953576 ) ) ;
#8297 = VECTOR ( 'NONE', #4519, 1000.000000000000000 ) ;
#8298 = CARTESIAN_POINT ( 'NONE',  ( -27.78684297340166509, -0.3154208503793028973, 7.543033182861665686 ) ) ;
#8299 = CARTESIAN_POINT ( 'NONE',  ( 2.737771870827075738, -0.8298476569888122434, 7.779576258686572210 ) ) ;
#8300 = LINE ( 'NONE', #1093, #2162 ) ;
#8301 = ADVANCED_FACE ( 'NONE', ( #6242 ), #1535, .T. ) ;
#8302 = CARTESIAN_POINT ( 'NONE',  ( -25.96005022304689547, -15.62406221208734536, 5.716240432506866753 ) ) ;
#8303 = ORIENTED_EDGE ( 'NONE', *, *, #1776, .F. ) ;
#8304 = VECTOR ( 'NONE', #5392, 1000.000000000000000 ) ;
#8305 = CIRCLE ( 'NONE', #6800, 8.125735931289998604 ) ;
#8306 = CARTESIAN_POINT ( 'NONE',  ( -28.29736120729999982, -20.87491095639999727, 8.053551416739999524 ) ) ;
#8307 = ORIENTED_EDGE ( 'NONE', *, *, #5416, .T. ) ;
#8308 = DIRECTION ( 'NONE',  ( -0.9987827659587177331, 0.03487826274237704888, -0.03487826274239014257 ) ) ;
#8309 = CARTESIAN_POINT ( 'NONE',  ( -6.660224860450000506, -3.855429608270000141, 4.799998025759999898 ) ) ;
#8310 = AXIS2_PLACEMENT_3D ( 'NONE', #7869, #605, #3839 ) ;
#8311 = AXIS2_PLACEMENT_3D ( 'NONE', #3590, #5535, #6120 ) ;
#8312 = CARTESIAN_POINT ( 'NONE',  ( -26.02847296356634743, 0.2152476504354245146, 22.81533287853365266 ) ) ;
#8313 = CARTESIAN_POINT ( 'NONE',  ( -25.51673897676160863, -16.08618621969336360, 23.32706686533836660 ) ) ;
#8314 = CARTESIAN_POINT ( 'NONE',  ( -6.419531484609999339, -3.868247049329999854, 23.79999802580000079 ) ) ;
#8315 = CARTESIAN_POINT ( 'NONE',  ( -21.18893532339999908, -10.15044756529999859, 24.03112106260000047 ) ) ;
#8316 = CARTESIAN_POINT ( 'NONE',  ( -12.53595017620000185, -18.05117345349999880, 23.76740414080000008 ) ) ;
#8317 = VECTOR ( 'NONE', #1774, 1000.000000000000000 ) ;
#8318 = APPROVAL_DATE_TIME ( #2239, #2763 ) ;
#8319 = VERTEX_POINT ( 'NONE', #1949 ) ;
#8320 = ORIENTED_EDGE ( 'NONE', *, *, #2859, .F. ) ;
#8321 = ORIENTED_EDGE ( 'NONE', *, *, #8402, .F. ) ;
#8322 = CARTESIAN_POINT ( 'NONE',  ( -9.299189149460001858, 0.6652053292599999779, 8.196638181219999097 ) ) ;
#8323 = CARTESIAN_POINT ( 'NONE',  ( -18.90057924144143087, -18.48479320868492337, 23.98590579945598122 ) ) ;
#8324 = CARTESIAN_POINT ( 'NONE',  ( 2.254907706879999640, 0.6288285541909999221, 9.009195746939999694 ) ) ;
#8325 = CARTESIAN_POINT ( 'NONE',  ( -25.08307610479999994, -8.768162967640000360, 4.839266314289999649 ) ) ;
#8326 = CARTESIAN_POINT ( 'NONE',  ( -20.66994720897655213, 0.8152053292530072603, 8.653915040210945264 ) ) ;
#8327 = CARTESIAN_POINT ( 'NONE',  ( -17.71859147280000002, 1.487170790440000001, 4.568017536110000165 ) ) ;
#8328 = B_SPLINE_CURVE_WITH_KNOTS ( 'NONE', 5,
 ( #2652, #1433, #7207, #6721, #1309, #4062 ),
 .UNSPECIFIED., .F., .F.,
 ( 6, 6 ),
 ( -0.5540034366120000220, 0.000000000000000000 ),
 .UNSPECIFIED. ) ;
#8329 = CARTESIAN_POINT ( 'NONE',  ( -17.36067038159999854, 3.895930228690000163, 24.07726105040000064 ) ) ;
#8330 = EDGE_CURVE ( 'NONE', #2541, #2093, #1681, .T. ) ;
#8331 = CIRCLE ( 'NONE', #5330, 8.125735931289998604 ) ;
#8332 = ADVANCED_FACE ( 'NONE', ( #488 ), #3242, .F. ) ;
#8333 = CARTESIAN_POINT ( 'NONE',  ( -23.18893532339999908, -17.53370540666739075, 21.16043113068236892 ) ) ;
#8334 = VERTEX_POINT ( 'NONE', #8343 ) ;
#8335 = CARTESIAN_POINT ( 'NONE',  ( -8.236904549519998397, -3.484624693219999791, 23.79999802580000079 ) ) ;
#8336 = CARTESIAN_POINT ( 'NONE',  ( -24.24242374140000322, -21.30928754229999811, 18.79834865009999945 ) ) ;
#8337 = CARTESIAN_POINT ( 'NONE',  ( -23.60300519120000118, -21.50228032899999775, 19.13393542600000075 ) ) ;
#8338 = CARTESIAN_POINT ( 'NONE',  ( -19.06734829718512714, 0.8150406229547118020, 24.08712092567720831 ) ) ;
#8339 = CARTESIAN_POINT ( 'NONE',  ( -16.43890401840000237, -20.00988442299999903, 4.362612686220000313 ) ) ;
#8340 = CARTESIAN_POINT ( 'NONE',  ( -3.853425701149999938, 0.2775776741500000089, 11.62246484960000004 ) ) ;
#8341 = CARTESIAN_POINT ( 'NONE',  ( -17.41597068980000174, 2.929927432700000001, 4.437122311809999609 ) ) ;
#8342 = EDGE_CURVE ( 'NONE', #6384, #1656, #7933, .T. ) ;
#8343 = CARTESIAN_POINT ( 'NONE',  ( -8.799189175469999569, 0.2775777437770000078, 7.584265767529999813 ) ) ;
#8344 = ORIENTED_EDGE ( 'NONE', *, *, #1624, .T. ) ;
#8345 = ADVANCED_FACE ( 'NONE', ( #7236 ), #7391, .T. ) ;
#8346 = EDGE_CURVE ( 'NONE', #4891, #7739, #1383, .T. ) ;
#8347 = CARTESIAN_POINT ( 'NONE',  ( -7.165360073249999573, 7.215205329249999799, 7.742856056769999995 ) ) ;
#8348 = CARTESIAN_POINT ( 'NONE',  ( -5.564781011200000904, -22.28479467070000197, 14.30079563719999491 ) ) ;
#8349 = CARTESIAN_POINT ( 'NONE',  ( -27.91909478351373508, -1.188351817479337047, 7.675284992973735676 ) ) ;
#8350 = CARTESIAN_POINT ( 'NONE',  ( 2.720818730168791166, -2.500999763481936977, 6.109436155332764073 ) ) ;
#8352 = ORIENTED_EDGE ( 'NONE', *, *, #7099, .T. ) ;
#8351 = CARTESIAN_POINT ( 'NONE',  ( -15.79657067668032511, 2.577959025914451363, 24.40964724189361235 ) ) ;
#8353 = ORIENTED_EDGE ( 'NONE', *, *, #6173, .F. ) ;
#8354 = CARTESIAN_POINT ( 'NONE',  ( -6.299190298310000102, 0.6652053673240000409, 19.42362461349999947 ) ) ;
#8355 = DIRECTION ( 'NONE',  ( 0.9987827659531008928, -0.03487826290340353963, 0.03487826274220354877 ) ) ;
#8356 = ORIENTED_EDGE ( 'NONE', *, *, #1968, .T. ) ;
#8357 = CARTESIAN_POINT ( 'NONE',  ( -21.18893532420000270, -21.11610045810000003, 4.568874989610000270 ) ) ;
#8358 = B_SPLINE_CURVE_WITH_KNOTS ( 'NONE', 3,
 ( #4445, #4404, #6938, #1128, #7574, #7029, #7617, #1169, #7748, #578, #4361, #6374, #3758 ),
 .UNSPECIFIED., .F., .F.,
 ( 4, 2, 1, 1, 1, 2, 2, 4 ),
 ( 0.000000000000000000, 0.2500000000000029976, 0.3750000000000037192, 0.4375000000000044409, 0.4687500000000039413, 0.4843750000000046074, 0.5000000000000052180, 1.000000000000000000 ),
 .UNSPECIFIED. ) ;
#8359 = CARTESIAN_POINT ( 'NONE',  ( 2.186362253400000011, -18.33479429029999963, 19.26654731170000190 ) ) ;
#8360 = CARTESIAN_POINT ( 'NONE',  ( -25.40580136162176927, -0.5351059536713403952, 23.43800448047821661 ) ) ;
#8361 = CARTESIAN_POINT ( 'NONE',  ( -15.34920864020000053, -20.07792663680000089, 4.263120579140000643 ) ) ;
#8362 = CARTESIAN_POINT ( 'NONE',  ( -28.44380780659999530, -20.96501872849999870, 8.329066626819999541 ) ) ;
#8363 = CARTESIAN_POINT ( 'NONE',  ( -12.84683463049999830, -18.27310964319999798, 4.985838760400000069 ) ) ;
#8364 = CARTESIAN_POINT ( 'NONE',  ( -12.84683463080000010, -17.83479467069999913, 4.799998025759999898 ) ) ;
#8365 = CARTESIAN_POINT ( 'NONE',  ( 0.000000000000000000, 0.000000000000000000, 0.000000000000000000 ) ) ;
#8366 = ORIENTED_EDGE ( 'NONE', *, *, #1642, .T. ) ;
#8367 = ORIENTED_EDGE ( 'NONE', *, *, #7635, .F. ) ;
#8368 = EDGE_CURVE ( 'NONE', #2353, #1317, #728, .T. ) ;
#8369 = CARTESIAN_POINT ( 'NONE',  ( 2.150091566099999962, -14.11402962490000057, 4.830337219439999608 ) ) ;
#8370 = CARTESIAN_POINT ( 'NONE',  ( 2.186362437220000121, 0.6652049272439999328, 19.26654600530000039 ) ) ;
#8371 = CARTESIAN_POINT ( 'NONE',  ( 2.143972155550000203, 0.5731332148929999537, 8.870792266429999628 ) ) ;
#8372 = CARTESIAN_POINT ( 'NONE',  ( -6.958145519780000399, -18.33479467069999913, 19.26654945639999994 ) ) ;
#8373 = CARTESIAN_POINT ( 'NONE',  ( 2.523998032629999777, -14.19857705339999931, 23.55311014760000177 ) ) ;
#8374 = CARTESIAN_POINT ( 'NONE',  ( -19.24737299890000131, 0.8152053290290001142, 4.501074138949999970 ) ) ;
#8375 = CARTESIAN_POINT ( 'NONE',  ( -8.294188178383407717, -20.17217398529998107, 6.535320015480669653 ) ) ;
#8376 = CARTESIAN_POINT ( 'NONE',  ( -14.76507131800000039, -18.48479467069999771, 20.79999802579999724 ) ) ;
#8377 = ORIENTED_EDGE ( 'NONE', *, *, #1874, .F. ) ;
#8378 = CARTESIAN_POINT ( 'NONE',  ( -18.00781892470000400, 1.328018951549999827, 24.01557386169999830 ) ) ;
#8379 = EDGE_CURVE ( 'NONE', #2128, #3805, #3356, .T. ) ;
#8380 = CARTESIAN_POINT ( 'NONE',  ( 2.619375706120000036, -3.747461671800000005, 5.081113595869999777 ) ) ;
#8381 = CARTESIAN_POINT ( 'NONE',  ( -8.608649368010000913, -14.82285602999999874, 23.76237110859999646 ) ) ;
#8382 = CARTESIAN_POINT ( 'NONE',  ( -24.76507131800000039, 0.8152053292530000439, 14.29999802579999901 ) ) ;
#8383 = CARTESIAN_POINT ( 'NONE',  ( 2.352716793379999505, -3.414202154169999837, 4.923484807610000402 ) ) ;
#8384 = CARTESIAN_POINT ( 'NONE',  ( -17.09244412560000015, 2.846731494720000200, 24.19518986109999759 ) ) ;
#8385 = CYLINDRICAL_SURFACE ( 'NONE', #3365, 1.299999999999999156 ) ;
#8386 = B_SPLINE_CURVE_WITH_KNOTS ( 'NONE', 5,
 ( #1012, #4287, #3641, #3693, #1793, #6259 ),
 .UNSPECIFIED., .F., .F.,
 ( 6, 6 ),
 ( 0.000000000000000000, 1.000000000000000000 ),
 .UNSPECIFIED. ) ;
#8387 = CARTESIAN_POINT ( 'NONE',  ( -19.28833028690000262, 3.986824587330000558, 5.190634410030000367 ) ) ;
#8388 = ORIENTED_EDGE ( 'NONE', *, *, #1231, .T. ) ;
#8389 = CARTESIAN_POINT ( 'NONE',  ( -15.54943204090000108, 0.8152059753220000093, 27.77719277310000123 ) ) ;
#8390 = CARTESIAN_POINT ( 'NONE',  ( -24.82457127629999860, 3.619369160959999832, 17.98163142410000148 ) ) ;
#8391 = CARTESIAN_POINT ( 'NONE',  ( 2.616326449169999790, -4.596827118849999394, 23.76976302599999968 ) ) ;
#8392 = B_SPLINE_SURFACE_WITH_KNOTS ( 'NONE', 5, 5, ( 
 ( #2250, #6803, #6854, #1519, #3586, #4884 ),
 ( #8090, #4188, #6762, #2776, #867, #912 ),
 ( #6199, #316, #2945, #1431, #4060, #6676 ),
 ( #3414, #160, #6894, #6246, #492, #6335 ),
 ( #4971, #5063, #4406, #2474, #1000, #5102 ),
 ( #2301, #5013, #7665, #7575, #5657, #8256 ) ),
 .UNSPECIFIED., .F., .F., .F.,
 ( 6, 6 ),
 ( 6, 6 ),
 ( 0.1187805157810000040, 0.7444590405550000067 ),
 ( 0.000000000000000000, 0.5502331499609999232 ),
 .UNSPECIFIED. ) ;
#8393 = CARTESIAN_POINT ( 'NONE',  ( 2.679889449109229993, -2.846933430040371693, 5.765985658129655356 ) ) ;
#8394 = CARTESIAN_POINT ( 'NONE',  ( -16.63538338607422418, 2.340406667386678574, 24.29809218404212601 ) ) ;
#8395 = CARTESIAN_POINT ( 'NONE',  ( -16.71720282529999935, -19.76544693559999999, 4.421665396049999863 ) ) ;
#8396 = CARTESIAN_POINT ( 'NONE',  ( -17.16323451389999732, 2.427683721889999813, 24.19415270339999680 ) ) ;
#8397 = CARTESIAN_POINT ( 'NONE',  ( -17.44599273129999517, 3.720885763090000076, 24.12519047549999840 ) ) ;
#8398 = B_SPLINE_CURVE_WITH_KNOTS ( 'NONE', 5,
 ( #3710, #3620, #1640, #6236, #1036, #3751 ),
 .UNSPECIFIED., .F., .F.,
 ( 6, 6 ),
 ( 0.000000000000000000, 1.000000000000000000 ),
 .UNSPECIFIED. ) ;
#8399 = CARTESIAN_POINT ( 'NONE',  ( -24.54667567850000154, -21.29866283059999787, 17.96538653789999884 ) ) ;
#8400 = DIRECTION ( 'NONE',  ( 6.123233995739999133E-17, 1.000000000000000000, 1.301554129509999901E-15 ) ) ;
#8401 = CARTESIAN_POINT ( 'NONE',  ( -16.64159487860374043, 3.617357400280827751, 4.349760623137228777 ) ) ;
#8402 = EDGE_CURVE ( 'NONE', #6050, #7779, #5178, .T. ) ;
#8403 = LINE ( 'NONE', #5207, #2137 ) ;
#8404 = CARTESIAN_POINT ( 'NONE',  ( -19.11505921400000219, 4.150619180559999677, 5.175462733089999823 ) ) ;
#8405 = CARTESIAN_POINT ( 'NONE',  ( 2.590735491140000235, -3.385927820690000090, 5.232156508569999254 ) ) ;
#8406 = CARTESIAN_POINT ( 'NONE',  ( -17.39131236700000116, -19.21972926169999951, 4.677168447449999711 ) ) ;
#8407 = ORIENTED_EDGE ( 'NONE', *, *, #7974, .T. ) ;
#8408 = CARTESIAN_POINT ( 'NONE',  ( 2.572245699280000242, -13.90898507019999819, 4.980625021469999858 ) ) ;
#8409 = EDGE_CURVE ( 'NONE', #4999, #1201, #2723, .T. ) ;
#8410 = CARTESIAN_POINT ( 'NONE',  ( -19.04252749133180345, -18.48479467080377958, 24.02222073298323934 ) ) ;
#8411 = CARTESIAN_POINT ( 'NONE',  ( -8.961214298030000691, -18.21003167950000190, 20.81728871450000184 ) ) ;
#8412 = CARTESIAN_POINT ( 'NONE',  ( 2.352716793379999505, -14.25538718730000021, 23.67651124390000206 ) ) ;
#8413 = CARTESIAN_POINT ( 'NONE',  ( 2.728144346888338845, -16.95010249338968222, 20.70949114373866706 ) ) ;
#8414 = DIRECTION ( 'NONE',  ( -0.7068913131452714271, -0.02468518860210948060, 0.7068913020142716386 ) ) ;
#8415 = CARTESIAN_POINT ( 'NONE',  ( -28.44380781630000143, 3.280070490809592343, 8.407104806429998689 ) ) ;
#8416 = B_SPLINE_CURVE_WITH_KNOTS ( 'NONE', 5,
 ( #6937, #7663, #1088, #8211, #1781, #5698 ),
 .UNSPECIFIED., .F., .F.,
 ( 6, 6 ),
 ( -3.857684788779999874, -3.232005407689999998 ),
 .UNSPECIFIED. ) ;
#8417 = EDGE_CURVE ( 'NONE', #2669, #4522, #6514, .T. ) ;
#8418 = ORIENTED_EDGE ( 'NONE', *, *, #7018, .T. ) ;
#8419 = ORIENTED_EDGE ( 'NONE', *, *, #2283, .T. ) ;
#8420 = CARTESIAN_POINT ( 'NONE',  ( 2.708430729068121767, -17.14054232550794055, 8.082143145299413689 ) ) ;
#8421 = ORIENTED_EDGE ( 'NONE', *, *, #6788, .F. ) ;
#8422 = DIRECTION ( 'NONE',  ( 1.000000000000000000, 0.000000000000000000, 0.000000000000000000 ) ) ;
#8423 = DIRECTION ( 'NONE',  ( -0.7745966692411312415, -8.326672684691410414E-17, 0.6324555320341072040 ) ) ;
#8424 = EDGE_LOOP ( 'NONE', ( #8038, #225 ) ) ;
#8425 = CARTESIAN_POINT ( 'NONE',  ( -8.799189175469999569, -2.119062412510000382, 23.41237044029999836 ) ) ;
#8426 = CARTESIAN_POINT ( 'NONE',  ( -28.32589842179999806, 3.389575904309999999, 8.133561258600000343 ) ) ;
#8427 = CARTESIAN_POINT ( 'NONE',  ( -15.63893532420000021, -8.834794670739999134, -0.5807631586870000140 ) ) ;
#8428 = CARTESIAN_POINT ( 'NONE',  ( -17.49767269410000026, 2.514265829180000189, 4.439974655190000341 ) ) ;
#8429 = ORIENTED_EDGE ( 'NONE', *, *, #665, .F. ) ;
#8430 = EDGE_CURVE ( 'NONE', #4193, #232, #1480, .T. ) ;
#8431 = ORIENTED_EDGE ( 'NONE', *, *, #4925, .F. ) ;
#8432 = CARTESIAN_POINT ( 'NONE',  ( -20.81302413699999931, 4.231865252960000490, 6.023646874429999798 ) ) ;
#8433 = VERTEX_POINT ( 'NONE', #6708 ) ;
#8434 = CARTESIAN_POINT ( 'NONE',  ( -17.75189218190000062, -20.04312202820000266, 4.618866357799999989 ) ) ;
#8435 = FACE_OUTER_BOUND ( 'NONE', #5624, .T. ) ;
#8436 = CARTESIAN_POINT ( 'NONE',  ( 2.619375706120000036, -13.92212766970000004, 23.51888245569999825 ) ) ;
#8437 = FACE_OUTER_BOUND ( 'NONE', #1928, .T. ) ;
#8438 = CARTESIAN_POINT ( 'NONE',  ( -21.18893532420000270, -21.11610045810000003, 4.568874989610000270 ) ) ;
#8439 = CONICAL_SURFACE ( 'NONE', #6099, 0.4086638550149991889, 0.7853981633970000820 ) ;
#8440 = EDGE_CURVE ( 'NONE', #4915, #5087, #659, .T. ) ;
#8441 = CARTESIAN_POINT ( 'NONE',  ( -17.44224086849999722, 3.577348572030000007, 4.438037535919999499 ) ) ;
#8442 = VERTEX_POINT ( 'NONE', #4696 ) ;
#8443 = CARTESIAN_POINT ( 'NONE',  ( -7.473631354989999309, 0.5690889678359999371, 8.747665079020000789 ) ) ;
#8444 = AXIS2_PLACEMENT_3D ( 'NONE', #7107, #2503, #1904 ) ;
#8445 = EDGE_LOOP ( 'NONE', ( #8157, #7421, #7589, #7193 ) ) ;
#8446 = CARTESIAN_POINT ( 'NONE',  ( -8.799189362029999018, -16.74884699099999708, 22.21405034609999873 ) ) ;
#8447 = CYLINDRICAL_SURFACE ( 'NONE', #8039, 0.2999999999999989897 ) ;
#8448 = CARTESIAN_POINT ( 'NONE',  ( -17.16998511510000114, 3.687877746080002073, 4.441978855729999509 ) ) ;
#8449 = EDGE_LOOP ( 'NONE', ( #4677, #6133, #2031, #2869 ) ) ;
#8450 = DIRECTION ( 'NONE',  ( 0.000000000000000000, -3.654218013439999957E-15, 1.000000000000000000 ) ) ;
#8451 = CONICAL_SURFACE ( 'NONE', #2825, 8.500000000000001776, 0.7853981633970000820 ) ;
#8452 = CARTESIAN_POINT ( 'NONE',  ( -19.26449166119999745, 4.136676457890000158, 5.249203122609999994 ) ) ;
#8453 = CARTESIAN_POINT ( 'NONE',  ( -12.84683463080000010, 0.6652053292599999779, 23.29999802580000079 ) ) ;
#8454 = CARTESIAN_POINT ( 'NONE',  ( 2.598839341799999758, -5.460169947759999864, 4.799998025759999898 ) ) ;
#8455 = ORIENTED_EDGE ( 'NONE', *, *, #5656, .F. ) ;
#8456 = APPROVAL_ROLE ( '' ) ;
#8457 = B_SPLINE_CURVE_WITH_KNOTS ( 'NONE', 4,
 ( #472, #4996, #4299, #6317, #7600 ),
 .UNSPECIFIED., .F., .F.,
 ( 5, 5 ),
 ( -3.699762161580000264, 0.000000000000000000 ),
 .UNSPECIFIED. ) ;
#8458 = ORIENTED_EDGE ( 'NONE', *, *, #3763, .F. ) ;
#8459 = ADVANCED_FACE ( 'NONE', ( #7313 ), #1608, .F. ) ;
#8460 = AXIS2_PLACEMENT_3D ( 'NONE', #4135, #7915, #151 ) ;
#8461 = LINE ( 'NONE', #5993, #6422 ) ;
#8462 = AXIS2_PLACEMENT_3D ( 'NONE', #245, #4890, #4192 ) ;
#8463 = CARTESIAN_POINT ( 'NONE',  ( -18.42660441259999970, 4.242120932969999814, 23.72293828150000294 ) ) ;
#8464 = DIRECTION ( 'NONE',  ( -0.4999999999998745448, -0.6123724356958455406, 0.6123724356958459847 ) ) ;
#8465 = B_SPLINE_SURFACE_WITH_KNOTS ( 'NONE', 5, 5, ( 
 ( #1287, #569, #1810, #687, #6416, #5853 ),
 ( #5266, #7185, #5175, #8381, #1903, #3197 ),
 ( #5134, #7784, #7147, #1204, #7870, #1852 ),
 ( #4481, #3840, #5226, #1247, #1161, #3883 ),
 ( #3927, #6501, #606, #8478, #1334, #7828 ),
 ( #1943, #5935, #6543, #652, #3152, #3280 ) ),
 .UNSPECIFIED., .F., .F., .F.,
 ( 6, 6 ),
 ( 6, 6 ),
 ( 9.884407766329999845, 12.92455803500000044 ),
 ( 0.000000000000000000, 0.8478730133449999817 ),
 .UNSPECIFIED. ) ;
#8466 = UNCERTAINTY_MEASURE_WITH_UNIT (LENGTH_MEASURE( 1.000000000000000082E-05 ), #6396, 'distance_accuracy_value', 'NONE');
#8467 = CARTESIAN_POINT ( 'NONE',  ( 2.454871985309999616, -14.12105150650000063, 23.67221015450000365 ) ) ;
#8468 = CARTESIAN_POINT ( 'NONE',  ( 2.903833330909999955, -10.16914257319999848, 23.79999802580000079 ) ) ;
#8469 = CYLINDRICAL_SURFACE ( 'NONE', #4883, 0.2999999999999989897 ) ;
#8470 = CARTESIAN_POINT ( 'NONE',  ( -6.909210523850000563, -3.554092987589999808, 4.830840145689999865 ) ) ;
#8471 = VECTOR ( 'NONE', #1936, 1000.000000000000114 ) ;
#8472 = CARTESIAN_POINT ( 'NONE',  ( -17.72765868560000158, -19.25960779210000240, 4.588958946480000023 ) ) ;
#8473 = EDGE_LOOP ( 'NONE', ( #4629, #5802, #596, #5945 ) ) ;
#8474 = B_SPLINE_SURFACE_WITH_KNOTS ( 'NONE', 5, 5, ( 
 ( #2644, #5278, #3325, #4663, #5781, #2000 ),
 ( #7280, #4014, #8391, #2512, #5145, #4791 ),
 ( #817, #4834, #3535, #6151, #271, #4099 ),
 ( #4701, #7397, #3449, #5439, #6792, #2892 ),
 ( #8082, #5520, #6028, #2243, #4179, #6063 ),
 ( #6105, #6669, #4051, #3407, #188, #1553 ),
 ( #1512, #5480, #2805, #8040, #7478, #2770 ),
 ( #8120, #2079, #1424, #903, #4140, #6753 ),
 ( #230, #2205, #4874, #7317, #1595, #2164 ) ),
 .UNSPECIFIED., .F., .F., .F.,
 ( 6, 3, 6 ),
 ( 6, 6 ),
 ( 1.435630568280000139E-15, 3.642768992650000204, 10.17411775490000103 ),
 ( 0.000000000000000000, 0.5542051373249999857 ),
 .UNSPECIFIED. ) ;
#8475 = VERTEX_POINT ( 'NONE', #2977 ) ;
#8476 = CARTESIAN_POINT ( 'NONE',  ( -18.36183794170000283, 1.268591592409999969, 24.11544729040000234 ) ) ;
#8477 = CARTESIAN_POINT ( 'NONE',  ( -14.76507131800000039, -21.98479467070000126, 14.29999802579999901 ) ) ;
#8478 = CARTESIAN_POINT ( 'NONE',  ( -6.909556356360000429, -14.11550155819999830, 23.76915551200000110 ) ) ;
#8479 = AXIS2_PLACEMENT_3D ( 'NONE', #6220, #2365, #2271 ) ;
#8480 = CARTESIAN_POINT ( 'NONE',  ( -24.88141401470000247, 3.617384168790000132, 5.051398444380000186 ) ) ;
#8481 = CARTESIAN_POINT ( 'NONE',  ( -28.35400197739999939, 3.297060900680000017, 8.110700869760000487 ) ) ;
#8482 = CARTESIAN_POINT ( 'NONE',  ( -12.56065347590000059, 0.2651846153970000008, 23.79976952710000049 ) ) ;
#8483 = CARTESIAN_POINT ( 'NONE',  ( -6.423012038758553643, 0.8152053292530014872, 12.57654294993386834 ) ) ;
#8484 = B_SPLINE_CURVE_WITH_KNOTS ( 'NONE', 5,
 ( #6981, #485, #8249, #530, #1081, #7023 ),
 .UNSPECIFIED., .F., .F.,
 ( 6, 6 ),
 ( 0.000000000000000000, 1.000000000000000000 ),
 .UNSPECIFIED. ) ;
#8485 = ORIENTED_EDGE ( 'NONE', *, *, #6338, .F. ) ;
#8486 = CARTESIAN_POINT ( 'NONE',  ( -19.40406986030000169, 3.808657241130000148, 4.944920691820000158 ) ) ;
#8487 = ORIENTED_EDGE ( 'NONE', *, *, #4164, .T. ) ;
#8488 = DIRECTION ( 'NONE',  ( 1.000000000000000000, -6.505213875477730609E-17, 0.000000000000000000 ) ) ;
#8489 = CARTESIAN_POINT ( 'NONE',  ( 2.523998032629999777, -18.08790679250000011, 8.936215643080000604 ) ) ;
#8490 = CARTESIAN_POINT ( 'NONE',  ( -21.18893532420000270, 3.615205329249999711, 4.699998025760000253 ) ) ;
#8491 = CARTESIAN_POINT ( 'NONE',  ( 3.006714742069999780, -12.38837555529999968, 5.066121778980000379 ) ) ;
#8492 = CARTESIAN_POINT ( 'NONE',  ( 2.186363037680000065, -13.80134246289999922, 4.799998025759999898 ) ) ;
ENDSEC;
END-ISO-10303-21;
